Loaded 765 sampled pairs
[1/765] Lidarr-Lidarr.git@b8121759 frontend/src/Artist/Index/Table/ArtistIndexRow.tsx (ok=1 skipped_too_large=0 timed_out=0 panicked=0 failed_to_read=0)
[2/765] OpenHands-OpenHands.git@5367bef4 frontend/__tests__/conversation-websocket-handler.test.tsx (ok=2 skipped_too_large=0 timed_out=0 panicked=0 failed_to_read=0)
[3/765] OpenHands-OpenHands.git@5367bef4 frontend/src/contexts/conversation-websocket-context.tsx (ok=3 skipped_too_large=0 timed_out=0 panicked=0 failed_to_read=0)
[4/765] OpenHands-OpenHands.git@dcc82173 frontend/src/components/features/settings/api-keys-manager.tsx (ok=4 skipped_too_large=0 timed_out=0 panicked=0 failed_to_read=0)
[5/765] OpenHands-OpenHands.git@f93e3254 frontend/__tests__/components/features/chat/plan-preview.test.tsx (ok=5 skipped_too_large=0 timed_out=0 panicked=0 failed_to_read=0)
[6/765] OpenHands-OpenHands.git@f93e3254 frontend/src/components/features/chat/chat-interface.tsx (ok=6 skipped_too_large=0 timed_out=0 panicked=0 failed_to_read=0)
[7/765] Radarr-Radarr.git@4c007291 frontend/src/Settings/MediaManagement/Naming/NamingModal.tsx (ok=7 skipped_too_large=0 timed_out=0 panicked=0 failed_to_read=0)
[8/765] Radarr-Radarr.git@576eff18 frontend/src/Movie/Index/Posters/MovieIndexPoster.tsx (ok=8 skipped_too_large=0 timed_out=0 panicked=0 failed_to_read=0)
[9/765] Radarr-Radarr.git@81bbaf89 frontend/src/Activity/Queue/Queue.tsx (ok=9 skipped_too_large=0 timed_out=0 panicked=0 failed_to_read=0)
[10/765] Radarr-Radarr.git@81bbaf89 frontend/src/Movie/Index/MovieIndex.tsx (ok=10 skipped_too_large=0 timed_out=0 panicked=0 failed_to_read=0)
[11/765] Radarr-Radarr.git@abf3fc45 frontend/src/Movie/Index/Posters/MovieIndexPoster.tsx (ok=11 skipped_too_large=0 timed_out=0 panicked=0 failed_to_read=0)
[12/765] Radarr-Radarr.git@ef9836d7 frontend/src/Wanted/CutoffUnmet/CutoffUnmet.tsx (ok=12 skipped_too_large=0 timed_out=0 panicked=0 failed_to_read=0)
[13/765] Radarr-Radarr.git@ef9836d7 frontend/src/Wanted/Missing/Missing.tsx (ok=13 skipped_too_large=0 timed_out=0 panicked=0 failed_to_read=0)
[14/765] Radarr-Radarr.git@f28691e4 frontend/src/Settings/MediaManagement/Naming/NamingModal.tsx (ok=14 skipped_too_large=0 timed_out=0 panicked=0 failed_to_read=0)
[15/765] Sonarr-Sonarr.git@21ca65a0 frontend/src/Settings/Profiles/Quality/EditQualityProfileModalContent.tsx (ok=15 skipped_too_large=0 timed_out=0 panicked=0 failed_to_read=0)
[16/765] Sonarr-Sonarr.git@276e67b5 frontend/src/Series/Details/SeriesDetails.tsx (ok=16 skipped_too_large=0 timed_out=0 panicked=0 failed_to_read=0)
[17/765] Sonarr-Sonarr.git@276e67b5 frontend/src/Series/Index/Table/SeriesIndexRow.tsx (ok=17 skipped_too_large=0 timed_out=0 panicked=0 failed_to_read=0)
[18/765] Sonarr-Sonarr.git@2d071eca frontend/src/Activity/Queue/Queue.tsx (ok=18 skipped_too_large=0 timed_out=0 panicked=0 failed_to_read=0)
[19/765] Sonarr-Sonarr.git@399ca166 frontend/src/InteractiveImport/Interactive/InteractiveImportModalContent.tsx (ok=19 skipped_too_large=0 timed_out=0 panicked=0 failed_to_read=0)
[20/765] Sonarr-Sonarr.git@52ce33a9 frontend/src/InteractiveImport/Interactive/InteractiveImportModalContent.tsx (ok=20 skipped_too_large=0 timed_out=0 panicked=0 failed_to_read=0)
[21/765] Sonarr-Sonarr.git@54dafdb8 frontend/src/Series/Index/SeriesIndex.tsx (ok=21 skipped_too_large=0 timed_out=0 panicked=0 failed_to_read=0)
[22/765] Sonarr-Sonarr.git@5d29c16b frontend/src/InteractiveSearch/InteractiveSearchRow.tsx (ok=22 skipped_too_large=0 timed_out=0 panicked=0 failed_to_read=0)
[23/765] Sonarr-Sonarr.git@677c588a frontend/src/Settings/MediaManagement/MediaManagement.tsx (ok=23 skipped_too_large=0 timed_out=0 panicked=0 failed_to_read=0)
[24/765] Sonarr-Sonarr.git@677c588a frontend/src/Settings/MediaManagement/Naming/Naming.tsx (ok=24 skipped_too_large=0 timed_out=0 panicked=0 failed_to_read=0)
[25/765] Sonarr-Sonarr.git@677c588a frontend/src/Settings/MediaManagement/Naming/NamingModal.tsx (ok=25 skipped_too_large=0 timed_out=0 panicked=0 failed_to_read=0)
[26/765] Sonarr-Sonarr.git@74e6ce43 frontend/src/Activity/Queue/QueueRow.tsx (ok=26 skipped_too_large=0 timed_out=0 panicked=0 failed_to_read=0)
[27/765] Sonarr-Sonarr.git@74e6ce43 frontend/src/InteractiveSearch/InteractiveSearchRow.tsx (ok=27 skipped_too_large=0 timed_out=0 panicked=0 failed_to_read=0)
[28/765] Sonarr-Sonarr.git@7e702380 frontend/src/Settings/ImportLists/ImportLists/EditImportListModalContent.tsx (ok=28 skipped_too_large=0 timed_out=0 panicked=0 failed_to_read=0)
[29/765] Sonarr-Sonarr.git@7e702380 frontend/src/Settings/MediaManagement/MediaManagement.tsx (ok=29 skipped_too_large=0 timed_out=0 panicked=0 failed_to_read=0)
[30/765] Sonarr-Sonarr.git@7e702380 frontend/src/Settings/MediaManagement/Naming/Naming.tsx (ok=30 skipped_too_large=0 timed_out=0 panicked=0 failed_to_read=0)
[31/765] Sonarr-Sonarr.git@ae13ce4a frontend/src/Components/Page/Header/SeriesSearchInput.tsx (ok=31 skipped_too_large=0 timed_out=0 panicked=0 failed_to_read=0)
[32/765] Sonarr-Sonarr.git@bbb4c671 frontend/src/Settings/MediaManagement/MediaManagement.tsx (ok=32 skipped_too_large=0 timed_out=0 panicked=0 failed_to_read=0)
[33/765] Sonarr-Sonarr.git@cf593b1f frontend/src/Components/SignalRListener.tsx (ok=33 skipped_too_large=0 timed_out=0 panicked=0 failed_to_read=0)
[34/765] Sonarr-Sonarr.git@e8020b72 frontend/src/Series/Index/SeriesIndex.tsx (ok=34 skipped_too_large=0 timed_out=0 panicked=0 failed_to_read=0)
[35/765] apache-superset.git@7f280f5d superset-frontend/src/components/Datasource/FoldersEditor/FoldersEditor.test.tsx (ok=35 skipped_too_large=0 timed_out=0 panicked=0 failed_to_read=0)
[36/765] apache-superset.git@7f280f5d superset-frontend/src/components/Datasource/FoldersEditor/index.tsx (ok=36 skipped_too_large=0 timed_out=0 panicked=0 failed_to_read=0)
[37/765] excalidraw-excalidraw.git@019ce4c5 packages/excalidraw/components/LayerUI.tsx (ok=37 skipped_too_large=0 timed_out=0 panicked=0 failed_to_read=0)
[38/765] excalidraw-excalidraw.git@063533ae packages/excalidraw/components/Actions.tsx (ok=37 skipped_too_large=1 timed_out=0 panicked=0 failed_to_read=0)
[39/765] excalidraw-excalidraw.git@063533ae packages/excalidraw/components/ColorPicker/ColorPicker.tsx (ok=38 skipped_too_large=1 timed_out=0 panicked=0 failed_to_read=0)
[40/765] excalidraw-excalidraw.git@063533ae packages/excalidraw/components/FontPicker/FontPickerList.tsx (ok=39 skipped_too_large=1 timed_out=0 panicked=0 failed_to_read=0)
[41/765] excalidraw-excalidraw.git@063533ae packages/excalidraw/components/MobileToolBar.tsx (ok=40 skipped_too_large=1 timed_out=0 panicked=0 failed_to_read=0)
[42/765] excalidraw-excalidraw.git@063533ae packages/excalidraw/components/icons.tsx (ok=40 skipped_too_large=2 timed_out=0 panicked=0 failed_to_read=0)
[43/765] excalidraw-excalidraw.git@063533ae packages/excalidraw/components/main-menu/DefaultItems.tsx (ok=41 skipped_too_large=2 timed_out=0 panicked=0 failed_to_read=0)
[44/765] excalidraw-excalidraw.git@063533ae packages/excalidraw/wysiwyg/textWysiwyg.test.tsx (ok=41 skipped_too_large=3 timed_out=0 panicked=0 failed_to_read=0)
[45/765] excalidraw-excalidraw.git@24a69418 packages/excalidraw/tests/library.test.tsx (ok=42 skipped_too_large=3 timed_out=0 panicked=0 failed_to_read=0)
[46/765] excalidraw-excalidraw.git@28691e14 packages/excalidraw/wysiwyg/textWysiwyg.tsx (ok=43 skipped_too_large=3 timed_out=0 panicked=0 failed_to_read=0)
[47/765] excalidraw-excalidraw.git@3a5ef402 packages/excalidraw/components/icons.tsx (ok=43 skipped_too_large=4 timed_out=0 panicked=0 failed_to_read=0)
[48/765] excalidraw-excalidraw.git@3a5ef402 packages/excalidraw/components/main-menu/DefaultItems.tsx (ok=44 skipped_too_large=4 timed_out=0 panicked=0 failed_to_read=0)
[49/765] excalidraw-excalidraw.git@3b97f5a1 excalidraw-app/components/DebugCanvas.tsx (ok=45 skipped_too_large=4 timed_out=0 panicked=0 failed_to_read=0)
[50/765] excalidraw-excalidraw.git@47cbb5b6 excalidraw-app/App.tsx (ok=46 skipped_too_large=4 timed_out=0 panicked=0 failed_to_read=0)
[51/765] excalidraw-excalidraw.git@47cbb5b6 packages/excalidraw/actions/actionCanvas.tsx (ok=47 skipped_too_large=4 timed_out=0 panicked=0 failed_to_read=0)
[52/765] excalidraw-excalidraw.git@47cbb5b6 packages/excalidraw/actions/actionDeleteSelected.tsx (ok=48 skipped_too_large=4 timed_out=0 panicked=0 failed_to_read=0)
[53/765] excalidraw-excalidraw.git@47cbb5b6 packages/excalidraw/actions/actionProperties.tsx (ok=48 skipped_too_large=5 timed_out=0 panicked=0 failed_to_read=0)
[54/765] excalidraw-excalidraw.git@47cbb5b6 packages/excalidraw/components/Actions.tsx (ok=48 skipped_too_large=6 timed_out=0 panicked=0 failed_to_read=0)
[55/765] excalidraw-excalidraw.git@47cbb5b6 packages/excalidraw/components/ColorPicker/ColorPicker.tsx (ok=49 skipped_too_large=6 timed_out=0 panicked=0 failed_to_read=0)
[56/765] excalidraw-excalidraw.git@47cbb5b6 packages/excalidraw/components/CommandPalette/CommandPalette.tsx (ok=50 skipped_too_large=6 timed_out=0 panicked=0 failed_to_read=0)
[57/765] excalidraw-excalidraw.git@47cbb5b6 packages/excalidraw/components/FontPicker/FontPickerList.tsx (ok=51 skipped_too_large=6 timed_out=0 panicked=0 failed_to_read=0)
[58/765] excalidraw-excalidraw.git@47cbb5b6 packages/excalidraw/components/LayerUI.tsx (ok=52 skipped_too_large=6 timed_out=0 panicked=0 failed_to_read=0)
[59/765] excalidraw-excalidraw.git@47cbb5b6 packages/excalidraw/components/LibraryMenuItems.tsx (ok=53 skipped_too_large=6 timed_out=0 panicked=0 failed_to_read=0)
[60/765] excalidraw-excalidraw.git@47cbb5b6 packages/excalidraw/components/hyperlink/Hyperlink.tsx (ok=54 skipped_too_large=6 timed_out=0 panicked=0 failed_to_read=0)
[61/765] excalidraw-excalidraw.git@47cbb5b6 packages/excalidraw/tests/regressionTests.test.tsx (ok=54 skipped_too_large=7 timed_out=0 panicked=0 failed_to_read=0)
[62/765] excalidraw-excalidraw.git@47cbb5b6 packages/excalidraw/wysiwyg/textWysiwyg.test.tsx (ok=54 skipped_too_large=8 timed_out=0 panicked=0 failed_to_read=0)
[63/765] excalidraw-excalidraw.git@5bcd8280 excalidraw-app/App.tsx (ok=55 skipped_too_large=8 timed_out=0 panicked=0 failed_to_read=0)
[64/765] excalidraw-excalidraw.git@5bcd8280 packages/excalidraw/components/LayerUI.tsx (ok=56 skipped_too_large=8 timed_out=0 panicked=0 failed_to_read=0)
[65/765] excalidraw-excalidraw.git@5bcd8280 packages/excalidraw/components/icons.tsx (ok=56 skipped_too_large=9 timed_out=0 panicked=0 failed_to_read=0)
[66/765] excalidraw-excalidraw.git@5fffc474 packages/excalidraw/components/Actions.tsx (ok=56 skipped_too_large=10 timed_out=0 panicked=0 failed_to_read=0)
[67/765] excalidraw-excalidraw.git@5fffc474 packages/excalidraw/components/ColorPicker/ColorPicker.tsx (ok=57 skipped_too_large=10 timed_out=0 panicked=0 failed_to_read=0)
[68/765] excalidraw-excalidraw.git@5fffc474 packages/excalidraw/components/CommandPalette/CommandPalette.tsx (ok=58 skipped_too_large=10 timed_out=0 panicked=0 failed_to_read=0)
[69/765] excalidraw-excalidraw.git@5fffc474 packages/excalidraw/components/MobileToolBar.tsx (ok=59 skipped_too_large=10 timed_out=0 panicked=0 failed_to_read=0)
[70/765] excalidraw-excalidraw.git@60b27588 packages/excalidraw/actions/actionCanvas.tsx (ok=60 skipped_too_large=10 timed_out=0 panicked=0 failed_to_read=0)
[71/765] excalidraw-excalidraw.git@60b27588 packages/excalidraw/components/LayerUI.tsx (ok=61 skipped_too_large=10 timed_out=0 panicked=0 failed_to_read=0)
[72/765] excalidraw-excalidraw.git@63e11482 packages/excalidraw/components/ColorPicker/ColorPicker.tsx (ok=62 skipped_too_large=10 timed_out=0 panicked=0 failed_to_read=0)
[73/765] excalidraw-excalidraw.git@63e11482 packages/excalidraw/components/ImageExportDialog.tsx (ok=63 skipped_too_large=10 timed_out=0 panicked=0 failed_to_read=0)
[74/765] excalidraw-excalidraw.git@63e11482 packages/excalidraw/wysiwyg/textWysiwyg.tsx (ok=64 skipped_too_large=10 timed_out=0 panicked=0 failed_to_read=0)
[75/765] excalidraw-excalidraw.git@6a891365 packages/excalidraw/actions/actionFinalize.tsx (ok=65 skipped_too_large=10 timed_out=0 panicked=0 failed_to_read=0)
[76/765] excalidraw-excalidraw.git@6c908553 excalidraw-app/App.tsx (ok=66 skipped_too_large=10 timed_out=0 panicked=0 failed_to_read=0)
[77/765] excalidraw-excalidraw.git@6c908553 excalidraw-app/collab/Collab.tsx (ok=67 skipped_too_large=10 timed_out=0 panicked=0 failed_to_read=0)
[78/765] excalidraw-excalidraw.git@6ebf5227 packages/excalidraw/actions/actionFinalize.tsx (ok=68 skipped_too_large=10 timed_out=0 panicked=0 failed_to_read=0)
[79/765] excalidraw-excalidraw.git@7da176ff packages/element/tests/binding.test.tsx (ok=69 skipped_too_large=10 timed_out=0 panicked=0 failed_to_read=0)
[80/765] excalidraw-excalidraw.git@8013eb5e packages/excalidraw/actions/actionCanvas.tsx (ok=70 skipped_too_large=10 timed_out=0 panicked=0 failed_to_read=0)
[81/765] excalidraw-excalidraw.git@8013eb5e packages/excalidraw/actions/actionProperties.tsx (ok=70 skipped_too_large=11 timed_out=0 panicked=0 failed_to_read=0)
[82/765] excalidraw-excalidraw.git@8013eb5e packages/excalidraw/components/CommandPalette/CommandPalette.tsx (ok=71 skipped_too_large=11 timed_out=0 panicked=0 failed_to_read=0)
[83/765] excalidraw-excalidraw.git@8013eb5e packages/excalidraw/components/HelpDialog.tsx (ok=72 skipped_too_large=11 timed_out=0 panicked=0 failed_to_read=0)
[84/765] excalidraw-excalidraw.git@83d3943c packages/element/tests/linearElementEditor.test.tsx (ok=72 skipped_too_large=12 timed_out=0 panicked=0 failed_to_read=0)
[85/765] excalidraw-excalidraw.git@83d3943c packages/element/tests/resize.test.tsx (ok=72 skipped_too_large=13 timed_out=0 panicked=0 failed_to_read=0)
[86/765] excalidraw-excalidraw.git@859207b8 excalidraw-app/collab/Collab.tsx (ok=73 skipped_too_large=13 timed_out=0 panicked=0 failed_to_read=0)
[87/765] excalidraw-excalidraw.git@89a9badc packages/excalidraw/actions/actionProperties.tsx (ok=73 skipped_too_large=14 timed_out=0 panicked=0 failed_to_read=0)
[88/765] excalidraw-excalidraw.git@8d18078f packages/element/tests/binding.test.tsx (ok=74 skipped_too_large=14 timed_out=0 panicked=0 failed_to_read=0)
[89/765] excalidraw-excalidraw.git@8d18078f packages/excalidraw/tests/regressionTests.test.tsx (ok=74 skipped_too_large=15 timed_out=0 panicked=0 failed_to_read=0)
[90/765] excalidraw-excalidraw.git@8d18078f packages/excalidraw/tests/selection.test.tsx (ok=75 skipped_too_large=15 timed_out=0 panicked=0 failed_to_read=0)
[91/765] excalidraw-excalidraw.git@8d8f6966 packages/excalidraw/actions/actionBoundText.tsx (ok=76 skipped_too_large=15 timed_out=0 panicked=0 failed_to_read=0)
[92/765] excalidraw-excalidraw.git@8fb16669 excalidraw-app/App.tsx (ok=77 skipped_too_large=15 timed_out=0 panicked=0 failed_to_read=0)
[93/765] excalidraw-excalidraw.git@8fb16669 excalidraw-app/components/DebugCanvas.tsx (ok=78 skipped_too_large=15 timed_out=0 panicked=0 failed_to_read=0)
[94/765] excalidraw-excalidraw.git@a0b98a94 packages/excalidraw/components/CommandPalette/CommandPalette.tsx (ok=79 skipped_too_large=15 timed_out=0 panicked=0 failed_to_read=0)
[95/765] excalidraw-excalidraw.git@a0b98a94 packages/excalidraw/components/TTDDialog/TTDDialog.tsx (ok=80 skipped_too_large=15 timed_out=0 panicked=0 failed_to_read=0)
[96/765] excalidraw-excalidraw.git@a0b98a94 packages/excalidraw/components/icons.tsx (ok=80 skipped_too_large=16 timed_out=0 panicked=0 failed_to_read=0)
[97/765] excalidraw-excalidraw.git@a70417f2 packages/element/tests/resize.test.tsx (ok=80 skipped_too_large=17 timed_out=0 panicked=0 failed_to_read=0)
[98/765] excalidraw-excalidraw.git@a70417f2 packages/excalidraw/actions/actionFinalize.tsx (ok=81 skipped_too_large=17 timed_out=0 panicked=0 failed_to_read=0)
[99/765] excalidraw-excalidraw.git@a70417f2 packages/excalidraw/components/Stats/stats.test.tsx (ok=82 skipped_too_large=17 timed_out=0 panicked=0 failed_to_read=0)
[100/765] excalidraw-excalidraw.git@acf54c6f packages/excalidraw/components/Actions.tsx (ok=82 skipped_too_large=18 timed_out=0 panicked=0 failed_to_read=0)
[101/765] excalidraw-excalidraw.git@acf54c6f packages/excalidraw/components/FontPicker/FontPickerList.tsx (ok=83 skipped_too_large=18 timed_out=0 panicked=0 failed_to_read=0)
[102/765] excalidraw-excalidraw.git@b552c607 packages/element/tests/linearElementEditor.test.tsx (ok=83 skipped_too_large=19 timed_out=0 panicked=0 failed_to_read=0)
[103/765] excalidraw-excalidraw.git@b552c607 packages/excalidraw/components/Stats/stats.test.tsx (ok=84 skipped_too_large=19 timed_out=0 panicked=0 failed_to_read=0)
[104/765] excalidraw-excalidraw.git@b9a25540 packages/excalidraw/components/ColorPicker/ColorPicker.tsx (ok=85 skipped_too_large=19 timed_out=0 panicked=0 failed_to_read=0)
[105/765] excalidraw-excalidraw.git@b9a25540 packages/excalidraw/components/PublishLibrary.tsx (ok=86 skipped_too_large=19 timed_out=0 panicked=0 failed_to_read=0)
[106/765] excalidraw-excalidraw.git@b9a25540 packages/excalidraw/components/icons.tsx (ok=86 skipped_too_large=20 timed_out=0 panicked=0 failed_to_read=0)
[107/765] excalidraw-excalidraw.git@b9a25540 packages/excalidraw/wysiwyg/textWysiwyg.test.tsx (ok=86 skipped_too_large=21 timed_out=0 panicked=0 failed_to_read=0)
[108/765] excalidraw-excalidraw.git@bf4c65f4 packages/excalidraw/actions/actionFinalize.tsx (ok=87 skipped_too_large=21 timed_out=0 panicked=0 failed_to_read=0)
[109/765] excalidraw-excalidraw.git@c141960a excalidraw-app/components/DebugCanvas.tsx (ok=88 skipped_too_large=21 timed_out=0 panicked=0 failed_to_read=0)
[110/765] excalidraw-excalidraw.git@c141960a packages/element/tests/binding.test.tsx (ok=88 skipped_too_large=21 timed_out=1 panicked=0 failed_to_read=0)
[111/765] excalidraw-excalidraw.git@c141960a packages/element/tests/duplicate.test.tsx (ok=89 skipped_too_large=21 timed_out=1 panicked=0 failed_to_read=0)
[112/765] excalidraw-excalidraw.git@c141960a packages/element/tests/linearElementEditor.test.tsx (ok=89 skipped_too_large=22 timed_out=1 panicked=0 failed_to_read=0)
[113/765] excalidraw-excalidraw.git@c141960a packages/element/tests/resize.test.tsx (ok=89 skipped_too_large=23 timed_out=1 panicked=0 failed_to_read=0)
[114/765] excalidraw-excalidraw.git@c141960a packages/excalidraw/actions/actionCanvas.tsx (ok=90 skipped_too_large=23 timed_out=1 panicked=0 failed_to_read=0)
[115/765] excalidraw-excalidraw.git@c141960a packages/excalidraw/actions/actionDeleteSelected.tsx (ok=91 skipped_too_large=23 timed_out=1 panicked=0 failed_to_read=0)
[116/765] excalidraw-excalidraw.git@c141960a packages/excalidraw/actions/actionFinalize.tsx (ok=92 skipped_too_large=23 timed_out=1 panicked=0 failed_to_read=0)
[117/765] excalidraw-excalidraw.git@c141960a packages/excalidraw/actions/actionProperties.tsx (ok=92 skipped_too_large=24 timed_out=1 panicked=0 failed_to_read=0)
[118/765] excalidraw-excalidraw.git@c141960a packages/excalidraw/components/CommandPalette/CommandPalette.tsx (ok=93 skipped_too_large=24 timed_out=1 panicked=0 failed_to_read=0)
[119/765] excalidraw-excalidraw.git@c141960a packages/excalidraw/components/ConvertElementTypePopup.tsx (ok=94 skipped_too_large=24 timed_out=1 panicked=0 failed_to_read=0)
[120/765] excalidraw-excalidraw.git@c141960a packages/excalidraw/components/LayerUI.tsx (ok=95 skipped_too_large=24 timed_out=1 panicked=0 failed_to_read=0)
[121/765] excalidraw-excalidraw.git@c141960a packages/excalidraw/components/Stats/MultiDimension.tsx (ok=96 skipped_too_large=24 timed_out=1 panicked=0 failed_to_read=0)
[122/765] excalidraw-excalidraw.git@c141960a packages/excalidraw/components/Stats/index.tsx (ok=97 skipped_too_large=24 timed_out=1 panicked=0 failed_to_read=0)
[123/765] excalidraw-excalidraw.git@c141960a packages/excalidraw/components/Stats/stats.test.tsx (ok=98 skipped_too_large=24 timed_out=1 panicked=0 failed_to_read=0)
[124/765] excalidraw-excalidraw.git@c141960a packages/excalidraw/tests/dragCreate.test.tsx (ok=99 skipped_too_large=24 timed_out=1 panicked=0 failed_to_read=0)
[125/765] excalidraw-excalidraw.git@c141960a packages/excalidraw/tests/lasso.test.tsx (ok=99 skipped_too_large=25 timed_out=1 panicked=0 failed_to_read=0)
[126/765] excalidraw-excalidraw.git@c141960a packages/excalidraw/tests/library.test.tsx (ok=100 skipped_too_large=25 timed_out=1 panicked=0 failed_to_read=0)
[127/765] excalidraw-excalidraw.git@c141960a packages/excalidraw/tests/regressionTests.test.tsx (ok=100 skipped_too_large=26 timed_out=1 panicked=0 failed_to_read=0)
[128/765] excalidraw-excalidraw.git@c141960a packages/excalidraw/tests/selection.test.tsx (ok=101 skipped_too_large=26 timed_out=1 panicked=0 failed_to_read=0)
[129/765] excalidraw-excalidraw.git@c1e00c44 packages/excalidraw/actions/actionProperties.tsx (ok=101 skipped_too_large=27 timed_out=1 panicked=0 failed_to_read=0)
[130/765] excalidraw-excalidraw.git@c1e00c44 packages/excalidraw/components/icons.tsx (ok=101 skipped_too_large=28 timed_out=1 panicked=0 failed_to_read=0)
[131/765] excalidraw-excalidraw.git@c99e8167 excalidraw-app/App.tsx (ok=102 skipped_too_large=28 timed_out=1 panicked=0 failed_to_read=0)
[132/765] excalidraw-excalidraw.git@c99e8167 packages/excalidraw/components/Actions.tsx (ok=102 skipped_too_large=29 timed_out=1 panicked=0 failed_to_read=0)
[133/765] excalidraw-excalidraw.git@c99e8167 packages/excalidraw/components/MobileToolBar.tsx (ok=103 skipped_too_large=29 timed_out=1 panicked=0 failed_to_read=0)
[134/765] excalidraw-excalidraw.git@c99e8167 packages/excalidraw/components/icons.tsx (ok=103 skipped_too_large=30 timed_out=1 panicked=0 failed_to_read=0)
[135/765] excalidraw-excalidraw.git@cc6c29c0 packages/excalidraw/wysiwyg/textWysiwyg.test.tsx (ok=103 skipped_too_large=31 timed_out=1 panicked=0 failed_to_read=0)
[136/765] excalidraw-excalidraw.git@cc6c29c0 packages/excalidraw/wysiwyg/textWysiwyg.tsx (ok=104 skipped_too_large=31 timed_out=1 panicked=0 failed_to_read=0)
[137/765] excalidraw-excalidraw.git@d080833f excalidraw-app/collab/Collab.tsx (ok=105 skipped_too_large=31 timed_out=1 panicked=0 failed_to_read=0)
[138/765] excalidraw-excalidraw.git@d87620b2 packages/element/tests/resize.test.tsx (ok=105 skipped_too_large=32 timed_out=1 panicked=0 failed_to_read=0)
[139/765] excalidraw-excalidraw.git@dfdd994d packages/element/tests/linearElementEditor.test.tsx (ok=105 skipped_too_large=33 timed_out=1 panicked=0 failed_to_read=0)
[140/765] excalidraw-excalidraw.git@e95222ed packages/excalidraw/actions/actionProperties.tsx (ok=105 skipped_too_large=34 timed_out=1 panicked=0 failed_to_read=0)
[141/765] excalidraw-excalidraw.git@eb959128 packages/excalidraw/components/Actions.tsx (ok=105 skipped_too_large=35 timed_out=1 panicked=0 failed_to_read=0)
[142/765] excalidraw-excalidraw.git@eb959128 packages/excalidraw/components/LayerUI.tsx (ok=106 skipped_too_large=35 timed_out=1 panicked=0 failed_to_read=0)
[143/765] excalidraw-excalidraw.git@eb959128 packages/excalidraw/tests/selection.test.tsx (ok=107 skipped_too_large=35 timed_out=1 panicked=0 failed_to_read=0)
[144/765] excalidraw-excalidraw.git@f06484c6 packages/excalidraw/actions/actionFinalize.tsx (ok=108 skipped_too_large=35 timed_out=1 panicked=0 failed_to_read=0)
[145/765] excalidraw-excalidraw.git@f5cf81ce packages/excalidraw/wysiwyg/textWysiwyg.tsx (ok=109 skipped_too_large=35 timed_out=1 panicked=0 failed_to_read=0)
[146/765] grafana-grafana.git@02c930f4 public/app/features/dashboard-scene/scene/DashboardDatasourceBehaviour.test.tsx (ok=109 skipped_too_large=36 timed_out=1 panicked=0 failed_to_read=0)
[147/765] grafana-grafana.git@08f61930 public/app/features/dashboard/dashgrid/DashboardLibrary/TemplateDashboardModal.test.tsx (ok=110 skipped_too_large=36 timed_out=1 panicked=0 failed_to_read=0)
[148/765] grafana-grafana.git@611e97fd public/app/features/dashboard-scene/panel-edit/PanelEditNext/QueryEditor/Header/ContentHeader.tsx (ok=111 skipped_too_large=36 timed_out=1 panicked=0 failed_to_read=0)
[149/765] langflow-ai-langflow.git@0283f5d7 src/frontend/src/components/core/parameterRenderComponent/components/accordionPromptComponent/index.tsx (ok=112 skipped_too_large=36 timed_out=1 panicked=0 failed_to_read=0)
[150/765] langflow-ai-langflow.git@0283f5d7 src/frontend/src/components/core/parameterRenderComponent/components/inputFileComponent/index.tsx (ok=113 skipped_too_large=36 timed_out=1 panicked=0 failed_to_read=0)
[151/765] langflow-ai-langflow.git@0283f5d7 src/frontend/src/components/core/parameterRenderComponent/index.tsx (ok=114 skipped_too_large=36 timed_out=1 panicked=0 failed_to_read=0)
[152/765] langflow-ai-langflow.git@0283f5d7 src/frontend/src/modals/userManagementModal/index.tsx (ok=115 skipped_too_large=36 timed_out=1 panicked=0 failed_to_read=0)
[153/765] langflow-ai-langflow.git@0283f5d7 src/frontend/src/pages/AdminPage/index.tsx (ok=116 skipped_too_large=36 timed_out=1 panicked=0 failed_to_read=0)
[154/765] langflow-ai-langflow.git@0283f5d7 src/frontend/src/pages/FlowPage/components/InspectionPanel/__tests__/InspectionPanelEditField.test.tsx (ok=117 skipped_too_large=36 timed_out=1 panicked=0 failed_to_read=0)
[155/765] langflow-ai-langflow.git@0283f5d7 src/frontend/src/pages/MainPage/pages/homePage/index.tsx (ok=118 skipped_too_large=36 timed_out=1 panicked=0 failed_to_read=0)
[156/765] langflow-ai-langflow.git@126c037a src/frontend/src/pages/FlowPage/components/nodeToolbarComponent/index.tsx (ok=119 skipped_too_large=36 timed_out=1 panicked=0 failed_to_read=0)
[157/765] langflow-ai-langflow.git@126c037a src/frontend/src/pages/FlowPage/index.tsx (ok=120 skipped_too_large=36 timed_out=1 panicked=0 failed_to_read=0)
[158/765] langflow-ai-langflow.git@22607cc0 src/frontend/src/CustomNodes/GenericNode/components/NodeOutputfield/index.tsx (ok=121 skipped_too_large=36 timed_out=1 panicked=0 failed_to_read=0)
[159/765] langflow-ai-langflow.git@22607cc0 src/frontend/src/CustomNodes/GenericNode/index.tsx (ok=122 skipped_too_large=36 timed_out=1 panicked=0 failed_to_read=0)
[160/765] langflow-ai-langflow.git@22607cc0 src/frontend/src/components/core/dropdownComponent/index.tsx (ok=123 skipped_too_large=36 timed_out=1 panicked=0 failed_to_read=0)
[161/765] langflow-ai-langflow.git@22607cc0 src/frontend/src/components/core/parameterRenderComponent/components/TableNodeComponent/index.tsx (ok=124 skipped_too_large=36 timed_out=1 panicked=0 failed_to_read=0)
[162/765] langflow-ai-langflow.git@22607cc0 src/frontend/src/components/core/parameterRenderComponent/components/inputComponent/components/popover/index.tsx (ok=125 skipped_too_large=36 timed_out=1 panicked=0 failed_to_read=0)
[163/765] langflow-ai-langflow.git@22607cc0 src/frontend/src/components/core/parameterRenderComponent/components/modelInputComponent/index.tsx (ok=126 skipped_too_large=36 timed_out=1 panicked=0 failed_to_read=0)
[164/765] langflow-ai-langflow.git@22607cc0 src/frontend/src/components/core/parameterRenderComponent/components/sliderComponent/index.tsx (ok=127 skipped_too_large=36 timed_out=1 panicked=0 failed_to_read=0)
[165/765] langflow-ai-langflow.git@22607cc0 src/frontend/src/components/core/parameterRenderComponent/index.tsx (ok=128 skipped_too_large=36 timed_out=1 panicked=0 failed_to_read=0)
[166/765] langflow-ai-langflow.git@22607cc0 src/frontend/src/pages/FlowPage/components/PageComponent/index.tsx (ok=129 skipped_too_large=36 timed_out=1 panicked=0 failed_to_read=0)
[167/765] langflow-ai-langflow.git@22607cc0 src/frontend/src/pages/FlowPage/components/nodeToolbarComponent/__tests__/minimal-condition.test.tsx (ok=130 skipped_too_large=36 timed_out=1 panicked=0 failed_to_read=0)
[168/765] langflow-ai-langflow.git@22607cc0 src/frontend/src/pages/FlowPage/components/nodeToolbarComponent/index.tsx (ok=131 skipped_too_large=36 timed_out=1 panicked=0 failed_to_read=0)
[169/765] langflow-ai-langflow.git@2a2ab0c1 src/frontend/src/controllers/API/api.tsx (ok=132 skipped_too_large=36 timed_out=1 panicked=0 failed_to_read=0)
[170/765] langflow-ai-langflow.git@2f4b7d6b src/frontend/src/components/core/parameterRenderComponent/index.tsx (ok=133 skipped_too_large=36 timed_out=1 panicked=0 failed_to_read=0)
[171/765] langflow-ai-langflow.git@37a31a0b src/frontend/src/pages/FlowPage/components/flowSidebarComponent/index.tsx (ok=134 skipped_too_large=36 timed_out=1 panicked=0 failed_to_read=0)
[172/765] langflow-ai-langflow.git@39a276d9 src/frontend/src/components/core/folderSidebarComponent/components/sideBarFolderButtons/index.tsx (ok=135 skipped_too_large=36 timed_out=1 panicked=0 failed_to_read=0)
[173/765] langflow-ai-langflow.git@3d11698e src/frontend/src/components/core/parameterRenderComponent/components/inputFileComponent/index.tsx (ok=136 skipped_too_large=36 timed_out=1 panicked=0 failed_to_read=0)
[174/765] langflow-ai-langflow.git@3d11698e src/frontend/src/modals/fileManagerModal/components/dragFilesComponent/index.tsx (ok=137 skipped_too_large=36 timed_out=1 panicked=0 failed_to_read=0)
[175/765] langflow-ai-langflow.git@3d11698e src/frontend/src/modals/fileManagerModal/components/recentFilesComponent/index.tsx (ok=138 skipped_too_large=36 timed_out=1 panicked=0 failed_to_read=0)
[176/765] langflow-ai-langflow.git@4063abdc src/frontend/src/components/core/dropdownComponent/index.tsx (ok=139 skipped_too_large=36 timed_out=1 panicked=0 failed_to_read=0)
[177/765] langflow-ai-langflow.git@4063abdc src/frontend/src/components/core/parameterRenderComponent/components/modelInputComponent/index.tsx (ok=140 skipped_too_large=36 timed_out=1 panicked=0 failed_to_read=0)
[178/765] langflow-ai-langflow.git@50cbcba4 src/frontend/src/modals/userManagementModal/index.tsx (ok=141 skipped_too_large=36 timed_out=1 panicked=0 failed_to_read=0)
[179/765] langflow-ai-langflow.git@50cbcba4 src/frontend/src/pages/AdminPage/index.tsx (ok=142 skipped_too_large=36 timed_out=1 panicked=0 failed_to_read=0)
[180/765] langflow-ai-langflow.git@655aee4c src/frontend/src/components/core/parameterRenderComponent/components/inputFileComponent/index.tsx (ok=143 skipped_too_large=36 timed_out=1 panicked=0 failed_to_read=0)
[181/765] langflow-ai-langflow.git@732cf459 src/frontend/src/components/core/parameterRenderComponent/components/modelInputComponent/index.tsx (ok=144 skipped_too_large=36 timed_out=1 panicked=0 failed_to_read=0)
[182/765] langflow-ai-langflow.git@7c43e4c4 src/frontend/src/CustomNodes/GenericNode/index.tsx (ok=145 skipped_too_large=36 timed_out=1 panicked=0 failed_to_read=0)
[183/765] langflow-ai-langflow.git@7c43e4c4 src/frontend/src/components/core/playgroundComponent/chat-view/chat-messages/components/bot-message.tsx (ok=146 skipped_too_large=36 timed_out=1 panicked=0 failed_to_read=0)
[184/765] langflow-ai-langflow.git@7c43e4c4 src/frontend/src/components/ui/simple-sidebar.tsx (ok=147 skipped_too_large=36 timed_out=1 panicked=0 failed_to_read=0)
[185/765] langflow-ai-langflow.git@7c43e4c4 src/frontend/src/pages/FlowPage/components/PageComponent/index.tsx (ok=148 skipped_too_large=36 timed_out=1 panicked=0 failed_to_read=0)
[186/765] langflow-ai-langflow.git@7c43e4c4 src/frontend/src/pages/FlowPage/index.tsx (ok=149 skipped_too_large=36 timed_out=1 panicked=0 failed_to_read=0)
[187/765] langflow-ai-langflow.git@ae00c031 src/frontend/src/components/core/parameterRenderComponent/components/modelInputComponent/index.tsx (ok=150 skipped_too_large=36 timed_out=1 panicked=0 failed_to_read=0)
[188/765] langflow-ai-langflow.git@ae00c031 src/frontend/src/modals/modelProviderModal/components/ModelProvidersContent.tsx (ok=151 skipped_too_large=36 timed_out=1 panicked=0 failed_to_read=0)
[189/765] langflow-ai-langflow.git@cf4813fe src/frontend/src/pages/FlowPage/components/flowSidebarComponent/index.tsx (ok=152 skipped_too_large=36 timed_out=1 panicked=0 failed_to_read=0)
[190/765] langflow-ai-langflow.git@d602738a src/frontend/src/components/core/dropdownComponent/index.tsx (ok=153 skipped_too_large=36 timed_out=1 panicked=0 failed_to_read=0)
[191/765] langflow-ai-langflow.git@d602738a src/frontend/src/components/core/parameterRenderComponent/components/tableComponent/index.tsx (ok=154 skipped_too_large=36 timed_out=1 panicked=0 failed_to_read=0)
[192/765] langflow-ai-langflow.git@d602738a src/frontend/src/pages/MainPage/pages/filesPage/components/FilesTab.tsx (ok=155 skipped_too_large=36 timed_out=1 panicked=0 failed_to_read=0)
[193/765] langflow-ai-langflow.git@d602738a src/frontend/src/pages/MainPage/pages/knowledgePage/components/KnowledgeBasesTab.tsx (ok=156 skipped_too_large=36 timed_out=1 panicked=0 failed_to_read=0)
[194/765] langflow-ai-langflow.git@f8490476 src/frontend/src/components/core/parameterRenderComponent/components/modelInputComponent/index.tsx (ok=157 skipped_too_large=36 timed_out=1 panicked=0 failed_to_read=0)
[195/765] langflow-ai-langflow.git@f8490476 src/frontend/src/modals/modelProviderModal/components/ModelProvidersContent.tsx (ok=158 skipped_too_large=36 timed_out=1 panicked=0 failed_to_read=0)
[196/765] mastodon-mastodon.git@1e5cad07 app/javascript/mastodon/features/account_timeline/components/fields.tsx (ok=159 skipped_too_large=36 timed_out=1 panicked=0 failed_to_read=0)
[197/765] microsoft-TypeScript.git@3fc1f264 tests/cases/compiler/jsxComplexSignatureHasApplicabilityError.tsx (ok=160 skipped_too_large=36 timed_out=1 panicked=0 failed_to_read=0)
[198/765] mui-material-ui.git@042eb7c3 packages/mui-joy/src/Autocomplete/Autocomplete.test.tsx (ok=160 skipped_too_large=37 timed_out=1 panicked=0 failed_to_read=0)
[199/765] mui-material-ui.git@042eb7c3 packages/mui-material/src/Popper/BasePopper.tsx (ok=161 skipped_too_large=37 timed_out=1 panicked=0 failed_to_read=0)
[200/765] mui-material-ui.git@12ea064a docs/src/components/about/Team.tsx (ok=162 skipped_too_large=37 timed_out=1 panicked=0 failed_to_read=0)
[201/765] mui-material-ui.git@186c2400 docs/pages/blog.tsx (ok=163 skipped_too_large=37 timed_out=1 panicked=0 failed_to_read=0)
[202/765] mui-material-ui.git@335fe003 docs/src/components/pricing/PricingTable.tsx (ok=163 skipped_too_large=38 timed_out=1 panicked=0 failed_to_read=0)
[203/765] mui-material-ui.git@600ea849 packages/mui-joy/src/Select/Select.tsx (ok=164 skipped_too_large=38 timed_out=1 panicked=0 failed_to_read=0)
[204/765] mui-material-ui.git@84f5a57a packages/mui-material/src/Popper/BasePopper.tsx (ok=165 skipped_too_large=38 timed_out=1 panicked=0 failed_to_read=0)
[205/765] mui-material-ui.git@a73691ea docs/src/components/pricing/PricingCards.tsx (ok=165 skipped_too_large=38 timed_out=2 panicked=0 failed_to_read=0)
[206/765] mui-material-ui.git@a73691ea docs/src/components/pricing/PricingTable.tsx (ok=165 skipped_too_large=39 timed_out=2 panicked=0 failed_to_read=0)
[207/765] mui-material-ui.git@d667c7ef docs/src/components/header/HeaderNavBar.tsx (ok=166 skipped_too_large=39 timed_out=2 panicked=0 failed_to_read=0)
[208/765] mui-material-ui.git@e22f0452 docs/data/material/getting-started/templates/crud-dashboard/hooks/useDialogs/useDialogs.tsx (ok=167 skipped_too_large=39 timed_out=2 panicked=0 failed_to_read=0)
[209/765] ollama-ollama.git@3323c1d3 app/ui/app/src/components/Settings.tsx (ok=168 skipped_too_large=39 timed_out=2 panicked=0 failed_to_read=0)
[210/765] ollama-ollama.git@6c980579 app/ui/app/src/components/ChatForm.tsx (ok=169 skipped_too_large=39 timed_out=2 panicked=0 failed_to_read=0)
[211/765] ollama-ollama.git@948de6bb app/ui/app/src/components/ChatForm.tsx (ok=170 skipped_too_large=39 timed_out=2 panicked=0 failed_to_read=0)
[212/765] ollama-ollama.git@948de6bb app/ui/app/src/components/ModelPicker.tsx (ok=171 skipped_too_large=39 timed_out=2 panicked=0 failed_to_read=0)
[213/765] ollama-ollama.git@948de6bb app/ui/app/src/components/Settings.tsx (ok=172 skipped_too_large=39 timed_out=2 panicked=0 failed_to_read=0)
[214/765] ollama-ollama.git@fa6c0127 app/ui/app/src/components/Settings.tsx (ok=173 skipped_too_large=39 timed_out=2 panicked=0 failed_to_read=0)
[215/765] shadcn-ui-ui.git@14a6cc59 apps/v4/components/command-menu.tsx (ok=174 skipped_too_large=39 timed_out=2 panicked=0 failed_to_read=0)
[216/765] shadcn-ui-ui.git@46631fc4 apps/v4/examples/base/ui-rtl/sidebar.tsx (ok=175 skipped_too_large=39 timed_out=2 panicked=0 failed_to_read=0)
[217/765] shadcn-ui-ui.git@46631fc4 apps/v4/examples/radix/sidebar-rtl.tsx (ok=176 skipped_too_large=39 timed_out=2 panicked=0 failed_to_read=0)
[218/765] shadcn-ui-ui.git@46631fc4 apps/v4/examples/radix/ui-rtl/sidebar.tsx (ok=177 skipped_too_large=39 timed_out=2 panicked=0 failed_to_read=0)
[219/765] shadcn-ui-ui.git@6d2c0037 apps/v4/app/(app)/(root)/components/notion-prompt-form.tsx (ok=178 skipped_too_large=39 timed_out=2 panicked=0 failed_to_read=0)
[220/765] shadcn-ui-ui.git@779453be apps/v4/registry/bases/base/examples/button-example.tsx (ok=179 skipped_too_large=39 timed_out=2 panicked=0 failed_to_read=0)
[221/765] shadcn-ui-ui.git@867d3411 apps/v4/registry/bases/base/examples/button-example.tsx (ok=180 skipped_too_large=39 timed_out=2 panicked=0 failed_to_read=0)
[222/765] shadcn-ui-ui.git@f076420e apps/v4/components/block-viewer.tsx (ok=181 skipped_too_large=39 timed_out=2 panicked=0 failed_to_read=0)
[223/765] shadcn-ui-ui.git@f076420e apps/v4/examples/base/ui-rtl/sidebar.tsx (ok=182 skipped_too_large=39 timed_out=2 panicked=0 failed_to_read=0)
[224/765] shadcn-ui-ui.git@f076420e apps/v4/examples/radix/sidebar-rtl.tsx (ok=183 skipped_too_large=39 timed_out=2 panicked=0 failed_to_read=0)
[225/765] shadcn-ui-ui.git@f076420e apps/v4/examples/radix/ui-rtl/sidebar.tsx (ok=184 skipped_too_large=39 timed_out=2 panicked=0 failed_to_read=0)
[226/765] shadcn-ui-ui.git@f076420e apps/v4/registry/bases/base/examples/toggle-group-example.tsx (ok=185 skipped_too_large=39 timed_out=2 panicked=0 failed_to_read=0)
[227/765] shadcn-ui-ui.git@f076420e apps/v4/registry/bases/radix/examples/toggle-group-example.tsx (ok=186 skipped_too_large=39 timed_out=2 panicked=0 failed_to_read=0)
[228/765] OpenHands-OpenHands.git@1f82ff04 frontend/src/routes/root-layout.tsx (ok=187 skipped_too_large=39 timed_out=2 panicked=0 failed_to_read=0)
[229/765] OpenHands-OpenHands.git@5367bef4 frontend/__tests__/posthog-tracking.test.tsx (ok=188 skipped_too_large=39 timed_out=2 panicked=0 failed_to_read=0)
[230/765] OpenHands-OpenHands.git@a4cd21e1 frontend/src/components/features/sidebar/sidebar.tsx (ok=189 skipped_too_large=39 timed_out=2 panicked=0 failed_to_read=0)
[231/765] OpenHands-OpenHands.git@dcc82173 frontend/src/components/features/settings/create-api-key-modal.tsx (ok=190 skipped_too_large=39 timed_out=2 panicked=0 failed_to_read=0)
[232/765] OpenHands-OpenHands.git@dcc82173 frontend/src/components/features/settings/delete-api-key-modal.tsx (ok=191 skipped_too_large=39 timed_out=2 panicked=0 failed_to_read=0)
[233/765] OpenHands-OpenHands.git@f93e3254 frontend/__tests__/components/features/chat/change-agent-button.test.tsx (ok=192 skipped_too_large=39 timed_out=2 panicked=0 failed_to_read=0)
[234/765] OpenHands-OpenHands.git@f93e3254 frontend/__tests__/components/features/conversation/conversation-tabs.test.tsx (ok=193 skipped_too_large=39 timed_out=2 panicked=0 failed_to_read=0)
[235/765] OpenHands-OpenHands.git@f93e3254 frontend/__tests__/components/v1/chat/event-message-plan-preview.test.tsx (ok=194 skipped_too_large=39 timed_out=2 panicked=0 failed_to_read=0)
[236/765] OpenHands-OpenHands.git@f93e3254 frontend/src/components/features/chat/change-agent-button.tsx (ok=195 skipped_too_large=39 timed_out=2 panicked=0 failed_to_read=0)
[237/765] OpenHands-OpenHands.git@f93e3254 frontend/src/components/features/conversation/conversation-tabs/conversation-tabs.tsx (ok=196 skipped_too_large=39 timed_out=2 panicked=0 failed_to_read=0)
[238/765] Radarr-Radarr.git@c7433839 frontend/src/Settings/Tags/Tag.tsx (ok=197 skipped_too_large=39 timed_out=2 panicked=0 failed_to_read=0)
[239/765] Sonarr-Sonarr.git@21ca65a0 frontend/src/AddSeries/ImportSeries/Import/ImportSeries.tsx (ok=198 skipped_too_large=39 timed_out=2 panicked=0 failed_to_read=0)
[240/765] Sonarr-Sonarr.git@21ca65a0 frontend/src/Components/Filter/Builder/QualityProfileFilterBuilderRowValue.tsx (ok=199 skipped_too_large=39 timed_out=2 panicked=0 failed_to_read=0)
[241/765] Sonarr-Sonarr.git@21ca65a0 frontend/src/InteractiveImport/Quality/SelectQualityModalContent.tsx (ok=200 skipped_too_large=39 timed_out=2 panicked=0 failed_to_read=0)
[242/765] Sonarr-Sonarr.git@21ca65a0 frontend/src/Series/Index/Posters/SeriesIndexPosterInfo.tsx (ok=201 skipped_too_large=39 timed_out=2 panicked=0 failed_to_read=0)
[243/765] Sonarr-Sonarr.git@21ca65a0 frontend/src/Settings/ImportLists/ImportLists/Manage/ManageImportListsModalRow.tsx (ok=202 skipped_too_large=39 timed_out=2 panicked=0 failed_to_read=0)
[244/765] Sonarr-Sonarr.git@21ca65a0 frontend/src/Settings/Profiles/Quality/EditQualityProfileModal.tsx (ok=203 skipped_too_large=39 timed_out=2 panicked=0 failed_to_read=0)
[245/765] Sonarr-Sonarr.git@21ca65a0 frontend/src/Settings/Profiles/Quality/QualityProfile.tsx (ok=204 skipped_too_large=39 timed_out=2 panicked=0 failed_to_read=0)
[246/765] Sonarr-Sonarr.git@21ca65a0 frontend/src/Settings/Profiles/Quality/QualityProfileItemGroup.tsx (ok=205 skipped_too_large=39 timed_out=2 panicked=0 failed_to_read=0)
[247/765] Sonarr-Sonarr.git@21ca65a0 frontend/src/Settings/Profiles/Quality/QualityProfileItems.tsx (ok=206 skipped_too_large=39 timed_out=2 panicked=0 failed_to_read=0)
[248/765] Sonarr-Sonarr.git@21ca65a0 frontend/src/Settings/Profiles/Quality/QualityProfiles.tsx (ok=207 skipped_too_large=39 timed_out=2 panicked=0 failed_to_read=0)
[249/765] Sonarr-Sonarr.git@276e67b5 frontend/src/AddSeries/AddNewSeries/AddNewSeriesSearchResult.tsx (ok=208 skipped_too_large=39 timed_out=2 panicked=0 failed_to_read=0)
[250/765] Sonarr-Sonarr.git@276e67b5 frontend/src/Components/Page/Header/SeriesSearchResult.tsx (ok=209 skipped_too_large=39 timed_out=2 panicked=0 failed_to_read=0)
[251/765] Sonarr-Sonarr.git@276e67b5 frontend/src/Series/SeriesImage.tsx (ok=210 skipped_too_large=39 timed_out=2 panicked=0 failed_to_read=0)
[252/765] Sonarr-Sonarr.git@28300ffb frontend/src/System/Status/Health/HealthStatus.tsx (ok=211 skipped_too_large=39 timed_out=2 panicked=0 failed_to_read=0)
[253/765] Sonarr-Sonarr.git@4713615b frontend/src/Settings/Profiles/Release/EditReleaseProfileModalContent.tsx (ok=212 skipped_too_large=39 timed_out=2 panicked=0 failed_to_read=0)
[254/765] Sonarr-Sonarr.git@4713615b frontend/src/Settings/Profiles/Release/ReleaseProfileItem.tsx (ok=213 skipped_too_large=39 timed_out=2 panicked=0 failed_to_read=0)
[255/765] Sonarr-Sonarr.git@4713615b frontend/src/Settings/Profiles/Release/ReleaseProfiles.tsx (ok=214 skipped_too_large=39 timed_out=2 panicked=0 failed_to_read=0)
[256/765] Sonarr-Sonarr.git@5bac016f frontend/src/Components/Form/Select/LanguageSelectInput.tsx (ok=215 skipped_too_large=39 timed_out=2 panicked=0 failed_to_read=0)
[257/765] Sonarr-Sonarr.git@5bac016f frontend/src/InteractiveImport/Language/SelectLanguageModalContent.tsx (ok=216 skipped_too_large=39 timed_out=2 panicked=0 failed_to_read=0)
[258/765] Sonarr-Sonarr.git@6cd1ab37 frontend/src/Components/Page/Header/PageHeaderActionsMenu.tsx (ok=217 skipped_too_large=39 timed_out=2 panicked=0 failed_to_read=0)
[259/765] Sonarr-Sonarr.git@6cd1ab37 frontend/src/System/Status/About/About.tsx (ok=218 skipped_too_large=39 timed_out=2 panicked=0 failed_to_read=0)
[260/765] Sonarr-Sonarr.git@6d49b41d frontend/src/Settings/Notifications/Notifications/AddNotificationItem.tsx (ok=219 skipped_too_large=39 timed_out=2 panicked=0 failed_to_read=0)
[261/765] Sonarr-Sonarr.git@6d49b41d frontend/src/Settings/Notifications/Notifications/AddNotificationModalContent.tsx (ok=220 skipped_too_large=39 timed_out=2 panicked=0 failed_to_read=0)
[262/765] Sonarr-Sonarr.git@6d49b41d frontend/src/Settings/Notifications/Notifications/EditNotificationModalContent.tsx (ok=221 skipped_too_large=39 timed_out=2 panicked=0 failed_to_read=0)
[263/765] Sonarr-Sonarr.git@6d49b41d frontend/src/Settings/Notifications/Notifications/NotificationEventItems.tsx (ok=222 skipped_too_large=39 timed_out=2 panicked=0 failed_to_read=0)
[264/765] Sonarr-Sonarr.git@6d49b41d frontend/src/Settings/Notifications/Notifications/Notifications.tsx (ok=223 skipped_too_large=39 timed_out=2 panicked=0 failed_to_read=0)
[265/765] Sonarr-Sonarr.git@74e6ce43 frontend/src/Calendar/Events/CalendarEvent.tsx (ok=224 skipped_too_large=39 timed_out=2 panicked=0 failed_to_read=0)
[266/765] Sonarr-Sonarr.git@74e6ce43 frontend/src/Calendar/Events/CalendarEventGroup.tsx (ok=225 skipped_too_large=39 timed_out=2 panicked=0 failed_to_read=0)
[267/765] Sonarr-Sonarr.git@74e6ce43 frontend/src/Components/Table/Cells/RelativeDateCell.tsx (ok=226 skipped_too_large=39 timed_out=2 panicked=0 failed_to_read=0)
[268/765] Sonarr-Sonarr.git@74e6ce43 frontend/src/Episode/Summary/EpisodeAiring.tsx (ok=227 skipped_too_large=39 timed_out=2 panicked=0 failed_to_read=0)
[269/765] Sonarr-Sonarr.git@74e6ce43 frontend/src/Series/Index/Overview/SeriesIndexOverviewInfo.tsx (ok=228 skipped_too_large=39 timed_out=2 panicked=0 failed_to_read=0)
[270/765] Sonarr-Sonarr.git@74e6ce43 frontend/src/System/Status/About/StartTime.tsx (ok=229 skipped_too_large=39 timed_out=2 panicked=0 failed_to_read=0)
[271/765] Sonarr-Sonarr.git@7e702380 frontend/src/Settings/CustomFormats/CustomFormats/Specifications/EditSpecificationModalContent.tsx (ok=230 skipped_too_large=39 timed_out=2 panicked=0 failed_to_read=0)
[272/765] Sonarr-Sonarr.git@7e702380 frontend/src/Settings/DownloadClients/Options/DownloadClientOptions.tsx (ok=231 skipped_too_large=39 timed_out=2 panicked=0 failed_to_read=0)
[273/765] Sonarr-Sonarr.git@7e702380 frontend/src/Settings/General/BackupSettings.tsx (ok=232 skipped_too_large=39 timed_out=2 panicked=0 failed_to_read=0)
[274/765] Sonarr-Sonarr.git@7e702380 frontend/src/Settings/General/LoggingSettings.tsx (ok=233 skipped_too_large=39 timed_out=2 panicked=0 failed_to_read=0)
[275/765] Sonarr-Sonarr.git@7e702380 frontend/src/Settings/General/UpdateSettings.tsx (ok=234 skipped_too_large=39 timed_out=2 panicked=0 failed_to_read=0)
[276/765] Sonarr-Sonarr.git@7e702380 frontend/src/Settings/ImportLists/Options/ImportListOptions.tsx (ok=235 skipped_too_large=39 timed_out=2 panicked=0 failed_to_read=0)
[277/765] Sonarr-Sonarr.git@7e702380 frontend/src/Settings/Notifications/Notifications/EditNotificationModalContent.tsx (ok=236 skipped_too_large=39 timed_out=2 panicked=0 failed_to_read=0)
[278/765] Sonarr-Sonarr.git@7ea20335 frontend/src/InteractiveImport/Episode/SelectEpisodeRow.tsx (ok=237 skipped_too_large=39 timed_out=2 panicked=0 failed_to_read=0)
[279/765] Sonarr-Sonarr.git@8fa16e35 frontend/src/Settings/Profiles/Release/EditReleaseProfileModalContent.tsx (ok=238 skipped_too_large=39 timed_out=2 panicked=0 failed_to_read=0)
[280/765] Sonarr-Sonarr.git@ad57cf4b frontend/src/AddSeries/ImportSeries/Import/ImportSeriesFooter.tsx (ok=239 skipped_too_large=39 timed_out=2 panicked=0 failed_to_read=0)
[281/765] Sonarr-Sonarr.git@c0a56586 frontend/src/Settings/Metadata/Metadata/EditMetadataModalContent.tsx (ok=240 skipped_too_large=39 timed_out=2 panicked=0 failed_to_read=0)
[282/765] Sonarr-Sonarr.git@c0a56586 frontend/src/Settings/Metadata/Metadata/Metadatas.tsx (ok=241 skipped_too_large=39 timed_out=2 panicked=0 failed_to_read=0)
[283/765] Sonarr-Sonarr.git@c60a978e frontend/src/Settings/Profiles/Release/ReleaseProfiles.tsx (ok=242 skipped_too_large=39 timed_out=2 panicked=0 failed_to_read=0)
[284/765] Sonarr-Sonarr.git@cf593b1f frontend/src/Settings/Quality/Definition/QualityDefinition.tsx (ok=243 skipped_too_large=39 timed_out=2 panicked=0 failed_to_read=0)
[285/765] Sonarr-Sonarr.git@cf593b1f frontend/src/Settings/Quality/Quality.tsx (ok=244 skipped_too_large=39 timed_out=2 panicked=0 failed_to_read=0)
[286/765] Sonarr-Sonarr.git@e20b4c4f frontend/src/Settings/Notifications/Notifications/Notifications.tsx (ok=245 skipped_too_large=39 timed_out=2 panicked=0 failed_to_read=0)
[287/765] Sonarr-Sonarr.git@f2fc1e93 frontend/src/Series/Index/Posters/SeriesIndexPoster.tsx (ok=246 skipped_too_large=39 timed_out=2 panicked=0 failed_to_read=0)
[288/765] Sonarr-Sonarr.git@f3b39ba4 frontend/src/Episode/Summary/MediaInfo.tsx (ok=247 skipped_too_large=39 timed_out=2 panicked=0 failed_to_read=0)
[289/765] cockroachdb-cockroach.git@2204662a pkg/ui/workspaces/db-console/src/views/dashboard/emailSubscription.tsx (ok=248 skipped_too_large=39 timed_out=2 panicked=0 failed_to_read=0)
[290/765] cockroachdb-cockroach.git@7a233a58 pkg/ui/workspaces/db-console/src/components/input/textInput.tsx (ok=249 skipped_too_large=39 timed_out=2 panicked=0 failed_to_read=0)
[291/765] excalidraw-excalidraw.git@019ce4c5 packages/excalidraw/components/HintViewer.tsx (ok=250 skipped_too_large=39 timed_out=2 panicked=0 failed_to_read=0)
[292/765] excalidraw-excalidraw.git@063533ae packages/excalidraw/components/FontPicker/FontPickerTrigger.tsx (ok=251 skipped_too_large=39 timed_out=2 panicked=0 failed_to_read=0)
[293/765] excalidraw-excalidraw.git@063533ae packages/excalidraw/components/TTDDialog/Chat/ChatHistoryMenu.tsx (ok=252 skipped_too_large=39 timed_out=2 panicked=0 failed_to_read=0)
[294/765] excalidraw-excalidraw.git@063533ae packages/excalidraw/components/TTDDialog/TTDDialogTabs.tsx (ok=253 skipped_too_large=39 timed_out=2 panicked=0 failed_to_read=0)
[295/765] excalidraw-excalidraw.git@063533ae packages/excalidraw/components/ToolPopover.tsx (ok=254 skipped_too_large=39 timed_out=2 panicked=0 failed_to_read=0)
[296/765] excalidraw-excalidraw.git@063533ae packages/excalidraw/components/dropdownMenu/DropdownMenuContent.tsx (ok=255 skipped_too_large=39 timed_out=2 panicked=0 failed_to_read=0)
[297/765] excalidraw-excalidraw.git@19b3dc65 packages/excalidraw/components/PropertiesPopover.tsx (ok=256 skipped_too_large=39 timed_out=2 panicked=0 failed_to_read=0)
[298/765] excalidraw-excalidraw.git@24a69418 packages/excalidraw/components/TTDDialog/Chat/ChatInterface.tsx (ok=257 skipped_too_large=39 timed_out=2 panicked=0 failed_to_read=0)
[299/765] excalidraw-excalidraw.git@24a69418 packages/excalidraw/components/TTDDialog/Chat/TTDChatPanel.tsx (ok=258 skipped_too_large=39 timed_out=2 panicked=0 failed_to_read=0)
[300/765] excalidraw-excalidraw.git@24a69418 packages/excalidraw/components/TTDDialog/TextToDiagram.tsx (ok=259 skipped_too_large=39 timed_out=2 panicked=0 failed_to_read=0)
[301/765] excalidraw-excalidraw.git@28691e14 packages/excalidraw/actions/actionDistribute.tsx (ok=260 skipped_too_large=39 timed_out=2 panicked=0 failed_to_read=0)
[302/765] excalidraw-excalidraw.git@2b454022 packages/excalidraw/components/canvases/InteractiveCanvas.tsx (ok=261 skipped_too_large=39 timed_out=2 panicked=0 failed_to_read=0)
[303/765] excalidraw-excalidraw.git@47cbb5b6 excalidraw-app/tests/MobileMenu.test.tsx (ok=262 skipped_too_large=39 timed_out=2 panicked=0 failed_to_read=0)
[304/765] excalidraw-excalidraw.git@47cbb5b6 packages/excalidraw/actions/actionExport.tsx (ok=263 skipped_too_large=39 timed_out=2 panicked=0 failed_to_read=0)
[305/765] excalidraw-excalidraw.git@47cbb5b6 packages/excalidraw/actions/manager.tsx (ok=264 skipped_too_large=39 timed_out=2 panicked=0 failed_to_read=0)
[306/765] excalidraw-excalidraw.git@47cbb5b6 packages/excalidraw/components/Dialog.tsx (ok=265 skipped_too_large=39 timed_out=2 panicked=0 failed_to_read=0)
[307/765] excalidraw-excalidraw.git@47cbb5b6 packages/excalidraw/components/HintViewer.tsx (ok=266 skipped_too_large=39 timed_out=2 panicked=0 failed_to_read=0)
[308/765] excalidraw-excalidraw.git@47cbb5b6 packages/excalidraw/components/IconPicker.tsx (ok=267 skipped_too_large=39 timed_out=2 panicked=0 failed_to_read=0)
[309/765] excalidraw-excalidraw.git@47cbb5b6 packages/excalidraw/components/canvases/InteractiveCanvas.tsx (ok=268 skipped_too_large=39 timed_out=2 panicked=0 failed_to_read=0)
[310/765] excalidraw-excalidraw.git@47cbb5b6 packages/excalidraw/components/main-menu/MainMenu.tsx (ok=269 skipped_too_large=39 timed_out=2 panicked=0 failed_to_read=0)
[311/765] excalidraw-excalidraw.git@47cbb5b6 packages/excalidraw/components/welcome-screen/WelcomeScreen.Center.tsx (ok=270 skipped_too_large=39 timed_out=2 panicked=0 failed_to_read=0)
[312/765] excalidraw-excalidraw.git@5a73b9a3 excalidraw-app/components/AI.tsx (ok=271 skipped_too_large=39 timed_out=2 panicked=0 failed_to_read=0)
[313/765] excalidraw-excalidraw.git@5bcd8280 packages/excalidraw/components/FilledButton.tsx (ok=272 skipped_too_large=39 timed_out=2 panicked=0 failed_to_read=0)
[314/765] excalidraw-excalidraw.git@5fffc474 packages/excalidraw/actions/actionMenu.tsx (ok=273 skipped_too_large=39 timed_out=2 panicked=0 failed_to_read=0)
[315/765] excalidraw-excalidraw.git@5fffc474 packages/excalidraw/components/IconPicker.tsx (ok=274 skipped_too_large=39 timed_out=2 panicked=0 failed_to_read=0)
[316/765] excalidraw-excalidraw.git@60b27588 packages/excalidraw/components/PasteChartDialog.tsx (ok=275 skipped_too_large=39 timed_out=2 panicked=0 failed_to_read=0)
[317/765] excalidraw-excalidraw.git@60b27588 packages/excalidraw/tests/charts.test.tsx (ok=276 skipped_too_large=39 timed_out=2 panicked=0 failed_to_read=0)
[318/765] excalidraw-excalidraw.git@63e11482 packages/excalidraw/components/ColorPicker/ColorInput.tsx (ok=277 skipped_too_large=39 timed_out=2 panicked=0 failed_to_read=0)
[319/765] excalidraw-excalidraw.git@725412eb packages/excalidraw/components/ContextMenu.tsx (ok=278 skipped_too_large=39 timed_out=2 panicked=0 failed_to_read=0)
[320/765] excalidraw-excalidraw.git@8013eb5e packages/excalidraw/actions/actionDistribute.tsx (ok=279 skipped_too_large=39 timed_out=2 panicked=0 failed_to_read=0)
[321/765] excalidraw-excalidraw.git@8013eb5e packages/excalidraw/actions/actionLink.tsx (ok=280 skipped_too_large=39 timed_out=2 panicked=0 failed_to_read=0)
[322/765] excalidraw-excalidraw.git@95ddc663 packages/excalidraw/components/MobileMenu.tsx (ok=281 skipped_too_large=39 timed_out=2 panicked=0 failed_to_read=0)
[323/765] excalidraw-excalidraw.git@9ba0f5db packages/excalidraw/tests/move.test.tsx (ok=282 skipped_too_large=39 timed_out=2 panicked=0 failed_to_read=0)
[324/765] excalidraw-excalidraw.git@a0b98a94 packages/excalidraw/components/FilledButton.tsx (ok=283 skipped_too_large=39 timed_out=2 panicked=0 failed_to_read=0)
[325/765] excalidraw-excalidraw.git@a0b98a94 packages/excalidraw/components/TTDDialog/TTDDialogOutput.tsx (ok=284 skipped_too_large=39 timed_out=2 panicked=0 failed_to_read=0)
[326/765] excalidraw-excalidraw.git@a0b98a94 packages/excalidraw/components/TTDDialog/TTDDialogPanel.tsx (ok=285 skipped_too_large=39 timed_out=2 panicked=0 failed_to_read=0)
[327/765] excalidraw-excalidraw.git@a0b98a94 packages/excalidraw/index.tsx (ok=286 skipped_too_large=39 timed_out=2 panicked=0 failed_to_read=0)
[328/765] excalidraw-excalidraw.git@a70417f2 packages/excalidraw/tests/rotate.test.tsx (ok=287 skipped_too_large=39 timed_out=2 panicked=0 failed_to_read=0)
[329/765] excalidraw-excalidraw.git@acf54c6f packages/excalidraw/components/TTDDialog/TTDDialogTrigger.tsx (ok=288 skipped_too_large=39 timed_out=2 panicked=0 failed_to_read=0)
[330/765] excalidraw-excalidraw.git@acf54c6f packages/excalidraw/components/dropdownMenu/DropdownMenuItem.tsx (ok=289 skipped_too_large=39 timed_out=2 panicked=0 failed_to_read=0)
[331/765] excalidraw-excalidraw.git@b9a25540 packages/excalidraw/components/ColorPicker/ColorInput.tsx (ok=290 skipped_too_large=39 timed_out=2 panicked=0 failed_to_read=0)
[332/765] excalidraw-excalidraw.git@b9a25540 packages/excalidraw/components/ColorPicker/TopPicks.tsx (ok=291 skipped_too_large=39 timed_out=2 panicked=0 failed_to_read=0)
[333/765] excalidraw-excalidraw.git@c141960a packages/element/tests/elbowArrow.test.tsx (ok=292 skipped_too_large=39 timed_out=2 panicked=0 failed_to_read=0)
[334/765] excalidraw-excalidraw.git@c141960a packages/excalidraw/actions/actionClipboard.tsx (ok=293 skipped_too_large=39 timed_out=2 panicked=0 failed_to_read=0)
[335/765] excalidraw-excalidraw.git@c141960a packages/excalidraw/actions/actionExport.tsx (ok=294 skipped_too_large=39 timed_out=2 panicked=0 failed_to_read=0)
[336/765] excalidraw-excalidraw.git@c141960a packages/excalidraw/components/Stats/MultiPosition.tsx (ok=295 skipped_too_large=39 timed_out=2 panicked=0 failed_to_read=0)
[337/765] excalidraw-excalidraw.git@c141960a packages/excalidraw/components/canvases/InteractiveCanvas.tsx (ok=296 skipped_too_large=39 timed_out=2 panicked=0 failed_to_read=0)
[338/765] excalidraw-excalidraw.git@c141960a packages/excalidraw/tests/multiPointCreate.test.tsx (ok=297 skipped_too_large=39 timed_out=2 panicked=0 failed_to_read=0)
[339/765] excalidraw-excalidraw.git@c141960a packages/excalidraw/tests/rotate.test.tsx (ok=298 skipped_too_large=39 timed_out=2 panicked=0 failed_to_read=0)
[340/765] excalidraw-excalidraw.git@c99e8167 packages/excalidraw/components/MobileMenu.tsx (ok=299 skipped_too_large=39 timed_out=2 panicked=0 failed_to_read=0)
[341/765] excalidraw-excalidraw.git@c99e8167 packages/excalidraw/components/footer/Footer.tsx (ok=300 skipped_too_large=39 timed_out=2 panicked=0 failed_to_read=0)
[342/765] excalidraw-excalidraw.git@e95222ed packages/excalidraw/index.tsx (ok=301 skipped_too_large=39 timed_out=2 panicked=0 failed_to_read=0)
[343/765] excalidraw-excalidraw.git@eb959128 packages/excalidraw/components/canvases/InteractiveCanvas.tsx (ok=302 skipped_too_large=39 timed_out=2 panicked=0 failed_to_read=0)
[344/765] excalidraw-excalidraw.git@eb959128 packages/excalidraw/components/shapes.tsx (ok=303 skipped_too_large=39 timed_out=2 panicked=0 failed_to_read=0)
[345/765] excalidraw-excalidraw.git@f2600fe3 packages/excalidraw/components/dropdownMenu/DropdownMenuContent.tsx (ok=304 skipped_too_large=39 timed_out=2 panicked=0 failed_to_read=0)
[346/765] grafana-grafana.git@02c930f4 public/app/features/dashboard-scene/scene/DashboardDatasourceBehaviour.tsx (ok=305 skipped_too_large=39 timed_out=2 panicked=0 failed_to_read=0)
[347/765] grafana-grafana.git@39797dc4 public/app/features/dashboard-scene/settings/variables/components/GroupByVariableForm.test.tsx (ok=306 skipped_too_large=39 timed_out=2 panicked=0 failed_to_read=0)
[348/765] grafana-grafana.git@39797dc4 public/app/features/dashboard-scene/settings/variables/components/GroupByVariableForm.tsx (ok=307 skipped_too_large=39 timed_out=2 panicked=0 failed_to_read=0)
[349/765] grafana-grafana.git@39797dc4 public/app/features/dashboard-scene/settings/variables/editors/GroupByVariableEditor.test.tsx (ok=308 skipped_too_large=39 timed_out=2 panicked=0 failed_to_read=0)
[350/765] grafana-grafana.git@611e97fd public/app/features/dashboard-scene/panel-edit/PanelEditNext/Actions.tsx (ok=309 skipped_too_large=39 timed_out=2 panicked=0 failed_to_read=0)
[351/765] grafana-grafana.git@611e97fd public/app/features/dashboard-scene/panel-edit/PanelEditNext/QueryEditor/Footer/QueryEditorFooter.tsx (ok=310 skipped_too_large=39 timed_out=2 panicked=0 failed_to_read=0)
[352/765] grafana-grafana.git@611e97fd public/app/features/dashboard-scene/panel-edit/PanelEditNext/QueryEditor/Sidebar/CardTitle.test.tsx (ok=311 skipped_too_large=39 timed_out=2 panicked=0 failed_to_read=0)
[353/765] grafana-grafana.git@611e97fd public/app/features/dashboard-scene/panel-edit/PanelEditNext/QueryEditor/Sidebar/QueryCard.tsx (ok=312 skipped_too_large=39 timed_out=2 panicked=0 failed_to_read=0)
[354/765] grafana-grafana.git@611e97fd public/app/features/dashboard-scene/panel-edit/PanelEditNext/QueryEditor/Sidebar/QuerySidebarCollapsableHeader.tsx (ok=313 skipped_too_large=39 timed_out=2 panicked=0 failed_to_read=0)
[355/765] grafana-grafana.git@611e97fd public/app/features/dashboard-scene/panel-edit/PanelEditNext/QueryEditor/Sidebar/SidebarCard.tsx (ok=314 skipped_too_large=39 timed_out=2 panicked=0 failed_to_read=0)
[356/765] grafana-grafana.git@611e97fd public/app/features/dashboard-scene/panel-edit/PanelEditNext/QueryEditor/Sidebar/SidebarFooter.tsx (ok=315 skipped_too_large=39 timed_out=2 panicked=0 failed_to_read=0)
[357/765] langflow-ai-langflow.git@0283f5d7 src/frontend/src/components/core/playgroundComponent/chat-view/chat-header/components/chat-sidebar.tsx (ok=316 skipped_too_large=39 timed_out=2 panicked=0 failed_to_read=0)
[358/765] langflow-ai-langflow.git@0283f5d7 src/frontend/src/components/core/playgroundComponent/chat-view/chat-header/components/session-selector.tsx (ok=317 skipped_too_large=39 timed_out=2 panicked=0 failed_to_read=0)
[359/765] langflow-ai-langflow.git@0283f5d7 src/frontend/src/components/core/playgroundComponent/chat-view/chat-input/components/no-input.tsx (ok=318 skipped_too_large=39 timed_out=2 panicked=0 failed_to_read=0)
[360/765] langflow-ai-langflow.git@0283f5d7 src/frontend/src/components/core/playgroundComponent/chat-view/chat-messages/messages.tsx (ok=319 skipped_too_large=39 timed_out=2 panicked=0 failed_to_read=0)
[361/765] langflow-ai-langflow.git@0283f5d7 src/frontend/src/components/core/playgroundComponent/sliding-container/components/flow-page-sliding-container.tsx (ok=320 skipped_too_large=39 timed_out=2 panicked=0 failed_to_read=0)
[362/765] langflow-ai-langflow.git@0283f5d7 src/frontend/src/modals/IOModal/components/sidebar-open-view.tsx (ok=321 skipped_too_large=39 timed_out=2 panicked=0 failed_to_read=0)
[363/765] langflow-ai-langflow.git@0283f5d7 src/frontend/src/modals/flowLogsModal/index.tsx (ok=322 skipped_too_large=39 timed_out=2 panicked=0 failed_to_read=0)
[364/765] langflow-ai-langflow.git@0283f5d7 src/frontend/src/pages/FlowPage/components/InspectionPanel/components/InspectionPanelEditField.tsx (ok=323 skipped_too_large=39 timed_out=2 panicked=0 failed_to_read=0)
[365/765] langflow-ai-langflow.git@126c037a src/frontend/src/components/core/chatComponents/ContentDisplay.tsx (ok=324 skipped_too_large=39 timed_out=2 panicked=0 failed_to_read=0)
[366/765] langflow-ai-langflow.git@126c037a src/frontend/src/contexts/index.tsx (ok=325 skipped_too_large=39 timed_out=2 panicked=0 failed_to_read=0)
[367/765] langflow-ai-langflow.git@126c037a src/frontend/src/modals/IOModal/components/session-view.tsx (ok=326 skipped_too_large=39 timed_out=2 panicked=0 failed_to_read=0)
[368/765] langflow-ai-langflow.git@22607cc0 src/frontend/src/CustomNodes/GenericNode/components/NodeName/index.tsx (ok=327 skipped_too_large=39 timed_out=2 panicked=0 failed_to_read=0)
[369/765] langflow-ai-langflow.git@22607cc0 src/frontend/src/CustomNodes/GenericNode/components/nodeIcon/index.tsx (ok=328 skipped_too_large=39 timed_out=2 panicked=0 failed_to_read=0)
[370/765] langflow-ai-langflow.git@22607cc0 src/frontend/src/components/core/canvasControlsComponent/CanvasControls.tsx (ok=329 skipped_too_large=39 timed_out=2 panicked=0 failed_to_read=0)
[371/765] langflow-ai-langflow.git@22607cc0 src/frontend/src/components/core/canvasControlsComponent/CanvasControlsDropdown.tsx (ok=330 skipped_too_large=39 timed_out=2 panicked=0 failed_to_read=0)
[372/765] langflow-ai-langflow.git@22607cc0 src/frontend/src/components/core/canvasControlsComponent/__tests__/DropdownControlButton.test.tsx (ok=331 skipped_too_large=39 timed_out=2 panicked=0 failed_to_read=0)
[373/765] langflow-ai-langflow.git@22607cc0 src/frontend/src/components/core/parameterRenderComponent/components/dictComponent/index.tsx (ok=332 skipped_too_large=39 timed_out=2 panicked=0 failed_to_read=0)
[374/765] langflow-ai-langflow.git@22607cc0 src/frontend/src/components/core/parameterRenderComponent/components/dropdownComponent/index.tsx (ok=333 skipped_too_large=39 timed_out=2 panicked=0 failed_to_read=0)
[375/765] langflow-ai-langflow.git@22607cc0 src/frontend/src/components/core/parameterRenderComponent/components/keypairListComponent/index.tsx (ok=334 skipped_too_large=39 timed_out=2 panicked=0 failed_to_read=0)
[376/765] langflow-ai-langflow.git@22607cc0 src/frontend/src/components/core/parameterRenderComponent/components/mustachePromptComponent/index.tsx (ok=335 skipped_too_large=39 timed_out=2 panicked=0 failed_to_read=0)
[377/765] langflow-ai-langflow.git@22607cc0 src/frontend/src/components/core/parameterRenderComponent/components/promptComponent/index.tsx (ok=336 skipped_too_large=39 timed_out=2 panicked=0 failed_to_read=0)
[378/765] langflow-ai-langflow.git@22607cc0 src/frontend/src/components/core/parameterRenderComponent/components/sortableListComponent/index.tsx (ok=337 skipped_too_large=39 timed_out=2 panicked=0 failed_to_read=0)
[379/765] langflow-ai-langflow.git@22607cc0 src/frontend/src/components/core/parameterRenderComponent/components/textAreaComponent/index.tsx (ok=338 skipped_too_large=39 timed_out=2 panicked=0 failed_to_read=0)
[380/765] langflow-ai-langflow.git@22607cc0 src/frontend/src/components/core/parameterRenderComponent/components/toggleShadComponent/index.tsx (ok=339 skipped_too_large=39 timed_out=2 panicked=0 failed_to_read=0)
[381/765] langflow-ai-langflow.git@22607cc0 src/frontend/src/components/core/parameterRenderComponent/components/webhookFieldComponent/index.tsx (ok=340 skipped_too_large=39 timed_out=2 panicked=0 failed_to_read=0)
[382/765] langflow-ai-langflow.git@22607cc0 src/frontend/src/pages/FlowPage/components/nodeToolbarComponent/components/toolbar-button.tsx (ok=341 skipped_too_large=39 timed_out=2 panicked=0 failed_to_read=0)
[383/765] langflow-ai-langflow.git@2d99b13c src/frontend/src/components/core/parameterRenderComponent/components/mustachePromptComponent/__tests__/mustachePromptComponent.test.tsx (ok=342 skipped_too_large=39 timed_out=2 panicked=0 failed_to_read=0)
[384/765] langflow-ai-langflow.git@312b88e7 src/frontend/src/components/core/parameterRenderComponent/components/intComponent/index.tsx (ok=343 skipped_too_large=39 timed_out=2 panicked=0 failed_to_read=0)
[385/765] langflow-ai-langflow.git@312b88e7 src/frontend/src/modals/deleteConfirmationModal/index.tsx (ok=344 skipped_too_large=39 timed_out=2 panicked=0 failed_to_read=0)
[386/765] langflow-ai-langflow.git@312b88e7 src/frontend/src/modals/fileManagerModal/components/dragFilesComponent/index.tsx (ok=345 skipped_too_large=39 timed_out=2 panicked=0 failed_to_read=0)
[387/765] langflow-ai-langflow.git@7c43e4c4 src/frontend/src/components/core/canvasControlsComponent/HelpDropdownView.tsx (ok=346 skipped_too_large=39 timed_out=2 panicked=0 failed_to_read=0)
[388/765] langflow-ai-langflow.git@7c43e4c4 src/frontend/src/components/core/playgroundComponent/chat-view/chat-header/components/session-selector.tsx (ok=347 skipped_too_large=39 timed_out=2 panicked=0 failed_to_read=0)
[389/765] langflow-ai-langflow.git@7c43e4c4 src/frontend/src/components/core/playgroundComponent/chat-view/chat-input/components/upload-file-button.tsx (ok=348 skipped_too_large=39 timed_out=2 panicked=0 failed_to_read=0)
[390/765] langflow-ai-langflow.git@7c43e4c4 src/frontend/src/pages/FlowPage/components/InspectionPanel/components/InspectionPanelFields.tsx (ok=349 skipped_too_large=39 timed_out=2 panicked=0 failed_to_read=0)
[391/765] langflow-ai-langflow.git@7c43e4c4 src/frontend/src/pages/FlowPage/components/flowSidebarComponent/components/sidebarSegmentedNav.tsx (ok=350 skipped_too_large=39 timed_out=2 panicked=0 failed_to_read=0)
[392/765] langflow-ai-langflow.git@8300733a src/frontend/src/CustomNodes/GenericNode/components/outputModal/index.tsx (ok=351 skipped_too_large=39 timed_out=2 panicked=0 failed_to_read=0)
[393/765] langflow-ai-langflow.git@9d2a666d src/frontend/src/components/core/playgroundComponent/sliding-container/components/flow-page-sliding-container.tsx (ok=352 skipped_too_large=39 timed_out=2 panicked=0 failed_to_read=0)
[394/765] langflow-ai-langflow.git@9d2a666d src/frontend/src/modals/IOModal/components/chatView/chatInput/components/input-wrapper.tsx (ok=353 skipped_too_large=39 timed_out=2 panicked=0 failed_to_read=0)
[395/765] langflow-ai-langflow.git@9d2a666d src/frontend/src/pages/Playground/index.tsx (ok=354 skipped_too_large=39 timed_out=2 panicked=0 failed_to_read=0)
[396/765] langflow-ai-langflow.git@ae00c031 src/frontend/src/modals/modelProviderModal/__tests__/ModelSelection.test.tsx (ok=355 skipped_too_large=39 timed_out=2 panicked=0 failed_to_read=0)
[397/765] langflow-ai-langflow.git@ae00c031 src/frontend/src/modals/modelProviderModal/__tests__/ProviderListItem.test.tsx (ok=356 skipped_too_large=39 timed_out=2 panicked=0 failed_to_read=0)
[398/765] langflow-ai-langflow.git@cbc612c9 src/frontend/src/components/core/parameterRenderComponent/components/tableComponent/components/TableOptions/index.tsx (ok=357 skipped_too_large=39 timed_out=2 panicked=0 failed_to_read=0)
[399/765] langflow-ai-langflow.git@cd2bd4f1 src/frontend/src/modals/saveChangesModal/index.tsx (ok=358 skipped_too_large=39 timed_out=2 panicked=0 failed_to_read=0)
[400/765] langflow-ai-langflow.git@d602738a src/frontend/src/CustomNodes/GenericNode/components/NodeDialogComponent/index.tsx (ok=359 skipped_too_large=39 timed_out=2 panicked=0 failed_to_read=0)
[401/765] langflow-ai-langflow.git@d602738a src/frontend/src/components/core/parameterRenderComponent/components/modelInputComponent/index.tsx (ok=360 skipped_too_large=39 timed_out=2 panicked=0 failed_to_read=0)
[402/765] langflow-ai-langflow.git@d602738a src/frontend/src/pages/MainPage/pages/filesPage/index.tsx (ok=361 skipped_too_large=39 timed_out=2 panicked=0 failed_to_read=0)
[403/765] langflow-ai-langflow.git@d602738a src/frontend/src/pages/MainPage/pages/knowledgePage/components/KnowledgeBaseSelectionOverlay.tsx (ok=362 skipped_too_large=39 timed_out=2 panicked=0 failed_to_read=0)
[404/765] langflow-ai-langflow.git@d602738a src/frontend/src/pages/MainPage/pages/knowledgePage/components/__tests__/test-utils.tsx (ok=363 skipped_too_large=39 timed_out=2 panicked=0 failed_to_read=0)
[405/765] langflow-ai-langflow.git@d602738a src/frontend/src/pages/MainPage/pages/knowledgePage/index.tsx (ok=364 skipped_too_large=39 timed_out=2 panicked=0 failed_to_read=0)
[406/765] langflow-ai-langflow.git@d602738a src/frontend/src/routes.tsx (ok=365 skipped_too_large=39 timed_out=2 panicked=0 failed_to_read=0)
[407/765] langflow-ai-langflow.git@f8490476 src/frontend/src/components/ui/input.tsx (ok=366 skipped_too_large=39 timed_out=2 panicked=0 failed_to_read=0)
[408/765] microsoft-TypeScript.git@2fed5908 tests/cases/conformance/jsx/checkJsxChildrenProperty14.tsx (ok=367 skipped_too_large=39 timed_out=2 panicked=0 failed_to_read=0)
[409/765] microsoft-TypeScript.git@2fed5908 tests/cases/conformance/jsx/tsxStatelessFunctionComponentOverload1.tsx (ok=368 skipped_too_large=39 timed_out=2 panicked=0 failed_to_read=0)
[410/765] microsoft-TypeScript.git@2fed5908 tests/cases/conformance/jsx/tsxStatelessFunctionComponentsWithTypeArguments2.tsx (ok=369 skipped_too_large=39 timed_out=2 panicked=0 failed_to_read=0)
[411/765] microsoft-TypeScript.git@2fed5908 tests/cases/conformance/jsx/tsxStatelessFunctionComponentsWithTypeArguments3.tsx (ok=370 skipped_too_large=39 timed_out=2 panicked=0 failed_to_read=0)
[412/765] microsoft-TypeScript.git@3fc1f264 tests/cases/compiler/callsOnComplexSignatures.tsx (ok=371 skipped_too_large=39 timed_out=2 panicked=0 failed_to_read=0)
[413/765] microsoft-TypeScript.git@3fc1f264 tests/cases/compiler/contextuallyTypedJsxChildren.tsx (ok=372 skipped_too_large=39 timed_out=2 panicked=0 failed_to_read=0)
[414/765] microsoft-TypeScript.git@3fc1f264 tests/cases/compiler/jsxElementType.tsx (ok=373 skipped_too_large=39 timed_out=2 panicked=0 failed_to_read=0)
[415/765] microsoft-TypeScript.git@3fc1f264 tests/cases/compiler/jsxNamespaceImplicitImportJSXNamespace.tsx (ok=374 skipped_too_large=39 timed_out=2 panicked=0 failed_to_read=0)
[416/765] microsoft-TypeScript.git@3fc1f264 tests/cases/compiler/jsxNamespacePrefixInName.tsx (ok=375 skipped_too_large=39 timed_out=2 panicked=0 failed_to_read=0)
[417/765] microsoft-TypeScript.git@3fc1f264 tests/cases/conformance/jsx/checkJsxChildrenProperty14.tsx (ok=376 skipped_too_large=39 timed_out=2 panicked=0 failed_to_read=0)
[418/765] microsoft-TypeScript.git@3fc1f264 tests/cases/conformance/jsx/inline/inlineJsxFactoryDeclarationsLocalTypes.tsx (ok=377 skipped_too_large=39 timed_out=2 panicked=0 failed_to_read=0)
[419/765] microsoft-TypeScript.git@3fc1f264 tests/cases/conformance/jsx/jsxReactTestSuite.tsx (ok=378 skipped_too_large=39 timed_out=2 panicked=0 failed_to_read=0)
[420/765] microsoft-TypeScript.git@3fc1f264 tests/cases/conformance/jsx/tsxReactEmit1.tsx (ok=379 skipped_too_large=39 timed_out=2 panicked=0 failed_to_read=0)
[421/765] microsoft-TypeScript.git@3fc1f264 tests/cases/conformance/jsx/tsxStatelessFunctionComponentOverload3.tsx (ok=380 skipped_too_large=39 timed_out=2 panicked=0 failed_to_read=0)
[422/765] microsoft-TypeScript.git@3fc1f264 tests/cases/conformance/jsx/tsxStatelessFunctionComponentOverload5.tsx (ok=381 skipped_too_large=39 timed_out=2 panicked=0 failed_to_read=0)
[423/765] microsoft-TypeScript.git@3fc1f264 tests/cases/conformance/jsx/tsxStatelessFunctionComponents1.tsx (ok=382 skipped_too_large=39 timed_out=2 panicked=0 failed_to_read=0)
[424/765] microsoft-TypeScript.git@3fc1f264 tests/cases/conformance/jsx/tsxStatelessFunctionComponents2.tsx (ok=383 skipped_too_large=39 timed_out=2 panicked=0 failed_to_read=0)
[425/765] microsoft-TypeScript.git@3fc1f264 tests/cases/conformance/jsx/tsxStatelessFunctionComponentsWithTypeArguments1.tsx (ok=384 skipped_too_large=39 timed_out=2 panicked=0 failed_to_read=0)
[426/765] microsoft-TypeScript.git@3fc1f264 tests/cases/conformance/types/contextualTypes/jsxAttributes/contextuallyTypedStringLiteralsInJsxAttributes02.tsx (ok=385 skipped_too_large=39 timed_out=2 panicked=0 failed_to_read=0)
[427/765] microsoft-TypeScript.git@3fc1f264 tests/cases/conformance/types/typeRelationships/typeInference/intraExpressionInferencesJsx.tsx (ok=386 skipped_too_large=39 timed_out=2 panicked=0 failed_to_read=0)
[428/765] microsoft-TypeScript.git@c1592ada tests/cases/conformance/jsx/tsxStatelessFunctionComponentOverload1.tsx (ok=387 skipped_too_large=39 timed_out=2 panicked=0 failed_to_read=0)
[429/765] microsoft-TypeScript.git@c1592ada tests/cases/conformance/jsx/tsxStatelessFunctionComponentOverload5.tsx (ok=388 skipped_too_large=39 timed_out=2 panicked=0 failed_to_read=0)
[430/765] microsoft-TypeScript.git@c1592ada tests/cases/conformance/jsx/tsxStatelessFunctionComponentOverload6.tsx (ok=389 skipped_too_large=39 timed_out=2 panicked=0 failed_to_read=0)
[431/765] microsoft-TypeScript.git@c1592ada tests/cases/conformance/jsx/tsxStatelessFunctionComponents1.tsx (ok=390 skipped_too_large=39 timed_out=2 panicked=0 failed_to_read=0)
[432/765] microsoft-TypeScript.git@c1592ada tests/cases/conformance/jsx/tsxStatelessFunctionComponents2.tsx (ok=391 skipped_too_large=39 timed_out=2 panicked=0 failed_to_read=0)
[433/765] microsoft-TypeScript.git@c1592ada tests/cases/conformance/jsx/tsxStatelessFunctionComponentsWithTypeArguments1.tsx (ok=392 skipped_too_large=39 timed_out=2 panicked=0 failed_to_read=0)
[434/765] microsoft-TypeScript.git@c1592ada tests/cases/conformance/jsx/tsxStatelessFunctionComponentsWithTypeArguments2.tsx (ok=393 skipped_too_large=39 timed_out=2 panicked=0 failed_to_read=0)
[435/765] microsoft-TypeScript.git@c1592ada tests/cases/conformance/jsx/tsxStatelessFunctionComponentsWithTypeArguments3.tsx (ok=394 skipped_too_large=39 timed_out=2 panicked=0 failed_to_read=0)
[436/765] mui-material-ui.git@09f45362 packages/mui-material-nextjs/src/v13-appRouter/appRouterV13.tsx (ok=395 skipped_too_large=39 timed_out=2 panicked=0 failed_to_read=0)
[437/765] mui-material-ui.git@09f45362 packages/mui-material/src/InitColorSchemeScript/InitColorSchemeScript.tsx (ok=396 skipped_too_large=39 timed_out=2 panicked=0 failed_to_read=0)
[438/765] mui-material-ui.git@09f45362 packages/mui-system/src/Container/createContainer.tsx (ok=397 skipped_too_large=39 timed_out=2 panicked=0 failed_to_read=0)
[439/765] mui-material-ui.git@09f45362 packages/mui-system/src/DefaultPropsProvider/DefaultPropsProvider.tsx (ok=398 skipped_too_large=39 timed_out=2 panicked=0 failed_to_read=0)
[440/765] mui-material-ui.git@09f45362 packages/mui-system/src/GlobalStyles/GlobalStyles.tsx (ok=399 skipped_too_large=39 timed_out=2 panicked=0 failed_to_read=0)
[441/765] mui-material-ui.git@09f45362 packages/mui-system/src/InitColorSchemeScript/InitColorSchemeScript.tsx (ok=400 skipped_too_large=39 timed_out=2 panicked=0 failed_to_read=0)
[442/765] mui-material-ui.git@09f45362 packages/mui-system/src/Stack/createStack.tsx (ok=401 skipped_too_large=39 timed_out=2 panicked=0 failed_to_read=0)
[443/765] mui-material-ui.git@12ea064a docs/data/material/components/grid/HalfBorderedGrid.tsx (ok=402 skipped_too_large=39 timed_out=2 panicked=0 failed_to_read=0)
[444/765] mui-material-ui.git@12ea064a docs/data/system/components/grid/NestedGrid.tsx (ok=403 skipped_too_large=39 timed_out=2 panicked=0 failed_to_read=0)
[445/765] mui-material-ui.git@12ea064a docs/data/system/components/grid/SpacingGrid.tsx (ok=404 skipped_too_large=39 timed_out=2 panicked=0 failed_to_read=0)
[446/765] mui-material-ui.git@12ea064a docs/src/components/productDesignKit/DesignKitDemo.tsx (ok=405 skipped_too_large=39 timed_out=2 panicked=0 failed_to_read=0)
[447/765] mui-material-ui.git@12ea064a docs/src/components/productTemplate/TemplateDemo.tsx (ok=406 skipped_too_large=39 timed_out=2 panicked=0 failed_to_read=0)
[448/765] mui-material-ui.git@12ea064a packages/mui-material/src/Grid/Grid.tsx (ok=407 skipped_too_large=39 timed_out=2 panicked=0 failed_to_read=0)
[449/765] mui-material-ui.git@48e7bd80 docs/data/material/components/tooltips/PositionedTooltips.tsx (ok=408 skipped_too_large=39 timed_out=2 panicked=0 failed_to_read=0)
[450/765] mui-material-ui.git@48e7bd80 docs/data/material/components/tooltips/VariableWidth.tsx (ok=409 skipped_too_large=39 timed_out=2 panicked=0 failed_to_read=0)
[451/765] mui-material-ui.git@6e9f2ab1 docs/data/material/components/menus/GroupedMenu.tsx (ok=410 skipped_too_large=39 timed_out=2 panicked=0 failed_to_read=0)
[452/765] mui-material-ui.git@a73691ea docs/pages/pricing.tsx (ok=411 skipped_too_large=39 timed_out=2 panicked=0 failed_to_read=0)
[453/765] mui-material-ui.git@a73691ea packages/mui-material/src/PigmentContainer/PigmentContainer.tsx (ok=412 skipped_too_large=39 timed_out=2 panicked=0 failed_to_read=0)
[454/765] mui-material-ui.git@a73691ea packages/mui-material/src/PigmentStack/PigmentStack.tsx (ok=413 skipped_too_large=39 timed_out=2 panicked=0 failed_to_read=0)
[455/765] mui-material-ui.git@ae29d037 docs/src/modules/components/AnalyticsProvider.tsx (ok=414 skipped_too_large=39 timed_out=2 panicked=0 failed_to_read=0)
[456/765] mui-material-ui.git@c2f85065 packages/mui-material/src/ClickAwayListener/ClickAwayListener.tsx (ok=415 skipped_too_large=39 timed_out=2 panicked=0 failed_to_read=0)
[457/765] mui-material-ui.git@c2f85065 packages/mui-material/src/PigmentContainer/PigmentContainer.tsx (ok=416 skipped_too_large=39 timed_out=2 panicked=0 failed_to_read=0)
[458/765] mui-material-ui.git@c2f85065 packages/mui-material/src/PigmentStack/PigmentStack.tsx (ok=417 skipped_too_large=39 timed_out=2 panicked=0 failed_to_read=0)
[459/765] mui-material-ui.git@c2f85065 packages/mui-material/src/Popper/Popper.tsx (ok=418 skipped_too_large=39 timed_out=2 panicked=0 failed_to_read=0)
[460/765] mui-material-ui.git@d667c7ef docs/pages/customers.tsx (ok=419 skipped_too_large=39 timed_out=2 panicked=0 failed_to_read=0)
[461/765] mui-material-ui.git@d667c7ef docs/src/components/customers/CustomerQuotes.tsx (ok=420 skipped_too_large=39 timed_out=2 panicked=0 failed_to_read=0)
[462/765] mui-material-ui.git@d667c7ef docs/src/components/customers/CustomersSpotlight.tsx (ok=421 skipped_too_large=39 timed_out=2 panicked=0 failed_to_read=0)
[463/765] mui-material-ui.git@d667c7ef docs/src/components/header/HeaderNavDropdown.tsx (ok=422 skipped_too_large=39 timed_out=2 panicked=0 failed_to_read=0)
[464/765] mui-material-ui.git@df76c5f5 docs/src/modules/components/DemoContext.tsx (ok=423 skipped_too_large=39 timed_out=2 panicked=0 failed_to_read=0)
[465/765] mui-material-ui.git@e22f0452 docs/data/joy/getting-started/templates/sign-in-side/App.tsx (ok=424 skipped_too_large=39 timed_out=2 panicked=0 failed_to_read=0)
[466/765] mui-material-ui.git@e22f0452 packages/mui-material/src/Button/Button.spec.tsx (ok=425 skipped_too_large=39 timed_out=2 panicked=0 failed_to_read=0)
[467/765] mui-material-ui.git@e22f0452 packages/mui-material/src/GridLegacy/GridLegacy.spec.tsx (ok=426 skipped_too_large=39 timed_out=2 panicked=0 failed_to_read=0)
[468/765] shadcn-ui-ui.git@8648ddb5 apps/v4/registry/new-york-v4/examples/form-rhf-checkbox.tsx (ok=427 skipped_too_large=39 timed_out=2 panicked=0 failed_to_read=0)
[469/765] shadcn-ui-ui.git@8648ddb5 apps/v4/registry/new-york-v4/examples/form-tanstack-checkbox.tsx (ok=428 skipped_too_large=39 timed_out=2 panicked=0 failed_to_read=0)
[470/765] shadcn-ui-ui.git@9e6765f4 apps/v4/examples/base/ui-rtl/radio-group.tsx (ok=429 skipped_too_large=39 timed_out=2 panicked=0 failed_to_read=0)
[471/765] shadcn-ui-ui.git@9e6765f4 apps/v4/examples/radix/ui/radio-group.tsx (ok=430 skipped_too_large=39 timed_out=2 panicked=0 failed_to_read=0)
[472/765] shadcn-ui-ui.git@9e6765f4 apps/v4/registry/bases/base/ui/radio-group.tsx (ok=431 skipped_too_large=39 timed_out=2 panicked=0 failed_to_read=0)
[473/765] shadcn-ui-ui.git@9e6765f4 apps/v4/registry/bases/radix/ui/radio-group.tsx (ok=432 skipped_too_large=39 timed_out=2 panicked=0 failed_to_read=0)
[474/765] shadcn-ui-ui.git@ae895787 apps/v4/examples/base/ui-rtl/accordion.tsx (ok=433 skipped_too_large=39 timed_out=2 panicked=0 failed_to_read=0)
[475/765] shadcn-ui-ui.git@b8688551 apps/v4/registry/bases/base/ui/badge.tsx (ok=434 skipped_too_large=39 timed_out=2 panicked=0 failed_to_read=0)
[476/765] shadcn-ui-ui.git@e90efd4f apps/v4/examples/radix/ui-rtl/dropdown-menu.tsx (ok=435 skipped_too_large=39 timed_out=2 panicked=0 failed_to_read=0)
[477/765] shadcn-ui-ui.git@feff5b6a apps/v4/registry/new-york-v4/examples/form-tanstack-checkbox.tsx (ok=436 skipped_too_large=39 timed_out=2 panicked=0 failed_to_read=0)
[478/765] Sonarr-Sonarr.git@21ca65a0 frontend/src/Settings/Profiles/Quality/QualityProfileName.tsx (ok=437 skipped_too_large=39 timed_out=2 panicked=0 failed_to_read=0)
[479/765] Sonarr-Sonarr.git@28300ffb frontend/src/Components/Page/Sidebar/PageSidebarStatus.tsx (ok=438 skipped_too_large=39 timed_out=2 panicked=0 failed_to_read=0)
[480/765] excalidraw-excalidraw.git@063533ae packages/excalidraw/components/Sidebar/SidebarTab.tsx (ok=439 skipped_too_large=39 timed_out=2 panicked=0 failed_to_read=0)
[481/765] excalidraw-excalidraw.git@063533ae packages/excalidraw/components/Sidebar/SidebarTabTrigger.tsx (ok=440 skipped_too_large=39 timed_out=2 panicked=0 failed_to_read=0)
[482/765] excalidraw-excalidraw.git@063533ae packages/excalidraw/components/Sidebar/SidebarTabTriggers.tsx (ok=441 skipped_too_large=39 timed_out=2 panicked=0 failed_to_read=0)
[483/765] excalidraw-excalidraw.git@063533ae packages/excalidraw/components/Sidebar/SidebarTabs.tsx (ok=442 skipped_too_large=39 timed_out=2 panicked=0 failed_to_read=0)
[484/765] excalidraw-excalidraw.git@063533ae packages/excalidraw/components/TTDDialog/TTDDialogTabTriggers.tsx (ok=443 skipped_too_large=39 timed_out=2 panicked=0 failed_to_read=0)
[485/765] excalidraw-excalidraw.git@47cbb5b6 examples/with-script-in-browser/components/MobileFooter.tsx (ok=444 skipped_too_large=39 timed_out=2 panicked=0 failed_to_read=0)
[486/765] excalidraw-excalidraw.git@47cbb5b6 packages/excalidraw/components/dropdownMenu/DropdownMenuTrigger.tsx (ok=445 skipped_too_large=39 timed_out=2 panicked=0 failed_to_read=0)
[487/765] excalidraw-excalidraw.git@7f66e1fe excalidraw-app/components/ExcalidrawPlusPromoBanner.tsx (ok=446 skipped_too_large=39 timed_out=2 panicked=0 failed_to_read=0)
[488/765] excalidraw-excalidraw.git@8013eb5e packages/excalidraw/components/TTDDialog/TTDDialogSubmitShortcut.tsx (ok=447 skipped_too_large=39 timed_out=2 panicked=0 failed_to_read=0)
[489/765] excalidraw-excalidraw.git@b9a25540 packages/excalidraw/components/Card.tsx (ok=448 skipped_too_large=39 timed_out=2 panicked=0 failed_to_read=0)
[490/765] excalidraw-excalidraw.git@c99e8167 packages/excalidraw/actions/actionToggleZenMode.tsx (ok=449 skipped_too_large=39 timed_out=2 panicked=0 failed_to_read=0)
[491/765] langflow-ai-langflow.git@126c037a src/frontend/src/components/ui/textarea.tsx (ok=450 skipped_too_large=39 timed_out=2 panicked=0 failed_to_read=0)
[492/765] microsoft-TypeScript.git@2fed5908 tests/cases/compiler/jsxHasLiteralType.tsx (ok=451 skipped_too_large=39 timed_out=2 panicked=0 failed_to_read=0)
[493/765] microsoft-TypeScript.git@2fed5908 tests/cases/compiler/jsxSpreadFirstUnionNoErrors.tsx (ok=452 skipped_too_large=39 timed_out=2 panicked=0 failed_to_read=0)
[494/765] microsoft-TypeScript.git@2fed5908 tests/cases/conformance/jsx/checkJsxChildrenProperty1.tsx (ok=453 skipped_too_large=39 timed_out=2 panicked=0 failed_to_read=0)
[495/765] microsoft-TypeScript.git@2fed5908 tests/cases/conformance/jsx/checkJsxChildrenProperty12.tsx (ok=454 skipped_too_large=39 timed_out=2 panicked=0 failed_to_read=0)
[496/765] microsoft-TypeScript.git@2fed5908 tests/cases/conformance/jsx/checkJsxChildrenProperty13.tsx (ok=455 skipped_too_large=39 timed_out=2 panicked=0 failed_to_read=0)
[497/765] microsoft-TypeScript.git@2fed5908 tests/cases/conformance/jsx/checkJsxChildrenProperty15.tsx (ok=456 skipped_too_large=39 timed_out=2 panicked=0 failed_to_read=0)
[498/765] microsoft-TypeScript.git@2fed5908 tests/cases/conformance/jsx/checkJsxChildrenProperty4.tsx (ok=457 skipped_too_large=39 timed_out=2 panicked=0 failed_to_read=0)
[499/765] microsoft-TypeScript.git@2fed5908 tests/cases/conformance/jsx/checkJsxChildrenProperty5.tsx (ok=458 skipped_too_large=39 timed_out=2 panicked=0 failed_to_read=0)
[500/765] microsoft-TypeScript.git@2fed5908 tests/cases/conformance/jsx/checkJsxChildrenProperty7.tsx (ok=459 skipped_too_large=39 timed_out=2 panicked=0 failed_to_read=0)
[501/765] microsoft-TypeScript.git@2fed5908 tests/cases/conformance/jsx/checkJsxGenericTagHasCorrectInferences.tsx (ok=460 skipped_too_large=39 timed_out=2 panicked=0 failed_to_read=0)
[502/765] microsoft-TypeScript.git@2fed5908 tests/cases/conformance/jsx/commentEmittingInPreserveJsx1.tsx (ok=461 skipped_too_large=39 timed_out=2 panicked=0 failed_to_read=0)
[503/765] microsoft-TypeScript.git@2fed5908 tests/cases/conformance/jsx/correctlyMarkAliasAsReferences1.tsx (ok=462 skipped_too_large=39 timed_out=2 panicked=0 failed_to_read=0)
[504/765] microsoft-TypeScript.git@2fed5908 tests/cases/conformance/jsx/correctlyMarkAliasAsReferences2.tsx (ok=463 skipped_too_large=39 timed_out=2 panicked=0 failed_to_read=0)
[505/765] microsoft-TypeScript.git@2fed5908 tests/cases/conformance/jsx/correctlyMarkAliasAsReferences4.tsx (ok=464 skipped_too_large=39 timed_out=2 panicked=0 failed_to_read=0)
[506/765] microsoft-TypeScript.git@2fed5908 tests/cases/conformance/jsx/tsxDefaultAttributesResolution1.tsx (ok=465 skipped_too_large=39 timed_out=2 panicked=0 failed_to_read=0)
[507/765] microsoft-TypeScript.git@2fed5908 tests/cases/conformance/jsx/tsxGenericAttributesType2.tsx (ok=466 skipped_too_large=39 timed_out=2 panicked=0 failed_to_read=0)
[508/765] microsoft-TypeScript.git@2fed5908 tests/cases/conformance/jsx/tsxGenericAttributesType6.tsx (ok=467 skipped_too_large=39 timed_out=2 panicked=0 failed_to_read=0)
[509/765] microsoft-TypeScript.git@2fed5908 tests/cases/conformance/jsx/tsxGenericAttributesType7.tsx (ok=468 skipped_too_large=39 timed_out=2 panicked=0 failed_to_read=0)
[510/765] microsoft-TypeScript.git@2fed5908 tests/cases/conformance/jsx/tsxGenericAttributesType8.tsx (ok=469 skipped_too_large=39 timed_out=2 panicked=0 failed_to_read=0)
[511/765] microsoft-TypeScript.git@2fed5908 tests/cases/conformance/jsx/tsxGenericAttributesType9.tsx (ok=470 skipped_too_large=39 timed_out=2 panicked=0 failed_to_read=0)
[512/765] microsoft-TypeScript.git@2fed5908 tests/cases/conformance/jsx/tsxReactComponentWithDefaultTypeParameter1.tsx (ok=471 skipped_too_large=39 timed_out=2 panicked=0 failed_to_read=0)
[513/765] microsoft-TypeScript.git@2fed5908 tests/cases/conformance/jsx/tsxReactComponentWithDefaultTypeParameter2.tsx (ok=472 skipped_too_large=39 timed_out=2 panicked=0 failed_to_read=0)
[514/765] microsoft-TypeScript.git@2fed5908 tests/cases/conformance/jsx/tsxSfcReturnNullStrictNullChecks.tsx (ok=473 skipped_too_large=39 timed_out=2 panicked=0 failed_to_read=0)
[515/765] microsoft-TypeScript.git@2fed5908 tests/cases/conformance/jsx/tsxSpreadAttributesResolution10.tsx (ok=474 skipped_too_large=39 timed_out=2 panicked=0 failed_to_read=0)
[516/765] microsoft-TypeScript.git@2fed5908 tests/cases/conformance/jsx/tsxSpreadAttributesResolution11.tsx (ok=475 skipped_too_large=39 timed_out=2 panicked=0 failed_to_read=0)
[517/765] microsoft-TypeScript.git@2fed5908 tests/cases/conformance/jsx/tsxSpreadAttributesResolution12.tsx (ok=476 skipped_too_large=39 timed_out=2 panicked=0 failed_to_read=0)
[518/765] microsoft-TypeScript.git@2fed5908 tests/cases/conformance/jsx/tsxSpreadAttributesResolution13.tsx (ok=477 skipped_too_large=39 timed_out=2 panicked=0 failed_to_read=0)
[519/765] microsoft-TypeScript.git@2fed5908 tests/cases/conformance/jsx/tsxSpreadAttributesResolution15.tsx (ok=478 skipped_too_large=39 timed_out=2 panicked=0 failed_to_read=0)
[520/765] microsoft-TypeScript.git@2fed5908 tests/cases/conformance/jsx/tsxSpreadAttributesResolution16.tsx (ok=479 skipped_too_large=39 timed_out=2 panicked=0 failed_to_read=0)
[521/765] microsoft-TypeScript.git@2fed5908 tests/cases/conformance/jsx/tsxSpreadAttributesResolution17.tsx (ok=480 skipped_too_large=39 timed_out=2 panicked=0 failed_to_read=0)
[522/765] microsoft-TypeScript.git@2fed5908 tests/cases/conformance/jsx/tsxSpreadAttributesResolution4.tsx (ok=481 skipped_too_large=39 timed_out=2 panicked=0 failed_to_read=0)
[523/765] microsoft-TypeScript.git@2fed5908 tests/cases/conformance/jsx/tsxSpreadAttributesResolution5.tsx (ok=482 skipped_too_large=39 timed_out=2 panicked=0 failed_to_read=0)
[524/765] microsoft-TypeScript.git@2fed5908 tests/cases/conformance/jsx/tsxSpreadAttributesResolution8.tsx (ok=483 skipped_too_large=39 timed_out=2 panicked=0 failed_to_read=0)
[525/765] microsoft-TypeScript.git@2fed5908 tests/cases/conformance/jsx/tsxSpreadAttributesResolution9.tsx (ok=484 skipped_too_large=39 timed_out=2 panicked=0 failed_to_read=0)
[526/765] microsoft-TypeScript.git@2fed5908 tests/cases/conformance/jsx/tsxStatelessFunctionComponents3.tsx (ok=485 skipped_too_large=39 timed_out=2 panicked=0 failed_to_read=0)
[527/765] microsoft-TypeScript.git@2fed5908 tests/cases/conformance/jsx/tsxStatelessFunctionComponentsWithTypeArguments4.tsx (ok=486 skipped_too_large=39 timed_out=2 panicked=0 failed_to_read=0)
[528/765] microsoft-TypeScript.git@2fed5908 tests/cases/conformance/jsx/tsxUnionElementType3.tsx (ok=487 skipped_too_large=39 timed_out=2 panicked=0 failed_to_read=0)
[529/765] microsoft-TypeScript.git@2fed5908 tests/cases/conformance/jsx/tsxUnionElementType4.tsx (ok=488 skipped_too_large=39 timed_out=2 panicked=0 failed_to_read=0)
[530/765] microsoft-TypeScript.git@2fed5908 tests/cases/conformance/jsx/tsxUnionElementType6.tsx (ok=489 skipped_too_large=39 timed_out=2 panicked=0 failed_to_read=0)
[531/765] microsoft-TypeScript.git@2fed5908 tests/cases/conformance/jsx/tsxUnionTypeComponent1.tsx (ok=490 skipped_too_large=39 timed_out=2 panicked=0 failed_to_read=0)
[532/765] microsoft-TypeScript.git@2fed5908 tests/cases/conformance/jsx/tsxUnionTypeComponent2.tsx (ok=491 skipped_too_large=39 timed_out=2 panicked=0 failed_to_read=0)
[533/765] microsoft-TypeScript.git@3fc1f264 tests/cases/compiler/commentsOnJSXExpressionsArePreserved.tsx (ok=492 skipped_too_large=39 timed_out=2 panicked=0 failed_to_read=0)
[534/765] microsoft-TypeScript.git@3fc1f264 tests/cases/compiler/contextuallyTypedJsxAttribute2.tsx (ok=493 skipped_too_large=39 timed_out=2 panicked=0 failed_to_read=0)
[535/765] microsoft-TypeScript.git@3fc1f264 tests/cases/compiler/discriminatedUnionJsxElement.tsx (ok=494 skipped_too_large=39 timed_out=2 panicked=0 failed_to_read=0)
[536/765] microsoft-TypeScript.git@3fc1f264 tests/cases/compiler/errorSpanForUnclosedJsxTag.tsx (ok=495 skipped_too_large=39 timed_out=2 panicked=0 failed_to_read=0)
[537/765] microsoft-TypeScript.git@3fc1f264 tests/cases/compiler/genericInferenceDefaultTypeParameterJsxReact.tsx (ok=496 skipped_too_large=39 timed_out=2 panicked=0 failed_to_read=0)
[538/765] microsoft-TypeScript.git@3fc1f264 tests/cases/compiler/ignoredJsxAttributes.tsx (ok=497 skipped_too_large=39 timed_out=2 panicked=0 failed_to_read=0)
[539/765] microsoft-TypeScript.git@3fc1f264 tests/cases/compiler/importHelpersInTsx.tsx (ok=498 skipped_too_large=39 timed_out=2 panicked=0 failed_to_read=0)
[540/765] microsoft-TypeScript.git@3fc1f264 tests/cases/compiler/jsxChildrenSingleChildConfusableWithMultipleChildrenNoError.tsx (ok=499 skipped_too_large=39 timed_out=2 panicked=0 failed_to_read=0)
[541/765] microsoft-TypeScript.git@3fc1f264 tests/cases/compiler/jsxComponentTypeErrors.tsx (ok=500 skipped_too_large=39 timed_out=2 panicked=0 failed_to_read=0)
[542/765] microsoft-TypeScript.git@3fc1f264 tests/cases/compiler/jsxDeclarationsWithEsModuleInteropNoCrash.tsx (ok=501 skipped_too_large=39 timed_out=2 panicked=0 failed_to_read=0)
[543/765] microsoft-TypeScript.git@3fc1f264 tests/cases/compiler/jsxElementTypeLiteralWithGeneric.tsx (ok=502 skipped_too_large=39 timed_out=2 panicked=0 failed_to_read=0)
[544/765] microsoft-TypeScript.git@3fc1f264 tests/cases/compiler/jsxElementsAsIdentifierNames.tsx (ok=503 skipped_too_large=39 timed_out=2 panicked=0 failed_to_read=0)
[545/765] microsoft-TypeScript.git@3fc1f264 tests/cases/compiler/jsxEmptyExpressionNotCountedAsChild.tsx (ok=504 skipped_too_large=39 timed_out=2 panicked=0 failed_to_read=0)
[546/765] microsoft-TypeScript.git@3fc1f264 tests/cases/compiler/jsxExcessPropsAndAssignability.tsx (ok=505 skipped_too_large=39 timed_out=2 panicked=0 failed_to_read=0)
[547/765] microsoft-TypeScript.git@3fc1f264 tests/cases/compiler/jsxFactoryAndJsxFragmentFactoryNull.tsx (ok=506 skipped_too_large=39 timed_out=2 panicked=0 failed_to_read=0)
[548/765] microsoft-TypeScript.git@3fc1f264 tests/cases/compiler/jsxFactoryButNoJsxFragmentFactory.tsx (ok=507 skipped_too_large=39 timed_out=2 panicked=0 failed_to_read=0)
[549/765] microsoft-TypeScript.git@3fc1f264 tests/cases/compiler/jsxFragmentAndFactoryUsedOnFragmentUse.tsx (ok=508 skipped_too_large=39 timed_out=2 panicked=0 failed_to_read=0)
[550/765] microsoft-TypeScript.git@3fc1f264 tests/cases/compiler/jsxFragmentFactoryNoUnusedLocals.tsx (ok=509 skipped_too_large=39 timed_out=2 panicked=0 failed_to_read=0)
[551/765] microsoft-TypeScript.git@3fc1f264 tests/cases/compiler/jsxGenericComponentWithSpreadingResultOfGenericFunction.tsx (ok=510 skipped_too_large=39 timed_out=2 panicked=0 failed_to_read=0)
[552/765] microsoft-TypeScript.git@3fc1f264 tests/cases/compiler/jsxHasLiteralType.tsx (ok=511 skipped_too_large=39 timed_out=2 panicked=0 failed_to_read=0)
[553/765] microsoft-TypeScript.git@3fc1f264 tests/cases/compiler/jsxImportSourceNonPragmaComment.tsx (ok=512 skipped_too_large=39 timed_out=2 panicked=0 failed_to_read=0)
[554/765] microsoft-TypeScript.git@3fc1f264 tests/cases/compiler/jsxInExtendsClause.tsx (ok=513 skipped_too_large=39 timed_out=2 panicked=0 failed_to_read=0)
[555/765] microsoft-TypeScript.git@3fc1f264 tests/cases/compiler/jsxIntrinsicElementsCompatability.tsx (ok=514 skipped_too_large=39 timed_out=2 panicked=0 failed_to_read=0)
[556/765] microsoft-TypeScript.git@3fc1f264 tests/cases/compiler/jsxIntrinsicElementsTypeArgumentErrors.tsx (ok=515 skipped_too_large=39 timed_out=2 panicked=0 failed_to_read=0)
[557/765] microsoft-TypeScript.git@3fc1f264 tests/cases/compiler/jsxLibraryManagedAttributesUnusedGeneric.tsx (ok=516 skipped_too_large=39 timed_out=2 panicked=0 failed_to_read=0)
[558/765] microsoft-TypeScript.git@3fc1f264 tests/cases/compiler/jsxLocalNamespaceIndexSignatureNoCrash.tsx (ok=517 skipped_too_large=39 timed_out=2 panicked=0 failed_to_read=0)
[559/765] microsoft-TypeScript.git@3fc1f264 tests/cases/compiler/jsxMultilineAttributeStringValues.tsx (ok=518 skipped_too_large=39 timed_out=2 panicked=0 failed_to_read=0)
[560/765] microsoft-TypeScript.git@3fc1f264 tests/cases/compiler/jsxNamespaceElementChildrenAttributeIgnoredWhenReactJsx.tsx (ok=519 skipped_too_large=39 timed_out=2 panicked=0 failed_to_read=0)
[561/765] microsoft-TypeScript.git@3fc1f264 tests/cases/compiler/jsxNestedWithinTernaryParsesCorrectly.tsx (ok=520 skipped_too_large=39 timed_out=2 panicked=0 failed_to_read=0)
[562/765] microsoft-TypeScript.git@3fc1f264 tests/cases/compiler/jsxPartialSpread.tsx (ok=521 skipped_too_large=39 timed_out=2 panicked=0 failed_to_read=0)
[563/765] microsoft-TypeScript.git@3fc1f264 tests/cases/compiler/jsxPropsAsIdentifierNames.tsx (ok=522 skipped_too_large=39 timed_out=2 panicked=0 failed_to_read=0)
[564/765] microsoft-TypeScript.git@3fc1f264 tests/cases/compiler/jsxSpreadFirstUnionNoErrors.tsx (ok=523 skipped_too_large=39 timed_out=2 panicked=0 failed_to_read=0)
[565/765] microsoft-TypeScript.git@3fc1f264 tests/cases/compiler/jsxViaImport.tsx (ok=524 skipped_too_large=39 timed_out=2 panicked=0 failed_to_read=0)
[566/765] microsoft-TypeScript.git@3fc1f264 tests/cases/compiler/privateNameJsx.tsx (ok=525 skipped_too_large=39 timed_out=2 panicked=0 failed_to_read=0)
[567/765] microsoft-TypeScript.git@3fc1f264 tests/cases/compiler/reactJsxReactResolvedNodeNext.tsx (ok=526 skipped_too_large=39 timed_out=2 panicked=0 failed_to_read=0)
[568/765] microsoft-TypeScript.git@3fc1f264 tests/cases/compiler/reactJsxReactResolvedNodeNextEsm.tsx (ok=527 skipped_too_large=39 timed_out=2 panicked=0 failed_to_read=0)
[569/765] microsoft-TypeScript.git@3fc1f264 tests/cases/compiler/reactNamespaceInvalidInput.tsx (ok=528 skipped_too_large=39 timed_out=2 panicked=0 failed_to_read=0)
[570/765] microsoft-TypeScript.git@3fc1f264 tests/cases/compiler/reactSFCAndFunctionResolvable.tsx (ok=529 skipped_too_large=39 timed_out=2 panicked=0 failed_to_read=0)
[571/765] microsoft-TypeScript.git@3fc1f264 tests/cases/compiler/reactTagNameComponentWithPropsNoOOM.tsx (ok=530 skipped_too_large=39 timed_out=2 panicked=0 failed_to_read=0)
[572/765] microsoft-TypeScript.git@3fc1f264 tests/cases/compiler/spreadIntersectionJsx.tsx (ok=531 skipped_too_large=39 timed_out=2 panicked=0 failed_to_read=0)
[573/765] microsoft-TypeScript.git@3fc1f264 tests/cases/compiler/tsxAttributeQuickinfoTypesSameAsObjectLiteral.tsx (ok=532 skipped_too_large=39 timed_out=2 panicked=0 failed_to_read=0)
[574/765] microsoft-TypeScript.git@3fc1f264 tests/cases/compiler/tsxAttributesHasInferrableIndex.tsx (ok=533 skipped_too_large=39 timed_out=2 panicked=0 failed_to_read=0)
[575/765] microsoft-TypeScript.git@3fc1f264 tests/cases/compiler/tsxNoTypeAnnotatedSFC.tsx (ok=534 skipped_too_large=39 timed_out=2 panicked=0 failed_to_read=0)
[576/765] microsoft-TypeScript.git@3fc1f264 tests/cases/compiler/tsxNotUsingApparentTypeOfSFC.tsx (ok=535 skipped_too_large=39 timed_out=2 panicked=0 failed_to_read=0)
[577/765] microsoft-TypeScript.git@3fc1f264 tests/cases/compiler/tsxReactPropsInferenceSucceedsOnIntersections.tsx (ok=536 skipped_too_large=39 timed_out=2 panicked=0 failed_to_read=0)
[578/765] microsoft-TypeScript.git@3fc1f264 tests/cases/compiler/tsxStatelessComponentDefaultProps.tsx (ok=537 skipped_too_large=39 timed_out=2 panicked=0 failed_to_read=0)
[579/765] microsoft-TypeScript.git@3fc1f264 tests/cases/compiler/tsxUnionMemberChecksFilterDataProps.tsx (ok=538 skipped_too_large=39 timed_out=2 panicked=0 failed_to_read=0)
[580/765] microsoft-TypeScript.git@3fc1f264 tests/cases/compiler/typeInferenceWithExcessPropertiesJsx.tsx (ok=539 skipped_too_large=39 timed_out=2 panicked=0 failed_to_read=0)
[581/765] microsoft-TypeScript.git@3fc1f264 tests/cases/conformance/controlFlow/controlFlowOptionalChain3.tsx (ok=540 skipped_too_large=39 timed_out=2 panicked=0 failed_to_read=0)
[582/765] microsoft-TypeScript.git@3fc1f264 tests/cases/conformance/directives/multiline.tsx (ok=541 skipped_too_large=39 timed_out=2 panicked=0 failed_to_read=0)
[583/765] microsoft-TypeScript.git@3fc1f264 tests/cases/conformance/jsx/checkJsxChildrenCanBeTupleType.tsx (ok=542 skipped_too_large=39 timed_out=2 panicked=0 failed_to_read=0)
[584/765] microsoft-TypeScript.git@3fc1f264 tests/cases/conformance/jsx/checkJsxChildrenProperty1.tsx (ok=543 skipped_too_large=39 timed_out=2 panicked=0 failed_to_read=0)
[585/765] microsoft-TypeScript.git@3fc1f264 tests/cases/conformance/jsx/checkJsxChildrenProperty10.tsx (ok=544 skipped_too_large=39 timed_out=2 panicked=0 failed_to_read=0)
[586/765] microsoft-TypeScript.git@3fc1f264 tests/cases/conformance/jsx/checkJsxChildrenProperty11.tsx (ok=545 skipped_too_large=39 timed_out=2 panicked=0 failed_to_read=0)
[587/765] microsoft-TypeScript.git@3fc1f264 tests/cases/conformance/jsx/checkJsxChildrenProperty12.tsx (ok=546 skipped_too_large=39 timed_out=2 panicked=0 failed_to_read=0)
[588/765] microsoft-TypeScript.git@3fc1f264 tests/cases/conformance/jsx/checkJsxChildrenProperty13.tsx (ok=547 skipped_too_large=39 timed_out=2 panicked=0 failed_to_read=0)
[589/765] microsoft-TypeScript.git@3fc1f264 tests/cases/conformance/jsx/checkJsxChildrenProperty15.tsx (ok=548 skipped_too_large=39 timed_out=2 panicked=0 failed_to_read=0)
[590/765] microsoft-TypeScript.git@3fc1f264 tests/cases/conformance/jsx/checkJsxChildrenProperty6.tsx (ok=549 skipped_too_large=39 timed_out=2 panicked=0 failed_to_read=0)
[591/765] microsoft-TypeScript.git@3fc1f264 tests/cases/conformance/jsx/checkJsxChildrenProperty7.tsx (ok=550 skipped_too_large=39 timed_out=2 panicked=0 failed_to_read=0)
[592/765] microsoft-TypeScript.git@3fc1f264 tests/cases/conformance/jsx/checkJsxGenericTagHasCorrectInferences.tsx (ok=551 skipped_too_large=39 timed_out=2 panicked=0 failed_to_read=0)
[593/765] microsoft-TypeScript.git@3fc1f264 tests/cases/conformance/jsx/checkJsxIntersectionElementPropsType.tsx (ok=552 skipped_too_large=39 timed_out=2 panicked=0 failed_to_read=0)
[594/765] microsoft-TypeScript.git@3fc1f264 tests/cases/conformance/jsx/commentEmittingInPreserveJsx1.tsx (ok=553 skipped_too_large=39 timed_out=2 panicked=0 failed_to_read=0)
[595/765] microsoft-TypeScript.git@3fc1f264 tests/cases/conformance/jsx/inline/inlineJsxAndJsxFragPragmaOverridesCompilerOptions.tsx (ok=554 skipped_too_large=39 timed_out=2 panicked=0 failed_to_read=0)
[596/765] microsoft-TypeScript.git@3fc1f264 tests/cases/conformance/jsx/jsxCheckJsxNoTypeArgumentsAllowed.tsx (ok=555 skipped_too_large=39 timed_out=2 panicked=0 failed_to_read=0)
[597/765] microsoft-TypeScript.git@3fc1f264 tests/cases/conformance/jsx/jsxEsprimaFbTestSuite.tsx (ok=556 skipped_too_large=39 timed_out=2 panicked=0 failed_to_read=0)
[598/765] microsoft-TypeScript.git@3fc1f264 tests/cases/conformance/jsx/jsxs/jsxJsxsCjsTransformCustomImport.tsx (ok=557 skipped_too_large=39 timed_out=2 panicked=0 failed_to_read=0)
[599/765] microsoft-TypeScript.git@3fc1f264 tests/cases/conformance/jsx/jsxs/jsxJsxsCjsTransformCustomImportPragma.tsx (ok=558 skipped_too_large=39 timed_out=2 panicked=0 failed_to_read=0)
[600/765] microsoft-TypeScript.git@3fc1f264 tests/cases/conformance/jsx/jsxs/jsxJsxsCjsTransformKeyProp.tsx (ok=559 skipped_too_large=39 timed_out=2 panicked=0 failed_to_read=0)
[601/765] microsoft-TypeScript.git@3fc1f264 tests/cases/conformance/jsx/jsxs/jsxJsxsCjsTransformNestedSelfClosingChild.tsx (ok=560 skipped_too_large=39 timed_out=2 panicked=0 failed_to_read=0)
[602/765] microsoft-TypeScript.git@3fc1f264 tests/cases/conformance/jsx/jsxs/jsxJsxsCjsTransformSubstitutesNamesFragment.tsx (ok=561 skipped_too_large=39 timed_out=2 panicked=0 failed_to_read=0)
[603/765] microsoft-TypeScript.git@3fc1f264 tests/cases/conformance/jsx/tsxAttributeErrors.tsx (ok=562 skipped_too_large=39 timed_out=2 panicked=0 failed_to_read=0)
[604/765] microsoft-TypeScript.git@3fc1f264 tests/cases/conformance/jsx/tsxAttributeResolution.tsx (ok=563 skipped_too_large=39 timed_out=2 panicked=0 failed_to_read=0)
[605/765] microsoft-TypeScript.git@3fc1f264 tests/cases/conformance/jsx/tsxAttributeResolution1.tsx (ok=564 skipped_too_large=39 timed_out=2 panicked=0 failed_to_read=0)
[606/765] microsoft-TypeScript.git@3fc1f264 tests/cases/conformance/jsx/tsxAttributeResolution10.tsx (ok=565 skipped_too_large=39 timed_out=2 panicked=0 failed_to_read=0)
[607/765] microsoft-TypeScript.git@3fc1f264 tests/cases/conformance/jsx/tsxAttributeResolution16.tsx (ok=566 skipped_too_large=39 timed_out=2 panicked=0 failed_to_read=0)
[608/765] microsoft-TypeScript.git@3fc1f264 tests/cases/conformance/jsx/tsxAttributeResolution2.tsx (ok=567 skipped_too_large=39 timed_out=2 panicked=0 failed_to_read=0)
[609/765] microsoft-TypeScript.git@3fc1f264 tests/cases/conformance/jsx/tsxAttributeResolution3.tsx (ok=568 skipped_too_large=39 timed_out=2 panicked=0 failed_to_read=0)
[610/765] microsoft-TypeScript.git@3fc1f264 tests/cases/conformance/jsx/tsxAttributeResolution5.tsx (ok=569 skipped_too_large=39 timed_out=2 panicked=0 failed_to_read=0)
[611/765] microsoft-TypeScript.git@3fc1f264 tests/cases/conformance/jsx/tsxAttributeResolution6.tsx (ok=570 skipped_too_large=39 timed_out=2 panicked=0 failed_to_read=0)
[612/765] microsoft-TypeScript.git@3fc1f264 tests/cases/conformance/jsx/tsxAttributeResolution9.tsx (ok=571 skipped_too_large=39 timed_out=2 panicked=0 failed_to_read=0)
[613/765] microsoft-TypeScript.git@3fc1f264 tests/cases/conformance/jsx/tsxDefaultAttributesResolution3.tsx (ok=572 skipped_too_large=39 timed_out=2 panicked=0 failed_to_read=0)
[614/765] microsoft-TypeScript.git@3fc1f264 tests/cases/conformance/jsx/tsxDynamicTagName1.tsx (ok=573 skipped_too_large=39 timed_out=2 panicked=0 failed_to_read=0)
[615/765] microsoft-TypeScript.git@3fc1f264 tests/cases/conformance/jsx/tsxDynamicTagName3.tsx (ok=574 skipped_too_large=39 timed_out=2 panicked=0 failed_to_read=0)
[616/765] microsoft-TypeScript.git@3fc1f264 tests/cases/conformance/jsx/tsxDynamicTagName4.tsx (ok=575 skipped_too_large=39 timed_out=2 panicked=0 failed_to_read=0)
[617/765] microsoft-TypeScript.git@3fc1f264 tests/cases/conformance/jsx/tsxDynamicTagName6.tsx (ok=576 skipped_too_large=39 timed_out=2 panicked=0 failed_to_read=0)
[618/765] microsoft-TypeScript.git@3fc1f264 tests/cases/conformance/jsx/tsxDynamicTagName8.tsx (ok=577 skipped_too_large=39 timed_out=2 panicked=0 failed_to_read=0)
[619/765] microsoft-TypeScript.git@3fc1f264 tests/cases/conformance/jsx/tsxElementResolution.tsx (ok=578 skipped_too_large=39 timed_out=2 panicked=0 failed_to_read=0)
[620/765] microsoft-TypeScript.git@3fc1f264 tests/cases/conformance/jsx/tsxElementResolution13.tsx (ok=579 skipped_too_large=39 timed_out=2 panicked=0 failed_to_read=0)
[621/765] microsoft-TypeScript.git@3fc1f264 tests/cases/conformance/jsx/tsxElementResolution14.tsx (ok=580 skipped_too_large=39 timed_out=2 panicked=0 failed_to_read=0)
[622/765] microsoft-TypeScript.git@3fc1f264 tests/cases/conformance/jsx/tsxElementResolution16.tsx (ok=581 skipped_too_large=39 timed_out=2 panicked=0 failed_to_read=0)
[623/765] microsoft-TypeScript.git@3fc1f264 tests/cases/conformance/jsx/tsxElementResolution18.tsx (ok=582 skipped_too_large=39 timed_out=2 panicked=0 failed_to_read=0)
[624/765] microsoft-TypeScript.git@3fc1f264 tests/cases/conformance/jsx/tsxElementResolution4.tsx (ok=583 skipped_too_large=39 timed_out=2 panicked=0 failed_to_read=0)
[625/765] microsoft-TypeScript.git@3fc1f264 tests/cases/conformance/jsx/tsxElementResolution5.tsx (ok=584 skipped_too_large=39 timed_out=2 panicked=0 failed_to_read=0)
[626/765] microsoft-TypeScript.git@3fc1f264 tests/cases/conformance/jsx/tsxElementResolution8.tsx (ok=585 skipped_too_large=39 timed_out=2 panicked=0 failed_to_read=0)
[627/765] microsoft-TypeScript.git@3fc1f264 tests/cases/conformance/jsx/tsxElementResolution9.tsx (ok=586 skipped_too_large=39 timed_out=2 panicked=0 failed_to_read=0)
[628/765] microsoft-TypeScript.git@3fc1f264 tests/cases/conformance/jsx/tsxErrorRecovery3.tsx (ok=587 skipped_too_large=39 timed_out=2 panicked=0 failed_to_read=0)
[629/765] microsoft-TypeScript.git@3fc1f264 tests/cases/conformance/jsx/tsxExternalModuleEmit2.tsx (ok=588 skipped_too_large=39 timed_out=2 panicked=0 failed_to_read=0)
[630/765] microsoft-TypeScript.git@3fc1f264 tests/cases/conformance/jsx/tsxFragmentPreserveEmit.tsx (ok=589 skipped_too_large=39 timed_out=2 panicked=0 failed_to_read=0)
[631/765] microsoft-TypeScript.git@3fc1f264 tests/cases/conformance/jsx/tsxGenericArrowFunctionParsing.tsx (ok=590 skipped_too_large=39 timed_out=2 panicked=0 failed_to_read=0)
[632/765] microsoft-TypeScript.git@3fc1f264 tests/cases/conformance/jsx/tsxGenericAttributesType2.tsx (ok=591 skipped_too_large=39 timed_out=2 panicked=0 failed_to_read=0)
[633/765] microsoft-TypeScript.git@3fc1f264 tests/cases/conformance/jsx/tsxGenericAttributesType3.tsx (ok=592 skipped_too_large=39 timed_out=2 panicked=0 failed_to_read=0)
[634/765] microsoft-TypeScript.git@3fc1f264 tests/cases/conformance/jsx/tsxGenericAttributesType4.tsx (ok=593 skipped_too_large=39 timed_out=2 panicked=0 failed_to_read=0)
[635/765] microsoft-TypeScript.git@3fc1f264 tests/cases/conformance/jsx/tsxGenericAttributesType5.tsx (ok=594 skipped_too_large=39 timed_out=2 panicked=0 failed_to_read=0)
[636/765] microsoft-TypeScript.git@3fc1f264 tests/cases/conformance/jsx/tsxGenericAttributesType7.tsx (ok=595 skipped_too_large=39 timed_out=2 panicked=0 failed_to_read=0)
[637/765] microsoft-TypeScript.git@3fc1f264 tests/cases/conformance/jsx/tsxGenericAttributesType8.tsx (ok=596 skipped_too_large=39 timed_out=2 panicked=0 failed_to_read=0)
[638/765] microsoft-TypeScript.git@3fc1f264 tests/cases/conformance/jsx/tsxGenericAttributesType9.tsx (ok=597 skipped_too_large=39 timed_out=2 panicked=0 failed_to_read=0)
[639/765] microsoft-TypeScript.git@3fc1f264 tests/cases/conformance/jsx/tsxIntrinsicAttributeErrors.tsx (ok=598 skipped_too_large=39 timed_out=2 panicked=0 failed_to_read=0)
[640/765] microsoft-TypeScript.git@3fc1f264 tests/cases/conformance/jsx/tsxNamespacedAttributeName1.tsx (ok=599 skipped_too_large=39 timed_out=2 panicked=0 failed_to_read=0)
[641/765] microsoft-TypeScript.git@3fc1f264 tests/cases/conformance/jsx/tsxNamespacedTagName1.tsx (ok=600 skipped_too_large=39 timed_out=2 panicked=0 failed_to_read=0)
[642/765] microsoft-TypeScript.git@3fc1f264 tests/cases/conformance/jsx/tsxOpeningClosingNames.tsx (ok=601 skipped_too_large=39 timed_out=2 panicked=0 failed_to_read=0)
[643/765] microsoft-TypeScript.git@3fc1f264 tests/cases/conformance/jsx/tsxParseTests1.tsx (ok=602 skipped_too_large=39 timed_out=2 panicked=0 failed_to_read=0)
[644/765] microsoft-TypeScript.git@3fc1f264 tests/cases/conformance/jsx/tsxPreserveEmit2.tsx (ok=603 skipped_too_large=39 timed_out=2 panicked=0 failed_to_read=0)
[645/765] microsoft-TypeScript.git@3fc1f264 tests/cases/conformance/jsx/tsxPreserveEmit3.tsx (ok=604 skipped_too_large=39 timed_out=2 panicked=0 failed_to_read=0)
[646/765] microsoft-TypeScript.git@3fc1f264 tests/cases/conformance/jsx/tsxReactComponentWithDefaultTypeParameter3.tsx (ok=605 skipped_too_large=39 timed_out=2 panicked=0 failed_to_read=0)
[647/765] microsoft-TypeScript.git@3fc1f264 tests/cases/conformance/jsx/tsxReactEmit4.tsx (ok=606 skipped_too_large=39 timed_out=2 panicked=0 failed_to_read=0)
[648/765] microsoft-TypeScript.git@3fc1f264 tests/cases/conformance/jsx/tsxReactEmit7.tsx (ok=607 skipped_too_large=39 timed_out=2 panicked=0 failed_to_read=0)
[649/765] microsoft-TypeScript.git@3fc1f264 tests/cases/conformance/jsx/tsxReactEmitEntities.tsx (ok=608 skipped_too_large=39 timed_out=2 panicked=0 failed_to_read=0)
[650/765] microsoft-TypeScript.git@3fc1f264 tests/cases/conformance/jsx/tsxReactEmitWhitespace.tsx (ok=609 skipped_too_large=39 timed_out=2 panicked=0 failed_to_read=0)
[651/765] microsoft-TypeScript.git@3fc1f264 tests/cases/conformance/jsx/tsxSfcReturnNull.tsx (ok=610 skipped_too_large=39 timed_out=2 panicked=0 failed_to_read=0)
[652/765] microsoft-TypeScript.git@3fc1f264 tests/cases/conformance/jsx/tsxSpreadAttributesResolution1.tsx (ok=611 skipped_too_large=39 timed_out=2 panicked=0 failed_to_read=0)
[653/765] microsoft-TypeScript.git@3fc1f264 tests/cases/conformance/jsx/tsxSpreadAttributesResolution10.tsx (ok=612 skipped_too_large=39 timed_out=2 panicked=0 failed_to_read=0)
[654/765] microsoft-TypeScript.git@3fc1f264 tests/cases/conformance/jsx/tsxSpreadAttributesResolution12.tsx (ok=613 skipped_too_large=39 timed_out=2 panicked=0 failed_to_read=0)
[655/765] microsoft-TypeScript.git@3fc1f264 tests/cases/conformance/jsx/tsxSpreadAttributesResolution13.tsx (ok=614 skipped_too_large=39 timed_out=2 panicked=0 failed_to_read=0)
[656/765] microsoft-TypeScript.git@3fc1f264 tests/cases/conformance/jsx/tsxSpreadAttributesResolution2.tsx (ok=615 skipped_too_large=39 timed_out=2 panicked=0 failed_to_read=0)
[657/765] microsoft-TypeScript.git@3fc1f264 tests/cases/conformance/jsx/tsxSpreadAttributesResolution3.tsx (ok=616 skipped_too_large=39 timed_out=2 panicked=0 failed_to_read=0)
[658/765] microsoft-TypeScript.git@3fc1f264 tests/cases/conformance/jsx/tsxSpreadAttributesResolution5.tsx (ok=617 skipped_too_large=39 timed_out=2 panicked=0 failed_to_read=0)
[659/765] microsoft-TypeScript.git@3fc1f264 tests/cases/conformance/jsx/tsxSpreadAttributesResolution6.tsx (ok=618 skipped_too_large=39 timed_out=2 panicked=0 failed_to_read=0)
[660/765] microsoft-TypeScript.git@3fc1f264 tests/cases/conformance/jsx/tsxSpreadAttributesResolution7.tsx (ok=619 skipped_too_large=39 timed_out=2 panicked=0 failed_to_read=0)
[661/765] microsoft-TypeScript.git@3fc1f264 tests/cases/conformance/jsx/tsxSpreadAttributesResolution9.tsx (ok=620 skipped_too_large=39 timed_out=2 panicked=0 failed_to_read=0)
[662/765] microsoft-TypeScript.git@3fc1f264 tests/cases/conformance/jsx/tsxSpreadInvalidType.tsx (ok=621 skipped_too_large=39 timed_out=2 panicked=0 failed_to_read=0)
[663/765] microsoft-TypeScript.git@3fc1f264 tests/cases/conformance/jsx/tsxStatelessFunctionComponentOverload2.tsx (ok=622 skipped_too_large=39 timed_out=2 panicked=0 failed_to_read=0)
[664/765] microsoft-TypeScript.git@3fc1f264 tests/cases/conformance/jsx/tsxStatelessFunctionComponentsWithTypeArguments4.tsx (ok=623 skipped_too_large=39 timed_out=2 panicked=0 failed_to_read=0)
[665/765] microsoft-TypeScript.git@3fc1f264 tests/cases/conformance/jsx/tsxStatelessFunctionComponentsWithTypeArguments5.tsx (ok=624 skipped_too_large=39 timed_out=2 panicked=0 failed_to_read=0)
[666/765] microsoft-TypeScript.git@3fc1f264 tests/cases/conformance/jsx/tsxTypeErrors.tsx (ok=625 skipped_too_large=39 timed_out=2 panicked=0 failed_to_read=0)
[667/765] microsoft-TypeScript.git@3fc1f264 tests/cases/conformance/jsx/tsxUnionElementType2.tsx (ok=626 skipped_too_large=39 timed_out=2 panicked=0 failed_to_read=0)
[668/765] microsoft-TypeScript.git@3fc1f264 tests/cases/conformance/jsx/tsxUnionElementType4.tsx (ok=627 skipped_too_large=39 timed_out=2 panicked=0 failed_to_read=0)
[669/765] microsoft-TypeScript.git@3fc1f264 tests/cases/conformance/jsx/tsxUnionElementType6.tsx (ok=628 skipped_too_large=39 timed_out=2 panicked=0 failed_to_read=0)
[670/765] microsoft-TypeScript.git@3fc1f264 tests/cases/conformance/jsx/tsxUnionTypeComponent1.tsx (ok=629 skipped_too_large=39 timed_out=2 panicked=0 failed_to_read=0)
[671/765] microsoft-TypeScript.git@c1592ada tests/cases/compiler/booleanLiteralsContextuallyTypedFromUnion.tsx (ok=630 skipped_too_large=39 timed_out=2 panicked=0 failed_to_read=0)
[672/765] microsoft-TypeScript.git@c1592ada tests/cases/compiler/tsxDeepAttributeAssignabilityError.tsx (ok=631 skipped_too_large=39 timed_out=2 panicked=0 failed_to_read=0)
[673/765] microsoft-TypeScript.git@c1592ada tests/cases/conformance/jsx/checkJsxChildrenProperty1.tsx (ok=632 skipped_too_large=39 timed_out=2 panicked=0 failed_to_read=0)
[674/765] microsoft-TypeScript.git@c1592ada tests/cases/conformance/jsx/checkJsxChildrenProperty12.tsx (ok=633 skipped_too_large=39 timed_out=2 panicked=0 failed_to_read=0)
[675/765] microsoft-TypeScript.git@c1592ada tests/cases/conformance/jsx/checkJsxChildrenProperty13.tsx (ok=634 skipped_too_large=39 timed_out=2 panicked=0 failed_to_read=0)
[676/765] microsoft-TypeScript.git@c1592ada tests/cases/conformance/jsx/checkJsxChildrenProperty4.tsx (ok=635 skipped_too_large=39 timed_out=2 panicked=0 failed_to_read=0)
[677/765] microsoft-TypeScript.git@c1592ada tests/cases/conformance/jsx/checkJsxChildrenProperty5.tsx (ok=636 skipped_too_large=39 timed_out=2 panicked=0 failed_to_read=0)
[678/765] microsoft-TypeScript.git@c1592ada tests/cases/conformance/jsx/checkJsxChildrenProperty8.tsx (ok=637 skipped_too_large=39 timed_out=2 panicked=0 failed_to_read=0)
[679/765] microsoft-TypeScript.git@c1592ada tests/cases/conformance/jsx/checkJsxChildrenProperty9.tsx (ok=638 skipped_too_large=39 timed_out=2 panicked=0 failed_to_read=0)
[680/765] microsoft-TypeScript.git@c1592ada tests/cases/conformance/jsx/checkJsxGenericTagHasCorrectInferences.tsx (ok=639 skipped_too_large=39 timed_out=2 panicked=0 failed_to_read=0)
[681/765] microsoft-TypeScript.git@c1592ada tests/cases/conformance/jsx/commentEmittingInPreserveJsx1.tsx (ok=640 skipped_too_large=39 timed_out=2 panicked=0 failed_to_read=0)
[682/765] microsoft-TypeScript.git@c1592ada tests/cases/conformance/jsx/correctlyMarkAliasAsReferences1.tsx (ok=641 skipped_too_large=39 timed_out=2 panicked=0 failed_to_read=0)
[683/765] microsoft-TypeScript.git@c1592ada tests/cases/conformance/jsx/correctlyMarkAliasAsReferences2.tsx (ok=642 skipped_too_large=39 timed_out=2 panicked=0 failed_to_read=0)
[684/765] microsoft-TypeScript.git@c1592ada tests/cases/conformance/jsx/correctlyMarkAliasAsReferences4.tsx (ok=643 skipped_too_large=39 timed_out=2 panicked=0 failed_to_read=0)
[685/765] microsoft-TypeScript.git@c1592ada tests/cases/conformance/jsx/jsxCheckJsxNoTypeArgumentsAllowed.tsx (ok=644 skipped_too_large=39 timed_out=2 panicked=0 failed_to_read=0)
[686/765] microsoft-TypeScript.git@c1592ada tests/cases/conformance/jsx/jsxSpreadOverwritesAttributeStrict.tsx (ok=645 skipped_too_large=39 timed_out=2 panicked=0 failed_to_read=0)
[687/765] microsoft-TypeScript.git@c1592ada tests/cases/conformance/jsx/tsxAttributeResolution16.tsx (ok=646 skipped_too_large=39 timed_out=2 panicked=0 failed_to_read=0)
[688/765] microsoft-TypeScript.git@c1592ada tests/cases/conformance/jsx/tsxDefaultAttributesResolution1.tsx (ok=647 skipped_too_large=39 timed_out=2 panicked=0 failed_to_read=0)
[689/765] microsoft-TypeScript.git@c1592ada tests/cases/conformance/jsx/tsxDefaultAttributesResolution3.tsx (ok=648 skipped_too_large=39 timed_out=2 panicked=0 failed_to_read=0)
[690/765] microsoft-TypeScript.git@c1592ada tests/cases/conformance/jsx/tsxGenericAttributesType3.tsx (ok=649 skipped_too_large=39 timed_out=2 panicked=0 failed_to_read=0)
[691/765] microsoft-TypeScript.git@c1592ada tests/cases/conformance/jsx/tsxGenericAttributesType6.tsx (ok=650 skipped_too_large=39 timed_out=2 panicked=0 failed_to_read=0)
[692/765] microsoft-TypeScript.git@c1592ada tests/cases/conformance/jsx/tsxGenericAttributesType9.tsx (ok=651 skipped_too_large=39 timed_out=2 panicked=0 failed_to_read=0)
[693/765] microsoft-TypeScript.git@c1592ada tests/cases/conformance/jsx/tsxReactComponentWithDefaultTypeParameter1.tsx (ok=652 skipped_too_large=39 timed_out=2 panicked=0 failed_to_read=0)
[694/765] microsoft-TypeScript.git@c1592ada tests/cases/conformance/jsx/tsxReactComponentWithDefaultTypeParameter2.tsx (ok=653 skipped_too_large=39 timed_out=2 panicked=0 failed_to_read=0)
[695/765] microsoft-TypeScript.git@c1592ada tests/cases/conformance/jsx/tsxSfcReturnNullStrictNullChecks.tsx (ok=654 skipped_too_large=39 timed_out=2 panicked=0 failed_to_read=0)
[696/765] microsoft-TypeScript.git@c1592ada tests/cases/conformance/jsx/tsxSpreadAttributesResolution1.tsx (ok=655 skipped_too_large=39 timed_out=2 panicked=0 failed_to_read=0)
[697/765] microsoft-TypeScript.git@c1592ada tests/cases/conformance/jsx/tsxSpreadAttributesResolution12.tsx (ok=656 skipped_too_large=39 timed_out=2 panicked=0 failed_to_read=0)
[698/765] microsoft-TypeScript.git@c1592ada tests/cases/conformance/jsx/tsxSpreadAttributesResolution14.tsx (ok=657 skipped_too_large=39 timed_out=2 panicked=0 failed_to_read=0)
[699/765] microsoft-TypeScript.git@c1592ada tests/cases/conformance/jsx/tsxSpreadAttributesResolution16.tsx (ok=658 skipped_too_large=39 timed_out=2 panicked=0 failed_to_read=0)
[700/765] microsoft-TypeScript.git@c1592ada tests/cases/conformance/jsx/tsxSpreadAttributesResolution2.tsx (ok=659 skipped_too_large=39 timed_out=2 panicked=0 failed_to_read=0)
[701/765] microsoft-TypeScript.git@c1592ada tests/cases/conformance/jsx/tsxSpreadAttributesResolution3.tsx (ok=660 skipped_too_large=39 timed_out=2 panicked=0 failed_to_read=0)
[702/765] microsoft-TypeScript.git@c1592ada tests/cases/conformance/jsx/tsxSpreadAttributesResolution7.tsx (ok=661 skipped_too_large=39 timed_out=2 panicked=0 failed_to_read=0)
[703/765] microsoft-TypeScript.git@c1592ada tests/cases/conformance/jsx/tsxStatelessFunctionComponentOverload2.tsx (ok=662 skipped_too_large=39 timed_out=2 panicked=0 failed_to_read=0)
[704/765] microsoft-TypeScript.git@c1592ada tests/cases/conformance/jsx/tsxStatelessFunctionComponentWithDefaultTypeParameter1.tsx (ok=663 skipped_too_large=39 timed_out=2 panicked=0 failed_to_read=0)
[705/765] microsoft-TypeScript.git@c1592ada tests/cases/conformance/jsx/tsxStatelessFunctionComponentWithDefaultTypeParameter2.tsx (ok=664 skipped_too_large=39 timed_out=2 panicked=0 failed_to_read=0)
[706/765] microsoft-TypeScript.git@c1592ada tests/cases/conformance/jsx/tsxStatelessFunctionComponents3.tsx (ok=665 skipped_too_large=39 timed_out=2 panicked=0 failed_to_read=0)
[707/765] microsoft-TypeScript.git@c1592ada tests/cases/conformance/jsx/tsxStatelessFunctionComponentsWithTypeArguments4.tsx (ok=666 skipped_too_large=39 timed_out=2 panicked=0 failed_to_read=0)
[708/765] microsoft-TypeScript.git@c1592ada tests/cases/conformance/jsx/tsxStatelessFunctionComponentsWithTypeArguments5.tsx (ok=667 skipped_too_large=39 timed_out=2 panicked=0 failed_to_read=0)
[709/765] microsoft-TypeScript.git@c1592ada tests/cases/conformance/jsx/tsxTypeArgumentsJsxPreserveOutput.tsx (ok=668 skipped_too_large=39 timed_out=2 panicked=0 failed_to_read=0)
[710/765] microsoft-TypeScript.git@c1592ada tests/cases/conformance/jsx/tsxUnionElementType1.tsx (ok=669 skipped_too_large=39 timed_out=2 panicked=0 failed_to_read=0)
[711/765] microsoft-TypeScript.git@c1592ada tests/cases/conformance/jsx/tsxUnionElementType2.tsx (ok=670 skipped_too_large=39 timed_out=2 panicked=0 failed_to_read=0)
[712/765] microsoft-TypeScript.git@c1592ada tests/cases/conformance/jsx/tsxUnionElementType3.tsx (ok=671 skipped_too_large=39 timed_out=2 panicked=0 failed_to_read=0)
[713/765] microsoft-TypeScript.git@c1592ada tests/cases/conformance/jsx/tsxUnionElementType4.tsx (ok=672 skipped_too_large=39 timed_out=2 panicked=0 failed_to_read=0)
[714/765] microsoft-TypeScript.git@c1592ada tests/cases/conformance/jsx/tsxUnionElementType5.tsx (ok=673 skipped_too_large=39 timed_out=2 panicked=0 failed_to_read=0)
[715/765] microsoft-TypeScript.git@c1592ada tests/cases/conformance/jsx/tsxUnionTypeComponent1.tsx (ok=674 skipped_too_large=39 timed_out=2 panicked=0 failed_to_read=0)
[716/765] microsoft-TypeScript.git@f5ccf434 tests/cases/conformance/jsx/tsxElementResolution11.tsx (ok=675 skipped_too_large=39 timed_out=2 panicked=0 failed_to_read=0)
[717/765] microsoft-TypeScript.git@f5ccf434 tests/cases/conformance/jsx/tsxElementResolution15.tsx (ok=676 skipped_too_large=39 timed_out=2 panicked=0 failed_to_read=0)
[718/765] microsoft-TypeScript.git@f5ccf434 tests/cases/conformance/jsx/tsxElementResolution8.tsx (ok=677 skipped_too_large=39 timed_out=2 panicked=0 failed_to_read=0)
[719/765] microsoft-TypeScript.git@f5ccf434 tests/cases/conformance/jsx/tsxElementResolution9.tsx (ok=678 skipped_too_large=39 timed_out=2 panicked=0 failed_to_read=0)
[720/765] microsoft-TypeScript.git@f5ccf434 tests/cases/conformance/jsx/tsxIntrinsicAttributeErrors.tsx (ok=679 skipped_too_large=39 timed_out=2 panicked=0 failed_to_read=0)
[721/765] microsoft-TypeScript.git@f5ccf434 tests/cases/conformance/jsx/tsxSpreadChildrenInvalidType.tsx (ok=680 skipped_too_large=39 timed_out=2 panicked=0 failed_to_read=0)
[722/765] mui-material-ui.git@48e7bd80 docs/data/material/components/tooltips/ArrowTooltips.tsx (ok=681 skipped_too_large=39 timed_out=2 panicked=0 failed_to_read=0)
[723/765] mui-material-ui.git@48e7bd80 docs/data/material/components/tooltips/ControlledTooltips.tsx (ok=682 skipped_too_large=39 timed_out=2 panicked=0 failed_to_read=0)
[724/765] mui-material-ui.git@48e7bd80 docs/data/material/components/tooltips/DelayTooltips.tsx (ok=683 skipped_too_large=39 timed_out=2 panicked=0 failed_to_read=0)
[725/765] mui-material-ui.git@48e7bd80 docs/data/material/components/tooltips/FollowCursorTooltips.tsx (ok=684 skipped_too_large=39 timed_out=2 panicked=0 failed_to_read=0)
[726/765] mui-material-ui.git@d8d5c5e7 docs/data/material/components/number-field/FieldDemo.tsx (ok=685 skipped_too_large=39 timed_out=2 panicked=0 failed_to_read=0)
[727/765] ollama-ollama.git@948de6bb app/ui/app/src/routes/__root.tsx (ok=686 skipped_too_large=39 timed_out=2 panicked=0 failed_to_read=0)
[728/765] excalidraw-excalidraw.git@0988ecfe packages/excalidraw/components/App.tsx (ok=686 skipped_too_large=40 timed_out=2 panicked=0 failed_to_read=0)
[729/765] excalidraw-excalidraw.git@1c8e8bb0 packages/excalidraw/components/App.tsx (ok=686 skipped_too_large=41 timed_out=2 panicked=0 failed_to_read=0)
[730/765] excalidraw-excalidraw.git@210dc85c packages/excalidraw/components/App.tsx (ok=686 skipped_too_large=42 timed_out=2 panicked=0 failed_to_read=0)
[731/765] excalidraw-excalidraw.git@2b454022 packages/excalidraw/components/App.tsx (ok=686 skipped_too_large=43 timed_out=2 panicked=0 failed_to_read=0)
[732/765] excalidraw-excalidraw.git@37882c66 packages/excalidraw/components/App.tsx (ok=686 skipped_too_large=44 timed_out=2 panicked=0 failed_to_read=0)
[733/765] excalidraw-excalidraw.git@451bcac0 packages/excalidraw/components/App.tsx (ok=686 skipped_too_large=45 timed_out=2 panicked=0 failed_to_read=0)
[734/765] excalidraw-excalidraw.git@47cbb5b6 packages/excalidraw/components/App.tsx (ok=686 skipped_too_large=46 timed_out=2 panicked=0 failed_to_read=0)
[735/765] excalidraw-excalidraw.git@4c3d037f packages/excalidraw/components/App.tsx (ok=686 skipped_too_large=47 timed_out=2 panicked=0 failed_to_read=0)
[736/765] excalidraw-excalidraw.git@5852d0d4 packages/excalidraw/components/App.tsx (ok=686 skipped_too_large=48 timed_out=2 panicked=0 failed_to_read=0)
[737/765] excalidraw-excalidraw.git@60b27588 packages/excalidraw/components/App.tsx (ok=686 skipped_too_large=49 timed_out=2 panicked=0 failed_to_read=0)
[738/765] excalidraw-excalidraw.git@63e11482 packages/excalidraw/components/App.tsx (ok=686 skipped_too_large=50 timed_out=2 panicked=0 failed_to_read=0)
[739/765] excalidraw-excalidraw.git@6c908553 packages/excalidraw/components/App.tsx (ok=686 skipped_too_large=51 timed_out=2 panicked=0 failed_to_read=0)
[740/765] excalidraw-excalidraw.git@725412eb packages/excalidraw/components/App.tsx (ok=686 skipped_too_large=52 timed_out=2 panicked=0 failed_to_read=0)
[741/765] excalidraw-excalidraw.git@7da176ff packages/excalidraw/components/App.tsx (ok=686 skipped_too_large=53 timed_out=2 panicked=0 failed_to_read=0)
[742/765] excalidraw-excalidraw.git@8013eb5e packages/excalidraw/components/App.tsx (ok=686 skipped_too_large=54 timed_out=2 panicked=0 failed_to_read=0)
[743/765] excalidraw-excalidraw.git@83d3943c packages/excalidraw/tests/history.test.tsx (ok=686 skipped_too_large=55 timed_out=2 panicked=0 failed_to_read=0)
[744/765] excalidraw-excalidraw.git@8d18078f packages/excalidraw/components/App.tsx (ok=686 skipped_too_large=56 timed_out=2 panicked=0 failed_to_read=0)
[745/765] excalidraw-excalidraw.git@8d18078f packages/excalidraw/tests/history.test.tsx (ok=686 skipped_too_large=57 timed_out=2 panicked=0 failed_to_read=0)
[746/765] excalidraw-excalidraw.git@9ba0f5db packages/excalidraw/tests/history.test.tsx (ok=686 skipped_too_large=58 timed_out=2 panicked=0 failed_to_read=0)
[747/765] excalidraw-excalidraw.git@9d760336 packages/excalidraw/components/App.tsx (ok=686 skipped_too_large=59 timed_out=2 panicked=0 failed_to_read=0)
[748/765] excalidraw-excalidraw.git@a70417f2 packages/excalidraw/components/App.tsx (ok=686 skipped_too_large=60 timed_out=2 panicked=0 failed_to_read=0)
[749/765] excalidraw-excalidraw.git@a70417f2 packages/excalidraw/tests/history.test.tsx (ok=686 skipped_too_large=61 timed_out=2 panicked=0 failed_to_read=0)
[750/765] excalidraw-excalidraw.git@b43260d9 packages/excalidraw/components/App.tsx (ok=686 skipped_too_large=62 timed_out=2 panicked=0 failed_to_read=0)
[751/765] excalidraw-excalidraw.git@b552c607 packages/excalidraw/components/App.tsx (ok=686 skipped_too_large=63 timed_out=2 panicked=0 failed_to_read=0)
[752/765] excalidraw-excalidraw.git@b552c607 packages/excalidraw/tests/history.test.tsx (ok=686 skipped_too_large=64 timed_out=2 panicked=0 failed_to_read=0)
[753/765] excalidraw-excalidraw.git@b57f3e00 packages/excalidraw/components/App.tsx (ok=686 skipped_too_large=65 timed_out=2 panicked=0 failed_to_read=0)
[754/765] excalidraw-excalidraw.git@b6604781 packages/excalidraw/components/App.tsx (ok=686 skipped_too_large=66 timed_out=2 panicked=0 failed_to_read=0)
[755/765] excalidraw-excalidraw.git@bf4c65f4 packages/excalidraw/components/App.tsx (ok=686 skipped_too_large=67 timed_out=2 panicked=0 failed_to_read=0)
[756/765] excalidraw-excalidraw.git@c141960a packages/excalidraw/components/App.tsx (ok=686 skipped_too_large=68 timed_out=2 panicked=0 failed_to_read=0)
[757/765] excalidraw-excalidraw.git@c141960a packages/excalidraw/tests/history.test.tsx (ok=686 skipped_too_large=69 timed_out=2 panicked=0 failed_to_read=0)
[758/765] excalidraw-excalidraw.git@cae9d2bc packages/excalidraw/components/App.tsx (ok=686 skipped_too_large=70 timed_out=2 panicked=0 failed_to_read=0)
[759/765] excalidraw-excalidraw.git@d29fd62e packages/excalidraw/components/App.tsx (ok=686 skipped_too_large=71 timed_out=2 panicked=0 failed_to_read=0)
[760/765] excalidraw-excalidraw.git@dc2f25c1 packages/excalidraw/components/App.tsx (ok=686 skipped_too_large=72 timed_out=2 panicked=0 failed_to_read=0)
[761/765] excalidraw-excalidraw.git@e95222ed packages/excalidraw/components/App.tsx (ok=686 skipped_too_large=73 timed_out=2 panicked=0 failed_to_read=0)
[762/765] excalidraw-excalidraw.git@eb959128 packages/excalidraw/components/App.tsx (ok=686 skipped_too_large=74 timed_out=2 panicked=0 failed_to_read=0)
[763/765] excalidraw-excalidraw.git@f06484c6 packages/excalidraw/components/App.tsx (ok=686 skipped_too_large=75 timed_out=2 panicked=0 failed_to_read=0)
[764/765] prometheus-prometheus.git@5bd0d00f web/ui/mantine-ui/src/promql/functionDocs.tsx (ok=686 skipped_too_large=76 timed_out=2 panicked=0 failed_to_read=0)
[765/765] shadcn-ui-ui.git@f076420e apps/v4/examples/__index__.tsx (ok=686 skipped_too_large=77 timed_out=2 panicked=0 failed_to_read=0)
Measured 765 pairs into "/home/marko/src/codediff/research/results/benchmark_tsx.csv": ok=686 skipped_too_large=77 timed_out=2 panicked=0 failed_to_read=0
