Loaded 1000 sampled pairs
[1/1000] GyulyVGC-sniffnet.git@03806afd src/gui/pages/overview_page.rs (ok=1 skipped_too_large=0 timed_out=0 panicked=0 failed_to_read=0)
[2/1000] GyulyVGC-sniffnet.git@0f691588 src/gui/sniffer.rs (ok=1 skipped_too_large=1 timed_out=0 panicked=0 failed_to_read=0)
[3/1000] GyulyVGC-sniffnet.git@1224ce76 src/networking/manage_packets.rs (ok=1 skipped_too_large=2 timed_out=0 panicked=0 failed_to_read=0)
[4/1000] GyulyVGC-sniffnet.git@3397107f src/gui/pages/initial_page.rs (ok=2 skipped_too_large=2 timed_out=0 panicked=0 failed_to_read=0)
[5/1000] GyulyVGC-sniffnet.git@4a34e755 src/gui/pages/connection_details_page.rs (ok=3 skipped_too_large=2 timed_out=0 panicked=0 failed_to_read=0)
[6/1000] GyulyVGC-sniffnet.git@4c5239b6 src/gui/pages/initial_page.rs (ok=4 skipped_too_large=2 timed_out=0 panicked=0 failed_to_read=0)
[7/1000] GyulyVGC-sniffnet.git@4c5239b6 src/gui/pages/settings_style_page.rs (ok=5 skipped_too_large=2 timed_out=0 panicked=0 failed_to_read=0)
[8/1000] GyulyVGC-sniffnet.git@4ec18f13 src/gui/sniffer.rs (ok=5 skipped_too_large=3 timed_out=0 panicked=0 failed_to_read=0)
[9/1000] GyulyVGC-sniffnet.git@5ae2d08a src/networking/manage_packets.rs (ok=5 skipped_too_large=4 timed_out=0 panicked=0 failed_to_read=0)
[10/1000] GyulyVGC-sniffnet.git@5fd3ebc2 src/networking/parse_packets.rs (ok=6 skipped_too_large=4 timed_out=0 panicked=0 failed_to_read=0)
[11/1000] GyulyVGC-sniffnet.git@68beb02e src/gui/sniffer.rs (ok=6 skipped_too_large=5 timed_out=0 panicked=0 failed_to_read=0)
[12/1000] GyulyVGC-sniffnet.git@68beb02e src/networking/parse_packets.rs (ok=7 skipped_too_large=5 timed_out=0 panicked=0 failed_to_read=0)
[13/1000] GyulyVGC-sniffnet.git@7f1c73a7 src/gui/sniffer.rs (ok=7 skipped_too_large=6 timed_out=0 panicked=0 failed_to_read=0)
[14/1000] GyulyVGC-sniffnet.git@801eb87d src/gui/pages/overview_page.rs (ok=8 skipped_too_large=6 timed_out=0 panicked=0 failed_to_read=0)
[15/1000] GyulyVGC-sniffnet.git@877cb862 src/gui/sniffer.rs (ok=8 skipped_too_large=7 timed_out=0 panicked=0 failed_to_read=0)
[16/1000] GyulyVGC-sniffnet.git@a074f6b8 src/gui/sniffer.rs (ok=8 skipped_too_large=8 timed_out=0 panicked=0 failed_to_read=0)
[17/1000] GyulyVGC-sniffnet.git@a0ebe291 src/gui/sniffer.rs (ok=8 skipped_too_large=9 timed_out=0 panicked=0 failed_to_read=0)
[18/1000] GyulyVGC-sniffnet.git@a1fef06b src/chart/types/traffic_chart.rs (ok=9 skipped_too_large=9 timed_out=0 panicked=0 failed_to_read=0)
[19/1000] GyulyVGC-sniffnet.git@a9429326 src/gui/pages/overview_page.rs (ok=10 skipped_too_large=9 timed_out=0 panicked=0 failed_to_read=0)
[20/1000] GyulyVGC-sniffnet.git@ae068d22 src/gui/pages/inspect_page.rs (ok=11 skipped_too_large=9 timed_out=0 panicked=0 failed_to_read=0)
[21/1000] GyulyVGC-sniffnet.git@bc5bb0ae src/gui/pages/settings_notifications_page.rs (ok=12 skipped_too_large=9 timed_out=0 panicked=0 failed_to_read=0)
[22/1000] GyulyVGC-sniffnet.git@cc128525 src/gui/sniffer.rs (ok=12 skipped_too_large=10 timed_out=0 panicked=0 failed_to_read=0)
[23/1000] GyulyVGC-sniffnet.git@d3c8de6a src/gui/sniffer.rs (ok=12 skipped_too_large=11 timed_out=0 panicked=0 failed_to_read=0)
[24/1000] GyulyVGC-sniffnet.git@d5a767c0 src/networking/parse_packets.rs (ok=13 skipped_too_large=11 timed_out=0 panicked=0 failed_to_read=0)
[25/1000] GyulyVGC-sniffnet.git@deebcd6d src/gui/pages/inspect_page.rs (ok=14 skipped_too_large=11 timed_out=0 panicked=0 failed_to_read=0)
[26/1000] GyulyVGC-sniffnet.git@deebcd6d src/gui/pages/overview_page.rs (ok=15 skipped_too_large=11 timed_out=0 panicked=0 failed_to_read=0)
[27/1000] GyulyVGC-sniffnet.git@e3377a0e src/networking/manage_packets.rs (ok=15 skipped_too_large=12 timed_out=0 panicked=0 failed_to_read=0)
[28/1000] GyulyVGC-sniffnet.git@e50266e5 src/gui/pages/initial_page.rs (ok=16 skipped_too_large=12 timed_out=0 panicked=0 failed_to_read=0)
[29/1000] GyulyVGC-sniffnet.git@ed60ea10 src/gui/sniffer.rs (ok=16 skipped_too_large=13 timed_out=0 panicked=0 failed_to_read=0)
Failed to measure LadybirdBrowser-ladybird.git Libraries/LibJS/Rust/src/parser/declarations.rs: revspec '277177484e5ab2b2aa940c6963987ead986312e5' not found; class=Reference (4); code=NotFound (-3)
[30/1000] LadybirdBrowser-ladybird.git@27717748 Libraries/LibJS/Rust/src/parser/declarations.rs (ok=16 skipped_too_large=13 timed_out=0 panicked=0 failed_to_read=1)
Failed to measure LadybirdBrowser-ladybird.git Libraries/LibJS/AsmIntGen/src/codegen_x86_64.rs: revspec 'd5eed2632f928edfff0cb10f1dc2460365b9942a' not found; class=Reference (4); code=NotFound (-3)
[31/1000] LadybirdBrowser-ladybird.git@d5eed263 Libraries/LibJS/AsmIntGen/src/codegen_x86_64.rs (ok=16 skipped_too_large=13 timed_out=0 panicked=0 failed_to_read=2)
Failed to measure mozilla-firefox-firefox.git servo/components/style/values/specified/calc.rs: revspec '1dd51455ffb14dbdad0ca754b97dd68bf98e376c' not found; class=Reference (4); code=NotFound (-3)
[32/1000] mozilla-firefox-firefox.git@1dd51455 servo/components/style/values/specified/calc.rs (ok=16 skipped_too_large=13 timed_out=0 panicked=0 failed_to_read=3)
Failed to measure mozilla-firefox-firefox.git netwerk/protocol/http/happy_eyeballs_glue/src/lib.rs: revspec 'd15ee3c3f7311b988b5bba885b2ce937693311b6' not found; class=Reference (4); code=NotFound (-3)
[33/1000] mozilla-firefox-firefox.git@d15ee3c3 netwerk/protocol/http/happy_eyeballs_glue/src/lib.rs (ok=16 skipped_too_large=13 timed_out=0 panicked=0 failed_to_read=4)
Failed to measure mozilla-firefox-firefox.git gfx/wr/webrender/src/prim_store/borders.rs: revspec 'df7d2a75c2957f99765a015f6cfbd3ba6ef36ec9' not found; class=Reference (4); code=NotFound (-3)
[34/1000] mozilla-firefox-firefox.git@df7d2a75 gfx/wr/webrender/src/prim_store/borders.rs (ok=16 skipped_too_large=13 timed_out=0 panicked=0 failed_to_read=5)
Failed to measure protocolbuffers-protobuf.git rust/cpp.rs: revspec '9f7e904c9f9ec958e1acbd834c504eeb06f56e8a' not found; class=Reference (4); code=NotFound (-3)
[35/1000] protocolbuffers-protobuf.git@9f7e904c rust/cpp.rs (ok=16 skipped_too_large=13 timed_out=0 panicked=0 failed_to_read=6)
Failed to measure protocolbuffers-protobuf.git rust/map.rs: revspec 'ae67a4c1956b39f6f2b6e3ecc7402d8d6fc26e71' not found; class=Reference (4); code=NotFound (-3)
[36/1000] protocolbuffers-protobuf.git@ae67a4c1 rust/map.rs (ok=16 skipped_too_large=13 timed_out=0 panicked=0 failed_to_read=7)
[37/1000] protocolbuffers-protobuf.git@fabd38de rust/upb.rs (ok=16 skipped_too_large=14 timed_out=0 panicked=0 failed_to_read=7)
[38/1000] rust-lang-rust.git@0a90f8dd compiler/rustc_index/src/bit_set.rs (ok=16 skipped_too_large=15 timed_out=0 panicked=0 failed_to_read=7)
[39/1000] rust-lang-rust.git@0e1e0b09 compiler/rustc_middle/src/dep_graph/graph.rs (ok=16 skipped_too_large=16 timed_out=0 panicked=0 failed_to_read=7)
[40/1000] rust-lang-rust.git@1814df18 src/tools/compiletest/src/lib.rs (ok=16 skipped_too_large=17 timed_out=0 panicked=0 failed_to_read=7)
[41/1000] rust-lang-rust.git@191969d3 src/tools/rust-analyzer/crates/hir/src/diagnostics.rs (ok=17 skipped_too_large=17 timed_out=0 panicked=0 failed_to_read=7)
[42/1000] rust-lang-rust.git@2d419b59 compiler/rustc_metadata/src/rmeta/decoder.rs (ok=17 skipped_too_large=18 timed_out=0 panicked=0 failed_to_read=7)
[43/1000] rust-lang-rust.git@55d9f7cb compiler/rustc_hir/src/def.rs (ok=18 skipped_too_large=18 timed_out=0 panicked=0 failed_to_read=7)
[44/1000] rust-lang-rust.git@5aeb2a6c compiler/rustc_passes/src/check_attr.rs (ok=18 skipped_too_large=19 timed_out=0 panicked=0 failed_to_read=7)
[45/1000] rust-lang-rust.git@858b82da compiler/rustc_hir_typeck/src/loops.rs (ok=19 skipped_too_large=19 timed_out=0 panicked=0 failed_to_read=7)
[46/1000] rust-lang-rust.git@858b82da compiler/rustc_middle/src/ty/mod.rs (ok=19 skipped_too_large=20 timed_out=0 panicked=0 failed_to_read=7)
[47/1000] rust-lang-rust.git@9c6a66d2 src/tools/rust-analyzer/crates/syntax/src/ast/syntax_factory/constructors.rs (ok=19 skipped_too_large=21 timed_out=0 panicked=0 failed_to_read=7)
[48/1000] rust-lang-rust.git@a89211e5 library/core/src/panic/unwind_safe.rs (ok=20 skipped_too_large=21 timed_out=0 panicked=0 failed_to_read=7)
[49/1000] rust-lang-rust.git@ae4ddd28 compiler/rustc_ast_lowering/src/item.rs (ok=20 skipped_too_large=22 timed_out=0 panicked=0 failed_to_read=7)
[50/1000] rust-lang-rust.git@be5f0708 library/std/src/sys/pal/unix/mod.rs (ok=21 skipped_too_large=22 timed_out=0 panicked=0 failed_to_read=7)
[51/1000] rust-lang-rust.git@be8dee11 compiler/rustc_const_eval/src/interpret/validity.rs (ok=21 skipped_too_large=23 timed_out=0 panicked=0 failed_to_read=7)
[52/1000] rust-lang-rust.git@c6c150b0 compiler/rustc_middle/src/query/plumbing.rs (ok=22 skipped_too_large=23 timed_out=0 panicked=0 failed_to_read=7)
[53/1000] rust-lang-rust.git@d38c8c0e compiler/rustc_hir_typeck/src/coercion.rs (ok=22 skipped_too_large=24 timed_out=0 panicked=0 failed_to_read=7)
[54/1000] rust-lang-rust.git@ddd1a694 compiler/rustc_query_impl/src/plumbing.rs (ok=23 skipped_too_large=24 timed_out=0 panicked=0 failed_to_read=7)
[55/1000] rust-lang-rust.git@e4625087 src/tools/miri/src/shims/io_error.rs (ok=24 skipped_too_large=24 timed_out=0 panicked=0 failed_to_read=7)
[56/1000] rust-lang-rust.git@e72674e7 compiler/rustc_codegen_llvm/src/back/write.rs (ok=24 skipped_too_large=25 timed_out=0 panicked=0 failed_to_read=7)
[57/1000] rust-lang-rust.git@f1c710b4 src/tools/rust-analyzer/crates/ide-assists/src/handlers/apply_demorgan.rs (ok=25 skipped_too_large=25 timed_out=0 panicked=0 failed_to_read=7)
[58/1000] rust-lang-rust.git@f3f4ab92 compiler/rustc_middle/src/query/plumbing.rs (ok=26 skipped_too_large=25 timed_out=0 panicked=0 failed_to_read=7)
[59/1000] rustdesk-rustdesk.git@00293a99 src/common.rs (ok=26 skipped_too_large=26 timed_out=0 panicked=0 failed_to_read=7)
[60/1000] rustdesk-rustdesk.git@055826e2 src/lang/tw.rs (ok=27 skipped_too_large=26 timed_out=0 panicked=0 failed_to_read=7)
Failed to measure rustdesk-rustdesk.git libs/scrap/src/common/codec.rs: revspec '0707e791e852f096eb31730aa80cf16650151dbd' not found; class=Reference (4); code=NotFound (-3)
[61/1000] rustdesk-rustdesk.git@0707e791 libs/scrap/src/common/codec.rs (ok=27 skipped_too_large=26 timed_out=0 panicked=0 failed_to_read=8)
[62/1000] rustdesk-rustdesk.git@15812721 src/lang/et.rs (ok=28 skipped_too_large=26 timed_out=0 panicked=0 failed_to_read=8)
[63/1000] rustdesk-rustdesk.git@1f2f5a41 src/platform/gtk_sudo.rs (ok=29 skipped_too_large=26 timed_out=0 panicked=0 failed_to_read=8)
[64/1000] rustdesk-rustdesk.git@21a7cef9 src/lang/th.rs (ok=30 skipped_too_large=26 timed_out=0 panicked=0 failed_to_read=8)
[65/1000] rustdesk-rustdesk.git@296c6df4 src/lang/ca.rs (ok=31 skipped_too_large=26 timed_out=0 panicked=0 failed_to_read=8)
[66/1000] rustdesk-rustdesk.git@296c6df4 src/lang/sq.rs (ok=32 skipped_too_large=26 timed_out=0 panicked=0 failed_to_read=8)
[67/1000] rustdesk-rustdesk.git@30552fd2 src/lang/sl.rs (ok=33 skipped_too_large=26 timed_out=0 panicked=0 failed_to_read=8)
[68/1000] rustdesk-rustdesk.git@3384eda8 src/lang/hu.rs (ok=34 skipped_too_large=26 timed_out=0 panicked=0 failed_to_read=8)
Failed to measure rustdesk-rustdesk.git libs/scrap/src/common/aom.rs: revspec '34b93c6f8369e06ad64f94ebbfc1dfc6255fd943' not found; class=Reference (4); code=NotFound (-3)
[69/1000] rustdesk-rustdesk.git@34b93c6f libs/scrap/src/common/aom.rs (ok=34 skipped_too_large=26 timed_out=0 panicked=0 failed_to_read=9)
[70/1000] rustdesk-rustdesk.git@3c028fe5 src/lang/et.rs (ok=35 skipped_too_large=26 timed_out=0 panicked=0 failed_to_read=9)
[71/1000] rustdesk-rustdesk.git@3c0be4e4 src/platform/macos.rs (ok=36 skipped_too_large=26 timed_out=0 panicked=0 failed_to_read=9)
[72/1000] rustdesk-rustdesk.git@482840b8 src/lang/sr.rs (ok=37 skipped_too_large=26 timed_out=0 panicked=0 failed_to_read=9)
[73/1000] rustdesk-rustdesk.git@5355702e src/lang/it.rs (ok=38 skipped_too_large=26 timed_out=0 panicked=0 failed_to_read=9)
Failed to measure rustdesk-rustdesk.git src/server/video_qos.rs: revspec '5fa8c25e65cba1c437b4c252451394b41e66edda' not found; class=Reference (4); code=NotFound (-3)
[74/1000] rustdesk-rustdesk.git@5fa8c25e src/server/video_qos.rs (ok=38 skipped_too_large=26 timed_out=0 panicked=0 failed_to_read=10)
[75/1000] rustdesk-rustdesk.git@5faf0ad3 src/lang/el.rs (ok=39 skipped_too_large=26 timed_out=0 panicked=0 failed_to_read=10)
[76/1000] rustdesk-rustdesk.git@5faf0ad3 src/lang/es.rs (ok=40 skipped_too_large=26 timed_out=0 panicked=0 failed_to_read=10)
[77/1000] rustdesk-rustdesk.git@5faf0ad3 src/lang/ko.rs (ok=41 skipped_too_large=26 timed_out=0 panicked=0 failed_to_read=10)
[78/1000] rustdesk-rustdesk.git@5faf0ad3 src/lang/sq.rs (ok=42 skipped_too_large=26 timed_out=0 panicked=0 failed_to_read=10)
[79/1000] rustdesk-rustdesk.git@61cdb603 src/ipc.rs (ok=42 skipped_too_large=27 timed_out=0 panicked=0 failed_to_read=10)
[80/1000] rustdesk-rustdesk.git@645a76d4 src/lang/kz.rs (ok=43 skipped_too_large=27 timed_out=0 panicked=0 failed_to_read=10)
[81/1000] rustdesk-rustdesk.git@645a76d4 src/lang/sk.rs (ok=44 skipped_too_large=27 timed_out=0 panicked=0 failed_to_read=10)
[82/1000] rustdesk-rustdesk.git@6bc3b38b src/lang/ge.rs (ok=45 skipped_too_large=27 timed_out=0 panicked=0 failed_to_read=10)
[83/1000] rustdesk-rustdesk.git@6bc3b38b src/lang/he.rs (ok=46 skipped_too_large=27 timed_out=0 panicked=0 failed_to_read=10)
[84/1000] rustdesk-rustdesk.git@6c351558 src/lang/be.rs (ok=47 skipped_too_large=27 timed_out=0 panicked=0 failed_to_read=10)
[85/1000] rustdesk-rustdesk.git@6f4b23b4 src/lang/fa.rs (ok=48 skipped_too_large=27 timed_out=0 panicked=0 failed_to_read=10)
[86/1000] rustdesk-rustdesk.git@7004acae src/lang/de.rs (ok=49 skipped_too_large=27 timed_out=0 panicked=0 failed_to_read=10)
[87/1000] rustdesk-rustdesk.git@7ce13a21 src/lang/kz.rs (ok=50 skipped_too_large=27 timed_out=0 panicked=0 failed_to_read=10)
[88/1000] rustdesk-rustdesk.git@7ece7e73 src/lang/cs.rs (ok=51 skipped_too_large=27 timed_out=0 panicked=0 failed_to_read=10)
[89/1000] rustdesk-rustdesk.git@7ece7e73 src/lang/eo.rs (ok=52 skipped_too_large=27 timed_out=0 panicked=0 failed_to_read=10)
[90/1000] rustdesk-rustdesk.git@7ece7e73 src/lang/pt_PT.rs (ok=53 skipped_too_large=27 timed_out=0 panicked=0 failed_to_read=10)
Failed to measure rustdesk-rustdesk.git src/lang/es.rs: revspec '8b710f62c80c4ca93f36fd31389a39b6ba08ce2c' not found; class=Reference (4); code=NotFound (-3)
[91/1000] rustdesk-rustdesk.git@8b710f62 src/lang/es.rs (ok=53 skipped_too_large=27 timed_out=0 panicked=0 failed_to_read=11)
Failed to measure rustdesk-rustdesk.git src/lang/hr.rs: revspec '8b710f62c80c4ca93f36fd31389a39b6ba08ce2c' not found; class=Reference (4); code=NotFound (-3)
[92/1000] rustdesk-rustdesk.git@8b710f62 src/lang/hr.rs (ok=53 skipped_too_large=27 timed_out=0 panicked=0 failed_to_read=12)
Failed to measure rustdesk-rustdesk.git src/lang/nb.rs: revspec '8b710f62c80c4ca93f36fd31389a39b6ba08ce2c' not found; class=Reference (4); code=NotFound (-3)
[93/1000] rustdesk-rustdesk.git@8b710f62 src/lang/nb.rs (ok=53 skipped_too_large=27 timed_out=0 panicked=0 failed_to_read=13)
Failed to measure rustdesk-rustdesk.git src/lang/nl.rs: revspec '8b710f62c80c4ca93f36fd31389a39b6ba08ce2c' not found; class=Reference (4); code=NotFound (-3)
[94/1000] rustdesk-rustdesk.git@8b710f62 src/lang/nl.rs (ok=53 skipped_too_large=27 timed_out=0 panicked=0 failed_to_read=14)
[95/1000] rustdesk-rustdesk.git@8f545491 src/common.rs (ok=53 skipped_too_large=28 timed_out=0 panicked=0 failed_to_read=14)
[96/1000] rustdesk-rustdesk.git@9475743b src/lang/ar.rs (ok=54 skipped_too_large=28 timed_out=0 panicked=0 failed_to_read=14)
[97/1000] rustdesk-rustdesk.git@9475743b src/lang/es.rs (ok=55 skipped_too_large=28 timed_out=0 panicked=0 failed_to_read=14)
[98/1000] rustdesk-rustdesk.git@98362eac src/lang/de.rs (ok=56 skipped_too_large=28 timed_out=0 panicked=0 failed_to_read=14)
[99/1000] rustdesk-rustdesk.git@98362eac src/lang/sq.rs (ok=57 skipped_too_large=28 timed_out=0 panicked=0 failed_to_read=14)
[100/1000] rustdesk-rustdesk.git@998b7585 src/flutter_ffi.rs (ok=57 skipped_too_large=29 timed_out=0 panicked=0 failed_to_read=14)
[101/1000] rustdesk-rustdesk.git@998b7585 src/lang/ca.rs (ok=58 skipped_too_large=29 timed_out=0 panicked=0 failed_to_read=14)
[102/1000] rustdesk-rustdesk.git@998b7585 src/lang/cn.rs (ok=59 skipped_too_large=29 timed_out=0 panicked=0 failed_to_read=14)
[103/1000] rustdesk-rustdesk.git@998b7585 src/lang/pl.rs (ok=60 skipped_too_large=29 timed_out=0 panicked=0 failed_to_read=14)
[104/1000] rustdesk-rustdesk.git@998b7585 src/lang/ptbr.rs (ok=61 skipped_too_large=29 timed_out=0 panicked=0 failed_to_read=14)
[105/1000] rustdesk-rustdesk.git@9d8df6a2 src/lang/eo.rs (ok=62 skipped_too_large=29 timed_out=0 panicked=0 failed_to_read=14)
[106/1000] rustdesk-rustdesk.git@a78a803a src/common.rs (ok=62 skipped_too_large=30 timed_out=0 panicked=0 failed_to_read=14)
[107/1000] rustdesk-rustdesk.git@abb7748e src/lang/hr.rs (ok=63 skipped_too_large=30 timed_out=0 panicked=0 failed_to_read=14)
[108/1000] rustdesk-rustdesk.git@abb7748e src/lang/id.rs (ok=64 skipped_too_large=30 timed_out=0 panicked=0 failed_to_read=14)
Failed to measure rustdesk-rustdesk.git src/lang/ro.rs: revspec 'b39e851262cea9dd869dcaae55a1f6730728f086' not found; class=Reference (4); code=NotFound (-3)
[109/1000] rustdesk-rustdesk.git@b39e8512 src/lang/ro.rs (ok=64 skipped_too_large=30 timed_out=0 panicked=0 failed_to_read=15)
Failed to measure rustdesk-rustdesk.git src/lang/hu.rs: revspec 'b99c540210a98df39b96ec65f2ec40fd703c7506' not found; class=Reference (4); code=NotFound (-3)
[110/1000] rustdesk-rustdesk.git@b99c5402 src/lang/hu.rs (ok=64 skipped_too_large=30 timed_out=0 panicked=0 failed_to_read=16)
[111/1000] rustdesk-rustdesk.git@c457b0e7 src/tray.rs (ok=65 skipped_too_large=30 timed_out=0 panicked=0 failed_to_read=16)
[112/1000] rustdesk-rustdesk.git@c626c241 src/lang/eo.rs (ok=66 skipped_too_large=30 timed_out=0 panicked=0 failed_to_read=16)
[113/1000] rustdesk-rustdesk.git@c626c241 src/lang/th.rs (ok=67 skipped_too_large=30 timed_out=0 panicked=0 failed_to_read=16)
[114/1000] rustdesk-rustdesk.git@c8d5ee65 src/lang/fr.rs (ok=68 skipped_too_large=30 timed_out=0 panicked=0 failed_to_read=16)
[115/1000] rustdesk-rustdesk.git@ca7b4872 src/lang/be.rs (ok=69 skipped_too_large=30 timed_out=0 panicked=0 failed_to_read=16)
[116/1000] rustdesk-rustdesk.git@cefda0de src/lang/lv.rs (ok=70 skipped_too_large=30 timed_out=0 panicked=0 failed_to_read=16)
[117/1000] rustdesk-rustdesk.git@cefda0de src/lang/sk.rs (ok=71 skipped_too_large=30 timed_out=0 panicked=0 failed_to_read=16)
[118/1000] rustdesk-rustdesk.git@d00b8bb5 src/hbbs_http/sync.rs (ok=72 skipped_too_large=30 timed_out=0 panicked=0 failed_to_read=16)
[119/1000] rustdesk-rustdesk.git@d0e9c6dc src/lang/template.rs (ok=73 skipped_too_large=30 timed_out=0 panicked=0 failed_to_read=16)
[120/1000] rustdesk-rustdesk.git@d1101189 src/lang/sv.rs (ok=74 skipped_too_large=30 timed_out=0 panicked=0 failed_to_read=16)
[121/1000] rustdesk-rustdesk.git@d1c8b331 libs/scrap/src/common/mod.rs (ok=75 skipped_too_large=30 timed_out=0 panicked=0 failed_to_read=16)
[122/1000] rustdesk-rustdesk.git@d1c8b331 src/lang/be.rs (ok=76 skipped_too_large=30 timed_out=0 panicked=0 failed_to_read=16)
[123/1000] rustdesk-rustdesk.git@d1c8b331 src/lang/ta.rs (ok=77 skipped_too_large=30 timed_out=0 panicked=0 failed_to_read=16)
Failed to measure rustdesk-rustdesk.git src/lang/uk.rs: revspec 'd5c5825ffdaabf6b465a86d3c1345ba0e2341957' not found; class=Reference (4); code=NotFound (-3)
[124/1000] rustdesk-rustdesk.git@d5c5825f src/lang/uk.rs (ok=77 skipped_too_large=30 timed_out=0 panicked=0 failed_to_read=17)
[125/1000] rustdesk-rustdesk.git@dd7a1243 src/lang/ru.rs (ok=78 skipped_too_large=30 timed_out=0 panicked=0 failed_to_read=17)
[126/1000] rustdesk-rustdesk.git@ea74ed12 src/lang/de.rs (ok=79 skipped_too_large=30 timed_out=0 panicked=0 failed_to_read=17)
[127/1000] rustdesk-rustdesk.git@f0f999dc src/core_main.rs (ok=80 skipped_too_large=30 timed_out=0 panicked=0 failed_to_read=17)
[128/1000] rustdesk-rustdesk.git@f0f999dc src/lang/en.rs (ok=81 skipped_too_large=30 timed_out=0 panicked=0 failed_to_read=17)
[129/1000] rustdesk-rustdesk.git@f0f999dc src/lang/lt.rs (ok=82 skipped_too_large=30 timed_out=0 panicked=0 failed_to_read=17)
[130/1000] rustdesk-rustdesk.git@f0f999dc src/lang/nl.rs (ok=83 skipped_too_large=30 timed_out=0 panicked=0 failed_to_read=17)
[131/1000] rustdesk-rustdesk.git@f0f999dc src/lang/template.rs (ok=84 skipped_too_large=30 timed_out=0 panicked=0 failed_to_read=17)
[132/1000] rustdesk-rustdesk.git@f0f999dc src/lang/tr.rs (ok=85 skipped_too_large=30 timed_out=0 panicked=0 failed_to_read=17)
[133/1000] rustdesk-rustdesk.git@f4bbf823 src/lang/eu.rs (ok=86 skipped_too_large=30 timed_out=0 panicked=0 failed_to_read=17)
[134/1000] rustdesk-rustdesk.git@f4bbf823 src/lang/hr.rs (ok=87 skipped_too_large=30 timed_out=0 panicked=0 failed_to_read=17)
[135/1000] rustdesk-rustdesk.git@f4bbf823 src/lang/it.rs (ok=88 skipped_too_large=30 timed_out=0 panicked=0 failed_to_read=17)
[136/1000] rustdesk-rustdesk.git@f4bbf823 src/lang/sl.rs (ok=89 skipped_too_large=30 timed_out=0 panicked=0 failed_to_read=17)
[137/1000] rustdesk-rustdesk.git@fef44ffa src/lang/da.rs (ok=90 skipped_too_large=30 timed_out=0 panicked=0 failed_to_read=17)
[138/1000] tauri-apps-tauri.git@058c0db7 crates/tauri-bundler/src/bundle/windows/nsis/mod.rs (ok=91 skipped_too_large=30 timed_out=0 panicked=0 failed_to_read=17)
Failed to measure tauri-apps-tauri.git crates/tauri-cli/src/interface/rust.rs: revspec '069c05e44fd6f30083fdc00dd6c0001278898592' not found; class=Reference (4); code=NotFound (-3)
[139/1000] tauri-apps-tauri.git@069c05e4 crates/tauri-cli/src/interface/rust.rs (ok=91 skipped_too_large=30 timed_out=0 panicked=0 failed_to_read=18)
[140/1000] tauri-apps-tauri.git@0aa48fb9 crates/tauri-bundler/src/bundle/settings.rs (ok=92 skipped_too_large=30 timed_out=0 panicked=0 failed_to_read=18)
[141/1000] tauri-apps-tauri.git@0aa48fb9 crates/tauri-cli/src/mobile/ios/dev.rs (ok=93 skipped_too_large=30 timed_out=0 panicked=0 failed_to_read=18)
[142/1000] tauri-apps-tauri.git@100a4455 crates/tauri-cli/src/migrate/migrations/v1/frontend.rs (ok=94 skipped_too_large=30 timed_out=0 panicked=0 failed_to_read=18)
[143/1000] tauri-apps-tauri.git@22d6bcac crates/tauri/src/app.rs (ok=94 skipped_too_large=31 timed_out=0 panicked=0 failed_to_read=18)
[144/1000] tauri-apps-tauri.git@3a4e165b crates/tauri-cli/src/mobile/ios/build.rs (ok=95 skipped_too_large=31 timed_out=0 panicked=0 failed_to_read=18)
[145/1000] tauri-apps-tauri.git@3b4fac20 crates/tauri-cli/src/mobile/android/dev.rs (ok=96 skipped_too_large=31 timed_out=0 panicked=0 failed_to_read=18)
Failed to measure tauri-apps-tauri.git crates/tauri-cli/src/interface/rust.rs: revspec '4078923f6b501f34eb880da014793bef533d5999' not found; class=Reference (4); code=NotFound (-3)
[146/1000] tauri-apps-tauri.git@4078923f crates/tauri-cli/src/interface/rust.rs (ok=96 skipped_too_large=31 timed_out=0 panicked=0 failed_to_read=19)
[147/1000] tauri-apps-tauri.git@414619c3 crates/tauri-bundler/src/bundle/macos/app.rs (ok=97 skipped_too_large=31 timed_out=0 panicked=0 failed_to_read=19)
[148/1000] tauri-apps-tauri.git@5110a762 crates/tauri-runtime/src/lib.rs (ok=98 skipped_too_large=31 timed_out=0 panicked=0 failed_to_read=19)
[149/1000] tauri-apps-tauri.git@5188c0fa crates/tauri/src/scope/fs.rs (ok=99 skipped_too_large=31 timed_out=0 panicked=0 failed_to_read=19)
[150/1000] tauri-apps-tauri.git@54cbf59b crates/tauri/src/menu/plugin.rs (ok=100 skipped_too_large=31 timed_out=0 panicked=0 failed_to_read=19)
Failed to measure tauri-apps-tauri.git crates/tauri/src/ipc/authority.rs: revspec '5621174b05f615e1589292ccd3954dc7e6b5569f' not found; class=Reference (4); code=NotFound (-3)
[151/1000] tauri-apps-tauri.git@5621174b crates/tauri/src/ipc/authority.rs (ok=100 skipped_too_large=31 timed_out=0 panicked=0 failed_to_read=20)
[152/1000] tauri-apps-tauri.git@574a4d4d crates/tauri-cli/src/interface/rust/manifest.rs (ok=101 skipped_too_large=31 timed_out=0 panicked=0 failed_to_read=20)
Failed to measure tauri-apps-tauri.git crates/tauri-utils/src/resources.rs: revspec '63649d82d20b8f69d973b41bd0c157997770d6a0' not found; class=Reference (4); code=NotFound (-3)
[153/1000] tauri-apps-tauri.git@63649d82 crates/tauri-utils/src/resources.rs (ok=101 skipped_too_large=31 timed_out=0 panicked=0 failed_to_read=21)
Failed to measure tauri-apps-tauri.git crates/tauri/src/ipc/mod.rs: revspec '68d4460361870c3835090c88e884e9c13ae54f7d' not found; class=Reference (4); code=NotFound (-3)
[154/1000] tauri-apps-tauri.git@68d44603 crates/tauri/src/ipc/mod.rs (ok=101 skipped_too_large=31 timed_out=0 panicked=0 failed_to_read=22)
[155/1000] tauri-apps-tauri.git@6cbfc487 crates/tauri/src/manager/webview.rs (ok=102 skipped_too_large=31 timed_out=0 panicked=0 failed_to_read=22)
[156/1000] tauri-apps-tauri.git@7f7d9aac crates/tauri-cli/src/interface/rust/desktop.rs (ok=103 skipped_too_large=31 timed_out=0 panicked=0 failed_to_read=22)
[157/1000] tauri-apps-tauri.git@882b0ade crates/tauri-bundler/src/bundle/settings.rs (ok=104 skipped_too_large=31 timed_out=0 panicked=0 failed_to_read=22)
[158/1000] tauri-apps-tauri.git@89e30ef2 crates/tauri/src/webview/mod.rs (ok=104 skipped_too_large=32 timed_out=0 panicked=0 failed_to_read=22)
[159/1000] tauri-apps-tauri.git@a09e48e3 crates/tauri/src/menu/mod.rs (ok=105 skipped_too_large=32 timed_out=0 panicked=0 failed_to_read=22)
[160/1000] tauri-apps-tauri.git@a9ec1284 crates/tauri-bundler/src/bundle/settings.rs (ok=106 skipped_too_large=32 timed_out=0 panicked=0 failed_to_read=22)
[161/1000] tauri-apps-tauri.git@b06b3bd0 crates/tauri-cli/src/helpers/pbxproj.rs (ok=107 skipped_too_large=32 timed_out=0 panicked=0 failed_to_read=22)
[162/1000] tauri-apps-tauri.git@b52da29d crates/tauri-utils/src/resources.rs (ok=108 skipped_too_large=32 timed_out=0 panicked=0 failed_to_read=22)
[163/1000] tauri-apps-tauri.git@be2e6b85 crates/tauri/src/window/plugin.rs (ok=109 skipped_too_large=32 timed_out=0 panicked=0 failed_to_read=22)
[164/1000] tauri-apps-tauri.git@c33bbf45 crates/tauri-utils/src/acl/schema.rs (ok=110 skipped_too_large=32 timed_out=0 panicked=0 failed_to_read=22)
Failed to measure tauri-apps-tauri.git crates/tauri/build.rs: revspec 'd609bef9fd7cd6eeb2bd701558100bd9cfb6e6f6' not found; class=Reference (4); code=NotFound (-3)
[165/1000] tauri-apps-tauri.git@d609bef9 crates/tauri/build.rs (ok=110 skipped_too_large=32 timed_out=0 panicked=0 failed_to_read=23)
[166/1000] tauri-apps-tauri.git@dd4f13ce crates/tauri/src/app.rs (ok=110 skipped_too_large=33 timed_out=0 panicked=0 failed_to_read=23)
Failed to measure tauri-apps-tauri.git crates/tauri-cli/src/migrate/migrations/v1/config.rs: revspec 'e0d1307d3f78987d0059921a5ab01ea4b26e0ef1' not found; class=Reference (4); code=NotFound (-3)
[167/1000] tauri-apps-tauri.git@e0d1307d crates/tauri-cli/src/migrate/migrations/v1/config.rs (ok=110 skipped_too_large=33 timed_out=0 panicked=0 failed_to_read=24)
[168/1000] tauri-apps-tauri.git@e3fdcb50 crates/tauri-cli/src/mobile/mod.rs (ok=111 skipped_too_large=33 timed_out=0 panicked=0 failed_to_read=24)
[169/1000] torvalds-linux.git@fdbaa9d2 rust/pin-init/internal/src/init.rs (ok=112 skipped_too_large=33 timed_out=0 panicked=0 failed_to_read=24)
Failed to measure vercel-next.js.git turbopack/crates/turbo-tasks-backend/src/backend/storage.rs: revspec '1637d61731065b5ad5705c159967f213c3cf624d' not found; class=Reference (4); code=NotFound (-3)
[170/1000] vercel-next.js.git@1637d617 turbopack/crates/turbo-tasks-backend/src/backend/storage.rs (ok=112 skipped_too_large=33 timed_out=0 panicked=0 failed_to_read=25)
Failed to measure vercel-next.js.git turbopack/crates/turbopack-core/src/chunk/chunking_context.rs: revspec '24c6e3e4de2e729c7e71d38173466cf9cf3d5399' not found; class=Reference (4); code=NotFound (-3)
[171/1000] vercel-next.js.git@24c6e3e4 turbopack/crates/turbopack-core/src/chunk/chunking_context.rs (ok=112 skipped_too_large=33 timed_out=0 panicked=0 failed_to_read=26)
Failed to measure vercel-next.js.git turbopack/crates/turbo-tasks-backend/src/backend/operation/mod.rs: revspec '34fdcbb422af467be0701f8cf8c03564bf373988' not found; class=Reference (4); code=NotFound (-3)
[172/1000] vercel-next.js.git@34fdcbb4 turbopack/crates/turbo-tasks-backend/src/backend/operation/mod.rs (ok=112 skipped_too_large=33 timed_out=0 panicked=0 failed_to_read=27)
Failed to measure vercel-next.js.git turbopack/crates/turbo-tasks/src/priority_runner.rs: revspec '4674a4358739f2e203a445a33bc3672fc499f615' not found; class=Reference (4); code=NotFound (-3)
[173/1000] vercel-next.js.git@4674a435 turbopack/crates/turbo-tasks/src/priority_runner.rs (ok=112 skipped_too_large=33 timed_out=0 panicked=0 failed_to_read=28)
Failed to measure vercel-next.js.git turbopack/crates/turbo-tasks-backend/src/backend/storage.rs: revspec '4de2201764a31ecb45f02c1024bfb145496b1520' not found; class=Reference (4); code=NotFound (-3)
[174/1000] vercel-next.js.git@4de22017 turbopack/crates/turbo-tasks-backend/src/backend/storage.rs (ok=112 skipped_too_large=33 timed_out=0 panicked=0 failed_to_read=29)
Failed to measure vercel-next.js.git turbopack/crates/turbopack-core/src/chunk/chunk_group.rs: revspec '7b2c80e24ab4609041bd9b2f31a2bc76e3ebca01' not found; class=Reference (4); code=NotFound (-3)
[175/1000] vercel-next.js.git@7b2c80e2 turbopack/crates/turbopack-core/src/chunk/chunk_group.rs (ok=112 skipped_too_large=33 timed_out=0 panicked=0 failed_to_read=30)
Failed to measure vercel-next.js.git crates/next-core/src/next_server/resolve.rs: revspec '91f2f354b2c9ece2e1f47e069f421a850976f5ec' not found; class=Reference (4); code=NotFound (-3)
[176/1000] vercel-next.js.git@91f2f354 crates/next-core/src/next_server/resolve.rs (ok=112 skipped_too_large=33 timed_out=0 panicked=0 failed_to_read=31)
Failed to measure vercel-next.js.git crates/next-api/src/middleware.rs: revspec '9404b901ab8c2fbc935c75258a48c08f3d192391' not found; class=Reference (4); code=NotFound (-3)
[177/1000] vercel-next.js.git@9404b901 crates/next-api/src/middleware.rs (ok=112 skipped_too_large=33 timed_out=0 panicked=0 failed_to_read=32)
Failed to measure vercel-next.js.git turbopack/crates/turbo-tasks-macros/src/value_macro.rs: revspec '95e92c73983066f1177257069bd6fff9273dd52d' not found; class=Reference (4); code=NotFound (-3)
[178/1000] vercel-next.js.git@95e92c73 turbopack/crates/turbo-tasks-macros/src/value_macro.rs (ok=112 skipped_too_large=33 timed_out=0 panicked=0 failed_to_read=33)
Failed to measure vercel-next.js.git turbopack/crates/turbopack-css/src/asset.rs: revspec 'a57e4e809b0f39668a57280a55bac1a4b20e6e2f' not found; class=Reference (4); code=NotFound (-3)
[179/1000] vercel-next.js.git@a57e4e80 turbopack/crates/turbopack-css/src/asset.rs (ok=112 skipped_too_large=33 timed_out=0 panicked=0 failed_to_read=34)
Failed to measure vercel-next.js.git turbopack/crates/turbopack/src/module_options/module_rule.rs: revspec 'b067991e591f4965b873d4eef9a18ea1f321ca9b' not found; class=Reference (4); code=NotFound (-3)
[180/1000] vercel-next.js.git@b067991e turbopack/crates/turbopack/src/module_options/module_rule.rs (ok=112 skipped_too_large=33 timed_out=0 panicked=0 failed_to_read=35)
Failed to measure vercel-next.js.git turbopack/crates/turbopack-ecmascript/src/typescript/mod.rs: revspec 'b690af094678622f03670348e627d6f9f53ff036' not found; class=Reference (4); code=NotFound (-3)
[181/1000] vercel-next.js.git@b690af09 turbopack/crates/turbopack-ecmascript/src/typescript/mod.rs (ok=112 skipped_too_large=33 timed_out=0 panicked=0 failed_to_read=36)
Failed to measure vercel-next.js.git turbopack/crates/turbopack-ecmascript/src/references/esm/base.rs: revspec 'baad064fd1c509fa0c7ff2dfdaec5412ded20766' not found; class=Reference (4); code=NotFound (-3)
[182/1000] vercel-next.js.git@baad064f turbopack/crates/turbopack-ecmascript/src/references/esm/base.rs (ok=112 skipped_too_large=33 timed_out=0 panicked=0 failed_to_read=37)
Failed to measure vercel-next.js.git turbopack/crates/turbopack/src/module_options/mod.rs: revspec 'c1f13e48b0ddd9887a99d486f2c9b190584d4a0e' not found; class=Reference (4); code=NotFound (-3)
[183/1000] vercel-next.js.git@c1f13e48 turbopack/crates/turbopack/src/module_options/mod.rs (ok=112 skipped_too_large=33 timed_out=0 panicked=0 failed_to_read=38)
Failed to measure vercel-next.js.git turbopack/crates/turbopack-ecmascript/src/references/esm/base.rs: revspec 'c28948e0b3c199bff9123f91970906e80e4b1f08' not found; class=Reference (4); code=NotFound (-3)
[184/1000] vercel-next.js.git@c28948e0 turbopack/crates/turbopack-ecmascript/src/references/esm/base.rs (ok=112 skipped_too_large=33 timed_out=0 panicked=0 failed_to_read=39)
[185/1000] vercel-next.js.git@c5b2cf1e turbopack/crates/turbopack-cli/src/dev/mod.rs (ok=113 skipped_too_large=33 timed_out=0 panicked=0 failed_to_read=39)
Failed to measure vercel-next.js.git turbopack/crates/turbopack-core/src/source_map/mod.rs: revspec 'cbc4888b188f19b1f0c8f18a5c8dd9951a55c469' not found; class=Reference (4); code=NotFound (-3)
[186/1000] vercel-next.js.git@cbc4888b turbopack/crates/turbopack-core/src/source_map/mod.rs (ok=113 skipped_too_large=33 timed_out=0 panicked=0 failed_to_read=40)
Failed to measure vercel-next.js.git crates/next-napi-bindings/src/next_api/turbopack_ctx.rs: revspec 'd41c50b82833a4c53a726e1e2044bb453db9e9f6' not found; class=Reference (4); code=NotFound (-3)
[187/1000] vercel-next.js.git@d41c50b8 crates/next-napi-bindings/src/next_api/turbopack_ctx.rs (ok=113 skipped_too_large=33 timed_out=0 panicked=0 failed_to_read=41)
Failed to measure vercel-next.js.git turbopack/crates/turbo-persistence/src/static_sorted_file_builder.rs: revspec 'd52877efbe747ce3e86f05f47e3c1f33b09481fa' not found; class=Reference (4); code=NotFound (-3)
[188/1000] vercel-next.js.git@d52877ef turbopack/crates/turbo-persistence/src/static_sorted_file_builder.rs (ok=113 skipped_too_large=33 timed_out=0 panicked=0 failed_to_read=42)
Failed to measure vercel-next.js.git turbopack/crates/turbopack/src/module_options/mod.rs: revspec 'd7de6f105ce82e9ec6561bbb94655ee8bcf61421' not found; class=Reference (4); code=NotFound (-3)
[189/1000] vercel-next.js.git@d7de6f10 turbopack/crates/turbopack/src/module_options/mod.rs (ok=113 skipped_too_large=33 timed_out=0 panicked=0 failed_to_read=43)
Failed to measure vercel-next.js.git crates/next-api/src/app.rs: revspec 'de1add253901ab3a7bbcfe09bfeac2a79f4d39c7' not found; class=Reference (4); code=NotFound (-3)
[190/1000] vercel-next.js.git@de1add25 crates/next-api/src/app.rs (ok=113 skipped_too_large=33 timed_out=0 panicked=0 failed_to_read=44)
Failed to measure vercel-next.js.git turbopack/crates/turbopack-dev-server/src/source/mod.rs: revspec 'de1add253901ab3a7bbcfe09bfeac2a79f4d39c7' not found; class=Reference (4); code=NotFound (-3)
[191/1000] vercel-next.js.git@de1add25 turbopack/crates/turbopack-dev-server/src/source/mod.rs (ok=113 skipped_too_large=33 timed_out=0 panicked=0 failed_to_read=45)
Failed to measure vercel-next.js.git turbopack/crates/turbopack-core/src/ident.rs: revspec 'df88058f5eaee58771385534d10b5f75b8689f7d' not found; class=Reference (4); code=NotFound (-3)
[192/1000] vercel-next.js.git@df88058f turbopack/crates/turbopack-core/src/ident.rs (ok=113 skipped_too_large=33 timed_out=0 panicked=0 failed_to_read=46)
Failed to measure vercel-next.js.git turbopack/crates/turbopack-core/src/chunk/chunking_context.rs: revspec 'e4cae3708480366826d8a6f42865f73072f9f760' not found; class=Reference (4); code=NotFound (-3)
[193/1000] vercel-next.js.git@e4cae370 turbopack/crates/turbopack-core/src/chunk/chunking_context.rs (ok=113 skipped_too_large=33 timed_out=0 panicked=0 failed_to_read=47)
Failed to measure vercel-next.js.git turbopack/crates/turbopack-core/src/module_graph/chunk_group_info.rs: revspec 'e4cae3708480366826d8a6f42865f73072f9f760' not found; class=Reference (4); code=NotFound (-3)
[194/1000] vercel-next.js.git@e4cae370 turbopack/crates/turbopack-core/src/module_graph/chunk_group_info.rs (ok=113 skipped_too_large=33 timed_out=0 panicked=0 failed_to_read=48)
Failed to measure vercel-next.js.git turbopack/crates/turbopack-css/src/asset.rs: revspec 'e4cae3708480366826d8a6f42865f73072f9f760' not found; class=Reference (4); code=NotFound (-3)
[195/1000] vercel-next.js.git@e4cae370 turbopack/crates/turbopack-css/src/asset.rs (ok=113 skipped_too_large=33 timed_out=0 panicked=0 failed_to_read=49)
Failed to measure vercel-next.js.git turbopack/crates/turbopack-resolve/src/node_native_binding.rs: revspec 'e4cae3708480366826d8a6f42865f73072f9f760' not found; class=Reference (4); code=NotFound (-3)
[196/1000] vercel-next.js.git@e4cae370 turbopack/crates/turbopack-resolve/src/node_native_binding.rs (ok=113 skipped_too_large=33 timed_out=0 panicked=0 failed_to_read=50)
Failed to measure vercel-next.js.git turbopack/crates/turbopack-core/src/chunk/chunking_context.rs: revspec 'e78d35b35d527b1c8ebb7d5c18d5e223e1cfd37b' not found; class=Reference (4); code=NotFound (-3)
[197/1000] vercel-next.js.git@e78d35b3 turbopack/crates/turbopack-core/src/chunk/chunking_context.rs (ok=113 skipped_too_large=33 timed_out=0 panicked=0 failed_to_read=51)
Failed to measure vercel-next.js.git crates/next-custom-transforms/src/transforms/fonts/font_imports_generator.rs: revspec 'f93a867d7741214ed6544a0ff673f498ca69234b' not found; class=Reference (4); code=NotFound (-3)
[198/1000] vercel-next.js.git@f93a867d crates/next-custom-transforms/src/transforms/fonts/font_imports_generator.rs (ok=113 skipped_too_large=33 timed_out=0 panicked=0 failed_to_read=52)
Failed to measure zed-industries-zed.git crates/livekit_client/src/livekit_client.rs: revspec '01fe4f694eb4fea282c5132b0c0667cea9a85666' not found; class=Reference (4); code=NotFound (-3)
[199/1000] zed-industries-zed.git@01fe4f69 crates/livekit_client/src/livekit_client.rs (ok=113 skipped_too_large=33 timed_out=0 panicked=0 failed_to_read=53)
Failed to measure zed-industries-zed.git crates/workspace/src/tasks.rs: revspec '0698eccebb3ddd89e00081af3a8aab540478d220' not found; class=Reference (4); code=NotFound (-3)
[200/1000] zed-industries-zed.git@0698ecce crates/workspace/src/tasks.rs (ok=113 skipped_too_large=33 timed_out=0 panicked=0 failed_to_read=54)
Failed to measure zed-industries-zed.git crates/edit_prediction/src/example_spec.rs: revspec '090ef79bb1f8202dce473168210380470c8af6e6' not found; class=Reference (4); code=NotFound (-3)
[201/1000] zed-industries-zed.git@090ef79b crates/edit_prediction/src/example_spec.rs (ok=113 skipped_too_large=33 timed_out=0 panicked=0 failed_to_read=55)
Failed to measure zed-industries-zed.git crates/command_palette/src/command_palette.rs: revspec '0b557a5f5c366b65be0bb9fa60f1197ee37a4ee0' not found; class=Reference (4); code=NotFound (-3)
[202/1000] zed-industries-zed.git@0b557a5f crates/command_palette/src/command_palette.rs (ok=113 skipped_too_large=33 timed_out=0 panicked=0 failed_to_read=56)
Failed to measure zed-industries-zed.git crates/gpui_linux/src/linux/text_system.rs: revspec '14f37ed5024bbccff2200797d1d9bf69aee01d66' not found; class=Reference (4); code=NotFound (-3)
[203/1000] zed-industries-zed.git@14f37ed5 crates/gpui_linux/src/linux/text_system.rs (ok=113 skipped_too_large=33 timed_out=0 panicked=0 failed_to_read=57)
Failed to measure zed-industries-zed.git crates/gpui_wgpu/src/wgpu_renderer.rs: revspec '14f37ed5024bbccff2200797d1d9bf69aee01d66' not found; class=Reference (4); code=NotFound (-3)
[204/1000] zed-industries-zed.git@14f37ed5 crates/gpui_wgpu/src/wgpu_renderer.rs (ok=113 skipped_too_large=33 timed_out=0 panicked=0 failed_to_read=58)
Failed to measure zed-industries-zed.git crates/git_ui/src/stash_picker.rs: revspec '1c7563c241916bcba937e28351b74815b2571ef6' not found; class=Reference (4); code=NotFound (-3)
[205/1000] zed-industries-zed.git@1c7563c2 crates/git_ui/src/stash_picker.rs (ok=113 skipped_too_large=33 timed_out=0 panicked=0 failed_to_read=59)
Failed to measure zed-industries-zed.git crates/gpui_wgpu/src/wgpu_renderer.rs: revspec '1d443f69f6cb4914ff0ca3309a5b5bac1af0e934' not found; class=Reference (4); code=NotFound (-3)
[206/1000] zed-industries-zed.git@1d443f69 crates/gpui_wgpu/src/wgpu_renderer.rs (ok=113 skipped_too_large=33 timed_out=0 panicked=0 failed_to_read=60)
Failed to measure zed-industries-zed.git crates/agent_ui/src/thread_metadata_store.rs: revspec '224be87fc3086961fd1e91bba77b2d475b2ba48d' not found; class=Reference (4); code=NotFound (-3)
[207/1000] zed-industries-zed.git@224be87f crates/agent_ui/src/thread_metadata_store.rs (ok=113 skipped_too_large=33 timed_out=0 panicked=0 failed_to_read=61)
Failed to measure zed-industries-zed.git crates/title_bar/src/collab.rs: revspec '23ac4fd9d23eb3b8847b4c5f84073d34b9c609d5' not found; class=Reference (4); code=NotFound (-3)
[208/1000] zed-industries-zed.git@23ac4fd9 crates/title_bar/src/collab.rs (ok=113 skipped_too_large=33 timed_out=0 panicked=0 failed_to_read=62)
Failed to measure zed-industries-zed.git crates/title_bar/src/title_bar.rs: revspec '23ac4fd9d23eb3b8847b4c5f84073d34b9c609d5' not found; class=Reference (4); code=NotFound (-3)
[209/1000] zed-industries-zed.git@23ac4fd9 crates/title_bar/src/title_bar.rs (ok=113 skipped_too_large=33 timed_out=0 panicked=0 failed_to_read=63)
Failed to measure zed-industries-zed.git crates/ui/src/components/ai/thread_item.rs: revspec '26f81c481872c9f3a52e584eeb8140e76b1b6f85' not found; class=Reference (4); code=NotFound (-3)
[210/1000] zed-industries-zed.git@26f81c48 crates/ui/src/components/ai/thread_item.rs (ok=113 skipped_too_large=33 timed_out=0 panicked=0 failed_to_read=64)
[211/1000] zed-industries-zed.git@2757aa41 crates/gpui_linux/src/linux/wayland/window.rs (ok=113 skipped_too_large=34 timed_out=0 panicked=0 failed_to_read=64)
Failed to measure zed-industries-zed.git crates/editor/src/folding_ranges.rs: revspec '2c59990135f299a976b5d9cd4664b787f04bc451' not found; class=Reference (4); code=NotFound (-3)
[212/1000] zed-industries-zed.git@2c599901 crates/editor/src/folding_ranges.rs (ok=113 skipped_too_large=34 timed_out=0 panicked=0 failed_to_read=65)
Failed to measure zed-industries-zed.git crates/gpui_macros/src/gpui_macros.rs: revspec '33e53019463427af991a1ccb70639935d50f2b18' not found; class=Reference (4); code=NotFound (-3)
[213/1000] zed-industries-zed.git@33e53019 crates/gpui_macros/src/gpui_macros.rs (ok=113 skipped_too_large=34 timed_out=0 panicked=0 failed_to_read=66)
Failed to measure zed-industries-zed.git tooling/xtask/src/tasks/workflows/extension_bump.rs: revspec '3714f3173e8e08293a28764cd01e08f21dace747' not found; class=Reference (4); code=NotFound (-3)
[214/1000] zed-industries-zed.git@3714f317 tooling/xtask/src/tasks/workflows/extension_bump.rs (ok=113 skipped_too_large=34 timed_out=0 panicked=0 failed_to_read=67)
Failed to measure zed-industries-zed.git crates/edit_prediction_cli/src/format_prompt.rs: revspec '376d410b83cd20acd156230fa55ca003e55da301' not found; class=Reference (4); code=NotFound (-3)
[215/1000] zed-industries-zed.git@376d410b crates/edit_prediction_cli/src/format_prompt.rs (ok=113 skipped_too_large=34 timed_out=0 panicked=0 failed_to_read=68)
Failed to measure zed-industries-zed.git crates/settings_content/src/agent.rs: revspec '47cc0bac418c9b7ab63e4116961301fd51c745fb' not found; class=Reference (4); code=NotFound (-3)
[216/1000] zed-industries-zed.git@47cc0bac crates/settings_content/src/agent.rs (ok=113 skipped_too_large=34 timed_out=0 panicked=0 failed_to_read=69)
Failed to measure zed-industries-zed.git crates/copilot/src/copilot_edit_prediction_delegate.rs: revspec '4bc324ccdce1d71a41104718ee5737c93937bc5a' not found; class=Reference (4); code=NotFound (-3)
[217/1000] zed-industries-zed.git@4bc324cc crates/copilot/src/copilot_edit_prediction_delegate.rs (ok=113 skipped_too_large=34 timed_out=0 panicked=0 failed_to_read=70)
Failed to measure zed-industries-zed.git crates/git_ui/src/blame_ui.rs: revspec '4e8937b62d8b14e22d82a0ea4a06f4fc280f1491' not found; class=Reference (4); code=NotFound (-3)
[218/1000] zed-industries-zed.git@4e8937b6 crates/git_ui/src/blame_ui.rs (ok=113 skipped_too_large=34 timed_out=0 panicked=0 failed_to_read=71)
Failed to measure zed-industries-zed.git crates/git_ui/src/file_history_view.rs: revspec '4e8937b62d8b14e22d82a0ea4a06f4fc280f1491' not found; class=Reference (4); code=NotFound (-3)
[219/1000] zed-industries-zed.git@4e8937b6 crates/git_ui/src/file_history_view.rs (ok=113 skipped_too_large=34 timed_out=0 panicked=0 failed_to_read=72)
Failed to measure zed-industries-zed.git crates/title_bar/src/title_bar.rs: revspec '4e8937b62d8b14e22d82a0ea4a06f4fc280f1491' not found; class=Reference (4); code=NotFound (-3)
[220/1000] zed-industries-zed.git@4e8937b6 crates/title_bar/src/title_bar.rs (ok=113 skipped_too_large=34 timed_out=0 panicked=0 failed_to_read=73)
Failed to measure zed-industries-zed.git crates/ui/src/components/button/icon_button.rs: revspec '4e8937b62d8b14e22d82a0ea4a06f4fc280f1491' not found; class=Reference (4); code=NotFound (-3)
[221/1000] zed-industries-zed.git@4e8937b6 crates/ui/src/components/button/icon_button.rs (ok=113 skipped_too_large=34 timed_out=0 panicked=0 failed_to_read=74)
Failed to measure zed-industries-zed.git crates/agent/src/edit_agent.rs: revspec '5e9ee9ea4ac856ebd34bbf5f1319ac9b0a0a3d60' not found; class=Reference (4); code=NotFound (-3)
[222/1000] zed-industries-zed.git@5e9ee9ea crates/agent/src/edit_agent.rs (ok=113 skipped_too_large=34 timed_out=0 panicked=0 failed_to_read=75)
Failed to measure zed-industries-zed.git crates/zed/src/zed/app_menus.rs: revspec '61c2a4334ca884ed0070bde239902ae3c81aba21' not found; class=Reference (4); code=NotFound (-3)
[223/1000] zed-industries-zed.git@61c2a433 crates/zed/src/zed/app_menus.rs (ok=113 skipped_too_large=34 timed_out=0 panicked=0 failed_to_read=76)
Failed to measure zed-industries-zed.git crates/terminal_view/src/terminal_view.rs: revspec '67d7f99891a7bf1b2f83d47fe3bbdaf02af13ba0' not found; class=Reference (4); code=NotFound (-3)
[224/1000] zed-industries-zed.git@67d7f998 crates/terminal_view/src/terminal_view.rs (ok=113 skipped_too_large=34 timed_out=0 panicked=0 failed_to_read=77)
Failed to measure zed-industries-zed.git crates/language_models/src/provider/anthropic.rs: revspec '68d96077f319dea338adfef9f789a4952273dde8' not found; class=Reference (4); code=NotFound (-3)
[225/1000] zed-industries-zed.git@68d96077 crates/language_models/src/provider/anthropic.rs (ok=113 skipped_too_large=34 timed_out=0 panicked=0 failed_to_read=78)
Failed to measure zed-industries-zed.git crates/language_models/src/provider/anthropic.rs: revspec '6a749380aa45d2c2e6eb3307e67ab6739cc0a1ce' not found; class=Reference (4); code=NotFound (-3)
[226/1000] zed-industries-zed.git@6a749380 crates/language_models/src/provider/anthropic.rs (ok=113 skipped_too_large=34 timed_out=0 panicked=0 failed_to_read=79)
Failed to measure zed-industries-zed.git crates/remote/src/transport/ssh.rs: revspec '7cca7bc6d62ce3821ee95c831c937410d4bf8225' not found; class=Reference (4); code=NotFound (-3)
[227/1000] zed-industries-zed.git@7cca7bc6 crates/remote/src/transport/ssh.rs (ok=113 skipped_too_large=34 timed_out=0 panicked=0 failed_to_read=80)
Failed to measure zed-industries-zed.git crates/gpui/src/app/test_context.rs: revspec '7f09bff76a51a337efe1bcac7a68ed517734f5f4' not found; class=Reference (4); code=NotFound (-3)
[228/1000] zed-industries-zed.git@7f09bff7 crates/gpui/src/app/test_context.rs (ok=113 skipped_too_large=34 timed_out=0 panicked=0 failed_to_read=81)
Failed to measure zed-industries-zed.git crates/vim/src/vim.rs: revspec '81da953acfdcba1951875abb9664cd371d4c7f86' not found; class=Reference (4); code=NotFound (-3)
[229/1000] zed-industries-zed.git@81da953a crates/vim/src/vim.rs (ok=113 skipped_too_large=34 timed_out=0 panicked=0 failed_to_read=82)
Failed to measure zed-industries-zed.git crates/ui/src/components/callout.rs: revspec '866ec42371b091c3a4d451a8d62182c9e40bdc14' not found; class=Reference (4); code=NotFound (-3)
[230/1000] zed-industries-zed.git@866ec423 crates/ui/src/components/callout.rs (ok=113 skipped_too_large=34 timed_out=0 panicked=0 failed_to_read=83)
Failed to measure zed-industries-zed.git crates/language_models/src/provider/open_ai_compatible.rs: revspec '87bc2aac5cc99e8425e1c29c1af6bb7bc15e280f' not found; class=Reference (4); code=NotFound (-3)
[231/1000] zed-industries-zed.git@87bc2aac crates/language_models/src/provider/open_ai_compatible.rs (ok=113 skipped_too_large=34 timed_out=0 panicked=0 failed_to_read=84)
Failed to measure zed-industries-zed.git crates/acp_thread/src/connection.rs: revspec '8d4913168c4ea3ac6a4d6cc1b70d3e7d006d8639' not found; class=Reference (4); code=NotFound (-3)
[232/1000] zed-industries-zed.git@8d491316 crates/acp_thread/src/connection.rs (ok=113 skipped_too_large=34 timed_out=0 panicked=0 failed_to_read=85)
Failed to measure zed-industries-zed.git crates/agent_ui/src/thread_history.rs: revspec '90cf81cb00a85204bffeb28b9aae1b3493731399' not found; class=Reference (4); code=NotFound (-3)
[233/1000] zed-industries-zed.git@90cf81cb crates/agent_ui/src/thread_history.rs (ok=113 skipped_too_large=34 timed_out=0 panicked=0 failed_to_read=86)
Failed to measure zed-industries-zed.git crates/ui/src/components/ai/thread_item.rs: revspec '96a9397c1622044475b66bd5c45e542930c2599b' not found; class=Reference (4); code=NotFound (-3)
[234/1000] zed-industries-zed.git@96a9397c crates/ui/src/components/ai/thread_item.rs (ok=113 skipped_too_large=34 timed_out=0 panicked=0 failed_to_read=87)
Failed to measure zed-industries-zed.git crates/agent_ui/src/agent_ui.rs: revspec '977cd6ac7e18ae0d0c4d528bb6bb1e987fd7b9d0' not found; class=Reference (4); code=NotFound (-3)
[235/1000] zed-industries-zed.git@977cd6ac crates/agent_ui/src/agent_ui.rs (ok=113 skipped_too_large=34 timed_out=0 panicked=0 failed_to_read=88)
Failed to measure zed-industries-zed.git crates/settings/src/vscode_import.rs: revspec '9973a349a4b758912919bccde7ac652feefbfa45' not found; class=Reference (4); code=NotFound (-3)
[236/1000] zed-industries-zed.git@9973a349 crates/settings/src/vscode_import.rs (ok=113 skipped_too_large=34 timed_out=0 panicked=0 failed_to_read=89)
Failed to measure zed-industries-zed.git crates/language_models/src/provider/open_ai.rs: revspec 'a18b7727eec635dda18ed25ff3e0ee96cb32f3ab' not found; class=Reference (4); code=NotFound (-3)
[237/1000] zed-industries-zed.git@a18b7727 crates/language_models/src/provider/open_ai.rs (ok=113 skipped_too_large=34 timed_out=0 panicked=0 failed_to_read=90)
Failed to measure zed-industries-zed.git crates/edit_prediction/src/zeta.rs: revspec 'a1d40370cfbcc086a89350cc798125d055773947' not found; class=Reference (4); code=NotFound (-3)
[238/1000] zed-industries-zed.git@a1d40370 crates/edit_prediction/src/zeta.rs (ok=113 skipped_too_large=34 timed_out=0 panicked=0 failed_to_read=91)
Failed to measure zed-industries-zed.git crates/language_models/src/provider/open_ai.rs: revspec 'a2e34cb7bff8121a3b195bc3d5d1fbfe668ef5a5' not found; class=Reference (4); code=NotFound (-3)
[239/1000] zed-industries-zed.git@a2e34cb7 crates/language_models/src/provider/open_ai.rs (ok=113 skipped_too_large=34 timed_out=0 panicked=0 failed_to_read=92)
Failed to measure zed-industries-zed.git crates/edit_prediction_ui/src/edit_prediction_button.rs: revspec 'a5a1977e985fbabcac2aacd7786f460df28c7eba' not found; class=Reference (4); code=NotFound (-3)
[240/1000] zed-industries-zed.git@a5a1977e crates/edit_prediction_ui/src/edit_prediction_button.rs (ok=113 skipped_too_large=34 timed_out=0 panicked=0 failed_to_read=93)
Failed to measure zed-industries-zed.git crates/rope/src/chunk.rs: revspec 'aabc967b1c3217380346c07e4c6b244664ac46e6' not found; class=Reference (4); code=NotFound (-3)
[241/1000] zed-industries-zed.git@aabc967b crates/rope/src/chunk.rs (ok=113 skipped_too_large=34 timed_out=0 panicked=0 failed_to_read=94)
Failed to measure zed-industries-zed.git tooling/xtask/src/tasks/workflows/steps.rs: revspec 'abec0efce8de9388506ea92341ded605c1e37e03' not found; class=Reference (4); code=NotFound (-3)
[242/1000] zed-industries-zed.git@abec0efc tooling/xtask/src/tasks/workflows/steps.rs (ok=113 skipped_too_large=34 timed_out=0 panicked=0 failed_to_read=95)
Failed to measure zed-industries-zed.git crates/gpui_macos/src/events.rs: revspec 'ac2f097559ecbaab6f55ca5a519f53b80ac54afb' not found; class=Reference (4); code=NotFound (-3)
[243/1000] zed-industries-zed.git@ac2f0975 crates/gpui_macos/src/events.rs (ok=113 skipped_too_large=34 timed_out=0 panicked=0 failed_to_read=96)
Failed to measure zed-industries-zed.git crates/gpui/src/text_system/line.rs: revspec 'b32067d24868600b3b64f9bdc4656053fd5be0ba' not found; class=Reference (4); code=NotFound (-3)
[244/1000] zed-industries-zed.git@b32067d2 crates/gpui/src/text_system/line.rs (ok=113 skipped_too_large=34 timed_out=0 panicked=0 failed_to_read=97)
Failed to measure zed-industries-zed.git crates/settings_content/src/settings_content.rs: revspec 'bbbe7239afa0eecaa3682395ebaac024428df91c' not found; class=Reference (4); code=NotFound (-3)
[245/1000] zed-industries-zed.git@bbbe7239 crates/settings_content/src/settings_content.rs (ok=113 skipped_too_large=34 timed_out=0 panicked=0 failed_to_read=98)
Failed to measure zed-industries-zed.git crates/util/src/shell.rs: revspec 'c091c90fafa165eee0123e3670efdefe2f8a1fad' not found; class=Reference (4); code=NotFound (-3)
[246/1000] zed-industries-zed.git@c091c90f crates/util/src/shell.rs (ok=113 skipped_too_large=34 timed_out=0 panicked=0 failed_to_read=99)
Failed to measure zed-industries-zed.git crates/editor/src/actions.rs: revspec 'c7870cb93d050840f5fb8ffba0e50f7786a4091c' not found; class=Reference (4); code=NotFound (-3)
[247/1000] zed-industries-zed.git@c7870cb9 crates/editor/src/actions.rs (ok=113 skipped_too_large=34 timed_out=0 panicked=0 failed_to_read=100)
Failed to measure zed-industries-zed.git crates/editor/src/hover_links.rs: revspec 'e9ffef0bfa1ed1e668b550b0889c993fbcbe89ac' not found; class=Reference (4); code=NotFound (-3)
[248/1000] zed-industries-zed.git@e9ffef0b crates/editor/src/hover_links.rs (ok=113 skipped_too_large=34 timed_out=0 panicked=0 failed_to_read=101)
Failed to measure zed-industries-zed.git crates/agent/src/tools/create_directory_tool.rs: revspec 'f8b74acc0fdff0cbfb233f24088592db1cefba1f' not found; class=Reference (4); code=NotFound (-3)
[249/1000] zed-industries-zed.git@f8b74acc crates/agent/src/tools/create_directory_tool.rs (ok=113 skipped_too_large=34 timed_out=0 panicked=0 failed_to_read=102)
[250/1000] zed-industries-zed.git@fb01b195 crates/edit_prediction/src/edit_prediction_tests.rs (ok=113 skipped_too_large=35 timed_out=0 panicked=0 failed_to_read=102)
[251/1000] GyulyVGC-sniffnet.git@043f03dc src/notifications/types/notifications.rs (ok=114 skipped_too_large=35 timed_out=0 panicked=0 failed_to_read=102)
[252/1000] GyulyVGC-sniffnet.git@0616118e src/gui/components/modal.rs (ok=115 skipped_too_large=35 timed_out=0 panicked=0 failed_to_read=102)
[253/1000] GyulyVGC-sniffnet.git@0616118e src/main.rs (ok=116 skipped_too_large=35 timed_out=0 panicked=0 failed_to_read=102)
[254/1000] GyulyVGC-sniffnet.git@0c796455 src/networking/types/info_traffic.rs (ok=117 skipped_too_large=35 timed_out=0 panicked=0 failed_to_read=102)
[255/1000] GyulyVGC-sniffnet.git@0eb4b539 src/notifications/notify_and_log.rs (ok=118 skipped_too_large=35 timed_out=0 panicked=0 failed_to_read=102)
[256/1000] GyulyVGC-sniffnet.git@1338d872 src/gui/components/header.rs (ok=119 skipped_too_large=35 timed_out=0 panicked=0 failed_to_read=102)
[257/1000] GyulyVGC-sniffnet.git@1338d872 src/gui/pages/thumbnail_page.rs (ok=120 skipped_too_large=35 timed_out=0 panicked=0 failed_to_read=102)
[258/1000] GyulyVGC-sniffnet.git@14cc566d src/notifications/types/logged_notification.rs (ok=121 skipped_too_large=35 timed_out=0 panicked=0 failed_to_read=102)
[259/1000] GyulyVGC-sniffnet.git@1a70be36 src/gui/types/conf.rs (ok=122 skipped_too_large=35 timed_out=0 panicked=0 failed_to_read=102)
[260/1000] GyulyVGC-sniffnet.git@1adb5092 src/gui/styles/style_constants.rs (ok=123 skipped_too_large=35 timed_out=0 panicked=0 failed_to_read=102)
[261/1000] GyulyVGC-sniffnet.git@1b200d18 src/gui/types/message.rs (ok=124 skipped_too_large=35 timed_out=0 panicked=0 failed_to_read=102)
[262/1000] GyulyVGC-sniffnet.git@1b29f867 src/gui/pages/types/running_page.rs (ok=125 skipped_too_large=35 timed_out=0 panicked=0 failed_to_read=102)
[263/1000] GyulyVGC-sniffnet.git@1b75284a src/networking/traffic_preview.rs (ok=126 skipped_too_large=35 timed_out=0 panicked=0 failed_to_read=102)
[264/1000] GyulyVGC-sniffnet.git@241c5abc src/networking/types/info_traffic.rs (ok=127 skipped_too_large=35 timed_out=0 panicked=0 failed_to_read=102)
[265/1000] GyulyVGC-sniffnet.git@29d42b4a src/utils/types/icon.rs (ok=128 skipped_too_large=35 timed_out=0 panicked=0 failed_to_read=102)
[266/1000] GyulyVGC-sniffnet.git@2b05125a src/notifications/notify_and_log.rs (ok=129 skipped_too_large=35 timed_out=0 panicked=0 failed_to_read=102)
[267/1000] GyulyVGC-sniffnet.git@2b128e50 src/networking/types/capture_context.rs (ok=130 skipped_too_large=35 timed_out=0 panicked=0 failed_to_read=102)
[268/1000] GyulyVGC-sniffnet.git@2c159423 src/configs/types/config_window.rs (ok=131 skipped_too_large=35 timed_out=0 panicked=0 failed_to_read=102)
[269/1000] GyulyVGC-sniffnet.git@2d9c9a06 src/networking/types/protocol.rs (ok=132 skipped_too_large=35 timed_out=0 panicked=0 failed_to_read=102)
[270/1000] GyulyVGC-sniffnet.git@2fff18d0 src/translations/translations_4.rs (ok=133 skipped_too_large=35 timed_out=0 panicked=0 failed_to_read=102)
[271/1000] GyulyVGC-sniffnet.git@3355d1fe src/gui/styles/text.rs (ok=134 skipped_too_large=35 timed_out=0 panicked=0 failed_to_read=102)
[272/1000] GyulyVGC-sniffnet.git@37d1cdfc src/gui/styles/text.rs (ok=135 skipped_too_large=35 timed_out=0 panicked=0 failed_to_read=102)
[273/1000] GyulyVGC-sniffnet.git@38febe32 src/networking/types/program.rs (ok=136 skipped_too_large=35 timed_out=0 panicked=0 failed_to_read=102)
[274/1000] GyulyVGC-sniffnet.git@40add2e0 src/utils/error_logger.rs (ok=137 skipped_too_large=35 timed_out=0 panicked=0 failed_to_read=102)
[275/1000] GyulyVGC-sniffnet.git@44ccf528 src/cli/mod.rs (ok=138 skipped_too_large=35 timed_out=0 panicked=0 failed_to_read=102)
[276/1000] GyulyVGC-sniffnet.git@4a34e755 src/report/get_report_entries.rs (ok=139 skipped_too_large=35 timed_out=0 panicked=0 failed_to_read=102)
[277/1000] GyulyVGC-sniffnet.git@4c5239b6 src/gui/styles/custom_themes/nord.rs (ok=140 skipped_too_large=35 timed_out=0 panicked=0 failed_to_read=102)
[278/1000] GyulyVGC-sniffnet.git@4c5239b6 src/notifications/notify_and_log.rs (ok=141 skipped_too_large=35 timed_out=0 panicked=0 failed_to_read=102)
[279/1000] GyulyVGC-sniffnet.git@4c5239b6 src/notifications/types/notifications.rs (ok=142 skipped_too_large=35 timed_out=0 panicked=0 failed_to_read=102)
[280/1000] GyulyVGC-sniffnet.git@4eb0d44c src/utils/formatted_strings.rs (ok=143 skipped_too_large=35 timed_out=0 panicked=0 failed_to_read=102)
[281/1000] GyulyVGC-sniffnet.git@50c4af5b src/notifications/notify_and_log.rs (ok=144 skipped_too_large=35 timed_out=0 panicked=0 failed_to_read=102)
[282/1000] GyulyVGC-sniffnet.git@57504706 src/chart/types/preview_chart.rs (ok=145 skipped_too_large=35 timed_out=0 panicked=0 failed_to_read=102)
[283/1000] GyulyVGC-sniffnet.git@6029ab1a src/report/get_report_entries.rs (ok=146 skipped_too_large=35 timed_out=0 panicked=0 failed_to_read=102)
[284/1000] GyulyVGC-sniffnet.git@70ffc02f src/utils/check_updates.rs (ok=147 skipped_too_large=35 timed_out=0 panicked=0 failed_to_read=102)
[285/1000] GyulyVGC-sniffnet.git@71d0cb4b src/networking/types/my_device.rs (ok=148 skipped_too_large=35 timed_out=0 panicked=0 failed_to_read=102)
[286/1000] GyulyVGC-sniffnet.git@7449a731 src/chart/types/donut_chart.rs (ok=149 skipped_too_large=35 timed_out=0 panicked=0 failed_to_read=102)
[287/1000] GyulyVGC-sniffnet.git@76bfcd3f src/gui/styles/text_input.rs (ok=150 skipped_too_large=35 timed_out=0 panicked=0 failed_to_read=102)
[288/1000] GyulyVGC-sniffnet.git@784a64cc src/networking/types/info_traffic.rs (ok=151 skipped_too_large=35 timed_out=0 panicked=0 failed_to_read=102)
[289/1000] GyulyVGC-sniffnet.git@7b3b2356 src/gui/styles/toggler.rs (ok=152 skipped_too_large=35 timed_out=0 panicked=0 failed_to_read=102)
[290/1000] GyulyVGC-sniffnet.git@8591aed6 src/gui/pages/types/running_page.rs (ok=153 skipped_too_large=35 timed_out=0 panicked=0 failed_to_read=102)
[291/1000] GyulyVGC-sniffnet.git@8fd9e394 src/report/types/search_parameters.rs (ok=154 skipped_too_large=35 timed_out=0 panicked=0 failed_to_read=102)
[292/1000] GyulyVGC-sniffnet.git@8fd9e394 src/translations/translations_5.rs (ok=155 skipped_too_large=35 timed_out=0 panicked=0 failed_to_read=102)
[293/1000] GyulyVGC-sniffnet.git@90146717 src/gui/types/timing_events.rs (ok=156 skipped_too_large=35 timed_out=0 panicked=0 failed_to_read=102)
[294/1000] GyulyVGC-sniffnet.git@91b2fd4a src/gui/types/conf.rs (ok=157 skipped_too_large=35 timed_out=0 panicked=0 failed_to_read=102)
[295/1000] GyulyVGC-sniffnet.git@91b2fd4a src/gui/types/config_window.rs (ok=158 skipped_too_large=35 timed_out=0 panicked=0 failed_to_read=102)
[296/1000] GyulyVGC-sniffnet.git@92276d54 src/main.rs (ok=159 skipped_too_large=35 timed_out=0 panicked=0 failed_to_read=102)
[297/1000] GyulyVGC-sniffnet.git@96b5ac55 src/networking/types/address_port_pair.rs (ok=160 skipped_too_large=35 timed_out=0 panicked=0 failed_to_read=102)
[298/1000] GyulyVGC-sniffnet.git@996c1f6d src/gui/pages/thumbnail_page.rs (ok=161 skipped_too_large=35 timed_out=0 panicked=0 failed_to_read=102)
[299/1000] GyulyVGC-sniffnet.git@a0ebe291 src/gui/types/conf.rs (ok=162 skipped_too_large=35 timed_out=0 panicked=0 failed_to_read=102)
[300/1000] GyulyVGC-sniffnet.git@a0ebe291 src/gui/types/export_pcap.rs (ok=163 skipped_too_large=35 timed_out=0 panicked=0 failed_to_read=102)
[301/1000] GyulyVGC-sniffnet.git@aa89be99 src/networking/types/program_lookup.rs (ok=164 skipped_too_large=35 timed_out=0 panicked=0 failed_to_read=102)
[302/1000] GyulyVGC-sniffnet.git@ae068d22 src/report/get_report_entries.rs (ok=165 skipped_too_large=35 timed_out=0 panicked=0 failed_to_read=102)
[303/1000] GyulyVGC-sniffnet.git@b713e5c0 src/notifications/notify_and_log.rs (ok=166 skipped_too_large=35 timed_out=0 panicked=0 failed_to_read=102)
[304/1000] GyulyVGC-sniffnet.git@bc5bb0ae src/networking/types/info_traffic.rs (ok=167 skipped_too_large=35 timed_out=0 panicked=0 failed_to_read=102)
[305/1000] GyulyVGC-sniffnet.git@c276536f src/chart/types/donut_chart.rs (ok=168 skipped_too_large=35 timed_out=0 panicked=0 failed_to_read=102)
[306/1000] GyulyVGC-sniffnet.git@c7784c69 src/gui/components/modal.rs (ok=169 skipped_too_large=35 timed_out=0 panicked=0 failed_to_read=102)
[307/1000] GyulyVGC-sniffnet.git@c7784c69 src/gui/styles/style_constants.rs (ok=170 skipped_too_large=35 timed_out=0 panicked=0 failed_to_read=102)
[308/1000] GyulyVGC-sniffnet.git@cc128525 src/gui/types/message.rs (ok=171 skipped_too_large=35 timed_out=0 panicked=0 failed_to_read=102)
[309/1000] GyulyVGC-sniffnet.git@cc50ea27 src/utils/check_updates.rs (ok=172 skipped_too_large=35 timed_out=0 panicked=0 failed_to_read=102)
[310/1000] GyulyVGC-sniffnet.git@cf7c6223 src/cli/mod.rs (ok=173 skipped_too_large=35 timed_out=0 panicked=0 failed_to_read=102)
[311/1000] GyulyVGC-sniffnet.git@d4d3fbb9 build.rs (ok=174 skipped_too_large=35 timed_out=0 panicked=0 failed_to_read=102)
[312/1000] GyulyVGC-sniffnet.git@d8aae02f src/report/types/search_parameters.rs (ok=175 skipped_too_large=35 timed_out=0 panicked=0 failed_to_read=102)
[313/1000] GyulyVGC-sniffnet.git@da7e17c5 src/gui/types/message.rs (ok=176 skipped_too_large=35 timed_out=0 panicked=0 failed_to_read=102)
[314/1000] GyulyVGC-sniffnet.git@e3377a0e src/notifications/notify_and_log.rs (ok=177 skipped_too_large=35 timed_out=0 panicked=0 failed_to_read=102)
[315/1000] GyulyVGC-sniffnet.git@e4827db8 src/networking/types/program_lookup.rs (ok=178 skipped_too_large=35 timed_out=0 panicked=0 failed_to_read=102)
[316/1000] GyulyVGC-sniffnet.git@e50266e5 src/gui/components/tab.rs (ok=179 skipped_too_large=35 timed_out=0 panicked=0 failed_to_read=102)
[317/1000] GyulyVGC-sniffnet.git@e50266e5 src/networking/types/capture_context.rs (ok=180 skipped_too_large=35 timed_out=0 panicked=0 failed_to_read=102)
[318/1000] GyulyVGC-sniffnet.git@e5be9a52 src/networking/types/my_link_type.rs (ok=181 skipped_too_large=35 timed_out=0 panicked=0 failed_to_read=102)
[319/1000] GyulyVGC-sniffnet.git@e62875ce src/gui/styles/types/custom_palette.rs (ok=182 skipped_too_large=35 timed_out=0 panicked=0 failed_to_read=102)
[320/1000] GyulyVGC-sniffnet.git@e9af2218 src/networking/types/info_traffic.rs (ok=183 skipped_too_large=35 timed_out=0 panicked=0 failed_to_read=102)
[321/1000] GyulyVGC-sniffnet.git@eb013e0e src/main.rs (ok=184 skipped_too_large=35 timed_out=0 panicked=0 failed_to_read=102)
[322/1000] GyulyVGC-sniffnet.git@fb206ced src/gui/styles/types/color_remote.rs (ok=185 skipped_too_large=35 timed_out=0 panicked=0 failed_to_read=102)
[323/1000] GyulyVGC-sniffnet.git@fba11c62 src/notifications/notify_and_log.rs (ok=186 skipped_too_large=35 timed_out=0 panicked=0 failed_to_read=102)
Failed to measure LadybirdBrowser-ladybird.git Libraries/LibJS/Rust/src/token.rs: revspec '30f108ba3646a03ca82a183ed8e9b6f26b82b030' not found; class=Reference (4); code=NotFound (-3)
[324/1000] LadybirdBrowser-ladybird.git@30f108ba Libraries/LibJS/Rust/src/token.rs (ok=186 skipped_too_large=35 timed_out=0 panicked=0 failed_to_read=103)
Failed to measure mozilla-firefox-firefox.git gfx/wr/webrender/src/pattern/mod.rs: revspec '7271bf9808edb293d3c8b19b08127d1fe86839e0' not found; class=Reference (4); code=NotFound (-3)
[325/1000] mozilla-firefox-firefox.git@7271bf98 gfx/wr/webrender/src/pattern/mod.rs (ok=186 skipped_too_large=35 timed_out=0 panicked=0 failed_to_read=104)
Failed to measure mozilla-firefox-firefox.git servo/components/style/stylesheets/view_transition_rule.rs: revspec 'aacf6307c3918c1e361038fe1d9d23e2ea09658c' not found; class=Reference (4); code=NotFound (-3)
[326/1000] mozilla-firefox-firefox.git@aacf6307 servo/components/style/stylesheets/view_transition_rule.rs (ok=186 skipped_too_large=35 timed_out=0 panicked=0 failed_to_read=105)
Failed to measure mozilla-firefox-firefox.git servo/components/style/stylesheets/view_transition_rule.rs: revspec 'd1449213bf2385a6ab0a5628bede70e808944f7f' not found; class=Reference (4); code=NotFound (-3)
[327/1000] mozilla-firefox-firefox.git@d1449213 servo/components/style/stylesheets/view_transition_rule.rs (ok=186 skipped_too_large=35 timed_out=0 panicked=0 failed_to_read=106)
Failed to measure protocolbuffers-protobuf.git rust/internal.rs: revspec '9f7e904c9f9ec958e1acbd834c504eeb06f56e8a' not found; class=Reference (4); code=NotFound (-3)
[328/1000] protocolbuffers-protobuf.git@9f7e904c rust/internal.rs (ok=186 skipped_too_large=35 timed_out=0 panicked=0 failed_to_read=107)
Failed to measure protocolbuffers-protobuf.git rust/internal.rs: revspec 'cdbfaf118e9906c8ca7c27b641a8abafbd129b0b' not found; class=Reference (4); code=NotFound (-3)
[329/1000] protocolbuffers-protobuf.git@cdbfaf11 rust/internal.rs (ok=186 skipped_too_large=35 timed_out=0 panicked=0 failed_to_read=108)
[330/1000] rust-lang-rust.git@0c3435c3 src/doc/rustc-dev-guide/ci/sembr/src/main.rs (ok=187 skipped_too_large=35 timed_out=0 panicked=0 failed_to_read=108)
[331/1000] rust-lang-rust.git@1fa1611e compiler/rustc_middle/src/hooks/mod.rs (ok=188 skipped_too_large=35 timed_out=0 panicked=0 failed_to_read=108)
[332/1000] rust-lang-rust.git@34ef9a61 compiler/rustc_attr_parsing/src/attributes/must_not_suspend.rs (ok=189 skipped_too_large=35 timed_out=0 panicked=0 failed_to_read=108)
[333/1000] rust-lang-rust.git@34ef9a61 compiler/rustc_attr_parsing/src/attributes/proc_macro_attrs.rs (ok=190 skipped_too_large=35 timed_out=0 panicked=0 failed_to_read=108)
[334/1000] rust-lang-rust.git@3a62e898 compiler/rustc_middle/src/query/modifiers.rs (ok=191 skipped_too_large=35 timed_out=0 panicked=0 failed_to_read=108)
[335/1000] rust-lang-rust.git@40ebcc03 compiler/rustc_target/src/spec/targets/armv7_unknown_linux_uclibceabi.rs (ok=192 skipped_too_large=35 timed_out=0 panicked=0 failed_to_read=108)
[336/1000] rust-lang-rust.git@40ebcc03 compiler/rustc_target/src/spec/targets/loongarch32_unknown_none_softfloat.rs (ok=193 skipped_too_large=35 timed_out=0 panicked=0 failed_to_read=108)
[337/1000] rust-lang-rust.git@40ebcc03 compiler/rustc_target/src/spec/targets/thumbv7em_nuttx_eabihf.rs (ok=194 skipped_too_large=35 timed_out=0 panicked=0 failed_to_read=108)
[338/1000] rust-lang-rust.git@4f10c640 library/stdarch/crates/core_arch/src/aarch64/mte.rs (ok=195 skipped_too_large=35 timed_out=0 panicked=0 failed_to_read=108)
[339/1000] rust-lang-rust.git@52dfa94c tests/assembly-llvm/x86_64-windows-float-abi.rs (ok=196 skipped_too_large=35 timed_out=0 panicked=0 failed_to_read=108)
[340/1000] rust-lang-rust.git@52dfa94c tests/run-make/repr128-dwarf/main.rs (ok=197 skipped_too_large=35 timed_out=0 panicked=0 failed_to_read=108)
[341/1000] rust-lang-rust.git@59dfb9ef tests/ui/where-clauses/cfg_attribute.rs (ok=198 skipped_too_large=35 timed_out=0 panicked=0 failed_to_read=108)
[342/1000] rust-lang-rust.git@6699c136 compiler/rustc_query_impl/src/lib.rs (ok=199 skipped_too_large=35 timed_out=0 panicked=0 failed_to_read=108)
[343/1000] rust-lang-rust.git@681750bd src/tools/miri/src/intrinsics/math.rs (ok=200 skipped_too_large=35 timed_out=0 panicked=0 failed_to_read=108)
[344/1000] rust-lang-rust.git@6a0ce166 tests/ui/const-ptr/forbidden_slices.rs (ok=201 skipped_too_large=35 timed_out=0 panicked=0 failed_to_read=108)
[345/1000] rust-lang-rust.git@6a0ce166 tests/ui/consts/const-eval/read_partial_ptr.rs (ok=202 skipped_too_large=35 timed_out=0 panicked=0 failed_to_read=108)
[346/1000] rust-lang-rust.git@6a0ce166 tests/ui/consts/miri_unleashed/static-no-inner-mut.rs (ok=203 skipped_too_large=35 timed_out=0 panicked=0 failed_to_read=108)
[347/1000] rust-lang-rust.git@6a0ce166 tests/ui/dep-graph/dep-graph-struct-signature.rs (ok=204 skipped_too_large=35 timed_out=0 panicked=0 failed_to_read=108)
[348/1000] rust-lang-rust.git@6a0ce166 tests/ui/type/pattern_types/validity.rs (ok=205 skipped_too_large=35 timed_out=0 panicked=0 failed_to_read=108)
[349/1000] rust-lang-rust.git@6b148769 compiler/rustc_target/src/spec/targets/riscv32imafc_unknown_none_elf.rs (ok=206 skipped_too_large=35 timed_out=0 panicked=0 failed_to_read=108)
[350/1000] rust-lang-rust.git@6b148769 compiler/rustc_target/src/spec/targets/riscv64gc_unknown_fuchsia.rs (ok=207 skipped_too_large=35 timed_out=0 panicked=0 failed_to_read=108)
[351/1000] rust-lang-rust.git@7a698be6 library/compiler-builtins/libm/src/math/generic/fmax.rs (ok=208 skipped_too_large=35 timed_out=0 panicked=0 failed_to_read=108)
[352/1000] rust-lang-rust.git@7f83c784 compiler/rustc_builtin_macros/src/cfg.rs (ok=209 skipped_too_large=35 timed_out=0 panicked=0 failed_to_read=108)
[353/1000] rust-lang-rust.git@823517c4 src/tools/compiletest/src/runtest/rustdoc_json.rs (ok=210 skipped_too_large=35 timed_out=0 panicked=0 failed_to_read=108)
[354/1000] rust-lang-rust.git@90f7d7e0 compiler/rustc_middle/src/error.rs (ok=211 skipped_too_large=35 timed_out=0 panicked=0 failed_to_read=108)
[355/1000] rust-lang-rust.git@919fd6b6 compiler/rustc_interface/src/limits.rs (ok=212 skipped_too_large=35 timed_out=0 panicked=0 failed_to_read=108)
[356/1000] rust-lang-rust.git@953210cf src/librustdoc/formats/item_type.rs (ok=213 skipped_too_large=35 timed_out=0 panicked=0 failed_to_read=108)
[357/1000] rust-lang-rust.git@9b0be785 tests/ui/layout/gce-rigid-const-in-array-len.rs (ok=214 skipped_too_large=35 timed_out=0 panicked=0 failed_to_read=108)
[358/1000] rust-lang-rust.git@9b1eb935 tests/ui/inference/question-mark-type-inference-in-chain.rs (ok=215 skipped_too_large=35 timed_out=0 panicked=0 failed_to_read=108)
[359/1000] rust-lang-rust.git@a893257c src/tools/rustfmt/src/vertical.rs (ok=216 skipped_too_large=35 timed_out=0 panicked=0 failed_to_read=108)
[360/1000] rust-lang-rust.git@aa223a02 compiler/rustc_middle/src/query/job.rs (ok=217 skipped_too_large=35 timed_out=0 panicked=0 failed_to_read=108)
[361/1000] rust-lang-rust.git@aa223a02 compiler/rustc_middle/src/query/mod.rs (ok=218 skipped_too_large=35 timed_out=0 panicked=0 failed_to_read=108)
[362/1000] rust-lang-rust.git@b07c0439 library/coretests/tests/num/dec2flt/lemire.rs (ok=219 skipped_too_large=35 timed_out=0 panicked=0 failed_to_read=108)
[363/1000] rust-lang-rust.git@b41b0c49 compiler/rustc_middle/src/hooks/mod.rs (ok=220 skipped_too_large=35 timed_out=0 panicked=0 failed_to_read=108)
[364/1000] rust-lang-rust.git@b90abe64 library/coretests/tests/lib.rs (ok=221 skipped_too_large=35 timed_out=0 panicked=0 failed_to_read=108)
[365/1000] rust-lang-rust.git@be5f0708 library/std/src/sys/pal/wasi/mod.rs (ok=222 skipped_too_large=35 timed_out=0 panicked=0 failed_to_read=108)
[366/1000] rust-lang-rust.git@be5f0708 library/std/src/sys/pal/zkvm/mod.rs (ok=223 skipped_too_large=35 timed_out=0 panicked=0 failed_to_read=108)
[367/1000] rust-lang-rust.git@be5f0708 library/std/src/sys/paths/sgx.rs (ok=224 skipped_too_large=35 timed_out=0 panicked=0 failed_to_read=108)
[368/1000] rust-lang-rust.git@be5f0708 library/std/src/sys/paths/wasi.rs (ok=225 skipped_too_large=35 timed_out=0 panicked=0 failed_to_read=108)
[369/1000] rust-lang-rust.git@be5f0708 library/std/src/sys/paths/windows.rs (ok=226 skipped_too_large=35 timed_out=0 panicked=0 failed_to_read=108)
[370/1000] rust-lang-rust.git@bec94a33 library/core/src/num/imp/flt2dec/decoder.rs (ok=227 skipped_too_large=35 timed_out=0 panicked=0 failed_to_read=108)
[371/1000] rust-lang-rust.git@c01af5a2 src/tools/rust-analyzer/crates/ide-assists/src/handlers/unwrap_tuple.rs (ok=228 skipped_too_large=35 timed_out=0 panicked=0 failed_to_read=108)
[372/1000] rust-lang-rust.git@c12ab08c src/tools/clippy/clippy_lints/src/methods/manual_contains.rs (ok=229 skipped_too_large=35 timed_out=0 panicked=0 failed_to_read=108)
[373/1000] rust-lang-rust.git@c5c1d94e library/std/src/backtrace/tests.rs (ok=230 skipped_too_large=35 timed_out=0 panicked=0 failed_to_read=108)
[374/1000] rust-lang-rust.git@ccd16408 src/tools/compiletest/src/directives/directive_names.rs (ok=231 skipped_too_large=35 timed_out=0 panicked=0 failed_to_read=108)
[375/1000] rust-lang-rust.git@d066ff72 compiler/rustc_query_impl/src/profiling_support.rs (ok=232 skipped_too_large=35 timed_out=0 panicked=0 failed_to_read=108)
[376/1000] rust-lang-rust.git@db5e2dc2 compiler/rustc_const_eval/src/util/check_validity_requirement.rs (ok=233 skipped_too_large=35 timed_out=0 panicked=0 failed_to_read=108)
[377/1000] rust-lang-rust.git@e844c241 compiler/rustc_session/src/config/externs.rs (ok=234 skipped_too_large=35 timed_out=0 panicked=0 failed_to_read=108)
[378/1000] rust-lang-rust.git@f599afe6 clippy_lints/src/bool_comparison.rs (ok=235 skipped_too_large=35 timed_out=0 panicked=0 failed_to_read=108)
[379/1000] rust-lang-rust.git@fe1f92af compiler/rustc_passes/src/abi_test.rs (ok=236 skipped_too_large=35 timed_out=0 panicked=0 failed_to_read=108)
[380/1000] rustdesk-rustdesk.git@5b214418 build.rs (ok=237 skipped_too_large=35 timed_out=0 panicked=0 failed_to_read=108)
[381/1000] rustdesk-rustdesk.git@738afb54 src/main.rs (ok=238 skipped_too_large=35 timed_out=0 panicked=0 failed_to_read=108)
[382/1000] rustdesk-rustdesk.git@a22f2108 src/platform/mod.rs (ok=239 skipped_too_large=35 timed_out=0 panicked=0 failed_to_read=108)
[383/1000] rustdesk-rustdesk.git@d0e9c6dc src/lib.rs (ok=240 skipped_too_large=35 timed_out=0 panicked=0 failed_to_read=108)
[384/1000] rustdesk-rustdesk.git@f0f999dc src/ui/cm.rs (ok=241 skipped_too_large=35 timed_out=0 panicked=0 failed_to_read=108)
[385/1000] rustdesk-rustdesk.git@f4bbf823 src/client/file_trait.rs (ok=242 skipped_too_large=35 timed_out=0 panicked=0 failed_to_read=108)
[386/1000] rustdesk-rustdesk.git@fd4e0146 src/server/wayland.rs (ok=243 skipped_too_large=35 timed_out=0 panicked=0 failed_to_read=108)
[387/1000] tauri-apps-tauri.git@013f8f65 crates/tauri-macros/src/lib.rs (ok=244 skipped_too_large=35 timed_out=0 panicked=0 failed_to_read=108)
[388/1000] tauri-apps-tauri.git@08e35fcd crates/tauri-cli/src/mobile/ios/run.rs (ok=245 skipped_too_large=35 timed_out=0 panicked=0 failed_to_read=108)
[389/1000] tauri-apps-tauri.git@0aa48fb9 crates/tauri-bundler/src/bundle/macos/ios.rs (ok=246 skipped_too_large=35 timed_out=0 panicked=0 failed_to_read=108)
[390/1000] tauri-apps-tauri.git@1777406a crates/tauri-bundler/src/bundle/updater_bundle.rs (ok=247 skipped_too_large=35 timed_out=0 panicked=0 failed_to_read=108)
[391/1000] tauri-apps-tauri.git@1a6627ee crates/tauri-cli/src/add.rs (ok=248 skipped_too_large=35 timed_out=0 panicked=0 failed_to_read=108)
[392/1000] tauri-apps-tauri.git@232265c7 crates/tauri-bundler/src/bundle/windows/util.rs (ok=249 skipped_too_large=35 timed_out=0 panicked=0 failed_to_read=108)
[393/1000] tauri-apps-tauri.git@30beb6fe crates/tauri-cli/src/helpers/cargo_manifest.rs (ok=250 skipped_too_large=35 timed_out=0 panicked=0 failed_to_read=108)
[394/1000] tauri-apps-tauri.git@30beb6fe crates/tauri-cli/src/info/packages_rust.rs (ok=251 skipped_too_large=35 timed_out=0 panicked=0 failed_to_read=108)
[395/1000] tauri-apps-tauri.git@3626b7a9 crates/tauri-bundler/src/bundle/linux/rpm.rs (ok=252 skipped_too_large=35 timed_out=0 panicked=0 failed_to_read=108)
[396/1000] tauri-apps-tauri.git@4475e93e crates/tauri-cli/src/helpers/cargo_manifest.rs (ok=253 skipped_too_large=35 timed_out=0 panicked=0 failed_to_read=108)
[397/1000] tauri-apps-tauri.git@50ebddaa crates/tauri/src/webview/plugin.rs (ok=254 skipped_too_large=35 timed_out=0 panicked=0 failed_to_read=108)
[398/1000] tauri-apps-tauri.git@560067cd examples/streaming/main.rs (ok=255 skipped_too_large=35 timed_out=0 panicked=0 failed_to_read=108)
Failed to measure tauri-apps-tauri.git crates/tauri/src/process.rs: revspec '5eb036f33951a9946f25ce5fa7fc47ae4469aa60' not found; class=Reference (4); code=NotFound (-3)
[399/1000] tauri-apps-tauri.git@5eb036f3 crates/tauri/src/process.rs (ok=255 skipped_too_large=35 timed_out=0 panicked=0 failed_to_read=109)
[400/1000] tauri-apps-tauri.git@6b2b9d6c crates/tauri-bundler/src/bundle/macos/ios.rs (ok=256 skipped_too_large=35 timed_out=0 panicked=0 failed_to_read=109)
[401/1000] tauri-apps-tauri.git@6b2b9d6c crates/tauri-driver/src/webdriver.rs (ok=257 skipped_too_large=35 timed_out=0 panicked=0 failed_to_read=109)
[402/1000] tauri-apps-tauri.git@7af01ff2 crates/tauri-cli/src/helpers/npm.rs (ok=258 skipped_too_large=35 timed_out=0 panicked=0 failed_to_read=109)
[403/1000] tauri-apps-tauri.git@7f7d9aac crates/tauri-cli/src/migrate/mod.rs (ok=259 skipped_too_large=35 timed_out=0 panicked=0 failed_to_read=109)
[404/1000] tauri-apps-tauri.git@80dccb6a crates/tauri-cli/src/info/packages_rust.rs (ok=260 skipped_too_large=35 timed_out=0 panicked=0 failed_to_read=109)
[405/1000] tauri-apps-tauri.git@88172944 crates/tauri-bundler/src/bundle/linux/appimage.rs (ok=261 skipped_too_large=35 timed_out=0 panicked=0 failed_to_read=109)
[406/1000] tauri-apps-tauri.git@8a1d4908 crates/tauri/src/image/mod.rs (ok=262 skipped_too_large=35 timed_out=0 panicked=0 failed_to_read=109)
[407/1000] tauri-apps-tauri.git@916aeaa4 crates/tauri-cli/src/mobile/android/android_studio_script.rs (ok=263 skipped_too_large=35 timed_out=0 panicked=0 failed_to_read=109)
[408/1000] tauri-apps-tauri.git@9c16eefa crates/tauri-utils/src/html.rs (ok=264 skipped_too_large=35 timed_out=0 panicked=0 failed_to_read=109)
[409/1000] tauri-apps-tauri.git@a16796a5 examples/api/src-tauri/build.rs (ok=265 skipped_too_large=35 timed_out=0 panicked=0 failed_to_read=109)
[410/1000] tauri-apps-tauri.git@a2abe2e6 crates/tauri-cli/src/mobile/ios/run.rs (ok=266 skipped_too_large=35 timed_out=0 panicked=0 failed_to_read=109)
[411/1000] tauri-apps-tauri.git@a8f1569b crates/tauri-bundler/src/bundle/windows/sign.rs (ok=267 skipped_too_large=35 timed_out=0 panicked=0 failed_to_read=109)
[412/1000] tauri-apps-tauri.git@ac22950f crates/tauri-cli/src/helpers/app_paths.rs (ok=268 skipped_too_large=35 timed_out=0 panicked=0 failed_to_read=109)
[413/1000] tauri-apps-tauri.git@ac22950f crates/tauri-cli/src/info/packages_nodejs.rs (ok=269 skipped_too_large=35 timed_out=0 panicked=0 failed_to_read=109)
[414/1000] tauri-apps-tauri.git@b06b3bd0 crates/tauri-cli/src/completions.rs (ok=270 skipped_too_large=35 timed_out=0 panicked=0 failed_to_read=109)
[415/1000] tauri-apps-tauri.git@b06b3bd0 crates/tauri-cli/src/helpers/mod.rs (ok=271 skipped_too_large=35 timed_out=0 panicked=0 failed_to_read=109)
[416/1000] tauri-apps-tauri.git@b06b3bd0 crates/tauri-cli/src/info/plugins.rs (ok=272 skipped_too_large=35 timed_out=0 panicked=0 failed_to_read=109)
[417/1000] tauri-apps-tauri.git@b7cdb3b3 crates/tauri-utils/src/assets.rs (ok=273 skipped_too_large=35 timed_out=0 panicked=0 failed_to_read=109)
[418/1000] tauri-apps-tauri.git@bb5faa21 examples/file-associations/src-tauri/src/main.rs (ok=274 skipped_too_large=35 timed_out=0 panicked=0 failed_to_read=109)
[419/1000] tauri-apps-tauri.git@bda83041 crates/tauri-cli/src/migrate/mod.rs (ok=275 skipped_too_large=35 timed_out=0 panicked=0 failed_to_read=109)
[420/1000] tauri-apps-tauri.git@cde0ff77 examples/api/src-tauri/build.rs (ok=276 skipped_too_large=35 timed_out=0 panicked=0 failed_to_read=109)
[421/1000] tauri-apps-tauri.git@d38d90b8 crates/tauri/src/ipc/command.rs (ok=277 skipped_too_large=35 timed_out=0 panicked=0 failed_to_read=109)
[422/1000] tauri-apps-tauri.git@dd4f13ce crates/tauri/src/app/plugin.rs (ok=278 skipped_too_large=35 timed_out=0 panicked=0 failed_to_read=109)
[423/1000] tauri-apps-tauri.git@ddc46936 crates/tauri-cli/src/dev/builtin_dev_server.rs (ok=279 skipped_too_large=35 timed_out=0 panicked=0 failed_to_read=109)
Failed to measure tauri-apps-tauri.git crates/tauri-cli/src/helpers/app_paths.rs: revspec 'e4c9268b19c614dc9ebb0895448fd16de7efee80' not found; class=Reference (4); code=NotFound (-3)
[424/1000] tauri-apps-tauri.git@e4c9268b crates/tauri-cli/src/helpers/app_paths.rs (ok=279 skipped_too_large=35 timed_out=0 panicked=0 failed_to_read=110)
[425/1000] tauri-apps-tauri.git@ec6065fa crates/tauri-cli/src/mobile/android/android_studio_script.rs (ok=280 skipped_too_large=35 timed_out=0 panicked=0 failed_to_read=110)
[426/1000] tauri-apps-tauri.git@f37e97d4 crates/tauri/src/pattern.rs (ok=281 skipped_too_large=35 timed_out=0 panicked=0 failed_to_read=110)
[427/1000] tauri-apps-tauri.git@f3df96fb crates/tauri-bundler/src/bundle/windows/util.rs (ok=282 skipped_too_large=35 timed_out=0 panicked=0 failed_to_read=110)
Failed to measure tauri-apps-tauri.git crates/tauri-bundler/src/bundle/linux/appimage/mod.rs: revspec 'fbff6388ad6e3fcc450f262125823bdc3861ed6a' not found; class=Reference (4); code=NotFound (-3)
[428/1000] tauri-apps-tauri.git@fbff6388 crates/tauri-bundler/src/bundle/linux/appimage/mod.rs (ok=282 skipped_too_large=35 timed_out=0 panicked=0 failed_to_read=111)
Failed to measure vercel-next.js.git crates/next-core/src/next_image/module.rs: revspec '07df7fa0284c8fbdd51d00e7a12a1ac5ccc1125d' not found; class=Reference (4); code=NotFound (-3)
[429/1000] vercel-next.js.git@07df7fa0 crates/next-core/src/next_image/module.rs (ok=282 skipped_too_large=35 timed_out=0 panicked=0 failed_to_read=112)
Failed to measure vercel-next.js.git turbopack/crates/turbo-tasks-macros/src/lib.rs: revspec '0866832665da1b7fbd51e5ae6c8153028288340c' not found; class=Reference (4); code=NotFound (-3)
[430/1000] vercel-next.js.git@08668326 turbopack/crates/turbo-tasks-macros/src/lib.rs (ok=282 skipped_too_large=35 timed_out=0 panicked=0 failed_to_read=113)
Failed to measure vercel-next.js.git turbopack/crates/turbo-persistence/src/lib.rs: revspec '091352010aca1cf9afce5ecd90e7609687f5ae02' not found; class=Reference (4); code=NotFound (-3)
[431/1000] vercel-next.js.git@09135201 turbopack/crates/turbo-persistence/src/lib.rs (ok=282 skipped_too_large=35 timed_out=0 panicked=0 failed_to_read=114)
Failed to measure vercel-next.js.git turbopack/crates/turbo-persistence/src/compression.rs: revspec '0d49dd888fbe6767ee6a4e0dd6845dd22f5044bf' not found; class=Reference (4); code=NotFound (-3)
[432/1000] vercel-next.js.git@0d49dd88 turbopack/crates/turbo-persistence/src/compression.rs (ok=282 skipped_too_large=35 timed_out=0 panicked=0 failed_to_read=115)
Failed to measure vercel-next.js.git turbopack/crates/turbopack-core/src/raw_module.rs: revspec '0d613062017062259a00138e64b07c081f26993b' not found; class=Reference (4); code=NotFound (-3)
[433/1000] vercel-next.js.git@0d613062 turbopack/crates/turbopack-core/src/raw_module.rs (ok=282 skipped_too_large=35 timed_out=0 panicked=0 failed_to_read=116)
Failed to measure vercel-next.js.git turbopack/crates/turbo-persistence-tools/src/main.rs: revspec '11823f8471cec98a093fd3af6d4193838da0b667' not found; class=Reference (4); code=NotFound (-3)
[434/1000] vercel-next.js.git@11823f84 turbopack/crates/turbo-persistence-tools/src/main.rs (ok=282 skipped_too_large=35 timed_out=0 panicked=0 failed_to_read=117)
Failed to measure vercel-next.js.git turbopack/crates/turbo-tasks-macros/src/global_name.rs: revspec '14c1f8c6e9c107e2fab2e50c89b157e9aa570f95' not found; class=Reference (4); code=NotFound (-3)
[435/1000] vercel-next.js.git@14c1f8c6 turbopack/crates/turbo-tasks-macros/src/global_name.rs (ok=282 skipped_too_large=35 timed_out=0 panicked=0 failed_to_read=118)
Failed to measure vercel-next.js.git turbopack/crates/turbopack-node/src/worker_pool/worker_thread.rs: revspec '1bc8f559932c83ff8d863a35c4a1b2f9ebafd900' not found; class=Reference (4); code=NotFound (-3)
[436/1000] vercel-next.js.git@1bc8f559 turbopack/crates/turbopack-node/src/worker_pool/worker_thread.rs (ok=282 skipped_too_large=35 timed_out=0 panicked=0 failed_to_read=119)
Failed to measure vercel-next.js.git turbopack/crates/turbo-tasks-env/src/filter.rs: revspec '2307bf6e521a6969423f7010cdd36d4210d1b7a9' not found; class=Reference (4); code=NotFound (-3)
[437/1000] vercel-next.js.git@2307bf6e turbopack/crates/turbo-tasks-env/src/filter.rs (ok=282 skipped_too_large=35 timed_out=0 panicked=0 failed_to_read=120)
Failed to measure vercel-next.js.git turbopack/crates/turbopack-ecmascript/src/references/esm/dynamic.rs: revspec '236a76dd0fb61196dfb4da1568c0eb42c5d17283' not found; class=Reference (4); code=NotFound (-3)
[438/1000] vercel-next.js.git@236a76dd turbopack/crates/turbopack-ecmascript/src/references/esm/dynamic.rs (ok=282 skipped_too_large=35 timed_out=0 panicked=0 failed_to_read=121)
Failed to measure vercel-next.js.git turbopack/crates/turbopack-node/src/lib.rs: revspec '2ba4d6ee9dcf91fd0cb27167afdcd5e0a0322f52' not found; class=Reference (4); code=NotFound (-3)
[439/1000] vercel-next.js.git@2ba4d6ee turbopack/crates/turbopack-node/src/lib.rs (ok=282 skipped_too_large=35 timed_out=0 panicked=0 failed_to_read=122)
Failed to measure vercel-next.js.git turbopack/crates/turbo-persistence/src/lookup_entry.rs: revspec '384cb2dadfa12bca55a883c7f1c7e37f22bb5a5a' not found; class=Reference (4); code=NotFound (-3)
[440/1000] vercel-next.js.git@384cb2da turbopack/crates/turbo-persistence/src/lookup_entry.rs (ok=282 skipped_too_large=35 timed_out=0 panicked=0 failed_to_read=123)
Failed to measure vercel-next.js.git turbopack/crates/turbo-tasks-fs/src/virtual_fs.rs: revspec '5070ad0df4f7fa9b448516035cdea4738814706b' not found; class=Reference (4); code=NotFound (-3)
[441/1000] vercel-next.js.git@5070ad0d turbopack/crates/turbo-tasks-fs/src/virtual_fs.rs (ok=282 skipped_too_large=35 timed_out=0 panicked=0 failed_to_read=124)
Failed to measure vercel-next.js.git turbopack/crates/turbopack-static/src/ecma.rs: revspec '5c70b4beaa80ec7031284153ba012b243788ef1e' not found; class=Reference (4); code=NotFound (-3)
[442/1000] vercel-next.js.git@5c70b4be turbopack/crates/turbopack-static/src/ecma.rs (ok=282 skipped_too_large=35 timed_out=0 panicked=0 failed_to_read=125)
Failed to measure vercel-next.js.git crates/next-build-test/src/main.rs: revspec '6144980ce306a1d962304f1e3881ad2b84f5ff92' not found; class=Reference (4); code=NotFound (-3)
[443/1000] vercel-next.js.git@6144980c crates/next-build-test/src/main.rs (ok=282 skipped_too_large=35 timed_out=0 panicked=0 failed_to_read=126)
Failed to measure vercel-next.js.git crates/next-core/src/next_server_component/server_component_module.rs: revspec '61bf6f633f26a6eadee31693fe4b11c5f43e97cd' not found; class=Reference (4); code=NotFound (-3)
[444/1000] vercel-next.js.git@61bf6f63 crates/next-core/src/next_server_component/server_component_module.rs (ok=282 skipped_too_large=35 timed_out=0 panicked=0 failed_to_read=127)
Failed to measure vercel-next.js.git turbopack/crates/turbo-tasks-backend/src/utils/dash_map_multi.rs: revspec '6a73374215e86da6e847526cdca7418f4450a1a1' not found; class=Reference (4); code=NotFound (-3)
[445/1000] vercel-next.js.git@6a733742 turbopack/crates/turbo-tasks-backend/src/utils/dash_map_multi.rs (ok=282 skipped_too_large=35 timed_out=0 panicked=0 failed_to_read=128)
Failed to measure vercel-next.js.git crates/next-api/src/instrumentation.rs: revspec '75df0bb46934fd936e82c728a319b4145873a7bd' not found; class=Reference (4); code=NotFound (-3)
[446/1000] vercel-next.js.git@75df0bb4 crates/next-api/src/instrumentation.rs (ok=282 skipped_too_large=35 timed_out=0 panicked=0 failed_to_read=129)
Failed to measure vercel-next.js.git crates/next-api/src/paths.rs: revspec '75df0bb46934fd936e82c728a319b4145873a7bd' not found; class=Reference (4); code=NotFound (-3)
[447/1000] vercel-next.js.git@75df0bb4 crates/next-api/src/paths.rs (ok=282 skipped_too_large=35 timed_out=0 panicked=0 failed_to_read=130)
Failed to measure vercel-next.js.git turbopack/crates/turbo-persistence/src/key.rs: revspec '7640d0bd3c35575ddc8937be4552664a52135b7b' not found; class=Reference (4); code=NotFound (-3)
[448/1000] vercel-next.js.git@7640d0bd turbopack/crates/turbo-persistence/src/key.rs (ok=282 skipped_too_large=35 timed_out=0 panicked=0 failed_to_read=131)
Failed to measure vercel-next.js.git crates/next-api/src/dynamic_imports.rs: revspec '7b2c80e24ab4609041bd9b2f31a2bc76e3ebca01' not found; class=Reference (4); code=NotFound (-3)
[449/1000] vercel-next.js.git@7b2c80e2 crates/next-api/src/dynamic_imports.rs (ok=282 skipped_too_large=35 timed_out=0 panicked=0 failed_to_read=132)
Failed to measure vercel-next.js.git turbopack/crates/turbopack-ecmascript/src/annotations.rs: revspec '855f0a3f5251fc46796bbeeb7dd30b6f264d1f6b' not found; class=Reference (4); code=NotFound (-3)
[450/1000] vercel-next.js.git@855f0a3f turbopack/crates/turbopack-ecmascript/src/annotations.rs (ok=282 skipped_too_large=35 timed_out=0 panicked=0 failed_to_read=133)
Failed to measure vercel-next.js.git turbopack/crates/turbo-tasks-backend/tests/emptied_cells_session_dependent.rs: revspec '89f3649a00f6ed5c35949e3683e054ad509bd679' not found; class=Reference (4); code=NotFound (-3)
[451/1000] vercel-next.js.git@89f3649a turbopack/crates/turbo-tasks-backend/tests/emptied_cells_session_dependent.rs (ok=282 skipped_too_large=35 timed_out=0 panicked=0 failed_to_read=134)
Failed to measure vercel-next.js.git turbopack/crates/turbo-tasks-backend/tests/operation_vc.rs: revspec '89f3649a00f6ed5c35949e3683e054ad509bd679' not found; class=Reference (4); code=NotFound (-3)
[452/1000] vercel-next.js.git@89f3649a turbopack/crates/turbo-tasks-backend/tests/operation_vc.rs (ok=282 skipped_too_large=35 timed_out=0 panicked=0 failed_to_read=135)
Failed to measure vercel-next.js.git turbopack/crates/turbo-persistence/src/lib.rs: revspec '8e9f9514c494ef90fd6d453f4c95884aba287d15' not found; class=Reference (4); code=NotFound (-3)
[453/1000] vercel-next.js.git@8e9f9514 turbopack/crates/turbo-persistence/src/lib.rs (ok=282 skipped_too_large=35 timed_out=0 panicked=0 failed_to_read=136)
Failed to measure vercel-next.js.git turbopack/crates/turbo-tasks-bytes/src/bytes.rs: revspec '924d39dcef03fe6cf75eb5c7a4e76cb2c61c9286' not found; class=Reference (4); code=NotFound (-3)
[454/1000] vercel-next.js.git@924d39dc turbopack/crates/turbo-tasks-bytes/src/bytes.rs (ok=282 skipped_too_large=35 timed_out=0 panicked=0 failed_to_read=137)
Failed to measure vercel-next.js.git turbopack/crates/turbo-tasks-fs/src/util.rs: revspec '924d39dcef03fe6cf75eb5c7a4e76cb2c61c9286' not found; class=Reference (4); code=NotFound (-3)
[455/1000] vercel-next.js.git@924d39dc turbopack/crates/turbo-tasks-fs/src/util.rs (ok=282 skipped_too_large=35 timed_out=0 panicked=0 failed_to_read=138)
Failed to measure vercel-next.js.git turbopack/crates/turbopack-core/src/asset.rs: revspec '924d39dcef03fe6cf75eb5c7a4e76cb2c61c9286' not found; class=Reference (4); code=NotFound (-3)
[456/1000] vercel-next.js.git@924d39dc turbopack/crates/turbopack-core/src/asset.rs (ok=282 skipped_too_large=35 timed_out=0 panicked=0 failed_to_read=139)
Failed to measure vercel-next.js.git turbopack/crates/turbopack-core/src/source_pos.rs: revspec '924d39dcef03fe6cf75eb5c7a4e76cb2c61c9286' not found; class=Reference (4); code=NotFound (-3)
[457/1000] vercel-next.js.git@924d39dc turbopack/crates/turbopack-core/src/source_pos.rs (ok=282 skipped_too_large=35 timed_out=0 panicked=0 failed_to_read=140)
Failed to measure vercel-next.js.git turbopack/crates/turbopack-core/src/version.rs: revspec '9404b901ab8c2fbc935c75258a48c08f3d192391' not found; class=Reference (4); code=NotFound (-3)
[458/1000] vercel-next.js.git@9404b901 turbopack/crates/turbopack-core/src/version.rs (ok=282 skipped_too_large=35 timed_out=0 panicked=0 failed_to_read=141)
Failed to measure vercel-next.js.git turbopack/crates/turbo-tasks-backend/src/backing_storage.rs: revspec '9cee46cd4431e1cbb9fa8adc2523710630a929d9' not found; class=Reference (4); code=NotFound (-3)
[459/1000] vercel-next.js.git@9cee46cd turbopack/crates/turbo-tasks-backend/src/backing_storage.rs (ok=282 skipped_too_large=35 timed_out=0 panicked=0 failed_to_read=142)
Failed to measure vercel-next.js.git turbopack/crates/turbopack-css/src/references/mod.rs: revspec '9e4e6d6f2057d6823ee8debcfa227085b4fdb67a' not found; class=Reference (4); code=NotFound (-3)
[460/1000] vercel-next.js.git@9e4e6d6f turbopack/crates/turbopack-css/src/references/mod.rs (ok=282 skipped_too_large=35 timed_out=0 panicked=0 failed_to_read=143)
Failed to measure vercel-next.js.git crates/next-core/src/tracing_presets.rs: revspec 'a4c1a0cd72e0cfbe4d62fe244364a98fa209d463' not found; class=Reference (4); code=NotFound (-3)
[461/1000] vercel-next.js.git@a4c1a0cd crates/next-core/src/tracing_presets.rs (ok=282 skipped_too_large=35 timed_out=0 panicked=0 failed_to_read=144)
Failed to measure vercel-next.js.git turbopack/crates/turbopack-ecmascript/src/chunk/placeable.rs: revspec 'b0facee66d1802a9d11bf7f1fc190e4f5cd096d8' not found; class=Reference (4); code=NotFound (-3)
[462/1000] vercel-next.js.git@b0facee6 turbopack/crates/turbopack-ecmascript/src/chunk/placeable.rs (ok=282 skipped_too_large=35 timed_out=0 panicked=0 failed_to_read=145)
Failed to measure vercel-next.js.git turbopack/crates/turbopack-browser/src/ecmascript/list/version.rs: revspec 'ccad4853e4ab908eac4f39e656f43bb2d9ab9ae2' not found; class=Reference (4); code=NotFound (-3)
[463/1000] vercel-next.js.git@ccad4853 turbopack/crates/turbopack-browser/src/ecmascript/list/version.rs (ok=282 skipped_too_large=35 timed_out=0 panicked=0 failed_to_read=146)
Failed to measure vercel-next.js.git turbopack/crates/turbopack-core/src/debug_id.rs: revspec 'cf7103771b15d16cb6059876385e2765e942d102' not found; class=Reference (4); code=NotFound (-3)
[464/1000] vercel-next.js.git@cf710377 turbopack/crates/turbopack-core/src/debug_id.rs (ok=282 skipped_too_large=35 timed_out=0 panicked=0 failed_to_read=147)
Failed to measure vercel-next.js.git turbopack/crates/turbopack-core/src/output.rs: revspec 'd23af53268d062ff70b7c12322750b85ed3a76ba' not found; class=Reference (4); code=NotFound (-3)
[465/1000] vercel-next.js.git@d23af532 turbopack/crates/turbopack-core/src/output.rs (ok=282 skipped_too_large=35 timed_out=0 panicked=0 failed_to_read=148)
Failed to measure vercel-next.js.git turbopack/crates/turbo-tasks-backend/tests/trait_ref_cell.rs: revspec 'd7de6f105ce82e9ec6561bbb94655ee8bcf61421' not found; class=Reference (4); code=NotFound (-3)
[466/1000] vercel-next.js.git@d7de6f10 turbopack/crates/turbo-tasks-backend/tests/trait_ref_cell.rs (ok=282 skipped_too_large=35 timed_out=0 panicked=0 failed_to_read=149)
Failed to measure vercel-next.js.git turbopack/crates/turbopack-core/src/resolve/error.rs: revspec 'd7de6f105ce82e9ec6561bbb94655ee8bcf61421' not found; class=Reference (4); code=NotFound (-3)
[467/1000] vercel-next.js.git@d7de6f10 turbopack/crates/turbopack-core/src/resolve/error.rs (ok=282 skipped_too_large=35 timed_out=0 panicked=0 failed_to_read=150)
Failed to measure vercel-next.js.git turbopack/crates/turbopack-nodejs/src/ecmascript/node/entry/runtime.rs: revspec 'e4cae3708480366826d8a6f42865f73072f9f760' not found; class=Reference (4); code=NotFound (-3)
[468/1000] vercel-next.js.git@e4cae370 turbopack/crates/turbopack-nodejs/src/ecmascript/node/entry/runtime.rs (ok=282 skipped_too_large=35 timed_out=0 panicked=0 failed_to_read=151)
Failed to measure vercel-next.js.git crates/next-custom-transforms/src/transforms/debug_fn_name.rs: revspec 'f93a867d7741214ed6544a0ff673f498ca69234b' not found; class=Reference (4); code=NotFound (-3)
[469/1000] vercel-next.js.git@f93a867d crates/next-custom-transforms/src/transforms/debug_fn_name.rs (ok=282 skipped_too_large=35 timed_out=0 panicked=0 failed_to_read=152)
Failed to measure vercel-next.js.git turbopack/crates/turbopack-ecmascript-runtime/src/browser_runtime.rs: revspec 'fe174a322fd65f61b51efc7525c605334b93c30f' not found; class=Reference (4); code=NotFound (-3)
[470/1000] vercel-next.js.git@fe174a32 turbopack/crates/turbopack-ecmascript-runtime/src/browser_runtime.rs (ok=282 skipped_too_large=35 timed_out=0 panicked=0 failed_to_read=153)
Failed to measure vercel-next.js.git turbopack/crates/turbopack-ecmascript/src/side_effect_optimization/locals/module.rs: revspec 'ff636469afd7809258c341aaa9ba40e5506c96fd' not found; class=Reference (4); code=NotFound (-3)
[471/1000] vercel-next.js.git@ff636469 turbopack/crates/turbopack-ecmascript/src/side_effect_optimization/locals/module.rs (ok=282 skipped_too_large=35 timed_out=0 panicked=0 failed_to_read=154)
Failed to measure zed-industries-zed.git crates/git_ui/src/git_panel_settings.rs: revspec '00bee4515e2c69fbcedcb7032420ce9dafce6aa7' not found; class=Reference (4); code=NotFound (-3)
[472/1000] zed-industries-zed.git@00bee451 crates/git_ui/src/git_panel_settings.rs (ok=282 skipped_too_large=35 timed_out=0 panicked=0 failed_to_read=155)
Failed to measure zed-industries-zed.git crates/agent/src/tools/spawn_agent_tool.rs: revspec '046b173b8720dd335ab8ee47350c0f3cde087f4a' not found; class=Reference (4); code=NotFound (-3)
[473/1000] zed-industries-zed.git@046b173b crates/agent/src/tools/spawn_agent_tool.rs (ok=282 skipped_too_large=35 timed_out=0 panicked=0 failed_to_read=156)
Failed to measure zed-industries-zed.git crates/gpui/examples/scrollable.rs: revspec '14f37ed5024bbccff2200797d1d9bf69aee01d66' not found; class=Reference (4); code=NotFound (-3)
[474/1000] zed-industries-zed.git@14f37ed5 crates/gpui/examples/scrollable.rs (ok=282 skipped_too_large=35 timed_out=0 panicked=0 failed_to_read=157)
Failed to measure zed-industries-zed.git crates/scheduler/src/clock.rs: revspec '14f37ed5024bbccff2200797d1d9bf69aee01d66' not found; class=Reference (4); code=NotFound (-3)
[475/1000] zed-industries-zed.git@14f37ed5 crates/scheduler/src/clock.rs (ok=282 skipped_too_large=35 timed_out=0 panicked=0 failed_to_read=158)
Failed to measure zed-industries-zed.git crates/eval_cli/src/headless.rs: revspec '1f5d2808703c8bb47661d5e820129d2091dd9eba' not found; class=Reference (4); code=NotFound (-3)
[476/1000] zed-industries-zed.git@1f5d2808 crates/eval_cli/src/headless.rs (ok=282 skipped_too_large=35 timed_out=0 panicked=0 failed_to_read=159)
Failed to measure zed-industries-zed.git tooling/xtask/src/tasks/workflows/extension_tests.rs: revspec '1fec1cabff1d81bb42cbf7a1bd3194c28282bf71' not found; class=Reference (4); code=NotFound (-3)
[477/1000] zed-industries-zed.git@1fec1cab tooling/xtask/src/tasks/workflows/extension_tests.rs (ok=282 skipped_too_large=35 timed_out=0 panicked=0 failed_to_read=160)
Failed to measure zed-industries-zed.git crates/fs/tests/integration/fake_git_repo.rs: revspec '2cc7d17f345df9fdf8c062cbcc041af7e9fd6c9c' not found; class=Reference (4); code=NotFound (-3)
[478/1000] zed-industries-zed.git@2cc7d17f crates/fs/tests/integration/fake_git_repo.rs (ok=282 skipped_too_large=35 timed_out=0 panicked=0 failed_to_read=161)
Failed to measure zed-industries-zed.git tooling/xtask/src/tasks/workflows/deploy_collab.rs: revspec '38fa78cec7afbe24259ba30b5b499a90b348d378' not found; class=Reference (4); code=NotFound (-3)
[479/1000] zed-industries-zed.git@38fa78ce tooling/xtask/src/tasks/workflows/deploy_collab.rs (ok=282 skipped_too_large=35 timed_out=0 panicked=0 failed_to_read=162)
Failed to measure zed-industries-zed.git crates/agent/src/tools/update_plan_tool.rs: revspec '4b60e639bc0c75c79f3b82134ae44a67ddd351a7' not found; class=Reference (4); code=NotFound (-3)
[480/1000] zed-industries-zed.git@4b60e639 crates/agent/src/tools/update_plan_tool.rs (ok=282 skipped_too_large=35 timed_out=0 panicked=0 failed_to_read=163)
Failed to measure zed-industries-zed.git crates/agent_ui/src/model_selector_popover.rs: revspec '4e8937b62d8b14e22d82a0ea4a06f4fc280f1491' not found; class=Reference (4); code=NotFound (-3)
[481/1000] zed-industries-zed.git@4e8937b6 crates/agent_ui/src/model_selector_popover.rs (ok=282 skipped_too_large=35 timed_out=0 panicked=0 failed_to_read=164)
Failed to measure zed-industries-zed.git crates/ui/src/components/ai/configured_api_card.rs: revspec '4e8937b62d8b14e22d82a0ea4a06f4fc280f1491' not found; class=Reference (4); code=NotFound (-3)
[482/1000] zed-industries-zed.git@4e8937b6 crates/ui/src/components/ai/configured_api_card.rs (ok=282 skipped_too_large=35 timed_out=0 panicked=0 failed_to_read=165)
Failed to measure zed-industries-zed.git crates/collab/src/db/tables/project_repository_statuses.rs: revspec '5c91ebf1fe9f8716a945a669b2e9ebeb83cb6fbe' not found; class=Reference (4); code=NotFound (-3)
[483/1000] zed-industries-zed.git@5c91ebf1 crates/collab/src/db/tables/project_repository_statuses.rs (ok=282 skipped_too_large=35 timed_out=0 panicked=0 failed_to_read=166)
Failed to measure zed-industries-zed.git crates/edit_prediction_ui/src/edit_prediction_ui.rs: revspec '5ef898d61ebf71c8d9b10cb5c975551b5715ef67' not found; class=Reference (4); code=NotFound (-3)
[484/1000] zed-industries-zed.git@5ef898d6 crates/edit_prediction_ui/src/edit_prediction_ui.rs (ok=282 skipped_too_large=35 timed_out=0 panicked=0 failed_to_read=167)
Failed to measure zed-industries-zed.git crates/workspace/src/history_manager.rs: revspec '67d7f99891a7bf1b2f83d47fe3bbdaf02af13ba0' not found; class=Reference (4); code=NotFound (-3)
[485/1000] zed-industries-zed.git@67d7f998 crates/workspace/src/history_manager.rs (ok=282 skipped_too_large=35 timed_out=0 panicked=0 failed_to_read=168)
Failed to measure zed-industries-zed.git crates/feature_flags/src/flags.rs: revspec '68cb60afdd53007496320a54b9ef8da12abfa5d9' not found; class=Reference (4); code=NotFound (-3)
[486/1000] zed-industries-zed.git@68cb60af crates/feature_flags/src/flags.rs (ok=282 skipped_too_large=35 timed_out=0 panicked=0 failed_to_read=169)
Failed to measure zed-industries-zed.git crates/ui/src/components/label/highlighted_label.rs: revspec '690d5af735a5253ad40d83c97b9e25e439c5a74d' not found; class=Reference (4); code=NotFound (-3)
[487/1000] zed-industries-zed.git@690d5af7 crates/ui/src/components/label/highlighted_label.rs (ok=282 skipped_too_large=35 timed_out=0 panicked=0 failed_to_read=170)
Failed to measure zed-industries-zed.git crates/editor/src/inlays.rs: revspec '746ecb082d3d88eabc9bfb74695e4af77b1aa85e' not found; class=Reference (4); code=NotFound (-3)
[488/1000] zed-industries-zed.git@746ecb08 crates/editor/src/inlays.rs (ok=282 skipped_too_large=35 timed_out=0 panicked=0 failed_to_read=171)
Failed to measure zed-industries-zed.git crates/extension_host/src/wasm_host/wit/since_v0_0_4.rs: revspec '7b519477f0df7d4dfef2314e21a1124917989787' not found; class=Reference (4); code=NotFound (-3)
[489/1000] zed-industries-zed.git@7b519477 crates/extension_host/src/wasm_host/wit/since_v0_0_4.rs (ok=282 skipped_too_large=35 timed_out=0 panicked=0 failed_to_read=172)
Failed to measure zed-industries-zed.git crates/feature_flags/src/flags.rs: revspec '7baf5dc04ed3f7c0d979dbce813b253a58f894e1' not found; class=Reference (4); code=NotFound (-3)
[490/1000] zed-industries-zed.git@7baf5dc0 crates/feature_flags/src/flags.rs (ok=282 skipped_too_large=35 timed_out=0 panicked=0 failed_to_read=173)
Failed to measure zed-industries-zed.git crates/agent/src/tools/spawn_agent_tool.rs: revspec '820774ac89707d51e81297695a443e97619db6fc' not found; class=Reference (4); code=NotFound (-3)
[491/1000] zed-industries-zed.git@820774ac crates/agent/src/tools/spawn_agent_tool.rs (ok=282 skipped_too_large=35 timed_out=0 panicked=0 failed_to_read=174)
Failed to measure zed-industries-zed.git crates/feature_flags/src/flags.rs: revspec '8a51acec331cb513c5d6c67e35f8421d8d65d658' not found; class=Reference (4); code=NotFound (-3)
[492/1000] zed-industries-zed.git@8a51acec crates/feature_flags/src/flags.rs (ok=282 skipped_too_large=35 timed_out=0 panicked=0 failed_to_read=175)
Failed to measure zed-industries-zed.git crates/platform_title_bar/src/platform_title_bar.rs: revspec '977cd6ac7e18ae0d0c4d528bb6bb1e987fd7b9d0' not found; class=Reference (4); code=NotFound (-3)
[493/1000] zed-industries-zed.git@977cd6ac crates/platform_title_bar/src/platform_title_bar.rs (ok=282 skipped_too_large=35 timed_out=0 panicked=0 failed_to_read=176)
Failed to measure zed-industries-zed.git crates/workspace/src/status_bar.rs: revspec '977cd6ac7e18ae0d0c4d528bb6bb1e987fd7b9d0' not found; class=Reference (4); code=NotFound (-3)
[494/1000] zed-industries-zed.git@977cd6ac crates/workspace/src/status_bar.rs (ok=282 skipped_too_large=35 timed_out=0 panicked=0 failed_to_read=177)
Failed to measure zed-industries-zed.git crates/gpui/src/gpui.rs: revspec 'c05e5859c688a8eeecedace728be4e31172cca09' not found; class=Reference (4); code=NotFound (-3)
[495/1000] zed-industries-zed.git@c05e5859 crates/gpui/src/gpui.rs (ok=282 skipped_too_large=35 timed_out=0 panicked=0 failed_to_read=178)
Failed to measure zed-industries-zed.git tooling/xtask/src/tasks/workflows/extensions/bump_version.rs: revspec 'c40cc0cd6ef0ee3a392325081684a7e2776fe8e0' not found; class=Reference (4); code=NotFound (-3)
[496/1000] zed-industries-zed.git@c40cc0cd tooling/xtask/src/tasks/workflows/extensions/bump_version.rs (ok=282 skipped_too_large=35 timed_out=0 panicked=0 failed_to_read=179)
Failed to measure zed-industries-zed.git crates/agent/src/tools/spawn_agent_tool.rs: revspec 'f05d756913c66e05eeb83343b847a2799b926e41' not found; class=Reference (4); code=NotFound (-3)
[497/1000] zed-industries-zed.git@f05d7569 crates/agent/src/tools/spawn_agent_tool.rs (ok=282 skipped_too_large=35 timed_out=0 panicked=0 failed_to_read=180)
Failed to measure zed-industries-zed.git crates/edit_prediction/src/zed_edit_prediction_delegate.rs: revspec 'f31b0690e7de1688cd88f0a8cd91eb9a9661531f' not found; class=Reference (4); code=NotFound (-3)
[498/1000] zed-industries-zed.git@f31b0690 crates/edit_prediction/src/zed_edit_prediction_delegate.rs (ok=282 skipped_too_large=35 timed_out=0 panicked=0 failed_to_read=181)
Failed to measure zed-industries-zed.git crates/agent/src/native_agent_server.rs: revspec 'f4b04af3dc63d23ab0fb70527d7e0938c81ef4d0' not found; class=Reference (4); code=NotFound (-3)
[499/1000] zed-industries-zed.git@f4b04af3 crates/agent/src/native_agent_server.rs (ok=282 skipped_too_large=35 timed_out=0 panicked=0 failed_to_read=182)
Failed to measure zed-industries-zed.git crates/project/tests/integration/ext_agent_tests.rs: revspec 'f4e65d89884bd78cbbc3acf560193201b352e25d' not found; class=Reference (4); code=NotFound (-3)
[500/1000] zed-industries-zed.git@f4e65d89 crates/project/tests/integration/ext_agent_tests.rs (ok=282 skipped_too_large=35 timed_out=0 panicked=0 failed_to_read=183)
[501/1000] GyulyVGC-sniffnet.git@03b1505f src/networking/types/traffic_direction.rs (ok=283 skipped_too_large=35 timed_out=0 panicked=0 failed_to_read=183)
[502/1000] GyulyVGC-sniffnet.git@07841506 src/networking/mod.rs (ok=284 skipped_too_large=35 timed_out=0 panicked=0 failed_to_read=183)
[503/1000] GyulyVGC-sniffnet.git@07fad713 src/configs/types/configs.rs (ok=285 skipped_too_large=35 timed_out=0 panicked=0 failed_to_read=183)
[504/1000] GyulyVGC-sniffnet.git@1a70be36 src/networking/types/mod.rs (ok=286 skipped_too_large=35 timed_out=0 panicked=0 failed_to_read=183)
[505/1000] GyulyVGC-sniffnet.git@1b200d18 src/networking/types/mod.rs (ok=287 skipped_too_large=35 timed_out=0 panicked=0 failed_to_read=183)
[506/1000] GyulyVGC-sniffnet.git@28043f62 src/translations/translations_5.rs (ok=288 skipped_too_large=35 timed_out=0 panicked=0 failed_to_read=183)
[507/1000] GyulyVGC-sniffnet.git@2929bf1b src/configs/types/configs.rs (ok=289 skipped_too_large=35 timed_out=0 panicked=0 failed_to_read=183)
[508/1000] GyulyVGC-sniffnet.git@2929bf1b src/gui/types/mod.rs (ok=290 skipped_too_large=35 timed_out=0 panicked=0 failed_to_read=183)
[509/1000] GyulyVGC-sniffnet.git@2d9c9a06 src/networking/types/packet_filters_fields.rs (ok=291 skipped_too_large=35 timed_out=0 panicked=0 failed_to_read=183)
[510/1000] GyulyVGC-sniffnet.git@32772648 src/configs/types/configs.rs (ok=292 skipped_too_large=35 timed_out=0 panicked=0 failed_to_read=183)
[511/1000] GyulyVGC-sniffnet.git@364300dc src/gui/components/types/my_modal.rs (ok=293 skipped_too_large=35 timed_out=0 panicked=0 failed_to_read=183)
[512/1000] GyulyVGC-sniffnet.git@37d1cdfc src/gui/mod.rs (ok=294 skipped_too_large=35 timed_out=0 panicked=0 failed_to_read=183)
[513/1000] GyulyVGC-sniffnet.git@37d1cdfc src/gui/styles/svg.rs (ok=295 skipped_too_large=35 timed_out=0 panicked=0 failed_to_read=183)
[514/1000] GyulyVGC-sniffnet.git@4593e5ec src/gui/components/types/my_modal.rs (ok=296 skipped_too_large=35 timed_out=0 panicked=0 failed_to_read=183)
[515/1000] GyulyVGC-sniffnet.git@54045e03 src/networking/types/traffic_direction.rs (ok=297 skipped_too_large=35 timed_out=0 panicked=0 failed_to_read=183)
[516/1000] GyulyVGC-sniffnet.git@5fd2022e src/translations/translations_4.rs (ok=298 skipped_too_large=35 timed_out=0 panicked=0 failed_to_read=183)
[517/1000] GyulyVGC-sniffnet.git@6fd41760 src/utils/mod.rs (ok=299 skipped_too_large=35 timed_out=0 panicked=0 failed_to_read=183)
[518/1000] GyulyVGC-sniffnet.git@90146717 src/chart/types/chart_type.rs (ok=300 skipped_too_large=35 timed_out=0 panicked=0 failed_to_read=183)
[519/1000] GyulyVGC-sniffnet.git@9a9d40b4 src/translations/mod.rs (ok=301 skipped_too_large=35 timed_out=0 panicked=0 failed_to_read=183)
[520/1000] GyulyVGC-sniffnet.git@a1fef06b src/networking/types/packet_filters_fields.rs (ok=302 skipped_too_large=35 timed_out=0 panicked=0 failed_to_read=183)
[521/1000] GyulyVGC-sniffnet.git@a4df0b28 src/chart/types/mod.rs (ok=303 skipped_too_large=35 timed_out=0 panicked=0 failed_to_read=183)
[522/1000] GyulyVGC-sniffnet.git@a9429326 src/chart/types/mod.rs (ok=304 skipped_too_large=35 timed_out=0 panicked=0 failed_to_read=183)
[523/1000] GyulyVGC-sniffnet.git@b908877b src/gui/styles/types/custom_palette.rs (ok=305 skipped_too_large=35 timed_out=0 panicked=0 failed_to_read=183)
[524/1000] GyulyVGC-sniffnet.git@b9170cbe src/gui/types/mod.rs (ok=306 skipped_too_large=35 timed_out=0 panicked=0 failed_to_read=183)
[525/1000] GyulyVGC-sniffnet.git@bc5bb0ae src/chart/types/mod.rs (ok=307 skipped_too_large=35 timed_out=0 panicked=0 failed_to_read=183)
[526/1000] GyulyVGC-sniffnet.git@bc5bb0ae src/networking/types/mod.rs (ok=308 skipped_too_large=35 timed_out=0 panicked=0 failed_to_read=183)
[527/1000] GyulyVGC-sniffnet.git@bcff9391 src/mmdb/types/mmdb_reader.rs (ok=309 skipped_too_large=35 timed_out=0 panicked=0 failed_to_read=183)
[528/1000] GyulyVGC-sniffnet.git@c3e13920 src/gui/styles/mod.rs (ok=310 skipped_too_large=35 timed_out=0 panicked=0 failed_to_read=183)
[529/1000] GyulyVGC-sniffnet.git@c4413e8d src/chart/types/mod.rs (ok=311 skipped_too_large=35 timed_out=0 panicked=0 failed_to_read=183)
[530/1000] GyulyVGC-sniffnet.git@c7364b9b src/networking/types/mod.rs (ok=312 skipped_too_large=35 timed_out=0 panicked=0 failed_to_read=183)
[531/1000] GyulyVGC-sniffnet.git@d3c8de6a src/gui/styles/custom_themes/mod.rs (ok=313 skipped_too_large=35 timed_out=0 panicked=0 failed_to_read=183)
[532/1000] GyulyVGC-sniffnet.git@d3ea91cc src/gui/pages/mod.rs (ok=314 skipped_too_large=35 timed_out=0 panicked=0 failed_to_read=183)
[533/1000] GyulyVGC-sniffnet.git@d8aae02f src/networking/types/mod.rs (ok=315 skipped_too_large=35 timed_out=0 panicked=0 failed_to_read=183)
[534/1000] GyulyVGC-sniffnet.git@dc87c48c src/utils/types/mod.rs (ok=316 skipped_too_large=35 timed_out=0 panicked=0 failed_to_read=183)
[535/1000] GyulyVGC-sniffnet.git@eb013e0e src/report/types/mod.rs (ok=317 skipped_too_large=35 timed_out=0 panicked=0 failed_to_read=183)
[536/1000] GyulyVGC-sniffnet.git@f59964ac src/chart/mod.rs (ok=318 skipped_too_large=35 timed_out=0 panicked=0 failed_to_read=183)
[537/1000] GyulyVGC-sniffnet.git@fa70d118 src/networking/types/ip_version.rs (ok=319 skipped_too_large=35 timed_out=0 panicked=0 failed_to_read=183)
[538/1000] Homebrew-brew.git@a6b1ad20 Library/Homebrew/rust/brew-rs/src/delegate.rs (ok=320 skipped_too_large=35 timed_out=0 panicked=0 failed_to_read=183)
[539/1000] Homebrew-brew.git@b37d212c Library/Homebrew/rust/brew-rs/src/lib.rs (ok=321 skipped_too_large=35 timed_out=0 panicked=0 failed_to_read=183)
Failed to measure LadybirdBrowser-ladybird.git Libraries/LibUnicode/Rust/src/lib.rs: revspec '6b1a346fada9c326531d1b02732ec8fc99b30f63' not found; class=Reference (4); code=NotFound (-3)
[540/1000] LadybirdBrowser-ladybird.git@6b1a346f Libraries/LibUnicode/Rust/src/lib.rs (ok=321 skipped_too_large=35 timed_out=0 panicked=0 failed_to_read=184)
Failed to measure mozilla-firefox-firefox.git toolkit/components/kvstore/src/skv/mod.rs: revspec '9f2f4a2fd0c9376a4fdc0267b10ffeb4dd47b186' not found; class=Reference (4); code=NotFound (-3)
[541/1000] mozilla-firefox-firefox.git@9f2f4a2f toolkit/components/kvstore/src/skv/mod.rs (ok=321 skipped_too_large=35 timed_out=0 panicked=0 failed_to_read=185)
Failed to measure mozilla-firefox-firefox.git browser/components/shell/rust/shell_windows/src/lib.rs: revspec 'a2f11422e5ea9b9540b9d516d4d11ec240a480fb' not found; class=Reference (4); code=NotFound (-3)
[542/1000] mozilla-firefox-firefox.git@a2f11422 browser/components/shell/rust/shell_windows/src/lib.rs (ok=321 skipped_too_large=35 timed_out=0 panicked=0 failed_to_read=186)
[543/1000] protocolbuffers-protobuf.git@665c1a34 rust/upb/sys/mini_table/extension_registry.rs (ok=322 skipped_too_large=35 timed_out=0 panicked=0 failed_to_read=186)
[544/1000] rust-lang-rust.git@05834b2d src/tools/miri/tests/fail/unaligned_pointers/maybe_dangling_unalighed.rs (ok=323 skipped_too_large=35 timed_out=0 panicked=0 failed_to_read=186)
[545/1000] rust-lang-rust.git@13a5c246 tests/crashes/146965.rs (ok=324 skipped_too_large=35 timed_out=0 panicked=0 failed_to_read=186)
[546/1000] rust-lang-rust.git@13a5c246 tests/crashes/150263.rs (ok=325 skipped_too_large=35 timed_out=0 panicked=0 failed_to_read=186)
[547/1000] rust-lang-rust.git@15032749 tests/ui/closures/binder/bounds-on-closure-type-binders.rs (ok=326 skipped_too_large=35 timed_out=0 panicked=0 failed_to_read=186)
[548/1000] rust-lang-rust.git@1eeba934 tests/ui/borrowck/non-promotable-static-ref.rs (ok=327 skipped_too_large=35 timed_out=0 panicked=0 failed_to_read=186)
[549/1000] rust-lang-rust.git@26623031 compiler/rustc_target/src/spec/targets/mips_unknown_linux_musl.rs (ok=328 skipped_too_large=35 timed_out=0 panicked=0 failed_to_read=186)
[550/1000] rust-lang-rust.git@26623031 compiler/rustc_target/src/spec/targets/mips_unknown_linux_uclibc.rs (ok=329 skipped_too_large=35 timed_out=0 panicked=0 failed_to_read=186)
[551/1000] rust-lang-rust.git@26623031 compiler/rustc_target/src/spec/targets/mipsel_unknown_linux_gnu.rs (ok=330 skipped_too_large=35 timed_out=0 panicked=0 failed_to_read=186)
[552/1000] rust-lang-rust.git@26623031 compiler/rustc_target/src/spec/targets/mipsel_unknown_linux_musl.rs (ok=331 skipped_too_large=35 timed_out=0 panicked=0 failed_to_read=186)
[553/1000] rust-lang-rust.git@2fad36b9 tests/run-make/raw-dylib-elf/main.rs (ok=332 skipped_too_large=35 timed_out=0 panicked=0 failed_to_read=186)
[554/1000] rust-lang-rust.git@3c3a3521 tests/ui/binop/binary-minus-without-space.rs (ok=333 skipped_too_large=35 timed_out=0 panicked=0 failed_to_read=186)
[555/1000] rust-lang-rust.git@408066f3 tests/ui/did_you_mean/compatible-variants-in-pat.rs (ok=334 skipped_too_large=35 timed_out=0 panicked=0 failed_to_read=186)
[556/1000] rust-lang-rust.git@40ebcc03 compiler/rustc_target/src/spec/targets/armv7a_kmc_solid_asp3_eabihf.rs (ok=335 skipped_too_large=35 timed_out=0 panicked=0 failed_to_read=186)
[557/1000] rust-lang-rust.git@40ebcc03 compiler/rustc_target/src/spec/targets/armv7a_none_eabi.rs (ok=336 skipped_too_large=35 timed_out=0 panicked=0 failed_to_read=186)
[558/1000] rust-lang-rust.git@40ebcc03 compiler/rustc_target/src/spec/targets/armv7a_none_eabihf.rs (ok=337 skipped_too_large=35 timed_out=0 panicked=0 failed_to_read=186)
[559/1000] rust-lang-rust.git@40ebcc03 compiler/rustc_target/src/spec/targets/mips64_unknown_linux_muslabi64.rs (ok=338 skipped_too_large=35 timed_out=0 panicked=0 failed_to_read=186)
[560/1000] rust-lang-rust.git@40ebcc03 compiler/rustc_target/src/spec/targets/mips64el_unknown_linux_gnuabi64.rs (ok=339 skipped_too_large=35 timed_out=0 panicked=0 failed_to_read=186)
[561/1000] rust-lang-rust.git@40ebcc03 compiler/rustc_target/src/spec/targets/mips64el_unknown_linux_muslabi64.rs (ok=340 skipped_too_large=35 timed_out=0 panicked=0 failed_to_read=186)
[562/1000] rust-lang-rust.git@40ebcc03 compiler/rustc_target/src/spec/targets/mipsisa64r6_unknown_linux_gnuabi64.rs (ok=341 skipped_too_large=35 timed_out=0 panicked=0 failed_to_read=186)
[563/1000] rust-lang-rust.git@40ebcc03 compiler/rustc_target/src/spec/targets/mipsisa64r6el_unknown_linux_gnuabi64.rs (ok=342 skipped_too_large=35 timed_out=0 panicked=0 failed_to_read=186)
[564/1000] rust-lang-rust.git@40ebcc03 compiler/rustc_target/src/spec/targets/thumbv8m_main_none_eabi.rs (ok=343 skipped_too_large=35 timed_out=0 panicked=0 failed_to_read=186)
[565/1000] rust-lang-rust.git@45b22efe tests/ui/lint/must_not_suspend/mutex-guard-dropped-before-await.rs (ok=344 skipped_too_large=35 timed_out=0 panicked=0 failed_to_read=186)
[566/1000] rust-lang-rust.git@461038f0 tests/ui/rfcs/rfc-2091-track-caller/error-with-naked.rs (ok=345 skipped_too_large=35 timed_out=0 panicked=0 failed_to_read=186)
[567/1000] rust-lang-rust.git@52dfa94c tests/assembly-llvm/aarch64-pointer-auth.rs (ok=346 skipped_too_large=35 timed_out=0 panicked=0 failed_to_read=186)
[568/1000] rust-lang-rust.git@52dfa94c tests/codegen-llvm/issues/issue-138497-nonzero-remove-trailing-zeroes.rs (ok=347 skipped_too_large=35 timed_out=0 panicked=0 failed_to_read=186)
[569/1000] rust-lang-rust.git@59dfb9ef tests/ui/feature-gates/issue-43106-gating-of-test.rs (ok=348 skipped_too_large=35 timed_out=0 panicked=0 failed_to_read=186)
[570/1000] rust-lang-rust.git@5c441e6c tests/ui/delegation/generics/free-fn-to-free-fn.rs (ok=349 skipped_too_large=35 timed_out=0 panicked=0 failed_to_read=186)
[571/1000] rust-lang-rust.git@687d7dbc tests/ui/async-await/async-closures/is-fn.rs (ok=350 skipped_too_large=35 timed_out=0 panicked=0 failed_to_read=186)
[572/1000] rust-lang-rust.git@6a0ce166 tests/ui/async-await/mutually-recursive-async-impl-trait-type.rs (ok=351 skipped_too_large=35 timed_out=0 panicked=0 failed_to_read=186)
[573/1000] rust-lang-rust.git@6a0ce166 tests/ui/const-generics/issues/issue-100313.rs (ok=352 skipped_too_large=35 timed_out=0 panicked=0 failed_to_read=186)
[574/1000] rust-lang-rust.git@6a0ce166 tests/ui/consts/const-eval/heap/make-global-dangling.rs (ok=353 skipped_too_large=35 timed_out=0 panicked=0 failed_to_read=186)
[575/1000] rust-lang-rust.git@6a0ce166 tests/ui/consts/const-eval/index-out-of-bounds-never-type.rs (ok=354 skipped_too_large=35 timed_out=0 panicked=0 failed_to_read=186)
[576/1000] rust-lang-rust.git@6a0ce166 tests/ui/consts/const-item-no-type/in-macro.rs (ok=355 skipped_too_large=35 timed_out=0 panicked=0 failed_to_read=186)
[577/1000] rust-lang-rust.git@6a0ce166 tests/ui/consts/interior-mut-const-via-union.rs (ok=356 skipped_too_large=35 timed_out=0 panicked=0 failed_to_read=186)
[578/1000] rust-lang-rust.git@6a0ce166 tests/ui/consts/issue-63952.rs (ok=357 skipped_too_large=35 timed_out=0 panicked=0 failed_to_read=186)
[579/1000] rust-lang-rust.git@6a0ce166 tests/ui/consts/mono-reachable-invalid-const.rs (ok=358 skipped_too_large=35 timed_out=0 panicked=0 failed_to_read=186)
[580/1000] rust-lang-rust.git@6a0ce166 tests/ui/consts/recursive-zst-static.rs (ok=359 skipped_too_large=35 timed_out=0 panicked=0 failed_to_read=186)
[581/1000] rust-lang-rust.git@6a0ce166 tests/ui/consts/required-consts/collect-in-dead-drop.rs (ok=360 skipped_too_large=35 timed_out=0 panicked=0 failed_to_read=186)
[582/1000] rust-lang-rust.git@6a0ce166 tests/ui/consts/required-consts/collect-in-dead-fn-behind-generic.rs (ok=361 skipped_too_large=35 timed_out=0 panicked=0 failed_to_read=186)
[583/1000] rust-lang-rust.git@6a0ce166 tests/ui/consts/required-consts/collect-in-dead-vtable.rs (ok=362 skipped_too_large=35 timed_out=0 panicked=0 failed_to_read=186)
[584/1000] rust-lang-rust.git@6a0ce166 tests/ui/consts/required-consts/interpret-in-const-called-fn.rs (ok=363 skipped_too_large=35 timed_out=0 panicked=0 failed_to_read=186)
[585/1000] rust-lang-rust.git@6a0ce166 tests/ui/consts/required-consts/interpret-in-promoted.rs (ok=364 skipped_too_large=35 timed_out=0 panicked=0 failed_to_read=186)
[586/1000] rust-lang-rust.git@6a0ce166 tests/ui/consts/required-consts/interpret-in-static.rs (ok=365 skipped_too_large=35 timed_out=0 panicked=0 failed_to_read=186)
[587/1000] rust-lang-rust.git@6a0ce166 tests/ui/dep-graph/dep-graph-assoc-type-codegen.rs (ok=366 skipped_too_large=35 timed_out=0 panicked=0 failed_to_read=186)
[588/1000] rust-lang-rust.git@6a0ce166 tests/ui/dep-graph/dep-graph-caller-callee.rs (ok=367 skipped_too_large=35 timed_out=0 panicked=0 failed_to_read=186)
[589/1000] rust-lang-rust.git@6a0ce166 tests/ui/infinite/infinite-trait-alias-recursion.rs (ok=368 skipped_too_large=35 timed_out=0 panicked=0 failed_to_read=186)
[590/1000] rust-lang-rust.git@6a0ce166 tests/ui/infinite/infinite-type-alias-mutual-recursion.rs (ok=369 skipped_too_large=35 timed_out=0 panicked=0 failed_to_read=186)
[591/1000] rust-lang-rust.git@6a0ce166 tests/ui/intrinsics/intrinsic-raw_eq-const-bad.rs (ok=370 skipped_too_large=35 timed_out=0 panicked=0 failed_to_read=186)
[592/1000] rust-lang-rust.git@6a0ce166 tests/ui/recursion/issue-23302-3.rs (ok=371 skipped_too_large=35 timed_out=0 panicked=0 failed_to_read=186)
[593/1000] rust-lang-rust.git@6a0ce166 tests/ui/wf/ice-hir-wf-check-anon-const-issue-122989.rs (ok=372 skipped_too_large=35 timed_out=0 panicked=0 failed_to_read=186)
[594/1000] rust-lang-rust.git@6b148769 compiler/rustc_target/src/spec/targets/mips64el_unknown_linux_gnuabi64.rs (ok=373 skipped_too_large=35 timed_out=0 panicked=0 failed_to_read=186)
[595/1000] rust-lang-rust.git@6b148769 compiler/rustc_target/src/spec/targets/mips64el_unknown_linux_muslabi64.rs (ok=374 skipped_too_large=35 timed_out=0 panicked=0 failed_to_read=186)
[596/1000] rust-lang-rust.git@6b148769 compiler/rustc_target/src/spec/targets/mips_unknown_linux_gnu.rs (ok=375 skipped_too_large=35 timed_out=0 panicked=0 failed_to_read=186)
[597/1000] rust-lang-rust.git@6b148769 compiler/rustc_target/src/spec/targets/mips_unknown_linux_musl.rs (ok=376 skipped_too_large=35 timed_out=0 panicked=0 failed_to_read=186)
[598/1000] rust-lang-rust.git@6b148769 compiler/rustc_target/src/spec/targets/mipsel_unknown_linux_gnu.rs (ok=377 skipped_too_large=35 timed_out=0 panicked=0 failed_to_read=186)
[599/1000] rust-lang-rust.git@6b148769 compiler/rustc_target/src/spec/targets/mipsel_unknown_netbsd.rs (ok=378 skipped_too_large=35 timed_out=0 panicked=0 failed_to_read=186)
[600/1000] rust-lang-rust.git@6b148769 compiler/rustc_target/src/spec/targets/mipsisa64r6el_unknown_linux_gnuabi64.rs (ok=379 skipped_too_large=35 timed_out=0 panicked=0 failed_to_read=186)
[601/1000] rust-lang-rust.git@6b148769 compiler/rustc_target/src/spec/targets/riscv32gc_unknown_linux_musl.rs (ok=380 skipped_too_large=35 timed_out=0 panicked=0 failed_to_read=186)
[602/1000] rust-lang-rust.git@6b148769 compiler/rustc_target/src/spec/targets/riscv64_wrs_vxworks.rs (ok=381 skipped_too_large=35 timed_out=0 panicked=0 failed_to_read=186)
[603/1000] rust-lang-rust.git@6b148769 compiler/rustc_target/src/spec/targets/riscv64a23_unknown_linux_gnu.rs (ok=382 skipped_too_large=35 timed_out=0 panicked=0 failed_to_read=186)
[604/1000] rust-lang-rust.git@6b148769 compiler/rustc_target/src/spec/targets/riscv64gc_unknown_linux_musl.rs (ok=383 skipped_too_large=35 timed_out=0 panicked=0 failed_to_read=186)
[605/1000] rust-lang-rust.git@6b148769 compiler/rustc_target/src/spec/targets/riscv64gc_unknown_managarm_mlibc.rs (ok=384 skipped_too_large=35 timed_out=0 panicked=0 failed_to_read=186)
[606/1000] rust-lang-rust.git@6b148769 compiler/rustc_target/src/spec/targets/riscv64gc_unknown_redox.rs (ok=385 skipped_too_large=35 timed_out=0 panicked=0 failed_to_read=186)
[607/1000] rust-lang-rust.git@6df99d65 tests/ui/asm/aarch64/ttbr0_el2.rs (ok=386 skipped_too_large=35 timed_out=0 panicked=0 failed_to_read=186)
[608/1000] rust-lang-rust.git@6df99d65 tests/ui/asm/x86_64/goto-block-safe.rs (ok=387 skipped_too_large=35 timed_out=0 panicked=0 failed_to_read=186)
[609/1000] rust-lang-rust.git@6df99d65 tests/ui/asm/x86_64/issue-82869.rs (ok=388 skipped_too_large=35 timed_out=0 panicked=0 failed_to_read=186)
[610/1000] rust-lang-rust.git@6df99d65 tests/ui/asm/x86_64/issue-89875.rs (ok=389 skipped_too_large=35 timed_out=0 panicked=0 failed_to_read=186)
[611/1000] rust-lang-rust.git@6df99d65 tests/ui/asm/x86_64/issue-96797.rs (ok=390 skipped_too_large=35 timed_out=0 panicked=0 failed_to_read=186)
[612/1000] rust-lang-rust.git@6df99d65 tests/ui/asm/x86_64/x86_64_parse_error.rs (ok=391 skipped_too_large=35 timed_out=0 panicked=0 failed_to_read=186)
[613/1000] rust-lang-rust.git@724c1a02 tests/rustdoc-ui/track-diagnostics.rs (ok=392 skipped_too_large=35 timed_out=0 panicked=0 failed_to_read=186)
[614/1000] rust-lang-rust.git@7a698be6 library/compiler-builtins/libm/src/math/generic/fmaximum.rs (ok=393 skipped_too_large=35 timed_out=0 panicked=0 failed_to_read=186)
[615/1000] rust-lang-rust.git@7df43d30 tests/ui/const-generics/generic_const_exprs/double-opaque-parent-predicates.rs (ok=394 skipped_too_large=35 timed_out=0 panicked=0 failed_to_read=186)
[616/1000] rust-lang-rust.git@7df43d30 tests/ui/const-generics/generic_const_exprs/issue-97047-ice-1.rs (ok=395 skipped_too_large=35 timed_out=0 panicked=0 failed_to_read=186)
[617/1000] rust-lang-rust.git@7df43d30 tests/ui/const-generics/generic_const_exprs/issue-97047-ice-2.rs (ok=396 skipped_too_large=35 timed_out=0 panicked=0 failed_to_read=186)
[618/1000] rust-lang-rust.git@7df43d30 tests/ui/const-generics/generic_const_exprs/post-analysis-user-facing-param-env.rs (ok=397 skipped_too_large=35 timed_out=0 panicked=0 failed_to_read=186)
[619/1000] rust-lang-rust.git@7df43d30 tests/ui/const-generics/mgca/unexpected-fn-item-in-array.rs (ok=398 skipped_too_large=35 timed_out=0 panicked=0 failed_to_read=186)
[620/1000] rust-lang-rust.git@7df43d30 tests/ui/const-generics/occurs-check/unify-fixpoint.rs (ok=399 skipped_too_large=35 timed_out=0 panicked=0 failed_to_read=186)
[621/1000] rust-lang-rust.git@7df43d30 tests/ui/traits/negative-impls/negative-default-impls.rs (ok=400 skipped_too_large=35 timed_out=0 panicked=0 failed_to_read=186)
[622/1000] rust-lang-rust.git@7df43d30 tests/ui/traits/next-solver/issue-118950-root-region.rs (ok=401 skipped_too_large=35 timed_out=0 panicked=0 failed_to_read=186)
[623/1000] rust-lang-rust.git@7df43d30 tests/ui/traits/next-solver/normalize/normalize-self-type-constrains-trait-args.rs (ok=402 skipped_too_large=35 timed_out=0 panicked=0 failed_to_read=186)
[624/1000] rust-lang-rust.git@7df43d30 tests/ui/traits/next-solver/specialization-transmute.rs (ok=403 skipped_too_large=35 timed_out=0 panicked=0 failed_to_read=186)
[625/1000] rust-lang-rust.git@7df43d30 tests/ui/traits/non_lifetime_binders/bad-sized-cond.rs (ok=404 skipped_too_large=35 timed_out=0 panicked=0 failed_to_read=186)
[626/1000] rust-lang-rust.git@7df43d30 tests/ui/traits/non_lifetime_binders/diagnostic-hir-wf-check.rs (ok=405 skipped_too_large=35 timed_out=0 panicked=0 failed_to_read=186)
[627/1000] rust-lang-rust.git@7df43d30 tests/ui/traits/non_lifetime_binders/foreach-partial-eq.rs (ok=406 skipped_too_large=35 timed_out=0 panicked=0 failed_to_read=186)
[628/1000] rust-lang-rust.git@7df43d30 tests/ui/traits/non_lifetime_binders/late-bound-in-anon-ct.rs (ok=407 skipped_too_large=35 timed_out=0 panicked=0 failed_to_read=186)
[629/1000] rust-lang-rust.git@7df43d30 tests/ui/traits/non_lifetime_binders/nested-apit-mentioning-outer-bound-var.rs (ok=408 skipped_too_large=35 timed_out=0 panicked=0 failed_to_read=186)
[630/1000] rust-lang-rust.git@7df43d30 tests/ui/traits/non_lifetime_binders/on-dyn.rs (ok=409 skipped_too_large=35 timed_out=0 panicked=0 failed_to_read=186)
[631/1000] rust-lang-rust.git@7df43d30 tests/ui/traits/non_lifetime_binders/on-ptr.rs (ok=410 skipped_too_large=35 timed_out=0 panicked=0 failed_to_read=186)
[632/1000] rust-lang-rust.git@7df43d30 tests/ui/traits/non_lifetime_binders/on-rpit.rs (ok=411 skipped_too_large=35 timed_out=0 panicked=0 failed_to_read=186)
[633/1000] rust-lang-rust.git@7df43d30 tests/ui/traits/non_lifetime_binders/shadowed.rs (ok=412 skipped_too_large=35 timed_out=0 panicked=0 failed_to_read=186)
[634/1000] rust-lang-rust.git@7df43d30 tests/ui/traits/non_lifetime_binders/supertrait-dyn-compatibility.rs (ok=413 skipped_too_large=35 timed_out=0 panicked=0 failed_to_read=186)
[635/1000] rust-lang-rust.git@84442006 tests/rustdoc-html/assoc/assoc-type-bindings-20646.rs (ok=414 skipped_too_large=35 timed_out=0 panicked=0 failed_to_read=186)
[636/1000] rust-lang-rust.git@84442006 tests/rustdoc-ui/issues/issue-79494.rs (ok=415 skipped_too_large=35 timed_out=0 panicked=0 failed_to_read=186)
[637/1000] rust-lang-rust.git@87d8f588 tests/ui/const-generics/adt_const_params/byte-string-u8-validation.rs (ok=416 skipped_too_large=35 timed_out=0 panicked=0 failed_to_read=186)
[638/1000] rust-lang-rust.git@87d8f588 tests/ui/consts/issue-39974.rs (ok=417 skipped_too_large=35 timed_out=0 panicked=0 failed_to_read=186)
[639/1000] rust-lang-rust.git@87d8f588 tests/ui/issues/issue-31910.rs (ok=418 skipped_too_large=35 timed_out=0 panicked=0 failed_to_read=186)
[640/1000] rust-lang-rust.git@87d8f588 tests/ui/mismatched_types/array-repeat-unit-struct.rs (ok=419 skipped_too_large=35 timed_out=0 panicked=0 failed_to_read=186)
[641/1000] rust-lang-rust.git@87d8f588 tests/ui/wf/range-expr-root-of-constant-issue-40749.rs (ok=420 skipped_too_large=35 timed_out=0 panicked=0 failed_to_read=186)
[642/1000] rust-lang-rust.git@97e84d5a tests/ui/specialization/coherence/default-item-normalization-ambig-1.rs (ok=421 skipped_too_large=35 timed_out=0 panicked=0 failed_to_read=186)
[643/1000] rust-lang-rust.git@97e84d5a tests/ui/specialization/ctfe/default-assoc-const.rs (ok=422 skipped_too_large=35 timed_out=0 panicked=0 failed_to_read=186)
[644/1000] rust-lang-rust.git@97e84d5a tests/ui/specialization/default-generic-associated-type-bound.rs (ok=423 skipped_too_large=35 timed_out=0 panicked=0 failed_to_read=186)
[645/1000] rust-lang-rust.git@97e84d5a tests/ui/specialization/defaultimpl/overlap-projection.rs (ok=424 skipped_too_large=35 timed_out=0 panicked=0 failed_to_read=186)
[646/1000] rust-lang-rust.git@97e84d5a tests/ui/specialization/defaultimpl/projection.rs (ok=425 skipped_too_large=35 timed_out=0 panicked=0 failed_to_read=186)
[647/1000] rust-lang-rust.git@97e84d5a tests/ui/specialization/defaultimpl/specialization-trait-item-not-implemented-rpass.rs (ok=426 skipped_too_large=35 timed_out=0 panicked=0 failed_to_read=186)
[648/1000] rust-lang-rust.git@97e84d5a tests/ui/specialization/defaultimpl/validation.rs (ok=427 skipped_too_large=35 timed_out=0 panicked=0 failed_to_read=186)
[649/1000] rust-lang-rust.git@97e84d5a tests/ui/specialization/fuzzed/fuzzing-ice-134905.rs (ok=428 skipped_too_large=35 timed_out=0 panicked=0 failed_to_read=186)
[650/1000] rust-lang-rust.git@97e84d5a tests/ui/specialization/issue-38091.rs (ok=429 skipped_too_large=35 timed_out=0 panicked=0 failed_to_read=186)
[651/1000] rust-lang-rust.git@97e84d5a tests/ui/specialization/issue-39448.rs (ok=430 skipped_too_large=35 timed_out=0 panicked=0 failed_to_read=186)
[652/1000] rust-lang-rust.git@97e84d5a tests/ui/specialization/issue-50452.rs (ok=431 skipped_too_large=35 timed_out=0 panicked=0 failed_to_read=186)
[653/1000] rust-lang-rust.git@97e84d5a tests/ui/specialization/issue-63716-parse-async.rs (ok=432 skipped_too_large=35 timed_out=0 panicked=0 failed_to_read=186)
[654/1000] rust-lang-rust.git@97e84d5a tests/ui/specialization/overlap-due-to-unsatisfied-const-bound.rs (ok=433 skipped_too_large=35 timed_out=0 panicked=0 failed_to_read=186)
[655/1000] rust-lang-rust.git@97e84d5a tests/ui/specialization/prefer-specializing-impl-over-default.rs (ok=434 skipped_too_large=35 timed_out=0 panicked=0 failed_to_read=186)
[656/1000] rust-lang-rust.git@97e84d5a tests/ui/specialization/specialization-default-types.rs (ok=435 skipped_too_large=35 timed_out=0 panicked=0 failed_to_read=186)
[657/1000] rust-lang-rust.git@97e84d5a tests/ui/specialization/specialization-on-projection.rs (ok=436 skipped_too_large=35 timed_out=0 panicked=0 failed_to_read=186)
[658/1000] rust-lang-rust.git@97e84d5a tests/ui/specialization/specialization-overlap-negative.rs (ok=437 skipped_too_large=35 timed_out=0 panicked=0 failed_to_read=186)
[659/1000] rust-lang-rust.git@97e84d5a tests/ui/specialization/specialization-overlap-projection.rs (ok=438 skipped_too_large=35 timed_out=0 panicked=0 failed_to_read=186)
[660/1000] rust-lang-rust.git@97e84d5a tests/ui/specialization/specialization-projection.rs (ok=439 skipped_too_large=35 timed_out=0 panicked=0 failed_to_read=186)
[661/1000] rust-lang-rust.git@97e84d5a tests/ui/specialization/specialization-supertraits.rs (ok=440 skipped_too_large=35 timed_out=0 panicked=0 failed_to_read=186)
[662/1000] rust-lang-rust.git@97e84d5a tests/ui/specialization/specialization-translate-projections-with-params.rs (ok=441 skipped_too_large=35 timed_out=0 panicked=0 failed_to_read=186)
[663/1000] rust-lang-rust.git@97e84d5a tests/ui/specialization/trait-specialization-default-methods-55380.rs (ok=442 skipped_too_large=35 timed_out=0 panicked=0 failed_to_read=186)
[664/1000] rust-lang-rust.git@97e84d5a tests/ui/specialization/transmute-specialization.rs (ok=443 skipped_too_large=35 timed_out=0 panicked=0 failed_to_read=186)
[665/1000] rust-lang-rust.git@9b0be785 tests/ui/associated-inherent-types/hr-do-not-blame-outlives-static-ice.rs (ok=444 skipped_too_large=35 timed_out=0 panicked=0 failed_to_read=186)
[666/1000] rust-lang-rust.git@9b0be785 tests/ui/associated-inherent-types/variance-computation-requires-equality.rs (ok=445 skipped_too_large=35 timed_out=0 panicked=0 failed_to_read=186)
[667/1000] rust-lang-rust.git@9b0be785 tests/ui/async-await/async-drop/foreign-fundamental.rs (ok=446 skipped_too_large=35 timed_out=0 panicked=0 failed_to_read=186)
[668/1000] rust-lang-rust.git@9b0be785 tests/ui/borrowck/generic_const_early_param.rs (ok=447 skipped_too_large=35 timed_out=0 panicked=0 failed_to_read=186)
[669/1000] rust-lang-rust.git@9b0be785 tests/ui/closures/binder/const-bound.rs (ok=448 skipped_too_large=35 timed_out=0 panicked=0 failed_to_read=186)
[670/1000] rust-lang-rust.git@9b0be785 tests/ui/closures/binder/type-bound-2.rs (ok=449 skipped_too_large=35 timed_out=0 panicked=0 failed_to_read=186)
[671/1000] rust-lang-rust.git@9b0be785 tests/ui/closures/binder/type-bound.rs (ok=450 skipped_too_large=35 timed_out=0 panicked=0 failed_to_read=186)
[672/1000] rust-lang-rust.git@9b0be785 tests/ui/codegen/freeze-on-polymorphic-projection.rs (ok=451 skipped_too_large=35 timed_out=0 panicked=0 failed_to_read=186)
[673/1000] rust-lang-rust.git@9b0be785 tests/ui/consts/issue-104396.rs (ok=452 skipped_too_large=35 timed_out=0 panicked=0 failed_to_read=186)
[674/1000] rust-lang-rust.git@9b0be785 tests/ui/consts/refs_check_const_eq-issue-88384.rs (ok=453 skipped_too_large=35 timed_out=0 panicked=0 failed_to_read=186)
[675/1000] rust-lang-rust.git@9b0be785 tests/ui/contracts/incomplete-feature.rs (ok=454 skipped_too_large=35 timed_out=0 panicked=0 failed_to_read=186)
[676/1000] rust-lang-rust.git@9b0be785 tests/ui/error-codes/E0771.rs (ok=455 skipped_too_large=35 timed_out=0 panicked=0 failed_to_read=186)
[677/1000] rust-lang-rust.git@9b0be785 tests/ui/feature-gates/feature-gate-effective-target-features.rs (ok=456 skipped_too_large=35 timed_out=0 panicked=0 failed_to_read=186)
[678/1000] rust-lang-rust.git@9b0be785 tests/ui/generic-associated-types/issue-87429-specialization.rs (ok=457 skipped_too_large=35 timed_out=0 panicked=0 failed_to_read=186)
[679/1000] rust-lang-rust.git@9b0be785 tests/ui/impl-trait/equality.rs (ok=458 skipped_too_large=35 timed_out=0 panicked=0 failed_to_read=186)
[680/1000] rust-lang-rust.git@9b0be785 tests/ui/impl-trait/in-trait/alias-bounds-when-not-wf.rs (ok=459 skipped_too_large=35 timed_out=0 panicked=0 failed_to_read=186)
[681/1000] rust-lang-rust.git@9b0be785 tests/ui/lazy-type-alias/bad-lazy-type-alias.rs (ok=460 skipped_too_large=35 timed_out=0 panicked=0 failed_to_read=186)
[682/1000] rust-lang-rust.git@9b0be785 tests/ui/lazy-type-alias/coerce-behind-lazy.rs (ok=461 skipped_too_large=35 timed_out=0 panicked=0 failed_to_read=186)
[683/1000] rust-lang-rust.git@9b0be785 tests/ui/parser/default.rs (ok=462 skipped_too_large=35 timed_out=0 panicked=0 failed_to_read=186)
[684/1000] rust-lang-rust.git@9b0be785 tests/ui/pin-ergonomics/coerce-non-pointer-pin.rs (ok=463 skipped_too_large=35 timed_out=0 panicked=0 failed_to_read=186)
[685/1000] rust-lang-rust.git@9b0be785 tests/ui/rfcs/rfc-0000-never_patterns/never-pattern-is-a-read.rs (ok=464 skipped_too_large=35 timed_out=0 panicked=0 failed_to_read=186)
[686/1000] rust-lang-rust.git@9b0be785 tests/ui/transmutability/dont-assume-err-is-yes-issue-126377.rs (ok=465 skipped_too_large=35 timed_out=0 panicked=0 failed_to_read=186)
[687/1000] rust-lang-rust.git@9b0be785 tests/ui/unsafe-binders/binder-sized-crit.rs (ok=466 skipped_too_large=35 timed_out=0 panicked=0 failed_to_read=186)
[688/1000] rust-lang-rust.git@9b0be785 tests/ui/unsafe-binders/lifetime-resolution.rs (ok=467 skipped_too_large=35 timed_out=0 panicked=0 failed_to_read=186)
[689/1000] rust-lang-rust.git@9b0be785 tests/ui/unsafe-binders/unsafe-binders-debuginfo.rs (ok=468 skipped_too_large=35 timed_out=0 panicked=0 failed_to_read=186)
[690/1000] rust-lang-rust.git@a3e469ea src/tools/miri/tests/fail/stacked_borrows/transmute-is-no-escape.rs (ok=469 skipped_too_large=35 timed_out=0 panicked=0 failed_to_read=186)
[691/1000] rust-lang-rust.git@a4d23841 src/bootstrap/src/core/build_steps/setup/tests.rs (ok=470 skipped_too_large=35 timed_out=0 panicked=0 failed_to_read=186)
[692/1000] rust-lang-rust.git@a893257c tests/ui/consts/issue-90762.rs (ok=471 skipped_too_large=35 timed_out=0 panicked=0 failed_to_read=186)
[693/1000] rust-lang-rust.git@ae3d87c2 tests/ui/parser/shebang/multiline-attrib.rs (ok=472 skipped_too_large=35 timed_out=0 panicked=0 failed_to_read=186)
[694/1000] rust-lang-rust.git@ae3d87c2 tests/ui/parser/shebang/shebang-and-attrib.rs (ok=473 skipped_too_large=35 timed_out=0 panicked=0 failed_to_read=186)
[695/1000] rust-lang-rust.git@ae3d87c2 tests/ui/parser/shebang/sneaky-attrib.rs (ok=474 skipped_too_large=35 timed_out=0 panicked=0 failed_to_read=186)
[696/1000] rust-lang-rust.git@b3e4ebd9 tests/ui/consts/const-eval/valid-const.rs (ok=475 skipped_too_large=35 timed_out=0 panicked=0 failed_to_read=186)
[697/1000] rust-lang-rust.git@b7c226c0 tests/codegen-llvm/issues/issue-118306.rs (ok=476 skipped_too_large=35 timed_out=0 panicked=0 failed_to_read=186)
[698/1000] rust-lang-rust.git@bc4dfa5e library/alloctests/benches/lib.rs (ok=477 skipped_too_large=35 timed_out=0 panicked=0 failed_to_read=186)
[699/1000] rust-lang-rust.git@be5f0708 library/std/src/sys/pal/unsupported/mod.rs (ok=478 skipped_too_large=35 timed_out=0 panicked=0 failed_to_read=186)
[700/1000] rust-lang-rust.git@c521b808 tests/ui/traits/const-traits/call.rs (ok=479 skipped_too_large=35 timed_out=0 panicked=0 failed_to_read=186)
[701/1000] rust-lang-rust.git@c521b808 tests/ui/traits/const-traits/ice-112822-expected-type-for-param.rs (ok=480 skipped_too_large=35 timed_out=0 panicked=0 failed_to_read=186)
[702/1000] rust-lang-rust.git@c521b808 tests/ui/traits/const-traits/non-const-op-const-closure-non-const-outer.rs (ok=481 skipped_too_large=35 timed_out=0 panicked=0 failed_to_read=186)
[703/1000] rust-lang-rust.git@c92bb95f tests/ui/derives/derives-span-Default.rs (ok=482 skipped_too_large=35 timed_out=0 panicked=0 failed_to_read=186)
[704/1000] rust-lang-rust.git@cca28656 tests/assembly-llvm/naked-functions/aarch64-naked-fn-no-bti-prolog.rs (ok=483 skipped_too_large=35 timed_out=0 panicked=0 failed_to_read=186)
[705/1000] rust-lang-rust.git@cf47e2cd src/tools/miri/tests/pass-dep/shims/socket.rs (ok=484 skipped_too_large=35 timed_out=0 panicked=0 failed_to_read=186)
[706/1000] rust-lang-rust.git@d7706e59 src/tools/miri/src/concurrency/mod.rs (ok=485 skipped_too_large=35 timed_out=0 panicked=0 failed_to_read=186)
[707/1000] rust-lang-rust.git@dd2b2084 tests/ui/lto/lto-weak-merge-functions.rs (ok=486 skipped_too_large=35 timed_out=0 panicked=0 failed_to_read=186)
[708/1000] rust-lang-rust.git@e485708b tests/ui/inference/useless-turbofish-suggestion.rs (ok=487 skipped_too_large=35 timed_out=0 panicked=0 failed_to_read=186)
[709/1000] rust-lang-rust.git@e8a46117 tests/ui/traits/const-traits/call-const-closure.rs (ok=488 skipped_too_large=35 timed_out=0 panicked=0 failed_to_read=186)
[710/1000] rust-lang-rust.git@f3f4ab92 compiler/rustc_middle/src/query/mod.rs (ok=489 skipped_too_large=35 timed_out=0 panicked=0 failed_to_read=186)
[711/1000] rust-lang-rust.git@f4a95d35 library/std/src/sys/io/error/windows/tests.rs (ok=490 skipped_too_large=35 timed_out=0 panicked=0 failed_to_read=186)
[712/1000] rust-lang-rust.git@f60b6499 tests/ui/const-generics/const-generic-function.rs (ok=491 skipped_too_large=35 timed_out=0 panicked=0 failed_to_read=186)
[713/1000] rust-lang-rust.git@f8bce56b tests/ui/associated-consts/associated-const-in-trait.rs (ok=492 skipped_too_large=35 timed_out=0 panicked=0 failed_to_read=186)
[714/1000] rust-lang-rust.git@fed57899 tests/ui/consts/issue-103790.rs (ok=493 skipped_too_large=35 timed_out=0 panicked=0 failed_to_read=186)
[715/1000] rust-lang-rust.git@fed57899 tests/ui/wf/ice-hir-wf-check-anon-const-issue-122199.rs (ok=494 skipped_too_large=35 timed_out=0 panicked=0 failed_to_read=186)
[716/1000] rust-lang-rust.git@fed57899 tests/ui/wf/ice-hir-wf-check-anon-const-issue-122989.rs (ok=495 skipped_too_large=35 timed_out=0 panicked=0 failed_to_read=186)
[717/1000] rustdesk-rustdesk.git@00293a99 libs/clipboard/src/platform/mod.rs (ok=496 skipped_too_large=35 timed_out=0 panicked=0 failed_to_read=186)
[718/1000] rustdesk-rustdesk.git@6c949a96 src/whiteboard/mod.rs (ok=497 skipped_too_large=35 timed_out=0 panicked=0 failed_to_read=186)
[719/1000] rustdesk-rustdesk.git@a903f710 libs/scrap/src/common/vpx.rs (ok=498 skipped_too_large=35 timed_out=0 panicked=0 failed_to_read=186)
[720/1000] tauri-apps-tauri.git@0575dd28 crates/tauri-bundler/src/bundle/linux/mod.rs (ok=499 skipped_too_large=35 timed_out=0 panicked=0 failed_to_read=186)
[721/1000] tauri-apps-tauri.git@0575dd28 crates/tauri-bundler/src/bundle/windows/mod.rs (ok=500 skipped_too_large=35 timed_out=0 panicked=0 failed_to_read=186)
[722/1000] tauri-apps-tauri.git@22edc65a crates/tauri-cli/src/helpers/http.rs (ok=501 skipped_too_large=35 timed_out=0 panicked=0 failed_to_read=186)
[723/1000] tauri-apps-tauri.git@251203b8 crates/tauri-runtime-wry/src/monitor/linux.rs (ok=502 skipped_too_large=35 timed_out=0 panicked=0 failed_to_read=186)
[724/1000] tauri-apps-tauri.git@6bf91794 crates/tauri-cli/src/acl/permission/mod.rs (ok=503 skipped_too_large=35 timed_out=0 panicked=0 failed_to_read=186)
Failed to measure tauri-apps-tauri.git crates/tauri/src/menu/builders/mod.rs: revspec '6cd917c227596e4e557496347ccae8ef579f6ea0' not found; class=Reference (4); code=NotFound (-3)
[725/1000] tauri-apps-tauri.git@6cd917c2 crates/tauri/src/menu/builders/mod.rs (ok=503 skipped_too_large=35 timed_out=0 panicked=0 failed_to_read=187)
[726/1000] tauri-apps-tauri.git@7a9b920c crates/tauri-plugin/src/lib.rs (ok=504 skipped_too_large=35 timed_out=0 panicked=0 failed_to_read=187)
[727/1000] tauri-apps-tauri.git@ac22950f crates/tauri-cli/src/migrate/migrations/v1/mod.rs (ok=505 skipped_too_large=35 timed_out=0 panicked=0 failed_to_read=187)
[728/1000] tauri-apps-tauri.git@b06b3bd0 crates/tauri-cli/src/migrate/migrations/v1/mod.rs (ok=506 skipped_too_large=35 timed_out=0 panicked=0 failed_to_read=187)
Failed to measure tauri-apps-tauri.git crates/tauri-runtime-wry/src/webview.rs: revspec 'bc4804d4841efefd57fd1f3e147550a3340e2b31' not found; class=Reference (4); code=NotFound (-3)
[729/1000] tauri-apps-tauri.git@bc4804d4 crates/tauri-runtime-wry/src/webview.rs (ok=506 skipped_too_large=35 timed_out=0 panicked=0 failed_to_read=188)
[730/1000] tauri-apps-tauri.git@cedb24d4 examples/helloworld/main.rs (ok=507 skipped_too_large=35 timed_out=0 panicked=0 failed_to_read=188)
Failed to measure tauri-apps-tauri.git crates/tauri-cli/templates/plugin/__example-api/tauri-app/src-tauri/src/lib.rs: revspec 'e08c4e6888a4dc087297526e90b34ca1e338f6cc' not found; class=Reference (4); code=NotFound (-3)
[731/1000] tauri-apps-tauri.git@e08c4e68 crates/tauri-cli/templates/plugin/__example-api/tauri-app/src-tauri/src/lib.rs (ok=507 skipped_too_large=35 timed_out=0 panicked=0 failed_to_read=189)
Failed to measure tauri-apps-tauri.git crates/tauri/src/resources/plugin.rs: revspec 'eb61d44f9fc1be591c3d10a6ac1451aa39e6a77b' not found; class=Reference (4); code=NotFound (-3)
[732/1000] tauri-apps-tauri.git@eb61d44f crates/tauri/src/resources/plugin.rs (ok=507 skipped_too_large=35 timed_out=0 panicked=0 failed_to_read=190)
Failed to measure vercel-next.js.git crates/next-api/src/lib.rs: revspec '0b3da78825cd05b9de5f3f8ec4754e924c5f2b1d' not found; class=Reference (4); code=NotFound (-3)
[733/1000] vercel-next.js.git@0b3da788 crates/next-api/src/lib.rs (ok=507 skipped_too_large=35 timed_out=0 panicked=0 failed_to_read=191)
Failed to measure vercel-next.js.git turbopack/crates/turbo-tasks-env/src/command_line.rs: revspec '2307bf6e521a6969423f7010cdd36d4210d1b7a9' not found; class=Reference (4); code=NotFound (-3)
[734/1000] vercel-next.js.git@2307bf6e turbopack/crates/turbo-tasks-env/src/command_line.rs (ok=507 skipped_too_large=35 timed_out=0 panicked=0 failed_to_read=192)
Failed to measure vercel-next.js.git turbopack/crates/turbopack-css/src/lib.rs: revspec '7c9be45a48ea58a2ddbe37c2840142dd79cc7b3a' not found; class=Reference (4); code=NotFound (-3)
[735/1000] vercel-next.js.git@7c9be45a turbopack/crates/turbopack-css/src/lib.rs (ok=507 skipped_too_large=35 timed_out=0 panicked=0 failed_to_read=193)
Failed to measure vercel-next.js.git turbopack/crates/turbopack-css/src/embed.rs: revspec 'a57e4e809b0f39668a57280a55bac1a4b20e6e2f' not found; class=Reference (4); code=NotFound (-3)
[736/1000] vercel-next.js.git@a57e4e80 turbopack/crates/turbopack-css/src/embed.rs (ok=507 skipped_too_large=35 timed_out=0 panicked=0 failed_to_read=194)
Failed to measure vercel-next.js.git turbopack/crates/turbo-persistence/src/lib.rs: revspec 'b01037d8da5b76ba61327e2284c30195d6ac293b' not found; class=Reference (4); code=NotFound (-3)
[737/1000] vercel-next.js.git@b01037d8 turbopack/crates/turbo-persistence/src/lib.rs (ok=507 skipped_too_large=35 timed_out=0 panicked=0 failed_to_read=195)
Failed to measure vercel-next.js.git turbopack/crates/turbopack-core/src/source_transform.rs: revspec 'bdb2f2ce4dea0c1435af5fa433767d63fca11c0c' not found; class=Reference (4); code=NotFound (-3)
[738/1000] vercel-next.js.git@bdb2f2ce turbopack/crates/turbopack-core/src/source_transform.rs (ok=507 skipped_too_large=35 timed_out=0 panicked=0 failed_to_read=196)
Failed to measure vercel-next.js.git crates/next-api/src/lib.rs: revspec 'ccee817b559c770c291350fcd13ad4cb6239339c' not found; class=Reference (4); code=NotFound (-3)
[739/1000] vercel-next.js.git@ccee817b crates/next-api/src/lib.rs (ok=507 skipped_too_large=35 timed_out=0 panicked=0 failed_to_read=197)
Failed to measure vercel-next.js.git turbopack/crates/turbo-tasks-hash/src/hex.rs: revspec 'cf7103771b15d16cb6059876385e2765e942d102' not found; class=Reference (4); code=NotFound (-3)
[740/1000] vercel-next.js.git@cf710377 turbopack/crates/turbo-tasks-hash/src/hex.rs (ok=507 skipped_too_large=35 timed_out=0 panicked=0 failed_to_read=198)
Failed to measure vercel-next.js.git crates/next-core/src/next_server_component/mod.rs: revspec 'd9751eaa14fc764aadd3c58f2373998e567192bd' not found; class=Reference (4); code=NotFound (-3)
[741/1000] vercel-next.js.git@d9751eaa crates/next-core/src/next_server_component/mod.rs (ok=507 skipped_too_large=35 timed_out=0 panicked=0 failed_to_read=199)
Failed to measure vercel-next.js.git turbopack/crates/turbo-persistence/src/mmap_helper.rs: revspec 'df886d4a2d36b63717f8aa5eae1147811ad025f8' not found; class=Reference (4); code=NotFound (-3)
[742/1000] vercel-next.js.git@df886d4a turbopack/crates/turbo-persistence/src/mmap_helper.rs (ok=507 skipped_too_large=35 timed_out=0 panicked=0 failed_to_read=200)
Failed to measure vercel-next.js.git crates/next-custom-transforms/src/linter.rs: revspec 'f93a867d7741214ed6544a0ff673f498ca69234b' not found; class=Reference (4); code=NotFound (-3)
[743/1000] vercel-next.js.git@f93a867d crates/next-custom-transforms/src/linter.rs (ok=507 skipped_too_large=35 timed_out=0 panicked=0 failed_to_read=201)
Failed to measure vercel-next.js.git turbopack/crates/turbopack-ecmascript/src/manifest/mod.rs: revspec 'ff636469afd7809258c341aaa9ba40e5506c96fd' not found; class=Reference (4); code=NotFound (-3)
[744/1000] vercel-next.js.git@ff636469 turbopack/crates/turbopack-ecmascript/src/manifest/mod.rs (ok=507 skipped_too_large=35 timed_out=0 panicked=0 failed_to_read=202)
Failed to measure vercel-next.js.git turbopack/crates/turbopack-ecmascript/src/side_effect_optimization/facade/mod.rs: revspec 'ff636469afd7809258c341aaa9ba40e5506c96fd' not found; class=Reference (4); code=NotFound (-3)
[745/1000] vercel-next.js.git@ff636469 turbopack/crates/turbopack-ecmascript/src/side_effect_optimization/facade/mod.rs (ok=507 skipped_too_large=35 timed_out=0 panicked=0 failed_to_read=203)
Failed to measure zed-industries-zed.git tooling/xtask/src/tasks.rs: revspec '14f37ed5024bbccff2200797d1d9bf69aee01d66' not found; class=Reference (4); code=NotFound (-3)
[746/1000] zed-industries-zed.git@14f37ed5 tooling/xtask/src/tasks.rs (ok=507 skipped_too_large=35 timed_out=0 panicked=0 failed_to_read=204)
Failed to measure zed-industries-zed.git tooling/xtask/src/tasks.rs: revspec '1fec1cabff1d81bb42cbf7a1bd3194c28282bf71' not found; class=Reference (4); code=NotFound (-3)
[747/1000] zed-industries-zed.git@1fec1cab tooling/xtask/src/tasks.rs (ok=507 skipped_too_large=35 timed_out=0 panicked=0 failed_to_read=205)
Failed to measure zed-industries-zed.git crates/ui/src/utils.rs: revspec '7b14c7be5c2306febcecad7b3370521be2b870db' not found; class=Reference (4); code=NotFound (-3)
[748/1000] zed-industries-zed.git@7b14c7be crates/ui/src/utils.rs (ok=507 skipped_too_large=35 timed_out=0 panicked=0 failed_to_read=206)
Failed to measure zed-industries-zed.git crates/ui/src/components/ai.rs: revspec '9f3e3be65f231d050a2618fb2555b4eb0bf1023a' not found; class=Reference (4); code=NotFound (-3)
[749/1000] zed-industries-zed.git@9f3e3be6 crates/ui/src/components/ai.rs (ok=507 skipped_too_large=35 timed_out=0 panicked=0 failed_to_read=207)
Failed to measure zed-industries-zed.git crates/gpui_web/src/gpui_web.rs: revspec 'e30720a781ad5e4bee9ab6e5c9f228baffef466c' not found; class=Reference (4); code=NotFound (-3)
[750/1000] zed-industries-zed.git@e30720a7 crates/gpui_web/src/gpui_web.rs (ok=507 skipped_too_large=35 timed_out=0 panicked=0 failed_to_read=208)
[751/1000] GyulyVGC-sniffnet.git@107119d5 src/translations/translations.rs (ok=507 skipped_too_large=36 timed_out=0 panicked=0 failed_to_read=208)
[752/1000] GyulyVGC-sniffnet.git@11d2206d src/translations/translations.rs (ok=507 skipped_too_large=37 timed_out=0 panicked=0 failed_to_read=208)
[753/1000] GyulyVGC-sniffnet.git@38dedec3 src/translations/translations.rs (ok=507 skipped_too_large=38 timed_out=0 panicked=0 failed_to_read=208)
[754/1000] GyulyVGC-sniffnet.git@5232b1d4 src/translations/translations.rs (ok=507 skipped_too_large=39 timed_out=0 panicked=0 failed_to_read=208)
[755/1000] GyulyVGC-sniffnet.git@7be26d3b src/translations/translations.rs (ok=507 skipped_too_large=40 timed_out=0 panicked=0 failed_to_read=208)
[756/1000] GyulyVGC-sniffnet.git@8230dc8b src/translations/translations.rs (ok=507 skipped_too_large=41 timed_out=0 panicked=0 failed_to_read=208)
[757/1000] GyulyVGC-sniffnet.git@e50266e5 src/translations/translations.rs (ok=507 skipped_too_large=42 timed_out=0 panicked=0 failed_to_read=208)
Failed to measure LadybirdBrowser-ladybird.git Libraries/LibJS/Rust/src/bytecode/codegen.rs: revspec '3342e2c125e4ab49f7d65a30d15abb4119661869' not found; class=Reference (4); code=NotFound (-3)
[758/1000] LadybirdBrowser-ladybird.git@3342e2c1 Libraries/LibJS/Rust/src/bytecode/codegen.rs (ok=507 skipped_too_large=42 timed_out=0 panicked=0 failed_to_read=209)
Failed to measure LadybirdBrowser-ladybird.git Libraries/LibJS/Rust/src/lib.rs: revspec '3342e2c125e4ab49f7d65a30d15abb4119661869' not found; class=Reference (4); code=NotFound (-3)
[759/1000] LadybirdBrowser-ladybird.git@3342e2c1 Libraries/LibJS/Rust/src/lib.rs (ok=507 skipped_too_large=42 timed_out=0 panicked=0 failed_to_read=210)
Failed to measure LadybirdBrowser-ladybird.git Libraries/LibJS/Rust/src/parser/expressions.rs: revspec '3342e2c125e4ab49f7d65a30d15abb4119661869' not found; class=Reference (4); code=NotFound (-3)
[760/1000] LadybirdBrowser-ladybird.git@3342e2c1 Libraries/LibJS/Rust/src/parser/expressions.rs (ok=507 skipped_too_large=42 timed_out=0 panicked=0 failed_to_read=211)
Failed to measure LadybirdBrowser-ladybird.git Libraries/LibJS/Rust/src/bytecode/codegen.rs: revspec '54a1a66112c44b0143e558bb1c3c93ec81c352bb' not found; class=Reference (4); code=NotFound (-3)
[761/1000] LadybirdBrowser-ladybird.git@54a1a661 Libraries/LibJS/Rust/src/bytecode/codegen.rs (ok=507 skipped_too_large=42 timed_out=0 panicked=0 failed_to_read=212)
Failed to measure LadybirdBrowser-ladybird.git Libraries/LibJS/Rust/src/parser/expressions.rs: revspec '66dbb355fe900a1524b1761e5e4c13f5625e952a' not found; class=Reference (4); code=NotFound (-3)
[762/1000] LadybirdBrowser-ladybird.git@66dbb355 Libraries/LibJS/Rust/src/parser/expressions.rs (ok=507 skipped_too_large=42 timed_out=0 panicked=0 failed_to_read=213)
Failed to measure LadybirdBrowser-ladybird.git Libraries/LibJS/Rust/src/lib.rs: revspec '7d45e897c43f6d09228470a163d45b86943cc27e' not found; class=Reference (4); code=NotFound (-3)
[763/1000] LadybirdBrowser-ladybird.git@7d45e897 Libraries/LibJS/Rust/src/lib.rs (ok=507 skipped_too_large=42 timed_out=0 panicked=0 failed_to_read=214)
Failed to measure LadybirdBrowser-ladybird.git Libraries/LibJS/Rust/src/bytecode/codegen.rs: revspec '8deedd4e67ca057e1a70569c5123acf853017c9c' not found; class=Reference (4); code=NotFound (-3)
[764/1000] LadybirdBrowser-ladybird.git@8deedd4e Libraries/LibJS/Rust/src/bytecode/codegen.rs (ok=507 skipped_too_large=42 timed_out=0 panicked=0 failed_to_read=215)
Failed to measure LadybirdBrowser-ladybird.git Libraries/LibJS/Rust/src/parser/expressions.rs: revspec 'b2b72a1884e4ad519382824c3d094df33c618f65' not found; class=Reference (4); code=NotFound (-3)
[765/1000] LadybirdBrowser-ladybird.git@b2b72a18 Libraries/LibJS/Rust/src/parser/expressions.rs (ok=507 skipped_too_large=42 timed_out=0 panicked=0 failed_to_read=216)
Failed to measure LadybirdBrowser-ladybird.git Libraries/LibJS/Rust/src/bytecode/codegen.rs: revspec 'ced435987c48bdc0113092492103b3730def63d5' not found; class=Reference (4); code=NotFound (-3)
[766/1000] LadybirdBrowser-ladybird.git@ced43598 Libraries/LibJS/Rust/src/bytecode/codegen.rs (ok=507 skipped_too_large=42 timed_out=0 panicked=0 failed_to_read=217)
Failed to measure LadybirdBrowser-ladybird.git Libraries/LibJS/Rust/src/bytecode/codegen.rs: revspec 'fa72fd9f956294d1675e8d42d303e81bd934d5a8' not found; class=Reference (4); code=NotFound (-3)
[767/1000] LadybirdBrowser-ladybird.git@fa72fd9f Libraries/LibJS/Rust/src/bytecode/codegen.rs (ok=507 skipped_too_large=42 timed_out=0 panicked=0 failed_to_read=218)
Failed to measure mozilla-firefox-firefox.git servo/components/style/stylist.rs: revspec '1cfa63de1db876904de8ce7c521b23e694234191' not found; class=Reference (4); code=NotFound (-3)
[768/1000] mozilla-firefox-firefox.git@1cfa63de servo/components/style/stylist.rs (ok=507 skipped_too_large=42 timed_out=0 panicked=0 failed_to_read=219)
Failed to measure mozilla-firefox-firefox.git servo/components/style/custom_properties.rs: revspec 'b09e47c25222100e2794320a590c98065b3ca90c' not found; class=Reference (4); code=NotFound (-3)
[769/1000] mozilla-firefox-firefox.git@b09e47c2 servo/components/style/custom_properties.rs (ok=507 skipped_too_large=42 timed_out=0 panicked=0 failed_to_read=220)
Failed to measure mozilla-firefox-firefox.git servo/components/style/properties/properties.mako.rs: revspec 'b09e47c25222100e2794320a590c98065b3ca90c' not found; class=Reference (4); code=NotFound (-3)
[770/1000] mozilla-firefox-firefox.git@b09e47c2 servo/components/style/properties/properties.mako.rs (ok=507 skipped_too_large=42 timed_out=0 panicked=0 failed_to_read=221)
[771/1000] rust-lang-rust.git@11810b8d compiler/rustc_hir_analysis/src/hir_ty_lowering/mod.rs (ok=507 skipped_too_large=43 timed_out=0 panicked=0 failed_to_read=221)
[772/1000] rust-lang-rust.git@19876d19 src/librustdoc/clean/mod.rs (ok=507 skipped_too_large=44 timed_out=0 panicked=0 failed_to_read=221)
[773/1000] rust-lang-rust.git@27212bb0 library/core/src/fmt/mod.rs (ok=507 skipped_too_large=45 timed_out=0 panicked=0 failed_to_read=221)
[774/1000] rust-lang-rust.git@3399ed3c compiler/rustc_trait_selection/src/error_reporting/traits/fulfillment_errors.rs (ok=507 skipped_too_large=46 timed_out=0 panicked=0 failed_to_read=221)
[775/1000] rust-lang-rust.git@38aaeefb compiler/rustc_middle/src/ty/context.rs (ok=507 skipped_too_large=47 timed_out=0 panicked=0 failed_to_read=221)
[776/1000] rust-lang-rust.git@73fe905f compiler/rustc_trait_selection/src/error_reporting/traits/suggestions.rs (ok=507 skipped_too_large=48 timed_out=0 panicked=0 failed_to_read=221)
[777/1000] rust-lang-rust.git@772e4560 src/tools/compiletest/src/runtest.rs (ok=507 skipped_too_large=49 timed_out=0 panicked=0 failed_to_read=221)
[778/1000] rust-lang-rust.git@858b82da src/tools/clippy/clippy_utils/src/lib.rs (ok=507 skipped_too_large=50 timed_out=0 panicked=0 failed_to_read=221)
[779/1000] rust-lang-rust.git@953210cf src/librustdoc/clean/mod.rs (ok=507 skipped_too_large=51 timed_out=0 panicked=0 failed_to_read=221)
[780/1000] rust-lang-rust.git@965f1e76 compiler/rustc_lint/src/lints.rs (ok=507 skipped_too_large=52 timed_out=0 panicked=0 failed_to_read=221)
[781/1000] rust-lang-rust.git@9c591c65 compiler/rustc_parse/src/errors.rs (ok=507 skipped_too_large=53 timed_out=0 panicked=0 failed_to_read=221)
[782/1000] rust-lang-rust.git@b41b0c49 compiler/rustc_middle/src/ty/context.rs (ok=507 skipped_too_large=54 timed_out=0 panicked=0 failed_to_read=221)
[783/1000] rust-lang-rust.git@c12ab08c compiler/rustc_hir/src/hir.rs (ok=507 skipped_too_large=55 timed_out=0 panicked=0 failed_to_read=221)
[784/1000] rust-lang-rust.git@c12ab08c compiler/rustc_lint/src/builtin.rs (ok=507 skipped_too_large=56 timed_out=0 panicked=0 failed_to_read=221)
[785/1000] rust-lang-rust.git@c12ab08c compiler/rustc_parse/src/parser/diagnostics.rs (ok=507 skipped_too_large=57 timed_out=0 panicked=0 failed_to_read=221)
[786/1000] rust-lang-rust.git@c12ab08c compiler/rustc_parse/src/parser/item.rs (ok=507 skipped_too_large=58 timed_out=0 panicked=0 failed_to_read=221)
[787/1000] rust-lang-rust.git@c12ab08c compiler/rustc_resolve/src/diagnostics.rs (ok=507 skipped_too_large=59 timed_out=0 panicked=0 failed_to_read=221)
[788/1000] rust-lang-rust.git@c12ab08c compiler/rustc_span/src/lib.rs (ok=507 skipped_too_large=60 timed_out=0 panicked=0 failed_to_read=221)
[789/1000] rust-lang-rust.git@c555edb7 src/bootstrap/src/core/config/config.rs (ok=507 skipped_too_large=61 timed_out=0 panicked=0 failed_to_read=221)
[790/1000] rust-lang-rust.git@ca2139d3 compiler/rustc_hir_typeck/src/fn_ctxt/checks.rs (ok=507 skipped_too_large=62 timed_out=0 panicked=0 failed_to_read=221)
[791/1000] rust-lang-rust.git@db5e2dc2 compiler/rustc_codegen_llvm/src/intrinsic.rs (ok=507 skipped_too_large=63 timed_out=0 panicked=0 failed_to_read=221)
[792/1000] rust-lang-rust.git@fa3e85a7 compiler/rustc_hir_typeck/src/method/suggest.rs (ok=507 skipped_too_large=64 timed_out=0 panicked=0 failed_to_read=221)
[793/1000] rustdesk-rustdesk.git@00293a99 src/client.rs (ok=507 skipped_too_large=65 timed_out=0 panicked=0 failed_to_read=221)
[794/1000] rustdesk-rustdesk.git@19547908 src/client.rs (ok=507 skipped_too_large=66 timed_out=0 panicked=0 failed_to_read=221)
[795/1000] rustdesk-rustdesk.git@20fcddff src/client.rs (ok=507 skipped_too_large=67 timed_out=0 panicked=0 failed_to_read=221)
[796/1000] rustdesk-rustdesk.git@43ec57c7 src/server/connection.rs (ok=507 skipped_too_large=68 timed_out=0 panicked=0 failed_to_read=221)
[797/1000] rustdesk-rustdesk.git@4abdb2e0 src/platform/windows.rs (ok=507 skipped_too_large=69 timed_out=0 panicked=0 failed_to_read=221)
[798/1000] rustdesk-rustdesk.git@52b66e71 src/server/connection.rs (ok=507 skipped_too_large=70 timed_out=0 panicked=0 failed_to_read=221)
[799/1000] rustdesk-rustdesk.git@645a76d4 src/client.rs (ok=507 skipped_too_large=71 timed_out=0 panicked=0 failed_to_read=221)
Failed to measure rustdesk-rustdesk.git src/client.rs: revspec '827b5f6a4c0c0208431291177c3d42b271dad835' not found; class=Reference (4); code=NotFound (-3)
[800/1000] rustdesk-rustdesk.git@827b5f6a src/client.rs (ok=507 skipped_too_large=71 timed_out=0 panicked=0 failed_to_read=222)
[801/1000] rustdesk-rustdesk.git@ab64a32f src/client.rs (ok=507 skipped_too_large=72 timed_out=0 panicked=0 failed_to_read=222)
[802/1000] rustdesk-rustdesk.git@abb7748e src/client.rs (ok=507 skipped_too_large=73 timed_out=0 panicked=0 failed_to_read=222)
[803/1000] rustdesk-rustdesk.git@ac70f380 src/client/io_loop.rs (ok=507 skipped_too_large=74 timed_out=0 panicked=0 failed_to_read=222)
[804/1000] rustdesk-rustdesk.git@bdc53f01 src/client.rs (ok=507 skipped_too_large=75 timed_out=0 panicked=0 failed_to_read=222)
Failed to measure rustdesk-rustdesk.git src/client.rs: revspec 'c44803f5b09cd865fc36073ef7d8d65b71efda57' not found; class=Reference (4); code=NotFound (-3)
[805/1000] rustdesk-rustdesk.git@c44803f5 src/client.rs (ok=507 skipped_too_large=75 timed_out=0 panicked=0 failed_to_read=223)
[806/1000] rustdesk-rustdesk.git@d0e9c6dc src/server/connection.rs (ok=507 skipped_too_large=76 timed_out=0 panicked=0 failed_to_read=223)
[807/1000] rustdesk-rustdesk.git@d499098c src/server/connection.rs (ok=507 skipped_too_large=77 timed_out=0 panicked=0 failed_to_read=223)
[808/1000] rustdesk-rustdesk.git@e91f4fc1 src/client/io_loop.rs (ok=507 skipped_too_large=78 timed_out=0 panicked=0 failed_to_read=223)
[809/1000] rustdesk-rustdesk.git@ed39cc30 src/server/connection.rs (ok=507 skipped_too_large=79 timed_out=0 panicked=0 failed_to_read=223)
[810/1000] rustdesk-rustdesk.git@f0c5580f src/client.rs (ok=507 skipped_too_large=80 timed_out=0 panicked=0 failed_to_read=223)
[811/1000] rustdesk-rustdesk.git@f0f999dc src/client/io_loop.rs (ok=507 skipped_too_large=81 timed_out=0 panicked=0 failed_to_read=223)
[812/1000] rustdesk-rustdesk.git@fbba8f0b src/client.rs (ok=507 skipped_too_large=82 timed_out=0 panicked=0 failed_to_read=223)
[813/1000] tauri-apps-tauri.git@020ea055 crates/tauri-runtime-wry/src/lib.rs (ok=507 skipped_too_large=83 timed_out=0 panicked=0 failed_to_read=223)
[814/1000] tauri-apps-tauri.git@093e2b47 crates/tauri-utils/src/config.rs (ok=507 skipped_too_large=84 timed_out=0 panicked=0 failed_to_read=223)
Failed to measure tauri-apps-tauri.git crates/tauri-utils/src/config.rs: revspec '0a47bf04302ca8502d3da21b3bc27818720fe34a' not found; class=Reference (4); code=NotFound (-3)
[815/1000] tauri-apps-tauri.git@0a47bf04 crates/tauri-utils/src/config.rs (ok=507 skipped_too_large=84 timed_out=0 panicked=0 failed_to_read=224)
[816/1000] tauri-apps-tauri.git@0aa48fb9 crates/tauri-utils/src/config.rs (ok=507 skipped_too_large=85 timed_out=0 panicked=0 failed_to_read=224)
[817/1000] tauri-apps-tauri.git@1777406a crates/tauri-runtime-wry/src/lib.rs (ok=507 skipped_too_large=86 timed_out=0 panicked=0 failed_to_read=224)
[818/1000] tauri-apps-tauri.git@20c19069 crates/tauri-utils/src/config.rs (ok=507 skipped_too_large=87 timed_out=0 panicked=0 failed_to_read=224)
[819/1000] tauri-apps-tauri.git@229d7f8e crates/tauri-runtime-wry/src/lib.rs (ok=507 skipped_too_large=88 timed_out=0 panicked=0 failed_to_read=224)
[820/1000] tauri-apps-tauri.git@30f5a155 crates/tauri-runtime-wry/src/lib.rs (ok=507 skipped_too_large=89 timed_out=0 panicked=0 failed_to_read=224)
[821/1000] tauri-apps-tauri.git@33d07939 crates/tauri-utils/src/config.rs (ok=507 skipped_too_large=90 timed_out=0 panicked=0 failed_to_read=224)
[822/1000] tauri-apps-tauri.git@4acae1ec crates/tauri-runtime-wry/src/lib.rs (ok=507 skipped_too_large=91 timed_out=0 panicked=0 failed_to_read=224)
Failed to measure tauri-apps-tauri.git crates/tauri-runtime-wry/src/lib.rs: revspec '62b3a5cd1c804440c2130ab36cc3eadb3baf61cb' not found; class=Reference (4); code=NotFound (-3)
[823/1000] tauri-apps-tauri.git@62b3a5cd crates/tauri-runtime-wry/src/lib.rs (ok=507 skipped_too_large=91 timed_out=0 panicked=0 failed_to_read=225)
[824/1000] tauri-apps-tauri.git@68874c68 crates/tauri-utils/src/config.rs (ok=507 skipped_too_large=92 timed_out=0 panicked=0 failed_to_read=225)
[825/1000] tauri-apps-tauri.git@731dd5bf crates/tauri-utils/src/config.rs (ok=507 skipped_too_large=93 timed_out=0 panicked=0 failed_to_read=225)
[826/1000] tauri-apps-tauri.git@737364b8 crates/tauri-runtime-wry/src/lib.rs (ok=507 skipped_too_large=94 timed_out=0 panicked=0 failed_to_read=225)
[827/1000] tauri-apps-tauri.git@87b3cdce crates/tauri-utils/src/config.rs (ok=507 skipped_too_large=95 timed_out=0 panicked=0 failed_to_read=225)
[828/1000] tauri-apps-tauri.git@8a1d4908 crates/tauri-utils/src/config.rs (ok=507 skipped_too_large=96 timed_out=0 panicked=0 failed_to_read=225)
[829/1000] tauri-apps-tauri.git@8cf662e3 crates/tauri-runtime-wry/src/lib.rs (ok=507 skipped_too_large=97 timed_out=0 panicked=0 failed_to_read=225)
Failed to measure tauri-apps-tauri.git crates/tauri-runtime-wry/src/lib.rs: revspec 'a247170e1f620a9b012274b11cfe51e90327d6e9' not found; class=Reference (4); code=NotFound (-3)
[830/1000] tauri-apps-tauri.git@a247170e crates/tauri-runtime-wry/src/lib.rs (ok=507 skipped_too_large=97 timed_out=0 panicked=0 failed_to_read=226)
[831/1000] tauri-apps-tauri.git@b52da29d crates/tauri-utils/src/config.rs (ok=507 skipped_too_large=98 timed_out=0 panicked=0 failed_to_read=226)
[832/1000] tauri-apps-tauri.git@b80f9deb crates/tauri-utils/src/config_v1/mod.rs (ok=507 skipped_too_large=99 timed_out=0 panicked=0 failed_to_read=226)
[833/1000] tauri-apps-tauri.git@c1cd0a2d crates/tauri-runtime-wry/src/lib.rs (ok=507 skipped_too_large=100 timed_out=0 panicked=0 failed_to_read=226)
[834/1000] tauri-apps-tauri.git@c1d82eb3 crates/tauri-runtime-wry/src/lib.rs (ok=507 skipped_too_large=101 timed_out=0 panicked=0 failed_to_read=226)
[835/1000] tauri-apps-tauri.git@c698a6d6 crates/tauri-runtime-wry/src/lib.rs (ok=507 skipped_too_large=102 timed_out=0 panicked=0 failed_to_read=226)
[836/1000] tauri-apps-tauri.git@cbc095ec crates/tauri-utils/src/config.rs (ok=507 skipped_too_large=103 timed_out=0 panicked=0 failed_to_read=226)
[837/1000] tauri-apps-tauri.git@d34497ef crates/tauri-runtime-wry/src/lib.rs (ok=507 skipped_too_large=104 timed_out=0 panicked=0 failed_to_read=226)
[838/1000] tauri-apps-tauri.git@ed7c9a41 crates/tauri-utils/src/config.rs (ok=507 skipped_too_large=105 timed_out=0 panicked=0 failed_to_read=226)
[839/1000] tauri-apps-tauri.git@fabc2f28 crates/tauri-utils/src/config.rs (ok=507 skipped_too_large=106 timed_out=0 panicked=0 failed_to_read=226)
Failed to measure vercel-next.js.git turbopack/crates/turbopack-ecmascript/src/references/mod.rs: revspec '014b9987faa629accb6150c917bc328358d299a0' not found; class=Reference (4); code=NotFound (-3)
[840/1000] vercel-next.js.git@014b9987 turbopack/crates/turbopack-ecmascript/src/references/mod.rs (ok=507 skipped_too_large=106 timed_out=0 panicked=0 failed_to_read=227)
Failed to measure vercel-next.js.git turbopack/crates/turbo-tasks-backend/src/backend/mod.rs: revspec '0866832665da1b7fbd51e5ae6c8153028288340c' not found; class=Reference (4); code=NotFound (-3)
[841/1000] vercel-next.js.git@08668326 turbopack/crates/turbo-tasks-backend/src/backend/mod.rs (ok=507 skipped_too_large=106 timed_out=0 panicked=0 failed_to_read=228)
Failed to measure vercel-next.js.git turbopack/crates/turbo-tasks-macros/src/derive/task_storage_macro.rs: revspec '0866832665da1b7fbd51e5ae6c8153028288340c' not found; class=Reference (4); code=NotFound (-3)
[842/1000] vercel-next.js.git@08668326 turbopack/crates/turbo-tasks-macros/src/derive/task_storage_macro.rs (ok=507 skipped_too_large=106 timed_out=0 panicked=0 failed_to_read=229)
Failed to measure vercel-next.js.git turbopack/crates/turbopack-ecmascript/src/lib.rs: revspec '0d613062017062259a00138e64b07c081f26993b' not found; class=Reference (4); code=NotFound (-3)
[843/1000] vercel-next.js.git@0d613062 turbopack/crates/turbopack-ecmascript/src/lib.rs (ok=507 skipped_too_large=106 timed_out=0 panicked=0 failed_to_read=230)
Failed to measure vercel-next.js.git turbopack/crates/turbo-tasks-backend/src/backend/mod.rs: revspec '20be9bb47a69e850ec474e0a60ea9e6d8e998d8a' not found; class=Reference (4); code=NotFound (-3)
[844/1000] vercel-next.js.git@20be9bb4 turbopack/crates/turbo-tasks-backend/src/backend/mod.rs (ok=507 skipped_too_large=106 timed_out=0 panicked=0 failed_to_read=231)
Failed to measure vercel-next.js.git turbopack/crates/turbopack-ecmascript/src/analyzer/mod.rs: revspec '2e3fb9bd81401638e4f72451ec291d8549942df6' not found; class=Reference (4); code=NotFound (-3)
[845/1000] vercel-next.js.git@2e3fb9bd turbopack/crates/turbopack-ecmascript/src/analyzer/mod.rs (ok=507 skipped_too_large=106 timed_out=0 panicked=0 failed_to_read=232)
Failed to measure vercel-next.js.git turbopack/crates/turbo-tasks-fs/src/lib.rs: revspec '468a40fa32bcd0d3683d8fa13ce4dbab892b65eb' not found; class=Reference (4); code=NotFound (-3)
[846/1000] vercel-next.js.git@468a40fa turbopack/crates/turbo-tasks-fs/src/lib.rs (ok=507 skipped_too_large=106 timed_out=0 panicked=0 failed_to_read=233)
Failed to measure vercel-next.js.git turbopack/crates/turbo-tasks-fs/src/lib.rs: revspec '5070ad0df4f7fa9b448516035cdea4738814706b' not found; class=Reference (4); code=NotFound (-3)
[847/1000] vercel-next.js.git@5070ad0d turbopack/crates/turbo-tasks-fs/src/lib.rs (ok=507 skipped_too_large=106 timed_out=0 panicked=0 failed_to_read=234)
Failed to measure vercel-next.js.git turbopack/crates/turbo-tasks-macros/src/derive/task_storage_macro.rs: revspec '6a1bfc29536437f4f2ecf8fab485d147915661fd' not found; class=Reference (4); code=NotFound (-3)
[848/1000] vercel-next.js.git@6a1bfc29 turbopack/crates/turbo-tasks-macros/src/derive/task_storage_macro.rs (ok=507 skipped_too_large=106 timed_out=0 panicked=0 failed_to_read=235)
Failed to measure vercel-next.js.git turbopack/crates/turbopack-ecmascript/src/analyzer/mod.rs: revspec '73b44a185b8d390ec5bc89f58ffb37f73717e301' not found; class=Reference (4); code=NotFound (-3)
[849/1000] vercel-next.js.git@73b44a18 turbopack/crates/turbopack-ecmascript/src/analyzer/mod.rs (ok=507 skipped_too_large=106 timed_out=0 panicked=0 failed_to_read=236)
Failed to measure vercel-next.js.git turbopack/crates/turbo-tasks-backend/src/backend/mod.rs: revspec '7bece27057791c5d5fb0029a4d462f2d8dbf5838' not found; class=Reference (4); code=NotFound (-3)
[850/1000] vercel-next.js.git@7bece270 turbopack/crates/turbo-tasks-backend/src/backend/mod.rs (ok=507 skipped_too_large=106 timed_out=0 panicked=0 failed_to_read=237)
Failed to measure vercel-next.js.git turbopack/crates/turbo-tasks-fs/src/lib.rs: revspec '8fe8ff79157a675b56259a8eaf2d16fc1647b254' not found; class=Reference (4); code=NotFound (-3)
[851/1000] vercel-next.js.git@8fe8ff79 turbopack/crates/turbo-tasks-fs/src/lib.rs (ok=507 skipped_too_large=106 timed_out=0 panicked=0 failed_to_read=238)
Failed to measure vercel-next.js.git turbopack/crates/turbo-tasks-fs/src/lib.rs: revspec '9404b901ab8c2fbc935c75258a48c08f3d192391' not found; class=Reference (4); code=NotFound (-3)
[852/1000] vercel-next.js.git@9404b901 turbopack/crates/turbo-tasks-fs/src/lib.rs (ok=507 skipped_too_large=106 timed_out=0 panicked=0 failed_to_read=239)
Failed to measure vercel-next.js.git turbopack/crates/turbo-tasks-macros/src/derive/task_storage_macro.rs: revspec '9cee46cd4431e1cbb9fa8adc2523710630a929d9' not found; class=Reference (4); code=NotFound (-3)
[853/1000] vercel-next.js.git@9cee46cd turbopack/crates/turbo-tasks-macros/src/derive/task_storage_macro.rs (ok=507 skipped_too_large=106 timed_out=0 panicked=0 failed_to_read=240)
Failed to measure vercel-next.js.git turbopack/crates/turbo-tasks-backend/src/backend/mod.rs: revspec '9e97759ab8fc876dca1fbfc3e9746d34d113b0d8' not found; class=Reference (4); code=NotFound (-3)
[854/1000] vercel-next.js.git@9e97759a turbopack/crates/turbo-tasks-backend/src/backend/mod.rs (ok=507 skipped_too_large=106 timed_out=0 panicked=0 failed_to_read=241)
Failed to measure vercel-next.js.git turbopack/crates/turbo-tasks-backend/src/backend/mod.rs: revspec 'c582bf8eb2e1fabb020c940f360562b70a26c6c2' not found; class=Reference (4); code=NotFound (-3)
[855/1000] vercel-next.js.git@c582bf8e turbopack/crates/turbo-tasks-backend/src/backend/mod.rs (ok=507 skipped_too_large=106 timed_out=0 panicked=0 failed_to_read=242)
Failed to measure vercel-next.js.git turbopack/crates/turbopack-ecmascript/src/analyzer/graph.rs: revspec 'c979cefa4a2889d582370f7e5dffb98604468504' not found; class=Reference (4); code=NotFound (-3)
[856/1000] vercel-next.js.git@c979cefa turbopack/crates/turbopack-ecmascript/src/analyzer/graph.rs (ok=507 skipped_too_large=106 timed_out=0 panicked=0 failed_to_read=243)
Failed to measure vercel-next.js.git turbopack/crates/turbopack-ecmascript/src/analyzer/mod.rs: revspec 'd23af53268d062ff70b7c12322750b85ed3a76ba' not found; class=Reference (4); code=NotFound (-3)
[857/1000] vercel-next.js.git@d23af532 turbopack/crates/turbopack-ecmascript/src/analyzer/mod.rs (ok=507 skipped_too_large=106 timed_out=0 panicked=0 failed_to_read=244)
Failed to measure vercel-next.js.git turbopack/crates/turbopack-ecmascript/src/references/mod.rs: revspec 'e4cae3708480366826d8a6f42865f73072f9f760' not found; class=Reference (4); code=NotFound (-3)
[858/1000] vercel-next.js.git@e4cae370 turbopack/crates/turbopack-ecmascript/src/references/mod.rs (ok=507 skipped_too_large=106 timed_out=0 panicked=0 failed_to_read=245)
Failed to measure zed-industries-zed.git crates/git_ui/src/git_panel.rs: revspec '00bee4515e2c69fbcedcb7032420ce9dafce6aa7' not found; class=Reference (4); code=NotFound (-3)
[859/1000] zed-industries-zed.git@00bee451 crates/git_ui/src/git_panel.rs (ok=507 skipped_too_large=106 timed_out=0 panicked=0 failed_to_read=246)
Failed to measure zed-industries-zed.git crates/collab_ui/src/collab_panel.rs: revspec '01fe4f694eb4fea282c5132b0c0667cea9a85666' not found; class=Reference (4); code=NotFound (-3)
[860/1000] zed-industries-zed.git@01fe4f69 crates/collab_ui/src/collab_panel.rs (ok=507 skipped_too_large=106 timed_out=0 panicked=0 failed_to_read=247)
Failed to measure zed-industries-zed.git crates/workspace/src/workspace.rs: revspec '060d0712f808d140adc48dcc6c90c6abcdbb1638' not found; class=Reference (4); code=NotFound (-3)
[861/1000] zed-industries-zed.git@060d0712 crates/workspace/src/workspace.rs (ok=507 skipped_too_large=106 timed_out=0 panicked=0 failed_to_read=248)
Failed to measure zed-industries-zed.git crates/keymap_editor/src/keymap_editor.rs: revspec '062ae00294e26a68aaa04c0e6fd419b35cf8f3c7' not found; class=Reference (4); code=NotFound (-3)
[862/1000] zed-industries-zed.git@062ae002 crates/keymap_editor/src/keymap_editor.rs (ok=507 skipped_too_large=106 timed_out=0 panicked=0 failed_to_read=249)
Failed to measure zed-industries-zed.git crates/git/src/repository.rs: revspec '0a1a92131fc7bbe6b80c7b590d672814d7bbff5e' not found; class=Reference (4); code=NotFound (-3)
[863/1000] zed-industries-zed.git@0a1a9213 crates/git/src/repository.rs (ok=507 skipped_too_large=106 timed_out=0 panicked=0 failed_to_read=250)
Failed to measure zed-industries-zed.git crates/sidebar/src/sidebar.rs: revspec '0b9aeaf663fa9a8a55d484eb60349e937bcb2b78' not found; class=Reference (4); code=NotFound (-3)
[864/1000] zed-industries-zed.git@0b9aeaf6 crates/sidebar/src/sidebar.rs (ok=507 skipped_too_large=106 timed_out=0 panicked=0 failed_to_read=251)
Failed to measure zed-industries-zed.git crates/agent_ui/src/acp/message_editor.rs: revspec '0caaecc8c5a3a5d72517f558910aae7d9baffb20' not found; class=Reference (4); code=NotFound (-3)
[865/1000] zed-industries-zed.git@0caaecc8 crates/agent_ui/src/acp/message_editor.rs (ok=507 skipped_too_large=106 timed_out=0 panicked=0 failed_to_read=252)
Failed to measure zed-industries-zed.git crates/agent/src/tools/streaming_edit_file_tool.rs: revspec '10b33f81b7a984889c7c8ef4d402b821fb80e9c0' not found; class=Reference (4); code=NotFound (-3)
[866/1000] zed-industries-zed.git@10b33f81 crates/agent/src/tools/streaming_edit_file_tool.rs (ok=507 skipped_too_large=106 timed_out=0 panicked=0 failed_to_read=253)
Failed to measure zed-industries-zed.git crates/git_graph/src/git_graph.rs: revspec '1240fd1f361ff38a676de6d997aef382edcfe8db' not found; class=Reference (4); code=NotFound (-3)
[867/1000] zed-industries-zed.git@1240fd1f crates/git_graph/src/git_graph.rs (ok=507 skipped_too_large=106 timed_out=0 panicked=0 failed_to_read=254)
Failed to measure zed-industries-zed.git crates/sidebar/src/sidebar.rs: revspec '1418af673bf0c2e8e8ce9d0c9c70b9cb08e1e305' not found; class=Reference (4); code=NotFound (-3)
[868/1000] zed-industries-zed.git@1418af67 crates/sidebar/src/sidebar.rs (ok=507 skipped_too_large=106 timed_out=0 panicked=0 failed_to_read=255)
Failed to measure zed-industries-zed.git crates/agent_ui/src/agent_panel.rs: revspec '1dd80ac28f436cec7f481dbdfcb90d1d9c1d8cea' not found; class=Reference (4); code=NotFound (-3)
[869/1000] zed-industries-zed.git@1dd80ac2 crates/agent_ui/src/agent_panel.rs (ok=507 skipped_too_large=106 timed_out=0 panicked=0 failed_to_read=256)
Failed to measure zed-industries-zed.git crates/multi_buffer/src/multi_buffer.rs: revspec '1f11592d93fd401520df9f603a5c61aefe967841' not found; class=Reference (4); code=NotFound (-3)
[870/1000] zed-industries-zed.git@1f11592d crates/multi_buffer/src/multi_buffer.rs (ok=507 skipped_too_large=106 timed_out=0 panicked=0 failed_to_read=257)
Failed to measure zed-industries-zed.git crates/vim/src/motion.rs: revspec '1f442da1d3597a51f9b1819ebdacfc25565a60b5' not found; class=Reference (4); code=NotFound (-3)
[871/1000] zed-industries-zed.git@1f442da1 crates/vim/src/motion.rs (ok=507 skipped_too_large=106 timed_out=0 panicked=0 failed_to_read=258)
Failed to measure zed-industries-zed.git crates/workspace/src/workspace.rs: revspec '269b03f4a3219d54e19354484ad44d928ce740a7' not found; class=Reference (4); code=NotFound (-3)
[872/1000] zed-industries-zed.git@269b03f4 crates/workspace/src/workspace.rs (ok=507 skipped_too_large=106 timed_out=0 panicked=0 failed_to_read=259)
Failed to measure zed-industries-zed.git crates/sidebar/src/sidebar.rs: revspec '26f81c481872c9f3a52e584eeb8140e76b1b6f85' not found; class=Reference (4); code=NotFound (-3)
[873/1000] zed-industries-zed.git@26f81c48 crates/sidebar/src/sidebar.rs (ok=507 skipped_too_large=106 timed_out=0 panicked=0 failed_to_read=260)
Failed to measure zed-industries-zed.git crates/edit_prediction/src/edit_prediction.rs: revspec '27a9b60e47bda1d651d41817b812726d2aca43d5' not found; class=Reference (4); code=NotFound (-3)
[874/1000] zed-industries-zed.git@27a9b60e crates/edit_prediction/src/edit_prediction.rs (ok=507 skipped_too_large=106 timed_out=0 panicked=0 failed_to_read=261)
Failed to measure zed-industries-zed.git crates/agent/src/tools/streaming_edit_file_tool.rs: revspec '2879349b1e6c4c7bc146676f30009ae0d3c4f505' not found; class=Reference (4); code=NotFound (-3)
[875/1000] zed-industries-zed.git@2879349b crates/agent/src/tools/streaming_edit_file_tool.rs (ok=507 skipped_too_large=106 timed_out=0 panicked=0 failed_to_read=262)
Failed to measure zed-industries-zed.git crates/editor/src/element.rs: revspec '2b425aa102142932a88275341913e9e3d99bbbec' not found; class=Reference (4); code=NotFound (-3)
[876/1000] zed-industries-zed.git@2b425aa1 crates/editor/src/element.rs (ok=507 skipped_too_large=106 timed_out=0 panicked=0 failed_to_read=263)
Failed to measure zed-industries-zed.git crates/project/src/lsp_store.rs: revspec '2b774e5cd240b2e3ca3094e7786cd30910fc4592' not found; class=Reference (4); code=NotFound (-3)
[877/1000] zed-industries-zed.git@2b774e5c crates/project/src/lsp_store.rs (ok=507 skipped_too_large=106 timed_out=0 panicked=0 failed_to_read=264)
Failed to measure zed-industries-zed.git crates/project_panel/src/project_panel.rs: revspec '2c0d6c067d874a450c02ce614a3dfce5f3ea12d1' not found; class=Reference (4); code=NotFound (-3)
[878/1000] zed-industries-zed.git@2c0d6c06 crates/project_panel/src/project_panel.rs (ok=507 skipped_too_large=106 timed_out=0 panicked=0 failed_to_read=265)
Failed to measure zed-industries-zed.git crates/editor/src/inlays/inlay_hints.rs: revspec '2c59990135f299a976b5d9cd4664b787f04bc451' not found; class=Reference (4); code=NotFound (-3)
[879/1000] zed-industries-zed.git@2c599901 crates/editor/src/inlays/inlay_hints.rs (ok=507 skipped_too_large=106 timed_out=0 panicked=0 failed_to_read=266)
Failed to measure zed-industries-zed.git crates/editor/src/split.rs: revspec '2c59990135f299a976b5d9cd4664b787f04bc451' not found; class=Reference (4); code=NotFound (-3)
[880/1000] zed-industries-zed.git@2c599901 crates/editor/src/split.rs (ok=507 skipped_too_large=106 timed_out=0 panicked=0 failed_to_read=267)
Failed to measure zed-industries-zed.git crates/fs/src/fs.rs: revspec '2cc7d17f345df9fdf8c062cbcc041af7e9fd6c9c' not found; class=Reference (4); code=NotFound (-3)
[881/1000] zed-industries-zed.git@2cc7d17f crates/fs/src/fs.rs (ok=507 skipped_too_large=106 timed_out=0 panicked=0 failed_to_read=268)
Failed to measure zed-industries-zed.git crates/git/src/repository.rs: revspec '2d7c7200cfc4d590bd069974fa7ccc477b0e2cd2' not found; class=Reference (4); code=NotFound (-3)
[882/1000] zed-industries-zed.git@2d7c7200 crates/git/src/repository.rs (ok=507 skipped_too_large=106 timed_out=0 panicked=0 failed_to_read=269)
Failed to measure zed-industries-zed.git crates/agent/src/tests/mod.rs: revspec '304951a18f3fba770c16681a50a83e4fbf6d8c38' not found; class=Reference (4); code=NotFound (-3)
[883/1000] zed-industries-zed.git@304951a1 crates/agent/src/tests/mod.rs (ok=507 skipped_too_large=106 timed_out=0 panicked=0 failed_to_read=270)
Failed to measure zed-industries-zed.git crates/agent_ui/src/message_editor.rs: revspec '3225e53f2f1cd65c05dc950b10633992076bb7c8' not found; class=Reference (4); code=NotFound (-3)
[884/1000] zed-industries-zed.git@3225e53f crates/agent_ui/src/message_editor.rs (ok=507 skipped_too_large=106 timed_out=0 panicked=0 failed_to_read=271)
Failed to measure zed-industries-zed.git crates/agent_ui/src/agent_panel.rs: revspec '33c78fad3361e7e975620f16243aa1cf7a9be84e' not found; class=Reference (4); code=NotFound (-3)
[885/1000] zed-industries-zed.git@33c78fad crates/agent_ui/src/agent_panel.rs (ok=507 skipped_too_large=106 timed_out=0 panicked=0 failed_to_read=272)
Failed to measure zed-industries-zed.git crates/git/src/repository.rs: revspec '3495746654fc0fd925ddd446180a687d9e3cb8de' not found; class=Reference (4); code=NotFound (-3)
[886/1000] zed-industries-zed.git@34957466 crates/git/src/repository.rs (ok=507 skipped_too_large=106 timed_out=0 panicked=0 failed_to_read=273)
Failed to measure zed-industries-zed.git crates/agent/src/tools/streaming_edit_file_tool.rs: revspec '35720710f2aa70447a3e7959d69d542cc7365d00' not found; class=Reference (4); code=NotFound (-3)
[887/1000] zed-industries-zed.git@35720710 crates/agent/src/tools/streaming_edit_file_tool.rs (ok=507 skipped_too_large=106 timed_out=0 panicked=0 failed_to_read=274)
Failed to measure zed-industries-zed.git crates/agent_ui/src/connection_view/thread_view.rs: revspec '365e4157b71e1faaf63f6a4d87db1116ccd30f2d' not found; class=Reference (4); code=NotFound (-3)
[888/1000] zed-industries-zed.git@365e4157 crates/agent_ui/src/connection_view/thread_view.rs (ok=507 skipped_too_large=106 timed_out=0 panicked=0 failed_to_read=275)
Failed to measure zed-industries-zed.git crates/zeta_prompt/src/zeta_prompt.rs: revspec '376d410b83cd20acd156230fa55ca003e55da301' not found; class=Reference (4); code=NotFound (-3)
[889/1000] zed-industries-zed.git@376d410b crates/zeta_prompt/src/zeta_prompt.rs (ok=507 skipped_too_large=106 timed_out=0 panicked=0 failed_to_read=276)
Failed to measure zed-industries-zed.git crates/agent_ui/src/agent_panel.rs: revspec '3bcef8b1f2bddd4507f0823c09fcea761c7c78a9' not found; class=Reference (4); code=NotFound (-3)
[890/1000] zed-industries-zed.git@3bcef8b1 crates/agent_ui/src/agent_panel.rs (ok=507 skipped_too_large=106 timed_out=0 panicked=0 failed_to_read=277)
Failed to measure zed-industries-zed.git crates/project/src/lsp_store.rs: revspec '4a3f891c2fb0dfbd9e92731772d8e508357f011b' not found; class=Reference (4); code=NotFound (-3)
[891/1000] zed-industries-zed.git@4a3f891c crates/project/src/lsp_store.rs (ok=507 skipped_too_large=106 timed_out=0 panicked=0 failed_to_read=278)
Failed to measure zed-industries-zed.git crates/edit_prediction/src/edit_prediction.rs: revspec '52fb089258aaabfedeb4b708b93c1ff54f3799b3' not found; class=Reference (4); code=NotFound (-3)
[892/1000] zed-industries-zed.git@52fb0892 crates/edit_prediction/src/edit_prediction.rs (ok=507 skipped_too_large=106 timed_out=0 panicked=0 failed_to_read=279)
Failed to measure zed-industries-zed.git crates/edit_prediction/src/edit_prediction_tests.rs: revspec '52fb089258aaabfedeb4b708b93c1ff54f3799b3' not found; class=Reference (4); code=NotFound (-3)
[893/1000] zed-industries-zed.git@52fb0892 crates/edit_prediction/src/edit_prediction_tests.rs (ok=507 skipped_too_large=106 timed_out=0 panicked=0 failed_to_read=280)
Failed to measure zed-industries-zed.git crates/agent_ui/src/agent_panel.rs: revspec '53db8891f028ab26dd57191549ce8d4e8d7746a0' not found; class=Reference (4); code=NotFound (-3)
[894/1000] zed-industries-zed.git@53db8891 crates/agent_ui/src/agent_panel.rs (ok=507 skipped_too_large=106 timed_out=0 panicked=0 failed_to_read=281)
Failed to measure zed-industries-zed.git crates/zed/src/zed.rs: revspec '564424b31f82bdc488bd839292816cbbd59e8df0' not found; class=Reference (4); code=NotFound (-3)
[895/1000] zed-industries-zed.git@564424b3 crates/zed/src/zed.rs (ok=507 skipped_too_large=106 timed_out=0 panicked=0 failed_to_read=282)
Failed to measure zed-industries-zed.git crates/language/src/language.rs: revspec '58fec75396006d95dd093caca2572eff1484f01a' not found; class=Reference (4); code=NotFound (-3)
[896/1000] zed-industries-zed.git@58fec753 crates/language/src/language.rs (ok=507 skipped_too_large=106 timed_out=0 panicked=0 failed_to_read=283)
Failed to measure zed-industries-zed.git crates/project/src/lsp_command.rs: revspec '58fec75396006d95dd093caca2572eff1484f01a' not found; class=Reference (4); code=NotFound (-3)
[897/1000] zed-industries-zed.git@58fec753 crates/project/src/lsp_command.rs (ok=507 skipped_too_large=106 timed_out=0 panicked=0 failed_to_read=284)
Failed to measure zed-industries-zed.git crates/project/tests/integration/project_tests.rs: revspec '58fec75396006d95dd093caca2572eff1484f01a' not found; class=Reference (4); code=NotFound (-3)
[898/1000] zed-industries-zed.git@58fec753 crates/project/tests/integration/project_tests.rs (ok=507 skipped_too_large=106 timed_out=0 panicked=0 failed_to_read=285)
Failed to measure zed-industries-zed.git crates/settings_ui/src/page_data.rs: revspec '58fec75396006d95dd093caca2572eff1484f01a' not found; class=Reference (4); code=NotFound (-3)
[899/1000] zed-industries-zed.git@58fec753 crates/settings_ui/src/page_data.rs (ok=507 skipped_too_large=106 timed_out=0 panicked=0 failed_to_read=286)
Failed to measure zed-industries-zed.git crates/project/src/project.rs: revspec '5ab2d97a390fdb8bdb22050a308daa55dff84f22' not found; class=Reference (4); code=NotFound (-3)
[900/1000] zed-industries-zed.git@5ab2d97a crates/project/src/project.rs (ok=507 skipped_too_large=106 timed_out=0 panicked=0 failed_to_read=287)
Failed to measure zed-industries-zed.git crates/worktree/src/worktree.rs: revspec '5ab2d97a390fdb8bdb22050a308daa55dff84f22' not found; class=Reference (4); code=NotFound (-3)
[901/1000] zed-industries-zed.git@5ab2d97a crates/worktree/src/worktree.rs (ok=507 skipped_too_large=106 timed_out=0 panicked=0 failed_to_read=288)
Failed to measure zed-industries-zed.git crates/project/src/git_store.rs: revspec '5c91ebf1fe9f8716a945a669b2e9ebeb83cb6fbe' not found; class=Reference (4); code=NotFound (-3)
[902/1000] zed-industries-zed.git@5c91ebf1 crates/project/src/git_store.rs (ok=507 skipped_too_large=106 timed_out=0 panicked=0 failed_to_read=289)
Failed to measure zed-industries-zed.git crates/agent_ui/src/message_editor.rs: revspec '5db8d6d1bc88ccd8ae7f4fb254b26a12f9d67cc3' not found; class=Reference (4); code=NotFound (-3)
[903/1000] zed-industries-zed.git@5db8d6d1 crates/agent_ui/src/message_editor.rs (ok=507 skipped_too_large=106 timed_out=0 panicked=0 failed_to_read=290)
Failed to measure zed-industries-zed.git crates/zed/src/zed.rs: revspec '5e60aa9872607a6caa2e4e6a6ce69ce12128f380' not found; class=Reference (4); code=NotFound (-3)
[904/1000] zed-industries-zed.git@5e60aa98 crates/zed/src/zed.rs (ok=507 skipped_too_large=106 timed_out=0 panicked=0 failed_to_read=291)
Failed to measure zed-industries-zed.git crates/agent_ui/src/connection_view.rs: revspec '5e9ee9ea4ac856ebd34bbf5f1319ac9b0a0a3d60' not found; class=Reference (4); code=NotFound (-3)
[905/1000] zed-industries-zed.git@5e9ee9ea crates/agent_ui/src/connection_view.rs (ok=507 skipped_too_large=106 timed_out=0 panicked=0 failed_to_read=292)
Failed to measure zed-industries-zed.git crates/settings_ui/src/settings_ui.rs: revspec '60a29857f12cba0d24209be6568f75b171bd7f45' not found; class=Reference (4); code=NotFound (-3)
[906/1000] zed-industries-zed.git@60a29857 crates/settings_ui/src/settings_ui.rs (ok=507 skipped_too_large=106 timed_out=0 panicked=0 failed_to_read=293)
Failed to measure zed-industries-zed.git crates/git_graph/src/git_graph.rs: revspec '67d7f99891a7bf1b2f83d47fe3bbdaf02af13ba0' not found; class=Reference (4); code=NotFound (-3)
[907/1000] zed-industries-zed.git@67d7f998 crates/git_graph/src/git_graph.rs (ok=507 skipped_too_large=106 timed_out=0 panicked=0 failed_to_read=294)
Failed to measure zed-industries-zed.git crates/zed/src/zed.rs: revspec '67d7f99891a7bf1b2f83d47fe3bbdaf02af13ba0' not found; class=Reference (4); code=NotFound (-3)
[908/1000] zed-industries-zed.git@67d7f998 crates/zed/src/zed.rs (ok=507 skipped_too_large=106 timed_out=0 panicked=0 failed_to_read=295)
Failed to measure zed-industries-zed.git crates/sidebar/src/sidebar.rs: revspec '695382e078acfd8b5c4f512abf7e42127dc0b912' not found; class=Reference (4); code=NotFound (-3)
[909/1000] zed-industries-zed.git@695382e0 crates/sidebar/src/sidebar.rs (ok=507 skipped_too_large=106 timed_out=0 panicked=0 failed_to_read=296)
Failed to measure zed-industries-zed.git crates/agent/src/thread.rs: revspec '6acc1a33441e7c89b46d112480a41d3616538b65' not found; class=Reference (4); code=NotFound (-3)
[910/1000] zed-industries-zed.git@6acc1a33 crates/agent/src/thread.rs (ok=507 skipped_too_large=106 timed_out=0 panicked=0 failed_to_read=297)
Failed to measure zed-industries-zed.git crates/workspace/src/workspace.rs: revspec '70404840577dabf33cacddf5360873ad9ade3a30' not found; class=Reference (4); code=NotFound (-3)
[911/1000] zed-industries-zed.git@70404840 crates/workspace/src/workspace.rs (ok=507 skipped_too_large=106 timed_out=0 panicked=0 failed_to_read=298)
Failed to measure zed-industries-zed.git crates/project_panel/src/project_panel.rs: revspec '706faa973e71ecfeb82d5dcef844d6dc66a3d038' not found; class=Reference (4); code=NotFound (-3)
[912/1000] zed-industries-zed.git@706faa97 crates/project_panel/src/project_panel.rs (ok=507 skipped_too_large=106 timed_out=0 panicked=0 failed_to_read=299)
Failed to measure zed-industries-zed.git crates/agent/src/thread.rs: revspec '72bc4dc5347217898347399571f460b3738b3ca8' not found; class=Reference (4); code=NotFound (-3)
[913/1000] zed-industries-zed.git@72bc4dc5 crates/agent/src/thread.rs (ok=507 skipped_too_large=106 timed_out=0 panicked=0 failed_to_read=300)
Failed to measure zed-industries-zed.git crates/agent_ui/src/message_editor.rs: revspec '77425aae2de8ef8917a08a60807a69dc1992c784' not found; class=Reference (4); code=NotFound (-3)
[914/1000] zed-industries-zed.git@77425aae crates/agent_ui/src/message_editor.rs (ok=507 skipped_too_large=106 timed_out=0 panicked=0 failed_to_read=301)
Failed to measure zed-industries-zed.git crates/project/src/lsp_command.rs: revspec '783ec4456dc6aea5780a36c975038505110d1288' not found; class=Reference (4); code=NotFound (-3)
[915/1000] zed-industries-zed.git@783ec445 crates/project/src/lsp_command.rs (ok=507 skipped_too_large=106 timed_out=0 panicked=0 failed_to_read=302)
Failed to measure zed-industries-zed.git crates/collab_ui/src/collab_panel.rs: revspec '78df135d15b916a1fd5143ba51612628c783492d' not found; class=Reference (4); code=NotFound (-3)
[916/1000] zed-industries-zed.git@78df135d crates/collab_ui/src/collab_panel.rs (ok=507 skipped_too_large=106 timed_out=0 panicked=0 failed_to_read=303)
Failed to measure zed-industries-zed.git crates/collab/tests/integration/integration_tests.rs: revspec '7ba53153292c6f067fa2fd3cafc09b755080ea20' not found; class=Reference (4); code=NotFound (-3)
[917/1000] zed-industries-zed.git@7ba53153 crates/collab/tests/integration/integration_tests.rs (ok=507 skipped_too_large=106 timed_out=0 panicked=0 failed_to_read=304)
Failed to measure zed-industries-zed.git crates/agent_ui/src/agent_panel.rs: revspec '7c9a9d40c06c58c30d555d4398224a4737cd5f98' not found; class=Reference (4); code=NotFound (-3)
[918/1000] zed-industries-zed.git@7c9a9d40 crates/agent_ui/src/agent_panel.rs (ok=507 skipped_too_large=106 timed_out=0 panicked=0 failed_to_read=305)
Failed to measure zed-industries-zed.git crates/agent_ui/src/connection_view.rs: revspec '7c9a9d40c06c58c30d555d4398224a4737cd5f98' not found; class=Reference (4); code=NotFound (-3)
[919/1000] zed-industries-zed.git@7c9a9d40 crates/agent_ui/src/connection_view.rs (ok=507 skipped_too_large=106 timed_out=0 panicked=0 failed_to_read=306)
Failed to measure zed-industries-zed.git crates/git/src/repository.rs: revspec '7c9a9d40c06c58c30d555d4398224a4737cd5f98' not found; class=Reference (4); code=NotFound (-3)
[920/1000] zed-industries-zed.git@7c9a9d40 crates/git/src/repository.rs (ok=507 skipped_too_large=106 timed_out=0 panicked=0 failed_to_read=307)
Failed to measure zed-industries-zed.git crates/git/src/repository.rs: revspec '7e1026421978b44424d0c14f11feb892b91cf90d' not found; class=Reference (4); code=NotFound (-3)
[921/1000] zed-industries-zed.git@7e102642 crates/git/src/repository.rs (ok=507 skipped_too_large=106 timed_out=0 panicked=0 failed_to_read=308)
Failed to measure zed-industries-zed.git crates/workspace/src/persistence.rs: revspec '7e3e16876107e1dd4e8bb35093480989ea41fda0' not found; class=Reference (4); code=NotFound (-3)
[922/1000] zed-industries-zed.git@7e3e1687 crates/workspace/src/persistence.rs (ok=507 skipped_too_large=106 timed_out=0 panicked=0 failed_to_read=309)
Failed to measure zed-industries-zed.git crates/sidebar/src/sidebar.rs: revspec '80bbeda58664a97612125448eaafdc8ad047af58' not found; class=Reference (4); code=NotFound (-3)
[923/1000] zed-industries-zed.git@80bbeda5 crates/sidebar/src/sidebar.rs (ok=507 skipped_too_large=106 timed_out=0 panicked=0 failed_to_read=310)
Failed to measure zed-industries-zed.git crates/workspace/src/persistence.rs: revspec '81889c21c7585b9a1702a80d9a6d48538afb832b' not found; class=Reference (4); code=NotFound (-3)
[924/1000] zed-industries-zed.git@81889c21 crates/workspace/src/persistence.rs (ok=507 skipped_too_large=106 timed_out=0 panicked=0 failed_to_read=311)
Failed to measure zed-industries-zed.git crates/agent/src/thread.rs: revspec '820774ac89707d51e81297695a443e97619db6fc' not found; class=Reference (4); code=NotFound (-3)
[925/1000] zed-industries-zed.git@820774ac crates/agent/src/thread.rs (ok=507 skipped_too_large=106 timed_out=0 panicked=0 failed_to_read=312)
Failed to measure zed-industries-zed.git crates/agent/src/tests/mod.rs: revspec '8294fbb75beff01336e9561517c392f1b94ed72f' not found; class=Reference (4); code=NotFound (-3)
[926/1000] zed-industries-zed.git@8294fbb7 crates/agent/src/tests/mod.rs (ok=507 skipped_too_large=106 timed_out=0 panicked=0 failed_to_read=313)
Failed to measure zed-industries-zed.git crates/acp_thread/src/acp_thread.rs: revspec '832782f6b333a89074d55f04ecbecd75467fc48a' not found; class=Reference (4); code=NotFound (-3)
[927/1000] zed-industries-zed.git@832782f6 crates/acp_thread/src/acp_thread.rs (ok=507 skipped_too_large=106 timed_out=0 panicked=0 failed_to_read=314)
Failed to measure zed-industries-zed.git crates/agent/src/thread.rs: revspec '832782f6b333a89074d55f04ecbecd75467fc48a' not found; class=Reference (4); code=NotFound (-3)
[928/1000] zed-industries-zed.git@832782f6 crates/agent/src/thread.rs (ok=507 skipped_too_large=106 timed_out=0 panicked=0 failed_to_read=315)
Failed to measure zed-industries-zed.git crates/acp_thread/src/acp_thread.rs: revspec '841ca10528909d189e4f44078c0fd08f893f7c61' not found; class=Reference (4); code=NotFound (-3)
[929/1000] zed-industries-zed.git@841ca105 crates/acp_thread/src/acp_thread.rs (ok=507 skipped_too_large=106 timed_out=0 panicked=0 failed_to_read=316)
Failed to measure zed-industries-zed.git crates/sidebar/src/sidebar.rs: revspec '841ca10528909d189e4f44078c0fd08f893f7c61' not found; class=Reference (4); code=NotFound (-3)
[930/1000] zed-industries-zed.git@841ca105 crates/sidebar/src/sidebar.rs (ok=507 skipped_too_large=106 timed_out=0 panicked=0 failed_to_read=317)
Failed to measure zed-industries-zed.git crates/agent_ui/src/agent_panel.rs: revspec '8a38d2d7b465bc5024bba37a21f68958926e2eb9' not found; class=Reference (4); code=NotFound (-3)
[931/1000] zed-industries-zed.git@8a38d2d7 crates/agent_ui/src/agent_panel.rs (ok=507 skipped_too_large=106 timed_out=0 panicked=0 failed_to_read=318)
Failed to measure zed-industries-zed.git crates/editor/src/display_map/block_map.rs: revspec '8d5689a7faa7c4d52bcbb46e8133081d0c950f69' not found; class=Reference (4); code=NotFound (-3)
[932/1000] zed-industries-zed.git@8d5689a7 crates/editor/src/display_map/block_map.rs (ok=507 skipped_too_large=106 timed_out=0 panicked=0 failed_to_read=319)
Failed to measure zed-industries-zed.git crates/edit_prediction/src/edit_prediction.rs: revspec '8fc880e7a061761b94df4620cc24a09d77a50332' not found; class=Reference (4); code=NotFound (-3)
[933/1000] zed-industries-zed.git@8fc880e7 crates/edit_prediction/src/edit_prediction.rs (ok=507 skipped_too_large=106 timed_out=0 panicked=0 failed_to_read=320)
Failed to measure zed-industries-zed.git crates/agent/src/tests/mod.rs: revspec '906f5a64e9057e9df19a76248b09c13e668798bc' not found; class=Reference (4); code=NotFound (-3)
[934/1000] zed-industries-zed.git@906f5a64 crates/agent/src/tests/mod.rs (ok=507 skipped_too_large=106 timed_out=0 panicked=0 failed_to_read=321)
Failed to measure zed-industries-zed.git crates/agent_ui/src/agent_panel.rs: revspec '90ae70874e57773752413d94c66dfeae6c58a963' not found; class=Reference (4); code=NotFound (-3)
[935/1000] zed-industries-zed.git@90ae7087 crates/agent_ui/src/agent_panel.rs (ok=507 skipped_too_large=106 timed_out=0 panicked=0 failed_to_read=322)
Failed to measure zed-industries-zed.git crates/agent_ui/src/connection_view/thread_view.rs: revspec '90cf81cb00a85204bffeb28b9aae1b3493731399' not found; class=Reference (4); code=NotFound (-3)
[936/1000] zed-industries-zed.git@90cf81cb crates/agent_ui/src/connection_view/thread_view.rs (ok=507 skipped_too_large=106 timed_out=0 panicked=0 failed_to_read=323)
Failed to measure zed-industries-zed.git crates/agent/src/thread.rs: revspec '90ddd58c356c84f1467eb9874be944db192e46c7' not found; class=Reference (4); code=NotFound (-3)
[937/1000] zed-industries-zed.git@90ddd58c crates/agent/src/thread.rs (ok=507 skipped_too_large=106 timed_out=0 panicked=0 failed_to_read=324)
Failed to measure zed-industries-zed.git crates/zed/src/visual_test_runner.rs: revspec '90ddd58c356c84f1467eb9874be944db192e46c7' not found; class=Reference (4); code=NotFound (-3)
[938/1000] zed-industries-zed.git@90ddd58c crates/zed/src/visual_test_runner.rs (ok=507 skipped_too_large=106 timed_out=0 panicked=0 failed_to_read=325)
Failed to measure zed-industries-zed.git crates/workspace/src/pane.rs: revspec '95852d4c716348e0621b6d074d0a6694391cbb77' not found; class=Reference (4); code=NotFound (-3)
[939/1000] zed-industries-zed.git@95852d4c crates/workspace/src/pane.rs (ok=507 skipped_too_large=106 timed_out=0 panicked=0 failed_to_read=326)
Failed to measure zed-industries-zed.git crates/gpui_macos/src/window.rs: revspec '97049a76baaf2299be73fafa06910ccf060e7589' not found; class=Reference (4); code=NotFound (-3)
[940/1000] zed-industries-zed.git@97049a76 crates/gpui_macos/src/window.rs (ok=507 skipped_too_large=106 timed_out=0 panicked=0 failed_to_read=327)
Failed to measure zed-industries-zed.git crates/agent_ui/src/acp/thread_view/active_thread.rs: revspec '993b0c8e711166ccb03d74f68273c88a5e24e4ef' not found; class=Reference (4); code=NotFound (-3)
[941/1000] zed-industries-zed.git@993b0c8e crates/agent_ui/src/acp/thread_view/active_thread.rs (ok=507 skipped_too_large=106 timed_out=0 panicked=0 failed_to_read=328)
Failed to measure zed-industries-zed.git crates/project_panel/src/project_panel.rs: revspec '9973a349a4b758912919bccde7ac652feefbfa45' not found; class=Reference (4); code=NotFound (-3)
[942/1000] zed-industries-zed.git@9973a349 crates/project_panel/src/project_panel.rs (ok=507 skipped_too_large=106 timed_out=0 panicked=0 failed_to_read=329)
Failed to measure zed-industries-zed.git crates/sidebar/src/sidebar.rs: revspec '99d51a4f3c0c57472a6197f4630daa22628858bb' not found; class=Reference (4); code=NotFound (-3)
[943/1000] zed-industries-zed.git@99d51a4f crates/sidebar/src/sidebar.rs (ok=507 skipped_too_large=106 timed_out=0 panicked=0 failed_to_read=330)
Failed to measure zed-industries-zed.git crates/agent_ui/src/conversation_view/thread_view.rs: revspec '9a2ed297dd99e24a12333f7c0d582a44d14cb253' not found; class=Reference (4); code=NotFound (-3)
[944/1000] zed-industries-zed.git@9a2ed297 crates/agent_ui/src/conversation_view/thread_view.rs (ok=507 skipped_too_large=106 timed_out=0 panicked=0 failed_to_read=331)
Failed to measure zed-industries-zed.git crates/workspace/src/workspace.rs: revspec '9afeb4e11d80c479ea81a8579faa2798c4887293' not found; class=Reference (4); code=NotFound (-3)
[945/1000] zed-industries-zed.git@9afeb4e1 crates/workspace/src/workspace.rs (ok=507 skipped_too_large=106 timed_out=0 panicked=0 failed_to_read=332)
Failed to measure zed-industries-zed.git crates/sidebar/src/sidebar.rs: revspec '9b0f454995374eee71d7729a42475610085b5827' not found; class=Reference (4); code=NotFound (-3)
[946/1000] zed-industries-zed.git@9b0f4549 crates/sidebar/src/sidebar.rs (ok=507 skipped_too_large=106 timed_out=0 panicked=0 failed_to_read=333)
Failed to measure zed-industries-zed.git crates/agent_ui/src/sidebar.rs: revspec '9d2e2c859b9af0821f2c65a26845b49b571c2433' not found; class=Reference (4); code=NotFound (-3)
[947/1000] zed-industries-zed.git@9d2e2c85 crates/agent_ui/src/sidebar.rs (ok=507 skipped_too_large=106 timed_out=0 panicked=0 failed_to_read=334)
Failed to measure zed-industries-zed.git crates/acp_thread/src/acp_thread.rs: revspec 'a0ba509838a47ecce970a0110221ab277adf6293' not found; class=Reference (4); code=NotFound (-3)
[948/1000] zed-industries-zed.git@a0ba5098 crates/acp_thread/src/acp_thread.rs (ok=507 skipped_too_large=106 timed_out=0 panicked=0 failed_to_read=335)
Failed to measure zed-industries-zed.git crates/edit_prediction/src/edit_prediction.rs: revspec 'a1d40370cfbcc086a89350cc798125d055773947' not found; class=Reference (4); code=NotFound (-3)
[949/1000] zed-industries-zed.git@a1d40370 crates/edit_prediction/src/edit_prediction.rs (ok=507 skipped_too_large=106 timed_out=0 panicked=0 failed_to_read=336)
Failed to measure zed-industries-zed.git crates/sidebar/src/sidebar.rs: revspec 'a26f0f8b6025e65525db2b0831d488e177290058' not found; class=Reference (4); code=NotFound (-3)
[950/1000] zed-industries-zed.git@a26f0f8b crates/sidebar/src/sidebar.rs (ok=507 skipped_too_large=106 timed_out=0 panicked=0 failed_to_read=337)
Failed to measure zed-industries-zed.git crates/agent/src/thread.rs: revspec 'a2e34cb7bff8121a3b195bc3d5d1fbfe668ef5a5' not found; class=Reference (4); code=NotFound (-3)
[951/1000] zed-industries-zed.git@a2e34cb7 crates/agent/src/thread.rs (ok=507 skipped_too_large=106 timed_out=0 panicked=0 failed_to_read=338)
Failed to measure zed-industries-zed.git crates/agent_ui/src/message_editor.rs: revspec 'a623dc3d1a586e8180771e3e8143bacee7addfde' not found; class=Reference (4); code=NotFound (-3)
[952/1000] zed-industries-zed.git@a623dc3d crates/agent_ui/src/message_editor.rs (ok=507 skipped_too_large=106 timed_out=0 panicked=0 failed_to_read=339)
Failed to measure zed-industries-zed.git crates/languages/src/python.rs: revspec 'a70c295658be39e27ada5969a89cab20e94d05f3' not found; class=Reference (4); code=NotFound (-3)
[953/1000] zed-industries-zed.git@a70c2956 crates/languages/src/python.rs (ok=507 skipped_too_large=106 timed_out=0 panicked=0 failed_to_read=340)
Failed to measure zed-industries-zed.git crates/agent_ui/src/connection_view/thread_view.rs: revspec 'a8def21f53c18720d9c846434db9caae486890da' not found; class=Reference (4); code=NotFound (-3)
[954/1000] zed-industries-zed.git@a8def21f crates/agent_ui/src/connection_view/thread_view.rs (ok=507 skipped_too_large=106 timed_out=0 panicked=0 failed_to_read=341)
Failed to measure zed-industries-zed.git crates/gpui/src/window.rs: revspec 'ac2f097559ecbaab6f55ca5a519f53b80ac54afb' not found; class=Reference (4); code=NotFound (-3)
[955/1000] zed-industries-zed.git@ac2f0975 crates/gpui/src/window.rs (ok=507 skipped_too_large=106 timed_out=0 panicked=0 failed_to_read=342)
Failed to measure zed-industries-zed.git crates/agent_ui/src/agent_panel.rs: revspec 'ae6a9c5f97106690b059fd60ac1ef8d1d88d1ed8' not found; class=Reference (4); code=NotFound (-3)
[956/1000] zed-industries-zed.git@ae6a9c5f crates/agent_ui/src/agent_panel.rs (ok=507 skipped_too_large=106 timed_out=0 panicked=0 failed_to_read=343)
Failed to measure zed-industries-zed.git crates/acp_thread/src/acp_thread.rs: revspec 'af5e26175a4cdc433a6a65cb6e3bed1c2e412ccf' not found; class=Reference (4); code=NotFound (-3)
[957/1000] zed-industries-zed.git@af5e2617 crates/acp_thread/src/acp_thread.rs (ok=507 skipped_too_large=106 timed_out=0 panicked=0 failed_to_read=344)
[958/1000] zed-industries-zed.git@b06522e9 crates/gpui_macos/src/window.rs (ok=507 skipped_too_large=107 timed_out=0 panicked=0 failed_to_read=344)
Failed to measure zed-industries-zed.git crates/search/src/buffer_search.rs: revspec 'b0e35b65995e14059f7004ad9a037d5c11df1bb7' not found; class=Reference (4); code=NotFound (-3)
[959/1000] zed-industries-zed.git@b0e35b65 crates/search/src/buffer_search.rs (ok=507 skipped_too_large=107 timed_out=0 panicked=0 failed_to_read=345)
Failed to measure zed-industries-zed.git crates/assistant_text_thread/src/text_thread.rs: revspec 'b21f4a3debcc89343be0283af891fac9c3476e48' not found; class=Reference (4); code=NotFound (-3)
[960/1000] zed-industries-zed.git@b21f4a3d crates/assistant_text_thread/src/text_thread.rs (ok=507 skipped_too_large=107 timed_out=0 panicked=0 failed_to_read=346)
Failed to measure zed-industries-zed.git crates/zeta_prompt/src/zeta_prompt.rs: revspec 'b54716dac1d022455e111ebb6ac6f00339247516' not found; class=Reference (4); code=NotFound (-3)
[961/1000] zed-industries-zed.git@b54716da crates/zeta_prompt/src/zeta_prompt.rs (ok=507 skipped_too_large=107 timed_out=0 panicked=0 failed_to_read=347)
Failed to measure zed-industries-zed.git crates/acp_thread/src/acp_thread.rs: revspec 'b5eeeb98e4b7ca92e42b8a3b5395aee2dc4067ec' not found; class=Reference (4); code=NotFound (-3)
[962/1000] zed-industries-zed.git@b5eeeb98 crates/acp_thread/src/acp_thread.rs (ok=507 skipped_too_large=107 timed_out=0 panicked=0 failed_to_read=348)
Failed to measure zed-industries-zed.git crates/settings_ui/src/settings_ui.rs: revspec 'b63a2aba482d0d8dc1bce445f4a38232ac0b77e1' not found; class=Reference (4); code=NotFound (-3)
[963/1000] zed-industries-zed.git@b63a2aba crates/settings_ui/src/settings_ui.rs (ok=507 skipped_too_large=107 timed_out=0 panicked=0 failed_to_read=349)
Failed to measure zed-industries-zed.git crates/sidebar/src/sidebar.rs: revspec 'b9beb94d36a9b8aabb90e90937caef05e73e1e95' not found; class=Reference (4); code=NotFound (-3)
[964/1000] zed-industries-zed.git@b9beb94d crates/sidebar/src/sidebar.rs (ok=507 skipped_too_large=107 timed_out=0 panicked=0 failed_to_read=350)
Failed to measure zed-industries-zed.git crates/zed/src/zed.rs: revspec 'b9beb94d36a9b8aabb90e90937caef05e73e1e95' not found; class=Reference (4); code=NotFound (-3)
[965/1000] zed-industries-zed.git@b9beb94d crates/zed/src/zed.rs (ok=507 skipped_too_large=107 timed_out=0 panicked=0 failed_to_read=351)
Failed to measure zed-industries-zed.git crates/fs/src/fs.rs: revspec 'b9dbc86b03000f3a9e4f1286a82c6cc84f789f93' not found; class=Reference (4); code=NotFound (-3)
[966/1000] zed-industries-zed.git@b9dbc86b crates/fs/src/fs.rs (ok=507 skipped_too_large=107 timed_out=0 panicked=0 failed_to_read=352)
Failed to measure zed-industries-zed.git crates/project/tests/integration/project_tests.rs: revspec 'b9dbc86b03000f3a9e4f1286a82c6cc84f789f93' not found; class=Reference (4); code=NotFound (-3)
[967/1000] zed-industries-zed.git@b9dbc86b crates/project/tests/integration/project_tests.rs (ok=507 skipped_too_large=107 timed_out=0 panicked=0 failed_to_read=353)
Failed to measure zed-industries-zed.git crates/git_ui/src/git_panel.rs: revspec 'bbbe7239afa0eecaa3682395ebaac024428df91c' not found; class=Reference (4); code=NotFound (-3)
[968/1000] zed-industries-zed.git@bbbe7239 crates/git_ui/src/git_panel.rs (ok=507 skipped_too_large=107 timed_out=0 panicked=0 failed_to_read=354)
Failed to measure zed-industries-zed.git crates/settings_ui/src/page_data.rs: revspec 'bbbe7239afa0eecaa3682395ebaac024428df91c' not found; class=Reference (4); code=NotFound (-3)
[969/1000] zed-industries-zed.git@bbbe7239 crates/settings_ui/src/page_data.rs (ok=507 skipped_too_large=107 timed_out=0 panicked=0 failed_to_read=355)
Failed to measure zed-industries-zed.git crates/multi_buffer/src/multi_buffer_tests.rs: revspec 'be5763632dccb33470ca233c36ccd9e5e790e3b2' not found; class=Reference (4); code=NotFound (-3)
[970/1000] zed-industries-zed.git@be576363 crates/multi_buffer/src/multi_buffer_tests.rs (ok=507 skipped_too_large=107 timed_out=0 panicked=0 failed_to_read=356)
Failed to measure zed-industries-zed.git crates/search/src/buffer_search.rs: revspec 'be5763632dccb33470ca233c36ccd9e5e790e3b2' not found; class=Reference (4); code=NotFound (-3)
[971/1000] zed-industries-zed.git@be576363 crates/search/src/buffer_search.rs (ok=507 skipped_too_large=107 timed_out=0 panicked=0 failed_to_read=357)
Failed to measure zed-industries-zed.git crates/agent/src/tests/mod.rs: revspec 'c235d539dd720a1e224c4e5cbf2e430da2353e38' not found; class=Reference (4); code=NotFound (-3)
[972/1000] zed-industries-zed.git@c235d539 crates/agent/src/tests/mod.rs (ok=507 skipped_too_large=107 timed_out=0 panicked=0 failed_to_read=358)
Failed to measure zed-industries-zed.git crates/agent_ui/src/message_editor.rs: revspec 'c7951fa368d7432bce2b86e6bef8869bba4fbff1' not found; class=Reference (4); code=NotFound (-3)
[973/1000] zed-industries-zed.git@c7951fa3 crates/agent_ui/src/message_editor.rs (ok=507 skipped_too_large=107 timed_out=0 panicked=0 failed_to_read=359)
Failed to measure zed-industries-zed.git crates/project_panel/src/project_panel_tests.rs: revspec 'cb8088049e1885a017f3bab1d05a73daa1224f8a' not found; class=Reference (4); code=NotFound (-3)
[974/1000] zed-industries-zed.git@cb808804 crates/project_panel/src/project_panel_tests.rs (ok=507 skipped_too_large=107 timed_out=0 panicked=0 failed_to_read=360)
Failed to measure zed-industries-zed.git crates/collab/src/rpc.rs: revspec 'd18e4a75bc8892090912bc536c081e3e84df1d2a' not found; class=Reference (4); code=NotFound (-3)
[975/1000] zed-industries-zed.git@d18e4a75 crates/collab/src/rpc.rs (ok=507 skipped_too_large=107 timed_out=0 panicked=0 failed_to_read=361)
Failed to measure zed-industries-zed.git crates/project_panel/src/project_panel.rs: revspec 'd265b32548f0335a5b944ed1c371e9f0afe6a1d0' not found; class=Reference (4); code=NotFound (-3)
[976/1000] zed-industries-zed.git@d265b325 crates/project_panel/src/project_panel.rs (ok=507 skipped_too_large=107 timed_out=0 panicked=0 failed_to_read=362)
Failed to measure zed-industries-zed.git crates/zed/src/zed.rs: revspec 'db6b47ab1831298e82f0fdc6136574c97e534215' not found; class=Reference (4); code=NotFound (-3)
[977/1000] zed-industries-zed.git@db6b47ab crates/zed/src/zed.rs (ok=507 skipped_too_large=107 timed_out=0 panicked=0 failed_to_read=363)
Failed to measure zed-industries-zed.git crates/editor/src/element.rs: revspec 'dcab4646086d952207feebefb11d85f8af1ae32e' not found; class=Reference (4); code=NotFound (-3)
[978/1000] zed-industries-zed.git@dcab4646 crates/editor/src/element.rs (ok=507 skipped_too_large=107 timed_out=0 panicked=0 failed_to_read=364)
Failed to measure zed-industries-zed.git crates/agent_ui/src/connection_view/thread_view.rs: revspec 'deccb78ff1e9c37460da2ffd8708c5c49bb2db02' not found; class=Reference (4); code=NotFound (-3)
[979/1000] zed-industries-zed.git@deccb78f crates/agent_ui/src/connection_view/thread_view.rs (ok=507 skipped_too_large=107 timed_out=0 panicked=0 failed_to_read=365)
Failed to measure zed-industries-zed.git crates/agent/src/tools/streaming_edit_file_tool.rs: revspec 'df0b3de25fcc5314c0af4c4ba4dc8fa7792de51f' not found; class=Reference (4); code=NotFound (-3)
[980/1000] zed-industries-zed.git@df0b3de2 crates/agent/src/tools/streaming_edit_file_tool.rs (ok=507 skipped_too_large=107 timed_out=0 panicked=0 failed_to_read=366)
Failed to measure zed-industries-zed.git crates/agent_ui/src/message_editor.rs: revspec 'dfc3a7c6e87cdc0465e152f216f2d9c561116af1' not found; class=Reference (4); code=NotFound (-3)
[981/1000] zed-industries-zed.git@dfc3a7c6 crates/agent_ui/src/message_editor.rs (ok=507 skipped_too_large=107 timed_out=0 panicked=0 failed_to_read=367)
Failed to measure zed-industries-zed.git crates/collab_ui/src/collab_panel.rs: revspec 'e4b6286a63143f21ed3e825126afa9193d8b12a6' not found; class=Reference (4); code=NotFound (-3)
[982/1000] zed-industries-zed.git@e4b6286a crates/collab_ui/src/collab_panel.rs (ok=507 skipped_too_large=107 timed_out=0 panicked=0 failed_to_read=368)
Failed to measure zed-industries-zed.git crates/agent/src/tools/streaming_edit_file_tool.rs: revspec 'e4b827a7ecede0c897c1a174d4505fcef0479ded' not found; class=Reference (4); code=NotFound (-3)
[983/1000] zed-industries-zed.git@e4b827a7 crates/agent/src/tools/streaming_edit_file_tool.rs (ok=507 skipped_too_large=107 timed_out=0 panicked=0 failed_to_read=369)
Failed to measure zed-industries-zed.git crates/editor/src/element.rs: revspec 'e5150abe6f6ed1f7c8a5420ce66f20921ba19110' not found; class=Reference (4); code=NotFound (-3)
[984/1000] zed-industries-zed.git@e5150abe crates/editor/src/element.rs (ok=507 skipped_too_large=107 timed_out=0 panicked=0 failed_to_read=370)
Failed to measure zed-industries-zed.git crates/zed/src/zed.rs: revspec 'e652d967b839e6a0f88dd6025b98e7a8a3d9a967' not found; class=Reference (4); code=NotFound (-3)
[985/1000] zed-industries-zed.git@e652d967 crates/zed/src/zed.rs (ok=507 skipped_too_large=107 timed_out=0 panicked=0 failed_to_read=371)
Failed to measure zed-industries-zed.git crates/project/src/lsp_store.rs: revspec 'e762bb96a2994abb059f61fac815b6404215492b' not found; class=Reference (4); code=NotFound (-3)
[986/1000] zed-industries-zed.git@e762bb96 crates/project/src/lsp_store.rs (ok=507 skipped_too_large=107 timed_out=0 panicked=0 failed_to_read=372)
Failed to measure zed-industries-zed.git crates/language/src/buffer.rs: revspec 'e8d2627ef594347afd790b302b59130e0c72f076' not found; class=Reference (4); code=NotFound (-3)
[987/1000] zed-industries-zed.git@e8d2627e crates/language/src/buffer.rs (ok=507 skipped_too_large=107 timed_out=0 panicked=0 failed_to_read=373)
Failed to measure zed-industries-zed.git crates/language/src/buffer.rs: revspec 'e9e71431bb26ce554d4ed2024569745df6dd9047' not found; class=Reference (4); code=NotFound (-3)
[988/1000] zed-industries-zed.git@e9e71431 crates/language/src/buffer.rs (ok=507 skipped_too_large=107 timed_out=0 panicked=0 failed_to_read=374)
Failed to measure zed-industries-zed.git crates/zed/src/zed.rs: revspec 'ec2659a095c1e073f8918469e2528c277a76567f' not found; class=Reference (4); code=NotFound (-3)
[989/1000] zed-industries-zed.git@ec2659a0 crates/zed/src/zed.rs (ok=507 skipped_too_large=107 timed_out=0 panicked=0 failed_to_read=375)
Failed to measure zed-industries-zed.git crates/git/src/repository.rs: revspec 'ed2c08fc4ea972f962f0dbc36970b738561e81f0' not found; class=Reference (4); code=NotFound (-3)
[990/1000] zed-industries-zed.git@ed2c08fc crates/git/src/repository.rs (ok=507 skipped_too_large=107 timed_out=0 panicked=0 failed_to_read=376)
Failed to measure zed-industries-zed.git crates/edit_prediction/src/edit_prediction.rs: revspec 'ed3553491be9cb4af889575aa580daafc79c7e49' not found; class=Reference (4); code=NotFound (-3)
[991/1000] zed-industries-zed.git@ed355349 crates/edit_prediction/src/edit_prediction.rs (ok=507 skipped_too_large=107 timed_out=0 panicked=0 failed_to_read=377)
Failed to measure zed-industries-zed.git crates/editor/src/display_map.rs: revspec 'f0620c6f8f3c7bc9369143583f26fa6e07719303' not found; class=Reference (4); code=NotFound (-3)
[992/1000] zed-industries-zed.git@f0620c6f crates/editor/src/display_map.rs (ok=507 skipped_too_large=107 timed_out=0 panicked=0 failed_to_read=378)
Failed to measure zed-industries-zed.git crates/project/src/git_store.rs: revspec 'f0625add66b1e29206a170c2f51c52950b32084c' not found; class=Reference (4); code=NotFound (-3)
[993/1000] zed-industries-zed.git@f0625add crates/project/src/git_store.rs (ok=507 skipped_too_large=107 timed_out=0 panicked=0 failed_to_read=379)
Failed to measure zed-industries-zed.git crates/project/src/project.rs: revspec 'f0625add66b1e29206a170c2f51c52950b32084c' not found; class=Reference (4); code=NotFound (-3)
[994/1000] zed-industries-zed.git@f0625add crates/project/src/project.rs (ok=507 skipped_too_large=107 timed_out=0 panicked=0 failed_to_read=380)
Failed to measure zed-industries-zed.git crates/agent_ui/src/agent_panel.rs: revspec 'f18567c1f0a4d2db2dd121202d4a4d84a2d9d02d' not found; class=Reference (4); code=NotFound (-3)
[995/1000] zed-industries-zed.git@f18567c1 crates/agent_ui/src/agent_panel.rs (ok=507 skipped_too_large=107 timed_out=0 panicked=0 failed_to_read=381)
Failed to measure zed-industries-zed.git crates/agent_ui/src/agent_panel.rs: revspec 'f1c5ed324b95aafa3a44d3e8b06f93f27c7d6f61' not found; class=Reference (4); code=NotFound (-3)
[996/1000] zed-industries-zed.git@f1c5ed32 crates/agent_ui/src/agent_panel.rs (ok=507 skipped_too_large=107 timed_out=0 panicked=0 failed_to_read=382)
Failed to measure zed-industries-zed.git crates/workspace/src/pane.rs: revspec 'f3e4c152a366123e3abe3fb992998874f27a8ea6' not found; class=Reference (4); code=NotFound (-3)
[997/1000] zed-industries-zed.git@f3e4c152 crates/workspace/src/pane.rs (ok=507 skipped_too_large=107 timed_out=0 panicked=0 failed_to_read=383)
Failed to measure zed-industries-zed.git crates/migrator/src/migrator.rs: revspec 'f4e65d89884bd78cbbc3acf560193201b352e25d' not found; class=Reference (4); code=NotFound (-3)
[998/1000] zed-industries-zed.git@f4e65d89 crates/migrator/src/migrator.rs (ok=507 skipped_too_large=107 timed_out=0 panicked=0 failed_to_read=384)
Failed to measure zed-industries-zed.git crates/git_ui/src/git_panel.rs: revspec 'f5e56b5ccb3c1c0c538e16654e9c16ac1c1fabb2' not found; class=Reference (4); code=NotFound (-3)
[999/1000] zed-industries-zed.git@f5e56b5c crates/git_ui/src/git_panel.rs (ok=507 skipped_too_large=107 timed_out=0 panicked=0 failed_to_read=385)
Failed to measure zed-industries-zed.git crates/git_ui/src/git_panel.rs: revspec 'f9895c54685db8d5ead46d333b0bf6272828f6ba' not found; class=Reference (4); code=NotFound (-3)
[1000/1000] zed-industries-zed.git@f9895c54 crates/git_ui/src/git_panel.rs (ok=507 skipped_too_large=107 timed_out=0 panicked=0 failed_to_read=386)
Measured 1000 pairs into "/home/marko/src/codediff/research/results/benchmark_rust.csv": ok=507 skipped_too_large=107 timed_out=0 panicked=0 failed_to_read=386
