language,size_bucket,repository,commit,path,bytes_before,bytes_after,ast_nodes_before,ast_nodes_after,status,elapsed_ms,peak_memory_bytes,total_allocated_bytes,mapping_operations,exit_status
ShellScript,,Aloxaf-fzf-tab,a61331c7900af05c83b93e0ed94f4a51f45a6a6c,fzf-tab.zsh,0,0,0,0,failed_to_read,,,,,
ShellScript,,Aloxaf-fzf-tab,cdc34ee6469581a1ea49a8f8b6bb5395a5e98fe7,fzf-tab.zsh,0,0,0,0,failed_to_read,,,,,
CSharp,,Blosc-c-blosc,5052e00173260c03f474d7405bf68a5718d6cc81,internal-complibs/zlib-1.3.1/contrib/dotzlib/DotZLib/GZipStream.cs,0,0,0,0,failed_to_read,,,,,
CSharp,,Blosc-c-blosc,adb3b4bec40c0d6c7eac1d7c26144cdefcd31701,internal-complibs/zlib-1.2.13/contrib/dotzlib/DotZLib/ChecksumImpl.cs,0,0,0,0,failed_to_read,,,,,
C,,GPUOpen-LibrariesAndSDKs-AMF,c48e50ad6c8723c006b2c145d8fa49ecc0651022,amf/public/src/components/ComponentsFFMPEG/BaseEncoderFFMPEGImpl.h,0,0,0,0,failed_to_read,,,,,
CSharp,,HandBrake-HandBrake,34bfb83ecce5bccbc2c47726a4d681df80531831,win/CS/HandBrakeWPF/Services/Queue/Interfaces/IQueueService.cs,0,0,0,0,failed_to_read,,,,,
Vimscript,,HerringtonDarkholme-yats.vim,9a8f14ab694cb66528e7eecc6f04d13c36211cab,test/vader.vim,0,0,0,0,failed_to_read,,,,,
Kotlin,,JetBrains-java-annotations,546095e02a3b14132540233603c7d1ceeceefea3,build.gradle.kts,0,0,0,0,failed_to_read,,,,,
Kotlin,,JetBrains-java-annotations,7bc931ab0d2cb10a5fa65eba869e049b269c1957,multiplatform-annotations/build.gradle.kts,0,0,0,0,failed_to_read,,,,,
Kotlin,,JetBrains-kotlin,f5f13c54ea4e0b3bba61ebb397cc952d7720a713,compiler/tests-common-new/build.gradle.kts,0,0,0,0,failed_to_read,,,,,
C,,Joungkyun-libchardet,876d392a9d8f7563b0c9b40f8019484938b00765,test/sample.c,0,0,0,0,failed_to_read,,,,,
C,,Joungkyun-libchardet,9d91cd067d3fe58d2914d4103e53a2b5720c93a4,test/sample1.c,0,0,0,0,failed_to_read,,,,,
CPP,,KhronosGroup-OpenCOLLADA,bd3bc432fe2e7fed6d24072ace960a8df223162b,COLLADAMaya/src/COLLADAMayaPhysXExporter.cpp,0,0,0,0,failed_to_read,,,,,
JavaScript,,MythTV-mythweb,407113c024b034f5daaafa2ad893bff7f76c89b9,js/table_sort.js,0,0,0,0,failed_to_read,,,,,
CPP,,Normaliz-Normaliz,f9b8d869a4322479f3fe3129808bc39379f64888,source/libnormaliz/full_cone.cpp,0,0,0,0,failed_to_read,,,,,
CPP,,OpenMW-osg,dc09d741f7237bfedd282d32830c5bc14133972b,src/osg/dxtctool.cpp,0,0,0,0,failed_to_read,,,,,
CSharp,,OpenNI-OpenNI,07d8ce36a0b20f7fc4a7bd9cb161b1aa475b1c4d,Platform/Linux-x86/Build/Res/AssemblyInfo-OpenNI.cs,0,0,0,0,failed_to_read,,,,,
CPP,,STEllAR-GROUP-hpx,b735a4f4acb4beb5c341f19d099e9259981e9337,libs/core/async_cuda/include/hpx/async_cuda/cuda_event.hpp,0,0,0,0,failed_to_read,,,,,
Kotlin,,TNG-junit-dataprovider,81a36328a33a52fb9fb0b4f896adb5fc4a8139e2,build.gradle.kts,0,0,0,0,failed_to_read,,,,,
C,,Terraspace-UASM,1319a6216e97aaef13c443f6b415c4b7f510f8ac,codegenv2.c,0,0,0,0,failed_to_read,,,,,
C,,XEphem-XEphem,25d97856598399b10895d6617a3fe2043f30d429,GUI/xephem/fallbacks.c,0,0,0,0,failed_to_read,,,,,
Scala,,adobe-fonts-source-han-mono,9a10a4fe9797b9777dd9b77cd093e8f76dd55e1d,Light/OTC/features.OTC.It.SC,0,0,0,0,failed_to_read,,,,,
Scala,,adobe-fonts-source-han-mono,0381f376e6fdf00d3d463f5a371bcec4b1b69e23,Bold/OTC/cidfont.ps.OTC.It.SC,0,0,0,0,failed_to_read,,,,,
Scala,,adobe-fonts-source-han-mono,0381f376e6fdf00d3d463f5a371bcec4b1b69e23,Heavy/OTC/cidfont.ps.OTC.It.SC,0,0,0,0,failed_to_read,,,,,
Scala,,adobe-fonts-source-han-mono,0381f376e6fdf00d3d463f5a371bcec4b1b69e23,Medium/OTC/cidfont.ps.OTC.It.SC,0,0,0,0,failed_to_read,,,,,
Scala,,adobe-fonts-source-han-mono,0381f376e6fdf00d3d463f5a371bcec4b1b69e23,Regular/OTC/cidfont.ps.OTC.It.SC,0,0,0,0,failed_to_read,,,,,
Scala,,adobe-fonts-source-han-mono,5c5b72e67cb98919f4be8d81641e3c47698a1754,Heavy/OTC/cidfont.ps.OTC.It.SC,0,0,0,0,failed_to_read,,,,,
Scala,,adobe-fonts-source-han-mono,5c5b72e67cb98919f4be8d81641e3c47698a1754,Regular/OTC/cidfont.ps.OTC.It.SC,0,0,0,0,failed_to_read,,,,,
Scala,,adobe-fonts-source-han-mono,99492eb1ad0b3284983ba419334d8ce521cb2a66,ExtraLight/OTC/features.OTC.It.SC,0,0,0,0,failed_to_read,,,,,
Scala,,adobe-fonts-source-han-mono,99492eb1ad0b3284983ba419334d8ce521cb2a66,Light/OTC/features.OTC.It.SC,0,0,0,0,failed_to_read,,,,,
Scala,,adobe-fonts-source-han-mono,99492eb1ad0b3284983ba419334d8ce521cb2a66,Normal/OTC/features.OTC.It.SC,0,0,0,0,failed_to_read,,,,,
C,,alevt-alevt,757a31e6e61dcc4f9e0c03b6496a1da23bbaedf3,lang.c,0,0,0,0,failed_to_read,,,,,
C,,alevt-alevt,96ff6b3f34d6f0a5c9e02a0343e24b822316e60d,alevt-cap.c,0,0,0,0,failed_to_read,,,,,
C,,barak-vobcopy,e99927dc0728f453cd425271d1ec413541ceaed8,vobcopy.c,0,0,0,0,failed_to_read,,,,,
C,,barak-vobcopy,f9c1774652b07c51924d2665b1af07c47e2f1bd8,vobcopy.c,0,0,0,0,failed_to_read,,,,,
C,,bhaak-vilistextum,6331152c439cecaf53e035569d40e5839e993d58,src/html.c,0,0,0,0,failed_to_read,,,,,
CPP,,bolero-MURAKAMI-Sprout,ea06f925655602a39750c2fd4fc88ecb98c9860f,sprout/math/atan2.hpp,0,0,0,0,failed_to_read,,,,,
CPP,,bolero-MURAKAMI-Sprout,26299dad18a7e16fcb4873ce7f9f26a3d2ac1925,sprout/complex/atanh.hpp,0,0,0,0,failed_to_read,,,,,
CPP,,bolero-MURAKAMI-Sprout,26299dad18a7e16fcb4873ce7f9f26a3d2ac1925,sprout/complex/exp.hpp,0,0,0,0,failed_to_read,,,,,
CPP,,bolero-MURAKAMI-Sprout,26299dad18a7e16fcb4873ce7f9f26a3d2ac1925,sprout/complex/sinh.hpp,0,0,0,0,failed_to_read,,,,,
CPP,,bolero-MURAKAMI-Sprout,09181940789f135c292e9c336d8ceffca0b1bec3,sprout/math/pow.hpp,0,0,0,0,failed_to_read,,,,,
Go,,bookingcom-carbonapi,fdc03a0345aef5bcf9de440a4ea3a609d33f0b7a,vendor/golang.org/x/text/unicode/norm/tables13.0.0.go,387722,387697,170441,170440,timed_out,,,,,
C,,brettbode-wxmacmolplt,dad9ba64d5a8c0f97f57ad87db097e3e79be4da3,src/InputData.h,0,0,0,0,failed_to_read,,,,,
CPP,,brettbode-wxmacmolplt,483492de08285606683d0801f5f796bf511825f6,src/Frame.cpp,0,0,0,0,failed_to_read,,,,,
CPP,,brettbode-wxmacmolplt,e3bb94744dcab77952d3e949e7d041b30535d4f7,src/BFiles.cpp,0,0,0,0,failed_to_read,,,,,
C,,brunonymous-tecnoballz,921c5c0ef8e245d5f7cf87dce19d89167413abf1,include/controller_guardians.h,0,0,0,0,failed_to_read,,,,,
CPP,,brunonymous-tecnoballz,921c5c0ef8e245d5f7cf87dce19d89167413abf1,src/controller_guardians.cc,0,0,0,0,failed_to_read,,,,,
C,,chennes-med,f17a48594d7c668eb68850284c50aeb9c5fe7159,src/cfi/meshcf.c,0,0,0,0,failed_to_read,,,,,
Go,,cloudflare-cfssl,d124eca11bd1f4b2b9d7101db4db7eef82442bee,vendor/golang.org/x/text/unicode/norm/tables15.0.0.go,395043,395026,173912,173911,timed_out,,,,,
CPP,,darkbitsorg-guichan,2f06cf2f9942d35f69493d2d4b23502f0409bb4b,include/guichan/cairo.hpp,0,0,0,0,failed_to_read,,,,,
CPP,,darkbitsorg-guichan,2f06cf2f9942d35f69493d2d4b23502f0409bb4b,include/guichan/directx3d/directx3dgraphics.hpp,0,0,0,0,failed_to_read,,,,,
CPP,,darkbitsorg-guichan,2f06cf2f9942d35f69493d2d4b23502f0409bb4b,include/guichan/irrlicht/irrlichtinput.hpp,0,0,0,0,failed_to_read,,,,,
CPP,,darkbitsorg-guichan,2f06cf2f9942d35f69493d2d4b23502f0409bb4b,src/containerevent.cpp,0,0,0,0,failed_to_read,,,,,
CPP,,darkbitsorg-guichan,2f06cf2f9942d35f69493d2d4b23502f0409bb4b,src/irrlicht/irrlichtinput.cpp,0,0,0,0,failed_to_read,,,,,
CPP,,darkbitsorg-guichan,c13a939ed4d205f2686f8a555cd42fbeaa893665,demos/ff/include/stringlistmodel.hpp,0,0,0,0,failed_to_read,,,,,
CPP,,darkbitsorg-guichan,c13a939ed4d205f2686f8a555cd42fbeaa893665,include/guichan/actionevent.hpp,0,0,0,0,failed_to_read,,,,,
CPP,,darkbitsorg-guichan,c13a939ed4d205f2686f8a555cd42fbeaa893665,include/guichan/basiccontainer.hpp,0,0,0,0,failed_to_read,,,,,
CPP,,darkbitsorg-guichan,c13a939ed4d205f2686f8a555cd42fbeaa893665,include/guichan/defaultfont.hpp,0,0,0,0,failed_to_read,,,,,
CPP,,darkbitsorg-guichan,c13a939ed4d205f2686f8a555cd42fbeaa893665,include/guichan/glut/glutinput.hpp,0,0,0,0,failed_to_read,,,,,
CPP,,darkbitsorg-guichan,c13a939ed4d205f2686f8a555cd42fbeaa893665,include/guichan/hge/hgeinput.hpp,0,0,0,0,failed_to_read,,,,,
CPP,,darkbitsorg-guichan,c13a939ed4d205f2686f8a555cd42fbeaa893665,include/guichan/keyinput.hpp,0,0,0,0,failed_to_read,,,,,
CPP,,darkbitsorg-guichan,c13a939ed4d205f2686f8a555cd42fbeaa893665,include/guichan/opengl/openglgraphics.hpp,0,0,0,0,failed_to_read,,,,,
CPP,,darkbitsorg-guichan,c13a939ed4d205f2686f8a555cd42fbeaa893665,include/guichan/openlayer/openlayerinput.hpp,0,0,0,0,failed_to_read,,,,,
CPP,,darkbitsorg-guichan,c13a939ed4d205f2686f8a555cd42fbeaa893665,include/guichan/sdl/sdlpixel.hpp,0,0,0,0,failed_to_read,,,,,
CPP,,darkbitsorg-guichan,c13a939ed4d205f2686f8a555cd42fbeaa893665,include/guichan/widgets/dropdown.hpp,0,0,0,0,failed_to_read,,,,,
CPP,,darkbitsorg-guichan,c13a939ed4d205f2686f8a555cd42fbeaa893665,include/guichan/widgets/tab.hpp,0,0,0,0,failed_to_read,,,,,
CPP,,darkbitsorg-guichan,c13a939ed4d205f2686f8a555cd42fbeaa893665,src/allegro/allegrographics.cpp,0,0,0,0,failed_to_read,,,,,
CPP,,darkbitsorg-guichan,c13a939ed4d205f2686f8a555cd42fbeaa893665,src/contrib/opengl/oglftfont.cpp,0,0,0,0,failed_to_read,,,,,
CPP,,darkbitsorg-guichan,c13a939ed4d205f2686f8a555cd42fbeaa893665,src/genericinput.cpp,0,0,0,0,failed_to_read,,,,,
CPP,,darkbitsorg-guichan,c13a939ed4d205f2686f8a555cd42fbeaa893665,src/hge/hgeimageloader.cpp,0,0,0,0,failed_to_read,,,,,
CPP,,darkbitsorg-guichan,c13a939ed4d205f2686f8a555cd42fbeaa893665,src/mouseevent.cpp,0,0,0,0,failed_to_read,,,,,
CPP,,darkbitsorg-guichan,c13a939ed4d205f2686f8a555cd42fbeaa893665,src/openlayer/openlayerimage.cpp,0,0,0,0,failed_to_read,,,,,
CPP,,darkbitsorg-guichan,c13a939ed4d205f2686f8a555cd42fbeaa893665,src/sdl/sdlinput.cpp,0,0,0,0,failed_to_read,,,,,
CPP,,darkbitsorg-guichan,c13a939ed4d205f2686f8a555cd42fbeaa893665,src/widgets/imagebutton.cpp,0,0,0,0,failed_to_read,,,,,
CPP,,darkbitsorg-guichan,c13a939ed4d205f2686f8a555cd42fbeaa893665,src/widgets/textbox.cpp,0,0,0,0,failed_to_read,,,,,
CPP,,darkbitsorg-guichan,cb9a7ffb898f05f2ca6eebd2504f566b279527b5,include/guichan/contrib/allegro/allegroglyphkeeperfont.hpp,0,0,0,0,failed_to_read,,,,,
CPP,,darkbitsorg-guichan,cb9a7ffb898f05f2ca6eebd2504f566b279527b5,src/contrib/allegro/allegroglyphkeeperfont.cpp,0,0,0,0,failed_to_read,,,,,
CPP,,darkbitsorg-guichan,7540daa54a7f04f0b0516289c9ac27bc3784a274,src/widgets/listbox.cpp,0,0,0,0,failed_to_read,,,,,
C,,dino-libomemo-c,3c7aa49c7d198d472da3b32795cca997421d57b4,tests/test_session_builder.c,0,0,0,0,failed_to_read,,,,,
ShellScript,,doy-rbw,e71ae3041f0933667aa8668cf5b4bc135b016e5d,src/bin/rbw/completion/rbw.zsh,0,0,0,0,failed_to_read,,,,,
Scala,,flowdalic-sendxmpp,40905c695bdda9ee44ca271123f398ef5b085438,sendxmpp.sc,0,0,0,0,failed_to_read,,,,,
Scala,,flowdalic-sendxmpp,c1b777a0f58216389650e6705d69a95530068b60,sendxmpp.sc,0,0,0,0,failed_to_read,,,,,
C,,freaklabs-chibiArduino,3fcd40d2f7ad1566ca13448614e5d74682132e9a,chibiUsrCfg.h,0,0,0,0,failed_to_read,,,,,
C,,freaklabs-chibiArduino,f17b25854d61647243d0f3bf35c4c46b1d08aba0,chibiUsrCfg.h,0,0,0,0,failed_to_read,,,,,
C,,freaklabs-chibiArduino,60393d993294872459481df100c34c144320c505,chibiUsrCfg.h,0,0,0,0,failed_to_read,,,,,
C,,freaklabs-chibiArduino,7c883f02473776bdc5a5ef163291ff28e46a92ee,chibiUsrCfg.h,0,0,0,0,failed_to_read,,,,,
Vimscript,,fs111-pydoc.vim,946aff74eb154de99394d11249269c6830e64570,ftplugin/python_pydoc.vim,0,0,0,0,failed_to_read,,,,,
Vimscript,,fs111-pydoc.vim,bbf3ceddb726a045dcde9f18f0b3634018c2224d,ftplugin/python_pydoc.vim,0,0,0,0,failed_to_read,,,,,
Vimscript,,fs111-pydoc.vim,84a44c4ab2e7e2b25de83b675c4475940a3361d2,pydoc.vim,0,0,0,0,failed_to_read,,,,,
Go,,genuinetools-img,89fb42e58c5ffc73774f0e9a97824810c15ea775,vendor/golang.org/x/text/unicode/norm/tables9.0.0.go,345900,381417,161274,167801,timed_out,,,,,
C,,hsoft-avra,10a8bf1eaacab82ad9d7d3be12c34ff52f0584db,src/expr.c,0,0,0,0,failed_to_read,,,,,
C,,ianw-libiptcdata,c1a145bb75ff40610d128faedf9ac1752ede6510,libiptcdata/iptc-log.c,0,0,0,0,failed_to_read,,,,,
C,,ianw-libiptcdata,59d72791ca3fbd09511e52267198c98cd67385f9,libiptcdata/iptc-dataset.c,0,0,0,0,failed_to_read,,,,,
C,,ianw-libiptcdata,9cda57e9fe7f067687522f6a5270720286f36710,python/pyiptcdatamod.c,0,0,0,0,failed_to_read,,,,,
C,,ianw-libiptcdata,135ec0e709c8adb7fb6a2156981665c7e22a458c,libiptcdata/iptc-data.h,0,0,0,0,failed_to_read,,,,,
Kotlin,,ingokegel-jclasslib,8ad1bb79b75a29a8b099e131abc8bc0f8e5114d9,modules/data/data.gradle.kts,0,0,0,0,failed_to_read,,,,,
CPP,,intel-cmrt,49150ffaff2e5188bd87a11b1da76d3506dc3371,src/cm_device.cpp,0,0,0,0,failed_to_read,,,,,
C,,intel-cmrt,17c443a4777f29bc08d4a62393070b56feccc705,src/cm_device.h,0,0,0,0,failed_to_read,,,,,
C,,intel-cmrt,d553fe9d1a26ed361a13bb048e8cca18d51e3f61,src/hw_interface_g8.h,0,0,0,0,failed_to_read,,,,,
CPP,,intel-cmrt,6e3309a485a66c996bdc1975ff9791a228caf6d7,src/cm_kernel.cpp,0,0,0,0,failed_to_read,,,,,
CPP,,intel-cmrt,cbf141b9f95c5c1f2d154f2adb78ee61d5c49984,src/cm_device.cpp,0,0,0,0,failed_to_read,,,,,
C,,intel-cmrt,65066024232636e0cf7f0284cd4ebac963878bcc,src/hw_interface_g9.c,0,0,0,0,failed_to_read,,,,,
C,,intel-cmrt,f9fdd5109ecc5c0c08a406a449dc9a1ed98fc9b1,src/hw_interface.c,0,0,0,0,failed_to_read,,,,,
C,,intel-cmrt,5ab9280e67da506ba179788fcdb20bb1efc9579c,src/cm_surface_manager.h,0,0,0,0,failed_to_read,,,,,
C,,intel-cmrt,8d3711b542feacd8a11c7c33aaef2c9292dcb3f2,src/cm_queue.h,0,0,0,0,failed_to_read,,,,,
CPP,,intel-cmrt,8d3711b542feacd8a11c7c33aaef2c9292dcb3f2,src/cm_task.cpp,0,0,0,0,failed_to_read,,,,,
CPP,,intel-intel-hybrid-driver,cef3c7ca8a1dfaa4f8280c584d0d633f72adf13b,src/cmrt/cm_device.cpp,0,0,0,0,failed_to_read,,,,,
Python,,ispell-lt-ispell-lt,d28a4c58519602c82bb059f93d12030e155f3b62,tools/sutrauka.py,0,0,0,0,failed_to_read,,,,,
Python,,ispell-lt-ispell-lt,fefed2faad8759cc2a42e4acf6d49725562349a2,tools/sutrauka.py,0,0,0,0,failed_to_read,,,,,
HTML,,jaafreitas-mkgallery,f0e241b74ddfc504e29aefd9fe2b1cfe3d471e50,docs/Thanks.html,0,0,0,0,failed_to_read,,,,,
Kotlin,,junit-pioneer-junit-pioneer,621e808f1954ec7606269b58eccad6fd7df23159,build.gradle.kts,0,0,0,0,failed_to_read,,,,,
Kotlin,,junit-pioneer-junit-pioneer,bdd0fbc0c75b2a697d414a8da80c9f6e294bce68,build.gradle.kts,0,0,0,0,failed_to_read,,,,,
ShellScript,,keis-git-fixup,71c2f121c4688a1f19adb47226b0ea50dea6be4f,completion.zsh,0,0,0,0,failed_to_read,,,,,
C,,kraxel-fbida,1bb8a8aa29845378903f3c690e17c0867c820da2,filter.c,0,0,0,0,failed_to_read,,,,,
C,,laurikari-tre,354c9168b774ac8fa09a4e7b9728d983aac10baf,tests/retest.c,0,0,0,0,failed_to_read,,,,,
C,,libnet-libnet,3be3dbefe93be4cacebf5c660f149160390887b9,src/libnet_build_gre.c,0,0,0,0,failed_to_read,,,,,
CPP,,madmartin-noad,af5695cc068bde5331e6292bdcf04137573dbea9,noad.cpp,0,0,0,0,failed_to_read,,,,,
CPP,,madmartin-noad,7165088f54b0d134451b4424ac579630b8908707,vdr_cl.cpp,0,0,0,0,failed_to_read,,,,,
C,,madmartin-vdr-clock,e65ea946ac6c533d7e7994b644886b9ea44fd2ca,i18n.c,0,0,0,0,failed_to_read,,,,,
ShellScript,,mafredri-zsh-async,3ba6e2d1ea874bfb6badb8522ab86c1ae272923d,async.zsh,0,0,0,0,failed_to_read,,,,,
ShellScript,,mafredri-zsh-async,50d34cd0d9b90a0f6ed3c958737eeeb46bd63625,async.zsh,0,0,0,0,failed_to_read,,,,,
ShellScript,,mafredri-zsh-async,32548d3c3f1361de57f09ab9293c902b78f49b55,async_test.zsh,0,0,0,0,failed_to_read,,,,,
ShellScript,,mafredri-zsh-async,4c2e4130100771428e78d97d813064106a9a1458,async.zsh,0,0,0,0,failed_to_read,,,,,
ShellScript,,mafredri-zsh-async,870f351bf157332c5c6c5392317e0b9a8ccb7ab0,async.zsh,0,0,0,0,failed_to_read,,,,,
C,,magnush-mhwaveedit,3d6e3d53adb59de8c59384d28ca2f95c49bb0a6c,src/mainwindow.c,0,0,0,0,failed_to_read,,,,,
C,,magnush-mhwaveedit,3515ff1a108f3ec535d6c7f590729b3e315f3917,src/chunk.h,0,0,0,0,failed_to_read,,,,,
C,,magnush-mhwaveedit,3515ff1a108f3ec535d6c7f590729b3e315f3917,src/player.c,0,0,0,0,failed_to_read,,,,,
C,,markusfisch-PieDock,3724cde2d77748c8ea0b519061a98e5d9d8f6380,src/ArgbSurface.h,0,0,0,0,failed_to_read,,,,,
C,,markusfisch-PieDock,3724cde2d77748c8ea0b519061a98e5d9d8f6380,src/Environment.h,0,0,0,0,failed_to_read,,,,,
C,,markusfisch-PieDock,3724cde2d77748c8ea0b519061a98e5d9d8f6380,src/Menu.h,0,0,0,0,failed_to_read,,,,,
CPP,,markusfisch-PieDock,3724cde2d77748c8ea0b519061a98e5d9d8f6380,src/PieMenu.cpp,0,0,0,0,failed_to_read,,,,,
CPP,,markusfisch-PieDock,3724cde2d77748c8ea0b519061a98e5d9d8f6380,src/Settings.cpp,0,0,0,0,failed_to_read,,,,,
CPP,,markusfisch-PieDock,3724cde2d77748c8ea0b519061a98e5d9d8f6380,src/WildcardCompare.cpp,0,0,0,0,failed_to_read,,,,,
CPP,,markusfisch-PieDock,3724cde2d77748c8ea0b519061a98e5d9d8f6380,src/XSurface.cpp,0,0,0,0,failed_to_read,,,,,
CPP,,markusfisch-PieDock,d7bc75ff75c32d28a2140675ffb1ef63f2a25977,src/main.cpp,0,0,0,0,failed_to_read,,,,,
CPP,,markusfisch-PieDock,b4e9ecf22d0b00e3475e77dab2593fd35a5b2236,src/Png.cpp,0,0,0,0,failed_to_read,,,,,
CPP,,markusfisch-PieDock,b4e9ecf22d0b00e3475e77dab2593fd35a5b2236,src/WorkspaceLayout.cpp,0,0,0,0,failed_to_read,,,,,
Python,,meerk40t-svgelements,4f1934dc3abc1d6dcd3612fb6b860c1735a11e24,svgelements/svgelements.py,0,0,0,0,failed_to_read,,,,,
Python,,meerk40t-svgelements,56acbf2f8e65f627e2bae619b9d7b450c4839c05,svgelements/svgelements.py,0,0,0,0,failed_to_read,,,,,
C,,miguelmarco-libbraiding,637591f635ebaa7a0c4b2625b77cc6eeeffac4e6,lib/braiding.h,0,0,0,0,failed_to_read,,,,,
C,,miguelmarco-libbraiding,bcce55409be093e46a332bffb97c474679bd0235,lib/braiding.h,0,0,0,0,failed_to_read,,,,,
C,,miguelmarco-libbraiding,b6f22d7d7919d493a7128a74664e7eecfb2044b4,lib/braiding.h,0,0,0,0,failed_to_read,,,,,
CPP,,miguelmarco-libbraiding,b7f8c948befa1eb212b7c76d8f43f045b0394710,lib/braiding.cpp,0,0,0,0,failed_to_read,,,,,
CSharp,,mono-mono-basic,db2a3cb5ea195c59fd035404aa42c38747d52936,vbnc/cecil/symbols/pdb/Microsoft.Cci.Pdb/IntHashTable.cs,0,0,0,0,failed_to_read,,,,,
Go,,notaryproject-notary,b55ecf723a77e9834d96617e6ca9a553602024b9,vendor/golang.org/x/text/unicode/norm/tables9.0.0.go,345900,381417,161274,167801,timed_out,,,,,
C,,olivluca-vdr-actuator-plugin,7c46982ed2d86ec300788435207174327615c32b,actuator.c,0,0,0,0,failed_to_read,,,,,
CPP,,openscenegraph-OpenSceneGraph,6d207e2d8d9bce650d27aae35ddc4ff9636064de,src/osg/dxtctool.cpp,0,0,0,0,failed_to_read,,,,,
HTML,,pbiering-ipv6calc,eb751fa84da8c4e2952b7983be8cf47bc70db341,doc/ipv6calc.html,0,0,0,0,failed_to_read,,,,,
ShellScript,,poetaman-arttime,4e7465c51f6c8f56968068646696837dd412043a,share/arttime/src/arttime.zsh,0,0,0,0,failed_to_read,,,,,
ShellScript,,poetaman-arttime,a65c37031596fa9f5c7233218f08fffb3fdd36e4,share/arttime/src/arttime.zsh,0,0,0,0,failed_to_read,,,,,
ShellScript,,poetaman-arttime,dce77c0645218d51336651604642d1f9fb24c9b6,share/arttime/src/arttime.zsh,0,0,0,0,failed_to_read,,,,,
ShellScript,,reujab-silver,7b3138a38d9c225788e624e593b968073dce04b2,src/init.zsh,0,0,0,0,failed_to_read,,,,,
ShellScript,,roddhjav-pass-update,22122d5d45623f791a12900441b969a086f77e69,completion/pass-update.zsh,0,0,0,0,failed_to_read,,,,,
C,,rollinhand-libdbf,0e839ef1b499f23e8a8167d33a1846633a95fd24,src/dbf.c,0,0,0,0,failed_to_read,,,,,
C,,rollinhand-libdbf,d4e92880b22ee089472b6afe12a9653d82eb7488,include/libdbf/libdbf.h,0,0,0,0,failed_to_read,,,,,
ShellScript,,rossmacarthur-sheldon,703ffb195223af7c8d381c1be2c27ee387f5a2e9,completions/sheldon.zsh,0,0,0,0,failed_to_read,,,,,
CPP,,set-soft-tvision,b6101a3d31fa1dc9f7d7f64e0968e85fd8ac3db5,tvision/classes/wingr/wingrscr.cc,0,0,0,0,failed_to_read,,,,,
C,,set-soft-tvision,7cb04449a3936d1d24a16ff08d4844d0e0a148c8,tvision/include/tv/tvconfig.h,0,0,0,0,failed_to_read,,,,,
CPP,,set-soft-tvision,92b7449403280a6d1856b4eed95857015397a3c0,tvision/classes/tstringc.cc,0,0,0,0,failed_to_read,,,,,
CPP,,set-soft-tvision,ed310507ea43b949dadc065484e7e398c68cc866,tvision/classes/ipstream.cc,0,0,0,0,failed_to_read,,,,,
C,,set-soft-tvision,a3658036a82ac89e4264807d3a065945eadef023,tvision/compat/releasec.c,0,0,0,0,failed_to_read,,,,,
C,,signalapp-libsignal-protocol-c,91c161baf02d3afe14b6c9792b8bdb1390b1c2c1,tests/test_session_builder.c,0,0,0,0,failed_to_read,,,,,
CPP,,silnrsi-teckit,c60164e65c69d9cce2585e213869660031b19a8c,source/UnicodeNames.cpp,1371389,1573446,348305,400155,timed_out,,,,,
CSharp,,silnrsi-teckit,d60c1265dc6c39b988efdd8eefeb0fdfa1181434,zlib-1.2.13/contrib/dotzlib/DotZLib/CircularBuffer.cs,0,0,0,0,failed_to_read,,,,,
Ruby,,skk-dev-skktools,43e21323096bb31770f66fc60f14a11580030677,convert2skk/canna2skk.rb,0,0,0,0,failed_to_read,,,,,
C,,sphair-ClanLib,3fa26cecb318f69b5ed7179167ed93b8d3749e31,Sources/Display/ImageProviders/JPEGLoader/jpeg_start_of_frame.h,0,0,0,0,failed_to_read,,,,,
C,,steelman-xystray,9a098cf5f3c12fc9837e162b6da1daab156d9136,Xystray.c,0,0,0,0,failed_to_read,,,,,
ShellScript,,sukria-Backup-Manager,6cf5bb14f8f57cd5b65c76ecba267781cc327cc5,lib/md5sum.sh,0,0,0,0,failed_to_read,,,,,
ShellScript,,sukria-Backup-Manager,a7a64ed7d2e06ac7039545cbf31882c7532b8eef,lib/md5sum.sh,0,0,0,0,failed_to_read,,,,,
ShellScript,,sukria-Backup-Manager,2bdaed96816c7910de82dd981e68780bb2e5372e,lib/actions.sh,0,0,0,0,failed_to_read,,,,,
ShellScript,,sukria-Backup-Manager,2bdaed96816c7910de82dd981e68780bb2e5372e,lib/logger.sh,0,0,0,0,failed_to_read,,,,,
C,,theabolton-whysynth,d1561e80fdc472e76283042851b2f6dd960ea3d8,src/whysynth_voice_render.c,0,0,0,0,failed_to_read,,,,,
ShellScript,,tj-git-extras,c63b46a33b41fafa15b0d0da67e4a6a1dd65608c,etc/git-extras-completion.zsh,0,0,0,0,failed_to_read,,,,,
C,,tomac-yersinia,393a541c006563a169d724827bd4f413235a3aa1,src/ncurses-interface.c,0,0,0,0,failed_to_read,,,,,
C,,tomac-yersinia,edbf839ed935e9fbaefca9c6cfffc416b26b8a02,src/ncurses-interface.c,0,0,0,0,failed_to_read,,,,,
C,,tree-sitter-tree-sitter-rust,a1f37e82436b85ccba0952d64dd4c816b15d8c65,src/parser.c,6452969,6456284,1977614,1978101,timed_out,,,,,
C,,tree-sitter-tree-sitter-typescript,14af1670c16cab8422d2a504dc4e5961293934e3,typescript/src/parser.c,8830203,8745894,2569310,2544718,timed_out,,,,,
C,,tsyrogit-zxcvbn-c,96eb20e7532e3a6e3e55c2a84703190244e65223,zxcvbn.c,0,0,0,0,failed_to_read,,,,,
C,,tsyrogit-zxcvbn-c,0745d23a835be0e61fad61ec44fafff8376055b0,zxcvbn.c,0,0,0,0,failed_to_read,,,,,
C,,tsyrogit-zxcvbn-c,1316210f7d795de8ff7d4c5651501a33248b6e20,zxcvbn.c,0,0,0,0,failed_to_read,,,,,
C,,tsyrogit-zxcvbn-c,ebfeb8abdd6a503e880095f07f5cba76dcfcc0d9,zxcvbn.c,0,0,0,0,failed_to_read,,,,,
C,,tsyrogit-zxcvbn-c,10c4494cfcd52b4fee8eee6c1e1cc814cc1b224c,zxcvbn.c,0,0,0,0,failed_to_read,,,,,
C,,typingArtist-vdr-plugin-remote,9ffe341a966fb1c3a0ca18b81428bf2d13f78a0d,i18n.c,0,0,0,0,failed_to_read,,,,,
C,,vdr-projects-vdr-plugin-devstatus,736b3d53b74e7310b878421489126666ae3a7eae,i18n.c,0,0,0,0,failed_to_read,,,,,
C,,vdr-projects-vdr-plugin-devstatus,523e67f0212c876b60c7f75664029193bd9f722f,i18n.c,0,0,0,0,failed_to_read,,,,,
C,,vdr-projects-vdr-plugin-dvd,9f678ab0f2cee5f29ab08b05e73405a6683dd0a9,i18n.c,0,0,0,0,failed_to_read,,,,,
C,,vdr-projects-vdr-plugin-dvdswitch,dc368dc785849f14cbfec927dcdea886d075bbb1,menu.c,0,0,0,0,failed_to_read,,,,,
C,,vdr-projects-vdr-plugin-lcdproc,267f42f0507a5bbf915deab1bef69dc7e470e9da,i18n.c,0,0,0,0,failed_to_read,,,,,
C,,vdr-projects-vdr-plugin-lcdproc,a1a98bf76178df893addb968f2af9369da1a537b,i18n.c,0,0,0,0,failed_to_read,,,,,
C,,vdr-projects-vdr-plugin-radio,e8c33b9e6fb002cec56bab56107315224533dcc5,radiotools.c,0,0,0,0,failed_to_read,,,,,
C,,vdr-projects-vdr-plugin-sleeptimer,1f0a2559298a26a65cc6371a10d6fd83b6022273,i18n.c,0,0,0,0,failed_to_read,,,,,
C,,vdr-projects-vdr-plugin-ttxtsubs,a707cbc1d365edf677c1804a06e082ba9426eac3,ttxtsubs.c,0,0,0,0,failed_to_read,,,,,
C,,vdr-projects-vdr-plugin-ttxtsubs,97501a96193c7e08f4e45721fbcc051407656db8,ttxtsubs.c,0,0,0,0,failed_to_read,,,,,
C,,voyageur-wmsysmon,0a765f5f3b5e4f597937c8ad8eb5a862966b6f93,src/wmsysmon.c,0,0,0,0,failed_to_read,,,,,
C,,wanpinglee-MOSAIK,5c25216d3522d6a33e53875cd76a6d65001e4e67,src/CommonSource/Config/Mosaik.h,0,0,0,0,failed_to_read,,,,,
C,,wanpinglee-MOSAIK,38c01fcb5dbbc7705cbff04f81e3a6e951453982,src/CommonSource/Config/Mosaik.h,0,0,0,0,failed_to_read,,,,,
C,,wanpinglee-MOSAIK,14b828f2e9a9dba344d113f10480a2dc31b32e91,src/CommonSource/Utilities/SequenceUtilities.h,0,0,0,0,failed_to_read,,,,,
CPP,,wanpinglee-MOSAIK,cf4d745800436b6cc70349191ebda5e5db01e8ae,src/MosaikAligner/AlignerMain.cpp,0,0,0,0,failed_to_read,,,,,
CPP,,wanpinglee-MOSAIK,cefb1f33955ff3e8e02e5fd303a4ce91687787b6,src/MosaikBuild/BuildMain.cpp,0,0,0,0,failed_to_read,,,,,
CPP,,wanpinglee-MOSAIK,45bfc39a41c00c6579218d15c0ffcca61b38778b,src/MosaikBuild/BuildMain.cpp,0,0,0,0,failed_to_read,,,,,
CPP,,wanpinglee-MOSAIK,11bb9d5b34addcefe79b13b9211e01acdad580bd,src/CommonSource/PairwiseAlignment/SmithWatermanGotoh.cpp,0,0,0,0,failed_to_read,,,,,
CPP,,wez-atomicparsley,7aa368675bf941ba31d84ffae59d3615023edc31,src/parsley.cpp,0,0,0,0,failed_to_read,,,,,
CPP,,wez-atomicparsley,020176f688d9efec68f1ce1b100e052bff1cfc2e,src/extracts.cpp,0,0,0,0,failed_to_read,,,,,
ShellScript,,zsh-users-zsh-autosuggestions,56f10c3b5dac558a7fcc7aa47459e4ac0eec3dc7,zsh-autosuggestions.zsh,0,0,0,0,failed_to_read,,,,,
ShellScript,,zsh-users-zsh-autosuggestions,e0b96e1bd6810a1303a0869658916974a6674187,zsh-autosuggestions.zsh,0,0,0,0,failed_to_read,,,,,
ShellScript,,zsh-users-zsh-autosuggestions,19e375bbc81d32aed85596dc73ccfe46aae7bbd5,zsh-autosuggestions.zsh,0,0,0,0,failed_to_read,,,,,
ShellScript,,zsh-users-zsh-autosuggestions,6ec95379fa32e4d55360738616ae78240587dcc2,src/widgets.zsh,0,0,0,0,failed_to_read,,,,,
ShellScript,,zsh-users-zsh-autosuggestions,5217ed52697157f5ccc961d9b6b1c7967abc418b,zsh-autosuggestions.zsh,0,0,0,0,failed_to_read,,,,,
ShellScript,,zsh-users-zsh-autosuggestions,b87a4972c8be188af347fb3e29b8c47a923c4f75,src/strategies/match_prev_cmd.zsh,0,0,0,0,failed_to_read,,,,,
ShellScript,,zsh-users-zsh-history-substring-search,4ee70abb6f96012bd561c93b75fe764229e24734,zsh-history-substring-search.zsh,0,0,0,0,failed_to_read,,,,,
ShellScript,,zsh-users-zsh-history-substring-search,fd27842cad08b07178519bf88a41aa6a8978747b,zsh-history-substring-search.zsh,0,0,0,0,failed_to_read,,,,,
ShellScript,,zsh-users-zsh-history-substring-search,b554feb7ba7cd8b47d9a72c502f0e945211259ae,zsh-history-substring-search.zsh,0,0,0,0,failed_to_read,,,,,
ShellScript,,zsh-users-zsh-syntax-highlighting,e0165eaa730dd0fa321a6a6de74f092fe87630b0,highlighters/main/main-highlighter.zsh,0,0,0,0,failed_to_read,,,,,
ShellScript,,zsh-users-zsh-syntax-highlighting,b828f45da63fe57295ab6fafac240af6bd320f5c,highlighters/main/main-highlighter.zsh,0,0,0,0,failed_to_read,,,,,
ShellScript,,zsh-users-zsh-syntax-highlighting,f0e6a8ef5c90ff3e1e9516df666e36e02d0f362d,highlighters/main/main-highlighter.zsh,0,0,0,0,failed_to_read,,,,,
C,,tree-sitter-tree-sitter-ocaml,3ef7c00b29e41e3a0c1d18e82ea37c64d72b93fc,grammars/ocaml/src/parser.c,36137618,13565803,9066057,3668241,timed_out,,,,,
Go,,cloudflare-cfssl,d124eca11bd1f4b2b9d7101db4db7eef82442bee,vendor/golang.org/x/text/unicode/norm/tables9.0.0.go,381436,381418,167802,167801,timed_out,,,,,
C,,tree-sitter-tree-sitter-ql,b0f509f06c0b746e6961c1162786e21f9583d198,src/parser.c,2337590,2365628,709451,724814,timed_out,,,,,
Go,,aws-session-manager-plugin,41c35d18e918b812deeb5984ee28d8ec1bba25fd,vendor/src/github.com/aws/aws-sdk-go/service/ec2/api.go,4977290,7325212,685351,910954,timed_out,,,,,
C,,tree-sitter-grammars-tree-sitter-vim,adfe12646b74df98894e13afc50147324c21547e,src/parser.c,4628217,4540818,1368456,1329684,timed_out,,,,,
TypeScript,,Maproom-qmapshack,4e13e8e23bc07316940939a35e9a4696e356c464,src/qmapshack/locale/qmapshack_nl.ts,798464,948769,217900,268419,timed_out,,,,,
C,,tree-sitter-tree-sitter-go,1496eb74bfd2c5e7c26d6fc711d5135741e5a1fa,src/parser.c,1548192,1567430,391412,395973,timed_out,,,,,
C,,JuliaStrings-utf8proc,e459078a47864046f21288473c0ac7be46bf278b,utf8proc_data.c,2347972,2360318,506436,508564,timed_out,,,,,
TypeScript,,Maproom-qmapshack,4e13e8e23bc07316940939a35e9a4696e356c464,src/qmapshack/locale/qmapshack_fr.ts,842129,992434,226323,276815,timed_out,,,,,
CPP,,07th-mod-ponscripter-fork,8007b6dbe621cef13b47146aa7b6419916380ad9,src/PonscripterLabel_command.cpp,0,0,0,0,failed_to_read,,,,,
CSharp,,Blosc-c-blosc,5052e00173260c03f474d7405bf68a5718d6cc81,internal-complibs/zlib-1.3.1/contrib/dotzlib/DotZLib/Inflater.cs,0,0,0,0,failed_to_read,,,,,
CSharp,,Blosc-c-blosc,adb3b4bec40c0d6c7eac1d7c26144cdefcd31701,internal-complibs/zlib-1.2.13/contrib/dotzlib/DotZLib/CircularBuffer.cs,0,0,0,0,failed_to_read,,,,,
Kotlin,,JetBrains-java-annotations,b7311e2036f354533deb4b9f52b9000f7ffc52f1,build.gradle.kts,0,0,0,0,failed_to_read,,,,,
Kotlin,,JetBrains-java-annotations,b1d593d73430e540b1fed0a3017a8819a19f0613,build.gradle.kts,0,0,0,0,failed_to_read,,,,,
Kotlin,,JetBrains-java-annotations,31c2564ed7c1febf1f778ced9571bf3077e63524,multiplatform-annotations/build.gradle.kts,0,0,0,0,failed_to_read,,,,,
C,,Joungkyun-libchardet,876d392a9d8f7563b0c9b40f8019484938b00765,test/sample1.c,0,0,0,0,failed_to_read,,,,,
CSharp,,OpenNI-OpenNI,15160748a400c6089e7732d805f74992331193fa,Platform/Linux/Build/Res/AssemblyInfo-OpenNI.cs,0,0,0,0,failed_to_read,,,,,
C,,OpenVisualCloud-SVT-HEVC,a7422886a66b74a27324ac43b26ba2ae3dc67c04,Source/API/EbApi.h,0,0,0,0,failed_to_read,,,,,
CPP,,STEllAR-GROUP-hpx,4cf24cdba1c81914ae5605a6a191bb1d976ca8ec,libs/core/async_sycl/include/hpx/async_sycl/sycl_future.hpp,0,0,0,0,failed_to_read,,,,,
Kotlin,,TNG-junit-dataprovider,1505a9aaaab9411fd87d4e73095458c54f6efb05,build.gradle.kts,0,0,0,0,failed_to_read,,,,,
Kotlin,,TNG-junit-dataprovider,0afe823b4cadaa6a000f6d0a480dfeca751a6723,build.gradle.kts,0,0,0,0,failed_to_read,,,,,
C,,Terraspace-UASM,41002d262d3a9d6ca737d72e86f6f1328d42478d,codegenv2.c,0,0,0,0,failed_to_read,,,,,
C,,ValveSoftware-openvr,fc60d2da07de6cf906ca90ad0cf5f6a88ca85601,headers/openvr_driver.h,0,0,0,0,failed_to_read,,,,,
C,,ValveSoftware-openvr,64fc05966a109543a1e191a45e1ab3a25a651211,headers/openvr_driver.h,0,0,0,0,failed_to_read,,,,,
C,,ZDoom-ZMusic,dd4f39a61b076c6ca3ceb41e72350c85a2aade1d,thirdparty/fluidsynth/src/rvoice/fluid_rvoice_mixer.c,0,0,0,0,failed_to_read,,,,,
C,,abacus-gene-paml,e5b951ea1b44f39657586461e37222c542712b18,src/tools.c,0,0,0,0,failed_to_read,,,,,
C,,abacus-gene-paml,7bc60a7b775f3df0ac80f0864ed10f671365c316,src/tools.c,0,0,0,0,failed_to_read,,,,,
C,,abacus-gene-paml,a88bd93e5d48e2466692c3a8156d0bdcf9921023,src/tools.c,0,0,0,0,failed_to_read,,,,,
C,,abacus-gene-paml,5ac3120e005e14dfc2b1886bf230fde85f995242,src/tools.c,0,0,0,0,failed_to_read,,,,,
Scala,,adobe-fonts-source-han-mono,9a10a4fe9797b9777dd9b77cd093e8f76dd55e1d,Light/OTC/features.OTC.SC,0,0,0,0,failed_to_read,,,,,
Scala,,adobe-fonts-source-han-mono,0381f376e6fdf00d3d463f5a371bcec4b1b69e23,Bold/OTC/cidfont.ps.OTC.SC,0,0,0,0,failed_to_read,,,,,
Scala,,adobe-fonts-source-han-mono,0381f376e6fdf00d3d463f5a371bcec4b1b69e23,Heavy/OTC/cidfont.ps.OTC.SC,0,0,0,0,failed_to_read,,,,,
Scala,,adobe-fonts-source-han-mono,0381f376e6fdf00d3d463f5a371bcec4b1b69e23,Medium/OTC/cidfont.ps.OTC.SC,0,0,0,0,failed_to_read,,,,,
Scala,,adobe-fonts-source-han-mono,0381f376e6fdf00d3d463f5a371bcec4b1b69e23,Regular/OTC/cidfont.ps.OTC.SC,0,0,0,0,failed_to_read,,,,,
Scala,,adobe-fonts-source-han-mono,5c5b72e67cb98919f4be8d81641e3c47698a1754,Heavy/OTC/cidfont.ps.OTC.SC,0,0,0,0,failed_to_read,,,,,
Scala,,adobe-fonts-source-han-mono,5c5b72e67cb98919f4be8d81641e3c47698a1754,Regular/OTC/cidfont.ps.OTC.SC,0,0,0,0,failed_to_read,,,,,
Scala,,adobe-fonts-source-han-mono,99492eb1ad0b3284983ba419334d8ce521cb2a66,ExtraLight/OTC/features.OTC.SC,0,0,0,0,failed_to_read,,,,,
Scala,,adobe-fonts-source-han-mono,99492eb1ad0b3284983ba419334d8ce521cb2a66,Light/OTC/features.OTC.SC,0,0,0,0,failed_to_read,,,,,
Scala,,adobe-fonts-source-han-mono,99492eb1ad0b3284983ba419334d8ce521cb2a66,Normal/OTC/features.OTC.SC,0,0,0,0,failed_to_read,,,,,
C,,alevt-alevt,7cf635bfba7472b93842bdbe2b89308319513736,main.c,0,0,0,0,failed_to_read,,,,,
C,,alevt-alevt,4d219317edf2fd8aefe85ea7e8df729162a4fc40,main.c,0,0,0,0,failed_to_read,,,,,
C,,alevt-alevt,899b83841205cc039e2432ad66e743b88b91a6d3,alevt-cap.c,0,0,0,0,failed_to_read,,,,,
C,,alevt-alevt,c527736129c7d49cb78a3c8a818d47d25860bf2b,alevt-cap.c,0,0,0,0,failed_to_read,,,,,
C,,barak-vobcopy,cbc7a1c8b1c0c02968a283d919046efa914c3366,vobcopy.c,0,0,0,0,failed_to_read,,,,,
C,,bhaak-vilistextum,cfaa1e5c6b8a1e210af9d9ba5247ed04c8937973,src/main.c,0,0,0,0,failed_to_read,,,,,
CPP,,bolero-MURAKAMI-Sprout,ea06f925655602a39750c2fd4fc88ecb98c9860f,sprout/complex/log.hpp,0,0,0,0,failed_to_read,,,,,
CPP,,bolero-MURAKAMI-Sprout,ea06f925655602a39750c2fd4fc88ecb98c9860f,sprout/complex/tanh.hpp,0,0,0,0,failed_to_read,,,,,
CPP,,bolero-MURAKAMI-Sprout,26299dad18a7e16fcb4873ce7f9f26a3d2ac1925,sprout/complex/acos.hpp,0,0,0,0,failed_to_read,,,,,
CPP,,bolero-MURAKAMI-Sprout,26299dad18a7e16fcb4873ce7f9f26a3d2ac1925,sprout/complex/sqrt.hpp,0,0,0,0,failed_to_read,,,,,
CPP,,bolero-MURAKAMI-Sprout,09181940789f135c292e9c336d8ceffca0b1bec3,sprout/complex/log.hpp,0,0,0,0,failed_to_read,,,,,
CPP,,bolero-MURAKAMI-Sprout,09181940789f135c292e9c336d8ceffca0b1bec3,sprout/complex/tanh.hpp,0,0,0,0,failed_to_read,,,,,
CPP,,bolero-MURAKAMI-Sprout,09181940789f135c292e9c336d8ceffca0b1bec3,sprout/math/copysign.hpp,0,0,0,0,failed_to_read,,,,,
Go,,bookingcom-carbonapi,fdc03a0345aef5bcf9de440a4ea3a609d33f0b7a,vendor/golang.org/x/text/unicode/norm/tables15.0.0.go,395043,395026,173912,173911,timed_out,,,,,
C,,brunonymous-tecnoballz,0a4ad7a6da006a5e013f0069b84e918d7df15e67,include/controller_bricks.h,0,0,0,0,failed_to_read,,,,,
C,,brunonymous-tecnoballz,b75f558c1b4588491a0add69f42b1ec76e227129,include/controller_guardians.h,0,0,0,0,failed_to_read,,,,,
HTML,,chennes-med,f17a48594d7c668eb68850284c50aeb9c5fe7159,doc/html.dox/a01946_source.html,0,0,0,0,failed_to_read,,,,,
CPP,,darkbitsorg-guichan,2f06cf2f9942d35f69493d2d4b23502f0409bb4b,include/guichan/cairo/cairofont.hpp,0,0,0,0,failed_to_read,,,,,
CPP,,darkbitsorg-guichan,2f06cf2f9942d35f69493d2d4b23502f0409bb4b,include/guichan/directx3d/directx3dimage.hpp,0,0,0,0,failed_to_read,,,,,
CPP,,darkbitsorg-guichan,2f06cf2f9942d35f69493d2d4b23502f0409bb4b,include/guichan/text.hpp,0,0,0,0,failed_to_read,,,,,
CPP,,darkbitsorg-guichan,2f06cf2f9942d35f69493d2d4b23502f0409bb4b,src/directx3d/directx3dgraphics.cpp,0,0,0,0,failed_to_read,,,,,
CPP,,darkbitsorg-guichan,2f06cf2f9942d35f69493d2d4b23502f0409bb4b,src/text.cpp,0,0,0,0,failed_to_read,,,,,
CPP,,darkbitsorg-guichan,c13a939ed4d205f2686f8a555cd42fbeaa893665,demos/ff/src/ffcharacterchooser.cpp,0,0,0,0,failed_to_read,,,,,
CPP,,darkbitsorg-guichan,c13a939ed4d205f2686f8a555cd42fbeaa893665,include/guichan/actionlistener.hpp,0,0,0,0,failed_to_read,,,,,
CPP,,darkbitsorg-guichan,c13a939ed4d205f2686f8a555cd42fbeaa893665,include/guichan/cliprectangle.hpp,0,0,0,0,failed_to_read,,,,,
CPP,,darkbitsorg-guichan,c13a939ed4d205f2686f8a555cd42fbeaa893665,include/guichan/event.hpp,0,0,0,0,failed_to_read,,,,,
CPP,,darkbitsorg-guichan,c13a939ed4d205f2686f8a555cd42fbeaa893665,include/guichan/graphics.hpp,0,0,0,0,failed_to_read,,,,,
CPP,,darkbitsorg-guichan,c13a939ed4d205f2686f8a555cd42fbeaa893665,include/guichan/image.hpp,0,0,0,0,failed_to_read,,,,,
CPP,,darkbitsorg-guichan,c13a939ed4d205f2686f8a555cd42fbeaa893665,include/guichan/keylistener.hpp,0,0,0,0,failed_to_read,,,,,
CPP,,darkbitsorg-guichan,c13a939ed4d205f2686f8a555cd42fbeaa893665,include/guichan/opengl/openglimage.hpp,0,0,0,0,failed_to_read,,,,,
CPP,,darkbitsorg-guichan,c13a939ed4d205f2686f8a555cd42fbeaa893665,include/guichan/platform.hpp,0,0,0,0,failed_to_read,,,,,
CPP,,darkbitsorg-guichan,c13a939ed4d205f2686f8a555cd42fbeaa893665,include/guichan/selectionevent.hpp,0,0,0,0,failed_to_read,,,,,
CPP,,darkbitsorg-guichan,c13a939ed4d205f2686f8a555cd42fbeaa893665,include/guichan/widgets/icon.hpp,0,0,0,0,failed_to_read,,,,,
CPP,,darkbitsorg-guichan,c13a939ed4d205f2686f8a555cd42fbeaa893665,include/guichan/widgets/tabbedarea.hpp,0,0,0,0,failed_to_read,,,,,
CPP,,darkbitsorg-guichan,c13a939ed4d205f2686f8a555cd42fbeaa893665,src/allegro/allegroimage.cpp,0,0,0,0,failed_to_read,,,,,
CPP,,darkbitsorg-guichan,c13a939ed4d205f2686f8a555cd42fbeaa893665,src/contrib/sdl/sdltruetypefont.cpp,0,0,0,0,failed_to_read,,,,,
CPP,,darkbitsorg-guichan,c13a939ed4d205f2686f8a555cd42fbeaa893665,src/glut/glutinput.cpp,0,0,0,0,failed_to_read,,,,,
CPP,,darkbitsorg-guichan,c13a939ed4d205f2686f8a555cd42fbeaa893665,src/hge/hgeinput.cpp,0,0,0,0,failed_to_read,,,,,
CPP,,darkbitsorg-guichan,c13a939ed4d205f2686f8a555cd42fbeaa893665,src/mouseinput.cpp,0,0,0,0,failed_to_read,,,,,
CPP,,darkbitsorg-guichan,c13a939ed4d205f2686f8a555cd42fbeaa893665,src/openlayer/openlayerimageloader.cpp,0,0,0,0,failed_to_read,,,,,
CPP,,darkbitsorg-guichan,c13a939ed4d205f2686f8a555cd42fbeaa893665,src/selectionevent.cpp,0,0,0,0,failed_to_read,,,,,
CPP,,darkbitsorg-guichan,c13a939ed4d205f2686f8a555cd42fbeaa893665,src/widgets/label.cpp,0,0,0,0,failed_to_read,,,,,
CPP,,darkbitsorg-guichan,c13a939ed4d205f2686f8a555cd42fbeaa893665,src/widgets/textfield.cpp,0,0,0,0,failed_to_read,,,,,
CPP,,darkbitsorg-guichan,cb9a7ffb898f05f2ca6eebd2504f566b279527b5,include/guichan/focuslistener.hpp,0,0,0,0,failed_to_read,,,,,
CPP,,darkbitsorg-guichan,cb9a7ffb898f05f2ca6eebd2504f566b279527b5,src/openlayer/openlayerfont.cpp,0,0,0,0,failed_to_read,,,,,
CPP,,darkbitsorg-guichan,1ec3fe3462140712c343ee76bfb6d7ad459b09d2,src/gui.cpp,0,0,0,0,failed_to_read,,,,,
C,,dimpase-autocliquer,4cc717b735a608f959671c36e793a6d091555757,lib/cliquer.c,0,0,0,0,failed_to_read,,,,,
ShellScript,,dimtpap-obs-scale-to-sound,1398cd5dfe7aa0d245daa35dd5aae5a974fc8a2d,build-aux/.run-format.zsh,0,0,0,0,failed_to_read,,,,,
Scala,,flowdalic-sendxmpp,55452b536ff84072966c22a31c2f2b18796cdf5a,sendxmpp.sc,0,0,0,0,failed_to_read,,,,,
Scala,,flowdalic-sendxmpp,6128a336c3e21dc569a47c15766e6a6058885b0a,sendxmpp.sc,0,0,0,0,failed_to_read,,,,,
Vimscript,,fs111-pydoc.vim,d208aee8fa573e5408a6fcb8eba9c4064843f3ae,ftplugin/python_pydoc.vim,0,0,0,0,failed_to_read,,,,,
Vimscript,,fs111-pydoc.vim,56c23972ad6de20e558ec7806371042529f0a41e,plugin/pydoc.vim,0,0,0,0,failed_to_read,,,,,
ShellScript,,garabik-grc,757515996f16a53c76136214ce51d527794306a3,grc.zsh,0,0,0,0,failed_to_read,,,,,
CPP,,gogglesmm-gogglesmm,a96928f8ff3393cbe3b7946158fa14df21933960,cfox/lib/FXDir.cpp,0,0,0,0,failed_to_read,,,,,
CPP,,gogglesmm-gogglesmm,07150e614037005640ab58a9d44f5eea01c54592,cfox/lib/FXDir.cpp,0,0,0,0,failed_to_read,,,,,
C,,ianw-libiptcdata,c1a145bb75ff40610d128faedf9ac1752ede6510,libiptcdata/iptc-log.h,0,0,0,0,failed_to_read,,,,,
C,,ianw-libiptcdata,b11b9373fd0bb5655ba7f22c708518248bc46737,python/python3/pyiptcdataset.c,0,0,0,0,failed_to_read,,,,,
C,,ianw-libiptcdata,11d9900bcffaa8746fc6f6c4be2ba5857415ab9b,python/pyiptcdataset.c,0,0,0,0,failed_to_read,,,,,
C,,ianw-libiptcdata,7d4bc26c428c8cf07d96249a943608ef2a6f0b70,win/stdint.h,0,0,0,0,failed_to_read,,,,,
Kotlin,,ingokegel-jclasslib,7195349d48d9146267c86f4ed50384ce0f451ab7,buildSrc/build.gradle.kts,0,0,0,0,failed_to_read,,,,,
CPP,,intel-cmrt,49150ffaff2e5188bd87a11b1da76d3506dc3371,src/cm_program.cpp,0,0,0,0,failed_to_read,,,,,
CPP,,intel-cmrt,d042c3134aeb0f0bd33f873c270b53c47b7c42a5,src/hal_cm_g9.cpp,0,0,0,0,failed_to_read,,,,,
C,,intel-cmrt,6e3309a485a66c996bdc1975ff9791a228caf6d7,src/cm_kernel.h,0,0,0,0,failed_to_read,,,,,
CPP,,intel-cmrt,cbf141b9f95c5c1f2d154f2adb78ee61d5c49984,src/cm_program.cpp,0,0,0,0,failed_to_read,,,,,
C,,intel-cmrt,fed6243a93ba5e878122160c71023c9a677904ce,src/hw_interface_g75.c,0,0,0,0,failed_to_read,,,,,
C,,intel-cmrt,f9fdd5109ecc5c0c08a406a449dc9a1ed98fc9b1,src/hw_interface.h,0,0,0,0,failed_to_read,,,,,
C,,intel-cmrt,f9fdd5109ecc5c0c08a406a449dc9a1ed98fc9b1,src/oscl_impl_linux.h,0,0,0,0,failed_to_read,,,,,
C,,intel-cmrt,defc713138b72f94ffa34e29ae4a607e63fed59b,src/os_interface.h,0,0,0,0,failed_to_read,,,,,
C,,intel-cmrt,46a7d44976bd38e3a57278df289b11e8e25052e2,src/hal_cm_g9.c,0,0,0,0,failed_to_read,,,,,
CPP,,intel-cmrt,8d3711b542feacd8a11c7c33aaef2c9292dcb3f2,src/cm_buffer.cpp,0,0,0,0,failed_to_read,,,,,
CPP,,intel-cmrt,8d3711b542feacd8a11c7c33aaef2c9292dcb3f2,src/cm_kernel.cpp,0,0,0,0,failed_to_read,,,,,
C,,intel-cmrt,8d3711b542feacd8a11c7c33aaef2c9292dcb3f2,src/cm_task.h,0,0,0,0,failed_to_read,,,,,
CPP,,intel-metrics-discovery,f3b8faa6337ffd52e8e53a3f878543f2e35b7fdc,instrumentation/metrics_discovery/codegen/md_metric_sets_PVC_GT1.cpp,10882013,9848655,2021579,1923332,timed_out,,,,,
Python,,ispell-lt-ispell-lt,d28a4c58519602c82bb059f93d12030e155f3b62,tools/utils/spell.py,0,0,0,0,failed_to_read,,,,,
Python,,ispell-lt-ispell-lt,7fa5598b518979fd08b250c1c1cb3d51bcb31d52,tools/sutrauka.py,0,0,0,0,failed_to_read,,,,,
HTML,,jaafreitas-mkgallery,f0e241b74ddfc504e29aefd9fe2b1cfe3d471e50,docs/index.html,0,0,0,0,failed_to_read,,,,,
C,,jaqx0r-pymad,24cea7c15fa292e2c5926f695c04d7357ecc15e5,src/pymadfile.c,0,0,0,0,failed_to_read,,,,,
ShellScript,,keis-git-fixup,44d83111ae7088dc2b0b2c2e1822e2302032d818,completion.zsh,0,0,0,0,failed_to_read,,,,,
C,,kraxel-fbida,8fc776833f83c417d57c43f41479bc034c3863c6,filter.c,0,0,0,0,failed_to_read,,,,,
C,,laurikari-tre,f7bd6dee3095a3454662be61ec2763bcae1c69e4,tests/retest.c,0,0,0,0,failed_to_read,,,,,
CPP,,madmartin-noad,d2be29c5fc324bf4e3684bc36273aad7f35aa57c,svdrpc.cpp,0,0,0,0,failed_to_read,,,,,
ShellScript,,mafredri-zsh-async,a61239dd55028eec173374883809f439c93d292b,async.zsh,0,0,0,0,failed_to_read,,,,,
ShellScript,,mafredri-zsh-async,96d2eb9950838651189d54dbd4ee09c2c88d610a,async.zsh,0,0,0,0,failed_to_read,,,,,
ShellScript,,mafredri-zsh-async,72c965ffc8612f350446b05c85ca6eba2758391e,async.zsh,0,0,0,0,failed_to_read,,,,,
ShellScript,,mafredri-zsh-async,32548d3c3f1361de57f09ab9293c902b78f49b55,test.zsh,0,0,0,0,failed_to_read,,,,,
ShellScript,,mafredri-zsh-async,9f8686d4bb0b4329fef2f9f193b89a3c2220dba6,async.zsh,0,0,0,0,failed_to_read,,,,,
ShellScript,,mafredri-zsh-async,13108a096111ba08dfbb59483843f194094bff8f,async.zsh,0,0,0,0,failed_to_read,,,,,
C,,magnush-mhwaveedit,3d6e3d53adb59de8c59384d28ca2f95c49bb0a6c,src/player.c,0,0,0,0,failed_to_read,,,,,
C,,magnush-mhwaveedit,7e436c4313fb7d7de1cd7b7c95ffb227797fe059,src/player.c,0,0,0,0,failed_to_read,,,,,
C,,magnush-mhwaveedit,3515ff1a108f3ec535d6c7f590729b3e315f3917,src/chunkview.c,0,0,0,0,failed_to_read,,,,,
C,,manio-vdr-plugin-dvbapi,780f08dbccade9a4501660627a474dade0c16b22,FFdecsa/FFdecsa.c,0,0,0,0,failed_to_read,,,,,
CPP,,markusfisch-PieDock,3724cde2d77748c8ea0b519061a98e5d9d8f6380,src/ArgbSurfaceSizeMap.cpp,0,0,0,0,failed_to_read,,,,,
C,,markusfisch-PieDock,3724cde2d77748c8ea0b519061a98e5d9d8f6380,src/ErrnoException.h,0,0,0,0,failed_to_read,,,,,
CPP,,markusfisch-PieDock,3724cde2d77748c8ea0b519061a98e5d9d8f6380,src/MenuItem.cpp,0,0,0,0,failed_to_read,,,,,
C,,markusfisch-PieDock,3724cde2d77748c8ea0b519061a98e5d9d8f6380,src/PieMenu.h,0,0,0,0,failed_to_read,,,,,
C,,markusfisch-PieDock,3724cde2d77748c8ea0b519061a98e5d9d8f6380,src/Settings.h,0,0,0,0,failed_to_read,,,,,
C,,markusfisch-PieDock,3724cde2d77748c8ea0b519061a98e5d9d8f6380,src/WildcardCompare.h,0,0,0,0,failed_to_read,,,,,
C,,markusfisch-PieDock,3724cde2d77748c8ea0b519061a98e5d9d8f6380,src/XSurface.h,0,0,0,0,failed_to_read,,,,,
C,,markusfisch-PieDock,2297c4d93e3d0d099b05b907f0bcfca5f509b4d9,src/WindowManager.h,0,0,0,0,failed_to_read,,,,,
CPP,,markusfisch-PieDock,b4e9ecf22d0b00e3475e77dab2593fd35a5b2236,src/Surface.cpp,0,0,0,0,failed_to_read,,,,,
CPP,,markusfisch-PieDock,b4e9ecf22d0b00e3475e77dab2593fd35a5b2236,src/XSurface.cpp,0,0,0,0,failed_to_read,,,,,
Python,,meerk40t-svgelements,4fe33a4e94806efeb95fc8b2a652c208d47b8bb4,svgelements/svgelements.py,0,0,0,0,failed_to_read,,,,,
CPP,,miguelmarco-libbraiding,91222b31426ec1e561be39592fb8b87f9261bcde,lib/braiding.cpp,0,0,0,0,failed_to_read,,,,,
CPP,,miguelmarco-libbraiding,0a1716568e5132824e58ba9b0045ef76ba2d7a6f,lib/braiding.cpp,0,0,0,0,failed_to_read,,,,,
C,,miguelmarco-libbraiding,8df9b8420429a3ab82eae37035bc698d40da055b,include/braiding.h,0,0,0,0,failed_to_read,,,,,
CSharp,,mono-mono-basic,db2a3cb5ea195c59fd035404aa42c38747d52936,vbnc/cecil/symbols/mdb/Mono.Cecil.Mdb/AssemblyInfo.cs,0,0,0,0,failed_to_read,,,,,
C,,morrownr-8821cu-20210916,f2276026102c641a2171bbba8089f0396771742c,include/Hal8821APwrSeq.h,0,0,0,0,failed_to_read,,,,,
C,,olivluca-vdr-actuator-plugin,6ad7ac2d8e01b130997efffcae955c5439ec2edc,actuator.c,0,0,0,0,failed_to_read,,,,,
C,,olivluca-vdr-actuator-plugin,eda6ee66ddd5026e23067985784dd553546a14cd,actuator.c,0,0,0,0,failed_to_read,,,,,
Kotlin,,open-telemetry-opentelemetry-java,b4e0b499c1665c51bdb139188aa6e2f76f54c319,sdk-extensions/incubator/build.gradle.kts,0,0,0,0,failed_to_read,,,,,
C,,pbiering-ipv6calc,a35d5fa394fa7f1bb015dd37f52a69ea0557fe99,databases/ipv4-assignment/dbipv4addr_assignment.h,2383288,2391055,278034,278934,timed_out,,,,,
ShellScript,,poetaman-arttime,8d1937648e0a8c5d5b253e90de59260f76c1a0b0,share/arttime/src/arttime.zsh,0,0,0,0,failed_to_read,,,,,
ShellScript,,poetaman-arttime,aa4ac1aac6c5adcc7511f0b0b1cb4e9d2b6872bd,share/arttime/src/arttime.zsh,0,0,0,0,failed_to_read,,,,,
ShellScript,,poetaman-arttime,d5322641cfec585c5b59d46cc7910c3b4c9beb3f,share/arttime/src/arttime.zsh,0,0,0,0,failed_to_read,,,,,
C,,pts-sam2p,a8451eafa66e46520d021f042bba0c2c611f80cb,ps_tiny.c,0,0,0,0,failed_to_read,,,,,
C,,rollinhand-libdbf,d3e01380b5c0dfc06d4c7073c5f8830e29647fc7,src/dbf.h,0,0,0,0,failed_to_read,,,,,
C,,rollinhand-libdbf,223d7d4de0f49503fd58f776d6de0ec791377980,src/dbf.c,0,0,0,0,failed_to_read,,,,,
ShellScript,,rossmacarthur-sheldon,96f2dac4faaacecfd52dc049377976025d7e988f,completions/sheldon.zsh,0,0,0,0,failed_to_read,,,,,
CPP,,sebaro-Yarock,348e376ae0b66185993088b55b385182fb11587d,src/widgets/main/menumodel.cpp,0,0,0,0,failed_to_read,,,,,
CPP,,set-soft-tvision,9a21c45a44fa327e12c405041cb769ea15293051,tvision/classes/tdirlist.cc,0,0,0,0,failed_to_read,,,,,
CPP,,set-soft-tvision,7e51fe308a0022c7f5559134198d91b1ae3cb10b,tvision/classes/tinputli.cc,0,0,0,0,failed_to_read,,,,,
CPP,,set-soft-tvision,ed310507ea43b949dadc065484e7e398c68cc866,tvision/classes/opstream.cc,0,0,0,0,failed_to_read,,,,,
CSharp,,silnrsi-teckit,d60c1265dc6c39b988efdd8eefeb0fdfa1181434,zlib-1.2.13/contrib/dotzlib/DotZLib/CodecBase.cs,0,0,0,0,failed_to_read,,,,,
C,,skk-dev-skktools,e4e5cdfe9b54bb8b480e6e73f10b9d60c6b36278,skkdic-expr2.c,0,0,0,0,failed_to_read,,,,,
Ruby,,skk-dev-skktools,43e21323096bb31770f66fc60f14a11580030677,convert2skk/chasen2skk.rb,0,0,0,0,failed_to_read,,,,,
Ruby,,skk-dev-skktools,7d857d554509b279bfac044bf1fda93f38a8fd0f,filters/annotation-filter.rb,0,0,0,0,failed_to_read,,,,,
C,,steelman-xystray,9a098cf5f3c12fc9837e162b6da1daab156d9136,xystray.c,0,0,0,0,failed_to_read,,,,,
ShellScript,,sukria-Backup-Manager,6cf5bb14f8f57cd5b65c76ecba267781cc327cc5,lib/burning-methods.sh,0,0,0,0,failed_to_read,,,,,
ShellScript,,sukria-Backup-Manager,6cf5bb14f8f57cd5b65c76ecba267781cc327cc5,lib/sanitize.sh,0,0,0,0,failed_to_read,,,,,
ShellScript,,sukria-Backup-Manager,6d7d8bdc5b623b79eabf3c6d06bbcf6251d384e6,lib/actions.sh,0,0,0,0,failed_to_read,,,,,
ShellScript,,sukria-Backup-Manager,a7a64ed7d2e06ac7039545cbf31882c7532b8eef,lib/burning-methods.sh,0,0,0,0,failed_to_read,,,,,
ShellScript,,sukria-Backup-Manager,a7a64ed7d2e06ac7039545cbf31882c7532b8eef,lib/sanitize.sh,0,0,0,0,failed_to_read,,,,,
ShellScript,,sukria-Backup-Manager,2bdaed96816c7910de82dd981e68780bb2e5372e,lib/md5sum.sh,0,0,0,0,failed_to_read,,,,,
Kotlin,,testng-team-testng,58b3824e3eb5366b131e6566e6fea8b50f9bca91,testng/testng-build.gradle.kts,0,0,0,0,failed_to_read,,,,,
C,,theabolton-whysynth,563e4942e26a5d4ab37b35ee9d3dd47e350f1d9d,src/whysynth_voice_render.c,0,0,0,0,failed_to_read,,,,,
C,,theabolton-whysynth,423347d24f9e997eead2a7020d21f47b3aea5ae8,src/whysynth_voice_render.c,0,0,0,0,failed_to_read,,,,,
ShellScript,,tj-git-extras,64687599ae2de65ab937f1b80571c12e4f74015f,etc/git-extras-completion.zsh,0,0,0,0,failed_to_read,,,,,
C,,tree-sitter-grammars-tree-sitter-vim,07ba7b476434622b46f95948091018da04b9162a,src/parser.c,4628138,4628217,1368448,1368456,timed_out,,,,,
C,,tree-sitter-tree-sitter-ql,e22fd341b6a0a8619b4de87693b0d0ef4c973c0f,src/parser.c,2308209,2308438,699762,699864,timed_out,,,,,
C,,tsyrogit-zxcvbn-c,729be61ffc589a01850d93ab9b9679b097b559b3,zxcvbn.c,0,0,0,0,failed_to_read,,,,,
C,,tsyrogit-zxcvbn-c,e1eb658db2f04b9235a10d210a1ed551511bff78,zxcvbn.c,0,0,0,0,failed_to_read,,,,,
Kotlin,,udalov-kotlin-vim,c126f6dc72eaf2bc04e32172788265facad68e68,extra/generate-stdlib-class-names.main.kts,0,0,0,0,failed_to_read,,,,,
C,,ultravideo-kvazaar,8fad5386b48f73b72f16dd2ad2fa1ac7c2e7fcde,src/search.c,0,0,0,0,failed_to_read,,,,,
C,,vdr-projects-vdr-plugin-dvdswitch,dc368dc785849f14cbfec927dcdea886d075bbb1,setup-itypes.c,0,0,0,0,failed_to_read,,,,,
C,,vdr-projects-vdr-plugin-dvdswitch,2906f2d1b7e1c5931b3d05156569d6061eb6b9b5,dvdplugin.c,0,0,0,0,failed_to_read,,,,,
C,,vdr-projects-vdr-plugin-remoteosd,1d6d804f08703cb7d4b7e7004b444ef21b5edef6,i18n.c,0,0,0,0,failed_to_read,,,,,
C,,wanpinglee-MOSAIK,59b4f70ba48258e2c507818ee35b5f7bd97d22f5,src/CommonSource/Config/Mosaik.h,0,0,0,0,failed_to_read,,,,,
CPP,,wanpinglee-MOSAIK,cefb1f33955ff3e8e02e5fd303a4ce91687787b6,src/MosaikBuild/MosaikBuild.cpp,0,0,0,0,failed_to_read,,,,,
CPP,,wanpinglee-MOSAIK,45bfc39a41c00c6579218d15c0ffcca61b38778b,src/MosaikJump/JumpMain.cpp,0,0,0,0,failed_to_read,,,,,
CPP,,wanpinglee-MOSAIK,11bb9d5b34addcefe79b13b9211e01acdad580bd,src/CommonSource/Utilities/TimeSupport.cpp,0,0,0,0,failed_to_read,,,,,
CPP,,wez-atomicparsley,9224de3a251e991893a091832ccc6ccc5f83220b,src/parsley.cpp,0,0,0,0,failed_to_read,,,,,
CPP,,wez-atomicparsley,a405cec28ea30121a94f5a5f1106dfbde4411e94,src/extracts.cpp,0,0,0,0,failed_to_read,,,,,
CPP,,wez-atomicparsley,cbecfb1e2238b7c4261074725d25cbb297656c20,src/parsley.cpp,0,0,0,0,failed_to_read,,,,,
ShellScript,,zsh-users-zsh-autosuggestions,f8907cf32b1aefc6868c4f0d1fb77286d1a0f9b3,zsh-autosuggestions.zsh,0,0,0,0,failed_to_read,,,,,
ShellScript,,zsh-users-zsh-autosuggestions,8072e52d969409f3a9d5b6e977443e69bc6fe568,zsh-autosuggestions.zsh,0,0,0,0,failed_to_read,,,,,
ShellScript,,zsh-users-zsh-autosuggestions,c114bd2298dcb8a4d30f2c9c61393bf2bd1186dd,src/bind.zsh,0,0,0,0,failed_to_read,,,,,
ShellScript,,zsh-users-zsh-autosuggestions,6ec95379fa32e4d55360738616ae78240587dcc2,zsh-autosuggestions.zsh,0,0,0,0,failed_to_read,,,,,
ShellScript,,zsh-users-zsh-autosuggestions,ef657cb38cc197171c39caf2a93984176092f1ba,src/widgets.zsh,0,0,0,0,failed_to_read,,,,,
ShellScript,,zsh-users-zsh-autosuggestions,b87a4972c8be188af347fb3e29b8c47a923c4f75,zsh-autosuggestions.zsh,0,0,0,0,failed_to_read,,,,,
ShellScript,,zsh-users-zsh-history-substring-search,4f2f17cc46f21924cad9f3ca5019d7909c94d066,zsh-history-substring-search.zsh,0,0,0,0,failed_to_read,,,,,
ShellScript,,zsh-users-zsh-history-substring-search,07011f632b3e7d5956aa0434d28f898b1a3c9243,zsh-history-substring-search.zsh,0,0,0,0,failed_to_read,,,,,
ShellScript,,zsh-users-zsh-history-substring-search,60085528959341087b088970c8bea4b7870d6f5b,zsh-history-substring-search.zsh,0,0,0,0,failed_to_read,,,,,
ShellScript,,zsh-users-zsh-syntax-highlighting,9bb3db7fd2715e07804b23a78e0eed797e137610,zsh-syntax-highlighting.zsh,0,0,0,0,failed_to_read,,,,,
ShellScript,,zsh-users-zsh-syntax-highlighting,caa749d030d22168445c4cb97befd406d2828db0,highlighters/main/main-highlighter.zsh,0,0,0,0,failed_to_read,,,,,
ShellScript,,zsh-users-zsh-syntax-highlighting,f0e6a8ef5c90ff3e1e9516df666e36e02d0f362d,highlighters/main/test-data/opt-shwordsplit1.zsh,0,0,0,0,failed_to_read,,,,,
C,,tree-sitter-tree-sitter-ocaml,c242d09d204727eaad1819ba750ddb11952c49de,grammars/interface/src/parser.c,30268032,29957912,7615870,7541970,timed_out,,,,,
C,,tree-sitter-tree-sitter-scala,d4ed3266aea7fff1521be996d56d1faf437d575c,src/parser.c,26524575,26580851,7022709,7045314,timed_out,,,,,
TypeScript,,Maproom-qmapshack,4e13e8e23bc07316940939a35e9a4696e356c464,src/qmapshack/locale/qmapshack_it.ts,839794,990099,225860,275932,timed_out,,,,,
CSharp,,Blosc-c-blosc,adb3b4bec40c0d6c7eac1d7c26144cdefcd31701,internal-complibs/zlib-1.2.13/contrib/dotzlib/DotZLib/CodecBase.cs,0,0,0,0,failed_to_read,,,,,
CPP,,FrodeSolheim-fs-uae,3ea96e4a5938748150877d41b3ce64a87276b8c2,archivers/lha/slide.cpp,0,0,0,0,failed_to_read,,,,,
Kotlin,,JetBrains-java-annotations,229e51a058b3672eaccb979f4dd0704d37e3db4f,build.gradle.kts,0,0,0,0,failed_to_read,,,,,
Kotlin,,JetBrains-kotlin,f5f13c54ea4e0b3bba61ebb397cc952d7720a713,compiler/util-klib-abi/build.gradle.kts,0,0,0,0,failed_to_read,,,,,
Kotlin,,JetBrains-kotlin,f5f13c54ea4e0b3bba61ebb397cc952d7720a713,repo/gradle-build-conventions/project-tests-convention/src/main/kotlin/project-tests-convention.gradle.kts,0,0,0,0,failed_to_read,,,,,
C,,Joungkyun-libchardet,94fc10a0373943fae691cb7fc13e5725b9c50c5b,test/sample.c,0,0,0,0,failed_to_read,,,,,
CPP,,KhronosGroup-KTX-Software,422f501ea2da8628267645b5e6a0794119668d43,external/basis_universal/contrib/previewers/lib/basisu_transcoder.cpp,0,0,0,0,failed_to_read,,,,,
CPP,,Normaliz-Normaliz,67324cc96007e8202d9c032e503fd7a4ffdbc108,source/libnormaliz/full_cone.cpp,0,0,0,0,failed_to_read,,,,,
CSharp,,OpenNI-OpenNI,98d33a8cb14283c4ba2daa80acaf7b4587501a36,Platform/Linux/Build/Res/AssemblyInfo-OpenNI.cs,0,0,0,0,failed_to_read,,,,,
CSharp,,OpenNI-OpenNI,98501c4b49e3a887f0b8860bff88473b22eb7282,Platform/Linux-x86/Build/Res/AssemblyInfo-OpenNI.cs,0,0,0,0,failed_to_read,,,,,
CPP,,STEllAR-GROUP-hpx,4cf24cdba1c81914ae5605a6a191bb1d976ca8ec,libs/core/async_sycl/include/hpx/async_sycl/sycl_polling_helper.hpp,0,0,0,0,failed_to_read,,,,,
Kotlin,,TNG-junit-dataprovider,71612c1176abbe80635c368f07e782b51087262b,build.gradle.kts,0,0,0,0,failed_to_read,,,,,
Kotlin,,TNG-junit-dataprovider,9c5416e847fd97fc8408161fdb0c4b3db8b4c1c3,build.gradle.kts,0,0,0,0,failed_to_read,,,,,
Kotlin,,TNG-junit-dataprovider,7e73f9b229d21e8126bca9b206c2efe1cc22d8d3,build.gradle.kts,0,0,0,0,failed_to_read,,,,,
Kotlin,,TNG-junit-dataprovider,3497ae14f2b798d7cc07deab8a1762b7133dad16,build.gradle.kts,0,0,0,0,failed_to_read,,,,,
C,,Terraspace-UASM,34026b0c7bb70cf4b3bcc18a3b113de6280fd46a,CodeGenV2_WIP/InstrTableV2.h,0,0,0,0,failed_to_read,,,,,
C,,Terraspace-UASM,bdcb47fb1c3d16aca9618a01c0634f4a148dc1a1,codegenv2.c,0,0,0,0,failed_to_read,,,,,
C,,Terraspace-UASM,19e2b68dd5d4623d7689b4c96ddc4f7ec9d498f3,codegenv2.c,0,0,0,0,failed_to_read,,,,,
C,,ValveSoftware-openvr,25d2b814afa76e5a482638a78138da47ba177599,headers/openvr.h,0,0,0,0,failed_to_read,,,,,
C,,abacus-gene-paml,5daec9d223fa2249117e0b5276dd445ea7be3096,src/tools.c,0,0,0,0,failed_to_read,,,,,
C,,abacus-gene-paml,1436054a4044e2b8d10acfa6e6600e84d8ffc93d,src/tools.c,0,0,0,0,failed_to_read,,,,,
ShellScript,,acrisci-playerctl,8b2207fd0ce5daed4fabedde5e82ff316ecc2fad,data/playerctl.zsh,0,0,0,0,failed_to_read,,,,,
Scala,,adobe-fonts-source-han-mono,9a10a4fe9797b9777dd9b77cd093e8f76dd55e1d,Bold/OTC/features.OTC.It.SC,0,0,0,0,failed_to_read,,,,,
Scala,,adobe-fonts-source-han-mono,9a10a4fe9797b9777dd9b77cd093e8f76dd55e1d,Medium/OTC/features.OTC.It.SC,0,0,0,0,failed_to_read,,,,,
Scala,,adobe-fonts-source-han-mono,0381f376e6fdf00d3d463f5a371bcec4b1b69e23,Bold/OTC/cidfontinfo.OTC.It.SC,0,0,0,0,failed_to_read,,,,,
Scala,,adobe-fonts-source-han-mono,0381f376e6fdf00d3d463f5a371bcec4b1b69e23,Heavy/OTC/cidfontinfo.OTC.It.SC,0,0,0,0,failed_to_read,,,,,
Scala,,adobe-fonts-source-han-mono,0381f376e6fdf00d3d463f5a371bcec4b1b69e23,Medium/OTC/cidfontinfo.OTC.It.SC,0,0,0,0,failed_to_read,,,,,
Scala,,adobe-fonts-source-han-mono,0381f376e6fdf00d3d463f5a371bcec4b1b69e23,Regular/OTC/cidfontinfo.OTC.It.SC,0,0,0,0,failed_to_read,,,,,
Scala,,adobe-fonts-source-han-mono,5c5b72e67cb98919f4be8d81641e3c47698a1754,Light/OTC/cidfont.ps.OTC.It.SC,0,0,0,0,failed_to_read,,,,,
Scala,,adobe-fonts-source-han-mono,99492eb1ad0b3284983ba419334d8ce521cb2a66,Bold/OTC/cidfontinfo.OTC.It.SC,0,0,0,0,failed_to_read,,,,,
Scala,,adobe-fonts-source-han-mono,99492eb1ad0b3284983ba419334d8ce521cb2a66,Heavy/OTC/cidfontinfo.OTC.It.SC,0,0,0,0,failed_to_read,,,,,
Scala,,adobe-fonts-source-han-mono,99492eb1ad0b3284983ba419334d8ce521cb2a66,Medium/OTC/cidfontinfo.OTC.It.SC,0,0,0,0,failed_to_read,,,,,
Scala,,adobe-fonts-source-han-mono,99492eb1ad0b3284983ba419334d8ce521cb2a66,Regular/OTC/cidfontinfo.OTC.It.SC,0,0,0,0,failed_to_read,,,,,
C,,alevt-alevt,05e807bf8f6dca8d0fb5c0587a629f380bb958ae,main.c,0,0,0,0,failed_to_read,,,,,
C,,alevt-alevt,757a31e6e61dcc4f9e0c03b6496a1da23bbaedf3,main.c,0,0,0,0,failed_to_read,,,,,
C,,alevt-alevt,4ea6274964e708e8369060ac00250a94b4273b05,alevt-cap.c,0,0,0,0,failed_to_read,,,,,
C,,alevt-alevt,ccd4ea46721dac372cd04647ccbe3ebcb7860789,alevt-cap.c,0,0,0,0,failed_to_read,,,,,
Go,,aws-session-manager-plugin,85e98e418e220aa0e351d48294df6a6ed51ac326,vendor/src/github.com/aws/aws-sdk-go/service/ec2/api.go,7631974,7728804,946205,957196,timed_out,,,,,
C,,barak-vobcopy,45dc542d4fea1de557663e05023ce1dcbac665fe,vobcopy.c,0,0,0,0,failed_to_read,,,,,
C,,barak-vobcopy,24a49bf6d8867fd7d95b3346b6e716daebdac3da,vobcopy.c,0,0,0,0,failed_to_read,,,,,
C,,barak-vobcopy,e5eda78725f3248f690a1bd7c8a130648f90525a,vobcopy.c,0,0,0,0,failed_to_read,,,,,
C,,bhaak-vilistextum,ef0746c7138a6848532abe668fa21a19e80fc478,src/html.c,0,0,0,0,failed_to_read,,,,,
C,,bhaak-vilistextum,e95cd49bd577d7f45617bd685c7a8769451caeae,src/html.c,0,0,0,0,failed_to_read,,,,,
CPP,,bolero-MURAKAMI-Sprout,ea06f925655602a39750c2fd4fc88ecb98c9860f,example/lifegame/main.cpp,0,0,0,0,failed_to_read,,,,,
CPP,,bolero-MURAKAMI-Sprout,ea06f925655602a39750c2fd4fc88ecb98c9860f,sprout/complex/cosh.hpp,0,0,0,0,failed_to_read,,,,,
CPP,,bolero-MURAKAMI-Sprout,26299dad18a7e16fcb4873ce7f9f26a3d2ac1925,sprout/complex/acosh.hpp,0,0,0,0,failed_to_read,,,,,
CPP,,bolero-MURAKAMI-Sprout,26299dad18a7e16fcb4873ce7f9f26a3d2ac1925,sprout/math/tgamma.hpp,0,0,0,0,failed_to_read,,,,,
CPP,,bolero-MURAKAMI-Sprout,09181940789f135c292e9c336d8ceffca0b1bec3,sprout/complex/cosh.hpp,0,0,0,0,failed_to_read,,,,,
Go,,bookingcom-carbonapi,fdc03a0345aef5bcf9de440a4ea3a609d33f0b7a,vendor/golang.org/x/text/unicode/norm/tables9.0.0.go,381436,381418,167802,167801,timed_out,,,,,
CPP,,darkbitsorg-guichan,2f06cf2f9942d35f69493d2d4b23502f0409bb4b,include/guichan/cairo/cairographics.hpp,0,0,0,0,failed_to_read,,,,,
CPP,,darkbitsorg-guichan,2f06cf2f9942d35f69493d2d4b23502f0409bb4b,include/guichan/directx3d/directx3dimageloader.hpp,0,0,0,0,failed_to_read,,,,,
CPP,,darkbitsorg-guichan,2f06cf2f9942d35f69493d2d4b23502f0409bb4b,src/directx3d/directx3dimage.cpp,0,0,0,0,failed_to_read,,,,,
CPP,,darkbitsorg-guichan,c13a939ed4d205f2686f8a555cd42fbeaa893665,demos/ff/src/ffcontainer.cpp,0,0,0,0,failed_to_read,,,,,
CPP,,darkbitsorg-guichan,c13a939ed4d205f2686f8a555cd42fbeaa893665,include/guichan/allegro.hpp,0,0,0,0,failed_to_read,,,,,
CPP,,darkbitsorg-guichan,c13a939ed4d205f2686f8a555cd42fbeaa893665,include/guichan/color.hpp,0,0,0,0,failed_to_read,,,,,
CPP,,darkbitsorg-guichan,c13a939ed4d205f2686f8a555cd42fbeaa893665,include/guichan/exception.hpp,0,0,0,0,failed_to_read,,,,,
CPP,,darkbitsorg-guichan,c13a939ed4d205f2686f8a555cd42fbeaa893665,include/guichan/gui.hpp,0,0,0,0,failed_to_read,,,,,
CPP,,darkbitsorg-guichan,c13a939ed4d205f2686f8a555cd42fbeaa893665,include/guichan/imagefont.hpp,0,0,0,0,failed_to_read,,,,,
CPP,,darkbitsorg-guichan,c13a939ed4d205f2686f8a555cd42fbeaa893665,include/guichan/listmodel.hpp,0,0,0,0,failed_to_read,,,,,
CPP,,darkbitsorg-guichan,c13a939ed4d205f2686f8a555cd42fbeaa893665,include/guichan/opengl/openglsdlimageloader.hpp,0,0,0,0,failed_to_read,,,,,
CPP,,darkbitsorg-guichan,c13a939ed4d205f2686f8a555cd42fbeaa893665,include/guichan/rectangle.hpp,0,0,0,0,failed_to_read,,,,,
CPP,,darkbitsorg-guichan,c13a939ed4d205f2686f8a555cd42fbeaa893665,include/guichan/selectionlistener.hpp,0,0,0,0,failed_to_read,,,,,
CPP,,darkbitsorg-guichan,c13a939ed4d205f2686f8a555cd42fbeaa893665,include/guichan/widgets/imagebutton.hpp,0,0,0,0,failed_to_read,,,,,
CPP,,darkbitsorg-guichan,c13a939ed4d205f2686f8a555cd42fbeaa893665,include/guichan/widgets/textbox.hpp,0,0,0,0,failed_to_read,,,,,
CPP,,darkbitsorg-guichan,c13a939ed4d205f2686f8a555cd42fbeaa893665,src/allegro/allegroimageloader.cpp,0,0,0,0,failed_to_read,,,,,
CPP,,darkbitsorg-guichan,c13a939ed4d205f2686f8a555cd42fbeaa893665,src/contrib/widgets/adjustingcontainer.cpp,0,0,0,0,failed_to_read,,,,,
CPP,,darkbitsorg-guichan,c13a939ed4d205f2686f8a555cd42fbeaa893665,src/graphics.cpp,0,0,0,0,failed_to_read,,,,,
CPP,,darkbitsorg-guichan,c13a939ed4d205f2686f8a555cd42fbeaa893665,src/image.cpp,0,0,0,0,failed_to_read,,,,,
CPP,,darkbitsorg-guichan,c13a939ed4d205f2686f8a555cd42fbeaa893665,src/opengl/opengl.cpp,0,0,0,0,failed_to_read,,,,,
CPP,,darkbitsorg-guichan,c13a939ed4d205f2686f8a555cd42fbeaa893665,src/openlayer/openlayerinput.cpp,0,0,0,0,failed_to_read,,,,,
CPP,,darkbitsorg-guichan,c13a939ed4d205f2686f8a555cd42fbeaa893665,src/widget.cpp,0,0,0,0,failed_to_read,,,,,
CPP,,darkbitsorg-guichan,c13a939ed4d205f2686f8a555cd42fbeaa893665,src/widgets/listbox.cpp,0,0,0,0,failed_to_read,,,,,
CPP,,darkbitsorg-guichan,c13a939ed4d205f2686f8a555cd42fbeaa893665,src/widgets/window.cpp,0,0,0,0,failed_to_read,,,,,
CPP,,darkbitsorg-guichan,cb9a7ffb898f05f2ca6eebd2504f566b279527b5,include/guichan/hge.hpp,0,0,0,0,failed_to_read,,,,,
CPP,,darkbitsorg-guichan,cb9a7ffb898f05f2ca6eebd2504f566b279527b5,src/openlayer/openlayerinput.cpp,0,0,0,0,failed_to_read,,,,,
C,,dimpase-autocliquer,4cc717b735a608f959671c36e793a6d091555757,lib/graph.c,0,0,0,0,failed_to_read,,,,,
Scala,,flowdalic-sendxmpp,98be9b6323fc683f1c0327a4af7e14b69abc5960,sendxmpp.sc,0,0,0,0,failed_to_read,,,,,
Scala,,flowdalic-sendxmpp,74c08c7645c5ec1a081f1b405d01394a26211964,sendxmpp.sc,0,0,0,0,failed_to_read,,,,,
C,,freaklabs-chibiArduino,9261d831a0b98210a17fffa9b70ad1b5f7ce3042,chibiUsrCfg.h,0,0,0,0,failed_to_read,,,,,
Vimscript,,fs111-pydoc.vim,303cb9359d043f8c2c896a183863517f2190e989,ftplugin/python_pydoc.vim,0,0,0,0,failed_to_read,,,,,
Vimscript,,fs111-pydoc.vim,0f78d3d0df2c867c12d77834c1687877f9f6a268,ftplugin/python_pydoc.vim,0,0,0,0,failed_to_read,,,,,
Vimscript,,fs111-pydoc.vim,353bd6a6df5799fa04af92bfe69956eb44d05c41,plugin/pydoc.vim,0,0,0,0,failed_to_read,,,,,
ShellScript,,garabik-grc,8eb0e6614bc8c9cf31d8d797a3b4e6cbbbdc67ce,grc.zsh,0,0,0,0,failed_to_read,,,,,
C,,gnif-mod_rpaf,7fd1bbb706276184982423c774d09e246445246b,mod_rpaf.c,0,0,0,0,failed_to_read,,,,,
C,,hsoft-avra,0da74514f669cb2cd121f23c207398989b9a25dd,src/expr.c,0,0,0,0,failed_to_read,,,,,
C,,hsoft-avra,764fe614729065d32dca3324cab03f2466e47dc6,src/expr.c,0,0,0,0,failed_to_read,,,,,
C,,ianw-libiptcdata,c1a145bb75ff40610d128faedf9ac1752ede6510,libiptcdata/i18n.h,0,0,0,0,failed_to_read,,,,,
C,,ianw-libiptcdata,c1a145bb75ff40610d128faedf9ac1752ede6510,libiptcdata/iptc-mem.h,0,0,0,0,failed_to_read,,,,,
C,,ianw-libiptcdata,a08baa11692bc12089a3e03cc341508d8f65c5a8,python/pyiptcdata.c,0,0,0,0,failed_to_read,,,,,
C,,ianw-libiptcdata,53e92fca2d5bf5cf7e0606db6f34551c33353832,python/pyiptcdata.c,0,0,0,0,failed_to_read,,,,,
C,,intel-cmrt,49150ffaff2e5188bd87a11b1da76d3506dc3371,src/hw_interface_g9.c,0,0,0,0,failed_to_read,,,,,
C,,intel-cmrt,d042c3134aeb0f0bd33f873c270b53c47b7c42a5,src/hal_cm_g9.h,0,0,0,0,failed_to_read,,,,,
CPP,,intel-cmrt,f129f54f6d6040695a8e5ea6743f986d5aa7380a,src/hal_cm_g8.cpp,0,0,0,0,failed_to_read,,,,,
CPP,,intel-cmrt,cfd62c90241d37a9e374cf96f53a1f50cb842f47,src/hal_cm_g8.cpp,0,0,0,0,failed_to_read,,,,,
C,,intel-cmrt,14df838c9257910fa12aee578c223f96c2feced4,src/hw_cmd.c,0,0,0,0,failed_to_read,,,,,
C,,intel-cmrt,defc713138b72f94ffa34e29ae4a607e63fed59b,src/os_util_debug.c,0,0,0,0,failed_to_read,,,,,
CPP,,intel-cmrt,5ab9280e67da506ba179788fcdb20bb1efc9579c,src/cm_device.cpp,0,0,0,0,failed_to_read,,,,,
C,,intel-cmrt,8d3711b542feacd8a11c7c33aaef2c9292dcb3f2,src/cm_kernel.h,0,0,0,0,failed_to_read,,,,,
CPP,,intel-cmrt,8d3711b542feacd8a11c7c33aaef2c9292dcb3f2,src/cm_surface.cpp,0,0,0,0,failed_to_read,,,,,
CPP,,intel-cmrt,8d3711b542feacd8a11c7c33aaef2c9292dcb3f2,src/cm_task_internal.cpp,0,0,0,0,failed_to_read,,,,,
CPP,,intel-cmrt,f78a608b75e049851f6165935fcf27628ebdb536,src/cm_device.cpp,0,0,0,0,failed_to_read,,,,,
C,,intel-cmrt,aae15f7b6967e81be070f20c14c7c708bc3fa7db,src/hw_interface_g75.h,0,0,0,0,failed_to_read,,,,,
CPP,,intel-intel-hybrid-driver,cef3c7ca8a1dfaa4f8280c584d0d633f72adf13b,src/cmrt/cm_surface.cpp,0,0,0,0,failed_to_read,,,,,
Python,,ispell-lt-ispell-lt,d28a4c58519602c82bb059f93d12030e155f3b62,tools/utils/validator/donelaitis.py,0,0,0,0,failed_to_read,,,,,
C,,jaqx0r-pymad,64bd05d3f7eff82a588a30fee25480c166218982,src/pymadfile.c,0,0,0,0,failed_to_read,,,,,
HTML,,javaee-javahelp,7daa9762a7d0b12f0846c9aef231cea2cd1b8c73,jhMaster/JavaHelp/doc/jhug/release/changes.html,0,0,0,0,failed_to_read,,,,,
ShellScript,,keis-git-fixup,2c24b7df664f8737bdc43774e48df53d175ce22a,completion.zsh,0,0,0,0,failed_to_read,,,,,
C,,libharu-libharu,d3ec750ed6faf48f31a5f0bf2db59a647367c6e2,demo/text_annotation.c,0,0,0,0,failed_to_read,,,,,
ShellScript,,mafredri-zsh-async,65c0885ceccd01f1233879fa187c0e0f59998611,async_test.zsh,0,0,0,0,failed_to_read,,,,,
ShellScript,,mafredri-zsh-async,8ebe0a62778b4423983b25ec1e7a149c1ac9781d,async_test.zsh,0,0,0,0,failed_to_read,,,,,
ShellScript,,mafredri-zsh-async,cac098769a5ccc91e5bc104bcab4b4ea6f61e78e,async.zsh,0,0,0,0,failed_to_read,,,,,
ShellScript,,mafredri-zsh-async,95c2b1577f455728ec01cec001a86c216d0af2bd,async.zsh,0,0,0,0,failed_to_read,,,,,
ShellScript,,mafredri-zsh-async,9f8686d4bb0b4329fef2f9f193b89a3c2220dba6,async_test.zsh,0,0,0,0,failed_to_read,,,,,
ShellScript,,mafredri-zsh-async,001f40e329bd04baebbe9008306246a01d015e2c,async_test.zsh,0,0,0,0,failed_to_read,,,,,
C,,magnush-mhwaveedit,a48295488aea34dd369d3b1c92f21d17e210ec05,src/mainwindow.c,0,0,0,0,failed_to_read,,,,,
C,,magnush-mhwaveedit,3515ff1a108f3ec535d6c7f590729b3e315f3917,src/datasource.h,0,0,0,0,failed_to_read,,,,,
C,,magnush-mhwaveedit,ec43a84a8008c9657eb5b7c730c19d4b0acbccb3,src/mainwindow.c,0,0,0,0,failed_to_read,,,,,
C,,markusfisch-PieDock,3724cde2d77748c8ea0b519061a98e5d9d8f6380,src/ArgbSurfaceSizeMap.h,0,0,0,0,failed_to_read,,,,,
CPP,,markusfisch-PieDock,3724cde2d77748c8ea0b519061a98e5d9d8f6380,src/Hotspot.cpp,0,0,0,0,failed_to_read,,,,,
C,,markusfisch-PieDock,3724cde2d77748c8ea0b519061a98e5d9d8f6380,src/MenuItem.h,0,0,0,0,failed_to_read,,,,,
CPP,,markusfisch-PieDock,3724cde2d77748c8ea0b519061a98e5d9d8f6380,src/PieMenuWindow.cpp,0,0,0,0,failed_to_read,,,,,
CPP,,markusfisch-PieDock,3724cde2d77748c8ea0b519061a98e5d9d8f6380,src/Surface.cpp,0,0,0,0,failed_to_read,,,,,
CPP,,markusfisch-PieDock,3724cde2d77748c8ea0b519061a98e5d9d8f6380,src/WindowManager.cpp,0,0,0,0,failed_to_read,,,,,
C,,markusfisch-PieDock,b4e9ecf22d0b00e3475e77dab2593fd35a5b2236,src/Cartouche.h,0,0,0,0,failed_to_read,,,,,
CPP,,markusfisch-PieDock,b4e9ecf22d0b00e3475e77dab2593fd35a5b2236,src/Text.cpp,0,0,0,0,failed_to_read,,,,,
CPP,,markusfisch-PieDock,b4e9ecf22d0b00e3475e77dab2593fd35a5b2236,src/main.cpp,0,0,0,0,failed_to_read,,,,,
Python,,meerk40t-svgelements,4342424ed773c33d34860afce3261131ce21874a,svgelements/svgelements.py,0,0,0,0,failed_to_read,,,,,
Python,,meerk40t-svgelements,e773ae71b3698441c2da8d208db09a98a763d6b7,svgelements/svgelements.py,0,0,0,0,failed_to_read,,,,,
Python,,meerk40t-svgelements,a04ad17c8539e127b13210ff6a159a75490248c6,svgelements/svgelements.py,0,0,0,0,failed_to_read,,,,,
C,,miguelmarco-libbraiding,91222b31426ec1e561be39592fb8b87f9261bcde,lib/braiding.h,0,0,0,0,failed_to_read,,,,,
C,,miguelmarco-libbraiding,0a1716568e5132824e58ba9b0045ef76ba2d7a6f,lib/braiding.h,0,0,0,0,failed_to_read,,,,,
CPP,,miguelmarco-libbraiding,8df9b8420429a3ab82eae37035bc698d40da055b,lib/braiding.cpp,0,0,0,0,failed_to_read,,,,,
C,,olivluca-vdr-actuator-plugin,0b2637fe392adacd1e9a0dac9027a447bf6fc8bf,actuator.c,0,0,0,0,failed_to_read,,,,,
C,,olivluca-vdr-actuator-plugin,628e3a93fa3959de754882b3461a1b9bb319e324,actuator.c,0,0,0,0,failed_to_read,,,,,
C,,olivluca-vdr-actuator-plugin,a0a98706e3b92b6a5fcc95ae60b810ecc5108340,actuator.c,0,0,0,0,failed_to_read,,,,,
C,,olivluca-vdr-actuator-plugin,386c5abe8c436b7a43c4e94b817f738a35a88488,actuator.c,0,0,0,0,failed_to_read,,,,,
C,,pbiering-ipv6calc,927857ad052a55fab4ca41ea72905efd883b1aa1,databases/ieee-oui/dbieee_oui.h,2258339,2282946,563201,568931,timed_out,,,,,
ShellScript,,poetaman-arttime,3e814e9507fc72ca36619e07e0fed8d3eadcf958,share/arttime/src/arttime.zsh,0,0,0,0,failed_to_read,,,,,
ShellScript,,poetaman-arttime,f5fcb96daad4583a7facfaf20f39a02fe2671ee1,share/arttime/src/arttime.zsh,0,0,0,0,failed_to_read,,,,,
ShellScript,,powerline-powerline,57aea1e400c08d76a7da84444ba530ef640426e1,powerline/bindings/zsh/powerline.zsh,0,0,0,0,failed_to_read,,,,,
C,,rollinhand-libdbf,223d7d4de0f49503fd58f776d6de0ec791377980,src/dbf.h,0,0,0,0,failed_to_read,,,,,
ShellScript,,rossmacarthur-sheldon,0582580ec67cdc9704fba94f9eb9fd9e91f4b8de,completions/sheldon.zsh,0,0,0,0,failed_to_read,,,,,
C,,set-soft-tvision,b6101a3d31fa1dc9f7d7f64e0968e85fd8ac3db5,tvision/include/tv/tvconfig.h,0,0,0,0,failed_to_read,,,,,
CPP,,set-soft-tvision,db2cc66b4745a0a11875f51a099ab6a1ee98b5a0,tvision/classes/codepage.cc,0,0,0,0,failed_to_read,,,,,
CPP,,set-soft-tvision,6687392d5575cbecc56698c1d448ecccfd84d97b,tvision/classes/unix/unixmouse.cc,0,0,0,0,failed_to_read,,,,,
C,,set-soft-tvision,ed310507ea43b949dadc065484e7e398c68cc866,tvision/include/tv/ipstream.h,0,0,0,0,failed_to_read,,,,,
CPP,,set-soft-tvision,bff72460436c06c81ff3dddf9c2141fea88b09c8,tvision/classes/wingr/wingrscr.cc,0,0,0,0,failed_to_read,,,,,
CSharp,,silnrsi-teckit,d60c1265dc6c39b988efdd8eefeb0fdfa1181434,zlib-1.2.13/contrib/dotzlib/DotZLib/Deflater.cs,0,0,0,0,failed_to_read,,,,,
ShellScript,,skim-rs-skim,706620c5b74a2d0ff028c270581efb9229402999,shell/completion.zsh,0,0,0,0,failed_to_read,,,,,
Ruby,,skk-dev-skktools,9f71fb8496a39a76dccf219f84c079eaf2edc05b,convert2skk/skk-wordpicker.rb,0,0,0,0,failed_to_read,,,,,
Ruby,,skk-dev-skktools,43e21323096bb31770f66fc60f14a11580030677,convert2skk/ctdicconv.rb,0,0,0,0,failed_to_read,,,,,
Ruby,,skk-dev-skktools,7d857d554509b279bfac044bf1fda93f38a8fd0f,filters/asayaKe.rb,0,0,0,0,failed_to_read,,,,,
ShellScript,,sorayuki-obs-multi-rtmp,d8ea669fbb65ff452b55125fdec0a5cbcd706cf5,build-aux/.run-format.zsh,0,0,0,0,failed_to_read,,,,,
ShellScript,,sorayuki-obs-multi-rtmp,5f01841da4a0f3a3b6af425ede1b7a91db5f5189,build-aux/.run-format.zsh,0,0,0,0,failed_to_read,,,,,
ShellScript,,sukria-Backup-Manager,cab8efe291ec8b7e1b7770db16e62da95d146d6d,lib/sanitize.sh,0,0,0,0,failed_to_read,,,,,
ShellScript,,sukria-Backup-Manager,6cf5bb14f8f57cd5b65c76ecba267781cc327cc5,lib/dialog.sh,0,0,0,0,failed_to_read,,,,,
ShellScript,,sukria-Backup-Manager,a7a64ed7d2e06ac7039545cbf31882c7532b8eef,lib/dialog.sh,0,0,0,0,failed_to_read,,,,,
ShellScript,,sukria-Backup-Manager,2bdaed96816c7910de82dd981e68780bb2e5372e,lib/burning-methods.sh,0,0,0,0,failed_to_read,,,,,
ShellScript,,sukria-Backup-Manager,2bdaed96816c7910de82dd981e68780bb2e5372e,lib/sanitize.sh,0,0,0,0,failed_to_read,,,,,
C,,theabolton-whysynth,f26dc9cff2bf122f79e3239a39255d682e50a0d4,src/whysynth_voice_render.c,0,0,0,0,failed_to_read,,,,,
C,,theabolton-whysynth,6d75b6fb1b74275c0efdccc3034b10bc71a15783,src/whysynth_voice_render.c,0,0,0,0,failed_to_read,,,,,
C,,tomac-yersinia,d91bbf6f475e7ea39f131b77ce91b2de9646d5ca,src/ncurses-interface.c,0,0,0,0,failed_to_read,,,,,
C,,tree-sitter-grammars-tree-sitter-vim,0705da7c841e40c9e6859c7e94ccc26d8c37fa2e,src/parser.c,4541312,4542411,1329789,1330438,timed_out,,,,,
C,,tree-sitter-tree-sitter-c,8c4aefef79f207172976a8cf6fbcf0ebf9f5aa2a,src/parser.c,3868083,3872063,1110338,1110871,timed_out,,,,,
C,,tree-sitter-tree-sitter-rust,377ca9607970a5961201158a7bf620fb39038e14,src/parser.c,6451566,6452969,1977131,1977614,timed_out,,,,,
C,,tree-sitter-tree-sitter-rust,c447dcce961ac438aaeaf117347749fe7d1e8365,src/parser.c,6153016,6180508,1881543,1887826,timed_out,,,,,
C,,tsyrogit-zxcvbn-c,ad2ef761986e500fc7e657413ae3e09f791d855e,zxcvbn.c,0,0,0,0,failed_to_read,,,,,
C,,tsyrogit-zxcvbn-c,fee8d69e82e09c67215c8fb0129c7e924170d00f,zxcvbn.c,0,0,0,0,failed_to_read,,,,,
C,,typingArtist-vdr-plugin-remote,03cf06f077003073a2162af1efad71a8144ace28,i18n.c,0,0,0,0,failed_to_read,,,,,
C,,typingArtist-vdr-plugin-remote,b5c422b74aa8aeae5f2a70edcbbfd3fb35d7adb9,i18n.c,0,0,0,0,failed_to_read,,,,,
C,,typingArtist-vdr-plugin-remote,054e2508562e33d5433e075babef3ba491a74ed5,i18n.c,0,0,0,0,failed_to_read,,,,,
C,,ultravideo-kvazaar,6de80fe66f48e28a08fd8717606186e9cb6cf8ef,src/search.c,0,0,0,0,failed_to_read,,,,,
C,,vdr-projects-vdr-plugin-epgsync,9565955198aea70ef811b41878c41bfad2e5cdbc,i18n.c,0,0,0,0,failed_to_read,,,,,
C,,vdr-projects-vdr-plugin-lcdproc,575800cfff3962e6beb609052668586a1a8e0b75,i18n.c,0,0,0,0,failed_to_read,,,,,
C,,vdr-projects-vdr-plugin-pin,d1e3f613ce43e5b355807398369393fb8e35e63e,menu.h,0,0,0,0,failed_to_read,,,,,
C,,vdr-projects-vdr-plugin-ttxtsubs,ac89f6a027bf2cecafe376dd9deef7cfd80c0ac3,teletext-chars.h,0,0,0,0,failed_to_read,,,,,
C,,vdr-projects-vdr-plugin-ttxtsubs,193ab1ebca1c6757a0497676a73a81cce39c492c,ttxtsubs.c,0,0,0,0,failed_to_read,,,,,
C,,vdr-projects-vdr-plugin-ttxtsubs,daee0f052fc035287e5071129b5a21f11128824e,ttxtsubs.c,0,0,0,0,failed_to_read,,,,,
C,,vdr-projects-vdr-plugin-ttxtsubs,2e9dc6e9809ecc3827d743f7f4762095cc020f43,ttxtsubs.c,0,0,0,0,failed_to_read,,,,,
C,,virtualsquare-vde-2,e3f701978a0a20e56cd9829353d110d4ddcedd90,src/vde_cryptcab/cryptcab.h,0,0,0,0,failed_to_read,,,,,
CPP,,wanpinglee-MOSAIK,14b828f2e9a9dba344d113f10480a2dc31b32e91,src/MosaikAligner/AlignmentThread.cpp,0,0,0,0,failed_to_read,,,,,
CPP,,wanpinglee-MOSAIK,59b4f70ba48258e2c507818ee35b5f7bd97d22f5,src/MosaikAligner/AlignerMain.cpp,0,0,0,0,failed_to_read,,,,,
CPP,,wanpinglee-MOSAIK,0e42f48919e000908fcc76f4423403415d0d274c,src/CommonSource/DataStructures/MosaikString.cpp,0,0,0,0,failed_to_read,,,,,
CPP,,wanpinglee-MOSAIK,bf16c9a1adf6feff85fea88cb9d3dc07829beb84,src/CommonSource/DataStructures/JumpDnaHash.cpp,0,0,0,0,failed_to_read,,,,,
C,,wanpinglee-MOSAIK,5264d9ccbd214cb792ef6d5570b33b6a7d2f4bc0,src/CommonSource/Config/Mosaik.h,0,0,0,0,failed_to_read,,,,,
CPP,,wanpinglee-MOSAIK,e31f4c77a318c852b667eb13800a6739e647794e,src/MosaikAligner/AlignmentThread.cpp,0,0,0,0,failed_to_read,,,,,
CPP,,wez-atomicparsley,882bbaf6ac018fcd12bf40b15e29f6599e19ee40,src/parsley.cpp,0,0,0,0,failed_to_read,,,,,
C,,wez-atomicparsley,abbce70ecf54a8bbc6e84d3ad8ca5d98f9476e1d,src/AtomicParsley.h,0,0,0,0,failed_to_read,,,,,
CPP,,wez-atomicparsley,cbecfb1e2238b7c4261074725d25cbb297656c20,src/util.cpp,0,0,0,0,failed_to_read,,,,,
CPP,,wgois-OIS,6edb487cccb54d59e5b0fff86549d5eef475dea6,src/win32/Win32KeyBoard.cpp,0,0,0,0,failed_to_read,,,,,
C,,zapping-vbi-zvbi,529b03fafa08ca355d5caef837b1b6772fa17894,src/ure.c,0,0,0,0,failed_to_read,,,,,
ShellScript,,zsh-users-zsh-autosuggestions,11d17e7fea9fba8067f992b3d95e884c20a4069c,src/widgets.zsh,0,0,0,0,failed_to_read,,,,,
ShellScript,,zsh-users-zsh-autosuggestions,69bf058c231ec94006c0c31c96343ce6a60d4ac9,src/async.zsh,0,0,0,0,failed_to_read,,,,,
ShellScript,,zsh-users-zsh-autosuggestions,c114bd2298dcb8a4d30f2c9c61393bf2bd1186dd,zsh-autosuggestions.zsh,0,0,0,0,failed_to_read,,,,,
ShellScript,,zsh-users-zsh-autosuggestions,ef657cb38cc197171c39caf2a93984176092f1ba,zsh-autosuggestions.zsh,0,0,0,0,failed_to_read,,,,,
ShellScript,,zsh-users-zsh-history-substring-search,3235b885ddd42f912dbb981abd31ab9a098eca85,zsh-history-substring-search.zsh,0,0,0,0,failed_to_read,,,,,
ShellScript,,zsh-users-zsh-history-substring-search,f48193bcd9d7bb4845c1502be5edbdc214f8c2e4,zsh-history-substring-search.zsh,0,0,0,0,failed_to_read,,,,,
ShellScript,,zsh-users-zsh-history-substring-search,1a9b72a95f16a774838eeb5dbc275b680cefe314,zsh-history-substring-search.zsh,0,0,0,0,failed_to_read,,,,,
ShellScript,,zsh-users-zsh-history-substring-search,3e64e0e9fa944b9e95de46e8a459ecf209663fa7,zsh-history-substring-search.zsh,0,0,0,0,failed_to_read,,,,,
ShellScript,,zsh-users-zsh-syntax-highlighting,d59ce0fbd014bd69b1eed21c029c0d51bf8d6a09,zsh-syntax-highlighting.zsh,0,0,0,0,failed_to_read,,,,,
ShellScript,,zsh-users-zsh-syntax-highlighting,c5ce0014677a0f69a10b676b6038ad127f40c6b1,highlighters/main/main-highlighter.zsh,0,0,0,0,failed_to_read,,,,,
ShellScript,,zsh-users-zsh-syntax-highlighting,0e1bb14452e3fc66dcc81531212e1061e02c1a61,highlighters/main/main-highlighter.zsh,0,0,0,0,failed_to_read,,,,,
C,,tree-sitter-tree-sitter-typescript,ab41b8c89a5737c761146671342be54f639e7612,tsx/src/parser.c,12757621,12902648,3879160,3926908,timed_out,,,,,
ShellScript,,Aloxaf-fzf-tab,fc6f0dcb2d5e41a4a685bfe9af2f2393dc39f689,fzf-tab.zsh,0,0,0,0,failed_to_read,,,,,
ShellScript,,Aloxaf-fzf-tab,a975fce2af760db9f5f82ab713ae832621205dfa,fzf-tab.zsh,0,0,0,0,failed_to_read,,,,,
CSharp,,Blosc-c-blosc,5052e00173260c03f474d7405bf68a5718d6cc81,internal-complibs/zlib-1.3.1/contrib/dotzlib/DotZLib/ChecksumImpl.cs,0,0,0,0,failed_to_read,,,,,
CSharp,,Blosc-c-blosc,adb3b4bec40c0d6c7eac1d7c26144cdefcd31701,internal-complibs/zlib-1.2.13/contrib/dotzlib/DotZLib/Deflater.cs,0,0,0,0,failed_to_read,,,,,
C,,GPUOpen-LibrariesAndSDKs-AMF,c48e50ad6c8723c006b2c145d8fa49ecc0651022,amf/public/src/components/ComponentsFFMPEG/AV1EncoderFFMPEGImpl.h,0,0,0,0,failed_to_read,,,,,
Kotlin,,JetBrains-java-annotations,b44ce8ddf93e0516f0a8acfde776a1d829481b29,build.gradle.kts,0,0,0,0,failed_to_read,,,,,
Kotlin,,JetBrains-java-annotations,5d7e0230b12d4f5f59e95fbfb1fd961febfc6ba7,build.gradle.kts,0,0,0,0,failed_to_read,,,,,
Kotlin,,JetBrains-java-annotations,3cfda95571bc4b79840d42e760c7b4dcb95b7374,multiplatform-annotations/build.gradle.kts,0,0,0,0,failed_to_read,,,,,
Kotlin,,JetBrains-kotlin,f5f13c54ea4e0b3bba61ebb397cc952d7720a713,repo/gradle-build-conventions/project-tests-convention/src/main/kotlin/test-inputs-check.gradle.kts,0,0,0,0,failed_to_read,,,,,
C,,Joungkyun-libchardet,94fc10a0373943fae691cb7fc13e5725b9c50c5b,test/sample1.c,0,0,0,0,failed_to_read,,,,,
ShellScript,,LukeSmithxyz-mutt-wizard,365954f8ce82a554b7b03c29a92502ce3213bab6,completion/_mutt-wizard.zsh,0,0,0,0,failed_to_read,,,,,
JavaScript,,MythTV-mythweb,9230abf1b2c01f4369e27be1c05e6ad814d43b46,js/table_sort.js,0,0,0,0,failed_to_read,,,,,
Kotlin,,TNG-junit-dataprovider,ecc4c6714ff1190a9be44f6543d4dd220544b5c2,build.gradle.kts,0,0,0,0,failed_to_read,,,,,
Kotlin,,TNG-junit-dataprovider,4805fc07ba6984a6b938dc70f864e84e650a2f8c,build.gradle.kts,0,0,0,0,failed_to_read,,,,,
C,,Terraspace-UASM,1ee6f59b5199aded18faa2a4f74994200bee3f89,codegenv2.c,0,0,0,0,failed_to_read,,,,,
C,,Terraspace-UASM,b379e9a666eb04ddc0948727859f32c223cebc16,codegenv2.c,0,0,0,0,failed_to_read,,,,,
C,,Terraspace-UASM,de65e07076d9dd9a821158e16ff1f013c61b97e4,codegenv2.c,0,0,0,0,failed_to_read,,,,,
C,,ValveSoftware-openvr,823135df1783009cb468d0fc4190816254f7687d,headers/openvr.h,0,0,0,0,failed_to_read,,,,,
CPP,,ZDoom-ZMusic,2509ebb684361c742e42e359ad646f1d46ce9bb4,thirdparty/timidity/instrum_sf2.cpp,0,0,0,0,failed_to_read,,,,,
C,,ZDoom-ZMusic,56d2cd68cc1d3f7305b6547e4c3e9a928049cce5,thirdparty/libxmp/src/mkstemp.c,0,0,0,0,failed_to_read,,,,,
C,,abacus-gene-paml,dad7e43eb1ec8bffdb49bf1022038a5c647f3f45,src/tools.c,0,0,0,0,failed_to_read,,,,,
C,,abacus-gene-paml,29368a24f579d55ae863aa20c7f507d8524e2f53,src/tools.c,0,0,0,0,failed_to_read,,,,,
C,,abacus-gene-paml,b559b3031ab03da10e19478acc2b6ad1f2540684,src/tools.c,0,0,0,0,failed_to_read,,,,,
C,,abacus-gene-paml,ab45b57674ce03b070d5ec2db9876d222ca12600,src/tools.c,0,0,0,0,failed_to_read,,,,,
C,,abacus-gene-paml,deffaadc46add73b08060e7917b71a2d76822d09,src/tools.c,0,0,0,0,failed_to_read,,,,,
Scala,,adobe-fonts-source-han-mono,9a10a4fe9797b9777dd9b77cd093e8f76dd55e1d,Bold/OTC/features.OTC.SC,0,0,0,0,failed_to_read,,,,,
Scala,,adobe-fonts-source-han-mono,9a10a4fe9797b9777dd9b77cd093e8f76dd55e1d,Medium/OTC/features.OTC.SC,0,0,0,0,failed_to_read,,,,,
Scala,,adobe-fonts-source-han-mono,0381f376e6fdf00d3d463f5a371bcec4b1b69e23,Bold/OTC/cidfontinfo.OTC.SC,0,0,0,0,failed_to_read,,,,,
Scala,,adobe-fonts-source-han-mono,0381f376e6fdf00d3d463f5a371bcec4b1b69e23,Heavy/OTC/cidfontinfo.OTC.SC,0,0,0,0,failed_to_read,,,,,
Scala,,adobe-fonts-source-han-mono,0381f376e6fdf00d3d463f5a371bcec4b1b69e23,Medium/OTC/cidfontinfo.OTC.SC,0,0,0,0,failed_to_read,,,,,
Scala,,adobe-fonts-source-han-mono,0381f376e6fdf00d3d463f5a371bcec4b1b69e23,Regular/OTC/cidfontinfo.OTC.SC,0,0,0,0,failed_to_read,,,,,
Scala,,adobe-fonts-source-han-mono,5c5b72e67cb98919f4be8d81641e3c47698a1754,Light/OTC/cidfont.ps.OTC.SC,0,0,0,0,failed_to_read,,,,,
Scala,,adobe-fonts-source-han-mono,99492eb1ad0b3284983ba419334d8ce521cb2a66,Bold/OTC/cidfontinfo.OTC.SC,0,0,0,0,failed_to_read,,,,,
Scala,,adobe-fonts-source-han-mono,99492eb1ad0b3284983ba419334d8ce521cb2a66,Heavy/OTC/cidfontinfo.OTC.SC,0,0,0,0,failed_to_read,,,,,
Scala,,adobe-fonts-source-han-mono,99492eb1ad0b3284983ba419334d8ce521cb2a66,Medium/OTC/cidfontinfo.OTC.SC,0,0,0,0,failed_to_read,,,,,
Scala,,adobe-fonts-source-han-mono,99492eb1ad0b3284983ba419334d8ce521cb2a66,Regular/OTC/cidfontinfo.OTC.SC,0,0,0,0,failed_to_read,,,,,
CPP,,airdcpp-web-airdcpp-webclient,1074675b39db6af8900d4be5fa35d613ca5ecee6,airdcpp/share/ShareTree.cpp,0,0,0,0,failed_to_read,,,,,
C,,alevt-alevt,88ec244419ef777891a44d1a6b518349fb03fe8c,alevt-cap.c,0,0,0,0,failed_to_read,,,,,
C,,alevt-alevt,7cf635bfba7472b93842bdbe2b89308319513736,alevt-cap.c,0,0,0,0,failed_to_read,,,,,
C,,alevt-alevt,757a31e6e61dcc4f9e0c03b6496a1da23bbaedf3,alevt-cap.c,0,0,0,0,failed_to_read,,,,,
C,,alevt-alevt,39e0f39582aeb08f33b69ec1426adfea337d93f9,alevt-cap.c,0,0,0,0,failed_to_read,,,,,
Kotlin,,apiguardian-team-apiguardian,12814d86958926a3cc786b370b83d2838c59dfb0,build.gradle.kts,0,0,0,0,failed_to_read,,,,,
C,,barak-vobcopy,247ef450092a86a9d6a6f3c60e77bcf5aec30550,vobcopy.c,0,0,0,0,failed_to_read,,,,,
C,,bhaak-vilistextum,3147d3c9c4f9163f96f7e04dbec3a97d304b1475,src/html.c,0,0,0,0,failed_to_read,,,,,
CPP,,bolero-MURAKAMI-Sprout,ea06f925655602a39750c2fd4fc88ecb98c9860f,sprout/complex/asinh.hpp,0,0,0,0,failed_to_read,,,,,
CPP,,bolero-MURAKAMI-Sprout,ea06f925655602a39750c2fd4fc88ecb98c9860f,sprout/math/pow.hpp,0,0,0,0,failed_to_read,,,,,
CPP,,bolero-MURAKAMI-Sprout,26299dad18a7e16fcb4873ce7f9f26a3d2ac1925,sprout/math/atan2.hpp,0,0,0,0,failed_to_read,,,,,
CPP,,bolero-MURAKAMI-Sprout,09181940789f135c292e9c336d8ceffca0b1bec3,sprout/complex/asinh.hpp,0,0,0,0,failed_to_read,,,,,
C,,brunonymous-tecnoballz,0a4ad7a6da006a5e013f0069b84e918d7df15e67,include/controller_guardians.h,0,0,0,0,failed_to_read,,,,,
Python,,cannatag-ldap3,72e90f8a792b477e7b562c398da3303732cbf120,test/testSearchOperation.py,0,0,0,0,failed_to_read,,,,,
Kotlin,,cbeust-jcommander,55699da43c1fc618dd8c02dee4060b1f6a18bd54,build.gradle.kts,0,0,0,0,failed_to_read,,,,,
HTML,,chennes-med,f17a48594d7c668eb68850284c50aeb9c5fe7159,doc/html.dox/a01949_source.html,0,0,0,0,failed_to_read,,,,,
C,,chewi-amiwm,32cfb5ab211e0bdbc1f019aaaf1f8ee37163817c,menu.c,0,0,0,0,failed_to_read,,,,,
C,,chewi-amiwm,5365f97cbec9458eaa2c9e04ae70d7f9ce299c79,menu.c,0,0,0,0,failed_to_read,,,,,
CPP,,darkbitsorg-guichan,2f06cf2f9942d35f69493d2d4b23502f0409bb4b,include/guichan/cairo/cairoimage.hpp,0,0,0,0,failed_to_read,,,,,
CPP,,darkbitsorg-guichan,2f06cf2f9942d35f69493d2d4b23502f0409bb4b,include/guichan/directx3d/directx3dinput.hpp,0,0,0,0,failed_to_read,,,,,
CPP,,darkbitsorg-guichan,2f06cf2f9942d35f69493d2d4b23502f0409bb4b,src/cairo/cairo.cpp,0,0,0,0,failed_to_read,,,,,
CPP,,darkbitsorg-guichan,2f06cf2f9942d35f69493d2d4b23502f0409bb4b,src/directx3d/directx3dimageloader.cpp,0,0,0,0,failed_to_read,,,,,
CPP,,darkbitsorg-guichan,c13a939ed4d205f2686f8a555cd42fbeaa893665,demos/ff/include/ffcharacterchooser.hpp,0,0,0,0,failed_to_read,,,,,
CPP,,darkbitsorg-guichan,c13a939ed4d205f2686f8a555cd42fbeaa893665,demos/ff/src/ffdemo.cpp,0,0,0,0,failed_to_read,,,,,
CPP,,darkbitsorg-guichan,c13a939ed4d205f2686f8a555cd42fbeaa893665,include/guichan/allegro/allegrofont.hpp,0,0,0,0,failed_to_read,,,,,
CPP,,darkbitsorg-guichan,c13a939ed4d205f2686f8a555cd42fbeaa893665,include/guichan/contrib/allegro/allegroglyphkeeperfont.hpp,0,0,0,0,failed_to_read,,,,,
CPP,,darkbitsorg-guichan,c13a939ed4d205f2686f8a555cd42fbeaa893665,include/guichan/focushandler.hpp,0,0,0,0,failed_to_read,,,,,
CPP,,darkbitsorg-guichan,c13a939ed4d205f2686f8a555cd42fbeaa893665,include/guichan/hge.hpp,0,0,0,0,failed_to_read,,,,,
CPP,,darkbitsorg-guichan,c13a939ed4d205f2686f8a555cd42fbeaa893665,include/guichan/imageloader.hpp,0,0,0,0,failed_to_read,,,,,
CPP,,darkbitsorg-guichan,c13a939ed4d205f2686f8a555cd42fbeaa893665,include/guichan/mouseevent.hpp,0,0,0,0,failed_to_read,,,,,
CPP,,darkbitsorg-guichan,c13a939ed4d205f2686f8a555cd42fbeaa893665,include/guichan/openlayer.hpp,0,0,0,0,failed_to_read,,,,,
CPP,,darkbitsorg-guichan,c13a939ed4d205f2686f8a555cd42fbeaa893665,include/guichan/sdl.hpp,0,0,0,0,failed_to_read,,,,,
CPP,,darkbitsorg-guichan,c13a939ed4d205f2686f8a555cd42fbeaa893665,include/guichan/widget.hpp,0,0,0,0,failed_to_read,,,,,
CPP,,darkbitsorg-guichan,c13a939ed4d205f2686f8a555cd42fbeaa893665,include/guichan/widgets/label.hpp,0,0,0,0,failed_to_read,,,,,
CPP,,darkbitsorg-guichan,c13a939ed4d205f2686f8a555cd42fbeaa893665,include/guichan/widgets/textfield.hpp,0,0,0,0,failed_to_read,,,,,
CPP,,darkbitsorg-guichan,c13a939ed4d205f2686f8a555cd42fbeaa893665,src/allegro/allegroinput.cpp,0,0,0,0,failed_to_read,,,,,
CPP,,darkbitsorg-guichan,c13a939ed4d205f2686f8a555cd42fbeaa893665,src/defaultfont.cpp,0,0,0,0,failed_to_read,,,,,
CPP,,darkbitsorg-guichan,c13a939ed4d205f2686f8a555cd42fbeaa893665,src/gui.cpp,0,0,0,0,failed_to_read,,,,,
CPP,,darkbitsorg-guichan,c13a939ed4d205f2686f8a555cd42fbeaa893665,src/imagefont.cpp,0,0,0,0,failed_to_read,,,,,
CPP,,darkbitsorg-guichan,c13a939ed4d205f2686f8a555cd42fbeaa893665,src/opengl/openglgraphics.cpp,0,0,0,0,failed_to_read,,,,,
CPP,,darkbitsorg-guichan,c13a939ed4d205f2686f8a555cd42fbeaa893665,src/rectangle.cpp,0,0,0,0,failed_to_read,,,,,
CPP,,darkbitsorg-guichan,c13a939ed4d205f2686f8a555cd42fbeaa893665,src/widgets/button.cpp,0,0,0,0,failed_to_read,,,,,
CPP,,darkbitsorg-guichan,c13a939ed4d205f2686f8a555cd42fbeaa893665,src/widgets/radiobutton.cpp,0,0,0,0,failed_to_read,,,,,
CPP,,darkbitsorg-guichan,14b0ccc3c5b777d442c96e71db86e3b45cba8887,src/hge/hgeinput.cpp,0,0,0,0,failed_to_read,,,,,
CPP,,darkbitsorg-guichan,cb9a7ffb898f05f2ca6eebd2504f566b279527b5,include/guichan/openlayer/openlayerinput.hpp,0,0,0,0,failed_to_read,,,,,
CPP,,darkbitsorg-guichan,cb9a7ffb898f05f2ca6eebd2504f566b279527b5,src/widgets/imagebutton.cpp,0,0,0,0,failed_to_read,,,,,
C,,dimpase-autocliquer,4cc717b735a608f959671c36e793a6d091555757,lib/reorder.c,0,0,0,0,failed_to_read,,,,,
C,,dino-libomemo-c,91c161baf02d3afe14b6c9792b8bdb1390b1c2c1,tests/test_session_builder.c,0,0,0,0,failed_to_read,,,,,
Scala,,flowdalic-sendxmpp,eb5f91f73a6150154de4991874ed7fa44d0868e4,sendxmpp.sc,0,0,0,0,failed_to_read,,,,,
Scala,,flowdalic-sendxmpp,26838d996c65ca47f735c371e383fe0da0050b1c,sendxmpp.sc,0,0,0,0,failed_to_read,,,,,
C,,freaklabs-chibiArduino,99571b65b81bf4aeaf5cc25c13ec24f6780d4681,chibiUsrCfg.h,0,0,0,0,failed_to_read,,,,,
C,,freaklabs-chibiArduino,1c3fdea333d35812af92304a20737b673590375e,chibiUsrCfg.h,0,0,0,0,failed_to_read,,,,,
C,,freaklabs-chibiArduino,68800b5a41934a7f169412bd773910f6eab302c9,chibiUsrCfg.h,0,0,0,0,failed_to_read,,,,,
Vimscript,,fs111-pydoc.vim,a43148d130711deca3666e9d75d60ca73c9bdeb9,ftplugin/python_pydoc.vim,0,0,0,0,failed_to_read,,,,,
Vimscript,,fs111-pydoc.vim,2887c7d180463012b7435ce2093f4e2f7d2ab587,ftplugin/python_pydoc.vim,0,0,0,0,failed_to_read,,,,,
Vimscript,,fs111-pydoc.vim,9a0784853b9974de90f5f07259ae52c0bee15cc9,plugin/pydoc.vim,0,0,0,0,failed_to_read,,,,,
ShellScript,,garabik-grc,827554356082b94ce458f1f903a554de5bad796c,grc.zsh,0,0,0,0,failed_to_read,,,,,
C,,gnif-mod_rpaf,4714e54fc74135b101f4b78d95ee32802f1214e2,mod_rpaf.c,0,0,0,0,failed_to_read,,,,,
C,,gtk-gnutella-gtk-gnutella,9a35978f9e901ea1affdc6bb631f94dd17cbb942,src/lib/vmm.c,0,0,0,0,failed_to_read,,,,,
C,,ianw-libiptcdata,c1a145bb75ff40610d128faedf9ac1752ede6510,libiptcdata/iptc-data.c,0,0,0,0,failed_to_read,,,,,
C,,ianw-libiptcdata,c1a145bb75ff40610d128faedf9ac1752ede6510,libiptcdata/iptc-tag.c,0,0,0,0,failed_to_read,,,,,
C,,ianw-libiptcdata,a08baa11692bc12089a3e03cc341508d8f65c5a8,python/pyiptcdata.h,0,0,0,0,failed_to_read,,,,,
C,,ianw-libiptcdata,24ffe2bd0c8df332d0ba9b49c407ee612606dbac,python/pyiptcdata.h,0,0,0,0,failed_to_read,,,,,
C,,ianw-libiptcdata,c0b8a760a9913cd81f2d130b2cc05c6242cac857,python/pyiptcdatamod.c,0,0,0,0,failed_to_read,,,,,
Kotlin,,ingokegel-jclasslib,bdb972eb59633092cd872bfe94afbaf7296d8cc0,build.gradle.kts,0,0,0,0,failed_to_read,,,,,
Kotlin,,ingokegel-jclasslib,75aa60c82644dd1ed9a9fc3ee5008d81798ece88,build.gradle.kts,0,0,0,0,failed_to_read,,,,,
C,,intel-cmrt,f129f54f6d6040695a8e5ea6743f986d5aa7380a,src/hw_interface.h,0,0,0,0,failed_to_read,,,,,
C,,intel-cmrt,cfd62c90241d37a9e374cf96f53a1f50cb842f47,src/hw_cmd.c,0,0,0,0,failed_to_read,,,,,
CPP,,intel-cmrt,c3a99396cf864266a283a07baedf45e128e9418d,src/cm_program.cpp,0,0,0,0,failed_to_read,,,,,
C,,intel-cmrt,f9fdd5109ecc5c0c08a406a449dc9a1ed98fc9b1,src/hw_interface_g75.c,0,0,0,0,failed_to_read,,,,,
C,,intel-cmrt,69ca8dcbd2c10b81d0f0c01a8880c0689f68a9a3,src/os_interface.h,0,0,0,0,failed_to_read,,,,,
CPP,,intel-cmrt,5ab9280e67da506ba179788fcdb20bb1efc9579c,src/cm_kernel.cpp,0,0,0,0,failed_to_read,,,,,
CPP,,intel-cmrt,8d3711b542feacd8a11c7c33aaef2c9292dcb3f2,src/cm_device.cpp,0,0,0,0,failed_to_read,,,,,
CPP,,intel-cmrt,8d3711b542feacd8a11c7c33aaef2c9292dcb3f2,src/cm_kernel_data.cpp,0,0,0,0,failed_to_read,,,,,
CPP,,intel-cmrt,8d3711b542feacd8a11c7c33aaef2c9292dcb3f2,src/cm_surface_2d.cpp,0,0,0,0,failed_to_read,,,,,
C,,intel-cmrt,8d3711b542feacd8a11c7c33aaef2c9292dcb3f2,src/cm_task_internal.h,0,0,0,0,failed_to_read,,,,,
C,,intel-intel-hybrid-driver,1ad38ca23850b2c74d59d925bbaa5591f915e7fd,src/media_drv_gen9_render.c,0,0,0,0,failed_to_read,,,,,
Python,,ispell-lt-ispell-lt,d28a4c58519602c82bb059f93d12030e155f3b62,tools/utils/validator/ispell.py,0,0,0,0,failed_to_read,,,,,
C,,jackaudio-jack1,ce438a41ffead7bb003a92d2beead81d6cf63c14,config/os/macosx/pThreadUtilities.h,0,0,0,0,failed_to_read,,,,,
Kotlin,,junit-pioneer-junit-pioneer,0f17b7167445ef1bafe4130b5e0aed8f29350a7d,build.gradle.kts,0,0,0,0,failed_to_read,,,,,
Kotlin,,junit-pioneer-junit-pioneer,416a38daf16da386d348685ed1b22d97046b16ba,build.gradle.kts,0,0,0,0,failed_to_read,,,,,
ShellScript,,keis-git-fixup,1aedc5cbcce9d53c66c53ed9709f6f9221029ea7,completion.zsh,0,0,0,0,failed_to_read,,,,,
C,,koron-cmigemo,3962d7ba10c5dfe9f57d60ff69994c15ab68c69e,src/main.c,0,0,0,0,failed_to_read,,,,,
C,,laurikari-tre,fdb68b38c26e2f8986a365f714c32107b3afe90e,tests/retest.c,0,0,0,0,failed_to_read,,,,,
CPP,,madmartin-noad,04d251643dd95dc0e358ddbfd5b716a6ea2c17a6,noad.cpp,0,0,0,0,failed_to_read,,,,,
CPP,,madmartin-noad,e563a8c991568080e3d71df1f3fe93f7c2a3f5e3,noad.cpp,0,0,0,0,failed_to_read,,,,,
CPP,,madmartin-noad,7165088f54b0d134451b4424ac579630b8908707,svdrpc.cpp,0,0,0,0,failed_to_read,,,,,
CPP,,madmartin-noad,11bd6535040ecabc38f82cc9770cfbde9bd049b7,noad.cpp,0,0,0,0,failed_to_read,,,,,
ShellScript,,mafredri-zsh-async,1e417723c43421aa31d735a1b53c9154f5e60843,async.zsh,0,0,0,0,failed_to_read,,,,,
ShellScript,,mafredri-zsh-async,0ed7b27729523ae885d18833ade9d07e79940cfb,async_test.zsh,0,0,0,0,failed_to_read,,,,,
ShellScript,,mafredri-zsh-async,8ce4ed6a4cd5432d3603b8522782d112489d92d1,async.zsh,0,0,0,0,failed_to_read,,,,,
ShellScript,,mafredri-zsh-async,43de5e0738eaf366dfde4d0a204de655de16f18b,async.zsh,0,0,0,0,failed_to_read,,,,,
ShellScript,,mafredri-zsh-async,6c69d62ce508bedf6811d53d6390ee6b1566a950,async.zsh,0,0,0,0,failed_to_read,,,,,
C,,magnush-mhwaveedit,662b97efc4c6d8b186e092f9f8db5f3418b270d3,src/mainwindow.c,0,0,0,0,failed_to_read,,,,,
C,,magnush-mhwaveedit,6d3b7ba36662f7ea5e5ad2bb2814ebe79f054611,src/mainwindow.c,0,0,0,0,failed_to_read,,,,,
CPP,,markusfisch-PieDock,3724cde2d77748c8ea0b519061a98e5d9d8f6380,src/ActiveIndicator.cpp,0,0,0,0,failed_to_read,,,,,
CPP,,markusfisch-PieDock,3724cde2d77748c8ea0b519061a98e5d9d8f6380,src/Blender.cpp,0,0,0,0,failed_to_read,,,,,
C,,markusfisch-PieDock,3724cde2d77748c8ea0b519061a98e5d9d8f6380,src/Hotspot.h,0,0,0,0,failed_to_read,,,,,
CPP,,markusfisch-PieDock,3724cde2d77748c8ea0b519061a98e5d9d8f6380,src/MenuItemWithWorkspaces.cpp,0,0,0,0,failed_to_read,,,,,
C,,markusfisch-PieDock,3724cde2d77748c8ea0b519061a98e5d9d8f6380,src/PieMenuWindow.h,0,0,0,0,failed_to_read,,,,,
C,,markusfisch-PieDock,3724cde2d77748c8ea0b519061a98e5d9d8f6380,src/Surface.h,0,0,0,0,failed_to_read,,,,,
C,,markusfisch-PieDock,3724cde2d77748c8ea0b519061a98e5d9d8f6380,src/WindowManager.h,0,0,0,0,failed_to_read,,,,,
CPP,,markusfisch-PieDock,b4e9ecf22d0b00e3475e77dab2593fd35a5b2236,src/Environment.cpp,0,0,0,0,failed_to_read,,,,,
C,,markusfisch-PieDock,b4e9ecf22d0b00e3475e77dab2593fd35a5b2236,src/Text.h,0,0,0,0,failed_to_read,,,,,
CPP,,markusfisch-PieDock,d06a86f594c42419cc88fc5b0388424a4d786905,src/main.cpp,0,0,0,0,failed_to_read,,,,,
JavaScript,,mathjax-MathJax,1880b54c2bac96dd170f64b9bf362356ff2e94e9,es5/sre/mathmaps/mathmaps_ie.js,1647516,1122114,891799,635334,timed_out,,,,,
C,,mbacarella-curses,196ff3db352616856bff9224ab3a5a239c5c3373,functions.c,0,0,0,0,failed_to_read,,,,,
Python,,meerk40t-svgelements,2cbbe76b54b051b68c8540c73219ba7dbaac1252,svgelements/svgelements.py,0,0,0,0,failed_to_read,,,,,
Python,,meerk40t-svgelements,e3459889b033d5c692905cc28d79e0953e715339,svgelements/svgelements.py,0,0,0,0,failed_to_read,,,,,
Python,,meerk40t-svgelements,3908fb7739d2059702d5bb79578fe8c349ca6b1d,svgelements/svgelements.py,0,0,0,0,failed_to_read,,,,,
CPP,,miguelmarco-libbraiding,8586aa35a67baf5f4cba29bda6e08ae614633c65,lib/braiding.cpp,0,0,0,0,failed_to_read,,,,,
CPP,,miguelmarco-libbraiding,b36a3e26a56c0dce2e663fb69042e04ece363e9c,lib/braiding.cpp,0,0,0,0,failed_to_read,,,,,
Kotlin,,mockito-mockito,1d4b4736fb575857f55b4eb988a1f39d52c20138,mockito-integration-tests/graalvm-tests/build.gradle.kts,0,0,0,0,failed_to_read,,,,,
C,,olivluca-vdr-actuator-plugin,9af23b7f00ab5a5cc8e4a26c16a1c9e02b485866,actuator.c,0,0,0,0,failed_to_read,,,,,
C,,olivluca-vdr-actuator-plugin,d3f3b500d26d744dc8115c8c9712c88e7df64c51,actuator.c,0,0,0,0,failed_to_read,,,,,
C,,olivluca-vdr-actuator-plugin,096dcb6c80f4ef1b4b2852debb9162e6aeb7c382,actuator.c,0,0,0,0,failed_to_read,,,,,
C,,olivluca-vdr-actuator-plugin,ccf206693c5cc9841ce8e2ddef62bb8ebabdc9bc,actuator.c,0,0,0,0,failed_to_read,,,,,
ShellScript,,poetaman-arttime,2f12f792178f48366d9164086aed9639c0cc1e54,share/arttime/src/arttime.zsh,0,0,0,0,failed_to_read,,,,,
ShellScript,,poetaman-arttime,a342009f688147e63811841597aa0e8e76375420,share/arttime/src/arttime.zsh,0,0,0,0,failed_to_read,,,,,
Python,,python-trio-unasync,011af5d91888da0e39482c6a6c2cfae71fe7fc32,tests/data/sync/encoding.py,0,0,0,0,failed_to_read,,,,,
C,,rollinhand-libdbf,e351cf8fb6e2044300b52fb6bc112f566cab2052,include/libdbf/libdbf.h,0,0,0,0,failed_to_read,,,,,
ShellScript,,rossmacarthur-sheldon,c8092552ec10d131821196113c3097598b81b747,completions/sheldon.zsh,0,0,0,0,failed_to_read,,,,,
C,,sebaro-Yarock,4470fc63cb614a3ccde2e7520064b790136c84c0,src/core/player/vlc/config.h,0,0,0,0,failed_to_read,,,,,
C,,sebaro-Yarock,a1c2d263961f03abad48e94c1f3c3e8b481d588e,src/core/mediaitem/mediaitem.h,0,0,0,0,failed_to_read,,,,,
C,,set-soft-tvision,8dae96ab29ec6465e1f1e0bfef48a7c4ed55aea8,tvision/include/tv/tvconfig.h,0,0,0,0,failed_to_read,,,,,
CPP,,set-soft-tvision,1d54cba4485a5e2d9c4218e9732a6a94a70f1d0a,tvision/classes/codepage.cc,0,0,0,0,failed_to_read,,,,,
CPP,,set-soft-tvision,db2cc66b4745a0a11875f51a099ab6a1ee98b5a0,tvision/classes/tclrdisp.cc,0,0,0,0,failed_to_read,,,,,
C,,set-soft-tvision,ed310507ea43b949dadc065484e7e398c68cc866,tvision/include/tv/opstream.h,0,0,0,0,failed_to_read,,,,,
CPP,,set-soft-tvision,797d16ba4b199e55904068923027f72276761aca,tvision/classes/wingr/wingrscr.cc,0,0,0,0,failed_to_read,,,,,
CPP,,silnrsi-teckit,b4a8a2cba74f716c9efe7341d9535ce059287b6e,source/UnicodeNames.cpp,1371070,1371389,348255,348305,timed_out,,,,,
CSharp,,silnrsi-teckit,d60c1265dc6c39b988efdd8eefeb0fdfa1181434,zlib-1.2.13/contrib/dotzlib/DotZLib/DotZLib.cs,0,0,0,0,failed_to_read,,,,,
Ruby,,skk-dev-skktools,7d857d554509b279bfac044bf1fda93f38a8fd0f,filters/complete-numerative.rb,0,0,0,0,failed_to_read,,,,,
ShellScript,,sorayuki-obs-multi-rtmp,5b187fc62d37e88a80420e05ac8bb898885d88ff,build-aux/.run-format.zsh,0,0,0,0,failed_to_read,,,,,
ShellScript,,sukria-Backup-Manager,fd345d0f9229c74c126cb71aef0ac48eaf33562c,lib/sanitize.sh,0,0,0,0,failed_to_read,,,,,
ShellScript,,sukria-Backup-Manager,6cf5bb14f8f57cd5b65c76ecba267781cc327cc5,lib/files.sh,0,0,0,0,failed_to_read,,,,,
ShellScript,,sukria-Backup-Manager,a7a64ed7d2e06ac7039545cbf31882c7532b8eef,lib/files.sh,0,0,0,0,failed_to_read,,,,,
ShellScript,,sukria-Backup-Manager,332f8fa31fb6e0471f2b03697b06a02762140105,lib/actions.sh,0,0,0,0,failed_to_read,,,,,
ShellScript,,sukria-Backup-Manager,2bdaed96816c7910de82dd981e68780bb2e5372e,lib/dialog.sh,0,0,0,0,failed_to_read,,,,,
C,,theabolton-whysynth,c2f9bc9223767f29b22e2da327e5e5f71cc62e80,src/whysynth_voice_render.c,0,0,0,0,failed_to_read,,,,,
C,,theabolton-whysynth,7b0c8461eae1ee35d5d6f358f8c4fc63cf28b155,src/whysynth_voice_render.c,0,0,0,0,failed_to_read,,,,,
C,,theabolton-whysynth,3bbecf2e12aa4601c1d14d9754f28ef17daebda0,src/whysynth_voice_render.c,0,0,0,0,failed_to_read,,,,,
C,,tomac-yersinia,8e5de10d1f1f3dc34c02442e63c6dedd3ee20afe,src/ncurses-interface.c,0,0,0,0,failed_to_read,,,,,
C,,tomac-yersinia,7ea81926fc0eb4921d1b2169e69b797943a12b3d,src/ncurses-interface.c,0,0,0,0,failed_to_read,,,,,
C,,tree-sitter-tree-sitter-bash,06019c59af881eba3f05e5f5ca962f65417fd1d8,src/parser.c,10148130,10152808,2377820,2380651,timed_out,,,,,
C,,tree-sitter-tree-sitter-ql,4d4748a2d01589f011052dc5c1c68397586013b3,src/parser.c,2308031,2308209,699696,699762,timed_out,,,,,
C,,tree-sitter-tree-sitter-typescript,73c4447796b251295b498227bad028d88dc1918b,typescript/src/parser.c,8830197,8830203,2569310,2569310,timed_out,,,,,
C,,tsyrogit-zxcvbn-c,fb847af696b873750adf2e61410d897d128f3dee,zxcvbn.c,0,0,0,0,failed_to_read,,,,,
C,,tsyrogit-zxcvbn-c,61aa203a18f1b90c65e8f90cabf66651b4c320ac,zxcvbn.c,0,0,0,0,failed_to_read,,,,,
C,,tsyrogit-zxcvbn-c,7243e9964085fa05793cde7ab8136bfffe0d6a39,zxcvbn.c,0,0,0,0,failed_to_read,,,,,
C,,vanhauser-thc-thc-ipv6,f48342bb08a0ef70cc72eecb548c4d4ae4f804f7,dnsdict6.h,306022,813069,136787,136787,timed_out,,,,,
C,,vdr-projects-vdr-plugin-devstatus,946eb4150427228d4be7094cde67a700a25e0454,i18n-generated.h,0,0,0,0,failed_to_read,,,,,
C,,vdr-projects-vdr-plugin-devstatus,7edb13c54e1a92cd9c0b8bdb804c4b0cfedb016c,i18n.c,0,0,0,0,failed_to_read,,,,,
C,,vdr-projects-vdr-plugin-dvd,9f9f99e53681d9372cf0cd284ba8b004edb07161,i18n.c,0,0,0,0,failed_to_read,,,,,
C,,vdr-projects-vdr-plugin-dvd,cf2408902660d86c1c96a30e84a323c934ce764a,i18n.c,0,0,0,0,failed_to_read,,,,,
C,,vdr-projects-vdr-plugin-dvdswitch,2906f2d1b7e1c5931b3d05156569d6061eb6b9b5,menu.c,0,0,0,0,failed_to_read,,,,,
C,,vdr-projects-vdr-plugin-ffnetdev,0ecf9599e6eedbc3e9f8dc322d200a8c602724a3,i18n.c,0,0,0,0,failed_to_read,,,,,
C,,vdr-projects-vdr-plugin-lcdproc,e5d1d78501967ad8c7a6dc1766df661364aba454,lcdtranstbl.h,0,0,0,0,failed_to_read,,,,,
C,,vdr-projects-vdr-plugin-lcdproc,b2f99dd7bbb5cd76db0243b59e14852b37db8a38,i18n.c,0,0,0,0,failed_to_read,,,,,
CPP,,vdr-projects-vdr-plugin-menuorg,feff6c258c109abe5a64f5dd08ad5198c5202e4c,src/i18n.cpp,0,0,0,0,failed_to_read,,,,,
C,,vdr-projects-vdr-plugin-sleeptimer,21ce614b10cd3b0c8f16ed8b945d2a6e705a0264,i18n.c,0,0,0,0,failed_to_read,,,,,
C,,vdr-projects-vdr-plugin-ttxtsubs,ffcb38b9f770dd214ed5e5b45f6f5825a55b906c,ttxtsubs.c,0,0,0,0,failed_to_read,,,,,
ShellScript,,vim-scripts-frawor,0f87da66e2b6611f22929b5d81037243460b782c,tools/gentestdir.zsh,0,0,0,0,failed_to_read,,,,,
CPP,,voyageur-openglide,2288901e341623b5ea9a02ccd74a83a1b7f53434,grguTex.cpp,0,0,0,0,failed_to_read,,,,,
C,,wanpinglee-MOSAIK,e04c806bb1410cf1dbd1534991c46d696aec6723,src/CommonSource/Config/Mosaik.h,0,0,0,0,failed_to_read,,,,,
C,,wanpinglee-MOSAIK,b896a1d7937a397e6fc63114a9fa99ee12d3b3c3,src/CommonSource/ExternalReadFormats/BamWriter.h,0,0,0,0,failed_to_read,,,,,
CPP,,wanpinglee-MOSAIK,59b4f70ba48258e2c507818ee35b5f7bd97d22f5,src/MosaikBuild/BuildMain.cpp,0,0,0,0,failed_to_read,,,,,
CPP,,wanpinglee-MOSAIK,bf16c9a1adf6feff85fea88cb9d3dc07829beb84,src/CommonSource/PairwiseAlignment/SmithWatermanGotoh.cpp,0,0,0,0,failed_to_read,,,,,
CPP,,wanpinglee-MOSAIK,2b5547dbdc5ed16c28240bec98043e881b15d98a,src/MosaikBuild/MosaikBuild.cpp,0,0,0,0,failed_to_read,,,,,
C,,weggli-rs-weggli,e6ccac1feb5304a02efa535e10eea68f65b364ba,third_party/grammars/weggli-cpp/src/parser.c,9141958,10876272,2598156,3045439,timed_out,,,,,
CPP,,wez-atomicparsley,d86a31a099c65cfd4a122fec82ba0f5c3c6954c0,src/parsley.cpp,0,0,0,0,failed_to_read,,,,,
CPP,,wez-atomicparsley,abbce70ecf54a8bbc6e84d3ad8ca5d98f9476e1d,src/extracts.cpp,0,0,0,0,failed_to_read,,,,,
C,,wez-atomicparsley,cbecfb1e2238b7c4261074725d25cbb297656c20,src/util.h,0,0,0,0,failed_to_read,,,,,
CPP,,wgois-OIS,3a47086304f98eb3f70834fa4997baa8968f9c4b,src/win32/Win32KeyBoard.cpp,0,0,0,0,failed_to_read,,,,,
ShellScript,,wting-autojump,4f238bdd46f40233d732cb8d2a3fdee679504087,bin/autojump.zsh,0,0,0,0,failed_to_read,,,,,
ShellScript,,zsh-users-zsh-autosuggestions,11d17e7fea9fba8067f992b3d95e884c20a4069c,zsh-autosuggestions.zsh,0,0,0,0,failed_to_read,,,,,
ShellScript,,zsh-users-zsh-autosuggestions,fcca87555fe5c0c93c5ba865505a7e5d7a1a95cb,zsh-autosuggestions.zsh,0,0,0,0,failed_to_read,,,,,
ShellScript,,zsh-users-zsh-autosuggestions,7682c13860597ce09e672faeae7d3429d5460dcc,src/widgets.zsh,0,0,0,0,failed_to_read,,,,,
ShellScript,,zsh-users-zsh-autosuggestions,7afb7364f1ba5cb87eb616516c9a7fa4b86539b6,src/strategies/completion.zsh,0,0,0,0,failed_to_read,,,,,
ShellScript,,zsh-users-zsh-autosuggestions,0f0f221180b1fec3254e74d8d657c3a929870b1b,src/strategies/completion.zsh,0,0,0,0,failed_to_read,,,,,
ShellScript,,zsh-users-zsh-history-substring-search,837d49959ec5d125604ef91c5d967caeb3ad7152,zsh-history-substring-search.zsh,0,0,0,0,failed_to_read,,,,,
ShellScript,,zsh-users-zsh-history-substring-search,19cb0eb8beffb16f160854b1e8dc5a166b246c50,zsh-history-substring-search.zsh,0,0,0,0,failed_to_read,,,,,
ShellScript,,zsh-users-zsh-history-substring-search,fd331b8345ad0f409d14a5d15b87c32feb721bc2,zsh-history-substring-search.zsh,0,0,0,0,failed_to_read,,,,,
ShellScript,,zsh-users-zsh-history-substring-search,b546105d7e7ebbe909823f637d32b9413f5dfe4a,zsh-history-substring-search.zsh,0,0,0,0,failed_to_read,,,,,
ShellScript,,zsh-users-zsh-syntax-highlighting,e82e2d042d55391e5c136c92ead4714db2d60b1a,highlighters/main/main-highlighter.zsh,0,0,0,0,failed_to_read,,,,,
ShellScript,,zsh-users-zsh-syntax-highlighting,5459ebcc4e788e1db514d95a0bf81adb6f19ea74,highlighters/main/main-highlighter.zsh,0,0,0,0,failed_to_read,,,,,
ShellScript,,zsh-users-zsh-syntax-highlighting,e8517244f7d2ae4f9d979faf94608d6e4a74a73e,highlighters/main/main-highlighter.zsh,0,0,0,0,failed_to_read,,,,,
C,,AmatCoder-mednaffe,d4a5c79c87197e734ca8245b189d4b04631e1990,src/resources.c,12230360,12248466,3366175,3371299,timed_out,,,,,
TypeScript,,Maproom-qmapshack,4e13e8e23bc07316940939a35e9a4696e356c464,src/qmapshack/locale/qmapshack.ts,786698,937003,216536,267055,timed_out,,,,,
TypeScript,,Maproom-qmapshack,4e13e8e23bc07316940939a35e9a4696e356c464,src/qmapshack/locale/qmapshack_ru.ts,920465,1070770,225058,275577,timed_out,,,,,
ShellScript,,Aloxaf-fzf-tab,2b9882c7106d25c13296e1fc0a4e1c5ba92ed55e,fzf-tab.zsh,0,0,0,0,failed_to_read,,,,,
ShellScript,,Aloxaf-fzf-tab,1133a883b6a2fa1455d7439563b8127ae8b2a037,fzf-tab.zsh,0,0,0,0,failed_to_read,,,,,
Kotlin,,AsamK-signal-cli,b8bb58b083325f5697a137163357293186cf23c8,build.gradle.kts,0,0,0,0,failed_to_read,,,,,
CSharp,,Blosc-c-blosc,5052e00173260c03f474d7405bf68a5718d6cc81,internal-complibs/zlib-1.3.1/contrib/dotzlib/DotZLib/CircularBuffer.cs,0,0,0,0,failed_to_read,,,,,
CSharp,,Blosc-c-blosc,adb3b4bec40c0d6c7eac1d7c26144cdefcd31701,internal-complibs/zlib-1.2.13/contrib/dotzlib/DotZLib/DotZLib.cs,0,0,0,0,failed_to_read,,,,,
C,,GPUOpen-LibrariesAndSDKs-AMF,8787d3ef5d938425d094170c1b2fec87762683b6,amf/public/src/components/ComponentsFFMPEG/BaseEncoderFFMPEGImpl.h,0,0,0,0,failed_to_read,,,,,
CPP,,Infiltrator-7k-ambition,85185688e419a342c18363fe92863dc59bc6e688,src/OMOUSE.cpp,0,0,0,0,failed_to_read,,,,,
Kotlin,,JetBrains-java-annotations,5fb050cef217a4fa1a7b506036ffebdc97290b6b,build.gradle.kts,0,0,0,0,failed_to_read,,,,,
Kotlin,,JetBrains-java-annotations,bc94c2ffbb0ba073b3f3ae5bc877844b23f3a081,build.gradle.kts,0,0,0,0,failed_to_read,,,,,
Kotlin,,JetBrains-java-annotations,80bb6c274f2a9e5eafdb49bddeea75f01afef81b,multiplatform-annotations/build.gradle.kts,0,0,0,0,failed_to_read,,,,,
Kotlin,,JetBrains-kotlin,f5f13c54ea4e0b3bba61ebb397cc952d7720a713,js/js.tests/build.gradle.kts,0,0,0,0,failed_to_read,,,,,
ShellScript,,LukeSmithxyz-mutt-wizard,a4e90d2c6f7d92f6c72fbbfcf377ab9d1829996e,completion/_mutt-wizard.zsh,0,0,0,0,failed_to_read,,,,,
C,,OldManProgrammer-unix-tree,f210506b50fc0ef16d7cec237087174241e7e89b,strverscmp.c,0,0,0,0,failed_to_read,,,,,
CSharp,,OpenNI-OpenNI,6e4a41bb55de6062d4431cbc6ea7840b81a279f1,Platform/Linux/Build/Res/AssemblyInfo-OpenNI.cs,0,0,0,0,failed_to_read,,,,,
CSharp,,OpenNI-OpenNI,07d8ce36a0b20f7fc4a7bd9cb161b1aa475b1c4d,Platform/Win32/Build/Res/AssemblyInfo-OpenNI.cs,0,0,0,0,failed_to_read,,,,,
CPP,,STEllAR-GROUP-hpx,b735a4f4acb4beb5c341f19d099e9259981e9337,libs/core/async_cuda/src/cuda_event.cpp,0,0,0,0,failed_to_read,,,,,
CPP,,STEllAR-GROUP-hpx,ed5225b91a4f48cedecf61c4d1e6405bd269127a,libs/core/async_sycl/include/hpx/async_sycl/sycl_executor.hpp,0,0,0,0,failed_to_read,,,,,
Kotlin,,TNG-junit-dataprovider,9f968262d14f0eff2b3ffc5b81b7016bae9a31c1,build.gradle.kts,0,0,0,0,failed_to_read,,,,,
Kotlin,,TNG-junit-dataprovider,a43cf3fdfd27ffc648201f1c11b63a0a5d259120,build.gradle.kts,0,0,0,0,failed_to_read,,,,,
Kotlin,,TNG-junit-dataprovider,ea8e87a523d5ccabedbb23c99d6a9081ef3017a0,build.gradle.kts,0,0,0,0,failed_to_read,,,,,
Kotlin,,TNG-junit-dataprovider,de57097c5d36f83da058a14bb28a4e71b8ae4905,build.gradle.kts,0,0,0,0,failed_to_read,,,,,
Kotlin,,TNG-junit-dataprovider,b15527d16870cf4d69740d33bc105009fcbb5d60,build.gradle.kts,0,0,0,0,failed_to_read,,,,,
C,,Terraspace-UASM,76b86a8f5ae12cfe343cf6e6e28d95b3e9f697a3,codegenv2.c,0,0,0,0,failed_to_read,,,,,
C,,ValveSoftware-openvr,b72abcebff7e6c6c70ce8ac8f6a09b70d44397e2,headers/openvr.h,0,0,0,0,failed_to_read,,,,,
C,,ZDoom-ZMusic,860818d6d55d1d58d4d7ffedb9dc50205882c7b5,thirdparty/opnmidi/chips/np2/fmgen_fmtimer.h,0,0,0,0,failed_to_read,,,,,
C,,abacus-gene-paml,b63f8eceb09e322842485e22a2e204550740f5cc,src/tools.c,0,0,0,0,failed_to_read,,,,,
C,,abacus-gene-paml,6fcb761270d914d3fbc82d6aa0e4184096da70d5,src/tools.c,0,0,0,0,failed_to_read,,,,,
C,,abacus-gene-paml,0d99f85b9fa74f223686777c7c3f1e74d910c665,src/tools.c,0,0,0,0,failed_to_read,,,,,
C,,abacus-gene-paml,986b79d1517566ca02fa5631c03d68ff208739ba,src/tools.c,0,0,0,0,failed_to_read,,,,,
Scala,,adobe-fonts-source-han-mono,9a10a4fe9797b9777dd9b77cd093e8f76dd55e1d,ExtraLight/OTC/features.OTC.It.SC,0,0,0,0,failed_to_read,,,,,
Scala,,adobe-fonts-source-han-mono,9a10a4fe9797b9777dd9b77cd093e8f76dd55e1d,Normal/OTC/features.OTC.It.SC,0,0,0,0,failed_to_read,,,,,
Scala,,adobe-fonts-source-han-mono,0381f376e6fdf00d3d463f5a371bcec4b1b69e23,ExtraLight/OTC/cidfont.ps.OTC.It.SC,0,0,0,0,failed_to_read,,,,,
Scala,,adobe-fonts-source-han-mono,0381f376e6fdf00d3d463f5a371bcec4b1b69e23,Light/OTC/cidfont.ps.OTC.It.SC,0,0,0,0,failed_to_read,,,,,
Scala,,adobe-fonts-source-han-mono,0381f376e6fdf00d3d463f5a371bcec4b1b69e23,Normal/OTC/cidfont.ps.OTC.It.SC,0,0,0,0,failed_to_read,,,,,
Scala,,adobe-fonts-source-han-mono,5c5b72e67cb98919f4be8d81641e3c47698a1754,Bold/OTC/cidfont.ps.OTC.It.SC,0,0,0,0,failed_to_read,,,,,
Scala,,adobe-fonts-source-han-mono,5c5b72e67cb98919f4be8d81641e3c47698a1754,Medium/OTC/cidfont.ps.OTC.It.SC,0,0,0,0,failed_to_read,,,,,
Scala,,adobe-fonts-source-han-mono,99492eb1ad0b3284983ba419334d8ce521cb2a66,Bold/OTC/features.OTC.It.SC,0,0,0,0,failed_to_read,,,,,
Scala,,adobe-fonts-source-han-mono,99492eb1ad0b3284983ba419334d8ce521cb2a66,Heavy/OTC/features.OTC.It.SC,0,0,0,0,failed_to_read,,,,,
Scala,,adobe-fonts-source-han-mono,99492eb1ad0b3284983ba419334d8ce521cb2a66,Medium/OTC/features.OTC.It.SC,0,0,0,0,failed_to_read,,,,,
Scala,,adobe-fonts-source-han-mono,99492eb1ad0b3284983ba419334d8ce521cb2a66,Regular/OTC/features.OTC.It.SC,0,0,0,0,failed_to_read,,,,,
C,,alevt-alevt,7f781bdc70a29bf724590bfeaca3e8309cca3dc2,lang.c,0,0,0,0,failed_to_read,,,,,
C,,alevt-alevt,6b8b02a50a6033c573aa6d4d3027f25be1c48336,alevt-cap.c,0,0,0,0,failed_to_read,,,,,
C,,alevt-alevt,6b8b02a50a6033c573aa6d4d3027f25be1c48336,main.c,0,0,0,0,failed_to_read,,,,,
Kotlin,,apiguardian-team-apiguardian,ae60a7a024b1fffe50ccb24eca05b04085d18528,build.gradle.kts,0,0,0,0,failed_to_read,,,,,
Go,,aws-session-manager-plugin,65f138796cbd71079ed9123f7758d26e82980032,vendor/src/github.com/aws/aws-sdk-go/service/ec2/api.go,7325212,7631974,910954,946205,timed_out,,,,,
C,,barak-vobcopy,a51ec240588c97b54031c0da2faaff190bb98b68,vobcopy.c,0,0,0,0,failed_to_read,,,,,
C,,bhaak-vilistextum,f299bb5e5f661c345c4b85a3e8de9ad8615ad17a,src/main.c,0,0,0,0,failed_to_read,,,,,
C,,bhaak-vilistextum,423ad6c270a58eb02ab92c77900496a50662249a,src/main.c,0,0,0,0,failed_to_read,,,,,
CPP,,bolero-MURAKAMI-Sprout,ea06f925655602a39750c2fd4fc88ecb98c9860f,example/zundoko/main.cpp,0,0,0,0,failed_to_read,,,,,
CPP,,bolero-MURAKAMI-Sprout,ea06f925655602a39750c2fd4fc88ecb98c9860f,sprout/brainfuck/misa.hpp,0,0,0,0,failed_to_read,,,,,
CPP,,bolero-MURAKAMI-Sprout,ea06f925655602a39750c2fd4fc88ecb98c9860f,sprout/math/copysign.hpp,0,0,0,0,failed_to_read,,,,,
CPP,,bolero-MURAKAMI-Sprout,26299dad18a7e16fcb4873ce7f9f26a3d2ac1925,sprout/complex/log.hpp,0,0,0,0,failed_to_read,,,,,
CPP,,bolero-MURAKAMI-Sprout,26299dad18a7e16fcb4873ce7f9f26a3d2ac1925,sprout/complex/tanh.hpp,0,0,0,0,failed_to_read,,,,,
CPP,,bolero-MURAKAMI-Sprout,09181940789f135c292e9c336d8ceffca0b1bec3,example/lifegame/main.cpp,0,0,0,0,failed_to_read,,,,,
CPP,,bolero-MURAKAMI-Sprout,09181940789f135c292e9c336d8ceffca0b1bec3,sprout/brainfuck/misa.hpp,0,0,0,0,failed_to_read,,,,,
CPP,,bolero-MURAKAMI-Sprout,09181940789f135c292e9c336d8ceffca0b1bec3,sprout/math/tgamma.hpp,0,0,0,0,failed_to_read,,,,,
CPP,,brettbode-wxmacmolplt,77ef4c0585f7bc2ce85fa4736fe5e16961f938ca,src/BFiles.cpp,0,0,0,0,failed_to_read,,,,,
Kotlin,,cbeust-jcommander,9d4beaf473f5819c4e38e215ee6dc9b155e17c38,build.gradle.kts,0,0,0,0,failed_to_read,,,,,
Go,,cheat-cheat,95a4e31b6c246cc4e90bf32e4c8ce435bffd93ca,vendor/github.com/cloudflare/circl/dh/x448/table.go,157972,157975,75749,75751,timed_out,,,,,
HTML,,chennes-med,f17a48594d7c668eb68850284c50aeb9c5fe7159,doc/html.dox/a00425_source.html,0,0,0,0,failed_to_read,,,,,
CPP,,chennes-med,f17a48594d7c668eb68850284c50aeb9c5fe7159,src/misc/MEDfileVersion.cxx,0,0,0,0,failed_to_read,,,,,
Go,,cloudflare-cfssl,d124eca11bd1f4b2b9d7101db4db7eef82442bee,vendor/golang.org/x/text/unicode/norm/tables10.0.0.go,383295,383270,168424,168423,timed_out,,,,,
CPP,,darkbitsorg-guichan,2f06cf2f9942d35f69493d2d4b23502f0409bb4b,include/guichan/cairo/cairoimageloader.hpp,0,0,0,0,failed_to_read,,,,,
CPP,,darkbitsorg-guichan,2f06cf2f9942d35f69493d2d4b23502f0409bb4b,include/guichan/irrlicht.hpp,0,0,0,0,failed_to_read,,,,,
CPP,,darkbitsorg-guichan,2f06cf2f9942d35f69493d2d4b23502f0409bb4b,src/cairo/cairofont.cpp,0,0,0,0,failed_to_read,,,,,
CPP,,darkbitsorg-guichan,2f06cf2f9942d35f69493d2d4b23502f0409bb4b,src/directx3d/directx3dinput.cpp,0,0,0,0,failed_to_read,,,,,
CPP,,darkbitsorg-guichan,c13a939ed4d205f2686f8a555cd42fbeaa893665,demos/ff/include/ffcontainer.hpp,0,0,0,0,failed_to_read,,,,,
CPP,,darkbitsorg-guichan,c13a939ed4d205f2686f8a555cd42fbeaa893665,demos/ff/src/fflistbox.cpp,0,0,0,0,failed_to_read,,,,,
CPP,,darkbitsorg-guichan,c13a939ed4d205f2686f8a555cd42fbeaa893665,include/guichan/allegro/allegrographics.hpp,0,0,0,0,failed_to_read,,,,,
CPP,,darkbitsorg-guichan,c13a939ed4d205f2686f8a555cd42fbeaa893665,include/guichan/contrib/opengl/oglftfont.hpp,0,0,0,0,failed_to_read,,,,,
CPP,,darkbitsorg-guichan,c13a939ed4d205f2686f8a555cd42fbeaa893665,include/guichan/focuslistener.hpp,0,0,0,0,failed_to_read,,,,,
CPP,,darkbitsorg-guichan,c13a939ed4d205f2686f8a555cd42fbeaa893665,include/guichan/hge/hgegraphics.hpp,0,0,0,0,failed_to_read,,,,,
CPP,,darkbitsorg-guichan,c13a939ed4d205f2686f8a555cd42fbeaa893665,include/guichan/input.hpp,0,0,0,0,failed_to_read,,,,,
CPP,,darkbitsorg-guichan,c13a939ed4d205f2686f8a555cd42fbeaa893665,include/guichan/mouseinput.hpp,0,0,0,0,failed_to_read,,,,,
CPP,,darkbitsorg-guichan,c13a939ed4d205f2686f8a555cd42fbeaa893665,include/guichan/openlayer/openlayerfont.hpp,0,0,0,0,failed_to_read,,,,,
CPP,,darkbitsorg-guichan,c13a939ed4d205f2686f8a555cd42fbeaa893665,include/guichan/sdl/sdlgraphics.hpp,0,0,0,0,failed_to_read,,,,,
CPP,,darkbitsorg-guichan,c13a939ed4d205f2686f8a555cd42fbeaa893665,include/guichan/widgetlistener.hpp,0,0,0,0,failed_to_read,,,,,
CPP,,darkbitsorg-guichan,c13a939ed4d205f2686f8a555cd42fbeaa893665,include/guichan/widgets/listbox.hpp,0,0,0,0,failed_to_read,,,,,
CPP,,darkbitsorg-guichan,c13a939ed4d205f2686f8a555cd42fbeaa893665,include/guichan/widgets/window.hpp,0,0,0,0,failed_to_read,,,,,
CPP,,darkbitsorg-guichan,c13a939ed4d205f2686f8a555cd42fbeaa893665,src/basiccontainer.cpp,0,0,0,0,failed_to_read,,,,,
CPP,,darkbitsorg-guichan,c13a939ed4d205f2686f8a555cd42fbeaa893665,src/event.cpp,0,0,0,0,failed_to_read,,,,,
CPP,,darkbitsorg-guichan,c13a939ed4d205f2686f8a555cd42fbeaa893665,src/guichan.cpp,0,0,0,0,failed_to_read,,,,,
CPP,,darkbitsorg-guichan,c13a939ed4d205f2686f8a555cd42fbeaa893665,src/inputevent.cpp,0,0,0,0,failed_to_read,,,,,
CPP,,darkbitsorg-guichan,c13a939ed4d205f2686f8a555cd42fbeaa893665,src/opengl/openglimage.cpp,0,0,0,0,failed_to_read,,,,,
CPP,,darkbitsorg-guichan,c13a939ed4d205f2686f8a555cd42fbeaa893665,src/sdl/sdl.cpp,0,0,0,0,failed_to_read,,,,,
CPP,,darkbitsorg-guichan,c13a939ed4d205f2686f8a555cd42fbeaa893665,src/widgets/checkbox.cpp,0,0,0,0,failed_to_read,,,,,
CPP,,darkbitsorg-guichan,c13a939ed4d205f2686f8a555cd42fbeaa893665,src/widgets/scrollarea.cpp,0,0,0,0,failed_to_read,,,,,
CPP,,darkbitsorg-guichan,d7e684fe45371532796d5b18005f10760ac7dfd8,src/widgets/tabbedarea.cpp,0,0,0,0,failed_to_read,,,,,
CPP,,darkbitsorg-guichan,cb9a7ffb898f05f2ca6eebd2504f566b279527b5,include/guichan/selectionlistener.hpp,0,0,0,0,failed_to_read,,,,,
CPP,,darkbitsorg-guichan,3b8b9bf27df97bbd90c0023022ff59240c503179,include/guichan/gui.hpp,0,0,0,0,failed_to_read,,,,,
C,,dimpase-autocliquer,4cc717b735a608f959671c36e793a6d091555757,include/cliquer/set.h,0,0,0,0,failed_to_read,,,,,
ShellScript,,dimtpap-obs-scale-to-sound,e3984990b698bd773b17246b61a71e76d78822c4,.github/scripts/.build.zsh,0,0,0,0,failed_to_read,,,,,
ShellScript,,doron-cohen-antidot,b494cef5e089895e413337bfffbd47390fd1d770,tests/integration/testdata/init_zsh_default.zsh,0,0,0,0,failed_to_read,,,,,
Scala,,flowdalic-sendxmpp,fddacd817e788f8b777d2a7e946e43fa5fb29e3b,sendxmpp.sc,0,0,0,0,failed_to_read,,,,,
Scala,,flowdalic-sendxmpp,de85045de21eeedf31ac5e8bd90b6aa0cbc0aff9,sendxmpp.sc,0,0,0,0,failed_to_read,,,,,
CPP,,fonttools-pyclipper,8aefba84b5a21e27fd0572b2f61810e3158e8585,src/clipper.cpp,0,0,0,0,failed_to_read,,,,,
C,,freaklabs-chibiArduino,bcea1e8f29a21dcf9b59bc1f55958653cbc274e2,chibiUsrCfg.h,0,0,0,0,failed_to_read,,,,,
C,,freaklabs-chibiArduino,5da33c63ad101643479c5f1b1cca8ca9179000f1,chibiUsrCfg.h,0,0,0,0,failed_to_read,,,,,
Vimscript,,fs111-pydoc.vim,c64b4b7946f56d03ecb7e06cca58c2b0f2ca43c1,ftplugin/python_pydoc.vim,0,0,0,0,failed_to_read,,,,,
Vimscript,,fs111-pydoc.vim,cad717b0f67d6b2e1520be2b9f562b7f522493d2,ftplugin/pydoc.vim,0,0,0,0,failed_to_read,,,,,
Vimscript,,fs111-pydoc.vim,14ffe6cdd74e086271e4eb07ba94fe4bd5b94e26,pydoc.vim,0,0,0,0,failed_to_read,,,,,
ShellScript,,garabik-grc,b16ae2647dfcf06eab48ce3e82ccdbc2e60095ea,grc.zsh,0,0,0,0,failed_to_read,,,,,
C,,gnif-mod_rpaf,87766427b86afdff5467378bd341e59854b1814e,mod_rpaf.c,0,0,0,0,failed_to_read,,,,,
Kotlin,,go-delve-delve,997463564b7d53d72fc4f664b4382459470eb319,.teamcity/settings.kts,0,0,0,0,failed_to_read,,,,,
CPP,,gogglesmm-gogglesmm,07150e614037005640ab58a9d44f5eea01c54592,cfox/lib/fxkeyboard.cpp,0,0,0,0,failed_to_read,,,,,
C,,gsteele13-spyview,4a92a1b690e5d1e2fff8b788876a2c941b952267,spyview/eng.C,0,0,0,0,failed_to_read,,,,,
C,,ianw-libiptcdata,c1a145bb75ff40610d128faedf9ac1752ede6510,libiptcdata/iptc-data.h,0,0,0,0,failed_to_read,,,,,
C,,ianw-libiptcdata,c1a145bb75ff40610d128faedf9ac1752ede6510,libiptcdata/iptc-tag.h,0,0,0,0,failed_to_read,,,,,
C,,ianw-libiptcdata,a08baa11692bc12089a3e03cc341508d8f65c5a8,python/pyiptcdatamod.c,0,0,0,0,failed_to_read,,,,,
C,,ianw-libiptcdata,c0b8a760a9913cd81f2d130b2cc05c6242cac857,python/pyiptcdataset.c,0,0,0,0,failed_to_read,,,,,
Kotlin,,ingokegel-jclasslib,5f2749d55b75dfc3af77fafc9a619061ed238af5,buildSrc/build.gradle.kts,0,0,0,0,failed_to_read,,,,,
CPP,,intel-cmrt,1ee846b60f055363a7f36a5d43951ae2b95fef75,src/hal_cm_g9.cpp,0,0,0,0,failed_to_read,,,,,
C,,intel-cmrt,f129f54f6d6040695a8e5ea6743f986d5aa7380a,src/hw_interface_g75.c,0,0,0,0,failed_to_read,,,,,
CPP,,intel-cmrt,ef4ab4b750b264e8ce9cbf255ff5c5ee915e213e,src/cm_program.cpp,0,0,0,0,failed_to_read,,,,,
C,,intel-cmrt,cfd62c90241d37a9e374cf96f53a1f50cb842f47,src/hw_cmd.h,0,0,0,0,failed_to_read,,,,,
CPP,,intel-cmrt,c3a99396cf864266a283a07baedf45e128e9418d,src/cm_task_internal.cpp,0,0,0,0,failed_to_read,,,,,
CPP,,intel-cmrt,f9fdd5109ecc5c0c08a406a449dc9a1ed98fc9b1,src/hal_cm_g8.cpp,0,0,0,0,failed_to_read,,,,,
C,,intel-cmrt,f9fdd5109ecc5c0c08a406a449dc9a1ed98fc9b1,src/hw_interface_g75.h,0,0,0,0,failed_to_read,,,,,
C,,intel-cmrt,defc713138b72f94ffa34e29ae4a607e63fed59b,src/hw_interface.c,0,0,0,0,failed_to_read,,,,,
CPP,,intel-cmrt,4ebe83fb256286ba96f4774da8973538e7193f7b,src/cm_device.cpp,0,0,0,0,failed_to_read,,,,,
C,,intel-cmrt,8d3711b542feacd8a11c7c33aaef2c9292dcb3f2,src/cm_device.h,0,0,0,0,failed_to_read,,,,,
C,,intel-cmrt,8d3711b542feacd8a11c7c33aaef2c9292dcb3f2,src/cm_kernel_data.h,0,0,0,0,failed_to_read,,,,,
CPP,,intel-cmrt,8d3711b542feacd8a11c7c33aaef2c9292dcb3f2,src/cm_surface_2d_up.cpp,0,0,0,0,failed_to_read,,,,,
CPP,,intel-cmrt,8d3711b542feacd8a11c7c33aaef2c9292dcb3f2,src/cm_thread_space.cpp,0,0,0,0,failed_to_read,,,,,
C,,ipmitool-ipmitool,7c47cf75f415df17539e38ec8aac740ae0d05e9d,src/plugins/ipmi_intf.c,0,0,0,0,failed_to_read,,,,,
C,,irill-camlbz2,fcfc5646679c84d8360de03508f6a0863e2f5ea9,io.h,0,0,0,0,failed_to_read,,,,,
HTML,,jaafreitas-mkgallery,f0e241b74ddfc504e29aefd9fe2b1cfe3d471e50,docs/Bugs.html,0,0,0,0,failed_to_read,,,,,
Kotlin,,junit-pioneer-junit-pioneer,ef5ccff6ea9b12b82698aee24e6661de13d242df,build.gradle.kts,0,0,0,0,failed_to_read,,,,,
Kotlin,,junit-pioneer-junit-pioneer,f5dca5e46edd92537f0e9164511a974a1edbcd79,build.gradle.kts,0,0,0,0,failed_to_read,,,,,
Kotlin,,junit-pioneer-junit-pioneer,275313479411ac51bfd3790be4254736518d8a7a,build.gradle.kts,0,0,0,0,failed_to_read,,,,,
Kotlin,,junit-pioneer-junit-pioneer,22c69400ff6d79f47778fa797254cd291dfa1314,build.gradle.kts,0,0,0,0,failed_to_read,,,,,
Kotlin,,junit-pioneer-junit-pioneer,416a38daf16da386d348685ed1b22d97046b16ba,settings.gradle.kts,0,0,0,0,failed_to_read,,,,,
ShellScript,,keis-git-fixup,596fa65caf7a2c453fd9786bb446fb5878ec37b6,completion.zsh,0,0,0,0,failed_to_read,,,,,
ShellScript,,keis-git-fixup,ec51e7b5c3ca28cd570d260242e5a59bedfd254f,completion.zsh,0,0,0,0,failed_to_read,,,,,
C,,koron-cmigemo,3962d7ba10c5dfe9f57d60ff69994c15ab68c69e,src/rxgen.c,0,0,0,0,failed_to_read,,,,,
C,,libharu-libharu,d3ec750ed6faf48f31a5f0bf2db59a647367c6e2,demo/outline_demo.c,0,0,0,0,failed_to_read,,,,,
CPP,,madmartin-noad,93a8dc3bcf2976a785bbd81dfaa941dc437ae731,noad.cpp,0,0,0,0,failed_to_read,,,,,
CPP,,madmartin-noad,a4ff1098a190e7b7cc27f507398082410c04eefe,noad.cpp,0,0,0,0,failed_to_read,,,,,
CPP,,madmartin-noad,82235acb1b08fed79199c13d65aa0b7df0229d3d,noad.cpp,0,0,0,0,failed_to_read,,,,,
CPP,,madmartin-noad,d2be29c5fc324bf4e3684bc36273aad7f35aa57c,noad.cpp,0,0,0,0,failed_to_read,,,,,
ShellScript,,mafredri-zsh-async,c18959a6f1f0dbc7167e65848a5c41d73df9ab7c,async.zsh,0,0,0,0,failed_to_read,,,,,
ShellScript,,mafredri-zsh-async,bd16d42eeefecbfb728300434785e8d64255300e,async_test.zsh,0,0,0,0,failed_to_read,,,,,
ShellScript,,mafredri-zsh-async,a9ca05110910bdc738f6c88d6fbe2d1043c31490,async.zsh,0,0,0,0,failed_to_read,,,,,
ShellScript,,mafredri-zsh-async,58f7ba70f05e75802299848e7e31c7d7a7fd0c97,async.zsh,0,0,0,0,failed_to_read,,,,,
ShellScript,,mafredri-zsh-async,6c69d62ce508bedf6811d53d6390ee6b1566a950,async_test.zsh,0,0,0,0,failed_to_read,,,,,
C,,magnush-mhwaveedit,36d634c8a4765040d931641f8744320e4d546034,src/mainwindow.c,0,0,0,0,failed_to_read,,,,,
C,,magnush-mhwaveedit,3515ff1a108f3ec535d6c7f590729b3e315f3917,src/mainwindow.c,0,0,0,0,failed_to_read,,,,,
C,,magnush-mhwaveedit,3515ff1a108f3ec535d6c7f590729b3e315f3917,src/sound-portaudio.c,0,0,0,0,failed_to_read,,,,,
C,,markusfisch-PieDock,3724cde2d77748c8ea0b519061a98e5d9d8f6380,src/ActiveIndicator.h,0,0,0,0,failed_to_read,,,,,
C,,markusfisch-PieDock,3724cde2d77748c8ea0b519061a98e5d9d8f6380,src/Blender.h,0,0,0,0,failed_to_read,,,,,
C,,markusfisch-PieDock,3724cde2d77748c8ea0b519061a98e5d9d8f6380,src/Icon.h,0,0,0,0,failed_to_read,,,,,
C,,markusfisch-PieDock,3724cde2d77748c8ea0b519061a98e5d9d8f6380,src/MenuItemWithWorkspaces.h,0,0,0,0,failed_to_read,,,,,
CPP,,markusfisch-PieDock,3724cde2d77748c8ea0b519061a98e5d9d8f6380,src/Text.cpp,0,0,0,0,failed_to_read,,,,,
CPP,,markusfisch-PieDock,3724cde2d77748c8ea0b519061a98e5d9d8f6380,src/WindowStack.cpp,0,0,0,0,failed_to_read,,,,,
CPP,,markusfisch-PieDock,176a87761ba72a6f975d77e462a2fe5f38574c2a,src/Menu.cpp,0,0,0,0,failed_to_read,,,,,
CPP,,markusfisch-PieDock,b4e9ecf22d0b00e3475e77dab2593fd35a5b2236,src/Menu.cpp,0,0,0,0,failed_to_read,,,,,
CPP,,markusfisch-PieDock,b4e9ecf22d0b00e3475e77dab2593fd35a5b2236,src/TransparentWindow.cpp,0,0,0,0,failed_to_read,,,,,
CPP,,markusfisch-PieDock,ac35c4ba0b792b9a8e804ba60f22e5f4a70bfc93,src/IconMap.cpp,0,0,0,0,failed_to_read,,,,,
Python,,meerk40t-svgelements,74109ab8a92dbb3bc4ba6a49dfc416c3f1ef3028,svgelements/svgelements.py,0,0,0,0,failed_to_read,,,,,
Python,,meerk40t-svgelements,ba29e5bfea8aa7c6eaab4b580655072a842fb357,svgelements/svgelements.py,0,0,0,0,failed_to_read,,,,,
Python,,meerk40t-svgelements,0867b70631676272b2e8d7a5dc4f858bce8e0fe8,svgelements/svgelements.py,0,0,0,0,failed_to_read,,,,,
C,,miguelmarco-libbraiding,8586aa35a67baf5f4cba29bda6e08ae614633c65,lib/braiding.h,0,0,0,0,failed_to_read,,,,,
CPP,,miguelmarco-libbraiding,933144af38455d414d2434dff95fe064fad644c8,lib/braiding.cpp,0,0,0,0,failed_to_read,,,,,
C,,olivluca-vdr-actuator-plugin,a8003c58f509a3aa8eb42588a15c2ff7d4541122,actuator.c,0,0,0,0,failed_to_read,,,,,
CPP,,openscenegraph-OpenSceneGraph,c53eae5dd7b6e8aba36db72ff4ad7b77864f6ce3,src/osgPlugins/OpenFlight/Registry.cpp,0,0,0,0,failed_to_read,,,,,
C,,pbiering-ipv6calc,c949dd8426875cc183984c262091e7b40fa4a940,databases/ieee-oui/dbieee_oui.h,2286721,2288551,569846,570251,timed_out,,,,,
ShellScript,,poetaman-arttime,1f96632bb5e85693a499ef41f3eb1adb64d2bd6a,share/arttime/src/arttime.zsh,0,0,0,0,failed_to_read,,,,,
C,,rollinhand-libdbf,f5d08f05fbbc2b780188a263fcf0db14c8d71e1f,include/libdbf/libdbf.h,0,0,0,0,failed_to_read,,,,,
ShellScript,,rossmacarthur-sheldon,a804ff231e48a9c7e6895871da9ea926e017058d,completions/sheldon.zsh,0,0,0,0,failed_to_read,,,,,
CPP,,sebaro-Yarock,3cdc8910a6dec9054913dcdd8e804bb79b53b861,src/widgets/main/menumodel.cpp,0,0,0,0,failed_to_read,,,,,
C,,segin-matwm2,038b4ca85e690e66e159d032123b858d0c7c5445,screens.c,0,0,0,0,failed_to_read,,,,,
CPP,,set-soft-tvision,7cb04449a3936d1d24a16ff08d4844d0e0a148c8,tvision/classes/wingr/wingrscr.cc,0,0,0,0,failed_to_read,,,,,
CPP,,set-soft-tvision,db2cc66b4745a0a11875f51a099ab6a1ee98b5a0,tvision/classes/tview.cc,0,0,0,0,failed_to_read,,,,,
CPP,,set-soft-tvision,72482b7cfbc616c924b62dcf2c93d685c9c269f7,tvision/classes/tresfile.cc,0,0,0,0,failed_to_read,,,,,
CSharp,,silnrsi-teckit,d60c1265dc6c39b988efdd8eefeb0fdfa1181434,zlib-1.2.13/contrib/dotzlib/DotZLib/GZipStream.cs,0,0,0,0,failed_to_read,,,,,
C,,skk-dev-skktools,9f71fb8496a39a76dccf219f84c079eaf2edc05b,skkdic-count.c,0,0,0,0,failed_to_read,,,,,
Ruby,,skk-dev-skktools,43e21323096bb31770f66fc60f14a11580030677,convert2skk/ipadic2skk.rb,0,0,0,0,failed_to_read,,,,,
Ruby,,skk-dev-skktools,7d857d554509b279bfac044bf1fda93f38a8fd0f,filters/conjugation.rb,0,0,0,0,failed_to_read,,,,,
C,,smbolton-hexter,eaf9b2026380022771060b84e0cf8abb348fb428,src/gui_retro_console.c,0,0,0,0,failed_to_read,,,,,
ShellScript,,sukria-Backup-Manager,1f819a3e937f6f6b2df454a8260a17c3ca33d90a,lib/actions.sh,0,0,0,0,failed_to_read,,,,,
ShellScript,,sukria-Backup-Manager,2bdaed96816c7910de82dd981e68780bb2e5372e,lib/files.sh,0,0,0,0,failed_to_read,,,,,
Scala,,supercollider-supercollider,215a938339950d618d3ffd71f8b792ff4a1259a5,SCClassLibrary/JITLib/GUI/TaskProxyGui.sc,0,0,0,0,failed_to_read,,,,,
C,,tevador-polyseed,e2422254260f38347e3c28e9bcc11dd981d40ba1,src/lang_pt.c,0,0,0,0,failed_to_read,,,,,
C,,theabolton-whysynth,6450ac3221783c438b7e98f71cc6e72f1290fee2,src/whysynth_voice_render.c,0,0,0,0,failed_to_read,,,,,
C,,theabolton-whysynth,e1514510b7a77d77a9168ac12fd5bc7c0d1bb884,src/whysynth_voice_render.c,0,0,0,0,failed_to_read,,,,,
C,,theabolton-whysynth,093d71aee865ac106bf09f9122b299bc84a43d62,src/whysynth_voice_render.c,0,0,0,0,failed_to_read,,,,,
ShellScript,,tj-git-extras,18d101732552c0bfba53cccb572de4f95c4ae9ae,etc/git-extras-completion.zsh,0,0,0,0,failed_to_read,,,,,
C,,tomac-yersinia,a5bdd5fd5786600244a7630d7335a6700168e6c9,src/ncurses-interface.c,0,0,0,0,failed_to_read,,,,,
C,,tree-sitter-grammars-tree-sitter-vim,dfd1fddcdedebeacc52e930e8dc0065afeeba186,src/parser.c,4562968,4578599,1335615,1340793,timed_out,,,,,
C,,tree-sitter-tree-sitter-java,5e62fbb519b608dfd856000fdc66536304c414de,src/parser.c,2620792,2620883,813592,813621,timed_out,,,,,
C,,tree-sitter-tree-sitter-ql,5e2670104844adff5b10c5a6ee6a0225c293b37d,src/parser.c,1917113,1917266,590339,590405,timed_out,,,,,
C,,tree-sitter-tree-sitter-rust,5b8dd577b2b2d12a08b3ca9aa6299214e14bd90f,src/parser.c,6396647,6451566,1961362,1977131,timed_out,,,,,
C,,tree-sitter-tree-sitter-rust,5274df6aa92d9016edf566aeff4d77206184dfaa,src/parser.c,6129829,6153016,1874260,1881543,timed_out,,,,,
C,,tree-sitter-tree-sitter-typescript,e45cb3225bf47a04da827e4575b9791523d953fd,tsx/src/parser.c,8938084,8645201,2587626,2507708,timed_out,,,,,
C,,tsyrogit-zxcvbn-c,afd7481dfc80bdcf09166d9831cfad8122313165,zxcvbn.c,0,0,0,0,failed_to_read,,,,,
Kotlin,,udalov-kotlin-vim,53fe045906df8eeb07cb77b078fc93acda6c90b8,extra/generate-stdlib-class-names.main.kts,0,0,0,0,failed_to_read,,,,,
Kotlin,,udalov-kotlin-vim,cfa6be8fade1022e11f9693b9ad66f02e408393a,syntax/generate-stdlib-class-names.main.kts,0,0,0,0,failed_to_read,,,,,
C,,vdr-projects-vdr-plugin-dvd,e1bcbb1f9aade71fb22043eda94e42bbfb4b8f46,i18n.c,0,0,0,0,failed_to_read,,,,,
C,,vdr-projects-vdr-plugin-dvd,916bd99763642240cbc0932c83ac5be9c68f8fb2,i18n.c,0,0,0,0,failed_to_read,,,,,
C,,vdr-projects-vdr-plugin-dvdswitch,2906f2d1b7e1c5931b3d05156569d6061eb6b9b5,commands.c,0,0,0,0,failed_to_read,,,,,
C,,vdr-projects-vdr-plugin-dvdswitch,2906f2d1b7e1c5931b3d05156569d6061eb6b9b5,helpers.h,0,0,0,0,failed_to_read,,,,,
C,,vdr-projects-vdr-plugin-lcdproc,a1a98bf76178df893addb968f2af9369da1a537b,lcdtranstbl.h,0,0,0,0,failed_to_read,,,,,
C,,vdr-projects-vdr-plugin-lcdproc,d4acf91a5ebc13da557af6a5388b9502df86148b,i18n.c,0,0,0,0,failed_to_read,,,,,
C,,vdr-projects-vdr-plugin-remoteosd,f1705e7c5e5d7f3cdfb9606cebadb7e12eddabc6,i18n.c,0,0,0,0,failed_to_read,,,,,
C,,vdr-projects-vdr-plugin-sleeptimer,2102f7afaf67855011775d6d75d4501b79a6ad0b,i18n.c,0,0,0,0,failed_to_read,,,,,
C,,vdr-projects-vdr-plugin-sleeptimer,393b71268991b320406f1fd38bb5cf04663a7ae8,i18n.c,0,0,0,0,failed_to_read,,,,,
C,,vdr-projects-vdr-plugin-ttxtsubs,77808ab28a1dcd7f097c28906696e71cf12e8ac5,ttxtsubs.c,0,0,0,0,failed_to_read,,,,,
C,,vdr-projects-vdr-plugin-ttxtsubs,ad67d3c34bcc34135a53d4a236c00f7cf64c32a6,ttxtsubs.c,0,0,0,0,failed_to_read,,,,,
C,,vdr-projects-vdr-plugin-ttxtsubs,97501a96193c7e08f4e45721fbcc051407656db8,teletext-chars.h,0,0,0,0,failed_to_read,,,,,
C,,vdr-projects-vdr-plugin-ttxtsubs,e7c8bd88a93ec74943399f3c7b60efd00e92054d,ttxtsubs.c,0,0,0,0,failed_to_read,,,,,
ShellScript,,vim-scripts-frawor,0f87da66e2b6611f22929b5d81037243460b782c,tools/profile.zsh,0,0,0,0,failed_to_read,,,,,
C,,wanpinglee-MOSAIK,75424b92d41b41e3d2a00f17db46d9281364334d,src/CommonSource/Config/Mosaik.h,0,0,0,0,failed_to_read,,,,,
C,,wanpinglee-MOSAIK,5d4ce9822c85adec557bbcd86d739f6515824d2f,src/CommonSource/Config/Mosaik.h,0,0,0,0,failed_to_read,,,,,
CPP,,wanpinglee-MOSAIK,59b4f70ba48258e2c507818ee35b5f7bd97d22f5,src/MosaikJump/JumpMain.cpp,0,0,0,0,failed_to_read,,,,,
CPP,,wanpinglee-MOSAIK,fdfe76f7f5a6dfd32072b5dd2616e445f047497e,src/MosaikAligner/AlignmentThread.cpp,0,0,0,0,failed_to_read,,,,,
CPP,,wanpinglee-MOSAIK,bf16c9a1adf6feff85fea88cb9d3dc07829beb84,src/CommonSource/Utilities/TimeSupport.cpp,0,0,0,0,failed_to_read,,,,,
CPP,,wanpinglee-MOSAIK,c2581d2b5ec9b648cf9db9cec064d3cc5ffffbad,src/MosaikAligner/AlignmentThread.cpp,0,0,0,0,failed_to_read,,,,,
CPP,,wez-atomicparsley,37136e9d85294975be518176a7b2b3660f568cfd,src/parsley.cpp,0,0,0,0,failed_to_read,,,,,
C,,wez-atomicparsley,d91c24cf27f9b17a6ede12aadf6bb15809a515df,src/AtomicParsley.h,0,0,0,0,failed_to_read,,,,,
ShellScript,,wting-autojump,b2f243ee17e918821e2d15a1de5e20b0f7f981f2,bin/autojump.zsh,0,0,0,0,failed_to_read,,,,,
C,,zapping-vbi-zvbi,ae143105863a9b8ecc9e46b91df011360e617f8f,src/misc.c,0,0,0,0,failed_to_read,,,,,
ShellScript,,zsh-users-zsh-autosuggestions,23f294345584162a73f43e9616556fcca4bd9ce0,src/config.zsh,0,0,0,0,failed_to_read,,,,,
ShellScript,,zsh-users-zsh-autosuggestions,3ecc53dfe29442ecc4bcb7f3af6c3a263407ab7c,zsh-autosuggestions.zsh,0,0,0,0,failed_to_read,,,,,
ShellScript,,zsh-users-zsh-autosuggestions,6c634c1e35cd6093ad01bb6002f63aa5c0f6a3b6,src/start.zsh,0,0,0,0,failed_to_read,,,,,
ShellScript,,zsh-users-zsh-autosuggestions,7682c13860597ce09e672faeae7d3429d5460dcc,zsh-autosuggestions.zsh,0,0,0,0,failed_to_read,,,,,
ShellScript,,zsh-users-zsh-autosuggestions,7afb7364f1ba5cb87eb616516c9a7fa4b86539b6,zsh-autosuggestions.zsh,0,0,0,0,failed_to_read,,,,,
ShellScript,,zsh-users-zsh-autosuggestions,0f0f221180b1fec3254e74d8d657c3a929870b1b,zsh-autosuggestions.zsh,0,0,0,0,failed_to_read,,,,,
ShellScript,,zsh-users-zsh-history-substring-search,da5f0673b9a464c702f042a8a18d8ce2d08ac6e8,zsh-history-substring-search.zsh,0,0,0,0,failed_to_read,,,,,
ShellScript,,zsh-users-zsh-history-substring-search,36505c46c76c02ee0e9a7eb149ee555fb5ae6545,zsh-history-substring-search.zsh,0,0,0,0,failed_to_read,,,,,
ShellScript,,zsh-users-zsh-history-substring-search,f7c8d3157b77c8ae5c4a8236692cf5c4a39e1c87,zsh-history-substring-search.zsh,0,0,0,0,failed_to_read,,,,,
ShellScript,,zsh-users-zsh-history-substring-search,8224802bda08ef2e532b2a861b7e5c3b9104bf99,zsh-history-substring-search.zsh,0,0,0,0,failed_to_read,,,,,
ShellScript,,zsh-users-zsh-syntax-highlighting,0b5b3dcc0c603c9e1b3ad9d59b3d923a4b2d2437,highlighters/main/test-data/parameter-to-global-alias.zsh,0,0,0,0,failed_to_read,,,,,
ShellScript,,zsh-users-zsh-syntax-highlighting,0ddb1a8d51205d53ea283e9fdd5135eb4039fec8,zsh-syntax-highlighting.zsh,0,0,0,0,failed_to_read,,,,,
ShellScript,,zsh-users-zsh-syntax-highlighting,205bc7ea199cfd4cded51d465baad63b3d7f3aad,highlighters/main/main-highlighter.zsh,0,0,0,0,failed_to_read,,,,,
CPP,,intel-metrics-discovery,f3b8faa6337ffd52e8e53a3f878543f2e35b7fdc,instrumentation/metrics_discovery/codegen/md_metric_sets_ACM_GT3.cpp,21200029,19347311,3937712,3772900,timed_out,,,,,
TypeScript,,Maproom-qmapshack,4e13e8e23bc07316940939a35e9a4696e356c464,src/qmapshack/locale/qmapshack_ca.ts,854418,1004723,230476,280963,timed_out,,,,,
ShellScript,,Aloxaf-fzf-tab,4398f451c8cc8fa77b011d192751dfcb7320df5e,fzf-tab.zsh,0,0,0,0,failed_to_read,,,,,
ShellScript,,Aloxaf-fzf-tab,5b660107ef8bcbb733b6af27d9360e3db38800e0,fzf-tab.zsh,0,0,0,0,failed_to_read,,,,,
Kotlin,,AsamK-signal-cli,7feba3c8c730f39377c1f8c85fc4ec804695457f,build.gradle.kts,0,0,0,0,failed_to_read,,,,,
CSharp,,Blosc-c-blosc,5052e00173260c03f474d7405bf68a5718d6cc81,internal-complibs/zlib-1.3.1/contrib/dotzlib/DotZLib/CodecBase.cs,0,0,0,0,failed_to_read,,,,,
CSharp,,Blosc-c-blosc,adb3b4bec40c0d6c7eac1d7c26144cdefcd31701,internal-complibs/zlib-1.2.13/contrib/dotzlib/DotZLib/GZipStream.cs,0,0,0,0,failed_to_read,,,,,
C,,GPUOpen-LibrariesAndSDKs-AMF,c48e50ad6c8723c006b2c145d8fa49ecc0651022,amf/public/src/components/ComponentsFFMPEG/H264EncoderFFMPEGImpl.h,0,0,0,0,failed_to_read,,,,,
Kotlin,,JetBrains-kotlin,f5f13c54ea4e0b3bba61ebb397cc952d7720a713,js/js.tests/klib-compatibility/build.gradle.kts,0,0,0,0,failed_to_read,,,,,
Kotlin,,JetBrains-kotlin,f5f13c54ea4e0b3bba61ebb397cc952d7720a713,plugins/compose/compiler-hosted/build.gradle.kts,0,0,0,0,failed_to_read,,,,,
C,,Joungkyun-libchardet,9db44eb75d4c0f65725552e6b113747cfc6a4be4,test/sample.c,0,0,0,0,failed_to_read,,,,,
C,,Joungkyun-libchardet,da0a1a042d73f131e6131523787f163387be66cb,test/sample.c,0,0,0,0,failed_to_read,,,,,
CSharp,,OpenNI-OpenNI,6e4a41bb55de6062d4431cbc6ea7840b81a279f1,Platform/Win32/Build/Res/AssemblyInfo-OpenNI.cs,0,0,0,0,failed_to_read,,,,,
CSharp,,OpenNI-OpenNI,98d33a8cb14283c4ba2daa80acaf7b4587501a36,Platform/Win32/Build/Res/AssemblyInfo-OpenNI.cs,0,0,0,0,failed_to_read,,,,,
CSharp,,OpenNI-OpenNI,15160748a400c6089e7732d805f74992331193fa,Platform/Win32/Build/Res/AssemblyInfo-OpenNI.cs,0,0,0,0,failed_to_read,,,,,
CSharp,,OpenNI-OpenNI,98501c4b49e3a887f0b8860bff88473b22eb7282,Platform/Win32/Build/Res/AssemblyInfo-OpenNI.cs,0,0,0,0,failed_to_read,,,,,
C,,OpenVisualCloud-SVT-HEVC,d6686981d0609bf1df65cab016f833ebc529100f,Source/API/EbApi.h,0,0,0,0,failed_to_read,,,,,
CPP,,STEllAR-GROUP-hpx,b735a4f4acb4beb5c341f19d099e9259981e9337,libs/core/async_cuda/src/cuda_event_callback.cpp,0,0,0,0,failed_to_read,,,,,
CPP,,STEllAR-GROUP-hpx,ed5225b91a4f48cedecf61c4d1e6405bd269127a,libs/core/async_cuda/src/cuda_event_callback.cpp,0,0,0,0,failed_to_read,,,,,
CPP,,STEllAR-GROUP-hpx,ed5225b91a4f48cedecf61c4d1e6405bd269127a,libs/core/async_sycl/include/hpx/async_sycl/sycl_future.hpp,0,0,0,0,failed_to_read,,,,,
Kotlin,,TNG-junit-dataprovider,632b72c6b544d816eecaa928832533c97df89168,build.gradle.kts,0,0,0,0,failed_to_read,,,,,
Kotlin,,TNG-junit-dataprovider,a6b422ed996eba8bb418abb19e22ae928b6df175,build.gradle.kts,0,0,0,0,failed_to_read,,,,,
Kotlin,,TNG-junit-dataprovider,a289b77e1f16b2a9a23285e876ed89c9d00e44f5,build.gradle.kts,0,0,0,0,failed_to_read,,,,,
Kotlin,,TNG-junit-dataprovider,257de97ab23feebdc738044a55bb50478765c56f,build.gradle.kts,0,0,0,0,failed_to_read,,,,,
C,,Terraspace-UASM,6e59ae7cf28ef2dc6fffaf48e29de164149565c1,codegenv2.c,0,0,0,0,failed_to_read,,,,,
C,,abacus-gene-paml,b8ba1772b61983d97c34a73b8f2f39845c54a82d,src/tools.c,0,0,0,0,failed_to_read,,,,,
C,,abacus-gene-paml,d59d538939422a31d8a0f23822c1ddb072409bfd,src/tools.c,0,0,0,0,failed_to_read,,,,,
C,,abacus-gene-paml,089ce1041b92e53f44767f04206d2393e0e3f13c,src/tools.c,0,0,0,0,failed_to_read,,,,,
Scala,,adobe-fonts-source-han-mono,9a10a4fe9797b9777dd9b77cd093e8f76dd55e1d,ExtraLight/OTC/features.OTC.SC,0,0,0,0,failed_to_read,,,,,
Scala,,adobe-fonts-source-han-mono,9a10a4fe9797b9777dd9b77cd093e8f76dd55e1d,Normal/OTC/features.OTC.SC,0,0,0,0,failed_to_read,,,,,
Scala,,adobe-fonts-source-han-mono,0381f376e6fdf00d3d463f5a371bcec4b1b69e23,ExtraLight/OTC/cidfont.ps.OTC.SC,0,0,0,0,failed_to_read,,,,,
Scala,,adobe-fonts-source-han-mono,0381f376e6fdf00d3d463f5a371bcec4b1b69e23,Light/OTC/cidfont.ps.OTC.SC,0,0,0,0,failed_to_read,,,,,
Scala,,adobe-fonts-source-han-mono,0381f376e6fdf00d3d463f5a371bcec4b1b69e23,Normal/OTC/cidfont.ps.OTC.SC,0,0,0,0,failed_to_read,,,,,
Scala,,adobe-fonts-source-han-mono,5c5b72e67cb98919f4be8d81641e3c47698a1754,Bold/OTC/cidfont.ps.OTC.SC,0,0,0,0,failed_to_read,,,,,
Scala,,adobe-fonts-source-han-mono,5c5b72e67cb98919f4be8d81641e3c47698a1754,Medium/OTC/cidfont.ps.OTC.SC,0,0,0,0,failed_to_read,,,,,
Scala,,adobe-fonts-source-han-mono,99492eb1ad0b3284983ba419334d8ce521cb2a66,Bold/OTC/features.OTC.SC,0,0,0,0,failed_to_read,,,,,
Scala,,adobe-fonts-source-han-mono,99492eb1ad0b3284983ba419334d8ce521cb2a66,Heavy/OTC/features.OTC.SC,0,0,0,0,failed_to_read,,,,,
Scala,,adobe-fonts-source-han-mono,99492eb1ad0b3284983ba419334d8ce521cb2a66,Medium/OTC/features.OTC.SC,0,0,0,0,failed_to_read,,,,,
Scala,,adobe-fonts-source-han-mono,99492eb1ad0b3284983ba419334d8ce521cb2a66,Regular/OTC/features.OTC.SC,0,0,0,0,failed_to_read,,,,,
C,,alevt-alevt,93d2998d81bfb6af96eb64c9a963f6b7f4e57c33,alevt-cap.c,0,0,0,0,failed_to_read,,,,,
C,,alevt-alevt,88ec244419ef777891a44d1a6b518349fb03fe8c,main.c,0,0,0,0,failed_to_read,,,,,
C,,alevt-alevt,88bfdc1674eb67754974108fe688b70b5c1d17c4,main.c,0,0,0,0,failed_to_read,,,,,
C,,alevt-alevt,39e0f39582aeb08f33b69ec1426adfea337d93f9,main.c,0,0,0,0,failed_to_read,,,,,
C,,alevt-alevt,0d61a74053e6fd2df352746d1c745d6d25be8b40,alevt-cap.c,0,0,0,0,failed_to_read,,,,,
C,,alevt-alevt,ccd4ea46721dac372cd04647ccbe3ebcb7860789,lang.c,0,0,0,0,failed_to_read,,,,,
C,,barak-vobcopy,2cd42a953acb6f0b5fa801d76a7cea1183a14f2a,vobcopy.c,0,0,0,0,failed_to_read,,,,,
C,,bhaak-vilistextum,9d38b9053698ffd5a5b01023585ac01019b173e8,src/main.c,0,0,0,0,failed_to_read,,,,,
C,,bhaak-vilistextum,8331a94de478e61df22e27037bca5b336b1ded5e,src/html.c,0,0,0,0,failed_to_read,,,,,
CPP,,bolero-MURAKAMI-Sprout,ea06f925655602a39750c2fd4fc88ecb98c9860f,sprout/complex/atanh.hpp,0,0,0,0,failed_to_read,,,,,
CPP,,bolero-MURAKAMI-Sprout,ea06f925655602a39750c2fd4fc88ecb98c9860f,sprout/complex/exp.hpp,0,0,0,0,failed_to_read,,,,,
CPP,,bolero-MURAKAMI-Sprout,ea06f925655602a39750c2fd4fc88ecb98c9860f,sprout/complex/sinh.hpp,0,0,0,0,failed_to_read,,,,,
CPP,,bolero-MURAKAMI-Sprout,26299dad18a7e16fcb4873ce7f9f26a3d2ac1925,example/lifegame/main.cpp,0,0,0,0,failed_to_read,,,,,
CPP,,bolero-MURAKAMI-Sprout,26299dad18a7e16fcb4873ce7f9f26a3d2ac1925,sprout/complex/cosh.hpp,0,0,0,0,failed_to_read,,,,,
CPP,,bolero-MURAKAMI-Sprout,09181940789f135c292e9c336d8ceffca0b1bec3,sprout/complex/atanh.hpp,0,0,0,0,failed_to_read,,,,,
CPP,,bolero-MURAKAMI-Sprout,09181940789f135c292e9c336d8ceffca0b1bec3,sprout/complex/exp.hpp,0,0,0,0,failed_to_read,,,,,
CPP,,bolero-MURAKAMI-Sprout,09181940789f135c292e9c336d8ceffca0b1bec3,sprout/complex/sinh.hpp,0,0,0,0,failed_to_read,,,,,
CPP,,bolero-MURAKAMI-Sprout,09181940789f135c292e9c336d8ceffca0b1bec3,sprout/math/atan2.hpp,0,0,0,0,failed_to_read,,,,,
Go,,bookingcom-carbonapi,fdc03a0345aef5bcf9de440a4ea3a609d33f0b7a,vendor/golang.org/x/text/unicode/norm/tables10.0.0.go,383295,383270,168424,168423,timed_out,,,,,
C,,brunonymous-tecnoballz,4105ee5d2d6ff4b51ab002488ff2e200cf946245,include/controller_bricks.h,0,0,0,0,failed_to_read,,,,,
C,,brunonymous-tecnoballz,8af1a5aa6eeeb37485dfabae98259d0a4eb88621,include/controller_bricks.h,0,0,0,0,failed_to_read,,,,,
C,,chennes-med,f17a48594d7c668eb68850284c50aeb9c5fe7159,src/ci/MEDstructElementInfo.c,0,0,0,0,failed_to_read,,,,,
C,,chennes-med,f17a48594d7c668eb68850284c50aeb9c5fe7159,src/hdfi/_MEDdatasetExist.c,0,0,0,0,failed_to_read,,,,,
C,,chewi-amiwm,229d2b2c4d4a91e403db54f8698704f9251cfd5a,menu.c,0,0,0,0,failed_to_read,,,,,
C,,chewi-amiwm,d00be9ffa8d72c1fd9562f8718041c3441f847d9,menu.c,0,0,0,0,failed_to_read,,,,,
Go,,cloudflare-cfssl,d124eca11bd1f4b2b9d7101db4db7eef82442bee,vendor/golang.org/x/text/unicode/norm/tables11.0.0.go,385216,385191,169174,169173,timed_out,,,,,
CPP,,darkbitsorg-guichan,2f06cf2f9942d35f69493d2d4b23502f0409bb4b,include/guichan/containerevent.hpp,0,0,0,0,failed_to_read,,,,,
CPP,,darkbitsorg-guichan,2f06cf2f9942d35f69493d2d4b23502f0409bb4b,include/guichan/irrlicht/irrlichtgraphics.hpp,0,0,0,0,failed_to_read,,,,,
CPP,,darkbitsorg-guichan,2f06cf2f9942d35f69493d2d4b23502f0409bb4b,src/cairo/cairographics.cpp,0,0,0,0,failed_to_read,,,,,
CPP,,darkbitsorg-guichan,2f06cf2f9942d35f69493d2d4b23502f0409bb4b,src/irrlicht/irrlicht.cpp,0,0,0,0,failed_to_read,,,,,
CPP,,darkbitsorg-guichan,c13a939ed4d205f2686f8a555cd42fbeaa893665,demos/ff/include/ffdemo.hpp,0,0,0,0,failed_to_read,,,,,
CPP,,darkbitsorg-guichan,c13a939ed4d205f2686f8a555cd42fbeaa893665,demos/ff/src/ffscrollarea.cpp,0,0,0,0,failed_to_read,,,,,
CPP,,darkbitsorg-guichan,c13a939ed4d205f2686f8a555cd42fbeaa893665,include/guichan/allegro/allegroimage.hpp,0,0,0,0,failed_to_read,,,,,
CPP,,darkbitsorg-guichan,c13a939ed4d205f2686f8a555cd42fbeaa893665,include/guichan/contrib/sdl/sdltruetypefont.hpp,0,0,0,0,failed_to_read,,,,,
CPP,,darkbitsorg-guichan,c13a939ed4d205f2686f8a555cd42fbeaa893665,include/guichan/font.hpp,0,0,0,0,failed_to_read,,,,,
CPP,,darkbitsorg-guichan,c13a939ed4d205f2686f8a555cd42fbeaa893665,include/guichan/hge/hgeimage.hpp,0,0,0,0,failed_to_read,,,,,
CPP,,darkbitsorg-guichan,c13a939ed4d205f2686f8a555cd42fbeaa893665,include/guichan/inputevent.hpp,0,0,0,0,failed_to_read,,,,,
CPP,,darkbitsorg-guichan,c13a939ed4d205f2686f8a555cd42fbeaa893665,include/guichan/mouselistener.hpp,0,0,0,0,failed_to_read,,,,,
CPP,,darkbitsorg-guichan,c13a939ed4d205f2686f8a555cd42fbeaa893665,include/guichan/openlayer/openlayergraphics.hpp,0,0,0,0,failed_to_read,,,,,
CPP,,darkbitsorg-guichan,c13a939ed4d205f2686f8a555cd42fbeaa893665,include/guichan/sdl/sdlimage.hpp,0,0,0,0,failed_to_read,,,,,
CPP,,darkbitsorg-guichan,c13a939ed4d205f2686f8a555cd42fbeaa893665,include/guichan/widgets/button.hpp,0,0,0,0,failed_to_read,,,,,
CPP,,darkbitsorg-guichan,c13a939ed4d205f2686f8a555cd42fbeaa893665,include/guichan/widgets/radiobutton.hpp,0,0,0,0,failed_to_read,,,,,
CPP,,darkbitsorg-guichan,c13a939ed4d205f2686f8a555cd42fbeaa893665,src/actionevent.cpp,0,0,0,0,failed_to_read,,,,,
CPP,,darkbitsorg-guichan,c13a939ed4d205f2686f8a555cd42fbeaa893665,src/cliprectangle.cpp,0,0,0,0,failed_to_read,,,,,
CPP,,darkbitsorg-guichan,c13a939ed4d205f2686f8a555cd42fbeaa893665,src/exception.cpp,0,0,0,0,failed_to_read,,,,,
CPP,,darkbitsorg-guichan,c13a939ed4d205f2686f8a555cd42fbeaa893665,src/hge/hgegraphics.cpp,0,0,0,0,failed_to_read,,,,,
CPP,,darkbitsorg-guichan,c13a939ed4d205f2686f8a555cd42fbeaa893665,src/key.cpp,0,0,0,0,failed_to_read,,,,,
CPP,,darkbitsorg-guichan,c13a939ed4d205f2686f8a555cd42fbeaa893665,src/openlayer/openlayer.cpp,0,0,0,0,failed_to_read,,,,,
CPP,,darkbitsorg-guichan,c13a939ed4d205f2686f8a555cd42fbeaa893665,src/sdl/sdlgraphics.cpp,0,0,0,0,failed_to_read,,,,,
CPP,,darkbitsorg-guichan,c13a939ed4d205f2686f8a555cd42fbeaa893665,src/widgets/container.cpp,0,0,0,0,failed_to_read,,,,,
CPP,,darkbitsorg-guichan,c13a939ed4d205f2686f8a555cd42fbeaa893665,src/widgets/slider.cpp,0,0,0,0,failed_to_read,,,,,
CPP,,darkbitsorg-guichan,e7b45fb1385e26e0a957d3b765ab1fd91c5fdc93,src/sdl/sdlimage.cpp,0,0,0,0,failed_to_read,,,,,
CPP,,darkbitsorg-guichan,cb9a7ffb898f05f2ca6eebd2504f566b279527b5,include/guichan/widgetlistener.hpp,0,0,0,0,failed_to_read,,,,,
CPP,,darkbitsorg-guichan,6217ed883512137dc62786190d459be13ec3dbe6,src/widgets/textbox.cpp,0,0,0,0,failed_to_read,,,,,
Python,,daviddrysdale-python-phonenumbers,cd7f0cc64f1ff4c6b28a83102bf0372bb5653d91,python/phonenumbers/geodata/data15.py,924047,924026,423751,423751,timed_out,,,,,
ShellScript,,dimtpap-obs-scale-to-sound,e3984990b698bd773b17246b61a71e76d78822c4,.github/scripts/.package.zsh,0,0,0,0,failed_to_read,,,,,
Kotlin,,dolphin-emu-dolphin,d83c7c1a709bf51522631bfdf273dc65edd571f2,Source/Android/app/build.gradle.kts,0,0,0,0,failed_to_read,,,,,
Scala,,flowdalic-sendxmpp,b7c4f3e919c6447ec4e2dd95779574621ef22e48,sendxmpp.sc,0,0,0,0,failed_to_read,,,,,
Scala,,flowdalic-sendxmpp,d3340a043cbab5eba102a7bb87e420860b48e228,sendxmpp.sc,0,0,0,0,failed_to_read,,,,,
C,,freaklabs-chibiArduino,cc2b97bfd55feba3997771abb0d41907d920a4c3,chibiUsrCfg.h,0,0,0,0,failed_to_read,,,,,
C,,freaklabs-chibiArduino,3cc41553146cbeb21372670dfac3a091d1b8bca2,chibiUsrCfg.h,0,0,0,0,failed_to_read,,,,,
C,,freaklabs-chibiArduino,6fa6c0bd9fad62cb4bc1eb78e1ed3cd1deebd25d,chibiUsrCfg.h,0,0,0,0,failed_to_read,,,,,
Vimscript,,fs111-pydoc.vim,a07e4b3d0c7ec357af477c5240bbcfb942f95d4f,ftplugin/python_pydoc.vim,0,0,0,0,failed_to_read,,,,,
Vimscript,,fs111-pydoc.vim,cba1099dd78d61933b989df09ed97938ee43b756,ftplugin/pydoc.vim,0,0,0,0,failed_to_read,,,,,
Vimscript,,fs111-pydoc.vim,9547e6a6657991fb1c3894e4a376763b14e3cf82,pydoc.vim,0,0,0,0,failed_to_read,,,,,
ShellScript,,garabik-grc,64c1ba6a0dc48d01054617d4e3843f2bbee1920e,grc.zsh,0,0,0,0,failed_to_read,,,,,
ShellScript,,garabik-grc,dfb89f2e15cd988f73404aaa7fdb00ac329c0517,grc.zsh,0,0,0,0,failed_to_read,,,,,
C,,gnif-mod_rpaf,c6fb8fdf12cab4e760fbc2559b94efcb28bef9d5,mod_rpaf.c,0,0,0,0,failed_to_read,,,,,
CPP,,gogglesmm-gogglesmm,5969b162993a17b2c3b0552b06ca9d906ff6afd2,cfox/lib/FXDir.cpp,0,0,0,0,failed_to_read,,,,,
C,,gsteele13-spyview,892a1983b81f9c93afbc447043e780546e218fb3,source/spyview/eng.C,0,0,0,0,failed_to_read,,,,,
C,,ianw-libiptcdata,c1a145bb75ff40610d128faedf9ac1752ede6510,libiptcdata/iptc-dataset.c,0,0,0,0,failed_to_read,,,,,
C,,ianw-libiptcdata,c1a145bb75ff40610d128faedf9ac1752ede6510,libiptcdata/iptc-utils.c,0,0,0,0,failed_to_read,,,,,
C,,ianw-libiptcdata,a08baa11692bc12089a3e03cc341508d8f65c5a8,python/pyiptcdataset.c,0,0,0,0,failed_to_read,,,,,
C,,ianw-libiptcdata,e5cb1abf24612a098c625e79af1fcefb3af46de6,libiptcdata/iptc-data.c,0,0,0,0,failed_to_read,,,,,
C,,ianw-libiptcdata,f2352c00a2db984aa4aaf80182fd0b63c5234f46,libiptcdata/iptc-data.c,0,0,0,0,failed_to_read,,,,,
Kotlin,,ingokegel-jclasslib,a43ad52aea9b2fbf2e18114f1d559e485b66eb6a,modules/idea/idea.gradle.kts,0,0,0,0,failed_to_read,,,,,
Kotlin,,ingokegel-jclasslib,75aa60c82644dd1ed9a9fc3ee5008d81798ece88,modules/agent/agent.gradle.kts,0,0,0,0,failed_to_read,,,,,
C,,intel-cmrt,1ee846b60f055363a7f36a5d43951ae2b95fef75,src/hw_interface_g9.c,0,0,0,0,failed_to_read,,,,,
C,,intel-cmrt,f129f54f6d6040695a8e5ea6743f986d5aa7380a,src/hw_interface_g75.h,0,0,0,0,failed_to_read,,,,,
CPP,,intel-cmrt,53ff2b817fec01b2fcc317c16cae8caa6e3a8b12,src/cm_program.cpp,0,0,0,0,failed_to_read,,,,,
C,,intel-cmrt,cfd62c90241d37a9e374cf96f53a1f50cb842f47,src/hw_interface.h,0,0,0,0,failed_to_read,,,,,
CPP,,intel-cmrt,c3a99396cf864266a283a07baedf45e128e9418d,src/cm_thread_space.cpp,0,0,0,0,failed_to_read,,,,,
CPP,,intel-cmrt,f9fdd5109ecc5c0c08a406a449dc9a1ed98fc9b1,src/hal_cm_g9.cpp,0,0,0,0,failed_to_read,,,,,
C,,intel-cmrt,f9fdd5109ecc5c0c08a406a449dc9a1ed98fc9b1,src/hw_interface_g9.c,0,0,0,0,failed_to_read,,,,,
C,,intel-cmrt,defc713138b72f94ffa34e29ae4a607e63fed59b,src/os_utilities.h,0,0,0,0,failed_to_read,,,,,
CPP,,intel-cmrt,5ab9280e67da506ba179788fcdb20bb1efc9579c,src/cm_surface_2d.cpp,0,0,0,0,failed_to_read,,,,,
CPP,,intel-cmrt,8d3711b542feacd8a11c7c33aaef2c9292dcb3f2,src/cm_program.cpp,0,0,0,0,failed_to_read,,,,,
C,,intel-cmrt,8d3711b542feacd8a11c7c33aaef2c9292dcb3f2,src/cm_surface_2d_up.h,0,0,0,0,failed_to_read,,,,,
C,,intel-cmrt,8d3711b542feacd8a11c7c33aaef2c9292dcb3f2,src/cm_thread_space.h,0,0,0,0,failed_to_read,,,,,
CPP,,intel-cmrt,69298d5e9ad536a15a76bf9727a22e750386ddab,src/cm_device.cpp,0,0,0,0,failed_to_read,,,,,
CPP,,intel-intel-hybrid-driver,860eb014ae3d8aeb69b5f0dccf6eea57d4f45fbc,src/cmrt/cm_kernel.cpp,0,0,0,0,failed_to_read,,,,,
Python,,ispell-lt-ispell-lt,ffb7a1180a90e595eb50e617f40a84753df336f8,tools/sutrauka.py,0,0,0,0,failed_to_read,,,,,
HTML,,jaafreitas-mkgallery,f0e241b74ddfc504e29aefd9fe2b1cfe3d471e50,docs/Download.html,0,0,0,0,failed_to_read,,,,,
C,,jonas-tig,563b873be8cfa78d44fc1f00fa6cd87cf27aac7f,compat/utf8proc_data.c,2347972,2360214,506436,508564,timed_out,,,,,
ShellScript,,jpmens-jo,5d2bc1c1fcd89432ffc42bf31e6d9f5b6b186d70,jo.zsh,0,0,0,0,failed_to_read,,,,,
Kotlin,,junit-pioneer-junit-pioneer,275313479411ac51bfd3790be4254736518d8a7a,settings.gradle.kts,0,0,0,0,failed_to_read,,,,,
ShellScript,,keis-git-fixup,5c84fdeef2b49097f3443a4391f8655bee9282b0,completion.zsh,0,0,0,0,failed_to_read,,,,,
C,,koron-cmigemo,a1685814bd9d2a65ccba5db53f2e026554d33353,src/main.c,0,0,0,0,failed_to_read,,,,,
C,,laurikari-tre,ae296f705a752790191696b867b6081f6586ed4e,tests/retest.c,0,0,0,0,failed_to_read,,,,,
C,,laurikari-tre,36a8bb0a5f8e1a3f94f6b65c20a43bbd4423bbc3,tests/retest.c,0,0,0,0,failed_to_read,,,,,
C,,laurikari-tre,a0cafd475e6f65a24268cbe251e273eb13b1c282,tests/retest.c,0,0,0,0,failed_to_read,,,,,
CPP,,madmartin-noad,ee6e775011c12c7a3a0558d13f7b42ca9faa75a8,noad.cpp,0,0,0,0,failed_to_read,,,,,
CPP,,madmartin-noad,a1625842efbff1b7a55126e5b2a7d90ba8fab15d,noad.cpp,0,0,0,0,failed_to_read,,,,,
ShellScript,,mafredri-zsh-async,bbbc92bd01592513a6b7739a45b7911af18acaef,async.zsh,0,0,0,0,failed_to_read,,,,,
ShellScript,,mafredri-zsh-async,c7f35ecd5b78a990303e3699543a4bc0bfaaa047,async.zsh,0,0,0,0,failed_to_read,,,,,
ShellScript,,mafredri-zsh-async,317d19ea817595e283370db5781f3d7a002b92a5,async.zsh,0,0,0,0,failed_to_read,,,,,
ShellScript,,mafredri-zsh-async,847a9d81dc6748750ac68508ecb9f71ca31d5028,async.zsh,0,0,0,0,failed_to_read,,,,,
ShellScript,,mafredri-zsh-async,da48ccb0e2ade777a10decfe214b5433d990d0d9,async.zsh,0,0,0,0,failed_to_read,,,,,
C,,magnush-mhwaveedit,1abd76e3fb2c2968d7ed38008b154ac882064f6a,src/mainwindow.c,0,0,0,0,failed_to_read,,,,,
CPP,,majorkingleo-xstow,25653660d58a9cc77e1864bfebc33923c29873aa,src/cpputils/cpputilsshared/string_utils.cc,0,0,0,0,failed_to_read,,,,,
C,,manio-vdr-plugin-dvbapi,d301017592892e858d818cd20bbaca6490646c0f,FFdecsa/FFdecsa.c,0,0,0,0,failed_to_read,,,,,
CPP,,markusfisch-PieDock,3724cde2d77748c8ea0b519061a98e5d9d8f6380,src/Application.cpp,0,0,0,0,failed_to_read,,,,,
CPP,,markusfisch-PieDock,3724cde2d77748c8ea0b519061a98e5d9d8f6380,src/Cartouche.cpp,0,0,0,0,failed_to_read,,,,,
C,,markusfisch-PieDock,3724cde2d77748c8ea0b519061a98e5d9d8f6380,src/MenuItems.h,0,0,0,0,failed_to_read,,,,,
C,,markusfisch-PieDock,3724cde2d77748c8ea0b519061a98e5d9d8f6380,src/Png.h,0,0,0,0,failed_to_read,,,,,
C,,markusfisch-PieDock,3724cde2d77748c8ea0b519061a98e5d9d8f6380,src/Text.h,0,0,0,0,failed_to_read,,,,,
C,,markusfisch-PieDock,3724cde2d77748c8ea0b519061a98e5d9d8f6380,src/WindowStack.h,0,0,0,0,failed_to_read,,,,,
CPP,,markusfisch-PieDock,b24b5d8483ee925489cd081136fc43776bc8b844,src/main.cpp,0,0,0,0,failed_to_read,,,,,
C,,markusfisch-PieDock,b4e9ecf22d0b00e3475e77dab2593fd35a5b2236,src/MenuItemWithWorkspaces.h,0,0,0,0,failed_to_read,,,,,
CPP,,markusfisch-PieDock,b4e9ecf22d0b00e3475e77dab2593fd35a5b2236,src/WildcardCompare.cpp,0,0,0,0,failed_to_read,,,,,
CPP,,markusfisch-PieDock,ac35c4ba0b792b9a8e804ba60f22e5f4a70bfc93,src/Png.cpp,0,0,0,0,failed_to_read,,,,,
C,,markuskimius-SDL2_Pango,a29b20627a71c1bdf0d349a479356dc1bc2bbf79,VisualC2003/resource.h,0,0,0,0,failed_to_read,,,,,
C,,mbacarella-curses,ab7a77cd413969c2d8471ad478c0489fcb155bb9,functions.c,0,0,0,0,failed_to_read,,,,,
Python,,meerk40t-svgelements,03e4a7525119e1ea63ef0667368b69dbbfafdfb7,svgelements/svgelements.py,0,0,0,0,failed_to_read,,,,,
Python,,meerk40t-svgelements,89a6333c052b11c9f569205321ca8e9abaaf92a9,svgelements/svgelements.py,0,0,0,0,failed_to_read,,,,,
Python,,meerk40t-svgelements,d97f7994bc645893fe128ced4873a9bd0553bcb2,svgelements/svgelements.py,0,0,0,0,failed_to_read,,,,,
CPP,,miguelmarco-libbraiding,b6b6c3481ef0a41132420f2acccb4bd6ae57f015,lib/braiding.cpp,0,0,0,0,failed_to_read,,,,,
CPP,,miguelmarco-libbraiding,bdf60927a5383b23a387238fe9e6567f8322ea80,lib/braiding.cpp,0,0,0,0,failed_to_read,,,,,
C,,ofalk-libdnet,d016baa334610873c4164559d1ceae8d42dc75d1,src/fw-pktfilter.c,0,0,0,0,failed_to_read,,,,,
C,,olivluca-vdr-actuator-plugin,ff37f54c1e7aa963e9469e889cfc796a5c3e6fe5,actuator.c,0,0,0,0,failed_to_read,,,,,
C,,olivluca-vdr-actuator-plugin,15ecc084aadaf03e58b602651704fa986199c2c3,actuator.c,0,0,0,0,failed_to_read,,,,,
C,,olivluca-vdr-actuator-plugin,6172fc2b9dcab910cb1bac15e6f20ab11144d619,actuator.c,0,0,0,0,failed_to_read,,,,,
C,,olivluca-vdr-actuator-plugin,4b44eb36876c053cd0477fde3e57906093d6847d,actuator.c,0,0,0,0,failed_to_read,,,,,
Kotlin,,open-telemetry-opentelemetry-java,e0c792c0a71ce3fc6497c578432bb6c534b550af,dependencyManagement/build.gradle.kts,0,0,0,0,failed_to_read,,,,,
Kotlin,,open-telemetry-opentelemetry-java,189a369e8e6d555d59cbecfdb1947fabcbbb19f5,buildSrc/src/main/kotlin/otel.errorprone-conventions.gradle.kts,0,0,0,0,failed_to_read,,,,,
C,,pbiering-ipv6calc,927857ad052a55fab4ca41ea72905efd883b1aa1,databases/ipv4-assignment/dbipv4addr_assignment.h,2359294,2383288,275244,278034,timed_out,,,,,
ShellScript,,poetaman-arttime,e723a1ab9365a26e4ca19f9ed897d21a1def11d5,share/arttime/src/arttime.zsh,0,0,0,0,failed_to_read,,,,,
ShellScript,,poetaman-arttime,fd511c425b49a9df5c366e9b3128b8182c67d321,share/arttime/src/arttime.zsh,0,0,0,0,failed_to_read,,,,,
ShellScript,,poetaman-arttime,ea271aa09d97a110223ca98ce13db9dc6b3b0c76,share/arttime/src/arttime.zsh,0,0,0,0,failed_to_read,,,,,
Python,,python-trio-unasync,011af5d91888da0e39482c6a6c2cfae71fe7fc32,tests/data/async/encoding.py,0,0,0,0,failed_to_read,,,,,
Java,,qos-ch-cal10n,b8324950e6bfc87673f670db82782e83e360d86e,maven-cal10n-plugin/src/main/java/ch/qos/cal10n/plugins/ThisFirstClassLoader.java,0,0,0,0,failed_to_read,,,,,
ShellScript,,reujab-silver,87180ea926028dd4fba9ebafa1f012b62865ab33,src/init.zsh,0,0,0,0,failed_to_read,,,,,
ShellScript,,reujab-silver,c488b3a8c3f75ac8c35760e6877337be8feca4c5,src/init.zsh,0,0,0,0,failed_to_read,,,,,
ShellScript,,roddhjav-pass-update,3fc36d8ae8964d3e5f803cc64dc19e48a0c76ad3,share/zsh/site-functions/pass-update.zsh,0,0,0,0,failed_to_read,,,,,
C,,rollinhand-libdbf,84c05b4b3cc0d48c8a05dcb411de401379fd3023,src/endian.c,0,0,0,0,failed_to_read,,,,,
C,,rollinhand-libdbf,f06d899612ef800f0d4558d6085d158c108e8974,src/dbf.c,0,0,0,0,failed_to_read,,,,,
CPP,,sebaro-Yarock,4470fc63cb614a3ccde2e7520064b790136c84c0,src/widgets/main/menumodel.cpp,0,0,0,0,failed_to_read,,,,,
CPP,,set-soft-tvision,5dcdcb6792d0a6aa8334c08e2fdc560d9caff0e5,tvision/classes/wingr/wingrdis.cc,0,0,0,0,failed_to_read,,,,,
CPP,,set-soft-tvision,e66ce1e332654807c5a2b91a294de8d2b9a6b021,tvision/classes/wingr/wingrscr.cc,0,0,0,0,failed_to_read,,,,,
CPP,,set-soft-tvision,5bb60a5cebff3a3ecb351d7e064084188df1a54f,tvision/classes/wingr/wingrscr.cc,0,0,0,0,failed_to_read,,,,,
CPP,,set-soft-tvision,72482b7cfbc616c924b62dcf2c93d685c9c269f7,tvision/classes/tsortedl.cc,0,0,0,0,failed_to_read,,,,,
CSharp,,silnrsi-teckit,d60c1265dc6c39b988efdd8eefeb0fdfa1181434,zlib-1.2.13/contrib/dotzlib/DotZLib/Inflater.cs,0,0,0,0,failed_to_read,,,,,
CPP,,silnrsi-teckit,43590dc40ed6dbb7b7f666b77a7e59c0a77114d4,source/UnicodeNames.cpp,1359429,1371070,345295,348255,timed_out,,,,,
C,,skk-dev-skktools,3e4fb587fa3c38a26d6815786372bf632c73f2d8,skkdic-expr.c,0,0,0,0,failed_to_read,,,,,
Ruby,,skk-dev-skktools,77cc7f52dc0240ea5b63e9a194a3a391f9e54b1c,convert2skk/skk-wordpicker.rb,0,0,0,0,failed_to_read,,,,,
C,,skk-dev-skktools,9f71fb8496a39a76dccf219f84c079eaf2edc05b,skkdic-expr.c,0,0,0,0,failed_to_read,,,,,
Ruby,,skk-dev-skktools,c99833a3d9b1526e3edfa60c2e519551674e8140,convert2skk/skk-wordpicker.rb,0,0,0,0,failed_to_read,,,,,
Ruby,,skk-dev-skktools,43e21323096bb31770f66fc60f14a11580030677,convert2skk/prime2skk.rb,0,0,0,0,failed_to_read,,,,,
Ruby,,skk-dev-skktools,7d857d554509b279bfac044bf1fda93f38a8fd0f,filters/make-tankan-dic.rb,0,0,0,0,failed_to_read,,,,,
C,,sshock-AFFLIBv3,775d899c415f5dc4f6f9771f5bcc862eda819f25,lib/qemu/block-vvfat.c,0,0,0,0,failed_to_read,,,,,
ShellScript,,sukria-Backup-Manager,4eea33df9cf06947548aba9d260451ef5659d932,lib/actions.sh,0,0,0,0,failed_to_read,,,,,
C,,theabolton-whysynth,c1ae00bf46a6f54b6110728861a7217eec0fff48,src/whysynth_voice_render.c,0,0,0,0,failed_to_read,,,,,
C,,tree-sitter-grammars-tree-sitter-markdown,16ba111856618fa79c118f4e8b4ca9e94b041a89,tree-sitter-markdown-inline/src/parser.c,2277594,2250933,585548,572552,timed_out,,,,,
C,,tree-sitter-tree-sitter-javascript,99be62f28e41e722dcd80c88a047eb8e3db8b08f,src/parser.c,2451127,2450864,703959,703997,timed_out,,,,,
C,,tree-sitter-tree-sitter-ql,ec723aa8464b46ae1458366809f616774e471d69,src/parser.c,2308617,2309038,699930,700105,timed_out,,,,,
C,,tree-sitter-tree-sitter-rust,ab86bcd0e74813442401062b24041825b269dda0,src/parser.c,6068803,6129829,1853224,1874260,timed_out,,,,,
C,,tree-sitter-tree-sitter-typescript,e45cb3225bf47a04da827e4575b9791523d953fd,typescript/src/parser.c,8980016,8688228,2602684,2522766,timed_out,,,,,
C,,tsyrogit-zxcvbn-c,f7037ff39bdff62f20ba325f25c86c035840691d,zxcvbn.c,0,0,0,0,failed_to_read,,,,,
C,,tsyrogit-zxcvbn-c,a54831459801fd2c7f5dbc01cea05e2ca78fc898,zxcvbn.c,0,0,0,0,failed_to_read,,,,,
C,,typingArtist-vdr-plugin-remote,f17df050b07bc6606d831a2d3c2d2e4fcf9cb834,i18n.c,0,0,0,0,failed_to_read,,,,,
C,,typingArtist-vdr-plugin-remote,a21accc9e119cd98125e1853289debccb9eb44f6,i18n.c,0,0,0,0,failed_to_read,,,,,
C,,vdr-projects-vdr-plugin-devstatus,a8084c5f7114ad5289998b500037a44ea31bab76,i18n.c,0,0,0,0,failed_to_read,,,,,
C,,vdr-projects-vdr-plugin-dvd,24168c04c9a386e67d90734e17ff2ba7e9e9c64e,i18n.c,0,0,0,0,failed_to_read,,,,,
C,,vdr-projects-vdr-plugin-dvd,ad61f48702c5efd082084dc7085295506ac2c369,i18n.c,0,0,0,0,failed_to_read,,,,,
C,,vdr-projects-vdr-plugin-dvdswitch,dc368dc785849f14cbfec927dcdea886d075bbb1,commands.c,0,0,0,0,failed_to_read,,,,,
C,,vdr-projects-vdr-plugin-dvdswitch,2906f2d1b7e1c5931b3d05156569d6061eb6b9b5,commands.h,0,0,0,0,failed_to_read,,,,,
C,,vdr-projects-vdr-plugin-dvdswitch,2906f2d1b7e1c5931b3d05156569d6061eb6b9b5,setup-itypes.c,0,0,0,0,failed_to_read,,,,,
C,,vdr-projects-vdr-plugin-epgsync,d96dc48c49d972ea24cce6361c58d2bbdf0d90a7,i18n.c,0,0,0,0,failed_to_read,,,,,
C,,vdr-projects-vdr-plugin-radio,ebb389e6251100c624467b9eaa223b78ae2fcae2,radiotools.c,0,0,0,0,failed_to_read,,,,,
C,,vdr-projects-vdr-plugin-ttxtsubs,c8d5d2f4aec922c001ff011f422317a228dcdde4,ttxtsubs.c,0,0,0,0,failed_to_read,,,,,
C,,vdr-projects-vdr-plugin-ttxtsubs,4329dc7ed4202fb0a8380b065e7c01eee051d66a,ttxtsubs.c,0,0,0,0,failed_to_read,,,,,
C,,vdr-projects-vdr-plugin-ttxtsubs,8dc7a64f25ac885300f0c20f63b36ebae6beef5e,ttxtsubs.c,0,0,0,0,failed_to_read,,,,,
C,,vdr-projects-vdr-plugin-ttxtsubs,8b674ddb04a835b23985a0362327afccb5bff509,ttxtsubs.c,0,0,0,0,failed_to_read,,,,,
C,,wanpinglee-MOSAIK,c078d59addc6bd207bf40ed1d19531f1a190d9f7,src/CommonSource/Config/Mosaik.h,0,0,0,0,failed_to_read,,,,,
CPP,,wanpinglee-MOSAIK,59b4f70ba48258e2c507818ee35b5f7bd97d22f5,src/MosaikText/TextMain.cpp,0,0,0,0,failed_to_read,,,,,
CPP,,wanpinglee-MOSAIK,bf16c9a1adf6feff85fea88cb9d3dc07829beb84,src/MosaikBuild/MosaikBuild.cpp,0,0,0,0,failed_to_read,,,,,
CPP,,wanpinglee-MOSAIK,3736f1b4ea4a07ee3b29bf320472240243f48d61,src/MosaikAligner/AlignmentThread.cpp,0,0,0,0,failed_to_read,,,,,
CPP,,wez-atomicparsley,d91c24cf27f9b17a6ede12aadf6bb15809a515df,src/parsley.cpp,0,0,0,0,failed_to_read,,,,,
C,,wez-atomicparsley,1dbe1be78f0c260d89ab4a9cf2f0de5d0982bf0e,src/AtomicParsley.h,0,0,0,0,failed_to_read,,,,,
ShellScript,,wting-autojump,332698fdc5fac780635905190c5241a5c859534d,bin/autojump.zsh,0,0,0,0,failed_to_read,,,,,
ShellScript,,zsh-users-zsh-autosuggestions,23f294345584162a73f43e9616556fcca4bd9ce0,zsh-autosuggestions.zsh,0,0,0,0,failed_to_read,,,,,
ShellScript,,zsh-users-zsh-autosuggestions,590c1cd84ca0157bf41fdd8ad87313125644ea5f,src/async.zsh,0,0,0,0,failed_to_read,,,,,
ShellScript,,zsh-users-zsh-autosuggestions,6c634c1e35cd6093ad01bb6002f63aa5c0f6a3b6,zsh-autosuggestions.zsh,0,0,0,0,failed_to_read,,,,,
ShellScript,,zsh-users-zsh-autosuggestions,f90d040784fa67d7bc5e9aca5bdd6517db0bc40e,src/widgets.zsh,0,0,0,0,failed_to_read,,,,,
ShellScript,,zsh-users-zsh-autosuggestions,54d7a9a84c88e12f28dd7e441b662088fa25b911,src/widgets.zsh,0,0,0,0,failed_to_read,,,,,
ShellScript,,zsh-users-zsh-history-substring-search,fcbdb897546f0c6868fddf9ab2be0e9a23e4ba90,zsh-history-substring-search.zsh,0,0,0,0,failed_to_read,,,,,
ShellScript,,zsh-users-zsh-history-substring-search,8d4a409c8975e27fa45c1f55b1e2a077c4956726,zsh-history-substring-search.zsh,0,0,0,0,failed_to_read,,,,,
ShellScript,,zsh-users-zsh-history-substring-search,3fa98998c5ca1f810a7a7f1667bf32b43a97ce15,zsh-history-substring-search.zsh,0,0,0,0,failed_to_read,,,,,
ShellScript,,zsh-users-zsh-history-substring-search,352943873dab0828ba781392852d38cdb2a69443,zsh-history-substring-search.zsh,0,0,0,0,failed_to_read,,,,,
ShellScript,,zsh-users-zsh-syntax-highlighting,dd0cf649d13e9bfdb86d6bf2c3df0131a0ab5df3,zsh-syntax-highlighting.zsh,0,0,0,0,failed_to_read,,,,,
ShellScript,,zsh-users-zsh-syntax-highlighting,b392045e6f37610a79c891db1529ae5f6ad752d7,zsh-syntax-highlighting.zsh,0,0,0,0,failed_to_read,,,,,
ShellScript,,zsh-users-zsh-syntax-highlighting,75c0eb0717aa9e2f5668212155398867032df74e,highlighters/main/main-highlighter.zsh,0,0,0,0,failed_to_read,,,,,
C,,tree-sitter-tree-sitter-c-sharp,39d20972262f6e4a2db4e5e14172e826eada42e4,src/parser.c,34684702,34643417,10033914,10024104,timed_out,,,,,
C,,MycroftAI-mimic1,8b7bb9678035c54d5249062be89eadb5067483c2,lang/cmu_grapheme_lex/grapheme_unitran_tables.c,624080,624157,418752,418761,timed_out,,,,,
CPP,,07th-mod-ponscripter-fork,e9c7e0394160e6cc4e5dbc9f983bd6f3b15d4075,src/PonscripterLabel_command.cpp,0,0,0,0,failed_to_read,,,,,
CPP,,07th-mod-ponscripter-fork,4ff752c70842199e6a55fe3552607f0fa24ee538,src/PonscripterLabel_command.cpp,0,0,0,0,failed_to_read,,,,,
ShellScript,,Aloxaf-fzf-tab,14e16f0d36ae9938e28b2f6efdb7344cd527a1a6,fzf-tab.zsh,0,0,0,0,failed_to_read,,,,,
ShellScript,,Aloxaf-fzf-tab,acdc37214bf2f8e4b4d86df1e179bf2e226f9e12,fzf-tab.zsh,0,0,0,0,failed_to_read,,,,,
Kotlin,,AsamK-signal-cli,dae44c81d2388e1fc63d25cfc8339a1cba761d93,build.gradle.kts,0,0,0,0,failed_to_read,,,,,
CSharp,,Blosc-c-blosc,5052e00173260c03f474d7405bf68a5718d6cc81,internal-complibs/zlib-1.3.1/contrib/dotzlib/DotZLib/Deflater.cs,0,0,0,0,failed_to_read,,,,,
CSharp,,Blosc-c-blosc,adb3b4bec40c0d6c7eac1d7c26144cdefcd31701,internal-complibs/zlib-1.2.13/contrib/dotzlib/DotZLib/Inflater.cs,0,0,0,0,failed_to_read,,,,,
CSharp,,GLibSharp-GtkSharp,64b436dbde99fee8326a6ab0fc48a9c6eaba6988,Source/glib/SignalAttribute.cs,0,0,0,0,failed_to_read,,,,,
Vimscript,,HerringtonDarkholme-yats.vim,1395a6aed623b0b222dbeaff52e63bdd1db19541,test/vader.vim,0,0,0,0,failed_to_read,,,,,
Kotlin,,JetBrains-kotlin,f5f13c54ea4e0b3bba61ebb397cc952d7720a713,repo/gradle-build-conventions/buildsrc-compat/src/main/kotlin/common-configuration.gradle.kts,0,0,0,0,failed_to_read,,,,,
C,,Joungkyun-libchardet,9db44eb75d4c0f65725552e6b113747cfc6a4be4,test/sample1.c,0,0,0,0,failed_to_read,,,,,
C,,Joungkyun-libchardet,f659d7cf3e42da48c31203d35b18fafda07884f0,test/sample.c,0,0,0,0,failed_to_read,,,,,
C,,Joungkyun-libchardet,da0a1a042d73f131e6131523787f163387be66cb,test/sample1.c,0,0,0,0,failed_to_read,,,,,
JavaScript,,MythTV-mythweb,ae032391414c774f2177c4282b60728df828556e,js/table_sort.js,0,0,0,0,failed_to_read,,,,,
CPP,,OpenMW-osg,06558a5dda9b5fc35a80336477157431cfacd028,src/osgPlugins/OpenFlight/Registry.cpp,0,0,0,0,failed_to_read,,,,,
CPP,,STEllAR-GROUP-hpx,b735a4f4acb4beb5c341f19d099e9259981e9337,libs/core/async_cuda/src/cuda_future.cpp,0,0,0,0,failed_to_read,,,,,
CPP,,STEllAR-GROUP-hpx,ed5225b91a4f48cedecf61c4d1e6405bd269127a,libs/core/async_sycl/src/sycl_event_callback.cpp,0,0,0,0,failed_to_read,,,,,
Kotlin,,TNG-junit-dataprovider,4364d3fa5700fd33f4d97ea63df322df007d772e,build.gradle.kts,0,0,0,0,failed_to_read,,,,,
Kotlin,,TNG-junit-dataprovider,64009c224e2d4489f8ff7aeb4a88466227eed83d,build.gradle.kts,0,0,0,0,failed_to_read,,,,,
Kotlin,,TNG-junit-dataprovider,5ba600b03769358d4ed5f075c4f0cce17b771692,build.gradle.kts,0,0,0,0,failed_to_read,,,,,
C,,Terraspace-UASM,34bd25f427694a0e85cfa808fbbd704c802ff660,codegenv2.c,0,0,0,0,failed_to_read,,,,,
C,,ValveSoftware-openvr,fc60d2da07de6cf906ca90ad0cf5f6a88ca85601,headers/openvr.h,0,0,0,0,failed_to_read,,,,,
C,,ValveSoftware-openvr,64fc05966a109543a1e191a45e1ab3a25a651211,headers/openvr.h,0,0,0,0,failed_to_read,,,,,
C,,XEphem-XEphem,0a1b50503bdf202fb6fa7ca62124b0242a004e69,GUI/xephem/fallbacks.c,0,0,0,0,failed_to_read,,,,,
C,,abacus-gene-paml,838ee170510bf3dfdb1760bc965be788c822164f,src/tools.c,0,0,0,0,failed_to_read,,,,,
C,,abacus-gene-paml,af921bcf9703e360a0ae982b1970b3ca9d70c336,src/tools.c,0,0,0,0,failed_to_read,,,,,
C,,abacus-gene-paml,eb05a24a63bdeb0ce584c321057763df0f64496f,src/tools.c,0,0,0,0,failed_to_read,,,,,
ShellScript,,acrisci-playerctl,f70b0a9fa2855f518ae3b567c4a49ff7107bbbdb,data/playerctl.zsh,0,0,0,0,failed_to_read,,,,,
Scala,,adobe-fonts-source-han-mono,9a10a4fe9797b9777dd9b77cd093e8f76dd55e1d,Heavy/OTC/features.OTC.It.SC,0,0,0,0,failed_to_read,,,,,
Scala,,adobe-fonts-source-han-mono,9a10a4fe9797b9777dd9b77cd093e8f76dd55e1d,Regular/OTC/features.OTC.It.SC,0,0,0,0,failed_to_read,,,,,
Scala,,adobe-fonts-source-han-mono,0381f376e6fdf00d3d463f5a371bcec4b1b69e23,ExtraLight/OTC/cidfontinfo.OTC.It.SC,0,0,0,0,failed_to_read,,,,,
Scala,,adobe-fonts-source-han-mono,0381f376e6fdf00d3d463f5a371bcec4b1b69e23,Light/OTC/cidfontinfo.OTC.It.SC,0,0,0,0,failed_to_read,,,,,
Scala,,adobe-fonts-source-han-mono,0381f376e6fdf00d3d463f5a371bcec4b1b69e23,Normal/OTC/cidfontinfo.OTC.It.SC,0,0,0,0,failed_to_read,,,,,
Scala,,adobe-fonts-source-han-mono,5c5b72e67cb98919f4be8d81641e3c47698a1754,ExtraLight/OTC/cidfont.ps.OTC.It.SC,0,0,0,0,failed_to_read,,,,,
Scala,,adobe-fonts-source-han-mono,5c5b72e67cb98919f4be8d81641e3c47698a1754,Normal/OTC/cidfont.ps.OTC.It.SC,0,0,0,0,failed_to_read,,,,,
Scala,,adobe-fonts-source-han-mono,99492eb1ad0b3284983ba419334d8ce521cb2a66,ExtraLight/OTC/cidfontinfo.OTC.It.SC,0,0,0,0,failed_to_read,,,,,
Scala,,adobe-fonts-source-han-mono,99492eb1ad0b3284983ba419334d8ce521cb2a66,Light/OTC/cidfontinfo.OTC.It.SC,0,0,0,0,failed_to_read,,,,,
Scala,,adobe-fonts-source-han-mono,99492eb1ad0b3284983ba419334d8ce521cb2a66,Normal/OTC/cidfontinfo.OTC.It.SC,0,0,0,0,failed_to_read,,,,,
JavaScript,,ai-autoprefixer-rails,26a3bf14310c064d6e4b426a4752a6c28a7c43dc,vendor/autoprefixer.js,8875762,9115753,768436,773969,timed_out,,,,,
C,,alevt-alevt,994bcaf827d862769c5fe232773fddaef1d28d39,main.c,0,0,0,0,failed_to_read,,,,,
C,,alevt-alevt,96ff6b3f34d6f0a5c9e02a0343e24b822316e60d,main.c,0,0,0,0,failed_to_read,,,,,
C,,barak-vobcopy,6569f533793542aac97b060e798f85f7cb122e39,vobcopy.c,0,0,0,0,failed_to_read,,,,,
CPP,,bolero-MURAKAMI-Sprout,ea06f925655602a39750c2fd4fc88ecb98c9860f,sprout/complex/acos.hpp,0,0,0,0,failed_to_read,,,,,
CPP,,bolero-MURAKAMI-Sprout,ea06f925655602a39750c2fd4fc88ecb98c9860f,sprout/complex/sqrt.hpp,0,0,0,0,failed_to_read,,,,,
CPP,,bolero-MURAKAMI-Sprout,26299dad18a7e16fcb4873ce7f9f26a3d2ac1925,sprout/complex/asinh.hpp,0,0,0,0,failed_to_read,,,,,
CPP,,bolero-MURAKAMI-Sprout,26299dad18a7e16fcb4873ce7f9f26a3d2ac1925,sprout/math/pow.hpp,0,0,0,0,failed_to_read,,,,,
CPP,,bolero-MURAKAMI-Sprout,09181940789f135c292e9c336d8ceffca0b1bec3,example/zundoko/main.cpp,0,0,0,0,failed_to_read,,,,,
CPP,,bolero-MURAKAMI-Sprout,09181940789f135c292e9c336d8ceffca0b1bec3,sprout/complex/acos.hpp,0,0,0,0,failed_to_read,,,,,
CPP,,bolero-MURAKAMI-Sprout,09181940789f135c292e9c336d8ceffca0b1bec3,sprout/complex/sqrt.hpp,0,0,0,0,failed_to_read,,,,,
Go,,bookingcom-carbonapi,fdc03a0345aef5bcf9de440a4ea3a609d33f0b7a,vendor/golang.org/x/text/unicode/norm/tables11.0.0.go,385216,385191,169174,169173,timed_out,,,,,
C,,brunonymous-tecnoballz,921c5c0ef8e245d5f7cf87dce19d89167413abf1,include/controller_bricks.h,0,0,0,0,failed_to_read,,,,,
CPP,,brunonymous-tecnoballz,0a4ad7a6da006a5e013f0069b84e918d7df15e67,src/controller_guardians.cc,0,0,0,0,failed_to_read,,,,,
CPP,,brunonymous-tecnoballz,b75f558c1b4588491a0add69f42b1ec76e227129,src/controller_guardians.cc,0,0,0,0,failed_to_read,,,,,
Kotlin,,cbeust-jcommander,b8ce8d938a10ceaafcd92b1f2b6a3c2ab3389f08,build.gradle.kts,0,0,0,0,failed_to_read,,,,,
Scala,,cburstedde-p4est,7e7db7060170bff1ccb1f14ba13b1a340e97d0ba,sc,0,0,0,0,failed_to_read,,,,,
C,,chewi-amiwm,2a9bd912a16ebfee64dcabd0d134a876a027c74f,menu.c,0,0,0,0,failed_to_read,,,,,
Go,,cloudflare-cfssl,d124eca11bd1f4b2b9d7101db4db7eef82442bee,vendor/golang.org/x/text/unicode/norm/tables12.0.0.go,385839,385814,169488,169487,timed_out,,,,,
Go,,containerd-containerd,13b1f43712e8341255a792dd9d24740e86c8e9ea,vendor/github.com/containerd/nri/pkg/api/api.pb.go,248168,251115,85215,86271,timed_out,,,,,
CPP,,darkbitsorg-guichan,2f06cf2f9942d35f69493d2d4b23502f0409bb4b,include/guichan/containerlistener.hpp,0,0,0,0,failed_to_read,,,,,
CPP,,darkbitsorg-guichan,2f06cf2f9942d35f69493d2d4b23502f0409bb4b,include/guichan/irrlicht/irrlichtimage.hpp,0,0,0,0,failed_to_read,,,,,
CPP,,darkbitsorg-guichan,2f06cf2f9942d35f69493d2d4b23502f0409bb4b,src/cairo/cairoimage.cpp,0,0,0,0,failed_to_read,,,,,
CPP,,darkbitsorg-guichan,2f06cf2f9942d35f69493d2d4b23502f0409bb4b,src/irrlicht/irrlichtgraphics.cpp,0,0,0,0,failed_to_read,,,,,
CPP,,darkbitsorg-guichan,c13a939ed4d205f2686f8a555cd42fbeaa893665,demos/ff/include/fflistbox.hpp,0,0,0,0,failed_to_read,,,,,
CPP,,darkbitsorg-guichan,c13a939ed4d205f2686f8a555cd42fbeaa893665,demos/ff/src/guichanffdemo.cpp,0,0,0,0,failed_to_read,,,,,
CPP,,darkbitsorg-guichan,c13a939ed4d205f2686f8a555cd42fbeaa893665,include/guichan/allegro/allegroimageloader.hpp,0,0,0,0,failed_to_read,,,,,
CPP,,darkbitsorg-guichan,c13a939ed4d205f2686f8a555cd42fbeaa893665,include/guichan/contrib/widgets/adjustingcontainer.hpp,0,0,0,0,failed_to_read,,,,,
CPP,,darkbitsorg-guichan,c13a939ed4d205f2686f8a555cd42fbeaa893665,include/guichan/genericinput.hpp,0,0,0,0,failed_to_read,,,,,
CPP,,darkbitsorg-guichan,c13a939ed4d205f2686f8a555cd42fbeaa893665,include/guichan/hge/hgeimagefont.hpp,0,0,0,0,failed_to_read,,,,,
CPP,,darkbitsorg-guichan,c13a939ed4d205f2686f8a555cd42fbeaa893665,include/guichan/key.hpp,0,0,0,0,failed_to_read,,,,,
CPP,,darkbitsorg-guichan,c13a939ed4d205f2686f8a555cd42fbeaa893665,include/guichan/opengl.hpp,0,0,0,0,failed_to_read,,,,,
CPP,,darkbitsorg-guichan,c13a939ed4d205f2686f8a555cd42fbeaa893665,include/guichan/openlayer/openlayerimage.hpp,0,0,0,0,failed_to_read,,,,,
CPP,,darkbitsorg-guichan,c13a939ed4d205f2686f8a555cd42fbeaa893665,include/guichan/sdl/sdlimageloader.hpp,0,0,0,0,failed_to_read,,,,,
CPP,,darkbitsorg-guichan,c13a939ed4d205f2686f8a555cd42fbeaa893665,include/guichan/widgets/checkbox.hpp,0,0,0,0,failed_to_read,,,,,
CPP,,darkbitsorg-guichan,c13a939ed4d205f2686f8a555cd42fbeaa893665,include/guichan/widgets/scrollarea.hpp,0,0,0,0,failed_to_read,,,,,
CPP,,darkbitsorg-guichan,c13a939ed4d205f2686f8a555cd42fbeaa893665,src/allegro/allegro.cpp,0,0,0,0,failed_to_read,,,,,
CPP,,darkbitsorg-guichan,c13a939ed4d205f2686f8a555cd42fbeaa893665,src/color.cpp,0,0,0,0,failed_to_read,,,,,
CPP,,darkbitsorg-guichan,c13a939ed4d205f2686f8a555cd42fbeaa893665,src/focushandler.cpp,0,0,0,0,failed_to_read,,,,,
CPP,,darkbitsorg-guichan,c13a939ed4d205f2686f8a555cd42fbeaa893665,src/hge/hgeimage.cpp,0,0,0,0,failed_to_read,,,,,
CPP,,darkbitsorg-guichan,c13a939ed4d205f2686f8a555cd42fbeaa893665,src/keyevent.cpp,0,0,0,0,failed_to_read,,,,,
CPP,,darkbitsorg-guichan,c13a939ed4d205f2686f8a555cd42fbeaa893665,src/openlayer/openlayerfont.cpp,0,0,0,0,failed_to_read,,,,,
CPP,,darkbitsorg-guichan,c13a939ed4d205f2686f8a555cd42fbeaa893665,src/sdl/sdlimage.cpp,0,0,0,0,failed_to_read,,,,,
CPP,,darkbitsorg-guichan,c13a939ed4d205f2686f8a555cd42fbeaa893665,src/widgets/dropdown.cpp,0,0,0,0,failed_to_read,,,,,
CPP,,darkbitsorg-guichan,c13a939ed4d205f2686f8a555cd42fbeaa893665,src/widgets/tab.cpp,0,0,0,0,failed_to_read,,,,,
CPP,,darkbitsorg-guichan,cb9a7ffb898f05f2ca6eebd2504f566b279527b5,include/guichan/widgets/imagebutton.hpp,0,0,0,0,failed_to_read,,,,,
CPP,,darkbitsorg-guichan,1e89149b5d61f0a83604b7dca6f5047e7c9b4fe4,include/guichan/widget.hpp,0,0,0,0,failed_to_read,,,,,
C,,dino-libomemo-c,1be4ab740658f599b2f72652fa4d8405df1aaa60,tests/test_session_builder.c,0,0,0,0,failed_to_read,,,,,
ShellScript,,exercism-cli,efd43c4e794a1bb7f658ecf0f73ed29bb861ac6d,shell/exercism_completion.zsh,0,0,0,0,failed_to_read,,,,,
Scala,,flowdalic-sendxmpp,0cd29381f0d77613905ce66210f23d5749eba9f2,sendxmpp.sc,0,0,0,0,failed_to_read,,,,,
Scala,,flowdalic-sendxmpp,17e50293dfe55c5ee968192a3a7878d2e8f9a032,sendxmpp.sc,0,0,0,0,failed_to_read,,,,,
C,,freeswitch-sofia-sip,63cf61cf1e378046318a1726a567e579f3b5c28a,libsofia-sip-ua/nua/nua.c,0,0,0,0,failed_to_read,,,,,
Vimscript,,fs111-pydoc.vim,fcbff5254b13f8d583457b261cb243d740d78555,ftplugin/python_pydoc.vim,0,0,0,0,failed_to_read,,,,,
Vimscript,,fs111-pydoc.vim,ee9d540a035c2f417e3e0e4c13230fafe2d01821,ftplugin/pydoc.vim,0,0,0,0,failed_to_read,,,,,
Vimscript,,fs111-pydoc.vim,5fcbc11c4bbe7138db4890ece579f0987940eb0f,pydoc.vim,0,0,0,0,failed_to_read,,,,,
C,,fte-team-fteqw,2894a4ebf3c69dc96f24f227500b65702c4f86bb,plugins/winamp/winamp.c,0,0,0,0,failed_to_read,,,,,
ShellScript,,garabik-grc,7eaacb5c4a5cca10e0bce79116f556f9df63598a,grc.zsh,0,0,0,0,failed_to_read,,,,,
ShellScript,,garabik-grc,e5f43bf3d8b6168383178069f4a6bd9d7e6d3584,grc.zsh,0,0,0,0,failed_to_read,,,,,
C,,gnif-mod_rpaf,27e7ccb848465fc03546378c273808cc810faca1,mod_rpaf.c,0,0,0,0,failed_to_read,,,,,
CPP,,gogglesmm-gogglesmm,07cbafbef6b17dcd1ec628d96bb3ed945ac0ff76,cfox/lib/FXDir.cpp,0,0,0,0,failed_to_read,,,,,
C,,gtk-gnutella-gtk-gnutella,3bec225ade986acd14b6a2e19e849f3754295da3,src/lib/vmm.c,0,0,0,0,failed_to_read,,,,,
C,,hsoft-avra,30968a8ea1f449f77a3e62750c147f9c31b8e781,src/expr.c,0,0,0,0,failed_to_read,,,,,
C,,ianw-libiptcdata,c1a145bb75ff40610d128faedf9ac1752ede6510,libiptcdata/iptc-dataset.h,0,0,0,0,failed_to_read,,,,,
C,,ianw-libiptcdata,c1a145bb75ff40610d128faedf9ac1752ede6510,libiptcdata/iptc-utils.h,0,0,0,0,failed_to_read,,,,,
C,,ianw-libiptcdata,b6e397ca8596902b06e10769e2779e809795afe5,libiptcdata/iptc-data.c,0,0,0,0,failed_to_read,,,,,
C,,ianw-libiptcdata,f2352c00a2db984aa4aaf80182fd0b63c5234f46,libiptcdata/iptc-data.h,0,0,0,0,failed_to_read,,,,,
Kotlin,,ingokegel-jclasslib,a39ccb00f6ece76db685a20d55c1f75e7eed0346,build.gradle.kts,0,0,0,0,failed_to_read,,,,,
Kotlin,,ingokegel-jclasslib,75aa60c82644dd1ed9a9fc3ee5008d81798ece88,modules/browser/browser.gradle.kts,0,0,0,0,failed_to_read,,,,,
CPP,,intel-cmrt,d042c3134aeb0f0bd33f873c270b53c47b7c42a5,src/cm_device.cpp,0,0,0,0,failed_to_read,,,,,
C,,intel-cmrt,1ee846b60f055363a7f36a5d43951ae2b95fef75,src/hw_interface_g9.h,0,0,0,0,failed_to_read,,,,,
C,,intel-cmrt,f129f54f6d6040695a8e5ea6743f986d5aa7380a,src/hw_interface_g8.c,0,0,0,0,failed_to_read,,,,,
C,,intel-cmrt,cfd62c90241d37a9e374cf96f53a1f50cb842f47,src/hw_interface_g75.c,0,0,0,0,failed_to_read,,,,,
CPP,,intel-cmrt,fed6243a93ba5e878122160c71023c9a677904ce,src/cm_kernel.cpp,0,0,0,0,failed_to_read,,,,,
C,,intel-cmrt,defc713138b72f94ffa34e29ae4a607e63fed59b,src/hw_interface_g75.c,0,0,0,0,failed_to_read,,,,,
CPP,,intel-cmrt,57c77011059116d9f02a4ec89b25b606d76452c5,src/cm_program.cpp,0,0,0,0,failed_to_read,,,,,
C,,intel-cmrt,0d47510c0a59a0e8001df51eeb39443b4a0b2fb4,src/hw_interface_g9.c,0,0,0,0,failed_to_read,,,,,
C,,intel-cmrt,5ab9280e67da506ba179788fcdb20bb1efc9579c,src/cm_surface_2d.h,0,0,0,0,failed_to_read,,,,,
C,,intel-cmrt,8d3711b542feacd8a11c7c33aaef2c9292dcb3f2,src/cm_program.h,0,0,0,0,failed_to_read,,,,,
CPP,,intel-cmrt,8d3711b542feacd8a11c7c33aaef2c9292dcb3f2,src/cm_surface_manager.cpp,0,0,0,0,failed_to_read,,,,,
CPP,,intel-cmrt,d2f9f068e4b1faababeec46c9e34ba151f897e5c,src/cm_device.cpp,0,0,0,0,failed_to_read,,,,,
CPP,,intel-intel-hybrid-driver,860eb014ae3d8aeb69b5f0dccf6eea57d4f45fbc,src/cmrt/cm_thread_space.cpp,0,0,0,0,failed_to_read,,,,,
CPP,,intel-metrics-discovery,d1862be2ab6969e81646fc1db242887a4291571d,instrumentation/metrics_discovery/codegen/md_metrics_PVC_GT1.cpp,10408747,11404486,2062156,2217566,timed_out,,,,,
HTML,,jaafreitas-mkgallery,f0e241b74ddfc504e29aefd9fe2b1cfe3d471e50,docs/Examples.html,0,0,0,0,failed_to_read,,,,,
Kotlin,,junit-pioneer-junit-pioneer,a9735129b3f6e1e790882d8c93e273340e32cc8d,build.gradle.kts,0,0,0,0,failed_to_read,,,,,
Kotlin,,junit-pioneer-junit-pioneer,62693ffc79bd4d4e6ff8fbb5d14acc6bcae1e78d,build.gradle.kts,0,0,0,0,failed_to_read,,,,,
Kotlin,,junit-pioneer-junit-pioneer,125159303a7165411f24e378273969de0c415754,build.gradle.kts,0,0,0,0,failed_to_read,,,,,
Kotlin,,junit-pioneer-junit-pioneer,e34188e8bdf543f42fa1aedaf2636be5d6a6e24a,build.gradle.kts,0,0,0,0,failed_to_read,,,,,
ShellScript,,keis-git-fixup,0e79bca34252394b244bb1f9bb0d69968a7b2fe6,completion.zsh,0,0,0,0,failed_to_read,,,,,
C,,koron-cmigemo,a1685814bd9d2a65ccba5db53f2e026554d33353,src/rxgen.c,0,0,0,0,failed_to_read,,,,,
C,,laurikari-tre,c7cc7740c450cbf658526fe2904be1c8d27268a0,tests/retest.c,0,0,0,0,failed_to_read,,,,,
C,,laurikari-tre,33b5172256d580b40ee2de3ed0496a72eaa78118,tests/retest.c,0,0,0,0,failed_to_read,,,,,
C,,libnet-libnet,3be3dbefe93be4cacebf5c660f149160390887b9,src/libnet_cq.c,0,0,0,0,failed_to_read,,,,,
CPP,,madmartin-noad,3f88fac8df13fde38e3969d04a0ddcd6261fdc59,noad.cpp,0,0,0,0,failed_to_read,,,,,
CPP,,madmartin-noad,d2be29c5fc324bf4e3684bc36273aad7f35aa57c,vdr_cl.cpp,0,0,0,0,failed_to_read,,,,,
ShellScript,,mafredri-zsh-async,e3550a3c27bc0c93f99fb96747ace7dc4d36eca1,async.zsh,0,0,0,0,failed_to_read,,,,,
ShellScript,,mafredri-zsh-async,490167c4aa5a870b3da1458859bcf3a9d1e24f97,async.zsh,0,0,0,0,failed_to_read,,,,,
ShellScript,,mafredri-zsh-async,361dc171e65c82f57ad814ebecea91c98a6d4b68,async.zsh,0,0,0,0,failed_to_read,,,,,
ShellScript,,mafredri-zsh-async,5248bd85bf2c522ebfa2b8d18ee7bc736d10c791,async.zsh,0,0,0,0,failed_to_read,,,,,
ShellScript,,mafredri-zsh-async,02d86361dfba0b1329756d26cb78e225212838e9,async.zsh,0,0,0,0,failed_to_read,,,,,
C,,markusfisch-PieDock,3724cde2d77748c8ea0b519061a98e5d9d8f6380,src/Application.h,0,0,0,0,failed_to_read,,,,,
C,,markusfisch-PieDock,3724cde2d77748c8ea0b519061a98e5d9d8f6380,src/Cartouche.h,0,0,0,0,failed_to_read,,,,,
C,,markusfisch-PieDock,3724cde2d77748c8ea0b519061a98e5d9d8f6380,src/IconMap.h,0,0,0,0,failed_to_read,,,,,
CPP,,markusfisch-PieDock,3724cde2d77748c8ea0b519061a98e5d9d8f6380,src/Resampler.cpp,0,0,0,0,failed_to_read,,,,,
CPP,,markusfisch-PieDock,3724cde2d77748c8ea0b519061a98e5d9d8f6380,src/TransparentWindow.cpp,0,0,0,0,failed_to_read,,,,,
CPP,,markusfisch-PieDock,3724cde2d77748c8ea0b519061a98e5d9d8f6380,src/WorkspaceLayout.cpp,0,0,0,0,failed_to_read,,,,,
CPP,,markusfisch-PieDock,53d86b550c133e2a6a1676c39f8faa2dc8cbcc26,src/IconMap.cpp,0,0,0,0,failed_to_read,,,,,
C,,markusfisch-PieDock,b4e9ecf22d0b00e3475e77dab2593fd35a5b2236,src/WildcardCompare.h,0,0,0,0,failed_to_read,,,,,
CPP,,markusfisch-PieDock,4476dcbaece4a1160304b4ea64656e36eaa870df,src/Application.cpp,0,0,0,0,failed_to_read,,,,,
C,,markuskimius-SDL2_Pango,a29b20627a71c1bdf0d349a479356dc1bc2bbf79,VisualC2003/testbench/resource.h,0,0,0,0,failed_to_read,,,,,
JavaScript,,mathjax-MathJax,de316b931638887c26525aad4ac55acaca7093cd,es5/sre/mathmaps/mathmaps_ie.js,1395743,2223214,791959,1102608,timed_out,,,,,
Python,,meerk40t-svgelements,1beb2b9603b9308cb05ef86ccb14564b7b70092d,svgelements/svgelements.py,0,0,0,0,failed_to_read,,,,,
Python,,meerk40t-svgelements,c950d2eb5a94d816db82493ce0f9d3be524385cf,svgelements/svgelements.py,0,0,0,0,failed_to_read,,,,,
Python,,meerk40t-svgelements,cf61c3c33e11a27d71934afbceb32fa18b35086c,svgelements/svgelements.py,0,0,0,0,failed_to_read,,,,,
C,,miguelmarco-libbraiding,b6b6c3481ef0a41132420f2acccb4bd6ae57f015,lib/braiding.h,0,0,0,0,failed_to_read,,,,,
C,,olivluca-vdr-actuator-plugin,0f5ab7d9c6ac0a72d52346536970c527839b69c0,actuator.c,0,0,0,0,failed_to_read,,,,,
C,,olivluca-vdr-actuator-plugin,323e7fe955f3e7d4a66783f8684c7aade0a641f6,actuator.c,0,0,0,0,failed_to_read,,,,,
C,,olivluca-vdr-actuator-plugin,e1ae2ff45c5f8b833c0314debe961a0ce933045c,actuator.c,0,0,0,0,failed_to_read,,,,,
Kotlin,,open-telemetry-opentelemetry-java,991f143c7f8319cf4c651a2ac8b4e57e10eef463,buildSrc/src/main/kotlin/otel.java-conventions.gradle.kts,0,0,0,0,failed_to_read,,,,,
Kotlin,,open-telemetry-opentelemetry-java,189a369e8e6d555d59cbecfdb1947fabcbbb19f5,dependencyManagement/build.gradle.kts,0,0,0,0,failed_to_read,,,,,
Python,,ozmartian-vidcutter,1f532bad178db33fb5ce4a1b6df1b0af618145ba,vidcutter/resources.py,9570125,9570626,2465490,2465619,timed_out,,,,,
HTML,,pbiering-ipv6calc,4ad53eda3abd70b1fd0ece22e53178941bc89216,doc/ipv6calc.html,0,0,0,0,failed_to_read,,,,,
ShellScript,,poetaman-arttime,c12e1b03f3a73e91dd41ae4643d11c6cd120380e,share/arttime/src/arttime.zsh,0,0,0,0,failed_to_read,,,,,
ShellScript,,poetaman-arttime,299b22d692a1a3e2681ce37977b1bda64f645bb8,share/arttime/src/arttime.zsh,0,0,0,0,failed_to_read,,,,,
ShellScript,,poetaman-arttime,d9d252b5be33d1566a6e5c63870be70fe7bb39f1,share/arttime/src/arttime.zsh,0,0,0,0,failed_to_read,,,,,
ShellScript,,roddhjav-pass-update,2a6622a2320cb06d6d2ab9415949d2db36431cb6,share/zsh/site-functions/pass-update.zsh,0,0,0,0,failed_to_read,,,,,
C,,rollinhand-libdbf,d934808bddd22c4a8ca0b8b969e9b9b7d13f1d6c,include/libdbf/libdbf.h,0,0,0,0,failed_to_read,,,,,
C,,rollinhand-libdbf,84c05b4b3cc0d48c8a05dcb411de401379fd3023,src/endian.h,0,0,0,0,failed_to_read,,,,,
C,,rollinhand-libdbf,9d0fc6846999c8cd51856318f8598d3eb3e01ca9,src/endian.c,0,0,0,0,failed_to_read,,,,,
C,,set-soft-tvision,5dcdcb6792d0a6aa8334c08e2fdc560d9caff0e5,tvision/include/tv/wingr/screen.h,0,0,0,0,failed_to_read,,,,,
CPP,,set-soft-tvision,74c70312806f7376290cf95788d52e0bdc356c88,tvision/classes/tdirlist.cc,0,0,0,0,failed_to_read,,,,,
C,,set-soft-tvision,78b1df2cc16c351b7ecaf56d68fb3ea46f2cc389,tvision/include/tv.h,0,0,0,0,failed_to_read,,,,,
C,,set-soft-tvision,db2cc66b4745a0a11875f51a099ab6a1ee98b5a0,tvision/include/tv/program.h,0,0,0,0,failed_to_read,,,,,
CPP,,silnrsi-teckit,2f363b480b3e474e4b489e28c04ac71906e545ba,source/UnicodeNames.cpp,1573446,1590427,400155,404725,timed_out,,,,,
ShellScript,,skim-rs-skim,59f4f483956eb5318d4e1a4d45aa242948daab8a,shell/key-bindings.zsh,0,0,0,0,failed_to_read,,,,,
Ruby,,skk-dev-skktools,2945d33a92f7d5d7be229b25cea4ad6c91dc9ea4,convert2skk/skk-wordpicker.rb,0,0,0,0,failed_to_read,,,,,
C,,skk-dev-skktools,9f71fb8496a39a76dccf219f84c079eaf2edc05b,skkdic-expr2.c,0,0,0,0,failed_to_read,,,,,
Ruby,,skk-dev-skktools,7d857d554509b279bfac044bf1fda93f38a8fd0f,filters/skkdictools.rb,0,0,0,0,failed_to_read,,,,,
TypeScript,,smart-pattern-valentina,c3d657ed0cda7d616ebf8d0dfaf13a0004062fa7,share/translations/valentina_pt_BR.ts,1369763,1370949,368209,368560,timed_out,,,,,
ShellScript,,sukria-Backup-Manager,ff4c42a58e9b7b444431a74df2258a23f57f0e02,lib/actions.sh,0,0,0,0,failed_to_read,,,,,
ShellScript,,sukria-Backup-Manager,0e641cbcff92bfd8d96c6cd9fd0edc4bad59797a,lib/files.sh,0,0,0,0,failed_to_read,,,,,
C,,tevador-polyseed,f8eea85b94a9f33f1aeaaabd67fc30be0c2b1c8f,src/lang_pt.c,0,0,0,0,failed_to_read,,,,,
C,,theabolton-whysynth,672e25db0d79551eec8d0bc53f21a67403cc3b9d,src/whysynth_voice_render.c,0,0,0,0,failed_to_read,,,,,
ShellScript,,tj-git-extras,a841845d9a1465cc6d9b65b53baa2c71b8da1eeb,etc/git-extras-completion.zsh,0,0,0,0,failed_to_read,,,,,
C,,tomac-yersinia,b56334e3ae45c9ff27969f57bd1d81cfe21bc717,src/ncurses-interface.c,0,0,0,0,failed_to_read,,,,,
C,,tree-sitter-grammars-tree-sitter-vim,ccc312e878aa84f32d180b8528a3585c7b86a545,src/parser.c,4578800,4630413,1340847,1357314,timed_out,,,,,
C,,tree-sitter-tree-sitter-bash,664c27427ad041daac3c9ec0392c1fdc05a57f31,src/parser.c,10241183,10241220,2424770,2424771,timed_out,,,,,
C,,tree-sitter-tree-sitter-php,be882ba709dee6bb9790c44ca51b273d5c27f2c9,php/src/parser.c,5745320,7211136,1534001,1930569,timed_out,,,,,
C,,tree-sitter-tree-sitter-rust,261b20226c04ef601adbdf185a800512a5f66291,src/parser.c,6456284,6505081,1978101,1992791,timed_out,,,,,
C,,tree-sitter-tree-sitter-rust,5ebbba1cf835f83067b4235a2b70840cf5c1e5df,src/parser.c,6248474,6248355,1909957,1909845,timed_out,,,,,
C,,tsyrogit-zxcvbn-c,bd4addab51dc36f23b83e4efe86c2dae74ed81ac,zxcvbn.c,0,0,0,0,failed_to_read,,,,,
C,,tsyrogit-zxcvbn-c,7e3630a0ad96e472c983e4623e2787225d8e5312,zxcvbn.c,0,0,0,0,failed_to_read,,,,,
C,,typingArtist-vdr-plugin-remote,1df8089459b4da99ec8c2b57491323be20f2f6c9,i18n.c,0,0,0,0,failed_to_read,,,,,
C,,typingArtist-vdr-plugin-remote,a6dcff5d7bb1ce9d4d28a74d0fd0c0b46c214571,i18n.c,0,0,0,0,failed_to_read,,,,,
C,,vdr-projects-vdr-plugin-devstatus,f3338522c373c15ad434d0801820a203dbfbf715,i18n.c,0,0,0,0,failed_to_read,,,,,
C,,vdr-projects-vdr-plugin-dvd,f683d4ee97ad51c524e7eba7ae27fee0f6803abb,i18n.c,0,0,0,0,failed_to_read,,,,,
C,,vdr-projects-vdr-plugin-dvd,ee013bd21c666c1a49a078c3f1ea6a366eb0289b,i18n.c,0,0,0,0,failed_to_read,,,,,
C,,vdr-projects-vdr-plugin-dvd,07b7ccca241e8a506607fce18cf5be42d6636bc2,i18n.c,0,0,0,0,failed_to_read,,,,,
C,,vdr-projects-vdr-plugin-dvdswitch,dc368dc785849f14cbfec927dcdea886d075bbb1,imagelist.c,0,0,0,0,failed_to_read,,,,,
C,,vdr-projects-vdr-plugin-sleeptimer,7fee9cc72650004507d0cf977cc916150ef25270,i18n.c,0,0,0,0,failed_to_read,,,,,
C,,vdr-projects-vdr-plugin-ttxtsubs,f2bc4f5a511de4673e0d2c302c4e5e57600c4b02,ttxtsubs.c,0,0,0,0,failed_to_read,,,,,
CPP,,voyageur-openglide,37d8a38fc27bcd3b89b02ccad9550d255a844c71,grguTex.cpp,0,0,0,0,failed_to_read,,,,,
C,,voyageur-wmsysmon,3b885d42ce002adfb8fb4956edb5425fece4fae8,src/wmsysmon.c,0,0,0,0,failed_to_read,,,,,
C,,wanpinglee-MOSAIK,24cf066048228a729c79f1de06b403ad8b0bc920,src/CommonSource/Config/Mosaik.h,0,0,0,0,failed_to_read,,,,,
CPP,,wanpinglee-MOSAIK,583ae0768b88d8660d9e29dd50c84072bea4600d,src/CommonSource/ExternalReadFormats/Fasta.cpp,0,0,0,0,failed_to_read,,,,,
CPP,,wanpinglee-MOSAIK,4910f75cd9f2341606b09d2769c6971f1c05b223,src/MosaikAligner/AlignerMain.cpp,0,0,0,0,failed_to_read,,,,,
C,,wanpinglee-MOSAIK,45bfc39a41c00c6579218d15c0ffcca61b38778b,src/CommonSource/Config/Mosaik.h,0,0,0,0,failed_to_read,,,,,
C,,wanpinglee-MOSAIK,9377c862b806efa95f6bd61339fc9e4cf58e1390,src/CommonSource/Config/Mosaik.h,0,0,0,0,failed_to_read,,,,,
CPP,,wez-atomicparsley,e25cd839c858733d64db5115a96705f3f56ab4c1,src/parsley.cpp,0,0,0,0,failed_to_read,,,,,
CPP,,wez-atomicparsley,1dbe1be78f0c260d89ab4a9cf2f0de5d0982bf0e,src/parsley.cpp,0,0,0,0,failed_to_read,,,,,
C,,zapping-vbi-zvbi,130b5c760723d379c95330e45e74c7360600772c,src/lang.c,0,0,0,0,failed_to_read,,,,,
ShellScript,,zsh-users-zsh-autosuggestions,590c1cd84ca0157bf41fdd8ad87313125644ea5f,zsh-autosuggestions.zsh,0,0,0,0,failed_to_read,,,,,
ShellScript,,zsh-users-zsh-autosuggestions,19e375bbc81d32aed85596dc73ccfe46aae7bbd5,src/start.zsh,0,0,0,0,failed_to_read,,,,,
ShellScript,,zsh-users-zsh-autosuggestions,f90d040784fa67d7bc5e9aca5bdd6517db0bc40e,zsh-autosuggestions.zsh,0,0,0,0,failed_to_read,,,,,
ShellScript,,zsh-users-zsh-autosuggestions,54d7a9a84c88e12f28dd7e441b662088fa25b911,zsh-autosuggestions.zsh,0,0,0,0,failed_to_read,,,,,
ShellScript,,zsh-users-zsh-history-substring-search,b4fb93de0e911ae0c09685d9b0cf0602d88b7156,zsh-history-substring-search.zsh,0,0,0,0,failed_to_read,,,,,
ShellScript,,zsh-users-zsh-history-substring-search,3f8e85f3f8d676f2156849755b29a24cc82ac28a,zsh-history-substring-search.zsh,0,0,0,0,failed_to_read,,,,,
ShellScript,,zsh-users-zsh-history-substring-search,d26aaa659470019343751acb50384b0f950469b6,zsh-history-substring-search.zsh,0,0,0,0,failed_to_read,,,,,
ShellScript,,zsh-users-zsh-syntax-highlighting,5eb677bb0fa9a3e60f0eff031dc13926e093df92,highlighters/main/test-data/multiple-redirections.zsh,0,0,0,0,failed_to_read,,,,,
ShellScript,,zsh-users-zsh-syntax-highlighting,75ba3d87e346de4fda7ce35c546ed8fa74d73a90,highlighters/main/main-highlighter.zsh,0,0,0,0,failed_to_read,,,,,
ShellScript,,zsh-users-zsh-syntax-highlighting,c7caf57ca805abd54f11f756fda6395dd4187f8a,zsh-syntax-highlighting.zsh,0,0,0,0,failed_to_read,,,,,
ShellScript,,zsh-users-zsh-syntax-highlighting,046cb03a120ca3376f076d746009bf9b7f052969,highlighters/main/main-highlighter.zsh,0,0,0,0,failed_to_read,,,,,
C,,tree-sitter-tree-sitter-cpp,12bd6f7e96080d2e70ec51d4068f2f66120dde35,src/parser.c,18027765,24947431,5063445,7095000,timed_out,,,,,
TypeScript,,Maproom-qmapshack,4e13e8e23bc07316940939a35e9a4696e356c464,src/qmapshack/locale/qmapshack_de.ts,841474,991635,222633,273112,timed_out,,,,,
C,,1100101-Automatic,ba04cf0c533d5a27609ac75d34f58d349e23c7e1,src/tests/parser_test.c,0,0,0,0,failed_to_read,,,,,
ShellScript,,Aloxaf-fzf-tab,c7fb028ec0bbc1056c51508602dbd61b0f475ac3,fzf-tab.zsh,0,0,0,0,failed_to_read,,,,,
ShellScript,,Aloxaf-fzf-tab,7de6ec0c5615c9fa0fb561a97577aec10a55d904,fzf-tab.zsh,0,0,0,0,failed_to_read,,,,,
CSharp,,Blosc-c-blosc,5052e00173260c03f474d7405bf68a5718d6cc81,internal-complibs/zlib-1.3.1/contrib/dotzlib/DotZLib/DotZLib.cs,0,0,0,0,failed_to_read,,,,,
C,,GPUOpen-LibrariesAndSDKs-AMF,c48e50ad6c8723c006b2c145d8fa49ecc0651022,amf/public/src/components/ComponentsFFMPEG/HEVCEncoderFFMPEGImpl.h,0,0,0,0,failed_to_read,,,,,
Kotlin,,JetBrains-java-annotations,42bb869f44c3a3ea12666dc09d1ed1db7857d592,multiplatform-annotations/build.gradle.kts,0,0,0,0,failed_to_read,,,,,
Kotlin,,JetBrains-java-annotations,fc4115b70186b1f2eee1b712406986ab6c908bed,multiplatform-annotations/build.gradle.kts,0,0,0,0,failed_to_read,,,,,
C,,Joungkyun-libchardet,f659d7cf3e42da48c31203d35b18fafda07884f0,test/sample1.c,0,0,0,0,failed_to_read,,,,,
C,,Joungkyun-libchardet,9d91cd067d3fe58d2914d4103e53a2b5720c93a4,test/sample.c,0,0,0,0,failed_to_read,,,,,
JavaScript,,MythTV-mythweb,9e9aaf924b5b0719b7a2e4c4df20a7daa736d2af,js/table_sort.js,0,0,0,0,failed_to_read,,,,,
C,,OCSInventory-NG-UnixAgent,f06e0a50476e1194f02e25686b81e5a8b595ef7d,macosx/ocsng_app-xcode/GetPID.h,0,0,0,0,failed_to_read,,,,,
C,,OldManProgrammer-unix-tree,24868bf81af738d46e9bd6a1aee43a4f02ba7b4f,strverscmp.c,0,0,0,0,failed_to_read,,,,,
CPP,,OpenMW-osg,6664a6c8d7a2ba9774b09a3b1ec5e0efe9f58d91,src/osg/dxtctool.cpp,0,0,0,0,failed_to_read,,,,,
Kotlin,,TNG-junit-dataprovider,f5f10fa3ef7d3f3a12b588f5a15aa67840461385,build.gradle.kts,0,0,0,0,failed_to_read,,,,,
Kotlin,,TNG-junit-dataprovider,db9dca020dac6d6d27c989def731e13cadf1da50,build.gradle.kts,0,0,0,0,failed_to_read,,,,,
Kotlin,,TNG-junit-dataprovider,20d105191dfacf7ef7a23fff30000f9e3bbe6e42,build.gradle.kts,0,0,0,0,failed_to_read,,,,,
C,,Terraspace-UASM,19f6c6a01aab78e159c8f8abb72616ec84a71913,codegenv2.c,0,0,0,0,failed_to_read,,,,,
C,,ValveSoftware-openvr,b72abcebff7e6c6c70ce8ac8f6a09b70d44397e2,headers/openvr_driver.h,0,0,0,0,failed_to_read,,,,,
C,,abacus-gene-paml,881a9f1ccafd0ffcf56885aff78bbf682d61e3b6,src/tools.c,0,0,0,0,failed_to_read,,,,,
C,,abacus-gene-paml,4e6c21a2b49e5e4c2c2cff05e5b8bef5da90a387,src/tools.c,0,0,0,0,failed_to_read,,,,,
Scala,,adobe-fonts-source-han-mono,9a10a4fe9797b9777dd9b77cd093e8f76dd55e1d,Heavy/OTC/features.OTC.SC,0,0,0,0,failed_to_read,,,,,
Scala,,adobe-fonts-source-han-mono,9a10a4fe9797b9777dd9b77cd093e8f76dd55e1d,Regular/OTC/features.OTC.SC,0,0,0,0,failed_to_read,,,,,
Scala,,adobe-fonts-source-han-mono,0381f376e6fdf00d3d463f5a371bcec4b1b69e23,ExtraLight/OTC/cidfontinfo.OTC.SC,0,0,0,0,failed_to_read,,,,,
Scala,,adobe-fonts-source-han-mono,0381f376e6fdf00d3d463f5a371bcec4b1b69e23,Light/OTC/cidfontinfo.OTC.SC,0,0,0,0,failed_to_read,,,,,
Scala,,adobe-fonts-source-han-mono,0381f376e6fdf00d3d463f5a371bcec4b1b69e23,Normal/OTC/cidfontinfo.OTC.SC,0,0,0,0,failed_to_read,,,,,
Scala,,adobe-fonts-source-han-mono,5c5b72e67cb98919f4be8d81641e3c47698a1754,ExtraLight/OTC/cidfont.ps.OTC.SC,0,0,0,0,failed_to_read,,,,,
Scala,,adobe-fonts-source-han-mono,5c5b72e67cb98919f4be8d81641e3c47698a1754,Normal/OTC/cidfont.ps.OTC.SC,0,0,0,0,failed_to_read,,,,,
Scala,,adobe-fonts-source-han-mono,99492eb1ad0b3284983ba419334d8ce521cb2a66,ExtraLight/OTC/cidfontinfo.OTC.SC,0,0,0,0,failed_to_read,,,,,
Scala,,adobe-fonts-source-han-mono,99492eb1ad0b3284983ba419334d8ce521cb2a66,Light/OTC/cidfontinfo.OTC.SC,0,0,0,0,failed_to_read,,,,,
Scala,,adobe-fonts-source-han-mono,99492eb1ad0b3284983ba419334d8ce521cb2a66,Normal/OTC/cidfontinfo.OTC.SC,0,0,0,0,failed_to_read,,,,,
C,,alevt-alevt,93d2998d81bfb6af96eb64c9a963f6b7f4e57c33,main.c,0,0,0,0,failed_to_read,,,,,
C,,alevt-alevt,7cf635bfba7472b93842bdbe2b89308319513736,lang.c,0,0,0,0,failed_to_read,,,,,
C,,alevt-alevt,4d219317edf2fd8aefe85ea7e8df729162a4fc40,alevt-cap.c,0,0,0,0,failed_to_read,,,,,
C,,alevt-alevt,899b83841205cc039e2432ad66e743b88b91a6d3,main.c,0,0,0,0,failed_to_read,,,,,
ShellScript,,apple-swift-argument-parser,04695ec5448962bcd5e4616ed184b8a2168751e7,Tests/ArgumentParserExampleTests/Snapshots/testMathZshCompletionScript().zsh,0,0,0,0,failed_to_read,,,,,
C,,barak-vobcopy,9cfded85916d6bd567f49e3e96497dc8e0e80ee0,vobcopy.c,0,0,0,0,failed_to_read,,,,,
C,,barak-vobcopy,21e1eba92e70aa4281a26772d5aec1930070257c,vobcopy.c,0,0,0,0,failed_to_read,,,,,
C,,bhaak-vilistextum,ef0746c7138a6848532abe668fa21a19e80fc478,src/main.c,0,0,0,0,failed_to_read,,,,,
C,,bhaak-vilistextum,423ad6c270a58eb02ab92c77900496a50662249a,src/html.c,0,0,0,0,failed_to_read,,,,,
C,,bhaak-vilistextum,6331152c439cecaf53e035569d40e5839e993d58,src/main.c,0,0,0,0,failed_to_read,,,,,
HTML,,blais-xxdiff,d368d2d66e77910a1cbfd56d182fe4eb0e4af1be,doc/xxdiff-secrets.html,0,0,0,0,failed_to_read,,,,,
CPP,,bolero-MURAKAMI-Sprout,ea06f925655602a39750c2fd4fc88ecb98c9860f,sprout/complex/acosh.hpp,0,0,0,0,failed_to_read,,,,,
CPP,,bolero-MURAKAMI-Sprout,ea06f925655602a39750c2fd4fc88ecb98c9860f,sprout/math/tgamma.hpp,0,0,0,0,failed_to_read,,,,,
CPP,,bolero-MURAKAMI-Sprout,26299dad18a7e16fcb4873ce7f9f26a3d2ac1925,example/zundoko/main.cpp,0,0,0,0,failed_to_read,,,,,
CPP,,bolero-MURAKAMI-Sprout,26299dad18a7e16fcb4873ce7f9f26a3d2ac1925,sprout/brainfuck/misa.hpp,0,0,0,0,failed_to_read,,,,,
CPP,,bolero-MURAKAMI-Sprout,26299dad18a7e16fcb4873ce7f9f26a3d2ac1925,sprout/math/copysign.hpp,0,0,0,0,failed_to_read,,,,,
CPP,,bolero-MURAKAMI-Sprout,09181940789f135c292e9c336d8ceffca0b1bec3,sprout/complex/acosh.hpp,0,0,0,0,failed_to_read,,,,,
Go,,bookingcom-carbonapi,fdc03a0345aef5bcf9de440a4ea3a609d33f0b7a,vendor/golang.org/x/text/unicode/norm/tables12.0.0.go,385839,385814,169488,169487,timed_out,,,,,
CPP,,brettbode-wxmacmolplt,dad9ba64d5a8c0f97f57ad87db097e3e79be4da3,src/InputData.cpp,0,0,0,0,failed_to_read,,,,,
C,,brunonymous-tecnoballz,b75f558c1b4588491a0add69f42b1ec76e227129,include/controller_bricks.h,0,0,0,0,failed_to_read,,,,,
C,,chennes-med,f17a48594d7c668eb68850284c50aeb9c5fe7159,src/2.3.6/hdfi/MEDattrNumEcrire.c,0,0,0,0,failed_to_read,,,,,
C,,chennes-med,f17a48594d7c668eb68850284c50aeb9c5fe7159,tests/c/test2.c,0,0,0,0,failed_to_read,,,,,
C,,chennes-med,f17a48594d7c668eb68850284c50aeb9c5fe7159,tests/usecases/c/UsesCase_MEDstructElement_2.c,0,0,0,0,failed_to_read,,,,,
C,,chewi-amiwm,18e858ae8069ed2e0db4bf1cac2a312ade457ebf,menu.c,0,0,0,0,failed_to_read,,,,,
C,,civetweb-civetweb,3ee51c19cc75fc10ab217022f1656784ba718355,src/third_party/sqlite3.c,8138601,9282866,1456141,1691936,timed_out,,,,,
Go,,cloudflare-cfssl,d124eca11bd1f4b2b9d7101db4db7eef82442bee,vendor/golang.org/x/text/unicode/norm/tables13.0.0.go,387722,387697,170441,170440,timed_out,,,,,
CPP,,darkbitsorg-guichan,2f06cf2f9942d35f69493d2d4b23502f0409bb4b,include/guichan/directx3d.hpp,0,0,0,0,failed_to_read,,,,,
CPP,,darkbitsorg-guichan,2f06cf2f9942d35f69493d2d4b23502f0409bb4b,include/guichan/irrlicht/irrlichtimageloader.hpp,0,0,0,0,failed_to_read,,,,,
CPP,,darkbitsorg-guichan,2f06cf2f9942d35f69493d2d4b23502f0409bb4b,src/cairo/cairoimageloader.cpp,0,0,0,0,failed_to_read,,,,,
CPP,,darkbitsorg-guichan,2f06cf2f9942d35f69493d2d4b23502f0409bb4b,src/irrlicht/irrlichtimageloader.cpp,0,0,0,0,failed_to_read,,,,,
CPP,,darkbitsorg-guichan,c13a939ed4d205f2686f8a555cd42fbeaa893665,demos/ff/include/ffscrollarea.hpp,0,0,0,0,failed_to_read,,,,,
CPP,,darkbitsorg-guichan,c13a939ed4d205f2686f8a555cd42fbeaa893665,include/guichan.hpp,0,0,0,0,failed_to_read,,,,,
CPP,,darkbitsorg-guichan,c13a939ed4d205f2686f8a555cd42fbeaa893665,include/guichan/allegro/allegroinput.hpp,0,0,0,0,failed_to_read,,,,,
CPP,,darkbitsorg-guichan,c13a939ed4d205f2686f8a555cd42fbeaa893665,include/guichan/deathlistener.hpp,0,0,0,0,failed_to_read,,,,,
CPP,,darkbitsorg-guichan,c13a939ed4d205f2686f8a555cd42fbeaa893665,include/guichan/glut.hpp,0,0,0,0,failed_to_read,,,,,
CPP,,darkbitsorg-guichan,c13a939ed4d205f2686f8a555cd42fbeaa893665,include/guichan/hge/hgeimageloader.hpp,0,0,0,0,failed_to_read,,,,,
CPP,,darkbitsorg-guichan,c13a939ed4d205f2686f8a555cd42fbeaa893665,include/guichan/keyevent.hpp,0,0,0,0,failed_to_read,,,,,
CPP,,darkbitsorg-guichan,c13a939ed4d205f2686f8a555cd42fbeaa893665,include/guichan/opengl/openglallegroimageloader.hpp,0,0,0,0,failed_to_read,,,,,
CPP,,darkbitsorg-guichan,c13a939ed4d205f2686f8a555cd42fbeaa893665,include/guichan/openlayer/openlayerimageloader.hpp,0,0,0,0,failed_to_read,,,,,
CPP,,darkbitsorg-guichan,c13a939ed4d205f2686f8a555cd42fbeaa893665,include/guichan/sdl/sdlinput.hpp,0,0,0,0,failed_to_read,,,,,
CPP,,darkbitsorg-guichan,c13a939ed4d205f2686f8a555cd42fbeaa893665,include/guichan/widgets/container.hpp,0,0,0,0,failed_to_read,,,,,
CPP,,darkbitsorg-guichan,c13a939ed4d205f2686f8a555cd42fbeaa893665,include/guichan/widgets/slider.hpp,0,0,0,0,failed_to_read,,,,,
CPP,,darkbitsorg-guichan,c13a939ed4d205f2686f8a555cd42fbeaa893665,src/allegro/allegrofont.cpp,0,0,0,0,failed_to_read,,,,,
CPP,,darkbitsorg-guichan,c13a939ed4d205f2686f8a555cd42fbeaa893665,src/contrib/allegro/allegroglyphkeeperfont.cpp,0,0,0,0,failed_to_read,,,,,
CPP,,darkbitsorg-guichan,c13a939ed4d205f2686f8a555cd42fbeaa893665,src/font.cpp,0,0,0,0,failed_to_read,,,,,
CPP,,darkbitsorg-guichan,c13a939ed4d205f2686f8a555cd42fbeaa893665,src/hge/hgeimagefont.cpp,0,0,0,0,failed_to_read,,,,,
CPP,,darkbitsorg-guichan,c13a939ed4d205f2686f8a555cd42fbeaa893665,src/keyinput.cpp,0,0,0,0,failed_to_read,,,,,
CPP,,darkbitsorg-guichan,c13a939ed4d205f2686f8a555cd42fbeaa893665,src/openlayer/openlayergraphics.cpp,0,0,0,0,failed_to_read,,,,,
CPP,,darkbitsorg-guichan,c13a939ed4d205f2686f8a555cd42fbeaa893665,src/sdl/sdlimageloader.cpp,0,0,0,0,failed_to_read,,,,,
CPP,,darkbitsorg-guichan,c13a939ed4d205f2686f8a555cd42fbeaa893665,src/widgets/icon.cpp,0,0,0,0,failed_to_read,,,,,
CPP,,darkbitsorg-guichan,c13a939ed4d205f2686f8a555cd42fbeaa893665,src/widgets/tabbedarea.cpp,0,0,0,0,failed_to_read,,,,,
CPP,,darkbitsorg-guichan,cb9a7ffb898f05f2ca6eebd2504f566b279527b5,include/guichan/allegro/allegrofont.hpp,0,0,0,0,failed_to_read,,,,,
CPP,,darkbitsorg-guichan,cb9a7ffb898f05f2ca6eebd2504f566b279527b5,src/allegro/allegrofont.cpp,0,0,0,0,failed_to_read,,,,,
CPP,,darkbitsorg-guichan,907d8d7875749566ad7d081e17fba30d0fa7c7ad,src/widgets/textfield.cpp,0,0,0,0,failed_to_read,,,,,
C,,dino-libomemo-c,0efc07f2811c8fa0edffad28c31ded45186fcdb1,tests/test_session_builder.c,0,0,0,0,failed_to_read,,,,,
C,,dino-libomemo-c,fe1cbf823be468fc87010c34690d0765d1e0c75a,tests/test_session_builder.c,0,0,0,0,failed_to_read,,,,,
Scala,,flowdalic-sendxmpp,a676b89fe404ca152e907c960c7b0a26e0098683,sendxmpp.sc,0,0,0,0,failed_to_read,,,,,
Scala,,flowdalic-sendxmpp,08ab1602f0765f623170d7699e628094ebd632f9,sendxmpp.sc,0,0,0,0,failed_to_read,,,,,
Scala,,flowdalic-sendxmpp,8c003139ee7bc8d5ff902c866a98515c54ad67b8,sendxmpp.sc,0,0,0,0,failed_to_read,,,,,
C,,freaklabs-chibiArduino,c1e6dcec1c103b8b258653dd1fdb21fc221211a3,chibiUsrCfg.h,0,0,0,0,failed_to_read,,,,,
Vimscript,,fs111-pydoc.vim,ae3b390c7c917ada509bacc0d753e8331e6c64e1,ftplugin/python_pydoc.vim,0,0,0,0,failed_to_read,,,,,
Vimscript,,fs111-pydoc.vim,a0831b09f2026c3a3d52e253ffd139fe20a9360a,ftplugin/python_pydoc.vim,0,0,0,0,failed_to_read,,,,,
Vimscript,,fs111-pydoc.vim,3fd37cf48fe3e76c76cd4441fde5571ec73f69d3,pydoc.vim,0,0,0,0,failed_to_read,,,,,
Go,,genuinetools-img,89fb42e58c5ffc73774f0e9a97824810c15ea775,vendor/golang.org/x/text/unicode/norm/tables10.0.0.go,347741,383266,161896,168423,timed_out,,,,,
CPP,,gogglesmm-gogglesmm,a96928f8ff3393cbe3b7946158fa14df21933960,cfox/lib/fxkeyboard.cpp,0,0,0,0,failed_to_read,,,,,
C,,gtk-gnutella-gtk-gnutella,e2aa9e19bc6851bb1b76449cbcef0ccaf07bddaa,src/lib/vmm.c,0,0,0,0,failed_to_read,,,,,
C,,ianw-libiptcdata,c1a145bb75ff40610d128faedf9ac1752ede6510,libiptcdata/iptc-jpeg.h,0,0,0,0,failed_to_read,,,,,
C,,ianw-libiptcdata,68103405dd9e9bf5b9b68d2d814e121bb2cfa780,python/pyiptcdata.c,0,0,0,0,failed_to_read,,,,,
C,,ianw-libiptcdata,e5cb1abf24612a098c625e79af1fcefb3af46de6,python/pyiptcdata.c,0,0,0,0,failed_to_read,,,,,
C,,ianw-libiptcdata,25192e0da9f979eed267ca0238a5bb1e518f61dd,libiptcdata/iptc-tag.c,0,0,0,0,failed_to_read,,,,,
C,,ianw-libiptcdata,f2352c00a2db984aa4aaf80182fd0b63c5234f46,libiptcdata/iptc-dataset.h,0,0,0,0,failed_to_read,,,,,
Kotlin,,ingokegel-jclasslib,8ad1bb79b75a29a8b099e131abc8bc0f8e5114d9,buildSrc/build.gradle.kts,0,0,0,0,failed_to_read,,,,,
Kotlin,,ingokegel-jclasslib,75aa60c82644dd1ed9a9fc3ee5008d81798ece88,modules/installer/installer.gradle.kts,0,0,0,0,failed_to_read,,,,,
CPP,,intel-cmrt,17c443a4777f29bc08d4a62393070b56feccc705,src/cm_device.cpp,0,0,0,0,failed_to_read,,,,,
C,,intel-cmrt,d553fe9d1a26ed361a13bb048e8cca18d51e3f61,src/hw_interface_g8.c,0,0,0,0,failed_to_read,,,,,
C,,intel-cmrt,cfd62c90241d37a9e374cf96f53a1f50cb842f47,src/hw_interface_g8.c,0,0,0,0,failed_to_read,,,,,
CPP,,intel-cmrt,6c6a4fede5503f054529f73e3debfef35f1fd92c,src/cm_device.cpp,0,0,0,0,failed_to_read,,,,,
C,,intel-cmrt,f9fdd5109ecc5c0c08a406a449dc9a1ed98fc9b1,src/os_interface.h,0,0,0,0,failed_to_read,,,,,
C,,intel-cmrt,defc713138b72f94ffa34e29ae4a607e63fed59b,src/hw_interface_g8.c,0,0,0,0,failed_to_read,,,,,
C,,intel-cmrt,0d47510c0a59a0e8001df51eeb39443b4a0b2fb4,src/os_resource_defs.h,0,0,0,0,failed_to_read,,,,,
CPP,,intel-cmrt,5ab9280e67da506ba179788fcdb20bb1efc9579c,src/cm_surface_manager.cpp,0,0,0,0,failed_to_read,,,,,
C,,intel-cmrt,8d3711b542feacd8a11c7c33aaef2c9292dcb3f2,src/cm_surface_manager.h,0,0,0,0,failed_to_read,,,,,
C,,intel-cmrt,f0f3e8057df8fe6247362139bc139af3c7381209,src/hal_cm_g9.c,0,0,0,0,failed_to_read,,,,,
C,,intel-cmrt,69298d5e9ad536a15a76bf9727a22e750386ddab,src/hal_cm_g9.c,0,0,0,0,failed_to_read,,,,,
CPP,,intel-metrics-discovery,f3b8faa6337ffd52e8e53a3f878543f2e35b7fdc,instrumentation/metrics_discovery/codegen/md_metric_sets_ACM_GT2.cpp,10521418,9576297,1952229,1865561,timed_out,,,,,
Python,,ispell-lt-ispell-lt,d28a4c58519602c82bb059f93d12030e155f3b62,tools/sort.py,0,0,0,0,failed_to_read,,,,,
Python,,ispell-lt-ispell-lt,1a45772907b41543159f7d0f8dbdc388e8d453dc,tools/ispell2myspell.py,0,0,0,0,failed_to_read,,,,,
HTML,,jaafreitas-mkgallery,f0e241b74ddfc504e29aefd9fe2b1cfe3d471e50,docs/TODO.html,0,0,0,0,failed_to_read,,,,,
Kotlin,,junit-pioneer-junit-pioneer,3b2ae595df32269700bdb62a994bf03410ca9b9e,build.gradle.kts,0,0,0,0,failed_to_read,,,,,
Kotlin,,junit-pioneer-junit-pioneer,9919bf97d223d2cf019f94cfd71238227402c8b3,build.gradle.kts,0,0,0,0,failed_to_read,,,,,
Kotlin,,junit-pioneer-junit-pioneer,eb19908ed738af629a2f643dc1807c9243c56ffe,build.gradle.kts,0,0,0,0,failed_to_read,,,,,
ShellScript,,keis-git-fixup,0376fdebb697b75c96944b5f0badd056f85c476d,completion.zsh,0,0,0,0,failed_to_read,,,,,
C,,laurikari-tre,26cab309f50041cb94b3f347d7f7acedad6fdb86,tests/retest.c,0,0,0,0,failed_to_read,,,,,
CPP,,madmartin-noad,339b81cfb83fdcb13de5d99f3fb80ba7e4842b5a,noad.cpp,0,0,0,0,failed_to_read,,,,,
CPP,,madmartin-noad,32a8d0480910cf7b2fc502d1b9190611eb6d0153,noad.cpp,0,0,0,0,failed_to_read,,,,,
C,,madmartin-noad,d2be29c5fc324bf4e3684bc36273aad7f35aa57c,noaddata.h,0,0,0,0,failed_to_read,,,,,
ShellScript,,mafredri-zsh-async,a66d76f8404bd9e7a26037640e6c892cf5871ff4,async.zsh,0,0,0,0,failed_to_read,,,,,
ShellScript,,mafredri-zsh-async,fa948266caf4efaa903d49b86e1a938e8d50ecc4,async.zsh,0,0,0,0,failed_to_read,,,,,
ShellScript,,mafredri-zsh-async,32548d3c3f1361de57f09ab9293c902b78f49b55,async.zsh,0,0,0,0,failed_to_read,,,,,
ShellScript,,mafredri-zsh-async,da46ed554336df05744de8aca982677aa9daf811,async_test.zsh,0,0,0,0,failed_to_read,,,,,
ShellScript,,mafredri-zsh-async,2fa0f6b69e3ed4a3c314d4d568148846814cdb54,async.zsh,0,0,0,0,failed_to_read,,,,,
C,,magnush-mhwaveedit,3d6e3d53adb59de8c59384d28ca2f95c49bb0a6c,src/chunkview.c,0,0,0,0,failed_to_read,,,,,
C,,magnush-mhwaveedit,3515ff1a108f3ec535d6c7f590729b3e315f3917,src/chunk.c,0,0,0,0,failed_to_read,,,,,
C,,magnush-mhwaveedit,dd1affc33728626a1008a3f792c52aa7999eacca,src/mainwindow.c,0,0,0,0,failed_to_read,,,,,
C,,magnush-mhwaveedit,846f4c31c3c6baaf7a70e048a42fd827f3c88411,src/chunk.c,0,0,0,0,failed_to_read,,,,,
CPP,,markusfisch-PieDock,3724cde2d77748c8ea0b519061a98e5d9d8f6380,src/ArgbSurface.cpp,0,0,0,0,failed_to_read,,,,,
CPP,,markusfisch-PieDock,3724cde2d77748c8ea0b519061a98e5d9d8f6380,src/Environment.cpp,0,0,0,0,failed_to_read,,,,,
CPP,,markusfisch-PieDock,3724cde2d77748c8ea0b519061a98e5d9d8f6380,src/Menu.cpp,0,0,0,0,failed_to_read,,,,,
C,,markusfisch-PieDock,3724cde2d77748c8ea0b519061a98e5d9d8f6380,src/Resampler.h,0,0,0,0,failed_to_read,,,,,
C,,markusfisch-PieDock,3724cde2d77748c8ea0b519061a98e5d9d8f6380,src/TransparentWindow.h,0,0,0,0,failed_to_read,,,,,
C,,markusfisch-PieDock,3724cde2d77748c8ea0b519061a98e5d9d8f6380,src/WorkspaceLayout.h,0,0,0,0,failed_to_read,,,,,
CPP,,markusfisch-PieDock,a1be61df475189dcea87dac320b8872eeeebc484,src/Blender.cpp,0,0,0,0,failed_to_read,,,,,
CPP,,markusfisch-PieDock,76e3f9f61d03e2f4395188caf6da36b0ab9ea404,src/Png.cpp,0,0,0,0,failed_to_read,,,,,
CPP,,markusfisch-PieDock,b4e9ecf22d0b00e3475e77dab2593fd35a5b2236,src/PieMenuWindow.cpp,0,0,0,0,failed_to_read,,,,,
CPP,,markusfisch-PieDock,b4e9ecf22d0b00e3475e77dab2593fd35a5b2236,src/WindowManager.cpp,0,0,0,0,failed_to_read,,,,,
Python,,meerk40t-svgelements,8da34876e27369ceee8b88b26153180cfc34d219,svgelements/svgelements.py,0,0,0,0,failed_to_read,,,,,
Python,,meerk40t-svgelements,b420d74168e0a28fefaba889cd7877f1529843f6,svgelements/svgelements.py,0,0,0,0,failed_to_read,,,,,
Python,,meerk40t-svgelements,63fd99d06920a9b9577064751e6811aaaccada25,svgelements/svgelements.py,0,0,0,0,failed_to_read,,,,,
CPP,,miguelmarco-libbraiding,637591f635ebaa7a0c4b2625b77cc6eeeffac4e6,lib/braiding.cpp,0,0,0,0,failed_to_read,,,,,
CPP,,miguelmarco-libbraiding,bcce55409be093e46a332bffb97c474679bd0235,lib/braiding.cpp,0,0,0,0,failed_to_read,,,,,
CPP,,miguelmarco-libbraiding,b6f22d7d7919d493a7128a74664e7eecfb2044b4,lib/braiding.cpp,0,0,0,0,failed_to_read,,,,,
C,,miguelmarco-libbraiding,b7f8c948befa1eb212b7c76d8f43f045b0394710,include/braiding.h,0,0,0,0,failed_to_read,,,,,
CSharp,,mono-mono-basic,db2a3cb5ea195c59fd035404aa42c38747d52936,vbnc/cecil/symbols/pdb/Mono.Cecil.Pdb/AssemblyInfo.cs,0,0,0,0,failed_to_read,,,,,
Go,,notaryproject-notary,b55ecf723a77e9834d96617e6ca9a553602024b9,vendor/golang.org/x/text/unicode/norm/tables10.0.0.go,347741,383266,161896,168423,timed_out,,,,,
C,,olivluca-vdr-actuator-plugin,34c813b4bcd48474430347be13080c8e0c202b1f,actuator.c,0,0,0,0,failed_to_read,,,,,
Kotlin,,open-telemetry-opentelemetry-java,bfff92076cf0f1f25ac9715b002c659c552c0544,dependencyManagement/build.gradle.kts,0,0,0,0,failed_to_read,,,,,
Kotlin,,open-telemetry-opentelemetry-java,b4e0b499c1665c51bdb139188aa6e2f76f54c319,integration-tests/graal-incubating/build.gradle.kts,0,0,0,0,failed_to_read,,,,,
C,,pbiering-ipv6calc,c949dd8426875cc183984c262091e7b40fa4a940,databases/ipv4-assignment/dbipv4addr_assignment.h,2391055,2391579,278934,278994,timed_out,,,,,
ShellScript,,poetaman-arttime,b88eb954bbd86cb8710f838b3deed03023850040,share/arttime/src/arttime.zsh,0,0,0,0,failed_to_read,,,,,
ShellScript,,poetaman-arttime,e1ca47cf5134d4a9640acc1bf61ef515a2107563,share/arttime/src/arttime.zsh,0,0,0,0,failed_to_read,,,,,
ShellScript,,poetaman-arttime,a07ee46e308fb1f25653244b06b93e5e3733f3ab,share/arttime/src/arttime.zsh,0,0,0,0,failed_to_read,,,,,
C,,rollinhand-libdbf,0e839ef1b499f23e8a8167d33a1846633a95fd24,include/libdbf/libdbf.h,0,0,0,0,failed_to_read,,,,,
C,,rollinhand-libdbf,c026f08694d49bbe2dff67f8b874d1f803b3c832,src/dbf.c,0,0,0,0,failed_to_read,,,,,
ShellScript,,rossmacarthur-sheldon,f46953116749ab7bc9ab4ada7753cb3072b1bffd,completions/sheldon.zsh,0,0,0,0,failed_to_read,,,,,
Python,,sbosio-rla-es,02c2abc0d8d1d92d7b34212f55ddbfd96e978e54,separacion/hyphenate.py,0,0,0,0,failed_to_read,,,,,
C,,sebaro-Yarock,9e5f43475b88047571c16bcbeffca8f01a92dbee,src/core/player/vlc/config.h,0,0,0,0,failed_to_read,,,,,
C,,sebaro-Yarock,3cd6316f4aa50fd2511f65b1c94524db99e6477a,src/core/player/vlc/config.h,0,0,0,0,failed_to_read,,,,,
CPP,,set-soft-tvision,b6101a3d31fa1dc9f7d7f64e0968e85fd8ac3db5,tvision/classes/tdirlist.cc,0,0,0,0,failed_to_read,,,,,
CPP,,set-soft-tvision,281b9848dc5a8e8736133e8bda8c8169f6cfa37b,tvision/classes/codepage.cc,0,0,0,0,failed_to_read,,,,,
CSharp,,silnrsi-teckit,d60c1265dc6c39b988efdd8eefeb0fdfa1181434,zlib-1.2.13/contrib/dotzlib/DotZLib/ChecksumImpl.cs,0,0,0,0,failed_to_read,,,,,
CPP,,silnrsi-teckit,9e7b36ec082b529dee97a813ae6e99a407e85627,source/UnicodeNames.cpp,1324255,1359429,337005,345295,timed_out,,,,,
ShellScript,,skk-dev-skktools,9f71fb8496a39a76dccf219f84c079eaf2edc05b,convert2skk/doc2skk.sh,0,0,0,0,failed_to_read,,,,,
C,,skk-dev-skktools,9f71fb8496a39a76dccf219f84c079eaf2edc05b,skkdic-sort.c,0,0,0,0,failed_to_read,,,,,
Ruby,,skk-dev-skktools,43e21323096bb31770f66fc60f14a11580030677,convert2skk/aozora2skk.rb,0,0,0,0,failed_to_read,,,,,
Ruby,,skk-dev-skktools,7d857d554509b279bfac044bf1fda93f38a8fd0f,filters/abbrev-convert.rb,0,0,0,0,failed_to_read,,,,,
C,,skk-dev-skktools,b6d9c0f574c1174c18a6178564ce1fea8b1dd15d,READMEs/README.C,0,0,0,0,failed_to_read,,,,,
ShellScript,,starship-starship,46ab8621a7490bdcea635feb6233ce038264ff4e,src/init/starship.zsh,0,0,0,0,failed_to_read,,,,,
C,,steelman-xystray,e43711250f3c8d4e582f28f8708c3d5dc804916b,xystray.c,0,0,0,0,failed_to_read,,,,,
ShellScript,,sukria-Backup-Manager,6cf5bb14f8f57cd5b65c76ecba267781cc327cc5,lib/actions.sh,0,0,0,0,failed_to_read,,,,,
ShellScript,,sukria-Backup-Manager,6cf5bb14f8f57cd5b65c76ecba267781cc327cc5,lib/logger.sh,0,0,0,0,failed_to_read,,,,,
ShellScript,,sukria-Backup-Manager,a7a64ed7d2e06ac7039545cbf31882c7532b8eef,lib/actions.sh,0,0,0,0,failed_to_read,,,,,
ShellScript,,sukria-Backup-Manager,a7a64ed7d2e06ac7039545cbf31882c7532b8eef,lib/logger.sh,0,0,0,0,failed_to_read,,,,,
Scala,,supercollider-supercollider,3aa500939769aec1b7080d0a5c8c770c0e413a50,testsuite/classlibrary/TestFloat.sc,0,0,0,0,failed_to_read,,,,,
C,,theabolton-whysynth,75a066da4182cf74d03820c10e944d51aca4498a,src/whysynth_voice_render.c,0,0,0,0,failed_to_read,,,,,
C,,tomac-yersinia,82b5a9964c43edee59f0ba4256635ca98d13b102,src/ncurses-interface.c,0,0,0,0,failed_to_read,,,,,
C,,tree-sitter-grammars-tree-sitter-vim,bc1364d922952138957a62105171ed68e73fbb6c,src/parser.c,4630300,4628138,1368685,1368448,timed_out,,,,,
C,,tree-sitter-tree-sitter-ql,768e54f5bbd88d3c32a4d7d5a8050f79e1b240c9,src/parser.c,2308438,2308617,699864,699930,timed_out,,,,,
C,,tree-sitter-tree-sitter-typescript,198d03553f43a45b92ac5d0ee167db3fec6a6fd6,tsx/src/parser.c,8645201,8651519,2507708,2509169,timed_out,,,,,
C,,tsyrogit-zxcvbn-c,3417c5e6d0a3647c6d453dbd3fad91649663df2b,zxcvbn.c,0,0,0,0,failed_to_read,,,,,
C,,vdr-projects-vdr-plugin-dvd,98bcb83913895e71d3622c811d4c7273d03a2be2,i18n.c,0,0,0,0,failed_to_read,,,,,
C,,vdr-projects-vdr-plugin-dvdswitch,2906f2d1b7e1c5931b3d05156569d6061eb6b9b5,imagelist.c,0,0,0,0,failed_to_read,,,,,
C,,vdr-projects-vdr-plugin-lcdproc,161feb1fe49c2604f2cd2baf00549ee05083e677,i18n.c,0,0,0,0,failed_to_read,,,,,
C,,vdr-projects-vdr-plugin-radio,a82138d402cf2c147e664b3990feddcb68c92dc2,radiotools.c,0,0,0,0,failed_to_read,,,,,
C,,virtualsquare-vde-2,565eef8f9af2fba8da31ee18629b26e609e64e83,src/vde_cryptcab/cryptcab.h,0,0,0,0,failed_to_read,,,,,
CPP,,wanpinglee-MOSAIK,14b828f2e9a9dba344d113f10480a2dc31b32e91,src/CommonSource/Utilities/SequenceUtilities.cpp,0,0,0,0,failed_to_read,,,,,
CPP,,wanpinglee-MOSAIK,583ae0768b88d8660d9e29dd50c84072bea4600d,src/CommonSource/ExternalReadFormats/Fastq.cpp,0,0,0,0,failed_to_read,,,,,
CPP,,wanpinglee-MOSAIK,4910f75cd9f2341606b09d2769c6971f1c05b223,src/MosaikAligner/MosaikAligner.cpp,0,0,0,0,failed_to_read,,,,,
CPP,,wanpinglee-MOSAIK,45bfc39a41c00c6579218d15c0ffcca61b38778b,src/MosaikAligner/AlignerMain.cpp,0,0,0,0,failed_to_read,,,,,
CPP,,wanpinglee-MOSAIK,11bb9d5b34addcefe79b13b9211e01acdad580bd,src/CommonSource/ExternalReadFormats/SRF.cpp,0,0,0,0,failed_to_read,,,,,
CPP,,wanpinglee-MOSAIK,a5690b8f1947ea156c6f66ec419e5f1c09406edd,src/MosaikAligner/AlignmentThread.cpp,0,0,0,0,failed_to_read,,,,,
CPP,,wez-atomicparsley,d72ccf06c98259d7261e0f3ac4fd8717778782c1,src/extracts.cpp,0,0,0,0,failed_to_read,,,,,
CPP,,wgois-OIS,685a0c8e98f47199d828d859a2b9d59a34b6ebce,src/win32/Win32KeyBoard.cpp,0,0,0,0,failed_to_read,,,,,
C,,zapping-vbi-zvbi,ca1672134b3e2962cd392212c73f44f8f4cb489f,src/search.c,0,0,0,0,failed_to_read,,,,,
ShellScript,,zsh-users-zsh-autosuggestions,56f10c3b5dac558a7fcc7aa47459e4ac0eec3dc7,src/async.zsh,0,0,0,0,failed_to_read,,,,,
ShellScript,,zsh-users-zsh-autosuggestions,e0b96e1bd6810a1303a0869658916974a6674187,src/widgets.zsh,0,0,0,0,failed_to_read,,,,,
ShellScript,,zsh-users-zsh-autosuggestions,19e375bbc81d32aed85596dc73ccfe46aae7bbd5,src/strategies/completion.zsh,0,0,0,0,failed_to_read,,,,,
ShellScript,,zsh-users-zsh-autosuggestions,a5affac6f1a4dfd0e1b86e9f6d628191aacf5360,zsh-autosuggestions.zsh,0,0,0,0,failed_to_read,,,,,
ShellScript,,zsh-users-zsh-autosuggestions,5217ed52697157f5ccc961d9b6b1c7967abc418b,src/widgets.zsh,0,0,0,0,failed_to_read,,,,,
ShellScript,,zsh-users-zsh-autosuggestions,b87a4972c8be188af347fb3e29b8c47a923c4f75,src/strategies/history.zsh,0,0,0,0,failed_to_read,,,,,
ShellScript,,zsh-users-zsh-history-substring-search,563a5511655f2d63b248538a4637110263d20c7b,zsh-history-substring-search.zsh,0,0,0,0,failed_to_read,,,,,
ShellScript,,zsh-users-zsh-history-substring-search,be0fe1fca94c2eea3c3798de3c36acfcebf16943,zsh-history-substring-search.zsh,0,0,0,0,failed_to_read,,,,,
ShellScript,,zsh-users-zsh-history-substring-search,ec88096611a5a1896d09d1d29431a048b7c4ca2c,zsh-history-substring-search.zsh,0,0,0,0,failed_to_read,,,,,
ShellScript,,zsh-users-zsh-syntax-highlighting,5eb677bb0fa9a3e60f0eff031dc13926e093df92,highlighters/main/test-data/simple-redirection.zsh,0,0,0,0,failed_to_read,,,,,
ShellScript,,zsh-users-zsh-syntax-highlighting,122dc464392302114556b53ec01a1390c54f739f,highlighters/main/main-highlighter.zsh,0,0,0,0,failed_to_read,,,,,
ShellScript,,zsh-users-zsh-syntax-highlighting,6e0e950154a4c6983d9e077ed052298ad9126144,highlighters/main/main-highlighter.zsh,0,0,0,0,failed_to_read,,,,,
C,,tree-sitter-tree-sitter-haskell,1a4e7cecfb93535a5127716a1216002546639a7c,src/parser.c,19810826,19811235,5139951,5139937,timed_out,,,,,
C,,tree-sitter-tree-sitter-ocaml,3606282ada50265867f545ed7b3cfe15f4450edc,grammars/type/src/parser.c,29924093,30140391,7547348,7579753,timed_out,,,,,
C,,hyattpd-Prodigal,79deb9500d0d0ced567a39236ef421762b5fc7e0,training.c,,,,,killed,,,,,137
CPP,,intel-metrics-discovery,908b71e32f4a159d0360199574a4e0d10ac36a5a,instrumentation/metrics_discovery/codegen/md_metric_sets_PVC_GT2.cpp,,,,,killed,,,,,137
CPP,,intel-metrics-discovery,dcd387e5c4560f2a9cac29dd03e0dfd510c16460,instrumentation/metrics_discovery/codegen/md_metric_sets_PVC_GT2.cpp,,,,,killed,,,,,137
C,,tree-sitter-tree-sitter-bash,9938413c12626a83385e03a866ea457c64166fbf,src/parser.c,,,,,killed,,,,,137
C,,tree-sitter-tree-sitter-haskell,fb52597de51aebb6abc4774af83bd12608c13f31,src/parser.c,,,,,killed,,,,,137
C,,tree-sitter-tree-sitter-julia,ac6342e59ebc051e4478d626e596a5f3a5440c6b,src/parser.c,,,,,killed,,,,,137
C,,tree-sitter-tree-sitter-ocaml,c2e9fad0cf0fccfa696324c4d94806ff4e1ef483,grammars/ocaml/src/parser.c,,,,,killed,,,,,137
C,,tree-sitter-tree-sitter-ruby,1e89c8953d684c651687744cfe4b39ecb068d939,src/parser.c,,,,,killed,,,,,137
C,,tree-sitter-tree-sitter-ruby,dc2d7d6b50f9975bc3c35bbec0ba11b2617b736b,src/parser.c,,,,,killed,,,,,137
C,,tree-sitter-tree-sitter-ruby,688a4a902a3e80b9090994d4d4d3e057dc025a69,src/parser.c,,,,,killed,,,,,137
C,,tree-sitter-tree-sitter-ruby,b38ceb586020f24e5a4c5379d97a6dc75c1a3d49,src/parser.c,,,,,killed,,,,,137
C,,tree-sitter-tree-sitter-rust,e86119bdb4968b9799f6a014ca2401c178d54b5f,src/parser.c,,,,,killed,,,,,137
C,,tree-sitter-tree-sitter-typescript,198d03553f43a45b92ac5d0ee167db3fec6a6fd6,typescript/src/parser.c,,,,,killed,,,,,137
C,,AmatCoder-mednaffe,39cd73d4e56ff8a2f1de2bed5355bd6e60e5e617,src/resources.c,,,,,killed,,,,,137
CPP,,intel-metrics-discovery,065123b50fa20574fa2f663f7b45f6f2bce36cfe,instrumentation/metrics_discovery/codegen/md_metric_sets_ACM_GT3.cpp,,,,,killed,,,,,137
CPP,,intel-metrics-discovery,4ff8df044cbd9b270f2cf9561d1a60f826679f62,instrumentation/metrics_discovery/codegen/md_metric_sets_ACM_GT3.cpp,,,,,killed,,,,,137
C,,tree-sitter-tree-sitter-cpp,2a682d312b09eb737a08b4900ec786415574b6bf,src/parser.c,,,,,killed,,,,,137
C,,tree-sitter-tree-sitter-cpp,950b4fc9b3a7a59d351853acddde65a422481bc5,src/parser.c,,,,,killed,,,,,137
C,,tree-sitter-tree-sitter-haskell,23ad72f4b755269004a0a3f3796192705313643d,src/parser.c,,,,,killed,,,,,137
C,,tree-sitter-tree-sitter-haskell,e002d60072c73ab09bafedc82d3e35a4349ca6c0,src/parser.c,,,,,killed,,,,,137
C,,tree-sitter-tree-sitter-julia,b23743a40c5312264004e18c8ec7722031be3b02,src/parser.c,,,,,killed,,,,,137
C,,tree-sitter-tree-sitter-ocaml,029b1b6a87a8f1e8a9a7913a8a5bdecd36720789,grammars/ocaml/src/parser.c,,,,,killed,,,,,137
C,,tree-sitter-tree-sitter-ocaml,c2e9fad0cf0fccfa696324c4d94806ff4e1ef483,grammars/type/src/parser.c,,,,,killed,,,,,137
C,,tree-sitter-tree-sitter-ocaml,3606282ada50265867f545ed7b3cfe15f4450edc,grammars/ocaml/src/parser.c,,,,,killed,,,,,137
C,,tree-sitter-tree-sitter-ocaml,57644edfbba0edb38ac17dba2add4c243fa3539b,grammars/interface/src/parser.c,,,,,killed,,,,,137
C,,tree-sitter-tree-sitter-ocaml,c242d09d204727eaad1819ba750ddb11952c49de,grammars/type/src/parser.c,,,,,killed,,,,,137
C,,tree-sitter-tree-sitter-rust,9c84af007b0f144954adb26b3f336495cbb320a7,src/parser.c,,,,,killed,,,,,137
C,,tree-sitter-tree-sitter-typescript,4f3eb6655a1cd1a1f87ef10201f8e22886dcd76e,tsx/src/parser.c,,,,,killed,,,,,137
C,,tree-sitter-tree-sitter-typescript,ab41b8c89a5737c761146671342be54f639e7612,typescript/src/parser.c,,,,,killed,,,,,137
CPP,,intel-metrics-discovery,93eef3a35f469323245120e460c4eb53da950f8f,instrumentation/metrics_discovery/codegen/md_metric_sets_PVC_GT2.cpp,,,,,killed,,,,,137
C,,tree-sitter-tree-sitter-c-sharp,2b2076193c02d13efb507ecbbce4d9a8eeae1ed7,src/parser.c,,,,,killed,,,,,137
C,,tree-sitter-tree-sitter-c-sharp,285c993f01d9955932b45a6192055003aa70a570,src/parser.c,,,,,killed,,,,,137
C,,tree-sitter-tree-sitter-c-sharp,bb22f5b78ba9a814b9e3bce3b8374e9a7fcfbda4,src/parser.c,,,,,killed,,,,,137
C,,tree-sitter-tree-sitter-cpp,f80847bbbf2e3f75deb046a335ac6273b78328a0,src/parser.c,,,,,killed,,,,,137
C,,tree-sitter-tree-sitter-cpp,89bfae25951d0e593d379a42783289be306af7be,src/parser.c,,,,,killed,,,,,137
C,,tree-sitter-tree-sitter-haskell,2c42e900f18a1f0251ac7d7af7ee806e002268db,src/parser.c,,,,,killed,,,,,137
C,,tree-sitter-tree-sitter-haskell,ba0bfb0e5d8e9e31c160d287878c6f26add3ec08,src/parser.c,,,,,killed,,,,,137
C,,tree-sitter-tree-sitter-ruby,b41dc0f4c8e040905fcbb5d93bab667541c08ec7,src/parser.c,,,,,killed,,,,,137
C,,tree-sitter-tree-sitter-ruby,5c7460942cc21841502a188bc2dbed6a8c267c28,src/parser.c,,,,,killed,,,,,137
C,,tree-sitter-tree-sitter-typescript,4f3eb6655a1cd1a1f87ef10201f8e22886dcd76e,typescript/src/parser.c,,,,,killed,,,,,137
CPP,,intel-metrics-discovery,f3b8faa6337ffd52e8e53a3f878543f2e35b7fdc,instrumentation/metrics_discovery/codegen/md_metric_sets_PVC_GT2.cpp,,,,,killed,,,,,137
CPP,,intel-metrics-discovery,4ff8df044cbd9b270f2cf9561d1a60f826679f62,instrumentation/metrics_discovery/codegen/md_metric_sets_PVC_GT2.cpp,,,,,killed,,,,,137
C,,tree-sitter-tree-sitter-c,cd44a2b1364d26d80daa208d3caf659a4c4e953d,src/parser.c,,,,,killed,,,,,137
C,,tree-sitter-tree-sitter-c-sharp,485f0bae0274ac9114797fc10db6f7034e4086e3,src/parser.c,,,,,killed,,,,,137
C,,tree-sitter-tree-sitter-cpp,5cb9b693cfd7bfacab1d9ff4acac1a4150700609,src/parser.c,,,,,killed,,,,,137
C,,tree-sitter-tree-sitter-haskell,b1b3754cdf9fc15c56695f0b5ce65d1c61141c2b,src/parser.c,,,,,killed,,,,,137
C,,tree-sitter-tree-sitter-julia,453b91ec244523919cf81959fedb6056349c29e6,src/parser.c,,,,,killed,,,,,137
C,,tree-sitter-tree-sitter-ocaml,3ef7c00b29e41e3a0c1d18e82ea37c64d72b93fc,grammars/interface/src/parser.c,,,,,killed,,,,,137
C,,tree-sitter-tree-sitter-ocaml,029b1b6a87a8f1e8a9a7913a8a5bdecd36720789,grammars/type/src/parser.c,,,,,killed,,,,,137
C,,tree-sitter-tree-sitter-ocaml,f9fea5ffc334fc2148085e74ace008af244695b1,grammars/interface/src/parser.c,,,,,killed,,,,,137
C,,tree-sitter-tree-sitter-ocaml,57644edfbba0edb38ac17dba2add4c243fa3539b,grammars/ocaml/src/parser.c,,,,,killed,,,,,137
C,,tree-sitter-tree-sitter-ruby,557ec01403bd1fcfea50f1805641ca773cbaaa42,src/parser.c,,,,,killed,,,,,137
C,,tree-sitter-tree-sitter-ruby,ba4cf007b41539284e41a02c288fc8bef0788930,src/parser.c,,,,,killed,,,,,137
C,,tree-sitter-tree-sitter-ruby,c41ec29a15a71f236cb24f0e2b1e92a764507491,src/parser.c,,,,,killed,,,,,137
C,,tree-sitter-tree-sitter-typescript,71fe6418462fe69a33860ceb3299a613441dae4b,tsx/src/parser.c,,,,,killed,,,,,137
C,,tree-sitter-tree-sitter-typescript,784672e5ab043b4f35aa5371f622321958665ffa,tsx/src/parser.c,,,,,killed,,,,,137
C,,AmatCoder-mednaffe,da326b615017b21c17ef889ce1acc4b2355068d9,src/resources.c,,,,,killed,,,,,137
CPP,,intel-metrics-discovery,270e5a39f2ca1f7ea38a75271faeb93ee21679c2,instrumentation/metrics_discovery/codegen/md_metrics_PVC_GT2.cpp,,,,,killed,,,,,137
C,,tree-sitter-tree-sitter-c-sharp,80ce1523b27675dff1ecbddf043798271b4a7a1c,src/parser.c,,,,,killed,,,,,137
C,,tree-sitter-tree-sitter-c-sharp,ec73575c09f16b0ece864c6e036e9f424ec8e26f,src/parser.c,,,,,killed,,,,,137
C,,tree-sitter-tree-sitter-haskell,95a4f0023741b3bee0cc500f3dab9c5bab2dc2be,src/parser.c,,,,,killed,,,,,137
C,,tree-sitter-tree-sitter-haskell,c5cb0c860a399308305f44792bc4853737c40c07,src/parser.c,,,,,killed,,,,,137
C,,tree-sitter-tree-sitter-julia,e68d36df8074077cbee9c01e1705805ea5834a05,src/parser.c,,,,,killed,,,,,137
C,,tree-sitter-tree-sitter-ocaml,57644edfbba0edb38ac17dba2add4c243fa3539b,grammars/type/src/parser.c,,,,,killed,,,,,137
C,,tree-sitter-tree-sitter-ruby,390a15b17648ad6311d1c9f76c5086a918739c1a,src/parser.c,,,,,killed,,,,,137
C,,tree-sitter-tree-sitter-ruby,9061b0afbe4f19f58f4ac9cb7834b72648759cdb,src/parser.c,,,,,killed,,,,,137
C,,tree-sitter-tree-sitter-ruby,0b56cc0ac5ddd77c6aeba35439895201e138cbfb,src/parser.c,,,,,killed,,,,,137
C,,tree-sitter-tree-sitter-rust,5edb201282b79aba611c763d11a84dcde15fcae6,src/parser.c,,,,,killed,,,,,137
C,,tree-sitter-tree-sitter-scala,24114684a4b0543c89199873c6193345432aabb4,src/parser.c,,,,,killed,,,,,137
C,,tree-sitter-tree-sitter-typescript,c3157220abff3a33718cc8bdb975a5a83550cd65,tsx/src/parser.c,,,,,killed,,,,,137
C,,tree-sitter-tree-sitter-typescript,784672e5ab043b4f35aa5371f622321958665ffa,typescript/src/parser.c,,,,,killed,,,,,137
C,,AmatCoder-mednaffe,895e3f38b9fa8c682156c9ed3613b7f38dd1a8c4,src/resources.c,,,,,killed,,,,,137
CPP,,intel-metrics-discovery,75b292eb1309e4ea10dce403065ee8ca5bf29ecc,instrumentation/metrics_discovery/codegen/md_metric_sets_PVC_GT2.cpp,,,,,killed,,,,,137
C,,tree-sitter-tree-sitter-cpp,2871652b9893ab19e621628da03e670227a5d9d0,src/parser.c,,,,,killed,,,,,137
C,,tree-sitter-tree-sitter-haskell,dd924b8df1eb76261f009e149fc6f3291c5081c2,src/parser.c,,,,,killed,,,,,137
C,,tree-sitter-tree-sitter-haskell,651a75e008535dda469b2a62638b91974f00cc9b,src/parser.c,,,,,killed,,,,,137
C,,tree-sitter-tree-sitter-haskell,d2345d17ccf06253d63aa9a2e09ac9d7b4ca3c8d,src/parser.c,,,,,killed,,,,,137
C,,tree-sitter-tree-sitter-ocaml,f9fea5ffc334fc2148085e74ace008af244695b1,grammars/ocaml/src/parser.c,,,,,killed,,,,,137
C,,tree-sitter-tree-sitter-bash,56b54c61fb48bce0c63e3dfa2240b5d274384763,src/parser.c,,,,,killed,,,,,137
C,,tree-sitter-tree-sitter-c-sharp,d13ccdd7fb36f94ce89b8a52ae4bd2f2f0c9f096,src/parser.c,,,,,killed,,,,,137
C,,tree-sitter-tree-sitter-cpp,56455f4245baf4ea4e0881c5169de69d7edd5ae7,src/parser.c,,,,,killed,,,,,137
C,,tree-sitter-tree-sitter-haskell,e89ec146413ee044b34904d2f3372cedc16a2383,src/parser.c,,,,,killed,,,,,137
C,,tree-sitter-tree-sitter-julia,68a88ec07e741a2f659eb11492c70bcd5814c321,src/parser.c,,,,,killed,,,,,137
C,,tree-sitter-tree-sitter-julia,f640660652ee5319b54390da09a235b8b4253653,src/parser.c,,,,,killed,,,,,137
C,,tree-sitter-tree-sitter-ocaml,3ef7c00b29e41e3a0c1d18e82ea37c64d72b93fc,grammars/type/src/parser.c,,,,,killed,,,,,137
C,,tree-sitter-tree-sitter-ocaml,c2e9fad0cf0fccfa696324c4d94806ff4e1ef483,grammars/interface/src/parser.c,,,,,killed,,,,,137
C,,tree-sitter-tree-sitter-ocaml,f9fea5ffc334fc2148085e74ace008af244695b1,grammars/type/src/parser.c,,,,,killed,,,,,137
C,,tree-sitter-tree-sitter-ruby,0ffe457fb6aabf064f173fd30ea356845cef2513,src/parser.c,,,,,killed,,,,,137
C,,tree-sitter-tree-sitter-ruby,9d86f3761bb30e8dcc81e754b81d3ce91848477e,src/parser.c,,,,,killed,,,,,137
C,,tree-sitter-tree-sitter-rust,4bbd5948041e219fcf82fe6f9b2b1abaea8269c6,src/parser.c,,,,,killed,,,,,137
C,,tree-sitter-tree-sitter-rust,509e25139fb639a078d16480b76a416c40cf68ac,src/parser.c,,,,,killed,,,,,137
C,,tree-sitter-tree-sitter-typescript,37ced086ad8bb4fa67e8c53711e9f30e869bb78f,tsx/src/parser.c,,,,,killed,,,,,137
C,,tree-sitter-tree-sitter-typescript,c3157220abff3a33718cc8bdb975a5a83550cd65,typescript/src/parser.c,,,,,killed,,,,,137
C,,tree-sitter-tree-sitter-typescript,198e2ea43d1c4ddd76ee883f4eae15f4201cd241,tsx/src/parser.c,,,,,killed,,,,,137
C,,AmatCoder-mednaffe,26f5d646506a085f3cf2e55a0a92d1147278f47e,src/resources.c,,,,,killed,,,,,137
C,,hyattpd-Prodigal,3eb3b6fb2de3a75a9cd0a7a3ecef184e065c6be7,training.c,,,,,killed,,,,,137
CPP,,intel-metrics-discovery,065123b50fa20574fa2f663f7b45f6f2bce36cfe,instrumentation/metrics_discovery/codegen/md_metric_sets_PVC_GT2.cpp,,,,,killed,,,,,137
CPP,,intel-metrics-discovery,aaaa928c4e8a373961d34dec099e20b26d9e3dc4,instrumentation/metrics_discovery/codegen/md_metrics_ACM_GT3.cpp,,,,,killed,,,,,137
CPP,,intel-metrics-discovery,aaaa928c4e8a373961d34dec099e20b26d9e3dc4,instrumentation/metrics_discovery/codegen/md_metrics_PVC_GT2.cpp,,,,,killed,,,,,137
CPP,,intel-metrics-discovery,d1862be2ab6969e81646fc1db242887a4291571d,instrumentation/metrics_discovery/codegen/md_metrics_ACM_GT3.cpp,,,,,killed,,,,,137
CPP,,intel-metrics-discovery,d1862be2ab6969e81646fc1db242887a4291571d,instrumentation/metrics_discovery/codegen/md_metrics_PVC_GT2.cpp,,,,,killed,,,,,137
C,,tree-sitter-tree-sitter-cpp,413a2e6405658007711f3a1221a4debd004701bb,src/parser.c,,,,,killed,,,,,137
C,,tree-sitter-tree-sitter-cpp,e5cea0ec884c5c3d2d1e41a741a66ce13da4d945,src/parser.c,,,,,killed,,,,,137
C,,tree-sitter-tree-sitter-cpp,0a4623a93fc7ca072903eb68cd2ca26fc5f41d2e,src/parser.c,,,,,killed,,,,,137
C,,tree-sitter-tree-sitter-haskell,5260f606ec353f156751473a0c203d67167c0ebe,src/parser.c,,,,,killed,,,,,137
C,,tree-sitter-tree-sitter-haskell,d7ac98f49e3ed7e17541256fe3881a967d7ffdd3,src/parser.c,,,,,killed,,,,,137
C,,tree-sitter-tree-sitter-ocaml,029b1b6a87a8f1e8a9a7913a8a5bdecd36720789,grammars/interface/src/parser.c,,,,,killed,,,,,137
C,,tree-sitter-tree-sitter-ocaml,3606282ada50265867f545ed7b3cfe15f4450edc,grammars/interface/src/parser.c,,,,,killed,,,,,137
C,,tree-sitter-tree-sitter-ocaml,c242d09d204727eaad1819ba750ddb11952c49de,grammars/ocaml/src/parser.c,,,,,killed,,,,,137
C,,tree-sitter-tree-sitter-typescript,14af1670c16cab8422d2a504dc4e5961293934e3,tsx/src/parser.c,,,,,killed,,,,,137
C,,tree-sitter-tree-sitter-typescript,37ced086ad8bb4fa67e8c53711e9f30e869bb78f,typescript/src/parser.c,,,,,killed,,,,,137
C,,tree-sitter-tree-sitter-typescript,198e2ea43d1c4ddd76ee883f4eae15f4201cd241,typescript/src/parser.c,,,,,killed,,,,,137
