solution,total_lines,codediff_mismatches,codediff_ms,treesitter_parse_ms,unix_diff_mismatches,unix_diff_ms,git_myers_mismatches,git_myers_ms,git_minimal_mismatches,git_minimal_ms,git_patience_mismatches,git_patience_ms,git_histogram_mismatches,git_histogram_ms,bdiff_mismatches,bdiff_ms,nvim_diff_mismatches,nvim_diff_ms,gumtree_mismatches,gumtree_ms,difftastic_mismatches,difftastic_ms,diffsitter_mismatches,diffsitter_ms,srcdiff_mismatches,srcdiff_ms,gumtree_warm_ms,bdiff_warm_ms
rust-real-logic-change-in-a-huge-75k-node-file,18732,967,1222.244317;1206.7510399999999;1216.6198399999998,73.883287;73.460827;73.313232,706,7.452078;7.21223;6.999054999999999,710,8.045696999999999;7.904361000000001;7.756464,710,7.69279;7.999896;7.751258,706,8.06686;7.974016000000001;8.055942,712,7.99594;7.945679000000001;7.789647,769,9473.605145000001;9436.774632;9355.53955,710,72.151514;58.921651;73.76079200000001,9353,51383.679067000005;50697.550964;51100.855095,692,4900.9195070000005;4835.303457;4955.826481,661,1338.59581;1357.497331;1360.935491,,,51949.212285;49152.796007;49383.892592,9077.181071974335;9254.52971784398;9117.823546053842
python-ansible-ansible-ridiculously-long-yaml-in-string-constant-and-actual-code-changes,3159,714,35.253511;36.029513;33.453265,13.52976;12.821200999999999;12.907441,33,2.822156;2.29259;2.3453459999999997,33,2.8249400000000002;2.726436;2.680406,33,2.701277;2.674537;2.76487,33,2.7893079999999997;2.776837;2.707745,33,3.212704;2.937649;2.8462639999999997,31,448.152757;452.985992;447.936194,33,43.392181;40.890579;57.383796000000004,719,2518.039507;2516.6836240000002;2567.692152,722,915.915943;925.584257;903.566674,44,80.81488300000001;82.10836;81.603626,,,2042.983027;1960.747233;2012.053875,132.90230208076537;133.72131995856762;130.5769570171833
c-graph-algorithms-edge-addition-planarity-suite-real-change-all-across-the-file,1753,558,351.397576;350.617733;359.382202,5.148273;4.948422;4.996727,549,2.788959;2.485168;2.424262,547,2.756709;2.645606;2.621804,547,2.5821490000000002;2.589103;2.7750019999999997,547,2.6466250000000002;2.5733919999999997;2.71603,573,2.491765;2.550562;2.7599880000000003,583,775.8421500000001;755.827371;736.377861,547,61.225226;33.624425;33.600415,735,825.948788;844.465919;859.7717620000001,504,409.050006;412.296887;408.16738499999997,457,488.096841;488.238493;511.88494399999996,492,361.30892;352.457601;350.721856,323.227247;312.038702;312.682628,422.00194811448455;423.7888869829476;421.1158689577133
vimscript-neovim-neovim-awful-test-case-bunch-of-hex-colours-more-data-than-code,688,463,14.558402;13.783833000000001;13.879094,5.2567829999999995;4.996589;4.9738430000000005,406,2.5160780000000003;2.332173;2.277963,404,2.489009;2.348874;2.279849,404,2.4119940000000004;2.55638;2.311687,410,2.615293;3.10882;2.6726900000000002,416,2.5918669999999997;2.6053029999999997;2.6635920000000004,427,4566.333987;4647.098489;4556.005311,404,42.328707;34.584129999999995;40.451308,,,,,,,,,,4377.413779031485;4324.438103009015;4347.2284860908985
c-postgres-real-logic-change,4043,244,195.776441;193.797684;194.518496,9.809608;9.813311;9.574974000000001,89,2.896507;2.303058;2.475506,89,2.90592;2.777093;2.680109,89,2.723059;2.7964130000000003;2.7377819999999997,89,2.933013;2.815885;2.8628970000000002,89,2.734617;2.712655;2.674191,93,439.185609;426.73684499999996;425.700191,89,73.690198;32.070781;25.669912,111,1001.1055529999999;1078.521107;971.5993520000001,108,328.71431;325.96561299999996;365.34607800000003,90,131.546782;122.794184;146.04170299999998,87,310.739767;298.37003699999997;287.00293300000004,449.25831;427.393153;433.156676,124.63187496177852;124.87825704738498;142.7690249402076
rust-some-to-const-slice,566,179,33.053686;32.917776;32.062571,2.795008;2.742026;2.651313,180,2.2568520000000003;1.913832;1.962035,180,2.138904;2.0365159999999998;2.026929,180,1.9939939999999998;1.989715;2.0601320000000003,180,2.040295;2.09275;2.0617029999999996,180,2.105588;2.118461;2.0860459999999996,181,358.007574;353.030624;356.107612,180,59.704526;32.093034;29.132241,179,781.6266039999999;863.8111389999999;817.43287,181,592.920738;586.33316;611.603918,179,91.871185;88.58117;86.804408,,,367.825837;354.187868;353.657429,43.439907021820545;47.9863618966192;43.70186710730195
tsx-excalidraw-excalidraw-huge-file-with-real-logic-change,18718,127,282.993566;271.36057400000004;281.956866,68.45352299999999;76.624961;70.807647,6,6.404869;6.3796230000000005;6.5032570000000005,6,7.170135999999999;7.174026;7.040795,6,7.18797;7.274191;7.091124,6,7.643712000000001;7.593517;7.331555,6,7.139481;7.573936;6.795253000000001,12,1465.4265369999998;1509.348236;1434.616138,6,69.677089;68.151006;50.042726,97,7228.276849;6903.602224;7116.852183,3,1876.5844330000002;1857.130921;1881.038062,18,222.468425;245.681057;224.865129,,,5621.963509;5375.801974;5463.185125,1003.3688028343022;1007.2827190160752;1000.4900188650936
xml-odoo-odoo-add-button-roles,483,101,5.322254;4.868024999999999;4.84673,7.851217;7.2707370000000004;7.280518000000001,33,2.394283;2.0119819999999997;2.116033,33,2.44442;2.0277390000000004;2.0262539999999998,33,2.034814;2.0428249999999997;2.099446,33,2.032873;2.032214;2.045071,33,2.02011;2.021552;2.028229,33,314.475437;328.038543;317.663009,33,55.420139;45.930679000000005;28.608325999999998,1,328.04201900000004;351.01250600000003;330.1131,1,36.383565;34.521008;34.791672000000005,,,,,3.693742;3.269963;3.807579,15.330328838899732;15.59928199276328;15.486871125176547
shellscript-docker-docker-bench-security-move-all-functions-by-one-and-add-one-to-the-end,2495,74,22.517082000000002;21.396369;21.157453999999998,10.031341999999999;9.675730000000001;9.741012000000001,63,2.8339630000000002;2.530633;2.422962,63,2.866108;2.747957;2.885528,63,2.682589;2.696931;2.701994,101,2.832055;2.6909210000000003;2.660925,97,2.768128;2.7658840000000002;2.655674,100,542.777087;533.429563;525.89747,63,49.239883;24.376407999999998;24.477255,,,63,1173.968992;1145.836159;1174.154899,63,31.716145;31.412074999999998;31.117754,,,,206.26146090216935;208.17036600783467;205.38404397666457
rust-yannjor-krabby-actual-normal-change,352,69,27.564877000000003;28.401812;28.876433,1.486926;1.383933;1.359188,48,2.168717;1.922773;1.884681,48,2.4227160000000003;2.2115669999999996;1.9885150000000003,48,1.9729880000000002;1.9788100000000002;1.967991,58,1.957164;1.9707510000000001;1.9890139999999998,52,1.8884800000000002;1.8819839999999999;1.935395,55,320.04631900000004;329.368253;319.943623,48,76.31537800000001;23.551832;52.894812,54,667.870855;662.906987;666.0983769999999,59,121.750775;120.711896;120.251259,54,79.03579099999999;79.412359;79.150691,,,218.269621;203.577488;223.415566,18.30649795010686;18.611514940857887;18.51705485023558
rust-vercel-nextjs-refactoring-would-require-mulitmap-mapping,2425,58,58.327745;58.564558000000005;58.289881,9.575349;9.180029999999999;9.16602,55,2.4366790000000003;2.016912;1.9400039999999998,55,2.717591;2.536291;2.566306,55,2.467239;2.781058;2.550461,55,2.678105;2.719666;2.685156,55,2.5184629999999997;2.531139;2.6853670000000003,55,366.737546;365.993985;367.073688,55,57.369706;23.911137;29.968452,85,2109.487695;2143.399952;2106.414479,41,112.83789399999999;112.265175;121.07079499999999,54,30.127830000000003;29.056966;29.112498000000002,,,1586.554636;1553.204302;1559.282583,58.87210299260914;66.41185306943953;58.87651792727411
typescript-refactor-interface,55,42,0.589524;0.441498;0.47124299999999997,0.207227;0.186373;0.203728,41,2.033836;1.764844;1.688272,41,1.9268239999999999;1.839553;1.8301560000000001,41,1.880912;1.766001;1.78279,41,1.858368;1.821539;1.8293059999999999,41,1.806713;1.746505;1.843153,41,305.317277;303.939748;300.87614,41,69.285521;26.313151;29.856004,20,330.509864;370.49285399999997;318.98792,40,40.224353;39.716680999999994;51.659717,42,3.100826;2.470474;2.5359380000000002,,,7.972149;7.875336;7.731399,3.1704481225460768;3.4904929343611;3.108360106125474
cpp-cgdb-cgdb-struct-to-pointer,2376,38,20.330171;19.478321;21.550039,8.197061;8.107571;7.829634,5,2.3289500000000003;1.973158;2.040644,3,2.591762;3.31316;2.5382,3,2.394379;2.334547;2.342459,3,2.3762280000000002;2.3374509999999997;2.402844,3,2.418396;2.440738;2.3817090000000003,3,326.22502399999996;322.523367;328.067268,3,35.183749999999996;44.13276;35.777588,17,831.949864;842.263149;797.606713,5,68.33744899999999;68.52375199999999;68.231548,5,23.33634;23.230763000000003;22.975922,0,90.569425;96.075016;91.503974,309.688983;301.70872;303.451236,24.361833930015564;24.553017923608422;25.967109948396683
rust-turbopack-module-rule,502,35,72.09115200000001;74.86109;74.238726,1.811514;1.759556;1.8686219999999998,30,2.1615279999999997;1.84704;1.8058,30,2.142241;2.063641;1.973266,30,2.046166;2.145533;2.291388,24,2.277141;2.269269;2.271889,30,2.2460090000000004;2.286572;2.218212,35,340.54564999999997;348.70275699999996;351.939012,30,37.926563;28.058466;25.487951,25,700.347045;710.5810299999999;731.4677,50,245.25083;244.176781;245.452653,52,44.69874;44.731815000000005;44.586687,,,296.950905;272.534442;278.217833,33.78044092096388;43.967623030766845;33.53649703785777
java-pdftk-java-pdftk-real-change-all-across-the-file,1421,33,240.04772699999998;251.75471100000001;240.944758,4.20795;4.157974;3.9372849999999997,159,2.816644;2.264427;2.4533150000000004,159,2.7148239999999997;2.509383;2.457277,159,2.452071;2.4650890000000003;2.587447,167,2.568639;2.4887490000000003;2.459689,209,2.550877;2.426795;2.398113,213,519.8126520000001;529.1072959999999;567.569891,159,53.639308;34.277832000000004;36.087991,227,766.582615;718.558394;767.381308,112,757.422819;752.86602;767.049813,191,188.942442;190.026579;209.65851999999998,182,406.101221;410.79562200000004;414.525563,26.148816;27.795643;27.655385,199.5731401257217;203.88682186603543;210.30509285628796
c-sched-ext-scx-many-many-moves-some-deletes-some-adds,969,25,6.96147;6.456834;6.356981,4.3344439999999995;4.206481999999999;4.031042,49,2.3425070000000003;1.985446;1.933227,53,2.252885;2.208359;2.055945,53,2.1393;2.061859;2.119981,49,2.086675;2.147716;2.126887,49,2.1392490000000004;2.302276;2.116059,49,327.084227;321.41583499999996;330.922797,53,49.341149;25.411178;26.718022,47,601.838539;573.1119540000001;616.837663,55,26.010892000000002;26.370670999999998;26.25396,51,40.724103;43.631074999999996;42.309239,46,81.303978;85.729685;81.71991200000001,153.263753;141.388953;147.601363,23.618675069883466;23.405299056321383;25.10204492136836
json-excalidraw-excalidraw-change-translations-mostly-add,1382,23,29.506194;28.932805;29.18458,3.1699070000000003;3.25552;3.119067,4,2.384991;1.9235019999999998;1.990127,4,2.408314;2.316224;2.25747,4,2.247151;2.2106830000000004;2.250845,4,2.2698810000000003;2.294394;2.386575,4,2.237219;2.240823;2.168672,16,372.023068;368.172775;368.983971,4,62.966454000000006;29.760986;23.897656,,,2,30.006219;29.690022;29.713439,3,19.635938;20.285774;19.352396000000002,,,,64.2432018648833;60.870306799188256;60.831950046122074
ruby-jmespath-jmespath-go-from-conditional-to-unless,89,23,1.355254;1.119848;1.116772,0.8003230000000001;0.787394;0.655316,18,2.1749080000000003;1.847395;1.780802,18,2.024914;1.8662290000000001;1.853376,18,1.8870689999999999;1.8642159999999999;1.895407,18,2.193627;1.979491;1.9148290000000001,18,2.078701;1.841213;1.912304,18,304.658814;313.905581;308.111683,18,99.98960899999999;30.218713;32.016289,10,405.34621500000003;378.991042;375.564264,39,45.925649;45.841862;56.166124999999994,39,4.463147;4.10276;3.86382,,,25.694775;25.030228;37.370835,6.6261510364711285;6.164948921650648;6.205601152032614
scala-com-lihaoyi-mill-split-two-asserts-into-six-two-times,115,21,144.823948;164.54636;146.53989,0.6905939999999999;0.538431;0.551964,25,2.127182;1.76764;1.782124,25,2.04305;1.843711;1.792502,25,1.8974630000000001;1.871304;1.88814,25,1.888571;1.891593;1.8922800000000002,25,1.924938;1.851973;1.839539,27,313.265405;319.20881099999997;309.271711,25,41.925161;47.102288;38.920386,,,21,90.367859;87.597697;84.53820200000001,,,,,,4.330371040850878;4.347917158156633;4.326604073867202
csharp-valvesoftware-openvr-add-many-constants-and-fields,16634,18,356.098477;375.130666;381.633482,102.75923900000001;104.021507;104.72975500000001,0,5.144369999999999;4.6920779999999995;4.750807999999999,0,6.933438;6.783441000000001;6.790758,0,6.6081;7.05578;7.227543000000001,0,7.363886;7.35857;7.332515000000001,0,6.906576;7.061865;6.97356,15,754.626109;750.232251;787.010318,0,60.549268000000005;39.188799;38.900385,672,7531.3674949999995;7566.850589;7563.569304,0,1513.6782389999998;1496.895924;1537.7031749999999,20,244.548145;242.31079599999998;236.53641,0,1630.1032420000001;1630.016986;1682.101171,6062.021155;5932.644424;5986.940967,450.33262111246586;463.90016516670585;450.8253161329776
go-henri-gasc-cliphist-auto-generated-file,3733,15,46.691741;46.498257;46.847116,17.774228;16.95201;18.748088,13,2.734346;2.511738;2.31028,3,2.813448;2.625588;2.752146,3,2.83874;2.8387510000000002;2.850483,3,2.703973;2.8519460000000003;2.6507810000000003,3,2.622599;2.572137;2.564019,7,440.59880200000003;450.312339;444.507118,3,80.14193999999999;39.721576;38.535391000000004,1849,3726.448712;3715.909776;3687.726987,7,78.062698;85.001154;89.407711,28,44.606179000000004;44.135514;44.932095999999994,,,3163.965672;3034.656704;3067.908442,133.9505799114704;131.13975687883794;136.07383496128023
java-defects4j-jacksondatabind-94-subtypevalidator,231,15,33.510097;33.106951;32.781185,0.8157599999999999;0.7628710000000001;0.768619,4,2.145486;1.857209;1.678706,4,2.0082;1.940579;1.902855,4,1.858848;1.930694;1.9388560000000001,4,1.925264;1.948443;1.9184320000000001,4,1.9102620000000001;1.880357;1.836758,4,304.186448;303.15151099999997;310.086717,4,52.661426999999996;25.580605;21.578704000000002,9,540.187035;594.078622;578.2516439999999,14,26.632970999999998;24.467163;22.598292999999998,4,5.281428;4.878677;4.8249319999999996,15,18.584570000000003;18.286673;18.405425,3.642338;3.559018;3.371348,3.836742136627436;3.6143839824944735;3.737760009244085
css-madmaxms-theme-obsidian-2-add-gnome-44-and-a-few-changes,10225,14,96.74937899999999;96.721016;96.402554,27.737563;25.708831;26.547842000000003,15,3.048133;2.8093879999999998;2.808936,15,4.2766269999999995;4.315835;4.457477,15,4.4676849999999995;4.188057000000001;4.221692,15,4.587034999999999;4.442346;4.543765,15,4.02008;4.734732;4.1821280000000005,47,1416.3248290000001;1429.285546;1430.672049,15,60.078034;34.942662999999996;33.37462,33,746.69234;767.537181;834.9785790000001,14,154.705571;158.742527;153.082404,24,116.391234;115.740918;114.535546,,,196.042996;188.179017;182.639043,1113.0736849736422;1159.1639111284169;1112.208765000105
vimscript-fholgado-minibufexpl-massive-comment-reduction,4141,14,34.200787000000005;35.728968;33.295439,13.047374999999999;12.28429;12.198327,13,3.4005870000000002;3.053507;2.9366079999999997,13,3.398667;3.383648;3.439286,13,3.257581;3.292245;3.750562,13,3.6909;3.499512;3.41062,13,3.091998;3.204806;3.0771100000000002,13,383.660854;381.01832;379.551054,13,102.40055000000001;49.692031;42.805336,,,,,,,,,,76.15998899564147;82.19345891848207;76.30892610177398
lua-luakit-luakit-actual-test-change-merging-two-tests-into-one,161,13,279.126215;278.329654;275.23446,0.7290890000000001;0.6651210000000001;0.7037249999999999,3,2.337732;2.066769;1.8769360000000002,3,2.0215680000000003;1.85005;1.926772,3,1.787007;2.109083;2.130203,15,2.3941850000000002;2.300125;2.317963,15,2.344112;2.2916279999999998;2.366943,14,316.860051;307.61016;341.124169,3,61.752218;19.724958;20.089902,,,51,21.454797000000003;21.57713;21.360445,,,,,,5.666509969159961;5.780149018391967;5.617219023406506
java-defects4j-cli-14-groupimpl,1030,12,15.715753;15.360975;15.670408,3.2721280000000004;3.148828;3.413798,7,2.229808;1.9546960000000002;1.892239,7,2.2056519999999997;2.165204;2.131259,7,2.155607;2.126346;2.1530820000000004,7,2.2062209999999998;2.1812899999999997;2.179726,7,2.135925;2.284005;2.226539,7,312.44312;304.76419799999996;303.964716,7,53.885998;30.814397;25.019757,7,644.000096;613.873731;663.590189,7,29.848547999999997;29.352597;29.292776999999997,8,10.402116;10.594054;10.429302,7,56.596426;53.577897;53.978358,13.932423;15.39635;14.491572,5.309587111696601;5.4932390339672565;5.334033165127039
java-defects4j-cli-20-posixparser,601,11,29.830266;28.134316;27.255159000000003,1.1473559999999998;1.143253;1.1869610000000002,1,2.181832;2.043901;1.860256,1,2.103785;1.9746260000000002;2.081968,1,2.006712;1.948855;1.939379,1,2.034319;1.9450139999999998;2.0374849999999998,1,1.948278;1.9334669999999998;1.9850139999999998,1,306.608611;306.22006400000004;304.36509099999995,1,75.365938;25.676309;31.429436999999997,8,683.882523;663.39803;664.010654,6,28.120187;29.446756;28.689433,8,7.681925;7.093101;7.2188799999999995,11,33.447966;33.334001;33.310423,8.30009;8.310342;8.236965,6.933347089216113;6.254652049392462;5.996471969410777
c-genymobile-scrcpy-big-change,54,10,3.412366;3.33293;3.61101,0.230259;0.17232;0.172773,13,2.134012;1.921656;1.6733939999999998,13,1.933357;1.859529;1.827375,13,1.823564;1.887181;1.854004,13,1.832334;1.778332;1.827866,9,1.8554419999999998;1.83074;1.8626649999999998,9,302.902508;307.713729;308.084128,13,46.959855000000005;24.63726;27.615495,7,343.46267600000004;335.789528;318.842383,9,37.086846;36.750051;36.482125999999994,10,6.01254;5.5232600000000005;5.399824,2,8.580457;8.503569;8.376887,12.10466;10.870718;12.002714,4.249859834089875;4.013024969026446;4.013475961983204
css-twbs-bootstrap-parse-errors,130,10,1.378598;1.1851559999999999;1.18239,0.731206;0.682251;0.72929,2,1.959497;1.781719;1.660564,2,1.960575;1.919737;1.946585,2,1.790558;1.8693449999999998;1.8513799999999998,2,1.769787;1.771245;1.790294,2,1.925015;1.831849;1.841641,2,301.986587;314.905287;338.411615,2,71.899235;35.305299;50.827864,0,306.783951;318.222795;328.457985,2,10.392895;9.874659;9.934482999999998,2,3.535154;3.475634;3.175458,,,1.66263;1.751886;1.639706,3.0100729782134295;2.948530949652195;3.0993670225143433
vimscript-neovim-neovim-test-debian-package-parsing-awful-string-matching,286,10,8.226541000000001;7.915939000000001;8.111014999999998,3.759189;3.8851269999999998;3.564301,12,2.1387680000000002;1.8138349999999999;1.866536,12,2.170855;1.9912660000000002;1.9606919999999999,12,2.116701;1.994362;1.91899,12,2.045321;1.9858430000000002;1.956243,12,2.064115;1.976883;1.946998,16,321.004657;311.846701;316.62895299999997,12,53.917916000000005;46.281662000000004;30.676896,,,,,,,,,,11.016411008313298;11.139728128910065;11.082258075475693
html-berndporr-iir1-a-lot-of-new-functionality,524,9,11.547501;11.358462;11.495211999999999,2.888751;4.17181;2.7595460000000003,13,2.297876;2.006845;1.875681,13,2.2925240000000002;2.121502;2.152841,13,2.051539;2.095389;2.0211669999999997,13,2.0643670000000003;2.0443879999999996;2.142889,13,2.051567;2.098639;2.1285369999999997,13,329.429618;329.411515;328.18838700000003,13,52.336006999999995;33.602641000000006;33.736555,,,15,738.055564;761.549357;768.870795,,,,,,29.19061714783311;34.24689592793584;28.78890000283718
ruby-jmespath-jmespath-formatting-and-style-guide-fixes,674,9,57.372051;53.2083;51.436935000000005,3.914677;3.748547;3.849627,39,2.376274;1.926559;1.97294,39,2.168699;2.2562659999999997;1.9970220000000003,39,2.155134;2.048939;2.051955,39,2.034302;2.046459;2.068105,39,2.136129;2.053437;2.249822,40,329.81138999999996;328.444443;325.568158,39,80.128736;33.581331999999996;36.239573,101,578.895187;532.671549;549.4951850000001,48,83.16609299999999;81.405442;81.051069,55,16.882962000000003;16.466799;16.033328,,,132.952117;130.478732;132.643194,30.611244961619377;29.30974797345698;28.826590860262513
rust-rustdesk-rustdesk-actual-logic-change-in-io-loop-medium-sized-file,4719,9,1275.490188;1313.997019;1283.2429539999998,24.018093;23.353082;23.501431,177,3.289207;3.035922;3.073228,177,3.74805;3.5594490000000003;3.441986,177,3.451036;3.501792;3.400102,177,3.5910450000000003;3.6495450000000003;3.566174,177,3.492202;3.5623009999999997;3.727562,184,466.89647299999996;468.524467;463.011378,177,63.796754;38.939274000000005;39.331537,181,5227.036053;5247.217763;5164.650927000001,178,3978.457691;4068.550426;3972.540453,199,74.94263;74.761922;74.622331,,,4478.576796;4431.255606;4391.355067,153.96315092220902;156.18178807199;157.7946380712092
c-nginx-add-typedef,1827,8,40.248525;39.112883000000004;40.586297,6.255273;6.137519;6.032902,8,2.5344349999999998;2.007575;2.061522,8,2.43466;2.3025789999999997;2.209405,8,2.2547;2.249492;2.209413,8,2.301426;2.3764049999999997;2.226837,8,2.222734;2.1259349999999997;2.124976,11,334.460102;332.53554299999996;328.90335500000003,8,73.443404;23.516797999999998;22.365192,9,801.504356;762.7233799999999;791.003975,9,87.378373;84.793346;82.294926,18,17.98637;17.541613;17.585796000000002,16,105.565438;126.79754700000001;103.55391999999999,308.773092;327.575476;288.266503,29.205711092799906;29.408892849460244;31.18007304146886
go-nwg-piotr-gopsuinfo-shuffle-around-if-blocks,580,8,70.91418900000001;69.572311;74.752268,2.999582;2.841225;2.7593389999999998,9,2.073536;1.76122;1.789712,9,2.101391;1.959993;2.07328,9,2.043096;1.921966;1.915249,9,1.976172;2.038871;2.034827,9,1.958755;2.0812809999999997;1.9955659999999997,9,316.479459;302.46379;304.597038,9,106.89305999999999;26.835252;27.090317,14,925.82466;872.819718;880.629969,8,22.316829;22.212646999999997;22.236898,10,8.765879;8.638126;8.586623999999999,,,469.065784;454.244827;451.419919,5.504585104063153;5.740741966292262;5.512082949280739
java-defects4j-cli-30-defaultparser,1374,8,20.432157999999998;20.692237;20.492558000000002,3.2435089999999995;3.225625;3.240455,2,2.293297;1.896;1.849329,2,2.370329;2.124483;2.1636670000000002,2,2.117096;2.0551079999999997;2.067311,2,2.049513;2.065135;2.011269,2,1.9903400000000002;2.009593;2.084132,2,311.130841;312.234235;308.696046,2,43.496682;20.540235;18.156741,0,651.072132;645.9025029999999;656.398953,2,29.103891;29.075901;29.181506,3,12.236366;11.928728;11.927715000000001,5,71.969093;65.12292599999999;65.011268,16.167909;19.769916;15.945372,11.040783021599054;10.834059212356806;10.311379795894029
java-defects4j-math-103-normaldistributionimpl,414,8,2.286;2.069073;2.072547,0.816363;0.7763150000000001;0.764132,0,2.0727979999999997;1.769013;1.809452,0,2.131399;1.9438000000000002;1.874267,0,1.915669;1.896721;1.884795,0,1.968254;1.921453;1.993846,0,1.905991;1.931829;1.8764260000000001,0,307.16155299999997;316.355631;302.927895,0,89.11752800000001;21.391157;21.29378,8,561.730591;607.849667;578.735266,2,20.846373;21.332451;20.921601000000003,1,5.4357;6.77712;5.245754,0,18.382576;18.389891;17.899662,5.90589;5.155083;4.926001,5.456617102026939;5.281839054077864;5.387467797845602
javascript-microsoft-typescript-broken-js-remove-string-fragment,1881,8,62.205631;58.922407;58.156249,98.279664;100.35058000000001;98.258524,0,2.604289;2.201842;2.1788250000000002,0,2.522357;2.516668;2.437258,0,2.365202;2.4507309999999998;2.4155499999999996,0,2.398046;2.583006;2.390523,0,2.3575419999999996;2.377027;2.478303,0,310.951933;311.907767;307.880414,0,59.515262;27.057106;43.72795,107,1698.5239299999998;1746.597011;1758.588934,0,154.18694;145.577252;147.354787,,,,,1157.803387;1089.079423;1100.357288,10.962874861434102;10.864967945963144;10.695511009544134
python-aboutcode-org-license-expression-excellent-test-case,4575,8,61.240351;58.379168;60.272442000000005,17.846915000000003;20.8887;17.133651,5,3.371815;2.96992;2.831416,5,3.3758019999999997;3.2140099999999996;3.1147679999999998,5,3.232199;3.222047;3.118099,5,3.392051;3.286039;3.287051,5,3.2066820000000003;3.289293;3.2090310000000004,5,385.221715;382.08450300000004;390.788631,5,37.032216;46.137933;31.241751,44,2991.277306;2974.176246;3141.6858740000002,52,476.557834;511.642349;532.987656,23,54.099212;51.748831;55.185378,,,2497.363091;2390.981945;2395.754764,71.1848430801183;73.50902701728046;77.51946803182364
c-cpython-autogenerated-code,8309,6,99.631603;119.71277900000001;100.461659,34.976551;34.124373;33.35170599999999,1,2.9072709999999997;2.6658250000000003;2.667945,1,3.9097630000000003;3.812089;3.817017,1,3.8218509999999997;3.801905;3.8105629999999997,1,4.096382;4.0445530000000005;4.29371,1,4.138193;4.281013;4.299147,4,626.7024839999999;651.639766;655.8620990000001,1,55.69872599999999;42.703006;35.589956,2,2548.858572;2610.802799;2581.39722,2,169.95081100000002;188.561917;165.518888,3,79.688032;78.303157;83.142864,2,431.433854;428.020069;422.980303,2199.684701;2132.368147;2074.983098,345.0540639460087;319.1623699385673;315.804093843326
html-gohugoio-hugo-template-not-pure-html,18,6,0.115145;0.078003;0.071448,0.045071;0.027246;0.025611,2,1.817744;1.771669;1.855405,2,2.061079;1.866376;1.871316,2,1.750569;2.1309810000000002;1.8222,2,1.865113;1.824434;1.7937910000000001,2,1.875003;1.8244150000000001;1.7403410000000001,2,303.060257;302.21040999999997;303.851046,2,47.295529;27.909443999999997;24.325903999999998,,,8,8.235196;8.275809;8.121853999999999,,,,,,3.192424075677991;2.9571070335805416;3.0324780382215977
java-defects4j-cli-15-writeablecommandlineimpl,541,6,13.498517;13.02572;12.847930999999999,1.9830299999999998;1.905755;1.833099,0,2.2810740000000003;1.892582;2.035013,0,2.1005220000000002;2.23953;2.00052,0,1.9198279999999999;1.9231369999999999;1.9654070000000001,0,1.99269;2.0096670000000003;1.996688,0,2.115215;2.0281230000000003;1.9970489999999999,0,320.776419;306.29546200000004;306.40686,0,73.418012;21.254358;38.411539000000005,5,610.337132;650.269179;652.5835930000001,9,39.866943;33.468853;33.183921,2,7.90423;8.006699000000001;7.704205000000001,2,38.454025;42.248942;38.315199,8.639185;11.960194;8.810287,10.442361934110522;7.851708913221955;7.834556978195906
java-nextcloud-android-add-if-branch-with-reused-return,4617,6,235.088274;240.794387;235.24658300000002,17.646025;17.273671;17.437447999999996,3,2.717433;2.430458;2.199843,3,3.14196;3.063008;2.976626,3,3.004282;3.074376;3.015037,3,3.193902;3.053556;2.9892489999999996,3,2.9966720000000002;3.151537;2.955848,3,338.509081;332.329789;336.389098,3,61.495393;23.639869;23.954117,5,1018.4814820000001;1008.1044699999999;977.23217,5,99.757098;91.66717700000001;91.00640899999999,7,50.445961999999994;49.767125;49.630465,7,277.478799;270.00896600000004;277.99128099999996,77.757773;81.281884;87.48217,41.08151001855731;44.57015893422067;44.08326488919556
lua-awesomewm-awesome-insert-only,48,6,1.3427090000000002;1.2709119999999998;1.266751,0.464148;0.48331099999999994;0.47422600000000004,0,1.9797690000000001;1.6343320000000001;1.7273209999999999,0,1.9947849999999998;1.901686;1.824036,0,1.699994;1.826041;1.830798,0,1.81602;1.833751;1.973143,0,1.8117649999999998;1.762125;1.800611,0,307.13166800000005;301.906067;326.848992,0,63.132259;25.045545999999998;39.17605,,,0,12.002751;11.999037000000001;11.990926,,,,,,2.9349939431995153;2.913020085543394;3.0496378894895315
php-symfony-finder-move-elseif-block-to-else,1710,6,18.281907999999998;15.340962;15.637868999999998,4.998929;5.170667;6.163517,9,2.342588;1.897259;2.028217,9,2.36501;2.358907;2.2558819999999997,9,2.249339;2.136215;2.19319,9,2.2217309999999997;2.266871;2.230752,9,2.175556;2.168166;2.180988,9,305.400621;305.655193;309.846727,9,52.524787;32.657346;49.667964000000005,19,653.1035469999999;672.7844819999999;677.354177,19,82.421906;67.66984199999999;65.783349,10,15.58705;29.805719;15.447842,,,226.445851;220.155263;215.036919,5.70817687548697;5.668250843882561;5.728516029193997
ruby-mastodon-mastodon-use-context-and-new-test-case,243,6,2.6267959999999997;2.2178229999999997;2.207423,1.5339329999999998;1.364965;1.364106,9,2.1472879999999996;1.742348;1.8584090000000002,9,16.518314999999998;1.922275;1.8671659999999999,9,1.914259;1.879705;1.896944,9,1.914215;1.9136579999999999;1.9359799999999998,9,1.8407149999999999;1.804544;1.8442319999999999,10,306.781815;305.164955;305.56703200000004,9,51.080653;21.554659;23.021608,3,413.673465;415.037738;380.596468,23,53.615488000000006;54.480761;54.238139,23,6.244803999999999;5.891559;5.801337999999999,,,53.610992;50.150511;50.27042,6.348686059936881;6.393207935616374;6.476702867075801
css-mozilla-firefox-firefox-actual-style-changes,850,5,7.082844;7.835278;6.721172,2.244392;2.122298;2.096603,4,2.441054;2.067336;1.974924,4,2.166907;2.0782130000000003;1.9962589999999998,4,2.030889;2.0504490000000004;2.024601,4,2.061973;2.058367;2.0412820000000003,4,1.982691;2.187322;2.0268170000000003,4,319.361826;318.492628;324.033228,4,41.727247000000006;27.804017;54.383032,6,429.106705;436.89488;398.541372,2,18.282036;17.727437;20.655597,5,15.91004;15.204206;14.651323000000001,,,19.931009;18.196253;18.227637,15.46753104776144;15.511963982135056;15.473478008061647
css-shadcn-ui-ui-completely-broken-treesitter-parsing,2732,5,816.025163;841.9682469999999;806.88556,47.388138999999995;46.315565;46.352869,7,2.552244;2.2912890000000004;2.1630260000000003,7,2.777005;2.569497;2.481046,7,2.566883;2.4549749999999997;2.519075,7,2.528287;2.574125;2.510196,7,2.500806;2.508001;2.556953,7,313.408673;314.00935400000003;323.026689,7,88.421709;22.758206;40.611670000000004,,,7,99.412354;98.882259;97.069185,6,82.472508;81.905792;86.983723,,,,15.016696183010936;15.572021016851068;15.649046981707215
html-apache-echarts-actual-structure-change,726,5,8.664505;8.62536;8.156442,3.362965;3.398096;3.621777,3,2.3612339999999996;1.967512;1.9268880000000002,3,2.2199400000000002;2.0591440000000003;2.095072,3,2.0578559999999997;2.035023;2.160714,3,2.095382;2.082054;2.02739,3,2.068342;2.084327;2.1056719999999998,6,320.648745;329.516539;322.075479,3,66.384194;25.218867999999997;24.424963,,,14,110.94109900000001;110.407223;110.592664,,,,,,21.804924122989178;21.953640040010217;22.06450398080051
javascript-fix-promises,32,5,3.0418469999999997;3.066194;2.978076,0.17074499999999998;0.120559;0.118091,2,1.9906530000000002;1.773503;1.838565,2,1.9429569999999998;1.882212;1.746529,2,1.8268309999999999;1.833669;2.075013,2,1.793324;1.795144;1.801633,2,1.7260820000000001;1.8715030000000001;1.806448,2,316.899535;304.762334;302.50532499999997,2,56.649308000000005;45.522594999999995;27.748355,5,315.679165;302.566854;324.826797,10,20.386063;20.551026;20.584981,,,,,6.626999;5.799354;6.257563,3.30554717220366;3.2439869828522205;3.295839997008443
javascript-home-sweet-gnome-dash-to-panel-change-set-style-arguments,3273,5,43.723532000000006;42.833297;41.441973,12.771766;12.922533;15.507425000000001,2,2.4272270000000002;2.212543;2.1262529999999997,2,2.796596;2.709055;2.649818,2,2.720267;2.772638;2.922122,2,2.8136810000000003;2.826593;2.8728830000000003,2,118.761618;3.146366;2.673636,2,333.735144;322.753246;323.91901299999995,2,37.101675;48.520982;30.320756,9,1416.496459;1349.540689;1418.585841,1,78.509454;76.342593;78.28935800000001,,,,,784.461615;771.516434;745.688099,24.068024940788742;24.40294111147523;24.45232798345387
rust-rust-lang-rust-one-comment-line-into-two,61,5,0.528527;0.501598;0.47198900000000005,0.19480199999999998;0.145174;0.21329199999999998,3,1.972584;1.9066560000000001;1.77853,3,1.9915699999999998;1.8812499999999999;1.75051,3,1.834819;1.8423669999999999;1.7841090000000002,3,1.838308;1.8017779999999999;1.875103,3,1.8946880000000001;1.890225;1.8276679999999998,3,305.98979199999997;301.878628;303.350868,3,45.608519;19.197016;22.989549,1,370.884388;388.89342500000004;373.88649499999997,3,49.22425;49.233912999999994;51.228840999999996,3,2.9520549999999997;2.571368;2.720866,,,28.227071;27.243142;27.517174,3.023165976628661;3.337556030601263;2.983635058626533
rust-rustdesk-rustdesk-large-file-40k-normal-feature-work,9090,5,506.856019;506.543916;506.2785359999999,48.935469000000005;45.030260999999996;45.546586,70,31.657497;4.1949689999999995;4.352463,70,4.965426;4.889481;4.825381,70,4.646262;4.758108;6.945401,70,5.276679000000001;5.3386759999999995;5.198189,70,4.9020269999999995;4.9187959999999995;4.90169,85,912.39459;921.213219;915.644279,70,45.950243;29.386934;48.979123,193,13552.702009;13565.434062;13740.208141000001,70,4025.747785;4009.889668;4067.7440679999995,101,170.224826;188.845767;167.506259,,,12108.116351;12200.871399;11851.753416,595.0104088988155;688.235379057005;595.5930198542774
xml-gap-packages-toric-remove-two-attributes,1884,5,34.289723;34.051094;34.810154000000004,5.888902;5.661173;5.644895,2,2.326183;1.951949;1.87554,2,2.3224500000000003;2.271969;2.160566,2,2.2451749999999997;2.1964520000000003;2.138802,2,2.251855;2.296992;2.1981800000000002,2,2.197981;2.114477;2.280471,2,306.415526;304.512245;306.02155,2,55.364374;46.674366;43.014896,0,403.198945;382.67235500000004;411.85461000000004,2,30.631232;35.017168;29.027521,,,,,27.561824;26.1268;26.104775,6.808110978454351;6.6823039669543505;6.463106954470277
css-horst3180-vertex-theme-add-spaces-to-change-class-selector-into-descendant-selectors,10261,4,295.90364800000003;314.02031800000003;329.064721,124.99346200000001;121.006382;120.770168,8,4.05084;3.690715;3.647196,8,6.966179;6.062201;6.020414,8,6.294599;6.4963820000000005;6.399765,8,6.890399;6.806576;7.031441999999999,8,6.336119;6.64348;6.474465,8,366.92190400000004;364.019515;351.611008,8,56.090982;53.321552000000004;39.345811000000005,,,8,361.262056;362.616557;369.215941,7,197.81939500000001;175.01862400000002;177.62511,,,,44.686720008030534;42.94026200659573;41.77811020053923
go-lazygit-switch-to-strings,58,4,11.012502;11.01194;10.711634,0.290006;0.257198;0.226987,2,2.173445;1.8282859999999999;1.788145,2,1.9623940000000002;1.800744;1.902984,2,1.948453;2.004947;1.904002,2,1.8899940000000002;1.9079730000000001;1.8393350000000002,2,1.8984830000000001;1.704092;1.9322899999999998,2,305.625909;308.106041;324.289713,2,47.021654000000005;32.880359;26.91323,0,399.98384;368.19818599999996;366.21508,4,12.251098;12.183543;11.903304,3,2.87324;2.5416440000000002;2.4802370000000002,,,36.598263;35.859405;35.618629,3.1474099960178137;3.139026928693056;3.352283965796232
java-add-exception-handling,37,4,0.670157;0.6065050000000001;0.6122569999999999,0.24973;0.15264100000000003;0.15102100000000002,2,2.065817;1.78186;1.6443670000000001,2,2.025522;1.889792;1.828215,2,1.8119500000000002;1.8659270000000001;1.795486,2,1.7854679999999998;1.845575;1.845463,2,1.8611840000000002;1.89499;1.80802,2,304.859097;301.85789800000003;311.83846,2,26.1341;34.981613;29.225362,4,533.650267;572.751751;528.523385,15,18.476447;18.568322000000002;18.591272999999997,13,2.75977;2.403433;2.333843,14,8.321992;8.285371;8.102283,242.773848;252.152138;239.63144,3.741064108908176;3.676138818264008;3.672410035505891
java-defects4j-cli-1-commandline,635,4,8.78931;8.540278;8.720039,1.1181039999999998;1.012235;1.057679,9,2.3160469999999997;1.966704;1.797875,9,2.1287480000000003;2.011325;2.000191,9,1.9682240000000002;1.970874;2.047647,9,2.065313;2.023716;1.9989700000000001,9,1.989433;2.0304189999999998;1.991965,10,316.574709;316.68476699999997;316.104549,7,55.696848;27.876259;35.531012000000004,27,635.316471;643.3820730000001;623.709006,36,42.211004;42.738343;42.957268,14,11.000425;10.707625;10.479861999999999,6,35.102248;35.035732;35.553019,10.532356;11.022063;11.658119,20.12637909501791;19.91633092984557;15.346219995990396
java-defects4j-cli-19-posixparser,596,4,4.65472;4.496828;4.335355,1.213638;1.214757;1.212744,1,2.380336;1.866528;1.892426,1,2.154588;2.029869;1.973687,1,2.0460309999999997;1.9894219999999998;1.9669840000000003,1,1.9628010000000002;2.026749;1.9647750000000002,1,2.1074829999999998;1.943581;2.00687,1,303.021883;302.17941399999995;303.91753700000004,1,78.755764;32.682831;31.653109999999998,0,631.079148;635.1106199999999;624.128407,0,21.747043;21.563964000000002;21.325554999999998,4,6.646;6.411823;6.473917,0,43.2205;24.922383;27.153044,8.251407;8.001338;8.450293,4.085510037839413;4.55660792067647;3.6102579906582832
java-defects4j-closure-138-closurereverseabstractinterpreter,504,4,13.593311;13.286228000000001;13.2528,1.827311;1.758368;1.738566,6,2.161595;1.776335;1.6915280000000001,6,2.089061;1.967495;1.898401,6,1.961113;1.9849149999999998;1.93163,6,1.915175;1.9808899999999998;1.890988,6,1.901571;2.0884300000000002;2.139131,6,301.799129;314.040382;302.32933499999996,6,53.201204000000004;31.047206;24.602743,40,652.438041;655.249462;630.239478,4,23.165287;22.899383999999998;23.130009,6,6.9155370000000005;6.4385270000000006;6.445761,4,38.143346;38.700877;40.421381,8.071028;8.762249;8.215883,3.4836430568248034;3.32260993309319;3.3996249549090862
java-defects4j-jsoup-52-xmldeclaration,146,4,6.295395;6.179082;6.156802,0.505689;0.387494;0.44201399999999996,2,2.167847;1.754465;1.693654,2,2.0485680000000004;1.8634000000000002;1.852541,2,1.821486;1.8518379999999999;1.788839,2,1.791974;1.857869;1.8443839999999998,2,1.865662;1.845511;1.808543,2,302.98213499999997;303.841302;302.939076,2,79.722655;27.701345;20.560093000000002,12,550.65187;549.855085;547.458305,4,20.675926;20.297124999999998;19.875670000000003,4,5.318198;5.00989;5.033256,4,15.936283;15.704583000000001;15.826711,3.35935;2.281503;2.490933,3.4172830637544394;3.6068339832127094;3.4977667964994907
javascript-d3-d3-nice-small-change,58,4,3.655808;3.521616;3.6045830000000003,0.277686;0.30259199999999997;0.22353699999999999,4,2.001951;1.7915839999999998;1.8076679999999998,4,1.9802219999999997;1.987154;1.795026,4,1.783439;1.863637;1.862012,4,1.838626;1.8343450000000001;1.823364,4,1.7460749999999998;1.811836;1.8252030000000001,4,302.208377;304.42739800000004;315.556388,4,53.544383;20.708956;21.142647,3,325.19438;315.824219;358.035056,4,20.542337;19.852516;20.52818,,,,,12.838112;11.386943;11.668848,3.0712999869138;3.0957930721342564;3.056130139157176
lua-awesomewm-awesome-change-doccomments,966,4,8.245166999999999;7.399501;8.141677999999999,3.038387;2.926813;2.909338,0,2.3372219999999997;1.977946;1.9534919999999998,0,2.291625;2.082759;2.018981,0,1.996665;2.00766;2.072129,0,2.104279;2.174049;2.113649,0,2.043891;2.0664949999999997;2.0865620000000002,0,312.328467;315.970389;347.99322900000004,0,54.151902;36.388282000000004;38.338091999999996,,,0,22.801642;23.009211;23.140307999999997,,,,,,16.266596037894487;13.588448986411096;13.451189966872334
lua-neovim-neovim-if-flips-two-branches,3044,4,92.07877;92.152118;91.880559,11.644842;11.234572;11.218096,8,2.509937;2.059829;2.0318039999999997,8,2.73322;2.6218090000000003;2.595216,8,2.500875;2.45005;2.503186,8,2.4856380000000002;2.552547;3.1972569999999996,8,2.647456;2.539567;2.476997,8,314.07287299999996;323.992565;315.305736,8,56.068664;24.226755;23.201032,,,0,67.44753200000001;65.320474;65.00380899999999,,,,,,13.784764101728795;13.713761931285262;13.657553121447563
php-wordpress-wordpress-not-sure-if-this-parses-correctly,18447,4,148.74122500000001;154.43309599999998;151.57864400000003,53.202774;51.889105;56.074023,0,3.926287;3.610055;3.663248,0,6.392182;6.454262;6.288209,0,6.07895;5.943979000000001;5.96231,0,6.6470009999999995;6.717597;6.7782670000000005,0,6.222424;6.404153999999999;6.379704,0,347.79683500000004;344.413117;349.873648,0,84.823911;50.252903;62.869035000000004,18,5372.417461;5335.03413;5332.693727,18,310.948642;297.03963100000004;300.50547700000004,0,161.719254;154.943952;158.308666,,,4138.370658;4036.799781;4052.180548,35.68005305714905;35.59815511107445;57.90392495691776
ruby-homebrew-brew-actual-logic-change,1258,4,53.645582999999995;53.879394;53.362436,7.831309;7.31312;7.216226,3,2.325374;2.149422;2.094327,3,2.564377;2.313984;2.236646,3,2.1999839999999997;2.256202;2.178893,3,2.2944850000000003;2.2431579999999998;2.282824,3,2.1514849999999996;2.2308250000000003;2.200008,3,311.98718199999996;314.27034799999996;310.534505,3,46.187387;23.807935999999998;30.431868,16,807.531622;819.675851;766.952587,0,68.342339;67.434185;68.716784,8,21.517709999999997;20.966718;21.08558,,,302.517243;267.016915;271.844964,12.52551400102675;12.632562080398202;12.613395927473904
ruby-mastodon-mastodon-move,48,4,0.443225;0.44989999999999997;0.37814800000000004,0.355061;0.212463;0.25730000000000003,0,2.135812;1.792343;1.645769,0,2.063876;1.826937;1.833558,0,1.8284550000000002;2.216313;1.953808,0,1.869792;1.840201;1.733568,0,1.8163960000000001;1.883401;1.8000939999999999,0,306.875662;301.20522500000004;300.87555599999996,0,46.071083;42.732058;31.112526000000003,0,314.982844;321.194647;311.788814,0,40.445017;40.185933999999996;40.710335,2,2.941342;2.726733;2.519809,,,7.619728;7.428889;7.497732,2.742424141615629;2.847410039976239;2.8618050273507833
ruby-mastodon-mastodon-rare-example-of-true-move,38,4,0.24455000000000002;0.131805;0.125518,0.122368;0.076183;0.07308100000000001,0,1.987524;1.794916;1.754309,0,2.196337;1.8926290000000001;1.806524,0,1.846534;1.799264;1.838034,0,1.835213;1.762998;1.83132,0,1.7814510000000001;1.858924;1.817944,0,302.1052;317.767563;298.80375799999996,0,79.00385;24.223977;23.62124,0,286.396132;312.283726;295.11328,0,41.007359;40.216792;41.279976000000005,2,2.685556;2.2945830000000003;2.311931,,,3.004651;2.820831;2.814069,2.789197023957968;2.8614001348614693;3.003824967890978
rust-tiffany352-rink-rs-real-change,826,4,23.864290999999998;24.418756;23.630744,3.296424;3.103692;3.090029,24,2.381624;2.140231;2.044258,22,2.2577209999999996;2.138549;2.262211,22,2.23065;2.117424;2.168649,22,2.0831809999999997;2.407021;2.3704300000000003,22,2.4589299999999996;2.407801;2.497462,22,338.86658200000005;330.143827;330.99320900000004,22,54.578505;22.72965;21.697782999999998,64,994.630389;998.551839;1016.12883,32,1511.6990769999998;1512.912078;1554.891443,51,102.012439;103.855904;101.493573,,,519.00506;494.472032;513.80791,29.4363871216774;33.29311707057059;33.782074926421046
rust-zed-workspace-tasks,468,4,59.381142999999994;61.435499;61.787315,2.063669;1.9248660000000002;1.9108479999999999,14,2.253455;1.9622340000000003;1.903942,8,2.129684;2.053896;2.044255,8,2.176285;2.076407;2.006266,8,2.0188010000000003;2.062948;2.03902,8,1.9723800000000002;2.031622;1.9960540000000002,11,342.712733;338.956596;340.774389,8,82.8462;26.471722;26.667851,11,743.467165;773.318324;772.886448,47,2270.898929;2233.7758390000004;2204.622322,62,105.317015;105.0026;106.890354,,,342.743706;309.198252;309.158544,38.175347028300166;37.93789306655526;37.83897100947797
swift-apple-swift-argument-parser-refactor-and-improve-tests,222,4,10.477504999999999;10.22767;10.192875,1.807503;1.683446;1.645492,3,2.221114;1.8092869999999999;1.947443,7,2.091682;1.939027;2.0434229999999998,7,2.0921149999999997;2.0078180000000003;1.903437,3,1.886645;1.887193;1.821095,3,1.872795;1.893329;1.852104,3,307.78954699999997;303.531498;308.23076100000003,7,47.29643;28.641544;23.160329,6,454.65583100000003;454.418373;462.046852,5,157.32387500000002;156.885119;158.06501,,,,,48.05925;46.466031;45.14619,9.061841992661355;5.628957878798246;5.738015985116363
typescript-apache-echarts-envelop-2-lines-with-an-if-block,1544,4,63.753081;64.51042699999999;64.57924299999999,6.8040519999999995;5.734419000000001;5.278912,0,2.400039;1.9963759999999997;1.855729,0,2.19683;2.149109;2.129288,0,2.113429;2.10518;2.100495,0,2.370133;2.260453;2.049561,0,2.114102;2.044645;2.109805,0,309.123423;324.220846;322.90403299999997,0,65.249273;25.225957;23.971628,4,779.985999;766.571512;789.971368,5,56.075782;56.065424;55.782835000000006,4,17.040672;16.052187999999997;15.93698,,,277.437999;290.595077;286.191984,7.791989948600531;8.696669014170766;7.876635994762182
cpp-godot-small-bugfix,1374,3,15.120747999999999;14.349703;14.277351000000001,6.310702;6.058211;6.017092,1,2.319566;1.95706;1.938159,1,2.1775599999999997;2.083199;2.1683850000000002,1,2.052162;2.084737;2.008347,1,2.132701;2.0723209999999996;1.945048,1,1.9903;2.090007;2.0448779999999998,1,309.008599;305.98574099999996;309.85587,1,62.75525999999999;26.349248;25.191546,3,836.514189;763.4390060000001;782.6789170000001,7,67.122;66.723704;67.200864,7,16.431273;16.673875000000002;16.905364,2,73.303415;73.53190099999999;75.915286,299.98249;292.746914;292.724657,7.9928000923246145;8.055560057982802;8.03517596796155
java-defects4j-cli-12-gnuparser,229,3,85.99080000000001;88.49813900000001;86.195527,0.627862;0.591307;0.533216,1,2.128667;1.726664;1.855175,1,2.004324;1.933163;1.857297,1,1.892416;1.89278;1.8870449999999999,1,1.841291;1.8889340000000001;1.862573,1,1.9022430000000001;1.770055;1.871939,3,322.006885;313.334353;319.91117,1,35.811870000000006;28.418506999999998;32.113979,21,575.3675900000001;572.8568339999999;588.815894,3,22.384553;23.182458;23.678194,2,4.659309;4.3068100000000005;4.193754,4,27.644179;27.361423;27.357916,5.203209;5.428133;6.627146,4.035986959934235;3.961282083764672;3.904377110302448
java-defects4j-jacksondatabind-39-nullifyingdeserializer,120,3,1.967384;1.90252;2.042353,0.396878;0.39100100000000004;0.33426,1,2.120451;1.695576;1.65745,1,1.96672;1.8555780000000002;1.8539940000000001,1,1.8330250000000001;1.721934;1.812817,1,1.800405;1.81191;1.8165449999999999,1,1.8057539999999999;1.842593;1.791831,1,308.94071099999996;304.11764800000003;302.230476,1,59.188812;18.142926;17.864073,13,598.816972;578.612012;509.358957,1,17.668846;17.491144;17.191859,1,3.548;3.135321;3.298359,1,9.994677000000001;9.976619000000001;9.863259,1.892588;1.800582;1.658609,3.314638044685126;3.849057015031576;3.434829879552126
php-theseer-directoryscanner-add-two-test-cases-and-reformat-file,380,3,6.6995450000000005;8.318368;7.589223,1.270998;1.226115;1.204667,72,2.071975;1.7492759999999998;1.730249,74,2.215585;2.773843;2.672097,74,2.4047080000000003;2.069906;2.112712,74,2.057382;2.27598;2.100143,52,2.0528220000000004;2.4456249999999997;2.122831,52,421.755325;418.068566;392.664985,70,42.893526;24.242012;24.688934,74,463.375427;421.70523599999996;448.504464,206,47.871230000000004;45.481656;46.546493,207,8.399816;8.290205;7.610436,,,58.1386;56.315122;59.692751,85.48967400565743;85.67699417471886;87.11163816042244
rust-algorithm-change,44,3,4.268697;3.571448;3.412913,0.321476;0.319817;0.26774,4,2.089794;1.731314;1.78911,4,2.003242;1.920358;2.194858,4,2.1357310000000003;1.862046;1.9768899999999998,4,1.808191;1.72985;1.8383850000000002,4,1.850912;1.904229;1.84571,4,312.306806;315.68768;333.816103,4,33.240385999999994;24.438422000000003;24.468982,3,308.78379299999995;324.430043;312.875258,4,52.697337;52.467642000000005;52.010976,3,3.22817;2.838481;2.660555,,,26.804118;24.052881;23.95849,3.453462151810527;3.4155878238379955;3.675615880638361
tsx-langflow-ai-langflow-split-import,19,3,0.457091;0.34687599999999996;0.350454,0.147313;0.091278;0.091738,3,1.979561;1.7016959999999999;1.773112,3,1.961052;1.892034;1.951433,3,1.815657;1.742724;1.7633,3,1.820985;1.823677;1.7244490000000001,3,1.807708;1.777746;1.819734,3,304.60363;308.70087;303.017614,3,56.002938;19.061641;25.739562,2,339.14824799999997;301.925095;345.037175,3,35.54178;36.188889;35.258488,3,2.645359;2.1403440000000002;2.107328,,,5.035004;5.172993;4.798365,2.825290197506547;2.785034012049437;2.8747799806296825
tsx-langflow-ai-langflow-split-import-2,19,3,0.40882599999999997;0.35066200000000003;0.340457,0.159104;0.090569;0.088436,3,2.002073;1.7767810000000002;1.704014,3,1.900849;1.815318;1.782963,3,1.79017;1.741705;1.8065710000000001,3,1.799694;1.8428120000000001;1.7960230000000001,3,1.816356;2.078258;1.827294,3,300.59909;304.234614;313.95247,3,32.409594;149.72413500000002;95.321332,2,308.703614;312.44629000000003;331.68924100000004,3,35.928145;35.437433;35.442690999999996,3,2.5280989999999997;2.1938750000000002;2.2335190000000003,,,4.826197;4.803111;4.627513,2.7865669690072536;2.8064160142093897;2.8556890320032835
xml-libreoffice-add-one-menu-item,1555,3,45.090658;40.81478;42.945688000000004,13.507466;13.553444;13.30651,1,2.215096;1.9221080000000001;1.890247,1,2.3800589999999997;2.213222;2.12149,1,2.181479;2.270252;2.286994,1,2.1748190000000003;2.3337309999999998;2.184616,1,2.198234;2.222505;2.185945,1,307.092094;315.000226;308.705165,1,63.672612;24.198058000000003;25.28523,1,386.658906;386.76361799999995;396.361129,2,44.436362;48.463660999999995;44.050050999999996,,,,,15.457736;16.60659;14.581574,10.136519093066454;5.900413962081075;5.951737053692341
c-ollama-ollama-change-imports,44,2,0.683589;0.570421;0.500112,2.030236;1.924312;1.9452669999999999,2,2.015454;1.6597680000000001;1.8310570000000002,2,1.97188;1.8962189999999999;1.751585,2,1.860565;1.8079;1.81815,2,1.899841;1.71928;1.80553,2,1.842908;1.841602;1.805335,2,303.562771;304.439685;307.61920599999996,2,30.256884000000003;22.407390999999997;34.338514,3,381.68429599999996;374.029486;344.34946,2,15.370019000000001;14.971285000000002;14.88464,3,4.809687;4.489156;4.71039,3,7.268526;6.914746;8.251924,16.052992;16.397205;15.728989,3.165688831359148;3.0579010490328074;3.0538549181073904
c-pixaranimationstudios-opensubdiv-change-license-comment,711,2,6.607227;6.129427;6.355688,9.932723;9.73226;9.467295,2,2.25379;1.874218;1.888446,2,2.040646;1.97623;1.9487210000000001,2,2.257174;2.175349;2.0311790000000003,2,1.9532030000000002;1.957683;1.96312,2,2.025952;1.8661979999999998;1.9296490000000002,2,302.710359;302.91226;303.013458,2,60.917547;20.666442;37.89133,0,609.413467;638.754608;624.4257309999999,0,30.816193;30.833333;30.716358999999997,3,22.736921;20.940955000000002;22.829365,0,42.186922;41.942303;41.34159,183.309657;181.51206;181.165618,4.3652718886733055;4.330656956881285;5.524560809135437
cpp-ladybird-refactor-variables-if-changes,1156,2,223.574539;220.993941;221.74445400000002,8.595711999999999;7.110815;6.827552000000001,4,2.54046;2.44463;2.270639,4,2.495798;2.507829;2.251769,4,2.3715889999999997;2.309235;2.2409589999999997,4,2.210156;2.334625;2.281202,4,2.528479;2.290572;2.421866,8,335.358963;336.965552;344.084106,4,89.610695;47.621069;83.78045200000001,18,1003.709457;1147.556042;924.6664420000001,10,381.63755;387.113286;402.010135,9,43.311285;46.098768;47.140779,4,173.149836;185.94613199999998;159.149177,339.533876;334.306415;322.92368,27.20497897826135;28.53609388694167;26.73626784235239
html-twbs-bootstrap-not-html-template-extract-two-vars,14,2,0.200682;0.14888200000000001;0.14165,0.072108;0.083836;0.046329999999999996,2,1.9760340000000003;1.783938;1.806735,2,1.940868;1.9384350000000001;1.779756,2,1.885723;1.929316;1.7644360000000001,2,1.9539190000000002;1.84889;1.843618,2,1.825875;1.775545;1.9135,2,300.85184100000004;303.33538599999997;304.389496,2,43.960727;30.466844;32.11238,,,2,9.104975;8.487791999999999;8.33944,,,,,,2.956270938739181;3.092060098424554;3.1525830272585154
java-defects4j-chart-22-keyedobjects2d,963,2,52.323982;49.326111999999995;52.058245,2.286536;2.2222990000000005;2.1827829999999997,2,2.261981;1.772748;2.041423,2,2.236793;2.092536;2.04089,2,2.1246669999999996;2.172186;2.101692,2,2.14316;2.041355;2.075702,2,2.040602;2.082888;1.9993649999999998,11,322.600332;361.995075;320.739818,2,32.776795;21.204534;20.665084,48,671.331896;679.742333;651.757539,5,72.891217;75.00341900000001;75.441427,7,12.584844;12.207723999999999;11.985301,8,51.867972;49.43741;51.745532,14.035968;13.747438;15.09076,26.771598029881716;23.071929113939404;26.92932798527181
java-defects4j-cli-26-optionbuilder,736,2,7.313167;7.284687;7.233202,1.1389200000000002;1.076597;1.139829,0,2.05652;1.814732;2.0164649999999997,0,2.134266;2.03459;1.97342,0,2.0304770000000003;1.975273;2.0833000000000004,0,2.179084;2.1269129999999996;2.019853,0,1.8925420000000002;1.955199;1.959904,0,305.20029999999997;307.626356;326.882193,0,43.138334;41.320927;38.378517,20,620.995309;598.498328;603.617689,0,20.356065;21.917956;20.554071999999998,1,6.146965;5.892328;6.209061,2,26.80314;26.468881;26.249689,6.997627;7.660189;7.065649,6.327841896563768;5.46405790373683;5.428066942840815
java-defects4j-cli-28-parser,822,2,12.005975000000001;11.856674;11.292422,1.816685;1.7573720000000002;1.69723,2,2.169289;1.9407969999999999;1.869712,2,2.14259;2.065262;2.018901,2,2.177646;2.0598069999999997;2.07985,2,2.0478889999999996;1.994713;1.979284,2,1.935567;1.96336;1.998341,2,307.050721;303.396344;318.387798,2,51.997276;32.238106;22.687243,2,728.8942470000001;675.505241;679.422258,2,23.103198;24.924668;28.339423,2,7.681409;7.509116;7.407318,2,37.733976000000006;37.144758;37.480227,9.668832;10.244654;9.560786,4.393863026052713;4.268361954018474;4.072878044098616
java-defects4j-closure-103-controlflowanalysis,1993,2,20.653895;20.189632;20.099432,6.785885;6.355074;6.210531,0,2.423729;1.9267189999999998;2.256767,0,2.645879;2.385513;2.327863,0,2.40293;2.362411;2.333463,0,2.3788300000000002;2.4281810000000004;2.3713290000000002,0,2.287126;2.412625;2.3464810000000003,0,306.983485;308.585714;306.863956,0,84.432075;36.595546;44.128642,0,714.274647;772.417603;735.725344,0,42.87457800000001;42.537592;43.596095,0,20.385665;19.588960999999998;19.551749,0,104.132881;105.496179;110.41371099999999,29.566084;32.98067;29.240327,6.315060891211033;7.111313985660672;6.482340162619948
java-defects4j-closure-31-compiler,4867,2,78.987414;73.921988;75.972668,14.530661;14.284499;14.76478,2,2.556691;2.2232559999999997;2.264127,2,3.33778;2.930328;3.108419,2,3.25139;3.251227;2.983248,2,2.994628;2.976016;2.930073,2,2.794807;2.76487;2.8685479999999997,2,310.494559;320.458372;308.095666,2,61.129000000000005;28.265190999999998;26.918534,2,1054.1653820000001;948.607452;908.982459,0,79.687595;78.113452;80.247568,2,42.899393;42.282119;41.935403,2,231.176196;230.822068;228.81459600000002,104.578257;58.295853;58.093812,14.985331101343036;16.970006050541997;15.58307302184403
java-defects4j-closure-66-typecheck,3852,2,33.335109;34.630182000000005;32.429491,14.080487999999999;13.481724;12.409474,2,2.569142;2.077943;2.113179,2,2.7846849999999996;2.632079;2.53938,2,2.654114;2.630464;2.5773010000000003,2,2.602311;2.577513;2.683076,2,2.6498559999999998;2.574808;2.758936,2,314.41065499999996;316.675786;311.353746,2,45.415442;27.734586;25.069174,2,954.24207;875.582055;898.739007,2,68.826328;68.769025;67.602725,2,37.129942;37.868975999999996;36.771449,3,219.06533100000001;205.753016;203.001504,58.693345;45.71722;82.022724,11.05914800427854;12.147144880145788;10.922197951003907
java-defects4j-compress-11-archivestreamfactory,514,2,30.392314;30.329552;30.581034,2.671579;2.471059;2.378012,4,2.10894;1.871254;1.8910699999999998,2,2.164292;1.989854;1.945074,2,1.9483219999999999;1.9889000000000001;1.971129,2,1.964314;2.041944;1.950774,2,1.928723;1.9624199999999998;1.94156,2,303.142308;304.695881;303.71393800000004,2,66.202706;46.831378;32.957918,20,643.67162;649.973479;622.694575,2,22.11176;22.170753;21.603875000000002,4,7.207604;7.128234;7.073306,2,28.751598;28.798270000000002;29.076992,5.344176;6.189334;5.699352,3.960859030485153;4.389435984194279;3.839310025796294
java-defects4j-gson-11-typeadapters,1851,2,33.984063;34.823708;32.931047,8.472583;7.957730000000001;8.027026000000001,0,2.529045;1.981414;1.967731,0,2.276051;2.276421;2.1514300000000004,0,2.148394;2.1902530000000002;2.0893669999999998,0,2.139853;2.2427520000000003;2.2045939999999997,0,2.162616;2.1549490000000002;2.122185,0,306.295703;319.18951899999996;308.187113,0,37.838492;18.847862;19.480482000000002,0,787.043853;820.054381;834.2476829999999,0,51.144358000000004;50.528138;50.202273999999996,0,21.846089;21.828464;22.224352,0,127.11786;129.77312999999998;130.336477,32.783801;28.173946;29.933389,5.608430132269859;5.854210117831826;6.851824000477791
java-defects4j-jacksondatabind-20-objectnode,1616,2,9.622667;8.854662;9.002186,3.8488040000000003;3.8264179999999994;3.701428,2,2.453358;1.9154849999999999;1.963941,2,2.229514;2.2739629999999997;2.061256,2,2.0808240000000002;2.1901960000000003;2.0982060000000002,2,2.049491;2.078151;2.102432,2,2.062349;2.059211;2.051883,2,305.132082;305.594438;308.938192,2,70.086148;28.192404;29.811688,2,731.020268;683.58901;760.725009,2,31.673973;32.838436;31.681318,3,13.749233;13.654765;13.34352,2,71.523075;69.17305;69.887449,24.835941;16.059346;16.833259,6.731608184054494;6.8204659037292;6.420419085770845
java-defects4j-jxpath-18-attributecontext,194,2,6.8153559999999995;6.300733999999999;6.079954,0.5948899999999999;0.523575;0.546925,5,1.9864560000000002;1.836362;1.8351389999999999,5,2.028999;1.9069619999999998;1.947332,5,1.981741;1.886262;1.803107,5,1.773602;1.8047479999999998;1.897456,5,1.893659;1.8236350000000001;1.907256,5,307.281287;312.74558;306.16711000000004,3,44.556709;26.769992;25.349762000000002,3,549.911808;556.1523860000001;584.0104299999999,5,29.358068;29.407236;29.243659,10,5.92933;5.542438000000001;5.512764,3,16.275676;15.842326;16.22983,2.192256;3.093711;2.197008,4.997613141313195;5.223468877375126;4.986856831237674
java-defects4j-jxpath-7-coreoperationgreaterthan,82,2,1.433427;1.47696;1.3579359999999998,0.204718;0.161297;0.157909,2,2.069729;1.814689;1.9615269999999998,2,1.982976;1.891182;1.8103069999999999,2,1.798687;1.8760560000000002;1.892444,2,1.840555;1.91095;1.8643450000000001,2,2.061189;1.98606;1.918791,2,322.12287699999996;301.261513;304.027539,2,60.111572;23.451434;56.745801,2,521.7052490000001;506.7295040000001;510.043599,2,17.647004000000003;16.905118;17.560824999999998,2,4.261473;3.71807;3.664596,0,7.824744;7.400967;7.510868,1.040625;1.550497;1.44211,2.9739581514149904;3.046975005418062;3.0049560591578484
java-defects4j-jxpath-7-coreoperationgreaterthanorequal,84,2,1.46649;1.418339;1.3678830000000002,0.21140799999999998;0.16731400000000002;0.193336,2,2.114938;1.781489;1.927722,2,2.0885190000000002;1.91822;1.8453320000000002,2,1.81986;1.7833;1.8142530000000001,2,1.8724029999999998;1.869018;1.861933,2,1.76015;1.7663170000000001;1.8096889999999999,2,301.73488399999997;302.52540799999997;301.47653,2,44.297493;21.746091;26.653901,2,508.245756;549.8416139999999;541.045762,2,17.587965;17.245612;17.270508,2,4.088676;3.744494;3.5784100000000003,0,7.874466999999999;7.852978;7.625309000000001,1.120719;1.265723;1.435502,3.080897033214569;3.0745428521186113;2.939199795946479
java-defects4j-jxpath-7-coreoperationlessthan,82,2,1.463918;1.4629619999999999;1.384267,0.214067;0.22118800000000002;0.16350599999999998,2,2.0226469999999996;1.810527;1.759595,2,2.1157630000000003;1.9263730000000001;1.750086,2,1.871909;1.808346;1.858539,2,1.824882;1.793989;1.771287,2,1.810992;1.83308;1.83121,2,323.818485;314.44203300000004;305.02815300000003,2,63.054766;25.157490000000003;29.363265,2,552.875981;563.5240630000001;555.370069,2,20.933031;16.732152;17.121195,2,4.05434;3.6979360000000003;3.7251659999999998,0,7.609095;7.8649949999999995;7.757775,1.040415;1.133904;1.060818,2.982557052746415;3.2329128589481115;2.9812930151820183
java-defects4j-jxpath-7-coreoperationlessthanorequal,84,2,1.5181769999999999;1.384749;1.434862,0.20903699999999997;0.162471;0.23663299999999998,2,1.970804;1.669086;1.685584,2,1.9923139999999997;1.9291200000000002;1.901703,2,1.9059229999999998;1.8602670000000001;1.853284,2,1.849334;1.9070319999999998;2.170277,2,1.923457;1.8820219999999999;1.8276189999999999,2,301.040638;301.394592;315.842152,2,58.915223000000005;18.157667999999997;18.854481,2,541.247471;517.8167900000001;532.4516179999999,2,17.675645;17.437108;17.271373,2,4.048106;3.811834;3.79344,0,7.823612000000001;7.493017999999999;7.496759000000001,1.156836;1.324453;1.040327,2.9789768159389496;3.0526069458574057;2.978765871375799
kotlin-nextcloud-a-few-small-removals,858,2,269.50154599999996;270.450307;268.420821,7.371086;6.977539;5.430778999999999,3,2.3988899999999997;2.034912;2.0264409999999997,3,2.2226559999999997;2.089688;2.0289800000000002,3,2.105601;2.033624;2.00731,3,2.110289;2.093395;2.0428569999999997,3,2.068696;2.016501;2.1115880000000002,3,303.23650499999997;336.016005;308.138711,3,40.107967;38.056557;23.524235,2,1346.59953;1363.80447;1358.8774329999999,2,138.576512;137.23571900000002;136.103519,,,,,870.474997;810.954557;801.058081,4.42688399925828;4.372617928311229;4.458802053704858
python-portagefilelist-client-remove-one-import-and-update-one-const-string,343,2,3.535037;3.3492930000000003;3.36953,2.461312;2.3146950000000004;2.073058,0,2.193586;1.847199;1.6903219999999999,0,2.0486329999999997;1.867657;1.8710319999999998,0,1.871715;1.921201;1.880309,0,1.930178;1.821529;1.876714,0,1.8723349999999999;1.962297;1.821011,0,307.738827;302.661525;318.350572,0,53.257042999999996;45.134989;25.844244999999997,0,661.477546;674.533431;677.9680040000001,0,22.334281;21.773287999999997;22.93856,0,6.252085;6.086029;5.990184,0,25.883622;25.184707;26.578974,289.529448;278.467311;282.195436,3.335447981953621;3.513600910082459;3.405782161280513
rust-add-comments-and-real-new-logic,906,2,168.621412;164.365274;167.575669,3.856969;3.727048;3.6399299999999997,1,2.256231;1.926707;1.983539,1,2.209998;2.086896;2.129556,1,2.186734;2.158052;2.073967,1,2.093328;2.089434;2.0412049999999997,1,1.982716;2.0990179999999996;2.028967,1,325.22047100000003;317.357607;327.91267899999997,1,32.143205;28.254785000000002;49.19457,26,1143.431163;1099.255631;1099.6711990000001,2,111.15049;108.846147;110.486978,6,20.425155;21.065596;20.745758,,,647.011805;633.674638;630.658189,18.983219051733613;18.919928930699825;18.770646071061492
rust-hash-optimization,63,2,4.660035;4.41043;4.518715,0.382086;0.251831;0.28937999999999997,4,2.168782;1.890016;1.864714,4,2.0431719999999998;1.949133;1.967398,4,1.914734;1.9729880000000002;1.882237,4,1.854521;2.1183539999999996;1.8554540000000002,4,1.8361779999999999;1.863446;1.842146,4,307.75692100000003;302.735576;303.81154599999996,4,52.893082;31.320802;20.728532,3,334.116041;356.775056;365.80202299999996,4,57.210842;53.173097000000006;53.524812,7,5.087338;4.563727;4.535684,,,40.273977;37.516221;34.335344,3.797694807872176;3.7468369118869305;3.730570897459984
swift-apple-swift-argument-parser-if-to-guard,709,2,13.195927;12.601105;12.290496999999998,3.9050010000000004;3.5630740000000003;3.705649,2,2.2852189999999997;1.8264909999999999;1.9121050000000002,2,2.145135;2.035527;1.9664880000000002,2,2.0458790000000002;1.978372;1.9394799999999999,2,1.9830389999999998;2.0464390000000003;2.0611710000000003,2,1.906242;1.995853;1.943019,2,374.82326900000004;319.77468799999997;309.990169,2,63.185224999999996;20.449241999999998;17.599465000000002,4,613.069498;562.80526;542.044993,2,167.301017;164.89137300000002;162.638981,,,,,119.506923;114.189779;149.534453,7.537045981734991;5.637961905449629;5.625348072499037
tsx-kong-insomnia-if-to-ternary-operator,1278,2,58.574323;57.760557;57.985493999999996,6.4484070000000004;6.096907;8.199349,2,2.730631;1.866594;1.8586690000000001,2,2.212202;2.285276;2.140797,2,2.144015;2.163998;2.10948,2,2.1123600000000002;2.12631;2.172136,2,2.09671;2.111445;2.1296459999999997,2,322.065999;324.438667;322.282223,2,47.697769;23.468855;29.993437,18,932.355174;900.7940629999999;880.49815,26,68.390789;65.96627600000001;66.99446400000001,27,18.215627;18.943325;18.683732000000003,,,361.591164;350.340762;355.426963,22.092659026384354;22.88527716882527;22.260729921981692
tsx-mui-material-ui-move-colour-to-a-new-attribute,318,2,120.212765;122.03625699999999;120.196534,1.0398770000000002;0.921548;1.031963,0,2.162495;1.946637;1.7756429999999999,0,2.040381;1.922039;1.90535,0,1.9184919999999999;1.859014;1.851369,0,1.9668770000000002;1.8764999999999998;1.8461249999999998,0,1.896411;1.85005;1.888488,0,307.154859;304.024339;302.985686,0,80.183609;26.399807;26.060969999999998,0,482.180027;478.01640499999996;421.565918,0,38.313909;39.507096999999995;38.694770000000005,1,4.867667;4.426976;4.554728,,,57.540091;60.485842;60.417209,3.330415114760399;3.220990067347884;3.239633049815893
xml-mozilla-firefox-firefox-add-a-few-translations-and-a-few-attributes,90,2,1.061137;0.7645310000000001;0.792031,0.8074579999999999;0.7497499999999999;0.750159,3,2.106443;1.8113949999999999;1.95569,3,2.026054;1.869722;1.750151,3,1.841954;1.901694;1.799993,3,1.885348;1.860428;1.894211,3,1.766509;1.920161;1.85685,5,303.875757;303.58644699999996;303.015471,3,28.978510999999997;22.323375;22.001784,9,256.961742;263.89063699999997;296.16437099999996,3,10.862227;10.588014999999999;10.482114000000001,,,,,1.019461;1.169651;1.108958,4.373630974441767;4.518028115853667;4.39540296792984
c-genymobile-scrcpy-add-to-import-path-and-move-imports-around,56,1,0.28609799999999996;0.236681;0.294814,0.194432;0.097019;0.091381,0,1.937585;1.651211;1.773358,0,1.9634719999999999;1.850573;1.8206069999999999,0,1.743398;1.807113;1.829212,0,1.785155;1.8361210000000001;1.8838679999999999,0,1.756874;1.814006;1.7946959999999998,0,305.00931999999995;301.124416;303.63262000000003,0,45.007833;20.455104000000002;28.179419,0,325.002753;340.42644900000005;306.887311,2,13.317347999999999;12.867495;12.862217000000001,2,2.526939;2.179468;2.224695,0,6.014695;5.943079;5.699999,6.840243;5.849461;6.125781,2.8010299429297447;2.7079840656369925;2.7814239729195833
c-ladybirdbrowser-ladybird-small-parse-errors,903,1,11.835072;11.233115;11.259215,28.880142;28.422629;34.135692,3,2.232616;1.789702;1.891083,3,2.107901;2.0238880000000004;1.933416,3,2.015365;1.944443;1.9996049999999999,3,1.9938500000000001;1.956466;1.9600849999999999,3,1.9579659999999999;1.939519;1.906298,3,305.11994;306.50235999999995;310.735945,3,72.808893;22.08436;32.282858999999995,3,781.300135;789.443935;800.1951809999999,3,50.771726;51.245429;50.349875000000004,3,42.884048;38.366813;38.168431000000005,3,73.772295;83.159729;73.58645299999999,368.908575;314.753813;368.222206,3.479317994788289;3.564707934856415;3.5820079501718283
c-nginx-nginx-add-preproc-two-lines,573,1,1.902719;1.9141290000000002;1.738372,0.691135;0.701354;0.696637,0,2.022368;1.7634180000000002;1.8971500000000001,0,2.0519000000000003;1.970477;1.947659,0,1.869456;1.899389;2.043208,0,1.994979;1.918059;1.865181,0,1.8589229999999999;1.964432;1.9019620000000002,2,301.249852;304.381793;302.535506,0,69.84989399999999;22.841354000000003;48.818400999999994,1,415.470855;435.694624;396.94892799999997,1,15.873015;15.512832000000001;15.280851,1,4.694757;4.485348;4.487502,1,14.730962;14.757282;14.903892,32.839982;33.468875;32.372452,4.253423074260354;4.2028038296848536;4.212629981338978
c-openssl-openssl-add-import,58,1,0.409922;0.283178;0.278415,0.461479;0.335793;0.382567,0,1.980833;1.9502169999999999;1.798532,0,1.945101;1.875499;1.7512109999999999,0,1.81392;1.805528;1.7835100000000002,0,1.831078;1.801323;1.762486,0,1.876654;1.764608;1.835717,0,303.890719;302.712466;303.011263,0,65.167774;25.29779;27.46698,1,315.86134500000003;304.21392000000003;363.37628900000004,0,14.341838000000001;13.272199;13.31458,1,3.04553;2.615116;2.60005,1,6.255715;5.900272;6.037317000000001,8.149258;7.827216;8.050628,2.859590109437704;2.8248068410903215;3.710958873853087
cpp-arximboldi-lager-add-two-test-cases,545,1,7.102792;6.785841;7.6015880000000005,4.522129;5.355292;5.041326,1,2.328826;1.913768;1.888725,1,2.05484;1.9646569999999999;1.891603,1,1.936623;1.883288;1.9346400000000001,1,1.959656;1.926286;1.939893,1,1.8979139999999999;1.989064;1.890014,7,309.61709199999996;314.759843;312.884416,1,47.41216;40.978313;41.010099000000004,2,549.56397;566.986949;576.1864840000001,8,55.891926;56.66658;55.997103,11,14.714242;14.564171;15.174675,1,33.60255;34.07201;33.534369,132.252852;141.788973;127.506965,11.302120983600616;11.308549204841256;12.254334054887297
cpp-electron-electron-add-imports,43,1,0.309401;0.256874;0.258354,0.202202;0.139361;0.20006800000000002,2,2.150725;1.793249;1.6544260000000002,2,1.9900450000000003;1.825527;1.8112460000000001,2,1.8275620000000001;2.085846;1.909504,2,1.9484000000000001;1.890544;1.861373,2,2.170895;2.133132;2.1578600000000003,2,305.059212;301.306129;302.726403,2,56.829087;22.582136;20.429820000000003,1,331.963097;331.02551800000003;327.984469,1,46.653561;45.767187;45.7074,2,3.478669;2.8419209999999997;2.682331,1,5.706201;5.532049;5.679671,5.313732;5.208743;5.783746,3.2420509960502386;3.2369079999625683;3.231137990951538
cpp-godotengine-godot-add-include,122,1,0.543272;0.474739;0.464138,0.312081;0.233711;0.229176,0,2.023187;1.7122769999999998;1.794753,0,2.0550870000000003;1.9259609999999998;1.8356430000000001,0,1.8382319999999999;1.821313;1.86772,0,1.85211;1.826136;1.825574,0,1.768584;1.839223;1.809808,0,304.185869;304.25298200000003;320.033516,0,44.100053;27.071258;28.301890999999998,1,346.935371;389.10185800000005;361.803394,1,45.862554;45.498683;47.28495,1,3.432821;3.0760430000000003;3.144946,1,8.084940000000001;7.9843329999999995;8.002116000000001,9.730345;9.171276;9.325563,3.031690837815404;2.9604951851069927;2.968476852402091
cpp-godotengine-godot-two-imports-added,408,1,3.501078;3.269352;3.283455,2.252568;2.0724150000000003;1.9709860000000001,1,2.148578;1.72793;1.831915,1,2.032959;1.903568;1.964698,1,2.1953;1.927458;1.8918220000000001,1,1.97766;1.9285629999999998;2.007195,1,1.8949500000000001;1.9710800000000002;2.117973,1,323.95225300000004;311.27965800000004;315.976871,1,221.531975;148.958509;90.10093099999999,1,571.458005;572.3912220000001;581.387816,1,58.93985;58.195876;55.252337,1,8.278067;7.4175320000000005;7.398270999999999,1,27.664216;27.773589;28.797857999999998,85.216404;82.983706;85.611198,3.610435873270035;3.675270127132535;3.5486570559442043
cpp-ladybirdbrowser-ladybird-add-real-logic,94,1,3.3651079999999998;3.164675;3.007216,0.672199;0.541584;0.5365489999999999,1,2.2342999999999997;2.0056309999999997;1.834755,1,2.72012;2.791903;2.290648,1,1.943586;2.749844;2.335643,1,1.881192;1.842673;1.8334899999999998,1,1.839662;2.067597;1.827274,1,354.362457;319.500514;320.386889,1,66.977118;39.933621;98.1838,1,404.805466;454.21688900000004;416.072475,1,50.245733;51.774688;48.128997999999996,3,5.315877;4.400732;4.706169,1,9.027861;9.204214;10.462412,15.992916;16.215784;15.697132,3.483545035123825;3.5124109126627445;3.3468669280409813
cpp-libreoffice-add-imports-and-function-param,86,1,1.0450590000000002;0.9742999999999999;0.970906,0.579452;0.495633;0.437482,2,2.032421;1.813647;2.0102800000000003,2,2.059902;2.230198;1.959667,2,1.9196840000000002;1.769957;1.957818,2,1.9565960000000002;1.9740550000000001;1.8889079999999998,2,1.9576289999999998;1.924977;1.883258,4,320.422688;345.608846;328.87347300000005,2,50.993463000000006;74.508917;35.184564,2,418.154044;386.9284;414.71615299999996,2,50.143222;53.691592;49.403527000000004,2,3.6999649999999997;3.300731;3.2598570000000002,2,8.243943999999999;7.905937;8.740851,8.222769;7.925058;7.721286,3.21705499663949;4.351584939286113;3.100308123975992
cpp-qpdf-qpdf-move-to-assert-from-if-and-throw,368,1,7.695086;5.790621;5.968133,3.164783;3.232664;2.970358,0,2.219356;1.700873;1.6175869999999999,0,2.067043;1.9935999999999998;1.91059,0,3.040515;2.914018;2.705251,0,2.700713;2.720104;2.582639,0,2.93084;2.821125;2.776329,0,390.166016;396.10892199999995;397.041357,0,68.893465;36.973918000000005;36.751233,1,634.970113;631.416655;687.047096,1,83.312667;70.89313299999999;66.93164399999999,5,10.704663;7.952176;67.963683,1,53.673914;51.036723;33.431468,67.634024;63.210136;62.783888,4.696831805631518;4.840506007894874;4.843896953389049
java-defects4j-cli-23-helpformatter,1951,1,49.075323;47.992633;50.225799,4.2682590000000005;4.220641;3.9841499999999996,2,2.403203;1.879;1.856943,2,2.44936;2.3131570000000004;2.3293820000000003,2,2.372167;2.321651;2.302964,2,2.321351;2.360775;2.336328,2,2.273027;2.261127;2.283982,2,308.022787;308.98026899999996;373.117729,2,57.18437;23.042388;24.334685,3,718.284617;707.252149;771.3036119999999,3,34.921305;33.955935;34.751934,2,15.228871999999999;16.376772000000003;15.350333000000001,2,76.895081;77.23579;77.585632,24.966709;28.153203;28.593315,10.6918360106647;9.930639062076809;9.936536895111203
java-defects4j-cli-31-helpformatter,2042,1,28.926516;27.640833;27.756191,4.310422;4.166649;4.075016000000001,0,2.182493;1.9265160000000001;1.832322,0,2.378671;2.2028820000000002;2.2215949999999998,0,2.177524;2.20134;2.19153,0,2.2381749999999996;2.252906;2.308776,0,2.24407;2.1890989999999997;2.21212,0,304.962553;308.093703;309.960481,0,57.312689999999996;23.719440000000002;29.017926,0,757.951286;762.351768;792.15728,0,35.451145000000004;34.941747;35.355417,1,15.352098999999999;15.031272;15.794788,1,82.808886;84.015721;83.91629,22.404347;23.394263;22.561105,8.201884804293513;8.642763830721378;8.31932108849287
java-jakartaee-rest-real-logic-change-of-a-significant-chunck,573,1,30.052084;31.056437;29.253330000000002,0.980645;0.928695;0.9838290000000001,4,2.161328;2.0003859999999998;2.027961,4,2.192635;2.106796;2.059295,4,2.137215;2.00111;1.9985089999999999,4,2.0214260000000004;1.9775219999999998;1.9802600000000001,4,2.004243;2.0106360000000003;1.9999000000000002,4,307.30382699999996;309.971159;326.07396700000004,4,79.782403;21.750994;28.237478,3,643.593386;607.5712020000001;629.7755579999999,31,44.432860999999995;44.32080800000001;46.408961999999995,6,16.52279;16.622659000000002;15.978741000000001,3,34.502686999999995;34.323143;34.529476,7.566711;7.750409;8.032861,8.575533051043749;8.8479770347476;10.618534171953796
kotlin-nextcloud-remove-function,1678,1,59.122481;58.962298000000004;60.941822,12.00143;11.408074;11.424330999999999,10,2.27489;2.224422;2.0195410000000003,10,2.428568;2.4287940000000003;2.235892,10,2.4192;2.217451;2.369806,10,2.315567;2.276166;2.321509,10,2.226815;2.249284;2.429011,10,308.809212;310.62872600000003;306.948471,10,81.22479;28.663628;22.421619,21,2314.0032960000003;2312.213139;2317.2212,13,85.355654;87.77548;86.416337,,,,,1740.52479;1683.90463;1690.802236,9.123296942561865;9.085851954296231;9.014947805553676
kotlin-refactor-function,26,1,2.132097;2.032743;2.031175,0.31500100000000003;0.15593999999999997;0.15197500000000003,3,2.131079;1.599911;1.700965,3,1.934045;1.886359;1.860334,3,1.9315859999999998;1.71196;1.8853039999999999,3,1.8247280000000001;1.8112009999999998;1.808802,3,1.829245;1.808627;1.9662960000000003,3,301.909663;303.904247;299.190252,3,45.036395999999996;26.727285;22.978041,0,337.865782;373.73663400000004;358.687003,1,58.92042;56.371404;55.453784999999996,,,,,24.41922;22.219113;22.169893,3.2003798987716436;3.2793169375509024;3.2248140778392553
lua-neovim-neovim-add-new-logic,4203,1,73.412975;72.82083;70.125724,15.624687;14.88017;14.997938000000001,3,2.6655770000000003;2.112055;2.187745,3,3.044584;2.9913600000000002;3.1116490000000003,3,2.8214580000000002;2.785768;2.738948,3,2.98235;3.143113;3.074178,3,2.8895750000000002;2.853631;2.7916600000000003,3,329.203505;332.806896;326.01845299999997,3,51.749002000000004;26.347507999999998;44.152074,,,7,87.22563899999999;86.931854;87.159788,,,,,,26.381576899439096;25.943387066945434;27.754129143431783
php-zetacomponents-consoletools-file-with-parse-errors-and-a-few-deletions,815,1,22.356669999999998;21.021185000000003;21.404425,5.432319;5.502733;5.777756999999999,0,2.170241;1.7052669999999999;1.813161,0,2.217239;2.164651;2.185299,0,2.156499;2.381192;2.114663,0,2.083866;2.034412;2.090575,0,2.3553390000000003;2.8076860000000003;2.18587,0,305.082311;302.12923800000004;308.332067,0,74.311003;48.980962000000005;28.878255,2,490.300534;509.329245;524.253182,0,49.837202999999995;49.813486;54.56914999999999,2,10.076383;9.510106;9.23879,,,115.425244;124.483076;109.091539,4.489124985411763;4.42517688497901;4.4895431492477655
rust-error-handling,29,1,2.1822;2.07856;2.043717,0.17748;0.12935400000000002;0.127217,3,1.999445;1.7996130000000001;1.788262,3,2.20355;2.0160009999999997;1.9525219999999999,3,1.930195;1.899095;1.76561,3,1.8340260000000002;1.824655;1.8799000000000001,3,1.82182;1.863612;1.7245940000000002,3,323.101295;304.72969900000004;302.91519,3,63.674115;19.510021;25.282632,2,308.340102;312.38940399999996;304.555202,3,50.059588000000005;50.856601;49.352655000000006,1,2.7646659999999996;2.515537;2.3921189999999997,,,16.562376;15.406493;15.605746,3.285893937572837;3.1566719990223646;3.196493024006486
rust-multi-map-duplicate-calls,13,1,0.283015;0.234463;0.22749399999999997,0.05172;0.024861;0.023783,1,1.940194;1.7338360000000002;1.852572,1,2.035228;1.8589209999999998;1.83365,1,1.905772;1.7717150000000002;1.911152,7,1.848804;1.826451;1.8099480000000001,7,1.764629;1.761526;1.767814,7,301.65591400000005;308.409734;306.12616599999996,1,39.316256;36.122273;24.535622,1,286.413364;289.50021300000003;295.998327,1,49.280936999999994;49.435202;48.871405,2,2.307357;1.90186;1.911586,,,3.572472;3.434017;3.439165,2.8395969420671463;2.7801229152828455;2.8913880232721567
rust-rust-lang-rust-remove-path-from-using,410,1,3.968125;3.848681;3.5316039999999997,2.0690809999999997;1.933494;1.9495460000000002,0,2.303639;1.863737;1.867262,0,2.033561;1.854485;1.877563,0,1.851725;1.89028;1.8925299999999998,0,1.939377;1.82388;1.91459,0,1.8066989999999998;1.861997;1.850439,0,303.969004;300.805789;304.78695700000003,0,64.10181;28.987479;24.9255,0,660.619918;681.035085;699.6260060000001,0,56.37585;55.392547;56.392576,1,6.5711520000000005;6.072293999999999;6.198712,,,299.548832;291.63853;293.296161,3.458142979070544;3.3184061758220196;3.446283051744103
rust-vercel-nextjs-move-from-one-struct-to-another-and-add-some-code,448,1,19.113174;18.802851;18.415460000000003,1.526176;1.475775;1.392366,5,2.269066;1.899603;1.786416,1,2.189656;1.99081;1.907822,1,1.8724150000000002;1.978933;1.825727,1,1.930608;1.899981;2.00132,1,1.941376;1.8950930000000001;1.888687,1,319.41599199999996;308.314495;307.97785300000004,1,69.95725399999999;19.485465;20.853757,8,584.748916;630.232788;593.030007,14,136.806918;137.133533;137.92759299999997,8,7.235773;7.284109000000001;7.021170000000001,,,193.615459;189.513992;191.777126,9.415630949661136;9.937213035300374;9.388835169374945
scala-com-lihaoyi-mill-new-import-used-to-remove-a-lot-of-code,465,1,64.58728099999999;64.01687;62.97014099999999,4.653661;4.619394;4.597016,3,2.163627;1.838029;1.936572,5,2.13422;1.9297229999999999;1.9399300000000002,5,1.95847;1.971553;2.0582320000000003,5,2.002133;1.9686510000000002;1.9671150000000002,5,2.0128009999999996;1.917389;2.022795,5,323.616329;325.515257;325.693248,5,35.969666999999994;20.382327;29.429762,,,18,502.44866899999994;517.621258;499.503005,,,,,,10.90863603167236;11.116798967123032;11.463411152362823
scala-com-lihaoyi-mill-small-refactoring,150,1,25.924585999999998;25.644371999999997;26.058695,0.980531;0.819855;0.852588,0,1.994282;1.7878939999999999;1.8836359999999999,0,2.026572;1.912361;1.923545,0,1.887868;1.880752;1.779819,0,1.876511;1.866012;1.840282,0,1.86727;1.923761;1.913021,0,355.21664;313.11908300000005;300.28729100000004,0,169.723642;18.729499;26.294338,,,0,78.415829;77.661228;78.02704200000001,,,,,,3.1529609113931656;3.2599070109426975;3.2553100027143955
scala-com-lihaoyi-mill-split-import-2,85,1,0.882966;0.722305;0.7055880000000001,0.5735060000000001;0.451585;0.4686,1,2.161479;1.8043079999999998;1.60989,1,2.006794;1.890671;1.7990510000000002,1,1.867215;1.899983;1.847856,1,1.745333;1.842952;1.783336,1,1.8064310000000001;1.832614;1.7670979999999998,1,308.899966;303.218665;299.852239,1,44.670362999999995;52.673489;24.421893,,,1,77.345882;84.06666799999999;77.94933599999999,,,,,,3.0085870530456305;2.967052161693573;3.0279518105089664
scala-ymnk-jzlib-add-a-test-case,148,1,2.79656;2.7059480000000002;2.680347,0.9301950000000001;0.7701100000000001;0.767397,3,2.114707;1.801927;1.8654629999999999,1,2.028543;1.904417;1.8217590000000001,1,1.8493220000000001;1.8922649999999999;1.8381129999999999,1,2.216309;1.935512;2.007488,1,1.873837;1.882989;1.842652,3,305.892223;303.66385099999997;305.251088,1,61.837608;19.774162;28.39863,,,5,78.198902;84.604123;78.763427,,,,,,4.363802960142493;4.3876871932297945;4.37175715342164
shellscript-pandas-dev-pandas-remove-one-line,249,1,2.235131;2.093367;2.017517,1.0528309999999999;0.9979089999999999;0.932696,0,2.097884;1.767471;1.8596759999999999,0,1.995054;1.898433;1.84456,0,1.953662;1.931081;1.8258759999999998,0,1.859928;1.901871;1.887838,0,1.954451;1.841349;1.80708,0,303.47977;306.717042;303.277355,0,164.96676399999998;39.645224999999996;24.780417999999997,,,0,17.501892;17.593058000000003;17.431758,1,5.26849;4.848751;4.883398,,,,2.843074034899473;2.9993888456374407;2.9935799539089203
tsx-mui-material-ui-add-to-empty-block,6,1,0.139425;0.09015500000000001;0.082451,0.064527;0.026904;0.024021,1,1.87269;1.626948;1.687741,1,1.930452;1.9248049999999999;1.849636,1,1.855692;1.738488;1.815088,1,1.8083879999999999;1.827308;1.8660269999999999,1,1.68564;1.812117;1.78087,1,301.399564;306.54896399999996;305.730029,1,48.809083;27.931041999999998;19.778879999999997,1,307.619149;312.060364;307.49175099999997,2,35.636586;35.079919000000004;35.146065,2,2.311121;1.9816780000000003;1.85461,,,1.676686;1.73568;1.702652,2.827123971655965;2.711646957322955;2.793106948956847
tsx-mui-material-ui-move-import,52,1,0.45514699999999997;0.381524;0.367436,0.20900600000000003;0.160494;0.15745399999999998,0,2.081394;1.831523;1.731651,0,1.894631;1.836303;1.828601,0,1.793605;1.882445;1.944484,0,1.894098;1.753713;1.876348,0,1.818451;1.883536;1.906604,0,307.243066;317.524627;302.78199099999995,0,45.092997000000004;19.666876;18.586906,0,361.946553;349.95591199999996;359.52278,0,36.450025;37.285225;36.081554000000004,2,3.282652;2.810349;2.730404,,,10.132733;10.311458;9.733063,2.7716991025954485;2.824499038979411;2.776743145659566
vimscript-chikamichi-mediawiki-add-one-autocmd,15,1,1.61921;1.4387429999999999;1.490837,0.114573;0.073404;0.071213,1,2.124178;1.7582559999999998;1.605476,1,1.953612;1.863227;1.803626,1,1.7945520000000001;1.802021;1.7292880000000002,1,1.849991;1.911249;1.827357,1,1.82367;1.809415;2.0168809999999997,1,308.016478;300.837321;325.932122,1,69.65273900000001;75.657402;35.903456,,,,,,,,,,2.9156829696148634;2.8295419178903103;2.8796950355172157
c-awslabs-aws-c-common-only-insert,487,0,1.652304;1.50663;1.465131,2.040337;3.037771;2.032454,4,2.065111;1.790177;1.836805,4,2.0884810000000003;2.027577;1.936785,4,2.011827;1.917195;1.981558,4,1.9198629999999999;1.941663;2.0749739999999997,4,1.942664;1.9446839999999999;2.004127,4,318.258691;314.798177;315.547837,4,85.557247;34.690107999999995;35.364228,2,442.218425;439.460287;445.80349,4,18.433108;18.291443;18.164733,2,10.49488;10.475081000000001;10.344268,0,38.7909;18.483673999999997;18.210544,210.118849;233.575259;256.024946,19.7478448972106;17.76259089820087;17.67286309041083
c-ffmpeg-added-typedef-to-enum,638,0,3.738197;3.38877;3.3781570000000003,1.6199;1.5237539999999998;1.5075830000000001,4,2.119561;1.917104;1.843546,4,2.120392;1.9360149999999998;1.9722979999999999,4,1.964328;1.9386869999999998;1.93542,4,1.918663;1.9757020000000003;1.906909,4,2.042519;1.849523;1.887464,4,305.64468700000003;326.52576;305.95648800000004,4,50.03503;27.256127000000003;27.560966,12,448.464518;473.665879;486.544511,4,18.054965;17.6872;17.834427,0,7.016754;6.648876;6.758844,10,26.470989;26.793546000000003;26.188033,82.904751;74.650184;81.032101,5.468958988785744;5.453350953757763;5.3539511281996965
c-ffmpeg-ffmpeg-rename-two-identifiers,1236,0,10.07448;9.616832;9.411066,5.650652;6.095631;5.327185,0,2.263508;1.825597;1.917521,0,2.1962610000000002;2.0857710000000003;2.027406,0,2.123554;1.977577;2.111729,0,2.0097180000000003;2.046782;2.08279,0,2.0294309999999998;2.089874;2.149162,0,306.584962;304.03193699999997;303.46107900000004,0,47.059878;59.960579;27.256646999999997,0,745.245011;744.0203680000001;773.6788799999999,0,30.117863000000003;29.941316;29.862916,2,14.838596;14.811121;15.869622999999999,0,71.302013;71.65647999999999;70.535819,285.755924;267.815203;262.541667,5.408942932263017;5.222600884735584;5.322514101862907
c-freeciv-add-parameter-to-function,63,0,0.454473;0.38841499999999995;0.37933,0.18653199999999998;0.167707;0.134023,0,1.995758;1.75261;1.59564,0,1.927979;1.904409;1.872672,0,1.830867;1.8396249999999998;1.7524929999999999,0,1.7809329999999999;1.84904;1.836255,0,1.905914;1.862984;1.827437,0,305.611088;302.49467699999997;302.683425,0,81.682903;19.453135;17.051434,2,317.052936;337.712134;327.22326899999996,1,13.398176;12.992528;12.956298,2,2.964372;2.532974;2.480729,2,7.185998;6.947802;6.8608389999999995,8.527488;8.068554;12.549051,2.99026002176106;2.972379792481661;2.958883997052908
c-freeciv-freeciv-rename-identifier,4490,0,52.325908999999996;52.769004;51.615962,20.83618;19.664991;19.845559,0,2.7300039999999997;2.28667;2.219999,0,3.202351;3.059044;3.1054709999999996,0,3.037198;3.0408039999999996;3.122554,0,3.277015;3.586249;3.3089730000000004,0,3.2256530000000003;3.2522979999999997;3.091834,0,311.35594199999997;312.449676;317.142586,0,51.343897;21.429392;21.665895000000003,0,1604.680391;1660.30218;1582.66788,0,81.419219;81.99861899999999;84.608408,2,49.233439;51.495395;49.423528000000005,0,240.743502;218.621277;223.359824,1023.977121;975.636084;942.352857,12.796121882274749;12.7853830344975;12.57599494419992
c-freeciv-freeciv-update-version,108,0,1.005911;0.8880399999999999;0.885848,0.40751099999999996;0.310199;0.342617,0,1.8165989999999999;1.671297;1.770163,0,2.0086209999999998;1.827783;1.876127,0,1.8529449999999998;1.875735;1.8375469999999998,0,1.833775;1.824599;1.820347,0,1.761683;1.834117;1.9702460000000002,0,306.19116099999997;300.21496199999996;303.74694,0,58.542745000000004;40.371588;26.452799,0,369.074633;403.250559;370.232173,0,13.70097;13.618662;13.477918,0,3.401014;3.014459;2.899655,0,9.473712;9.180954999999999;9.011834,13.784538;13.258891;13.784569,3.1360359862446785;3.19902622140944;3.3890479244291782
c-genymobile-scrcpy-add-a-define,17,0,0.440985;0.349113;0.406248,0.075893;0.033338;0.032341999999999996,0,1.969866;1.644823;1.7710009999999998,0,1.929138;1.864814;1.81142,0,1.7585229999999998;1.889772;1.867732,0,1.808272;1.830748;2.195029,0,1.919842;1.821964;1.717781,0,302.91195300000004;317.436485;318.68838,0,42.409862;40.610501;165.104942,0,313.043452;372.69689700000004;330.052602,0,12.934564;12.657639;12.503278,0,2.427758;2.090678;2.022022,0,4.945554;4.824235;4.627962999999999,2.684334;2.348664;2.433682,2.722193952649832;2.751382999122143;2.665875945240259
c-genymobile-scrcpy-add-a-define-,19,0,0.415969;0.47709500000000005;0.34331500000000004,0.054146;0.037513000000000005;0.037115,0,2.0385;1.738548;1.7529620000000001,0,1.9632629999999998;1.732723;1.8391309999999998,0,1.8175780000000001;1.8128199999999999;1.833836,0,1.704569;1.8046099999999998;1.791436,0,1.8081099999999999;1.8267870000000002;1.724288,0,305.009697;310.91051699999997;302.60558100000003,0,75.961045;22.940058;35.184409,0,306.93843599999997;299.945658;277.386549,0,13.366332;13.218686;12.490725,0,2.364118;2.1135110000000004;2.124795,0,5.05818;4.81118;4.76452,2.767334;2.284637;2.388767,2.661168109625578;2.659466816112399;2.761278999969363
c-genymobile-scrcpy-add-a-define-2,15,0,0.30900099999999997;0.334675;0.246003,0.04326;0.02845;0.027872,0,2.1693350000000002;1.701504;1.6926,0,1.863637;1.8309199999999999;1.7714239999999999,0,1.805454;1.854883;1.755741,0,1.843315;1.878372;1.7810700000000002,0,1.838153;1.761285;1.760495,0,302.324714;308.572037;301.918099,0,55.821625;20.089378;27.850602,0,320.20080299999995;306.567293;287.164464,0,12.995321;12.628538;12.567259,0,2.320028;2.047682;1.956135,0,4.837873;4.7069909999999995;4.695288,2.292055;1.854286;2.032811,2.744738943874836;2.670635934919119;2.755257999524474
c-genymobile-scrcpy-rename-and-add-a-define,13,0,0.295556;0.19662600000000002;0.188293,0.040479;0.025012;0.024435,0,1.990533;1.784856;1.881872,0,1.986823;1.8481940000000001;1.806891,0,1.862968;1.756849;1.834784,0,1.787673;1.7984170000000002;1.873335,0,1.871075;2.1996379999999998;1.936953,0,301.868657;301.247239;302.003433,0,46.374889;26.675793;35.964685,0,305.097091;307.68886699999996;296.4608,0,12.729403999999999;12.70019;12.686743,1,2.51174;2.091526;2.122923,0,5.048448;4.723756;4.718515,2.07459;1.879693;2.089518,2.840267028659582;2.857134910300374;2.883095992729068
c-genymobile-scrcpy-rename-defines,12,0,0.08405599999999999;0.059301;0.056443999999999994,0.035821;0.020404;0.019868999999999998,0,1.9182139999999999;1.722929;1.7570050000000001,0,1.9200199999999998;1.783913;1.880644,0,2.10863;1.8104099999999999;1.707403,0,1.865762;1.734584;1.7873839999999999,0,1.8229190000000002;1.830501;1.8376510000000001,0,302.529761;304.54708600000004;303.527262,0,64.467648;30.305214;22.605107999999998,0,281.92421;319.29559800000004;289.261996,0,12.795181;12.544779;12.54002,5,2.28141;1.996691;1.9737850000000001,0,5.436991000000001;4.961323;4.908336,1.95178;1.743275;1.783721,3.0795650091022253;3.0671930871903896;3.077853936702013
c-godotengine-godot-add-two-enum-values,332,0,3.239657;2.998787;3.006858,5.948570999999999;5.814125000000001;5.591241,0,2.108696;1.8035169999999998;1.668964,0,2.022467;1.95008;1.9315630000000001,0,1.8625340000000001;1.83625;1.897617,0,1.953134;1.927097;1.921821,0,1.9135630000000001;1.888031;1.8189490000000001,0,309.927411;301.52311799999995;308.78921799999995,0,47.024531;27.232968;31.393439,0,475.956743;478.140719;447.062242,0,21.162244;20.674456;20.422541,1,10.346473999999999;10.098703;10.023465,0,20.681068;20.499124000000002;20.216855,71.883368;72.527317;71.985216,3.520652884617448;3.3027990721166134;3.3384449779987335
c-godotengine-godot-pure-move,267,0,3.654518;3.355674;3.289161,3.108717;3.062895;3.073736,2,1.86168;1.684018;1.575496,0,1.9958850000000001;1.841273;2.003996,0,2.3252580000000003;2.084416;1.986529,0,2.066231;1.965161;2.535525,0,2.7036909999999996;2.489481;1.960514,0,305.759066;302.174395;301.13036999999997,0,67.18654000000001;35.632914;26.930275,1,391.16149099999996;388.22907499999997;409.33652,2,17.665839;17.136433;17.328306,3,7.824533;7.031317;6.995871,1,14.333749999999998;13.862055999999999;13.518075,44.214056;44.033809;42.529944,3.122579073533416;3.147275187075138;3.207957139238715
c-godotengine-godot-whitespace-only,447,0,7.546660999999999;7.314038999999999;7.297744,12.941486000000001;12.399681;12.097586,1,2.2530699999999997;1.9335520000000002;1.929929,1,2.118433;2.024625;1.9560160000000002,1,1.9650230000000002;1.945709;1.932619,1,1.9537740000000001;2.044984;1.944604,1,1.9698889999999998;1.876916;1.855385,1,311.818018;304.52367200000003;301.23859600000003,1,144.591578;19.308749;21.996199,0,671.9435940000001;620.5805009999999;573.33376,1,30.33701;30.580553;31.034729000000002,0,20.464555999999998;22.820483999999997;22.931523,0,33.252432;30.475258;30.351057,180.808176;178.14519;178.011339,3.1227029394358397;3.1331770587712526;3.2589889597147703
c-htop-dev-htop-add-comment,47,0,0.304754;0.204489;0.199139,0.14071;0.096525;0.087373,0,2.062566;1.783824;1.914113,0,2.088145;1.964235;1.915398,0,1.86544;1.782384;1.755012,0,1.799496;1.850157;1.88754,0,1.807415;1.786946;1.825479,0,304.092268;306.24139;302.36563900000004,0,91.6656;26.61251;25.552124,0,299.594513;316.475803;309.999285,0,13.033629999999999;12.8724;12.755586,0,2.7539890000000002;2.398332;2.299288,0,5.616179;6.6372;5.632543999999999,5.560407;5.740594;5.153235,3.253459930419922;3.34701593965292;3.2504540868103504
c-htop-dev-htop-add-function,35,0,0.173623;0.12767599999999998;0.12308100000000001,0.076482;0.050706;0.06820899999999999,0,1.920532;1.6624020000000002;1.593453,0,1.9615209999999998;1.851734;1.846905,0,1.865841;1.727765;1.814691,0,1.760198;1.793784;1.746163,0,1.686464;1.7675569999999998;1.7392690000000002,0,301.068707;310.128442;303.22416899999996,0,93.285588;25.194797;23.51325,0,305.52725;295.494703;297.307612,0,13.397904;12.748562;12.615494,0,2.410856;2.066054;2.0684470000000004,0,5.2608999999999995;5.0871010000000005;5.11567,3.105125;3.096532;2.944836,2.8286620508879423;2.7753859758377075;2.8299761470407248
c-htop-dev-htop-update-import,124,0,0.47920999999999997;0.5101640000000001;0.421037,0.36116899999999996;0.23822100000000002;0.2627,0,2.024691;1.837031;1.758563,0,2.0066289999999998;1.7935150000000002;1.83082,0,1.8371590000000002;1.8579530000000002;1.8796080000000002,0,1.83241;1.767497;1.83331,0,1.83403;1.858677;1.825093,0,302.63009600000004;302.68876500000005;308.184423,0,46.011939;20.069067999999998;32.03951,0,345.457397;324.01435200000003;331.00012899999996,0,13.448074;13.653346;13.649795,0,2.867953;2.666274;2.567581,0,8.174427999999999;8.226427;8.134406,15.454086;12.404879;12.919867,2.8832319658249617;2.8578590136021376;2.9464459512382746
c-htop-remove-function-declaration,190,0,1.381265;1.2780529999999999;1.22515,0.77728;0.712397;0.6513639999999999,1,2.119729;1.750477;1.643938,1,1.9820630000000001;1.898325;1.8481260000000002,1,1.8870040000000001;1.850458;1.860134,1,1.8330950000000001;1.920571;1.870825,1,2.0608839999999997;1.877561;1.916025,1,308.52774700000003;303.004193;303.442563,1,47.368108;32.155966;31.51189,0,398.757025;422.11094399999996;416.584444,0,15.356779;14.872062;14.787483,1,3.8904080000000003;3.734189;3.722805,0,13.261013;13.068483;13.324239,34.583786;30.280248;32.741037,2.831964986398816;2.798364032059908;2.8739101253449917
c-intel-vpl-gpu-rt-whitespace-only-change,1500,0,6.77557;6.317221;6.350711,19.661254999999997;18.807099;18.717095,2,2.1413159999999998;1.98709;1.872743,2,2.340493;2.3734450000000002;2.175424,2,2.23034;2.0928090000000004;2.2294110000000003,2,2.2461209999999996;2.184859;2.179871,2,2.152352;2.1279329999999996;2.043568,2,303.68008499999996;304.218422;304.819732,2,37.965278;30.2902;26.008647,0,654.531577;673.404911;689.411686,2,40.776943;41.294814;41.933937,0,29.107885;30.163403;29.533088999999997,0,67.883915;67.708186;67.481004,246.286208;232.060265;236.939166,5.158165004104376;5.179203115403652;5.098151974380016
c-ladybirdbrowser-ladybird-change-to-a-different-class,64,0,0.5457040000000001;0.47824500000000003;0.479396,1.282619;1.174058;1.137725,0,2.191543;1.8210259999999998;1.5999379999999999,0,1.921711;1.883419;1.845185,0,1.839846;1.872728;1.7997779999999999,0,1.8232190000000001;1.802753;1.875529,0,1.845272;1.8629600000000002;1.8315759999999999,0,301.568336;303.234315;303.391876,0,56.601205;28.463542;20.865043999999997,0,384.342042;343.16559;378.59062700000004,0,14.605063999999999;14.383982999999999;14.311628,0,3.780981;3.44528;3.423708,0,8.950862;8.695835;8.698426,13.988799;13.523957;14.683105,3.085901029407978;3.326951991766691;3.009140957146883
c-ladybirdbrowser-ladybird-move-to-a-different-class,64,0,0.569399;0.49164399999999997;0.5346040000000001,1.2454100000000001;1.1508150000000001;1.2524229999999998,0,2.083564;1.732548;1.7147510000000001,0,2.04462;1.975747;1.906603,0,1.9043020000000002;1.980533;1.8519809999999999,0,1.797771;1.885173;1.824616,0,1.866872;1.828316;1.843795,0,301.790997;304.591725;300.739215,0,55.334297;27.203070999999998;20.823206,0,352.78165700000005;320.219172;321.653867,0,15.043173999999999;14.470113999999999;14.748024000000001,0,3.859175;3.460651;3.457376,0,12.063874;8.587132;8.994890999999999,13.652539;12.866801;14.139274,3.0945499893277884;3.0362328980118036;2.9744990170001984
c-libtom-libtomcrypt-change-function-call,728,0,9.310055;8.922267;8.856202,8.183651;7.289646;7.180138,0,2.2726349999999997;1.757968;1.918639,0,2.149055;2.046833;2.002948,0,1.9828469999999998;2.0368;2.000392,0,2.0150430000000004;1.9944220000000001;1.9611329999999998,0,1.950361;2.0364799999999996;1.9875660000000002,0,303.40653299999997;313.420571;304.475799,0,38.918541;22.580482999999997;23.006051,0,781.2128299999999;671.713675;711.913743,0,29.292137;28.937139000000002;29.087745,1,14.49077;14.579852;14.346178,0,48.524026;48.728855;48.560733,274.796145;246.095791;253.690863,3.9609239902347326;3.944491036236286;3.989908145740628
c-linux-small-bugfix,6905,0,71.682042;71.009671;70.789013,27.067806;27.209494999999997;27.256528,3,2.78911;2.431234;2.481808,3,3.0871560000000002;2.98016;2.9271309999999997,3,2.889581;2.8380419999999997;2.844129,3,2.969354;3.084515;2.934959,3,2.935661;2.8860270000000003;2.805174,5,341.26912599999997;341.405537;338.739576,3,46.322817;31.105017;24.282093,15,2145.2787820000003;2289.8716640000002;2240.443601,3,101.514287;100.389369;101.24024399999999,3,68.68418799999999;69.670976;67.953146,1,319.603416;313.921377;314.83077399999996,1538.546292;1530.028159;1496.165962,32.76625485159457;33.07107090950012;32.68724400550127
c-linux-small-change,1816,0,21.560255;20.947201;22.407206,6.492059;7.587051;6.231878,0,2.375537;2.221434;2.382956,0,2.652555;2.447798;2.230001,0,2.329457;2.273696;2.2598570000000002,0,2.2635;2.308199;2.242617,0,2.257813;2.1946660000000002;2.228409,0,316.93875199999997;333.153345;316.487656,0,52.749663000000005;28.422385000000002;22.460567,0,866.427234;846.222209;854.631486,0,51.341022;50.335122000000005;50.306869,4,20.014606;20.280264;20.209274,1,217.224038;214.30644600000002;211.532254,328.086585;329.47845;333.291476,15.334662981331348;15.087204053997992;15.132521046325564
c-linux-small-change-struct-to-char,3545,0,113.353205;113.353899;115.556638,13.363187;16.65463;12.980875999999999,2,2.468601;2.124186;2.082095,2,2.8013399999999997;2.621328;2.604524,2,2.53235;2.6199790000000003;2.626294,2,2.659995;2.688964;2.772098,2,2.6339639999999997;2.601048;2.591529,2,320.62085;321.576198;322.27287,2,55.139386;24.912074999999998;34.807256,1,1185.765107;1189.619463;1254.476195,2,53.018611;53.367934;54.539043,5,38.357893999999995;37.832123;32.945069000000004,4,149.131399;149.87764;149.21361199999998,644.498626;626.143532;639.000251,30.525060137733817;30.005690176039938;29.525587800890207
c-microsoft-terminal-add-function,979,0,16.019288;14.656895;16.680895,47.233039;52.406133;46.214414000000005,0,2.176212;1.898547;1.786583,0,2.3677569999999997;2.247256;2.0932199999999996,0,2.1025110000000002;2.084242;2.069339,0,2.0721979999999998;2.093878;2.060593,0,2.078346;2.076417;2.124178,0,305.485548;359.95000799999997;304.816661,0,51.098697;22.696194;22.455564000000003,18,926.849853;931.100685;1021.095245,0,74.014895;70.698875;70.955588,0,60.24401;63.409169;62.644566999999995,0,293.94588799999997;285.304328;295.089752,435.449121;449.147559;432.98239,4.812240833416581;4.893990000709891;5.140152061358094
c-microsoft-terminal-add-two-includes,13,0,0.092298;0.059380999999999996;0.05185,0.025151;0.011059;0.009604,1,2.139628;1.781028;1.705618,1,2.0185;1.9210340000000001;1.8421310000000002,1,1.872189;1.765142;1.9435419999999999,1,1.8107589999999998;1.816548;1.849404,1,1.7315720000000001;1.8499409999999998;1.827676,1,303.213195;310.601337;303.098152,1,41.25538;18.92764;27.128879,0,321.894767;305.81204099999997;312.84248799999995,0,12.707087000000001;12.363900000000001;12.607429999999999,0,2.276005;1.978827;1.898278,0,4.515941;4.434626;4.417993,1.223757;1.203818;1.887608,2.7313928585499525;2.8127620462328196;3.0852798372507095
c-microsoft-terminal-change-import-path,130,0,0.35224099999999997;0.301369;0.353211,0.19436900000000001;0.14815699999999998;0.277085,1,1.913905;1.687693;1.711485,1,2.0314349999999997;1.8490419999999999;1.967753,1,1.81354;1.78901;1.780637,1,1.805882;1.8789150000000001;1.84516,1,1.7984559999999998;1.770872;1.9146429999999999,1,323.176884;320.880897;301.013265,1,60.441238;54.280511;25.714527,1,303.699749;343.65562300000005;326.496026,1,13.230521;13.931379000000002;13.206433,0,2.975021;2.76838;2.573137,1,6.860663000000001;6.747679000000001;6.686617,8.430613;7.981973;7.723001,2.963257022202015;3.0476448591798544;3.149928990751505
c-mozilla-firefox-firefox-remove-two-comments,50,0,0.257207;0.202929;0.25166499999999997,0.549475;0.43875600000000003;0.48961299999999996,0,1.8356;1.7079650000000002;1.767477,0,1.9734779999999998;1.89025;1.757452,0,1.79014;1.866279;1.823806,0,1.8455469999999998;1.8072979999999998;1.752925,0,1.777979;1.771375;1.866792,0,303.02497900000003;300.13348299999996;303.29857100000004,0,57.706955;29.390985;20.764751,0,319.096316;286.449267;311.69388,0,13.596889;13.154121;13.433435000000001,1,3.133778;2.897356;2.6994219999999998,0,5.607167;5.3747489999999996;5.8474699999999995,5.937223;5.728443;5.846675,2.9430759605020285;2.6676710695028305;2.870060969144106
c-neovim-neovim-add-an-include,13,0,0.112626;0.063213;0.057506999999999996,0.034072;0.013877;0.013018000000000002,0,2.016827;1.702894;1.6532840000000002,0,1.910183;1.8700839999999999;1.9258170000000001,0,1.851474;1.694613;1.804441,0,1.7815509999999999;1.8124339999999999;1.759727,0,1.797426;1.935849;1.838426,0,301.957571;307.505756;304.485844,0,46.166779999999996;19.824317;19.686793,0,352.369801;312.064901;293.112186,0,12.6966;12.349071;12.511803,1,2.3605359999999997;1.931978;1.8933229999999999,0,4.663149;4.36233;4.428828,1.651196;1.520481;1.455013,2.7564698830246925;2.752931090071798;3.144086105749011
c-neovim-neovim-small-change,18,0,0.302187;0.197644;0.191449,0.116786;0.083481;0.08857599999999999,2,1.914557;1.78434;1.640669,2,1.9192420000000001;1.797609;1.855344,2,1.808532;1.7200220000000002;1.800444,2,1.78419;1.866238;1.7979260000000001,2,1.714653;1.8039219999999998;1.7881170000000002,2,309.438957;301.969879;313.89707599999997,2,41.550686000000006;36.316868;32.885103,2,329.363273;322.976431;381.938311,3,12.960232;12.631348000000001;12.720484,2,2.53643;2.424417;2.1907900000000002,0,4.80461;4.809425;4.749801,2.608603;2.470079;2.40635,2.85253394395113;2.8814109973609447;3.8172260392457247
c-ondsel-development-ondselsolver-add-include,269,0,2.734439;2.54247;2.548197,4.177733999999999;4.108596;4.137659,0,2.190871;1.773802;1.756691,0,2.012835;1.8283889999999998;1.8128440000000001,0,1.832993;1.807233;1.925306,0,1.83486;1.9661180000000003;1.771513,0,1.8545639999999999;1.8259050000000001;1.857968,0,306.358205;301.214178;301.758313,0,66.37425800000001;21.747752;107.116247,0,426.57949;452.71819;433.98332899999997,0,19.079091;19.243778;19.169770999999997,1,8.168005;7.929639000000001;7.8123309999999995,0,15.534170999999999;15.830220999999998;15.788608,66.905103;68.559251;67.265808,3.1021751929074526;3.0374869238585234;3.1080429907888174
c-openssl-openssl-add-two-clang-comments,8,0,0.13175099999999998;0.044802;0.038928,0.026659000000000002;0.009479;0.008584000000000001,0,1.8300059999999998;1.641764;1.73311,0,2.000819;1.848752;1.7064039999999998,0,1.8189199999999999;1.808961;1.854355,0,1.803524;1.78532;1.7672860000000001,0,1.818502;1.789805;1.811292,0,302.210932;300.662011;300.465832,0,43.458346;20.450087;29.218812,0,285.030123;310.919117;280.352646,0,12.775168;12.619703;12.848396,0,2.139377;1.858333;1.8253110000000001,0,4.571146;4.31492;4.251932,1.109119;0.976687;1.05003,2.72863800637424;2.775364089757204;3.406311850994826
c-openssl-openssl-copyright,3898,0,48.306782;48.185561;48.209251,21.993344999999998;22.119757;22.198786,0,2.91985;2.177477;2.198497,0,2.68068;2.561046;2.5083729999999997,0,2.563695;2.5828040000000003;2.5785270000000002,0,2.5291319999999997;2.559619;2.49368,0,2.5068360000000003;2.5164150000000003;2.510052,0,309.45574799999997;310.391895;310.897029,0,72.889922;33.721874;26.74406,14,1785.015874;1796.222663;1866.732486,0,84.757538;81.0903;79.845759,0,56.28074;58.533145000000005;54.606272,0,287.636978;282.343755;290.594877,1169.527412;1096.119404;1097.742504,8.331685094162822;8.499209070578218;10.05811896175146
c-openssl-openssl-format-only-change,148,0,0.714064;0.675499;0.608445,0.5638449999999999;0.500544;0.44235599999999997,4,2.112612;1.7610379999999999;1.588201,4,1.952011;1.8552250000000001;1.8524500000000002,4,1.883699;1.8648040000000001;1.757377,4,1.798237;1.8205090000000002;1.820538,4,1.836483;1.835529;1.832033,4,304.028174;303.198353;300.8589,4,54.161795;30.081137000000002;19.658051999999998,2,340.615291;396.457582;358.29181700000004,2,14.049928;13.825164;14.526523,6,3.574569;3.178194;3.136505,6,10.178764999999999;9.79612;9.949160000000001,18.370189;16.732336;21.909942,3.704266157001257;3.695226041600108;3.8934729527682066
c-openssl-openssl-identifier-to-literal-zero,8248,0,74.42544199999999;68.542622;70.36780300000001,27.055666;27.997868;27.944585000000004,0,3.073534;3.035187;2.678144,0,3.679436;4.122953000000001;3.4548650000000003,0,3.705499;3.7763229999999997;3.730985,0,3.6857819999999997;4.110821;3.819087,0,4.483835;3.5652320000000004;3.455135,0,332.919075;345.288466;333.196339,0,34.183384;38.135516;53.224154000000006,0,2325.87667;2424.796273;2445.464966,0,110.196853;109.05904299999999;108.905979,0,74.807457;76.64246399999999;74.534956,0,369.912984;377.540973;373.912672,1705.86387;1628.785324;1649.874707,16.323327086865902;16.278419876471162;22.989155957475305
c-openssl-openssl-whitepsace-only,54,0,0.23114300000000002;0.14554699999999998;0.140863,0.12596200000000002;0.085643;0.082962,10,2.020114;1.8432469999999999;1.635232,10,2.040073;1.888535;1.988565,10,1.850067;1.812462;1.8052540000000001,10,1.8682130000000001;1.7732780000000001;1.841792,10,1.8127950000000002;1.852561;1.8978860000000002,10,304.275643;308.92465699999997;302.87697099999997,10,32.388843;19.987925;20.008372,0,309.230706;300.085722;301.089304,0,13.076555;12.801988999999999;12.610628,0,2.3837390000000003;2.138004;2.112908,0,5.550608;5.552678;5.584402,4.14189;4.373634;4.022132,3.528702072799206;3.4974459558725357;3.679721150547266
c-openssl-openssl-whitespace-only,48,0,0.234839;0.175282;0.171104,0.207894;0.108319;0.100702,2,1.947869;1.826581;1.77623,2,1.9952580000000002;1.762008;1.88632,2,1.789428;1.830197;1.8157869999999998,2,1.7602760000000002;1.787854;1.8276519999999998,2,1.892745;1.842774;1.8435929999999998,2,302.992497;312.56152399999996;300.638709,2,64.202443;27.523654;26.143093999999998,0,315.264928;323.748068;317.687032,0,13.17676;12.719675;13.287184,0,2.5983080000000003;2.167215;2.21689,0,6.098304;5.806693;5.792185,4.828897;5.122507;4.608289,2.98708607442677;2.8615707997232676;4.256694111973047
c-pocoproject-poco-replace-0-with-nullptr,510,0,32.65921;32.320623;32.629764,6.878999;6.744459;6.5016680000000004,0,2.0251710000000003;1.804087;1.845127,0,2.08937;1.972186;1.9271049999999998,0,2.251555;1.96657;2.0167420000000003,0,2.070663;1.9654550000000002;1.918483,0,1.91432;2.02514;1.9431800000000001,0,305.029589;301.663994;302.02587800000003,0,46.796814;17.795199;19.025460000000002,0,516.5901080000001;496.24393100000003;523.6177600000001,0,24.742552;23.584606;23.686425,0,12.136456;11.720417000000001;11.596197,0,44.019581;40.858537;41.096689,102.767413;99.422289;94.895153,4.0548068936914206;4.19729296118021;6.384392036125064
c-postgres-postgres-copyright,4228,0,18.272369;18.349159;18.150888000000002,12.401771;13.482005000000001;14.268481000000001,0,2.6505840000000003;2.121361;2.0695,0,2.696948;2.593616;2.475048,0,2.5558;2.4465;2.548447,0,2.429162;2.529516;2.5575620000000003,0,2.432541;2.488467;2.502695,0,311.60218499999996;311.487366;309.043198,0,85.58758399999999;89.60997;27.436776,26,1089.8465580000002;1094.737586;1056.538654,0,49.819819;49.084675000000004;50.132689,0,36.029283;36.777442;37.707418,0,146.616786;142.972754;147.045378,523.382435;506.093725;510.028293,9.743781061843038;9.857062017545104;10.837954003363848
c-postgres-postgres-copyright-2,1576,0,6.889588000000001;6.521342000000001;6.314208,4.4054590000000005;4.221352;3.891714,0,2.335206;2.015194;1.9316419999999999,0,2.293419;2.033954;2.018814,0,2.0712669999999997;1.997394;2.013642,0,1.998325;1.9878550000000001;2.00475,0,1.9888039999999998;2.06495;3.2137789999999997,0,325.041682;311.518193;332.32493,0,55.228428;27.593896;21.531233,24,651.384043;624.968933;651.111383,24,29.919264000000002;33.063782;29.61198,0,13.804824;13.580426;13.872605,0,56.398515;55.861735;57.374772,183.958551;177.205201;176.351486,5.249227862805128;5.473833996802568;5.76438196003437
c-postgres-postgres-copyright-3,474,0,2.308627;2.1953419999999997;2.153011,1.496094;1.452413;1.364788,0,2.20554;2.0619140000000002;1.807957,0,2.080991;1.915136;1.811493,0,1.829126;1.886682;1.8429119999999999,0,1.840781;1.972633;2.049839,0,1.8903699999999999;1.882463;1.922626,0,302.165901;303.590708;301.128719,0,62.396642;28.569579;27.599076,16,443.279421;467.61182499999995;461.15686,16,21.581207000000003;19.533434999999997;18.435767,0,6.001652;5.84744;5.678555,0,21.866611000000002;21.8981;21.690808999999998,73.036913;61.243311;61.483222,3.5619190894067287;3.467431990429759;3.576501039788127
c-postgres-postgres-copyright-year-update,76,0,0.286235;0.167131;0.164564,0.25272799999999995;0.198366;0.196715,0,2.0592829999999998;1.7464659999999999;1.748323,0,1.931886;1.804258;1.818807,0,1.8042049999999998;1.8571950000000002;1.816282,0,1.7621419999999999;1.815271;1.791818,0,1.8313949999999999;1.809369;1.72919,0,301.036979;323.166317;309.106923,0,37.267356;22.323888;29.474098,32,320.095006;325.948797;320.309188,32,15.786670999999998;29.12577;15.145334,0,10.006752;2.364688;2.219208,0,6.52431;6.749011;8.224887,4.993288;4.350219;4.345357,2.8780719731003046;2.758182119578123;2.941167214885354
c-postgres-postgres-copyright-year-update-2,136,0,0.512338;0.43459;0.461505,0.600088;0.5358339999999999;0.57808,0,1.9713600000000002;1.816951;3.978978,0,1.9606789999999998;1.87309;1.901439,0,1.873527;1.742703;1.77265,0,1.82235;1.757931;1.8710849999999999,0,1.843602;1.759956;1.8448419999999999,0,303.810267;300.841175;304.413201,0,52.0323;28.994474;28.543267,20,315.032753;335.068438;355.712797,0,13.892494;13.773495;14.061587000000001,0,3.6986649999999996;3.172728;3.175214,0,8.177141;7.9867989999999995;8.003775,11.972881;10.901413;11.341414,2.9284311458468437;2.9208750929683447;3.1725610606372356
c-postgres-postgres-copyright-year-update-3,142,0,0.633409;0.49923999999999996;0.544331,0.37147;0.382811;0.328992,0,2.1018410000000003;1.69616;1.592232,0,2.037002;1.842723;1.851313,0,1.8574439999999999;1.814574;1.845011,0,1.943093;1.826519;1.8830500000000001,0,1.8434320000000002;1.860385;1.9405329999999998,0,306.509381;303.520457;308.004335,0,66.56584;20.740565999999998;32.972671000000005,52,349.18072700000005;365.920789;338.77224500000005,52,18.525531;18.173341999999998;17.617732,0,3.399314;3.281941;3.170767,0,10.534438;10.401196;10.409875000000001,13.85061;12.788989;12.91222,2.986080013215542;2.910420997068286;3.0194269493222237
c-postgres-postgres-fix-typo,6052,0,28.650118;26.578874;26.298012999999997,14.930067000000001;14.593492000000001;14.776254999999999,0,2.74791;2.544032;2.312288,0,3.491365;3.217365;3.280277,0,3.331563;3.15671;3.178915,0,3.589626;3.426263;3.3826009999999997,0,3.214484;3.216491;3.232932,0,312.741109;312.31628;314.035934,0,61.648716;35.948456;27.649213999999997,0,1379.9691570000002;1297.260259;1302.447324,0,71.378574;74.244855;71.53951,0,47.932181;47.839043999999994;50.821979000000006,0,192.309099;195.414434;191.614362,757.143028;728.733025;726.877885,13.528370996937156;13.488285942003133;15.814637066796422
c-postgres-postgres-preprocessor-heavy-change,112,0,2.0351000000000004;1.9026500000000002;1.867091,0.35996;0.27842;0.274589,29,26.51188;2.253789;1.9391740000000002,29,2.081183;1.8183690000000001;1.9736770000000001,29,1.817895;1.840115;1.8892419999999999,23,1.829579;1.842408;1.853438,3,1.834037;1.73515;1.795391,3,308.855324;305.143726;301.75716200000005,29,31.303330999999996;19.276003;49.924832,34,352.564631;368.974527;341.007015,14,41.788292999999996;46.321676;46.036958000000006,27,6.551737999999999;6.14333;5.993082,42,8.905498;8.890525;11.948042000000001,12.998966;14.048844;12.536475,4.893091041594744;4.947798093780875;5.010680994018912
c-postgres-postgres-tiny-but-interesting,4176,0,21.41145;20.276560999999997;19.173021,11.812289;11.630742;11.55263,0,2.5728050000000002;2.130878;2.1397410000000003,0,2.5451710000000003;2.414634;2.5016249999999998,0,2.413252;2.42913;2.3918310000000003,0,2.486755;2.413297;2.545632,0,2.385284;2.519651;2.4379649999999997,0,310.62827799999997;309.530525;308.52137899999997,0,35.462216999999995;21.578165;21.739338,0,1065.014881;1054.976218;1078.985913,0,49.386098000000004;48.545432999999996;47.941736999999996,0,32.122356999999994;32.327147000000004;32.889722000000006,0,144.229041;139.186936;135.858784,525.721643;527.987426;524.490788,9.044505888596175;8.878374006599188;9.341140976175666
c-postgres-postgres-update-copyright-year,40,0,0.106186;0.041285;0.037425,0.042517;0.023701;0.023355,0,2.18746;1.6515900000000001;1.697078,0,1.919894;1.835604;1.8056999999999999,0,1.740821;1.848396;1.837888,0,1.8422370000000001;1.782287;1.8206360000000001,0,1.9392479999999999;1.77498;1.832565,0,301.194797;312.619205;300.341758,0,30.441277;25.040084;22.353955,22,301.81118499999997;305.853023;300.457477,22,14.008988;13.678324;13.709498,0,2.389164;2.1076639999999998;2.048017,0,4.931681;4.829029;4.794464,1.417383;1.586707;1.317156,2.8899190947413445;2.9619771521538496;3.034016117453575
c-protocolbuffers-protobuf-add-to-preproc-define,443,0,1.6771850000000001;1.6671310000000001;1.505587,1.5048110000000001;1.405948;1.330571,1,2.058898;1.739286;1.773601,1,2.0859759999999996;1.985299;1.8908900000000002,1,1.9773540000000003;1.931705;2.013067,1,1.9940600000000002;1.937712;1.9386320000000001,1,1.875486;1.938523;1.912825,1,302.95800299999996;302.253532;310.402979,1,61.299522;22.138996000000002;30.202144999999998,7,400.51097899999996;414.120937;398.962782,1,15.927697;15.959577999999999;19.05194,0,6.155029;5.741646;5.748836,0,17.131117;16.828183;16.906729,39.116087;38.522022;38.609192,4.207948921248317;4.333883058279753;4.5332410372793674
c-protocolbuffers-protobuf-change-regex,2320,0,18.432646000000002;17.605661;17.434602,9.531288;9.729267;11.83005,0,2.43297;2.046202;2.060544,0,2.638432;2.530923;2.418131,0,2.574207;2.5977650000000003;2.5511739999999996,0,2.5665660000000003;2.543352;2.784275,0,2.5068949999999997;2.502666;2.465801,0,306.344272;305.652056;304.925414,0,56.503562;45.033455000000004;51.098488999999994,0,952.770887;993.804503;998.19578,0,45.775989;46.308335;45.764497,0,26.532776000000002;27.966026000000003;26.648664999999998,0,113.87142899999999;113.85752000000001;115.142738,459.81164;445.478217;440.741513,7.158689899370074;8.739419048652053;8.1136638764292
c-redis-redis-one-line-insert,9289,0,111.261057;111.271228;108.040541,36.58947;36.832931;36.350014,0,3.276693;2.757071;2.65427,0,3.855515;3.5778670000000004;3.491093,0,3.5189340000000002;3.51234;3.487189,0,3.508425;3.5993459999999997;3.798577,0,3.797071;3.507171;3.576373,0,319.33700799999997;321.312353;341.57570300000003,0,27.089209999999998;38.864958;32.772299,0,3183.875967;3105.648166;3236.414405,0,144.079544;143.115207;142.501532,1,98.82224500000001;100.056259;98.64171400000001,0,481.74449400000003;539.588254;484.297545,2520.975758;2460.076588;2404.205588,20.017588045448065;18.241838086396456;25.116353994235396
c-relianoid-nftlb-zcu-log-to-u-log,458,0,2.890797;2.7444729999999997;2.719551,1.9060639999999998;1.8147069999999998;1.8127209999999998,1,2.2595620000000003;1.899207;1.956391,1,2.178003;1.961072;1.9368409999999998,1,1.882985;1.943375;1.929637,1,1.922831;1.885077;1.950027,1,1.8161919999999998;1.864174;1.884592,1,314.737046;307.41544;313.827274,1,58.136886;22.82063;20.974287,1,540.446952;462.150234;471.610931,1,25.240935;24.742440000000002;24.861636,9,6.5922480000000006;6.082334;5.982317,1,32.990561;31.049602999999998;31.101749,77.482056;75.865421;80.134808,6.578793982043862;6.330671021714807;7.353532826527953
c-rust-lang-rust-add-two-consts,16,0,0.17893;0.135997;0.170933,0.13567;0.049877000000000005;0.046567,0,2.055705;1.8075590000000001;1.759013,0,1.954637;1.822889;1.82996,0,1.8281230000000002;1.748171;1.822333,0,1.775241;1.8166;1.792644,0,2.298952;1.9369910000000001;1.819445,0,300.907254;303.747044;300.603094,0,37.055327;23.782688999999998;40.28209,0,313.85384;292.239468;324.27416900000003,0,14.321745;12.934169;12.676685,0,2.3564279999999997;2.0997820000000003;2.046926,0,5.168551000000001;5.097867;6.237378,2.997543;2.869553;2.903133,2.8349708300083876;3.23975901119411;2.9436300974339247
c-sqlite-sqlite-fix-format-string-typo,3658,0,34.146983;34.299051;34.179042,15.650314000000002;14.054664;15.756295,0,2.536848;2.2064820000000003;2.139119,0,2.758952;2.7515709999999998;2.641861,0,2.635831;2.749979;2.666742,0,2.835501;2.792528;2.984115,0,2.7151549999999998;2.672311;2.735788,0,330.104979;309.49281099999996;307.06361999999996,0,57.151322;25.476385;27.476768,0,1352.109657;1555.1041890000001;1370.6660749999999,0,80.164666;59.257674;57.205697,0,36.973448999999995;37.966593;35.441374999999994,0,176.69961800000002;182.544869;186.92578600000002,785.439637;747.730446;801.465063,9.224402019754052;10.873693972826004;10.566130047664046
c-tmux-tmux-delete-one-include,1963,0,14.72505;14.146196999999999;13.800898,6.677405;6.494064;6.651025000000001,0,2.272062;1.863864;1.892353,0,2.211046;2.011475;2.034442,0,2.070199;1.995897;2.019543,0,2.0253390000000002;2.024785;1.979898,0,2.032832;1.9690520000000002;2.017249,0,314.577304;302.792238;303.76017,0,75.70158500000001;25.780520000000003;21.810747,0,850.009111;901.920346;841.142279,0,34.408088000000006;34.558269;35.038512000000004,1,16.441315000000003;16.544474;16.47955,0,93.810213;91.878513;92.88155300000001,359.583097;352.20929;371.941538,4.3261670507490635;5.027987994253635;4.904851084575057
c-tripwire-tripwire-open-source-add-single-item-to-list,721,0,5.315657;5.094539;7.2242169999999994,6.335107000000001;6.297295;6.196925,1,2.140478;1.894992;1.795393,1,2.0790610000000003;1.9855200000000002;1.931243,1,2.002123;2.136708;2.715753,1,2.1575539999999997;2.023343;2.007427,1,1.9385979999999998;2.088486;1.961582,1,302.898435;314.546344;302.843847,1,39.642827;35.734463;34.100443,0,479.357129;490.02432;461.07649200000003,1,22.070055;22.180154;22.454237,0,15.115723;12.418458000000001;12.174242,0,28.000543999999998;27.080208000000002;27.491804000000002,78.364385;78.017044;75.494481,4.218474961817265;4.42770984955132;4.915004130452871
cpp-add-const-correctness,32,0,1.024464;0.9169189999999999;0.8611289999999999,0.251142;0.13478;0.13065100000000002,1,2.100664;1.771291;1.816378,1,1.935141;1.900634;1.799167,1,1.8693089999999999;1.782095;1.77944,1,1.760359;1.7749759999999999;1.8389630000000001,1,1.791903;1.799235;1.7594729999999998,1,307.72215800000004;302.63492199999996;301.817725,1,42.516048;19.54301;34.951060999999996,0,361.524388;319.427246;360.921382,1,46.464532000000005;45.618443;45.885937,1,2.669321;2.2422150000000003;2.209383,1,6.679638;6.4540429999999995;6.531029,15.555183;15.20047;15.285845,2.9724091291427612;2.919273916631937;3.3916328102350235
cpp-add-memory-management,29,0,0.630818;0.526872;0.582499,0.184747;0.117141;0.11974399999999999,0,2.073872;1.7582559999999998;1.7433290000000001,0,2.133708;1.886967;1.78324,0,1.8415160000000002;1.802297;2.0236799999999997,0,1.806946;1.767654;1.833108,0,1.841632;1.84052;1.828165,0,320.899693;303.410685;302.218131,0,80.240039;31.930853000000003;36.755105,0,309.571008;353.924625;330.626402,0,46.319503;45.954212;45.504555,0,2.8039699999999996;2.390598;2.3566390000000004,0,6.304363;6.044095;5.939367,5.925146;5.686422;5.260652,2.917025936767459;2.860970096662641;3.325765021145344
cpp-add-templates,31,0,1.50545;1.395769;1.3835659999999999,0.18268;0.115988;0.11171400000000001,0,2.0510450000000002;1.743417;1.8270870000000001,0,1.9410239999999999;1.805765;1.866154,0,2.0310940000000004;1.812852;1.7619529999999999,0,1.955229;2.0316829999999997;1.8898730000000001,0,1.994937;1.875223;1.930792,0,301.337442;303.17922699999997;303.668791,0,74.192729;28.759285;28.454297999999998,4,331.004004;344.31566000000004;333.13521299999996,2,46.842101;46.175645;46.198046,1,2.748129;2.387941;2.285532,4,6.62696;6.7509179999999995;6.623512,6.501461;6.312713;5.637294,3.307956038042903;3.056500107049942;3.858839860185981
cpp-bolero-murakami-sprout-copyright-comment-update,184,0,1.670123;1.49861;1.370927,1.725939;1.6419190000000001;1.642143,0,2.1400040000000002;1.8915259999999998;1.865472,0,2.0115;2.094278;1.9591539999999998,0,1.893634;1.86947;1.7828760000000001,0,1.836725;2.058158;1.931348,0,1.7946030000000002;1.82948;1.866009,0,303.475843;302.189658;299.890963,0,74.997927;24.826141;27.241858,12,434.581302;423.14135000000005;441.834785,0,48.60702;49.076750000000004;52.335462,0,5.5335790000000005;5.2617899999999995;5.347778,0,16.431608999999998;15.455805;15.648191999999998,47.67771;42.94217;43.80801,3.1472151167690754;3.2131890766322613;3.2730810344219208
cpp-bolero-murakami-sprout-copyright-update,122,0,1.218571;0.895883;0.873361,0.727743;0.661116;0.6629769999999999,0,2.20475;1.607541;1.7561390000000001,0,2.014933;1.8332229999999998;1.838325,0,1.869017;1.787421;1.801228,0,1.894526;1.969068;1.876943,0,1.811995;1.88412;1.717411,0,311.778659;316.72347299999996;313.08715,0,44.887151;21.750360999999998;23.551671,12,416.65066299999995;375.304631;381.837357,12,48.049443;48.237387;49.267466000000006,0,4.090965000000001;3.6454259999999996;3.561759,0,11.337254;11.317357;11.137881,27.485228;24.203664;25.031125,2.9447388369590044;2.964465878903866;3.19157587364316
cpp-bolero-murakami-sprout-copyright-update-3,488,0,4.210545000000001;3.985484;3.868421,4.781957;4.806307;4.3953,0,2.150983;1.789404;1.832487,0,2.1087469999999997;1.95773;1.947749,0,2.034611;1.890456;1.908358,0,1.968291;1.9085930000000002;1.823852,0,1.877781;1.914619;1.902337,0,305.91078;321.701974;326.59421399999997,0,25.472096;26.119087;42.163364,12,539.3417860000001;559.443577;561.070639,0,54.81916;54.725225;62.036455999999994,0,10.773696;10.520415;10.435863999999999,0,38.168744999999994;38.269709;38.490421,132.698487;117.242651;116.089088,3.581921104341746;3.5328990779817104;3.582712961360812
cpp-fix-segfault,40,0,2.21285;2.090478;2.147366,0.26853;0.245195;0.175942,0,2.034651;1.776929;1.831622,0,1.984751;1.829297;1.791512,0,1.836158;1.823016;1.831508,0,1.8808589999999998;1.746978;1.787706,0,1.792519;1.784556;1.90888,0,305.249777;304.201166;302.1284,0,85.36606400000001;22.664341;23.993849,0,346.704707;329.519181;340.460342,0,46.482317;46.147254;45.341936,0,2.7741900000000004;2.35405;2.339331,0,6.873818;6.945075999999999;7.534132,8.662466;8.299555;8.598177,2.822054782882333;2.8655119240283966;2.8316378593444824
cpp-godotengine-godot-add-one-include,18923,0,377.579428;382.278264;376.85808399999996,124.28381100000001;123.28553;122.3365,0,4.2044559999999995;3.915796;3.931406,0,5.713908;5.719767;6.220038,0,5.584004;5.537842;5.488638,0,6.1940859999999995;5.69391;5.545076000000001,0,5.4163689999999995;5.625163;5.380003,0,340.90366300000005;342.71349499999997;345.905778,0,103.309571;33.606439;35.263454,0,9102.570978;9259.493128;9179.567196,0,420.266882;423.39424799999995;422.75865600000003,1,289.51011900000003;289.557879;285.107595,0,1134.9586869999998;1133.801749;1195.368198,7958.566194;7882.756038;7769.797353,41.80066497065127;41.968503035604954;42.595349019393325
cpp-godotengine-godot-add-one-include-2,2013,0,22.457159;22.195632;21.577485,9.807621000000001;9.267962;9.442357000000001,0,2.366553;1.9705529999999998;1.9361490000000001,0,2.233581;2.175871;2.15062,0,2.13734;2.090804;2.1752920000000002,0,2.111074;2.1806870000000003;2.0969,0,2.099589;2.121163;2.149791,0,307.261538;308.348253;306.77576899999997,0,86.481822;35.291264000000005;41.994862,0,1071.055916;1019.9811219999999;1163.1829790000002,0,81.86490500000001;83.454587;84.707719,1,26.543628;25.981299999999997;26.042135000000002,0,118.58371700000001;116.959525;119.400578,530.065033;503.447789;488.035937,6.070341914892197;6.161883939057589;6.094490177929401
cpp-godotengine-godot-add-one-include-3,557,0,5.883096;5.990677;5.878947,3.817095;3.894688;4.420562,0,2.075013;1.9952210000000001;2.3787890000000003,0,2.296111;1.9335170000000002;1.9599650000000002,0,1.9567780000000001;2.3555870000000003;1.907978,0,1.925101;1.907178;1.915997,0,2.0126150000000003;1.917962;1.931084,0,351.169493;319.99645;351.942758,0,208.019883;83.319681;141.578082,0,688.725583;616.978623;638.433131,0,60.988993;58.964276000000005;59.725818,1,10.060338999999999;10.891885;10.422127999999999,0,41.851013;43.469143;44.919374,165.503723;148.055681;149.815063,3.5923938266932964;3.792601870372891;3.633073065429926
cpp-godotengine-godot-add-one-include-4,419,0,4.030911;3.656636;3.512013,2.119706;1.984476;2.065705,0,2.1004270000000003;1.773913;1.886533,0,2.0744510000000003;2.116879;2.050794,0,2.924186;2.130963;2.439513,0,2.241223;2.047737;2.122231,0,2.0086209999999998;2.32124;1.9993799999999997,0,326.590963;310.68057500000003;315.094806,0,143.225512;52.184766;59.67062,0,581.571615;573.7373759999999;614.8337200000001,0,57.902456;56.116298;67.992971,1,8.064438;8.027841;8.051876,0,32.858339;32.475696;28.707381,92.656812;89.328317;89.079775,3.3225819934159517;3.2733071129769087;3.228815970942378
cpp-godotengine-godot-add-one-include-5,415,0,4.076958;3.835779;3.8943570000000003,2.027523;1.9346269999999999;1.889522,0,2.150665;1.7590489999999999;1.678631,0,2.050255;2.021942;1.9934459999999998,0,1.9570249999999998;1.945066;2.1789169999999998,0,2.017241;1.970765;2.198999,0,1.931908;1.952248;2.211204,0,338.002319;340.49888699999997;345.98621,0,95.348557;92.090027;53.681388,0,513.016701;577.995142;606.509489,0,52.843084999999995;53.444474;53.773770999999996,1,7.491445000000001;7.314682;7.152998,0,30.18655;27.15882;28.020831,92.936848;88.976102;87.067544,3.556356066837907;3.361655864864588;3.483958076685667
cpp-godotengine-godot-insert-one-include,2289,0,32.411668;30.193931;30.372137000000002,14.285001999999999;14.402829;15.717317000000001,0,2.6355269999999997;2.034345;1.951734,0,2.520167;2.400086;2.4704599999999997,0,2.666639;2.4396;2.344813,0,2.31773;2.2264670000000004;2.264258,0,2.298794;2.22162;2.459563,0,314.525395;313.368434;316.87061700000004,0,86.305138;58.585031;36.701997999999996,0,1358.700946;1469.016768;1381.391802,0,90.399013;86.899019;93.213563,1,35.981737;37.137175;36.163335999999994,0,159.476683;157.436929;155.950917,729.919419;694.488227;687.139613,6.344957975670695;6.390207214280963;6.186443148180842
cpp-jpnurmi-znc-playback-adding-new-feature,577,0,29.672939999999997;28.768172;29.26069,3.43893;4.035541;3.2957330000000002,2,2.330155;1.980893;2.044316,2,2.1770069999999997;2.046655;2.023822,2,2.403418;2.403812;2.07785,2,2.0903169999999998;1.997971;1.958704,2,2.003931;2.0021549999999997;2.097928,4,327.371454;324.493487;329.47286599999995,2,156.461773;70.654381;48.251062999999995,4,644.317601;687.980876;689.459747,1,82.204209;79.689554;77.036073,15,15.780753;15.45908;15.040700000000001,3,131.359599;127.841644;132.457096,149.517119;145.564336;168.960091,15.074315015226604;15.213543083518744;15.130469109863045
cpp-ladybirdbrowser-ladybird-change-inherited-class-name,58,0,0.392073;0.322917;0.326078,0.32645100000000005;0.27767000000000003;0.24641,0,2.076225;1.684581;1.7134470000000002,0,2.0002269999999998;2.0798560000000004;1.9884540000000002,0,1.9869470000000002;2.010921;1.823434,0,1.8384479999999999;1.845052;1.724102,0,1.929563;1.8273169999999999;1.775785,0,311.782331;317.28974500000004;311.160339,0,95.926803;96.744708;48.110837,0,378.187369;368.182299;397.12412800000004,0,50.9092;49.882678;49.636886,0,3.224717;3.3903190000000003;2.745292,0,7.6508840000000005;6.884453;6.793079,8.478592;8.3494;8.614888,2.8666851576417685;2.8535218443721533;2.8370008803904057
cpp-lancos-ponyprog-remove-a-few-lines,1545,0,11.516976999999999;10.974654000000001;11.028647000000001,3.573938;3.419326;3.661231,0,2.238762;1.9058739999999998;1.8708939999999998,0,2.2834700000000003;2.260239;2.353976,0,2.160592;2.219236;2.078491,0,2.176898;2.1323309999999998;2.647632,0,2.346441;2.203015;2.129069,0,318.94584100000003;322.628918;320.477679,0,89.612634;141.752431;92.136049,0,784.7185020000001;826.187259;760.489326,0,56.639584;60.306862;58.078647,0,13.566582;12.789675;12.174983000000001,0,42.137142000000004;44.371677999999996;43.445884,196.94064;188.28353;184.571679,4.133522976189852;4.157344810664654;4.185484955087304
cpp-laydbird-change-function-signature,776,0,35.466643;38.176611;34.638319,5.283874;5.484127;4.992426999999999,0,2.355733;2.004998;1.940701,0,2.224377;2.069521;2.1127350000000003,0,2.205694;1.988138;2.098051,0,2.129506;2.134656;2.0387449999999996,0,2.102626;2.1917899999999997;2.37911,0,318.845493;317.748791;327.290591,0,40.523491;64.708524;37.453329000000004,0,723.03912;702.2800599999999;854.680027,0,73.401491;74.15527700000001;72.422309,0,17.148109;14.851970000000001;15.260895,13,65.145016;66.902774;62.956846999999996,186.582395;181.649409;189.283679,5.401462083682418;6.382527993991971;5.493341013789177
cpp-libreoffice-add-const,1768,0,17.235845;16.0872;15.622021,8.174354;8.901913;8.158394999999999,1,2.2207429999999997;2.256269;2.3417440000000003,1,2.8266620000000002;2.624844;2.243563,1,2.24959;2.273422;2.213733,1,2.308355;2.3794060000000004;2.883136,1,2.783085;2.629579;2.276341,1,328.364801;320.31348399999996;319.58466000000004,1,122.38364;26.815475;88.991563,0,907.814398;1001.124728;897.039767,1,80.549058;76.802607;78.421825,0,21.745915;22.040079000000002;21.555655,0,96.98569499999999;93.972188;97.502707,317.614361;301.189951;302.855654,5.4809050634503365;6.998633034527302;5.461734952405095
cpp-libreoffice-add-const-2,42,0,0.39611300000000005;0.41538200000000003;0.345883,0.228979;0.114899;0.106057,1,2.150505;1.798961;1.793048,1,1.9879619999999998;1.863678;1.798956,1,1.9707119999999998;1.86083;1.950167,1,1.955952;1.814703;1.844422,1,1.8393190000000001;2.024716;1.932103,1,328.202114;320.255068;333.922036,1,87.065057;63.24487400000001;51.879408000000005,0,421.380737;320.091664;338.343877,1,48.125519;48.047025;48.728219,0,3.382223;2.4876009999999997;2.3492119999999996,0,6.302563;5.522868;5.3652500000000005,2.486419;2.453183;2.364317,2.8704300057142973;3.7200781516730785;2.9954900965094566
cpp-libreoffice-delete-function,188,0,2.062501;1.792392;2.062113,0.887428;0.9784519999999999;0.772947,1,2.12846;1.9880089999999997;1.756791,1,2.129138;1.9740650000000002;1.838185,1,1.8937890000000002;1.906312;1.838432,1,2.0654760000000003;1.975605;2.081583,1,1.9371589999999999;1.954942;1.932956,1,320.690941;324.948403;324.846831,1,160.207514;33.86978;56.226349,0,545.874675;387.70335900000003;490.47198,0,48.975748;52.353442;57.226297,0,5.248958;4.659044000000001;4.866367,0,12.543009000000001;13.423848;12.842045,26.1286;25.176603;25.165821,2.7935970574617386;3.748304909095168;2.8584138490259647
cpp-libreoffice-remove-return-value,967,0,7.511004;7.891261999999999;8.005097,11.236574999999998;7.704513;10.294236,0,2.311479;1.9004180000000002;1.961704,0,2.199013;2.098399;2.40955,0,2.1278680000000003;2.030371;1.993247,0,2.161028;2.187053;2.034032,0,1.97086;2.271252;2.3552030000000004,0,322.379858;312.831709;314.33863299999996,0,97.991152;82.78115;111.829491,1,738.040362;760.226434;687.244113,0,68.410056;78.984895;65.800811,1,16.862686;16.299650999999997;16.421551,0,51.120761;52.092332;50.644022,190.225294;174.636307;174.133065,4.209152888506651;9.697510860860348;4.306104965507984
cpp-libreoffice-remove-two-wrapping-functions,2446,0,93.935627;81.76489000000001;79.848605,15.369678;16.764456000000003;13.871313,0,2.371764;2.122376;2.537974,0,2.4717939999999996;2.371753;2.495646,0,2.552876;2.719709;2.569291,0,2.531424;2.522517;2.416487,0,2.297167;2.432046;2.66618,0,326.91148;339.632363;337.429266,0,219.17853100000002;38.309538999999994;68.194765,0,1242.298387;1291.7679010000002;1291.275065,0,93.961208;95.097127;93.512998,1,33.080403000000004;35.612259;31.933994000000002,1,161.549266;149.19338;149.383867,542.21701;526.594146;522.616228,6.450063083320856;7.707522949203849;6.473555928096175
cpp-libreoffice-warn-to-info,7284,0,98.151627;96.511898;95.910278,46.846901;45.439555999999996;45.243629,0,3.018201;2.989573;2.57797,0,3.9845219999999997;3.853149;3.9232650000000002,0,3.847721;5.594924000000001;5.914502000000001,0,6.062869;5.15928;4.394608000000001,0,4.167205999999999;3.8316980000000003;4.050263,0,363.979603;361.021461;373.466293,0,123.300976;62.517998000000006;47.313309,0,3024.55643;2943.246424;2828.245833,0,174.485476;178.790683;178.201392,0,100.596085;97.192068;102.208301,0,432.880745;426.628514;429.775843,1989.690998;1924.508273;1929.400185,16.4642040617764;19.772241823375225;16.33192994631827
cpp-llnl-sundials-comment-change,1503,0,18.08796;18.189673;18.030859,12.86294;11.681379;11.746639,6,2.399423;1.9618539999999998;2.108113,6,2.385364;2.232818;2.215411,6,2.17628;2.077565;2.29676,6,2.069161;2.288997;2.210159,6,2.572693;2.137673;2.2760670000000003,6,324.604658;320.660575;318.59669,6,88.730141;41.614955;91.04897600000001,110,1006.430084;1033.18468;1014.817483,6,77.360114;76.19096;78.866011,5,26.327486;25.729406;27.673581,7,103.147582;107.660788;108.39322,429.832243;386.453337;389.219697,8.97884787991643;9.80513379909098;8.70160385966301
cpp-microsoft-terminal-add-only,50,0,0.98649;0.963394;0.8618669999999999,0.324042;0.294757;0.42867199999999994,2,2.069785;1.852752;1.974469,2,2.106853;2.095937;2.12415,2,2.302733;1.866854;1.903487,2,1.830762;1.84005;1.846902,2,1.857184;1.7377740000000002;2.1445320000000003,2,311.52889;315.944616;312.78142199999996,2,129.01776800000002;66.427566;54.140709,0,373.439587;359.452542;431.01548699999995,0,49.700104;48.866133999999995;47.650201,1,3.437786;3.105842;3.7803899999999997,0,7.946150000000001;6.630888;6.424071,9.253672;8.17447;8.303723,2.9842089861631393;3.962517948821187;2.870399970561266
cpp-microsoft-terminal-delete-only,50,0,0.36497;0.367647;0.305179,0.252265;0.266405;0.54667,1,2.13277;1.732435;1.950939,1,2.320851;2.375499;1.8023259999999999,1,1.871794;1.831352;1.860808,1,1.97497;1.93163;1.86998,1,1.8206520000000002;2.011752;2.021503,1,319.370313;332.474802;345.423844,1,117.393358;46.09918;55.506544999999996,0,370.594649;342.024612;403.549177,0,50.715938;49.174059;47.350575,0,3.482814;3.315934;3.0465269999999998,0,6.813008;5.690869;5.402435,6.768995;5.942287;6.980179,2.741851145401597;3.9988078642636538;2.7983770705759525
cpp-microsoft-terminal-insert-only,182,0,5.4274830000000005;4.145092;4.01347,1.316634;1.277408;1.305837,1,2.525013;2.0820320000000003;1.66871,1,2.202849;1.911641;1.881672,1,1.858076;2.345536;1.9755639999999999,1,1.989215;1.925935;1.9969240000000001,1,1.997512;2.0134279999999998;1.9997539999999998,1,329.06645299999997;315.25345100000004;333.831876,1,76.149469;34.154685;56.189525999999994,0,449.595637;405.073443;422.381544,0,49.260928;50.384373000000004;52.016469,0,5.7330000000000005;5.70793;5.671048,0,15.364213999999999;14.913701;14.726061,34.562715;32.277418;31.776065,3.806511871516705;4.584131063893437;3.81986191496253
cpp-microsoft-terminal-remove-unary-expression-from-binary,908,0,9.463609;8.434902;8.40681,5.446486999999999;4.786685;5.309519,1,2.324723;1.9519710000000001;1.79392,1,2.2172929999999997;2.1424920000000003;2.115614,1,2.743865;2.1166790000000004;2.179661,1,2.3411999999999997;2.206338;2.1167540000000002,1,2.267283;2.048285;2.069022,1,316.9696;313.990904;320.47889699999996,1,130.58029;80.88850599999999;89.532473,1,673.193854;691.791964;712.288218,1,65.32768899999999;68.532159;63.594607999999994,0,14.234007;13.621720999999999;13.196683,0,53.026537;50.383755;51.413829,200.747162;184.569049;178.993019,4.2813250329345465;5.55396918207407;4.321665968745947
cpp-mikepopoloski-slang-remove-if-condition-and-brackets,1443,0,16.794664;17.437885;17.116465,10.758631;8.536385;9.178097999999999,0,2.4911149999999997;1.9683000000000002;2.206149,0,2.4786539999999997;2.473008;2.359572,0,2.215882;2.2267799999999998;2.188814,0,2.563562;2.4831250000000002;2.535548,0,2.244708;2.5218089999999997;2.4154329999999997,0,321.247483;353.163634;336.1803,0,52.710421000000004;57.486290000000004;148.101057,2,1016.8691110000001;989.819543;942.761587,0,79.194733;80.11185499999999;82.02276599999999,1,24.027416;24.202131;25.211791,1,103.870464;104.915509;105.640094,394.3994;353.280567;345.315548,6.945146014913917;8.22745612822473;6.860870169475675
cpp-mozilla-firefox-firefox-delete-leading-comment,141,0,1.165332;1.035937;0.975811,0.8756630000000001;0.616938;0.63519,0,2.290524;1.632904;1.7997020000000001,0,1.971019;1.884024;1.8631380000000002,0,1.9019869999999999;2.2167760000000003;1.936514,0,1.88734;1.8492870000000001;1.75278,0,1.8594499999999998;2.273887;2.098323,0,316.618836;318.220666;321.60369,0,124.96911700000001;43.247678;43.040836999999996,0,442.654564;435.847031;375.025236,0,48.902734;50.757433;54.990082,1,4.425733999999999;4.378013;4.241999,0,12.033267;11.07103;10.844095999999999,25.700835;25.098515;22.92686,2.8706719167530537;3.40860104188323;2.7828530874103308
cpp-mozilla-firefox-firefox-update-file-comment,53,0,0.39453699999999997;0.293095;0.327276,0.192418;0.130033;0.16660999999999998,1,2.10711;1.612815;1.746747,1,2.059436;1.8320809999999998;1.827112,1,2.10842;2.0320389999999997;2.146172,1,1.882575;1.845885;1.7162639999999998,1,1.815266;1.836623;1.808086,1,317.548262;317.80322700000005;322.451557,1,81.25058;63.490555;46.496691,5,393.957925;390.041218;405.369602,5,47.411129;51.972545000000004;48.633699,0,3.0193160000000003;3.353732;3.283325,0,7.220051;7.029032;8.597278,7.550158;6.900916;6.247116,2.8786431066691875;3.664684016257525;2.884048968553543
cpp-mozilla-firefox-firefox-update-file-comment-2,30,0,0.256384;0.19721;0.189736,0.170144;0.08588100000000001;0.068915,0,1.980272;1.7533320000000001;1.735225,0,1.9678030000000002;1.8975629999999999;1.7246110000000001,0,1.800042;1.917703;1.940129,0,1.828709;1.892634;2.183542,0,2.120692;1.8324509999999998;1.856468,0,318.252793;317.28560300000004;338.73495399999996,0,43.203536;40.37883;48.228184999999996,0,338.848696;326.83122599999996;381.94894800000003,0,48.653811;49.719184999999996;49.167313,1,3.090111;2.578036;2.362264,0,6.409721;6.87143;5.82794,4.160005;4.066163;3.973482,2.6106100995093584;3.3438310492783785;2.6031918823719025
cpp-nextcloud-add-test-case,543,0,17.493845;17.888374;19.033964,3.325519;3.423996;3.324413,5,2.439372;2.101735;2.0268610000000002,1,2.2675389999999997;2.280922;2.0309,1,2.188279;2.1292519999999997;2.553548,1,2.334593;2.090687;2.0926400000000003,1,2.059969;2.008158;2.04758,11,351.82476299999996;350.022494;356.442205,1,49.302403;29.544677;32.822719,0,648.163068;651.181357;677.563636,28,56.490295;54.69441;56.711067,34,114.234519;134.293582;110.472001,0,88.773576;90.83279800000001;94.71550300000001,149.927128;133.709101;133.888073,27.338152984157205;28.945494908839464;27.65669208019972
cpp-nzbgetcom-nzbget-add-include,7,0,0.067077;0.035886999999999995;0.031002,0.025621;0.008963;0.008112000000000001,0,2.4791320000000003;2.271738;1.83518,0,2.0381790000000004;1.944771;1.848336,0,1.870634;1.753095;1.8266470000000001,0,1.8414869999999999;1.950895;1.911192,0,1.820713;1.894635;1.797257,0,312.144798;312.094674;314.28702499999997,0,112.917431;65.00778799999999;78.210833,0,311.06973300000004;406.946734;369.255946,0,49.51788;50.90707;46.755514999999995,0,2.3996120000000003;2.058504;1.944846,0,4.589836;5.084549;4.467014,0.858441;0.853983;0.774947,2.959128003567457;3.491512965410948;2.936244010925293
cpp-nzbgetcom-nzbget-update-string-const,776,0,6.48072;5.244859999999999;5.485245,4.442309;4.108255;3.472267,1,2.170486;1.8945640000000001;2.026837,1,2.193871;2.50758;2.313054,1,2.2878260000000004;2.023604;1.968582,1,2.043573;2.008499;1.924545,1,1.968025;1.961606;2.297621,1,315.170748;338.393892;314.765263,1,128.663694;35.454177;46.604749,1,662.258515;699.2151359999999;643.286612,1,61.911244999999994;60.479422;60.704955999999996,0,10.031961;10.206529000000002;10.217273,0,42.841005;45.223027;46.066708,158.286042;139.984031;138.974938,3.924883203580975;4.167765146121383;3.9762111846357584
cpp-ollama-add-function-argument,1450,0,10.83773;12.974585000000001;12.649373,6.865963;7.348738;7.000947,2,2.6184060000000002;2.114594;1.8347330000000002,2,2.370342;2.221491;2.410231,2,2.606123;2.276518;2.1719809999999997,2,2.881677;2.234083;2.54712,2,2.5732760000000003;2.344914;2.4015180000000003,2,328.151109;338.593749;333.73681300000004,2,79.243616;62.388566;81.23810099999999,0,767.603351;759.870023;758.2999259999999,2,75.27626900000001;70.104604;66.422608,1,18.636709;18.918042;19.495146000000002,0,75.638283;81.49068600000001;77.049813,240.18809;227.399449;232.374454,5.816454999148846;5.934238899499178;5.953002022579312
cpp-ollama-ollama-update-commit-hash,10,0,0.133092;0.11303600000000001;0.090547,0.075341;0.040824;0.037584,0,2.4942219999999997;1.7919889999999998;1.763436,0,2.233848;1.8426600000000002;1.851061,0,1.722318;1.785204;1.772943,0,1.901681;1.858715;1.771731,0,1.892277;1.8611369999999998;1.850998,0,323.827605;316.154989;316.849174,0,140.70956900000002;42.072966;40.080304,0,310.15166100000005;373.501782;354.088338,0,47.284634;49.629478;47.980995,0,2.598631;2.273027;2.427828,0,5.561062000000001;5.397352000000001;5.385919,3.144644;3.06869;2.690682,2.805165946483612;2.806480973958969;2.928395988419652
cpp-ollama-ollama-update-commit-hash-2,10,0,0.136651;0.097404;0.092415,0.074745;0.041254;0.036439,0,1.9914709999999998;1.753568;1.766385,0,1.936861;1.909678;1.753787,0,1.893785;1.75912;1.822185,0,1.984034;1.808038;1.751283,0,1.951921;1.840695;2.219821,0,318.384173;331.611213;320.474285,0,44.511783;42.644872;83.309985,0,335.437259;317.004481;382.26829299999997,0,48.94945;52.100702999999996;47.313568000000004,0,2.411362;2.492829;2.1607689999999997,0,5.310989;5.238762;5.8959470000000005,3.221662;2.673741;2.556295,2.8216021601110697;2.7129969093948603;2.794774016365409
cpp-ollama-ollama-update-commit-hash-3,10,0,0.149368;0.096365;0.091462,0.11096600000000001;0.08577100000000001;0.067245,0,2.145159;2.2479980000000004;2.064949,0,1.979509;2.010637;1.9878780000000003,0,2.1957489999999997;2.071084;1.876038,0,1.877086;1.80316;1.815398,0,2.054594;2.1122039999999997;1.953704,0,317.858024;313.380023;324.968189,0,106.082978;45.927102;68.176392,0,440.708538;331.834936;318.377783,0,47.662559;48.396809;48.554553,0,2.533095;2.125832;2.162035,0,5.330001;5.46829;5.533218000000001,3.06336;2.829679;2.510007,2.7675251476466656;3.0404420103877783;2.7491399087011814
cpp-ollama-ollama-update-commit-hash-4,10,0,0.249964;0.25998699999999997;0.262076,0.10341299999999999;0.042912;0.037819000000000005,0,2.6321410000000003;1.609381;1.65899,0,1.952299;1.885451;1.852511,0,1.7882230000000001;1.779536;2.424238,0,2.706248;2.02373;2.099152,0,1.8401290000000001;1.8132190000000001;1.874277,0,317.868508;321.369175;322.33997800000003,0,81.498208;38.86005;53.140498,0,315.02867899999995;431.984937;369.051018,0,49.679312;49.215976000000005;49.435665,0,2.592783;2.2648569999999997;2.455438,0,5.880998;5.968088;5.325495,2.887197;2.852306;2.471407,2.7279630303382874;2.754695015028119;2.7007190510630608
cpp-ollama-ollama-update-commit-hash-5,10,0,0.13480999999999999;0.098116;0.092773,0.076448;0.041434;0.037515,0,1.917674;1.749928;1.778284,0,1.9741419999999998;1.9609610000000002;1.983782,0,1.9513449999999999;1.810327;1.8107469999999999,0,1.8180049999999999;1.825889;1.834378,0,1.789423;1.896428;1.9717110000000002,0,311.91706899999997;314.457156;327.302514,0,49.267187;45.771799;44.061288999999995,0,387.811462;400.96191;383.64779999999996,0,47.853482;48.365363;47.252879,0,2.457706;2.32897;2.321917,0,5.729085;5.6884939999999995;5.099098,2.824268;3.114773;2.556517,2.792730927467346;3.210925031453371;2.7836540248245
cpp-ollama-ollama-update-commit-hash-6,10,0,0.141899;0.102872;0.09701699999999999,0.12034800000000001;0.041757999999999997;0.037237,0,2.1691190000000002;1.8432570000000001;1.821795,0,1.9294399999999998;1.8375119999999998;2.084516,0,1.8537709999999998;1.79532;1.833789,0,1.846283;1.862322;1.823841,0,1.827899;1.847417;2.3118119999999998,0,316.42022199999997;329.94149699999997;317.232638,0,163.980147;43.480287;51.388053000000006,0,379.50390699999997;329.312432;328.709445,0,48.695339;48.400808;47.594362000000004,0,2.4934089999999998;2.14978;2.258156,0,5.712223;5.4357750000000005;5.566012000000001,2.795687;2.673856;2.625027,2.7483811136335135;2.7698881458491087;2.8441688045859337
cpp-ollama-ollama-update-commit-hash-7,10,0,0.139827;0.101196;0.096145,0.075419;0.047097;0.06594,0,2.019038;1.7448839999999999;1.8133489999999999,0,1.9934290000000001;1.8259210000000001;1.7693819999999998,0,1.768729;1.922315;1.880666,0,2.283782;1.911208;1.827567,0,1.845637;1.826856;2.02677,0,317.254706;318.79749200000003;321.393377,0,118.836449;33.458643;74.774697,0,385.33673600000003;333.076452;330.96166500000004,0,48.237393000000004;49.316388;48.906128,0,2.8420799999999997;2.2230779999999997;2.03656,0,5.269559;5.071458;5.582461,2.696009;2.586309;3.680952,2.770214807242155;2.829207107424736;2.6528220623731613
cpp-ollama-ollama-update-commit-hash-8,10,0,0.143757;0.101521;0.095912,0.07584;0.04245;0.037715,0,2.1061360000000002;1.811506;1.8404800000000001,0,2.1264410000000002;1.857574;1.7324300000000001,0,1.859847;1.791069;1.931319,0,1.978586;2.033802;1.83829,0,1.862982;1.722596;1.8339750000000001,0,332.55477;326.487574;326.118511,0,95.576187;66.744135;52.093112,0,317.86671;387.65383199999997;399.226786,0,51.317567000000004;49.027795;49.689826,0,2.45816;2.10142;1.9894410000000002,0,5.201604000000001;5.960836;5.377665,3.011147;2.702697;5.120955,2.8474770952016115;3.3505589235574007;2.6514569763094187
cpp-ollama-ollama-update-commit-hash-string-constant,10,0,0.140304;0.100323;0.094411,0.088832;0.041878;0.037306,0,2.0104979999999997;1.862869;1.828931,0,1.962448;1.865618;1.851555,0,1.9855049999999999;1.82766;1.800667,0,1.82457;1.821324;1.854853,0,1.827979;2.018333;1.749546,0,315.958523;317.139124;322.49794599999996,0,95.650738;24.669871;51.599128,0,327.713198;318.73241;326.918182,0,47.596433;48.056917;49.097809999999996,0,2.391728;2.4420140000000004;2.12972,0,5.666487;5.426399999999999;5.311352,2.730678;2.629328;2.553313,2.831459976732731;2.905545989051461;2.7409209869802
cpp-opencv-add-test-case,1235,0,307.401475;308.40675699999997;311.77734899999996,8.327323;8.878635;8.876391,1,2.2914060000000003;1.8368950000000002;2.2572740000000002,1,2.5623650000000002;2.174815;2.339347,1,2.4170760000000002;2.1360189999999997;2.2220590000000002,1,2.329621;2.396976;2.1704950000000003,1,2.095946;2.396267;2.045997,3,345.21023699999995;343.04131;351.67396,1,83.320715;37.116913000000004;46.95921,0,891.5129539999999;961.1225599999999;954.4141109999999,1,71.8992;71.59494600000001;68.935074,4,22.385336;30.307421;31.107585,0,71.635695;70.30036700000001;78.544252,320.177885;312.730082;302.750334,35.3180798701942;36.42944595776498;35.63262801617384
cpp-opencv-opencv-delete-string-const-from-preprocessor,54,0,0.19938599999999998;0.15138900000000002;0.146701,0.101999;0.072518;0.071077,1,2.03724;1.7041650000000002;1.9236229999999999,1,2.075062;1.905051;1.748141,1,1.812189;2.072797;1.8629339999999999,1,1.850453;1.862219;2.131933,1,2.001863;2.003401;1.870694,1,319.747059;318.394417;324.63425,1,140.052872;34.636127;41.088658,1,366.956937;456.144922;345.18140000000005,1,49.938694;47.811382;50.855557000000005,0,2.689539;2.898684;2.368275,0,6.2889349999999995;5.735266;6.170501,4.433061;4.428701;4.56536,3.3835340291261673;3.246620064601302;3.338199807330966
cpp-optimize-algorithm,32,0,2.850323;3.58049;2.992777,0.474969;0.167705;0.15707200000000002,0,1.90822;1.809385;1.611891,0,1.936845;2.126379;2.046267,0,1.923477;1.844679;1.918573,0,1.886571;1.881633;1.8082449999999999,0,1.746772;2.082436;1.9015950000000001,0,316.78287500000005;318.83506900000003;318.855946,0,117.011761;41.682123000000004;45.164121,0,429.502109;397.967664;492.032667,0,49.213041;51.221919;50.989242,0,2.975759;2.755511;2.6442240000000004,0,7.469023;6.9194640000000005;7.357553,7.922705;7.598186;7.815343,2.862904919311404;2.8789429925382137;2.930853981524706
cpp-paddlepaddle-paddleocr-add-namespace-closing-comment,52,0,0.592256;0.544938;0.489815,0.312341;0.27553;0.23910599999999999,1,1.968161;1.765359;1.7854349999999999,1,2.017956;2.356887;1.972818,1,2.134333;1.985601;1.8659320000000001,1,2.043369;1.827471;1.854821,1,1.830806;1.7464089999999999;2.0027310000000003,1,331.192768;321.85044;321.70755699999995,1,98.78767500000001;26.883731;41.189932999999996,0,356.75879;530.583617;467.312135,1,50.097886;48.524006;49.943954,0,2.9788449999999997;3.009957;2.9582889999999997,0,7.379092;7.420020999999999;7.559929,14.685697;11.991558;13.01008,2.7832540217787027;2.7890990022569895;3.2877640333026648
cpp-protocolbuffers-protobuf-add-preprocessor-commands,45,0,0.29316;0.178046;0.170724,0.192017;0.171429;0.080572,1,1.988232;1.7992139999999999;1.789539,1,2.12806;1.935502;1.809265,1,1.870372;1.80451;2.1107,1,1.856428;1.900889;2.007814,1,1.963589;1.882657;1.7866030000000002,1,319.62138699999997;323.243827;331.45196599999997,1,75.162324;72.14446500000001;77.104801,21,375.48459499999996;340.01525;403.188292,1,49.668121;47.129616;52.04784,2,2.877184;2.5338819999999997;2.41859,0,6.216792;5.869223;6.164937,4.313954;4.370323;4.33938,2.7708951383829117;2.8332010842859745;3.053267952054739
cpp-protocolbuffers-protobuf-one-line-insert,557,0,6.141358;5.148558;5.480207,4.0650260000000005;3.620929;3.763269,0,2.303612;1.9361899999999999;2.360765,0,2.400547;2.1712239999999996;2.630832,0,2.009894;1.892518;1.917435,0,2.347524;1.9675159999999998;2.243906,0,2.073804;1.950145;1.932326,0,319.370427;320.45185;318.031648,0,190.370653;58.765537;43.254252,0,590.47578;665.3088280000001;604.242751,0,58.172706;58.584677;56.888144000000004,1,11.015843;11.673356;10.749224,0,46.269572000000004;41.865565000000004;43.578694,111.726136;107.01861;107.206652,3.535748925060034;3.579514799639582;3.497001016512513
cpp-pytorch-pytorch-two-inserted-lines,4604,0,75.017149;81.228621;84.390038,54.294094;63.615126000000004;51.470116000000004,0,2.893036;2.379956;3.048586,0,3.255955;2.95158;3.002604,0,2.826036;2.967876;3.126617,0,3.032859;2.994692;3.113573,0,2.908041;2.819151;3.332328,0,339.88414;325.798853;337.464785,0,60.453406;55.649743;37.586884,0,1974.257994;1994.4447539999999;2062.2849570000003,0,133.202617;142.625876;150.460874,2,122.07741399999999;119.661993;126.61421,0,546.290548;575.446111;549.291638,1111.044818;1117.333211;1086.891268,12.698565842583776;12.8227558452636;12.84236996434629
cpp-tensorflow-switch-to-primitive-types,551,0,23.594975;33.079179;35.212063,2.7232190000000003;2.683783;2.538055,40,2.387503;2.490693;2.011336,40,2.358715;2.3301849999999997;2.30353,40,2.2992540000000004;2.6206379999999996;2.46666,40,2.358568;2.42355;2.499512,40,2.876074;2.429629;2.1981330000000003,40,392.37787499999996;399.627701;410.909895,40,87.168093;94.800043;45.147646,40,660.399058;617.302823;623.273231,40,61.533957;61.881924999999995;58.415728,44,9.392892999999999;9.429962;8.929292,44,123.51590499999999;126.048978;117.587502,117.99;113.398901;110.810294,7.374398875981569;7.569923996925354;7.514363853260875
cpp-tensorflow-tensorflow-new-to-make-unique,64,0,1.538001;1.731004;1.466278,0.297361;0.16984;0.16536499999999998,0,2.085625;1.729427;1.6716980000000001,0,1.914317;2.154194;1.956588,0,1.880283;1.848252;1.821512,0,1.843725;1.8419459999999999;2.000471,0,1.825723;1.7961349999999998;1.9577140000000002,0,386.555096;359.396841;343.263932,0,304.66276799999997;148.604602;74.697163,0,335.718028;383.67058199999997;451.867236,0,48.112998999999995;48.457892;51.248018,0,3.414408;3.1089569999999997;2.845699,0,6.6928350000000005;7.1174;6.607975000000001,6.567924;6.451621;6.206341,2.9098810628056526;2.857849933207035;2.949540037661791
cpp-whitespace-only-change,165,0,1.890879;1.9563929999999998;1.708574,1.080705;1.1205509999999999;1.065035,2,2.150153;1.7950570000000001;1.8892769999999999,2,2.033561;1.9545550000000003;1.762486,2,1.868417;1.885816;1.844996,2,1.8616679999999999;1.922958;1.853527,2,2.0806790000000004;1.9026349999999999;1.79402,2,341.906882;318.473661;312.795274,0,73.107175;55.846656;25.572366,0,480.282106;505.002943;451.208915,0,46.936364000000005;46.040828;47.255637,0,4.995513;4.876302;4.425763999999999,0,17.070998;16.848728;17.081524,45.140388;43.244233;43.389148,3.0003059655427933;2.975204959511757;3.051002975553274
csharp-cyanfish-naps2-add-condition-to-if,1281,0,14.464673000000001;13.919687;15.780745999999999,12.366661;12.306239000000001;11.040333,0,2.235778;1.7566890000000002;1.903647,0,2.424302;2.171306;2.195027,0,2.0717790000000003;2.0738119999999998;2.482267,0,2.242966;2.316491;2.205715,0,2.114594;3.191888;2.566061,0,339.366172;342.125038;327.086568,0,60.290032000000004;42.752518;28.257111000000002,4,928.052239;976.531525;913.212688,0,102.77964;95.10634;99.431258,1,19.617335999999998;20.150136999999997;18.889294,1,91.414429;86.914806;81.215438,315.95028;308.326437;303.178182,6.397709948942065;6.591541925445199;6.474289111793041
csharp-dotnet-script-dotnet-script-remove-two-arguments,1108,0,20.021423;19.724832000000003;17.808632000000003,9.1648;11.060646;10.841911,2,2.676336;1.887576;1.9200199999999998,2,2.285208;2.160599;2.509197,2,2.1879619999999997;2.121937;2.0796159999999997,2,2.061853;2.112822;2.198401,2,2.288272;2.493931;2.210797,2,323.42478400000005;332.192136;335.573899,2,55.10213;50.12845;57.125509,0,895.947854;934.008944;969.120721,2,96.800388;93.573766;85.971153,0,16.718601;19.912537;14.778967,0,84.05443199999999;74.57668600000001;100.210494,267.915431;258.331945;255.735669,5.474867066368461;5.684535950422287;5.941534880548716
csharp-glibsharp-gtksharp-formatting-only-change,201,0,3.391064;3.0258070000000004;2.9037759999999997,1.6302889999999999;1.505787;1.4852439999999998,46,2.028446;1.742638;1.677311,46,2.478121;2.040367;2.302028,46,2.267003;1.9567130000000001;1.9004409999999998,46,1.882776;2.2608099999999998;2.170845,46,1.9935590000000003;2.001243;1.8879789999999999,46,332.17076699999996;346.74312699999996;393.164713,44,169.479447;56.162297;51.41186,0,461.10197200000005;478.596342;497.450788,0,79.667001;76.661368;72.012882,0,5.258208000000001;7.407739;5.518673,0,19.170292;25.069001;17.540135,44.797634;41.598124;48.746615,7.523518055677414;7.705234922468662;7.712269900366664
csharp-glibsharp-gtksharp-interesting-case-where-most-should-be-flagged-as-insert-delete-with-a-single-update,305,0,4.315661;3.9326939999999997;3.833372,3.708487;3.286959;2.550718,4,2.035396;1.764397;1.930696,6,2.354384;2.0137050000000003;2.098145,6,2.2332359999999998;2.327755;2.117645,4,2.913133;2.104603;2.016074,4,2.262418;2.456226;2.153992,5,327.329449;323.139717;320.231867,6,117.426837;45.48803;53.07527,1,546.6377799999999;684.54998;556.9111730000001,5,77.332254;72.703136;73.189795,7,7.360257;6.715789;7.451607,0,24.946815;24.707995999999998;25.571138,65.86017;61.505788;69.478273,3.9543479215353727;3.987839911133051;3.7987129762768745
csharp-glibsharp-gtksharp-whitespace-only-change,104,0,0.623066;0.512514;0.5251319999999999,0.40442500000000003;0.350673;0.36797500000000005,9,2.119114;1.922628;1.849998,9,2.0949850000000003;2.054934;1.9628549999999998,9,2.142446;2.091705;1.9516040000000001,9,2.325053;2.045715;2.213687,9,2.279289;2.27535;2.0384040000000003,9,324.446682;321.414788;330.74992199999997,7,82.303404;57.913851;60.655773,0,407.55575;411.555884;385.827557,0,66.279967;66.293368;79.248316,0,3.299176;2.833674;2.689215,0,8.448567;8.268482;8.007719999999999,13.130058;12.452556;12.059304,3.4719351679086685;3.723554080352187;3.3644798677414656
csharp-glibsharp-gtksharp-whitespace-only-change-2,126,0,0.981799;1.0805319999999998;1.136538,0.84083;0.624468;0.959786,13,1.931223;1.696374;1.6798410000000001,13,2.033382;1.9197549999999999;2.899031,13,2.340188;2.007823;2.292357,13,2.036487;1.9322510000000002;1.86114,13,1.889917;1.851007;1.893701,13,337.492254;348.89796099999995;339.070683,11,89.503803;59.201279;50.454816,0,413.88188199999996;490.435884;470.95657,0,72.638834;67.765224;65.98101700000001,0,5.0743979999999995;3.507935;4.780768,0,12.555238999999998;8.86125;9.592056,14.639663;14.126027;13.798129,3.5973310004919767;3.650678088888526;3.4872060641646385
csharp-glibsharp-gtksharp-whitespace-only-change-3,190,0,1.775935;1.9799319999999998;2.11386,1.348252;1.290254;1.219392,61,2.3774260000000003;2.301801;1.8398990000000002,59,2.169749;1.9555779999999998;2.200132,59,1.849924;1.963003;1.894309,59,1.929202;1.8621340000000002;2.029582,59,1.9345919999999999;1.9298430000000002;1.906139,59,329.10456300000004;333.646933;333.983445,57,118.058438;44.372259;73.012055,0,457.679168;483.537005;492.691983,0,83.326308;67.118741;64.816658,0,5.3444199999999995;3.8186829999999996;3.597387,0,14.148109000000002;12.441460999999999;12.354502,25.353121;25.473569;24.153769,4.532469902187586;4.508450860157609;4.494172986596823
csharp-icsharpcode-avaloniailspy-a-few-formatting-changes-and-use-a-struct-instead-of-tuples,1444,0,29.662000000000003;28.925183999999998;35.20568,23.138841;20.659815000000002;17.775011,14,2.402996;2.0130529999999998;1.986971,14,2.595378;2.497735;2.442936,14,2.613603;2.65489;2.509257,14,2.702794;2.70421;3.8169210000000002,14,2.5448519999999997;2.5526199999999997;3.152911,14,347.235486;355.17391799999996;353.751191,14,156.37040399999998;74.77054199999999;27.530416,0,1103.1464179999998;1192.1590820000001;1167.9232120000001,0,106.628111;108.748561;111.065938,0,31.320887999999997;28.940007;27.692621,0,135.80752900000002;132.163814;127.36312899999999,401.565735;383.34107;379.732412,9.997996035963295;11.581366881728172;10.024440009146929
csharp-jellyfin-add-function,653,0,12.842661;14.389709;12.909566000000002,4.285262;4.046354;4.05054,1,2.240863;1.881745;1.936058,1,2.182448;2.0773889999999997;2.1102980000000002,1,2.483299;2.209976;2.355429,1,2.339461;2.64333;2.358055,1,2.32267;2.167713;2.114848,1,368.139761;330.465746;358.974588,1,102.63763200000001;71.109644;66.754688,1,651.5017819999999;672.597708;751.624633,2,150.787232;96.509205;91.462593,10,14.812717;14.415013;14.536337999999999,0,46.328409;50.696402;46.97169,126.671448;123.395115;116.730157,11.339388089254498;11.644132202491164;11.553616961464286
csharp-jellyfin-jellyfin-add-const-string,15566,0,359.702647;330.716868;341.419747,116.005883;117.006151;118.42611199999999,0,4.036941;3.656332;3.626883,0,6.475181;6.56555;6.296504,0,6.434829000000001;6.307881;6.261081,0,6.736655;7.403852;8.311516,0,8.128232;7.185806;6.900133,0,366.220235;336.785597;335.08736799999997,0,60.50982;34.591241000000004;42.194664,2,6504.576334;6558.010539;6627.914099,0,442.117299;461.017992;433.04139200000003,1,184.181632;181.989022;183.905938,1,890.593555;887.674934;865.070411,5532.201352;5403.113329;5393.704635,34.804186783730984;33.98604714311659;34.05134193599224
csharp-jellyfin-jellyfin-add-line,6714,0,79.642037;76.73384;75.553092,44.167229999999996;47.786918;47.784180000000006,1,2.8018840000000003;2.682188;2.534926,1,3.5406560000000002;3.502568;3.558903,1,3.45452;3.563005;3.3426229999999997,1,3.550025;3.643445;3.520837,1,3.4186099999999997;3.402316;3.432476,1,318.161409;315.17179699999997;320.169612,1,41.381239;25.295345;30.795523000000003,0,2298.322329;2317.218244;2356.298873,0,187.865604;189.664798;188.68764299999998,0,67.390732;69.448287;70.976233,0,328.101255;323.07081500000004;333.636714,1562.298848;1540.860455;1582.087832,15.45827998779714;14.858447015285492;14.732443960383534
csharp-jellyfin-jellyfin-update-version-string,10,0,0.184685;0.123366;0.102987,0.09319899999999999;0.041729;0.035702,0,2.022043;1.7693590000000001;1.7732480000000002,0,2.019985;1.9296090000000001;1.794651,0,1.836041;1.878038;1.880357,0,1.8800970000000001;1.9804499999999998;1.905862,0,2.16469;2.205749;2.1238390000000003,0,305.11069699999996;302.653993;304.016461,0,64.38902300000001;34.779469999999996;19.278574,0,295.783943;355.708083;323.64563000000004,0,59.418423999999995;59.765403;64.576902,4,3.1555429999999998;3.295618;2.276719,0,6.334659;7.1013150000000005;5.782964,2.594655;2.329539;2.355788,3.1892280094325542;3.2437348272651434;3.3286339603364468
csharp-jellyfin-sql-query-fix,149,0,11.362227;11.073418;10.936112,1.277555;1.0954000000000002;1.033211,2,1.962869;1.599649;1.700196,2,1.968654;1.864605;1.93266,2,1.984848;2.067362;1.8206120000000001,2,1.845248;1.811786;1.826629,2,1.9113680000000002;1.849929;1.8125850000000001,2,306.403302;319.260985;307.612003,2,45.596453000000004;20.881486000000002;31.974297999999997,4,439.52876200000003;428.843235;434.370067,0,65.731085;66.829059;65.66441,7,4.799585;4.295694;4.253417,11,16.131883;16.245983;15.732416999999998,33.477985;32.910058;30.150994,3.9239530451595783;4.064470995217562;4.143392900004983
csharp-lidarr-add-function,642,0,8.829866;9.081122;9.800972,5.173768;5.605938;4.893313000000001,1,2.333484;1.9804570000000001;2.03471,1,2.3129399999999998;2.2996969999999997;2.0463270000000002,1,2.044301;2.0189529999999998;2.4483550000000003,1,2.25628;2.104966;2.143064,1,2.0767189999999998;2.0924530000000003;2.0680080000000003,1,313.45485499999995;312.90990899999997;316.114235,1,60.795068;62.28458;53.229129,0,604.008379;595.451461;584.864791,1,85.65901;86.067065;84.934159,6,14.763135;14.586968;14.198369000000001,6,57.790371;72.647296;63.707678,134.926087;149.961033;126.8543,8.84026288986206;8.64201900549233;8.817956084385514
csharp-lidarr-call-different-function,1106,0,16.175849;15.58697;15.497972,7.414838;7.63907;6.868030999999999,0,2.2579480000000003;2.026698;1.9475479999999998,0,2.155611;2.2835669999999997;2.048842,0,2.276302;2.306692;2.79333,0,2.7676380000000003;2.41744;2.0198270000000003,0,2.027965;2.121775;2.07329,0,312.050292;341.12152899999995;352.205363,0,53.717503;28.303695;22.566564,0,749.3829199999999;764.125765;755.851647,0,81.605875;79.112554;80.12472199999999,0,12.300056999999999;12.381224999999999;12.504889,0,67.389155;67.90079;68.280192,224.619824;212.726297;207.947278,5.318277981132269;5.118229892104864;5.284199025481939
csharp-lidarr-condition-change,160,0,4.918452;4.345702;4.2350699999999994,1.326035;1.579978;1.243342,0,2.2016660000000003;1.957524;2.0090239999999997,0,2.272068;1.86654;1.837257,0,1.9065180000000002;1.838149;1.913442,0,1.9652189999999998;1.929523;1.853958,0,1.866262;1.764395;1.8688019999999999,0,309.267803;301.805046;307.49884199999997,0,34.597862;25.788531;20.684994000000003,4,447.698914;411.511191;399.902897,0,62.707173000000004;62.117607;65.46127899999999,1,6.479914;4.218642;3.9356449999999996,1,17.472689;17.466261;17.290107,37.496184;34.138029;33.73004,3.0671670101583004;3.0698960181325674;3.1105061061680317
csharp-lidarr-lidarr-add-enum-value,19,0,0.5627730000000001;0.466643;0.527851,0.08232800000000001;0.044573;0.041884,0,2.013192;1.759296;1.625615,0,1.9189859999999999;1.810903;1.831194,0,1.798598;1.7143329999999999;1.719319,0,1.846473;1.7957159999999999;1.674636,0,1.775755;1.8054320000000001;1.823657,0,302.039145;304.307042;302.827951,0,67.896547;33.417224000000004;57.9419,2,306.480383;329.97668200000004;331.030414,0,60.405699;60.732621;59.779814,0,2.440342;2.076605;1.996314,0,5.112008;4.815856;4.990480000000001,2.02897;1.878498;1.965227,2.66269501298666;2.78771691955626;2.7291448786854744
csharp-lidarr-lidarr-add-function,31,0,0.509805;0.388044;0.434396,0.262822;0.157083;0.154742,0,2.030532;1.637783;1.7241170000000001,0,2.566522;2.049164;1.679011,0,1.809755;1.820193;1.87353,0,1.811964;1.704361;1.808835,0,1.7787169999999999;1.823885;1.817307,0,303.004192;305.32728999999995;300.883817,0,45.057878;20.095860000000002;22.316639,0,330.120056;352.475897;333.948806,0,59.57588;61.402775;59.494538999999996,1,2.679587;2.3891479999999996;2.364635,0,6.253954;6.007572;6.1142460000000005,8.342812;7.598698;7.673341,2.713868860155344;3.2034830655902624;2.791072940453887
csharp-lidarr-lidarr-add-function-call-to-return,520,0,7.06201;6.793902;6.598375,4.27466;4.108837;3.9379690000000003,1,2.314297;1.8950040000000001;1.7081410000000001,1,2.147126;2.0300040000000004;1.852488,1,1.850817;1.955243;1.9613220000000002,1,1.9862019999999998;1.908821;1.916055,1,1.898245;1.950752;1.941769,1,303.36480700000004;301.370494;304.271164,1,44.634704;19.746307;20.853123,1,520.721895;572.198304;569.995716,1,73.958993;73.296756;73.918757,0,123.254819;8.413787000000001;67.116859,0,39.346917000000005;40.409622999999996;37.410804,119.279139;107.093206;107.110881,3.468655049800873;4.1394520085304976;3.49287292920053
csharp-lidarr-lidarr-add-function-signature-to-class,19,0,1.463888;1.356192;1.444757,0.122363;0.079144;0.075487,0,2.18965;1.6752150000000001;1.715843,0,1.952582;1.905161;1.790533,0,1.747007;1.810364;1.807751,0,1.8222990000000001;1.769452;1.767615,0,1.743217;1.7755589999999999;1.830654,0,304.522808;307.59837;324.143846,0,71.38051800000001;24.380518;21.596553,0,336.229708;346.622201;318.419753,0,59.525678;59.946476;62.56282100000001,1,2.499936;2.138521;2.019062,0,5.35755;5.115565;5.121037,3.695768;3.508393;3.323318,2.6757509913295507;3.2488720025867224;2.725121099501848
csharp-lidarr-lidarr-add-import-and-func,54,0,16.466663;15.435289;15.069294000000001,0.35467899999999997;0.37198200000000003;0.338861,0,2.0867479999999996;1.7176500000000001;1.708134,0,1.9960849999999999;1.9463149999999998;1.8600139999999998,0,1.8998190000000001;1.879294;1.955489,0,1.930956;1.8454949999999999;1.843108,0,1.858735;1.852924;1.814452,0,304.79343;304.088124;300.879294,0,56.248713;20.315158999999998;19.191118,0,378.445266;372.07184;337.41827,0,60.417217;60.055902;60.912631000000005,2,3.224687;2.7502199999999997;2.63131,0,7.675587;7.434848;7.4430499999999995,16.256001;12.745654;12.597584,2.8012788388878107;3.34932585246861;2.91507807560265
csharp-lidarr-lidarr-add-method-to-class,17,0,0.7221559999999999;0.664911;0.597267,0.110359;0.066049;0.064143,0,1.944687;1.754475;1.8059779999999999,0,2.061193;1.92856;1.798567,0,1.7492569999999998;1.8403939999999999;1.823658,0,1.877859;1.8888589999999998;1.817562,0,1.725217;1.810921;1.774539,0,310.41017999999997;306.698004;304.62519,0,22.797;18.854163;28.244345,0,328.46708;298.519765;299.21863199999996,0,59.378088000000005;58.640449999999994;59.88053,0,2.441059;2.0540950000000002;2.0510070000000002,0,5.334966;5.165392000000001;5.09028,2.986402;2.706912;2.772236,2.6578069664537907;3.5351738333702087;2.6972650084644556
csharp-lidarr-new-feature,122,0,8.58447;7.701588;7.58263,1.028045;0.8797740000000001;0.8761539999999999,1,2.1124289999999997;1.902987;1.93694,1,2.0523640000000003;1.9057060000000001;1.839661,1,1.899604;1.9632230000000002;1.747371,3,1.8625180000000001;1.828413;1.8609,3,1.89505;1.914282;1.913227,3,364.03734599999996;305.322795;304.613309,1,40.606186;49.022267;23.195217,9,409.36742599999997;403.99932900000005;402.819439,5,127.37849100000001;135.99980200000002;133.45072399999998,11,9.904621;8.801708;8.232991,2,20.772026;20.661088;20.807742,28.724118;25.72854;27.426993,4.847239004448056;6.802250863984227;4.795084940269589
csharp-radarr-add-object-instance,235,0,5.819703;5.307074;5.287738,3.477318;3.2745489999999995;3.2523020000000002,0,2.031579;1.818305;1.777779,0,2.177555;1.9399899999999999;1.9385139999999998,0,1.93291;1.9742319999999998;1.901359,0,1.9557390000000001;1.883444;2.0013330000000003,0,1.898108;2.087467;1.9601140000000001,0,303.194866;300.890536;303.055752,0,55.26895;23.686414;21.517894,0,567.853849;605.6115;595.667831,0,68.74242;73.742932;68.930651,0,6.855666;6.5116760000000005;6.45894,0,37.077391;35.639335;36.514570000000006,134.866831;121.437279;116.837377,3.4094119910150766;3.8849608972668648;3.2110740430653095
csharp-radarr-radarr-add-base-class,56,0,0.600349;0.500054;0.48503199999999996,0.365429;0.23594;0.288095,1,2.134487;1.795213;1.764474,1,1.9151420000000001;1.808022;1.806663,1,1.897106;2.086681;1.909713,1,1.8731049999999998;1.831474;1.7658319999999998,1,1.788499;1.9165530000000002;1.81875,1,323.569316;328.150836;323.849515,1,32.236529;30.52664;41.690009,0,357.64063400000003;377.311192;345.862369,1,60.937867;60.799015999999995;60.225453,0,2.947714;2.407722;2.429233,0,6.681105;6.581556;6.464002,10.14979;8.768994;8.923091,2.9946700669825077;3.4835338592529297;2.8307060711085796
csharp-radarr-radarr-add-func,26,0,1.3568689999999999;1.2902250000000002;1.335215,0.141391;0.09067800000000001;0.088805,1,2.063708;1.686433;1.8346580000000001,1,1.9388619999999999;1.807128;1.8688820000000002,1,1.861532;1.709655;1.7924390000000001,1,1.775288;1.819171;1.838148,1,1.72412;1.8218990000000002;1.7806950000000001,1,307.045803;307.674222;315.30515599999995,1,54.019613;24.143507000000003;21.040347,0,343.83477600000003;366.877103;375.43195499999996,0,59.47333;59.690446;60.543676999999995,0,2.582374;2.196355;2.1849450000000004,0,5.708885;5.347222;5.346545,3.946242;3.637789;3.738627,2.694325987249613;3.2249209471046925;2.998417941853404
csharp-radarr-radarr-add-one-using,1021,0,15.13025;14.276686;14.222529,12.977336999999999;12.921688999999999;12.621843,0,2.190516;1.853516;1.876024,0,2.128889;2.002111;1.999986,0,2.053868;2.044444;2.056035,0,2.080858;2.0591749999999998;1.932858,0,2.122429;1.874955;2.0691249999999997,0,303.925817;305.368497;303.928408,0,46.181132;32.005703000000004;27.507286999999998,0,894.034391;935.2405630000001;853.469428,0,96.542247;90.963128;89.878783,1,18.788505;19.453249;19.382959000000003,0,83.096575;85.574284;85.331246,412.80334;357.808496;363.328472,4.300424130633473;4.770936211571097;4.34554903768003
csharp-radarr-radarr-add-one-using-2,75,0,0.602712;0.843842;1.1193,0.42011600000000004;0.353345;0.34475999999999996,0,2.214424;1.8828740000000002;1.9186509999999999,0,2.1716230000000003;1.998336;2.06447,0,1.992058;2.0188810000000004;2.2825290000000003,0,1.9321819999999998;1.8811010000000001;1.939753,0,1.868405;1.861156;1.855291,0,306.101634;301.466878;303.15533,0,72.616514;29.549758999999998;31.068812,0,349.413594;345.80379999999997;358.55274,0,60.898487;60.153378000000004;60.360157,0,3.8129079999999997;2.7166550000000003;2.6497349999999997,0,7.14713;7.0481370000000005;7.127467,10.777487;10.533007;10.604509,2.789210993796587;3.3847319427877665;2.813986036926508
csharp-radarr-radarr-add-property,60,0,0.9516760000000001;0.861833;0.874493,0.367135;0.354965;0.288104,1,1.9816119999999997;1.653295;1.645071,1,1.965086;1.874326;1.829262,1,1.7680639999999999;1.784537;1.7777349999999998,1,1.8102610000000001;1.786474;1.714461,1,1.826897;1.7840200000000002;1.780411,1,297.758952;311.01302499999997;301.793235,1,78.254789;23.283785;20.122857,0,353.32102;378.589238;329.770514,0,60.200813;59.488886;60.044524,1,2.978499;2.6204650000000003;2.499144,0,7.195532;6.977184;6.9247179999999995,9.365232;8.803551;8.640738,2.7806840371340513;2.831469988450408;2.7388001326471567
csharp-radarr-radarr-add-to-end-of-regex,1482,0,17.271208;16.769775;16.414208,11.867998;10.623937000000002;10.698775000000001,1,2.354718;1.976837;1.929582,1,2.3902189999999996;2.2331980000000002;2.20087,1,2.1791660000000004;2.164408;2.263906,1,2.2181729999999997;2.2108309999999998;2.118283,1,2.3006580000000003;2.17653;2.158686,1,310.466904;308.363647;303.914647,1,48.195214;22.42663;22.645968999999997,1,878.132842;916.812564;988.658154,1,90.11910400000001;102.492981;89.98332400000001,0,20.309891999999998;19.609969000000003;19.842306,1,115.771174;109.799007;106.74038900000001,363.198124;363.884316;349.554648,5.715386942028999;5.718888016417623;5.6560710072517395
csharp-radarr-radarr-remove-import-and-func,34,0,1.2140630000000001;1.125567;1.119831,0.367608;0.209551;0.20634800000000003,3,2.192978;1.7833;1.754995,1,2.118299;2.0321559999999996;1.9638870000000002,1,1.848361;1.795278;1.8405330000000002,1,1.8678919999999999;1.7775340000000002;1.817245,1,1.8696;1.728119;1.860522,1,300.60285;300.511617;302.205483,1,46.176704;22.356641;23.069868,0,322.45759699999996;361.245885;341.197805,0,60.950312;59.410389;59.565854,4,3.496615;3.098474;2.962427,0,7.091489999999999;6.749117;6.82718,8.068599;7.771294;7.728297,3.024614881724119;2.7901718858629465;3.09723406098783
csharp-sonarr-add-if-block,619,0,6.441418;5.789536;5.705712,4.570805;4.403946;4.321339,1,2.2615399999999997;1.871628;1.920502,1,2.0424860000000002;2.046621;1.98583,1,2.002348;1.9536969999999998;1.917519,1,1.9167130000000001;1.888981;1.889359,1,1.920784;1.988974;1.933669,1,304.122116;303.328281;306.160863,1,61.946281;34.367029;22.247144,0,582.588041;559.202569;603.70421,0,69.993369;70.873744;70.519531,0,8.638938000000001;8.26667;8.312002000000001,0,44.687104;44.945265;44.470115,131.19119;130.814356;130.926515,4.865810973569751;4.639782011508942;5.657248897477984
csharp-sonarr-add-true-to-function-call,212,0,4.006966;3.7675;3.848022,2.064502;1.9345150000000002;1.923924,1,2.22794;1.861422;1.66743,1,1.9544670000000002;1.8746699999999998;1.858856,1,1.855996;1.9030690000000001;1.898668,1,1.9036350000000002;1.811652;1.86052,1,1.925743;1.8845990000000001;1.812459,1,318.32169100000004;302.18163599999997;305.41451600000005,1,74.437677;29.028223999999998;28.173407,0,468.987881;507.078184;452.329477,1,64.97213;63.442921999999996;67.871153,0,5.248814;4.84978;4.834734,0,20.477715;19.927132;19.94391,56.052835;56.596207;53.55701,3.2402179203927517;3.09044704772532;3.3151921816170216
csharp-sonarr-change-type,94,0,0.7534850000000001;0.687767;0.6340920000000001,0.6563019999999999;0.529135;0.575294,0,2.010751;1.731184;1.8048179999999998,0,1.9756529999999999;1.830705;1.783447,0,1.851503;1.8773819999999999;1.931365,0,1.8320809999999998;1.867748;1.823658,0,1.76939;1.8286820000000001;1.800039,0,304.296183;304.452043;302.395261,0,55.769154;20.721427000000002;21.656640000000003,0,377.947157;379.613105;404.020578,0,61.092919;62.175133;62.833347999999994,2,3.1760930000000003;2.72238;2.7359459999999998,0,9.148695;9.035465;8.982425000000001,18.090306;15.16754;14.75874,3.2006779219955206;2.972652902826667;3.0689819250255823
csharp-sonarr-sonarr-add-attribute,19,0,0.434908;0.28415599999999996;0.291624,0.08910699999999999;0.049658999999999995;0.047545000000000004,0,2.009315;1.762544;1.858833,0,2.02981;2.1596290000000002;2.17896,0,2.086429;2.014459;2.262674,0,2.113311;2.010342;1.9756919999999998,0,1.852385;1.7294070000000001;1.772229,0,302.632396;303.03788199999997;305.093904,0,77.524048;22.327723000000002;23.395013,0,320.21829299999996;315.67413799999997;321.012693,0,60.167908;58.864988;59.290548,0,2.7555460000000003;2.183851;2.0521939999999996,0,4.940679;4.726153;4.83353,2.043255;2.154304;2.036918,2.73878313601017;2.661200938746333;2.650548005476594
csharp-sonarr-sonarr-add-attribute-2,19,0,0.31151300000000004;0.316187;0.26272999999999996,0.088135;0.048644999999999994;0.046529,0,1.941487;1.750061;1.619553,0,1.949062;1.937181;1.858266,0,1.8174249999999998;1.8153139999999999;1.759114,0,1.822618;1.8290229999999998;1.8431929999999999,0,1.789528;1.729737;1.828347,0,341.256767;300.132024;300.132658,0,35.775966;18.315531999999997;27.499599999999997,0,312.737807;325.24891;338.717948,0,59.676593;59.946217000000004;58.66207,0,2.358026;2.031724;1.9638849999999999,0,4.834667;4.742717;4.833024,1.993442;2.016253;2.055676,2.7516239788383245;2.618632977828383;2.697186078876257
csharp-sonarr-sonarr-add-func,43,0,13.439672999999999;12.958317000000001;12.949762,0.31836600000000004;0.236067;0.239317,0,2.117337;1.6959410000000001;1.6931699999999998,0,1.929071;1.892782;1.781936,0,1.75147;1.8496350000000001;1.7640589999999998,0,1.9081409999999999;1.760648;1.796993,0,1.757303;1.832159;1.799595,0,301.41702100000003;334.733674;323.628268,0,43.558719;26.625980000000002;26.953211,0,357.47222;382.72943300000003;404.052064,0,61.054887;59.835637;59.675274,1,2.990347;2.525823;2.4281189999999997,0,7.674226;7.006403;7.063941,10.766649;11.13791;10.611921,2.770068123936653;2.718064934015274;2.798479050397873
csharp-sonarr-sonarr-add-import-and-annotation,25,0,0.868208;0.790668;0.789826,0.12370999999999999;0.065314;0.062111,1,2.109594;1.733938;1.696009,1,1.877329;1.9141290000000002;1.8841430000000001,1,1.781347;1.8580580000000002;1.855504,1,1.720524;1.8400210000000001;1.7686309999999998,1,1.7726879999999998;1.870564;1.7435,1,304.60179700000003;300.973818;302.297278,1,69.105025;29.269287000000002;35.258017,0,317.569572;293.05580100000003;339.56468,0,59.274986;59.65192;59.13736,0,2.49379;2.15643;1.9914889999999998,0,5.263513;5.101399000000001;5.274579,2.709918;2.677541;2.542794,2.7327958960086107;2.6985150761902332;2.6969369500875473
csharp-sonarr-sonarr-add-list-item,29,0,0.718322;0.633674;0.742384,0.093336;0.059216000000000005;0.057069999999999996,1,1.95305;1.870845;1.8473140000000001,1,1.9898440000000002;1.7414450000000001;1.829896,1,1.8001619999999998;1.815045;1.8336260000000002,1,1.7334880000000001;1.8331039999999998;1.836608,1,1.865867;1.83243;1.799045,1,303.67754;309.550722;311.523083,1,62.488538000000005;18.101049;18.996515,0,320.919925;294.210981;324.447039,1,60.116742;59.185781999999996;60.469982,0,2.41742;2.049071;2.010908,0,5.0534159999999995;4.998356;4.856864,2.336619;2.36867;2.221964,2.8377349954098463;2.824078081175685;2.9405381064862013
csharp-sonarr-sonarr-add-two-attributes,2128,0,53.215803;52.983982999999995;52.476448000000005,15.378530000000001;15.878941000000001;15.149496,0,2.3606450000000003;2.038984;2.100226,0,2.610914;2.393932;2.375286,0,2.44151;2.357365;2.393342,0,2.382053;2.387357;2.415806,0,2.341284;2.6670439999999997;2.5109350000000004,2,318.30526999999995;323.01705499999997;311.687079,0,28.657823999999998;21.546887;22.295296,0,1093.524033;1156.2521450000002;1158.414813,0,101.09079799999999;102.634243;102.315649,0,25.581663000000002;25.703686;25.322513,0,134.225044;136.000134;132.613415,603.833475;555.657156;517.481251,13.353851158171892;13.646339066326618;13.364599086344242
csharp-sonarr-sonarr-add-two-items-to-list,192,0,5.75145;5.491467;5.309381,2.8050100000000002;2.743424;2.710484,0,2.0829109999999997;1.818542;1.808014,0,2.090424;1.961759;1.933185,0,1.9616669999999998;1.8676599999999999;1.9643249999999999,0,1.899706;1.84144;2.020071,0,1.969208;1.957566;1.937533,2,301.466683;300.920253;317.211096,0,34.795639;68.09505;44.846986,0,646.371173;559.826411;619.362843,0,67.559175;70.93606299999999;67.915024,0,6.743918;6.607661;6.654132,0,36.219100999999995;37.612744;36.922948999999996,138.711676;137.139073;135.747271,4.4251789804548025;4.308479139581323;4.2620389722287655
csharp-sonarr-sonarr-delete-func,52,0,4.178297;4.050021;4.277539,0.271875;0.17243599999999998;0.16770200000000002,5,2.149888;1.830253;1.601264,1,1.954089;1.901295;1.801668,1,1.903918;1.900216;1.948942,1,1.848678;1.800607;1.858788,1,1.85925;1.869208;1.8711170000000001,1,303.324698;305.017546;302.117936,1,57.111822;45.721762999999996;26.106263000000002,0,313.351855;334.135961;321.043296,0,60.8705;59.328055;59.242357000000005,5,3.010205;2.6242180000000004;2.588142,0,6.3919060000000005;6.168688;6.141461,6.189847;5.882435;5.774161,2.831669058650732;2.8594189789146185;2.823801012709737
csharp-sonarr-sonarr-fix-comment-typo,576,0,4.857124;4.856075;4.444280999999999,4.526182;4.1809460000000005;4.253087,1,2.085875;1.796518;1.8151680000000001,1,2.159916;1.9902790000000001;1.9661549999999999,1,1.891189;1.9786579999999998;2.005293,1,1.989294;1.936912;2.012273,1,1.9859500000000003;2.2077139999999997;1.8883159999999999,1,306.949726;310.950235;317.928494,1,19.368411;19.013755;32.630277,1,595.4581599999999;526.513978;575.171254,1,70.89693299999999;69.759653;70.24530299999999,0,8.68733;8.272081;8.319148,0,46.70156;45.188376000000005;49.575292,122.618686;115.468538;114.398897,3.8750688545405865;3.8355118595063686;3.7484029307961464
csharp-sonarr-sonarr-update-regex,2576,0,25.457463999999998;24.729219999999998;24.853151,18.940151999999998;19.171231;19.185152,0,2.562309;2.136892;2.0546670000000002,0,2.779971;2.6605320000000003;2.593862,0,3.115599;2.7784139999999997;2.701096,0,2.6849450000000004;2.742628;2.67923,0,2.551006;2.632492;2.589092,0,304.712303;304.920663;311.175781,0,60.994174;23.044807;22.988523999999998,0,1203.290451;1209.319753;1228.914885,0,110.977446;107.56882800000001;109.28846300000001,1,35.533232999999996;33.346874;34.044304999999994,0,227.817693;205.99135099999998;213.890694,599.484706;562.162254;547.892708,7.819856982678175;7.971093058586121;7.915704045444727
csharp-sonarr-sonarr-use-a-different-class,52,0,4.535254;4.447736;4.448955,0.441708;0.382507;0.421933,0,2.3148560000000002;1.954036;1.799762,0,3.4177;1.883313;1.832414,0,1.80215;1.7228350000000001;1.872306,0,1.80642;1.804286;1.7988410000000001,0,2.054171;1.7802689999999999;2.185552,0,313.208371;302.250972;306.839034,0,34.297499;20.59429;21.133354,0,340.194698;382.655552;388.638305,0,61.817166;69.78119600000001;62.424342,4,3.298549;2.8901470000000002;2.862514,0,9.109478000000001;8.539791999999998;8.540749,10.946682;10.399592;10.509188,3.1853329855948687;3.7965739611536264;3.085835836827755
csharp-waf-csharprepl-update-string-URL,524,0,4.663536000000001;4.475918;4.360496,3.900075;3.675355;3.6966150000000004,1,2.153393;1.8642509999999999;1.8264010000000002,1,2.0425579999999997;1.949382;1.919097,1,1.977781;1.9639840000000002;1.9600540000000002,1,1.93013;1.900235;1.821815,1,1.8693950000000001;1.976752;1.9934319999999999,1,317.31325799999996;301.751056;302.436391,1,40.211416;27.317311;28.770536999999997,1,607.852414;541.3056819999999;591.052488,1,73.04901799999999;72.59141299999999;69.691554,1,8.238129;7.952754;7.988393,1,33.161029;35.762159000000004;32.461321,119.482462;122.134106;113.981057,4.1027970146387815;4.4698400888592005;4.22180094756186
css-add-property,61,0,0.732355;0.505324;0.530532,0.133248;0.10272799999999999;0.128827,0,2.150392;1.911645;1.791002,0,2.044346;2.3081310000000004;1.869856,0,2.039235;1.955394;1.854417,0,1.833448;1.75631;1.815662,0,1.798878;1.814919;1.719389,0,304.590019;299.2746;304.820552,0,39.379008999999996;21.037909;43.446909,0,313.289606;308.45780299999996;287.165446,0,8.868976;8.725589000000001;8.563766000000001,0,2.3294219999999997;2.06087;1.9827949999999999,,,101.846982;78.40072;82.019442,2.8940269257873297;3.0232120770961046;2.748667960986495
css-facebook-react-add-two-selectors,118,0,1.359839;1.283333;1.25647,0.367255;0.26819899999999997;0.33407600000000004,0,2.122358;1.791981;1.812065,0,1.921808;1.887505;1.819757,0,1.826353;1.806821;1.857273,0,1.904933;1.7944090000000001;1.818478,0,1.854563;1.807334;1.847256,2,302.51689;303.981289;306.00401100000005,0,79.24500800000001;25.792137999999998;26.584896,0,347.10204300000004;339.003275;349.26421600000003,0,10.181555999999999;9.948466;9.569693000000001,1,3.048295;2.806355;2.92239,,,27.616354;27.281387;27.391405,3.137101186439395;3.1066869851201773;2.9428808484226465
css-fortawesome-font-awesome-update-version-comment-2,54,0,0.664661;0.568833;0.593367,0.34992199999999996;0.340572;0.31413,0,14.528608;1.599524;2.103076,0,2.082294;1.914774;1.885949,0,1.86958;1.851699;1.875605,0,1.782011;1.885051;1.90004,0,1.923;1.810156;1.8692870000000001,0,309.514424;345.056964;314.688458,0,31.193230999999997;42.976357;42.717107,2,304.910148;317.228323;336.85038699999996,8,10.510943;9.968785;10.245351999999999,0,3.101491;2.902339;2.761666,,,5.49224;5.6045;5.413607,3.022440942004323;2.9753779526799917;2.9978950042277575
css-fortawesome-font-awesome-update-version-comment-3,12,0,65.91859699999999;64.993308;65.471862,5.04802;4.712769;4.671115,0,2.051644;1.8409579999999999;1.919018,0,2.238164;2.245543;2.0099139999999998,0,2.063854;2.1662470000000003;2.1699979999999996,0,2.057552;2.117452;2.146538,0,2.061845;2.031359;2.113413,0,306.923093;303.89099000000004;306.09665800000005,0,109.62684899999999;19.748567;18.254882,2,436.945987;480.97354399999995;459.30903,8,33.8525;34.293601;34.123425,0,14.014489;16.210676;14.290198,,,51.563499;53.499454;54.203283,3.8372220005840063;3.7243010010570288;3.595571033656597
css-fortawesome-font-awesome-upgrade-version-comment,104,0,0.901938;0.846102;0.813395,1.898837;1.611694;1.448919,0,2.110335;1.800468;1.911535,0,2.0127349999999997;1.788624;1.784653,0,1.916375;1.960485;1.926182,0,1.8731229999999999;1.879951;2.0794170000000003,0,1.927989;1.940735;2.158883,0,308.242356;310.07221899999996;322.774796,0,61.192625;21.050501;43.975221000000005,,,0,10.845698;10.626983;10.804904,0,3.686332;3.404117;3.333645,,,,2.943138126283884;2.9323380440473557;2.917455043643713
css-gorhill-ublock-add-one-attribute,241,0,2.986775;2.795309;2.7754160000000003,0.673988;0.649814;0.614641,0,2.1384239999999997;1.756637;1.6286829999999999,0,2.0358389999999997;1.90558;1.892251,0,1.871977;1.881763;1.821872,0,1.815816;1.8481649999999998;1.83355,0,1.854735;1.894473;1.868034,0,301.72102099999995;302.860578;300.995946,0,67.83249500000001;35.777951;27.251345,0,347.233592;360.27265600000004;337.600197,0,11.043255;10.770749;10.733935,1,3.469069;3.180222;3.133461,,,11.482065;11.950743;11.776161,3.027736907824874;3.0056778341531754;3.022882854565978
css-heroic-games-launcher-heroicgameslauncher-add-6-lines,118,0,0.697493;0.583085;0.576924,0.27032;0.283699;0.22563,0,2.0327040000000003;1.724127;1.860789,0,1.9879759999999997;1.9024230000000002;1.879006,0,1.77605;1.820205;1.774293,0,1.862955;1.8237780000000001;1.747174,0,1.86016;1.824972;1.787577,0,303.51243900000003;308.77452500000004;301.39975200000003,0,45.465212;27.895785999999998;35.904302,0,310.36204699999996;320.187583;321.290122,0,9.439141999999999;9.515896;9.261429999999999,1,2.734404;2.463621;2.510043,,,3.078687;3.294479;3.281347,3.157678060233593;3.0826381407678127;3.1477608717978
css-horst3180-vertex-theme-remove-single-rule,10037,0,287.462581;310.00201599999997;304.03146,100.573742;93.41937300000001;101.031679,1,33.669272;3.138254;3.32506,1,5.402915999999999;5.428288;5.432748999999999,1,5.405232000000001;5.209541;5.4963169999999995,1,5.646255999999999;5.763416;5.559073000000001,1,5.3642780000000005;5.341493;5.43783,1,317.560826;346.727893;322.364821,1,52.985345;40.140819;26.555135,,,1,302.586161;299.93106800000004;300.059732,1,162.944433;158.135326;164.509667,,,,24.28606897592545;24.942917050793767;24.642406031489372
css-lassekongo83-zuki-themes-fails-to-parse,274,0,3.2633889999999997;2.958077;2.993447,2.3737190000000004;2.286739;2.2320270000000004,1,2.116343;1.843105;1.8286419999999999,1,2.0517320000000003;1.8240489999999998;1.858463,1,1.856259;1.879343;1.829951,1,1.847995;1.834381;1.78748,1,1.945335;1.884024;1.854789,1,317.29389000000003;306.48303599999997;302.50932600000004,1,53.29531;22.926823;25.345898,3,319.31823199999997;320.153695;324.946148,1,13.131475;13.120397;12.784647,1,6.3252500000000005;5.950127999999999;5.941927,,,7.602944;6.782525;6.980352,3.664078889414668;4.4010840356349945;3.588784020394087
css-mastodon-mastodon-add-two-lines,642,0,4.688775;4.325582;4.270039,4.475573000000001;4.160451999999999;4.040642,0,2.152081;1.7410450000000002;2.084692,0,2.0285189999999997;1.878405;1.902568,0,1.9202810000000001;1.852041;1.905734,0,1.899668;1.927348;1.9122810000000001,0,1.896081;2.2291220000000003;2.073724,0,304.46826;302.32477600000004;299.731809,0,62.320843;45.498004;31.995107,,,0,16.761319;16.56608;16.505084,0,8.741845;8.528585;8.393219,,,,4.2110958602279425;4.314437974244356;4.298715153709054
css-microsoft-vscode-remove-one-line,191,0,2.041514;1.900587;1.869592,0.50549;0.5236109999999999;0.475152,0,2.117772;1.833549;1.820603,0,1.99599;1.86189;1.767441,0,1.886366;1.843908;1.8182669999999999,0,2.001984;1.918371;1.901766,0,1.77871;1.823072;1.8937030000000001,0,304.13386399999996;317.351111;316.516252,0,24.416391;24.308896999999998;23.210431,0,346.321601;337.631376;348.56976499999996,0,10.749139;10.486087;10.456481,1,3.642604;3.38886;3.356856,,,3.596744;3.747381;3.926442,2.9740179888904095;2.963581122457981;3.216183977201581
css-nextcloud-server-update-import,26,0,0.183448;0.186373;0.131915,0.071938;0.051144999999999996;0.050014,0,2.071297;1.653002;1.729898,0,2.000416;1.824375;1.831728,0,1.804936;1.796639;1.820853,0,1.794513;1.76857;1.724131,0,1.756634;1.789667;1.783097,0,301.436986;300.250087;302.164965,0,46.66548;46.308171;25.407277999999998,0,283.389678;277.43197299999997;287.68981199999996,0,9.04038;8.501349;9.040773,0,2.29209;2.090678;1.964432,,,0.985575;1.005366;0.931792,3.009401960298419;3.056685905903578;2.9788778629153967
css-playwright-add-class-selector,200,0,1.0789790000000001;1.0263419999999999;0.9823419999999999,0.400082;0.32257;0.321197,0,1.987127;1.74756;1.919255,0,2.135811;2.091894;1.945581,0,1.9136330000000001;1.902476;1.855591,0,1.958252;2.048912;1.956003,0,2.066761;2.109485;1.981301,0,305.855223;302.570687;300.356956,0,40.915337;26.459783;139.296132,1,336.792371;347.83853;346.77337400000005,0,10.05848;9.667397;9.650699000000001,1,3.173805;2.908051;2.88485,,,2.467199;2.513129;2.239051,3.0314300674945116;3.050603903830051;3.0362568795681
css-shadcn-ui-ui-add-two-bytes,696,0,4.761783;4.399197;8.088654,2.529224;2.455127;2.446997,1,2.0490180000000002;1.76923;1.808883,1,2.098037;2.029669;1.987848,1,1.920308;1.967844;1.9554,1,1.89905;1.916708;1.980183,1,1.907564;1.8457549999999998;1.8937050000000002,1,307.189045;304.915398;303.407871,1,74.329216;50.882871;27.805911,,,1,16.908481;17.700167;16.652952,0,10.089023000000001;10.109017;9.881183,,,,3.7104759830981497;3.812856040894985;5.602739052847028
css-source-foundry-hack-change-font-string,70,0,0.541826;0.458058;0.45894399999999996,0.21633799999999997;0.17481;0.176863,0,2.053674;1.69826;1.7833510000000001,0,2.0166250000000003;1.829333;1.839053,0,1.7085519999999998;1.8208280000000001;1.750576,0,1.780092;2.093285;2.029242,0,1.872359;1.7907170000000001;1.75796,0,303.645911;303.46184700000003;304.251699,0,33.065674;30.190928999999997;18.683407,0,304.936043;346.511363;341.013233,0,9.917644999999998;9.030384000000002;9.029215,0,2.615196;2.3943380000000003;2.325648,,,1.401515;1.489445;1.51591,3.08177899569273;3.1832640524953604;2.89460108615458
css-wordpress-add-comment,306,0,0.810223;0.7892990000000001;0.740489,0.347165;0.321784;0.30399600000000004,0,2.107396;1.8047499999999999;1.629777,0,2.05843;1.894039;1.8757190000000001,0,1.837059;1.838154;1.863447,0,1.8418569999999999;1.7456889999999998;1.852652,0,1.859633;1.901654;1.927234,0,303.476126;309.20348800000005;301.597595,0,59.620782;38.38561;105.034716,4,346.616039;362.741798;317.527502,0,9.936611;9.564385999999999;9.78115,0,3.6566620000000003;3.350119;3.2987569999999997,,,2.318769;2.069795;2.117419,3.686653915792704;3.7591010332107544;4.483853001147509
css-wordpress-format-comment-and-fix,98,0,2.6104040000000004;2.566026;3.383362,0.153349;0.097928;0.094022,0,2.0397369999999997;1.796843;1.8209369999999998,0,2.0280419999999997;1.9206990000000002;1.8912799999999999,0,1.945268;1.917103;1.894301,0,1.890181;1.884568;1.894121,0,1.919561;1.972181;1.9062160000000001,0,304.27418;304.24277;305.44072500000004,0,45.975429;21.123421999999998;29.298859,95,302.19169800000003;315.072843;294.22245499999997,1,10.394347999999999;10.264648;10.201058000000002,9,9.224385999999999;9.354684;8.847895999999999,,,0.969012;0.915469;0.950585,3.565809922292829;3.5785918589681387;3.815992036834359
css-wordpress-reformat,20,0,2.9708479999999997;2.8155620000000003;2.7224139999999997,0.101406;0.06961200000000001;0.067901,1,1.913818;1.824765;1.878205,1,1.9755710000000002;1.869034;1.895332,1,1.835785;1.842334;1.901543,1,1.861742;1.855694;1.870111,1,1.79399;1.750055;1.7728819999999998,1,305.778861;315.185855;301.239772,1,47.74985;21.582663;20.534582,15,297.87492199999997;343.637925;335.17829,2,10.430264999999999;10.341415;10.460652000000001,11,2.432183;2.1702150000000002;2.110129,,,0.85621;0.841636;0.872328,2.8791469521820545;2.801286056637764;2.9155851807445288
css-wordpress-smalll-change,711,0,4.377626;3.9457449999999996;3.901597,1.330858;1.36501;1.298931,0,2.208427;1.849091;1.696855,0,2.250582;1.950519;1.894602,0,1.943171;1.977202;1.905775,0,1.9497200000000001;1.903106;1.949723,0,1.965882;2.054662;1.93352,0,305.037363;301.56495;316.00178800000003,0,42.741481;23.072762;30.877857000000002,0,401.999561;380.804076;378.674063,0,15.417712;15.036621;15.157416,1,5.481808;5.085714;5.405731,,,8.67481;8.014218;7.946444,3.84662114083767;3.9147320203483105;3.8370101246982817
css-wordpress-wordpress-autogenerated-file,4,0,57.550423;55.325185;57.0717,5.595943999999999;5.183621;5.379804,0,2.242353;1.952325;1.878833,0,2.226887;2.2575410000000002;2.128675,0,2.153553;2.145298;2.135506,0,2.066586;2.294629;2.217414,0,2.1343069999999997;2.270892;2.236555,0,312.356872;307.762539;301.86791400000004,0,75.957278;48.231631;68.622686,,,0,34.148228;34.013098;33.909713,0,16.229337;16.324948;16.287378,,,,3.4959008917212486;4.059031140059233;3.512002993375063
css-wordpress-wordpress-change-comment,2208,0,200.29265199999998;202.858269;195.45411900000002,15.576547999999999;14.594729000000001;14.462582,0,2.315894;2.104539;1.920272,0,2.2928129999999998;2.1711460000000002;2.2302519999999997,0,2.127059;2.125452;2.203872,0,2.147909;2.2175219999999998;2.244021,0,2.169302;2.184109;2.1336049999999998,0,312.01594900000003;312.909341;304.625562,0,43.506063;22.926584;23.520386000000002,,,0,40.68911;38.623622000000005;38.806212,1,25.666016;25.205052;25.172824,,,,5.907949060201645;6.198015064001083;6.030210992321372
css-wordpress-wordpress-change-simple-values-to-vars,714,0,4.608413;3.991684;3.6526710000000002,1.3686129999999999;1.311774;1.401589,0,2.139095;1.729187;1.828099,0,2.194362;1.932678;1.955671,0,2.0138399999999996;1.9520119999999999;1.945992,0,2.097647;2.0075179999999997;1.9591679999999998,0,2.001901;2.113512;1.9300739999999998,0,327.662921;313.201023;325.681634,0,39.304507;30.880001;40.914767999999995,0,405.901574;378.95543;406.386456,0,14.789975;14.311698;14.545288999999999,1,5.522067000000001;5.288112;5.304099,,,7.665425;7.804249;7.971868,4.061741987243295;3.97399696521461;3.882082179188728
css-wordpress-wordpress-go-to-one-line,5,0,0.279553;0.22582400000000002;0.21884,0.037308999999999995;0.016041;0.014283,1,2.023228;1.8621530000000002;1.744276,1,1.986237;1.8540290000000001;1.927036,1,1.689176;1.7945909999999998;1.78237,1,1.789272;1.8122189999999998;1.787163,1,1.818294;2.13753;1.9744279999999998,1,302.339641;304.742032;303.277509,1,83.381597;29.333614;46.583061,4,282.793577;338.331725;306.436757,3,8.667106;8.382113;8.440325999999999,3,2.0525320000000002;1.841094;1.753781,,,0.694819;0.578814;0.610537,2.8534180019050837;2.781354822218418;2.7991561219096184
css-wordpress-wordpress-one-line-to-multiline,16,0,1.6165019999999999;1.505963;1.474884,0.08518999999999999;0.07299;0.051956,2,2.07606;1.821941;1.5781599999999998,2,1.9089129999999999;1.8064680000000002;1.826885,2,1.774461;1.872732;1.8130469999999999,2,1.8211;1.792083;1.8614,2,1.900959;1.768095;1.860301,2,307.060449;301.449623;300.95922,2,68.565768;19.524276;27.489880000000003,14,296.130503;298.178301;310.043228,9,9.138456;11.178118000000001;8.843478,9,2.322739;2.102323;1.9708019999999997,,,0.634029;0.577023;0.623385,2.8648460283875465;2.926864894106984;2.886358881369233
css-wordpress-wordpress-re-format-in-one-line,7,0,0.636775;0.6638660000000001;0.587236,0.061333;0.036977;0.034462,1,1.7890320000000002;1.7396239999999998;1.770113,1,2.35228;1.891284;1.819288,1,1.784432;1.745827;1.802252,1,2.0556229999999998;1.836187;1.8769170000000002,1,2.146186;1.943944;1.962882,1,316.89180300000004;324.116422;305.833801,1,35.790062;22.059244;35.749909,6,311.652977;331.234155;343.58943400000004,5,8.92362;8.470037999999999;8.510053,5,2.158572;1.846994;1.866452,,,0.441941;0.448099;0.540802,2.7880389243364334;2.8339019045233727;2.84803519025445
css-wordpress-wordpress-reformat-and-fix-lint-errors,7,0,0.6657740000000001;0.571771;0.623298,0.050494;0.028274;0.02597,1,1.724768;1.644916;1.728594,1,1.9890889999999999;1.856012;1.708088,1,1.810578;1.828853;1.789708,1,1.8054320000000001;1.793655;1.8180500000000002,1,1.8239079999999999;1.841793;1.8277,1,304.551181;302.600769;314.243536,1,50.307012;20.055832;46.54017399999999,4,290.896404;285.107007;335.006236,3,8.927816;8.493973;8.609779999999999,3,2.168589;1.947236;1.872938,,,0.448446;0.46068;0.536399,2.8071000706404448;2.826869022101164;2.8092642314732075
css-wordpress-wordpress-remove-one-line,245,0,2.162732;2.016826;2.015936,0.771099;0.66692;0.688601,0,2.028373;1.879428;1.587417,0,1.9522680000000001;1.9555649999999998;1.956371,0,1.8644779999999999;1.936142;1.91172,0,1.885956;1.867236;1.774321,0,1.8089689999999998;1.854659;1.826397,0,306.368718;334.709098;299.93663,0,78.807237;22.095506;25.127212,0,330.99273800000003;389.393923;355.244251,0,11.190010000000001;10.683935;10.501652,0,3.7029900000000002;3.453414;3.37367,,,3.33633;3.508027;3.420023,2.8536980971693993;2.878989093005657;2.8945161029696465
css-wordpress-wordpress-remove-one-rule,2,0,0.439202;0.451567;0.364468,0.16353;0.133047;0.156887,0,2.0138249999999998;1.863013;1.9136909999999998,0,2.0003170000000003;1.909362;1.79984,0,1.728439;1.759804;1.77965,0,1.797475;1.745101;1.7564250000000001,0,1.795411;1.8063580000000001;1.7306240000000002,0,304.77159;301.768612;302.457657,0,70.89528200000001;25.326477;50.834211999999994,1,311.056149;283.09459799999996;298.877535,0,9.186733;9.017359;8.764925,1,2.508791;2.24679;2.2987450000000003,,,1.215311;1.295194;1.44566,2.673082984983921;2.732618013396859;2.748436061665416
css-wordpress-wordpress-remove-webkit-prefix,2,0,1.694777;1.60506;1.4651939999999999,0.584828;0.5787450000000001;0.67909,1,2.075612;1.7506380000000001;1.837202,1,2.010945;1.9324;1.833906,1,2.14622;2.064886;1.944667,1,1.796535;1.823055;1.831884,1,1.824508;1.994305;1.887815,1,306.469745;313.511644;314.92222,1,52.14762399999999;61.13908;30.127305,1,329.469805;340.57065600000004;357.02959899999996,1,10.630152;10.431668;10.393917,0,3.689126;3.250029;3.04555,,,2.826114;3.058442;3.054144,2.802785951644182;2.807531040161848;2.781430957838893
css-wordpress-wordpress-rename-attribute,40,0,0.27594799999999997;0.18192;0.173767,0.10620199999999999;0.071487;0.106595,0,1.9989220000000003;1.7416179999999999;1.637767,0,1.9650330000000003;1.8356519999999998;1.795182,0,1.8227740000000001;1.704587;1.8514140000000001,0,1.783016;1.8576190000000001;1.769743,0,1.731483;1.916667;1.833685,0,304.45991100000003;299.052063;302.79762900000003,0,69.811358;45.336432;18.948721000000003,0,302.85770099999996;282.524419;346.653353,0,8.937861;8.650171;8.491342000000001,0,2.267842;2.034664;2.000327,,,2.784641;0.836956;0.901006,2.790082013234496;2.7266850229352713;2.770669059827924
go-caddy-rename-type,156,0,1.666956;1.589993;1.499277,0.534476;0.472861;0.561092,0,2.12206;1.8479150000000002;1.7622479999999998,0,1.985319;1.938127;1.817395,0,1.911677;1.84161;1.899411,0,1.9772549999999998;1.862888;1.842552,0,1.7655859999999999;1.797487;1.797711,0,319.71493;302.616894;308.25035899999995,0,36.146588;27.64848;41.928961,0,472.013898;452.386881;481.10202499999997,0,24.597397;24.34512;24.754175999999998,0,3.503136;3.202639;3.132555,,,110.585568;88.959098;89.36795,5.5275228805840015;5.654282169416547;5.737521918490529
go-caddyserver-caddy-multiple-solutions-interesting-case,3232,0,121.39832;122.310078;120.91175999999999,14.508202;14.113612999999999;14.311440999999999,0,2.465081;2.046968;2.0418,0,2.591601;2.4669230000000004;2.467851,0,2.421436;2.416427;2.4451669999999996,0,2.532031;2.504194;2.434282,0,2.4109890000000003;2.457633;2.475593,0,322.541672;308.17359999999996;308.61931599999997,0,85.32087700000001;68.69850199999999;38.802208,0,3646.731574;3703.526865;3644.7989860000002,0,65.994519;66.567656;92.216838,0,37.355786;36.773422;36.873897,,,3170.40782;3091.234731;3137.319494,8.63432209007442;8.104410022497177;8.467477979138494
go-cloudflare-cfssl-change-zero-value-to-is-zero,516,0,20.909958;19.70245;19.957257,1.587512;1.51562;1.429625,0,2.240336;1.705821;1.7319200000000001,0,2.06922;2.0127740000000003;1.9487599999999998,0,1.951927;1.913296;1.98116,0,2.015864;1.956262;2.0025020000000002,0,1.972117;2.000458;2.032988,0,305.176288;321.912005;304.061048,0,47.419509999999995;36.792838;35.313186,0,617.3083270000001;663.142934;688.272381,0,16.317383;16.302549;15.998425000000001,0,6.5217290000000006;6.256975;6.396184,,,255.231948;265.495628;257.593282,4.133062902837992;3.68838501162827;3.6112358793616295
go-containers-storage-add-two-constants,1736,0,56.375306;54.019697;54.125905,6.391596;6.135733;6.1525479999999995,0,2.281918;2.06379;2.0083029999999997,0,2.3488409999999997;2.259164;2.187933,0,2.259271;2.214145;2.216274,0,2.2151810000000003;2.309909;2.181404,0,2.250854;2.17496;2.175992,0,313.64596900000004;309.96371;329.227846,0,52.345662000000004;51.120346;44.045395,0,1803.89255;1845.5304429999999;1842.7829060000001,0,59.264514999999996;61.112640000000006;58.625130999999996,0,18.89261;18.640245;21.200349,,,1252.849208;1241.006092;1236.419344,7.871879963204265;7.349638035520911;7.253936026245356
go-cri-o-cri-o-change-importa,238,0,1.373257;1.302106;1.114668,0.698047;0.625794;0.625392,0,2.220466;1.827463;1.6894639999999999,0,1.946672;1.827794;1.897983,0,1.841334;1.938298;1.9059599999999999,0,1.8579219999999999;1.821472;1.817665,0,1.806492;1.834988;1.8437,0,301.012911;338.774543;302.926058,0,57.159023000000005;30.480031;51.217566,0,435.75244699999996;460.97011599999996;464.021007,0,12.708339;12.625512;12.454939,1,3.944932;3.532936;3.555047,,,90.552808;89.517418;89.527096,3.382531926035881;3.2419629860669374;3.2040809746831656
go-darylhjd-mangadesk-remove-a-function-uptade-comments,1225,0,5.7050670000000006;5.361626;5.361871,3.041581;3.021269;3.0900410000000003,1,2.223927;1.91767;1.8728230000000001,1,2.132339;2.110367;2.11767,1,2.180893;2.1240590000000004;2.014637,1,2.0862749999999997;2.1637470000000003;2.099511,1,1.9738529999999999;2.08061;2.016018,1,306.014407;309.152139;322.415199,1,35.192405;34.330718000000005;39.231733,0,967.313185;976.630354;992.5210500000001,0,23.829199999999997;24.107484;24.070062,1,11.834258;12.013895;10.46026,,,520.128332;508.728152;512.430361,8.245919831097126;8.025119081139565;8.01657303236425
go-dweymouth-supersonic-remove-two-lines,338,0,7.827238;7.848005;7.624818,1.532141;1.499603;1.429622,2,2.165874;1.9298430000000002;1.922747,2,2.050994;1.941676;1.91107,2,1.931817;1.908169;1.8959350000000001,2,1.8819110000000001;1.820999;1.942789,2,1.959343;1.9360149999999998;2.0002679999999997,2,330.477807;300.74867;312.28500799999995,2,56.11825;24.498819;44.454204,0,620.467221;626.414963;646.264225,0,16.296433999999998;16.079435;15.974275,0,5.842986;5.619032000000001;5.566266000000001,,,241.626752;230.672135;239.303693,3.447124967351556;3.349501872435212;3.4843150060623884
go-fatedier-frp-build-comment-insert-only,44,0,0.40067800000000003;0.317058;0.401341,0.164693;0.124439;0.119077,1,2.23312;1.9419680000000001;1.595601,1,2.017873;1.881579;1.7997029999999998,1,1.7955180000000002;1.851938;1.8281619999999998,1,1.752013;1.731125;1.855577,1,1.794189;1.70371;1.805371,1,305.089096;303.813767;301.845833,1,40.676421;31.142538000000002;47.522864999999996,1,362.35591700000003;381.68471999999997;349.80235700000003,1,11.630415999999999;12.559992000000001;11.041799,0,2.630009;2.278793;2.793738,,,25.66334;27.924536;25.096618,2.780125942081213;2.9398000333458185;2.877746010199189
go-gin-add-function,68,0,1.787945;1.5290169999999998;1.518627,0.387099;0.332573;0.331606,0,2.305867;1.830746;1.727519,0,2.066233;1.908166;1.853491,0,1.874218;1.86504;2.4646160000000004,0,1.951421;1.84753;1.818792,0,1.9033229999999999;1.732127;1.811453,0,316.309123;306.02027999999996;310.625876,0,27.592449000000002;38.104108999999994;44.561264,0,389.851651;409.985178;418.430863,0,11.650246;11.427384;11.363133,0,3.000173;2.760757;2.645661,,,50.330834;49.528657;49.234043,2.8673699125647545;2.8365820180624723;2.863092115148902
go-gin-change-import,92,0,1.24522;1.190308;1.175366,0.469574;0.475286;0.39243399999999995,1,1.991944;1.755217;1.8018159999999999,1,2.1343389999999998;1.894667;1.796639,1,1.738261;1.804312;1.8009,1,1.8754279999999999;1.830121;1.8585509999999998,1,1.746614;1.8366310000000001;1.7987680000000001,1,300.76494399999996;302.60794899999996;312.340282,1,44.704276;19.693035000000002;25.534656,0,413.578171;415.47560300000004;415.96694699999995,1,11.944817;11.630753;11.865340999999999,0,3.1232450000000003;2.860055;2.7835300000000003,,,58.908936;60.234317;56.9292,2.894131001085043;2.8507208917289972;2.8089098632335663
go-gin-constant-change,204,0,2.688216;2.922033;2.6690329999999998,0.795736;0.818837;0.823967,0,2.181852;1.869097;1.660143,0,1.989414;1.859175;1.8397000000000001,0,1.9183970000000001;1.864926;1.831049,0,1.897139;1.8081690000000001;1.839862,0,1.844643;1.9451880000000001;1.894584,0,303.150718;305.254352;303.395465,0,87.908486;44.372684;53.608343000000005,0,480.68229099999996;470.731921;483.77205299999997,0,13.243275;13.189829999999999;12.839015999999999,0,4.076418;3.774933;3.77517,,,103.820278;99.72676;99.211893,3.374526975676418;3.210117807611823;3.3186119981110096
go-gin-gonic-gin-one-space-removed-in-a-comment,22,0,0.132222;0.062589;0.042409,0.052860000000000004;0.017069;0.015779,1,1.833492;1.6896140000000002;1.727639,1,1.994599;1.862025;1.7029809999999999,1,1.787724;1.7749199999999998;1.821946,1,1.807136;1.7280380000000002;1.835674,1,1.794017;1.938994;1.869034,1,303.596524;300.017977;305.887585,1,143.442653;21.772538;22.133101,1,300.515579;340.427425;323.17737400000004,1,10.748987;11.323097;11.244639000000001,1,2.248258;1.901804;1.8465,,,3.073628;2.750207;2.790253,3.1681000255048275;2.724681980907917;2.8963349759578705
go-gin-gonic-gin-replace-replaced-with-replaceall,508,0,26.625751;25.157329999999998;26.519444999999997,2.297072;2.291671;2.26426,0,2.316503;1.868848;1.9367779999999999,0,2.390283;2.208288;2.098096,0,2.043848;2.10592;3.4121609999999998,0,1.964221;1.935637;1.930323,0,1.909219;1.94414;1.871376,0,318.73329099999995;320.350979;311.70594800000003,0,32.776942000000005;28.656188;35.956955,0,750.7064260000001;839.142516;783.1109630000001,0,20.278036999999998;21.330714;19.225803,0,6.856539;6.591378;6.69712,,,378.395494;368.260353;365.929197,3.7942470517009497;3.602848155423999;3.760038176551461
go-gin-gonic-gin-update-version-string,18,0,0.092878;0.059355;0.053387000000000004,0.037883;0.017862;0.016348,0,2.0220260000000003;2.085585;1.7786950000000001,0,1.933165;1.871582;1.820118,0,1.787963;1.7943900000000002;1.785223,0,1.854239;1.85359;1.846397,0,1.746928;1.8411339999999998;1.768547,0,302.164963;301.772346;300.869852,0,54.29554;44.69267;45.761313,0,282.42126099999996;297.032874;285.40153699999996,0,10.694304;10.423025;10.311799,0,2.170263;1.952944;1.9185439999999998,,,2.718244;2.57577;2.601304,2.8132458683103323;2.8129909187555313;2.7594780549407005
go-gin-gonic-gin-update-version-string-,18,0,0.155243;0.058990999999999995;0.052929000000000004,0.040712;0.018629;0.016669,0,1.7493319999999999;1.822543;1.76857,0,1.988395;1.849349;1.808096,0,1.733404;1.818429;1.821667,0,1.801116;1.84283;2.138248,0,1.849572;1.75803;1.7860090000000002,0,303.221518;303.580391;324.362954,0,38.507338000000004;46.713315;118.10356900000001,0,300.016843;335.947814;301.08221699999996,0,10.639011;10.913731;10.580548,0,3.0460779999999996;2.0473380000000003;1.941975,,,2.69233;2.519831;2.510031,2.727571874856949;2.6964519638568163;2.736138179898262
go-gin-gonic-gin-update-version-string-2,18,0,0.090412;0.060985;0.055194,0.040478;0.017826;0.016633000000000002,1,1.835781;1.732679;1.750092,1,1.862587;1.80727;1.809324,1,1.7913219999999999;1.818853;1.711319,1,1.822346;1.781874;1.8033400000000002,1,1.7591169999999998;1.746924;1.823542,1,303.137203;306.728686;307.653563,1,82.01029799999999;22.520539999999997;27.145209,1,323.82045;289.891632;317.668833,1,11.08033;10.502348999999999;10.359268,0,2.255357;1.919766;1.902387,,,2.672877;2.492249;2.544249,2.800821093842387;2.7246440295130014;2.7363821864128113
go-gin-gonic-gin-update-version-string-3,18,0,0.096254;0.06278099999999999;0.056264999999999996,0.040598;0.018173;0.016334,0,1.8279660000000002;1.657595;1.6128360000000002,0,1.9775919999999998;1.832192;1.808247,0,1.781202;1.808843;1.803948,0,1.7568270000000001;1.972106;1.828252,0,1.748138;1.782111;1.7871029999999999,0,307.07358;301.88577;301.184974,0,86.903686;27.960039;24.741941999999998,0,305.624545;290.96508;314.569184,0,10.833411;10.567035;10.394039000000001,0,2.186985;1.941698;1.867175,,,2.761306;2.498621;2.628778,2.707611070945859;2.7411631308496;2.7732490561902523
go-gin-gonic-gin-update-version-string-4,18,0,0.094426;0.063273;0.057151999999999994,0.03954;0.017570000000000002;0.031564,0,1.806181;1.7798;1.813157,0,1.926523;1.762497;1.7309020000000002,0,1.7883980000000002;1.8184900000000002;1.884445,0,1.7941960000000001;1.737865;1.973629,0,1.81521;1.8342910000000001;1.82861,0,307.976681;301.357377;302.790416,0,70.045262;26.691254;20.029082,0,289.489605;302.903149;305.692076,0,10.604944999999999;10.622668;10.38549,0,2.2558190000000002;1.844982;1.895537,,,2.625511;2.68354;2.556647,2.704920945689082;2.9201838187873363;2.749465871602297
go-gin-gonic-gin-update-version-string-5,18,0,0.127971;0.107413;0.055982,0.039567;0.017929;0.016549,0,1.775218;1.698573;1.7860770000000001,0,2.014073;1.8708;1.734456,0,1.810288;1.83044;1.8003719999999999,0,1.84162;1.801838;1.771709,0,1.8575620000000002;1.781793;1.849764,0,304.36145799999997;302.32095599999997;315.42803200000003,0,28.043295999999998;50.466101;23.094263,0,307.830861;292.054069;310.13921799999997,0,10.901793;10.254427;10.756715,0,2.225225;1.896701;1.821971,,,2.652012;2.495098;2.5435,2.6853070594370365;2.922217827290297;2.7534919790923595
go-gin-gonic-gin-update-version-string-6,18,0,0.093482;0.061129;0.054727,0.040156;0.05122499999999999;0.016607999999999998,0,1.847205;1.714679;1.76177,0,1.918513;1.8628920000000002;1.8426740000000001,0,1.885086;1.727252;1.813509,0,1.771375;1.85789;1.777559,0,1.757546;1.815418;1.8299290000000001,0,303.817177;304.067214;307.54117399999996,0,56.653361;19.627735;25.317619999999998,0,321.179963;290.57531;319.77423799999997,0,10.568429;10.723208999999999;10.484027999999999,0,2.257461;1.834289;1.909412,,,2.660723;2.503981;2.560043,2.7416457887738943;3.045810852199793;2.6534709613770247
go-gin-gonic-gin-whitespace-in-comment,64,0,0.584786;0.561406;0.5218729999999999,0.288844;0.255565;0.23589100000000002,1,1.889262;1.82616;1.8002479999999998,1,1.9421309999999998;1.755531;1.8260939999999999,1,1.826868;1.8387360000000001;1.821797,1,1.86218;1.76026;1.7268050000000001,1,1.832344;1.829694;1.755494,1,302.19622899999996;303.214694;303.27329,1,118.536357;18.570454;18.776982,1,387.50944599999997;361.110351;403.301364,1,11.524998;11.283114000000001;11.342654000000001,1,2.771205;2.397546;2.319171,,,33.352744;32.335035;32.122931,2.7539499569684267;3.1944618094712496;2.885747933760286
go-gohugoio-hugo-add-and-upadate-list-items,48,0,0.668145;0.561875;0.654202,0.09015799999999999;0.059033;0.056178,1,1.864629;1.634511;1.729768,1,1.939208;1.864538;1.839545,1,1.74327;1.8796240000000002;1.783285,1,1.862872;1.819234;1.7744950000000002,1,1.7672759999999998;1.7807039999999998;1.7918109999999998,1,304.237421;302.808807;302.85200499999996,1,55.097145;22.68102;41.884359,1,344.36589200000003;332.249183;335.37194,1,10.877941;10.970871;10.966767,0,2.3742099999999997;2.152625;2.115142,,,10.923036;10.006585;10.185955,2.896304940804839;3.1573770102113485;2.9684710316359997
go-gohugoio-hugo-update-and-add-list-items,52,0,0.7288979999999999;0.606857;0.656112,0.10619900000000002;0.070948;0.066399,1,1.858217;1.617337;1.7756219999999998,1,1.962513;1.8562400000000001;1.8053190000000001,1,1.821984;1.743755;1.818609,1,1.933775;1.838492;1.840859,1,1.70431;1.8366339999999999;1.798327,1,299.647969;304.16057;299.740573,1,33.354263;33.083822999999995;20.811590000000002,1,319.97386;329.309845;358.44554899999997,1,11.017782;10.62419;10.620249,0,2.421856;2.12935;2.1744,,,11.451507;13.284162;11.234215,2.93468008749187;3.015235997736454;2.9222399462014437
go-gohugoio-hugo-update-and-add-some-values,52,0,0.790212;0.675177;0.6904899999999999,0.104852;0.07236100000000001;0.11407699999999998,1,1.844144;1.686523;1.841512,1,1.937221;1.852031;1.7343169999999999,1,1.824583;1.787041;1.860319,1,1.792298;1.833813;1.765693,1,1.733782;1.861725;1.829515,1,304.364673;311.323419;302.49706799999996,1,52.092021;20.633802;25.443884999999998,1,346.371996;332.717187;309.989013,1,10.753761;10.750979000000001;10.587769999999999,0,2.479857;2.17483;2.124932,,,11.582707;10.989403;11.413114,3.0411710031330585;2.967621898278594;2.916672034189105
go-gohugoio-hugo-version,48,0,0.620447;0.603981;0.561854,0.090168;0.059156;0.056473999999999996,1,1.815893;1.737965;1.796777,1,1.961029;1.863312;1.7552830000000001,1,1.8196359999999998;1.781394;1.82874,1,1.7474509999999999;1.767909;1.824676,1,1.827225;1.872929;1.838153,1,301.64751099999995;302.489544;303.76937599999997,1,69.574704;38.629822000000004;51.594058,1,348.92829400000005;301.362869;307.58141900000004,1,10.937104;10.393371;10.698005,0,2.3910950000000004;2.154118;2.092469,,,10.39815;9.959154;13.490307,2.8262289706617594;2.8549351263791323;2.806521952152252
go-golang-go-add-one-line,97,0,1.811205;1.789756;1.686152,0.34119099999999997;0.236866;0.249031,0,1.8242;1.747541;1.737199,0,1.9860860000000002;1.774155;1.7766730000000002,0,1.842997;1.83052;1.836025,0,1.7385320000000002;1.799623;1.798122,0,1.823762;1.880037;1.816078,0,307.377666;304.397094;300.91697,0,42.491186;25.313996;18.087639,0,392.123209;390.98571999999996;373.920226,0,11.46873;11.243692;11.234239,1,2.923501;2.615233;2.560646,,,30.988256;30.265699;32.016056,2.8517029713839293;2.8781630098819733;2.831462072208524
go-golang-go-update-copyright-year,18,0,0.047125;0.02643;0.024057,0.051333;0.038445999999999994;0.036442,0,1.841761;1.761206;1.650412,0,2.0050570000000003;1.8179839999999998;1.78335,0,1.800101;1.807393;1.746091,0,2.152788;1.848573;1.817207,0,1.800818;1.8005600000000002;1.750966,0,317.55064100000004;304.645561;300.60357,0,50.984769;37.601312;27.806585000000002,0,340.097344;296.904748;287.02710199999996,0,10.588659;10.292878;13.768545,0,2.2816389999999998;2.21332;1.9756169999999997,,,1.513174;1.508252;2.630752,2.681612968444824;2.702753059566021;2.7641509659588337
go-grafana-grafana-real-small-change-with-a-move,59,0,8.222965;5.654974999999999;5.496914,0.260479;0.273285;0.20751599999999998,1,2.159962;1.833613;1.5957000000000001,1,1.926968;1.847764;1.820717,1,1.831983;1.8310959999999998;1.764438,1,1.851441;1.795267;1.9003329999999998,1,1.897643;1.825302;1.724709,1,305.52092600000003;302.040695;301.439659,1,52.82909;40.379791999999995;26.179073,0,418.99370400000004;362.005099;369.076233,2,11.609875;11.235439999999999;11.350285,4,3.164956;2.815226;2.7099849999999996,,,38.524975;37.083325;38.724816,3.032816108316183;3.035414032638073;2.982267877086997
go-jesseduffield-lazygit-add-a-func,27,0,0.16831300000000002;0.12292299999999999;0.118454,0.09882000000000002;0.034670000000000006;0.045718,0,2.047453;1.745503;1.873197,0,2.037894;1.9182240000000002;1.840462,0,1.721264;1.8064660000000001;1.768712,0,1.858078;1.834645;1.858268,0,1.783299;1.786148;1.848048,0,306.61998800000003;304.814761;302.62015399999996,0,55.899638;18.201110999999997;17.453851,0,318.10177;289.06743;331.286735,0,10.734518;10.599346;10.851026,1,2.243016;1.9662920000000002;1.9632640000000001,,,5.673095;7.55555;5.581991,3.198476042598486;3.344773082062602;3.343569813296199
go-jesseduffield-lazygit-add-function,25,0,0.215619;0.167664;0.202988,0.075948;0.055162;0.072541,0,1.653675;1.7146;1.8791579999999999,0,1.962151;1.8397299999999999;1.750505,0,1.73508;1.800297;1.809996,0,1.698201;1.849139;1.7990739999999998,0,1.8258059999999998;1.805851;1.710194,0,303.12227800000005;305.381225;314.07309300000003,0,40.827869;27.580398;33.833155,0,321.69466800000004;321.037217;311.29549899999995,0,10.768052;10.408823;10.446155000000001,1,2.2834499999999998;2.077884;1.9588750000000001,,,8.378235;8.931739;7.976757,2.810779958963394;2.786909928545356;2.7786579448729753
go-jesseduffield-lazygit-add-two-lines,154,0,16.705216;17.940534;15.733784,0.616168;0.6257010000000001;0.733405,0,2.142563;1.774222;1.793163,0,2.011972;1.853372;1.79444,0,1.7631590000000001;1.877094;1.906898,0,1.910719;1.818527;1.798836,0,1.737155;1.864312;1.81069,0,302.172035;301.75468900000004;302.516012,0,51.653611000000005;23.720986;25.13675,6,486.770427;466.141974;430.220147,0,12.968713;12.488741;12.652488,2,3.576679;3.389096;3.1745430000000003,,,83.730557;84.772038;81.192831,3.1238419469445944;3.053432097658515;3.0384210404008627
go-junegunn-fzf-real-small-change,37,0,0.563504;0.510444;0.5024419999999999,0.10300999999999999;0.060633000000000006;0.05722100000000001,4,2.008649;1.7428229999999998;1.994796,4,1.981575;2.451791;1.885423,4,1.84809;1.865105;1.86234,4,1.8640539999999999;1.7691899999999998;1.778164,4,1.819864;1.7844630000000001;1.872646,5,321.520636;301.679535;305.119817,4,42.032738;22.538514;18.397813,0,322.03981799999997;321.108165;308.100876,2,12.814112000000002;12.665645;11.726343,5,2.454772;2.1262469999999998;2.195776,,,9.792732;9.022941;9.566726,3.190445015206933;3.250740002840758;3.195300931110978
go-kubernetes-kubernetes-add-unit-test-cases,598,0,72.315211;72.30158899999999;73.604161,3.4385310000000002;4.125028;3.2296750000000003,7,2.370056;2.21592;1.941578,5,2.262069;2.334232;2.0643049999999996,5,2.065886;1.96549;2.045486,5,1.973317;1.9970130000000001;2.009029,5,1.994247;1.973929;1.9873629999999998,18,372.026662;342.193515;336.86669800000004,5,72.63691899999999;28.87953;21.550241,6,1094.182265;1035.901309;985.11763,28,25.972835;27.920996;26.364445,43,104.824895;117.859888;122.535808,,,557.380863;537.448344;537.188518,42.64818993397057;43.6582809779793;43.23417111299932
go-lazygit-add-to-if-condition,844,0,22.268537000000002;22.042707;21.540225,3.645508;3.590102;3.610078,1,2.5246410000000004;1.933225;1.7422060000000001,1,2.0319249999999998;2.02184;1.9362959999999998,1,1.927039;1.915541;1.917019,1,1.981881;2.017475;1.952027,1,2.018049;1.9102620000000001;1.930107,1,310.540655;324.258894;313.838347,1,61.361216000000006;34.107018000000004;21.202775,1,1033.407888;996.118514;965.793194,1,26.376376;23.443354;23.325764999999997,0,10.617552;10.235938;10.096124,,,534.169994;519.909966;526.686123,4.474621033295989;4.3704810086637735;5.56656694971025
go-ollama-ollama-add-go-build-comment,14,0,0.085113;0.052062;0.045095,0.028806;0.012806999999999999;0.011583,1,2.125766;1.660519;1.851901,1,1.9493749999999999;1.758138;1.898495,1,1.867108;1.902341;1.833005,1,1.823629;1.848262;1.729459,1,1.878278;1.7916150000000002;1.797559,1,307.42354;302.12724099999997;301.247646,1,44.713732;18.806751;45.709005,0,294.855135;313.38041300000003;311.789831,0,10.683131;10.346352;10.319683,0,2.410762;1.9891599999999998;2.0012369999999997,,,1.934918;1.881316;1.941362,2.8863309416919947;3.022552002221346;2.76498799212277
go-ollama-ollama-remove-go-build-comment,12,0,0.10126299999999999;0.063026;0.055707,0.04583399999999999;0.01026;0.009371,1,1.782883;1.6115350000000002;1.735376,1,1.948552;1.849424;1.812014,1,1.756966;1.920206;1.790658,1,1.835997;1.7962740000000001;1.842758,1,1.815835;1.7786270000000002;1.886497,1,303.450695;300.496908;302.323148,1,24.216099;17.86921;18.477504,0,311.911214;315.577028;336.995017,0,10.722633;10.763126;10.433022,1,2.270527;1.926983;1.9844490000000001,,,1.961189;1.518312;1.484192,2.95888795517385;2.9822238720953465;2.8483581263571978
go-ollama-ollama-surround-block-with-if-and-function-call,1305,0,27.851146;26.852693000000002;27.444077,5.60569;5.4009;5.220786,2,2.120987;1.8345040000000001;1.975307,2,2.259147;2.17067;2.153721,2,2.101141;2.058913;2.022125,2,2.379075;2.302686;2.115183,2,2.162139;2.0840929999999998;2.066597,2,314.499283;313.55886399999997;324.603737,2,47.566516;47.041264999999996;24.152559,0,1503.526723;1471.8446350000002;1563.203566,16,33.139805;34.102785;32.846035,16,14.428528;13.914097;14.185862,,,1009.076584;1016.524575;986.716233,13.65260616876185;14.386892085894942;13.817692873999476
go-prometheus-node_exporter-remove-one-comment,657,0,5.583165;5.566628;5.481865,3.9801710000000003;3.060173;3.033125,0,2.058406;1.866362;1.765304,0,2.0472620000000004;1.948032;1.9932090000000002,0,1.894464;1.872809;1.876772,0,1.890065;1.9667080000000001;1.849637,0,1.992602;1.956377;1.888161,0,343.86357899999996;302.182076;314.157575,0,73.2606;25.062837000000002;25.475030999999998,0,994.441371;996.0145190000001;970.552189,0,21.567739;21.246872;21.237406,0,8.815145;9.587883;8.689178,,,568.984878;536.824485;564.618789,3.4960920456796885;3.3694379962980747;3.30393691547215
go-prometheus-prometheus-remove-copyright-year,44,0,0.12189900000000001;0.085004;0.079293,0.06936;0.045864;0.043536,1,1.981423;1.789677;1.79924,1,1.946621;1.850721;1.766659,1,1.796802;1.823773;1.808575,1,1.896007;1.767771;1.77428,1,1.808252;1.885145;1.782083,1,301.464021;301.03342100000003;298.12181999999996,1,43.906465;24.675613;21.236498,1,303.703903;302.94721699999997;322.37197000000003,1,11.222938;12.015397;10.548154,0,2.451422;2.192513;2.206404,,,5.847318;6.012651;5.527243,2.828954951837659;2.9024400282651186;2.7391710318624973
go-prometheus-single-comment-change,78,0,0.507683;0.422958;0.408097,0.263489;0.241571;0.21077200000000001,1,2.1070580000000003;1.8061520000000002;1.6855520000000002,1,1.901132;1.8881539999999999;1.90621,1,1.828173;1.833252;1.856964,1,1.797266;1.7338239999999998;1.8957819999999999,1,1.82437;1.89551;1.807186,1,307.696627;327.43669;303.481769,1,55.030749;26.039068;26.552408999999997,1,370.840261;389.147174;356.866799,1,13.139750000000001;11.201147;10.986136,0,2.764052;2.5187069999999996;2.541027,,,35.280457;33.719145;33.81514,2.9240550938993692;3.633884014561772;2.867953153327107
go-stackexchange-blackbox-add-comment,21,0,0.12862099999999999;0.08864899999999999;0.079616,0.11625;0.023647;0.021449000000000003,0,2.188529;1.8666719999999999;1.82807,0,1.946443;1.739716;1.7854990000000002,0,1.790345;1.8070110000000001;1.8106769999999999,0,1.751393;1.82898;1.778349,0,1.811037;1.81741;1.72732,0,311.174091;302.292373;302.263424,0,52.957739;21.226373;26.019985,0,286.014337;301.399246;305.85945799999996,0,10.817838;10.703303;10.296987,1,2.246318;1.9080300000000001;1.8248039999999999,,,3.853028;3.62893;3.59025,2.65634898096323;3.021166892722249;2.607554197311402
go-user-slices-library,1597,0,40.522694;40.267513;39.819845,5.756876999999999;5.82972;5.555853,49,2.5870580000000003;2.106202;2.127447,47,2.466682;2.29603;2.306779,47,2.400188;2.27186;2.262008,47,2.313289;2.304368;2.30857,47,2.221294;2.2738929999999997;2.2693589999999997,47,307.920935;309.71693500000003;311.022184,47,46.252917999999994;36.464236;28.527556999999998,46,1609.9167479999999;1659.905391;1676.578402,46,210.33175;180.934878;185.109987,50,19.179910000000003;19.057944;18.984197,,,1182.35181;1164.353723;1180.566225,8.367844857275486;8.486052975058556;8.478886913508177
html-abs-lang-abs-version-update-in-string,118,0,19.487368;20.148543;19.999949,3.2601560000000003;3.190015;3.161017,1,2.285034;1.9358680000000001;1.9175229999999999,1,2.158363;1.976467;1.9667130000000002,1,2.006794;1.975914;2.082999,1,1.9614810000000003;2.020937;1.99949,1,2.064021;2.127258;1.985241,1,320.67978800000003;305.06366499999996;305.037543,1,61.889272000000005;54.15159;32.462086,,,1,120.02731299999999;121.776824;121.150202,,,,,,7.695076987147331;7.855548989027739;7.792453980073333
html-apache-echarts-delete-one-script-tag,839,0,0.580318;0.592467;0.538519,0.6732509999999999;0.585072;0.665464,0,2.080592;1.84081;1.884629,0,2.118501;2.011165;1.965544,0,1.953215;2.10371;1.925549,0,1.967258;1.9727770000000002;2.0024819999999997,0,1.958553;1.96481;2.0295449999999997,0,337.355908;302.96993100000003;306.415439,0,42.571289;20.868573;39.081731000000005,,,0,42.234911;54.813333;42.467237,,,,,,3.786806017160416;3.880365984514356;3.863096935674548
html-axios-axios-add-script-element,42,0,0.331856;0.216548;0.211501,0.1066;0.076594;0.074155,2,2.04265;1.906963;1.849834,2,2.08576;1.990023;2.19579,2,1.98672;1.791176;1.900559,2,1.706067;1.77918;1.7771569999999999,2,1.924891;1.8438890000000001;1.766959,2,301.378264;301.986094;302.76759,0,49.434723;27.176005;35.15259,,,0,30.054865;30.077733;31.120355999999997,,,,,,3.003917867317796;2.8395389672368765;3.0091640073806047
html-caddyserver-caddy-add-one-element,2289,0,17.16862;16.901037000000002;16.793835,6.275157;6.124808;6.002059,0,2.267064;1.9884859999999998;1.920567,0,2.524338;2.4001230000000002;2.365724,0,2.329948;2.366731;2.315646,0,2.3830940000000003;2.467376;2.4495419999999997,0,2.324705;2.360719;2.36462,0,316.767585;308.741871;309.606536,0,64.619919;22.739513;19.715134,,,0,62.807773999999995;63.867284;64.57264,,,,,,6.914013065397739;7.361985044553876;6.749101914465427
html-chennes-med-extreme-test,386,0,24.981581;24.571796;24.057083,6.286328000000001;6.064672;6.260763,0,2.453258;2.021995;2.0026200000000003,0,2.293709;2.165797;2.117013,0,2.144203;2.1295900000000003;2.274617,0,2.0941;2.1470920000000002;2.127736,0,2.202821;2.242521;2.177835,0,314.351522;317.62867500000004;317.292264,0,48.93544;27.226141;25.856177000000002,,,0,667.374916;671.079422;647.278155,,,,,,17.222843831405044;17.56266411393881;17.261931905522943
html-chennes-med-only-text-value-change,198,0,2.94244;2.803029;3.030741,1.019681;0.882036;1.039238,0,2.2394279999999998;1.833137;1.807137,0,2.036786;1.950545;1.880663,0,1.899851;1.8104410000000002;1.84457,0,1.908139;1.8659;1.876386,0,1.871479;1.953005;1.895108,0,309.171307;317.021335;302.209985,0,24.418565;33.843568;21.737629000000002,,,0,35.950009;35.567296999999996;35.048775,,,,,,3.681615926325321;3.909581108018756;3.669456113129854
html-chennes-med-only-text-value-change-2,108,0,1.871343;1.669548;1.6701439999999999,0.6410790000000001;0.5749580000000001;0.5719099999999999,0,2.124924;1.793185;1.782893,0,1.949906;1.9848869999999998;1.8478450000000002,0,1.771697;1.910111;1.893079,0,1.870328;1.86742;1.925097,0,1.8670930000000001;1.784388;1.8251229999999998,0,304.65108000000004;308.093927;306.383952,0,32.374717;22.717145000000002;22.637211,,,0,33.588055999999995;32.912257;33.366060000000004,,,,,,3.3896719105541706;3.413033904507756;3.3986761700361967
html-fatedier-add-attribute,34,0,0.502575;0.366573;0.39826,0.113291;0.082987;0.08116999999999999,1,1.9965249999999999;1.687236;1.807425,1,1.993379;1.8808799999999999;1.921135,1,1.8596599999999999;1.790392;1.8053279999999998,1,1.838014;1.854565;1.8139409999999998,1,1.842122;1.77491;1.824515,1,304.89086199999997;299.890928;307.00539399999997,1,41.607952;34.684713;30.299265,,,1,8.392826000000001;8.293963;8.120559,,,,,,2.971678040921688;2.9473211616277695;2.9484580736607313
html-fatedier-frp-update-hashes,2,0,0.46502400000000005;0.346119;0.33972800000000003,0.127753;0.10078100000000001;0.09947700000000001,0,1.9735310000000001;1.7180360000000001;1.815404,0,1.9997740000000002;1.839508;1.774319,0,1.745593;1.906781;1.803125,0,1.780323;1.899953;1.8408090000000001,0,1.819688;1.885038;1.811644,0,303.338408;303.25516600000003;304.484961,0,58.04837;102.73705700000001;19.383107,,,0,8.58108;8.434594;8.340603999999999,,,,,,2.7422569692134857;2.760441042482853;2.71816598251462
html-fatedier-frp-update-hashes-2,2,0,0.458711;0.279121;0.272664,0.116873;0.09028;0.088065,0,1.955384;1.786744;1.783586,0,2.098087;1.880322;1.815627,0,1.724033;1.830129;1.799174,0,1.812946;1.760161;1.759742,0,1.770431;1.767645;1.788746,0,335.469576;322.564224;318.863117,0,35.960922;40.333948;40.479023000000005,,,0,9.553398;8.823692;8.889139,,,,,,2.697149058803916;2.764695091173053;2.7356219943612814
html-fatedier-frp-update-hashes-3,2,0,0.339382;0.340466;0.29425700000000005,0.117513;0.090665;0.13273000000000001,0,2.0489089999999996;1.943896;1.792368,0,2.085597;1.824232;2.074952,0,1.928918;4.7288440000000005;1.9443819999999998,0,1.8832980000000001;1.784848;2.013216,0,1.78797;1.77289;1.645229,0,308.530082;304.681229;311.42735799999997,0,38.758922;28.082548999999997;21.405392,,,0,8.463726;8.342419999999999;8.158862,,,,,,2.778813010081649;2.815766027197242;2.826825948432088
html-fatedier-frp-update-hashes-4,2,0,0.350998;0.357943;0.278297,0.11546899999999999;0.08904799999999999;0.086309,0,1.853625;1.787028;1.645367,0,1.949519;1.852378;1.8253679999999999,0,1.8281580000000002;1.812634;1.732482,0,1.859226;1.777391;1.831524,0,1.812571;1.707971;1.7839310000000002,0,304.142945;302.794883;303.695652,0,36.710538;107.389696;21.470141,,,0,8.58731;8.204537;8.253214999999999,,,,,,2.829275792464614;2.7213930152356625;2.816290128976106
html-fatedier-frp-version,34,0,0.371166;0.24154;0.340078,0.114454;0.086131;0.136546,0,1.978413;1.792443;1.7739340000000001,0,2.001408;1.775328;1.77892,0,1.7796159999999999;1.8143390000000001;1.8193000000000001,0,1.706037;1.833625;1.786754,0,1.850443;1.816338;1.701855,0,303.832382;300.561421;303.720742,0,105.48356100000001;21.162456;19.730057,,,0,9.400011;8.367685999999999;8.213365,,,,,,2.7832018677145243;2.770919119939208;2.8380060102790594
html-firefox-update-src,40,0,0.508693;0.5066660000000001;0.425894,0.18369800000000003;0.15206;0.20237299999999997,0,1.923942;1.7430130000000001;1.833339,0,2.212864;2.02951;1.868717,0,1.869333;1.800287;1.812804,0,1.879041;1.810826;1.803406,0,1.89849;1.829798;1.717657,0,302.44719599999996;301.125666;299.434013,0,59.770140999999995;30.286915;43.810419,,,0,29.983199;30.660603000000002;30.670043,,,,,,2.847648924216628;2.8190668672323227;2.8203160036355257
html-gohugoio-hugo-change-template-variable-path,90,0,0.446188;0.294996;0.382646,0.239016;0.203681;0.256742,0,1.996668;1.710631;1.773881,0,2.007446;1.8254549999999998;1.952805,0,1.837445;1.725744;1.876683,0,1.805459;1.8898409999999999;1.847299,0,1.798637;1.7533290000000001;1.802082,0,302.842506;299.891914;302.69980400000003,0,90.634996;23.840569;26.507831999999997,,,0,9.143373;8.503652;8.451205,,,,,,2.9356807935982943;2.9528909362852573;2.9190529603511095
html-gohugoio-hugo-enclose-table-with-div-and-add-thead-tbody,88,0,0.34310599999999997;0.24651499999999998;0.242172,0.158509;0.118623;0.11910399999999999,5,1.859288;1.820206;1.792119,5,2.04122;1.845029;1.787255,5,1.83233;1.894914;1.884648,5,1.848256;1.88733;1.7997569999999998,5,1.824509;1.799959;1.816178,5,313.780153;316.435676;312.320242,5,167.09388;20.248879000000002;25.085798,,,30,11.83877;11.817384;11.846442,,,,,,14.548066072165966;14.292852021753788;13.161608017981052
html-gohugoio-hugo-template-not-pure-html-2,5,0,0.023225;0.008649;0.00749,0.014503;0.004808;0.0044540000000000005,1,1.951513;1.621148;1.716469,1,1.9749189999999999;1.867219;1.69389,1,1.854949;1.761571;1.843606,1,1.880474;2.098237;1.828446,1,1.9223370000000002;1.733036;1.732332,1,302.75886299999996;309.929833;323.28952,1,55.35272;27.178819999999998;48.09193,,,1,8.100014000000002;8.394999;8.514771000000001,,,,,,2.6913462206721306;2.656725002452731;2.821875968948006
html-gohugoio-hugo-update-href-template,49,0,0.43084999999999996;0.33083;0.327835,0.162184;0.135597;0.182777,2,1.9916610000000001;1.691067;1.731467,2,1.9751629999999998;1.877397;1.761326,2,1.847187;1.790324;1.81339,2,1.8298889999999999;1.7626460000000002;1.786103,2,1.803752;1.85907;1.844043,2,306.275767;316.707601;302.583783,0,79.35204999999999;30.02287;30.583729,,,0,8.815955;8.235042;8.495136,,,,,,2.9639420099556446;2.970531117171049;2.965196967124939
html-gorhill-add-tag,57,0,0.686476;0.547595;0.591222,0.233629;0.19928099999999999;0.195212,0,2.0567390000000003;1.8589419999999999;1.768791,0,1.9663189999999997;1.802883;1.9375609999999999,0,1.772953;1.781122;1.8533060000000001,0,1.773558;1.802403;1.7860099999999999,0,1.7897530000000001;1.863017;1.736602,0,310.87567;300.71119600000003;304.256259,0,61.233000000000004;44.820935999999996;101.35972699999999,,,0,8.820215;8.664819000000001;9.684671,,,,,,2.922642044723034;2.926724962890148;2.9853112064301968
html-gorhill-ublock-add-one-meta-element,199,0,6.774583;6.156822999999999;6.045538,2.415522;2.4844;2.4059749999999998,0,2.129925;1.829534;1.933927,0,2.033899;2.004634;1.888629,0,1.888851;1.878788;1.931899,0,1.810215;1.925618;1.90006,0,1.878753;1.922422;1.9221620000000001,0,306.452328;303.133694;304.616205,0,50.477538;34.646770000000004;24.099466,,,0,19.549861;19.134506;19.453675999999998,,,,,,3.136416897177696;3.256574971601367;3.0787941068410873
html-hugo-tag-to-selfclosing-tag,20,0,0.326343;0.322033;0.30479599999999996,0.10947399999999999;0.06775500000000001;0.0644,0,2.050123;1.7535129999999999;1.696687,0,1.8976659999999999;1.877838;1.769565,0,1.822181;1.8076679999999998;1.7436669999999999,0,1.824124;1.793136;1.8034270000000001,0,1.8516;1.768618;1.793844,0,300.593128;300.77445800000004;303.310176,0,35.122546;33.012896;20.960005,,,0,8.260016;7.925560999999999;8.057516000000001,,,,,,2.7925879694521427;2.732445951551199;3.159792860969901
html-ladybird-delete-attribute,29,0,0.181522;0.137816;0.13117700000000002,0.066642;0.043238;0.065872,0,1.883693;1.779584;1.778869,0,1.9229239999999999;1.8036079999999999;1.81795,0,2.0973200000000003;1.866814;1.872286,0,1.70601;1.850596;1.744369,0,1.7928620000000002;1.848948;1.7940390000000002,0,302.051535;302.394906;302.355638,0,65.639907;22.934859;21.423682,,,0,9.62387;9.368365;9.555983000000001,,,,,,2.6358040049672127;2.7031381614506245;3.021267941221595
html-ladybirdbrowser-ladybird-remove-meta-attribute,27,0,0.240317;0.180861;0.17575100000000002,0.112956;0.061864999999999996;0.057201,0,1.928351;1.766833;1.803407,0,1.962606;1.727152;1.7812999999999999,0,1.871553;1.8190870000000001;1.805982,0,1.7163519999999999;1.77743;1.805051,0,1.833968;1.715887;1.7701520000000002,0,302.925771;308.030044;301.670958,0,163.045168;93.33685799999999;25.531989000000003,,,0,31.078613;31.873328;31.534857,,,,,,2.658176003023982;2.677374053746462;2.8518878389149904
html-ladybirdbrowser-ladybird-remove-one-line,165,0,1.499752;1.25442;1.250941,0.556636;0.5474519999999999;0.475326,0,2.16803;1.760989;1.852997,0,2.024981;1.962998;1.8308389999999999,0,1.921961;1.8251039999999998;1.842037,0,1.862177;1.8125179999999999;1.881393,0,1.832118;1.892798;1.779819,0,301.98072399999995;304.43931000000003;320.737236,0,33.70365;19.043216;22.976028,,,0,12.515345;11.669862;11.614622,,,,,,2.764978911727667;2.806514035910368;2.9016451444476843
html-ladybirdbrowser-ladybird-update-pixel-value,48,0,0.417898;0.417744;0.374742,0.16654199999999997;0.17301899999999998;0.141428,0,1.993175;1.757417;1.622507,0,1.914385;1.841738;1.8115780000000001,0,1.856919;1.738666;1.827715,0,1.800512;2.007356;1.9158160000000002,0,1.858536;1.789114;1.761943,0,302.193287;302.433193;303.339242,0,46.850019;30.152444;30.036127999999998,,,0,9.869050000000001;9.774059999999999;9.862024,,,,,,3.2908471766859293;2.8479541651904583;2.7727598790079355
html-ladybirdbrowser-ladybird-update-two-pixel-numbers,46,0,0.555705;0.47141099999999997;0.56951,0.258842;0.21079399999999998;0.208259,0,2.0017989999999997;1.798184;1.823131,0,1.990065;1.912193;1.80921,0,1.7706709999999999;1.79036;1.78375,0,1.8207010000000001;1.766829;1.818041,0,1.7700369999999999;1.95321;1.825658,0,311.32752800000003;304.417693;306.49667600000004,0,81.77686100000001;22.703942;34.072981,,,0,9.000163;8.694828;8.660760999999999,,,,,,2.9106619767844677;2.9940090607851744;2.846578834578395
html-mermaid-update-link,206,0,0.489252;0.37139900000000003;0.365783,0.24196799999999996;0.20161600000000002;0.213958,1,1.905461;1.7656720000000001;1.7607059999999999,1,1.9771390000000002;1.81036;1.847731,1,1.824143;1.850106;1.8339050000000001,1,1.8439590000000001;1.698146;1.837032,1,1.79208;1.8548200000000001;1.8060699999999998,1,307.901192;302.222537;301.430646,1,41.987807000000004;24.979147;26.996976999999998,,,1,34.598698999999996;33.554845;33.138169000000005,,,,,,3.0488448683172464;3.1003709882497787;3.0904500745236874
html-milkytracker-milkytracker-text-update,7516,0,109.32898;106.751632;107.854831,28.60308;28.611773;30.603463,0,2.737026;2.645086;2.4462580000000003,0,3.066223;2.926137;2.880745,0,2.9435059999999997;2.8660769999999998;2.91749,0,2.924237;2.903337;2.831803,0,2.923152;2.887803;3.112091,0,314.040895;321.75885900000003;322.39133,0,26.031769;26.179655;37.311733,,,0,132.21984;131.671823;148.679299,,,,,,15.664336970075963;15.61538502573967;15.587551984936
html-mozilla-firefox-firefox-href-path,28,0,0.24264100000000002;0.23916099999999998;0.18331599999999998,0.105816;0.077629;0.07502500000000001,0,2.143517;1.9641229999999998;1.757849,0,1.970608;1.820049;1.867509,0,1.781936;1.8971859999999998;1.979465,0,1.808672;1.749219;1.798285,0,1.772375;1.865291;1.79503,0,301.64812;301.502673;300.813642,0,62.050968;23.641044;40.593385000000005,,,0,29.722869999999997;30.02745;30.052526,,,,,,3.153541125357151;3.224034793674946;3.1072020065039396
html-mozilla-firefox-firefox-interesting-case,28,0,0.148697;0.098732;0.093146,0.069873;0.046682;0.053169,2,2.073259;1.786546;1.808011,2,1.992406;1.8674430000000002;1.840178,2,1.7142410000000001;1.754043;1.873642,2,1.824249;1.781166;1.741565,2,1.842692;1.78725;1.858006,2,302.03921099999997;319.1159;314.314527,2,64.015336;43.479003;23.945425999999998,,,2,30.648895999999997;29.966414;29.761282,,,,,,2.9958051163703203;2.9478948563337326;2.84965499304235
html-mozilla-firefox-firefox-path,54,0,0.319795;0.30692;0.259403,0.198902;0.111768;0.110397,0,1.972699;1.779398;1.646911,0,2.0192769999999998;1.882757;1.7988609999999998,0,1.848267;1.8163610000000001;1.848191,0,1.846606;1.879677;1.79122,0,1.839558;1.8419400000000001;1.712924,0,304.376441;305.396628;300.569072,0,38.021601000000004;18.510208;48.028332,,,0,29.930641;30.275024000000002;29.770643999999997,,,,,,2.89725698530674;2.898711943998933;2.921351930126548
html-mozilla-firefox-firefox-remove-li-around-button,2398,0,35.841728;32.813283;26.82732,8.697187;8.551241000000001;8.675920999999999,0,2.4251139999999998;2.091284;2.2470239999999997,0,2.761327;3.043223;2.860234,0,2.8529660000000003;3.323212;2.72179,0,2.513294;2.449574;2.545751,0,2.45353;2.54684;2.4567870000000003,0,476.398312;471.627534;471.93877299999997,0,62.876086;24.277117;43.382859,,,48,54.937313;63.549781;54.548499,,,,,,167.28310799226165;165.96679389476776;165.52711301483214
html-mozilla-firefox-firefox-test-span,40,0,0.443995;0.39213600000000004;0.37897400000000003,0.078678;0.05506;0.052059999999999995,0,2.097246;1.8009709999999999;1.6549239999999998,0,2.061385;1.880802;1.8685150000000001,0,1.858384;1.898244;1.797589,0,1.789491;1.825062;1.761947,0,1.848075;1.824512;1.8120429999999998,2,302.82412800000003;304.823612;307.12857199999996,0,76.789366;33.675557000000005;20.763458,,,0,9.929025;9.599647;9.798383000000001,,,,,,3.85344703681767;3.4601869992911816;3.490700153633952
html-mozilla-pdf-add-closing-tags,10,0,0.5488179999999999;0.38232099999999997;0.43926000000000004,0.062301999999999996;0.054062;0.037559999999999996,0,1.996312;1.707528;1.750159,0,1.9855570000000002;1.823828;1.7800330000000002,0,1.748511;1.818441;1.866674,0,1.9046200000000002;1.7960990000000001;1.751842,0,1.822403;1.757823;1.79972,0,303.734345;303.60338199999995;374.452481,0,37.245238;33.245375;42.991854000000004,,,0,8.627289999999999;8.305975;8.178906,,,,,,3.29604116268456;2.839362947270274;2.871821168810129
html-oauth-xx-oauth-ruby-version-and-timestamp-update,798,0,8.632361999999999;8.532312000000001;8.608403000000001,3.73426;3.510492;3.401573,0,2.370508;1.848122;1.911584,0,2.274479;2.101736;2.0438650000000003,0,2.049881;2.064501;2.124852,0,2.232926;2.0887789999999997;2.063045,0,2.0308729999999997;2.022188;2.143494,0,302.921332;302.18517499999996;302.54165900000004,0,44.273565;22.579024;21.656617,,,0,45.952807;47.550939;45.566006,,,,,,6.229028105735779;4.348949994891882;4.432587185874581
html-pandas-dev-pandas-release-banner-update,2,0,0.085532;0.058100000000000006;0.052939,0.028213;0.013673000000000001;0.012400000000000001,0,2.149722;1.8058049999999999;1.627802,0,1.9202990000000002;1.91751;1.778006,0,1.848313;1.8124580000000001;1.717945,0,1.816607;1.780574;1.841596,0,1.7420650000000002;1.754781;1.75674,0,306.340148;300.684305;305.404149,0,51.746108;22.369915;21.95112,,,0,8.295997;7.889883;7.995026,,,,,,3.409686964005232;2.7889159973710775;2.756671980023384
html-prettier-prettier-not-pure-html-includes-yaml-as-well,18,0,0.084694;0.053404;0.049138999999999995,0.039301;0.05422300000000001;0.020708999999999998,2,1.974521;1.732483;1.764821,2,1.9689379999999999;1.764533;1.815223,2,1.801946;1.8381319999999999;1.920579,2,1.827621;1.731611;1.831058,2,1.755119;1.832824;1.701752,2,301.033761;320.524973;307.049732,2,47.620698000000004;40.493897000000004;24.252828,,,6,8.228808;7.922798;7.723861,,,,,,3.8437650073319674;2.8226340655237436;2.75591597892344
html-tcltk-thread-one-multiline-value-changed,626,0,8.059214;8.079488;7.512131,2.97633;2.951595;2.937065,0,2.133762;1.878087;1.8781329999999998,0,2.112099;2.003627;1.9697529999999999,0,2.012039;1.90015;2.103867,0,2.145175;2.007203;1.999476,0,1.986784;1.9633960000000001;1.950074,0,305.13233;304.55550999999997;302.014191,0,59.062306;22.935170000000003;30.119094999999998,,,0,22.509536;22.550455;22.990868000000003,,,,,,4.412901122123003;3.84142785333097;3.744845045730472
html-twbs-bootstrap-add-the-same-attribute-in-many-places,716,0,12.93766;12.752762;12.531959,3.328385;3.306892;3.324854,15,2.3986490000000003;1.9822479999999998;1.972947,15,2.2588809999999997;2.0872949999999997;2.06658,15,2.1574760000000004;2.106299;2.079106,15,2.259514;2.1177539999999997;2.058036,15,2.155175;2.112348;2.021444,15,310.7059;313.281121;312.036808,15,111.498983;24.829869000000002;42.671317,,,15,57.109318;57.979316000000004;51.369746,,,,,,12.646910035982728;12.309696059674025;12.159837875515224
html-twbs-bootstrap-remove-one-line-in-yaml-metadata-preamble,69,0,0.582066;0.499137;0.486104,0.29883699999999996;0.19994499999999998;0.25506399999999996,0,2.307426;1.737445;1.7460170000000002,0,1.93353;1.893097;1.744092,0,1.818538;1.8069169999999999;1.8310950000000001,0,1.823276;1.6930910000000001;1.832685,0,1.895126;1.83723;1.846317,0,301.71537;300.531192;303.623113,0,76.30298300000001;20.371083000000002;20.822346,,,16,9.438444;8.803115;8.784436,,,,,,2.684058155864477;2.7939670253545046;2.6761589106172323
html-xiaoyeli-superlu-change-a-bunch-of-values-and-add-one-element,683,0,20.563339;20.136897;22.976248000000002,3.609988;3.2515549999999998;3.208391,0,2.795614;2.072785;2.019416,0,2.267496;2.2445630000000003;2.258521,0,2.116786;2.123893;2.1106480000000003,0,2.1307050000000003;2.114764;2.1234919999999997,0,2.0975170000000003;2.100447;2.0571309999999996,0,344.46640099999996;339.22069999999997;337.251232,0,31.064437;21.048115;30.352892999999998,,,0,282.386906;279.06957;281.965723,,,,,,24.250607937574387;24.14397895336151;24.55668104812503
java-add-interface,33,0,0.553377;0.496727;0.486758,0.155356;0.08622099999999999;0.08352000000000001,1,2.130258;1.788201;1.799661,1,1.9810999999999999;1.940624;1.90985,1,1.722375;1.808811;1.816632,1,1.905936;1.859256;1.8286349999999998,1,2.0271600000000003;1.731446;1.822584,1,345.58890799999995;301.57380900000004;301.994642,1,68.141039;20.292293;18.721046,1,513.788583;511.67186300000003;496.504016,0,16.449136;16.088601;16.192334,1,2.478418;2.180586;2.152253,1,6.070728;6.020977;6.04143,9.649545;9.583267;9.023787,2.9621750582009554;3.005783073604107;2.928484929725528
java-add-logging,27,0,1.2904520000000002;1.14696;1.210732,0.19318800000000003;0.13780799999999999;0.135136,0,2.125658;1.8540919999999999;1.7009729999999998,0,1.957997;2.139059;1.811958,0,2.046909;1.8592739999999999;1.737479,0,1.841131;1.8363019999999999;1.781061,0,1.855059;1.8622619999999999;1.761643,0,305.503596;307.94156499999997;300.313215,0,40.092313999999995;19.547005;19.528052,0,521.705593;526.058359;518.385978,0,19.549647;20.089223;19.446991999999998,2,2.753264;2.476804;2.4039,0,7.155202;7.000927;7.026652,8.993396;8.733244;6.249551,2.7694290038198233;2.891749842092395;2.722934121266007
java-defects4j-chart-1-abstractcategoryitemrenderer,3990,0,31.180433;30.548433;31.174851999999998,11.811696000000001;12.254078999999999;12.246692,0,2.5763409999999998;2.242727;34.559575,0,3.425257;2.949633;2.893564,0,2.988232;2.92012;2.952495,0,3.086679;3.316196;3.2126,0,3.007437;2.952311;2.980458,0,312.241936;311.549625;310.301033,0,45.737184;27.774449999999998;28.500309,0,873.6654980000001;866.375294;784.243777,0,61.698346;63.941708999999996;61.286846,0,33.961359;35.85603;34.381791,0,172.207209;186.720614;184.871436,180.696963;177.067587;179.27195,18.236577976495028;27.371358824893832;18.85255705565214
java-defects4j-chart-10-standardtooltiptagfragmentgenerator,140,0,0.995997;1.0586499999999999;0.885026,0.16379500000000002;0.134814;0.11769299999999999,0,2.086697;2.400641;1.7469219999999999,0,1.9989320000000002;1.979987;1.8599059999999998,0,2.2701930000000003;1.8349090000000001;1.930026,0,1.9753549999999997;1.8594110000000001;1.8283559999999999,0,1.767768;1.902365;1.918474,0,315.979391;327.201074;361.449444,0,24.212905;22.813945;22.638915,0,556.36776;537.7669430000001;549.274094,0,16.215454;16.114461;16.760104000000002,1,3.910701;3.503364;2.954206,1,7.017332000000001;6.801571;6.8841079999999994,4.912561;5.084715;4.551296,3.502054139971733;3.807152854278684;3.465282032266259
java-defects4j-chart-11-shapeutilities,1196,0,7.086749;7.382071;6.33389,3.487818;3.72598;3.9887880000000004,0,2.193337;1.906368;3.324546,0,2.347321;2.1544849999999998;2.1617059999999997,0,2.245192;2.09334;2.031264,0,2.0800810000000003;2.056298;2.197184,0,2.037773;2.03324;2.06414,0,313.41492900000003;305.41195;305.189143,0,58.463425;25.993239000000003;24.483864,0,640.724733;719.2837020000001;684.5894219999999,0,32.177587;32.067080999999995;31.686191,0,13.016932;12.491344999999999;12.222289,0,62.55632899999999;67.951387;65.515137,40.540827;55.803756;41.022384,4.719477845355868;5.779453087598085;4.7978851944208145
java-defects4j-chart-12-multiplepieplot,1240,0,20.769551;18.766062;18.724359999999997,3.335624;3.357255;3.458137,0,2.338311;1.881216;2.008371,0,2.21886;2.066506;2.124314,0,2.19884;2.059103;2.069561,0,2.106392;2.080512;2.078188,0,2.067326;2.033221;2.135082,0,330.84898899999996;303.17001500000003;302.531663,0,52.594383;27.690054;47.663956,0,689.203928;643.7556370000001;650.5743550000001,0,29.640320000000003;31.137829999999997;31.662747,0,12.061639000000001;13.619576;15.106498,0,60.487398999999996;56.563629;56.794073,29.140958;43.195097;31.315427,4.884575959295034;5.335676949471235;4.625605884939432
java-defects4j-chart-13-borderarrangement,1070,0,17.97812;17.891256000000002;17.741486000000002,4.7255579999999995;4.473562;4.320413,0,2.398336;2.0708100000000003;1.9999520000000002,0,2.32335;2.14347;2.148106,0,2.420287;2.2097879999999996;2.098458,0,2.116925;2.268164;2.152262,0,2.074668;2.088537;2.0679790000000002,0,303.365352;306.1731;305.107872,0,49.371836;20.249132;94.46413,0,729.1910280000001;715.439403;679.825727,0,35.766169;34.446605999999996;34.340348999999996,1,14.283422999999999;13.551083;13.211542999999999,1,76.156492;75.602315;77.326615,33.8676;42.835768;30.888446,4.760059993714094;5.498417187482119;4.661584040150046
java-defects4j-chart-14-categoryplot,8242,0,62.220490000000005;63.15008699999999;63.033162000000004,18.641337999999998;18.668174999999998;18.495858,2,3.090214;2.608526;2.635331,0,3.83592;3.779594;3.7969079999999997,0,3.7079779999999998;3.727103;3.7083720000000002,0,3.955675;3.807856;3.7003209999999997,0,3.578337;3.726162;3.650095,2,356.11310000000003;357.82977300000005;352.077378,0,44.339292;23.819053999999998;31.852002,0,1266.559285;1079.693035;1108.852115,0,115.392679;109.73178999999999;114.29973,3,62.423678;62.302405;61.602274,0,344.087064;358.26377199999996;370.829998,163.993265;172.586504;172.54634,43.26525214128196;52.58465185761452;43.54281909763813
java-defects4j-chart-14-xyplot,10134,0,80.09289;85.440442;84.85679,24.462635;26.238616999999998;24.652353,2,3.472948;2.980606;2.768328,0,4.171193;4.048750999999999;4.006525000000001,0,4.10007;3.930255;4.001575,0,4.146488000000001;4.303496;4.27677,0,4.116239;4.065113;4.006332,2,367.26518200000004;364.78512;371.447178,0,135.05286999999998;29.456052;27.21784,0,1191.393248;1333.873361;1233.975904,0,144.68072600000002;141.228337;140.882711,3,78.29212600000001;78.75388699999999;77.907819,0,437.873507;448.40416;439.01849500000003,145.861138;148.259347;160.364182,57.922051986679435;67.02180206775665;54.83272089622915
java-defects4j-chart-15-pieplot,6077,0,45.971163000000004;44.666062;44.445327,14.254878999999999;13.728677000000001;15.118537,0,3.037764;3.1709020000000003;2.8359769999999997,0,3.616549;3.3131760000000003;3.408537,0,3.340402;3.278362;3.323103,0,3.441965;3.5186029999999997;3.449657,0,3.267256;3.323378;3.3522830000000003,2,328.78790000000004;331.748376;331.225903,0,31.460321;32.783808;32.696943,4,951.861623;1029.484184;997.2307500000001,0,84.277427;84.490278;83.33954,0,48.168546;54.014601;48.609129,0,256.70123900000004;259.76768500000003;253.414401,136.088666;130.3995;153.789317,28.982372023165222;39.424621034413576;33.695118967443705
java-defects4j-chart-16-defaultintervalcategorydataset,1606,0,23.096623;22.896255;24.015529,3.517319;3.522278;3.6533480000000003,0,2.4014480000000002;1.9351500000000001;2.000235,0,2.291269;2.324927;2.1231359999999997,0,2.3282390000000004;2.226116;2.3655909999999998,0,2.153492;2.263922;2.182373,0,2.1525030000000003;2.1222440000000002;2.1627859999999997,0,307.18184199999996;305.475728;335.35895700000003,0,20.757116;33.583543;34.422869,0,717.131612;712.0611230000001;681.804991,0,32.361056999999995;30.221471;30.775817,0,13.731327;13.449015999999999;13.590283,0,75.514274;75.51347999999999;75.844324,27.705944;22.224846;32.275824,7.575744995847344;8.441715966910124;8.208993822336197
java-defects4j-chart-17-timeseries,2075,0,12.780794;11.956011;11.918284,5.22839;4.526574999999999;4.5618110000000005,0,2.44641;2.386342;1.986121,0,2.584215;2.483435;2.5157410000000002,0,2.48965;2.394901;2.389406,0,2.4831309999999998;2.469855;2.5155410000000002,0,2.409302;2.4214;2.347101,0,305.966838;308.24143599999996;307.292504,0,62.7311;27.207704999999997;26.190399,0,728.652457;746.414815;719.667739,0,37.146632;41.513742;37.130346,0,17.940478;18.36038;18.033084000000002,0,88.102523;89.429054;88.196653,39.461147;26.99381;43.139915,7.506620837375522;13.93175614066422;7.844995940104127
java-defects4j-chart-18-defaultkeyedvalues,941,0,7.365553;6.879236000000001;6.863756,2.17521;2.153905;2.2859979999999998,0,2.240008;1.91928;1.8867459999999998,0,2.170267;2.063961;2.103539,0,2.0279260000000003;2.043641;2.049768,0,2.13187;2.121082;2.074562,0,2.028893;2.0017590000000003;1.9856470000000002,0,306.77440099999995;315.718511;304.841195,0,33.261054;22.192862;24.248511999999998,2,674.318027;625.5699420000001;627.172057,0,27.260427;26.811258000000002;27.415022,2,9.378935;9.048855;9.000776,0,42.789298;41.617781;42.336022,21.012164;13.681038;14.839547,4.868717165663838;8.204719983041286;4.9360638950020075
java-defects4j-chart-18-defaultkeyedvalues2d,1131,0,11.026553;10.933247999999999;10.99278,2.4615020000000003;2.368982;2.384198,0,2.2689860000000004;1.759665;1.87887,0,2.229941;2.144248;2.129684,0,2.1246669999999996;2.109128;2.080321,0,2.1212560000000003;2.103992;2.130804,0,2.098841;2.0933599999999997;2.102394,4,313.344395;310.28269400000005;310.01313400000004,0,22.484071;38.211437000000004;34.837015,2,671.322824;746.733719;679.035621,0,27.242987;27.190088000000003;26.581003,1,10.567048000000002;10.484313;10.87579,0,61.397359;47.353977;47.442247,25.202478;15.318802;16.420651,18.49822700023651;23.42831017449498;18.559501972049475
java-defects4j-chart-19-categoryplot,7622,0,60.2438;59.555813;58.337816000000004,18.060976;18.098974;18.103274,0,3.226192;2.555951;2.631792,0,3.497703;3.317777;3.268958,0,3.361941;3.371242;3.350573,0,3.3840879999999998;3.423856;3.361696,0,3.37161;3.330807;3.345528,4,366.32927;375.794829;360.865899,0,59.976679;35.522574;30.924023,0,1064.6069229999998;1037.0734619999998;1062.063645,0,117.235788;106.347299;107.493213,0,60.607743;59.257221;60.169166000000004,0,342.537078;338.174267;341.009713,116.661221;118.624587;108.258815,56.97626201435923;61.98445102199912;54.943077033385634
java-defects4j-chart-2-datasetutilities,4348,0,210.725815;226.24920500000002;213.60879699999998,13.482171000000001;13.023568999999998;12.561708,0,2.925376;2.5780980000000002;2.5089259999999998,0,3.292529;3.0362929999999997;2.919059,0,3.0345099999999996;3.086052;3.1064920000000003,0,3.061099;3.0477410000000003;3.219063,0,3.443291;3.083651;3.0315250000000002,3,383.999652;379.67169;377.006416,0,62.118302;30.149379;44.170718,0,924.084626;872.1975659999999;980.66339,0,79.573778;80.472842;79.128147,4,42.990422;48.676289999999995;41.958045,0,245.922943;244.322482;241.95288200000002,68.779164;65.810282;69.299637,68.1277229450643;71.75809401087463;67.23236502148211
java-defects4j-chart-20-valuemarker,314,0,1.015136;0.918427;0.884659,0.601811;0.51275;0.46159500000000003,0,2.15539;1.73143;1.7645499999999998,0,2.095703;1.8913339999999998;1.877242,0,1.9244450000000002;1.889477;1.897847,0,1.884106;1.82108;1.884636,0,1.8135009999999998;1.858988;1.8740059999999998,0,304.027301;326.817254;305.927781,0,47.265665;32.353167;41.718886,0,580.6817060000001;531.178552;548.298465,0,18.605033;18.335176;17.838749,0,4.204127000000001;3.944164;12.093815000000001,0,13.249640999999999;13.870659;13.705888,4.949733;4.618688;4.748621,3.8887779228389263;4.279121058061719;3.710883902385831
java-defects4j-chart-21-defaultboxandwhiskercategorydataset,1595,0,44.895418;42.282149;41.751224,3.2501759999999997;3.076405;3.025342,0,2.5060450000000003;2.147131;2.059104,0,2.459118;2.36903;2.284751,0,2.274151;2.613424;2.341324,0,2.3948020000000003;2.514892;2.3087950000000004,0,2.273372;2.24873;2.313756,11,432.771323;377.363022;365.47797599999996,0,40.111752;31.530777000000004;33.2162,59,702.6777480000001;724.184841;690.184833,2,32.474784;32.321998;34.027418,4,17.260752;16.866402;19.661336000000002,61,80.356841;80.30335;80.19713200000001,19.825887;18.592841;26.81773,47.41108603775501;51.24710802920163;47.17889288440347
java-defects4j-chart-23-minmaxcategoryrenderer,1117,0,8.253658;8.062901;8.361018,3.1281939999999997;3.0100110000000004;3.031749,0,2.516397;2.2026709999999996;2.1119950000000003,0,2.453958;2.361358;2.138005,0,2.117809;2.063533;2.128058,0,2.0812109999999997;2.156884;2.32002,0,2.165181;2.06589;2.084193,0,318.185225;312.836067;317.762587,0,81.814269;26.35707;31.995662,10,629.007525;695.904848;664.2298800000001,0,29.040713999999998;29.052419999999998;28.865477000000002,0,12.121358;11.627037;11.779303,0,53.846416;53.172644999999996;53.131225,19.725137;15.740212;16.681989,15.127755934372544;16.432269010692835;15.390289016067982
java-defects4j-chart-24-graypaintscale,348,0,1.349706;1.2482389999999999;1.213565,0.6613789999999999;0.58992;0.528383,0,2.185045;1.845971;1.623673,0,2.0581679999999998;1.966837;1.989278,0,1.89295;1.923777;1.9184860000000001,0,1.896488;1.917091;1.9069829999999999,0,1.916898;1.8965150000000002;1.856603,0,305.498428;303.659786;301.41704400000003,0,72.83483;19.599894;18.349729,0,585.412504;592.811299;604.8503119999999,0,19.279576;18.530739;18.595439,1,4.675163;4.535769999999999;4.304179,0,14.030855;14.876435;16.875902,5.608701;4.756785;4.767859,3.5983009729534388;3.8456690963357687;3.477185033261776
java-defects4j-chart-25-statisticalbarrenderer,1124,0,70.001542;69.873075;70.405612,3.335429;3.326318;3.282927,0,2.2669610000000002;1.948635;1.8909289999999999,0,2.226086;2.2484699999999997;2.100632,0,2.1252340000000003;2.1423319999999997;2.069169,0,2.160483;2.23618;2.190983,0,2.122665;2.175289;2.179541,0,314.12640400000004;371.01324600000004;309.861331,0,32.197365999999995;21.018775;23.437257,107,728.397619;706.577941;717.198286,2,33.468576;34.205926;33.090715,0,12.336794;12.36281;12.194109,0,94.95651099999999;94.096087;95.019894,30.506675;26.337345;27.281826,12.74402579292655;13.839391060173512;14.797051204368472
java-defects4j-chart-26-axis,2748,0,49.167474000000006;48.69387;48.315336,6.348946;6.064871;6.028376,0,2.527088;2.052044;2.100195,0,2.629752;2.546871;2.6483190000000003,0,2.5965789999999997;2.641324;2.588606,0,2.6913300000000002;2.620215;2.63763,0,2.460177;2.484939;2.4924090000000003,0,309.524879;316.738729;309.754304,0,63.82864300000001;34.94606;35.69924,10,821.253357;798.8527300000001;848.7946010000001,0,43.025736;43.236458999999996;42.398962999999995,2,21.877706;23.481503;21.712548,0,111.39252099999999;111.998825;109.38710999999999,42.769177;36.983804;38.733242,9.292042814195156;9.472402976825832;10.09647292084992
java-defects4j-chart-3-timeseries,2604,0,20.325267;20.0439;19.548758,5.978508;5.92027;5.91957,0,2.40842;2.2159839999999997;1.9892949999999998,0,2.682083;2.5160199999999997;2.557355,0,2.590012;2.516036;2.566192,0,2.566175;2.600472;2.613283,0,2.543853;2.499518;2.5201569999999998,2,309.358035;311.01739299999997;308.515556,0,60.80559;46.845373;36.771433,0,807.546796;865.9117269999999;771.452169,0,43.884015;42.270466;42.383803,1,21.211245;21.460367;21.440465,0,112.412494;113.77815700000001;110.331658,31.612985;31.643749;31.512717,9.770482080057263;9.829269954934716;10.970289120450616
java-defects4j-chart-4-xyplot,11732,0,108.621175;109.138648;109.39194400000001,28.222946999999998;28.179414;27.814947000000004,0,3.369281;2.84674;2.9760590000000002,0,4.8090470000000005;4.878315000000001;4.598525,0,4.582105;4.65153;4.6270809999999996,0,4.934991;4.862125;4.915273,0,4.7044310000000005;4.609145;4.691494,0,342.008236;330.987987;344.820032,0,60.541216;34.493258999999995;34.042034,16,1341.124652;1301.289298;1325.048477,0,161.374683;162.86326100000002;157.70320800000002,2,88.049603;89.723194;87.886935,0,499.927185;505.479797;504.03818099999995,150.432086;159.022424;151.615919,56.57789995893836;38.23342616669834;38.94325182773173
java-defects4j-chart-5-xyseries,1472,0,10.44661;10.088797;9.935642999999999,2.99597;3.019253;2.923489,18,2.328665;1.914585;1.9251159999999998,18,2.317802;2.331674;2.1621460000000003,18,2.228828;2.141079;2.297876,18,2.199935;2.22572;2.170271,18,2.1495490000000004;2.088247;2.1750659999999997,18,312.798494;310.10516;306.736414,18,39.12758;46.996576999999995;32.370742,18,678.288249;697.625777;696.008057,18,32.466403;31.934613;31.779417999999996,19,12.450156;12.103478;12.022183,19,62.920563;60.856375;61.429171999999994,15.090751;16.21866;16.546794,12.070582946762444;8.99414881132543;9.084550896659492
java-defects4j-chart-6-shapelist,353,0,2.49952;2.048459;2.105632,0.675616;0.6446430000000001;0.6305970000000001,0,2.089464;1.7012520000000002;1.932665,0,2.085989;1.9542650000000001;2.040309,0,1.9826119999999998;1.9597820000000001;1.972391,0,1.907912;1.929451;1.946833,0,1.9376669999999998;2.062107;1.835427,0,303.87165799999997;302.09925300000003;306.087785,0,80.974333;56.342234;24.518211,0,597.17962;549.3793850000001;584.641623,0,18.843186000000003;18.714948;18.776978,0,4.882092999999999;4.690872;4.525319,0,15.277275;15.37484;15.274638,4.160608;5.081086;4.678869,5.632378859445453;4.6802430879324675;4.688790999352932
java-defects4j-chart-7-timeperiodvalues,1148,0,6.844994;6.37596;6.480538999999999,2.5920389999999998;2.489546;2.4106500000000004,0,2.120091;1.846519;1.991717,0,2.245069;2.088472;2.0312609999999998,0,2.0594419999999998;2.016496;2.009426,0,2.125741;2.0731439999999997;2.224948,0,2.055425;2.051699;2.02559,0,309.937484;308.865682;305.048961,0,56.864239;25.018516;39.191872000000004,0,676.031493;686.981572;658.007244,0,28.181642999999998;28.047656;28.405433000000002,0,10.556235000000001;10.252400999999999;10.445703,0,55.988294;51.097367999999996;48.322196,13.518079;14.675208;14.22342,6.501152878627181;5.332252010703087;5.378733156248927
java-defects4j-chart-8-week,1296,0,6.811265000000001;7.154992;6.274387,2.844595;2.9284369999999997;2.746299,0,2.290104;1.7940390000000002;1.9528729999999999,0,2.218888;2.0739780000000003;2.140257,0,2.091389;2.0275;2.2772159999999997,0,2.183279;2.0614589999999997;2.170235,0,2.0315239999999997;2.050389;2.016017,0,307.771578;315.69353900000004;303.409472,0,47.335169;22.699268;27.863397000000003,0,635.477616;635.752483;652.439065,0,28.129738;28.013314;27.836534999999998,0,11.330529;11.183541;11.064462,0,53.278569999999995;54.26763;53.966304,16.215656;16.994602;17.079756,6.989740068092942;5.451509030535817;4.857850959524512
java-defects4j-chart-9-timeseries,2080,0,27.545127;27.373713000000002;27.652903,4.95689;5.089886;4.951376,0,2.285158;1.94149;2.022748,0,2.699827;2.679076;2.451305,0,2.394241;2.380507;2.364221,0,2.484287;2.466496;2.469027,0,2.3495310000000003;2.295716;2.437223,0,305.225972;304.140734;307.60402999999997,0,81.510379;24.089946;24.978721999999998,0,764.120197;757.271663;740.5023189999999,0,43.032267;37.013681;40.026524,1,17.643428999999998;17.704729;17.877282,1,90.086141;89.566152;87.03725,25.257253;26.231225;25.723622,11.081743985414503;7.633526111021638;6.480972981080413
java-defects4j-cli-10-parser,865,0,4.268226;3.8481840000000003;3.9243180000000004,1.898393;1.831879;1.8288280000000001,0,2.200846;1.841166;1.84914,0,2.0595600000000003;1.9875880000000001;2.122156,0,1.956246;1.949838;2.1136340000000002,0,1.868626;2.000967;1.993526,0,1.995054;1.9761940000000002;1.938326,0,307.973138;306.280357;301.03878499999996,0,45.010138;19.996185;22.944798,0,622.398766;635.1819370000001;661.719026,0,23.306138;22.955641999999997;22.863441,2,7.705853;7.414887;7.51268,1,38.422706;35.575251;35.930324,10.675459;13.427284;13.410132,5.09495404548943;5.120546091347933;4.755239002406597
java-defects4j-cli-11-helpformatter,1984,0,18.383158;18.477018;19.762044,4.099017;3.953873;3.8712669999999996,0,2.399832;1.819255;1.9113209999999998,0,2.3460170000000002;2.764298;2.424537,0,2.274893;2.232711;2.244552,0,2.322619;2.282615;2.290086,0,2.18666;2.1876510000000002;2.223709,0,303.39506500000005;306.862525;305.919419,0,89.133005;23.036001;27.14797,0,720.455109;696.032888;737.09442,0,34.073561000000005;33.371919;35.537511,0,15.721458;15.08298;14.443615999999999,0,78.841504;78.22695300000001;77.370823,25.896059;24.30595;23.849535,6.1018208507448435;6.105520064011216;6.027285009622574
java-defects4j-cli-13-argumentimpl,752,0,5.102646;4.682153;4.949168,2.2708969999999997;2.241334;2.165534,0,2.1293610000000003;1.9114959999999999;1.863029,0,2.137749;2.052902;2.0304640000000003,0,1.9792690000000002;1.987122;1.904817,0,2.0170969999999997;1.93377;1.997678,0,2.003834;1.9716809999999998;1.987651,0,302.97911700000003;305.189591;311.208074,0,48.078012;25.275601;43.446196,0,630.521511;618.951235;612.175349,0,24.372151000000002;24.267576;24.300957,0,8.360892999999999;8.25371;8.019068,0,42.23665;38.453126999999995;39.13389,11.428831;13.872339;10.960411,4.0142349898815155;5.7469450403004885;3.999894019216299
java-defects4j-cli-13-writeablecommandline,173,0,0.6443380000000001;0.670499;0.576328,0.23420200000000002;0.22312600000000002;0.19401,0,2.136932;1.6364420000000002;1.701135,0,1.977249;1.8521320000000001;1.9107340000000002,0,1.836212;1.9667949999999998;1.709767,0,1.9033069999999999;1.836635;1.8304930000000001,0,1.846479;1.8326069999999999;1.798945,0,300.097961;299.81534;304.013271,0,65.411424;33.862079;22.629359,8,573.7567310000001;575.783744;566.9930840000001,0,16.263916;17.418962999999998;16.411191,0,3.442757;3.1190900000000004;3.056251,0,9.140004;9.322030999999999;8.999801999999999,3.534671;3.680981;3.223058,3.0527410563081503;3.226775908842683;3.0000091064721346
java-defects4j-cli-13-writeablecommandlineimpl,470,0,3.345401;3.2774330000000003;3.181505,1.6236890000000002;1.615424;1.513404,0,2.160676;1.706021;1.760146,0,2.0636550000000002;2.000706;1.964235,0,1.931405;1.967786;1.924776,0,1.936405;2.038687;1.945783,0,1.947272;1.931593;1.867484,0,304.872741;303.87649300000004;324.44092,0,58.896660000000004;19.752386;19.480027,3,611.317748;652.9728769999999;589.362771,1,23.064708;23.249946;22.464331,1,6.778766;6.661581;6.586023,0,28.155632999999998;28.699409;28.735969,7.813112;7.958154;7.319135,4.939782898873091;5.135548999533057;4.7759918961673975
java-defects4j-cli-16-groupimpl,1031,0,34.537305999999994;35.686130000000006;32.301911000000004,3.3016069999999997;3.167175;3.240773,0,2.266349;1.922785;1.921715,0,2.1579759999999997;2.077087;2.078049,0,1.9971659999999998;1.9978550000000002;1.9769689999999998,0,2.0038199999999997;2.034119;2.002356,0,2.00319;2.036686;1.9544990000000002,0,305.250629;304.77632;306.007072,0,45.706789;37.720163;25.329273999999998,0,666.509617;681.490674;657.185237,0,28.491366;28.302138;28.098374,0,10.421111;9.888104;10.006239,0,54.109707;54.378423000000005;54.802563,13.903387;14.436713;13.945955,4.920257953926921;4.379331832751632;4.170860163867474
java-defects4j-cli-16-option,436,0,0.944361;0.7979820000000001;0.792347,0.403079;0.39184300000000005;0.36248800000000003,0,1.9661359999999999;1.783075;1.8546369999999999,0,2.107029;1.925822;1.9587710000000003,0,1.954923;1.93257;1.9172099999999999,0,1.920642;1.8286820000000001;1.931508,0,1.99657;1.924788;1.8874009999999999,0,303.039974;303.19935999999996;300.006643,0,58.4869;24.646727;23.395635000000002,17,534.598677;595.62216;543.149625,0,17.336056;17.650692;17.226878,0,4.623729;4.481038;4.493508,0,14.48581;13.447518;13.337844,5.114309;5.907001;5.764731,4.153682850301266;3.614570014178753;3.6269458942115302
java-defects4j-cli-16-optionimpl,335,0,2.544633;2.4582390000000003;2.5053609999999997,1.1784;1.014827;1.066905,1,2.197493;1.80313;1.7949629999999999,1,2.067062;2.020089;1.8411,1,1.890273;1.8590989999999998;1.866543,1,1.884703;1.867472;1.844854,1,2.249068;2.0641879999999997;2.003134,3,305.419836;307.401934;301.71439300000003,1,62.786726;37.060916;23.240236,1,583.798295;624.655423;599.919345,2,19.761625000000002;19.650108;20.274018,3,5.380206;5.073862;5.076364,0,20.01306;19.715701;19.849103,5.869369;6.223869;5.976867,4.508156096562743;4.550085170194507;4.2702320497483015
java-defects4j-cli-16-writeablecommandlineimpl,559,0,4.586392;4.24068;4.2566690000000005,2.022165;2.660492;1.967346,0,2.064414;1.884579;1.748254,0,2.0590610000000003;1.993027;1.9556149999999999,0,1.915378;1.927891;1.8923729999999999,0,2.4224289999999997;2.091443;2.1219099999999997,0,2.0272010000000003;1.9651579999999997;1.938506,0,302.960192;304.70595299999997;311.525626,0,26.756727;21.896558;22.548964,0,641.7205929999999;615.267509;656.9851140000001,0,22.947642000000002;23.18618;23.173719,0,7.473141;7.202850000000001;7.636169,0,33.770542;33.662418;33.956081,8.85491;8.888022;9.93434,4.848553100600839;4.881464876234531;4.578279098495841
java-defects4j-cli-17-posixparser,625,0,9.895427999999999;9.559042999999999;9.761143,1.314696;1.222334;1.1229390000000001,0,2.1513560000000003;1.834372;1.8060470000000002,0,2.131135;1.9435019999999998;1.9751999999999998,0,1.976439;2.095542;1.9527329999999998,0,2.1048299999999998;1.9874799999999997;1.955459,0,1.938675;1.981346;1.9594920000000002,0,307.07746099999997;300.36913300000003;301.949522,0,48.953227000000005;25.344158;21.886031,0,635.099951;594.2851099999999;606.7101240000001,0,20.285379;20.398945;20.747206000000002,0,6.845473999999999;6.647917;6.584073,0,26.699828;27.184568;26.509623,8.725107;8.474207;8.466601,4.100762074813247;3.811114002019167;3.60366003587842
java-defects4j-cli-18-posixparser,599,0,9.885055;9.462938000000001;9.663086,1.329477;1.228246;1.17306,0,2.285675;1.9337149999999999;1.819059,0,2.121359;1.9893720000000001;1.959114,0,1.946887;1.9281059999999999;1.870532,0,1.9589160000000003;1.964911;1.9639950000000002,0,1.974367;2.0112680000000003;2.0760549999999998,0,306.57319900000005;304.662146;302.49357599999996,0,88.992505;46.320149;45.654992,6,589.366049;661.611067;641.738519,0,21.445025;21.373331;21.349207,3,6.989661;7.260993;6.865460000000001,0,27.976069;27.937925999999997;29.832995,8.669815;8.384897;8.681585,4.78745112195611;4.210192942991853;4.138689022511244
java-defects4j-cli-2-posixparser,620,0,8.308022999999999;7.928825000000001;8.079989,1.337657;1.283918;1.583967,2,2.1066879999999997;1.816206;1.696095,2,2.152953;1.9910689999999998;1.9897740000000002,2,2.013893;1.9852849999999997;1.979443,2,2.020091;2.015992;2.140348,2,2.0078050000000003;1.983316;1.9178140000000001,2,304.030326;302.878624;306.168422,0,55.109528999999995;19.313646;31.629207,0,629.723123;632.373492;623.603415,0,20.845476;20.766786;20.689438000000003,0,6.475766;6.214897;6.318511,0,26.591012;30.094988999999998;28.408963,9.961578;7.811461;8.176603,4.8418419901281595;5.278026917949319;4.582480061799288
java-defects4j-cli-21-groupimpl,1088,0,7.592944;7.015104;6.946205,3.349513;3.3085769999999997;3.1717370000000003,0,2.260364;1.918758;1.90511,0,2.299347;2.190817;2.189235,0,2.150375;2.122963;2.135605,0,2.13955;2.198509;2.233376,0,2.1128560000000003;2.171185;2.088516,0,310.450322;316.80008999999995;308.038181,0,68.39840799999999;22.828256000000003;28.471732,6,640.831156;631.1001200000001;694.405625,0,28.927004999999998;29.68579;29.133087,1,10.940013;10.982331;10.874104,0,53.827836;53.989258;56.97531,13.679343;13.691726;13.551466,7.859832141548395;7.106014993041754;7.1701849810779095
java-defects4j-cli-21-writeablecommandline,224,0,0.765852;0.654872;0.70246,0.282872;0.30873000000000006;0.240634,0,2.064708;1.866862;1.777282,0,2.062507;1.915426;1.9127020000000001,0,1.78897;1.969789;1.958074,0,1.935738;1.9849109999999999;1.854625,0,1.996167;1.911065;1.917356,0,302.706048;300.227533;302.197818,0,40.263936;25.031444;18.509221,12,555.024541;540.068446;572.8935590000001,0,16.339544;16.387846;16.40625,0,4.0515669999999995;3.569165;4.847294000000001,0,10.620693000000001;10.406695000000001;10.302382,3.797623;3.517776;3.581626,3.70508199557662;3.338466165587306;3.5981438122689724
java-defects4j-cli-21-writeablecommandlineimpl,624,0,13.237106;13.06514;13.318484,2.069848;2.058847;2.188886,3,2.1620760000000003;1.835932;1.846377,3,2.204301;1.9791729999999998;1.958722,3,1.9288669999999999;2.019247;1.979042,3,1.9863530000000003;2.016879;1.9762170000000001,3,2.013383;1.9742700000000002;1.9994800000000001,3,312.092973;311.360084;312.033917,3,48.491516999999995;24.59535;27.763727,29,634.980095;650.531121;640.68439,6,31.169519;30.892968;30.679796,12,9.556215;10.261688999999999;9.394862,0,38.959568;39.641373;39.017492000000004,9.588781;9.814979;9.849709,12.14285707101226;11.21727586723864;11.174855986610057
java-defects4j-cli-22-posixparser,550,0,56.213456;55.511642;55.519614000000004,1.24418;1.1582979999999998;1.217428,5,2.141307;1.862695;1.8149170000000001,5,2.9034820000000003;2.145944;2.000885,5,2.0008980000000003;1.9610489999999998;1.99722,5,1.985855;1.993378;2.116784,5,2.5537609999999997;2.35124;2.0450350000000004,5,310.223583;306.389829;327.19313100000005,5,126.060373;46.218785;27.660974000000003,23,646.211092;695.431691;692.001255,2,41.061260000000004;41.309830999999996;41.599321,10,7.446714999999999;8.636055;7.7637410000000004,4,33.514415;33.150178000000004;37.458933,8.736467;8.900481;8.575775,11.074217036366464;8.04268498905003;8.022818947210908
java-defects4j-cli-24-helpformatter,1971,0,24.314207;18.237253;18.691237,4.039378;4.009573;3.868497,0,2.388238;2.082726;2.003727,0,2.4630989999999997;2.477809;2.34531,0,2.363091;2.3058430000000003;2.267135,0,2.4366600000000003;2.318518;2.346727,0,2.318991;2.263791;2.259221,0,308.99451;307.021246;307.848092,0,48.559337;22.231612000000002;41.762515,0,744.831671;669.553252;705.642607,0,32.09715;32.195845;32.244385,0,14.954441000000001;14.789221999999999;14.519262999999999,0,77.952157;77.74387;78.705158,22.570262;22.524753;24.06681,6.498581962659955;6.176510825753212;6.024162983521819
java-defects4j-cli-25-helpformatter,1970,0,17.432544;17.162858999999997;17.300702,4.333341000000001;4.1307860000000005;4.050601,1,2.412134;2.00785;1.9767679999999999,1,2.485188;2.361227;2.457589,1,2.379671;2.2590510000000004;2.2786,1,2.406812;2.34334;2.318835,1,2.309093;2.352125;2.2900989999999997,1,312.013622;310.416769;323.539238,1,50.197308;21.431873;22.916902,1,710.161716;730.950678;728.004984,1,36.636984;32.018036;32.222791,0,14.368921;14.185862;14.020323,0,77.45498400000001;81.623554;76.16759300000001,23.950623;21.395119;21.39203,7.72906607016921;6.0992378275841475;5.889610853046179
java-defects4j-cli-27-optiongroup,352,0,1.508631;1.334449;1.293286,0.710553;0.703187;0.677053,0,2.0284180000000003;1.782505;1.817586,0,2.0578179999999997;1.937132;1.952818,0,1.9049180000000001;1.863602;2.293619,0,2.024603;1.918726;1.9327299999999998,0,1.915484;1.852565;1.864257,0,307.714616;307.550272;304.715537,0,54.522559;23.68567;20.134036000000002,0,583.1857809999999;585.208305;543.821836,0,18.385608;18.046265;18.044855,0,4.3630379999999995;4.151413;4.13061,0,15.346049;15.433222;15.464575,4.422738;4.832251;4.353686,4.253688035532832;3.541422076523304;3.5557178780436516
java-defects4j-cli-29-util,152,0,4.329814000000001;4.154147;4.122281999999999,0.355055;0.27331300000000003;0.298612,0,2.1550089999999997;1.7963790000000002;1.65313,0,1.9764259999999998;1.886716;1.8385980000000002,0,1.8392330000000001;1.8603129999999999;1.864024,0,1.736772;1.8257160000000001;1.820561,0,1.8380589999999999;1.8489010000000001;1.877888,0,303.262481;309.06651600000004;301.603748,0,38.406287;33.162839999999996;44.846222999999995,0,538.301529;529.908939;555.042194,0,18.097866;17.706733;17.873410999999997,2,3.631792;3.2694159999999997;3.160447,4,10.12764;10.174997999999999;10.04202,2.698737;2.908728;2.822899,3.4116129390895367;3.19074303843081;3.240433055907488
java-defects4j-cli-3-typehandler,521,0,4.3510420000000005;4.105336;4.095465000000001,0.953667;0.9436359999999999;0.9257340000000001,0,2.210089;1.900025;1.915333,0,2.1291510000000002;1.910518;1.9270159999999998,0,1.9543540000000001;1.860315;1.9677560000000003,0,1.847011;1.895761;1.910697,0,1.9719389999999999;1.892927;1.891637,0,307.136206;322.53068099999996;304.596963,0,68.460802;25.466811999999997;46.808577,4,620.1025559999999;608.1422640000001;582.508009,0,19.480992999999998;19.819914;21.560200000000002,2,5.4614579999999995;5.2026390000000005;5.2279409999999995,0,20.22759;20.034261;20.522057,5.339918;7.699913;5.903985,7.537981029599905;7.249913876876235;6.39873999170959
java-defects4j-cli-31-option,1412,0,5.001824;4.864972000000001;5.097939,2.253644;2.196205;2.167956,1,2.2634130000000003;1.945074;1.859027,1,2.2683180000000003;2.03698;1.9955530000000001,1,2.0359559999999997;2.0280099999999996;1.9805030000000001,1,2.092357;2.013757;2.137677,1,1.9949579999999998;2.0292719999999997;2.096385,1,304.156476;304.609065;306.590818,1,52.085774;30.383051000000002;52.022240999999994,0,677.455271;705.343858;661.547907,1,24.398152;24.665815000000002;24.425451000000002,0,9.314656;9.231258;9.296122,0,44.246975;44.04826;44.23255,18.261878;27.451123;28.805631,5.604966077953577;5.158858140930533;5.24578895419836
java-defects4j-cli-31-optionbuilder,752,0,3.7243;3.341691;3.325014,1.21198;1.187483;1.090306,0,2.056394;1.8889230000000001;1.7804550000000001,0,2.083574;1.9780499999999999;1.9561549999999999,0,1.911518;2.117469;1.936239,0,1.948844;1.950801;1.926596,0,1.9706020000000002;1.9229150000000002;1.944819,0,307.70167399999997;307.069499;300.553699,0,83.315005;41.028743999999996;23.343287,0,629.86319;604.170419;617.1546020000001,0,19.924157;19.998504;20.338008000000002,0,6.219336;5.891152;5.938046,0,23.385291;23.910128999999998;24.486268,8.800448;11.513788;12.191552,4.229896934702992;3.9694420993328094;4.003309179097414
java-defects4j-cli-34-option,1412,0,5.130973;4.802416;4.877219,2.23329;2.2026;2.209427,1,2.288265;1.958362;1.867656,1,2.123835;2.0410369999999998;2.050939,1,2.0507120000000003;2.1432949999999997;2.182821,1,1.9785599999999999;2.0613609999999998;2.027247,1,2.072931;2.085769;1.9657099999999998,1,305.46006;303.538289;303.06607099999997,1,64.00394800000001;48.139935;24.971715,0,672.48532;707.342706;676.9364380000001,1,24.911427;25.347987999999997;27.111621999999997,0,10.541977;11.583827999999999;10.218415,0,49.763135;44.263062999999995;44.791894,18.802497;21.125056;17.873853,5.154288839548826;4.859795095399022;4.875716986134648
java-defects4j-cli-34-optionbuilder,756,0,3.662588;3.50212;3.516155,1.1703839999999999;1.085934;1.220729,0,2.219996;1.9234090000000001;1.7934240000000001,0,2.0620629999999998;2.019912;1.9587720000000002,0,1.9465240000000001;1.8982560000000002;1.9836519999999997,0,1.885716;1.927013;1.9721389999999999,0,1.9967510000000002;1.8806319999999999;2.057558,0,303.498153;301.653154;306.827317,0,62.253597;40.262605;59.671248000000006,0,582.04662;611.735962;599.235189,0,20.213291;20.222956;19.972458,0,6.3598609999999995;6.041463;5.804,0,23.734088;23.702515000000002;23.808006,8.37657;8.797233;8.673002,4.143801983445883;3.938264911994338;3.8753109984099865
java-defects4j-cli-35-options,651,0,3.042346;2.985971;2.864447,1.46041;1.309104;1.3059129999999999,0,2.204799;1.878041;1.859329,0,2.245104;2.016087;2.004435,0,1.952912;2.107036;1.9470589999999999,0,2.037903;2.008941;2.11971,0,1.890253;1.9980459999999998;1.9489290000000001,0,303.96682200000004;301.273251;313.788911,0,42.777979;26.745579;19.599674,0,633.1185820000001;647.217794;593.607153,0,20.797009000000003;21.01937;21.974624000000002,0,6.419158;6.2289520000000005;6.145020000000001,0,26.37467;26.058383;26.235507000000002,13.36988;20.070445;17.858955,4.403589991852641;5.312396911904216;4.3086090590804815
java-defects4j-cli-40-typehandler,524,0,46.338744;45.595977000000005;45.892876,1.290672;1.0943;0.986624,0,2.0798460000000003;1.829683;1.830948,0,2.060822;1.9965149999999998;1.915352,0,1.899263;1.9234289999999998;1.8798949999999999,0,1.954165;1.811331;1.921671,0,1.8887610000000001;1.8868179999999999;1.9401430000000002,0,300.256144;303.812722;306.764166,0,27.753535;18.879067;115.988506,0,611.992069;615.5888;604.651612,0,19.652283;19.452301000000002;19.81946,0,5.739132;5.649966;5.559031,0,22.40661;22.588528;23.180532,11.150969;16.022035;12.074133,3.665501018986106;3.7990170530974865;3.664473071694374
java-defects4j-cli-5-util,137,0,0.7945460000000001;0.7285619999999999;0.685415,0.299321;0.32690400000000003;0.24085499999999999,0,2.085187;1.83477;1.803103,0,2.1324780000000003;1.9051120000000001;1.817602,0,1.848714;1.86831;1.858408,0,1.839987;1.8914769999999999;1.838234,0,1.877227;1.7573860000000001;1.866597,0,325.243289;302.852051;309.752396,0,83.228023;26.166446999999998;27.647247,0,576.23528;565.704675;548.2072999999999,0,16.27056;16.390655;16.221068000000002,1,3.302021;2.9791930000000004;2.897733,0,8.795821;8.713531;8.740903,2.905719;2.777317;2.81742,3.01481899805367;3.180221887305379;3.05458577349782
java-defects4j-cli-8-helpformatter,1916,0,33.197497999999996;33.593951;32.93521,6.782959;6.74387;5.271345999999999,0,2.421411;1.948016;2.006756,0,2.435953;2.3918440000000003;2.291423,0,2.269343;2.303549;2.293841,0,2.249207;2.267565;2.284182,0,2.251907;2.235928;2.395257,0,305.931034;305.796259;302.867698,0,109.598867;42.363763;41.409287000000006,0,721.1411949999999;673.86187;775.864858,0,34.259434999999996;34.615812000000005;33.867393,0,15.16682;14.836279000000001;14.718997,0,82.74662500000001;82.466218;80.675528,28.216395;33.529419;27.590179,5.958677036687732;5.972240120172501;5.939848953858018
java-defects4j-closure-1-removeunusedvars,1995,0,18.246219;17.957547;19.163086,5.915385;5.669287;5.658720000000001,0,2.261829;1.922102;2.008777,0,2.418775;2.419504;2.7668660000000003,0,2.3186359999999997;2.4113580000000003;2.296269,0,2.310514;2.318399;2.304028,0,2.334979;2.2812259999999998;2.3815239999999998,2,319.266296;314.107308;313.88056800000004,0,29.19741;133.15539800000002;19.874937,0,754.675298;740.790026;723.1018879999999,0,38.898208;39.334077;38.903321999999996,0,18.953317000000002;22.197326999999998;18.653107,0,823.311965;811.458821;814.094341,29.774479;27.966459;33.686613,8.349907817319036;8.383699925616384;8.395767072215676
java-defects4j-closure-10-nodeutil,6460,0,53.552671000000004;51.223440000000004;50.481967000000004,19.788735000000003;18.364952000000002;18.515878999999998,0,31.715304;2.7646260000000002;2.695145,0,3.2689;3.181774;3.013451,0,3.0582629999999997;3.1207269999999996;3.062655,0,3.167479;3.109544;3.091508,0,3.074276;3.002506;2.9425380000000003,0,320.151572;313.545119;314.56300500000003,0,60.756681;30.768338999999997;147.80811699999998,0,1051.006301;1072.3374900000001;981.5976549999999,0,105.135629;99.485412;102.772059,0,53.525234999999995;53.010272;52.786967999999995,0,293.026718;298.19034;287.506641,127.287711;122.533286;106.859103,13.963293051347136;17.21731387078762;13.691246043890716
java-defects4j-closure-102-normalize,1060,0,6.794672;6.036041;5.954607,3.456278;3.4272470000000004;3.291079,0,2.168124;1.848504;1.926988,0,2.14606;2.027923;1.938197,0,1.982246;1.9245880000000002;1.988091,0,2.019473;2.028533;1.9796129999999998,0,1.9799689999999999;1.953915;1.9943520000000001,0,305.150245;336.014172;316.59736399999997,0,41.912608;19.927808000000002;18.429332,12,657.0152;665.55808;683.2078929999999,0,29.444769;29.656175;29.339855,0,11.318861;11.27079;11.116723,0,56.784649;58.048413000000004;57.339693999999994,14.437147;15.176309;15.73305,4.6485369093716145;4.993865033611655;4.7564751002937555
java-defects4j-closure-104-uniontype,998,0,5.568446000000001;5.0259789999999995;4.904184,2.7520179999999996;2.520807;2.517777,0,2.2354789999999998;1.796462;1.845261,0,2.131422;2.024976;2.021955,0,1.9919629999999997;2.02953;2.0033999999999996,0,2.116437;2.101916;2.097473,0,2.061898;1.990865;2.024868,0,359.808184;301.71944099999996;305.010271,0,60.950182;28.610337;38.234128999999996,0,674.2412340000001;643.3638520000001;648.1770409999999,0,26.016981;25.917404;25.884635,0,9.297951000000001;9.159966;9.350882,0,43.408345000000004;43.328831;43.389302,14.940502;18.520895;14.021184,4.49310103431344;5.010948982089758;4.543208982795477
java-defects4j-closure-106-jsdocinfobuilder,1538,0,7.631639;7.680782;7.192709000000001,3.2413939999999997;3.0171269999999994;2.9914870000000002,0,2.219923;1.786551;1.836884,0,2.321666;2.087311;2.160663,0,2.0333970000000003;2.058829;2.038491,0,2.055182;2.065749;2.062319,0,2.3741790000000003;2.2823119999999997;2.098415,0,303.058985;303.553031;315.183903,0,61.077403000000004;20.481765;28.696599,8,671.109234;649.155009;704.515038,0,28.244852;29.594815999999998;28.224836,0,11.873866;11.518991;11.995095000000001,0,54.741384;54.560087;55.137442,18.371371;16.718868;16.710058,4.3531490955501795;4.212469095364213;4.152573179453611
java-defects4j-closure-107-commandlinerunner,2001,0,23.794183;19.755815;17.924803999999998,6.878703;7.502255999999999;6.5031300000000005,0,2.326075;2.045852;1.95955,0,2.5394200000000002;2.502204;2.3801859999999997,0,2.4415359999999997;2.36915;2.4440939999999998,0,2.683097;2.530136;2.4629640000000004,0,2.359954;2.385018;2.491193,0,305.634485;307.850253;305.834655,0,45.240515;58.743500999999995;25.939826999999998,0,800.7635429999999;754.96857;699.673004,0,41.83671;42.110605;41.811872,0,21.192727;21.764564;22.065620000000003,0,303.515209;307.429104;312.553509,32.274716;37.810531;30.949955,6.489745108410716;6.553245009854436;6.464066915214062
java-defects4j-closure-11-typecheck,3846,0,42.504503;40.468305;41.866854000000004,13.006564000000001;12.269862999999999;12.227407,1,2.955222;2.290827;2.2712510000000004,1,2.995166;2.854762;2.936031,1,2.821662;2.756952;2.705179,1,2.859205;2.893834;2.908824,1,2.7497920000000002;2.741637;2.689235,1,306.371203;305.864264;309.071592,1,66.41631000000001;48.699036;26.524525999999998,11,883.6428109999999;876.3455180000001;836.2639760000001,1,67.541245;69.89633500000001;71.310497,0,37.277319000000006;37.367442000000004;39.415473999999996,0,194.994204;198.562624;198.78965300000002,54.947318;50.03999;58.303201,7.273575058206916;7.287025218829513;7.327283965423703
java-defects4j-closure-113-processclosureprimitives,2468,0,28.470937000000003;29.663207;28.51773,8.724108000000001;8.194633999999999;8.2318,1,2.450474;1.941012;1.9053360000000001,1,2.575675;2.2977179999999997;2.278161,1,2.277177;2.3472649999999997;2.280702,1,2.335473;2.4271309999999997;2.3039549999999998,1,2.256923;2.344244;2.2473509999999997,1,307.349231;307.044002;311.99235400000003,1,126.72574300000001;28.709283;31.072642000000002,1,825.346955;769.065402;785.79922,1,49.503901000000006;57.789537;51.614304,0,24.941253;24.448354;24.201971999999998,0,136.25242300000002;135.49486;133.254943,49.706309;37.335358;36.499104,6.822581170126796;7.452527992427349;6.85618887655437
java-defects4j-closure-114-nameanalyzer,3776,0,38.386174000000004;38.701616;44.133388000000004,11.697905;11.631858000000001;11.495450000000002,1,2.5371859999999997;2.105112;2.172246,1,2.6875150000000003;2.567156;2.548282,1,2.631091;2.600579;2.551727,1,2.641888;2.567484;2.599389,1,2.672752;2.588227;2.583484,1,310.10304;308.932337;309.27515300000005,1,49.313239;23.243227;26.823935,17,899.677141;906.8638490000001;905.4888800000001,1,63.17684199999999;63.841837;66.639408,0,33.718801;33.879708;34.184436999999996,0,197.70844000000002;190.816243;199.925194,52.489835;79.977663;53.968392,9.128456003963947;9.308716980740428;8.919641841202974
java-defects4j-closure-119-globalnamespace,2721,0,64.75420299999999;65.140023;66.715791,7.992494;7.796134;8.005662000000001,0,2.2988969999999997;1.901114;2.000717,0,2.442545;2.383465;2.240767,0,2.252456;2.310183;2.251408,0,2.359107;2.403209;2.494557,0,2.341482;2.238609;2.27719,0,307.477697;308.196945;303.04251999999997,0,45.482438;24.313785;25.416788,0,784.550101;834.4757480000001;845.994964,0,52.094939;48.430412;50.344300000000004,1,23.120965;23.618432000000002;23.276652,0,882.995172;890.65147;890.3751060000001,34.412606;37.005111;36.199982,7.181827910244465;7.36122508533299;8.014751132577658
java-defects4j-closure-123-codegenerator,2614,0,28.932749;29.23416;28.517378,12.02027;9.243696;8.782817999999999,0,2.428009;2.245936;2.15463,0,2.52199;2.4202339999999998;2.3868449999999997,0,2.4383600000000003;2.360522;2.310949,0,2.858644;2.415903;2.393262,0,2.2533649999999996;2.23948;2.2481210000000003,0,303.886999;312.257995;303.97368,0,38.729268;29.99877;21.933418,0,873.25085;856.2872030000001;838.554664,0,52.434234000000004;52.527215000000005;52.575818000000005,0,25.020283;25.074379;25.290499,0,168.762903;171.110689;162.176064,47.744864;50.476377;46.522027,6.991296075284481;7.634469075128436;7.053308188915253
java-defects4j-closure-124-exploitassigns,490,0,2.964044;2.801872;2.704944,1.3224719999999999;1.4553129999999999;1.4040000000000001,0,2.174048;1.837133;1.7466199999999998,0,2.156044;1.893597;1.9745420000000002,0,1.918111;1.929987;1.933301,0,1.914439;2.01301;1.9554310000000001,0,1.950956;1.949579;1.992187,0,301.241977;304.567491;304.773614,0,40.516107000000005;19.755735;24.434674,2,604.342944;632.397914;646.259176,0,21.913983;21.627883;22.326605999999998,0,5.951028;5.667702;5.5821309999999995,0,25.580907;25.372087;23.901052999999997,7.660338;6.523921;7.24436,3.941586008295417;4.43822517991066;3.851776011288166
java-defects4j-closure-125-typecheck,4240,0,55.273769;54.718529000000004;55.502897000000004,14.400801000000001;13.969775;13.8526,1,2.604104;2.1553620000000002;2.319215,1,3.108625;2.926494;2.94247,1,2.92367;2.8297320000000004;2.9884,1,3.1692970000000003;3.060142;2.995315,1,2.870189;2.849088;3.140704,1,309.08593;309.51221200000003;313.390703,1,66.60524199999999;31.158203999999998;29.120091000000002,1,879.314227;875.082531;914.841923,1,73.17478;74.297921;74.503213,0,41.084223;42.542891;41.615957,0,217.277009;220.703808;215.358609,63.533983;61.675721;68.459176,10.322206187993288;11.245539877563717;10.2623060811311
java-defects4j-closure-13-peepholeoptimizationspass,424,0,7.888694999999999;7.816172;7.661983,1.1860270000000002;1.163575;1.036775,4,2.1711310000000004;1.8647589999999998;1.816515,4,2.0291580000000002;1.9618280000000001;1.9107399999999999,4,1.8709760000000002;1.814076;1.867664,4,1.8494329999999999;1.858443;1.990122,4,1.885736;1.90897;1.917416,4,301.37095600000004;300.85769899999997;304.330242,4,58.227534999999996;38.417595;23.027188,4,593.431786;618.063357;585.313501,4,20.191666;19.462042;19.780388,3,5.262152;5.08211;4.937844,4,20.891700999999998;21.244806;21.190824,6.101166;8.575871;6.345849,3.6008921451866627;4.1203119326382875;3.57135315425694
java-defects4j-closure-130-collapseproperties,1940,0,25.015279;24.270298999999998;24.751981999999998,6.623473000000001;5.981677;6.194433,1,2.282189;1.933383;1.8488319999999998,1,2.401773;2.208478;2.204313,1,2.2756719999999997;2.3036749999999997;2.126508,1,2.152421;2.2292940000000003;2.1487670000000003,1,2.150384;2.193425;2.1497740000000003,1,306.555893;305.480863;303.272851,1,47.567101;24.088306;23.383188999999998,1,719.133261;714.150654;715.422544,1,41.567163;39.936195;39.760405,0,19.058834;19.158250000000002;18.991531,0,101.787693;108.53890700000001;102.087227,26.644372;26.78192;24.811803,5.980689078569412;6.591157056391239;5.912485998123884
java-defects4j-closure-133-jsdocinfoparser,4907,0,40.415467;40.676865;40.920109000000004,14.138833;15.298283999999999;14.280859,0,2.66194;2.178306;2.2079920000000004,0,3.368333;3.267322;3.17314,0,3.1055509999999997;3.3220620000000003;3.0506130000000002,0,3.346847;3.27638;3.374714,0,3.224477;3.151105;3.211971,0,311.952046;312.55355699999996;309.419577,0,70.019403;34.812254;33.106072,0,1073.824379;924.6626620000001;877.088793,0,76.42410199999999;78.149362;78.33129699999999,0,40.802359;41.170337;74.038336,0,225.072099;225.510246;224.99348799999999,65.944586;59.192069;58.631661,11.500404914841056;11.77731086499989;14.51445114798844
java-defects4j-closure-135-devirtualizeprototypemethods,739,0,8.784457000000002;8.311252;8.445248000000001,2.251906;2.265649;2.1463010000000002,0,2.286308;1.890564;1.860733,0,2.219979;2.1370080000000002;2.0778760000000003,0,2.108932;2.008983;2.365008,0,2.216375;2.2049399999999997;2.134241,0,2.012584;1.9938989999999999;1.9784099999999998,0,315.443949;302.95520999999997;332.331435,0,31.245729;21.748589;32.849720999999995,0,604.211363;608.214759;607.022638,0,26.755463;24.135474000000002;24.306835999999997,1,8.528555;8.183845;8.20052,0,35.917932;34.609994;34.587216,10.692255;9.001978;8.857519,4.154941067099571;4.494462860748172;5.136864027008414
java-defects4j-closure-137-normalize,1130,0,6.7114009999999995;6.245153;6.24266,3.6883980000000003;3.6128270000000002;3.418733,0,2.201921;1.791497;1.8956979999999999,0,2.091556;2.0219690000000003;2.021489,0,1.9987920000000001;2.0826189999999998;2.101793,0,2.006189;1.9920699999999998;2.01554,0,2.003794;1.977729;1.9748180000000002,0,303.05482;306.008262;303.689947,0,36.646569;26.912229999999997;24.482853,0,675.452752;652.112977;665.986528,0,30.115752999999998;30.375975999999998;30.811337,0,11.996770999999999;11.988722000000001;11.978968,0,250.000658;241.962761;257.643701,15.169923;13.84506;13.982362,4.619041923433542;4.947630921378732;4.810395883396268
java-defects4j-closure-14-controlflowanalysis,2118,0,17.767349000000003;17.454232;17.335272,7.206711;6.889227999999999;6.694796,0,2.300664;1.915549;1.921248,0,2.511999;2.445153;2.385073,0,2.328036;2.3730819999999997;2.377558,0,2.418117;2.361461;2.499676,0,2.3358849999999998;2.327965;2.285572,0,310.23067399999996;309.231688;334.312185,0,45.972501;30.545697;29.384664,0,738.453378;731.682416;794.9955610000001,0,44.461306;44.885284999999996;43.862394,0,20.767355000000002;23.631281;20.774259999999998,0,113.950142;118.769952;114.93915100000001,26.761508;28.246206;36.818853,8.197610033676028;6.672441028058529;6.542364833876491
java-defects4j-closure-144-functiontype,1736,0,13.68933;13.041604999999999;13.552332999999999,5.276591;5.039098;5.058161,0,2.434258;1.927983;2.054209,0,2.3067819999999997;2.2367760000000003;2.179935,0,2.313586;2.238134;2.275568,0,2.274298;2.217303;2.242539,0,2.141799;2.201616;2.156905,0,305.13327499999997;305.00822700000003;305.38575499999996,0,47.176429;22.052968;23.397575,0,740.157289;687.551916;690.910829,0,36.586645000000004;37.354620999999995;36.835381,0,16.496103;16.727508;16.963377,0,87.30359;82.62989900000001;84.25505799999999,22.462534;22.001225;32.373976,5.69675792939961;5.804469110444188;9.298314107581971
java-defects4j-closure-147-checkglobalthis,383,0,9.618304;8.948627;8.871274999999999,0.991252;1.016279;0.97405,4,2.429282;1.7508190000000001;1.552062,4,1.98933;1.9632730000000003;1.945033,4,1.906808;1.9201279999999998;1.885898,4,1.9464919999999999;1.8553009999999999;1.849977,4,1.923171;1.9140190000000001;1.8475430000000002,4,301.67545;300.86354900000003;302.83565600000003,4,76.65672699999999;27.293442000000002;22.657565,10,588.8313899999999;572.872584;627.488112,4,19.844479000000003;20.546156999999997;20.497736999999997,5,5.17763;4.897450999999999;4.884561,5,23.92024;23.899576;23.685729,5.526257;5.508169;8.000067,3.770675975829363;3.8269630167633295;4.383770981803536
java-defects4j-closure-149-commandlinerunner,1187,0,9.887929999999999;9.295591;9.186396,3.9256219999999997;4.033569;3.9360609999999996,0,2.299412;1.918344;1.88962,0,2.281031;2.2573049999999997;2.159929,0,2.18659;2.683071;2.302305,0,2.278753;2.350182;2.2554670000000003,0,2.177653;2.25755;2.121594,0,306.240303;304.11802;304.910683,0,68.85728300000001;20.284026;24.276391,0,660.879493;678.5099879999999;688.472542,0,34.017106999999996;31.071682;31.044875,0,13.338297;13.350503999999999;13.316296999999999,0,133.92869199999998;131.074405;130.449431,15.117975;15.202663;23.073578,3.9381301030516624;4.510075086727738;5.032679997384548
java-defects4j-closure-165-recordtypebuilder,230,0,1.357302;1.224339;1.220603,0.46396499999999996;0.463158;0.47054799999999997,0,2.166162;1.784327;1.878722,0,2.008297;1.907798;1.9092829999999998,0,1.8075789999999998;1.803605;1.812821,0,1.857687;1.870434;1.8714739999999999,0,1.775117;1.821425;1.8357130000000002,0,306.207006;304.574681;303.243789,0,50.962348;28.289529;20.641268,2,608.009188;552.200325;610.054748,0,17.929025000000003;17.531732;17.410904000000002,2,4.35652;3.990499;4.032589,1,11.659949;11.564002;11.719818,3.056112;2.909996;4.051925,3.642449853941798;4.25818283110857;4.819724941626191
java-defects4j-closure-168-typedscopecreator,4102,0,35.859483;33.990925999999995;34.329189,13.750466;13.870015;13.537329,0,2.6728479999999997;2.314438;2.274387,0,3.145142;2.939455;2.9602489999999997,0,2.949236;3.0519000000000003;3.005143,0,3.2554060000000002;3.155759;3.205797,0,2.986764;3.044143;2.9886980000000003,0,311.218912;314.34349499999996;309.722326,0,73.67654;25.694321;28.544221,0,884.5590970000001;976.471458;982.178097,0,72.878806;75.117956;72.344849,0,40.74697;40.075309000000004;45.83889,0,780.60867;785.792106;785.340778,67.512199;68.643259;64.912058,10.256007080897689;10.60560392215848;10.566264158114793
java-defects4j-closure-18-compiler,4988,0,71.928634;71.85571300000001;71.31828499999999,14.732109;14.43821;14.815565,1,2.6848829999999997;2.209585;2.2016050000000003,1,3.0311779999999997;2.927936;2.8725389999999997,1,2.85211;2.805177;3.001668,1,2.939344;2.996685;2.911975,1,2.812961;2.848543;2.785511,1,309.947182;309.919876;311.327899,1,57.418498;23.029797000000002;24.054767000000002,1,981.4938010000001;924.8049649999999;969.5563860000001,1,80.101942;79.77711599999999;80.09511699999999,0,44.269617;42.560651;43.002709,0,236.362686;240.923375;235.286547,70.623725;66.23857;66.084088,10.917013976722956;11.55700907111168;11.053143069148064
java-defects4j-closure-19-chainablereverseabstractinterpreter,1418,0,12.678268;12.446905;15.389516,3.6481519999999996;3.399399;3.3718700000000004,0,2.21518;1.881391;1.855834,0,2.170516;2.046647;2.000928,0,2.042428;2.032037;2.152029,0,2.019918;1.991899;2.059173,0,2.0547389999999996;2.03383;2.070998,0,306.554052;305.543673;305.58484400000003,0,52.270279;22.972486;33.690991000000004,0,693.18099;703.574721;656.53526,0,29.675685;30.185373000000002;33.407686999999996,0,12.205098;13.168082;13.233889,0,61.153695;62.009364;58.80357,16.006604;13.863516;14.359272,5.716688930988312;6.024467060342431;5.908169085159898
java-defects4j-closure-28-inlinecostestimator,212,0,1.576449;1.2487270000000001;1.101883,0.552296;0.43767599999999995;0.436233,0,2.0961450000000004;1.87597;1.808127,0,2.01556;1.8581100000000002;1.89658,0,1.758288;1.8645829999999999;1.8289039999999999,0,1.910007;1.865041;1.912912,0,1.898207;1.7283380000000002;1.838872,1,305.889917;307.93674999999996;308.087297,0,41.803214;19.597999;20.041584,4,590.104139;554.479232;558.137032,0,17.444439;17.168539;17.131488,0,3.709557;3.4532730000000003;3.401101,0,14.415410999999999;14.393974;14.661122,3.037325;2.714509;3.029748,3.666797885671258;3.549652872607112;3.5216468386352062
java-defects4j-closure-30-flowsensitiveinlinevariables,986,0,6.230155;5.717072;5.740512,3.037497;3.037696;3.014545,0,2.222328;1.885688;1.845973,0,2.157742;2.171668;2.070105,0,2.192707;2.091703;2.062031,0,2.10493;1.994768;2.25713,0,1.929118;2.020884;1.9544369999999998,0,306.041251;304.923987;302.719273,0,102.183113;22.94509;22.678252,0,648.647548;629.979293;651.561214,0,27.402123;27.489929999999998;27.709335000000003,1,10.269023;10.08802;10.164101,0,96.638097;96.805656;96.21239800000001,12.443517;11.350129;11.788006,4.4376440346241;4.340584157034755;4.583548055961728
java-defects4j-closure-34-codeprinter,1444,0,12.273672;11.747462;11.264931,3.524689;3.42969;3.4634270000000003,1,2.2927809999999997;2.012374;1.921066,1,2.323047;2.277112;2.155676,1,2.114535;2.3708489999999998;2.151123,1,2.1487469999999997;2.11341;2.122963,1,2.033351;2.047718;2.0888880000000003,1,309.08290700000003;306.298833;329.683599,1,40.425729000000004;20.939286000000003;24.359876999999997,1,718.75492;728.077591;685.132689,1,30.459605;29.40559;30.699387,0,13.026474;12.412789;12.495815,0,338.69715099999996;336.09953199999995;337.888674,16.029792;15.100103;15.366201,5.5663809180259705;5.533577874302864;5.569686880335212
java-defects4j-closure-37-nodetraversal,1370,0,27.376910000000002;27.352206;27.006204999999998,3.771002;3.607576;3.5267549999999996,1,2.099082;1.876617;1.7813219999999998,1,2.285594;2.194359;2.191709,1,2.125247;2.205997;2.132755,1,2.157969;2.183224;2.19313,1,2.09113;2.0873799999999996;2.148044,1,305.38198900000003;307.14333999999997;316.236742,1,46.799209000000005;18.868279;26.980006,0,734.267246;658.550969;681.5926460000001,1,31.816131999999996;30.456214;30.284784,0,12.356954;12.353691999999999;12.094130999999999,0,62.697842;67.884339;70.19405400000001,19.262934;15.92834;16.589569,5.103775067254901;5.074287997558713;4.946193192154169
java-defects4j-closure-38-codeconsumer,602,0,3.742609;3.6268659999999997;3.527672,1.353653;1.277244;1.3084630000000002,0,2.051878;1.878249;1.905827,0,2.060027;1.968286;2.011022,0,1.9224629999999998;1.975218;1.893704,0,1.932923;1.909742;1.8458890000000001,0,1.811479;1.965523;1.906422,0,303.016851;306.415936;299.633853,0,57.756238;27.955286;30.487513,0,599.199775;605.446279;611.785481,0,20.704573;20.371114;20.643537,1,5.949241;5.6118619999999995;5.691556,1,26.273843000000003;28.743191000000003;26.536181,10.919049;6.643848;8.116787,3.5878028720617294;3.975816071033478;3.721247892826795
java-defects4j-closure-44-codeconsumer,598,0,5.0576609999999995;4.8919109999999995;4.883246,1.191522;1.147391;1.145514,2,2.157449;1.8488440000000002;1.8471920000000002,2,2.031471;1.95327;1.870166,2,2.097407;1.9480389999999999;1.912175,2,1.9104949999999998;1.90844;1.9815369999999999,2,1.928272;1.989081;1.9786589999999997,2,315.16492;303.881378;302.08479,2,75.878316;26.957441;27.640883000000002,6,634.6255050000001;585.720309;610.733247,8,20.895066;20.958688;21.268103,2,5.775087;5.427994;5.528428,11,26.485497;26.670196999999998;26.23135,11.530778;5.896339;6.082505,3.867213847115636;4.449922125786543;3.908366896212101
java-defects4j-closure-52-codegenerator,2422,0,21.219685;23.400652;22.144174999999997,8.508569999999999;12.128217;10.649925,1,2.36887;2.089019;2.075584,1,2.563244;2.45977;2.362338,1,2.437842;2.347613;2.4242790000000003,1,2.477753;2.431038;2.402407,1,2.344141;2.368581;2.44562,1,308.340892;318.249575;308.964738,1,33.488129;35.125129;20.908064,1,791.907962;778.590942;803.764548,1,50.100576000000004;53.569396999999995;49.884656,0,23.865221;23.535477999999998;23.746,0,133.39296000000002;140.09123400000001;138.256593,35.859423;32.987638;33.641119,6.842181086540222;7.461105939000845;6.7564810160547495
java-defects4j-closure-57-closurecodingconvention,808,0,16.282532999999997;15.983839999999999;16.102493,2.661999;2.694599;2.541742,1,2.19786;1.807845;1.868282,1,2.254686;2.028125;2.035018,1,2.031034;1.941866;2.0016220000000002,1,2.05126;1.996898;1.987135,1,2.048102;2.208526;1.9464739999999998,1,306.75970800000005;309.025057;308.823462,1,49.450602;40.525327;30.186034,1,615.046511;660.445546;611.2978690000001,1,26.010191;26.008349;25.859151,0,9.140918;8.772782999999999;9.023169,0,44.740974;41.94722;42.101219,10.580662;9.132869;9.724409,4.230524878948927;4.272619960829616;3.975911065936089
java-defects4j-closure-62-lightweightmessageformatter,356,0,5.635668;5.421258;5.430273000000001,1.273299;1.2430750000000002;1.213274,0,2.114967;1.780198;1.862445,0,2.074924;1.989369;1.855956,0,1.915421;1.8359489999999998;1.847276,0,1.892519;1.917492;1.86189,0,1.888513;1.88401;1.950582,0,303.128336;309.329144;303.211402,0,38.651612;36.456991;19.557946,0,632.238471;577.764252;581.128471,0,22.709721;20.791819;20.204781,0,5.35898;5.195438;5.228614,0,40.792176;40.349529000000004;40.755598,5.397147;4.996648;4.956344,3.506246954202652;3.4450700040906668;3.280405187979341
java-defects4j-closure-65-codegenerator,2422,0,22.457255;22.123612;22.662264,8.664261;8.245761;8.353110000000001,1,2.373059;1.962251;1.836594,1,2.581678;2.5076120000000004;2.494831,1,2.3990460000000002;2.495615;2.422867,1,2.434078;2.645555;2.5490209999999998,1,2.405521;2.35862;2.428179,1,307.13687600000003;308.945928;306.176322,1,44.710659;28.110159999999997;24.396175999999997,1,815.361726;828.502136;774.285506,1,54.995338;54.451258;50.513628,0,27.902044;24.002096;23.723094,1,137.72199700000002;135.65602399999997;136.561828,36.998873;31.038723;40.306828,6.961100967600942;7.929604034870863;6.922977976500988
java-defects4j-closure-67-analyzeprototypeproperties,1396,0,16.907315999999998;16.340298999999998;16.218814000000002,4.696813000000001;4.417838;4.472484,1,2.107022;1.859071;1.836913,1,2.208797;2.111015;2.074354,1,2.1054910000000002;2.116914;2.089159,1,2.070605;2.462336;2.2288159999999997,1,2.15387;2.0508599999999997;2.113009,1,302.757894;309.667492;313.19081900000003,1,31.565061;39.609237;24.576188,4,746.609193;728.096757;687.015481,1,33.622222;33.8568;33.552294,0,13.793115;13.64777;13.759443999999998,0,352.197587;335.627065;337.367385,17.456805;24.405947;19.61771,5.115462001413107;5.461894907057285;5.0741380546242
java-defects4j-closure-70-typedscopecreator,3624,0,49.207651;47.617309;47.546007,12.782842;12.25534;12.518539,0,2.445928;2.226733;2.222239,0,3.0662380000000002;2.922496;2.907207,0,2.832748;2.784551;2.868915,0,3.0046880000000002;2.925081;3.035159,0,2.928462;2.841501;2.925274,0,321.89410499999997;309.214809;313.516549,0,45.62124;24.579347000000002;31.121665999999998,0,880.2941450000001;897.7070259999999;895.610151,0,68.090053;70.350744;68.754169,0,37.162859;37.33348;37.121790000000004,0,650.3758379999999;652.5285309999999;655.2664649999999,46.640735;47.696981;48.311812,9.268472203984857;10.18732413649559;9.124189848080276
java-defects4j-closure-71-checkaccesscontrols,1286,0,35.623399;35.765190000000004;35.825401,4.33192;4.166085;4.032379000000001,0,2.217559;1.795776;1.8161010000000002,0,2.202256;2.28666;2.145333,0,2.195144;2.0907500000000003;2.13707,0,2.1268089999999997;2.295714;2.1168799999999997,0,2.118011;2.1015550000000003;2.118375,0,342.74155;323.23843600000004;318.23576599999996,0,36.850526;24.535959;57.162819,0,702.8295300000001;699.1412230000001;684.016725,0,32.11444;32.213390000000004;31.976859000000005,0,13.364488000000001;13.570852;13.40616,0,82.06223899999999;79.404453;78.240892,13.757265;14.992497;13.699894,5.146451061591506;5.335194990038872;5.013422109186649
java-defects4j-closure-72-functiontoblockmutator,898,0,5.965508;5.772911000000001;5.055111,2.942691;2.706068;2.742584,0,2.169145;1.908218;1.9237099999999998,0,2.194765;2.226554;1.9682169999999999,0,2.126608;2.325939;2.224852,0,2.2439169999999997;2.436179;2.266263,0,2.031517;2.118817;1.9800989999999998,0,305.788793;301.253575;304.175091,0,46.812096999999994;19.140553;21.263387,0,625.607059;751.356836;630.740898,0,26.056373;25.799393000000002;25.898269000000003,0,9.867308;9.679516000000001;9.586818000000001,0,43.921853;44.326778999999995;43.449009,12.532474;16.068903;10.765892,4.761786200106144;4.418144002556801;4.582446999847889
java-defects4j-closure-72-renamelabels,554,0,3.3985450000000004;3.124458;3.1670949999999998,1.5999560000000002;1.466288;1.372415,1,2.3444719999999997;1.7741989999999999;1.6264509999999999,1,2.085811;1.975394;1.9310040000000002,1,1.891967;1.962507;1.918512,1,1.9789909999999997;1.988429;1.9924389999999998,1,2.041186;1.964783;1.9709269999999999,1,301.021774;302.262833;302.12181599999997,1,53.278615;26.993557000000003;18.809135,1,587.345189;618.453386;563.6031419999999,1,21.823115;21.90781;21.55039,0,6.672166;6.335515;6.379632,0,34.449757999999996;34.657638999999996;34.803414,8.137614;7.142692;7.265309,3.759901039302349;4.133784910663962;3.5903449170291424
java-defects4j-closure-73-codegenerator,2388,0,127.025833;125.691797;127.97271399999998,8.707963;8.849756;9.618744,0,2.3620680000000003;1.97876;1.900435,0,2.5658489999999996;2.5292399999999997;2.656481,0,2.496654;2.458343;2.5610120000000003,0,2.547303;2.5080329999999997;2.514411,0,2.424239;2.433655;2.3872720000000003,0,333.909824;310.34141900000003;314.469759,0,62.154462;26.050458;27.241588,0,804.172696;801.384257;776.539444,0,49.809575;50.023568999999995;50.022916,0,23.19763;22.991051;22.975575000000003,0,133.326296;141.062677;135.26828799999998,31.006607;29.69758;31.276993,6.778042996302247;7.413395214825869;6.9971838966012
java-defects4j-closure-77-codegenerator,2323,0,43.136541;43.85707;41.708383000000005,8.246607000000001;8.120214;8.354115,0,2.2824519999999997;1.984509;1.950976,0,2.712577;2.444398;2.414756,0,2.351542;2.376759;2.43144,0,2.440442;2.501185;2.487605,0,2.3603709999999998;2.352453;2.33195,0,308.080509;307.886125;308.414827,0,68.829103;20.633300000000002;65.275004,16,757.255883;894.772319;778.9300430000001,0,53.073197;48.787785;49.100033,1,23.000003000000003;22.833375999999998;28.927689,0,142.68060799999998;129.483215;132.633378,31.78907;30.499479;30.461814,6.769133033230901;7.1026969235390425;6.589859025552869
java-defects4j-closure-78-peepholefoldconstants,3260,0,107.847034;109.863387;109.686098,11.212678;10.894705;10.895828,0,2.5346;2.037647;1.9814810000000003,0,2.788303;2.477421;2.4355420000000003,0,2.518466;2.623211;2.50404,0,2.567293;2.7122990000000002;2.576342,0,2.575599;2.575887;2.487745,0,306.459214;323.397759;306.605157,0,48.083569;21.928786;20.933028,0,824.2022519999999;829.9024900000001;800.69182,0,65.58755;62.953663000000006;63.979486,0,30.733957;30.567355;30.253682,0,183.255951;170.549927;173.693974,44.497822;61.050306;45.884508,6.290588993579149;6.740893004462123;6.274834042415023
java-defects4j-closure-79-normalize,1560,0,11.119639000000001;10.799034;10.287189,5.794833000000001;5.2163889999999995;4.8146830000000005,0,2.367243;1.954501;2.015771,0,2.248981;2.116403;2.097605,0,2.315242;2.096125;2.1003760000000002,0,2.071211;2.094792;2.040455,0,2.06287;2.025328;2.122493,0,301.710451;308.234829;304.05519,0,63.731032000000006;25.183678;26.044653,0,708.368074;702.200107;715.763753,0,36.246823;35.353086999999995;35.994118,1,15.741867;15.932051999999999;15.790694,0,428.77103300000005;423.211337;426.356095,18.445032;17.90282;17.934979,5.447332048788667;5.665885051712394;5.4565491154789925
java-defects4j-closure-79-varcheck,557,0,3.7999140000000002;3.554524;3.701974,2.0555380000000003;1.886685;1.839769,0,2.133942;1.868201;1.8941270000000001,0,2.144714;1.9873759999999998;1.964389,0,1.943775;2.038249;1.9613550000000002,0,2.00991;1.943615;1.952949,0,1.9542499999999998;1.9416170000000001;1.9989629999999998,0,303.342583;303.99367900000004;303.709286,0,69.747913;20.686614;23.420137,0,597.309461;644.416977;617.825639,0,22.834562;23.730717;23.233978999999998,0,7.380711;7.556596;7.169919,0,31.020889;30.566138;30.183568,6.561668;6.48386;6.183936,3.6235100124031305;3.803258994594216;3.651197999715805
java-defects4j-closure-80-nodeutil,5946,0,111.557189;110.816602;110.160589,18.18547;17.321545;17.356333,0,3.149073;2.812814;2.829458,0,3.691398;3.393126;3.388004,0,3.400052;3.2853320000000004;3.40633,0,3.535121;3.57004;3.615765,0,3.3527299999999998;3.327391;3.394107,0,320.357437;321.686875;322.671627,0,56.763307999999995;25.923137999999998;24.367542,0,976.81337;1146.785228;971.5166200000001,0,93.815284;96.363272;94.32641799999999,0,50.860609000000004;49.476322;49.943592,0,275.30625399999997;275.86587499999996;276.308727,71.546508;70.874576;74.567715,16.901938943192363;19.531784113496546;17.12315296754241
java-defects4j-closure-86-nodeutil,5068,0,83.39110099999999;83.988733;83.357156,14.524431;14.884602000000001;14.269404000000002,0,2.837084;2.189991;2.246213,0,3.3177559999999997;3.1113579999999996;3.154783,0,3.091941;3.113624;3.1018909999999997,0,3.294288;3.3244759999999998;3.208074,0,3.07586;3.1946600000000003;3.089212,0,328.55672400000003;318.374014;311.97277,0,75.68777;36.229130999999995;72.554464,0,961.018246;972.90049;908.1791390000001,0,80.02941700000001;79.117723;85.644909,0,42.201654;41.657766;41.827382,0,224.747651;225.294243;227.657094,58.308852;67.48073;68.873848,11.96992490440607;13.4332908783108;12.191224843263626
java-defects4j-closure-89-globalnamespace,2162,0,15.380461;13.257079;12.779218,6.4713140000000005;6.258303;6.273761,1,2.394212;2.049128;2.031814,1,2.566224;2.438851;2.3600890000000003,1,2.510182;2.2760559999999996;2.406339,1,2.449123;2.4787899999999996;2.394867,1,2.374761;2.376591;2.420404,1,306.275739;309.024294;356.51818299999996,1,25.51925;40.877399000000004;20.404206000000002,1,770.686179;737.953604;699.308357,1,42.203586;42.396496;41.747422,0,19.887875;19.24813;19.161009999999997,0,551.811869;564.987509;567.549802,24.817889;25.036687;35.79363,6.6810359712690115;7.173030870035291;6.802862975746393
java-defects4j-closure-90-functiontypebuilder,1456,0,13.266589;12.487029;12.777332000000001,4.743828000000001;4.8115380000000005;4.5456129999999995,0,2.2034849999999997;1.855156;1.899523,0,2.191403;2.078922;2.043558,0,2.198566;2.112228;2.073041,0,2.185481;2.172838;2.077523,0,2.203769;2.287827;2.120373,0,307.179426;303.576097;311.89122299999997,0,30.759832;29.13487;23.772993999999997,0,683.598833;704.2540379999999;705.7679430000001,0,34.441266;35.536478;34.941845,1,15.011416;15.00519;15.295907,0,75.22427800000001;76.18012;75.729461,18.4893;18.321087;18.880629,5.341003881767392;5.864453036338091;5.128653021529317
java-defects4j-closure-92-processclosureprimitives,1834,0,14.642125;14.150011000000001;13.993288,8.239941;6.745512;6.827903,0,2.430708;1.981562;1.962161,0,2.462844;2.424984;2.323769,0,2.269568;2.3000339999999997;2.266663,0,2.374307;2.698264;2.624952,0,2.3280190000000003;2.586536;2.4013,0,310.017852;307.376404;307.82653,0,44.904993;22.910842000000002;32.602246,0,733.106759;703.462136;762.049964,0,41.170363;41.051795;42.29191,0,19.788053;19.704839;18.892341,0,110.85146399999999;109.611174;118.536483,22.788445;22.911474;20.816909,5.920215044170618;5.979576846584678;5.934037966653705
java-defects4j-codec-1-caverphone,368,0,3.506922;3.329524;3.3185350000000002,1.517998;1.519285;1.3247529999999998,1,2.298193;1.820054;1.808706,1,2.068482;1.9954310000000002;2.006686,1,1.90315;1.933015;1.930106,1,1.8987159999999998;1.8117079999999999;1.9508139999999998,1,1.9111429999999998;1.875637;1.9352340000000001,1,301.29159100000004;301.188925;309.904351,1,43.125465;27.620566;20.416707,0,578.339391;644.741634;627.583722,1,20.630664;20.813233;20.704168,0,6.219627;5.919194;5.848977,0,27.383677;27.985476;27.629843,5.643058;5.489403;6.175905,3.5797280725091696;3.4042869228869677;3.45450802706182
java-defects4j-codec-1-metaphone,812,0,6.283936000000001;5.8870629999999995;5.892304,2.6884949999999996;2.6173859999999998;2.6165469999999997,1,2.5381549999999997;1.942015;1.9108420000000002,1,2.173284;2.019853;2.020909,1,1.95778;1.962789;2.0203,1,1.996658;2.0110750000000004;1.96287,1,1.967103;1.938977;1.970402,1,313.67012500000004;324.874491;323.822361,1,43.379523000000006;37.960511000000004;30.709086,0,683.3543549999999;650.136302;693.2977510000001,1,68.534297;26.679726000000002;26.301813,0,9.801832;9.134478;8.760848999999999,0,52.776379;52.940312000000006;52.658355,12.793121;12.12238;12.76139,4.034520126879215;4.272586898878217;4.154958063736558
java-defects4j-codec-1-soundexutils,248,0,1.681259;1.509606;1.668374,0.555518;0.5608930000000001;0.546702,1,2.015746;1.776648;1.814778,1,2.051754;1.895559;1.950434,1,1.862989;1.912435;1.7884419999999999,1,1.895451;1.883439;1.8840379999999999,1,1.885775;1.8861620000000001;1.881043,1,319.834987;317.093069;305.630475,1,54.48435;21.998701999999998;21.658453,0,573.850413;580.933823;584.917962,1,17.985194;17.570005;18.160171,0,4.41616;4.118114;4.023388,0,13.914009;13.566244;13.991199,3.58522;3.592596;3.78084,3.1801690347492695;3.159609157592058;3.144743852317333
java-defects4j-codec-10-caverphone,372,0,3.285178;2.939828;2.929607,1.4609960000000002;1.55749;1.336869,0,2.159646;1.7811350000000001;1.689987,0,2.057853;1.878914;1.9896279999999997,0,1.9815599999999998;1.9814490000000002;1.890485,0,1.96767;1.937373;1.902114,0,1.838794;1.8230430000000002;1.9834470000000002,0,307.245642;312.648527;313.996385,0,31.472004999999996;35.244409999999995;34.628215,0,591.656421;578.760104;582.465003,0,20.929122000000003;20.79118;20.697052,0,6.4372359999999995;6.157957000000001;6.036571,0,27.637038999999998;27.667016999999998;27.552055,5.907847;5.869935;5.819063,3.467080881819129;3.673424944281578;4.622471984475851
java-defects4j-codec-16-base32,1080,0,35.319058;35.830768;35.762313,5.230611;7.408729;5.344802,0,2.2986750000000002;1.877545;1.962718,0,2.1706849999999998;2.569296;2.2953259999999998,0,2.0523730000000002;2.074276;2.026407,0,2.075962;2.090476;2.0180469999999997,0,2.009857;2.007119;1.9680769999999999,0,311.254732;306.741727;305.684459,0,35.348196;41.489018;22.686636999999997,1,784.3247140000001;781.957475;783.000936,0,34.264241;39.503216;34.643401,0,14.899209;14.492155;15.531709,0,82.34564900000001;84.686797;114.360957,30.518869;31.712527;30.91498,4.637253005057573;5.386262200772762;4.788368009030819
java-defects4j-codec-17-stringutils,846,0,2.993128;2.878823;2.8864870000000002,1.370404;1.296281;1.296274,0,2.169146;1.811518;1.945499,0,2.246951;2.04068;2.059643,0,2.016482;2.0365930000000003;1.9812699999999999,0,2.132721;2.1111340000000003;2.095605,0,2.002537;2.041041;2.0863140000000002,0,302.114374;307.21317799999997;304.755697,0,67.12194000000001;37.497809;54.798411,0,619.14947;671.1481259999999;632.59465,0,21.729905000000002;21.657356999999998;21.490344,0,9.142321;9.172388;8.788835,0,31.452709000000002;31.885761;31.53252,9.71468;9.757722;9.467184,6.855188170447946;4.842944908887148;4.355469951406121
java-defects4j-codec-2-base64,1794,0,19.262520000000002;18.441852;18.223298999999997,5.228309;5.128959999999999;5.007064,1,2.424263;2.0236899999999998;1.961066,1,2.453327;2.329884;2.295006,1,2.3146210000000003;2.188017;2.354918,1,2.391465;2.347002;2.290924,1,2.183262;2.293921;2.215245,1,303.590818;305.033454;307.422205,1,49.611348;20.803124;23.285335,1,714.667068;841.828576;727.794172,1,37.387778000000004;36.576384000000004;38.732067,0,17.918642;17.432085999999998;17.191235,0,99.11873;99.169596;100.61803900000001,21.735871;23.360048;22.933876,7.212647004052997;6.229720078408718;5.867488915100694
java-defects4j-codec-3-doublemetaphone,2212,0,23.361871999999998;22.877762999999998;22.574644000000003,8.431693;8.240993;7.995000000000001,0,2.432088;2.082837;1.9669969999999999,0,2.499869;2.300793;2.270752,0,2.261005;2.375607;2.327193,0,2.3331910000000002;2.381075;2.411914,0,2.35242;2.315195;2.3002949999999998,0,326.442117;309.027287;309.653339,0,46.796665000000004;29.469455;21.978878,0,784.394208;816.7136409999999;805.56513,0,49.887755999999996;50.599264999999995;51.744602,0,23.423672;23.408223;23.853722,0,156.26844;157.279956;156.678268,33.598237;34.981874;36.273398,8.007247000932693;6.76744501106441;6.692410912364721
java-defects4j-codec-4-base64,2112,0,11.710117;11.772480999999999;11.711452000000001,5.733964;5.4726870000000005;5.383191999999999,0,2.23572;1.9918010000000002;1.9943209999999998,0,2.444897;2.270829;2.231661,0,2.2638100000000003;2.284168;2.2348049999999997,0,2.2659860000000003;2.241142;2.3495500000000002,0,2.228942;2.162767;2.238212,0,307.47790000000003;306.263343;306.506614,0,93.18319799999999;24.116838;25.424250999999998,0,766.854488;754.87579;771.795008,0,38.90896;38.596557;39.714262,0,19.27564;18.831618000000002;18.597419000000002,0,120.11661099999999;102.621009;102.271081,23.546521;23.6384;24.422959,6.499758921563625;7.629933999851346;7.818341022357345
java-defects4j-codec-7-base64,2144,0,13.406564;12.700923;13.235313999999999,5.719807;5.621972;5.532475,0,2.477328;2.241342;2.1286349999999996,0,2.83438;2.419327;2.4114869999999997,0,2.3385789999999997;2.403803;2.442215,0,2.540257;2.392924;2.353611,0,2.524496;2.4383809999999997;2.412591,0,308.422277;309.72089600000004;309.2459,0,59.72983;33.62023;31.945419,0,756.778785;749.998522;741.054199,0,39.181792;39.20688;38.585117000000004,0,19.214631999999998;21.004817;19.397977,0,102.726777;100.807045;99.556806,29.196681;28.786956;35.344389,6.811290048062801;6.8920019548386335;6.871156860142946
java-defects4j-codec-8-base64inputstream,383,0,54.265482;60.867721;55.141175000000004,0.855979;0.802216;0.789426,0,2.199444;1.981179;1.838109,0,2.0762;1.970778;1.891622,0,1.887216;1.958533;2.036495,0,1.9626190000000001;1.934393;1.906351,0,1.90019;1.90947;1.902102,0,302.019526;306.510562;304.18066300000004,0,35.170192;19.382562999999998;19.680441,0,618.641398;586.429702;603.4169539999999,0,19.018868;18.643929;19.097209,1,5.457191;6.020975;5.467377,0,24.616413;24.336668999999997;25.881466999999997,4.908364;5.056437;4.656856,4.071034956723452;3.7108929827809334;3.226320026442409
java-defects4j-codec-9-base64,2124,0,14.342732999999999;13.587250000000001;13.514999,5.466422;5.342048;5.215842,0,2.469002;2.114752;1.961257,0,2.596292;2.4123270000000003;2.4442470000000003,0,2.805247;2.569454;2.498504,0,2.675134;2.486326;2.4811159999999997,0,2.386749;2.462081;2.4866200000000003,0,308.655399;307.327607;306.069123,0,79.923165;41.595726;26.080036,0,757.676868;778.045517;755.456035,0,38.696384;38.941361;38.979747,1,19.110372;20.017841;19.799359,1,98.127944;98.165801;103.516012,25.935699;26.119484;41.896614,8.23734700679779;7.049771025776863;6.748454878106713
java-defects4j-collections-26-multikey,564,0,2.222589;1.969668;1.917603,1.013094;0.941683;0.941128,0,2.109734;1.816002;1.848765,0,2.133892;2.028821;1.940922,0,1.9994859999999999;1.944924;2.0157030000000002,0,1.9776350000000003;2.0129610000000002;1.9741170000000001,0,1.96226;2.0716810000000003;1.9764040000000003,0,302.39495100000005;302.753093;310.130897,0,65.45754500000001;25.768764;19.521406000000002,0,587.0758149999999;591.1184440000001;609.530801,0,20.022955;20.75425;19.300295,0,5.948753;5.566161;5.793052,0,21.192184;21.555743;21.455653,5.337762;8.458827;9.544093,5.6140790693461895;4.007195821031928;3.8075901102274656
java-defects4j-compress-1-cpioarchiveoutputstream,829,0,6.55009;6.153088;6.334651,2.704297;2.599964;2.7907530000000005,0,2.186969;1.8755410000000001;1.7888330000000001,0,2.3291589999999998;2.106319;2.021851,0,2.081697;2.0360199999999997;2.121703,0,2.0502730000000002;2.055488;2.091149,0,2.022191;1.976219;2.073735,0,304.027296;298.633837;304.606391,0,49.314717;18.690590999999998;33.333464,0,620.386101;678.524213;634.4641290000001,0,26.706357;26.704512;30.450644,0,9.663879999999999;9.367356000000001;9.269417,0,45.649762;46.167989999999996;46.436657,14.072373;15.48758;13.21558,4.417916992679238;6.535987136885524;4.097216064110398
java-defects4j-compress-19-zip64extendedinformationextrafield,716,0,19.500653;19.700533999999998;19.434306,1.8588710000000002;1.788567;1.770498,0,2.131202;1.79797;1.910382,0,2.247766;2.0830319999999998;2.032719,0,2.13083;2.105607;2.175049,0,2.417248;2.410793;2.418257,0,2.342779;2.289356;2.385661,0,307.948802;307.221437;303.87055699999996,0,27.686674;22.74109;20.754568000000003,0,640.866712;653.7968669999999;636.9758989999999,0,22.841815;22.969725999999998;22.660098,0,7.920781;7.742401;8.174037,0,35.821669;35.669154;35.56491,7.922397;8.83269;8.414355,4.048431059345603;4.0992628782987595;4.020130028948188
java-defects4j-compress-23-coders,558,0,9.568243;7.587847;7.054332,2.3916269999999997;2.362754;2.476896,0,2.305007;1.8533499999999998;1.683353,0,2.087049;2.001713;1.9883069999999998,0,1.9641350000000002;1.96202;2.0226100000000002,0,1.9554310000000001;2.017067;2.022975,0,2.166523;1.9592120000000002;1.918599,0,308.149516;303.212475;302.52161900000004,0,44.124689000000004;33.896738;19.276323,0,646.189575;654.8892010000001;637.3515050000001,0,26.616924;25.182097;24.981323,0,8.176466;7.927751000000001;7.833216,0,73.703323;74.919028;73.65938399999999,9.5005;10.289035;9.467965,3.6827970761805777;3.9731180295348167;3.683346090838313
java-defects4j-compress-25-ziparchiveinputstream,2149,0,18.709216;17.761923;17.382,7.383228000000001;6.7309149999999995;6.7267220000000005,0,2.2567239999999997;2.2148760000000003;1.9818639999999998,0,2.369416;2.3237010000000002;2.298523,0,2.299994;2.206777;2.227041,0,2.2949189999999997;2.281641;2.3031699999999997,0,2.253738;2.2183659999999996;2.255802,0,307.777686;311.806352;314.571949,0,46.152113;22.372235;41.236520999999996,0,751.300434;771.3652450000001;761.5397029999999,0,43.58932;43.098373;46.010762,0,20.977539999999998;20.941159000000003;25.19951,0,114.000299;115.16416;113.848776,24.990251;28.160363;36.676367,5.965405143797398;6.162283942103386;6.435275077819824
java-defects4j-compress-26-ioutils,397,0,2.631423;2.450869;2.398595,1.682437;1.045062;0.838566,0,2.105978;1.819512;1.839936,0,2.157834;1.946183;1.9671580000000002,0,2.015731;1.903137;1.929105,0,1.881017;1.9553729999999998;1.896035,0,1.8364500000000001;1.8830500000000001;1.982908,2,307.670979;364.42828;324.370267,0,107.55677299999999;24.789164;27.75318,0,609.1455599999999;597.079755;570.485153,0,19.459331;18.825461;19.210865000000002,0,5.344957;5.106737;5.021843,0,19.222375;19.156821;19.624,4.198709;5.194602;4.4659,5.92119712382555;5.863967118784785;5.607023136690259
java-defects4j-compress-29-cpioarchiveinputstream,1132,0,8.960289999999999;8.588986;8.552869,3.971222;3.541322;3.423229,0,2.21111;1.892733;1.838164,0,2.133872;2.054036;2.146728,0,2.091815;2.084843;2.050582,0,1.985669;2.035758;2.019811,0,2.010745;2.024091;2.0426620000000004,0,306.840654;311.545674;308.13820499999997,0,51.338274000000006;42.800767;40.720549,0,669.500576;688.863136;710.3479150000001,0,30.38258;30.730733;29.870471,1,11.428624;11.753652;11.478206,0,59.360291000000004;59.261366;64.463085,13.637405;22.04361;13.811453,5.1426158752292395;6.7268728744238615;5.107376957312226
java-defects4j-compress-29-cpioarchiveoutputstream,1124,0,10.549527;9.784889999999999;9.926361,3.6431129999999996;3.532668;3.627352,0,2.381485;1.915317;2.006623,0,2.236001;2.0712230000000003;2.0388759999999997,0,2.1119820000000002;2.081597;2.084332,0,2.084057;2.059058;2.0821419999999997,0,2.0576000000000003;2.077008;2.0709589999999998,0,310.932567;303.734432;317.19899499999997,0,105.22166800000001;58.197839;55.518966000000006,0,823.869559;715.187921;710.995214,0,30.457639;30.813259;31.747184999999998,1,12.204811;11.884317;11.940004,0,62.665248000000005;61.21893;60.777859,13.643428;18.114227;13.922018,4.98723890632391;5.655033979564905;5.01266005448997
java-defects4j-compress-29-dumparchiveinputstream,1112,0,10.833389;10.19641;10.137797,3.464674;3.365609;3.245331,0,2.394257;1.9535799999999999;1.9558140000000002,0,2.1403250000000003;2.008306;2.043246,0,1.994366;2.387455;2.174777,0,2.049766;2.25466;2.147972,0,2.1191489999999997;2.00548;1.995982,0,304.850208;303.018358;305.723366,0,57.443089;29.591509;20.305117000000003,0,665.905488;701.821735;688.857208,0,29.549809;29.951237;28.843575,1,10.768539;11.224893999999999;10.862484,0,55.458436;55.768304;55.718396000000006,13.324615;14.247588;12.750453,4.917462822049856;5.071166204288602;4.820567090064287
java-defects4j-compress-29-tararchiveinputstream,1448,0,10.019604999999999;9.503954;9.412271,3.7272410000000002;3.750017;3.9033879999999996,0,2.312892;1.9669370000000002;1.8484,0,2.174185;2.094551;2.090269,0,2.070201;2.1462149999999998;2.0526210000000003,0,2.115879;2.15545;2.144823,0,2.097188;2.035155;2.076977,0,306.84041;305.210727;325.89002500000004,0,45.796169;21.721484999999998;39.54067,0,691.685983;683.678048;668.459801,0,31.136963;31.03039;31.049279,1,12.966318;12.976966;13.610994,0,65.276742;66.540359;64.672671,18.467804;29.047592;19.003198,5.8868329506367445;6.180937169119716;5.74805005453527
java-defects4j-compress-29-tararchiveoutputstream,1404,0,16.468375;17.325809;13.87381,4.413187000000001;4.496662;4.227501999999999,0,2.355696;2.021298;1.916539,0,2.273017;2.4213519999999997;2.171109,0,2.165032;2.074392;2.0827,0,2.0638129999999997;2.133292;2.1461959999999998,0,2.05624;2.010141;2.079976,0,309.10983699999997;307.208738;306.74807300000003,0,51.745442000000004;25.393877;99.43313300000001,0,697.7322740000001;688.687285;664.124618,0,33.011099;32.803587;32.966674000000005,1,14.351533;15.039311;15.483477,0,84.43805499999999;77.509864;74.90019600000001,16.00334;28.409944;16.869784,5.682818125933409;6.041130051016808;5.5876499973237514
java-defects4j-compress-29-ziparchiveinputstream,2164,0,18.65007;17.849258;18.365385,7.1952940000000005;6.761519;6.815579,0,2.411136;2.104954;2.09342,0,2.453031;2.56219;2.253728,0,2.2067430000000003;2.373454;2.366386,0,2.223086;2.2207339999999998;2.294244,0,2.19437;2.255597;2.289355,0,310.71334499999995;309.245182;306.582007,0,83.527609;22.553245999999998;51.058949999999996,0,737.146703;743.634499;747.490972,0,44.112584000000005;43.890571;45.205091,0,21.229197000000003;21.069404;21.465385,0,114.763491;114.074695;117.13406499999999,26.848315;25.338798;26.705446,7.011936977505684;8.197727147489786;7.3242399375885725
java-defects4j-compress-33-deflatecompressorinputstream,226,0,1.712833;1.6247200000000002;1.627207,0.923778;0.611238;0.4884839999999999,0,2.185059;1.7612940000000001;1.700262,0,2.006155;1.8703809999999998;1.899523,0,1.8874199999999999;1.8872069999999999;1.780692,0,1.8655760000000001;1.8133920000000001;2.106256,0,1.840889;1.929616;1.834477,0,304.38771399999996;305.20557599999995;309.05739700000004,0,49.484819;25.056699000000002;31.541714999999996,13,563.687624;610.787414;616.119701,1,18.209709;18.830844;18.171317,1,4.955133;4.713022;4.844393,0,13.699060000000001;13.592571;13.557715,2.699251;2.559097;2.631328,4.273494938388467;4.656166071072221;4.2516200337558985
java-defects4j-compress-38-tararchiveentry,2508,0,15.140229999999999;15.019512;14.757334,5.984076;5.1148489999999995;5.049009,1,2.41813;1.9833699999999999;1.9628409999999998,1,2.474009;2.402502;2.4329970000000003,1,2.371213;2.464122;2.432531,1,2.370694;2.4438;2.373213,1,2.422149;2.336354;2.327326,1,312.04141699999997;312.42385499999995;308.248431,1,123.671191;22.883284;27.156840000000003,1,766.032076;777.9774;770.608852,1,44.008062;39.843244;39.686869,0,19.367595;19.05165;19.067101,0,98.515853;97.716119;97.90216699999999,29.290908;33.149692;32.34236,7.102394942194223;7.652820087969303;7.136185886338353
java-defects4j-compress-4-changesetperformer,359,0,2.468515;2.283604;2.256077,1.289914;1.201554;1.097469,0,2.169552;1.8477439999999998;1.710431,0,2.0347310000000003;1.9525059999999999;1.877837,0,1.933094;1.900431;1.9410530000000001,0,1.9454889999999998;1.925753;1.952949,0,1.9766330000000003;1.903105;1.933036,0,306.286996;303.501134;306.603372,0,84.554562;25.158254000000003;25.608019,0,633.738038;625.481877;615.649475,0,20.22482;20.121079;19.706561,0,5.35386;5.298001;5.093842,0,22.687711999999998;21.93622;21.907541,4.543837;5.182749;5.081008,3.4096790477633476;3.700919914990663;3.3693979494273663
java-defects4j-compress-4-cpioarchiveoutputstream,779,0,6.407564;5.876239999999999;5.8664320000000005,2.738823;2.581554;2.4921189999999998,0,2.209658;1.774489;1.751872,0,2.237679;2.1082129999999997;2.050971,0,2.0585489999999997;1.9436930000000001;2.011522,0,1.986317;1.9967259999999998;2.1007190000000002,0,2.0712040000000003;2.200199;2.032012,0,315.002776;303.109264;314.492449,0,38.857447;19.430258;32.459785,0,677.437521;682.090786;621.740384,0,26.017373;27.430089000000002;26.762576,0,9.870137;12.405448;9.111115,0,43.492334;42.544908;41.942136,9.317152;9.808298;10.304869,3.4673630725592375;3.561065997928381;3.576007904484868
java-defects4j-compress-4-tararchiveoutputstream,647,0,5.676862000000001;4.528274;4.391649,1.692045;1.6994449999999999;1.703692,0,2.139418;1.796599;1.791558,0,2.2037839999999997;1.958222;1.947179,0,1.9625049999999997;2.034912;1.953922,0,1.942555;1.9624059999999999;2.004645,0,1.935457;2.01149;1.9368759999999998,0,307.03436;304.384992;305.66576000000003,0,52.417753;23.709884;35.815168,0,634.501765;632.060947;605.3987539999999,0,22.116011;21.983991;24.752651,0,7.239132;7.294975;6.979424,0,31.191266;31.024041;31.299419,6.186371;6.8426;6.795795,3.362316871061921;3.326510079205036;3.311211010441184
java-defects4j-compress-4-ziparchiveoutputstream,1837,0,13.105948;12.558072;12.434369,4.975141;4.895765;4.699647000000001,0,2.172991;1.931159;1.881905,0,2.423156;2.255171;2.24212,0,2.233186;2.239038;2.242124,0,2.289782;2.287383;2.31177,0,2.190794;2.230963;2.273514,0,303.729364;303.918769;313.91889000000003,0,65.547452;31.407879;23.868262,0,745.1808570000001;752.411737;731.642678,0,35.260743999999995;35.708133000000004;35.081568,0,15.808565999999999;16.059188;16.046292,0,80.735715;84.75638000000001;81.894244,17.318992;19.954566;17.855784,4.477164009585977;4.601426888257265;4.681476857513189
java-defects4j-compress-42-unixstat,137,0,1.742351;1.641364;1.628778,0.16375699999999999;0.127205;0.12566699999999997,0,1.921098;1.705109;1.777151,0,2.0073909999999997;1.873207;1.8428019999999998,0,1.7897889999999999;1.8804130000000001;1.815355,0,1.841846;1.857014;1.792114,0,1.8172679999999999;2.220422;1.865902,0,302.105609;301.795871;302.692872,0,51.52803;25.776956;19.667284,4,529.0456409999999;492.308958;528.1871689999999,0,16.323674999999998;16.258072;15.894577,0,3.09594;2.7444040000000003;2.778133,0,7.016761;6.928892;6.955146,1.351786;1.370584;1.317893,2.987407147884369;2.9188029002398252;2.953167073428631
java-defects4j-compress-42-ziparchiveentry,1722,0,9.474226;8.901297000000001;8.914634,4.736217999999999;4.437893000000001;4.784065,0,2.438545;2.029046;1.972438,0,2.298468;2.134612;2.102808,0,2.202986;2.1012589999999998;2.096037,0,2.123736;2.15451;2.168466,0,2.1386589999999996;2.143119;2.066903,0,309.938152;304.97679999999997;306.263979,0,51.019105;23.526260999999998;34.682829,0,813.684615;726.0195120000001;716.170807,0,32.682833;32.2882;32.948449999999994,0,14.504367;14.561167999999999;14.670557,0,73.61389;72.905541;78.702931,17.480203;17.947532;18.127892,5.665051052346826;5.812393967062235;5.702667869627476
java-defects4j-compress-44-checksumcalculatinginputstream,206,0,2.492237;2.354333;2.392088,0.560983;0.428254;0.48907,1,2.156132;1.764363;1.836671,1,2.0086019999999998;1.9959909999999998;2.021757,1,2.077471;2.070045;2.557598,1,2.6562930000000002;2.139176;1.9548550000000002,1,1.895376;1.8465989999999999;1.870669,1,302.397583;303.71729600000003;312.036914,1,26.124117;25.656367;26.468208999999998,1,552.6609689999999;539.286243;550.996315,2,17.698907;17.023042;17.049077,1,3.9633730000000003;3.638987;3.591978,0,11.917145;11.980351;12.010829000000001,2.732927;2.532687;2.735079,3.597558941692114;3.560225013643503;3.48884891718626
java-defects4j-csv-1-extendedbufferedreader,324,0,2.065343;1.892464;1.794379,0.759072;0.677422;0.664392,0,2.116866;1.809672;1.89368,0,2.074305;1.9980179999999998;1.915982,0,1.9341320000000002;1.906516;1.923431,0,1.840344;1.8706610000000001;1.966991,0,1.954426;1.965326;1.885034,0,300.866925;304.316837;303.542669,0,65.584723;18.876701;19.107415,0,595.855739;595.347887;597.260375,0,18.317571;18.030039000000002;18.196748,1,4.458491;4.119702;4.172458000000001,1,15.464948;16.008084;16.593553,3.520323;3.294288;3.761452,3.231109818443656;3.66317480802536;3.370316931977868
java-defects4j-csv-11-csvparser,1016,0,19.600834000000003;19.132024;19.667357,2.438679;2.397295;3.3191699999999997,0,2.083497;1.8659;1.967954,0,2.236816;2.3234660000000003;2.093512,0,2.109549;2.137735;2.099704,0,2.126264;2.1513220000000004;2.067369,0,2.0288760000000003;1.972946;2.0157629999999997,0,305.487694;304.118528;303.650808,0,41.876003000000004;31.94003;32.299544,0,682.285836;715.9772399999999;720.564662,0,28.012951;28.147703;27.930821,1,10.705430999999999;10.636861;10.517168,1,51.009699999999995;49.853404;50.293136000000004,11.368433;10.884189;11.992341,4.52631595544517;4.939466016367078;4.6128081157803535
java-defects4j-csv-12-csvformat,2022,0,9.402336;10.034268;12.505942000000001,4.133684000000001;4.078904;3.9732360000000004,1,2.829987;2.2042490000000003;2.010659,1,2.716711;2.291604;2.6302,1,2.351587;4.648988;2.3022289999999996,1,2.2978899999999998;2.2450590000000004;2.3647120000000004,1,2.182628;2.203046;2.234115,1,339.80865;307.43067;305.670868,1,64.115983;42.038972;24.099384,1,688.1365539999999;712.505472;695.3072,1,35.451431;34.933991999999996;35.882457,0,17.030235;16.788106;16.893221999999998,0,79.15276300000001;80.983521;78.625074,24.969245;24.316417;35.967994,6.2223069835454226;9.190318873152137;6.374553078785539
java-defects4j-csv-13-csvformat,2582,0,12.530711;11.819351000000001;12.230801,5.604958999999999;5.112629;5.2838709999999995,1,2.315479;1.985859;2.0572619999999997,1,2.697335;2.427267;2.2715880000000004,1,2.4525940000000004;2.34423;2.313889,1,2.319287;2.344092;2.379703,1,2.366437;2.358622;2.349825,1,324.89488;310.065175;309.996964,1,39.317909;22.182938;21.937473,3,811.6800539999999;848.8673490000001;738.876885,1,40.509008;43.154916;41.581566,0,22.615766999999998;22.009207999999997;21.413538,0,104.280894;107.06942699999999;105.130842,28.287961;29.566983;38.69423,7.200469961389899;8.499284042045474;7.235784083604813
java-defects4j-csv-14-csvformat,3630,0,148.823688;135.455383;140.957347,7.781648000000001;7.499256000000001;7.688339,0,2.466005;2.146716;2.152629,0,2.955147;3.7932420000000002;2.81492,0,2.706931;2.675911;2.693911,0,2.882253;2.968455;2.774826,0,2.728765;2.687255;81.14634799999999,0,314.36814000000004;309.222958;310.937417,0,60.50278;24.611617;24.160773,0,836.135429;828.881583;859.410326,0,51.697385999999995;55.846922;50.965826,0,28.639580000000002;28.23853;29.231014,0,157.265878;153.195352;152.263594,41.329945;41.884296;53.028068,10.274226078763604;10.253862012177706;11.43756788223982
java-defects4j-csv-2-csvrecord,343,0,2.9263890000000004;2.816056;2.921178,0.7464440000000001;0.648593;0.6470530000000001,0,2.190274;1.806572;1.9279,0,2.105546;2.0025109999999997;1.991529,0,1.9233550000000001;2.017499;2.1210560000000003,0,2.003119;2.027605;1.925842,0,1.866575;2.006328;1.945713,0,314.2682;306.04107200000004;303.050923,0,66.154554;27.638889;27.454682000000002,2,600.037056;609.3303930000001;568.232411,0,19.586097;19.086675;19.30113,1,5.135589;4.911401000000001;4.774993,0,16.444712;16.963507999999997;16.469624,3.719463;3.934619;4.19037,4.460419993847609;4.761886782944202;6.045825080946088
java-defects4j-csv-4-csvparser,928,0,5.050281;4.636378;4.826162999999999,2.086221;2.062959;1.944254,1,2.381094;1.931031;1.82507,1,2.174563;2.161295;2.052314,1,2.057644;2.113978;1.996492,1,2.063533;2.023266;2.137623,1,2.231795;2.082477;2.017741,1,310.11421900000005;306.547327;303.682428,1,52.542946;34.045591;19.057569,1,625.40162;674.416235;633.341126,1,25.740096;25.691694000000002;28.842032,0,8.861229;9.088815;9.502093,0,39.529223;40.045549;39.826495,14.306177;9.833567;11.908495,4.990289220586419;5.0093368627130985;5.095280008390546
java-defects4j-csv-5-csvprinter,860,0,7.643273;8.885597;9.533096,2.484593;2.447566;2.3745269999999996,0,2.555348;2.004913;1.958304,0,2.378549;2.433142;2.619231,0,2.747741;2.53257;2.4933910000000004,0,2.436259;2.454386;2.663821,0,3.0650769999999996;2.568367;2.571885,0,318.224592;306.519085;302.501175,0,55.971066;24.428106000000003;26.29477,2,630.650759;667.712391;645.4449060000001,0,25.769051;25.334051;25.557171999999998,0,8.582105;8.825005;8.644349,0,49.358028;44.715048;43.963096,9.396871;9.24401;8.887253,5.060635972768068;4.950148984789848;6.838324014097452
java-defects4j-csv-6-csvrecord,454,0,6.271297000000001;5.5532580000000005;5.658879000000001,1.2320280000000001;1.101801;0.9483159999999999,0,2.157714;2.128367;1.844888,0,2.1381439999999996;2.002793;2.1480200000000003,0,2.097234;2.028421;2.163987,0,2.013957;2.07866;2.0229150000000002,0,2.018976;1.9835030000000002;1.90845,0,304.72735;301.06802799999997;305.613342,0,57.288163000000004;19.064726;19.098877,2,647.673281;633.9899;611.224089,0,19.821918;19.795001;19.461507,0,5.451213;5.191101;5.83846,0,21.159049999999997;20.785417;21.101415,4.550982;4.748746;4.633018,3.6684060469269753;3.788269124925137;5.112539976835251
java-defects4j-gson-13-jsonreader,3246,0,31.237991;31.110741;31.07875,8.706902;8.311387999999999;8.311805,1,2.292671;2.0105370000000002;2.072044,1,2.710199;2.553546;2.4867019999999997,1,2.488656;2.430457;2.471407,1,2.495962;2.5930720000000003;2.600468,1,2.515771;2.451099;2.470625,1,310.719684;307.90322799999996;304.301175,1,52.919866000000006;34.208714;22.510196,1,863.29226;881.21763;838.5620070000001,1,60.501919;60.092386;58.880157000000004,0,27.752743;27.946678;27.942761,0,151.57441799999998;168.748283;154.72187300000002,44.010342;48.374925;55.536896,8.536721114069223;8.52902908809483;8.770145941525698
java-defects4j-gson-15-jsonwriter,1320,0,9.987128;10.118209;9.76717,2.815108;2.8341520000000004;2.652166,0,2.222065;1.829216;1.9056629999999999,0,2.229773;2.2287850000000002;2.068914,0,2.104853;2.088011;2.13839,0,2.194489;2.266064;2.2632350000000003,0,2.200803;2.0637;2.170869,0,300.99711299999996;306.465534;308.634981,0,75.823796;21.973062000000002;19.810871000000002,0,658.655912;661.362797;702.063157,0,30.8342;29.303595;29.057541999999998,1,11.712919000000001;11.800505;11.613847999999999,1,54.207796;49.917704;50.520997,22.174708;13.96647;22.537416,5.177113926038146;5.247646942734718;5.18397893756628
java-defects4j-gson-5-iso8601utils,705,0,177.808764;173.545507;173.393504,2.747813;2.636206;2.600098,0,2.21637;1.822029;1.8726369999999999,0,2.1615800000000003;2.050817;1.958451,0,1.967787;2.0096939999999996;1.94931,0,2.084395;1.9620369999999998;2.005818,0,1.984209;2.044844;1.964969,0,304.631462;304.73527099999995;306.250072,0,76.419248;19.260572;19.482882,0,672.082504;640.1131399999999;661.962335,0,25.917831999999997;26.056129000000002;26.484759,0,9.084583;8.876235999999999;8.814817000000001,0,59.952859999999994;58.590467;59.668987,12.243771;11.75462;12.340567,3.9239099714905024;4.42207814194262;4.189064959064126
java-defects4j-gson-6-jsonadapterannotationtypeadapterfactory,144,0,2.68566;2.564055;2.5742909999999997,0.638069;0.5986290000000001;0.529207,0,2.138607;1.801982;1.652891,0,1.940253;1.885136;1.97336,0,1.90971;1.860303;1.829208,0,1.909187;1.774708;1.783464,0,1.985026;1.8312929999999998;1.9449319999999999,0,301.52696699999996;299.934612;299.64736,0,53.529188999999995;41.805484;27.123647000000002,2,576.760595;591.2455140000001;592.673464,0,18.459723;17.601605;18.125608,1,3.872713;3.6154759999999997;3.638573,0,12.646751;12.659744;12.358103999999999,3.02254;2.733078;3.450116,3.059525042772293;3.2726910430938005;3.135483013466001
java-defects4j-jacksoncore-11-bytequadscanonicalizer,2545,0,23.103141;22.614684999999998;22.411895,7.672886999999999;7.352949;7.360887,0,2.4362199999999996;2.134065;2.152592,0,2.6582429999999997;2.458296;2.4615359999999997,0,2.563139;2.551894;2.47007,0,2.49753;2.542189;2.4478809999999998,0,2.3876150000000003;2.3898270000000004;2.5099430000000003,0,308.31737599999997;306.233998;308.009278,0,80.40390599999999;24.003905;33.481398000000006,0,758.028056;757.3888989999999;732.515805,0,46.724641;49.163921;49.370357,0,23.780806000000002;23.030628;23.420852,0,138.84619700000002;138.49985;137.93185,38.695465;33.237122;32.169524,7.12312594987452;7.836770033463836;7.225055014714599
java-defects4j-jacksoncore-12-utf8streamjsonparser,7330,0,79.234213;72.51468;70.21161400000001,23.780634;22.836100000000002;23.967912,0,3.018935;2.692993;2.6328340000000003,0,4.828685999999999;5.072578;4.78956,0,6.422574;4.831107;4.46323,0,4.3588510000000005;4.229872;5.334205,0,4.338121;4.500525;4.372292,0,339.05863400000004;329.56050999999997;317.043617,0,42.827854;24.097731;30.852665000000002,0,1156.7467250000002;1106.842516;1096.4385009999999,0,122.251635;126.810366;128.564361,0,65.885025;62.656317;62.837079,0,395.055849;406.79008500000003;402.112898,109.330132;99.701581;98.814059,16.376398038119078;17.833447083830833;19.754842156544328
java-defects4j-jacksoncore-13-jsongeneratorimpl,404,0,1.928899;1.732229;1.75554,0.842929;0.744579;0.799779,0,2.236102;1.8632600000000001;1.732105,0,2.0548469999999996;1.9501620000000002;1.930345,0,2.00622;1.942282;1.916479,0,1.9755440000000002;1.935238;2.045216,0,1.940352;1.925278;1.92279,3,306.531697;315.704827;304.595856,0,52.338060999999996;32.188469999999995;44.672983,0,553.9255880000001;565.943672;559.189579,0,19.015179;18.948102000000002;18.658524999999997,2,5.355899;5.009776;5.080139,0,41.764938;16.453822;17.138061,3.98623;3.772535;3.911832,5.220809020102024;5.999221000820398;6.5389161463826895
java-defects4j-jacksoncore-21-filteringparserdelegate,1822,0,17.189351;17.200846;16.82187,5.856847;5.348598;5.386321000000001,2,2.37128;2.025345;1.9549010000000002,2,2.369158;2.469201;2.1873299999999998,2,2.222435;2.136025;2.202272,2,2.247558;2.222238;2.2660940000000003,2,2.264671;2.168526;2.163832,2,310.258017;333.209052;333.193844,2,33.645802;29.693562;110.465714,28,732.7889990000001;742.429499;775.551906,2,40.158442;38.165645;37.498366999999995,3,16.744263;17.099868;16.943759,0,99.619564;99.50605499999999;99.676166,19.999934;20.368534;20.535966,6.774930981919169;7.736815139651299;10.641274973750114
java-defects4j-jacksoncore-25-readerbasedjsonparser,5762,0,96.186935;91.00498499999999;95.353319,17.810713;18.099964;18.354563,0,2.804247;2.454619;2.3670929999999997,0,3.31524;3.4706810000000003;3.230228,0,3.298269;3.320101;3.219859,0,3.333029;3.405094;3.3669059999999997,0,3.418473;3.1957679999999997;3.180081,0,312.476369;313.43187700000004;317.280502,0,49.450829;35.63356;38.631122,0,954.980949;987.742611;963.802134,0,97.34881;93.601305;93.211867,0,50.023618;50.008525;49.244031,0,314.057743;310.163069;360.53439399999996,65.215979;66.713824;67.004548,13.308105058968067;13.440904906019568;15.8833060413599
java-defects4j-jacksoncore-26-nonblockingjsonparser,5731,0,65.777071;63.098471;65.64335200000001,19.078509;18.870165;18.562248,0,2.8616330000000003;2.425236;2.422034,0,117.967482;3.2637199999999997;2.926177,0,2.946256;2.909462;2.958068,0,2.96636;4.5527120000000005;2.9635759999999998,0,2.9584300000000003;3.010678;3.147794,0,407.287783;316.047703;315.652985,0,57.391830999999996;30.705551;52.324028,0,1053.805267;1038.6919349999998;1011.447711,0,101.461185;102.186074;105.250732,1,57.859018999999996;52.949946999999995;52.056385,0,335.004947;329.61881700000004;332.21303,74.876246;74.724041;80.895837,12.430040864273906;12.817492010071874;14.552253065630794
java-defects4j-jacksoncore-3-utf8streamjsonparser,6504,0,62.74737499999999;59.817793;61.757691,20.359972;19.81016;22.724527000000002,0,4.941514;2.467832;2.386867,0,3.0866499999999997;3.025782;2.923555,0,3.001301;2.8511729999999997;2.920105,0,2.847174;2.8525780000000003;2.978715,0,2.899003;3.112616;2.944362,0,320.17404700000003;317.26599300000004;316.937838,0,61.850663;30.610861;34.952394999999996,0,979.9854770000001;1030.900884;1020.4402749999999,0,106.34657;124.29019600000001;120.162617,0,61.01111;57.454222;60.107625999999996,0,370.541599;352.664177;351.69259400000004,69.707241;89.070104;72.109636,17.250206088647246;17.819893080741167;17.054804135113955
java-defects4j-jacksoncore-5-jsonpointer,540,0,4.920642;4.684956;4.900907,1.5392679999999999;1.373827;1.377729,1,2.1376709999999997;1.845586;1.888159,1,2.1692500000000003;1.973201;1.93458,1,1.9430319999999999;2.4754650000000002;2.321204,1,2.026055;2.078822;2.093604,1,2.1127569999999998;1.9927500000000002;2.0307020000000002,1,303.938425;310.15016899999995;307.353954,1,35.109105;55.617228999999995;45.632830999999996,1,629.985106;595.473626;604.8605580000001,1,21.286142;21.296896999999998;21.225267,0,6.240263000000001;5.919054;6.238055999999999,0,27.543741999999998;27.762809;27.928133000000003,6.702359;9.103587;7.332188,4.023514920845628;4.114238079637289;3.940566210076213
java-defects4j-jacksoncore-8-textbuffer,1468,0,11.479306;11.28903;11.114987999999999,3.822804;3.727679;3.803512,1,2.304532;1.968967;1.773276,1,2.3609389999999997;2.2076890000000002;2.273141,1,2.182365;2.2567009999999996;2.1029009999999997,1,2.153972;2.138894;2.24124,1,2.0953880000000003;2.112003;2.087621,1,304.616414;321.448797;314.915701,1,73.423748;22.48287;18.905018,1,676.808477;711.415854;664.724287,1,30.917587;30.749491;31.364007,0,12.31526;12.303444;12.351998,0,67.533576;66.48576800000001;67.414899,13.883791;20.737115;14.987377,5.424223141744733;6.0218090657144785;5.455484846606851
java-defects4j-jacksondatabind-1-beanpropertywriter,1429,0,14.370600000000001;17.672299;14.124983,3.7676100000000003;3.6529429999999996;3.552218,0,2.129326;1.8999080000000002;1.822525,0,2.36003;2.300556;2.138852,0,2.185361;2.134131;2.1928300000000003,0,2.307009;2.1983469999999996;2.306654,0,2.185587;2.1877340000000003;2.126772,0,306.245583;308.282947;304.256553,0,48.432551;31.698165;40.763960000000004,0,667.520593;725.335116;668.628735,0,30.177571;31.236638;30.889468,0,12.814857;12.845106;13.049258,0,62.74373;62.492853000000004;64.687066,14.691584;14.66639;15.856777,5.2636300679296255;5.454238038510084;5.19099785014987
java-defects4j-jacksondatabind-103-basicbeandescription,1506,0,25.135415000000002;23.835119;24.363433999999998,4.65293;4.6469819999999995;4.532731999999999,0,2.329896;2.003891;1.9412539999999998,0,2.241718;2.144662;2.0468550000000003,0,2.179861;2.1149519999999997;2.1298839999999997,0,2.111271;2.223878;2.110636,0,2.1137669999999997;2.133087;2.1406530000000004,0,316.425628;306.667038;304.63714699999997,0,45.652172;23.656335000000002;42.845383,0,668.411352;745.710338;772.824842,0,33.125698;34.099976;33.830377,0,14.420814;17.951597;14.336488,0,71.97408399999999;73.357343;75.52779699999999,17.70682;19.407095;18.149993,5.457702092826366;5.392438964918256;5.301450844854116
java-defects4j-jacksondatabind-103-basicdeserializerfactory,4356,0,54.997291;54.828967;56.322886000000004,17.219685;16.563865999999997;16.442185,0,2.7911390000000003;2.4564869999999996;2.471241,0,3.404965;3.201792;3.092676,0,3.089951;3.142073;3.084915,0,3.325995;3.216208;3.273065,0,3.1879679999999997;3.077079;3.132438,0,330.438263;310.12007200000005;313.227028,0,89.580639;23.467308;30.501914000000003,0,909.5630209999999;914.820925;890.346874,0,80.608789;84.037487;81.44342,0,48.612844;51.333406999999994;49.365368,0,259.09294900000003;263.33480999999995;256.644919,63.379947;71.225115;61.192705,18.80072196945548;23.764486890286207;18.65537604317069
java-defects4j-jacksondatabind-103-databindcontext,754,0,29.011741;30.007414;28.593617000000002,2.848419;3.346223;2.997518,0,2.333264;1.935553;1.657728,0,2.1790979999999998;1.999022;1.898992,0,1.9823179999999998;1.9672280000000002;1.9663110000000001,0,2.003235;1.944419;2.04277,0,1.9537740000000001;2.022641;1.932748,0,306.011997;312.931795;322.797572,0,28.065944;28.425185;30.273550999999998,0,685.384717;627.195526;620.281306,0,24.488941;23.767736000000003;23.226314000000002,0,7.895354;7.795636;7.850986000000001,0,36.161648;37.037549000000006;39.304904,8.327535;9.622879;8.666856,4.394098883494735;5.377296824008226;4.454802954569459
java-defects4j-jacksondatabind-103-deserializercache,1204,0,8.795091999999999;8.540920999999999;8.363163,3.785582;3.8139259999999995;3.6212720000000003,0,2.361491;1.979285;1.9891,0,2.314061;2.276427;2.1229579999999997,0,2.139006;2.077603;2.114777,0,2.155423;2.126038;2.1112230000000003,0,2.0894820000000003;2.2218;2.188591,0,306.65249;306.341186;308.31597,0,44.584283;28.405354;29.177808,0,659.455377;639.500231;672.539873,0,29.472772000000003;30.269783;29.496821999999998,0,13.128025999999998;16.308737;13.25575,0,64.44910399999999;63.717019;63.407873,13.343243;14.942048;13.532295,4.813681123778224;6.23669009655714;4.982406040653586
java-defects4j-jacksondatabind-103-stddeserializer,2452,0,21.916809999999998;23.626639;21.309292,8.42956;8.135995;7.923605,0,2.4234489999999997;2.08457;1.9207589999999999,0,2.58715;2.591561;2.433467,0,2.3791200000000003;2.4211110000000002;2.4559680000000004,0,2.385977;2.399086;2.436694,0,2.367851;2.4335970000000002;2.3729039999999997,0,303.870946;306.248263;308.278159,0,61.222342;40.878629;31.935036,0,770.013741;796.937739;783.31427,0,47.370436000000005;48.04159;47.88506700000001,0,24.428355;25.723261;24.457447000000002,0,132.11784300000002;127.647883;130.725741,28.405433;32.102869;29.055591,7.04066501930356;7.622044067829847;7.231537951156497
java-defects4j-jacksondatabind-103-stdvalueinstantiator,1088,0,8.518652;7.969705;7.928698,3.0531569999999997;3.0225470000000003;2.959647,0,2.1817070000000003;1.874612;1.8861800000000002,0,2.185748;2.182735;2.11197,0,2.089188;2.176212;2.114384,0,2.1373189999999997;2.079549;2.1001510000000003,0,2.15439;2.113304;2.198798,0,313.76524300000005;307.15677000000005;307.552391,0,50.928209;22.938022999999998;30.631702,0,676.657423;723.280414;696.998521,0,28.101245;27.773633;27.925917000000002,0,10.777477000000001;10.501712999999999;10.613064,0,54.307221000000006;61.750379;50.958489,10.778724;11.110899;11.642743,4.735440015792847;5.465561989694834;4.657611949369311
java-defects4j-jacksondatabind-105-jdkdeserializers,108,0,20.590210000000003;19.095388;19.139919,0.54247;0.42459;0.439694,3,2.096677;1.679997;1.846765,1,2.0197499999999997;1.867259;1.8453650000000001,1,1.769449;1.8870289999999998;1.90284,1,1.826705;1.8291979999999999;1.9371340000000001,1,2.109752;1.942094;1.776639,3,301.544021;302.089271;312.44977800000004,1,41.32352;34.289254;31.962282000000002,1,576.166638;575.176048;548.724603,1,17.285459;17.304711;17.122628000000002,3,3.329629;3.07076;2.9913269999999996,0,11.710771999999999;11.910027999999999;11.906124,2.261972;2.311533;2.458467,3.3106249757111073;5.051907151937485;3.368114121258259
java-defects4j-jacksondatabind-107-typedeserializerbase,606,0,15.386191;14.968390999999999;14.905267,1.7525149999999998;1.6737;1.810222,0,2.3086360000000004;1.812255;1.911268,0,2.104439;2.001981;1.966868,0,1.9791980000000002;2.24274;2.120098,0,2.084968;2.0927279999999997;2.110932,0,1.9185789999999998;1.9614509999999998;1.948363,0,322.25631799999996;321.60674900000004;324.236675,0,38.453748000000004;33.073375;28.63733,0,618.708389;643.383076;628.90205,0,30.365467;25.474021;22.198430000000002,0,7.3890400000000005;7.104921;7.165439,0,50.185295999999994;49.631009;49.831879,7.216066;10.250001;7.552983,3.756103105843067;4.418552853167057;3.806878114119172
java-defects4j-jacksondatabind-111-atomicreferencedeserializer,146,0,1.784443;1.601877;1.645829,0.51878;0.427102;0.471489,1,2.1804889999999997;1.789269;1.8017,1,1.9901099999999998;1.7931100000000002;1.889785,1,1.870072;1.825721;2.0243650000000004,1,1.8421830000000001;1.870211;1.9878270000000002,1,1.836676;1.783398;1.831961,1,306.01180500000004;344.967511;319.00313800000004,1,32.763768;37.638007;40.796503,0,546.328966;543.253153;576.802394,1,19.095882000000003;19.284358;17.943614,0,3.614105;3.44632;3.412305,0,11.505139;11.167972;11.434738,3.443308;3.366432;3.342094,2.978547941893339;3.295350121334195;3.027718979865313
java-defects4j-jacksondatabind-15-beanserializerfactory,1482,0,11.314217999999999;10.644300000000001;10.749854,5.76142;5.790875;5.809768999999999,1,2.211556;1.9844039999999998;2.0011590000000004,1,2.528022;2.232979;2.157636,1,2.216685;2.219057;2.303308,1,2.156073;2.198788;2.172941,1,2.163317;2.15037;2.114134,1,342.372419;313.915703;304.523454,1,68.74690899999999;20.499467;27.727073,1,686.816765;708.7554700000001;712.5311720000001,1,35.918271000000004;35.900073;36.288992,0,17.655818;17.135721;17.39262,0,86.950441;88.4966;90.057168,16.34263;17.356147;16.061361,5.478793056681752;6.881857989355922;5.496854893863201
java-defects4j-jacksondatabind-15-javatype,937,0,3.9757200000000004;3.671175;3.6655770000000003,1.849096;1.744664;1.7738969999999998,0,2.292709;1.7627389999999998;1.845238,0,2.163706;2.0371349999999997;2.1152990000000003,0,2.056448;2.128591;2.201474,0,2.026069;2.1968140000000003;2.0498819999999998,0,2.082809;1.9794499999999997;2.065071,0,301.476931;305.522065;307.96414500000003,0,57.819084;20.59891;28.752189,9,641.0996180000001;650.351035;618.651675,0,23.230812999999998;23.231968;23.370799,0,8.460334999999999;8.453851;8.366643,0,37.40045;34.496415;34.982493000000005,7.779071;7.875935;8.298673,4.250379977747798;4.6378381084650755;4.387835040688515
java-defects4j-jacksondatabind-15-stdserializer,584,0,26.649106;26.103157;25.354598999999997,1.849867;1.7394690000000002;1.6141269999999999,1,2.1893580000000004;1.8517130000000002;1.813332,1,2.145727;1.972381;1.942697,1,1.9917500000000001;1.949669;1.93246,1,2.0474040000000002;1.968426;1.988849,1,1.9838820000000001;1.9475639999999999;1.9965519999999999,1,311.942945;305.655529;303.807563,1,45.990253;36.00631;27.988748,1,599.420709;615.7540740000001;642.685538,1,22.375266;22.395274999999998;22.313471,0,7.218302;7.00491;6.889055,0,33.272788;33.014365;32.922028,6.459014;7.140295;7.78614,3.828402841463685;4.337525926530361;3.751137992367149
java-defects4j-jacksondatabind-16-annotationmap,234,0,2.766114;2.120913;2.1419910000000004,0.86751;0.827671;0.807058,0,2.225041;1.900304;1.664447,0,2.089353;1.869206;1.9715790000000002,0,1.93041;1.92923;1.83193,0,1.922642;1.871238;1.807675,0,1.827858;1.904052;1.826786,0,301.122272;303.636107;303.636415,0,45.815184;20.622338;23.318416000000003,0,621.06474;576.6034679999999;573.5085170000001,0,18.626576;18.685098;18.34349,0,4.297696999999999;3.9727449999999997;3.901722,0,15.858131;15.698049;16.076973000000002,3.218619;3.343752;3.672678,3.1358180567622185;3.8515550550073385;3.290612017735839
java-defects4j-jacksondatabind-17-objectmapper,6388,0,56.051277;57.120129;54.657271,15.126598999999999;14.741263;15.28199,0,2.811506;2.594421;2.332766,0,3.130617;3.147495;3.163799,0,2.980162;2.983735;3.074138,0,3.08244;3.121173;3.08886,0,2.983701;3.068994;3.014395,0,317.801327;315.381443;316.400978,0,78.10955999999999;42.362286999999995;23.389577000000003,0,1081.831774;1026.900119;996.9876429999999,0,80.79073100000001;84.520154;86.042259,0,52.919594000000004;52.195222;52.205308,0,275.032204;277.215852;289.030156,82.538868;80.923675;89.117616,13.829912059009075;15.2635108679533;13.818277046084404
java-defects4j-jacksondatabind-25-simpleabstracttyperesolver,182,0,1.790404;1.618495;1.613401,0.549122;0.544196;0.556826,0,2.026533;1.7682799999999999;1.714768,0,2.057509;1.877092;1.912278,0,1.8435599999999999;1.831367;1.8261720000000001,0,1.8829509999999998;1.870296;1.9314230000000001,0,1.87374;1.864985;1.884391,0,301.264453;303.986466;301.43050900000003,0,44.724534000000006;51.706795;26.334157,0,586.906804;592.258767;578.213451,0,17.727342;17.738225;17.405075,0,4.098435;3.839953;3.909958,0,12.720433;12.658379;12.689274000000001,4.16771;2.751753;2.644119,3.155115991830826;3.948860801756382;3.2601270359009504
java-defects4j-jacksondatabind-34-numberserializer,176,0,1.492974;1.304176;1.346222,0.724205;0.723204;1.2961010000000002,0,2.016748;1.8614169999999999;1.848049,0,2.078332;2.007376;1.834261,0,1.78323;1.861007;1.923124,0,1.84341;1.842042;1.94133,0,1.861611;1.951895;1.837975,0,302.56441099999995;303.261389;304.713679,0,38.479071;21.124285999999998;21.790442,0,546.04624;568.121801;577.999483,0,18.264273;17.988781;18.108763,0,4.174742999999999;3.9610870000000005;3.832305,0,15.209681;15.501587;15.018628,3.296536;5.694334;2.699256,3.024674952030182;3.4110480919480324;3.06865805760026
java-defects4j-jacksondatabind-49-writableobjectid,154,0,1.417565;1.246698;1.2470249999999998,0.490626;0.49104000000000003;0.438645,0,2.069117;1.687292;1.71437,0,1.998132;1.91643;1.883945,0,1.9322510000000002;1.883759;1.8355789999999998,0,1.785298;1.875407;1.809032,0,1.950035;1.8587960000000001;1.857137,0,303.667324;302.359626;304.518306,0,46.997233;19.044933;39.254084,14,531.0712920000001;554.99164;597.061592,0,17.477560999999998;16.958522;17.121879,0,3.6235820000000003;3.207004;3.519806,0,11.697078;11.281955;11.358012,2.152879;1.898523;2.208087,3.014937974512577;3.654054831713438;3.0282619409263134
java-defects4j-jacksondatabind-59-typefactory,2855,0,21.790445;21.966390999999998;21.80892,8.208108;7.621937;7.604026,0,2.602669;2.092768;2.1145180000000003,0,2.628645;2.456038;2.4797830000000003,0,3.020095;2.60075;2.5443409999999997,0,2.5752230000000003;2.55318;2.456662,0,2.440324;2.422804;2.476668,0,307.93525300000005;324.460483;310.305653,0,84.775828;43.792893;23.69992,0,772.318719;784.4825979999999;822.666192,0,49.589271999999994;48.550268;47.829941,0,27.087461;26.857995;26.821125000000002,0,145.38311000000002;146.28351800000002;143.052518,32.344886;31.162538;32.348365,7.66799203120172;8.049720898270607;7.680919021368027
java-defects4j-jacksondatabind-79-objectidinfo,174,0,1.980682;1.732986;1.7352750000000001,0.740348;0.752623;0.7395269999999999,0,2.159746;1.835933;1.8363260000000001,0,1.9547599999999998;1.899952;1.847411,0,1.823245;1.8475620000000001;1.85651,0,1.854838;1.91742;1.8670900000000001,0,1.79298;1.8912639999999998;1.8667449999999999,0,306.131035;314.887979;304.200266,0,66.991961;21.679894;22.482129,6,583.079667;573.62673;542.074932,0,18.538771999999998;19.305497000000003;18.301149,3,4.555037;4.344031;4.322912,0,15.979503999999999;16.039866;15.992668000000002,4.424812;3.551081;3.257858,3.3857328817248344;3.694046987220645;3.336590016260743
java-defects4j-jacksondatabind-99-referencetype,563,0,3.458357;3.028886;3.021519,1.640549;1.568832;1.579718,0,2.259171;1.840912;1.849263,0,2.087071;1.989285;1.93958,0,1.901852;1.925163;1.917176,0,1.919559;1.909354;1.912687,0,1.918937;1.852406;1.899516,0,307.33757099999997;327.426936;303.15611199999995,0,79.63564099999999;29.676612000000002;22.818075,0,579.229858;623.29176;649.280659,0,21.586943;21.781383;21.715372,0,6.863449;6.353611;6.458719,0,28.93936;28.869916999999997;28.924485999999998,6.006721;6.203217;5.971736,3.504715859889984;3.910100087523461;3.551973961293698
java-defects4j-jsoup-16-documenttype,92,0,7.499573;7.215148;7.133427,0.35659399999999997;0.323276;0.396597,0,2.1721039999999996;1.786812;1.6723000000000001,0,1.9823089999999999;2.49098;2.007196,0,1.887213;1.9121240000000002;1.813099,0,1.773081;1.824334;1.871294,0,1.929462;1.814204;1.823013,0,302.911478;300.89498100000003;307.230529,0,34.291221;35.955554;30.096103,0,536.1416959999999;537.601895;533.295866,0,18.051613;19.623815;19.149290999999998,1,3.3194079999999997;3.016141;3.046146,0,10.687348;10.871677;10.868774,1.949837;2.041033;2.079348,3.16194212064147;3.574335016310215;3.293776884675026
java-defects4j-jsoup-17-treebuilderstate,2966,0,51.559604;46.647847;47.513583,16.450414000000002;15.920617;15.861323,0,2.6584019999999997;2.1589869999999998;2.1152900000000003,0,2.965427;2.863333;2.800591,0,2.860103;2.777379;2.878341,0,3.4385079999999997;3.553751;3.38599,0,3.453045;3.544886;3.265522,0,316.003918;308.644031;310.476065,0,61.494994;22.750893;24.032266,0,835.298623;865.030269;892.1721249999999,0,86.907543;84.816135;92.507892,0,44.048425;42.30447100000001;41.940794000000004,0,233.73166;231.431591;230.598652,54.326834;48.540627;48.521444,8.832606952637434;9.37638501636684;8.822520961984992
java-defects4j-jsoup-2-parser,583,0,7.166296;6.724544;6.720068,2.418113;2.425118;2.424405,0,2.295999;1.894929;1.806954,0,2.1299330000000003;2.022312;1.9688269999999999,0,1.972474;1.921453;2.0232959999999998,0,2.0474;1.9895170000000002;1.9542750000000002,0,1.9091710000000002;1.852627;1.8821,0,306.450338;304.50207;300.571852,0,61.186023;21.834989999999998;25.440819,0,606.4935449999999;637.319112;599.473998,1,25.321225;24.631270999999998;26.073083,0,8.511823;7.973099000000001;8.083424,0,42.309514;41.534651;41.759456,9.59842;9.477322;9.724914,3.811280010268092;4.066501976922154;3.671931102871895
java-defects4j-jsoup-24-tokeniserstate,3559,0,36.793231000000006;36.135304;35.738676,13.899784;14.126928;13.128299,0,2.5003569999999997;2.088475;2.064483,0,2.786889;2.531992;2.5484980000000004,0,2.5234900000000002;2.483826;2.573071,0,2.573852;2.637163;2.5624219999999998,0,2.479629;2.577493;2.507058,0,305.613028;309.870859;320.306331,0,39.774097000000005;42.679126999999994;27.901241,0,826.216471;809.108369;854.00617,0,68.429107;67.243415;67.586354,0,34.676929;32.130065;32.967195,0,207.58409799999998;204.213628;213.72385599999998,50.18722;50.271128;48.135388,6.498028989881277;6.844708928838372;6.566416006535292
java-defects4j-jsoup-26-cleaner,261,0,2.477328;2.177164;2.136809,0.8772690000000001;0.877884;0.9150240000000001,0,2.197868;1.83796;1.676882,0,1.9995690000000002;2.014026;1.931269,0,1.88917;1.890188;1.904728,0,1.955587;1.937235;1.8805269999999998,0,1.895472;1.892887;1.8168220000000002,0,308.045232;304.335391;302.98996700000004,0,67.20896599999999;73.80029400000001;27.000692,2,566.155937;587.916556;574.256843,0,18.909606;18.649762;18.759960999999997,0,4.8569759999999995;4.63747;4.837694,0,17.93181;18.040545;18.02147,5.280821;4.695315;4.963133,3.175388090312481;3.6591109819710255;3.193642944097519
java-defects4j-jsoup-31-token,527,0,3.2358759999999998;3.0666;3.046155,1.508429;1.417108;1.420915,0,2.065865;1.807021;1.817446,0,2.1006699999999996;2.042751;1.945707,0,2.027018;1.981256;2.022593,0,1.950807;1.999297;2.004154,0,1.985096;1.9673690000000001;1.9564949999999999,0,311.585775;316.655761;325.42459299999996,0,30.627715;30.273999999999997;24.223370000000003,0,586.345357;596.9898430000001;552.0456449999999,0,21.401502999999998;20.61594;21.239932,0,5.7141079999999995;5.484575;5.446023,0,39.007051000000004;38.933577;40.227754,5.942171;6.229547;6.182757,3.534426912665367;3.771955147385597;3.469598013907671
java-defects4j-jsoup-31-tokeniserstate,3605,0,36.182646999999996;37.019465000000004;35.961915999999995,13.645568;13.252651;13.594358,0,2.4622770000000003;2.057853;2.039164,0,2.901808;2.698616;2.6642580000000002,0,2.5502939999999996;2.62543;2.7373369999999997,0,2.653847;3.47375;2.743058,0,2.653915;2.675996;2.7654620000000003,0,308.162758;311.88592900000003;309.041364,0,49.343023;20.096467;22.647724,0,818.5527089999999;824.5433439999999;836.053638,0,66.85294;89.148843;70.184864,1,32.218375;32.481054;32.129993000000006,0,210.375176;206.11844100000002;205.60840299999998,45.193051;44.1477;41.981596,8.93290899693966;9.907928062602878;9.078083792701364
java-defects4j-jsoup-33-htmltreebuilder,1411,0,18.332543;18.084572;17.963492000000002,5.926269;5.750254;5.582559,0,2.340108;1.939379;1.8893810000000002,0,2.274499;2.106931;2.1093100000000002,0,2.1103810000000003;2.064573;2.0622219999999998,0,2.035332;2.073268;2.2601600000000004,0,2.10757;2.1128739999999997;2.155732,0,303.855002;316.55293;308.302684,0,52.323013;48.903127999999995;28.321700000000003,0,705.5222289999999;669.292144;746.925769,0,41.127525999999996;40.542851;37.518106,1,16.590193;16.544078;16.334309,0,95.075091;93.509729;92.511067,21.951272;21.044465;21.628343,5.223791813477874;5.867650965228677;5.060527008026838
java-defects4j-jsoup-35-htmltreebuilderstate,2973,0,401.508009;394.141837;405.91067400000003,17.845436;16.298344;15.77685,0,2.477907;2.109297;2.1822730000000004,0,2.8859150000000002;2.644051;2.61599,0,2.5786670000000003;2.6611909999999996;2.693358,0,2.650876;2.689055;2.735039,0,2.6671289999999996;2.6448460000000003;2.597819,0,311.35108099999997;310.838332;310.544655,0,59.763904;40.433849;49.955614000000004,0,839.9093680000001;895.054472;906.744689,0,80.536925;80.261326;80.507829,0,39.686637;39.270328;39.312887999999994,0,261.312832;256.784236;258.513398,61.125778;59.138455;62.635033,8.386039873585105;11.176082072779536;8.277527987957
java-defects4j-jsoup-39-datautil,379,0,7.218685;7.062836;7.085211,1.616053;1.4227319999999999;1.522202,0,2.146033;1.826292;1.8380239999999999,0,2.173311;1.94286;1.9711379999999998,0,1.938695;1.948418;1.8991520000000002,0,1.9627199999999998;1.991156;1.875877,0,1.901088;1.8373350000000002;1.8382749999999999,0,301.463928;303.542058;311.817882,0,31.659023;32.742618;27.77549,0,626.856965;591.0751170000001;640.03386,0,21.832441;21.248845999999997;20.987203,0,6.197755999999999;5.944097;5.884612,0,27.451026;27.946085;28.799122,5.947649;6.034498;6.164833,4.257572116330266;5.334566114470363;3.5712281242012978
java-defects4j-jsoup-40-documenttype,97,0,3.603331;4.014921999999999;3.1356930000000003,0.37338400000000005;0.373025;0.322458,0,2.102128;2.078027;1.854133,0,2.036549;1.8441020000000001;1.847654,0,1.963393;1.777582;1.864423,0,1.86748;1.853415;1.878835,0,1.849537;1.74574;1.864009,0,302.650146;302.44739300000003;301.96775599999995,0,55.172239;23.585525;32.110397999999996,0,514.536357;543.680952;592.128252,0,16.967148;16.586216;16.490381,0,3.0907;2.896338;2.9894439999999998,0,10.11067;9.965904;9.724478,1.735896;1.905113;2.054856,2.863166155293584;3.155970945954323;2.8051550034433603
java-defects4j-jsoup-54-w3cdom,353,0,6.95765;6.993036999999999;6.950657,1.661766;1.495245;1.558064,0,2.171199;1.7937809999999998;1.655777,0,2.020458;1.879545;1.941691,0,1.906788;1.8666589999999998;1.946941,0,1.9958889999999998;1.90553;1.949141,0,1.9437820000000001;1.8855840000000001;1.884136,0,309.51655999999997;311.48377300000004;300.841417,0,54.6151;59.442181;28.203815,2,609.8448480000001;604.3136049999999;576.737902,0,21.749131000000002;21.72044;21.457628999999997,0,6.114886;5.98888;5.825613000000001,0,37.112493;36.966586;39.273473,9.106942;6.395623;6.355753,3.353103995323181;3.3500820863991976;3.238067962229252
java-defects4j-jsoup-55-tokeniserstate,3461,0,40.925588999999995;43.457282;40.324496,13.271323;12.527038000000001;13.247720999999999,0,2.521815;2.148816;2.08704,0,2.719011;2.553506;2.637355,0,2.437026;2.598453;2.597725,0,2.772621;2.6591;2.577012,0,2.506478;2.445255;2.662602,0,308.029277;316.226147;322.166873,0,32.984082;28.564822;40.392365,0,861.068339;800.010831;835.357513,0,65.735727;65.319358;68.847628,0,31.131108;31.283378;30.896216,0,201.874992;196.488394;202.674622,46.187657;43.896109;41.510548,8.692902978509665;12.92662206105888;8.771353168413043
java-defects4j-jsoup-56-documenttype,161,0,8.680155000000001;8.263232;8.461796000000001,0.867002;0.577199;0.539632,1,2.222029;1.862117;1.687103,1,2.020241;1.829387;1.861052,1,1.924298;1.838715;1.9047669999999999,1,1.837385;1.844324;1.812122,1,1.8979489999999999;1.8157189999999999;1.903463,4,305.450627;304.886991;302.401484,1,47.579101;23.607078;27.847683,36,558.099381;551.483261;535.685407,2,24.292804;23.459342;23.659882,5,5.4314849999999995;4.8976310000000005;4.9804059999999994,1,16.511674;16.131301;16.818376999999998,3.675528;3.431788;3.629874,4.678432829678059;5.642774980515242;4.667356144636869
java-defects4j-jsoup-76-htmltreebuilderstate,3063,0,188.54693699999999;187.198342;201.54575699999998,18.776819;16.333311000000002;16.385149,0,2.395659;2.1549270000000003;2.11838,0,2.7467260000000002;2.577569;2.5276029999999996,0,2.555781;2.7328449999999997;2.6550290000000003,0,2.5679079999999996;2.624343;2.574436,0,2.686493;2.5296939999999997;2.5916770000000002,0,308.092184;307.728499;307.783433,0,73.547336;30.447784;23.706224000000002,0,878.26501;964.485076;966.858199,0,81.27540599999999;82.010802;82.34012799999999,1,41.297264;42.173566;40.371099,0,288.605162;304.520197;320.673233,60.757235;58.785078;60.164451,8.891734993085265;9.218958904966712;8.31265700981021
java-defects4j-jsoup-79-leafnode,196,0,1.8078409999999998;1.6206269999999998;1.6314089999999999,0.663813;0.534737;0.580228,0,2.051461;1.781199;1.82583,0,2.023057;1.902305;1.81927,0,1.790954;1.890598;1.8038660000000002,0,2.014936;1.872035;1.871983,0,1.772264;1.824748;1.839287,0,303.20666;316.25886399999996;303.053031,0,54.930122999999995;26.380793999999998;23.226139,0,560.588434;554.9548589999999;572.037853,0,18.1369;18.545208;18.024974999999998,1,4.04753;3.6660019999999998;3.625782,0,13.615815999999999;13.450457;13.196881000000001,2.784418;2.717342;4.103015,3.6564208567142487;3.775964956730604;3.4455331042408943
java-defects4j-jsoup-86-comment,172,0,1.7031640000000001;1.452245;1.458186,0.6279589999999999;0.559634;0.5736,0,2.16311;1.81632;1.804423,0,2.026966;2.1124780000000003;1.957546,0,1.8996169999999999;1.888657;1.785178,0,1.937082;1.8109140000000001;1.844535,0,1.8671980000000001;1.8120390000000002;1.819862,0,302.17663;303.607714;301.310083,0,62.43674;34.377984;30.064135,0,605.947702;538.424233;532.326501,0,17.681673;17.424772;17.194668,0,3.558583;3.311699;3.367933,0,13.231107000000002;13.121338999999999;13.224537999999999,2.529952;2.503116;2.471847,3.0589979141950607;3.5842349752783775;3.0464220326393843
java-defects4j-jsoup-91-uncheckedioexception,33,0,0.40249399999999996;0.378146;0.35155499999999995,0.11913399999999999;0.075733;0.073337,0,2.108286;1.7954869999999998;1.605162,0,1.953833;1.825418;1.781894,0,1.815344;1.7841440000000002;1.7349450000000002,0,1.822569;1.902963;2.067107,0,2.0263619999999998;1.975652;1.827412,2,305.09485400000005;301.284577;302.049754,0,45.738848999999995;20.746857000000002;36.189976,0,495.315032;482.55153299999995;538.7293990000001,0,15.923123;15.527766;15.621573,1,2.489793;2.1631020000000003;2.1723990000000004,0,5.651929;5.70312;5.565738,0.680587;0.665657;0.704693,2.8059619944542646;3.3771791495382786;2.935033990070224
java-defects4j-jsoup-92-parsesettings,155,0,0.9379149999999999;0.84897;0.8364320000000001,0.369181;0.313615;0.3766,0,1.946005;1.758142;1.6049110000000002,0,1.9830260000000002;1.891307;1.8178910000000001,0,1.858222;1.877562;1.744734,0,1.8106680000000002;1.8004580000000001;1.83284,0,1.812348;1.7914949999999998;1.796673,2,303.566715;302.483124;306.214924,0,42.755938;25.591732;31.615669,3,534.2239989999999;529.389316;525.248134,0,17.126452;16.48273;17.002319,0,3.2571309999999998;2.925634;2.8521900000000002,0,9.787968;9.591041;9.644808,1.745317;2.065138;1.813404,3.1820121221244335;3.728277981281281;3.1812090892344713
java-defects4j-jsoup-92-xmltreebuilder,307,0,2.7390000000000003;2.555713;2.49,1.218756;1.161943;1.2307169999999998,0,2.111449;1.702086;1.836805,0,2.075257;1.9556;1.867483,0,1.833315;1.819132;1.913848,0,1.924034;1.8697110000000001;1.9063210000000002,0,1.9693010000000002;1.881058;1.895236,0,306.479238;309.70616;303.634621,0,56.64803;26.919197;26.065252,0,572.805686;574.133912;571.857346,0,20.582976;19.897167;20.106763,0,5.436869000000001;5.060154;5.13564,0,22.307305;23.443235;23.088608,3.979647;3.988034;4.258643,3.120764857158065;4.469268023967743;3.1477599404752254
java-defects4j-jsoup-93-formelement,231,0,8.067841;7.854132999999999;7.951779000000001,0.942906;0.8331850000000001;0.885957,0,2.248694;1.7558509999999998;1.775016,0,2.03008;1.893927;1.7962550000000002,0,1.950383;1.9440760000000001;1.862876,0,2.008921;1.9102139999999999;1.9392980000000002,0,1.866379;1.908965;1.85604,0,302.546684;301.083921;302.906056,0,43.862407;26.953283000000003;26.850606,0,561.180275;559.328465;615.612714,0,18.751884;18.626192;18.757774,1,4.595911999999999;4.354614;4.211620999999999,0,19.147846;18.673111;19.093446,3.305978;3.23914;3.405642,3.066360019147396;3.700045868754387;3.766434965655208
java-defects4j-jxpath-15-unioncontext,137,0,21.499961000000003;21.765015;26.121004,0.481457;0.472962;0.415927,2,2.000407;1.910957;1.880181,2,2.1012079999999997;2.27757;2.387482,2,2.45785;2.073197;1.959677,2,1.839172;1.947041;1.870582,2,1.9068850000000002;1.880386;2.009681,2,316.323304;315.35068;311.895023,0,123.185297;109.995654;21.913129,1,548.304976;529.377599;589.100904,1,24.526816;24.648776;24.859918,12,4.26144;3.856861;3.7690319999999997,0,12.821729000000001;13.023639;13.133096,2.198076;2.333446;2.342373,3.661253955215216;5.643713055178523;3.915889887139201
java-defects4j-jxpath-7-coreoperationrelationalexpression,157,0,3.373215;3.20024;3.182394,0.48626400000000003;0.48731199999999997;0.427067,5,2.0568869999999997;1.748488;1.862927,3,2.054278;1.919858;1.835353,3,1.814415;1.8457549999999998;1.875983,3,1.852624;1.86229;1.874837,3,1.866154;1.779476;1.852697,3,323.847709;307.062538;309.22941199999997,3,48.943427;20.551452;51.316032,6,520.467688;540.621272;521.4843500000001,7,18.176447;17.960953000000003;17.922793,14,18.663116;17.646097;17.541864,0,19.425818;19.518655;19.431832,1.928943;2.548731;2.079044,5.621834192425013;5.623315926641226;5.587979918345809
java-defects4j-lang-14-stringutils,13181,0,67.191309;67.492785;66.319601,26.242335;23.979729999999996;24.107308,0,3.5817650000000003;3.193309;2.9918169999999997,0,4.498296;4.471292;4.3775960000000005,0,4.268354;4.470899;4.550575,0,4.452754;4.43338;4.481968,0,4.363357;4.390556999999999;4.4338299999999995,0,355.554107;354.404813;357.18033199999996,0,52.330662;30.656713;36.418881999999996,2,1258.7051119999999;1315.5116150000001;1339.71515,0,142.42680099999998;144.87639099999998;143.870601,1,92.069547;93.32041000000001;95.269423,0,537.361502;547.855818;538.9601339999999,168.475941;166.675295;168.74294,40.658211801201105;40.97940609790385;41.28095507621765
java-defects4j-lang-17-charsequencetranslator,258,0,17.021547;17.016047999999998;16.825025,0.8289569999999999;0.6203990000000001;0.617326,2,2.1941740000000003;1.85771;1.9315300000000002,2,2.089529;1.917748;1.916699,2,1.836347;1.844128;1.815147,2,1.905169;1.835852;1.891915,2,1.9641490000000001;1.876598;1.9759209999999998,2,302.525594;303.57377099999997;305.350404,2,95.669958;38.617267;60.268314000000004,40,565.648254;613.23838;576.330926,2,23.430894000000002;23.046753;22.823864,4,4.811546;4.484003;4.48357,9,18.052209;18.639136;18.695784,3.385286;3.795931;3.422334,4.137265030294657;4.32186690159142;4.239314002916217
java-defects4j-lang-19-numericentityunescaper,176,0,33.025608;32.103264;31.917696000000003,0.644301;0.629437;0.5883689999999999,0,2.0741240000000003;1.8356810000000001;1.803715,0,2.06483;1.8902089999999998;1.8741109999999999,0,1.8591440000000001;1.85727;1.790711,0,1.959106;1.890149;1.875836,0,1.835512;1.898658;2.254045,0,302.65038100000004;303.300001;303.980163,0,68.64609200000001;33.901372;35.35419,0,562.1721349999999;598.881487;547.157335,0,24.937323;24.790941;24.754915999999998,3,4.569602;4.729705;4.35725,1,24.414147;24.026691999999997;23.953508,2.772511;3.190714;2.982805,4.248033976182342;4.111508140340447;3.9870701730251312
java-defects4j-lang-28-numericentityunescaper,144,0,22.016625;21.427344;23.055044,0.473646;0.442187;0.437061,0,2.040119;1.8323669999999999;1.8142500000000001,0,2.107979;1.9263329999999999;1.901042,0,1.8738920000000001;1.788188;1.85757,0,1.8964290000000001;1.81104;1.837455,0,1.883532;1.8358910000000002;1.913335,0,301.98711099999997;302.15416899999997;307.117615,0,67.832103;55.808396;26.094044,2,567.264963;558.150944;558.460035,0,17.45673;17.378369000000003;17.290817,0,3.699364;3.407205;3.339584,0,13.786424;13.907948;13.644613999999999,2.228285;2.219691;2.085553,3.390677971765399;3.2617351971566677;3.240591147914529
java-defects4j-lang-38-fastdateformat,3515,0,23.306448;25.255595;23.221569000000002,14.294267999999999;8.776684;8.764600999999999,0,2.6905390000000002;2.1288449999999997;1.9806060000000003,0,2.75345;2.7227979999999996;2.621921,0,2.544165;2.568055;2.550268,0,2.644542;2.630759;2.5845629999999997,0,2.561562;2.599777;2.614995,0,312.36487600000004;326.40364500000004;312.027018,0,68.286052;44.703294;45.964554,0,809.717048;805.30004;820.4867350000001,0,50.646571;50.558400000000006;50.662869,1,26.634026000000002;26.531574;26.229255,0,155.736536;167.508365;163.790054,54.44797;44.136291;43.026741,8.620287058874965;8.724692044779658;8.589960867539048
java-defects4j-lang-4-lookuptranslator,172,0,24.932976999999998;25.022445;24.763151,0.5240990000000001;0.467947;0.520182,2,2.108909;1.900074;1.8456650000000001,2,2.157152;2.025802;2.1699200000000003,2,2.1278669999999997;2.201682;2.292371,2,2.284085;2.372487;2.269559,2,2.113784;2.155548;2.8672440000000003,2,307.139445;310.504668;306.355546,2,58.697662;34.222861;45.282619000000004,2,550.785975;558.9768240000001;554.3237439999999,2,26.163292000000002;25.162706;25.005259,0,3.9212020000000005;3.638909;3.558439,0,14.424328000000001;14.218406;14.268137,5.242447;3.268333;3.344285,3.7602451629936695;3.701382083818317;3.695033024996519
java-defects4j-lang-43-extendedmessageformat,951,0,7.173666000000001;6.745059;6.73636,2.941807;2.9646299999999997;2.872366,0,2.286569;1.914944;1.8611980000000001,0,2.2074059999999998;2.179454;2.152756,0,2.105899;2.061874;2.16461,0,2.21618;2.1571619999999996;2.0729450000000003,0,2.067688;2.0335050000000003;2.066629,0,301.781068;322.113148;303.657813,0,49.924367999999994;22.157573;25.014001,0,689.5023630000001;690.89588;657.8839859999999,0,29.64387;29.458003;29.929111000000002,0,11.436123;11.674128000000001;11.122123,0,54.483688;51.197807;51.518703,18.848091;12.917939;13.427169,4.292482975870371;4.407702013850212;4.381774924695492
java-defects4j-lang-51-booleanutils,1947,0,10.589615;10.415255;10.034621000000001,3.5088929999999996;3.390491;3.312628,0,2.309012;2.046881;1.937664,0,2.4695910000000003;2.364157;2.4642470000000003,0,2.33099;2.327398;2.267804,0,2.4520850000000003;2.3952;2.433093,0,2.317535;2.2648439999999996;2.387789,0,315.55222;308.88095999999996;306.967141,0,52.132512999999996;66.929551;34.006094,0,696.846096;672.373444;688.3776660000001,0,30.071113999999998;30.18415;30.530717999999997,0,15.413442;15.451461;15.639021,0,74.543626;72.06888000000001;80.744253,27.905292;17.811552;17.767998,6.12954911775887;6.194337038323283;6.478891940787435
java-defects4j-lang-54-localeutils,587,0,9.371159;9.365647;9.037535,1.702365;1.623297;1.614202,0,2.1552379999999998;1.779615;1.772219,0,2.0463590000000003;1.998443;1.8912639999999998,0,1.936976;1.958723;1.945024,0,2.056546;2.408984;2.0368370000000002,0,1.940311;1.99945;2.100232,2,305.87315;302.96972;303.127453,0,63.680068000000006;39.475692;24.506708,0,636.7911429999999;633.2808570000001;606.92757,0,22.5605;22.365933000000002;21.88955,0,8.481066;7.726667000000001;7.664123999999999,0,33.501623;33.837368;33.193384,10.178407;7.30271;7.889489,4.6907709911465645;4.619409097358584;4.9234069883823395
java-defects4j-lang-6-charsequencetranslator,252,0,1.420304;1.3143250000000002;1.255484,0.6750019999999999;0.648012;0.767151,0,2.1557999999999997;1.915538;1.8377000000000001,0,2.065103;2.0408660000000003;1.872533,0,1.86515;1.85067;1.8077290000000001,0,1.838039;1.8074059999999998;1.869441,0,1.829698;1.930955;1.7947440000000001,0,311.152017;302.167698;303.57603500000005,0,65.84448499999999;27.313396;28.107772999999998,0,556.272231;545.4179;588.3252190000001,0,18.137294;17.828137;18.300760999999998,0,4.537203;4.338285;4.3626309999999995,0,15.741791000000001;16.388843;15.52685,4.797125;3.566219;3.55487,3.385378047823906;3.2141758129000664;3.9411410689353943
java-defects4j-lang-64-valuedenum,443,0,3.956223;3.711963;3.7064500000000002,0.815781;0.6091340000000001;0.607368,0,2.225905;1.8528749999999998;1.945281,0,2.1513050000000002;1.996557;2.000717,0,1.961435;1.9236609999999998;1.936858,0,1.963093;1.960439;1.978357,0,1.918022;1.90056;1.975529,0,309.941407;309.072452;308.72293099999996,0,50.229687000000006;24.001061;27.139006000000002,9,534.024447;587.526144;581.290841,0,24.872081;24.652918;24.662475,0,8.011661;7.65019;7.44409,4,20.898274;21.398001999999998;21.201646,5.133939;4.457897;3.963096,8.124043000862002;7.990601006895304;8.490529842674732
java-defects4j-math-10-dscompiler,3527,0,40.723509;36.304137;43.538731999999996,13.155384999999999;12.21732;12.448301,0,2.626172;2.195074;2.130049,0,3.0325949999999997;2.916797;2.908352,0,2.871872;2.8578129999999997;2.8801590000000004,0,2.977913;3.001833;2.9595149999999997,0,2.856854;2.851706;2.8868240000000003,0,309.72305;321.223014;321.142103,0,29.134434000000002;47.412609;33.005594,0,858.6505410000001;883.6270470000001;911.548232,0,69.164372;69.640984;70.133922,0,38.487211;37.402969;38.976242,0,226.13994200000002;229.603639;224.703066,83.717352;67.774529;58.753007,9.292752016335726;9.38974297605455;9.704188909381628
java-defects4j-math-14-weight,141,0,2.931642;2.877679;2.7739499999999997,0.409162;0.298857;0.307409,0,1.97319;1.7126439999999998;1.783783,0,1.971817;1.902282;1.7316880000000001,0,1.860261;1.82311;1.822873,0,1.8717810000000001;1.860402;1.730815,0,1.9088939999999999;1.8881709999999998;1.824776,0,314.234426;304.959054;306.11717,0,32.183256;23.188634999999998;57.162636000000006,0,565.835462;541.890506;520.775759,0,17.568436;17.098876;17.221014999999998,0,3.70537;3.344834;3.400078,0,9.505492;9.593762;9.435313,2.022954;1.7505;2.122185,3.0071360524743795;3.075722139328718;3.0312808230519295
java-defects4j-math-22-fdistribution,588,0,2.569314;2.467598;2.457886,1.3014160000000001;1.2269799999999997;1.25906,0,2.2477259999999997;1.796999;1.709907,0,2.083045;2.045685;2.084996,0,1.972213;1.889696;1.9583679999999999,0,2.163951;1.9860030000000002;2.0131490000000003,0,1.987404;2.101974;1.9948919999999999,0,333.159795;316.685517;340.097343,0,36.862359999999995;28.282231000000003;21.866538000000002,0,589.6091140000001;603.18547;585.26724,0,20.568841000000003;20.04266;19.939872,0,6.460331;6.315129;6.091975000000001,0,22.916313000000002;23.125186;22.828328,5.805135;5.790708;8.115851,3.818428842350841;3.779869992285967;3.8634969387203455
java-defects4j-math-22-uniformrealdistribution,410,0,1.87027;1.648771;1.7205,0.8089930000000001;0.775617;0.765822,0,2.032193;1.772685;1.8532449999999998,0,2.10675;1.958337;1.94538,0,1.8925999999999998;2.029396;1.8927209999999999,0,1.9270349999999998;1.857413;1.837723,0,1.876544;1.8567930000000001;2.1644110000000003,0,303.644071;316.18086800000003;302.461921,0,102.202089;43.308015999999995;26.416822999999997,0,582.825947;594.7401209999999;591.551115,0,18.659498;18.863120000000002;18.489922999999997,0,4.994313999999999;4.628144;4.627003,0,16.527861;17.14893;17.222272,4.181592;3.712375;4.236696,3.56628792360425;3.429017961025238;3.617165144532919
java-defects4j-math-35-elitisticlistpopulation,226,0,4.780702000000001;5.2949980000000005;4.528122,0.591502;0.49125199999999997;0.503323,0,2.072083;1.658706;1.743598,0,1.996708;2.015313;1.844984,0,1.852022;1.897653;1.781396,0,1.877633;1.8228090000000001;1.897117,0,1.843983;1.816063;1.847708,0,303.672013;303.718954;323.125705,0,71.62830000000001;27.574767;22.448103,0,575.488574;532.9139859999999;584.746384,0,18.793252;18.689753;18.722366,0,4.218979;3.951032;3.9543369999999998,0,13.412047;13.571875;13.447320000000001,2.654993;2.393078;2.980024,3.324924036860466;3.4858868457376957;3.3897871617227793
java-defects4j-math-6-baseoptimizer,464,0,3.721089;3.481857;3.490564,0.7193780000000001;0.738266;0.7479119999999999,0,2.1532880000000003;1.8433970000000002;1.615539,0,2.1207219999999998;1.896859;1.938446,0,1.869923;1.9648050000000001;1.891022,0,1.9040540000000001;1.81662;1.8382660000000002,0,1.888352;1.897681;1.894335,0,307.950885;305.302735;303.543517,0,42.724356;18.759545;20.85792,0,627.908533;584.980123;593.14597,0,18.462950999999997;18.627138000000002;18.847075,0,5.151623;4.843153999999999;4.93541,0,17.143832;17.398175;17.169783000000002,3.99107;3.815281;4.667695,3.5299118608236313;3.6286881659179926;3.605203004553914
java-defects4j-math-6-cmaesoptimizer,2637,0,333.715266;330.846692;344.377033,9.404094;9.670634;9.652667999999998,0,2.506428;2.100953;2.081341,0,2.526227;2.4360380000000004;2.449164,0,2.403333;2.394323;2.412721,0,2.523562;2.490016;2.4232709999999997,0,2.368409;2.3586470000000004;2.385786,0,307.337425;310.533976;310.87295,0,28.871958;27.858315;29.222178000000003,0,826.94939;829.691403;826.425284,0,56.669608000000004;56.227419;58.807319,0,27.781859;27.806689;27.781763,0,171.369727;175.069527;173.93359999999998,43.920093;57.422665;49.526743,7.196997990831733;7.2917158249765635;7.3152820114046335
java-defects4j-math-70-bisectionsolver,220,0,2.0309909999999998;1.889725;1.814343,0.5575669999999999;0.572145;0.5442260000000001,1,2.1723689999999998;1.811921;1.734482,1,1.94778;1.782048;1.997173,1,1.791118;1.87198;1.864605,1,1.854875;1.729542;1.867335,1,1.9151509999999998;1.8257709999999998;1.811701,1,306.41086;304.25088300000004;304.03064,1,70.914306;25.948858;20.503325999999998,0,570.3871190000001;554.164139;555.288382,1,17.662686;17.419306;17.524006,0,4.005438;3.723221;3.780453,0,13.448336;13.336563;13.145403,3.471346;3.840521;4.894015,3.2993541099131107;3.1167040579020977;3.278483869507909
java-defects4j-math-95-fdistributionimpl,392,0,2.1797779999999998;1.97451;1.975249,0.734696;0.634512;0.6325689999999999,1,2.2904750000000003;1.711703;1.802099,1,2.090154;1.926975;1.929953,1,1.9586080000000001;1.890971;1.917837,1,1.9821700000000002;1.904275;1.9404279999999998,1,1.895367;1.950013;1.9598200000000001,1,306.99757100000005;302.894465;302.658016,1,45.968226;19.897565;26.772842,3,561.535578;557.5023970000001;558.1211910000001,1,19.637189;18.4437;18.466583,0,5.002464;4.6810849999999995;4.636447,0,16.438862;16.83092;16.747165000000003,3.95492;3.730214;4.589169,3.989732824265957;3.896170062944293;3.919868962839246
java-defects4j-mockito-11-delegatingmethod,132,0,2.619601;2.442108;2.419731,0.696352;0.6505700000000001;0.63611,0,2.023039;1.8022330000000002;1.820576,0,2.053445;1.9205349999999999;1.850171,0,1.841808;1.8476880000000002;1.75298,0,1.827585;1.832755;1.849147,0,1.895092;1.7174200000000002;1.855288,0,306.274326;301.637606;303.362352,0,52.320466;53.432332;38.648688,6,594.344249;535.4410849999999;589.295278,1,19.776861999999998;19.431671;19.882594,0,3.610869;4.892375;3.227141,0,10.194029;10.181578;10.376,2.04749;1.864228;2.413624,3.5724597983062267;3.492959076538682;3.4973989240825176
java-defects4j-mockito-12-genericmaster,58,0,8.595592000000002;8.48809;8.415519999999999,0.22962899999999997;0.24716799999999997;0.178658,0,1.9868400000000002;1.660091;1.6613229999999999,0,1.941557;1.886696;1.880362,0,1.807937;1.778014;1.829024,0,1.862343;1.8208199999999999;1.8366,0,1.699855;1.876625;1.9084219999999998,0,304.713816;303.62156899999997;302.727411,0,85.072445;21.307333;20.524126,3,515.999381;495.428668;496.99742000000003,0,17.303770999999998;16.002429;16.230058,0,3.032864;2.66577;2.7437910000000003,0,8.716786;8.765409;8.719319,1.5312;1.609938;2.039273,2.973893191665411;2.888171002268791;2.9204669408500195
java-defects4j-mockito-15-finalmockcandidatefilter,87,0,19.62514;19.304069;18.739117,0.308461;0.28370300000000004;0.2531,0,2.0788439999999997;1.8240960000000002;1.7718079999999998,0,2.01053;1.881481;1.756975,0,1.851383;1.887189;1.8125769999999999,0,1.9718829999999998;1.78419;1.7172470000000002,0,1.806209;1.992251;3.776248,0,302.18738;304.57583999999997;305.457068,0,56.220314;25.662344;26.922634000000002,6,523.832653;590.8803369999999;544.8861619999999,1,17.07669;16.562013;16.806784,2,3.303316;3.020994;2.975701,0,11.413704000000001;11.144898;10.938744999999999,1.976114;1.992115;2.544974,2.9525370337069035;2.972556045278907;2.992859808728099
java-defects4j-mockito-17-mocksettingsimpl,162,0,1.9424080000000001;1.751032;1.758542,0.5766830000000001;0.546024;0.519111,0,2.1050750000000003;1.7155390000000001;1.777619,0,2.017211;1.987665;1.86733,0,1.788351;1.869861;1.801076,0,1.9365910000000002;1.87264;1.9218950000000001,0,2.2825409999999997;1.994797;1.935093,0,318.453338;308.675667;301.310543,0,62.438069999999996;41.910357000000005;35.124743,8,542.9496190000001;605.388061;574.888764,0,20.044871999999998;18.210418;17.938141,1,4.094748;3.8097339999999997;3.714644,1,12.708303;12.717398;12.589173,3.490249;3.041599;4.292029,3.331311047077179;3.426110837608576;3.3612430561333895
java-defects4j-mockito-19-finalmockcandidatefilter,99,0,1.335215;1.126117;1.133425,0.399527;0.27302000000000004;0.299936,48,2.096592;1.784084;1.771369,48,2.154559;1.951314;1.850424,48,1.774483;1.77834;1.854245,48,1.814362;1.8573389999999999;1.848632,48,1.730121;1.820868;1.865275,48,302.462204;324.39415199999996;325.294806,48,31.541368;35.659786;128.283637,49,542.8993210000001;555.4916800000001;522.2435210000001,48,16.741241;16.744564;16.550532999999998,49,3.185943;2.9257850000000003;2.7747829999999998,49,9.759703;9.658727;9.51069,2.584507;2.080369;2.871298,3.1030529644340277;2.9434971511363983;3.0491380020976067
java-defects4j-mockito-19-mockcandidatefilter,39,0,0.6762050000000001;0.6285499999999999;0.5535019999999999,0.10439399999999999;0.068281;0.065946,0,1.976199;1.97203;1.866112,0,2.025407;1.865261;2.340198,0,1.911834;1.864128;1.787177,0,1.782966;1.71943;1.773239,0,1.845747;1.82433;1.764345,0,304.280102;302.362206;308.140836,0,52.372135;21.895016;25.208372,0,466.275198;490.901405;496.21999500000004,0,16.450312;15.648829999999998;16.310591,1,2.4681569999999997;2.147511;2.067284,0,5.9541710000000005;5.727124999999999;5.802038,1.002443;0.755834;1.18759,2.9241740703582764;2.8632518369704485;2.7988420333713293
java-defects4j-mockito-19-namebasedcandidatefilter,108,0,14.088752;13.555188;13.114447,0.42430199999999996;0.363678;0.35960899999999996,3,2.14479;1.722799;1.7413319999999999,3,2.048414;1.928366;1.905125,3,1.847263;1.774547;1.773416,3,1.841371;1.8630879999999999;1.8428190000000002,3,1.844885;1.725559;1.904862,3,302.097472;304.96083600000003;304.995154,3,54.58867;28.374352;20.110114,1,535.514517;555.013591;553.556861,5,28.478612000000002;28.231097000000002;28.295172,3,4.381553;3.9756430000000003;3.951683,1,15.76537;15.478897;15.268589,2.147451;1.809499;2.156127,3.9819988887757063;3.932354971766472;3.9558480493724346
java-defects4j-mockito-19-typebasedcandidatefilter,62,0,2.855321;2.646087;2.6528519999999998,0.269126;0.28424;0.21528599999999998,1,2.097837;1.805879;1.691524,1,1.9572040000000002;1.8416350000000001;1.809032,1,1.914451;1.843049;1.8196510000000001,1,1.761158;1.824994;1.809181,1,1.8355540000000001;1.766328;1.797128,1,307.347746;307.540179;303.513437,1,159.885928;35.219604000000004;26.953446,1,552.763811;506.96239099999997;512.540016,1,18.130060999999998;17.517474;17.364765000000002,1,2.781126;2.463945;2.433303,1,8.131686;8.020104;7.763,1.295976;1.479997;1.198173,2.9491079039871693;3.055509878322482;2.987286075949669
java-defects4j-mockito-2-timer,65,0,1.3599720000000002;1.14422;1.171778,0.210329;0.1632;0.159722,0,1.9804929999999998;1.786989;1.789395,0,2.032794;1.866177;1.816285,0,1.814312;1.783094;1.9163299999999999,0,1.904574;1.84881;1.732834,0,1.816533;1.852231;1.9191010000000002,0,306.15051;308.207438;304.868298,0,23.781509;22.319313;41.041073999999995,0,550.5878170000001;537.065054;518.514948,0,16.362562;16.048494;16.006321,3,3.250562;2.908373;2.826044,0,6.930313;6.755255;8.82298,1.314963;1.593261;1.015614,3.390408121049404;3.0374950729310513;3.123071976006031
java-defects4j-mockito-21-constructorinstantiator,108,0,14.357163;14.125803;14.135307999999998,0.56499;0.439863;0.4368059999999999,0,2.127543;1.811151;1.7458040000000001,0,2.069558;1.881674;1.8752339999999998,0,1.786958;1.8820029999999999;1.850602,0,1.802803;1.765951;1.7981550000000002,0,1.927655;1.899855;1.852849,0,315.180181;308.597173;318.782717,0,102.675855;22.755159;21.660144,0,539.202885;570.683573;575.319839,0,33.01858;34.089377999999996;32.241417,5,82.343345;5.354386;4.848295,0,36.373387;18.383039;17.426220999999998,2.603009;3.302833;2.142845,4.409230081364512;4.139057127758861;4.170550033450127
java-defects4j-mockito-22-equality,84,0,1.193163;1.020192;1.041468,0.378621;0.323519;0.39701000000000003,1,2.1399150000000002;1.596519;1.805606,1,2.0422130000000003;1.8522759999999998;1.804921,1,1.848366;1.828605;1.7999839999999998,1,2.008763;1.910412;35.877711,1,2.281605;1.824566;1.958872,1,314.83457500000003;307.48321699999997;303.11996600000003,1,113.220799;28.176381;88.259597,13,548.691239;545.790913;537.8036470000001,1,17.675726;17.025741;16.732138,0,2.981004;2.750919;2.756218,0,10.223134;10.121674;10.101201000000001,1.960026;2.860874;1.690786,3.0961211305111647;3.015786875039339;2.984992926940322
java-defects4j-mockito-29-same,84,0,1.25856;1.134967;1.16177,0.347908;0.291338;0.279532,0,1.9856359999999997;1.765528;1.839845,0,1.952811;1.8824429999999999;1.790175,0,1.948415;1.941005;1.910791,0,1.842933;1.862744;1.83604,0,1.7111509999999999;1.833941;1.7961470000000002,0,302.86449799999997;303.734491;312.09913900000004,0,44.174572000000005;25.848617;32.168162,0,557.782519;531.8987;550.287779,0,16.642212999999998;16.462271;16.200182,1,2.88163;2.6266380000000003;2.637416,1,8.819631;8.713871;8.826252,1.595432;2.069701;1.3643,2.8552780859172344;2.8650539461523294;2.940076868981123
java-defects4j-mockito-30-returnssmartnulls,160,0,2.3244279999999997;2.119821;2.2458690000000003,0.641378;0.5780320000000001;0.5758619999999999,1,2.198077;1.7831329999999999;1.651325,1,2.026887;1.8846399999999999;1.8562509999999999,1,1.827946;1.883825;1.8362260000000001,1,1.783809;1.8698029999999999;1.809096,1,1.8819270000000001;1.8087680000000002;1.8768509999999998,1,305.51011500000004;305.89538799999997;303.622573,1,35.25658;22.851983;21.012623,0,551.1658259999999;553.762773;593.151314,1,17.876478000000002;18.456142;17.583983,0,3.892593;3.5387980000000003;3.518259,0,13.464976;13.318678;13.140966,2.813174;3.330685;2.927689,3.1088809482753277;2.994381822645664;3.0084671452641487
java-defects4j-mockito-31-returnssmartnulls,158,0,2.568062;2.3392500000000003;2.342015,0.5602180000000001;0.511027;0.561572,0,2.316731;1.7803149999999999;1.811309,0,2.01074;1.81416;1.908358,0,1.806214;1.908312;1.886908,0,1.8454490000000001;1.920277;1.7857610000000002,0,1.8874810000000002;1.917763;1.876144,0,300.96131399999996;343.510681;338.288615,0,26.243077;19.273021;28.344942000000003,0,569.787394;581.427913;559.641711,0,18.530864;18.168339;18.489656,2,4.304883;3.961994;3.9673399999999996,0,14.155976;14.233951;13.893439,2.776856;2.747995;2.780176,3.1405508052557707;3.19826602935791;3.2086449209600687
java-defects4j-mockito-32-spyannotationengine,142,0,41.756021999999994;41.60855900000001;41.465258,0.6876450000000001;0.701353;0.678523,0,2.171945;1.831413;1.663707,0,1.996154;1.9089790000000002;1.8402049999999999,0,1.893567;1.952517;1.844884,0,1.886363;1.828839;1.831193,0,1.8584649999999998;1.850321;1.8537,0,306.975658;311.688065;302.444431,0,40.879317;23.39374;18.843515,0,534.827219;580.749293;558.443745,0,17.943951;18.636143;17.721271,0,4.259634;3.9149190000000003;3.888625,0,17.577450000000002;17.536532;19.619815,3.30047;3.24583;3.311578,3.4333420917391777;3.4184539690613747;3.36699397303164
java-defects4j-mockito-37-answersvalidator,138,0,1.7351459999999999;1.828495;1.636024,0.6242920000000001;0.526948;0.524572,0,2.125657;1.697412;1.836228,0,2.031616;1.829041;1.868306,0,1.8249950000000001;1.895497;1.727503,0,1.958131;1.910455;1.8812010000000001,0,1.838412;1.873406;1.834022,2,304.423743;302.879706;304.81997900000005,0,32.15739;34.468856;25.935423,0,534.154692;540.392892;565.226596,0,17.423957;17.285478;17.365529000000002,2,4.187361;3.77042;3.6819499999999996,0,12.580926;12.429326;12.625299,2.283092;2.200496;2.148045,3.52346315048635;3.5517250653356314;3.589096013456583
java-defects4j-mockito-38-argumentmatchingtool,102,0,1.875569;1.730552;1.839935,0.513591;0.376429;0.374254,0,2.1902530000000002;1.785228;1.842147,0,1.992666;1.836573;1.893962,0,2.260112;2.0917280000000003;1.868155,0,1.817526;1.9473349999999998;1.812813,0,1.850759;1.849823;1.792068,0,304.830648;304.542353;303.274483,0,64.596823;25.938105;18.499088,0,535.874312;550.654691;575.472356,0,17.243492999999997;16.855841;16.689097999999998,1,3.1972419999999997;2.817753;2.772826,1,10.822485;10.773902999999999;10.848754,2.280479;1.952131;1.932714,3.0286218971014023;3.006634069606662;2.8665910940617323
java-defects4j-mockito-5-verificationovertimeimpl,270,0,7.065785;6.87618;6.960339,0.7650839999999999;0.647793;0.654357,0,2.150198;1.754552;1.611697,0,2.026004;1.883977;1.887654,0,1.928377;1.886607;1.883119,0,1.908992;1.807389;1.909193,0,1.906496;1.8826859999999999;2.0018879999999997,0,306.01543300000003;303.144187;309.97538000000003,0,35.490179;25.956941;21.438665999999998,0,551.31399;609.812645;585.569485,0,18.038802999999998;17.994674;18.159018999999997,0,4.995485;5.071779;4.876081,0,16.042776;16.044435999999997;15.866719000000002,4.030845;3.673752;3.24353,3.203070955350995;3.307174891233444;3.234829055145383
java-defects4j-mockito-7-genericmetadatasupport,1255,0,7.267733;6.7836490000000005;6.701802,3.483794;3.5099169999999997;3.6526620000000003,0,2.32952;1.947856;1.9134440000000001,0,2.4157219999999997;2.2642230000000003;2.171341,0,2.220383;2.1990849999999997;2.1719109999999997,0,2.192073;2.1712;2.191135,0,2.1213759999999997;2.1912979999999997;2.0910640000000003,0,305.758198;305.609575;307.898503,0,128.638716;20.888314;40.156161000000004,0,664.762219;668.6731599999999;686.788614,0,29.315963;29.857099;29.426375,1,13.408757;13.02449;13.103233000000001,0,61.125366;59.914898;60.126177000000006,15.831597;16.194584;18.550568,4.8606188502162695;4.9023081082850695;4.878523061051965
java-defects4j-mockito-9-callsrealmethods,81,0,1.4262380000000001;1.2861470000000002;1.203471,0.267034;0.15922399999999998;0.157698,1,1.9678280000000001;1.84188;1.827871,1,1.995106;1.973775;1.839224,1,1.964954;1.936733;1.891544,1,1.8392;1.8552819999999999;1.800578,1,1.847302;1.784967;1.7510130000000002,1,321.67977800000006;315.193738;302.683166,1,42.453908;25.28829;39.387748,1,519.6015080000001;546.9233869999999;559.092268,2,16.421719000000003;15.974638999999998;16.187832999999998,3,3.7615209999999997;3.423709;3.376881,0,7.21427;7.153186;7.122895,1.513458;1.717899;1.536512,3.2120549585670233;3.0682950746268034;3.0732948798686266
java-eclipse-jdt-eclipse-remove-import-and-inheritance,137,0,1.130165;1.055434;1.048285,0.36417499999999997;0.381205;0.32710399999999995,0,2.149227;1.711843;1.7028709999999998,0,2.031587;1.91509;1.8444019999999999,0,1.861384;1.922002;1.894426,0,1.74828;1.928568;1.81954,0,2.216391;2.1508719999999997;1.858453,0,302.529084;307.12663899999995;304.898641,0,34.873633;19.724234;23.797406,1,551.016674;546.960431;507.278837,0,16.986573;17.029308999999998;16.922931,2,3.9931769999999998;3.653248;3.704212,1,10.408570000000001;9.99409;10.054781,2.286931;3.382213;2.085754,3.0386410653591156;3.062361851334572;3.0561531893908978
java-fix-array-index,22,0,2.0341679999999998;1.8943219999999998;1.880193,0.146142;0.09066199999999999;0.087668,0,2.056043;1.702907;1.7160579999999999,0,1.835127;1.862635;2.000905,0,1.9078739999999998;1.84327;1.835488,0,1.800769;1.859845;1.7758369999999999,0,1.8676249999999999;1.906006;1.803239,0,304.16546700000004;304.78615599999995;304.30234099999996,0,32.465270999999994;18.778487;20.032727,0,506.40285399999993;502.917481;517.159978,0,16.088212000000002;15.601047;15.657811,0,2.341018;2.034708;1.943019,0,6.275706;5.990555;5.957505,1.032975;1.261083;0.859456,2.7134749107062817;2.7419799007475376;2.825123956426978
java-genymobile-scrcpy-add-enum-value,35,0,0.357286;0.368176;0.28321599999999997,0.076144;0.045464000000000004;0.0435,0,2.133151;1.823142;1.748927,0,1.846559;1.82271;1.847802,0,1.9720699999999998;1.8965;1.8174919999999999,0,1.8207010000000001;1.722984;1.852101,0,1.797405;1.8054919999999999;1.79552,0,303.350422;303.535104;306.824168,0,50.259707;22.681033;24.719068,0,485.254979;473.144412;474.692626,0,15.765282;15.611316;15.971961,0,2.338841;2.047996;1.9339870000000001,0,5.135205;4.951577;5.001357,0.608598;0.652901;0.638044,2.7287499979138374;2.7535378467291594;2.894012024626136
java-genymobile-scrcpy-add-func,43,0,0.599426;0.48393200000000003;0.533085,0.193687;0.204246;0.14774400000000001,2,1.875325;1.625158;1.63824,2,1.9443730000000001;1.900501;1.836224,2,1.828992;2.125198;1.820417,2,1.799045;1.849637;1.839146,2,1.829763;1.821204;1.824066,2,300.840372;305.182168;301.192385,2,34.001546;21.648462;27.613551,0,534.862807;521.711246;507.736,0,16.418395;16.230699;16.634932000000003,2,2.939276;2.7313709999999998;3.296773,0,6.207954;6.056824;6.085961,0.802809;0.800747;0.738773,2.8567910194396973;2.8820978477597237;4.115904914215207
java-genymobile-scrcpy-add-func-2,51,0,2.814119;2.7202319999999998;2.683076,0.186292;0.13645200000000002;0.133755,3,1.961658;1.6767320000000001;1.6528070000000001,1,1.966377;1.80612;2.0488720000000002,1,1.858797;1.871181;1.8207740000000001,1,1.869367;1.819354;1.862515,1,1.812672;1.853235;1.900266,1,336.442005;302.515325;311.274367,1,52.883357;24.822653;27.337565,2,539.187042;489.237621;515.862631,0,16.831789999999998;16.752669;16.737569,4,2.796395;2.395685;2.412573,1,6.799149;6.483516;6.569766,1.033051;0.921238;0.957013,2.994328970089555;3.0099949799478054;3.788151778280735
java-genymobile-scrcpy-add-parameter,16,0,0.31914600000000004;0.341893;0.26174899999999995,0.06804500000000001;0.040305999999999995;0.037820999999999994,1,2.118527;1.793084;1.593453,1,1.9556590000000003;1.8530090000000001;1.8687580000000001,1,1.967806;1.8963079999999999;1.835685,1,1.8058340000000002;1.78367;1.825208,1,1.7942710000000002;1.8322720000000001;1.806802,1,310.442563;305.36339699999996;302.857349,1,68.01841399999999;25.828114;22.694851,0,519.525208;491.72209399999997;541.832819,1,16.032376;15.996718;15.458314000000001,0,2.2450579999999998;1.961186;1.846287,0,5.185635;4.96165;4.987201,0.583482;0.558627;0.551992,2.8027459047734737;2.810694044455886;3.207472851499915
java-genymobile-scrcpy-change-some-android-version-constant,245,0,4.771989;4.335235;4.488191,1.155656;1.047955;1.029924,0,2.092842;1.800159;1.85334,0,2.137428;1.987729;1.909174,0,1.924198;1.931213;1.901751,0,1.865381;1.886704;1.853566,0,1.8639489999999999;1.9630060000000003;1.810257,0,303.356471;343.725845;304.754065,0,29.072178;22.447595;23.850528,2,575.9913300000001;582.486322;565.094019,2,19.981565;19.428041;20.097625,3,5.606341;5.138858;4.923639,2,18.404686;18.551987999999998;18.933657,3.467214;3.395775;3.728035,3.576962975785136;3.5781648475676775;5.117401015013456
java-genymobile-scrcpy-char-to-string-bugfix,48,0,1.8630929999999999;1.9353930000000001;1.991704,0.190685;0.131358;0.13058599999999998,0,2.111958;1.795668;1.807775,0,1.9681159999999998;1.908021;1.766186,0,1.859008;1.881918;1.864173,0,1.8008629999999999;1.838623;1.774293,0,1.905541;1.808891;1.809676,0,303.601429;302.740214;304.102718,0,66.122262;22.688862;27.9586,0,524.219863;500.42352300000005;539.851583,0,15.915377000000001;15.706083;15.93748,0,2.5572559999999998;2.243556;2.205714,0,6.7152829999999994;6.684903;6.7987400000000004,1.043369;1.166815;1.103383,2.7800139505416155;2.8403119649738073;2.9292521066963673
java-genymobile-scrcpy-only-insert,25,0,0.406346;0.303869;0.299616,0.085393;0.050963999999999995;0.048876,1,1.928841;1.783593;1.77419,1,1.9949159999999997;1.8023959999999999;1.84134,1,1.79115;1.859438;1.78775,1,1.738835;1.7709430000000002;1.796324,1,1.838667;1.8058079999999999;1.68916,1,304.837806;302.110335;311.522909,1,66.048769;21.359522;22.084335,1,516.3550879999999;501.27997999999997;523.897225,0,15.895256999999999;15.919127000000001;15.556023,1,3.003994;2.557268;2.561751,1,5.768543;5.427141;5.478117,0.724803;0.969947;0.701593,2.8568918351083994;2.9086610302329063;2.925048815086484
java-genymobile-scrcpy-refactor-for-loop-in-a-function,272,0,207.84662;204.936229;203.850905,1.6486269999999998;1.501147;1.614787,5,2.220263;1.9931089999999998;1.7832970000000001,3,2.107033;1.98373;1.8879949999999999,3,1.885089;1.92496;1.9747919999999999,3,1.916955;1.823798;1.9348189999999998,3,1.934409;1.924965;1.890088,3,306.483187;313.975578;307.880667,3,35.403422;27.002519;22.281267,0,567.7419500000001;589.351535;638.132978,0,248.513438;252.44673699999998;255.344374,7,11.424059;10.797464;11.525191000000001,0,52.726833;50.61606;50.811574,6.393359;5.60998;5.868142,6.251482060179114;6.158568197861314;6.522060837596655
java-genymobile-scrcpy-switch-from-three-exceptions-to-one,455,0,9.656818;9.335401000000001;9.32081,2.63406;2.714943;2.4453009999999997,128,2.14188;1.904868;1.9699209999999998,128,2.090841;1.99357;2.118579,128,1.9777060000000002;1.899188;2.0286229999999996,128,2.0820909999999997;1.9496889999999998;2.010399,128,2.030153;2.035398;1.95474,128,304.408845;307.605715;304.087247,128,61.558923;20.178221;22.683424000000002,126,571.11188;603.257584;606.450862,128,71.74209300000001;73.982242;169.165335,127,9.506588;9.580685;9.941526,126,58.565292;57.400572;57.303645,7.376688;10.187154;8.684837,5.226087989285588;5.258464952930808;5.503149004653096
java-genymobile-scrcpy-whitespace-only,36,0,0.185055;0.135721;0.129625,0.094221;0.061627;0.05935,2,2.0438330000000002;1.823702;1.7936370000000001,2,1.985062;1.791885;1.798095,2,1.914061;1.874357;1.79451,2,1.820981;1.766171;1.827523,2,1.861522;1.790309;1.8598130000000002,2,301.703007;299.63840400000004;304.424004,2,63.826206;18.534317;18.120683,0,510.25814199999996;509.023742;506.350316,0,16.035971999999997;15.571748999999999;15.26922,0,2.335726;2.0706100000000003;1.991128,0,5.388309;5.341784;5.152996,0.963107;1.031493;0.956513,2.7707861736416817;2.75010010227561;2.9295231215655804
java-hunterhacker-jdom-javadoc-update,1230,0,3.3970469999999997;3.24178;3.113811,1.9499549999999999;1.759101;1.73175,1,2.321238;1.9353960000000001;1.905019,1,2.197046;2.448518;2.262511,1,2.070737;2.144771;2.038476,1,2.1140820000000002;2.04145;2.067676,1,2.006186;1.994236;1.993672,1,319.946014;305.977253;304.883213,1,56.65985;26.622409;21.019157,1,604.775416;587.742968;650.409774,15,24.629803;24.13824;24.441997,0,10.189424;9.961426000000001;11.153942,1,39.211261;38.757826;38.869962,10.135769;12.787654;13.550178,4.919055849313736;4.834487102925777;5.168098956346512
java-hunterhacker-jdom-move-a-block,2610,0,14.106969000000001;14.062026;14.534989999999999,3.840014;3.620549;3.604556,2,2.425284;2.0443700000000002;2.079514,2,2.651586;2.5668879999999996;2.49519,2,2.5320859999999996;2.530602;2.4569829999999997,2,2.612049;2.5546879999999996;2.514136,2,2.548363;2.4074180000000003;2.5208,2,317.114762;316.50949699999995;322.57621800000004,2,45.075683999999995;28.802903;24.630204,2,720.8266450000001;689.098289;798.191989,1,34.464085;33.90489;34.495426,3,19.468353;19.688006;20.15414,0,84.33188899999999;82.90334;79.994368,22.551724;26.656978;26.228851,12.765973107889296;12.78379699215293;13.2798389531672
java-jflex-de-jflex-javadoc-update,108,0,0.79284;0.679812;0.678319,0.42592399999999997;0.434455;0.413547,0,2.037099;1.814338;1.8920860000000002,0,1.9862529999999998;1.896339;1.812241,0,1.7865520000000001;1.779642;1.959055,0,1.8314970000000002;1.866166;1.9041810000000001,0,1.8576199999999998;1.671734;1.846184,0,303.338879;303.597462;303.023708,0,81.532355;28.19943;27.202893999999997,0,553.597903;536.551978;573.4665709999999,10,17.302478;17.291718;17.179909,0,4.53587;3.0193030000000003;2.975661,0,8.768621000000001;8.967229999999999;8.730355000000001,2.048333;2.112521;2.119512,3.0940629076212645;3.097816137596965;3.7809100467711687
java-jopt-simple-jopt-simple-remove-import,184,0,1.178499;1.006869;1.091143,0.9276789999999999;0.673894;0.48787,1,2.101034;1.737313;1.694742,1,1.9907420000000002;1.912977;1.835885,1,1.8509570000000002;1.8844560000000001;1.8744,1,1.8854760000000002;1.786357;1.956307,1,1.858323;1.853417;1.864712,1,304.07011900000003;302.154031;299.468421,1,50.595603000000004;20.279283;21.924287,0,535.5331530000001;580.1505510000001;561.270755,0,17.541794;17.464018000000003;17.320107,0,3.719699;3.5436259999999997;3.4560049999999998,0,10.730049000000001;10.660414;11.777664,5.697526;7.402403;7.244143,2.9305380303412676;2.972900867462158;3.444935893639922
java-junit-pioneer-junit-pioneer-add-block-comment,173,0,1.435534;1.233213;1.229381,0.730286;0.688317;0.6764379999999999,0,2.2160159999999998;1.794024;1.649297,0,2.048767;1.903737;1.903673,0,1.823374;1.904404;1.836765,0,1.877399;1.801953;1.8573929999999998,0,1.904939;1.899656;1.83986,0,304.094318;307.870392;305.375996,0,70.044817;24.039313999999997;21.601368,0,569.8406580000001;549.461832;569.518964,0,17.830475;18.080454999999997;17.785253,0,4.323284999999999;4.017213000000001;4.072954999999999,0,12.579579;12.417200999999999;12.413960999999999,4.277958;6.540508;6.467077,3.4572258591651917;3.435481106862426;4.302134038880467
java-nextcloud-android-add-one-line,4591,0,51.111687;56.624831;49.520140999999995,17.193148;17.112578;17.010782,0,2.720039;2.320779;2.2520420000000003,0,3.187564;2.889995;2.8803579999999998,0,2.916211;2.987893;2.868999,0,2.824964;2.9088260000000004;2.774503,0,2.8335410000000003;2.8014300000000003;2.819822,0,336.475437;313.61673099999996;312.968904,0,37.084806;28.533205;30.662732000000002,0,979.981206;1029.789338;948.86339,0,92.50021699999999;90.072788;90.272065,0,48.02796;50.053496;48.110865000000004,0,276.486592;263.10817199999997;258.196853,62.691134;75.878704;72.144209,10.314872954040766;11.214508907869458;11.453856946900489
java-nextcloud-android-add-two-function-calls,3552,0,61.240609;62.680866;61.220842999999995,19.962798;21.060010000000002;15.285233,2,2.6149609999999996;2.4650250000000002;2.3573,2,3.049146;2.996845;2.9657669999999996,2,2.924061;2.8322659999999997;2.916579,2,2.995759;2.963402;2.951548,2,2.91414;2.882933;2.900261,2,313.501153;320.819782;313.720014,2,79.061945;26.217541;25.980342999999998,3,924.002252;876.172867;879.856953,0,73.21514599999999;73.36484;72.819478,1,40.337196999999996;40.877485;39.976737,0,250.74203;246.345868;252.443561,56.970394;55.445835;54.82605,14.640812994912269;14.733904041349888;15.835715923458338
java-paddlepaddle-paddleocr-whitespace-only,53,0,0.43218;0.289728;0.285979,0.187766;0.145795;0.14418399999999998,2,1.98109;1.7500580000000001;1.7250290000000001,2,1.866185;1.906301;1.884208,2,1.844305;1.81963;1.8031290000000002,2,2.161623;1.885087;1.718324,2,1.781482;1.77488;1.8144339999999999,2,322.73711199999997;332.019568;310.647846,0,60.068106;19.956188;27.387627000000002,0,526.504389;514.139602;518.5725580000001,0,15.503229000000001;15.047281;15.217490999999999,0,2.5847610000000003;2.28384;2.231209,0,6.1015109999999995;5.924771;5.956472,1.310692;1.50443;1.419091,3.0524220783263445;3.103852039203048;3.5728539805859327
java-paddlepaddle-paddleocr-whitespace-only-2,35,0,0.256517;0.160843;0.15385600000000002,0.103988;0.069331;0.063548,2,1.986448;1.857712;1.769331,2,1.844343;1.850017;1.804316,2,1.852767;1.795334;1.728259,2,1.824247;1.8170169999999999;1.822244,2,1.8342429999999998;1.731303;1.8186039999999999,2,303.767669;330.200807;325.531415,0,48.309062;36.008705;28.920980999999998,0,510.254787;516.084486;519.665387,0,15.263858;16.055666;14.999407,0,2.2658869999999998;2.045313;1.9359309999999998,0,5.170664;5.22815;5.27322,0.814011;0.71635;0.703128,2.754317130893469;2.8137280605733395;3.0151251703500748
java-pdftk-java-pdftk-license-comment-change,355,0,2.62691;2.357513;2.3624359999999998,2.156326;1.41572;1.315734,4,2.200847;1.8777030000000001;1.8050989999999998,0,2.1668469999999997;1.923616;1.978652,0,1.9526540000000001;1.883172;1.893059,4,1.9865249999999999;1.9266210000000001;2.094751,4,1.9228820000000002;1.9588679999999998;1.9179819999999999,4,317.719472;310.481781;328.28753700000004,4,54.63678;20.025432;26.724729,33,560.895395;583.220694;585.1822129999999,54,30.221117;30.356261;30.354861,6,10.581812;12.645267;9.851037999999999,8,27.424049;27.455825;27.931874,4.612999;4.075045;4.638901,7.324936101213098;7.373355096206069;7.593190064653754
java-protobuf-add-two-annotations,1410,0,12.337097;11.677401;11.106076,4.061725;3.836315;4.047344,0,2.3273819999999996;2.023684;1.961361,0,2.199482;2.037983;2.083364,0,2.0117109999999996;2.026913;2.138188,0,1.989987;2.152317;1.945969,0,2.0901330000000002;2.039438;2.026395,0,305.478367;305.13940499999995;307.029761,0,126.94042;37.579546;29.738275,0,684.474268;678.194563;670.276036,0,31.935326;33.191115;31.578891,0,13.606445;13.710612000000001;13.565201,0,74.065397;72.61113800000001;73.842459,25.222392;29.41365;29.877314,5.8600520715117455;5.89277409017086;6.005760049447417
java-protocolbuffers-protobuf-add-a-method,1423,0,12.352848;10.606467;10.215792,4.094923;3.8697369999999998;3.756349,3,2.435647;23.965173;1.9554809999999998,1,2.213884;2.106125;2.027381,1,1.9986460000000001;2.0237480000000003;2.1445980000000002,1,2.043394;2.052473;2.729715,1,2.075899;2.0477920000000003;2.048903,1,325.23427100000004;324.079536;316.362624,3,24.474904;29.553873000000003;31.186374999999998,0,727.043539;747.422825;715.77158,0,32.096288;32.013475;31.480646,3,14.324891;14.359648;14.35397,0,73.83083;78.02400399999999;73.995185,20.508581;22.061651;21.590331,12.73537683300674;12.90419022552669;12.999551137909291
java-protocolbuffers-protobuf-add-import-and-update-field-access,9771,0,147.532621;133.586763;136.484208,39.205273;39.020677;40.585082,0,4.405623;3.850823;3.840596,0,4.602187;4.413122;4.41392,0,4.334017;4.49322;4.538328,0,4.616682000000001;4.548568;4.590921000000001,0,4.417308;4.427426;4.4088840000000005,0,327.653482;332.363381;329.956465,0,60.171853999999996;28.697609;44.118249,0,1249.936522;1275.7731489999999;1339.791563,0,240.054345;222.31429699999998;242.317786,1,121.901294;114.73495;112.753842,0,661.123216;639.308524;631.5498859999999,159.979122;159.788355;156.180397,40.4724630061537;34.41683994606137;34.480158938094974
java-protocolbuffers-protobuf-add-one-annotation,2261,0,24.921014;23.750844999999998;25.357582999999998,9.941542;9.85633;9.655411,0,2.379024;2.061181;2.041166,0,2.368061;2.232429;2.16452,0,2.3616409999999997;2.27173;2.135369,0,2.24682;2.1416109999999997;2.1764750000000004,0,2.172173;2.157473;2.133055,0,307.17478;307.453621;306.712845,0,81.221172;22.011605;36.526309,0,851.706763;816.867298;782.81582,0,54.238118;54.440675;58.435704,0,26.015601;26.223824999999998;25.810425000000002,0,161.12913500000002;157.292815;160.610788,33.643566;37.920077;37.575886,7.086684927344322;6.505646044388413;10.082121007144451
java-protocolbuffers-protobuf-add-one-import,6121,0,229.839157;245.493665;232.30695200000002,36.543687;32.942889;32.760295,0,2.9192020000000003;2.605172;2.365342,0,3.256538;3.054834;3.0680680000000002,0,3.053468;3.0738839999999996;3.079316,0,3.0559950000000002;3.053572;3.0379270000000003,0,3.075945;3.065753;2.9729729999999996,0,314.06007400000004;312.00730599999997;336.459052,0,29.049273;23.930781000000003;31.335587999999998,0,1267.573167;1249.52956;1239.577541,0,171.546661;171.580181;173.315269,1,91.49927600000001;90.670867;89.63517399999999,0,403.97077399999995;425.639726;392.090338,175.77954;199.10466;181.895104,13.038208009675143;12.932976009324191;12.964347144588828
java-protocolbuffers-protobuf-update-comment,38,0,0.23518399999999998;0.254505;0.211583,0.116082;0.07611899999999999;0.074271,1,2.064364;1.7854349999999999;1.600045,1,1.9780980000000001;1.817414;1.8147499999999999,1,1.838546;1.7822580000000001;1.802224,1,1.8645809999999998;1.883836;1.814786,1,1.859147;1.861335;2.035927,1,298.678877;318.618902;306.083752,1,51.603145000000005;37.161366;44.730672,1,539.8259850000001;492.192282;490.543253,1,15.883474000000001;15.603682000000001;15.816186,0,2.508573;2.19619;2.116651,0,5.98278;5.8948719999999994;5.999846,0.99048;1.112918;1.105374,3.336043795570731;3.1947139650583267;3.1184160616248846
java-protocolbuffers-protobuf-update-comment-2,38,0,0.23100700000000002;0.18406799999999998;0.18848399999999998,0.11575400000000001;0.123282;0.072952,1,1.974188;1.752533;1.75797,1,2.004626;1.937441;1.834968,1,1.8008709999999999;1.754273;1.7806149999999998,1,1.9023009999999998;1.840763;1.89569,1,1.738479;1.837531;1.8335569999999999,1,304.910955;300.503014;301.60199900000003,1,61.600901;20.224224999999997;19.950488,1,483.718368;521.200957;514.821634,1,16.12143;15.902288;15.708302999999999,0,2.482037;2.226182;2.1437549999999996,0,6.060487;5.901049;5.902535,0.614835;0.65872;0.641487,2.8800771106034517;2.9059608932584524;2.8494938742369413
java-refactor-constants,33,0,0.96054;0.710306;0.724802,0.12029899999999999;0.081147;0.079444,0,2.0455479999999997;1.804229;1.9015900000000001,0,1.998347;1.857944;2.094079,0,1.857213;1.722141;1.778781,0,1.815264;1.77715;1.7372519999999998,0,1.7606659999999998;1.796495;1.779898,0,303.665417;319.858472;306.704635,0,33.424388;18.945868;19.271771,6,502.59852800000004;515.125262;527.628647,0,16.171347;15.836189000000001;15.776021000000002,1,2.4954389999999997;2.1995690000000003;2.1055840000000003,0,6.109243;5.994572;6.016243,0.799883;0.835258;0.825009,3.0275320168584585;2.9734340496361256;3.254674840718508
java-scrcpy-public-to-protected,292,0,2.897329;2.405207;2.448051,1.370813;1.338355;1.345748,0,2.1554320000000002;1.640779;1.70231,0,2.062374;1.881438;1.885938,0,1.828835;1.8521589999999999;1.909183,0,1.860781;1.8328140000000002;1.9591819999999998,0,1.9480700000000002;1.943202;1.8674410000000001,0,302.866165;301.437962;300.306481,0,68.69818799999999;27.021751000000002;26.132921,0,545.252312;573.149353;587.580778,0,20.212423;21.518433;21.365845,0,5.393911;5.161443;5.071563,0,20.743830000000003;20.952716;21.28497,7.666716;4.18752;4.290726,3.290761960670352;3.229140071198344;3.319605952128768
java-scrcpy-remove-or-expression,300,0,3.241864;2.92693;2.91184,1.001561;1.388253;1.007397,1,2.1953;1.8039209999999999;1.661187,1,1.994253;1.904476;1.85659,1,1.906418;1.9651759999999998;1.874965,1,1.91941;1.885821;1.805814,1,1.884444;1.9302460000000001;1.841523,1,303.13501399999996;299.107823;302.79570099999995,1,65.46281499999999;35.178351;20.280904,1,633.273974;595.437981;625.4994379999999,1,19.384487999999997;19.296904;19.436922999999997,0,5.0017949999999995;4.776294;4.749316,0,20.160743;19.953051;20.224736,4.025309;6.091688;6.382817,3.249109024181962;3.400089917704463;3.320026909932494
java-zeroc-ice-ice-comment-only-update,76,0,0.345742;0.288671;0.277193,0.17593999999999999;0.21506000000000003;0.13353500000000001,2,2.084797;1.7884019999999998;1.581886,2,1.945899;1.852671;1.827763,2,1.859785;1.8830749999999998;1.813609,2,1.871208;1.962857;1.865615,2,1.778003;1.8895749999999998;1.789636,2,300.63419899999997;300.621754;320.672931,2,44.898652;26.578931;20.036196999999998,2,521.635767;530.864446;554.022103,6,17.315201;16.864482;16.095696,3,2.897635;3.02848;2.557745,3,17.446496;7.034836;7.168858,1.303542;1.696299;1.798263,2.9325319919735193;3.007149090990424;2.9990188777446747
javascript-add-array-method,19,0,0.840875;0.754248;0.765148,0.156587;0.083228;0.07907600000000001,0,2.0075649999999996;1.8005849999999999;2.059063,0,2.0067969999999997;2.023855;1.902726,0,2.032196;2.024201;2.039446,0,1.9921269999999998;1.859313;1.845966,0,2.034191;1.8824130000000001;1.806844,0,318.557949;304.627293;301.69654299999996,0,69.979056;21.644072;148.630181,0,295.394317;297.534173;293.804905,0,19.734295;19.646655;19.580972,,,,,6.229854;5.770966;5.909671,2.8530340641736984;2.836578991264105;2.85536702722311
javascript-add-destructuring,22,0,0.259307;0.207428;0.24288099999999999,0.099943;0.06264800000000001;0.064944,0,1.819848;1.716395;1.751666,0,1.970116;1.83531;1.723217,0,1.837394;1.785353;1.818036,0,1.768165;1.732185;1.785551,0,1.7953400000000002;1.847035;1.762379,0,301.385263;299.068015;313.869605,0,25.27691;22.778686;18.345119999999998,0,301.809762;291.231595;297.502318,0,19.778741;19.308848;19.17887,,,,,3.851653;3.512432;3.608047,2.7949661016464233;2.9228278435766697;2.79357098042965
javascript-add-event-listener,19,0,0.413269;0.269994;0.266173,0.10423099999999999;0.09503800000000001;0.06057,0,1.936345;1.804239;1.83202,0,1.932261;1.87484;1.855129,0,1.770431;1.8171680000000001;1.866698,0,1.818121;1.8607369999999999;1.715095,0,1.8491309999999999;1.8275649999999999;1.8194210000000002,0,303.89785600000005;304.640381;303.380267,0,36.529719;39.875305;25.537154,0,287.523396;291.897915;313.671248,0,19.911465;19.148099;19.317219,,,,,3.806153;3.701472;3.793766,2.809754805639386;2.9633059166371822;2.7311090379953384
javascript-axios-axios-real-small-change,26,0,1.792537;1.649782;1.72929,0.09439900000000001;0.086127;0.08364200000000001,1,1.996041;1.9127230000000002;1.778161,1,1.925239;1.7527249999999999;1.8302189999999998,1,1.829333;1.8367010000000001;1.940842,1,1.806969;1.728015;1.844538,1,1.740073;1.844888;1.797241,1,302.29805500000003;305.78155200000003;303.804423,1,68.74116;28.619347;19.689932,0,303.511502;327.789473;283.18174899999997,0,19.207161;18.986622;18.897275,,,,,3.589044;2.977525;3.073572,2.79346015304327;2.8254392091184855;2.8201050590723753
javascript-facebook-react-delete-one-line,191,0,1.6259340000000002;1.4104569999999998;1.5300509999999998,0.8831709999999999;0.8318289999999999;0.7824279999999999,0,2.162318;1.6615600000000001;1.6524210000000001,0,2.104235;1.9097490000000001;1.875227,0,1.897719;1.942788;1.884701,0,1.8167019999999998;1.803936;1.809874,0,1.850795;1.838343;1.9548539999999999,0,302.730141;301.731539;304.391793,0,39.145480000000006;19.580829;20.196526,0,414.595961;406.901982;377.783788,0,21.951302;21.550863;20.882683,,,,,33.634753;29.866607;30.642472,2.7916599065065384;2.7897339314222336;2.7817809022963047
javascript-facebook-react-update-comment-only,16,0,0.15946100000000002;0.087424;0.067282,0.056655000000000004;0.028137000000000002;0.025802,0,2.1273389999999996;1.787236;1.710741,0,2.0042139999999997;1.8427470000000001;1.793369,0,1.842017;1.8020040000000002;1.7676479999999999,0,1.833939;1.819165;1.822733,0,1.843956;1.7091859999999999;1.803483,0,303.301789;302.722031;301.005741,0,55.569562000000005;31.108555;30.076421999999997,0,325.103777;297.491313;281.854112,0,19.137034;19.171509999999998;18.958541999999998,,,,,2.075839;2.006811;1.955691,2.8673901688307524;2.8308171313256025;2.718535950407386
javascript-grobian-carbonapi-web-add-binary-expression-to-existing-assignment,526,0,5.041744;4.716502;4.656741,2.2485;1.782547;1.978382,0,2.194171;1.903944;1.9102430000000001,0,2.1310890000000002;1.991746;2.11673,0,1.9932230000000002;2.0016209999999997;1.931768,0,1.910622;1.920979;1.896572,0,1.914119;1.880367;1.874145,0,304.965117;301.953974;301.85706899999997,0,71.605813;21.716033999999997;20.866932000000002,0,527.750208;478.770815;512.2315699999999,0,27.631646999999997;28.834678;27.419578,,,,,111.206461;100.518501;103.723075,3.5523378755897284;3.707683878019452;3.5835029557347298
javascript-jquery-ui-rails-jquery-ui-rails-add-strict-and-move-function-call-parenthesis,90,0,0.7010500000000001;0.49370100000000006;0.48334099999999997,0.26327500000000004;0.24839899999999998;0.208773,2,2.101033;1.808991;1.839326,2,1.98898;1.8780780000000001;1.7444579999999998,2,1.81178;1.859395;1.849489,2,1.873135;1.9313500000000001;1.948091,2,1.7746909999999998;1.925012;1.83705,2,304.297376;303.95891600000004;302.67425399999996,2,62.814326;20.774573;18.652416000000002,78,347.24656500000003;349.01173800000004;323.426516,2,21.028064999999998;20.716584;21.067190999999998,,,,,11.206183;14.021029;10.40874,3.599870949983597;3.370195161551237;3.38624301366508
javascript-jquery-ui-rails-jquery-ui-rails-update-text-in-string,84,0,1.1651420000000001;0.9255990000000001;0.9302689999999999,0.5012759999999999;0.39903;0.44873799999999997,2,1.9533570000000002;1.731991;1.833781,2,2.076307;1.776529;1.696663,2,1.800039;1.804598;1.809239,2,1.865128;1.729349;1.826885,2,1.842533;1.7595720000000001;1.848189,2,304.024982;301.00347;329.266767,2,53.16162;26.630999;130.881078,2,368.895317;373.49538;356.79571500000003,2,20.099528;21.190305;20.545946999999998,,,,,25.247284;25.256285;24.0755,3.0135291162878275;3.1499031465500593;3.0368908774107695
javascript-jquery-ui-rails-jquery-ui-rails-update-text-in-string-2,82,0,1.14187;0.9211379999999999;0.91806,0.486115;0.397878;0.39642,0,2.151488;1.609905;1.846444,0,1.917923;1.8155720000000002;1.8499530000000002,0,1.779935;1.781103;1.847257,0,1.7823710000000001;1.841958;1.791939,0,1.7442289999999998;1.855153;1.8378610000000002,0,306.533418;301.658362;303.428994,0,47.564389;19.037239;57.083505,0,362.90633;354.342194;381.085676,0,20.233812;20.114361000000002;20.105681,,,,,26.360741;24.659753;25.032981,2.9823780059814453;3.690608777105808;3.091334132477641
javascript-microsoft-typescript-add-use-strict,5,0,0.093657;0.058316;0.051408,0.025554999999999998;0.008359;0.007014,0,1.887863;1.7090530000000002;1.7542339999999998,0,1.91713;1.7962069999999999;1.813604,0,1.7825090000000001;1.869361;1.758363,0,1.758285;1.8001230000000001;1.857648,0,1.7890519999999999;1.691977;1.845852,0,300.908901;303.315643;338.473233,0,59.838343;28.126188;28.391541999999998,0,279.340701;281.55489900000003;287.038587,0,18.777595;18.526323;18.700723,,,,,0.548541;0.546152;0.536691,2.7202030178159475;2.8370178770273924;2.816834021359682
javascript-microsoft-typescript-add-use-strict-2,19,0,0.29096;0.23236;0.22512000000000001,0.049455;0.022213999999999998;0.020713000000000002,0,1.916329;1.7481790000000001;1.8211169999999999,0,2.148573;1.835417;1.833014,0,1.717116;1.840096;1.878562,0,1.901587;1.78779;1.7402520000000001,0,1.775973;1.858122;1.799909,0,301.984082;301.424313;302.069502,0,70.61165199999999;33.38714;47.1576,0,310.418014;297.133272;308.211141,0,19.373445999999998;18.656707;19.615054,,,,,1.386604;1.395783;1.374953,2.6818199548870325;2.661162056028843;2.6781479828059673
javascript-microsoft-typescript-another-test-case-marked-with-strict,61,0,0.555603;0.470528;0.473925,0.508681;0.421699;0.475817,0,2.085097;1.6119940000000001;1.882396,0,2.113669;1.875275;1.854243,0,1.816244;1.858024;1.786272,0,1.76802;1.873812;1.78479,0,1.842707;1.7830210000000002;1.8167909999999998,0,306.786181;301.80348200000003;303.54680099999996,0,46.455954;19.323916999999998;18.903820000000003,0,352.21711700000003;352.55305;326.79986,0,19.935615;19.828553;19.566978,,,,,10.956054;10.474491;10.566439,2.751018851995468;2.7212870772928;2.738312818109989
javascript-microsoft-typescript-concat-to-template,16,0,0.5164310000000001;0.43639100000000003;0.434456,0.08841399999999999;0.051652;0.049296,0,2.078472;1.6466740000000002;1.706892,0,1.9264359999999998;1.777312;1.8679899999999998,0,1.94385;1.8276519999999998;1.7728430000000002,0,1.816428;1.8106870000000002;1.926354,0,1.7416260000000001;1.812907;1.7780090000000002,0,332.733316;299.979221;304.08657300000004,0,45.240081;18.629763;21.129083,0,307.598515;283.928224;276.078143,0,18.899376999999998;18.82022;18.874439,,,,,3.047083;2.98357;2.947522,2.9013880994170904;2.888898830860853;2.945937914773822
javascript-microsoft-typescript-refactor,40,0,1.080178;1.062548;0.963973,0.5800559999999999;0.5385070000000001;0.5656479999999999,0,1.994393;1.659326;1.7558770000000001,0,1.9430129999999999;1.813062;1.978984,0,1.829977;1.714283;1.856907,0,1.771495;1.900095;1.80629,0,1.8701320000000001;1.758216;1.827984,0,303.80752;304.32496399999997;303.02932599999997,0,44.431956;21.684834;26.174595,0,322.562401;345.299436;305.544219,0,19.906367;19.909415;19.761687,,,,,7.361983;7.468346;7.290115,3.085882868617773;3.096862928941846;3.170144045725465
javascript-microsoft-typescript-remove-one-line,317,0,3.1507750000000003;2.7658460000000002;2.745014,11.859139;11.274287000000001;11.300059,0,2.065795;1.804609;1.736855,0,2.0396009999999998;1.9665669999999997;1.885676,0,1.8828429999999998;1.8945940000000001;1.8103609999999999,0,1.9224979999999998;1.858455;1.799775,0,1.8439299999999998;2.249804;2.0014730000000003,0,305.33915099999996;307.473178;302.491387,0,73.753307;29.153988;27.46575,14,478.858365;479.738294;451.774846,0,33.182738;34.720375999999995;33.73203,,,,,95.813644;92.8369;94.403057,2.929972019046545;3.5964669659733772;2.985646016895771
javascript-microsoft-typescript-small-change,22,0,0.30264;0.284854;0.279447,0.06986800000000001;0.039165;0.035614999999999994,0,2.010972;1.683162;1.6609450000000001,0,1.8964450000000002;1.842369;1.8172119999999998,0,1.774335;1.808836;1.752836,0,1.859044;1.813596;1.772474,0,1.832909;1.8207849999999999;1.8275679999999999,0,302.22589100000005;304.531497;308.175052,0,31.558268;19.663545000000003;20.153246,2,292.07307199999997;314.526537;302.931121,0,19.244666000000002;18.753003;18.765846,,,,,2.229989;2.123382;2.147784,2.839252119883895;3.065098077058792;2.7671470306813717
javascript-microsoft-typescript-small-change-2,43,0,0.459162;0.395075;0.3839,2.3175369999999997;2.0739340000000004;1.749955,0,2.0381430000000003;1.835035;1.589827,0,1.9778980000000002;1.921907;1.864419,0,1.760181;1.8611579999999999;1.767682,0,1.755926;1.780396;1.850855,0,1.819643;2.0112799999999997;2.136174,0,303.686466;299.77390599999995;300.704078,0,53.125731;18.756175;20.125833,0,332.801398;336.834951;319.87751399999996,0,21.746113;20.774554000000002;65.250922,,,,,13.996837;12.400861;12.491492,2.767041092738509;2.902753883972764;2.845047041773796
javascript-microsoft-typescript-small-change-3,22,0,1.3414679999999999;1.297695;1.2932460000000001,0.19053000000000003;0.08038300000000001;0.078037,0,1.96183;1.569169;1.889707,0,2.101693;1.863961;1.902566,0,2.17754;2.476922;2.028575,0,2.095317;2.114164;1.942934,0,2.2138489999999997;1.9845599999999999;2.036265,0,307.610913;300.585869;301.974313,0,47.959737000000004;20.963156;33.452735999999994,0,325.508915;330.815517;310.620886,0,19.292821;18.760352;18.850855,,,,,5.360632;4.772605;5.044733,2.8285779990255833;2.755081048235297;2.805229974910617
javascript-microsoft-typescript-test-data-pretending-to-be-code-maybe-broken-parsing,1026,0,14.789406;14.158491;13.462365,32.187011;31.677696;34.659241,123,2.339247;1.9381789999999999;1.9844849999999998,121,2.3277810000000003;2.297049;2.2149520000000003,121,2.202684;2.211134;2.235051,121,2.306591;2.2593140000000003;2.433101,121,2.3706259999999997;2.239239;2.1927909999999997,122,327.614044;360.375539;324.226725,121,54.142394;52.227275;27.161238,279,1040.6713359999999;788.45131;798.3099299999999,123,58.857198;59.741296;62.114437,,,,,315.228046;313.601766;308.515583,11.300387093797326;11.608488857746124;11.60969794727862
javascript-microsoft-typescript-use-strict,45,0,0.37952800000000003;0.28225;0.271106,0.27371;0.25727900000000004;0.22159,0,2.0131010000000003;1.766185;1.7166130000000002,0,1.863472;1.842954;1.820538,0,1.750599;1.83794;1.787248,0,1.773955;1.8594519999999999;1.768525,0,1.813895;1.715484;1.8333279999999998,0,303.273972;300.943109;299.917065,0,45.589221;32.46275;25.973159,0,326.928297;302.992213;326.751147,0,19.387568;19.375038;19.015667999999998,,,,,5.754043;5.377775;5.342059,2.906054025515914;2.9766601510345936;2.8535269666463137
javascript-microsoft-typescript-use-strict-2,57,0,0.424394;0.312792;0.307126,0.374324;0.270633;0.305042,0,1.893044;1.739341;1.821384,0,1.9682089999999999;1.881919;1.8008819999999999,0,1.845457;1.798267;1.811518,0,1.815237;1.78078;1.889189,0,1.844186;1.7875429999999999;1.810782,0,303.261029;306.01458399999996;319.708188,0,48.184523999999996;19.877223;18.900276,0,317.268812;298.93562000000003;312.550953,0,19.570217;19.191223;19.165419999999997,,,,,6.744887;6.520754;6.644026,2.89560598321259;2.8035910800099373;2.722690813243389
javascript-microsoft-typescript-use-strict-3,45,0,0.28474;0.228288;0.274808,0.12764699999999998;0.127186;0.08494199999999999,0,1.8423770000000002;1.75972;1.776852,0,1.9536229999999999;1.847411;1.846144,0,1.732116;1.895088;1.785801,0,1.856135;1.822004;1.771809,0,1.842963;1.767319;1.7945229999999999,0,300.591748;300.960126;304.57777400000003,0,39.327189;19.535389;60.225755,0,326.983092;307.95529799999997;307.33389,0,19.390522;19.162876999999998;19.247909,,,,,5.102448;4.948667;5.389705,2.7456909883767366;2.703374018892646;2.7507590129971504
javascript-microsoft-typescript-use-strict-4,35,0,0.204099;0.155333;0.149956,0.162496;0.094554;0.09195099999999999,0,2.023793;1.717568;1.974867,0,2.05608;1.925181;1.85585,0,1.8693629999999999;1.724001;1.816014,0,1.811981;1.841498;1.839334,0,1.791078;1.7378;1.794554,0,304.87372400000004;303.260848;303.217552,0,51.454654000000005;24.750625;26.784988,0,294.66818700000005;300.561651;286.925371,0,19.152807;18.887473;18.826969,,,,,2.775727;2.713369;2.709785,2.687642117962241;2.667319029569626;2.679686062037945
javascript-microsoft-typescript-use-strict-5,533,0,43.97679;43.397388;43.948128000000004,6.942782;5.2269570000000005;5.146833,0,2.1769570000000003;1.771155;1.709659,0,2.037604;1.9552189999999998;1.979475,0,1.889081;1.892594;1.863275,0,1.863794;1.937978;1.9213399999999998,0,1.8041559999999999;1.9089720000000001;1.858086,0,300.412803;299.829714;303.909484,0,62.120634;29.278964000000002;32.489798,0,516.7437620000001;494.217889;500.319406,0,31.834959;28.212909;28.033327,,,,,100.093513;101.699934;101.0388,3.4202178940176964;3.4563220106065273;3.4281150437891483
javascript-microsoft-typescript-use-strict-6,91,0,1.0334809999999999;0.924119;0.91497,5.351586;5.302025;5.157672,0,2.057826;1.7878049999999999;1.8397459999999999,0,2.007943;1.817359;1.7874970000000001,0,1.790108;1.905924;1.858117,0,1.82785;1.867704;1.815126,0,1.82589;1.801284;1.857512,0,304.46668500000004;325.902445;304.636791,0,40.870129;27.338293999999998;22.682908,0,357.30030600000003;352.04771800000003;373.034987,0,26.705388;25.453452000000002;25.279792,,,,,36.017917;34.367821;34.741345,2.7995069976896048;2.8482729103416204;2.852375153452158
javascript-microsoft-typescript-use-strict-7,2069,0,57.396631;56.547854;57.385462,28.405358;27.773594000000003;28.437945,0,2.3042499999999997;1.9645190000000001;1.882245,0,2.273847;2.175742;2.1106409999999998,0,2.1283119999999998;2.1949729999999996;2.190895,0,2.879385;2.313151;2.3409630000000003,0,2.10666;2.13168;2.087491,0,310.62969899999996;304.821156;307.30224499999997,0,62.840653999999994;28.9222;105.143108,25,1258.79403;1289.9719;1319.885126,0,71.62388999999999;74.358086;71.22735800000001,,,,,650.645167;626.939688;644.915529,5.495571997016668;5.5672170128673315;5.477055907249451
javascript-microsoft-typescript-use-strict-8,65,0,0.5098229999999999;0.43368999999999996;0.434695,0.828465;0.667358;0.6592100000000001,0,2.349781;1.6514550000000001;1.6297869999999999,0,2.0121230000000003;1.875059;1.9528189999999999,0,1.8618350000000001;1.873275;1.746325,0,1.8430129999999998;1.8174029999999999;1.8845750000000001,0,1.778091;1.782083;1.75553,0,308.595434;308.672186;300.894304,0,70.83879999999999;31.210400999999997;22.614541,0,317.01581699999997;352.021416;357.03779000000003,0,19.925434;19.959269000000003;20.723923000000003,,,,,10.707386;10.477608;10.743406,2.842340152710676;2.8144388925284147;2.8649899177253246
javascript-mozilla-firefox-add-comment,804,0,4.273743;4.015244;3.905084,2.258325;2.062424;2.242559,0,2.124376;1.810116;1.918146,0,2.071326;1.999916;1.9335769999999999,0,1.9476140000000002;1.870101;1.8809600000000002,0,1.833715;1.948978;1.955601,0,1.930256;1.948333;1.88395,0,304.833915;302.452379;301.028676,0,72.303349;23.895266;25.244584,0,500.91104399999995;482.76161299999995;464.741932,0,27.359253;30.16701;27.036971,,,,,97.744916;98.81204;93.385895,4.2975591495633125;4.299061838537455;4.20329300686717
javascript-mozilla-firefox-firefox-remove-one-comment,11,0,0.194348;0.09821200000000001;0.094306,0.029878000000000002;0.036048;0.011745,0,2.215535;1.822618;1.7885419999999999,0,2.146577;2.106788;1.9736179999999999,0,2.116879;2.120145;2.204333,0,2.079068;2.13915;2.110551,0,2.232058;2.266124;1.977913,0,312.48400300000003;299.524344;300.06496799999996,0,57.587761;26.908521;19.453412,0,275.59216;289.027201;289.20097,0,18.871184999999997;18.920279;18.606943,,,,,0.822015;0.81789;0.799985,2.593490993604064;2.610886935144663;2.6858169585466385
javascript-mui-material-ui-delete-one-import,15,0,0.203447;0.147261;0.14072600000000002,0.083795;0.048368999999999995;0.044801,0,1.9893979999999998;1.713818;1.79437,0,2.05548;1.8841089999999998;2.0804650000000002,0,2.076667;1.9455589999999998;1.8197809999999999,0,1.752473;1.900326;1.762143,0,1.8104989999999999;1.8061150000000001;1.700317,0,313.870551;306.175603;323.42768,0,48.737756;21.170517;29.526707,0,297.397126;286.16665800000004;344.975131,0,19.714456000000002;19.046609999999998;19.071578,,,,,3.043702;2.807337;2.864475,2.6632980443537235;2.688107080757618;2.6948759332299232
javascript-refactor-arrow-func,20,0,0.9102920000000001;0.8523229999999999;0.871345,0.122701;0.14743699999999998;0.079846,0,2.053811;1.64883;1.738955,0,1.913926;1.908233;1.8013759999999999,0,1.971414;1.835765;1.8002879999999999,0,1.788372;1.8583479999999999;1.7666570000000001,0,1.790463;1.833683;1.821731,0,300.61473900000004;302.347225;299.933544,0,78.674857;34.401761;25.676151,0,304.249025;310.835833;303.715053,0,20.541862000000002;20.431278;20.526578,,,,,4.483451;4.258277;4.329351,2.931823953986168;2.904276829212904;2.94331181794405
javascript-twbs-bootstrap-comment-version-update,272,0,2.353518;2.158211;2.179954,1.110951;1.0526170000000001;1.132746,0,2.18062;1.929493;1.7561149999999999,0,2.063221;1.95361;2.018541,0,1.9474799999999999;1.9722030000000002;1.995823,0,2.056563;1.9677769999999999;2.084056,0,1.959725;2.094893;1.914228,0,307.639883;301.646255;302.003191,0,58.339667;21.977874;63.936543,8,412.730029;412.908917;436.709816,8,23.870216;24.880592;23.606925,,,,,57.703392;55.303883;54.984431,3.1597011256963015;3.252238966524601;3.1632811296731234
javascript-typescript-add-strict-3,215,0,4.406127000000001;3.835047;3.880059,1.5124140000000001;1.4349820000000002;1.5015960000000002,0,2.214164;1.815077;1.8633549999999999,0,2.074256;1.95146;1.8794320000000002,0,1.785991;1.9933509999999999;1.87185,0,1.868252;1.892547;1.944708,0,1.926352;1.889726;1.8007710000000001,0,307.110075;302.290028;313.419149,0,56.857865000000004;36.448722000000004;28.856083,0,493.136994;485.463488;475.802341,0,23.402283;23.858366;23.532006000000003,,,,,92.8223;90.039614;90.773374,2.9980570543557405;3.070882987231016;3.1592820305377245
javascript-typescript-add-use-strict,41,0,0.44013199999999997;0.412566;0.35917899999999997,0.589884;0.5559580000000001;0.495197,0,2.020908;1.753183;1.810601,0,1.926615;1.909824;1.728175,0,1.772677;1.813311;1.781075,0,1.809496;1.8257160000000001;1.8827729999999998,0,1.807165;1.800571;1.832929,0,301.645388;298.610115;310.439837,0,36.233677;19.723187;27.904103,0,350.036109;325.024523;329.504456,0,19.770701000000003;19.297466999999997;19.382127999999998,,,,,7.874108;8.443289;8.701526,2.7191410772502422;2.8129550628364086;2.7391230687499046
javascript-typescript-interesting-small-edit-refactor,16,0,0.699822;0.773767;0.721549,0.070532;0.069691;0.039274,0,2.011946;1.808212;1.640989,0,1.963061;2.199859;1.9305839999999999,0,1.746449;1.756158;1.735132,0,1.760759;1.822096;1.801238,0,1.895503;1.8515540000000001;1.8220750000000001,0,302.183913;302.633039;307.606367,0,54.602521;32.59401;23.081348000000002,0,290.14206199999995;321.157739;288.064996,0,19.189806;19.258768;19.193852,,,,,2.42271;2.307572;3.462989,2.742933109402657;2.7867439202964306;2.7528509963303804
javascript-typescript-use-strict-2,61,0,0.63818;0.49657;0.532108,0.561735;0.418717;0.46865599999999996,0,1.990594;1.5875469999999998;1.692947,0,2.013042;1.8453169999999999;1.872688,0,1.747671;1.8345449999999999;1.817239,0,1.8679670000000002;1.8404980000000002;1.8447019999999998,0,1.7429970000000001;1.8301070000000002;1.776707,0,302.666215;302.278817;303.998045,0,50.526443;19.390579000000002;30.243294,0,331.226619;364.247367;353.133075,0,19.881000999999998;19.882893;19.5006,,,,,11.023381;10.350788;10.367804,2.742157084867358;2.774098888039589;2.778917085379362
javascript-typescript-very-interesting-brokn-code,19,0,0.16321400000000003;0.121096;0.115512,0.298438;0.248328;0.310171,0,2.027067;1.728943;1.862226,0,1.946553;1.8110730000000002;1.792422,0,1.7507759999999999;1.845748;1.814012,0,2.221059;1.979826;1.987156,0,1.838011;1.811067;1.81699,0,300.826745;327.562476;302.567088,0,22.996182;19.740374000000003;31.864683,10,284.09711500000003;299.323399;293.265697,0,19.486709;18.972889;19.346075,,,,,3.013547;2.998032;3.83633,2.6785240042954683;2.6895280461758375;2.6703299954533577
javascript-usebruno-bruno-add-class-to-classname-attribute,430,0,4.034165;4.7392270000000005;3.9189689999999997,1.781296;1.709178;1.642611,0,2.033903;1.8279290000000001;1.7591670000000001,0,2.078823;1.958436;2.151499,0,2.010871;1.933876;1.919001,0,2.014924;1.9809139999999998;1.9923229999999998,0,1.969362;2.032511;1.890134,0,302.960132;302.84654900000004;301.388435,0,84.48102899999999;52.497908;25.40284,0,495.375752;529.3603770000001;542.315388,0,25.327994;25.645680000000002;25.415243,,,,,104.516287;96.462194;97.409765,3.487752052024007;3.4922349732369184;3.4622179809957743
javascript-usebruno-bruno-style-change,60,0,0.958502;0.767243;0.763325,0.13647;0.100409;0.09721199999999999,20,1.9410759999999998;1.740942;1.674176,20,2.02399;1.859;1.817394,20,1.756166;2.031269;1.907297,20,1.897389;1.833438;1.8587,20,1.829067;1.753201;1.837806,20,302.17564600000003;303.938762;300.40809,20,39.505605;19.148154;20.893824,10,324.496001;332.45278;309.86145500000003,28,20.851774;21.019019;20.528299999999998,,,,,6.214729;5.371162;5.380489,2.7400341350585222;2.8885388746857643;2.806624164804816
javascript-vercel-next-add-doccomment,12,0,1.194302;1.028832;0.990887,0.09647499999999999;0.057182000000000004;0.141243,1,2.070638;1.66725;1.6931800000000001,1,1.9229640000000001;1.90848;1.85286,1,1.7315690000000001;1.8547909999999999;1.779386,1,1.8307799999999999;1.83149;1.7166169999999998,1,1.857041;1.7911890000000001;1.9179869999999999,1,313.590615;300.716557;301.029693,1,44.829458;18.656418000000002;19.996158,0,384.75902299999996;317.38025600000003;314.49375299999997,1,19.103358;18.79366;18.764905,,,,,3.345689;3.231701;3.31228,2.720964839681983;2.7922068256884813;2.7157459408044815
javascript-xpra-org-xpra-html5-small-change,9950,0,168.64995199999998;168.84481200000002;168.810501,39.754023000000004;41.087849;40.95744,0,3.163729;2.757254;2.822016,0,4.19289;4.049097;4.209078,0,4.0889869999999995;4.099361;4.047807,0,4.450863999999999;4.499593;4.391421,0,4.249817999999999;4.326125;4.242738,0,342.654301;341.293555;348.597204,0,138.744121;27.068144;53.01368,0,4077.201615;4222.368101;4077.3801120000003,0,228.635624;230.89810799999998;231.73640600000002,,,,,3213.308667;3080.314178;3179.755938,41.38310789130628;41.624348843470216;41.72396590001881
json-apache-string-change-version,826,0,9.723824;11.294897;9.558391,2.2322300000000004;2.075787;2.341584,0,2.228788;1.897363;1.7760950000000002,0,2.24215;2.1007589999999996;2.068023,0,2.141093;2.086291;2.049324,0,2.067793;2.227315;2.147035,0,2.096264;2.05187;2.056157,0,318.72889100000003;305.460622;316.820856,0,42.922117;26.782391;52.914438000000004,,,0,17.006322;16.849514;16.767519,0,10.659793;10.280521;10.221423999999999,,,,4.97998995706439;4.755827831104398;4.83204098418355
json-apache-superset-js-to-ts,34,0,0.378329;0.265828;0.23872,0.084347;0.087743;0.061049000000000006,0,2.041528;1.681931;1.749055,0,1.900593;1.899052;1.8871470000000001,0,1.7963689999999999;1.8796979999999999;1.7686920000000002,0,1.750625;1.8353810000000002;1.781803,0,1.8480059999999998;1.816135;1.729692,0,300.94613599999997;299.463151;302.344913,0,77.361186;56.449554;45.094836,,,0,8.24379;7.958754;8.529178,0,2.316355;2.0631120000000003;1.885471,,,,2.9023229144513607;3.0639220494776964;2.8809038922190666
json-fedoraqt-qgnomeplatform-remove-from-list,8,0,0.323523;0.292008;0.267874,0.025343000000000004;0.012012;0.010655,0,2.04497;1.8061310000000002;1.675016,0,1.980562;1.8321120000000002;1.7950329999999999,0,1.7603479999999998;1.889534;1.737974,0,1.948451;1.848489;1.7970270000000002,0,1.8362829999999999;2.003357;1.892255,0,301.09804099999997;302.655867;301.08883,0,55.52332;40.783334999999994;49.52828,,,0,7.834312;7.61674;7.519083,1,2.13678;1.764661;1.739943,,,,3.4525408409535885;3.251147922128439;3.558484837412834
json-fortawesome-font-awesome-string-change,2,0,0.199853;0.23974700000000002;0.154584,0.057196;0.039301;0.038261,0,1.840017;1.677118;1.7730389999999998,0,2.017217;1.836943;1.785812,0,1.732698;1.8607960000000001;1.807478,0,1.896752;1.8411499999999998;1.783296,0,1.733203;1.824277;1.723037,0,308.305681;310.37635600000004;302.793004,0,45.093987;44.165212000000004;23.612412,,,0,8.888273;8.384532;8.243262,0,3.191349;2.9918169999999997;2.8585160000000003,,,,2.94557586312294;2.761252922937274;2.8826240450143814
json-gorhill-ublock-add-5-pairs,810,0,6.408021;5.738057;5.7927919999999995,1.584311;1.786318;1.556499,2,2.288481;1.861916;1.899469,0,2.235134;2.1328810000000002;2.0544320000000003,0,2.001775;2.082682;2.21501,0,2.172064;2.186521;2.239641,0,2.028901;2.051472;2.0234620000000003,6,334.50320999999997;320.099446;318.566079,0,56.932489000000004;30.304413;20.833726,,,0,14.517867;14.406017;14.581389999999999,4,12.174177;15.496841000000002;14.188212,,,,19.650792004540563;21.30944700911641;19.3301800172776
json-gorhill-ublock-version,28,0,0.285125;0.192528;0.216281,0.059583000000000004;0.039137000000000005;0.038203,0,2.154376;1.634954;1.707243,0,2.045293;2.033891;1.937594,0,2.055174;1.9825429999999997;2.0918400000000004,0,2.077846;2.10764;2.0160310000000004,0,2.341305;2.16451;1.87871,0,303.709442;303.28456;302.805775,0,130.741795;44.011808;22.990509,,,0,8.311328999999999;8.205447;8.041302,0,2.371178;1.9719109999999997;2.6795959999999996,,,,3.2376288436353207;3.102123038843274;3.0605040956288576
json-governikus-ausweisapp-whitespace-only,10,0,0.08427799999999999;0.054254;0.051553,0.024703000000000003;0.01066;0.009846,0,1.924387;1.757399;1.6531799999999999,0,1.958866;1.8004900000000001;1.824688,0,1.804614;1.682842;1.80067,0,1.806942;1.7956999999999999;1.801922,0,1.743566;1.792575;1.819487,0,301.119201;303.704011;303.283847,0,44.187677;42.166056;22.583526,,,0,7.781184;7.578695;7.663286,0,2.038789;1.848319;1.8640079999999999,,,,2.8983019292354584;2.8638478834182024;2.8325489256531
json-grafana-grafana-add-pair,21,0,1.848766;1.779127;1.817928,0.05608400000000001;0.037134;0.043031,0,1.9852260000000002;1.7541989999999998;1.656072,0,1.90571;1.793556;1.851744,0,1.778821;1.977806;1.7634180000000002,0,1.768014;1.7964579999999999;1.7993270000000001,0,1.879038;1.715212;1.801977,0,302.903701;301.87066899999996;302.714941,0,77.61542200000001;26.110079000000002;29.333294,,,0,8.048867;7.881358;8.026421000000001,1,2.487094;2.010783;1.967163,,,,2.7506391052156687;2.654063981026411;2.697716932743788
json-ipfs-ipfs-desktop-only-update-version-strings,48684,0,800.788955;781.573166;757.4721129999999,91.112641;91.003187;95.501262,0,13.04745;13.486991999999999;13.219280999999999,0,15.466271;15.612680000000001;14.977784,0,14.891036999999999;14.935813;15.536100000000001,0,15.790045999999998;15.511420999999999;15.328824,0,14.710135;15.005721;14.941512000000001,0,42479.920648;42610.959031;41225.343883,0,67.57525100000001;109.572422;71.122933,,,0,572.9349559999999;593.04408;564.999967,0,501.71305099999995;465.219432;456.943235,,,,41747.64032312669;41703.78519501537;41570.30720915645
json-iwalton3-jellyfin-web-jmp-gigantic-file-trivial-string-version-change,31412,0,427.046855;432.121967;438.98288,60.709064999999995;61.063565;59.716143,0,5.561708;5.416171;5.7094700000000005,0,7.777201;7.637876;7.500232,0,7.400145;7.539473;7.415602000000001,0,7.542885;7.4902299999999995;7.422729,0,7.40371;7.449597;7.488869,0,387.480203;376.805607;373.88158500000003,0,76.196358;49.300605;46.061045,,,0,362.16668699999997;371.761948;366.225849,0,272.08709699999997;279.139653;282.090936,,,,68.77144705504179;81.64725499227643;74.99079196713865
json-kellyjonbrazil-jc-add-maxhops-to-traceroute,4,0,0.884708;0.7356189999999999;0.729237,0.20428600000000002;0.178278;0.191029,0,2.051638;1.7277550000000002;1.788583,0,1.984062;1.7863200000000001;1.804532,0,1.919621;1.836392;1.9818969999999998,0,1.905893;1.8599720000000002;1.835612,0,1.7393070000000002;1.842749;1.783698,0,299.314205;301.9642;302.218839,0,52.566964;46.761086;24.34096,,,0,8.603385999999999;8.44641;8.595604999999999,1,2.9015820000000003;2.470042;2.375106,,,,3.249235916882754;3.1595800537616014;3.257250878959894
json-kiwix-kiwix-desktop-add-a-few-change-a-few,396,0,5.109984;5.06354;4.73208,1.137343;1.3018580000000002;1.0656949999999998,1,2.215088;1.8836709999999999;1.886384,1,2.08991;1.9970949999999998;1.9805920000000001,1,1.992803;1.941847;1.9720039999999999,1,1.936494;1.970776;1.875633,1,1.856052;1.897876;1.8685340000000001,1,310.862079;301.865507;305.26324,1,67.402275;29.634152;40.73655,,,1,36.206116;36.889864;35.905803,0,6.9144890000000006;7.7845509999999996;9.497717,,,,4.301846958696842;4.339102189987898;4.633895121514797
json-langflow-update-single-string,4300,0,61.467446;61.037713000000004;61.598026,14.868113000000001;14.726631000000001;19.219976000000003,0,2.9026389999999997;2.6642200000000003;2.4842079999999997,0,3.431107;3.290101;3.268588,0,3.290635;3.196852;3.24195,0,3.264356;3.39629;3.3043,0,3.8849319999999996;3.463829;3.355502,0,311.95119;310.84127700000005;309.83167499999996,0,79.641623;26.932336;22.04454,,,0,60.37315;58.90716;66.058378,0,43.758871;44.039311999999995;42.785229,,,,11.981983901932836;11.67310494929552;12.263895943760872
json-lidarr-lidarr-remove-one-line,1759,0,91.579885;94.19397599999999;91.877748,5.191216;4.825938000000001;4.835334,0,2.2676749999999997;2.046383;1.886091,0,2.5868559999999996;2.452713;2.406573,0,2.404041;2.491396;2.375747,0,2.537999;2.455527;2.4162519999999996,0,2.400972;2.33889;2.257975,0,321.642289;301.91899;306.6004,0,51.427894;40.617492999999996;35.286104,,,0,28.468961;29.137372000000003;28.680793,1,28.740877;27.844247;26.926708,,,,5.690040998160839;5.579116055741906;5.9890770353376865
json-main-branch-track_open_instances-remove-item-from-list,47,0,9.860648;10.850624;9.902397,0.09459200000000001;0.077015;0.075584,1,2.072961;1.690525;1.7781529999999999,1,2.050735;1.853676;1.822051,1,1.8968450000000001;1.8114610000000002;1.854818,1,1.832454;1.8641910000000002;1.861426,1,1.8221209999999999;1.7605730000000002;1.8208199999999999,1,299.7591;312.934756;300.24366499999996,1,41.748374;31.690694999999998;40.542856,,,1,8.188271;8.255673999999999;8.080497000000001,0,2.49824;2.324552;2.197415,,,,2.884041052311659;3.0107409693300724;3.236341057345271
json-mastodon-add-translation,2089,0,146.428122;150.58274799999998;147.992713,6.273301;6.269525;6.176723,0,2.573786;2.077801;2.102379,0,2.696526;2.58269;2.531026,0,2.499332;2.470058;2.491511,0,2.632816;2.497033;2.495728,0,2.5315559999999997;2.5125070000000003;2.466506,0,307.44874100000004;304.85754199999997;311.598884,0,71.495308;25.270434;30.835901,,,0,33.586088;33.059641;33.001528,1,33.681429;32.878916000000004;33.883655,,,,7.276688003912568;7.412772160023451;7.742895977571607
json-microsoft-playwright-version-update,14,0,0.11078099999999999;0.074317;0.06860200000000001,0.029325999999999998;0.014393;0.013346,0,2.094949;1.7305840000000001;1.7500479999999998,0,1.863783;1.910974;1.800251,0,1.781138;1.826082;1.784439,0,1.735798;1.825423;1.7870430000000002,0,1.773125;1.769565;1.867173,0,300.773839;301.443145;305.513611,0,46.628189;20.400515000000002;29.021405,,,0,8.125107;8.058769999999999;8.233907,0,2.157928;1.78565;1.749783,,,,2.9474038165062666;2.8225129935890436;3.1780239660292864
json-nextcloud-server-deleted-pair,51,0,25.574019;24.705566;24.878178000000002,0.182255;0.160904;0.160806,1,2.230232;1.734445;1.729303,1,2.07113;1.912602;1.8548429999999998,1,1.895738;1.885448;1.867721,1,1.8338379999999999;1.831147;1.861567,1,1.7797049999999999;1.779995;1.7908220000000001,1,305.92417900000004;306.781018;301.595306,1,59.172069;22.082804;21.215635,,,1,8.351346000000001;8.330654;8.075799,0,3.19227;2.86347;2.830252,,,,2.988316817209125;3.052289132028818;3.21093387901783
json-nextcloud-server-remove-many-and-move-one,708,0,12.675068;12.278354;12.189785,2.497432;2.274013;4.026247,1,2.224637;1.843433;1.933509,1,2.356296;2.150809;2.157863,1,2.182112;2.125219;2.2558779999999996,1,2.215481;2.180853;2.1440449999999998,1,2.180853;2.098719;2.081978,1,307.73668;317.16193300000003;302.209226,1,52.035118;29.201801;22.211854,,,1,40.193585;41.380176999999996;39.022083,3,22.856931;22.894483;22.852629,,,,4.888741998001933;4.734368063509464;4.938213853165507
json-puppeteer-puppeteer-update-version,16,0,0.176328;0.13332400000000003;0.132014,0.041623;0.026351;0.025488999999999998,0,1.977161;1.746543;1.89608,0,2.336881;2.015857;2.002445,0,2.1688520000000002;2.310489;2.070416,0,1.881306;1.759074;1.852959,0,1.782043;1.8334110000000001;1.827246,0,305.29039600000004;299.92831800000005;302.16794600000003,0,77.532277;27.123828;22.49971,,,0,8.391433000000001;8.231881999999999;7.974581999999999,0,2.171072;1.962147;1.9504489999999999,,,,3.26483603566885;3.05839697830379;3.3692079596221447
json-puppeteer-puppeteer-version-update,4,0,0.043691;0.021876;0.019843,0.01324;0.0039640000000000005;0.0036829999999999996,0,2.235809;1.696185;1.539255,0,1.908691;1.86822;1.8408980000000001,0,1.806249;1.8207609999999999;1.80023,0,1.998573;1.9476470000000001;1.870363,0,1.859133;1.8414679999999999;1.757966,0,301.968688;302.57032699999996;308.83331400000003,0,50.179774;26.207293;23.545963,,,0,8.046075;7.668276;7.747968,0,2.015225;1.764538;1.766499,,,,2.6781929191201925;2.7221599593758583;2.965126186609268
json-puppeteer-puppeteer-version-update-2,4,0,0.045505;0.022121000000000002;0.019871,0.012994;0.003753;0.0034739999999999997,0,2.072987;1.768146;1.816265,0,1.899638;1.854728;1.788058,0,1.8522409999999998;1.80303;1.745236,0,1.745376;1.737647;1.7786989999999998,0,1.823045;1.82647;1.789681,0,303.688229;303.07759699999997;298.958874,0,45.087044;18.574462999999998;35.088357,,,0,7.836024;7.801361;7.610351,0,1.992869;1.786899;1.7587080000000002,,,,2.646452048793435;2.6789528783410788;2.949171932414174
json-radarr-radarr-rename-string-key,2240,0,125.786803;121.509524;120.661875,6.193652;6.1817530000000005;6.169124,0,2.463489;2.238696;2.163495,0,2.7971139999999997;2.632445;2.730578,0,2.7120249999999997;2.60974;2.696857,0,2.9316400000000002;2.764413;3.065487,0,3.246891;2.86605;2.724892,0,310.193204;306.404512;307.053162,0,53.115668;26.445626999999998;24.950099,,,0,33.911275999999994;34.488197;37.173359000000005,0,35.322503999999995;35.646582;30.882383,,,,7.591235917061567;7.554278941825032;8.100545965135098
json-shadcn-ui-ui-add-one-line,187,0,2.233136;2.0418670000000003;2.004617,0.558907;0.5613630000000001;0.48649899999999996,0,2.13471;2.0436539999999996;1.878668,0,1.9901820000000001;1.99882;1.975752,0,1.9896179999999999;1.872545;1.9700109999999997,0,1.834438;1.923201;1.781445,0,1.8453689999999998;1.870271;1.850184,0,302.967074;301.420949;306.724958,0,59.313045;30.94073;33.616917,,,0,10.270789;9.730388;9.515051,1,4.727689;4.46818;4.285156,,,,3.257220843806863;3.2365170773118734;3.8852940779179335
json-shadcn-ui-ui-react-code-in-string-constant,30,0,11.848338;11.410136;11.903202,0.552847;0.497038;0.514184,0,2.1393839999999997;1.806116;1.652081,0,1.976639;1.9059700000000002;1.841901,0,1.853252;1.913627;1.848757,0,1.762542;1.777442;1.7976699999999999,0,1.844973;1.823693;1.7897939999999999,0,307.823376;301.836096;325.83727899999997,0,37.684873;28.871524;31.358010999999998,,,0,31.244242;31.087853;32.027846,1,3.436643;3.415606;3.046637,,,,3.0502970330417156;3.0991139356046915;3.490910865366459
json-shadcn-ui-ui-string-value-update-string-is-code,24,0,2.049741;1.535921;1.668229,0.188288;0.160686;0.15977,0,2.084579;1.598137;1.701253,0,137.584372;2.454247;1.856009,0,1.87698;1.847644;1.7999960000000002,0,1.8065259999999999;2.067883;1.842608,0,2.0890079999999998;1.905195;2.098455,0,320.340687;318.02463600000004;315.228181,0,77.035805;36.790248999999996;26.328511,,,0,13.954198;13.712287;13.670698999999999,2,2.5234490000000003;2.1505539999999996;2.1587009999999998,,,,2.9779670294374228;2.8049310203641653;3.2215099781751633
json-vercel-next-version,30,0,0.234876;0.259876;0.187733,0.069651;0.048707;0.08321699999999999,0,1.848153;1.5882820000000002;1.7187240000000001,0,1.940207;1.8519999999999999;1.7538829999999999,0,1.7506;1.786994;1.817353,0,1.803144;1.724537;1.945428,0,1.8372659999999998;1.882325;1.81077,0,304.549468;303.525621;300.793645,0,52.860053;25.6101;106.845628,,,0,8.078868;7.950472;7.967620999999999,0,2.18076;1.938188;1.920873,,,,2.84756300970912;2.835635095834732;3.1608238350600004
json-webgpu-native-webgpu-headers-only-insertions,13602,0,225.79116499999998;208.836208;210.02273699999998,21.043666;21.001779;21.065631000000003,5,4.341356;3.954896;3.919212,1,4.749074;4.719850999999999;4.664502,1,4.6876050000000005;4.5474060000000005;4.661298,1,4.903835;4.689698;4.532663,1,4.478524999999999;4.980982;4.576821,9,2787.983349;2829.9002729999997;2895.007981,5,66.23221099999999;36.232718999999996;29.506373999999997,,,1,116.24707099999999;122.25211800000001;116.80402600000001,7,88.24593899999999;83.40244;83.75109,,,,2496.8456579372287;2500.1653051003814;2583.904590923339
kotlin-add-data-class,23,0,0.743154;0.660029;0.660307,0.156999;0.104715;0.100902,1,2.088021;1.837446;1.744277,1,1.964502;1.771077;1.822382,1,1.778917;1.933086;1.7919800000000001,1,1.769628;1.911844;1.8123390000000001,1,1.803789;1.938946;1.860491,1,302.288418;304.02155400000004;300.26706800000005,1,60.855686;32.010506;32.116303,1,305.736171;337.880875;330.09064,2,53.540276999999996;53.030058;53.172211,,,,,26.553041;25.918796;25.069356,3.4894500859081745;3.3498709090054035;3.465060843154788
kotlin-add-null-check,23,0,0.890671;0.8187869999999999;0.785578,0.216894;0.09837000000000001;0.09609200000000001,0,1.922215;1.690352;1.638484,0,1.842839;1.888582;1.8378960000000002,0,1.828819;1.810539;1.753409,0,1.751323;1.831651;1.843039,0,1.9005079999999999;1.9181510000000002;1.8225529999999999,0,302.41901;302.923438;310.845061,0,54.497603999999995;26.095171999999998;26.860063,0,308.76945;318.080466;331.216028,0,52.650391;52.603738;51.761544,,,,,14.068094;13.815246;13.45417,2.7893430087715387;2.727074082940817;2.8747478500008583
kotlin-add-validation,24,0,1.084131;1.006121;1.0311439999999998,0.17577900000000002;0.119411;0.116536,0,1.951778;1.823268;1.677553,0,1.996294;1.82895;1.8118100000000001,0,1.817351;1.884077;1.7864980000000001,0,1.914244;1.832985;1.7658319999999998,0,1.8101580000000002;1.7524000000000002;1.789849,0,304.581903;314.532668;300.229518,0,24.844141;27.056936;18.348305,0,332.071326;335.42836;303.007798,0,52.551881;53.884543;52.76344,,,,,16.0036;15.831539;15.497437,2.7966219931840897;2.712448127567768;2.730289939790964
kotlin-fix-loop-bug,30,0,1.354198;1.274472;1.3446289999999999,0.22393000000000002;0.156431;0.190615,0,1.993295;1.783823;1.713704,0,2.021385;1.8429760000000002;1.8217070000000002,0,1.806073;1.743629;1.774818,0,1.85031;1.789255;1.780794,0,1.823018;1.783416;1.8481960000000002,0,299.132082;301.017399;303.64998399999996,0,50.12626;27.028793999999998;47.072699,0,334.649031;338.08038400000004;314.618884,0,52.890302;51.836447;51.552619,,,,,24.066242;26.873833;23.323172,2.8044350910931826;2.8453031554818153;2.845434006303549
kotlin-jetbrains-kotlin-add-single-const,61,0,0.70237;0.5983050000000001;0.545501,0.51146;0.34411400000000003;0.306444,0,2.0002940000000002;1.816785;1.802641,0,1.964858;1.9540680000000001;1.7695740000000002,0,1.9067699999999999;1.853208;1.799072,0,1.930655;1.864941;1.9760419999999999,0,1.737404;1.8013860000000002;1.774615,0,320.090861;299.86434;301.619757,0,75.618395;22.344212;44.265165,0,367.169415;395.317264;374.627393,0,52.452672;53.306559;52.472988,,,,,55.696789;71.773063;55.654044,2.8839241713285446;2.710648812353611;2.837663982063532
kotlin-jetbrains-kotlin-remove-one-comment-line,65,0,0.494308;0.405073;0.424651,0.247884;0.260861;0.195935,0,2.196912;1.604343;1.75165,0,1.924465;1.8089410000000001;1.808008,0,1.8518530000000002;1.75378;1.8618219999999999,0,1.792472;1.7817550000000002;1.852911,0,1.750936;1.869553;1.8008410000000001,0,307.164453;310.187929;342.010847,0,24.860077;27.646397;32.137934,0,361.925727;354.576679;354.538911,0,52.220058;55.244215;54.214938999999994,,,,,34.594621;35.783986;32.272926,2.992653986439109;2.945099025964737;2.877939958125353
kotlin-jetbrains-kotlin-remove-some-deprecation,60,0,1.089608;1.012639;1.036012,0.421006;0.28435;0.27985899999999997,1,1.916797;1.777037;1.7569919999999999,1,1.985606;1.8505170000000002;1.7618340000000001,1,1.892796;1.8174510000000001;1.8763210000000001,1,1.8505340000000001;1.874553;1.892033,1,1.8714389999999999;1.865986;1.887594,1,304.430954;304.296081;299.282049,1,68.30367299999999;23.251394;18.137869000000002,1,347.58529599999997;356.415372;341.87104899999997,0,58.546955999999994;58.675154;57.881885000000004,,,,,36.158289;36.890151;29.477033,3.060081973671913;3.118263091892004;3.074635984376073
kotlin-jetbrains-kotlin-remove-typealias-with-annotations,64,0,0.451065;0.374262;0.378911,0.36761299999999997;0.339407;0.290572,1,2.093606;1.756206;1.703069,1,1.9591880000000002;1.799697;1.891346,1,1.867853;1.9094820000000001;1.729558,1,1.82107;1.82009;1.8991209999999998,1,1.886514;1.88199;1.7586760000000001,1,305.02215;299.826392;302.00933200000003,1,60.794606;43.990436;28.395362,0,379.74414099999996;380.862734;351.256152,0,52.335493;52.815617;53.046441,,,,,29.825673;30.586407;29.644553,2.7219641488045454;2.72307894192636;2.651441842317581
kotlin-mozilla-firefox-firefox-add-one-annotation,2073,0,17.323203999999997;20.716001000000002;16.789634,10.575808;10.049831;9.763424,0,2.410057;1.9862460000000002;1.997922,0,2.516245;2.3691530000000003;2.425647,0,2.430342;2.3794139999999997;2.255272,0,2.384775;2.402085;2.5061020000000003,0,2.38511;2.2625990000000002;2.4301209999999998,0,306.816572;303.712361;307.64574799999997,0,61.293883;39.59538;21.093874,0,2373.68699;2305.1211949999997;2307.1903709999997,0,79.788788;81.80783;81.17645499999999,,,,,1743.509718;1802.589949;1684.079407,6.386998109519482;6.324776913970709;6.471608066931367
kotlin-mozilla-firefox-firefox-add-one-line,5627,0,183.396659;183.873906;182.830207,44.812061;43.973331;44.022588,0,2.873942;2.427794;2.44565,0,3.239058;3.102687;3.0820309999999997,0,3.042436;3.007471;3.010398,0,3.036509;3.074406;3.131824,0,3.141574;3.139745;3.1019189999999996,0,314.848441;313.279702;311.64353700000004,0,46.677580000000006;58.47143;48.402676,0,6572.946008;6578.117951;6693.485168,0,142.23887900000003;139.952156;140.302011,,,,,5649.852905;5484.431631;5502.223564,12.391719967126846;12.34585209749639;12.256926158443092
kotlin-mozilla-firefox-firefox-add-one-line-2,865,0,162.80128299999998;160.775939;160.431209,5.998898;5.679484;5.701614999999999,0,2.2124639999999998;1.859325;2.106179,0,2.2681009999999997;2.1614630000000004;2.167462,0,2.351387;2.0598639999999997;2.024515,0,2.0792089999999996;2.090938;2.032011,0,2.0676010000000002;2.039786;2.081425,0,303.18042099999997;303.451955;302.619696,0,52.296769;28.512356999999998;22.214975000000003,0,1363.211089;1319.703416;1322.052391,0,68.080196;68.29400600000001;68.015107,,,,,849.264062;810.638159;822.505661,4.480978939682245;4.548853961750865;4.734871909022331
kotlin-mozilla-firefox-firefox-rename,60,0,0.40330699999999997;0.341285;0.332941,0.284903;0.304435;0.224686,0,2.1116;1.8216409999999998;1.7200259999999998,0,2.04598;1.774161;1.852948,0,1.7746490000000001;1.8140020000000001;1.97188,0,1.813102;1.793471;1.858584,0,1.837895;1.939135;1.893102,0,304.292625;302.97963300000004;323.206511,0,30.337461;35.295333;46.637033,0,337.272649;349.808124;372.39533600000004,0,53.756562;53.239785;52.671584,,,,,30.216227;27.662098;27.67943,2.8571640141308308;2.9648509807884693;2.894827863201499
kotlin-nextcloud-android-add-a-feature,1050,0,26.464102;26.920669;28.267654,7.872017;8.167358;7.836169,4,2.485977;1.9900600000000002;2.132317,2,2.246644;2.111266;2.1259400000000004,2,2.108739;2.142922;2.304565,2,2.289949;2.299677;2.450475,2,2.156303;2.0384629999999997;2.024405,2,307.982973;312.9289;310.28813,2,36.512962;31.1754;29.816094,0,1297.3480020000002;1317.7004299999999;1289.958331,0,72.530746;79.563007;72.581877,,,,,882.356319;806.652043;795.906499,9.411799954250457;9.69435111619532;9.455112973228095
kotlin-nextcloud-android-add-one-annotation,6363,0,75.716702;69.700395;64.038571,41.65289;40.093578;41.496517,0,2.823161;2.58148;2.430283,0,3.93046;3.614249;3.627996,0,3.586102;3.623881;3.539001,0,3.923126;3.820342;3.8503600000000002,0,3.6031750000000002;3.627775;3.664871,0,316.164284;316.43551399999996;314.036135,0,37.023412;24.351226;23.819812,0,7098.732064;7111.5222109999995;6997.632889,0,154.179053;147.202757;146.156608,,,,,6202.328586;6023.185601;6103.857083,14.271963154897094;17.040577018633485;14.46195086464286
kotlin-nextcloud-android-add-param,57,0,0.9562849999999999;0.865263;0.863824,0.347973;0.365608;0.283746,0,2.195306;1.814821;1.679849,0,2.033409;1.872326;1.886863,0,1.826714;1.994071;1.83248,0,1.884413;1.772995;1.786509,0,1.868489;1.8374489999999999;1.900717,0,308.322556;303.830406;300.31240399999996,0,78.350792;34.899767;42.461081,1,369.190577;392.334325;372.88873099999995,0,55.715007;55.334479;53.07449999999999,,,,,35.120142;33.339515;35.652919,3.2594860531389713;3.4812320955097675;3.3936859108507633
kotlin-nextcloud-android-add-param-to-class,35,0,0.783714;0.6661889999999999;0.667256,0.139241;0.125693;0.093421,1,1.992648;1.757139;1.740712,1,1.8306069999999999;1.885378;1.8722940000000001,1,1.885047;1.8903830000000001;1.914283,1,1.9872280000000002;1.93068;1.977155,1,1.903443;1.749275;1.853851,1,299.345508;302.984121;306.4414,1,53.302747;19.545501;23.62364,1,326.03274;302.510599;324.713727,1,52.372043;53.052756;52.003966999999996,,,,,12.397389;11.998103;13.31661,2.896810183301568;2.903660060837865;2.9049941804260015
kotlin-nextcloud-android-different-function,44,0,0.34736;0.266498;0.26111100000000004,0.19153900000000001;0.13931100000000002;0.18710500000000002,0,1.875519;1.757433;1.838862,0,1.970534;1.844935;1.753044,0,1.797784;1.766694;1.79992,0,1.973258;1.763816;1.930918,0,1.824986;1.841658;1.777401,0,304.418865;312.88052500000003;305.416666,0,46.816263;18.925508;25.980835,0,324.725907;345.59308100000004;328.005189,0,52.786362000000004;51.864527;52.412220000000005,,,,,20.71283;19.824022;22.877762,2.840625122189522;2.8211460448801517;3.1279479153454304
kotlin-nextcloud-android-dot-to-question-mark-dot,392,0,21.082116000000003;19.988962;20.415674000000003,2.726063;2.5446869999999997;2.60818,0,2.037469;1.774918;1.723986,0,2.050952;1.9459270000000002;1.884204,0,1.857699;1.932595;1.8702320000000001,0,1.922318;1.93396;1.9486219999999999,0,1.950361;1.867586;1.9176989999999998,0,311.44284799999997;305.75363;305.729289,0,47.275635;25.587963;26.415179000000002,0,791.776707;811.197901;793.970649,0,58.854155;58.638517;61.074726000000005,,,,,393.723014;374.291781;377.086366,3.875304013490677;3.865069011226296;5.453604971989989
kotlin-nextcloud-android-extract-argument-into-variable,405,0,7.859449;7.472783000000001;7.3911810000000004,3.570545;3.321572;3.3142940000000003,0,2.0902339999999997;1.822959;1.8771470000000001,0,2.102341;1.952179;1.874411,0,2.061298;1.8970230000000001;1.937186,0,1.836323;1.950365;1.886324,0,1.920509;1.916445;1.871442,0,303.270753;313.522418;308.49099,0,101.762835;26.288569000000003;19.527171,0,932.721431;914.684356;884.586454,0,61.330532;63.987902999999996;61.323822,,,,,473.431126;457.536045;465.577493,3.5891951993107796;3.6208380479365583;3.7436808925122023
kotlin-nextcloud-android-move-from-one-mocking-library-to-other,119,0,11.760387000000001;12.019003999999999;11.404782,0.839486;0.7364459999999999;0.76866,3,2.175835;1.740511;1.649359,3,2.116844;1.938981;1.871583,3,1.859199;1.99015;1.9763160000000002,3,2.015167;1.824882;1.7888570000000001,3,1.795461;1.788283;1.852101,3,306.180719;338.887626;316.667813,3,158.20928;36.590287;35.777564,0,461.949518;514.545666;488.579159,6,61.491271;62.370266;70.063344,,,,,103.455533;98.831313;102.391287,4.0262669790536165;3.9673331193625927;3.979861037805677
kotlin-nextcloud-android-real-small-change,42,0,1.976219;1.7977239999999999;1.7934139999999998,0.190013;0.12333299999999998;0.12016,1,2.195059;1.8500089999999998;1.7607140000000001,1,2.0100949999999997;1.892277;1.8722910000000001,1,1.889036;1.831963;1.815522,1,1.9242569999999999;1.797652;1.8659150000000002,1,1.849134;1.779269;1.806796,1,302.299731;303.58692199999996;306.68984700000004,1,137.720781;19.54854;22.384472,7,312.550884;339.009994;345.665803,0,55.250689;54.218949;52.24782,,,,,18.446161;18.566553;17.478382,2.9059250373393297;2.9075269121676683;2.8532189317047596
kotlin-nextcloud-android-remove-function,55,0,0.524764;0.481009;0.45903900000000003,0.293564;0.218962;0.214766,1,2.112267;1.729792;1.698457,1,2.039402;1.854287;1.985863,1,1.784783;1.791934;1.79748,1,1.837839;1.8453009999999999;1.833509,1,1.773909;1.834938;1.8048739999999999,1,301.682498;303.135759;304.948718,1,27.39647;17.995554000000002;18.783772,0,349.618892;364.087985;388.720825,0,52.311524999999996;52.082399;52.325094,,,,,31.597723;32.549801;30.208199,2.6794669684022665;2.6846749242395163;2.757206093519926
kotlin-nextcloud-android-remove-one-argument,761,0,9.259909;8.801289;8.888917,5.948129;5.869481;5.700084,0,2.152736;1.852422;1.883805,0,2.1431340000000003;2.172049;1.9960849999999999,0,1.9777520000000002;2.035997;2.046756,0,1.973659;2.0487970000000004;1.975826,0,1.980132;1.94155;2.051719,0,308.594871;302.36898299999996;303.924927,0,108.14584500000001;30.083855;24.630095,0,1130.604417;1131.929478;1119.568807,0,63.71615;63.151039000000004;64.13463899999999,,,,,685.887284;683.943408;653.591202,3.468438982963562;3.4905350767076015;3.452163888141513
kotlin-nextcloud-android-remove-one-argument-2,157,0,21.978772;21.547787;22.997747999999998,1.188716;1.113973;1.080771,0,2.0450310000000003;1.7833;1.830599,0,2.149174;1.8689310000000001;1.824581,0,1.8193549999999998;1.831191;1.824458,0,1.765324;1.864115;1.8130410000000001,0,1.807288;1.838382;1.8134379999999999,0,301.88336799999996;313.926624;302.47695699999997,0,50.418366999999996;19.743681;25.811662,0,507.609157;454.470778;533.482893,0,54.907745;54.172907;54.663720999999995,,,,,116.719334;119.267026;111.900003,2.801093040034175;2.79186200350523;2.853594021871686
kotlin-nextcloud-android-remove-one-import,6287,0,72.62531899999999;74.40912700000001;73.60425099999999,41.68065;42.158359;43.291679,0,2.99032;2.4801100000000003;2.570877,0,3.191996;2.946042;2.971567,0,2.958531;2.924763;3.033114,0,2.9595480000000003;2.977726;2.93336,0,2.942269;2.952905;3.0526820000000003,0,312.08003299999996;309.355451;309.734018,0,51.011589;25.583909;24.196285000000003,0,6939.877472;6978.934072999999;6969.580607,0,145.82851;150.661835;146.86503100000002,,,,,6187.659832;5926.414965;5956.051067,17.9181769490242;17.81225297600031;17.984973965212703
kotlin-nextcloud-android-rename,38,0,0.333173;0.27089300000000005;0.274311,0.195502;0.184822;0.141231,0,2.0824480000000003;1.904948;1.6621430000000001,0,1.970095;1.817342;1.8388149999999999,0,1.849034;1.80816;1.7260369999999998,0,1.8547710000000002;1.783717;1.8234869999999999,0,1.891073;1.856639;1.788719,0,302.72337500000003;322.781432;315.276523,0,29.360632000000003;38.03724;44.54718,0,333.746155;354.99019599999997;315.161235,0,52.050177000000005;52.741854;52.32959,,,,,20.199907;19.449014;20.383858,3.4780981950461864;3.361050970852375;3.2147299498319626
kotlin-nextcloud-android-rename-field,38,0,0.335891;0.285805;0.329502,0.210155;0.15959800000000002;0.14119600000000002,0,1.9907879999999998;1.630758;1.7431,0,2.041295;1.895799;2.05347,0,1.8776929999999998;1.866578;1.7170340000000002,0,1.823657;1.8221260000000001;1.8871669999999998,0,1.8418320000000001;1.855405;1.724768,0,303.283584;305.213817;302.168495,0,79.203997;21.534374;20.563866,0,343.965295;365.28414100000003;316.55707,0,53.316126;51.392128;52.309128,,,,,20.286919;19.013962;19.41809,2.8641989920288324;2.879973966628313;2.788822865113616
kotlin-nextcloud-android-small-change,44,0,0.473226;0.36529;0.386833,0.186668;0.12446499999999999;0.121554,0,1.90662;1.755168;1.776508,0,2.00144;1.913659;1.8473000000000002,0,1.7615619999999999;1.849591;1.875008,0,1.844771;1.922473;1.844895,0,1.911722;1.730195;1.822293,0,307.315427;317.265631;305.573735,0,55.324382;33.847398;19.993327,1,322.091291;334.94289599999996;326.00834899999995,,,,,,,17.943385;16.346366;17.599887,2.9272171668708324;2.9333687853068113;2.924514003098011
kotlin-nextcloud-android-whitespace-only,183,0,1.383431;1.26442;1.263736,1.242671;1.040466;1.104573,1,2.4541989999999996;1.7376850000000001;1.6465049999999999,1,2.249123;2.02942;2.0042079999999998,1,2.011797;1.9133749999999998;1.818496,1,1.806211;1.878509;1.7820799999999999,1,1.800508;1.818411;1.8200779999999999,1,302.44661099999996;300.752859;307.463574,1,47.216453;19.921199;18.764860000000002,0,519.158271;521.443383;527.084098,0,57.836614000000004;55.099983;54.752518,,,,,149.524779;148.611998;145.393534,2.8648870065808296;2.8626988641917706;2.8148710262030363
kotlin-nextcloud-change-function-fingerprint,320,0,4.72455;4.62632;4.517936000000001,2.3203579999999997;2.193155;2.1864160000000004,2,2.109237;1.890396;1.783422,2,2.058433;1.907531;1.891198,2,1.993034;1.8738439999999998;1.899835,2,1.8408680000000002;1.8823159999999999;1.910442,2,1.911985;1.930806;1.889555,2,303.535586;303.667446;303.26907,2,50.540657;46.35837;34.368375,1,665.3127920000001;674.282648;682.858133,1,67.795097;69.69198999999999;68.646805,,,,,272.032046;268.018974;252.664569,4.58717392757535;4.549822071567178;4.645274952054024
kotlin-nextcloud-whitespace-only-change,141,0,1.328081;1.097167;1.044823,0.9265059999999999;0.9201600000000001;0.864198,1,2.098343;1.847041;1.746347,1,1.9786949999999999;1.84218;1.817038,1,1.875661;1.829164;2.030202,1,1.93582;1.8847930000000002;1.7741639999999999,1,1.83843;1.823712;1.866224,1,304.56323000000003;335.58833799999996;332.57828,1,24.517053;45.230560000000004;28.974925,0,516.1075480000001;530.966544;478.142404,0,54.347803;53.250690000000006;54.468672000000005,,,,,111.690431;108.808481;107.967887,2.965702209621668;2.933042123913765;3.008597996085882
kotlin-remove-function,136,0,4.379747;4.144189000000001;4.16022,0.797384;0.714513;0.670893,4,2.15141;1.7801099999999999;2.0032959999999997,4,2.033642;1.934871;1.912364,4,1.759698;1.9116719999999998;2.0607260000000003,4,1.940854;1.777676;1.83842,4,1.895453;1.973545;1.916051,4,304.53983600000004;303.818002;310.03594,4,29.437324;23.468438000000003;24.793224,14,457.005182;437.02743100000004;445.61192500000004,12,75.118353;75.214241;75.190367,,,,,91.061882;74.122232;71.85191,4.148637875914574;4.300716798752546;4.202258074656129
kotlin-rustdesk-rustdesk-add-func,57,0,0.757984;0.5770919999999999;0.648289,0.332481;0.306531;0.27135699999999996,0,2.127846;1.886853;1.789619,0,2.0192650000000003;1.8510289999999998;1.834991,0,1.823599;1.80184;1.847411,0,1.82308;1.792933;1.794556,0,1.813537;1.798458;1.889114,0,315.409408;300.743131;301.442474,0,52.534376;26.611739999999998;26.973938999999998,0,374.870163;393.08677800000004;369.929287,0,51.851504999999996;52.286950999999995;51.961385,,,,,42.806065;39.603962;42.774282,2.794601023197174;2.764957956969738;2.8995610773563385
kotlin-small-api-change,172,0,2.3550780000000002;2.112349;2.153056,1.097539;1.106319;1.583027,3,2.126268;1.6969750000000001;1.728596,3,1.9672090000000002;1.886657;1.9257650000000002,3,1.862116;1.926472;1.918775,3,1.930843;1.843764;1.8475080000000002,3,1.8233;1.845762;1.833069,3,306.287145;306.703885;304.625416,3,53.764027;20.943365;21.569195,0,513.721012;543.186771;525.334986,3,54.895388000000004;55.686752;54.964547,,,,,155.234529;152.548787;158.632751,3.360181115567684;3.311329055577517;3.5365489311516285
kotlin-yairm210-unciv-another-vector2-removal,1617,0,24.312827;24.383199;24.017631,13.558568000000001;12.817761;12.781494,0,2.4448489999999996;2.093222;2.0427660000000003,0,2.6368810000000003;2.3838459999999997;2.3724000000000003,0,2.291328;2.258707;2.386819,0,2.327549;2.318899;2.4021500000000002,0,2.347229;2.4610019999999997;2.319513,0,312.174891;307.70381499999996;306.97529699999996,0,56.44613;20.001626;30.617127,62,2208.485172;2247.5567490000003;2236.423757,0,83.813239;84.14747200000001;82.976616,,,,,1686.30609;1627.575644;1646.022918,7.844876032322645;7.721558213233948;7.97204184345901
kotlin-yairm210-unciv-move-from-vec2-to-hexexpression,1162,0,14.015652;13.906642999999999;13.681305,11.173489;11.265581;10.992386,1,2.40306;2.047117;1.920047,1,2.2033460000000002;2.218537;2.146673,1,2.073606;2.115925;2.11186,1,2.129079;2.067805;2.1152599999999997,1,2.0401059999999998;2.023573;2.05521,1,308.170178;305.635895;306.761206,1,47.811539;30.395221;29.837563,1,1890.062473;1887.260882;1844.295222,1,76.85913900000001;75.965693;76.505506,,,,,1401.273398;1292.856351;1305.455896,6.624416913837194;6.72894692979753;6.76301890052855
kotlin-yairm210-unciv-remove-tovector2-from-multiple-callsites,1178,0,76.47457;73.819439;75.193051,12.383737;12.623083000000001;11.571629,6,2.3475420000000002;1.977763;1.966109,6,2.3708650000000002;2.330034;2.189437,6,2.216857;2.5075060000000002;2.266402,6,2.2007239999999997;2.314386;2.333589,6,2.183348;2.243129;2.180204,6,333.446721;314.295592;322.198617,6,29.980046;75.085021;33.321788999999995,6,1885.32523;1875.939192;1867.24351,6,77.37604300000001;73.74627000000001;73.815241,,,,,1342.223645;1291.881228;1275.208732,8.212574990466237;8.115136064589024;8.265065960586071
kotlin-yairm210-unciv-small-change,297,0,6.122128999999999;6.35849;6.117088,1.513513;1.429763;1.393987,0,2.029324;1.85395;1.847226,0,2.04536;1.92064;1.920102,0,1.9067139999999998;1.9048509999999998;1.892206,0,1.877212;1.806349;1.944019,0,1.9794919999999998;1.9633099999999999;1.8560370000000002,0,301.58626300000003;301.98179400000004;305.99918399999996,0,59.478336999999996;26.204373;20.711732,0,582.541154;575.969218;561.3203719999999,0,55.626894;56.495400000000004;54.878624,,,,,166.407672;175.454714;164.179691,3.7779679987579584;3.6316202022135258;3.7258449010550976
kotlin-yairm210-unciv-vector2-to-hexgrid,499,0,47.692182;47.01106;47.185706,3.495585;3.305667;3.3582339999999995,0,2.2945219999999997;1.9805579999999998;1.9481789999999999,0,2.260108;2.017016;1.982326,0,1.9708809999999999;2.0877339999999998;2.010586,0,1.937578;2.0162869999999997;2.062354,0,2.0131699999999997;1.945957;1.9349560000000001,0,310.581658;309.721876;310.62348699999995,0,66.055177;21.764279000000002;35.890442,0,922.484929;930.457998;930.520527,0,74.002989;74.00235300000001;73.455016,,,,,467.431556;443.044366;449.138766,8.006676100194454;7.8180518466979265;7.827573921531439
kotlin-yairm210-unciv-yet-another-vector2-removal,421,0,111.716586;110.71918;110.29209,4.3946130000000005;4.611485;4.215414,0,2.237572;1.938338;1.945374,0,2.108632;1.983309;1.93261,0,1.988431;2.0749560000000002;1.9985490000000001,0,1.9995070000000001;1.933946;1.985841,0,1.935942;1.994707;1.9450859999999999,0,309.205721;312.297147;303.661819,0,68.047657;23.466312;35.772251999999995,0,1027.640749;989.141305;1005.878351,0,154.248144;153.412255;150.23350499999998,,,,,530.516243;509.275032;537.405384,5.691736936569214;5.666728131473064;5.724587012082338
lua-awesome-only-comment-change,1440,0,9.112646999999999;8.539646999999999;8.42319,4.560842000000001;4.316339;6.288708,1,2.3967110000000003;1.980045;1.8392549999999999,1,2.148573;2.094889;2.012039,1,2.001764;2.005517;1.9940399999999998,1,2.013638;2.0993169999999997;2.466903,1,2.11108;2.044452;2.082888,1,306.571667;301.961525;301.705952,1,62.11904;22.085338;24.181295,,,1,29.020067;28.929620999999997;28.490991,,,,,,5.134911043569446;4.771400010213256;4.966224078088999
lua-awesomewm-awesome-add-comment,41,0,15.137118999999998;14.435329;14.115922,0.253255;0.198558;0.197009,0,2.071406;1.765888;1.7683639999999998,0,1.9719;1.90569;1.751931,0,1.806773;1.791926;1.836192,0,1.7992450000000002;1.839244;1.770955,0,1.834061;1.754464;1.890283,0,304.844481;304.766058;306.064147,0,36.225786;18.579228999999998;20.974867,,,0,11.673186000000001;10.534383;10.730644,,,,,,2.952589886263013;2.861554967239499;2.8281088452786207
lua-awesomewm-awesome-add-deprecation-notice-to-comment,1210,0,10.869629;10.271656;10.160931999999999,5.277122;7.567428;7.04316,1,2.271478;2.0128670000000004;1.995324,1,2.1492310000000003;2.037535;2.024504,1,1.9892489999999998;2.050208;1.963481,1,1.974146;2.0316560000000004;1.9861560000000003,1,1.983265;2.011698;1.994732,1,304.99871499999995;306.96535600000004;307.260917,1,55.858553;24.311207000000003;25.055798,,,1,33.418449;33.153389999999995;33.360661,,,,,,4.619936924427748;4.584925016388297;4.6602049842476845
lua-awesomewm-awesome-add-func,40,0,0.349843;0.289285;0.274449,0.14792;0.11584;0.120922,1,2.0911720000000003;1.782678;1.664727,1,1.93694;1.7966119999999999;1.9810280000000002,1,1.8026559999999998;1.885414;1.7858990000000001,1,1.776113;1.868512;1.821744,1,1.822262;1.888772;1.903239,1,303.078509;303.27173400000004;298.075078,1,65.82270299999999;26.029914;26.537567000000003,,,0,10.643135;10.163758999999999;10.449445,,,,,,2.7030319906771183;2.862825058400631;2.7520880103111267
lua-awesomewm-awesome-add-func-call,37,0,0.587148;0.56467;0.508482,0.28388599999999997;0.193372;0.189983,0,1.9250639999999999;1.769908;1.739793,0,1.8851930000000001;1.807745;1.8368600000000002,0,1.806281;1.830523;1.944553,0,1.869613;1.8114649999999999;1.89584,0,1.8436240000000002;1.812945;1.851402,0,301.031681;300.582684;313.094937,0,44.755762;23.085300999999998;22.693638,,,0,10.836255;10.747012999999999;10.386384,,,,,,2.767652040347457;2.814357867464423;2.7008759789168835
lua-awesomewm-awesome-add-h-to-align,56,0,0.5112680000000001;0.394565;0.388839,0.253184;0.19089099999999998;0.16089,0,1.926412;1.745597;1.951914,0,1.972438;1.863307;1.84987,0,1.744267;1.7846929999999999;1.812684,0,1.814305;1.83683;1.7791759999999999,0,1.876424;1.830959;1.816626,0,305.609644;302.539674;303.988668,0,53.14099;17.882489;18.396696000000002,,,0,11.856165;11.343567;11.399219,,,,,,3.877019975334406;3.079534973949194;2.9675071127712727
lua-awesomewm-awesome-add-noreturn-comment,273,0,2.328207;2.166524;2.089312,0.954826;0.929143;0.944734,0,2.095518;1.821734;1.819356,0,2.017636;2.360552;1.8416649999999999,0,1.8286;1.87218;1.8620489999999998,0,1.840155;1.889096;1.909723,0,1.824533;1.796783;1.865959,0,303.46009000000004;302.77526700000004;303.641744,0,49.137075;22.540237;20.526721000000002,,,0,13.701739;13.503006999999998;13.606023,,,,,,3.335199085995555;3.0802390538156033;3.1893751583993435
lua-awesomewm-awesome-add-to-table-constructor,9,0,0.376029;0.259814;0.256591,0.045743;0.022416;0.020859,0,1.951035;1.8387259999999999;1.767248,0,1.968629;1.698975;1.848861,0,1.862921;1.767351;1.843518,0,1.662766;1.794263;1.790379,0,1.7933759999999999;1.7239090000000001;1.7451969999999999,0,309.53256;300.510062;300.20678,0,59.209289;69.67892400000001;24.907093000000003,,,0,9.970292;9.860151;9.706243,,,,,,2.847403986379504;2.799554029479623;2.7385330758988857
lua-awesomewm-awesome-align-to-halign,166,0,1.2267759999999999;1.072644;1.3605019999999999,0.531567;0.4412;0.456818,0,2.147584;1.763571;1.7290969999999999,0,2.3824520000000002;2.039427;1.975274,0,1.765955;1.960121;1.889049,0,1.8078269999999999;1.920919;1.886285,0,1.9157600000000001;1.845932;1.742686,0,301.73931;302.541725;301.640015,0,51.507934;27.981548;17.917679999999997,,,0,12.538461000000002;11.792466999999998;11.623524,,,,,,3.1988809350878;3.147101029753685;3.403092036023736
lua-awesomewm-awesome-comment-changes-and-additions,502,0,3.577156;3.3756630000000003;3.269774,1.715636;1.690463;1.7385860000000002,0,2.021299;1.792471;1.841426,0,2.14169;1.9223560000000002;2.093486,0,1.898916;1.919307;1.902646,0,2.03519;1.936761;1.9220229999999998,0,1.8855300000000002;1.923891;1.90983,0,346.12575899999996;305.762773;302.0642,0,78.34250399999999;30.545631;31.082407999999997,,,0,17.871823;17.359613;17.317432,,,,,,5.012952024117112;5.128273041918874;5.235481075942516
lua-awesomewm-awesome-comment-only,40,0,0.186434;0.142951;0.137757,0.136822;0.062969;0.067763,2,2.004273;1.684806;1.799918,2,1.933539;1.939519;1.785537,2,1.809674;1.865529;1.843003,2,1.902156;1.917217;1.821891,2,1.84994;1.7969629999999999;1.826308,2,318.576899;362.23762999999997;317.580857,2,63.590179;61.964944;158.971891,,,2,10.660965999999998;11.016547;10.766493,,,,,,3.0034889932721853;2.938866149634123;2.9651408549398184
lua-awesomewm-awesome-comment-only-2,38,0,0.5183380000000001;0.394924;0.47261,0.203182;0.259635;0.16666199999999998,1,1.928742;1.766611;1.728889,1,2.0172309999999998;1.873111;1.843817,1,1.7329109999999999;1.816139;2.012996,1,1.879697;2.069876;2.037756,1,1.861985;2.928873;1.859694,1,321.07050100000004;309.983974;303.088973,1,47.727053999999995;21.58879;23.833817,,,1,10.702694000000001;10.385534999999999;10.490338,,,,,,2.876994898542762;2.855427097529173;2.7773689944297075
lua-awesomewm-awesome-fix-one-byte-typo-in-comment,206,0,1.7208860000000001;1.5044069999999998;1.469248,1.248605;1.395912;1.3891019999999998,0,2.098398;1.658722;1.695888,0,2.022911;1.922336;1.846643,0,1.862276;1.908634;1.798024,0,1.844479;1.832512;1.867082,0,1.898739;1.8690930000000001;1.8959949999999999,0,303.306483;306.395628;317.816839,0,55.469921;27.292213;21.722567,,,0,13.4649;13.309171;13.464283,,,,,,3.0560139566659927;3.116016974672675;3.194497898221016
lua-awesomewm-awesome-halign,60,0,0.49704199999999993;0.391548;0.425307,0.203899;0.169126;0.168138,0,1.87916;1.6791930000000002;1.753044,0,1.9807420000000002;1.888795;1.799206,0,1.810054;1.94827;1.856711,0,1.920309;1.8261180000000001;1.825498,0,1.7367560000000002;1.816368;1.803915,0,302.39216899999997;309.020308;304.91474,0,43.356054;42.267395;21.81056,,,0,10.66712;10.318468000000001;10.466667000000001,,,,,,2.8924429789185524;2.8630460146814585;2.9885289259254932
lua-awesomewm-awesome-insert,37,0,8.705621;8.298459;8.341876999999998,0.195861;0.16113899999999998;0.159386,0,2.114116;1.818146;1.621097,0,1.939198;1.883153;1.786308,0,1.791859;1.8360850000000002;1.748137,0,1.902469;1.827885;1.807529,0,1.7949380000000001;1.720089;1.82766,0,296.673848;303.767059;304.313719,0,40.605043;22.937246000000002;41.500949000000006,,,0,10.657602;10.400914;10.283854,,,,,,2.776695881038904;2.738773124292493;2.735781017690897
lua-awesomewm-awesome-update-comment,20,0,0.169301;0.137233;0.129381,0.049001;0.026881999999999996;0.025077,0,1.936583;1.91468;1.802116,0,1.9971659999999998;1.782111;1.9605260000000002,0,1.94674;1.892713;1.897772,0,1.934905;1.9668649999999999;1.911438,0,1.943851;1.938987;1.951064,0,308.48366599999997;314.53635;314.936036,0,136.140704;40.387273;21.911752,,,0,10.014594;9.978469;9.988010000000001,,,,,,2.7028359472751617;2.867693081498146;2.743514021858573
lua-corsixth-corsixth-refactor-if-expressions,558,0,6.275317;5.856916999999999;5.877092,2.6496649999999997;2.72438;2.4954910000000003,0,2.2273359999999998;1.8549250000000002;1.864481,0,2.125332;1.950419;1.9392019999999999,0,2.007101;1.9927259999999998;2.027704,0,1.975127;2.012149;1.98965,0,2.0114210000000003;1.971199;2.045526,0,303.846536;304.834744;309.017627,0,51.196197;23.085363;23.54957,,,0,22.117647;22.131586000000002;32.678159,,,,,,4.087682813405991;4.019767977297306;4.050196846947074
lua-dromozoa-dromozoa-utf8-only-comment-text-update,576,0,5.505089;5.537465999999999;5.355584,2.302041;2.2530520000000003;2.2235829999999996,1,2.159112;1.92282;1.953004,1,2.261633;2.5927469999999997;2.2047540000000003,1,1.908809;1.886771;2.081928,1,2.292492;2.0969320000000002;2.0562699999999996,1,1.894484;1.849415;1.803238,1,305.491521;310.507547;311.281993,1,36.415395000000004;27.653351;28.232485,,,1,20.657247;20.804530000000003;20.831767,,,,,,3.58711089938879;3.535914933308959;3.607023041695357
lua-luals-lua-language-server-add-gsub-function-call,1344,0,43.151225000000004;43.407274;42.642588,5.858004;5.616405;5.371009,1,2.335456;1.941836;1.814225,1,2.22168;2.260425;2.120481,1,2.137153;2.068969;2.0525919999999998,1,2.011668;2.013587;1.973655,1,2.026565;1.972118;1.9980559999999998,1,302.980863;304.224955;306.211372,1,36.082257999999996;26.049616;100.385684,,,1,35.083781;35.108585;41.00748,,,,,,5.179941188544035;4.937255987897515;4.91650914773345
lua-luals-lua-language-server-add-two-translations,2626,0,15.80353;15.810158000000001;15.93862,3.1604039999999998;3.264909;3.171674,0,2.564671;2.018616;2.033235,0,2.4032340000000003;2.191544;2.2349330000000003,0,2.2873170000000003;2.20186;2.21842,0,2.456261;2.310342;2.204433,0,2.2124979999999996;2.200269;2.1808520000000002,0,309.891973;311.592229;315.240434,0,32.759539999999994;33.663338;23.848561,,,0,25.592012;24.795383;25.328729000000003,,,,,,10.544502874836326;10.730148991569877;10.951394913718104
lua-luaposix-luaposix-copyright-year-change,974,0,7.650815;6.822352;7.224888,3.679103;3.48756;3.420764,0,2.309511;2.006854;1.875083,0,2.228227;2.018637;1.9321469999999998,0,2.013215;1.917248;2.005578,0,1.937537;1.9694550000000002;1.927936,0,1.973246;1.924564;1.9805449999999998,0,304.917267;302.665205;315.984534,0,49.822539;27.438639000000002;30.136262000000002,,,10,25.833987999999998;25.591483;25.593643,,,,,,4.347706912085414;4.291316028684378;4.3285919819027185
lua-neovim-neovim-add-if-around-one-line,2152,0,24.906834999999997;24.768559;24.892964,8.170544;7.553421999999999;7.195377000000001,0,2.1873880000000003;1.996632;1.9544089999999998,0,2.3757140000000003;2.2085579999999996;2.169841,0,2.221083;2.242428;2.281456,0,2.193118;2.51929;2.749525,0,2.18833;2.24256;2.176336,0,324.766865;310.296854;313.109421,0,53.822322;27.467709;52.757025,,,2,42.927395;42.383818;47.389148999999996,,,,,,8.548496989533305;8.51325411349535;8.619626984000206
lua-neovim-neovim-add-leading-comment,195,0,1.900732;1.700577;1.737249,1.401545;1.3779860000000002;0.9719409999999999,0,1.9924640000000002;1.77468;1.6893539999999998,0,2.02704;1.843989;1.7752189999999999,0,1.870424;1.786075;1.846585,0,1.813129;1.823172;1.727263,0,1.83946;1.892113;1.8599249999999998,0,303.514075;300.86832200000003;302.233906,0,42.008852;18.166188;32.876539,,,0,13.344741;13.154624;14.512693,,,,,,3.0635399743914604;3.1181517988443375;3.0645050574094057
lua-neovim-neovim-constant-changes,530,0,2.273343;2.161861;2.129089,1.101729;1.0655459999999999;1.16505,4,2.168887;1.90134;1.8628049999999998,4,2.282413;2.032608;2.0700480000000003,4,1.979138;1.9983079999999998;1.950328,4,2.0043320000000002;1.935266;2.020462,4,1.9576369999999998;1.996697;1.944623,4,307.711992;303.594485;308.32378900000003,4,157.878981;30.811056;46.841777,,,16,17.818016999999998;17.573449;17.85661,,,,,,5.0132239703089;5.070846993476152;5.154101178050041
lua-neovim-neovim-logic-change-with-some-code-re-use,2922,0,74.959448;77.433381;73.017186,9.775719;10.473296;9.709087,5,2.728164;2.208509;2.343428,3,2.92327;2.63816;2.718916,3,2.690451;2.6732739999999997;2.6523689999999998,3,2.7796700000000003;2.728436;2.693322,3,2.71974;2.711783;2.647219,11,432.449168;436.589406;432.406861,3,55.361815;38.907027;24.570366,,,3,121.67591499999999;123.944545;123.58522099999999,,,,,,117.16199410147964;128.56869609095156;117.10259597748518
lua-neovim-neovim-rename,34,0,0.636653;0.545354;0.551719,0.257015;0.218482;0.217582,0,2.134071;1.779018;1.613858,0,1.9743640000000002;1.8959759999999999;1.830877,0,1.794195;1.829152;1.7457449999999999,0,1.899884;1.851316;1.867121,0,1.912164;1.854024;1.8099310000000002,0,302.777189;303.05856;298.47115,0,57.327836;56.171101;24.977063,,,0,12.197474;12.203902000000001;11.973242,,,,,,3.507157089188695;3.483146894723177;3.4310270566493273
lua-neovim-one-added-line,481,0,4.635281;4.467884;7.451407000000001,1.880426;1.828602;1.8014510000000001,0,2.086319;1.78939;1.7769599999999999,0,2.105261;1.9372260000000001;1.9747150000000002,0,1.8740700000000001;1.884637;1.886815,0,1.894522;1.780271;1.90419,0,1.861871;1.98877;1.921105,0,300.30046500000003;301.862851;302.925425,0,42.030324;43.906597;36.427353000000004,,,0,17.577866;17.574267000000003;17.784242,,,,,,3.4241159446537495;3.3772739116102457;3.45422700047493
lua-return-to-the-roots-s25client-add-two-items-to-list,1054,0,13.8793;12.970542;12.907684000000001,4.338122;4.152075;4.666857,3,2.26503;1.945848;1.8912410000000002,3,2.203514;2.148631;2.053512,3,2.045677;2.078024;1.9807470000000003,3,2.028272;1.999458;2.036038,3,2.097197;2.053999;2.0889070000000003,3,321.39664;305.952938;307.25781800000004,3,44.407999;21.310669;23.550486999999997,,,1,30.595236;30.276881;29.766662,,,,,,7.057036040350795;7.186570903286338;6.973047973588109
lua-return-to-the-roots-s25client-few-added-lines,168,0,2.06639;2.027598;1.933427,0.6635989999999999;0.584564;0.5852010000000001,0,87.060085;1.900976;1.848172,0,2.1698160000000004;1.953122;1.868169,0,1.8829280000000002;1.957328;1.8490900000000001,0,2.767531;1.863971;1.90335,0,1.875708;1.859157;1.8157670000000001,0,315.05779099999995;315.341566;322.207339,0,32.912557;174.167224;35.394385,,,0,12.745579999999999;12.415206999999999;12.432548,,,,,,3.7957970052957535;3.917862894013524;3.7567741237580776
lua-teeworlds-teeworlds-add-or-expression-to-existing-if,1122,0,16.703343;14.701528;14.724054,5.140523;4.866816999999999;4.823748,1,2.103078;1.882901;1.7724710000000001,1,2.294632;2.065902;2.1475090000000003,1,2.12201;2.135815;2.050629,1,2.1878290000000002;2.085711;2.157355,1,2.1570270000000002;2.196332;2.11286,1,327.641331;306.29967899999997;314.118873,1,39.860062;20.256560999999998;40.872709,,,1,32.464613;35.644977000000004;32.41919,,,,,,4.765406018123031;4.905363079160452;4.658905090764165
php-consol-monitoring-pnp-move-from-one-function-to-other-that-has-more-params,3798,0,79.044906;81.197395;80.386873,23.165185;21.407549;21.178238,0,2.885881;2.390712;2.419854,0,2.72399;2.6762550000000003;2.55039,0,2.6020040000000004;2.79426;2.6287920000000002,0,2.781564;2.9383019999999997;2.722168,0,2.5817520000000003;2.571694;2.58655,0,337.790703;320.766406;320.707071,0,45.502914999999994;43.237336;27.578514,0,2293.48157;2353.394234;2270.613619,0,140.19672599999998;142.599448;146.72698300000002,0,54.933244;53.777597;55.044503,,,1418.390747;1359.110743;1357.266439,21.232269937172532;22.191894007846713;21.35747391730547
php-doctrine-orm-delete-3-comments-and-update-1,2103,0,213.21252700000002;211.065729;212.897921,9.41188;9.047498000000001;8.846329,0,2.4910599999999996;2.223083;2.3454460000000004,0,2.732955;2.463279;2.523365,0,2.451914;2.419208;2.413929,0,2.535897;2.495485;2.5792580000000003,0,2.464964;2.451635;2.499211,0,306.552218;304.977196;309.315606,0,103.054247;36.671981;27.362539,0,1041.271842;1026.235228;1014.00928,0,79.613905;79.486874;82.187573,1,27.52587;28.805941;27.944021,,,506.904607;526.474891;499.845057,6.898408057168126;6.97333412244916;6.742682075127959
php-icinga-icingaweb2-module-graphite-add-a-few-nodes,239,0,2.893055;2.705123;2.73373,1.315681;1.236517;1.166067,2,2.1058079999999997;1.722055;1.732463,2,2.074583;1.910328;1.899499,2,1.8339439999999998;1.818339;1.796989,2,1.8335389999999998;1.796623;1.869054,2,1.87062;1.802694;1.772809,2,300.218864;299.055034;300.836232,2,57.194700000000005;37.365497;49.47707,0,432.199322;418.62199300000003;402.57202199999995,0,45.009934;44.558199;44.412733,2,5.409672;5.059148;5.3533230000000005,,,60.249673;58.607396;59.512589,3.626071847975254;3.573531983420253;3.70176718570292
php-nextcloud-change-doccomment,314,0,3.342617;3.1149839999999998;3.3620159999999997,1.808385;1.736469;1.7487300000000001,1,2.120151;1.7485709999999999;1.7002810000000002,1,2.108834;1.937949;1.892638,1,1.8374759999999999;1.8161010000000002;1.8438720000000002,1,1.895735;1.8704990000000001;1.841924,1,1.8763180000000002;1.85;1.807919,1,304.853112;302.162673;302.18456199999997,1,48.618618000000005;29.016749;25.301372,1,430.11893499999996;453.869515;460.441445,1,46.412661;46.537871;46.570458,0,6.29141;6.264177999999999;5.927336,,,87.535055;88.343626;84.083309,3.1939710024744272;3.241881961002946;3.1823180615901947
php-nextcloud-server-add-a-few-types,56,0,1.255707;1.1478490000000001;1.138293,0.20320100000000002;0.149451;0.201663,3,2.166098;1.6499920000000001;1.714873,3,1.9611149999999997;1.853637;1.842303,3,1.8332069999999998;1.779823;1.8725370000000001,3,1.9323789999999998;1.85311;1.819232,3,1.852047;1.7733340000000002;1.753045,3,303.39869699999997;302.472466;301.73516,3,68.085235;28.058389;29.969392000000003,0,298.643408;309.047995;309.852351,3,40.649979;41.453177000000004;41.754189999999994,0,2.67359;2.357333;2.324916,,,11.989507;7.041781;7.375837,3.467143978923559;3.116167150437832;3.0386110302060843
php-nextcloud-server-add-declare,24,0,0.134769;0.096291;0.088809,0.057308;0.027482;0.024967999999999997,1,1.884598;1.712385;1.5704289999999999,1,1.941169;1.84786;1.782495,1,1.740947;1.814311;1.7753160000000001,1,1.858166;1.796873;1.89886,1,1.778705;1.755903;1.8695389999999998,1,302.961956;304.425383;301.049625,1,46.911215;29.832166;39.178092,0,311.939544;289.641702;314.224196,0,40.198624;40.290175;39.665988,0,2.323753;2.074691;1.9835809999999998,,,1.530606;1.513137;1.470841,2.8039237949997187;2.6624719612300396;2.697241958230734
php-nextcloud-server-add-declare-2,30,0,0.160969;0.11695599999999999;0.110632,0.077223;0.043196;0.040069,1,1.839963;1.820038;1.806851,1,1.97459;1.790798;1.781205,1,1.804252;1.833128;1.867861,1,1.831771;1.744574;1.799721,1,1.776289;1.796043;1.787234,1,301.558557;307.06810099999996;301.33801700000004,1,55.35984800000001;33.68233;26.419870000000003,0,291.94444000000004;319.93508599999996;274.24372200000005,0,40.744065000000006;40.367339;41.066524,0,2.40087;2.103364;1.9862590000000002,,,2.146021;2.054865;2.15398,2.8483711648732424;2.9524860437959433;2.681767102330923
php-nextcloud-server-add-declare-3,34,0,0.17119199999999998;0.114595;0.092487,0.0579;0.028164;0.025618,1,1.937868;1.816661;1.7455509999999999,1,1.9987030000000001;1.8696249999999999;1.751169,1,1.842107;1.8241100000000001;1.828186,1,1.7806250000000001;1.8002479999999998;1.864622,1,1.84784;1.876472;1.83488,1,302.44631100000004;309.792632;302.885272,1,61.004048999999995;32.87734;27.873838000000003,0,308.245015;281.312023;315.102366,0,41.00685;40.513223;40.726233,0,2.343214;2.2486379999999997;1.993215,,,1.50229;1.3732;1.307758,2.865932881832123;2.784392097964883;2.7281560469418764
php-nextcloud-server-add-declare-4,46,0,0.28974099999999997;0.17702;0.173158,0.117225;0.071798;0.067906,1,1.91889;1.869358;1.798128,1,1.860719;1.8197930000000002;1.854984,1,1.81619;1.907954;1.8155510000000001,1,1.7449329999999998;1.7480580000000001;1.784787,1,1.855188;1.801871;1.717363,1,302.385266;314.332965;320.15619,1,28.141346000000002;24.886810999999998;136.258031,0,306.515009;295.24684099999996;307.486062,0,40.530308;40.214532999999996;40.025493000000004,0,2.525723;2.311625;2.172432,,,3.308314;3.57617;3.105081,2.9120161198079586;2.8880960308015347;2.798503963276744
php-nextcloud-server-add-declare-5,42,0,0.17918099999999998;0.133831;0.126259,0.09236899999999999;0.051243;0.049137,1,1.764006;1.777942;1.6310179999999999,1,1.915192;1.913013;1.972147,1,1.9399840000000002;1.89211;1.859707,1,1.8471819999999999;1.911883;1.7775020000000001,1,1.801869;1.7854299999999999;1.831174,1,302.434459;303.589582;302.64189200000004,1,29.04765;20.673099999999998;36.566591,0,302.371573;286.622231;306.32683199999997,0,75.133643;40.939816;39.832192,0,2.530767;2.158821;2.185697,,,2.339914;2.431701;2.195478,2.739140996709466;2.93885194696486;2.657799981534481
php-nextcloud-server-add-declare-6,40,0,0.238138;0.15085099999999999;0.143386,0.098424;0.057672;0.054321999999999995,1,1.948804;1.648857;1.757523,1,1.9705870000000003;1.87568;1.851316,1,1.873686;1.691306;1.846116,1,1.77101;1.847416;1.891734,1,1.742102;1.791199;1.751889,1,302.279276;303.034743;301.19059500000003,1,75.231738;22.629755000000003;24.74237,0,280.579399;291.223458;273.77134199999995,0,41.400979;40.664369;40.412237,0,2.4572380000000003;2.1400609999999998;2.180567,,,2.480582;2.585944;2.66124,2.663135062903166;2.6786020025610924;2.717955969274044
php-nextcloud-server-add-declare-7,42,0,0.378295;0.36435599999999996;0.310096,0.191108;0.157626;0.13712600000000003,1,1.856944;1.698976;1.6432319999999998,1,1.958093;1.903363;1.8548550000000001,1,1.8568390000000001;1.770457;1.7380360000000001,1,1.922982;1.993818;1.952397,1,1.790387;1.9313909999999999;1.84016,1,301.384321;301.288449;306.55981199999997,1,74.939587;31.579072;29.133874000000002,0,326.86001799999997;292.541329;290.376577,0,42.431067000000006;40.616075;41.163885,0,2.671424;2.4407460000000003;2.275073,,,6.599823;6.665352;6.371405,2.7943728491663933;2.6630889624357224;2.6907699648290873
php-nextcloud-server-add-one-element-to-array-init,4645,0,674.641046;691.0814389999999;679.518845,66.159411;77.894733;67.17177799999999,0,3.402832;2.995824;2.957154,0,4.698503;4.6549640000000005;4.577026,0,4.59456;4.691390999999999;4.63641,0,4.741514;4.75657;4.734058,0,5.019506;4.976951000000001;5.013673,0,317.21189300000003;318.00190200000003;315.05469200000005,0,75.00743999999999;24.580324;25.968212,2324,7647.008076;7651.656542;7695.248387000001,0,247.67032899999998;244.09151300000002;246.830388,1,187.433471;193.020593;191.321097,,,5433.027111;5391.371462;5177.923293,24.485019966959953;23.761076852679253;23.867456940934066
php-nextcloud-server-add-readonly,60,0,0.704716;0.6626960000000001;0.563485,0.215419;0.157723;0.155026,1,1.947215;1.7292589999999999;1.7882989999999999,1,1.947383;1.8070899999999999;1.8268449999999998,1,1.8214270000000001;2.188216;1.884869,1,1.929491;1.849;1.903861,1,1.828086;1.851796;1.7540209999999998,1,298.07337;302.630256;360.33842,1,30.367541000000003;18.879676;38.800652,0,348.55953;316.866937;326.009778,1,41.151624;40.959247;40.160374,0,2.712205;2.323678;2.288739,,,8.218467;8.06756;8.054023,3.2921701204031706;3.4878039732575417;3.391755046322942
php-nextcloud-server-real-small-change,50,0,0.754682;0.699292;0.648335,0.21088400000000002;0.185764;0.156597,2,2.032263;1.7815750000000001;1.662779,2,1.956363;1.829171;1.839761,2,1.804053;1.87903;1.7594539999999999,2,1.845198;1.7964339999999999;1.837509,2,1.823422;1.7461639999999998;1.801344,2,302.315196;303.63122799999996;305.122591,2,75.657993;32.24562;20.843885,1,306.441385;317.34876099999997;302.793822,2,40.48504;40.699169;42.170986,2,2.904348;2.4709;2.400195,,,7.802958;7.49468;7.312271,3.064448945224285;3.043021075427532;3.1410441733896732
php-nextcloud-server-whitespace-and-added-declaration,81,0,0.617136;0.50479;0.508558,0.28618200000000005;0.243013;0.291845,2,2.0707;1.755808;1.706665,2,1.9462119999999998;1.837137;1.83492,2,1.779672;1.773824;1.845216,2,1.88991;1.771268;1.9039840000000001,2,1.83694;1.883548;1.7551960000000002,2,301.554374;301.419665;308.86943,2,37.475409;21.546624;22.882685,0,315.791353;323.369175;312.013916,0,41.793324;40.907812;41.333186,0,2.949802;2.525443;2.52792,,,12.970919;12.483722;12.41113,2.9004388488829136;2.8491909615695477;2.9073760379105806
php-php-fig-log-deleted-a-class,286,0,2.413531;2.288386;2.327679,1.356371;1.2065350000000001;1.203636,1,2.221252;1.878177;1.760976,1,2.031312;1.980944;1.9324970000000001,1,1.887626;1.885322;1.903202,1,1.9106539999999999;1.8551769999999999;1.9087539999999998,1,1.913886;1.9011550000000002;1.936075,1,301.34347099999997;300.259214;299.04684399999996,1,55.953787999999996;29.568414;24.250996999999998,0,419.77612600000003;396.88266799999997;386.192644,0,44.636706;45.050975;44.624313,0,5.62599;5.4218649999999995;7.400179,,,64.730976;60.808889;61.807344,3.020466072484851;2.897336846217513;3.0441919807344675
php-rk4an-phpsysinfo-actual-logic-change,1922,0,332.459999;323.819082;328.32490600000006,10.238404;9.827413;10.147161,0,2.4414599999999997;1.95059;1.9524460000000001,0,2.323344;2.296844;2.281745,0,2.2556770000000004;2.277408;2.2180530000000003,0,2.2907729999999997;2.2222750000000002;2.26949,0,2.173609;2.227635;2.2017349999999998,0,312.544461;310.57691900000003;317.804396,0,65.193814;54.947596000000004;19.906912,0,1158.0145280000002;1075.907603;1077.86067,2,93.342473;92.216434;92.659777,3,26.656771;27.532815;28.871767,,,569.376222;571.399653;555.620859,13.787806034088137;17.70053687505424;13.63304303959012
php-smarty-php-smarty-change-version-string,4480,0,28.728639;32.0013;27.860603,12.496324;11.60167;11.746559,0,2.361426;2.1323179999999997;2.134426,0,2.527249;2.424048;2.36608,0,2.516767;2.364984;2.4172350000000002,0,2.413887;2.446996;2.400885,0,2.415557;2.4752289999999997;2.436663,0,309.80838500000004;308.422708;325.949532,0,80.269459;26.119129;22.758795,0,1409.689371;1356.215956;1376.262986,0,91.764949;93.16429099999999;90.84185599999999,0,36.164544;36.596883;35.387651,,,695.028937;686.140595;670.306709,10.030771140009165;10.015677893534304;9.72933997400105
php-wordpress-wordpress-add-null-to-return,5648,0,57.437338999999994;58.964573;61.109673,20.227843;19.35098;20.009791999999997,1,2.729267;2.5518479999999997;2.242146,1,3.461116;3.218617;3.129832,1,3.266334;3.315378;3.170016,1,3.341153;3.3380609999999997;3.41581,1,3.24146;3.264046;3.2038930000000003,1,318.335712;317.810718;313.44205600000004,1,47.348967;50.284096;26.676192,0,1994.989719;2078.0327230000003;1941.374967,1,124.938385;124.25942900000001;126.09853400000001,0,75.722466;66.62983899999999;60.046670000000006,,,1176.418497;1142.462454;1127.224522,13.639822136610746;13.27885501086712;13.386572012677789
php-wordpress-wordpress-add-one-require-statement,1507,0,20.934275;21.306615;21.019451,6.325927999999999;6.119485;5.751284,0,2.281653;1.9725030000000001;1.9611509999999999,0,2.270039;2.1924230000000002;2.187481,0,2.135312;2.118299;2.1481820000000003,0,2.662058;2.343905;2.171448,0,2.102499;2.121277;2.144015,0,304.82642100000004;307.76898400000005;304.258956,0,62.226299999999995;21.316163;55.405685000000005,0,789.808186;768.624911;796.118854,0,63.524657;62.914421;62.218752,1,20.064791;19.603091;20.162212,,,302.978076;293.40844;293.703168,5.710584111511707;5.608204985037446;5.661042174324393
php-wordpress-wordpress-add-rtc-check,3283,0,64.271069;70.236617;64.604072,10.557769;10.058127;9.871687,4,2.304988;2.1875419999999997;2.033133,4,2.7676380000000003;3.19238;2.7922860000000003,4,2.709182;2.608724;2.577649,6,2.7704299999999997;2.699234;2.645602,6,2.582997;2.549678;2.565409,8,350.890003;346.646408;346.480807,4,48.748951999999996;27.397743;23.316769,8,1090.070501;1076.2103599999998;1080.359831,20,85.016207;85.71370999999999;83.38276,21,31.576745000000003;31.712694;31.761589,,,577.776044;544.958816;549.998079,38.67648891173303;39.02636608108878;39.52041594311595
php-wordpress-wordpress-add-some-checks,7915,0,266.445466;265.43332;265.383943,37.54347;38.248388000000006;35.296823,0,2.992089;2.6897919999999997;2.88626,0,4.053434;3.888866;3.929989,0,3.9686399999999997;3.950304;3.901595,0,4.307006;4.194569;4.159557,0,4.130827;4.01166;3.903691,0,456.067843;443.078572;429.063408,0,55.489661000000005;53.243928000000004;72.622135,0,3222.484738;3231.771081;3272.375883,0,186.68265200000002;189.086392;181.402318,0,99.99898;106.311453;108.05850699999999,,,2182.066395;2164.844689;2113.990884,122.86200281232595;119.53803687356412;123.20082006044686
php-wordpress-wordpress-one-line-file-insert-and-update,2,0,8.419115;8.181248;8.108103,0.183616;0.14547300000000002;0.144116,0,2.01403;1.772931;1.8137240000000001,0,1.948195;1.892056;1.848172,0,1.7283030000000001;1.867981;1.759959,0,1.824916;1.804742;1.7735509999999999,0,2.0053900000000002;1.782957;1.900442,0,306.28038200000003;299.637053;303.589184,0,48.591888;28.692813;21.727133,0,307.098606;342.099204;314.070756,0,40.972992;41.484134999999995;43.601102000000004,0,2.7306399999999997;2.263837;2.319419,,,7.766856;7.464504;7.865314,3.3148068469017744;3.3720750361680984;3.21235996671021
php-wordpress-wordpress-one-line-file-with-real-insert-and-update,2,0,1.869391;1.748042;1.7845280000000001,0.23144200000000004;0.19100100000000003;0.204152,0,2.076858;1.8387099999999998;1.721006,0,1.960797;1.804133;1.832343,0,1.7915290000000001;1.813333;1.823445,0,1.7993;1.8854570000000002;1.7909869999999999,0,1.854392;1.883717;1.815958,0,301.74922399999997;301.699209;300.25952099999995,0,65.042732;45.377834;26.663055,0,296.12437400000005;328.63005899999996;321.38611099999997,0,41.021717;41.280958999999996;41.134071,0,2.834871;3.0654649999999997;2.607048,,,9.85395;9.520484;9.544857,2.6948009617626667;3.2708009239286184;2.828634809702635
php-wordpress-wordpress-remove-one-todo-comment,3113,0,34.100066;32.620940000000004;32.575341,12.944683999999999;12.590841000000001;12.912312,0,2.401972;2.0851390000000003;2.1041329999999996,0,2.7066149999999998;2.518887;2.466437,0,2.325766;2.495591;2.632106,0,2.450942;2.550186;2.506366,0,2.456962;2.376712;2.401572,0,304.07769299999995;305.782605;328.17003,0,75.511055;24.877371999999998;38.93047,10,1465.03043;1355.8120609999999;1350.1933390000002,0,91.89343199999999;93.710531;89.38186200000001,0,38.280149;36.079208;35.954971,,,702.184142;675.184391;677.061379,6.016770843416452;6.417077966034412;6.432980997487903
php-wordpress-wordpress-update-doccomment,1724,0,8.791832;8.191321;8.128311,4.565535000000001;4.49181;4.5995099999999995,3,2.325695;1.990697;1.911208,3,2.298071;2.216469;2.105744,3,2.092857;2.036921;2.1241060000000003,3,2.162333;2.20574;2.112186,3,2.158137;2.089534;2.100091,3,306.870397;308.618244;310.819202,3,75.461565;23.198992;25.165994,49,650.500124;689.08477;700.0118789999999,49,59.515902000000004;58.341642;58.842706,0,15.175963000000001;15.225786;15.446086,,,228.642901;233.67032;226.013921,14.914372004568577;14.854381792247295;14.639537082985044
php-wordpress-wordpress-version,2,0,0.196582;0.195975;0.149588,0.10203600000000002;0.06553300000000001;0.06401,0,2.043967;1.652442;1.821719,0,1.9319709999999999;1.863411;1.859403,0,1.813283;1.861714;1.758381,0,1.782851;1.850946;2.137846,0,2.077401;1.8529740000000001;1.880835,0,301.023736;310.666996;321.832493,0,63.909332;27.6657;23.373133,0,310.223348;280.548933;321.53840099999996,0,41.519861;40.536601999999995;40.673161,0,2.414035;2.070475;1.9835550000000002,,,3.682554;3.78133;3.382862,3.200192004442215;3.1322489958256483;3.2548089511692524
php-wordpress-wordpress-version-2,2,0,0.338599;0.288559;0.31517300000000004,0.245535;0.143432;0.14285399999999998,0,2.0068;1.751111;1.81741,0,1.9893279999999998;1.851802;1.82655,0,1.766015;1.829155;1.933351,0,1.935932;1.7637200000000002;1.904819,0,1.8126550000000001;1.7325730000000001;1.825922,0,302.283464;300.532286;306.020106,0,34.554876;26.087895;24.269459,0,312.70996499999995;321.041036;290.91476700000004,0,40.402842;40.505047000000005;40.668488,0,2.562702;2.34321;2.228018,,,7.540513;7.214349;7.267007,2.69580096937716;2.825784031301737;2.687404863536358
php-wordpress-wordpress-version-3,4,0,1.999726;1.73863;1.762521,0.641391;0.5994889999999999;0.551493,0,2.138321;1.820843;1.826942,0,1.9934890000000003;1.899969;1.790339,0,1.876935;1.9190019999999999;1.7981909999999999,0,1.871494;1.942005;1.8526770000000001,0,1.734762;1.922511;1.797269,0,301.253981;299.53964;301.26804200000004,0,72.630735;48.21503;31.731719,0,395.477979;377.721517;390.557834,0,43.524484;45.163254;42.311074999999995,0,4.180586;4.211531999999999;4.059463,,,32.314109;32.797844;34.170189,3.0216879677027464;2.9667869675904512;3.017160808667541
php-wordpress-wordpress-version-4,4,0,19.736251;19.102753;19.264355000000002,4.477024;4.399432;5.137015,0,2.227635;2.0096749999999997;1.87542,0,2.1537930000000003;2.056865;1.9852250000000002,0,1.947648;1.9622720000000002;2.01957,0,2.011551;2.030812;1.974208,0,2.047907;2.104437;2.0470010000000003,0,306.461111;307.408436;301.950561,0,91.820084;33.202694;55.583315,0,743.882338;760.461257;773.9295430000001,0,53.744537;53.195575000000005;53.471744,0,12.896401000000001;13.022692000000001;13.086079999999999,,,255.560626;243.585746;242.573611,3.294553142040968;3.1748819164931774;3.244581865146756
php-wordpress-wordpress-version-5,2,0,0.267697;0.228325;0.207397,0.13919700000000002;0.101908;0.131528,0,2.111291;1.8132199999999998;1.679467,0,2.002006;1.887705;1.807793,0,1.779993;1.889151;1.7845330000000001,0,1.7447730000000001;1.912595;1.83335,0,1.792523;1.8132249999999999;1.76957,0,302.092529;302.771458;302.54852,0,32.403324;19.943925;27.990433,0,301.718095;308.07966700000003;306.34689399999996,0,40.991031;40.658574;40.076229,0,2.545308;2.169842;2.1145169999999998,,,5.35034;5.262161;5.186505,2.701686229556799;2.7780570089817047;2.659532940015197
php-wordpress-wordpress-version-6,2,0,0.19982999999999998;0.15714599999999998;0.151841,0.109266;0.07199900000000001;0.06979,0,1.897811;1.7906790000000001;1.85457,0,2.040044;1.8011469999999998;1.793477,0,1.9238689999999998;1.984128;1.818635,0,2.209885;1.964221;1.813914,0,1.853199;1.823795;1.8378800000000002,0,301.594731;304.193413;303.364568,0,55.121959;31.175134;25.420008,0,279.80473900000004;295.713217;276.508628,0,41.365187;39.949540999999996;40.548294999999996,0,2.4458320000000002;2.118957;2.109913,,,3.663121;3.563903;3.548176,2.768655074760318;2.764193108305335;2.8083829674869776
php-wordpress-wordpress-version-7,2,0,0.254302;0.204031;0.220307,0.138057;0.12473200000000001;0.103377,0,1.750239;1.7733569999999999;1.789936,0,1.985159;1.8261779999999999;1.823632,0,1.818573;1.8257480000000001;1.8144529999999999,0,1.8593410000000001;1.727384;1.8750259999999999,0,1.797161;1.803556;1.800809,0,310.63889;302.628202;304.38295,0,62.11797;19.384382;34.323254,0,317.235194;291.257404;314.41459199999997,0,40.857534;40.167863999999994;43.042848,0,3.530414;2.195579;2.0716900000000003,,,5.216721;5.207581;4.968724,2.704106969758868;2.691269852221012;3.438984975218773
php-wordpress-wordpress-version-8,2,0,0.119758;0.159799;0.092319,0.062417;0.042425;0.026635,0,2.1534739999999997;1.7277099999999999;1.529099,0,1.920557;1.815742;1.805453,0,1.771676;1.822753;1.774873,0,1.9007690000000002;1.831568;1.867336,0,1.761539;1.7849700000000002;1.794524,0,299.81777999999997;301.296218;303.93750800000004,0,46.644467;18.582266;18.316925,0,275.84741099999997;280.31636799999995;280.656957,0,40.775605;40.259764000000004;40.618137,0,2.353108;2.052747;1.8960730000000001,,,1.622884;1.594387;1.566762,2.6899781078100204;2.697698073461652;2.8892671689391136
php-wordpress-wordpress-version-update,116,0,0.238189;0.189641;0.18379299999999998,0.14101000000000002;0.102442;0.101629,0,1.9547560000000002;1.7236339999999999;1.784955,0,1.9656420000000001;1.8073839999999999;1.7955180000000002,0,1.8135860000000001;1.89191;1.8604100000000001,0,1.8695160000000002;1.785378;1.772498,0,1.800428;1.829556;1.85648,0,301.814633;300.903388;304.08829199999997,0,56.932863;22.537655;28.827951000000002,0,279.135027;311.759618;301.269287,0,41.336222;40.519985;40.461335,0,2.742717;2.300241;2.379654,,,4.39419;4.221472;4.237421,2.9221780132502317;2.9287708457559347;3.105699084699154
php-wordpress-wordpress-version-update-2,116,0,0.23144499999999998;0.18832500000000002;0.182701,0.157592;0.104377;0.102249,0,1.79423;1.811504;1.836119,0,2.140685;1.877117;1.848665,0,1.75407;1.812668;1.907813,0,1.8296510000000001;1.830513;1.884763,0,1.783633;1.7876910000000001;1.7686600000000001,0,302.734867;301.17508799999996;316.08057299999996,0,90.478824;29.879564000000002;19.717499999999998,0,291.57785800000005;291.00226699999996;318.527421,0,42.903849;40.955175000000004;40.707395,0,2.812372;2.369388;2.2985599999999997,,,4.693607;4.271476;4.234468,2.979852957651019;2.9248350765556097;2.957988064736128
php-wordpress-wordpress-version-update-3,116,0,0.23471;0.187055;0.182263,0.175498;0.105928;0.103578,0,1.922925;1.784228;1.841821,0,1.944727;1.842581;1.7645460000000002,0,1.8876380000000001;1.8129279999999999;1.829016,0,1.814847;1.824355;1.7821099999999999,0,1.800982;1.829314;1.851723,0,317.700306;300.34522699999997;301.679821,0,58.377759000000005;20.221347;25.824303999999998,0,293.77786299999997;307.277266;355.999621,0,41.599569;42.129200999999995;42.214628,0,2.6504380000000003;2.4550330000000002;2.2806789999999997,,,4.37833;4.381716;4.224741,2.9263917822390795;2.940941136330366;2.9778238385915756
php-wordpress-wordpress-whitespace-only-change,5660,0,54.285062;54.393209;54.608319,21.083212;19.695293;19.58592,2,2.750246;2.3399829999999997;2.2072939999999996,2,3.5817010000000002;3.332798;3.2493890000000003,2,3.692283;3.204511;3.151048,2,3.354779;3.49647;4.240881,2,3.225134;3.503833;3.5782249999999998,2,318.669543;314.846086;316.024361,2,44.689791;25.394302;31.360698,0,2062.626314;1983.302538;2097.084182,0,124.98263399999999;132.132839;126.715837,0,59.48083;63.486377999999995;59.716304,,,1187.004568;1156.079654;1164.113483,10.196284158155322;10.382163105532529;10.430557187646627
php-zetacomponents-base-whitespace-only-change,284,0,0.8316349999999999;0.6569259999999999;0.6469429999999999,0.483943;0.42190300000000003;0.42462900000000003,2,2.092086;1.867717;1.855124,2,2.140617;1.9389699999999999;1.859083,2,1.8892390000000001;1.9373369999999999;1.883771,2,1.810156;1.9000519999999999;1.853433,2,1.844472;1.89042;1.850563,2,303.22245799999996;299.636957;303.630467,2,101.970319;39.550404;23.278509,42,322.859311;337.262795;332.421922,42,46.657047;44.868621;45.236797,6,4.503785;4.2492600000000005;4.571164,,,15.995437;17.83784;15.42272,3.64469806663692;3.587486920878291;3.764995839446783
python-aajanki-yle-dl-tiny-change,118,0,0.910537;0.77614;0.769804,0.41228299999999996;0.350695;0.40099799999999997,1,2.122091;1.835522;1.659558,1,1.956825;1.838628;1.988123,1,2.022144;1.871937;1.939546,1,1.9132689999999999;1.8623800000000001;1.821139,1,1.8136809999999999;1.9593200000000002;1.844561,1,299.083053;328.169542;304.910021,1,43.285558;36.662316;32.730863,0,370.29539;381.87886;394.657283,1,16.699678;16.629343000000002;17.305574,0,3.2210989999999997;2.796653;2.7244970000000004,0,10.533008;10.596352999999999;10.641883,64.056695;66.152458;61.401497,3.316811053082347;3.0913420487195253;3.282523015514016
python-add-remove-block,48,0,0.692286;0.766225;0.744494,0.27126;0.212561;0.265537,2,2.1925209999999997;1.773359;1.9694930000000002,2,2.069747;2.369454;1.9541089999999999,2,2.2686059999999997;1.98155;1.8767040000000001,2,2.4059120000000003;1.9696380000000002;1.899732,2,2.163801;1.88819;1.793261,4,305.74089799999996;302.755406;306.528358,2,48.520413999999995;55.663256000000004;33.922171,1,311.957385;307.15846400000004;328.927903,1,16.631941;16.277381000000002;16.005948999999998,1,2.943606;2.589943;2.5725919999999998,0,8.265791;8.347745;8.239381999999999,21.407415;20.886976;20.953057,3.580390941351652;3.4786472097039223;3.557502990588546
python-added-if-block,45,0,1.137509;1.056521;1.085828,0.28783;0.224045;0.281333,0,2.030342;1.6898790000000001;1.6037379999999999,0,2.0928750000000003;1.873149;2.076449,0,1.9759719999999998;1.83926;1.80523,0,1.783796;1.774084;1.830856,0,1.835031;1.867234;1.835899,0,301.582019;313.12698900000004;302.906091,0,58.763121;21.10013;22.569678,0,309.45887500000003;311.03655000000003;316.337265,2,16.359574000000002;16.397947;16.198351,2,2.609622;2.395324;2.3072,2,8.637404;8.552891;8.377694,24.1392;22.944741;22.629508,2.9499558731913567;2.8191511519253254;2.936857985332608
python-added-if-block-small,9,0,0.267524;0.285706;0.236099,0.12706299999999998;0.049426;0.045209,0,2.009108;1.796039;1.5566,0,1.9254179999999999;1.828538;1.770862,0,1.733429;1.809482;1.7835539999999999,0,1.8240290000000001;1.720718;1.763863,0,1.826673;1.763819;1.793758,0,301.355106;301.36863800000003;304.436148,0,60.513165;23.868773;23.325921,0,291.320853;336.970355;314.162181,2,15.556569;15.618398000000001;15.506763,2,2.352189;2.0408090000000003;1.987219,2,6.629084000000001;6.289039;6.3903479999999995,3.986474;3.617842;3.599645,2.683087019249797;2.757913898676634;2.8419799637049437
python-ansible-ansible-add-comment,36,0,0.236979;0.188069;0.181792,0.25961;0.210532;0.207011,1,2.012652;1.7300309999999999;1.777775,1,1.9502680000000001;1.860601;1.80584,1,1.876891;1.834334;1.8028440000000001,1,1.80524;1.6987409999999998;1.85568,1,1.8468799999999999;1.80988;1.8434199999999998,1,305.322292;300.338388;307.764478,1,185.767944;24.822056;29.268718999999997,0,285.04575900000003;308.442932;328.724534,1,16.3608;16.147746;16.144279,0,2.913779;2.700548;2.587497,0,7.332504999999999;7.384919999999999;7.164386,8.811508;8.395929;8.626232,2.7728169225156307;2.7193131390959024;2.767127938568592
python-ansible-ansible-field-rename,3074,0,25.001405000000002;28.035359999999997;25.405385,13.203443;13.725693;12.398841000000001,0,2.396943;2.18069;2.126605,0,2.9544200000000003;2.739749;2.702353,0,2.705104;2.671944;2.750552,0,2.910681;2.8503170000000004;2.813882,0,2.844942;2.7823700000000002;2.779769,0,314.944542;309.208533;310.573364,0,87.853069;28.976906;42.3702,0,2522.866183;2479.169973;2505.548738,0,61.232358;60.528527;59.944136,1,34.227509000000005;33.515919999999994;34.482289,,,2014.00657;1962.820063;1959.073516,8.426627144217491;8.694415912032127;8.507960010319948
python-api-change,51,0,2.824252;2.5793690000000002;2.584764,0.324302;0.252507;0.274912,4,2.12856;1.876517;1.6107230000000001,4,2.127631;1.831519;1.8832659999999999,4,1.8607859999999998;1.905238;1.822474,4,1.866246;1.8346989999999999;1.838071,4,1.887999;1.9714289999999999;2.355524,5,311.053446;305.517969;302.32588100000004,2,74.3724;26.435736000000002;24.35379,5,368.590252;334.383948;358.648034,5,32.881988;43.003884;33.359015,7,5.260166;4.821723;4.661729,10,10.987235;11.166108;10.981556,30.091811;26.511442;28.529391,4.323303001001477;4.395476076751947;4.48172097094357
python-bolero-murakami-sprout-change-copyright-year,244,0,2.558695;2.324166;2.321531,1.469745;1.4520170000000001;1.475949,0,2.1576910000000002;1.77833;1.752499,0,2.0582059999999998;1.858733;1.883116,0,1.8374570000000001;1.87726;1.7394990000000001,0,1.897873;1.818641;1.890857,0,1.8552060000000001;1.800722;1.818585,0,301.93239;302.362082;306.11327500000004,0,60.978257;20.193721;18.438529,0,589.217687;591.593037;584.8348759999999,0,20.458675999999997;20.260839999999998;20.584453999999997,0,5.4874670000000005;5.127836;5.0884529999999994,0,21.580172;20.365902000000002;20.073583,216.073902;204.391966;218.745911,3.307092003524303;3.23205697350204;3.253018017858267
python-bugfix-loop,54,0,1.1345319999999999;1.004635;1.004441,0.287829;0.280347;0.22648600000000002,1,2.028209;1.809452;1.802276,1,1.8719940000000002;1.7632679999999998;1.835437,1,1.786481;1.79;1.723496,1,1.813121;1.786933;1.820304,1,1.8370039999999999;1.745137;1.7858850000000002,3,314.791563;304.54998500000005;302.034842,1,49.226557;18.76897;29.874147999999998,0,315.7301;311.36961;339.601345,0,16.484241;16.357114999999997;16.392139999999998,1,3.176282;2.6660690000000002;2.622668,0,10.027695999999999;9.939871;9.835814,24.607431;23.827971;23.831197,3.187672002241015;3.0232160352170467;3.081579925492406
python-cloudflare-cloudflare-python-comment-only-changes,94,0,1.087963;0.8538979999999999;0.866286,0.482026;0.407315;0.408093,0,1.943276;1.8503129999999999;1.8131840000000001,0,2.122495;1.908144;1.879463,0,1.89206;1.792423;1.894484,0,1.859806;1.866128;1.829447,0,1.881317;1.8720480000000002;1.76576,0,306.18278100000003;307.771778;303.074529,0,47.621963;22.342609;23.387044999999997,6,372.82979;391.90234200000003;376.676602,7,17.656981;17.492891;17.716183,4,4.601904;4.206912;4.262455,2,12.751868;12.832505;13.163247,56.377008;57.568046;57.93952,3.9214049465954304;3.750152885913849;3.8779049646109343
python-django-django-update-unit-tests-actual-logic-change,1095,0,166.531482;167.204848;166.84020999999998,4.330815;3.994074;4.063872,6,2.418511;1.9652250000000002;2.043558,4,2.455227;2.306584;2.183909,4,2.3544899999999997;2.222969;2.288586,4,2.214432;2.3144810000000002;2.22056,4,2.288009;2.1743460000000003;2.252113,28,426.599974;439.61037400000004;417.519408,4,57.744438;72.654251;45.484911000000004,12,989.993887;970.1843449999999;967.549541,10,629.068673;633.89294;637.065202,29,76.393208;79.288213;80.349702,14,310.716457;313.657896;324.181737,565.983215;515.835815;561.340812,114.36796491034328;119.15890011005104;115.42691010981798
python-espressomd-espresso-fix-comment-typo,672,0,7.467958;6.733056;6.6544550000000005,4.865208000000001;4.122415;3.969014,1,2.281825;1.93739;1.951251,1,2.072954;1.996644;1.946153,1,1.9688309999999998;2.164053;1.988123,1,2.010758;1.97914;1.966683,1,1.9539230000000003;2.056314;1.9793720000000001,1,303.002053;305.334474;304.82833,1,28.328046999999998;30.500905;26.319087,1,1170.1065859999999;1178.214103;1167.371582,1,35.710811;31.371000000000002;30.947481999999997,0,11.215031999999999;11.043619;11.421198,1,51.589158000000005;50.665943999999996;51.038368,768.835683;743.964336;760.656227,4.646191839128733;4.276301013305783;4.43831505253911
python-fuzzyray-esearch-whitespace-only-change,174,0,1.7079650000000002;1.481325;1.5492380000000001,1.029569;0.817402;0.880711,104,2.107951;1.807523;1.845982,104,2.0677489999999996;1.937622;1.844935,104,1.8937050000000002;1.832284;1.821701,98,1.9266349999999999;1.8754439999999999;1.930734,98,1.9637410000000002;1.9979059999999997;1.889866,98,329.189173;327.535905;314.033218,104,39.198323;33.208298;31.494816,2,503.55283299999996;472.692562;481.466994,0,18.015569;18.035187;18.225921999999997,0,4.2245219999999994;3.838538;3.8523530000000004,0,14.062992;14.208823;14.25338,111.928525;104.799943;110.352045,14.115185011178257;16.65025996044278;14.738962054252625
python-langchain-ai-langchain-version-change,8,0,0.059982999999999995;0.037035;0.03333,0.056347999999999995;0.017565;0.015765,0,2.148161;1.758685;1.814547,0,1.944826;1.793058;1.740756,0,1.746206;1.813441;1.780555,0,1.721468;1.860903;1.789309,0,1.790078;1.8284550000000002;1.793386,0,301.985221;312.20806400000004;298.586159,0,70.176033;36.607655;31.543846000000002,0,283.519688;280.113207;365.355127,0,15.828796999999998;15.119481;15.520831000000001,0,2.145869;1.932612;1.9583840000000001,0,6.060799;6.074497;7.740493,1.452477;1.340284;1.416714,2.895561046898365;3.04221804253757;3.0988468788564205
python-langflow-ai-langflow-actual-change-of-logic,601,0,50.276412;48.836415;50.183938999999995,3.008971;3.9048160000000003;2.96701,4,2.268673;2.032522;1.877841,4,2.1760479999999998;2.009817;1.991643,4,1.97104;2.072696;1.9572460000000003,4,2.012464;2.157372;2.040985,4,1.9822030000000002;2.0842970000000003;1.9535680000000002,7,308.144657;307.089848;314.070944,4,33.30502;23.746481;26.952419,1,869.963829;845.7958960000001;835.1424,3,96.790108;96.567405;99.52347999999999,9,14.430117;14.240519;13.907352,,,440.205698;465.506125;425.578623,6.633569952100515;6.613532081246376;6.538894027471542
python-langflow-ai-langflow-bob,6,0,0.076736;0.093265;0.068421,0.040043;0.021311999999999998;0.033085,1,2.1055409999999997;1.703727;1.740257,1,1.916995;1.9987400000000002;1.7965710000000001,1,1.807248;1.747517;1.8218130000000001,1,1.8079;1.831158;1.880284,1,1.7923769999999999;1.81467;1.806524,1,299.777734;313.174944;301.834107,1,74.667439;21.658958;32.064017,0,269.969019;274.017106;299.78013599999997,0,15.448191999999999;15.155172;15.106657,0,2.2208449999999997;1.788569;1.838038,0,5.621076;5.509542;5.616884,0.729858;0.731118;0.932005,2.7622408233582973;2.770449034869671;2.849609823897481
python-langflow-ai-langflow-real-small-change,30,0,0.5152960000000001;0.598707;0.456941,0.151223;0.10744200000000001;0.11041799999999999,1,1.977973;1.701772;1.932165,1,2.1568720000000003;1.947119;1.888021,1,1.833958;1.719944;1.89635,1,1.8593240000000002;1.795266;1.830243,1,1.817536;1.751012;1.812581,1,301.63791200000003;303.661007;321.51955999999996,1,29.273646;22.962937;21.602578,1,327.324341;382.341233;298.565726,1,16.83409;15.737359;15.687752,2,2.895619;2.61423;2.484969,1,7.178565;7.120255;7.139571,14.918012;15.267523;14.346819,2.8164118994027376;2.9520071111619473;2.9682100284844637
python-nvbn-thefuck-add-three-arguments,20,0,0.696953;0.707403;0.722569,0.142757;0.071734;0.068774,3,1.954687;1.65992;1.660368,3,1.918257;1.8491659999999999;1.8031080000000002,3,1.764727;1.796705;1.890784,3,1.795;1.845593;1.852143,3,1.789411;1.942865;1.842489,3,302.101958;301.764728;302.095084,3,65.45911;18.449859999999997;34.611978,0,300.72522299999997;299.966893;289.651502,3,16.530958;41.588114000000004;15.561538,0,2.3573;2.091556;2.007122,0,7.051041;7.112691;7.084432,10.621054;9.857383;8.985649,2.8832328971475363;2.944303909316659;2.912681782618165
python-nvbn-thefuck-small-change,36,0,1.474645;1.354676;1.351966,0.20516299999999998;0.155966;0.15348900000000001,1,2.144298;1.791729;1.638322,1,1.928506;1.898184;1.932202,1,1.881811;1.921373;1.861219,1,1.922497;1.787189;1.877897,1,1.8124669999999998;1.86027;1.854974,1,303.600937;300.623832;304.10912299999995,1,113.735821;42.232226999999995;22.144911999999998,0,369.733475;329.77032099999997;312.525794,1,16.546227000000002;16.896192;16.454017,0,2.777034;2.378741;2.35114,0,8.159983;8.206134;7.997169,21.841533;18.931908;17.981195,2.901689149439335;2.8182449750602245;2.8831621166318655
python-nvbn-thefuck-small-change-2,26,0,1.012806;0.958485;0.938751,0.150638;0.104125;0.140435,2,1.984208;1.758969;1.816848,2,2.035858;1.865493;1.786293,2,1.8479340000000002;1.828436;1.854231,2,1.801367;1.780097;1.76673,2,1.911706;1.826181;1.870178,2,305.184816;315.25711099999995;313.973182,2,120.637932;27.605837;20.317269999999997,0,293.693011;286.326295;314.30049199999996,2,16.193099999999998;15.751136999999998;15.777553999999999,0,2.549696;2.105356;2.1311440000000004,0,7.098359;7.076726;7.045206,10.309236;10.300188;10.600592,2.9004078824073076;2.793374937027693;2.8275081422179937
python-nvbn-thefuck-small-change-3,44,0,0.645767;0.620758;0.5903780000000001,0.340385;0.225661;0.222494,2,2.054298;1.681609;1.819774,2,1.9331159999999998;1.8610129999999998;1.825931,2,1.77435;1.730662;1.7789730000000001,2,1.881042;1.8494469999999998;1.786211,2,1.739152;2.147403;1.879405,2,300.29067;302.792995;299.99172400000003,2,53.799020000000006;31.213853999999998;30.890362,0,332.500484;346.104848;369.340227,2,17.33759;16.761974;16.730438,0,2.715669;2.363248;2.363308,0,8.380495999999999;8.522781;8.605222,28.450789;31.144229;27.226593,2.9840089846402407;2.879115985706449;2.861121902242303
python-nvbn-thefuck-stdout-stderr-change,28,0,0.51347;0.44980299999999995;0.390834,0.246713;0.151673;0.224528,0,1.956737;1.7734779999999999;1.632129,0,1.8996359999999999;1.8072139999999999;1.983902,0,38.007131;1.929814;1.776073,0,1.85655;1.743169;1.8425,0,1.80031;1.823638;1.7409089999999998,0,334.404994;344.55052;309.653817,0,54.026976999999995;21.911065999999998;23.087854,0,344.016616;328.82749700000005;342.009728,0,18.220142000000003;17.497914;17.24134,0,2.69024;2.3235040000000002;2.261545,0,8.729612;8.7855;8.825338,19.014927;21.793235;18.39245,3.005943028256297;2.986429026350379;3.088973928242922
python-odoo-odoo-add-import,9,0,0.10226900000000001;0.053103000000000004;0.046689,0.037351;0.015349999999999999;0.014066,0,1.9641739999999999;1.679063;1.6621400000000002,0,1.92932;1.854496;1.856479,0,1.8088119999999999;1.779833;1.8232700000000002,0,1.8110069999999998;1.783181;1.855923,0,1.789749;1.777679;1.813004,0,301.673323;301.670971;367.297534,0,22.602717000000002;24.217393;169.279497,0,270.90768199999997;269.181726;273.606925,0,16.188307;15.468423999999999;15.273437000000001,1,2.246903;1.920391;1.9437600000000002,0,5.813374;5.796323;5.82754,2.236584;2.148238;2.079354,2.7842498384416103;2.641612896695733;2.6488620787858963
python-odoo-odoo-add-import-2,11,0,0.09135;0.057222;0.052167,0.038178000000000004;0.015650999999999998;0.014384999999999998,0,1.92835;1.742727;1.5936979999999998,0,1.938614;1.811421;1.795644,0,1.8630179999999998;1.761976;1.775483,0,1.750246;1.8796730000000001;1.80689,0,1.72718;1.8209870000000001;1.795064,0,306.02459999999996;300.355033;298.793794,0,45.450792;23.882535999999998;25.295458,0,293.443192;291.304256;292.690232,0,15.565140999999999;15.384312000000001;15.726094999999999,1,2.231626;1.927799;1.847633,0,5.818056;5.828608;5.941193,2.317755;2.545985;2.372436,2.787929028272629;2.700279001146555;2.6968461461365223
python-odoo-odoo-add-two-imports,12,0,0.15796500000000002;0.105147;0.097951,0.06378500000000001;0.03741;0.066912,0,1.918654;1.688759;1.5900050000000001,0,1.919228;1.920137;1.827904,0,1.816379;1.750374;1.8249799999999998,0,1.792152;1.776417;1.8415389999999998,0,1.736306;1.776787;1.7816159999999999,2,305.064116;301.401794;329.699048,0,61.075866;22.635026999999997;21.303789,0,317.485099;287.200205;302.741264,0,15.519328;15.340110000000001;15.545524,0,2.3280309999999997;1.9917960000000001;1.944667,0,5.863925;6.1988;5.970060999999999,6.251453;6.4946;6.229739,2.784928074106574;2.8527851682156324;2.8097929898649454
python-odoo-odoo-version,60,0,0.477572;0.461963;0.407185,0.30813999999999997;0.21573599999999998;0.213613,2,1.932333;1.731878;1.702439,2,1.9639119999999999;1.8118159999999999;1.861805,2,1.777436;1.797803;1.758063,2,1.7837809999999998;1.967435;1.815623,2,1.8297789999999998;1.990263;1.915962,2,319.422037;301.98512100000005;300.157316,2,81.29745;36.668408;27.996461,12,311.67983799999996;310.651332;324.261387,12,16.621538;16.782616;16.720307000000002,0,2.676308;2.349578;2.268692,2,7.989321;8.666586;8.077927,24.810861;27.523355;23.767124,2.902145031839609;2.8276790399104357;2.8640441596508026
python-open-telemetry-opentelemetry-python-move-from-one-function-to-other,78,0,0.6439;0.655347;0.670537,0.40698999999999996;0.339812;0.337572,0,2.126026;1.7691000000000001;1.683303,0,2.003503;1.839539;1.8373650000000001,0,1.86976;1.859426;1.709205,0,1.920156;1.7786819999999999;1.829251,0,1.831257;1.848344;1.726305,0,306.93316999999996;302.066274;303.250953,0,55.015384;45.722986999999996;22.2031,0,379.517941;361.77374299999997;349.439508,0,16.625570999999997;16.291694999999997;16.572705,2,3.055015;2.719783;2.626516,0,9.48347;9.570128;9.124365000000001,40.858323;41.375;41.234224,2.975824987515807;3.0414871871471405;2.986276987940073
python-openhands-openhands-change-string-constant,118,0,1.108578;0.992793;0.964759,0.5853139999999999;0.513091;0.5607659999999999,0,2.137002;1.785531;1.764405,0,1.9886830000000002;1.881549;1.853235,0,1.7921;1.8299189999999999;1.7168,0,1.841193;1.800314;1.787635,0,1.8064209999999998;1.7183089999999999;1.818184,0,301.024837;301.069437;309.315154,0,40.058244;27.368278999999998;24.875541000000002,0,403.419083;423.185541;416.14436900000004,0,17.059721;17.134303;17.389677,0,3.557258;3.141568;3.234794,0,11.74292;11.727392;11.612165000000001,71.880179;70.737114;68.702382,2.914880868047476;2.894856035709381;2.8671780601143837
python-openhands-openhands-small-change,54,0,1.036956;0.917788;0.9543480000000001,0.224271;0.176898;0.168611,1,2.264771;1.9960120000000001;1.814389,1,2.000384;1.890004;1.813607,1,1.837287;1.728196;1.825707,1,1.820209;1.785876;1.8423289999999999,1,1.7468169999999998;1.815915;1.79087,1,309.505074;313.933715;317.404328,1,40.916477;162.119171;47.007579,0,323.7277;318.661227;336.98107100000004,0,16.718145;16.653714;16.434672000000003,3,3.523202;3.0816;3.020721,0,9.058347;8.965149;9.01574,22.272209;30.010989;21.97492,3.1308219768106937;3.1396299600601196;3.090124111622572
python-paddlepaddle-paddleocr-formatting-only-change,1072,0,10.319834;10.444462;9.926307000000001,6.20473;5.958805;5.719852,4,2.363469;1.9566929999999998;1.98335,4,2.162259;2.03063;1.9824780000000002,4,2.021376;1.9956470000000002;2.0264860000000002,4,2.000006;2.1338559999999998;2.009603,4,1.9641480000000002;1.9571900000000002;2.097864,4,302.97939299999996;309.780213;307.43356,4,54.025586;31.914447;33.225947,0,1356.105513;1309.72058;1366.1357249999999,0,38.000033;37.019745;36.445921,0,14.848727;14.828567000000001;14.658935,0,68.068297;66.755699;67.74376699999999,886.912887;900.448441;858.38071,4.061879124492407;3.9143578615039583;3.960625967010856
python-paddlepaddle-paddleocr-remove-import,7,0,0.10969;0.12346800000000001;0.088264,0.047001;0.023271;0.020837,0,2.0166720000000002;1.761346;1.7726899999999999,0,2.080208;1.810646;1.7411219999999998,0,1.8296700000000001;1.78094;1.872919,0,1.977736;2.017321;1.846793,0,1.775626;1.779702;1.734306,0,306.715266;306.865136;300.757404,0,30.482039999999998;33.909940999999996;21.79468,0,297.20361499999996;308.98122700000005;319.245942,0,15.611213000000001;15.228323;15.284799,1,2.255281;1.933916;1.91534,0,5.739767;5.644044;5.63414,4.41498;4.192901;4.041301,2.8742949943989515;2.6204909663647413;2.6366610545665026
python-paddlepaddle-paddleocr-whitespace-only,38,0,0.47531599999999996;0.352626;0.352924,0.335941;0.236786;0.184882,7,1.8502690000000002;1.735045;1.796692,7,1.963621;1.803767;1.798344,7,1.812398;1.807616;1.843843,7,1.7900369999999999;1.774826;1.789666,7,1.8084900000000002;11.299356;1.842726,7,302.29287500000004;306.317901;299.460663,5,75.954594;29.501260000000002;36.986669,0,336.60224700000003;384.149199;346.52552,0,16.042438999999998;15.76691;15.87661,0,2.738846;2.270395;2.254949,0,7.827496999999999;7.7110199999999995;8.225161,26.928087;26.400799;26.038643,3.0120399314910173;2.946513006463647;2.9103399720042944
python-paddlepaddle-paddleocr-whitespace-only-change,4,0,0.044105;0.02313;0.020034000000000003,0.03118;0.011604;0.010771,2,2.0018219999999998;1.746348;1.636051,2,1.923622;1.8382889999999998;1.8197210000000001,2,1.829712;1.725131;1.828495,2,1.7602799999999998;1.7861;1.780058,2,1.7602799999999998;1.800025;1.826154,2,303.943934;304.98873599999996;300.356083,0,62.103252;17.493934999999997;20.012172000000003,0,299.24269;286.29777299999995;324.749882,0,17.485892;15.008568;15.067551,0,2.169273;2.2507740000000003;1.940772,0,5.562867;5.490071;5.617687,1.926733;1.946856;1.892145,2.8925540391355753;2.7028019540011883;2.7128818910568953
python-pandas-dev-pandas-doccoment-changes-only,7093,0,37.783522;37.541665;37.541819999999994,19.136004;17.114306;16.482916,21,3.338314;3.011625;2.869762,19,3.831249;3.885308;3.9578929999999994,19,3.785816;3.7745360000000003;3.874888,19,3.899147;3.80044;4.026247000000001,19,3.9105829999999995;3.823493;3.9491300000000003,19,492.896769;468.220358;477.31415799999996,19,89.969907;24.251886;24.300171,2135,3344.091985;3261.368498;3308.431341,2154,705.2849490000001;648.797921;637.702695,56,80.20754600000001;78.273018;80.86968499999999,38,1188.349879;1182.739276;1201.7484279999999,2767.55783;2683.258479;2699.683164,159.09534809179604;149.51993292197585;147.94784993864596
python-persepolisdm-persepolis-add-a-single-node,522,0,4.280698;3.652699;3.669235,2.421807;2.343192;2.461037,1,2.195518;1.8350300000000002;1.898514,1,2.120022;1.940244;1.939878,1,1.871308;1.950378;1.912211,1,1.8139269999999998;1.891724;1.8889989999999999,1,1.838574;1.9132660000000001;1.845937,1,303.17905;306.037474;336.766823,1,64.966272;47.31552;33.442916000000004,0,763.2328510000001;731.19365;763.1958079999999,1,23.599071;24.329515999999998;23.944091,0,7.871536;7.465724;7.613735,0,30.009914;30.666335999999998;29.786507,364.751333;354.658199;363.553243,4.053601063787937;4.429133841767907;3.9763699751347303
python-pytorch-pytorch-add-param-to-many-places-and-update-one,1392,0,65.398069;64.345484;65.933016,5.464475;5.246725;4.959314,0,2.290809;1.982346;1.867395,0,2.264342;2.1355609999999996;2.2067829999999997,0,2.160518;2.100202;2.144014,0,2.2225740000000003;2.1178999999999997;2.302883,0,2.195071;2.1279150000000002;2.110353,0,310.798691;310.290174;312.252931,0,74.834807;24.63263;24.621895000000002,2,1139.125652;1217.0219310000002;1176.180409,0,75.903925;73.255797;73.76136799999999,5,14.498869;14.574358;14.435775,0,78.989413;78.905913;78.028162,721.366774;717.103276;695.329495,9.495140984654428;9.91711299866438;9.429069003090262
python-refactoring,47,0,2.963225;2.7494989999999997;2.856949,0.218672;0.17107699999999998;0.16765,3,2.094478;1.803452;1.8262960000000001,3,2.027053;1.866241;1.8620679999999998,3,1.802724;1.8174029999999999;1.766519,3,1.9634740000000002;2.024622;1.873443,3,1.847794;1.718761;1.839816,3,307.09810799999997;305.23641899999996;335.066033,3,63.145072;58.393716;22.578854,3,346.406241;300.139849;297.047303,2,18.290807;17.927188;17.83873,0,3.374114;2.9790289999999997;2.875265,0,10.929371;10.07206;9.781295,18.126107;17.561929;17.575279,3.547813044860959;4.000041168183088;3.7897368893027306
python-scrapy-scrapy-comment-update,46,0,0.329315;0.267355;0.314278,0.190176;0.14344600000000002;0.13555,0,1.893561;1.632695;1.774909,0,2.150804;1.8895629999999999;1.8399130000000001,0,1.867907;1.7243499999999998;1.816604,0,1.809988;1.826204;1.825425,0,1.707851;1.878882;1.76665,0,300.15049500000003;307.500961;303.622994,0,42.978919;91.838253;28.522738999999998,4,289.867173;304.98778300000004;313.77246199999996,4,15.961045;16.006839;16.478808,0,2.640908;2.3557970000000004;2.283858,0,7.36837;7.292067;7.208404,13.590923;13.0402;13.060587,2.948794048279524;3.117681946605444;3.401170950382948
python-thefuck-multiline-string-change,151,0,1.948564;1.410221;1.258086,0.803901;0.674539;0.698612,8,2.0720349999999996;1.884001;1.757809,8,1.9815829999999999;1.7996349999999999;1.84595,8,1.819133;1.83197;2.209969,8,2.0268629999999996;1.945247;1.893203,8,1.879646;1.859569;1.780734,8,303.41726600000004;304.87259900000004;303.426743,8,51.164844;50.830942;21.427314,12,421.87534500000004;438.746045;410.126643,12,18.995818;18.820018;19.203953,9,4.117572;3.692625;3.6683779999999997,9,14.306773;14.250736;14.085596,81.796843;83.362122;78.802126,3.294568043202162;3.2598560210317373;3.2830601558089256
python-ytdl-add-import-and-function-call,222,0,2.095287;1.985882;2.184175,1.065489;1.05884;1.096279,1,2.1909289999999997;1.790677;1.70956,1,2.018753;1.920099;1.93587,1,1.9658689999999999;2.037645;1.948556,1,2.190934;2.2033899999999997;2.1029500000000003,1,2.070377;2.027452;2.014184,1,301.711752;301.88993600000003;301.001113,1,48.538792;30.872467;25.077395,1,512.478513;479.50055299999997;478.52610899999996,1,19.224387;19.644299;20.137104,1,4.696165000000001;4.4012080000000005;4.4803500000000005,,,127.997142;121.948031;121.726868,3.0623730272054672;3.22023406624794;3.1035798601806164
python-ytdl-org-youtube-dl-version-update,8,0,0.112334;0.08655600000000001;0.038486,0.04487;0.018056;0.01586,0,2.0236780000000003;1.617553;1.7172,0,2.0639149999999997;1.868603;1.794034,0,1.707565;1.823046;1.7720559999999999,0,1.836288;1.8601990000000002;1.704313,0,1.796613;1.789155;1.9268239999999999,0,310.746872;300.101338;300.56493,0,56.381011;18.361005;27.702465999999998,0,282.599339;277.58176299999997;277.407483,0,15.697368999999998;15.271527;15.330226000000001,0,2.156516;1.897111;1.777353,0,6.438276;6.063897000000001;5.896159,2.091293;1.990077;2.01814,2.7247220277786255;2.8251789044588804;2.81736277975142
python-ytdl-org-youtube-dl-version-update-2,8,0,0.069977;0.04353;0.038687,0.044846000000000004;0.018736;0.016358,0,2.063723;1.684743;1.5213130000000001,0,1.894486;1.8324909999999999;1.828709,0,1.796632;1.7640360000000002;1.7709030000000001,0,1.78002;1.835969;1.683492,0,1.788113;1.802013;1.797656,0,301.584744;317.702735;301.980122,0,46.057543;49.010359;40.715662,0,310.875791;268.329861;317.196069,0,15.828732000000002;17.121502;15.450562,0,2.2079370000000003;1.894733;1.921428,0,5.916833;5.740724;5.918909,2.275377;1.954658;2.010182,2.6378969196230173;2.832503989338875;2.74260388687253
python-zaneb-autopage-move-time-sleep,676,0,6.861446;6.3955269999999995;6.656118,3.8557819999999996;3.659485;3.755597,2,2.19849;1.790646;1.837556,2,2.1053629999999997;2.013143;1.952346,2,1.9575119999999997;1.963513;2.0059430000000003,2,1.854262;2.021121;1.917446,2,1.9699740000000001;2.115963;1.913244,2,300.339123;303.219573;306.222674,2,62.113668;19.650290000000002;27.383461,2,1013.593564;978.134185;956.9974209999999,2,30.643343;29.970852;33.549438,3,10.118723;11.419228;10.113281,2,46.060612;44.982378000000004;45.391135999999996,578.766685;554.005015;566.109407,3.8667169865220785;3.852806054055691;3.7208080757409334
r-gtownsend-icon-one-letter-identifier-change,730,0,13.279853;18.396328999999998;13.384862,25.125948;23.013;23.475096999999998,0,2.540058;1.875091;1.9037030000000001,0,2.2307669999999997;2.423858;2.0388319999999998,0,2.037979;1.973448;3.777121,0,1.9824119999999998;1.9928210000000002;2.074712,0,1.9817189999999998;1.9051440000000002;1.893613,0,324.636642;311.24972699999995;315.750877,0,37.475301;26.36457;27.117949999999997,0,770.253183;739.183986;771.043917,0,52.014114;51.924525;54.70691,,,,,232.410281;263.525663;228.230301,3.8533550687134266;3.923105075955391;3.864814061671495
r-hroptatyr-dateutils-real-changes-to-an-r-script,220,0,31.743791;31.530205;33.319837,1.286196;1.087704;1.168296,1,2.055098;1.823447;1.9537869999999997,1,2.096918;1.982366;1.846766,1,1.944774;1.896795;1.8679729999999999,1,1.788567;1.838875;1.920187,1,1.864308;1.938939;1.884733,1,306.318622;310.931309;305.879485,1,52.604931;35.874252000000006;26.208316,4,430.184978;455.863435;411.539513,1,38.214814;38.828188;40.606930999999996,,,,,50.788612;48.518399;48.522354,6.326187867671251;6.827271077781916;6.4135759603232145
r-mtytel-helm-dummy-file,16,0,0.198646;0.20123100000000002;0.131538,0.183942;0.203617;0.14757900000000002,0,2.273045;2.043688;1.860137,0,2.5104469999999997;2.090878;1.986505,0,1.885477;1.855565;1.80021,0,1.8458649999999999;1.873925;1.761113,0,1.750661;1.805785;1.836555,0,305.42181;299.00999;299.494502,0,53.932567;29.644241;20.210841,0,268.642302;271.04098;274.99278300000003,0,21.966207;21.900255;21.940778,,,,,2.487927;2.616927;2.405026,2.7720369398593903;3.026053076609969;2.8065808583050966
r-oracle-dtrace-utils-i-have-no-idea-what-this-change-actually-does,28,0,29.973196;29.385576999999998;29.521728,0.28327099999999994;0.25441199999999997;0.252896,0,2.19715;1.8727520000000002;1.803258,0,1.957895;1.7878900000000002;1.8404829999999999,0,1.759631;1.822232;1.844218,0,1.753481;1.874814;1.800872,0,1.79701;1.807285;1.769526,0,305.11783799999995;305.195795;306.122501,0,47.040411999999996;20.798664000000002;21.447305,2,354.82997500000005;333.511196;334.68654799999996,0,44.402128;44.194072;42.818732999999995,,,,,20.623715;16.993507;16.907001,3.8286899216473103;4.011474084109068;3.693601116538048
ruby-homebrew-add-or-expression,601,0,81.268692;75.127223;78.447107,4.578095;4.247999;4.08748,1,2.14086;1.926906;1.870336,1,2.079095;2.0795079999999997;2.003325,1,2.0096939999999996;1.9323700000000001;2.0920710000000002,1,1.9609520000000003;2.101265;1.9747649999999999,1,1.9108969999999998;1.9259979999999999;1.940693,1,301.465823;301.921793;306.768624,1,61.059352999999994;28.98384;30.430333,1,610.800774;593.5897;628.731523,1,53.082623000000005;57.131857000000004;54.482144000000005,0,11.460049999999999;11.095468;11.193608000000001,,,173.367012;166.814623;173.548972,4.026239970698953;4.212561063468456;4.11211303435266
ruby-homebrew-brew-add-extends,339,0,3.565769;3.317688;3.318971,2.130522;2.0505500000000003;2.030749,0,2.262096;1.789549;1.7163140000000001,0,2.018486;1.925942;1.832414,0,1.848352;1.8678709999999998;1.861072,0,1.807626;1.8982750000000002;1.826622,0,1.850962;1.889148;1.838307,0,302.506905;301.74996;306.212094,0,64.95159100000001;22.057677;31.810853,0,423.944689;423.734648;424.179744,0,46.338111;45.581827999999994;45.368184,0,6.872076000000001;6.693047;6.477971,,,69.713203;61.987127;62.449197,3.318778006359935;3.305312944576144;3.1731429044157267
ruby-homebrew-brew-change-heredoc-to-string,594,0,21.047809;20.782437;20.602498,3.4221019999999998;3.492253;3.864606,0,2.2612690000000004;1.919207;1.9531840000000003,0,2.238313;1.9641979999999999;1.9313259999999999,0,1.9796829999999999;1.944732;1.986108,0,2.052384;2.031429;1.994101,0,1.991872;1.933471;2.0732720000000002,0,306.99293;302.17985200000004;302.734925,0,56.329480000000004;43.221518;26.785172,0,517.971816;484.96742;502.29232099999996,0,53.736719;54.415378;55.318462,0,9.276861;9.187000000000001;9.856085,,,121.670712;109.026923;109.896586,4.069298971444368;4.174846922978759;4.058794816955924
ruby-homebrew-brew-decent-amount-of-new-code-and-some-changes,820,0,52.615430999999994;56.419151;60.134048,4.962541999999999;4.758953;4.5701979999999995,3,2.4698789999999997;2.014806;1.9804509999999997,3,2.625306;2.0837030000000003;2.158672,3,2.1188930000000004;2.3421499999999997;2.1593850000000003,3,2.419343;2.237606;2.211728,3,2.241895;2.241124;2.418429,4,336.968434;326.024246;341.912204,3,55.623872999999996;29.245068;20.793172,0,656.0353289999999;646.542529;636.8026150000001,0,273.54004100000003;271.365678;273.61442200000005,5,36.756895;39.867607;37.500813,,,204.654221;175.282613;171.363201,29.773537069559097;29.84293689951301;29.083740897476673
ruby-homebrew-brew-enclose-block-in-rescue,456,0,6.127464;4.998558;3.6654370000000003,2.2190510000000003;2.142705;2.10828,0,2.074933;1.7815960000000002;1.846219,0,2.185789;1.9413500000000001;1.963968,0,1.922369;2.040193;1.9889730000000003,0,2.075146;2.0250369999999998;1.9781730000000002,0,2.008662;2.0241870000000004;2.021672,0,306.850968;307.39824500000003;308.025762,0,34.743135;20.621571000000003;32.155898,0,451.548612;453.68147;453.602556,20,47.056539;47.701978;47.226963,20,7.323424999999999;7.114603;7.345797,,,93.258037;79.903083;77.524367,8.275993168354034;8.186496095731854;8.120265090838075
ruby-homebrew-brew-function-callsite-argument-change,1387,0,19.100316;12.634706000000001;12.316096,6.758506;6.610207;6.52722,2,2.355861;1.916118;1.979233,2,2.621723;2.195547;2.150207,2,2.2455700000000003;2.393063;2.125721,2,2.1409089999999997;2.195536;2.145663,2,2.167622;2.1045220000000002;2.297577,2,314.32103900000004;306.491108;314.866148,2,67.786022;25.205189;25.67803,3,767.2229040000001;742.5404530000001;765.366312,4,61.523791;61.380571;61.654875,3,17.810423;17.771060000000002;18.491434,,,323.405264;270.067266;269.068119,6.324194138869643;6.174552952870727;6.331746932119131
ruby-homebrew-brew-real-small-change,455,0,21.590291;21.236019;21.546851,2.9917730000000002;2.2437139999999998;2.186376,0,2.295515;1.923244;1.864325,0,2.026646;2.017689;1.9184510000000001,0,1.913545;1.9534690000000001;1.8815870000000001,0,1.972296;1.9807050000000002;1.9384649999999999,0,2.177921;1.8790499999999999;1.905904,0,306.081511;311.622161;303.34483,0,54.057731;30.745969000000002;22.672613000000002,86,477.227087;499.45759899999996;479.012734,,,3,7.728055;7.523129;8.384802,,,91.963345;82.510018;88.108016,4.842642927542329;4.863576963543892;4.909344017505646
ruby-homebrew-brew-version,24,0,0.223281;0.178254;0.212494,0.130882;0.08987500000000001;0.087608,0,1.9684519999999999;1.662745;1.725714,0,1.9896330000000002;1.8912499999999999;1.790735,0,1.776686;1.813673;1.792154,0,1.83741;1.798276;1.753749,0,1.851276;1.808661;1.875769,0,301.313285;300.096773;301.58063400000003,0,124.161281;100.12871600000001;18.461723,0,268.68432399999995;296.63518999999997;282.399389,0,40.967763999999995;40.894056;40.528254,0,2.920721;2.47634;2.420949,,,3.681741;3.263181;3.211934,3.0008500907570124;3.0182269401848316;3.0799650121480227
ruby-intridea-multi_json-remove-double-colon,52,0,0.568844;0.5776349999999999;0.484687,0.382707;0.246104;0.249732,1,1.864132;1.702846;1.7590100000000002,1,1.99255;1.830259;1.784561,1,1.876962;1.815051;1.90427,1,1.80051;1.764048;2.539022,1,1.808063;1.780357;1.9372969999999998,1,299.181262;301.726127;300.71830900000003,1,49.917717;22.460526;36.554765,1,319.220268;306.316232;320.424979,1,41.651792;40.928417;40.997828,0,2.921379;2.382196;2.386643,,,10.884318;8.249197;8.568501,2.9104610439389944;2.8443678747862577;2.817763015627861
ruby-intridea-multi_json-remove-single-comma,60,0,3.666636;3.577874;3.6036,0.355816;0.298926;0.281385,1,2.115353;1.637649;1.676971,1,1.96401;1.86223;1.930703,1,1.8663020000000001;1.8090870000000001;1.744778,1,1.810516;1.828626;1.787073,1,1.798397;1.812628;1.881822,1,299.57672099999996;300.468995;310.075893,1,58.068672;18.714925;41.85568,0,314.719303;339.299878;318.955575,1,41.046818;40.586712;41.139008999999994,0,2.95251;2.534124;2.4548859999999997,,,10.941647;11.522085;9.991671,2.8123080264776945;2.870891010388732;3.285317914560437
ruby-jekyll-jekyll-version,12,0,0.072896;0.045638;0.041111,0.048549;0.020887999999999997;0.018725,0,1.843472;1.637804;1.796599,0,1.938073;1.836044;1.934682,0,1.779093;1.757819;1.826013,0,1.7959530000000001;1.83808;1.783014,0,1.696733;1.872946;1.766327,0,304.82887;302.818518;298.825299,0,127.78286;27.047413;162.7765,0,289.187722;278.916155;312.60814,0,41.250011;40.276953999999996;40.483744,0,2.309915;1.920949;1.931254,,,0.909107;0.842946;0.851829,2.95255403034389;2.7287828270345926;2.8580548241734505
ruby-jekyll-jekyll-version-2,12,0,0.07375999999999999;0.046487;0.041817,0.048819;0.021499;0.019115,0,1.831909;1.696039;1.774839,0,1.9699200000000001;1.842128;1.899905,0,1.882423;1.813355;1.8914279999999999,0,1.752194;1.8370490000000002;1.847544,0,1.7460399999999998;1.816589;1.838,0,303.912615;307.001974;319.536584,0,30.447832000000002;39.095785;24.770331,0,274.231942;268.12604899999997;287.71598,0,41.899098;39.856386;40.340037,0,2.725517;36.99454;1.963999,,,0.877097;0.787878;0.837619,2.782238181680441;2.7881090063601732;2.8282301500439644
ruby-jekyll-jekyll-version-3,12,0,0.07321399999999999;0.046553;0.042289,0.07023399999999999;0.034345;0.019219,0,1.838709;1.868245;1.708521,0,1.907776;1.824216;1.794939,0,1.814461;1.8152000000000001;1.8175400000000002,0,1.780408;1.804768;1.796613,0,1.802888;1.7571100000000002;1.7756569999999998,0,306.037579;297.20342100000005;302.58653499999997,0,85.46828099999999;17.308512;18.856299,0,272.836313;299.361094;287.38316000000003,0,40.751479;39.775026;40.156026,0,2.32043;1.9763430000000002;2.076721,,,0.839359;0.790994;0.812182,2.757156966254115;2.800432965159416;2.6765090879052877
ruby-jekyll-jekyll-version-4,12,0,0.075112;0.047871000000000004;0.042038,0.050565;0.04090100000000001;0.032223,0,1.8640919999999999;1.646493;1.807676,0,1.971245;1.853303;1.8314329999999999,0,1.7559150000000001;1.772591;1.780729,0,1.769058;1.9113719999999998;1.787895,0,1.7687549999999999;1.76722;1.7481389999999999,0,305.79809600000004;304.48248700000005;301.316308,0,50.511368000000004;31.252384000000003;18.550376,0,279.21302399999996;293.217792;277.950659,0,40.706562000000005;40.218920999999995;40.21153,0,2.357653;1.990004;1.8003,,,0.838204;0.806303;0.804147,2.7505760081112385;2.680037869140506;2.677774988114834
ruby-jekyll-jekyll-version-5,12,0,0.074522;0.046639;0.046426,0.048347;0.021089999999999998;0.019163,0,1.9125940000000001;1.73841;1.799822,0,1.940896;1.803876;1.764386,0,1.802632;1.852934;1.844154,0,1.923861;1.843577;1.796712,0,1.932159;1.8425880000000001;1.78997,0,302.65692;309.703236;300.90024999999997,0,66.257897;32.461429;33.008748999999995,0,290.061732;268.343817;279.22015700000003,0,40.893803999999996;40.98973;40.275443,0,2.314802;1.972368;1.888868,,,0.893972;0.789135;0.843846,2.8216089121997356;2.6553079951554537;2.7698250487446785
ruby-jekyll-jekyll-version-6,12,0,0.07971099999999999;0.122884;0.149396,0.050047999999999995;0.021436999999999998;0.019239,0,6.006861;1.70798;1.754863,0,1.9668979999999998;1.7312910000000001;1.80597,0,1.761663;1.763789;1.685985,0,1.810764;1.863164;1.8129890000000002,0,1.8561779999999999;1.737199;1.8936879999999998,0,302.835755;308.40667;302.43949599999996,0,55.285173;32.479842000000005;30.736414,0,311.537172;285.720664;303.379062,0,39.484342999999996;39.73393;40.530862,0,2.231525;2.3604089999999998;2.045445,,,1.0616;0.802942;0.803546,2.734650857746601;2.763051073998213;2.7789799496531487
ruby-jekyll-jekyll-version-7,12,0,0.07554999999999999;0.048164;0.04366,0.059684;0.020645000000000004;0.018913,0,1.933296;1.6270419999999999;1.715203,0,1.991966;1.909843;1.8556480000000002,0,2.183059;1.884412;1.892837,0,1.715132;1.812521;1.80397,0,1.803665;1.82215;1.70562,0,303.916523;302.747002;299.019604,0,49.528161000000004;18.762246;18.478008,0,281.452225;287.864213;292.82841199999996,0,40.918387;40.065141999999994;41.467971,0,2.306677;1.917431;1.922076,,,0.88446;0.784582;0.877667,2.794134896248579;2.755586989223957;2.7049619238823652
ruby-jekyll-jekyll-whitespace-only,20,0,0.23169499999999998;0.142298;0.12656799999999999,0.087344;0.046578999999999995;0.043941,16,1.7690430000000001;1.661257;1.5378010000000002,16,1.98255;1.800749;1.849894,16,1.8261370000000001;1.769957;1.819133,16,1.790348;1.84633;1.814217,16,1.728613;1.827962;1.794472,16,302.816321;304.386936;301.470257,2,44.677892;21.341618999999998;20.222158,0,294.847164;267.379882;306.534918,2,39.958309;39.706925999999996;40.966922000000004,2,2.371912;1.9991369999999997;1.984279,,,1.621319;1.457265;1.692321,3.327979939058423;3.294921014457941;3.270921064540744
ruby-jekyll-jekyll-whitespace-only-2,20,0,0.112212;0.07765899999999999;0.071168,0.088742;0.048571;0.045714000000000005,16,1.90059;1.774567;1.664521,16,1.9542750000000002;1.9193840000000002;1.828704,16,1.8474979999999999;1.818592;1.7410139999999998,16,1.774697;2.0118229999999997;1.800284,16,40.804355;1.982803;1.809115,16,312.461669;319.03131;302.495609,2,42.420745000000004;22.881094;35.427939,0,306.645717;334.158723;404.609323,2,43.254591000000005;42.530699;42.077465000000004,2,2.332967;1.9655179999999999;1.9630450000000002,,,1.607456;1.422551;1.479043,3.3432869240641594;3.36858700029552;3.3595808781683445
ruby-jekyll-jekyll-whitespace-only-3,47,0,0.37303899999999995;0.261988;0.229985,0.218791;0.18603999999999998;0.15738799999999997,1,1.900182;1.745639;1.550074,1,1.927025;1.828731;1.780125,1,1.780961;1.805341;1.770095,1,1.8479379999999999;1.8016429999999999;1.76724,1,1.842458;1.820654;1.773951,1,303.275484;301.760256;304.428133,1,46.022679;18.963635;20.709377,0,295.60370800000004;306.55917500000004;296.379453,0,40.916026;40.170334000000004;40.375885,0,2.573709;2.159059;2.1665389999999998,,,5.099405;4.608697;4.734185,2.6839938946068287;2.62087001465261;2.7817939408123493
ruby-jekyll-jekyll-whitespace-only-4,125,0,0.820049;0.740675;0.736583,1.006379;0.9823080000000001;1.0314349999999999,1,2.009019;1.844446;1.633005,1,1.920923;1.835782;1.7788680000000001,1,1.8263610000000001;1.788692;1.760481,1,1.823825;1.806934;1.805597,1,1.830791;1.734431;1.788747,1,303.463253;301.563904;302.281923,1,34.391847000000006;34.052524;26.705141,0,352.670384;331.419021;361.235151,0,43.371644;43.243497999999995;42.743551999999994,0,3.5869489999999997;3.334068;3.333694,,,16.52193;15.664172;15.764362,2.75505892932415;2.9717660509049892;2.834887010976672
ruby-junegunn-fzf-add-test-case,7589,0,128.037818;127.75188000000001;134.371869,52.655708;53.423202;51.410475000000005,1,3.017259;2.5613989999999998;2.4755990000000003,1,3.990105;3.9236439999999995;3.789917,1,3.780502;3.749264;3.765649,1,3.9768190000000003;3.974989;3.9211080000000003,1,3.730695;3.740279;3.773214,6,667.561602;645.6548779999999;648.1002169999999,1,47.791978;43.338719;33.25758999999999,0,3521.50922;3478.173135;3641.5666180000003,0,225.328193;228.687666;222.62506100000002,1,117.720124;118.775402;115.209116,,,2563.929668;2404.146434;2417.204201,337.6499090809375;345.64530616626143;345.2146619092673
ruby-junegunn-fzf-add-test-case-2,7963,0,136.226613;130.987042;137.142243,53.95615600000001;52.961705;53.566210000000005,1,3.2725210000000002;3.06449;2.853798,1,4.144719;4.108551;3.972067,1,3.859559;4.145548;4.1048480000000005,1,4.208362999999999;4.093535;4.175962,1,3.860864;3.865882;3.8851269999999998,4,423.62558;414.672458;446.57494199999996,1,32.23785;26.523212;26.529964,0,3611.5831439999997;3570.192908;3670.037457,0,232.197233;247.78123799999997;233.800016,1,120.030295;125.52633699999998;147.801303,,,2558.376352;2465.93689;2474.676389,108.0195470713079;107.24906204268336;105.8661921415478
ruby-main-branch-process_executer-actual-small-change,78,0,2.195238;2.085302;2.109255,0.400783;0.247169;0.319596,2,2.2064290000000004;1.84295;1.9584590000000002,2,2.047206;1.8630689999999999;1.8101070000000001,2,1.720735;1.919573;1.877853,2,1.81427;1.804204;1.83858,2,1.729317;1.918923;1.859885,2,302.221815;306.06813500000004;303.87860900000004,2,54.328687;53.910231;38.698865999999995,3,291.466555;308.98955099999995;360.907196,3,43.14077;42.808421;42.443978,4,3.1935930000000003;2.833917;3.089658,,,8.981584;8.285482;7.772871,4.009636119008064;4.341452848166227;4.1127619333565235
ruby-marcandre-backports-actual-small-change,180,0,10.267632;10.250313;9.930651000000001,1.051275;0.9075349999999999;0.9282630000000001,6,2.095398;1.8252469999999998;1.8126,2,2.031878;1.869691;1.920933,2,2.008111;1.830587;1.812319,2,1.9210550000000002;1.830627;1.892484,2,1.881537;1.9572080000000003;1.8794490000000001,2,306.427617;303.746054;302.232279,2,46.752691;26.632986000000002;26.564649,15,411.95968999999997;369.57806500000004;348.538559,,,15,5.572872;5.202764999999999;5.256075,,,28.547889;24.907704;24.786101,5.254888907074928;5.480367923155427;5.208074813708663
ruby-mastodon-mastodon-add-func-and-attribute,40,0,1.015157;0.979843;1.007906,0.19900299999999999;0.14381300000000002;0.14230199999999998,1,2.319101;1.922096;1.788724,1,1.9931419999999997;1.913977;1.789331,1,2.1234499999999996;2.039104;2.008339,1,1.961698;2.304915;2.063323,1,2.114782;2.083437;2.0518759999999996,2,305.043348;302.97944;312.591918,1,46.567342999999994;20.620115000000002;23.27214,1,299.938627;286.800409;308.219649,0,40.785805;41.308201000000004;40.560542,1,2.830435;2.390883;2.372052,,,4.618284;4.286965;4.328824,3.0074329115450382;3.0366149730980396;3.0398478265851736
ruby-mastodon-mastodon-add-method,16,0,0.651231;0.520617;0.565614,0.12431600000000001;0.073048;0.07059499999999999,1,2.068134;1.848212;1.7127430000000001,1,1.909104;1.962008;1.863979,1,1.795418;1.8298240000000001;1.836307,1,1.727587;1.8492719999999998;1.9946389999999998,1,1.829305;1.786097;1.8054970000000001,1,300.31571299999996;303.888134;301.536052,1,46.404088;23.560472999999998;31.021685,1,276.166782;285.826467;299.333059,2,41.279652999999996;40.888442;40.514611,1,2.6242959999999997;2.318237;2.316379,,,2.311297;4.284824;2.282692,2.8366551268845797;2.805519849061966;2.8323109727352858
ruby-mastodon-mastodon-add-one-call,3259,0,147.48845699999998;146.9219;150.127141,25.944444;25.708089;25.907366000000003,0,2.7276380000000002;2.277329;2.2839050000000003,0,3.146473;2.749948;2.833812,0,3.254778;3.698401;2.927566,0,3.474029;3.46699;3.0041569999999997,0,3.162248;2.9922239999999998;3.325316,0,314.15254500000003;306.268761;307.590738,0,107.21792400000001;23.603927;20.059934000000002,0,2267.4674919999998;2208.778836;2249.6481799999997,0,137.222718;135.003806;136.3892,1,71.42484;66.10822900000001;67.061595,,,1391.025956;1374.562246;1358.818742,8.804607903584838;8.698215940967202;8.636530954390764
ruby-mastodon-mastodon-add-one-line,22,0,0.51877;0.401517;0.400295,0.15996100000000002;0.130573;0.118523,1,2.063528;1.7106409999999999;1.591669,1,1.9366450000000002;1.854136;1.83111,1,1.754841;1.77823;1.805561,1,1.85458;1.855927;1.8851829999999998,1,1.723701;1.869856;1.7805259999999998,1,302.521598;300.758521;301.262222,1,43.04003599999999;26.750263999999998;26.676781000000002,0,280.308725;282.67860299999995;358.030868,0,40.825342;39.818937;40.492233000000006,0,2.5018800000000003;2.146644;2.167293,,,3.586359;3.461557;3.706164,2.927970141172409;2.8524408116936684;3.0311651062220335
ruby-mastodon-mastodon-insert-only,45,0,8.030005999999998;7.954378;7.7981229999999995,0.37148800000000004;0.271567;0.31481099999999995,2,2.12066;1.807013;1.626199,2,1.9628010000000002;1.8278439999999998;1.829342,2,1.7903;1.870628;1.90661,2,1.891556;1.855541;1.813282,2,1.838931;1.8669209999999998;1.863842,2,312.144649;310.50219400000003;308.067508,2,29.91515;27.361897;30.006235999999998,0,370.13124899999997;374.966768;333.052504,1,43.704189;44.824523;43.760419,0,3.254303;3.0117350000000003;2.8761550000000002,,,9.637979;9.628163;10.982691,3.0303429812192917;2.9308891389518976;3.210000926628709
ruby-mastodon-mastodon-normal-change,32,0,0.735672;0.734336;0.731367,0.156749;0.135227;0.104463,4,1.871686;1.724988;1.7630860000000002,2,1.953928;1.831241;1.851986,2,1.8133629999999998;1.776745;1.959495,2,1.8260539999999998;1.842551;1.8253169999999999,2,1.917143;1.693113;1.857254,4,307.388904;306.387661;301.70573,2,37.149924;25.219037;24.203590000000002,0,328.629049;349.04045;279.617085,1,41.589293999999995;40.348902;40.679551000000004,4,2.8974249999999997;2.605483;2.387508,,,3.99936;3.307597;3.310899,3.021084936335683;3.01224086433649;2.9358549509197474
ruby-mastodon-mastodon-one-operator,52,0,0.254583;0.210714;0.23202899999999999,0.259644;0.13139299999999998;0.126751,0,1.792751;1.702664;1.8548390000000001,0,1.965025;1.837723;1.757188,0,2.266505;1.9420030000000001;1.776318,0,1.7349970000000001;1.717894;1.846586,0,1.729366;1.934332;1.757824,0,302.872129;301.270465;300.05922499999997,0,44.877402;20.69671;24.67127,20,307.086358;312.22751700000003;288.32993,0,41.078187;40.984372;41.607406,0,2.6860489999999997;2.382768;2.262281,,,4.575858;3.581335;3.554075,2.859940053895116;2.7753671165555716;2.7993288822472095
ruby-mastodon-mastodon-smal-change,44,0,0.845372;0.796145;0.7304689999999999,0.20754199999999998;0.17676000000000003;0.14793699999999999,0,1.8861489999999999;1.765192;1.822474,0,2.0131099999999997;1.819471;1.764188,0,1.836319;1.816176;1.806311,0,1.8404960000000001;1.8994350000000002;1.72741,0,1.8425710000000002;1.8602919999999998;1.803487,0,301.246463;302.202314;303.238907,0,64.480413;20.893083999999998;28.553053,0,288.072619;321.20711;291.99794299999996,0,40.843082;40.403714;41.628931,0,2.623285;2.391809;2.205667,,,4.219266;4.049736;3.958005,2.840238157659769;2.8252170886844397;3.1050927937030792
ruby-mikel-mail-whitespace-only-change,118,0,1.003873;0.829747;0.8310839999999999,0.7328589999999999;0.62712;0.615633,18,2.201344;1.9324109999999999;1.757188,18,1.924137;1.897418;1.863621,18,1.8973760000000002;1.870413;1.848524,18,1.855466;1.818711;1.8415059999999999,18,1.8573000000000002;1.917355;1.85162,18,314.95540300000005;330.33092400000004;306.799299,18,34.514753;25.530014;27.823751,0,327.895576;327.95806500000003;324.042211,0,41.528971999999996;40.830612;41.305779,0,3.5482690000000003;3.212438;3.37897,,,21.764158;21.899212;20.963566,3.542098915204406;3.561470890417695;3.570898901671171
ruby-moneta-rb-moneta-change-one-identifier,50,0,0.33876700000000004;0.288768;0.27884699999999996,0.232163;0.17378;0.259531,0,1.929718;1.694123;1.768416,0,1.9712229999999997;1.89424;1.802665,0,1.780255;1.7309350000000001;1.846525,0,1.904644;1.857939;1.818671,0,1.692948;1.798913;1.8012709999999998,0,308.85136;300.963072;300.622093,0,66.602592;39.906419;21.750203,0,317.050231;289.687616;347.306707,0,41.922747;41.205225999999996;40.442206,1,2.6872049999999996;2.366871;2.3237129999999997,,,5.858113;8.369773;5.769315,2.760457806289196;2.773398067802191;2.849854063242674
ruby-moneta-rb-moneta-trivial-version-update,12,0,0.091585;0.05999;0.055231,0.060987;0.027230999999999998;0.024373,0,1.859106;1.687554;1.839386,0,1.920923;1.861224;1.887595,0,1.7994;1.788505;1.82859,0,1.873846;1.773806;1.8135919999999999,0,1.684282;1.809155;1.742812,0,313.691038;304.686017;305.181575,0,55.065259;19.372987000000002;22.595398999999997,0,289.797389;285.424242;271.18741800000004,0,41.95687;39.421459;109.64817000000001,0,2.366561;2.116975;2.076199,,,1.051835;1.011127;1.03245,2.7995549608021975;2.6771000120788813;2.7203888166695833
ruby-rapid7-ruby_smb-add-import-and-one-expression,737,0,29.694713;28.349103;28.235908000000002,3.8675880000000005;3.390357;3.3904680000000003,1,2.136429;1.814283;1.9630889999999999,1,2.224106;2.181421;2.20083,1,2.1366430000000003;2.1112159999999998;2.0870889999999997,1,2.099191;2.104519;2.169435,1,2.17079;2.1069639999999996;2.101848,1,313.204647;316.200141;316.605267,1,34.202356;34.999766;42.226053,0,502.35605699999996;502.60902;519.170148,0,50.060351000000004;52.481974;49.431458,2,10.904469;10.822761;10.667443,,,105.712174;102.280546;105.704182,4.39658691175282;4.562007030472159;4.506717901676893
rust-add-if,20,0,0.37000500000000003;0.356655;0.306413,0.155489;0.064085;0.062085,8,2.030372;1.798425;1.7955029999999998,8,1.9593089999999997;1.7772020000000002;1.848463,8,1.813267;1.7798340000000001;1.85597,8,1.7926680000000002;1.785357;1.843887,8,1.801349;1.809564;1.708467,7,303.243446;301.228465;311.93075799999997,8,24.034315;32.420755;26.022771,0,291.791837;304.518582;292.89982399999997,8,49.657998;54.580634;49.568723,9,2.5701449999999997;2.153552;2.194432,,,9.635461;9.755349;12.313225,3.126824973151088;3.21564800105989;3.1232889741659164
rust-add-to-existing-use,14,0,0.251614;0.193461;0.187034,0.09248300000000001;0.028877999999999997;0.026225000000000002,0,1.829053;1.838819;1.715041,0,1.879977;1.914832;1.785104,0,1.806967;1.8689170000000002;2.060976,0,1.855496;1.853956;1.7734020000000001,0,1.73825;1.850417;1.7900179999999999,0,303.35333199999997;303.819397;301.971455,0,76.782597;37.339723;39.538808,0,295.88552699999997;272.622536;281.43427199999996,0,49.332508;49.776699;48.521460000000005,1,2.311333;1.9755559999999999;1.930134,,,5.894393;3.002093;2.805691,2.6863168459385633;2.797889057546854;2.76018213480711
rust-add-value-to-enum,45,0,0.672268;0.5949730000000001;0.5456359999999999,0.18112899999999998;0.182529;0.12398900000000002,0,1.895155;1.864923;1.666154,0,1.9670059999999998;1.85059;1.7847080000000002,0,1.951034;1.925479;1.80759,0,1.9658309999999999;1.77216;1.789799,0,1.823837;1.812249;1.861531,0,328.791571;301.80396199999996;307.07941900000003,0,123.006234;31.912796;19.033526,0,335.153219;314.04595;334.049498,0,51.01004;51.321667;51.781389999999995,0,2.865926;2.689229;2.7288669999999997,,,19.018898;17.570818;18.625405,2.7723389212042093;3.139565931633115;2.7550070080906153
rust-adding-a-variable-and-test-with-comments,5692,0,84.285297;78.145483;78.785644,22.817348;22.80034;22.119434,23,3.020478;2.676059;2.655291,21,3.5656;3.419747;3.4050700000000003,21,3.36705;3.4429019999999997;3.346935,21,3.615396;3.6935700000000002;3.5094879999999997,21,3.538118;3.529722;3.5222539999999998,29,410.060399;414.823545;430.21471,21,65.013716;44.863944000000004;46.192916000000004,760,4840.442015;4933.255673;4937.138321,21,151.82051199999998;150.28635500000001;152.370395,25,67.212014;67.10943900000001;69.054168,,,4096.361811;3960.026273;3961.609372,97.89715195074676;104.79941591620444;97.01421903446315
rust-adding-many-identical-cfg-test-statements-to-a-signle-file-doesnt-prefer-the-local-insert-but-rather-goes-to-some-other-existing-cfg,366,0,11.210173000000001;11.012009999999998;10.960861000000001,1.049722;1.054416;0.979344,40,2.1668299999999996;1.932333;1.7601310000000001,40,2.162683;2.0216600000000002;2.042005,40,1.9736179999999999;2.000002;2.0497929999999998,40,1.985502;1.9827080000000001;1.9716629999999997,40,2.008772;1.9563229999999998;1.982877,53,334.65285500000005;321.99544000000003;319.304264,40,72.610967;24.654394999999997;29.043794000000002,150,570.204155;569.471093;572.102279,0,58.276805;54.505548;52.988174,26,60.583459;62.870892;60.890223,,,170.984943;167.751737;159.214408,20.94491897150874;21.131972083821893;20.77354211360216
rust-adding-to-a-list-of-identical-attributes-should-favour-near-matches,960,0,14.023658;12.969691000000001;12.462554,2.680694;2.728917;2.663026,2,2.039253;1.8796869999999999;1.73678,4,2.3149889999999997;2.1250980000000004;2.155992,4,2.04256;2.096375;2.0725629999999997,4,2.0880859999999997;2.0596870000000003;2.055861,4,2.077783;2.012768;1.9851169999999998,6,306.958453;307.436749;303.906303,4,34.135863;19.782567;21.330859,92,1339.662361;1351.6140679999999;1338.178613,0,60.180099;60.644889;61.023951,7,10.315536;10.384687999999999;10.245745000000001,,,788.977883;780.985513;758.432948,6.617603823542595;6.748683052137494;6.79618981666863
rust-cost-optimization,63,0,1.523129;1.418663;1.419346,0.277457;0.24246;0.213651,1,2.133022;1.687425;1.7168080000000001,1,1.998428;1.9028809999999998;1.81759,1,1.7317770000000001;1.820485;1.837249,1,1.775588;1.7851810000000001;1.8246580000000001,1,1.76705;1.879883;1.920873,1,302.03934;299.243797;314.842227,1,54.577838;41.533603;21.452547999999997,2,325.75186299999996;357.120564;365.825196,0,51.353927;51.388004;52.929883,2,2.837269;2.425634;2.400524,,,34.58382;29.253431;27.919221,3.0559191945940256;3.0047858599573374;3.232955001294613
rust-data-structure,44,0,3.199395;3.2243250000000003;3.1779450000000002,0.335614;0.286873;0.265335,1,1.9890160000000001;1.764783;1.738674,1,1.9954550000000002;1.871929;1.7632489999999998,1,1.8086840000000002;1.790045;1.8594810000000002,1,1.859393;1.808837;1.732794,1,1.8079509999999999;1.861674;1.8520590000000001,1,305.3927;308.65412;300.49062599999996,1,47.197812;29.797831;20.692472,0,298.087026;326.911658;303.920941,1,51.743799;51.422716;50.641151,5,3.52484;3.247645;3.184653,,,22.509475;22.793677;19.337764,3.288554958999157;3.4056499134749174;3.4963160287588835
rust-firefox-webrenderer-borders,738,0,11.367867;11.232651;11.211314,2.5781460000000003;2.458436;2.544282,0,2.499621;2.059929;1.913571,0,2.1927280000000002;2.0330790000000003;1.95113,0,2.092102;2.032499;2.0360650000000002,0,2.0726210000000003;2.050285;2.103808,0,2.016361;2.162485;2.044737,0,312.402909;307.552096;314.638415,0,36.930807;51.089911;23.970402,0,741.673074;754.9595959999999;749.4977739999999,0,91.388749;91.483884;89.873378,4,8.955354999999999;8.347645;8.472854,,,369.821992;337.826746;348.788731,8.728531887754798;8.948200847953558;9.086078964173794
rust-fornwall-rust-script-add-lifecycle-management,2722,0,20.634712;20.317412;21.514926,7.213284;7.107234;6.834816,3,2.295733;1.991408;2.569699,3,2.675516;2.3954079999999998;2.262598,3,2.247535;2.266972;2.3163210000000003,3,2.292667;2.343153;2.331018,3,2.217461;2.2218950000000004;2.2225499999999996,3,328.052438;310.87935500000003;312.210463,3,74.35475;35.072178;20.190217,3,1475.080543;1454.0822360000002;1532.655921,3,82.59111399999999;82.696835;96.361117,0,20.164574;19.62265;20.971994000000002,,,1067.740191;1016.143266;996.430404,10.401078965514898;10.532571002840996;10.23905398324132
rust-gyulyvgc-sniffnet-add-mod,9,0,0.125725;0.081215;0.073006,0.059512999999999996;0.017165;0.016309999999999998,0,2.017286;1.6636559999999998;1.750354,0,1.960957;1.7381849999999999;1.813725,0,1.776459;1.846166;1.820297,0,1.732618;1.822212;1.7669569999999999,0,1.81345;1.675716;1.889317,0,305.293481;302.182549;318.76771199999996,0,39.648564;25.893268;19.642271,0,293.804824;312.319468;290.537332,0,52.171161;51.587398;57.209053000000004,1,2.2464709999999997;1.912302;1.868731,,,2.73066;2.51124;2.472649,2.7790910098701715;2.8638991061598063;2.849964890629053
rust-gyulyvgc-sniffnet-add-mod-2,9,0,0.205003;0.08242100000000001;0.07440000000000001,0.036961;0.016625;0.015761999999999998,0,2.107231;1.829013;1.730527,0,1.948608;2.044751;1.849194,0,1.75414;1.839429;1.832409,0,1.7209619999999999;1.8263120000000002;1.771024,0,1.898535;1.798289;1.7068969999999999,0,306.932452;301.02342999999996;298.892075,0,122.115118;20.329506000000002;94.22980799999999,0,320.98184200000003;281.355483;309.807616,0,49.268079;48.771692;48.668068000000005,1,2.232849;1.9613429999999998;1.846735,,,2.545556;2.405991;2.472389,2.6853648014366627;2.672735834494233;2.6877010241150856
rust-gyulyvgc-sniffnet-add-mod-3,7,0,0.16446;0.065089;0.05862,0.053461999999999996;0.012334;0.011460999999999999,0,1.785278;1.674591;1.77667,0,2.021211;1.921157;1.913203,0,1.787085;1.743328;1.951703,0,1.8026870000000002;1.8418340000000002;1.8180209999999999,0,1.683902;1.8041559999999999;1.8268760000000002,0,309.86150899999996;306.76525399999997;305.55359300000003,0,41.519979;20.121053;58.690378,0,284.027548;302.951283;286.15514399999995,0,48.51702;53.216318;49.864483,1,2.242401;1.8542770000000002;2.004528,,,1.824529;1.900313;1.740477,2.763032913208008;2.607220085337758;2.7355828788131475
rust-gyulyvgc-sniffnet-remoev-attribute,20,0,0.39356800000000003;0.39741499999999996;0.33933800000000003,0.100576;0.064496;0.061377,1,1.8395970000000001;1.7725250000000001;1.5949250000000001,1,1.947284;1.8305;1.8787299999999998,1,1.813205;1.711289;1.857165,1,1.766631;1.817195;1.899407,1,1.7531560000000002;1.793911;1.7822300000000002,1,302.09725399999996;302.222802;299.72899800000005,1,75.688551;24.858666000000003;27.199503,0,308.211905;282.76874499999997;315.972525,1,49.066266999999996;48.127719;49.094381,0,2.469332;2.102056;1.9812089999999998,,,7.37068;7.386453;6.970168,2.7451361529529095;2.7213499415665865;2.7303530368953943
rust-gyulyvgc-sniffnet-rename-one-identifier,3828,0,53.048626;52.845132;52.738038,18.873685000000002;18.505497;18.706884000000002,0,2.566761;2.108117;2.202103,0,2.702852;2.618703;2.5077200000000004,0,2.798768;2.545678;2.51734,0,2.5832059999999997;2.5667899999999997;2.631766,0,2.541868;2.4691549999999998;2.587036,0,322.738485;308.741346;307.42993,0,48.524234;28.361967;22.457414,0,3343.653891;3324.148929;3314.330209,0,132.14824;131.739996;132.933043,1,46.983990000000006;47.540495;45.574133,,,2701.783159;2601.820269;2648.249829,9.22478805296123;9.132130071520804;9.115821914747356
rust-hello-world-added-message,9,0,0.457517;0.33776500000000004;0.33347699999999997,0.046542;0.022024000000000002;0.02017,0,1.828076;1.86083;1.772692,0,1.9739620000000002;1.7211450000000001;1.859355,0,1.868719;1.812936;1.791034,0,1.691052;1.786454;1.7695619999999999,0,1.8623990000000001;1.844589;1.762966,0,304.73830699999996;301.878168;299.933364,0,66.526087;20.726758;21.622039,0,266.478139;331.94705200000004;272.534059,0,49.126746;48.301048;48.466421000000004,0,2.391848;2.0190249999999996;1.969995,,,2.606526;2.545614;2.507272,2.6737439911812544;2.711046952754259;2.7459091506898403
rust-hello-world-removed-message,9,0,0.390882;0.398016;0.342322,0.048339999999999994;0.023006;0.020510999999999998,0,2.1582120000000002;1.784046;1.780311,0,1.963896;1.914947;1.763103,0,1.846828;1.902742;1.786934,0,1.7635070000000002;1.963342;1.923248,0,1.763207;1.854491;1.83866,0,301.208823;309.268891;301.929289,0,45.59954;30.625396;26.784346,0,285.161883;272.10495699999996;280.630223,0,52.23459;50.601196;49.073389,0,2.3145930000000003;2.090361;1.9534840000000002,,,2.56876;2.481147;2.472694,2.706129103899002;2.650927985087037;2.6603341102600098
rust-leetcode-1-bugfix,58,0,1.554198;1.268494;1.26969,0.285514;0.276478;0.215621,3,2.08269;1.737325;1.770888,1,2.012043;1.8343770000000001;1.8702239999999999,1,1.7874709999999998;1.798516;1.740227,1,1.830726;1.8311659999999998;1.817922,1,1.838724;1.738929;2.1677049999999998,1,301.572943;307.01887700000003;311.731191,3,52.557122;25.231734;26.033372999999997,0,363.95754600000004;324.982798;339.914822,0,49.250994999999996;49.596349999999994;49.613619,2,2.876996;2.459559;2.407614,,,36.285595;35.03043;35.32513,3.159414976835251;2.82434793189168;2.787174889817834
rust-next-font-imports-generator,550,0,27.376479;26.925219;27.218045,2.429475;2.316275;2.306985,49,2.276538;2.014866;1.9694170000000002,47,2.141411;2.0363830000000003;1.982161,47,2.008625;2.037395;2.091732,57,2.038248;2.048988;2.026125,57,2.015877;2.044746;2.082188,57,358.83202600000004;361.306244;362.800631,59,55.7316;28.151907;32.962908999999996,53,781.550261;768.65411;779.724512,253,81.163645;80.00676299999999;80.166863,250,7.888219;7.557083;7.497007,,,379.663688;377.034502;375.73844,62.691931845620275;54.77031087502837;53.785633062943816
rust-no-change,100,0,0.934467;0.7604110000000001;0.75342,0.390889;0.370612;0.388804,0,1.9364379999999999;1.694944;1.6419329999999999,0,1.424515;1.34643;1.3594,0,1.3481560000000001;1.395347;1.361297,0,1.357098;1.5243259999999998;1.4234390000000001,0,1.416598;1.5515839999999999;1.497923,0,302.510367;299.783431;298.743359,0,55.644331;18.663408999999998;19.817933999999997,0,398.066899;397.694465;401.111669,0,49.180837;48.875397;48.62419,0,2.9024989999999997;2.6722740000000003;2.540712,,,69.962855;67.246605;65.999695,2.842271002009511;2.5805330369621515;2.4704081006348133
rust-protocolbuffers-protobuf-add-enum-variant,165,0,1.340646;1.253605;1.235713,0.49971199999999993;0.400161;0.396853,0,2.037063;1.754102;1.8527140000000002,0,1.9761959999999998;1.8781169999999998;1.838421,0,1.80825;1.944005;1.818208,0,1.8562349999999999;1.843249;1.838398,0,1.745618;1.866164;1.811429,0,303.308134;301.44496799999996;306.410207,0,43.844815000000004;20.745559;22.751451999999997,0,404.71916000000004;388.543208;411.831271,0,50.582023;51.037932;50.663642,0,3.315069;2.940793;2.956097,,,53.890644;52.0571;51.486961,3.8920361548662186;2.994365058839321;3.067056881263852
rust-protocolbuffers-protobuf-add-two-attributes,166,0,1.198388;1.027058;1.016618,0.50666;0.408307;0.408002,0,2.010558;1.77926;1.811659,0,1.9970500000000002;1.876957;1.719261,0,1.843653;1.793804;1.82349,0,1.8563189999999998;1.76051;1.89525,0,1.8851580000000001;1.869094;1.865366,0,302.862806;302.540665;301.938971,0,66.1303;22.899434;42.879334,32,387.047106;388.020272;378.20796099999995,0,54.467315;53.091172;54.156517,0,3.543006;3.8689359999999997;3.2354800000000004,,,54.294841;53.082603;52.826971,3.5822452045977116;3.0255599413067102;3.0342889949679375
rust-quietvoid-dovi_tool-change-to-templated-call,222,0,11.415485;11.005055;10.823285,0.986399;0.824639;0.828924,0,2.112671;1.821542;1.832921,0,2.046212;1.955573;1.958239,0,1.928028;1.86322;1.8825129999999999,0,1.7844250000000001;1.887964;1.906932,0,1.840326;1.877114;1.876995,0,328.480765;320.41200399999997;306.554049,0,33.045170999999996;30.53458;32.593479,0,473.796683;464.475169;468.977178,0,55.213564;60.27561;58.904561,0,4.519958999999999;4.305209;4.156408000000001,,,117.670095;113.678901;114.388272,4.018391948193312;3.8742520846426487;3.929876955226064
rust-rbspy-rbspy-add-two-test-cases,6605,0,89.72595;92.618688;88.33015,35.235718000000006;35.45090999999999;32.759236,21,3.2910790000000003;2.896135;2.817139,1,3.9815830000000005;3.6962599999999997;3.647168,1,3.630128;3.604537;3.730134,1,3.869511;3.8818569999999997;3.9769310000000004,1,3.69505;3.67888;3.755096,5,616.972006;592.560212;593.323837,5,75.570419;25.273453;26.332005,259,4457.2723129999995;4640.269824;4514.2300190000005,1,194.117583;191.5168;197.179569,23,90.212004;89.87348;89.86455699999999,,,3785.868956;3650.393087;3662.617481,269.2921510897577;277.52058883197606;276.6981269232929
rust-refirmlabs-binwalk-whitespace-only,1842,0,16.960235;12.051423999999999;12.124515,5.8432059999999995;5.775356;5.607590999999999,4,2.402812;1.9544089999999998;1.926073,4,2.530188;2.416525;2.347693,4,2.437195;2.448955;2.328276,4,2.4083170000000003;2.405884;2.4740159999999998,4,2.347835;2.387111;2.3593770000000003,4,308.42147;305.16738799999996;306.08928000000003,4,43.304133;39.597828;24.026725,0,1609.9594809999999;1630.4741430000001;1657.904799,0,83.814203;72.05992599999999;69.253443,0,16.467819000000002;16.428027;16.363295,,,1243.814366;1134.480475;1133.194577,5.823171930387616;5.926550831645727;5.67479501478374
rust-rust-lang-rust-add-key-to-function-arguments-and-call-sites,1478,0,50.291328;49.047187;48.445487,5.59596;5.387108;5.375221,0,2.212476;1.999004;1.9756850000000001,0,2.2967679999999997;2.1711500000000004;2.138873,0,2.166938;2.1733260000000003;2.183203,0,2.256028;2.305926;2.214621,0,2.129661;2.132235;2.2284100000000002,0,315.641193;317.21306100000004;313.79306,0,58.245189;24.772979;25.499272,5,1491.629191;1440.41634;1420.278003,0,76.979018;75.489224;75.182794,6,15.953957;15.692234999999998;15.204964,,,949.590964;943.111777;931.451301,10.091736912727356;10.056726867333056;10.14216197654605
rust-rust-lang-rust-add-note-comment,43,0,1.096655;1.132267;1.122521,0.159198;0.10784099999999999;0.104402,0,2.055889;1.632812;1.705116,0,1.986786;1.8253329999999999;1.884853,0,1.7298229999999999;1.812426;1.773955,0,1.81588;1.82479;1.8043639999999999,0,1.814987;1.907753;1.860438,0,341.656793;302.513731;298.69928699999997,0,59.086209000000004;40.910329000000004;27.146726,0,356.12060699999995;362.888574;337.584591,0,49.304624;48.681355;49.517423,0,2.4415999999999998;2.1284720000000004;2.0771409999999997,,,13.941716;15.799714;13.110196,2.971146022900939;2.960305893793702;2.922005020081997
rust-rust-lang-rust-add-one-check,371,0,4.7580290000000005;4.470677;4.460754,2.098938;1.950226;1.998885,0,2.0700570000000003;1.730449;1.832231,0,2.0207710000000003;2.013894;1.950745,0,1.881941;1.920777;1.841509,0,1.8788690000000001;1.939227;2.0354129999999997,0,1.893874;1.932071;1.87146,0,301.929166;300.90590499999996;302.37762000000004,0,49.909060999999994;18.003583;21.20844,0,708.708262;738.896553;734.696029,0,57.703857;56.677073;55.879982,0,7.8448709999999995;6.8078449999999995;6.498195,,,302.387323;313.640096;286.476851,3.333467058837414;3.486083121970296;3.308860119432211
rust-rust-lang-rust-add-or-expression,550,0,14.332745;14.40081;14.366198,2.3629670000000003;2.2464239999999998;2.188409,1,2.219076;1.810471;1.685597,1,2.10181;1.982085;1.9846540000000001,1,2.121375;2.065582;2.530301,1,2.004646;2.046234;2.0092209999999997,1,1.9538569999999997;1.963743;2.051143,1,303.553861;300.383887;305.739155,1,78.959923;31.973855000000004;25.702813000000003,1,776.039171;761.587917;757.678874,1,60.330227;57.61997;57.408125999999996,0,7.313536;7.009561;6.962314,,,317.519901;315.309969;329.176273,3.647998906672001;3.598284907639026;3.752425080165267
rust-rust-lang-rust-change-use,56,0,0.99387;0.879647;0.877153,0.350037;0.22879700000000003;0.226636,1,2.1459349999999997;1.798084;1.6274270000000002,1,1.8764960000000002;1.881105;1.865677,1,1.903246;1.875979;1.726575,1,1.8085740000000001;1.827666;1.886002,1,1.840099;1.887102;1.788946,1,318.193816;304.20639900000003;318.37112299999995,1,27.062383999999998;25.087108;21.762159,1,370.217623;340.872728;374.541826,2,50.357117;49.955965;53.272712,2,3.887265;3.159358;2.782237,,,28.693559;26.780052;26.815535,3.126738825812936;3.064921824261546;2.9971918556839228
rust-rust-lang-rust-remove-min-version-comment,39,0,0.32563299999999995;0.361155;0.300687,0.149493;0.099575;0.09535099999999999,0,2.238702;1.805588;1.790424,0,2.0217519999999998;1.8704850000000002;1.789394,0,1.874632;1.910587;1.8307930000000001,0,1.809032;1.828875;1.7315239999999998,0,1.843461;1.760801;1.875948,0,342.146546;302.677945;303.53698099999997,0,50.698479;29.287691000000002;28.498385000000003,0,349.069742;327.466012;332.506994,0,51.890062;48.741805;50.1379,0,2.319189;2.2912879999999998;2.008198,,,13.542325;12.767178;13.325664,2.769760088995099;2.872074954211712;2.6765691582113504
rust-rust-lang-rust-remove-starting-comment,43,0,0.8765109999999999;0.701865;0.703042,0.590967;0.48492500000000005;0.307325,0,2.106929;1.600321;1.688298,0,1.961127;1.803091;1.8599949999999998,0,1.858152;1.969572;1.745683,0,1.863607;1.912412;1.910345,0,1.824248;1.7287979999999998;2.024065,0,299.650795;310.882302;301.06244300000003,0,56.271051;25.740420999999998;21.630713999999998,2,416.105699;437.176161;416.267349,0,53.150527000000004;53.49407;52.937496,0,2.889173;2.494828;2.647163,,,42.542921;44.322694;40.295265,2.654473064467311;2.755942055955529;2.677848096936941
rust-rust-lang-rust-remove-warn-comment,23,0,0.355296;0.34958199999999995;0.239116,0.09862800000000001;0.116871;0.055327,0,2.823409;1.882119;1.8379699999999999,0,2.034594;1.909676;1.7829199999999998,0,1.811997;2.0852700000000004;1.865635,0,1.751896;1.836097;1.815195,0,1.724101;1.755131;2.00595,0,313.065663;299.83393;305.073651,0,68.210223;21.945197999999998;24.701169,0,358.377881;323.87998400000004;317.93215499999997,0,52.441307;48.894947;49.334775,0,2.420674;2.022774;1.9552070000000001,,,11.17915;10.625149;10.268035,2.6700999587774277;2.607682952657342;2.617724938318134
rust-rust-lang-rust-remove-warn-comment-2,39,0,0.312682;0.26541;0.234597,0.143129;0.081276;0.078868,0,1.9632450000000001;1.781098;1.6298300000000001,0,1.927187;1.903079;1.8113929999999998,0,1.811665;1.731502;1.748434,0,1.8037839999999998;1.8534599999999999;1.809259,0,1.773913;1.759114;1.785944,0,317.693618;302.684617;304.89856799999995,0,72.518689;23.856883999999997;30.324973,0,321.096947;312.422956;315.98235600000004,0,49.291154;49.345492;49.557196,0,2.437102;2.0649610000000003;2.024314,,,15.994505;11.746974;11.174342,2.706930972635746;2.668051980435848;3.024467034265399
rust-rust-lang-rust-remove-warn-comment-3,43,0,0.401744;0.399803;0.342889,0.148726;0.12575799999999998;0.1005,0,1.8689769999999999;1.797077;1.625474,0,1.9919780000000002;2.05988;1.793979,0,1.824394;1.805003;1.8857030000000001,0,2.1807879999999997;2.0269480000000004;1.856592,0,1.6888079999999999;1.8980080000000001;1.752833,0,305.169442;302.827669;302.680223,0,42.771145000000004;19.478672999999997;22.293785,6,361.65274200000005;348.293314;339.10774599999996,0,49.257022;49.5968;49.024712,0,2.523092;2.170175;2.069033,,,16.544594;16.010923;16.463288,2.628292888402939;2.606860129162669;2.8529290575534105
rust-rust-lang-rust-remove-warn-comments,26,0,0.398236;0.367297;0.395745,0.15257700000000002;0.106408;0.104947,0,1.9385979999999998;1.7366219999999999;1.71997,0,2.0575039999999998;1.802647;1.798884,0,1.83213;1.767586;1.863991,0,1.8813849999999999;1.77602;1.886241,0,1.817291;1.764661;1.777718,0,303.970147;302.92008300000003;299.46848,0,49.577243;43.195882;23.534520999999998,10,360.224325;363.647239;342.84589900000003,0,49.265660000000004;49.521622;51.583911,4,2.54866;2.286331;2.1603220000000003,,,16.562838;15.906287;16.890054,2.701821969822049;2.6662780437618494;2.8166419360786676
rust-rust-lang-rust-update-comment,50,0,0.558675;0.519992;0.599295,0.267866;0.250228;0.19986399999999999,1,2.1857930000000003;1.725361;1.793046,1,2.029354;2.043632;1.9847,1,1.897802;1.8568980000000002;1.824956,1,1.8809740000000001;1.886122;1.817552,1,1.819397;1.864694;1.796572,1,304.371194;303.80679;303.09180499999997,1,45.570648;18.290282;18.068697,1,347.694677;353.082719;374.34297399999997,1,49.112798;50.382326;49.615119,1,2.76334;2.296893;2.330763,,,28.105694;27.079283;27.119945,2.918398939073086;2.9459919314831495;2.8878720477223396
rust-rustdesk-add-item,1319,0,43.415953;44.586277;43.366287,10.118751;11.973068000000001;10.752275000000001,0,2.358146;2.014385;1.937145,0,2.448598;2.311796;2.2813820000000002,0,2.347419;2.240254;2.391604,0,2.3301;2.3240439999999998;2.3793320000000002,0,2.2312130000000003;2.2247220000000003;3.2153899999999997,0,303.281207;306.49213;314.524416,0,57.198781;27.998307999999998;21.804961000000002,0,1034.682883;1013.620444;1028.163918,0,78.50548;76.799431;78.229658,0,26.868878;25.77033;26.097366,,,540.656885;535.381595;524.024583,5.490187089890242;5.395268090069294;5.354924127459526
rust-rustdesk-add-one-slice-element,1483,0,52.013445;55.622792999999994;51.776529000000004,11.128178;10.620381;10.604647,0,2.288007;2.106583;1.937376,0,2.509032;2.488338;2.429827,0,2.343263;2.448398;2.368238,0,2.488754;2.54041;2.457358,0,2.416246;2.380934;2.348586,0,305.983465;305.71446000000003;311.131328,0,64.903481;23.070567;32.450645,0,1151.225779;1141.9695270000002;1081.319765,0,82.23137;82.518601;80.633245,0,31.200938;30.418869;28.300872000000002,,,625.825326;615.205993;590.874088,6.086332956328988;6.20678486302495;6.217564921826124
rust-rustdesk-rustdesk-add-one-token,1319,0,48.132469;47.049733;45.301355,11.449165;11.352219999999999;11.57696,0,2.390531;2.114788;2.110869,0,2.6947400000000004;2.6052020000000002;2.494857,0,2.642499;2.578715;2.527371,0,2.7058310000000003;2.556365;2.590217,0,2.52772;2.510348;2.552214,0,304.923947;306.63063600000004;310.531143,0,40.127736999999996;20.879731;22.269015,0,1064.070407;1061.4106109999998;1052.7471699999999,0,91.80365499999999;87.09041500000001;86.68081699999999,0,32.147804;31.957230000000003;33.411069000000005,,,550.633298;524.658534;531.187438,6.821872899308801;8.191675879061222;7.242180872708559
rust-rustdesk-rustdesk-add-two-values-to-slice,1466,0,61.637606999999996;59.592003;62.294079,11.629932;10.65775;10.799107,0,2.552874;2.1821219999999997;2.349346,0,3.3604070000000004;3.000633;2.847142,0,2.991642;2.8438790000000003;2.7642,0,2.732841;2.94536;3.189661,0,5.9529250000000005;2.692628;2.601488,2,322.34498299999996;321.97223;308.806762,0,26.907062999999997;23.142086;24.429817,0,1120.372279;1107.458848;1069.454525,0,81.59216599999999;81.473334;81.54120099999999,0,30.012553;34.96641;30.578645,,,606.273293;608.488148;610.089627,9.376285830512645;8.858049986883998;9.89447394385934
rust-rustdesk-rustdesk-move-list-item-with-insert,1488,0,103.440077;103.959429;109.693271,11.781103;11.028459;11.141680000000001,0,2.6637929999999996;2.095109;2.157508,0,2.6222820000000002;2.5757459999999996;2.486215,0,2.531936;2.4724489999999997;2.502083,0,2.607097;2.669636;2.520774,0,2.5263999999999998;2.529008;2.473009,0,306.870205;304.77351699999997;308.286681,0,36.796621;32.021862999999996;35.853324,2,1091.487447;1065.589161;1109.280522,0,702.8203619999999;691.3722180000001;717.765863,2,34.546202;34.513657;32.754229,,,625.228606;600.999647;600.183296,7.0116238202899694;7.555991178378463;7.065668003633618
rust-rustdesk-rustdesk-string-constant-change,1438,0,52.754549;52.954662;60.006271,11.311406999999999;10.913332;10.785201,1,2.445095;2.126172;2.085168,1,2.568323;2.540811;2.519473,1,2.389163;2.461217;2.417663,1,2.571741;2.440945;2.4066069999999997,1,2.50488;2.41128;2.54687,1,307.999041;302.729216;305.46351300000003,1,56.341253;20.834141;19.868268,1,1089.441621;1106.8707570000001;1074.098665,1,84.714892;80.794958;81.706936,0,32.650034;32.217048;31.820184,,,602.507749;572.656362;572.096683,6.002071080729365;6.636747159063816;5.864941980689764
rust-skim-rs-skim-format-string,270,0,5.966168;5.991381;6.117641,1.2056230000000001;1.155853;1.130811,0,2.083982;1.751746;1.7047539999999999,0,2.061104;1.900148;1.8844779999999999,0,1.833464;1.902078;1.825756,0,1.91307;1.907747;1.84418,0,1.89638;1.935791;2.000784,0,305.23812;303.272336;300.703557,0,37.086154;26.131254;19.908448,0,594.5644970000001;592.096741;607.0038800000001,0,53.472877000000004;53.304749;53.388763999999995,0,4.887723;4.591963;4.411904000000001,,,178.251344;179.593863;172.529902,3.3001131378114223;3.78480413928628;3.241807920858264
rust-small-addition-with-reuse-of-binary-expressions,7119,0,603.322545;585.253978;585.480537,28.8424;28.509121999999998;39.469338,16,3.108421;2.682824;2.583845,16,3.452882;3.365615;3.417704,16,3.4779250000000004;3.4114079999999998;3.297456,16,3.44618;3.575217;3.352538,16,3.3992470000000004;3.294515;3.313341,16,450.83027799999996;443.57451;427.073074,16,30.071955000000003;29.227991;37.458661,16,6803.553853;6858.5064840000005;6724.874784,16,173.38998;175.94593799999998;175.873382,16,80.540374;80.64719099999999;85.149424,,,6010.92191;5856.780582;5807.835435,105.66953290253878;128.84188210591674;114.49968791566788
rust-sniffnet-protocol,100,0,4.18168;4.195583999999999;4.133407,0.635302;0.539579;0.5219020000000001,0,24.727808;2.2503990000000003;1.878114,0,2.042014;1.9050429999999998;1.93767,0,1.849764;1.7228;1.862954,0,1.8020530000000001;1.953915;1.875607,0,1.8355400000000002;1.70485;1.851406,0,303.31086;301.426674;308.624779,0,22.185374;27.262981;33.739565,0,423.420586;409.796206;410.446349,0,58.552941;59.131707999999996;57.636779,2,3.959293;3.9531490000000002;3.534091,,,54.873941;54.137076;52.597281,3.856915980577469;3.9108230266720057;3.7526730448007584
rust-tauri-api-build-1,105,0,4.811736;4.696774;4.679896,0.553884;0.415161;0.45934699999999995,0,2.173762;1.73857;1.754233,0,1.99366;2.2615399999999997;2.035186,0,1.911468;1.8675;1.778184,0,1.788996;1.934831;1.796762,0,1.8730120000000001;1.89513;1.8481859999999999,0,302.481212;304.95887;300.162718,0,45.963864;40.98537700000001;54.942488999999995,0,418.876176;393.70479600000004;455.477643,0,51.681966;49.378409999999995;50.048472,0,3.3963259999999997;3.031701;2.971345,,,52.166942;46.577924;46.21062,3.321249969303608;3.5118800587952137;3.2286131754517555
rust-tauri-api-build-2,106,0,2.066801;1.864501;1.896619,0.478433;0.46360799999999996;0.415006,0,2.1674670000000003;1.705641;1.744291,0,1.9666599999999999;1.874198;1.9019810000000001,0,1.846978;1.888628;1.789318,0,2.1838420000000003;1.9906220000000001;1.863834,0,1.793072;1.846307;1.799343,0,304.574648;303.52187000000004;301.35867,0,67.582613;20.711018000000003;144.152558,0,396.134946;448.993143;395.309398,0,50.270019;50.85544;50.418506,0,3.481174;3.055208;2.9963889999999997,,,51.571461;45.424101;45.299565,3.0355099588632584;3.310286207124591;2.9596758540719748
rust-tauri-apps-tauri-add-doccomment-empty-line,6380,0,70.60164400000001;77.595858;70.70813,24.019204000000002;22.806258999999997;23.414549,1,2.7074130000000003;2.590115;2.345439,1,3.256627;3.089084;3.021861,1,2.949274;3.029017;3.071953,1,3.06224;3.0213750000000004;3.1164959999999997,1,3.076227;3.026644;3.034555,1,315.749408;313.668067;315.34885499999996,1,53.355997;38.137806000000005;23.976233999999998,2,5810.350349;5666.964073;5804.753857,1,159.343222;158.89561999999998;154.327592,2,73.587863;68.07292199999999;67.724251,,,4997.678003;4850.445564;4887.722739,13.104964047670364;14.411886921152472;13.365781866014004
rust-tauri-apps-tauri-add-path-to-const-string,532,0,6.03151;5.729808;5.662107000000001,2.56149;2.427778;2.4181619999999997,1,2.0591250000000003;1.854082;1.944687,1,2.136773;2.114433;1.9081860000000002,1,1.8996790000000001;1.9048120000000002;1.953393,1,1.9799879999999999;1.909414;2.017786,1,1.927671;1.9002139999999998;1.85361,1,302.880894;304.594921;303.48296899999997,1,42.337842;27.229359000000002;22.255282,1,878.928178;835.850317;828.5300629999999,1,62.026582;59.385722;59.206793,0,8.146522;7.794119;7.941996999999999,,,408.274414;377.523252;380.114217,4.10102098248899;4.010316915810108;4.110442008823156
rust-tauri-apps-tauri-add-pub-to-mod,684,0,6.737729;5.516507000000001;5.617006,2.42759;2.354885;2.3542,1,2.2039519999999997;1.9583169999999999;1.814403,1,2.042198;1.936213;1.869792,1,1.856096;1.946402;1.884426,1,1.8984150000000002;1.8966180000000001;1.9146180000000002,1,1.859814;1.883331;1.853334,1,304.05509800000004;306.397869;301.33406,1,45.102885;24.559916;29.613398,0,859.083623;776.0006430000001;799.407869,1,63.273188;64.067906;58.458724,0,7.939012000000001;7.55537;7.572739,,,380.866322;352.752713;354.121913,3.849423956125974;3.8467899430543184;3.729850053787231
rust-tauri-apps-tauri-add-to-list,500,0,5.799517;5.402932;5.484199,2.232094;2.046943;2.031665,0,2.3025889999999998;1.8771820000000001;1.9444460000000001,0,2.020053;1.898757;2.0357589999999997,0,1.972335;1.943264;1.8348579999999999,0,1.856397;1.884639;2.128347,0,1.9645119999999998;1.956638;1.937224,0,302.65398500000003;310.299101;303.95758,0,47.489028000000005;22.490593999999998;31.333571999999997,3,735.694968;755.5714439999999;724.2666869999999,2,57.086956;57.465566;56.537222,3,7.1087620000000005;7.112619;6.89549,,,339.523151;315.371249;317.202749,3.943881951272488;4.248657030984759;4.259835928678513
rust-tauri-apps-tauri-add-use-and-function,42,0,1.996282;1.934186;1.886962,0.18189100000000002;0.104678;0.10234599999999999,0,2.2153530000000003;1.659374;1.731066,0,1.920666;1.821608;1.820432,0,1.767314;1.792287;1.856297,0,1.8286;1.797668;1.789747,0,1.9902510000000002;2.009137;1.760779,2,302.771155;304.631555;305.01144899999997,0,42.893082;28.189367999999998;26.804694,3,359.48255;384.555074;341.885612,0,49.662712;49.445583;50.860556,2,2.892293;2.454907;2.322359,,,18.402104;17.266758;17.705709,3.1863779295235872;3.0333539471030235;3.064590971916914
rust-tauri-apps-tauri-fix-typo-in-string-constant,584,0,6.883353;6.557264;6.588291,2.806353;2.6985659999999996;2.706207,0,2.20984;1.957229;1.707785,0,2.152146;1.9978970000000003;1.897181,0,1.9646440000000003;2.002921;1.9609079999999999,0,1.976639;2.184784;1.9882900000000001,0,2.043694;1.9571889999999998;1.8853010000000001,0,304.65810999999997;305.92350200000004;303.36948800000005,0,55.896100999999994;21.222690999999998;22.200513,0,838.359079;868.628234;913.640435,0,59.917348000000004;60.093543;59.790584,0,9.058657;9.091258;8.767659,,,413.916049;392.716742;396.330577,3.893553977832198;3.684158204123378;3.818264929577708
rust-tauri-apps-tauri-rename-mod,14,0,0.086967;0.102391;0.049497,0.034506;0.015527000000000001;0.014755,0,2.241066;1.5758269999999999;1.674348,0,1.914296;1.7788039999999998;1.81565,0,1.724268;1.839509;1.778602,0,1.7883630000000001;1.684826;1.80567,0,1.789026;1.8105280000000001;1.7493400000000001,0,305.781563;300.44241300000004;302.29251400000004,0,54.183192;25.708723;24.884377999999998,0,362.245233;354.465117;322.396249,0,49.753523;48.319441;48.904426,0,2.360722;1.9803860000000002;1.8411490000000001,,,2.512729;2.423429;2.386225,2.815722022205591;2.9194189701229334;2.6975660584867
rust-tauri-cli-ios-dev,666,0,22.663425;22.790303;20.821174000000003,2.658075;2.646129;2.577242,1,2.215574;1.9339540000000002;2.005601,1,2.115361;2.027604;1.935847,1,1.930537;1.9201599999999999;1.941489,1,1.9558900000000001;1.941754;1.890272,1,1.86926;2.0866029999999998;1.9920200000000001,1,304.002882;303.475836;310.178993,1,39.993657;19.827821999999998;22.645247,11,800.829943;833.767861;801.4180520000001,1,59.362196;59.159703;59.348904,0,8.57908;8.614501;8.462478,,,398.958096;377.508404;375.547079,3.850407898426056;4.011169075965881;3.839625976979733
rust-turbopack-persistence-tools-main,135,0,2.181523;2.006824;1.9664180000000002,0.646938;0.5793570000000001;0.645728,2,2.21204;1.865194;1.70891,2,2.049632;1.8266319999999998;2.036579,2,1.8414309999999998;1.864447;1.855057,2,1.8814330000000001;1.857521;1.740094,2,1.7810350000000001;1.7989849999999998;1.881383,2,303.606916;315.81014;304.168077,2,41.131354;40.775851;21.907832,0,432.88572;436.589017;425.93496400000004,2,50.864556;50.625761;50.829604,1,3.777309;3.4799480000000003;3.41452,,,62.163891;63.078742;58.235426,3.62810492515564;3.5634678788483143;3.5790239926427603
rust-tursodatabase-turso-unwrap-to-expect,206,0,3.388046;3.235052;3.14874,1.118854;1.2511700000000001;1.255897,2,2.096456;1.709833;1.772603,2,2.162627;1.8988939999999999;1.900132,2,1.94308;1.891151;1.87455,2,1.771167;1.830312;1.888598,2,1.869472;2.007744;2.027621,2,304.723925;303.90532199999996;304.304249,2,54.032689000000005;32.351757;19.533025,0,517.257328;511.88675800000004;516.180532,2,53.315006;53.461187;53.327991999999995,0,4.311243999999999;3.7390269999999997;3.819954,,,123.903888;117.846976;115.188589,3.5562559496611357;4.071165109053254;3.741615917533636
rust-vercel-next-add-mode,11,0,0.239359;0.198271;0.228744,0.045944;0.039561;0.029422000000000004,0,1.7856180000000001;1.613317;1.717876,0,1.897251;1.771163;1.850577,0,1.740059;1.876608;1.787974,0,1.776651;1.747573;1.8570769999999999,0,1.81352;1.762137;1.72932,0,300.554734;317.848026;303.201196,0,69.19842399999999;33.04425;32.311748,0,311.62728699999997;341.358563;322.310543,0,51.669380000000004;51.562877;51.782568,1,2.2455380000000003;2.023825;1.9050449999999999,,,3.379978;3.196467;3.133078,2.795269014313817;3.0756311025470495;2.658048877492547
rust-vercel-next-remove-mod,5,0,0.079235;0.045000000000000005;0.039669,0.024595;0.007924;0.007084,0,1.699421;1.765437;1.7447949999999999,0,1.918593;2.0015929999999997;1.81399,0,1.9849009999999998;1.8675950000000001;1.846961,0,2.093622;1.9627899999999998;2.0120950000000004,0,1.918026;1.867894;2.006707,0,316.371556;311.813515;301.347243,0,40.287416;25.16281;19.058442,0,308.89194399999997;307.438099;307.702188,0,49.199436999999996;48.857554;51.51042,1,2.525144;2.4698010000000004;2.15368,,,1.200123;1.113964;1.109348,2.607624977827072;3.1202060636132956;2.5983171071857214
rust-vercel-next-simple-identifier-change,792,0,7.228179000000001;6.060201;6.119261,2.82984;2.752586;2.854035,0,2.200783;1.951734;1.9342739999999998,0,2.147033;1.958802;1.946028,0,1.9774269999999998;1.941293;2.029327,0,1.918973;1.956544;1.992644,0,1.92732;1.970581;1.936043,0,316.31309600000003;304.276331;306.906672,0,59.74144;22.114575000000002;44.621953999999995,0,793.3497619999999;808.680033;786.826457,0,59.869029999999995;59.263211000000005;60.516295,0,8.618846;8.383728;8.399171,,,391.960598;373.0039;380.991114,3.862407989799976;4.020811058580875;3.893377026543021
rust-weggli-rs-weggli-move-import-around-and-formatting-change,947,0,9.497141000000001;8.767233;8.436811,3.950566;3.924213;3.714454,7,2.2956410000000003;2.012798;2.007949,7,2.1808370000000004;2.094268;2.113851,7,2.034212;2.072227;2.025369,7,2.118361;2.102964;2.0609119999999996,7,2.1313679999999997;2.075881;2.093785,7,304.680246;305.41141500000003;304.28875700000003,7,74.877149;23.838486;33.110687999999996,0,1103.13608;1127.44837;1126.236454,0,64.190207;64.76978899999999;66.43090699999999,2,10.623377;10.23776;10.741983,,,650.457403;659.454889;665.824643,6.2433278653770685;6.207759957760572;6.183014018461108
rust-xou816-spot-add-Some-around-existing-code,568,0,5.753496;5.322776;5.25276,2.232231;2.154463;2.1502749999999997,0,2.0907590000000003;1.770581;1.857532,0,2.161559;2.011904;1.92946,0,2.141151;1.93593;2.018798,0,1.9792960000000002;1.981002;2.00638,0,1.958124;2.002952;1.961805,0,303.190516;314.808614;304.581736,0,53.299336000000004;29.501085;22.185334,0,758.0212670000001;765.1454669999999;775.363846,0,57.692471000000005;58.506859;58.046108,1,7.046883;6.743524;6.850399,,,369.539495;360.290361;378.592252,3.803255967795849;3.828492015600205;3.7817531265318394
rust-zed-git-panel-settings,146,0,24.411373;23.989281000000002;23.847938,0.6482950000000001;0.576039;0.562465,0,2.215199;1.778766;1.610289,0,2.0292660000000002;1.9615090000000002;1.875382,0,1.868439;1.886647;1.830082,0,1.84845;1.9604620000000001;2.120519,0,1.879412;1.797426;1.8747040000000001,0,303.389322;304.622261;301.10993,0,55.914818999999994;33.165817;26.323492,0,451.34290100000004;449.03497500000003;463.537364,0,55.957755;55.271887;53.462478,1,3.777702;3.462767;3.4348080000000003,,,80.226169;78.993199;91.076755,3.3354598563164473;3.610836109146476;3.2295610290020704
rust-zed-industries-zed-add-argument,12292,0,307.022571;300.509317;303.435087,51.053931000000006;56.085322000000005;59.96635500000001,1,4.061719999999999;3.624119;3.561095,1,4.816413000000001;5.57025;4.842315,1,4.800734;4.888249;4.717352,1,4.900951;4.869079999999999;4.764933,1,4.7547500000000005;4.808622000000001;4.7136130000000005,1,379.86141499999997;377.035083;385.405857,1,65.311352;61.264897;33.848084,4,11478.894298;11623.112552;11950.245672,2,414.326109;420.172733;413.498943,5,123.845475;128.768943;123.30176499999999,,,10641.657903;10408.779639;10368.171063,74.42721794359386;79.27058101631701;75.38214791566133
rust-zed-industries-zed-add-mod,13,0,0.283558;0.16677799999999998;0.130412,0.044463;0.025616;0.024515,0,2.773162;2.551793;2.102573,0,2.441097;2.419163;2.102064,0,1.884247;1.7982420000000001;1.853969,0,1.737969;1.8749529999999999;1.8244529999999999,0,1.875997;1.811125;2.074962,0,302.28654900000004;303.014406;303.699073,0,45.597375;23.554255;26.747044000000002,0,290.020885;304.020659;332.95168,0,52.376462;50.755046;49.072627,1,2.3575779999999997;1.9661840000000002;1.897041,,,4.075902;3.81273;3.802273,3.2101310789585114;3.1299730762839317;3.1689179595559835
rust-zed-industries-zed-change-mod-and-use,14,0,0.15713200000000002;0.112788;0.193195,0.085505;0.027627;0.026103,0,1.803993;1.760525;1.74584,0,1.9652760000000002;2.04959;1.809759,0,1.779232;1.740407;1.7820360000000002,0,1.8174020000000002;1.774136;1.774063,0,1.820938;1.8191;1.781483,0,306.337574;307.09544999999997;300.625251,0,75.96963;38.66331;25.597667,0,290.420133;307.778299;312.857748,0,59.884724;56.723796;51.953793999999995,1,2.417356;2.0331360000000003;2.182582,,,4.022343;3.929718;3.864048,2.815003041177988;2.825769130140543;2.6947660371661186
rust-zed-industries-zed-change-mods,19,0,0.24709699999999998;0.183297;0.177784,0.08233599999999999;0.099669;0.048815,0,1.897127;2.638329;1.858392,0,2.502855;2.289363;1.904499,0,1.862812;1.865363;2.106998,0,2.422151;2.2816400000000003;1.92907,0,2.013291;1.899167;2.00318,0,300.58637799999997;300.67688300000003;302.773434,0,113.42913899999999;126.661674;26.427978,0,311.47763000000003;342.06876600000004;348.039584,0,50.088423;62.154127;52.268787999999994,1,2.559319;2.219188;2.136895,,,6.591755;6.785387;6.354055,2.828974975273013;2.8445199131965637;2.827152144163847
scala-com-lihaoyi-mill-add-a-function-call,83,0,4.553022;3.191774;3.412895,0.559906;0.429103;0.449989,1,2.1227110000000002;1.921377;1.7993480000000002,1,2.012378;1.884286;1.802587,1,1.991146;2.6736590000000002;2.0305079999999998,1,1.9993649999999998;2.1961519999999997;1.874368,1,1.8293059999999999;1.839079;1.813415,1,301.714787;304.012745;301.23461699999996,1,43.18657;27.411884;21.421467,,,5,77.3572;76.957284;76.693577,,,,,,3.635714063420892;3.543565981090069;3.4918461460620165
scala-com-lihaoyi-mill-add-a-member-to-expression-chains,939,0,60.395654;62.747609;58.652982,5.598996;5.4158170000000005;5.537499,2,2.26971;1.962392;2.009795,2,2.2467889999999997;2.032504;2.003459,2,1.9780129999999998;2.037614;1.992799,2,2.0906890000000002;2.068828;2.08684,2,2.072886;2.0770760000000004;2.073198,2,329.771145;310.27683;314.384935,2,62.093963;52.599038;33.347872,,,4,91.55443700000001;91.91089299999999;91.460701,,,,,,9.620864177122712;11.577239027246833;9.674158180132508
scala-com-lihaoyi-mill-add-one-argument,87,0,2.536015;2.270445;2.2918629999999998,0.700685;0.6149020000000001;0.533811,1,2.154001;1.799941;1.7221330000000001,1,2.001645;1.80748;2.3774669999999998,1,1.9921890000000002;1.950516;1.853517,1,1.776516;1.833409;1.8271229999999998,1,1.864886;1.8154270000000001;1.7381,1,311.02991299999996;315.74370899999997;343.516058,1,33.875661;21.084649;36.405055999999995,,,1,77.058942;77.260407;77.92101699999999,,,,,,3.047485835850239;3.053050022572279;3.269434906542301
scala-com-lihaoyi-mill-assert-format-string-change,176,0,1.801069;1.414196;1.478858,0.9471630000000001;0.899036;0.942323,2,2.162963;1.6449179999999999;1.7102860000000002,2,1.9981280000000001;1.928285;1.928766,2,1.900105;1.8273860000000002;1.8149119999999999,2,1.8683319999999999;1.898056;1.885557,2,1.824677;1.886053;1.860425,2,304.340279;307.864149;301.765823,2,80.224793;26.912036999999998;22.331718000000002,,,2,81.324875;78.30584999999999;78.789912,,,,,,3.3794320188462734;3.4537960309535265;3.418609034270048
scala-com-lihaoyi-mill-change-from-one-function-to-other-and-delete-a-function,946,0,66.475495;67.63803899999999;66.74283799999999,5.641171;5.637998;5.294321,2,2.257212;1.8639620000000001;1.913824,2,2.1360110000000003;2.023248;1.9925540000000002,2,2.023872;1.9556600000000002;2.048134,2,1.9734599999999998;2.083077;2.013782,2,2.040538;1.9885800000000002;1.967353,2,307.331978;309.825938;308.505312,2,34.756259;23.89972;29.200063,,,5,95.122859;93.798609;93.535453,,,,,,6.207637954503298;6.325765047222376;6.209458922967315
scala-com-lihaoyi-mill-expand-import-path,510,0,4.875785;4.310264999999999;4.323040000000001,3.77593;3.378204;3.2130150000000004,1,2.228275;1.863708;1.9998630000000002,1,2.027687;1.9204720000000002;1.9007539999999998,1,1.951673;1.8431719999999998;2.0142979999999997,1,2.021535;1.853894;1.921521,1,1.993737;1.904068;1.859564,1,304.640919;336.446721;363.092576,1,47.359514;32.162728;30.645944,,,1,89.34808199999999;86.52916400000001;88.034499,,,,,,3.6255610175430775;3.7108808755874634;3.5035430919378996
scala-com-lihaoyi-mill-only-change-failure-strings,168,0,1.558249;1.4425519999999998;1.44645,0.868302;0.7603219999999999;0.8091969999999999,8,2.217145;1.749038;1.651158,8,1.973724;1.889836;1.904755,8,1.9388420000000002;1.871264;1.870372,8,1.814738;1.8827099999999999;1.853718,8,1.907054;1.875659;1.8634249999999999,8,312.787074;312.729623;305.14871700000003,8,118.88622;31.967660000000002;25.262352,,,8,90.127106;92.249218;90.392355,,,,,,4.387332126498222;4.435301059857011;4.037797916680574
scala-com-lihaoyi-mill-real-small-change,202,0,24.707957;24.249284;24.571251,2.1468949999999998;1.975704;1.9835100000000003,18,2.284635;1.778431;1.710592,18,2.119555;1.965582;1.884009,18,1.87945;1.874904;1.893044,18,2.099356;1.9614379999999998;1.9564059999999999,18,1.870102;1.955534;1.973761,18,304.751595;309.993345;319.859072,18,43.483000000000004;33.154172;26.292113,,,18,102.28493800000001;102.240844;102.924669,,,,,,4.94395405985415;4.957380937412381;4.88557992503047
scala-com-lihaoyi-mill-small-change,236,0,4.882043;4.597137;4.478177,2.635164;2.2892599999999996;2.3014669999999997,0,2.172251;1.859711;1.615958,0,1.980172;1.924281;1.9139199999999998,0,1.823683;1.948592;1.864361,0,1.81097;1.798607;1.8910689999999999,0,1.844971;1.935408;2.009599,0,301.28368500000005;301.989442;306.164601,0,43.920958000000006;19.308238;49.079677000000004,,,0,80.57592399999999;82.152028;80.519403,,,,,,3.4002638421952724;3.13185784034431;3.1437790021300316
scala-com-lihaoyi-mill-split-import,1223,0,13.1776;12.281777;12.105516,7.508217;7.281734;7.0366789999999995,0,2.149505;1.9881159999999998;1.9463849999999998,0,2.2088929999999998;2.069931;2.147449,0,2.007619;2.0617349999999997;2.252148,0,1.970866;2.0178040000000004;1.946242,0,2.105566;2.030459;2.064215,0,306.629999;305.104318;316.333301,0,50.55416;29.10477;27.155404,,,0,100.325339;101.683144;100.891492,,,,,,5.264782113954425;5.1135660614818335;5.221991101279855
scala-com-lihaoyi-mill-version-string-change,686,0,5.297793;4.949499;4.79106,3.5682400000000003;3.551108;3.566976,0,2.266572;1.912512;1.839465,0,2.126453;2.4560099999999996;2.1062849999999997,0,2.051975;1.969858;1.9927780000000002,0,1.9825490000000001;2.0288239999999997;1.948226,0,1.9703160000000002;1.9802410000000001;2.100695,0,302.228392;305.46577;302.03441399999997,0,40.162795;30.478853;27.270404000000003,,,0,90.487871;88.210245;89.330124,,,,,,4.070007940754294;4.089907975867391;4.050759132951498
scala-sirthias-parboiled-value-change,44,0,0.5844090000000001;0.542817;0.498544,0.497308;0.347398;0.346328,0,2.060565;1.714318;1.782226,0,2.0004380000000004;1.935809;1.862554,0,1.83093;1.859276;1.959447,0,1.9623190000000001;2.0343050000000003;1.903332,0,1.839079;1.8789589999999998;1.973631,0,329.380914;302.51617400000003;300.94138,0,46.910596999999996;19.520149;18.419102,,,0,104.38114900000001;76.68101;76.57374999999999,,,,,,2.764955163002014;2.856534905731678;2.7714911848306656
scala-xerial-xerial-java-actual-code-change,359,0,148.315135;144.770486;147.706912,3.34492;3.2477489999999998;3.226826,1,2.194802;1.92718;1.939475,1,2.075923;1.939419;1.924961,1,2.082932;1.987098;1.941786,1,1.9847100000000002;2.392059;2.4635949999999998,1,2.414833;2.046298;1.949635,1,307.87746599999997;306.301211;304.172663,1,52.839407;28.291409;21.543336,,,1,100.15833;84.465295;82.97196,,,,,,4.423921927809715;4.387001972645521;4.175462992861867
scala-ymnk-jzlib-add-one-test-case,358,0,13.091047999999999;12.720862;12.478383,3.914944;3.8674470000000003;3.776366,1,2.0713429999999997;1.748367;1.8590250000000001,1,2.0762680000000002;2.005231;1.894999,1,1.968876;1.895199;1.900607,1,1.846601;1.869518;1.905496,1,1.959003;1.893004;1.867226,6,310.75306;311.51142799999997;327.086681,1,132.49607999999998;33.044991;30.064939,,,1,41.567379;30.390785;30.541985,,,,,,10.26208489201963;10.226250858977435;10.22184593603015
scala-ymnk-jzlib-interesting-probably-has-no-optimal-solution,82,0,2.7440339999999996;3.72503;3.083072,0.443152;0.32723599999999997;0.36038800000000004,1,2.2677840000000002;1.726975;1.866329,1,2.0526590000000002;1.990477;2.169344,1,1.9099309999999998;1.937445;3.4538569999999997,1,1.9404629999999998;1.848138;2.235591,1,3.118178;3.076041;3.1634729999999998,1,339.243784;309.540575;302.57802499999997,1,42.662847;23.246903999999997;28.56203,,,1,79.670165;78.960928;77.670737,,,,,,3.0898607801645994;3.1731431372463703;3.118267050012946
shellscript-ansible-ansible-a-small-add,16,0,0.30646999999999996;0.234313;0.235133,0.093918;0.059917;0.056360999999999994,1,2.078595;1.63532;1.786123,1,1.985402;1.824147;1.802309,1,1.775318;1.856859;1.837904,1,1.779346;1.881556;1.827363,1,1.9660900000000001;1.734397;1.8023259999999999,1,301.141396;299.345364;310.069503,1,24.535292000000002;24.999093;46.829732,,,0,15.104090000000001;15.535706;15.15998,1,2.461601;2.1187720000000003;2.127609,,,,2.7306019328534603;2.829076023772359;2.893125871196389
shellscript-ansible-ansible-add-commadn,14,0,0.313428;0.244745;0.294748,0.066376;0.033904;0.06443600000000001,1,2.155954;1.8036720000000002;1.7766119999999999,1,2.008293;1.84034;1.803064,1,1.753722;1.8471799999999998;1.8535730000000001,1,1.814124;1.800776;1.698396,1,1.843383;1.794149;1.799403,1,301.36453600000004;306.476413;313.822575,1,75.527731;20.112192;20.697037,,,0,15.072763;15.582032;15.203795000000001,0,2.441543;2.077331;1.973028,,,,2.675930969417095;2.7556680142879486;2.628187881782651
shellscript-ansible-ansible-add-variable-and-string-expansion,181,0,5.326681;4.918101;4.695062,0.949771;0.835572;0.770344,0,2.204738;1.7321520000000001;1.617216,0,2.0175129999999997;1.904167;1.934982,0,1.929803;1.8805429999999999;1.839313,0,1.796865;1.858665;1.9050269999999998,0,1.823919;2.0017009999999997;1.840235,0,304.762403;316.453853;303.827432,0,37.673799;17.530328;20.856330999999997,,,0,17.120401;17.538702999999998;17.386767000000003,1,4.717261000000001;4.1851780000000005;4.198434,,,,3.4389779902994633;3.4046971704810858;3.5234468523412943
shellscript-ansible-ansible-only-insert,34,0,0.233864;0.194599;0.25301399999999996,0.18872499999999998;0.13990999999999998;0.13771899999999998,2,2.01011;1.684874;1.684864,2,2.037268;1.87742;1.853052,2,1.893201;1.76275;1.848724,2,1.760555;1.8066849999999999;1.8280049999999999,2,1.763783;1.834776;1.7631700000000001,2,306.013154;307.00186;300.323246,2,43.486506;22.617247;48.464372999999995,,,1,15.44979;15.350087;15.202746,2,3.240836;2.779438;2.762766,,,,3.014686983078718;2.964111976325512;3.005867125466466
shellscript-ansible-ansible-simple-deletion,18,0,0.691022;0.557894;0.536867,0.089617;0.054924;0.051351999999999995,0,1.947561;1.6505109999999998;1.761919,0,1.9724059999999999;1.8722070000000002;1.776317,0,1.803504;1.830826;1.811015,0,1.853907;1.718391;1.800991,0,1.841281;1.813119;1.8490449999999998,0,302.836995;300.95966899999996;299.123478,0,44.470262000000005;42.273706000000004;33.309722,,,0,15.108399;15.196001;15.07067,0,2.6770140000000002;2.0948300000000004;2.138451,,,,2.6278819423168898;2.7760369703173637;2.7255541644990444
shellscript-ansible-ansible-small-add,16,0,0.24903799999999998;0.199069;0.245766,0.053698;0.027084;0.024622,1,1.650914;1.694882;1.832127,1,1.9579189999999997;1.790853;1.792046,1,1.796113;1.830187;1.860549,1,1.833355;1.736832;1.777561,1,1.818219;1.803892;1.748608,1,306.056538;325.526287;301.49685900000003,1,127.55828199999999;113.291775;30.088184000000002,,,1,15.222502;15.001881;14.996205999999999,1,2.381051;2.018522;1.942808,,,,2.699253149330616;2.7856379747390747;2.7301511727273464
shellscript-ansible-ansible-small-change,48,0,0.33954599999999996;0.295203;0.321891,0.225176;0.156459;0.152611,1,1.877844;1.65493;1.681288,1,2.004388;1.8778359999999998;1.803782,1,1.799925;1.8023939999999998;1.783819,1,1.890165;1.81552;1.757314,1,1.7989659999999998;1.810281;1.8015839999999999,1,306.11653;304.13437700000003;323.423874,1,44.975383;19.509346;19.048562,,,1,15.688709;15.524185;16.031296,3,2.92193;2.638309;2.451685,,,,2.8150409925729036;2.9833971057087183;2.8588350396603346
shellscript-fleetingheart-ksre-multiline-string-change,227,0,1.2334049999999999;1.100101;1.0976160000000001,0.77089;0.708845;0.700886,0,2.59625;1.836838;1.627968,0,1.951473;1.9129690000000001;1.908175,0,1.8904150000000002;1.896469;1.845179,0,1.826499;1.850008;1.875453,0,1.8196569999999999;1.893803;1.8501830000000001,0,304.243722;304.619505;314.64763899999997,0,49.66966;28.756427000000002;19.513225,,,14,17.239689;16.800058;17.030393,0,3.984729;3.629362;4.034011,,,,3.4906938672065735;3.468373091891408;3.666325937956571
shellscript-genymobile-scrcpy-add-two-flags,214,0,1.8578270000000001;1.767123;1.716496,1.1690749999999999;1.005639;1.048563,0,2.029614;1.601093;1.763884,0,2.0262320000000003;1.966109;1.918426,0,1.904468;1.948057;1.795469,0,2.0604709999999997;2.314975;1.912247,0,1.9241709999999999;1.863672;1.762798,0,304.597105;304.972255;304.59452500000003,0,43.308472;25.683504;18.662599,,,0,17.245301;17.111295;17.400466,1,4.5882559999999994;4.343459;4.186704000000001,,,,3.194123972207308;3.1092381104826927;3.31011600792408
shellscript-genymobile-scrcpy-insert-only,25,0,2.6281849999999998;2.541773;2.494765,0.176346;0.09766899999999999;0.095938,0,1.939971;1.7129949999999998;1.774505,0,1.9459220000000002;1.913924;1.760188,0,1.937869;1.8619070000000002;1.806034,0,1.837258;1.840099;1.698453,0,1.7830700000000002;1.767862;1.784705,0,303.388521;300.406566;303.482196,0,56.750747;19.536023999999998;21.621485999999997,,,0,15.025136999999999;15.251363;15.220804,1,2.695533;2.198691;2.057149,,,,2.7284049428999424;2.7088040951639414;2.8776528779417276
shellscript-genymobile-scrcpy-version,44,0,0.29261899999999996;0.30271;0.241774,0.178638;0.138324;0.135138,0,1.882714;1.769995;1.572171,0,1.9537069999999999;1.850209;1.852822,0,1.829464;1.732698;1.811874,0,1.8558489999999999;1.848125;1.887645,0,1.830951;1.839476;1.785191,0,304.96445100000005;305.032403;311.382974,0,47.984026;31.932517;25.524134,,,0,15.510091000000001;15.331674999999999;15.6181,0,2.851886;2.591152;2.584102,,,,2.9091339092701674;2.870243974030018;2.9127621091902256
shellscript-genymobile-scrcpy-version-2,44,0,0.338387;0.242124;0.23921,0.183351;0.141022;0.177287,0,1.857135;1.802622;1.732119,0,1.9032310000000001;1.838403;1.8815279999999999,0,1.9751119999999998;2.023285;1.7926350000000002,0,1.729997;1.791747;1.7718040000000002,0,1.822405;1.872184;1.82088,0,303.70101700000004;346.07197299999996;334.111033,0,161.858643;92.65919;52.812452,,,0,20.563585999999997;18.437838000000003;16.573155,0,2.949703;2.53067;2.721944,,,,2.899104030802846;2.8938730247318745;2.9603810980916023
shellscript-go-delve-delve-add-if,185,0,2.2658639999999997;3.543051;2.6608449999999997,0.96261;0.944076;0.833708,1,2.075448;2.261007;1.9841,1,2.3803;2.732392;2.38097,1,2.045899;2.004656;1.9420060000000001,1,1.920502;1.996295;2.125452,1,3.0321860000000003;4.67297;3.528823,4,365.108629;315.429457;303.41825700000004,1,37.66026900000001;19.671595;20.6844,,,0,17.794079;17.687812;17.437806000000002,0,4.642075;4.135012000000001;3.881681,,,,3.464099019765854;3.3843019045889378;3.3861680421978235
shellscript-hgst-libzbc-add-variable,30,0,0.141623;0.10069;0.094227,0.066652;0.033484;0.030375000000000003,1,2.121609;1.749106;1.6592930000000001,1,1.950207;1.838821;1.858228,1,1.822489;1.817128;1.846663,1,1.759953;1.809044;1.883338,1,1.855911;1.877669;1.729497,1,306.278164;303.37947599999995;300.471093,1,41.240029;18.868399;20.314644,,,0,14.940115;15.126171000000001;14.995912,0,2.508404;2.2195549999999997;2.0251900000000003,,,,2.6758310850709677;2.7495119720697403;2.681754995137453
shellscript-imapsync-imapsync-add-some-test-cases-and-a-few-other-changes,15420,0,88.10539200000001;88.022552;91.800152,47.114602000000005;46.530321;49.418767,31,5.178219;4.660603;4.730047,31,5.445934;5.326987;5.572445,31,5.2900339999999995;5.2641729999999995;5.21221,31,5.533027000000001;5.506554;5.4922189999999995,15,5.227326;5.329447999999999;5.354844,17,1659.3267219999998;1863.5305039999998;1619.946109,31,73.721804;31.070157000000002;34.670194,,,11,157.495484;161.87054;156.241446,21,145.76340199999999;134.051795;136.15349700000002,,,,1337.7271969802678;1317.4580628983676;1300.01034704037
shellscript-jesseduffield-lazygit-version,18,0,0.128067;0.075621;0.06776299999999999,0.067139;0.033539;0.031016,0,2.145559;1.608979;1.687734,0,1.9800629999999997;1.7939360000000002;1.822103,0,1.744143;1.83846;1.822158,0,1.86412;2.205408;1.961683,0,1.919191;1.833912;1.917953,0,303.44751199999996;303.877166;304.308445,0,43.137521;20.896831000000002;21.063861,,,0,15.240046999999999;15.196067000000001;14.92862,0,2.340055;2.015851;1.970295,,,,3.263970138505101;3.164837136864662;3.3807309810072184
shellscript-langchain-ai-langchain-some-interesting-raw-string-to-string-content,37,0,3.5239999999999996;4.424988;4.2377780000000005,0.210519;0.125245;0.12089799999999999,0,2.67484;2.250382;2.48143,0,2.927453;3.253118;3.432222,0,2.790486;2.4319189999999997;2.1487659999999997,0,2.16307;2.5648429999999998;2.052069,0,2.746197;2.315712;2.5506080000000004,0,359.888897;323.792464;308.556426,0,63.693739;27.23772;34.889181,,,0,22.416323;19.632922;19.821358,0,4.228829;3.035697;2.855325,,,,3.097021020948887;2.942577935755253;3.057063091546297
shellscript-maxsatula-ocp-small-change,26,0,0.315108;0.278439;0.267104,0.211495;0.112091;0.08976899999999999,0,4.032738;2.944965;1.999267,0,3.672107;2.804243;2.8385730000000002,0,2.341069;2.134719;1.9321780000000002,0,1.881584;1.875666;1.822832,0,1.720651;1.891424;1.8643189999999998,0,351.682614;336.846461;314.05716700000005,0,58.097046;68.239745;68.18701300000001,,,0,15.445997;15.484103000000001;15.696959999999999,0,3.7072599999999998;3.539527;3.593414,,,,2.775888890028;2.7531718369573355;2.7445589657872915
shellscript-microsoft-playwright-version,8,0,0.129103;0.095843;0.091698,0.05601299999999999;0.036462;0.031387,0,2.512779;1.999094;2.26808,0,2.734663;2.2689899999999996;2.263112,0,2.283675;2.743609;2.854085,0,2.1711489999999998;2.031195;1.9628530000000002,0,2.270222;2.6462090000000003;2.194962,0,324.154042;344.674076;325.146681,0,34.061847;28.759891999999997;20.510133,,,0,16.189367999999998;15.355661;16.240899,0,2.4999369999999996;2.162577;2.097325,,,,2.749329898506403;2.7247441466897726;2.706310013309121
shellscript-mongodb-mongo-small-change,43,0,0.505205;0.406478;0.43873,0.142617;0.132247;0.131916,1,1.716378;1.6130529999999998;1.602598,1,1.9848969999999997;1.733451;1.825546,1,1.7418259999999999;1.953393;1.79722,1,1.766386;1.824025;1.773463,1,1.877773;1.893;1.975082,1,309.861669;304.093254;310.819837,1,28.644209;32.966165;20.774189,,,0,15.398299000000002;15.177581;15.186941000000001,2,2.643304;2.363149;2.312532,,,,2.852967008948326;2.855439903214574;2.8408949729055166
shellscript-nextcloud-server-change-invocation-string,920,0,6.6878589999999996;5.48377;5.761693,3.78631;3.6145940000000003;3.8535010000000005,0,2.309928;1.836372;1.944844,0,2.185126;2.085472;1.9701879999999998,0,2.0083179999999996;1.9915699999999998;2.0676560000000004,0,1.999789;2.440166;2.3099760000000003,0,2.024724;2.016532;2.004832,0,304.820077;304.928136;303.601263,0,121.767432;31.465097999999998;20.944967,,,0,26.236275;24.836781;25.001268,1,11.795168;11.125239;10.794352,,,,4.295067163184285;4.5462180860340595;4.49521210975945
shellscript-nicolargo-glances-add-shebang,9,0,0.091476;0.055165;0.125249,0.039563;0.016388999999999997;0.014666000000000002,0,2.122404;1.637847;1.735244,0,1.9370500000000002;1.822956;1.860785,0,1.775304;1.856992;1.88777,0,1.765103;1.830728;1.752294,0,1.763258;1.756797;1.854074,0,304.009302;300.02917099999996;303.62506,0,59.474985000000004;30.90252;22.569461,,,1,15.321009;14.911602;15.126595,1,2.2206859999999997;1.8996760000000001;1.910614,,,,2.718860981985926;3.425606992095709;2.7489729691296816
shellscript-nomad-software-vend-huge-multi-line-strings-updated,1402,0,2.012195;1.896595;1.856993,2.999346;2.8651400000000002;2.8089200000000005,242,2.335808;2.0028889999999997;2.0090540000000003,242,2.300671;2.2621569999999998;2.285381,242,2.136587;2.0528730000000004;2.183922,242,2.297646;2.194578;2.241237,242,2.107059;2.226082;2.230335,242,315.58804200000003;355.59269900000004;382.478782,242,78.14341;29.291452;20.481870999999998,,,515,134.95766600000002;128.16377400000002;138.126781,239,14.1035;13.420806;13.91132,,,,6.104756146669388;10.95262705348432;6.520610069856048
shellscript-nvm-sh-nvm-add-one-line,119,0,1.3479830000000002;1.294765;1.1731630000000002,0.701614;0.595675;0.596592,0,2.081387;1.719961;1.765903,0,2.0347880000000003;1.82559;1.83832,0,1.825795;1.830234;1.8603319999999999,0,1.938424;2.008372;2.037234,0,2.0685569999999998;1.9083970000000001;1.8339079999999999,0,322.826025;320.272791;324.443242,0,38.029235;19.544566999999997;18.815876,,,0,16.620725;16.709827;16.527071,0,4.017932;3.674209;3.683412,,,,2.860735170543194;3.966324031352997;3.2743539195507765
shellscript-nvm-sh-nvm-upgrade-version-string,8776,0,97.966361;97.095994;99.684099,34.911328999999995;36.02542100000001;35.005457,0,2.903155;2.692683;2.7974419999999998,0,4.2246619999999995;4.291282000000001;4.125636,0,4.084563;4.00551;3.99816,0,4.406619;4.65136;4.517208,0,4.315565;4.222797;4.178843,0,322.30812199999997;319.773133;320.78353100000004,0,55.241726;28.604592;56.268699,,,0,126.319709;127.04317200000001;125.787903,0,88.58377300000001;94.84339;88.794474,,,,18.89566401951015;22.265669889748096;19.74844397045672
shellscript-openhands-openhands-update-string-value,10,0,0.07339;0.044329999999999994;0.040438,0.041076999999999995;0.017173;0.015983999999999998,0,2.2626920000000004;1.627046;1.710442,0,2.043418;1.8114780000000001;1.8488689999999999,0,2.0205670000000002;1.898943;1.74983,0,1.84307;1.799889;1.826808,0,1.734211;1.758164;1.8727749999999999,0,304.092762;302.653523;323.69145399999996,0,89.87333699999999;34.860987;44.78881,,,0,15.02724;15.050717;14.743808000000001,0,2.26267;1.923467;1.8599560000000002,,,,3.1301560811698437;3.25881689786911;3.1598189380019903
shellscript-openlightingproject-ola-real-small-change,634,0,37.329134;54.231064;45.455603999999994,4.037999;2.9824719999999996;2.819825,1,2.008693;3.437945;2.383786,1,2.545772;2.287344;2.491395,1,2.2457190000000002;2.6346030000000003;3.455133,1,2.451378;2.785823;2.220807,1,2.693169;2.596007;2.590295,5,375.314346;344.32288100000005;331.633319,1,151.00778400000002;32.614349000000004;22.17035,,,1,26.64536;25.220735;24.831106,10,11.240566000000001;11.430506;11.220766,,,,6.151783047243953;6.724840961396694;7.731755962595344
shellscript-paddlepaddle-paddleocr-insert-inside-a-string,12,0,0.086576;0.058933;0.054540000000000005,0.052351999999999996;0.028885;0.027788,3,2.357816;2.5216079999999996;1.920814,3,2.127397;1.928789;2.072596,3,1.883567;1.93669;1.869194,3,1.912009;1.848445;1.914422,3,1.82279;1.8909129999999998;1.90174,3,314.27380500000004;300.578887;305.390066,3,49.019146;22.019562;22.514619,,,3,14.928825;15.087603999999999;14.992867,0,2.357237;1.9629360000000002;1.940709,,,,2.9274688567966223;3.3331341110169888;3.2051941379904747
shellscript-pi-hole-pi-hole-add-comment,27,0,0.190502;0.146617;0.194658,0.10536999999999999;0.063735;0.085451,0,1.8519750000000001;1.747297;1.845904,0,1.9378259999999998;1.9819289999999998;1.885578,0,1.80843;1.7514290000000001;1.741055,0,1.824127;1.807439;1.847251,0,1.760024;1.9980829999999998;1.834101,0,301.942084;309.063705;300.049467,0,49.491481;34.275839000000005;22.722203,,,0,15.245108;16.309686;15.031028000000001,0,2.483658;2.1700489999999997;2.063577,,,,2.7876649983227253;2.8766589239239693;2.730877138674259
shellscript-pi-hole-pi-hole-sql-code-in-string-constant,2652,0,28.148919000000003;22.834708;20.939048,12.180608;11.029617;10.137463,0,2.336405;2.0098030000000002;2.2468229999999996,0,2.73246;2.826149;2.690951,0,2.675542;2.57625;2.573297,0,2.62134;2.760949;2.71718,0,2.537373;2.621486;2.6088359999999997,0,317.528407;336.055548;396.511939,0,74.486756;135.696422;58.94522499999999,,,0,48.840258;74.290783;50.713057,1,29.944156;29.364665000000002;32.836452,,,,13.690032996237278;13.979746028780935;14.127829112112522
shellscript-pytorch-pytorch-change-invocation-string,640,0,3.8667599999999998;3.7202070000000003;4.7138800000000005,2.3273159999999997;2.3045869999999997;2.3227459999999995,0,2.227596;1.8933010000000001;1.884364,0,2.147079;2.006647;2.0026089999999996,0,1.953175;1.9277870000000001;2.0133490000000003,0,1.9578019999999998;1.945969;1.928955,0,1.934342;1.860469;1.941348,0,303.093099;311.016997;307.16281499999997,0,45.066282;25.701303000000003;29.883624,,,0,22.296823;22.73003;22.895623,0,8.679839999999999;8.568792;9.246593,,,,3.945960896089673;3.9993079844862223;4.166075028479099
shellscript-ropery-ffcast-comment-only-change,394,0,3.335206;3.814564;3.2336959999999997,2.664163;2.6304369999999997;2.514735,1,2.191121;1.955601;1.876766,1,2.084841;2.050676;2.449087,1,2.0382830000000003;2.175422;1.986557,1,1.9521849999999998;1.908997;1.892574,1,11.812619999999999;1.951041;1.941841,1,313.767133;314.229085;316.678491,1,32.724657;41.626639;41.459167,,,1,21.009347;21.213762;20.776051,0,7.769097;7.324204;7.342654,,,,3.756058868020773;3.801262006163597;3.702268935739994
shellscript-scikit-learn-scikit-learn-string-to-regex,278,0,2.786689;2.5570609999999996;2.727852,1.232629;1.1501679999999999;1.050506,0,2.194706;1.7953459999999999;1.974333,0,2.0153800000000004;2.1249599999999997;1.999485,0,2.0129420000000002;2.1646579999999997;1.918336,0,1.874161;1.910731;1.9107939999999999,0,1.8802079999999999;1.854555;1.8739620000000001,0,329.76431099999996;325.758449;329.192416,0,59.185083999999996;21.668205999999998;28.142813,,,0,19.352368;18.630013;18.066498,0,5.182713000000001;4.920393000000001;4.8625869999999995,,,,3.2020481303334236;3.33209615200758;3.1536228489130735
shellscript-scikit-learn-scikit-learn-version,50,0,0.37139500000000003;0.26982599999999995;0.26643700000000003,0.198221;0.200055;0.15471600000000002,0,2.086635;1.8052560000000002;1.823643,0,2.120777;1.9998120000000001;1.908566,0,1.857246;1.941522;1.715329,0,1.837471;1.804203;1.828484,0,1.793403;1.737754;1.824157,0,301.842235;324.412339;334.797998,0,154.953058;37.350805;56.631363,,,0,16.095512;18.885523000000003;18.205757,0,2.771779;2.2532170000000002;2.2650159999999997,,,,2.832850906997919;2.92011396959424;2.704902086406946
shellscript-stgpetrovic-stacuist-pure-add,12,0,0.187904;0.111487;0.109848,0.108949;0.07509099999999999;0.070799,2,2.26093;2.281488;1.97801,2,2.108445;1.880898;1.799794,2,1.747309;1.8693410000000001;1.869126,2,1.9139890000000002;1.9572790000000002;2.0767339999999996,2,1.930871;2.044251;2.326598,2,351.249974;330.430341;325.70479600000004,2,151.3263;19.282578;26.998871,,,1,16.839742;15.697263;14.924645,2,2.637943;2.204543;2.520651,,,,2.9137160163372755;2.927867928519845;2.892597811296582
shellscript-stgpetrovic-stacuist-pure-add-2,16,0,0.20159600000000003;0.193696;0.170878,0.08855199999999999;0.05368;0.050262,0,1.7164210000000002;1.7244140000000001;1.706271,0,1.860127;1.869874;1.819518,0,1.871265;1.804945;1.7727629999999999,0,1.77656;1.844773;1.8295480000000002,0,1.816055;1.838549;1.759546,0,305.358157;304.096697;303.04884100000004,0,51.400743999999996;24.642428000000002;28.243403,,,0,15.423490999999999;14.989982000000001;15.109364,0,2.665059;2.3222579999999997;2.226525,,,,2.7167981024831533;2.770804800093174;2.8528899420052767
shellscript-torvalds-linux-double-equals-to-equals,776,0,3.223323;3.11162;3.202572,1.4369739999999998;1.36753;1.312187,0,2.21129;1.778857;1.6995829999999998,0,2.1093179999999996;2.02236;2.0003260000000003,0,1.916998;1.9658240000000002;1.928697,0,2.020776;1.92075;2.107246,0,1.9457579999999999;1.955362;1.962078,0,303.39525499999996;325.42072;321.94258599999995,0,28.445617;62.100665;165.514434,,,0,23.407049999999998;24.104615;23.50114,0,7.507566000000001;6.953091;7.271705,,,,3.990168916061521;4.078777972608805;3.9649000391364098
shellscript-vercel-next-change-command-params,10,0,0.180051;0.070948;0.07927699999999999,0.064556;0.033906000000000006;0.030833,0,2.0761849999999997;1.953374;1.626118,0,2.027845;1.9797780000000003;1.9301030000000001,0,3.193282;1.75508;1.8542649999999998,0,1.805573;1.816697;1.845694,0,1.765298;1.890371;1.843017,0,317.96358499999997;318.314365;315.921423,0,51.491558;20.797323;21.475835,,,0,15.387481999999999;15.113213;15.065917,0,2.3813969999999998;2.117698;1.988642,,,,2.6886898558586836;2.7629979886114597;2.713095862418413
swift-apple-swift-argument-parser-remove-trimming-lines-function-call,617,0,26.171588;25.750196;25.960227,3.094289;3.013453;2.8558760000000003,3,2.217199;1.878277;1.86875,3,2.117889;1.972279;1.939306,3,2.001334;2.0174220000000003;2.039748,3,2.01349;2.004082;1.9647359999999998,3,2.005838;2.010323;1.990612,3,307.30850599999997;316.26776;308.626222,3,42.287772000000004;31.702216999999997;43.385504999999995,235,504.919024;500.301205;535.265934,3,185.694435;186.869959;186.41327099999998,,,,,89.732012;87.717276;90.629405,8.602467132732272;8.675076067447662;8.623098023235798
swift-apple-swift-argument-parser-simplify-code,432,0,5.7815319999999994;4.991029999999999;4.969113,3.4796959999999997;3.211179;3.168982,0,2.078565;1.837564;1.7776070000000002,0,2.023496;2.070175;1.823531,0,1.85491;2.0033600000000003;1.926169,0,1.879072;1.7929059999999999;1.939746,0,1.9141290000000002;1.854827;1.894628,0,303.123298;302.93915100000004;303.113832,0,40.821487;24.259286000000003;36.701424,0,487.962489;523.84531;516.695516,0,163.116385;160.996324;164.684829,,,,,100.138168;99.406098;95.279224,3.584447083994746;3.4781137946993113;3.581368131563067
swift-apple-swift-argument-parser-small-change,223,0,2.849144;2.4408149999999997;2.39695,1.956787;1.8539189999999999;1.8365939999999998,1,2.041436;1.808418;1.696286,1,1.9921119999999999;1.854222;1.8429119999999999,1,1.766364;1.9936369999999999;1.813709,1,1.815781;1.964152;1.927632,1,1.9538060000000002;1.859543;1.714269,1,325.263826;300.157205;304.509129,1,39.438774;20.43814;21.731893,0,394.798721;464.78143300000005;416.315104,0,156.00215;155.753218;155.24405299999998,,,,,53.626135;48.631131;48.461729,3.2476228661835194;3.3283010125160217;3.18299513310194
swift-logseq-logseq-add-real-feature-keypress-tracking,946,0,13.206387;14.041727999999999;14.217927999999999,7.181795;6.986658;7.067836,1,2.1563849999999998;1.8717110000000001;1.889539,1,2.118399;2.0026800000000002;2.000454,1,2.122802;2.19123;2.018882,1,2.141819;1.94013;32.179334,1,2.534833;2.114661;1.957416,1,312.366806;313.185903;314.153519,1,48.115048;27.977791;22.103582,0,608.6300140000001;660.450294;645.280232,2,179.692226;185.049171;172.688053,,,,,206.939425;194.510159;199.361326,13.418526155874131;13.64702987484634;13.93706281669438
swift-logseq-logseq-insertions-only,226,0,4.148904999999999;3.945536;4.063398,2.053627;2.001087;1.8940489999999999,6,2.094454;1.774208;1.8226570000000002,4,2.051611;2.000731;1.865416,4,1.93917;1.9802449999999998;1.839675,4,1.843058;1.9192639999999999;2.3197349999999997,4,2.074396;1.993262;1.995471,6,305.301892;306.609748;307.59334,4,65.127872;25.812488000000002;25.349178,1,451.582866;466.649315;427.697526,4,155.41396699999999;157.237807;155.962142,,,,,45.836179;50.553072;44.543902,7.400223985314369;7.431685924530029;7.416510954499245
swift-nextcloud-ios-actual-control-flow-change,654,0,12.747484;12.037856;11.820781,8.225149;10.264657;8.149396,1,2.205031;1.7844250000000001;1.962732,1,2.1878859999999998;2.031382;2.013047,1,1.994001;2.029156;2.017147,1,2.16136;2.033522;2.1019620000000003,1,2.149227;2.058345;2.0455740000000002,1,304.712133;327.522096;304.933623,1,36.993537;19.950574;20.414615,0,739.721012;629.714578;648.6302149999999,0,172.429565;174.89289;170.589834,,,,,205.381113;201.921426;198.54181,5.192650947719812;5.290750879794359;5.350393941625953
swift-nextcloud-ios-actual-logic-added,362,0,73.664316;74.936184;72.136717,3.777377;3.6866209999999997;3.6465970000000003,3,2.034868;1.874151;1.770284,3,2.108444;1.9584030000000001;1.93968,3,2.018941;1.969624;1.995198,3,1.927524;2.046348;1.935111,3,1.903535;1.9340950000000001;1.9236769999999999,3,306.11355299999997;306.19141;305.55605,3,59.717223;21.697389;29.278227,1,521.123407;540.3383160000001;557.6053880000001,3,159.591283;161.198671;162.50464,,,,,90.533165;91.10636;89.331363,7.146590854972601;7.200435968115926;7.222095970064402
swift-nextcloud-ios-add-4-functions,1183,0,17.390043000000002;16.34182;16.369269,12.437577000000001;11.993424000000001;11.806142999999999,2,2.3710430000000002;2.049867;1.983782,2,2.38494;2.336423;2.2349750000000004,2,2.267284;2.2408129999999997;2.299448,2,2.270042;2.3032690000000002;2.28872,2,2.1956279999999997;2.180801;2.222384,9,379.070093;386.452687;366.202251,2,77.35179600000001;25.7053;27.003404000000003,5,943.53532;920.393161;927.2756469999999,11,187.904658;188.677793;185.290746,,,,,370.475814;354.221566;365.549433,61.90262199379504;59.08565502613783;58.31920704804361
swift-nextcloud-ios-add-one-log-line,653,0,22.63062;28.274348;20.095202,8.384958000000001;8.001781999999999;8.055309999999999,0,2.164333;1.9594;1.7462280000000001,0,2.187172;2.0492150000000002;2.020469,0,2.0211270000000003;1.9922719999999998;2.011062,0,2.01923;2.023999;2.0868160000000002,0,2.113025;1.9971759999999998;2.1710100000000003,0,303.769232;301.856193;315.28948699999995,0,75.036635;19.016771;21.46856,0,720.805059;674.7856479999999;680.362626,0,177.960282;175.439345;171.294254,,,,,215.107149;203.707974;198.51759,4.325112095102668;4.430004861205816;4.470478044822812
swift-nextcloud-ios-call-different-function,120,0,1.081516;0.8736780000000001;0.873347,0.8070010000000001;0.722569;0.7161500000000001,0,2.091423;1.739596;1.731768,0,2.014935;1.883603;1.8023259999999999,0,1.9068;1.880503;1.859828,0,1.86159;1.797311;1.868089,0,2.101161;1.867502;1.8312789999999999,0,302.987955;300.15387999999996;302.9977,0,52.860313;19.905988;27.81098,0,402.280557;393.07273;375.309373,0,154.331917;153.32363500000002;154.27829200000002,,,,,22.549196;21.817942;21.901632,3.011150984093547;3.0170290265232325;2.998555777594447
swift-nextcloud-ios-different-func,24,0,0.181438;0.123795;0.116868,0.10813600000000001;0.083177;0.08314200000000001,0,2.150807;1.793647;1.779185,0,1.994118;1.7837809999999998;1.9902409999999997,0,1.7897919999999998;1.8074510000000001;1.785351,0,1.696577;1.850949;1.7730059999999999,0,1.8636;1.769797;1.7719610000000001,0,300.606761;308.463403;301.546698,0,22.982721;21.823612999999998;36.852296,0,287.389338;322.956617;295.445874,0,152.846463;153.057428;149.790072,,,,,2.223282;2.168614;2.313633,2.7994229458272457;2.7626389637589455;2.7876899112015963
swift-nextcloud-ios-move-function-and-refactor-logic,860,0,243.01532600000002;229.54312199999998;232.140069,10.696532999999999;11.642177;10.21219,25,2.4097720000000002;1.95161;2.0012689999999997,27,2.196414;2.2410720000000004;2.086055,27,2.120229;2.20491;2.158119,27,2.129445;2.160872;2.1493670000000002,27,2.109178;2.145951;2.171545,27,330.114798;324.39676699999995;322.926071,27,53.289863;31.190319000000002;23.257131,24,791.220264;800.861176;831.931073,20,176.936187;188.07783799999999;180.611511,,,,,287.244343;276.970014;274.109796,22.64544810168445;25.696102995425463;23.19651306606829
swift-nextcloud-ios-refactor-and-change,603,0,126.251908;128.79342899999997;135.60090599999998,7.696819;7.307497;7.190713000000001,3,2.2834309999999998;1.937646;1.8843,3,2.1160900000000002;2.0301329999999997;1.95297,3,1.980285;1.9950739999999998;1.960715,3,2.229749;2.0056789999999998;1.9652459999999998,3,1.962354;2.027362;1.978502,3,320.376088;310.851412;315.142545,3,29.159723;30.582815;30.871471,1,656.1420860000001;700.6823290000001;664.7573629999999,2,171.245226;169.761718;169.404859,,,,,202.750886;196.665783;198.179607,12.115784920752048;12.412992073222997;12.5616320874542
swift-swift-emacs-swift-mode-seems-like-test-code,1852,0,6.8505270000000005;6.387239999999999;6.343662,6.695314;6.253534;7.656675000000001,1,2.249937;1.8973119999999999;1.856348,1,2.225758;2.0834400000000004;2.0818920000000003,1,2.035023;2.169244;2.051525,1,2.208006;2.1888609999999997;2.149862,1,2.04981;2.067673;2.149321,1,308.88901400000003;323.390068;341.684725,1,104.737699;28.412241;36.953198,1,636.1972099999999;621.1246259999999;601.287206,1,166.328951;181.306774;166.692946,,,,,177.144767;168.541085;169.053017,10.32716897316277;10.229552164673803;13.282292056828735
swift-swiftlang-swift-actual-logic-change,675,0,288.538402;286.049699;286.45684,5.8388279999999995;5.596401;5.417223,1,2.252657;1.806556;1.8926990000000001,3,2.067202;1.9960210000000003;1.958629,3,1.9792120000000002;2.095267;1.9786309999999998,1,1.946639;2.024312;2.036374,1,2.120498;1.939434;2.0013710000000002,1,317.969761;312.810163;312.204043,1,66.247061;26.834009;23.972884999999998,0,669.611177;719.223692;696.647075,2,237.746882;239.214063;238.704099,,,,,182.333486;180.997877;184.169922,14.381997054442763;14.307361794635652;14.90387599915266
swift-swiftlang-swift-add-target-comment,54,0,0.454913;0.385307;0.38820899999999997,0.45898000000000005;0.314311;0.35417600000000005,2,2.109779;1.676832;1.622263,2,1.944602;1.854941;1.836997,2,1.89094;1.7434720000000001;1.840854,2,1.928393;1.788552;1.876386,2,1.942706;1.849132;1.756888,2,307.397022;302.20223400000003;300.195511,2,80.754601;20.305638000000002;26.62786,2,356.059061;396.11478;347.633783,2,162.95791;152.214633;151.37058100000002,,,,,11.207715;10.214593;10.839443,3.104683943092823;3.0671372078359127;3.118111053481698
swift-swiftlang-swift-add-to-typecheck-comment,14,0,0.266912;0.121443;0.112217,0.8018149999999999;0.703819;0.74627,1,2.032903;1.70054;1.6575069999999998,1,1.941556;1.9483059999999999;1.8600260000000002,1,1.836249;1.86402;1.766926,1,1.879555;2.0133360000000002;1.827291,1,1.779223;1.804476;1.742288,1,304.598132;303.099759;300.99165700000003,1,47.227206;28.784767;24.913940999999998,1,310.955399;323.27029699999997;289.916651,1,152.15830499999998;154.716571;152.607806,,,,,4.339889;4.295986;4.519387,2.8282429557293653;2.8446309734135866;2.7583299670368433
swift-swiftlang-swift-add-to-typecheck-comment-1,8,0,0.106548;0.06794199999999999;0.063248,0.127408;0.11592899999999999;0.116067,1,2.225145;1.6699309999999998;1.716766,1,1.9338300000000002;1.820719;1.748439,1,1.723751;1.820983;1.830775,1,1.8779160000000001;1.854009;1.779826,1,1.808354;1.822475;1.8544,1,306.507639;302.984792;301.15406099999996,1,54.478595;29.271311;33.972396,1,297.59970699999997;358.459099;314.922465,1,154.688294;152.551601;153.46075100000002,,,,,1.883669;1.878815;1.918184,2.7916559483855963;2.880884101614356;2.742003882303834
swift-swiftlang-swift-add-to-typecheck-comment-2,8,0,0.14202700000000001;0.106147;0.099882,0.6671100000000001;0.53643;0.5985240000000001,1,1.9628290000000002;1.82755;1.743307,1,1.837834;1.921865;1.7866119999999999,1,1.812076;1.832274;1.7963440000000002,1,1.793527;1.841615;1.8482159999999999,1,1.8093460000000001;2.411711;1.8618249999999998,1,304.215788;307.544857;302.320357,1,47.826484;19.419551;22.447681,1,356.130503;294.021387;331.031833,1,152.317487;152.283169;152.258232,,,,,4.095319;4.062185;3.995377,2.7697719633579254;2.770676976069808;2.7911290526390076
swift-swiftlang-swift-add-to-typecheck-comment-4,18,0,0.110623;0.074783;0.068581,0.345395;0.377165;0.289728,1,2.2171309999999997;1.8545479999999999;1.8048490000000001,1,1.9948380000000001;1.8015139999999998;1.773658,1,1.775422;1.8460830000000001;1.794633,1,1.7821099999999999;1.7566439999999999;1.807997,1,1.861332;1.7898949999999998;1.779367,1,305.52421400000003;302.385804;304.751846,1,50.229288;46.851707;33.53167,1,305.186703;307.29983500000003;292.016361,1,159.516126;152.79980400000002;150.286375,,,,,2.94578;2.945527;2.970898,2.788593992590904;2.7896030806005;2.695560920983553
swift-swiftlang-swift-add-to-typecheck-comment-5,20,0,0.14896399999999999;0.109294;0.12439100000000002,0.329924;0.35810200000000003;0.26819899999999997,1,2.062819;1.861977;1.744305,1,1.927924;1.907871;1.828168,1,1.883088;1.755932;1.788351,1,1.807059;1.7939029999999998;1.8387410000000002,1,1.7815050000000001;1.830279;1.829905,1,302.29130399999997;302.51372799999996;302.925498,1,143.73879;21.459406;26.735897,1,319.564617;307.18015399999996;331.201423,1,151.78176299999998;150.52664499999997;158.91711999999998,,,,,4.598187;3.104222;3.119501,2.8350590728223324;2.7687218971550465;2.8115438763052225
swift-swiftlang-swift-add-to-typecheck-comment-6,10,0,0.108564;0.07606;0.120821,0.167983;0.12490900000000002;0.119619,1,1.9038110000000001;1.765014;1.731735,1,1.970103;1.828149;1.750049,1,1.814636;1.767657;1.877276,1,1.8071190000000001;1.679488;1.7539770000000001,1,1.785378;1.820921;1.705344,1,302.270189;301.04107600000003;302.254358,1,62.562695000000005;21.890304;28.75992,1,317.893711;294.24872400000004;301.921154,1,153.266047;159.001397;151.151008,,,,,1.997126;2.128948;1.96767,2.7332939207553864;2.658398821949959;2.6605911552906036
swift-swiftlang-swift-add-to-typecheck-comment-7,8,0,0.14071799999999998;0.104212;0.182065,0.724634;0.705168;0.701562,1,1.930854;1.692564;1.770102,1,1.9436449999999998;1.824174;1.8838970000000002,1,1.79159;1.88385;1.7990199999999998,1,1.7971899999999998;1.8505310000000001;1.8194649999999999,1,1.722731;1.817126;1.8330499999999998,1,302.590733;301.170954;308.930808,1,59.458811;34.944501;38.309456999999995,1,324.580156;319.831747;290.02690800000005,1,151.444849;153.761683;150.521541,,,,,4.611901;4.421943;4.464077,2.707656007260084;2.678101882338524;2.7745419647544622
swift-swiftlang-swift-comment-change,10,0,0.08185400000000001;0.054034;0.048581,0.38558400000000004;0.32512399999999997;0.35580599999999996,1,2.0802020000000003;1.804931;1.67706,1,1.897224;1.90618;1.820742,1,1.778186;1.833451;1.857027,1,1.776459;1.822009;1.835582,1,1.808077;1.864908;1.749586,1,303.37993800000004;300.78139500000003;301.350919,1,33.31575;33.972221;24.626473999999998,1,339.318691;334.542861;340.385084,1,153.2403;152.15085;150.890136,,,,,2.806605;2.081221;2.032596,2.7607528027147055;2.8527381364256144;2.74893781170249
swift-swiftlang-swift-comment-change-2,22,0,0.237827;0.18431999999999998;0.214999,0.213515;0.13219799999999998;0.128117,1,2.05995;1.6925;1.738805,1,1.982715;1.8260100000000001;1.855813,1,1.807782;1.767663;1.761809,1,1.78503;1.891227;1.7972000000000001,1,1.7413839999999998;2.367032;2.284012,1,309.580915;301.27300499999996;303.086281,1,52.297953;28.978428;25.162548,1,308.378486;336.92864099999997;343.129207,1,155.927348;160.232855;161.315611,,,,,6.547526;4.191369;4.378251,2.745353849604726;2.8414418920874596;2.9373331926763058
swift-swiftlang-swift-constraint-comment,22,0,0.216584;0.17369400000000002;0.168875,0.442825;0.404292;0.36157300000000003,1,2.042681;1.791344;1.862927,1,2.074556;1.932958;1.941147,1,1.973412;1.933366;1.876243,1,2.093348;2.3407229999999997;1.90792,1,2.021935;1.999915;1.823919,1,308.855431;315.717039;318.910749,1,176.59397299999998;617.5097619999999;94.74492099999999,1,340.869103;356.55805499999997;311.444579,1,157.248993;158.331453;158.001857,,,,,6.832927;4.301165;4.404526,2.7620571199804544;2.7445771265774965;2.887103008106351
swift-swiftlang-swift-delete-and-insert-in-the-typecheck-comment,10,0,0.10915499999999999;0.081774;0.067801,0.171132;0.128919;0.123947,0,2.094573;1.770897;1.696246,0,2.012877;1.87542;1.905383,0,2.130898;1.9996089999999997;1.977283,0,2.083528;1.9572100000000001;1.9663480000000002,0,1.981366;1.950086;1.9724529999999998,0,318.685632;315.24186100000003;335.559625,0,141.903737;51.753017;34.180487,0,454.433027;297.99003400000004;384.803077,0,160.366076;178.542577;160.191993,,,,,2.614883;2.074569;2.025611,2.76916497386992;2.7154870331287384;2.8391790110617876
swift-swiftlang-swift-enable-checks-remove-todo-comment,395,0,3.342803;3.254136;4.181487000000001,2.8935120000000003;2.689024;2.676237,1,2.254828;1.853705;1.853464,1,2.1517329999999997;1.960593;1.999337,1,2.169404;2.313374;2.143107,1,2.0828040000000003;2.078655;2.0987419999999997,1,2.10222;2.0457549999999998;2.12641,1,323.082197;326.628832;330.594129,1,52.789953;64.34574599999999;60.461690999999995,0,513.72142;553.091519;540.061566,0,176.152725;174.785438;171.885671,,,,,77.866068;74.080867;76.465527,6.760564167052507;6.67587504722178;6.705200066789985
swift-swiftlang-swift-insert-delete-comment,29,0,0.275433;0.215207;0.218253,0.20353;0.197195;0.151681,0,2.123432;1.6263910000000001;1.735665,0,1.9965030000000001;1.812418;1.835782,0,1.881443;1.877192;1.8299779999999999,0,1.852203;1.86748;1.803732,0,1.8524100000000001;1.7361600000000001;1.779362,0,317.756555;321.321672;332.974897,0,102.168758;50.441578;48.158136,0,421.334543;362.29946;397.69525500000003,0,175.080116;158.801315;157.86402999999999,,,,,4.477175;4.595381;4.708944,2.8265430592000484;2.8196999337524176;2.9505998827517033
swift-swiftlang-swift-insert-only,37,0,0.6599200000000001;0.589116;0.577929,0.31350300000000003;0.196432;0.192341,0,20.732131000000003;2.054456;1.79133,0,2.0708409999999997;2.238687;2.191864,0,2.113675;2.158943;2.129668,0,2.212047;2.2599690000000003;2.041788,0,2.2253339999999997;2.163837;2.104743,0,350.80106900000004;331.88610600000004;338.73054,0,59.475734;32.888707000000004;30.095999,3,412.179109;399.902182;381.549021,0,162.37945200000001;163.821515;160.869024,,,,,6.362732;6.406566;6.514097,3.188490867614746;3.1836810521781445;3.2246250193566084
swift-swiftlang-swift-signature-next-comment,32,0,0.29511499999999996;0.237651;0.21775,0.6941660000000001;0.6230610000000001;0.610541,1,2.128867;1.838342;1.8465630000000002,1,2.07512;1.900911;2.029381,1,1.986856;1.813131;1.8060019999999999,1,1.828;1.794564;1.793336,1,1.789653;1.778987;1.80549,1,318.222618;331.738648;330.109145,1,80.364368;58.350491;27.424339999999997,1,350.782157;366.664656;476.845449,1,158.616549;168.959777;161.718253,,,,,6.350548;7.273491;6.593218,2.810272853821516;2.902928041294217;2.8270480688661337
swift-swiftlang-swift-signature-next-comment-2,22,0,0.13800400000000002;0.094957;0.12708899999999998,0.137749;0.130632;0.10462199999999999,1,2.1412739999999997;1.857996;1.8752339999999998,1,2.122424;2.0144070000000003;2.0895520000000003,1,1.937162;1.842162;1.8908900000000002,1,1.923314;1.8564779999999999;1.8767969999999998,1,2.03627;1.940817;1.935667,1,320.492611;305.02574999999996;307.48743499999995,1,80.381524;21.33498;27.689827,1,351.593406;367.10089400000004;339.17107400000003,1,155.57411900000002;159.269092;170.073259,,,,,2.026031;1.932455;1.942854,2.8817090205848217;2.7692769654095173;2.747107995674014
swift-swiftlang-swift-small-change-mostly-add,40,0,0.8656440000000001;0.7950999999999999;0.767201,0.447542;0.30146;0.332793,1,2.118906;1.87682;1.831777,1,2.138164;2.155508;2.1188309999999997,1,2.11963;2.169202;2.021861,1,2.0491509999999997;2.061986;2.018338,1,2.03054;2.028361;2.009841,1,324.021182;323.272209;316.79562100000004,1,93.63128900000001;51.596546000000004;54.409958,0,358.390487;332.498077;320.32489400000003,0,162.80697999999998;174.573685;168.71803,,,,,3.283012;3.170458;3.258965,3.398329019546509;2.947030123323202;2.9352400451898575
swift-swiftlang-swift-target-comment,28,0,0.31456;0.220759;0.21695899999999999,0.39815999999999996;0.309482;0.27707399999999993,2,2.161071;1.882255;1.929018,2,2.214644;2.0998;1.934124,2,1.81825;1.829571;1.816304,2,1.819583;1.739561;1.856648,2,1.797042;1.78779;1.80452,2,316.656171;314.04022799999996;319.836034,2,115.35176399999999;48.006511;40.940983,2,442.242067;399.407726;423.71979500000003,2,173.27178700000002;180.52809;175.02668,,,,,4.89408;4.717979;4.808677,2.974315080791712;2.8926969971507788;2.8647701255977154
swift-swiftlang-swift-target-comment-2,40,0,0.213476;0.16344999999999998;0.159014,0.21646400000000002;0.14179599999999998;0.135593,1,2.1063549999999998;1.8713899999999999;1.760911,1,2.0464200000000003;1.9482849999999998;1.961709,1,1.949428;2.041781;2.032163,1,2.062187;2.02613;2.089071,1,2.29982;2.349424;2.2461,1,376.896937;352.965262;458.55949200000003,1,98.621433;79.55756099999999;90.64746,1,375.288635;359.05451999999997;370.300797,1,175.91502;213.765041;168.691412,,,,,3.803282;3.710323;3.83388,2.913057804107666;2.858125139027834;2.7090420480817556
swift-swiftlang-swift-update-leading-comment,14,0,0.207929;0.197497;0.148326,0.265642;0.20035799999999998;0.194302,1,2.24715;1.90903;1.8874309999999999,1,2.003064;1.979917;2.316365,1,2.2046639999999997;2.210835;2.18011,1,2.040564;2.0101519999999997;1.9811059999999998,1,1.933155;2.072041;2.070834,1,335.743499;325.60143800000003;326.34885,1,71.577275;37.132863;52.046566000000006,1,312.15720400000004;353.474226;362.5035,1,162.50025000000002;166.56019;165.03937399999998,,,,,1.801394;1.754408;1.758222,2.8327980544418097;2.8097261674702168;2.8503809589892626
swift-swiftlang-swift-update-typecheck-comment,10,0,0.367914;0.256676;0.250811,0.427132;0.409115;0.369131,1,2.122529;1.6744290000000002;1.869551,1,2.0243409999999997;1.915265;1.975071,1,1.988119;2.260069;2.527655,1,2.068151;2.007076;1.9970299999999999,1,2.414536;2.1309419999999997;3.061611,1,349.91010500000004;341.08761300000003;340.809082,1,146.251353;43.056398;174.63621700000002,1,352.74377000000004;380.507786;374.508623,1,164.40949799999999;196.509413;196.154639,,,,,2.475538;2.226661;2.2132,2.905323868617415;3.05127794854343;2.9415099415928125
swift-tree-sitter-tree-sitter-haskell-remove-a-list-item,99,0,50.723710999999994;49.533775000000006;53.00871,0.532813;0.49598200000000003;0.5318160000000001,0,2.28309;2.033699;2.038275,0,2.411629;2.269656;2.320833,0,2.4682609999999996;2.158522;1.9964520000000001,0,2.497983;2.3228210000000002;2.499588,0,2.459616;2.3092859999999997;2.397653,0,318.649729;309.564356;305.680953,0,107.804046;43.999168999999995;66.14392400000001,6,437.307454;430.89648000000005;534.6808159999999,0,166.75607200000002;174.19796100000002;165.87755,,,,,17.221028;17.650907;16.793747,2.96227284707129;2.9052048921585083;2.796668093651533
swift-zeroc-ice-ice-add-an-if-block-and-variable,427,0,14.815812;16.852068000000003;16.745047,3.099708;3.234753;2.96803,1,2.158762;1.92711;2.0169200000000003,1,2.257457;2.5531360000000003;2.497589,1,2.295733;2.400966;2.420734,1,2.49627;2.471369;2.409599,1,2.5267890000000004;2.233935;2.054131,1,317.068252;308.363017;309.80984900000004,1,92.069962;46.436458;67.82771799999999,1,662.093122;494.381507;526.863638,1,184.422469;171.916606;162.605522,,,,,85.757331;80.18271;80.245632,5.103894975036383;5.200952058658004;5.123686045408249
tsx-apache-superset-add-test-case,1590,0,15.093278;17.604492;14.44339,6.760498;6.20914;6.6073450000000005,1,2.331487;1.9456849999999999;1.942302,1,2.294006;2.062305;1.9975599999999998,1,2.107209;2.069766;2.067106,1,2.05523;2.0722;2.014732,1,2.0638;2.081154;2.070532,3,336.073277;342.32480300000003;336.43968,1,277.29563;59.443002;69.324045,0,1080.299288;1071.470682;929.642526,0,60.672805000000004;68.678562;67.02219299999999,0,22.972721;19.217111;17.968739,,,350.552378;377.308059;345.374345,10.281455935910344;10.208907071501017;10.529541177675128
tsx-apache-superset-error-handling-change,792,0,153.414284;161.16972900000002;149.34835900000002,3.677275;2.979143;3.592486,0,2.4080239999999997;2.224542;2.029498,0,2.244079;2.211445;2.180318,0,2.216844;2.037674;2.05523,0,2.060672;2.046504;2.042139,0,2.052102;1.942539;2.071497,0,332.296579;320.845257;319.55793900000003,0,88.001199;44.41103;41.382017,0,624.314341;623.277136;649.598906,0,94.763755;90.22836;101.810304,4,11.629003;11.129204;9.971860000000001,,,140.344336;134.765728;143.448408,7.769688963890076;7.626534905284643;7.896587951108813
tsx-excalidraw-excalidraw-add-type-to-import,16,0,0.392345;0.34754799999999997;0.320363,0.11563599999999999;0.06958500000000001;0.06599,1,2.0658790000000002;1.854374;1.634728,1,1.9490919999999998;1.8420590000000001;1.815704,1,1.842603;2.0237380000000003;1.940923,1,1.882361;1.74639;1.717187,1,1.7982930000000001;1.977454;1.840434,1,335.087828;350.41163800000004;349.510175,1,72.98579099999999;25.975967999999998;19.158824000000003,0,329.46288000000004;348.055657;355.313578,1,38.555901;41.010033;36.300767,0,2.472012;2.249912;2.219406,,,3.575371;3.479179;4.010235,2.770510967820883;2.837789012119174;2.827330958098173
tsx-excalidraw-excalidraw-import-path-change,92,0,0.8581249999999999;0.6896610000000001;0.67855,0.436576;0.323361;0.322455,0,2.148485;1.651286;1.776481,0,2.0394229999999998;1.915583;1.912397,0,1.897823;1.8935440000000001;1.807072,0,1.8292519999999999;1.882015;1.850036,0,1.88449;1.87116;1.8544559999999999,0,308.208678;315.353801;310.052977,0,45.874273;27.123064999999997;48.059174000000006,0,380.964928;344.219814;370.305799,0,37.350729;38.684179;36.494611000000006,0,3.371998;3.063521;3.018479,,,20.704899;18.2033;19.195202,3.5930820740759373;3.5856738686561584;3.5692420788109303
tsx-excalidraw-excalidraw-move-from-one-struct-to-other,791,0,303.132411;302.408652;322.440239,3.1734560000000003;3.0013259999999997;2.899896,1,2.430075;1.9304999999999999;1.8830310000000001,1,2.152813;2.3483;2.0470800000000002,1,2.010277;1.9947469999999998;2.047411,1,2.058487;1.9806200000000003;2.2006970000000003,1,2.027623;2.026356;2.1959000000000004,1,314.644535;323.590556;340.753817,1,87.849153;43.510929;76.653077,0,645.895541;628.3517509999999;600.066696,1,82.55875499999999;69.489291;70.733238,2,9.560661;9.183698;9.331639,,,160.303477;147.472573;154.454641,5.8185080997645855;5.986989010125399;5.878960946574807
tsx-greenbone-gsa-add-import-and-use-it,621,0,86.16525399999999;86.670583;86.581358,2.7181550000000003;2.730204;2.700812,1,2.219209;1.942541;1.937292,1,2.080905;2.106643;1.9928720000000002,1,2.006063;1.9593089999999997;2.028724,1,1.9545500000000002;1.9198060000000001;1.9981539999999998,1,1.935223;1.96833;2.0400549999999997,1,305.789166;324.247462;326.87928500000004,1,42.393319999999996;20.841728;35.398077,2,600.969465;602.1822970000001;628.65233,2,47.824394;45.880603;46.043807,2,9.113573;8.730041;8.856349,,,166.831829;156.688057;160.432654,5.084245000034571;5.091223865747452;5.0052739679813385
tsx-keybase-client-change-from-one-import-and-call-to-another,358,0,29.092627999999998;29.761558;29.279413,1.972709;1.883549;1.8881610000000002,0,2.235319;1.9429939999999999;1.655701,0,1.993113;1.9412749999999999;1.902603,0,1.891373;1.846238;1.8897320000000002,0,1.9502199999999998;1.914609;1.886422,0,1.785782;1.880668;1.911294,0,302.016406;306.401603;302.103337,0,72.51247199999999;23.918203;39.225273,0,494.33875900000004;500.88098299999996;554.107359,0,42.215594;42.60618;42.70035300000001,0,6.5909949999999995;6.3740689999999995;6.16622,,,99.059772;93.953289;93.03287,3.605303820222616;3.72246908955276;3.535020863637328
tsx-keybase-client-emoji-to-native,476,0,4.982606;4.635519;4.514504,2.535064;2.295572;2.3208279999999997,0,2.2289;1.922087;1.831948,0,2.034541;2.054209;2.000606,0,1.9547140000000003;2.032035;1.911505,0,1.982358;2.00027;2.038029,0,1.9396680000000002;1.8879229999999998;1.869356,0,303.92807500000004;310.288833;307.903529,0,69.899728;27.313143;28.503773,0,588.11392;590.2431809999999;540.043165,0,44.456129;45.037490999999996;44.457621,1,7.739569;7.500926;7.511424,,,129.457998;117.012259;135.216032,3.654303029179573;3.788297064602375;3.622771939262748
tsx-kong-insomnia-classname-strings-changed,202,0,2.61969;2.42682;2.468244,1.179363;1.0479729999999998;0.983424,0,2.2173760000000002;1.751963;1.718713,0,2.035828;1.8797270000000001;1.9446629999999998,0,1.888789;1.948592;1.8931149999999999,0,1.966991;1.945651;1.880921,0,1.8060489999999998;1.944428;1.884882,0,308.24497699999995;304.962777;302.990764,0,34.471754;20.476564;29.190936,0,439.22981;455.458352;447.953755,0,40.041226;39.603029;40.168323,0,5.1104970000000005;4.77075;4.768331,,,70.680351;63.747018;65.202195,3.338908078148961;3.5919819492846727;3.4280801191926003
tsx-kong-insomnia-rewrite-if-using-ternary-twice,1146,0,105.705074;102.79623000000001;107.219265,4.8397950000000005;4.628505;4.667615,0,2.306472;2.0886519999999997;2.0204530000000003,0,2.2579089999999997;2.215957;2.143644,0,2.0999209999999997;2.094074;2.156088,0,2.1531749999999996;2.138152;2.166691,0,2.115484;2.096021;2.105951,0,307.955341;314.318781;308.265554,0,60.90255;41.034316000000004;26.221066,50,731.088195;718.215416;722.380484,0,54.599834;53.091874999999995;53.643155,0,14.105249;14.116448;14.037388,,,237.651868;242.348906;227.213409,8.709792047739029;8.744942955672741;8.354838006198406
tsx-langflow-ai-langflow-add-type-to-import,14,0,0.321895;0.29244299999999995;0.268767,0.09756100000000001;0.08499899999999999;0.053058999999999995,1,2.075516;1.796509;1.655651,1,1.901255;1.7754610000000002;1.8414130000000002,1,1.7655310000000002;1.758199;1.805593,1,1.749192;1.7921;1.842937,1,1.779093;2.109721;1.88766,1,301.65716199999997;307.041707;301.237183,1,49.651568;23.943583;28.291592,0,311.317907;359.36782900000003;306.23447,1,35.565538000000004;35.350859;34.982928,0,2.789928;2.389024;2.148472,,,3.121167;6.701316;3.004373,3.015505848452449;2.975771902129054;2.956564072519541
tsx-langflow-ai-langflow-insert-only,32,0,4.6758310000000005;4.531013000000001;4.605036,0.181397;0.12085000000000001;0.118395,0,2.04916;1.7803719999999998;1.6650269999999998,0,1.932747;1.906173;1.900474,0,1.89192;1.731033;1.7953109999999999,0,1.7591620000000001;1.867335;1.8474050000000002,0,1.716572;1.806308;1.765942,0,310.658186;304.301989;310.16657,0,34.219284;41.643063;43.425745,0,359.010441;336.28245;312.458982,1,35.944686000000004;36.189834;35.536584000000005,2,2.850669;2.389919;2.442736,,,6.43425;13.29924;6.391132,3.14598111435771;3.1405219342559576;3.305658930912614
tsx-langflow-ai-langflow-move-function-around-update-string-constant,1110,0,34.029544;34.590959;36.443899,3.897114;3.79753;3.6542399999999997,2,2.269859;1.901003;1.672949,2,2.211098;2.219719;2.18645,2,2.1415029999999997;2.069907;2.167759,2,2.10446;2.149597;2.141886,2,2.127288;2.086134;2.097424,2,305.706786;362.36112199999997;315.375267,2,38.316496;22.065255999999998;36.129274,28,692.7661360000001;726.679087;665.260647,28,49.75557;50.20104;49.430127,6,12.724419000000001;12.984725000000001;12.464927000000001,,,199.203903;217.10107;201.481635,8.586819982156157;8.922699838876724;8.722482016310096
tsx-langflow-ai-langflow-split-import-3,19,0,0.5052840000000001;0.35489099999999996;0.383034,0.144011;0.138292;0.10253100000000001,0,1.902758;1.717551;1.757964,0,1.988239;1.853674;1.725413,0,1.787737;1.871037;1.7825339999999998,0,1.805431;1.7206759999999999;1.791517,0,1.777917;1.821097;1.818958,0,303.458374;318.985417;300.31962699999997,0,62.532892000000004;25.083875;30.259168,1,329.569235;325.60736699999995;309.40497,0,36.071925;36.222823;35.874089,0,2.640581;2.2599769999999997;2.1202389999999998,,,4.767811;4.811106;4.645032,2.8287258464843035;2.6985718868672848;2.8186358977109194
tsx-material-remove-import,215,0,2.383782;2.056892;2.080038,0.94807;0.98316;0.875366,0,2.186441;1.884139;1.6756950000000002,0,2.007229;1.8347369999999998;1.797092,0,1.804595;1.861199;1.735118,0,1.8025660000000001;1.818679;1.836417,0,1.8575490000000001;1.904093;1.727351,0,302.28913800000004;302.013604;303.89347399999997,0,65.373079;17.871215;17.445777,0,477.83445;411.203278;462.053428,0,42.339965;39.965030999999996;38.503432999999994,1,4.649779;4.2804649999999995;4.129802,,,60.372328;64.641345;55.496741,2.8021379839628935;2.836450934410095;2.9079229570925236
tsx-microsoft-typescript-delete-only,45,0,0.50883;0.36374;0.421713,0.22558299999999998;0.15787800000000002;0.168495,0,2.11659;1.684917;1.641154,0,2.3399810000000003;1.8597869999999999;1.7444279999999999,0,1.86236;1.798938;1.916807,0,1.756826;1.82584;1.8011430000000002,0,1.824044;1.839025;1.7222929999999999,0,301.939885;319.750493;304.19654099999997,0,44.477883000000006;33.724139;33.758768,0,323.418872;315.507968;340.41490699999997,0,36.116459;35.646915;36.044458,2,2.719068;2.36744;2.265011,,,8.392904;7.595446;6.694675,2.813424915075302;2.8958527836948633;2.906579989939928
tsx-microsoft-typescript-libpath-to-lib,34,0,0.357331;0.22042799999999999;0.213447,0.144106;0.09642300000000001;0.09431400000000001,0,2.041751;1.769114;1.7051010000000002,0,1.902698;1.852002;1.843581,0,1.797939;1.796199;1.863737,0,1.8330110000000002;1.84874;1.866571,0,1.851689;1.807672;1.87507,0,302.869968;301.41680199999996;300.757586,0,44.39871;51.770727;39.414821,0,317.521167;298.220817;294.836836,0,36.989964;37.737527;35.951435,0,2.580457;2.2028070000000004;2.184453,,,9.229498;5.928156;5.23915,2.8659040108323097;2.813945058733225;2.7635348960757256
tsx-mitmproxy-mitmproxy-array-to-object,30,0,0.273414;0.296;0.212595,0.10788;0.06422699999999999;0.079583,0,1.97773;1.764409;1.642204,0,1.911093;1.8199519999999998;1.8233920000000001,0,1.845653;1.7176690000000001;1.8441130000000001,0,1.8330819999999999;1.789551;1.806857,0,1.806984;1.7530189999999999;1.8445340000000001,0,305.264524;304.069892;302.11989700000004,0,59.440554;27.400349000000002;20.957691,0,287.528636;317.08672;327.402276,1,35.193706;35.117871;36.508761,0,2.63911;2.178541;2.034853,,,3.65074;4.22908;4.61561,2.8050949331372976;2.7703619562089443;2.8608948923647404
tsx-mui-material-ui-add-attribute,22,0,1.29693;1.202147;1.1958680000000002,0.09498000000000001;0.09572900000000001;0.051324,1,2.076328;1.825534;1.729333,1,1.867919;1.805573;1.787917,1,1.834177;1.8295329999999999;1.735044,1,1.809116;1.900628;1.794348,1,1.834187;1.750412;1.742858,1,303.696553;302.937944;301.582523,1,47.012462;20.021357;20.096766,0,304.01676100000003;333.515611;297.423631,1,35.473146;35.094097999999995;35.466378,0,2.442958;2.1166560000000003;2.0045919999999997,,,3.481523;3.952985;3.969411,2.7060401625931263;2.7461620047688484;2.776632085442543
tsx-mui-material-ui-delete-only,29,0,0.243596;0.19015100000000001;0.18579800000000002,0.10339999999999999;0.07842;0.0612,0,1.798558;1.7639209999999999;1.813572,0,2.1205600000000002;2.604558;1.856012,0,1.880555;1.8400210000000001;1.852339,0,1.8796869999999999;1.766114;1.777428,0,1.822183;1.808176;1.838249,0,307.87442599999997;309.25277;303.48850500000003,0,55.010469;32.119229;32.753826,0,360.357373;322.719965;313.802288,0,35.401401;35.480617;35.488074000000005,1,2.423453;2.1388700000000003;2.056759,,,4.229251;4.584184;4.32019,2.6488390285521746;2.693854970857501;2.65505095012486
tsx-mui-material-ui-remove-import,9,0,0.124375;0.088682;0.080125,0.050348000000000004;0.022347;0.020104,0,1.8261830000000001;1.6368070000000001;1.635877,0,1.911781;1.86703;1.784602,0,1.716066;1.843271;1.787355,0,1.8259509999999999;1.713067;1.7587080000000002,0,1.71752;1.831878;1.775497,0,310.427137;301.336425;299.948964,0,45.916306;22.076148;32.936013,0,334.94507;325.804307;334.51883599999996,0,35.908456;35.368969;35.437238,1,2.323729;1.9781070000000003;2.047878,,,1.682506;1.648658;1.653994,2.640702063217759;2.6507971342653036;2.638978883624077
tsx-mui-material-ui-remove-import-2,13,0,0.16050099999999998;0.11741299999999999;0.11163000000000001,0.06715;0.03518;0.031924,0,1.9010209999999998;1.793174;1.6213659999999999,0,2.0072050000000004;1.893357;1.773329,0,1.832156;1.823979;1.691391,0,1.800413;1.795882;1.798237,0,1.811055;1.754421;1.856806,0,304.079248;310.372299;304.984368,0,27.781153999999997;29.593415;43.144066,0,317.207608;314.423805;373.109423,0,36.794147;36.548411;37.408854,1,2.3794939999999998;2.010304;2.759357,,,2.424337;2.312774;2.300793,2.6773489080369473;2.6532961055636406;2.667454071342945
tsx-mui-material-ui-remove-import-3,13,0,0.159232;0.117697;0.111173,0.062626;0.033216999999999997;0.030631,0,2.14209;1.918877;1.755382,0,1.959968;4.236291;1.945066,0,1.927375;1.881665;1.864733,0,1.948745;1.7827030000000001;1.850538,0,1.792362;1.82397;1.926957,0,326.02502300000003;322.396656;318.271401,0,43.545554;129.090173;33.771895,0,306.547961;310.39113499999996;318.022234,0,35.519206;35.491336999999994;35.070862,1,2.579358;2.005535;2.012551,,,2.010282;2.07962;2.037378,2.624451881274581;2.601352985948324;2.5612658355385065
tsx-mui-material-ui-remove-import-4,15,0,0.278981;0.224122;0.27545800000000004,0.124609;0.081737;0.107576,0,1.814475;1.717467;1.776317,0,2.006089;1.8945699999999999;1.799707,0,1.830279;1.768559;1.765071,0,1.860283;1.838351;1.681675,0,1.861987;1.8289330000000001;2.1848430000000003,0,303.948151;300.804952;302.24809600000003,0,42.796687999999996;20.628491;20.121202,0,291.34819699999997;327.62320900000003;322.15607800000004,0,35.380789;36.217017999999996;35.25199,1,2.693328;2.278856;2.1148680000000004,,,5.19344;5.030835;5.271405,2.584045985713601;2.6433190796524286;2.5821980088949203
tsx-mui-material-ui-remove-one-import,107,0,0.852696;0.6991729999999999;0.703582,0.35577000000000003;0.296418;0.27032,0,1.997699;1.728748;1.83855,0,2.03287;1.801188;1.8542669999999999,0,1.830172;1.785523;1.823948,0,1.812239;1.7751649999999999;1.836383,0,1.782973;1.83747;1.861754,0,304.924826;300.675226;301.516661,0,63.817983;29.484021;33.230936,0,383.165391;387.763696;396.340321,0,36.335825;36.689651;35.972061,1,3.2138370000000003;2.7489329999999996;2.695595,,,18.938288;19.149504;20.775956,2.7700529899448156;2.7119149453938007;2.772160107269883
tsx-popcorn-official-popcorn-desktop-simple-property-rename,288,0,3.5887160000000002;3.316116;3.22003,1.299534;1.2693530000000002;1.258454,0,2.175822;1.853704;1.783789,0,2.052072;1.948891;1.888631,0,1.933618;1.880549;1.82337,0,1.885127;1.836382;1.886721,0,1.901146;1.906228;1.8791719999999998,0,302.835927;306.409006;305.437546,0,67.535574;21.30939;18.846275,0,546.178028;544.5041590000001;549.087217,0,94.526233;94.492995;93.94079099999999,0,5.535135;5.323938;6.250623,,,89.505373;87.719597;85.307739,4.2646590154618025;4.272296093404293;4.212660947814584
tsx-rektdeckard-departure-mono-import-path,1532,0,12.630341999999999;12.182372;12.096359,5.844740999999999;7.576771000000001;5.621827999999999,1,2.598184;2.063036;2.133741,1,2.72147;2.633621;2.4995659999999997,1,2.50529;2.509261;2.506969,1,2.5079019999999996;2.450297;2.520889,1,2.4893099999999997;2.444819;2.5351890000000004,1,306.498253;308.588906;306.094636,1,40.928628;20.316449;21.27694,1,822.691465;816.326994;837.403049,1,55.506121;55.203751000000004;56.323483,0,32.391277;31.931765000000002;32.720093999999996,,,330.129716;351.617422;327.273827,6.315327947959304;8.703639963641763;6.282252026721835
tsx-shadcn-ui-ui-add-attribute,132,0,52.998788999999995;53.629864999999995;51.669663,0.372923;0.352888;0.299742,1,2.193649;1.713621;1.770713,1,1.9688470000000002;1.836125;1.831769,1,1.828573;1.8249920000000002;1.815798,1,1.835737;1.839024;1.8739480000000002,1,1.852914;1.797394;1.787079,1,313.259948;302.3655;304.531068,1,35.090641;17.638320999999998;20.155464000000002,0,394.983612;386.04689800000006;404.505132,1,36.641131;37.764839;36.002898,0,3.131703;3.086252;2.94351,,,19.315772;19.213523;18.819775,3.0522190500050783;3.691497026011348;3.011577995494008
tsx-shadcn-ui-ui-order-of-class-names,50,0,0.339418;0.28275799999999995;0.334124,0.259981;0.129106;0.113123,0,1.9593990000000001;1.6507500000000002;1.836566,0,2.036666;1.8264399999999998;1.845961,0,1.7416989999999999;1.752518;1.782724,0,1.8246250000000002;1.950574;1.826563,0,1.72775;1.8283719999999999;1.827112,0,302.338514;308.961631;308.04784,0,57.528495;54.486935;27.308907,0,368.391367;331.460272;313.543835,0,35.650213;37.006386;35.441497000000005,0,2.617974;2.317842;2.152822,,,6.011841;6.061808;5.833309,3.465629182755947;3.1942769419401884;2.902830019593239
tsx-shadcn-ui-ui-real-small-change,77,0,0.71012;0.649895;0.558247,0.297325;0.24172300000000002;0.233757,0,1.9604219999999999;1.825447;1.858128,0,2.058809;1.848057;1.801066,0,1.794748;1.9732180000000001;1.9598430000000002,0,1.874763;1.852558;1.927129,0,1.940571;1.807706;1.913166,0,311.102733;302.447565;305.395437,0,128.032983;26.845958;23.120015000000002,0,383.527844;383.784304;366.102738,0,38.701127;39.065829;39.236883999999996,1,4.875825000000001;4.304526;4.317706,,,12.384378;12.540824;11.977702,3.7686899304389954;3.3051541540771723;3.220583079382777
tsx-troyeguo-koodo-reader-pure-insert,1324,0,116.953879;118.30334300000001;119.13007,5.1416900000000005;5.028943;4.927661,0,2.3662140000000003;1.95269;2.069243,0,2.291707;2.082604;2.127278,0,2.135529;2.2066500000000002;2.0905099999999996,0,2.20922;2.209664;2.1169819999999997,0,2.198179;2.142672;2.15231,1,321.189743;323.639568;327.131224,0,24.067185000000002;22.655856;23.463604999999998,0,752.5172239999999;760.2667;833.9925470000001,0,56.99742;55.757836999999995;56.009147,1,16.328169;16.659568;16.209461,,,298.758378;300.469075;289.090923,24.46864894591272;23.966568056494;23.886028910055757
typescript-add-error-handling,21,0,0.897095;0.824614;0.821159,0.170585;0.08708400000000001;0.084493,0,1.9931699999999999;1.729599;1.748804,0,2.027741;1.892229;1.8398189999999999,0,1.791148;1.850124;1.840883,0,1.769234;1.8451229999999998;1.828419,0,1.7677960000000001;1.827363;1.7805600000000001,0,302.055508;300.722061;301.44733299999996,0,48.06754;22.863834999999998;25.073296,0,342.661817;325.118416;347.32055699999995,4,37.258327;37.207395999999996;40.999523,3,2.778353;2.3343320000000003;2.379441,,,8.475657;8.368114;8.39246,3.3986070193350315;3.5633090883493423;3.2508790027350187
typescript-add-generics,37,0,0.786816;0.7209500000000001;0.709534,0.164834;0.14992;0.10824,0,1.918679;1.7702760000000002;1.761041,0,1.9749149999999998;1.870317;1.815293,0,1.762321;1.809841;1.7908950000000001,0,1.806665;1.822536;1.762862,0,1.817534;1.801282;1.8961729999999999,0,305.004662;301.180414;324.844847,0,95.215377;20.480363;20.449854,0,360.13701599999996;339.35573200000005;351.967365,0,35.609422;36.196325;35.982105,0,2.8221079999999996;2.4723140000000003;2.397407,,,5.838622;5.689504;5.640655,3.2688151113688946;3.2730738166719675;3.177969017997384
typescript-add-type-annotations,28,0,1.221542;1.1293710000000001;1.1197970000000002,0.16025;0.15367999999999998;0.100959,13,1.846344;1.806795;2.277977,13,2.0492700000000004;1.81819;1.863938,13,1.84009;1.8022019999999999;1.7743749999999998,13,1.8035519999999998;1.8223449999999999;1.801187,13,1.854135;1.766532;1.823473,13,302.724194;306.96134600000005;303.98308299999997,13,39.30334;22.312992;21.652072,13,339.098772;347.324239;328.628281,12,35.946661999999996;35.757802;35.767911999999995,14,2.684857;2.387474;2.2322610000000003,,,4.831748;4.666564;4.491768,3.0626498628407717;2.9250551015138626;2.9167442116886377
typescript-async-await,23,0,1.119687;1.038088;1.033457,0.156273;0.103154;0.100343,0,2.020066;1.754869;1.84183,0,2.058828;1.856103;1.8493380000000001,0,1.8597329999999999;1.850691;1.856435,0,1.961519;1.842071;1.924752,0,1.861968;1.82963;1.7454210000000001,0,301.92771400000004;304.233708;301.295055,0,49.147985;33.780362000000004;27.545229000000003,4,324.560256;346.87962100000004;335.11863400000004,2,36.17906;38.230817;36.543138000000006,4,2.840274;2.421859;2.435603,,,8.329601;5.285713;5.419957,3.3409229945391417;4.077892052009702;3.352409927174449
typescript-excalidraw-excalidraw-add-function,2072,0,18.941642;18.935558;19.518693,8.554014;7.972979;7.809368999999999,1,2.380482;2.0420960000000004;1.9696269999999998,1,2.465599;2.386097;2.291343,1,2.246873;2.383695;2.320641,1,2.450909;2.424181;2.696953,1,2.5229649999999997;2.338188;2.3371049999999998,3,332.236431;355.775145;334.183368,1,63.614160000000005;29.299566;21.340834,2,999.0402200000001;960.3727170000001;997.288823,6,68.077302;68.711732;69.479048,6,22.243465;23.45538;22.997946,,,464.620774;474.186334;441.206387,35.04147008061409;34.69313308596611;35.9018191229552
typescript-excalidraw-excalidraw-add-values-to-lists,582,0,202.732192;201.034418;202.303209,3.10941;3.01117;2.970426,0,2.298876;1.934581;1.9259220000000001,0,2.0415360000000002;2.0579069999999997;1.9761129999999998,0,2.278141;1.986242;2.0399049999999996,0,1.947062;1.958814;1.993131,0,2.203571;1.9704290000000002;2.051327,0,304.64314399999995;303.389226;304.164129,0,58.352656;50.166373;36.742181,0,671.896392;651.8802609999999;592.316311,0,47.05020699999999;46.277069;46.545649000000004,1,10.043319;9.872937;9.565418,,,167.377023;174.062209;164.598434,4.589888965710998;4.766293102875352;4.4469761196523905
typescript-lxqt-lxqt-openssh-askpass-change-url,52,0,2.445653;2.2443099999999996;2.242633,3.49612;3.4645390000000003;3.3530670000000002,0,2.0671410000000003;1.677719;1.81426,0,2.009028;2.046009;1.797529,0,2.018564;1.9948600000000003;1.7780230000000001,0,1.8664720000000001;1.779633;1.870028,0,1.831678;1.759826;1.735351,0,300.06115700000004;300.067726;300.975351,0,54.967934;23.051574;34.157837,0,391.40251;395.35966;366.884516,0,39.564964;38.081989;39.717978,0,6.050402;5.93161;5.801315,,,24.848598;24.028069;24.476676,2.9639010317623615;3.00518493168056;3.183153923600912
typescript-lxqt-lxqt-panel-not-actually-ts-but-still,896,0,23.846698999999997;23.475407;23.938616999999997,58.412313;53.48587;53.428000999999995,0,2.199334;1.840966;1.960748,0,2.180847;2.093503;2.161208,0,2.049717;2.0822789999999998;2.065982,0,2.107998;2.057763;2.147595,0,2.106438;2.083521;2.588358,0,320.17978600000004;311.010982;308.918013,0,46.304946;21.145682;18.985232,0,1400.964015;1403.202074;1400.627467,0,95.62874000000001;106.129094;98.03326399999999,0,64.278603;65.44021699999999;64.68515,,,694.93361;692.890356;673.472426,5.689734127372503;5.805176915600896;5.874949041754007
typescript-microsoft-playwright-add-two-test-cases,634,0,5.606929;5.261144;5.200138,2.627495;2.4745299999999997;2.5056520000000004,1,2.288157;1.981343;1.930812,1,2.1412530000000003;2.100561;2.056937,1,2.037323;1.942067;1.970519,1,2.0493439999999996;2.0309939999999997;1.979588,1,1.924087;2.0251840000000003;1.906006,11,319.11735400000003;319.494007;318.717657,1,52.819013;24.696688;30.396145999999998,1,627.11465;607.951449;582.508061,1,44.977945;44.056894;45.360912000000006,1,11.133023000000001;10.691149000000001;10.829828999999998,,,144.391412;136.432939;138.390653,19.637210061773654;19.31482693180442;19.76308785378933
typescript-microsoft-typescript-add-dot-js-to-import-paths,258,0,2.759021;2.769162;2.529559,1.5821049999999999;1.549533;1.5009329999999999,3,2.143891;1.827183;1.939542,3,2.101076;1.964637;1.8536270000000001,3,1.874749;1.899619;1.978953,3,1.831574;1.8448239999999998;1.868691,3,1.8495300000000001;1.924339;1.87434,3,301.890215;323.94797600000004;334.393244,3,88.09476400000001;38.188604;32.896102000000006,3,447.052188;461.07591199999996;440.29207599999995,3,39.977291;39.414593999999994;40.466058,0,5.729921;5.367755;5.305492,,,72.675799;76.858758;69.888075,3.902398981153965;3.733583027496934;3.771643154323101
typescript-microsoft-typescript-add-es-target,17,0,0.11832699999999999;0.07655;0.068227,0.046643000000000004;0.021422999999999998;0.018931,0,2.141248;1.8057640000000001;1.739246,0,1.945112;1.8075750000000002;1.888135,0,1.800743;1.876649;1.852872,0,1.8176240000000001;1.761493;1.853869,0,1.765804;1.8395110000000001;1.875101,0,311.614863;300.21976;310.738725,0,32.978837;27.023576000000002;28.464368,0,297.244438;311.816133;321.71984599999996,0,34.991304;35.650127;35.184704999999994,1,2.213081;1.9807129999999997;1.877159,,,1.414405;1.170311;1.201281,2.8754370287060738;2.785283140838146;2.7863949071615934
typescript-microsoft-typescript-add-es-target-2,11,0,0.101931;0.05696300000000001;0.045911,0.028025;0.010468;0.009381,0,2.033183;1.683314;1.720931,0,1.938484;1.866282;1.8345589999999998,0,1.714369;1.8250149999999998;1.791349,0,1.8117560000000001;1.8494570000000001;1.677379,0,1.8217299999999998;1.777863;1.804514,0,305.381291;304.761829;302.36571899999996,0,70.72956699999999;25.185409;28.520014,0,294.153128;322.425597;306.302903,0,34.903305;34.74498;35.04385,1,2.329515;1.9777390000000001;1.836377,,,1.384073;0.762685;0.705744,2.657952019944787;2.6102240663021803;2.764160046353936
typescript-microsoft-typescript-add-es-target-3,11,0,0.155609;0.09695300000000001;0.075856,0.110402;0.035775;0.033132,0,1.721087;1.723814;1.770549,0,1.944741;1.973748;1.783211,0,1.733342;1.769806;1.751338,0,1.815185;1.75884;1.82119,0,1.835004;1.794489;1.843675,0,300.664288;299.497756;301.508045,0,63.376324;21.345200000000002;24.033312000000002,0,317.149856;301.98134799999997;301.012562,0,34.782968;34.452627;34.715915,1,2.32005;1.9761779999999998;1.873356,,,1.779123;1.42374;1.387731,2.6635099202394485;2.647243207320571;2.7097859419882298
typescript-microsoft-typescript-add-es-target-4,15,0,0.15096299999999999;0.085565;0.078537,0.053601;0.043514;0.021572,0,1.825075;1.665371;1.736889,0,1.951457;1.91048;1.80502,0,2.0145150000000003;1.884866;1.823353,0,1.818573;1.815999;1.78495,0,1.855022;1.659658;1.820279,0,301.747045;302.314113;302.991591,0,30.442825;25.048654;27.790585,0,288.782575;299.63901500000003;293.574557,0,35.8674;34.236586;34.558994000000006,1,2.336873;1.913696;1.87648,,,1.635142;1.266518;1.281584,2.641469007357955;2.733465051278472;2.614266937598586
typescript-microsoft-typescript-add-es-target-5,5,0,0.089657;0.054481;0.05877,0.032548;0.013143;0.011472,0,2.138642;1.800182;1.763309,0,1.9645959999999998;2.0734350000000004;2.177422,0,2.1085510000000003;1.858275;1.828651,0,1.818697;2.0151399999999997;2.085561,0,1.959162;1.9319840000000001;2.06456,0,303.408045;303.943403;302.471412,0,72.69371199999999;37.711896;39.864039,0,303.156354;285.502522;310.46466,0,35.286683;34.550333;34.147546,0,2.2906649999999997;1.87101;1.851508,,,0.879658;0.834463;0.833011,2.616733079776168;2.672560978680849;2.6418068446218967
typescript-microsoft-typescript-add-es-target-6,17,0,0.19842100000000001;0.210792;0.129281,0.096047;0.046348;0.043565999999999994,0,2.121451;1.9236069999999998;1.6979689999999998,0,1.9806400000000002;1.8965729999999998;1.8499079999999999,0,1.820443;1.829105;1.875316,0,1.820003;1.772705;1.8154899999999998,0,1.8127849999999999;1.8527529999999999;1.817199,0,301.484601;304.992015;301.450181,0,37.036623999999996;25.239069999999998;18.883478,0,344.855286;293.283707;287.664742,0,35.21089;35.64033;34.634627,1,2.411421;2.086013;1.935829,,,2.560501;2.420757;2.413536,2.6367988903075457;2.7261669747531414;2.739510964602232
typescript-microsoft-typescript-add-eslint,15,0,0.195184;0.142538;0.136812,0.071223;0.040983;0.039287,0,1.8083559999999999;1.656734;1.559009,0,1.927479;1.841253;1.813875,0,1.7498340000000001;1.76391;1.798834,0,1.796417;1.826565;1.6988999999999999,0,1.806066;1.837961;1.8296199999999998,0,308.254885;300.593021;300.389701,0,46.937907;18.155336000000002;20.15377,0,280.79691499999996;304.46995799999996;296.35397,0,41.764805;35.731549;34.159940999999996,1,2.345708;2.0443219999999998;1.960268,,,2.662096;2.44759;2.502745,2.8092809952795506;2.648591995239258;2.7041169814765453
typescript-microsoft-typescript-add-lib-comment,38,0,0.389879;0.363856;0.304715,0.215221;0.21754600000000002;0.16181800000000002,1,1.947784;1.820649;1.754985,1,1.957106;1.790364;1.905216,1,1.743203;1.7568329999999999;1.783398,1,1.761793;1.769007;1.933466,1,1.824828;1.901589;1.80857,1,309.86145799999997;302.96421200000003;301.92407399999996,1,38.629538999999994;22.029470999999997;46.684991000000004,0,330.40993299999997;331.595172;322.994218,0,35.208098;34.777035;34.976912,1,2.669065;2.357355;2.252244,,,7.143915;6.900423;7.044424,2.6306789368391037;2.835609018802643;2.6327380910515785
typescript-microsoft-typescript-add-module-and-target-comment,26,0,0.259188;0.263297;0.194668,0.111324;0.066613;0.06367400000000001,0,1.925235;1.607238;1.615889,0,2.100075;1.833919;1.832314,0,1.810501;1.742638;1.814181,0,1.783765;1.838259;1.789147,0,1.801569;1.8021440000000002;1.7846680000000001,0,303.016772;299.98637;314.372075,22,30.610488;38.374591;25.940449,0,292.705872;310.882817;320.051205,0,35.737483;35.351623;35.207491,1,2.429882;2.1231980000000004;2.014448,,,3.923771;3.760183;3.473315,2.72504985332489;2.7094969991594553;2.739157062023878
typescript-microsoft-typescript-add-one-item,8535,0,114.510171;111.69153499999999;111.87575,34.098420000000004;33.365218999999996;33.32197,0,3.200694;2.945601;2.719691,0,3.611096;4.035953;3.853702,0,3.685626;3.4712940000000003;3.5054819999999998,0,3.51905;3.541298;3.478136,0,3.4941579999999997;3.544779;3.535563,0,326.209941;321.27662200000003;314.796779,0,67.76378399999999;32.601856999999995;34.29592,8,3121.431757;3083.992719;3055.024588,0,194.14441;189.090369;201.330815,1,100.613827;101.02771000000001;96.098826,,,2342.835334;2253.74316;2352.456161,27.161264093592763;29.61957408115268;26.406429009512067
typescript-microsoft-typescript-add-one-line,22611,0,465.856008;448.572614;459.667873,90.337249;86.78875300000001;88.47917999999999,0,5.356999;4.838144;4.967901,0,9.204239;9.470158;9.238661,0,9.233901;9.369404;9.604125999999999,0,10.082449;9.865534;9.946999,0,9.267433;9.024219;9.146511,0,377.585657;373.30406700000003;363.87239700000003,0,79.813367;37.811442;38.17668200000001,2,10626.321163;10164.478771;10384.979126999999,0,507.500441;495.83254900000003;494.42483799999997,1,265.906114;261.568498;259.831183,,,9400.236022;8963.795734;9093.539331,49.6346359141171;48.80164097994566;50.15986901707947
typescript-microsoft-typescript-add-strict,7,0,0.17787799999999998;0.12464;0.11780700000000001,0.086529;0.051699999999999996;0.04797,0,2.028296;1.735798;1.810017,0,1.9497259999999998;1.7610029999999999;1.792042,0,1.778232;2.21001;1.822924,0,1.8426740000000001;1.831241;1.818364,0,1.745479;1.7600230000000001;1.81629,0,317.9323;309.18201;302.39547,0,40.534893000000004;21.027775;17.993515000000002,0,296.8854;283.70740500000005;291.083725,0,35.037051999999996;34.942218999999994;34.630072999999996,0,2.3568700000000002;2.003421;1.938238,,,2.780324;2.689091;2.723974,3.159190993756056;3.1780898571014404;3.099136054515838
typescript-microsoft-typescript-add-strict-2,15,0,0.429464;0.352731;0.364442,0.202403;0.204592;0.141073,0,2.038275;1.71193;1.675985,0,1.960798;1.8766360000000002;1.8441939999999999,0,1.8010789999999999;1.735983;1.858602,0,1.774366;1.8614899999999999;1.791494,0,1.7071619999999998;1.91215;1.758173,0,311.659287;303.631499;298.363108,0,67.89905;50.005050000000004;39.957775,0,322.22339900000003;310.03823400000005;307.03054299999997,0,35.51235;35.000705;35.420500000000004,0,2.578656;2.312923;2.145282,,,7.610543;7.460539;7.432449,2.870328025892377;2.72530410438776;2.919356105849147
typescript-microsoft-typescript-add-strict-false,9,0,0.08883200000000001;0.053193;0.046662999999999996,0.031652;0.012282999999999999;0.01047,0,1.98474;1.719714;1.7493969999999999,0,1.9997080000000003;1.747201;1.817449,0,1.790389;1.7990529999999998;1.7123030000000001,0,1.8008950000000001;1.881114;1.75199,0,1.817265;1.684893;1.794941,0,303.124803;302.03542300000004;299.53375700000004,0,77.601585;18.591777;19.626182,0,283.809377;292.577839;282.584684,0,34.216460999999995;35.580699;35.183497,1,2.259042;1.94921;1.8180589999999999,,,1.000883;0.740788;0.762783,2.6336791925132275;2.634340897202492;2.6998529210686684
typescript-microsoft-typescript-add-target,55,0,0.38290399999999997;0.36748899999999995;0.31572,0.542016;0.413385;0.438234,0,1.8851440000000002;1.780675;1.608813,0,2.051768;1.8418709999999998;1.786679,0,1.831324;1.7469009999999998;1.762795,0,1.8111780000000002;1.797077;1.770238,0,1.79225;1.769687;1.8149469999999999,0,301.487057;302.442288;298.24899,0,43.536041999999995;24.712199000000002;18.406762,0,297.211539;348.565388;322.28565999999995,0,35.677143;35.904051;34.958075,1,2.789553;2.550938;2.404724,,,8.032216;6.985308;7.041143,2.8854990378022194;2.7343619149178267;2.6920160744339228
typescript-microsoft-typescript-add-target-2,47,0,0.5191520000000001;0.384323;0.380773,0.22666399999999998;0.165888;0.178842,0,1.8840459999999999;1.639862;1.852477,0,1.962766;1.87441;1.884929,0,1.8107380000000002;1.814672;1.804567,0,1.812951;1.665697;1.802626,0,1.795966;1.8529849999999999;1.793467,0,301.474124;300.274062;303.721033,0,31.672067999999996;18.783248;33.281874,0,329.133279;308.306209;309.611686,0,35.161662;35.057244000000004;34.811461,1,2.750853;2.385132;2.5244,,,8.425697;7.880908;7.969279,2.662006998434663;2.7617020532488823;2.8149960562586784
typescript-microsoft-typescript-add-target-3,25,0,0.13450800000000002;0.093619;0.110918,0.05273;0.025168999999999997;0.023046,0,2.073743;1.838118;1.730978,0,2.055636;2.101027;1.9851249999999998,0,1.799672;1.770508;1.848895,0,1.9795120000000002;2.083682;2.014869,0,2.083386;1.938956;2.07482,0,316.335801;301.64384900000005;314.836466,2,61.824014;23.084724;58.601926999999996,0,297.638685;312.994177;305.485462,2,34.663976999999996;34.914372;34.777074999999996,2,2.456687;1.9958810000000002;1.899324,,,1.40349;1.334679;1.724728,2.9225631151348352;2.848649863153696;2.8747159522026777
typescript-microsoft-typescript-add-target-4,161,0,1.385076;1.133004;1.132493,0.577132;0.493213;0.528513,0,2.0907679999999997;1.752323;1.720569,0,1.92132;1.8267769999999999;1.8178079999999999,0,1.839374;2.035632;1.888235,0,1.7981880000000001;1.789641;1.859888,0,1.846981;1.818014;1.9703350000000002,0,308.352786;310.94178999999997;303.953675,0,21.751822;40.581235;28.692642,0,375.877547;374.01347200000004;398.712831,0,36.586833999999996;36.211242999999996;36.406965,1,3.5568150000000003;3.2565839999999997;3.134759,,,29.16358;30.33117;29.348964,3.098460147157311;2.9372430872172117;2.9091578908264637
typescript-microsoft-typescript-add-target-comment,71,0,0.889567;0.7474;0.734357,0.37030399999999997;0.31166800000000006;0.34409,0,1.9909350000000001;1.682489;1.834938,0,1.9629299999999998;1.9059490000000001;1.882028,0,1.762219;1.829621;1.8368950000000002,0,1.9666620000000001;1.790664;1.796604,0,1.789936;1.845236;1.846677,0,319.026625;307.853278;312.65427,2,45.789629999999995;21.492755;26.470582999999998,0,361.563242;331.472104;352.122173,2,35.957281;35.910652;34.929472000000004,1,3.3089259999999996;2.997062;2.9774760000000002,,,16.265577;16.03255;16.638697,3.2313831616193056;2.986151957884431;2.9810399282723665
typescript-microsoft-typescript-add-target-comment-2,35,0,0.24684099999999998;0.24519;0.21726499999999999,0.11818000000000001;0.07314300000000001;0.078288,0,1.8966429999999999;1.678092;1.791766,0,2.004858;1.8687479999999999;1.971557,0,1.887985;1.808387;1.752961,0,1.843768;1.7817180000000001;1.824289,0,1.8180189999999998;1.7533480000000001;1.8128650000000002,0,301.89916500000004;304.226372;302.03573,0,41.500776;21.917711;20.409335000000002,0,308.495809;365.980186;314.153085,0,34.733065;35.092195;34.618423,1,2.563619;2.135722;2.091883,,,3.677778;3.5279;3.594005,2.997464034706354;2.6692019309848547;2.867643954232335
typescript-microsoft-typescript-comment-change,22,0,0.169479;0.121865;0.11690500000000001,0.13332;0.090953;0.089424,1,2.0357790000000002;1.740802;1.7290940000000001,1,2.244665;1.923273;1.896877,1,1.878354;1.728573;1.801076,1,2.004446;1.851704;1.75876,1,1.780604;1.737155;1.805569,1,301.76312;305.030479;305.333934,1,53.392495;18.978578;20.5154,1,280.01217299999996;328.93831;299.06363600000003,1,35.638456999999995;36.941038;35.32882,0,2.441791;2.174942;2.094116,,,2.592469;2.539412;2.541936,3.031983971595764;2.769605955109;2.9584020376205444
typescript-microsoft-typescript-expand-target,28,0,0.290243;0.182611;0.167243,0.07652300000000001;0.041885;0.037991,1,1.904361;1.610351;1.656149,1,1.96831;1.880268;1.827325,1,1.869577;1.8950449999999999;1.7755519999999998,1,1.90806;1.781067;1.8545289999999999,1,1.900002;1.831979;1.9724220000000001,1,313.53960400000005;303.320875;318.980321,1,54.854238;27.003519;24.819851,1,290.45180700000003;303.40905499999997;288.13633799999997,1,34.369396;34.18746;35.23863,0,2.309137;1.95796;1.945249,,,2.219112;2.106278;2.274738,3.217376070097089;2.8231909964233637;2.712649991735816
typescript-microsoft-typescript-expand-target-2,38,0,0.22884000000000002;0.183487;0.177703,0.212318;0.077873;0.074887,1,1.881284;1.725961;1.753697,1,1.899314;1.798237;1.8473039999999998,1,1.7985950000000002;1.852943;1.816831,1,1.766843;1.815408;1.825543,1,1.8235549999999998;1.818973;1.7284430000000002,1,302.556811;302.858118;301.80712900000003,1,66.068055;30.028271;25.107884000000002,1,312.04130499999997;292.98073400000004;335.754939,1,34.944210000000005;35.121166;36.244606,0,2.954631;3.1489019999999996;2.246263,,,4.109377;6.039212;4.007094,3.1460330355912447;2.7582210022956133;2.881293883547187
typescript-microsoft-typescript-expand-target-3,30,0,0.179806;0.140349;0.106823,0.072356;0.038929;0.036114,1,2.175524;1.7490649999999999;1.78084,1,2.001378;2.040109;2.074088,1,1.978163;1.935138;1.918535,1,2.292696;2.07789;2.138709,1,2.0190669999999997;2.019771;2.047295,1,313.926663;299.922706;300.978856,1,68.524003;19.602386;17.31798,1,291.035576;314.81114199999996;296.924765,1,34.757290000000005;36.721509;36.971274,0,2.391101;1.997449;1.911469,,,2.361375;3.532473;2.210041,2.9797048773616552;2.7811999898403883;2.8218459337949753
typescript-microsoft-typescript-extend-target-comment,22,0,0.22130000000000002;0.104905;0.09851700000000001,0.07350000000000001;0.041405;0.043587,1,1.841715;1.6912209999999999;1.844936,1,1.910817;1.8218990000000002;1.780919,1,1.685238;1.793963;1.742248,1,1.811635;1.888224;1.721336,1,1.796916;1.7273029999999998;1.934298,1,306.53072199999997;303.546714;298.906017,1,45.170855;28.268638;29.113841,1,289.990891;301.573711;315.75050799999997,1,34.714328;34.657509000000005;34.587108,0,2.4306039999999998;2.056094;2.0119399999999996,,,2.527237;2.51872;2.5617,2.8587039560079575;2.762136049568653;2.747016027569771
typescript-n8n-io-n8n-remove-and-add-imports,228,0,2.0943340000000004;1.7769979999999999;1.76464,0.9735800000000001;0.8687509999999999;0.936177,2,2.236997;1.764349;1.6284100000000001,2,1.979551;1.874956;1.8965340000000002,2,1.82998;1.8164559999999998;1.7957450000000001,2,1.839663;1.790371;1.822778,2,1.9520790000000001;1.714878;1.840249,2,299.613213;315.835274;304.346012,2,22.659059;27.604362000000002;20.931614,3,400.260407;391.731384;399.38834299999996,3,37.760332;38.120461;39.418178,4,4.707386;4.39805;4.215322,,,40.511661;39.580703;39.267796,3.576012095436454;3.900736104696989;3.649557940661907
typescript-th-ch-youtube-music-add-a-function-and-some-small-changes,1740,0,33.843323;33.242317;32.950465,6.798221;6.500691999999999;6.696147,1,2.30583;1.965593;1.879378,1,2.205149;2.177713;2.005577,1,2.054569;2.1471009999999997;2.069154,1,2.0262320000000003;2.0856719999999997;2.073852,1,2.114484;2.032795;2.081386,1,315.18111999999996;314.36820900000004;315.10431100000005,1,62.803391;22.938733;24.648692999999998,6,860.228871;854.022964;945.4430550000001,4,63.338930000000005;65.92806900000001;62.709087999999994,6,20.286955;19.959185;19.960206,,,366.414135;356.924565;361.533167,15.921630896627905;17.85554294474423;15.456228982657194
typescript-typescript-add-target-comment,21,0,0.397551;0.32661700000000005;0.315867,0.174491;0.181066;0.120424,0,2.0657509999999997;1.8303550000000002;1.6150890000000002,0,1.9664359999999999;1.823693;1.786249,0,1.778689;1.730195;1.796287,0,1.7586979999999999;1.819474;1.92056,0,1.8796799999999998;1.770788;1.8467,0,303.02581899999996;301.74814100000003;300.417841,0,39.814935000000006;18.280578;21.140394,0,332.546393;294.925076;328.508165,0,35.512654999999995;35.952329999999996;35.820272,1,2.691388;2.2079769999999996;2.146306,,,6.741984;6.662774;12.562351,2.9880839865654707;2.901510102674365;2.9368000105023384
typescript-typescript-add-target-comment-2,23,0,3.176477;3.101793;2.98142,0.17018;0.17168699999999998;0.10683400000000001,0,1.873888;1.758961;1.626028,0,1.932638;1.816007;1.8201420000000001,0,1.800433;1.712737;1.771588,0,1.75464;1.8069979999999999;1.729807,0,1.8384779999999998;1.784281;1.8057660000000002,0,315.13836299999997;300.36137;299.903955,0,62.597174;24.736885;24.830291000000003,0,299.302774;329.588575;296.223401,0,35.093682;35.321063;36.125052999999994,1,2.516498;2.2019689999999996;2.268041,,,4.990933;4.814192;5.515979,2.7421771083027124;2.659040968865156;2.6688259094953537
typescript-typescript-add-target-comment-3,25,0,0.161604;0.10051;0.093481,0.09584500000000001;0.027208;0.025432,0,1.889541;1.8134810000000001;1.734071,0,1.933075;1.829896;1.710631,0,1.903027;1.757572;1.814714,0,1.759989;1.7487430000000002;1.767645,0,1.78933;1.85916;1.728426,0,299.501053;303.730463;304.72620500000005,0,40.401261;33.761308;27.454909,0,288.899983;298.97312900000003;302.25720099999995,0,34.484441;35.639951;34.91913,1,2.336458;1.9940959999999999;1.83169,,,1.770998;1.687277;1.896161,2.7594619896262884;2.714051166549325;3.0293508898466825
typescript-vercel-next-whitespace-only,3999,0,21.099513;21.289552999999998;21.884282000000002,11.321276999999998;11.080024;10.440347,1,2.658083;2.195258;2.290369,1,3.060212;2.9362860000000004;2.917891,1,2.850119;2.906209;2.8650659999999997,1,3.088922;3.071013;3.297507,1,3.018793;2.975881;2.854628,1,310.783708;305.06939300000005;330.437577,1,39.131240999999996;21.704957;22.150679999999998,0,1084.040886;1037.41033;1055.932392,0,74.20360600000001;74.73363099999999;75.73299399999999,0,35.519585;35.928494;34.689394,,,522.474387;503.455912;526.742206,8.793358923867345;8.01607291214168;8.341707056388259
vimscript-chikamichi-mediawiki-remove-3-lines,375,0,11.293217;11.242595;10.593295000000001,1.7918239999999999;1.775553;1.815397,0,2.053204;1.908698;1.7921449999999999,0,2.149427;1.949378;2.2825480000000002,0,2.025605;1.935391;2.000029,0,2.073372;1.9885490000000001;1.894999,0,1.873435;1.896018;2.010228,0,349.555781;312.67536;330.840931,0,38.025470999999996;27.201812999999998;27.526373,,,,,,,,,,3.2245719339698553;3.207714995369315;3.107433207333088
vimscript-fedorenchik-qt-support-add-two-lines,2808,0,18.221434000000002;17.008075;16.207894,9.411147;9.872466;9.01832,0,2.419091;2.009033;2.067903,0,3.021374;3.0723730000000002;3.1664649999999996,0,3.088045;3.1468;3.012678,0,3.72443;3.2958060000000002;3.019024,0,2.731053;2.624052;2.6633199999999997,2,321.185165;309.513457;311.404095,0,50.308189000000006;32.420263;26.331818,,,,,,,,,,9.232847951352596;9.253266034647822;9.21417586505413
vimscript-idanarye-vim-merginal-add-one-call,519,0,4.367483;4.1748389999999995;4.099944000000001,2.381319;2.353134;2.4757940000000005,0,2.065607;1.9562160000000002;1.7545110000000002,0,2.054302;1.9799969999999998;1.94015,0,1.9586999999999999;1.8987859999999999;2.046342,0,1.9279430000000002;1.9794280000000002;1.9921520000000001,0,1.958915;1.928698;1.871218,0,304.045887;312.211985;403.814257,0,95.848978;22.442866;26.432449000000002,,,,,,,,,,4.148551961407065;4.036631900817156;4.034477984532714
vimscript-jreybert-vimagit-move-one-line,772,0,5.48024;5.395808000000001;4.697008,2.6183680000000003;4.475057;4.51343,0,2.1824209999999997;1.9310740000000002;1.9313939999999998,0,2.281107;2.416466;2.0366579999999996,0,2.33478;2.106278;2.047929,0,2.398602;2.122955;2.0655349999999997,0,2.08009;1.955419;2.035428,0,335.40942;311.509176;305.340993,0,61.796391;25.22908;31.739886000000002,,,,,,,,,,4.040164174512029;3.952431958168745;3.988253185525537
vimscript-junegunn-fzf-condition-canges,2208,0,20.552491999999997;21.36403;20.484825,9.389066;8.977205000000001;8.93463,0,2.260745;1.997199;1.88608,0,2.4712169999999998;2.248081;2.195973,0,2.180514;2.137266;2.262397,0,2.243741;2.205785;2.176635,0,2.182704;2.241571;2.1907010000000002,0,306.484922;307.76180899999997;308.58421200000004,0,45.117283;102.305437;19.758606,,,,,,,,,,6.4787941519171;6.3616440165787935;6.319158943369985
vimscript-m-pilia-vim-mediawiki-add-a-new-functon,236,0,1.8201090000000002;1.5761370000000001;1.600787,0.9548469999999999;0.922436;0.899398,1,2.18095;1.70136;1.733315,1,2.026872;1.925563;1.917563,1,1.924224;1.8519269999999999;1.822647,1,1.936611;1.7946959999999998;1.875375,1,1.851931;1.895927;1.882341,1,304.035757;301.86371499999996;303.823739,1,44.498695;19.345671;20.131929,,,,,,,,,,3.5086788702756166;3.655739827081561;3.505363129079342
vimscript-neovim-neovim-add-a-few-lines,104,0,0.7230179999999999;0.61253;0.606475,0.43178800000000006;0.29622499999999996;0.327108,1,2.0488720000000002;1.740427;1.815078,1,1.941788;1.8023449999999999;1.784829,1,1.832832;1.836781;1.822331,1,1.889358;1.831174;1.768943,1,1.782661;1.810389;1.8224470000000002,1,303.918424;302.577224;316.085995,1,52.181084000000006;22.787839;24.850394,,,,,,,,,,3.168093040585518;3.1579190399497747;3.221288090571761
vimscript-neovim-neovim-add-a-few-lines-one-after-the-other,580,0,2.948366;2.874096;2.7150659999999998,1.994326;1.891327;1.882175,1,2.08467;1.783066;1.872258,1,2.1548040000000004;1.945973;2.067377,1,1.977869;2.033917;1.9263240000000001,1,1.9961060000000002;2.00189;1.946417,1,1.9993900000000002;1.92673;1.92927,3,307.42783299999996;302.840863;309.09610799999996,1,41.449797;19.194744;20.334643,,,,,,,,,,5.889108870178461;5.91439800336957;6.0256661381572485
vimscript-neovim-neovim-add-line-comment,3466,0,33.39876;31.698354999999996;31.015977,18.469209999999997;17.626875;17.840184999999998,1,2.4096130000000002;1.9862840000000002;2.0188889999999997,1,2.483576;2.352847;2.305663,1,2.406288;2.425787;2.4234959999999997,1,2.359034;2.3330859999999998;2.361154,1,2.350893;2.2992440000000003;2.410668,1,307.713029;310.151758;308.72276500000004,1,128.196667;24.407977000000002;25.582134,,,,,,,,,,8.149814791977406;8.176099043339491;8.256145985797048
vimscript-neovim-neovim-add-one-dict-entry,6697,0,111.923839;104.188286;118.58977399999999,20.827818;20.728206999999998;21.065071,0,2.730785;2.742103;2.429187,0,3.3473550000000003;3.4265709999999996;3.263986,0,3.2441;3.253736;3.227729,0,3.2473810000000003;3.3423089999999998;3.207142,0,3.332568;3.211952;3.196634,0,317.007921;317.78653;314.573963,0,41.285697000000006;26.245578;28.97647,,,,,,,,,,14.430093811824918;14.40964313223958;14.165709959343076
vimscript-neovim-neovim-add-one-dict-item,6695,0,142.931804;140.564861;142.690989,22.509912999999997;20.594464;21.256951,0,2.897887;2.525119;2.5563550000000004,0,3.281987;3.013824;2.975368,0,3.0019030000000004;2.878123;2.972306,0,2.96877;2.994319;3.067797,0,2.938567;2.944194;2.837072,0,313.971275;322.036143;313.22441699999996,0,32.940374;25.363465;25.772087,,,,,,,,,,14.19687015004456;14.89642821252346;13.985543977469206
vimscript-neovim-neovim-add-one-line-to-dict,6547,0,132.480825;135.976018;133.255988,20.801445;20.633879;20.119138,0,2.893274;2.456385;2.347263,0,3.096945;2.938504;2.892163,0,3.0033109999999996;2.883577;2.9721420000000003,0,3.0131870000000003;2.958881;2.87293,0,2.9182919999999997;3.027763;2.963654,0,314.968079;313.076221;316.397899,0,76.003814;24.540201;21.91721,,,,,,,,,,13.535455102100968;14.239581767469645;13.55811906978488
vimscript-neovim-neovim-add-one-line-to-test,2161,0,20.775975;19.943406;18.240408,15.005059;15.663995;15.11866,0,2.4473350000000003;1.8921949999999998;1.819779,0,2.362158;2.375767;2.297891,0,2.281811;2.203322;2.330588,0,2.3191879999999996;2.260231;2.33607,0,2.194514;2.2718220000000002;2.217966,0,306.544329;308.46605500000004;304.791524,0,41.836689;21.508243;100.618685,,,,,,,,,,6.114330841228366;7.206476060673595;6.219587055966258
vimscript-neovim-neovim-add-test-case-plus-edit-existing-one,12670,0,122.503824;117.057045;117.310323,59.730878;59.938278;62.794824,3,3.678567;3.363909;3.4419440000000003,1,5.449038;5.1694510000000005;5.3226,1,5.1132740000000005;5.130639;5.187662,1,5.7368619999999995;5.558846999999999;5.685812,1,5.192099000000001;5.359367000000001;5.2592419999999995,12,1306.7040379999999;1290.976922;1285.202016,1,54.387377;31.049006000000002;28.716036,,,,,,,,,,956.1402520630508;982.8710199799388;977.7474959846586
vimscript-neovim-neovim-add-two-functions-and-modify-a-few-lines,1620,0,26.682397;25.450837;25.162997999999998,8.691634;6.173221999999999;5.936535,2,2.40463;2.255709;2.10775,2,2.442969;2.3901339999999998;2.2894069999999997,2,2.342964;2.3876;2.3551539999999997,2,2.412705;2.321739;2.305729,2,2.270136;2.306514;2.25102,5,355.43375199999997;349.240357;354.394541,2,75.11886399999999;23.514661999999998;23.081011,,,,,,,,,,43.47599693574011;44.20210001990199;44.49166590347886
vimscript-neovim-neovim-comment-only-insert,46,0,0.231311;0.185392;0.180823,0.165555;0.120537;0.11793300000000001,0,1.97693;1.659474;1.814493,0,1.994414;1.869961;1.814665,0,1.806935;1.9079469999999998;1.785212,0,1.803733;1.748537;1.856468,0,1.8591460000000002;1.752973;1.805765,0,309.48398199999997;323.090678;306.030445,0,31.078943000000002;19.672939;41.433571,,,,,,,,,,3.3504758030176163;3.3719169441610575;3.385890042409301
vimscript-neovim-neovim-date-update-plus-bugfix,52,0,0.301815;0.259492;0.25684,0.205451;0.1531;0.243714,1,1.937629;1.792306;1.8181370000000001,1,2.090195;1.8459699999999999;1.829345,1,1.818518;1.781929;1.869418,1,1.8174109999999999;1.8900290000000002;1.833999,1,1.995275;1.891372;1.792025,1,309.81467200000003;301.65575900000005;306.503625,1,50.603275000000004;32.116759;32.508644000000004,,,,,,,,,,2.995438873767853;3.0624589417129755;2.9875109903514385
vimscript-neovim-neovim-expand-author-comment,22,0,0.093151;0.09952499999999999;0.061171,0.095223;0.057538000000000006;0.054176,0,1.921783;1.756491;1.713512,0,1.947563;1.825083;1.807021,0,1.763766;1.836958;1.820263,0,1.82951;1.826476;1.738395,0,1.804389;2.027668;1.874326,0,298.816801;302.523372;302.577317,0,74.710082;33.677001999999995;20.504412,,,,,,,,,,2.639085054397583;2.7667409740388393;2.7018890250474215
vimscript-neovim-neovim-i-have-no-idea-what-this-diff-does,1085,0,78.625017;81.139916;82.389739,6.587896;7.166749;6.2655080000000005,2,2.391624;1.970006;1.947441,2,2.221989;2.238439;2.590766,2,2.275011;2.226567;2.104491,2,2.132928;2.187609;2.12248,2,2.152884;2.116831;2.109727,2,308.81501000000003;311.36958799999996;306.139294,2,48.609143;23.785032;28.089158,,,,,,,,,,6.982743972912431;7.012508111074567;7.018964970484376
vimscript-neovim-neovim-improved-asserts,786,0,26.106961000000002;25.206502;25.177817,2.877466;2.834933;2.81133,1,2.28472;2.0871739999999996;1.856657,1,2.139097;2.079278;2.042331,1,2.054767;1.997858;2.016851,1,1.958951;1.9861449999999998;1.9773059999999998,1,2.015359;1.9800600000000002;1.9187150000000002,1,307.23873299999997;303.65487;308.188067,1,44.532272;20.041422;22.543995000000002,,,,,,,,,,6.922499043866992;7.060323841869831;6.96586212143302
vimscript-neovim-neovim-insert-only,51,0,2.131137;2.029116;2.028275,0.191935;0.13104500000000002;0.12962,0,2.187611;1.7032340000000001;1.788723,0,1.910904;1.826798;1.880924,0,1.776323;1.8784830000000001;1.85514,0,1.827467;1.8074350000000001;1.8141850000000002,0,1.822616;1.779566;1.75246,0,307.157017;302.373652;301.448922,0,33.359285;39.441483999999996;24.930104,,,,,,,,,,2.9818681068718433;2.997196977958083;3.0318370554596186
vimscript-neovim-neovim-insert-only-3,44,0,1.6981870000000001;1.361027;1.394348,0.237184;0.112122;0.108315,0,2.098165;1.598296;1.786527,0,1.969565;1.825254;1.8604889999999998,0,1.7835509999999999;1.7856969999999999;1.872164,0,1.773377;1.84854;1.8000749999999999,0,1.9439170000000001;1.817118;1.9845750000000002,0,302.94901600000003;303.610922;304.12317,0,71.79118399999999;21.837961;29.489563999999998,,,,,,,,,,3.138351021334529;2.9722850304096937;2.9770629480481148
vimscript-neovim-neovim-only-delete,57,0,5.607395;5.2823519999999995;5.26082,0.250236;0.173765;0.17139700000000002,1,1.8988779999999998;1.7600719999999999;1.790586,1,2.069214;1.859251;1.800795,1,1.7850629999999998;1.8878359999999998;1.856971,1,1.814248;1.805774;1.784842,1,1.76075;1.828171;1.8931,1,304.81606500000004;301.43323399999997;301.95739199999997,1,50.885861999999996;19.495907;19.63289,,,,,,,,,,2.781169954687357;2.822865964844823;2.84053897485137
vimscript-neovim-neovim-small-change,49,0,1.598859;1.4783730000000002;1.480135,0.16429899999999997;0.12866;0.144546,1,1.9961570000000002;1.8289490000000002;1.575777,1,2.0912119999999996;1.8326060000000002;1.782447,1,1.856219;1.8387580000000001;1.718406,1,1.984867;1.8105930000000001;1.88036,1,1.871543;2.1307169999999998;1.9119329999999999,1,303.43278899999996;303.658611;306.737108,1,44.4181;18.069651999999998;18.992904000000003,,,,,,,,,,3.0047730542719364;3.1018119771033525;2.9894879553467035
vimscript-neovim-neovim-small-change-2,33,0,1.074074;0.8762369999999999;0.867717,0.166984;0.12599;0.124505,1,1.822258;1.526032;1.759495,1,2.466004;1.903448;1.770475,1,1.737014;1.9047230000000002;1.7389739999999998,1,1.869819;1.9305800000000002;1.8688209999999998,1,1.848969;1.8770289999999998;1.921153,1,302.431853;303.140641;310.46938800000004,1,27.022309;39.391652;25.574507999999998,,,,,,,,,,2.94311111792922;2.905422123149038;3.0075241811573505
vimscript-preservim-tagbar-add-if-statements,8251,0,62.391614;62.362912;61.275942,29.220703;28.533327;29.475329,0,3.1550979999999997;2.8508549999999997;2.7243570000000004,0,5.673806;4.1469819999999995;3.943866,0,3.928749;3.9243050000000004;4.17961,0,4.327207;4.2486939999999995;4.578978,0,4.029879;3.929251;3.9270570000000005,2,368.818662;372.849154;368.181282,0,69.178851;50.063803;27.207905,,,,,,,,,,57.87652009166777;58.803643099963665;59.1752240434289
vimscript-protesilaos-tempus-themes-vim-add-terminal-color-scheme,463,0,12.151844;11.898359000000001;11.666426000000001,6.036854;5.824582;6.016112,2,2.148725;1.7559520000000002;1.922406,2,2.0722129999999996;1.985367;1.9881450000000003,2,2.006624;2.167362;1.9494969999999998,2,1.958004;1.914333;2.033361,2,1.937453;2.033883;1.927133,2,311.975556;312.030664;319.57448500000004,2,36.692831000000005;25.144128000000002;21.714509,,,,,,,,,,12.79372302815318;12.658972991630437;12.596691027283669
vimscript-protesilaos-tempus-themes-vim-change-two-values,398,0,4.1305760000000005;3.969375;3.808863,5.885934;5.77222;5.805639,0,2.109387;1.7842500000000001;1.73277,0,2.0636729999999996;1.979041;1.924215,0,1.908114;1.909505;1.876269,0,1.83613;1.8597299999999999;1.907829,0,1.881361;1.942859;1.9362540000000001,0,305.701212;303.409475;309.809913,0,29.385722;24.769947000000002;57.945531,,,,,,,,,,3.668042132630944;3.5513269249349833;3.642327850684523
xml-adoptopenjdk-icedtea-web-update-version-string,460,0,2.83597;2.642796;2.6460820000000003,1.796065;1.727065;1.902272,0,2.216325;1.856296;1.827334,0,2.084243;1.978877;1.8314970000000002,0,1.972441;1.856348;1.881065,0,1.931388;1.869418;1.9895820000000002,0,1.94969;1.932594;1.99005,0,302.801998;303.929674;302.88626899999997,0,52.276706;32.417737;29.716745,0,387.402008;304.522297;316.900921,0,15.152047999999999;14.666540000000001;14.527069000000001,,,,,51.494247;53.298603;57.592465,3.5706779453903437;3.4804828464984894;3.4832169767469168
xml-antlr-antlr3-comment-out-part-of-code-interesting-case,101,0,0.910772;0.8085990000000001;0.8129329999999999,0.46919099999999997;0.321006;0.320613,14,2.030071;1.8435089999999998;1.856147,14,2.029566;1.8422530000000001;1.709188,14,1.843828;1.818511;1.859172,14,1.793332;1.963424;1.9293500000000001,14,1.766232;1.833889;1.810293,14,303.760128;328.203677;316.11994100000004,14,36.324321;18.957193;19.208350999999997,12,286.44671900000003;269.473126;277.451644,3,9.649849;9.387509;10.115986000000001,,,,,2.346113;2.327298;2.347195,3.070214996114373;3.0334219336509705;2.88091110996902
xml-eclipse-ee4j-jaxb-istack-commons-update-version-string,100,0,0.666383;0.571831;0.507575,0.386366;0.35608799999999996;0.34137399999999996,1,2.016187;1.799048;1.754289,1,2.015799;1.743778;1.993192,1,1.74183;1.857968;1.880857,1,2.042027;1.898362;1.875732,1,1.798428;1.774003;1.803422,1,316.56705800000003;316.258579;340.430548,1,44.651644999999995;21.192122;26.830658,1,281.89921200000003;294.453109;280.22058100000004,1,9.658747;9.445497000000001;24.800978,,,,,2.417189;2.095323;3.433712,2.888413844630122;2.9579009860754013;2.938944846391678
xml-fasterxml-jackson-dataformat-xml-only-string-value-change,340,0,2.126747;1.811803;1.850571,1.041093;1.0504249999999997;1.100934,0,2.163167;1.895482;1.861574,0,2.07603;1.9578090000000001;1.844887,0,1.9527999999999999;1.837529;1.835894,0,1.961782;1.9059540000000001;1.896766,0,2.0877090000000003;1.9430560000000001;1.873476,0,320.162925;326.01644400000004;329.146936,0,188.885281;26.314739;18.818185,0,309.959723;324.36918799999995;313.46682,0,13.182446;13.230237;12.791419999999999,,,,,6.737583;6.727793;6.001975,3.792754141613841;3.837452968582511;3.8028249982744455
xml-genymobile-scrcpy-remove-package-attribute,6,0,0.192832;0.10827600000000001;0.085992,0.038584;0.019617000000000002;0.017828999999999998,1,1.990292;1.673838;1.679852,1,1.9954920000000003;1.900446;1.802119,1,1.8582379999999998;3.475037;1.755274,1,1.919429;1.855542;1.7021,1,1.892571;4.676349;1.899563,1,307.83789900000005;312.348372;329.998913,1,34.734526;44.103348000000004;21.435327,,,1,8.742372;8.357541;8.412489,,,,,,2.9793819412589073;2.695893170312047;2.906687092036009
xml-godotengine-godot-update-element-value,1139,0,11.378377;10.477379;10.817988,6.5637810000000005;6.3116319999999995;6.436191,1,2.347059;2.01551;1.970238,1,2.320683;2.2786769999999996;2.20588,1,2.210466;2.174357;2.26086,1,2.3380699999999996;2.181111;2.189274,1,2.181848;2.140298;2.195171,1,308.640606;303.44816000000003;305.890335,1,65.033956;44.76376;25.986478,5,340.87523699999997;360.657034;406.91916200000003,3,28.847378;28.356212;28.69866,,,,,15.442416;15.413724;14.575709,5.4143317975103855;5.277325864881277;5.241373088210821
xml-gpuopen-drivers-amdvlk-version-update,30,0,0.533444;0.477837;0.48297999999999996,0.606276;0.495444;0.545571,0,2.119714;1.728859;1.758305,0,1.959687;1.862927;1.828718,0,1.8002070000000001;1.863721;1.783279,0,1.796479;1.8405749999999999;1.8974739999999999,0,1.81457;1.7541449999999998;1.7937260000000002,0,303.720763;304.792022;300.10071,0,65.7981;21.773911;34.378688,0,260.305997;300.644783;257.996403,0,10.329813999999999;9.867199;9.938878,,,,,1.054738;1.003081;0.929635,3.179732942953706;3.18919587880373;3.1149040441960096
xml-javacc-javacc-version-update,1676,0,16.327317;15.822017;16.011872999999998,10.777158;10.257335999999999;10.365413,0,2.342056;1.9310390000000002;1.829262,0,2.312013;2.183506;2.232306,0,2.159799;2.224948;2.211269,0,2.295216;2.157207;2.1291819999999997,0,2.145811;2.10153;2.080083,0,305.64879299999996;310.305737;312.817321,0,63.973538;73.649748;42.326621,0,386.99388899999997;413.290173;361.131067,0,39.393759;39.562562;39.044795,,,,,14.558826;15.175934;13.990956,6.634867982938886;6.759764160960913;6.469564978033304
xml-jellyfin-jellyfin-update-attribute-values,14,0,0.201017;0.212447;0.154948,0.12816;0.093112;0.16244599999999998,0,2.0623159999999996;1.646224;1.9643270000000002,0,2.017633;1.866349;1.826149,0,1.869675;1.8185090000000002;1.7926549999999999,0,1.771615;1.803192;1.7911249999999999,0,1.841772;1.940925;1.7038000000000002,0,307.539919;304.385736;300.69048799999996,0,71.801339;31.83499;35.801608,0,256.004415;275.206068;275.800975,0,9.036788;8.581111;8.814950999999999,,,,,0.610554;0.609827;0.632125,2.801361959427595;2.897254889830947;2.8493530116975307
xml-libreoffice-unicode,16,0,0.28818900000000003;0.20791700000000002;0.18248099999999998,0.186737;0.152616;0.149089,0,2.16691;1.909796;1.7794079999999999,0,1.968582;1.777079;1.777299,0,1.807322;1.867783;1.821837,0,1.882157;1.762616;1.859997,0,1.777026;1.8125529999999999;1.781919,0,299.728967;301.238912;303.83086599999996,0,31.282117999999997;19.336526;27.509377,,,0,8.889939;8.717751;8.764152000000001,,,,,,3.0624771025031805;2.8019999153912067;2.818227047100663
xml-lincity-ng-lincity-ng-whitespace-only-change,34,0,0.49175300000000005;0.474336;0.40197099999999997,0.24485599999999996;0.20732;0.22953600000000002,2,1.9256760000000002;1.771797;1.753052,2,1.8918949999999999;1.7745739999999999;1.797936,2,1.781285;1.799089;1.717924,2,1.828767;1.798405;1.830272,2,1.791982;1.782714;1.761547,2,301.590205;302.630388;312.170646,0,35.295914999999994;25.808815999999997;35.903475,0,260.677817;283.30602799999997;259.679761,0,9.280343;8.974782000000001;8.930161,,,,,0.923458;0.891729;0.860614,2.8462139889597893;2.764431992545724;2.8301419224590063
xml-megaglest-megaglest-data-update-url-path,228,0,2.289265;2.108595;2.108349,1.5884610000000001;1.539339;1.508187,0,2.213806;1.790966;1.798918,0,1.966454;1.930343;1.784224,0,1.7929840000000001;1.8555970000000002;1.829678,0,1.881707;1.8703210000000001;1.914141,0,1.880835;1.837953;1.837766,0,304.494613;306.474048;308.519284,0,40.313067000000004;26.187577;26.024448,0,308.57791000000003;285.824574;297.701748,0,13.392790999999999;13.383749;13.168218000000001,,,,,2.318581;2.478959;2.259989,3.152363933622837;3.14781884662807;3.075330052524805
xml-microsoft-terminal-add-one-element,39,0,0.841063;0.711077;0.722074,0.873885;0.844583;0.832707,0,2.023424;1.6580300000000001;1.669907,0,2.00775;1.839776;1.8236649999999999,0,1.837428;1.827309;1.776869,0,1.807673;1.9383359999999998;1.839399,0,1.7950469999999998;1.81829;1.957116,0,307.455784;304.18333199999995;311.33811000000003,0,57.89777;18.611217999999997;19.37812,0,258.96967;267.142952;263.15342200000003,0,11.120797999999999;9.989839;9.957785,,,,,1.014772;1.072139;1.03222,2.775799948722124;2.7188239619135857;2.7072241064161062
xml-microsoft-terminal-multiline-string-constant-change,367,0,1.6379789999999999;1.506548;1.498967,1.127228;0.989066;1.041339,2,2.002739;1.838812;1.848015,2,2.097278;1.939101;2.0030629999999996,2,1.896816;1.981562;1.8834629999999999,2,1.869564;1.845764;1.864237,2,2.075735;1.8992779999999998;1.9552760000000002,2,305.073941;305.903182;301.268152,2,37.991441;48.353853;25.461326999999997,8,293.898118;279.111182;283.217167,6,12.732471;12.679028;13.896169,,,,,2.658108;2.978238;2.734032,4.325851099565625;4.461289849132299;4.328764043748379
xml-mozilla-firefox-firefox-add-a-few-attributes,76,0,0.99383;0.932642;0.99343,0.593361;0.630375;0.539564,3,2.046833;1.686285;1.8139910000000001,3,2.1552540000000002;1.9394220000000002;1.795172,3,1.827679;1.778466;1.942217,3,1.775344;1.916496;1.817185,3,1.778336;1.786369;1.765227,3,308.116831;302.51844300000005;304.09392,3,79.824303;43.751004;58.793645999999995,2,278.875711;273.602609;286.649573,3,11.223117;10.112325;9.768663,,,,,0.903599;1.068298;1.003727,3.2064630649983883;3.412839956581593;3.2051149755716324
xml-mozilla-firefox-firefox-update-value,14,0,0.123056;0.090386;0.08598700000000001,0.501718;0.37037600000000004;0.447224,1,1.8613060000000001;1.788497;1.725222,1,1.837946;1.87157;1.793173,1,1.8635240000000002;1.778658;1.7480200000000001,1,1.917158;1.795386;1.813445,1,1.823202;1.740456;1.754219,1,327.840715;318.07831600000003;307.009413,1,262.58080900000004;40.394898999999995;65.557906,,,1,9.532973;9.579961999999998;9.212907,,,,,,2.8340870048850775;2.7604440692812204;2.783057978376746
xml-nextcloud-android-add-few-translations,1858,0,130.181284;128.40185200000002;128.945603,29.760102;27.13075;27.415253,6,2.612432;2.393254;2.252161,6,3.0982179999999997;2.7608200000000003;2.834527,6,2.761356;2.9035200000000003;2.810605,6,2.802222;2.847031;2.7786619999999997,6,2.646454;2.721323;2.719047,6,323.771418;322.146168;327.18036,6,162.04397600000001;49.551935;75.051358,6,561.769732;677.7044960000001;551.962943,12,81.791018;83.151726;83.353946,,,,,74.313266;66.551082;61.261983,15.189314959570764;15.392617089673877;14.917676104232669
xml-nextcloud-android-add-one-element,2365,0,226.724858;298.122501;227.76780699999998,36.197089000000005;34.395982000000004;33.959892999999994,1,246.081263;2.734382;2.56604,1,3.597433;4.148251;4.028421,1,4.142847;4.068467;3.125607,1,2.76174;2.80694;2.802678,1,3.387395;2.914444;3.014519,1,311.96039399999995;317.83953399999996;367.036276,1,2039.322764;92.447065;35.122961000000004,1,569.319259;657.727245;553.259536,2,104.978735;108.638071;104.98071,,,,,91.748568;99.63587;88.425119,8.196461945772171;8.41695093549788;11.879525845870376
xml-nextcloud-android-add-translation,2565,0,269.110187;257.821032;261.930064,37.157508;38.201738;37.165079000000006,1,2.7190920000000003;2.335023;2.1579189999999997,1,3.119184;2.870454;2.799729,1,2.796148;2.940279;2.8817589999999997,1,2.848859;2.708151;2.937072,1,2.8277810000000003;2.7756019999999997;2.782995,1,309.541702;306.844282;309.414152,1,100.260457;44.880266;24.513152,1,608.19094;629.754229;576.79687,2,113.364034;113.680853;112.150785,,,,,103.643701;116.505798;99.984845,9.086554870009422;8.994858013466;10.383212007582188
xml-nextcloud-android-add-translation-2,2577,0,237.934707;237.503183;232.821783,39.34385;38.222508000000005;37.285364,1,2.738087;2.244398;2.08099,1,3.27978;3.855616;2.952618,1,2.851564;2.931949;2.826484,1,2.8273170000000003;2.8962839999999996;2.814188,1,2.827915;2.804263;2.839322,1,316.019135;311.598109;317.300486,1,65.251709;23.372062;21.608077,1,579.797442;592.602862;638.296054,2,112.620826;112.709406;113.959536,,,,,100.655956;106.377498;96.814762,9.112430037930608;8.810199098661542;9.021662874147296
xml-nextcloud-android-delete-element,2429,0,204.59068;197.065149;200.874729,39.111919;35.073271999999996;36.543482,1,2.718254;2.269671;2.239977,1,2.862221;2.826726;2.889794,1,2.8349249999999997;3.016734;2.830681,1,2.848555;2.7542109999999997;2.864606,1,2.762761;2.794677;2.734039,1,316.015647;307.255349;305.446845,1,51.345257;36.027525;29.077057,1,641.580585;565.0275919999999;569.935672,1,106.607601;103.66734299999999;105.33967299999999,,,,,89.474699;88.759508;83.262454,7.067908998578787;6.821932969614863;6.9716928992420435
xml-nextcloud-android-delete-element-2,2411,0,208.388883;206.30747499999998;206.085026,34.893904;37.846237;34.402463,1,2.442125;2.303737;2.202401,1,2.91074;2.802105;2.701316,1,2.9499180000000003;2.71931;2.78946,1,2.765769;2.7120759999999997;2.777765,1,2.7208;3.04522;2.878638,1,305.59821;305.062371;305.81291500000003,1,44.346472999999996;37.267505;26.278022,1,562.0280439999999;598.286481;609.07777,1,117.984624;111.47491;105.766274,,,,,85.88826;77.245081;75.922651,6.515779998153448;6.545410957187414;6.288332864642143
xml-odoo-odoo-add-attribute,960,0,12.747424;11.999236;12.012668000000001,10.690638;10.009337;10.013311999999999,1,2.370555;1.962155;1.895164,1,2.1662169999999996;2.136771;2.055411,1,2.0476140000000003;2.389423;2.108114,1,2.021124;1.9935920000000003;1.9747279999999998,1,2.00614;2.040617;2.107429,1,301.666146;320.738964;302.53808,1,53.185647;20.527136000000002;33.009634000000005,0,376.46895600000005;427.131631;388.036857,1,36.225072;36.02896500000001;38.677006,,,,,9.497711;8.150905;10.141808,4.542452981695533;4.68792486935854;4.583991831168532
xml-odoo-odoo-add-attribute-2,177,0,4.557622;3.542922;3.479779,2.0730750000000002;1.9013900000000001;1.869454,0,2.191741;1.871215;1.846625,0,2.030768;1.9659389999999999;1.9508329999999998,0,1.851488;1.815674;1.8736110000000001,0,1.888336;1.910741;1.863766,0,1.9561079999999997;1.9842050000000002;1.914074,0,300.644696;302.918308;304.807631,0,28.86347;23.886883;41.309815,0,271.486595;305.653865;272.854175,0,15.294799;12.157502000000001;12.372594000000001,,,,,1.541961;1.176249;1.388392,3.1614499166607857;3.084006020799279;3.000278025865555
xml-odoo-odoo-add-two-attributes,4332,0,646.774617;632.9252720000001;643.9204,60.926697;63.604456;60.954858,6,2.921713;2.600031;2.656949,6,3.746129;3.657029;3.735679,6,3.663079;3.752146;3.668973,6,3.954567;3.828823;3.788328,6,3.669936;3.9334779999999996;3.68716,6,323.11533999999995;321.594999;320.571635,6,62.158828;31.150578000000003;24.108253,8,512.598566;519.569242;528.862259,4,156.074301;159.183877;155.908163,,,,,37.377268;34.466456;36.812044,20.916142035275698;21.70557901263237;20.67491109482944
xml-odoo-odoo-change-value,350,0,2.9525659999999996;2.5435980000000002;2.684661,1.539641;1.718858;1.752467,0,2.165864;1.8954659999999999;1.8002179999999999,0,2.019994;2.104822;1.899373,0,1.9189319999999999;1.8875520000000001;1.8804830000000001,0,2.037344;2.081949;1.860092,0,1.8885429999999999;1.9324999999999999;2.036098,0,306.979816;303.928899;301.366843,0,80.22077499999999;20.974663;33.760754,0,300.86524999999995;316.41906800000004;322.00497900000005,0,14.549949;14.285171;15.836317,,,,,2.439921;2.286637;2.388595,3.737200051546097;3.8402050267905;3.776651807129383
xml-odoo-odoo-insert-only,20,0,0.286275;0.278445;0.230876,0.127885;0.13404100000000002;0.104708,1,2.06571;1.793927;1.604678,1,1.949868;1.781204;1.968835,1,1.8178370000000001;1.82729;1.718049,1,1.807493;1.7425789999999999;1.8388090000000001,1,1.782429;1.77007;1.827949,1,300.29218299999997;305.766111;302.468759,1,43.171096999999996;29.533887;22.684052,0,284.43712;259.094705;282.518055,1,8.737442999999999;8.748816;8.484798,,,,,0.333308;0.244538;0.284946,2.902696840465069;2.8862799517810345;2.779383910819888
xml-paddlepaddle-paddleocr-whitespace-only,15,0,0.209458;0.16425;0.158659,0.28081;0.20081900000000003;0.198853,2,2.093791;1.7184050000000002;1.658215,2,1.997281;1.849113;1.729964,2,1.803931;1.812486;1.8642210000000001,2,1.827104;1.716256;1.806419,2,1.814884;1.8293949999999999;1.9055680000000002,2,300.962138;305.300904;303.95473400000003,0,51.411709;23.150661;29.976039,0,264.505274;256.094251;254.417872,0,8.522573;8.145885;8.152296999999999,,,,,0.336361;0.294314;0.39533,2.734981942921877;2.834408078342676;2.85129901021719
xml-paddlepaddle-paddleocr-whitespace-only-2,11,0,0.155458;0.168202;0.096283,0.162086;0.12382;0.121749,2,1.952003;1.639551;1.710671,2,2.0050820000000003;1.846238;1.830997,2,1.757904;1.794258;1.8125490000000002,2,1.792112;1.8013949999999999;1.761283,2,1.866203;1.7675379999999998;1.815034,2,303.26869899999997;304.234118;301.360354,0,23.888044;27.736683000000003;22.784332,0,290.442904;267.715247;251.103228,0,8.595556;8.220298;8.501373,,,,,0.308352;0.220156;0.227188,2.779153175652027;2.781854011118412;2.7044869493693113
xml-paddlepaddle-paddleocr-whitespace-only-3,15,0,0.253436;0.17904299999999998;0.15999,0.24353999999999998;0.25716700000000003;0.202173,2,1.919533;1.667401;1.632297,2,1.933357;1.843769;1.874517,2,1.817885;1.8015329999999998;1.839892,2,1.813639;2.019958;1.81287,2,1.765034;1.7768300000000001;1.8087559999999998,2,302.14511;302.090071;302.851647,0,46.059203;24.674242999999997;27.40513,0,253.21656399999998;280.41805800000003;263.824536,0,8.609948;8.171736000000001;8.326971,,,,,0.289651;0.220827;0.284502,2.805951051414013;2.940097125247121;2.7403649874031544
xml-paddlepaddle-paddleocr-whitespace-only-4,15,0,0.209353;0.163658;0.223277,0.287717;0.209422;0.193674,2,1.797811;1.6907720000000002;1.7376530000000001,2,1.936566;1.851966;1.744139,2,1.873603;1.811434;1.809063,2,1.893473;1.709311;1.802773,2,1.768871;1.8149170000000001;1.805549,2,300.587494;300.898458;306.954465,0,35.304003;21.633957;29.995157000000003,0,263.170318;296.89185699999996;253.047061,0,8.647727;8.103974;8.184349000000001,,,,,0.279828;0.222832;0.318363,2.821502974256873;3.2613188959658146;2.740974770858884
xml-paddlepaddle-paddleocr-whitespace-only-change,9,0,0.127331;0.090128;0.083743,0.115171;0.08125199999999999;0.078559,2,1.850173;1.7555699999999999;1.972053,2,1.964598;1.896374;1.803217,2,1.767758;1.767971;1.899055,2,1.9591550000000002;1.9933389999999997;1.9089790000000002,2,1.876951;1.714084;1.788304,2,302.176558;308.034671;302.75923700000004,0,40.602306;18.091545;19.497023,0,300.581914;245.539418;249.526508,0,8.495353000000001;8.02305;8.356380999999999,,,,,0.233142;0.177346;0.206757,2.859266009181738;3.1166451517492533;2.7658920735120773
xml-veracrypt-veracrypt-version-string,3400,0,113.408224;113.741911;113.530215,60.118712;66.43758700000001;60.146689,0,3.633747;3.1770739999999997;3.2830429999999997,0,4.717684;4.592847;4.517316,0,4.43938;4.414776;4.451765,0,4.384796;4.4181799999999996;4.429352,0,4.451066;4.440043999999999;4.398728,0,317.390783;317.662776;315.481047,0,82.799311;25.598508;26.684877,0,788.487069;805.0593660000001;904.763557,0,203.72479199999998;200.12659399999998;200.344212,,,,,199.19887;189.505939;182.739712,16.097777988761663;16.83062594383955;17.07746391184628
yaml-ansible-ansible-add-block-sequence,7,0,0.189705;0.14126000000000002;0.138791,0.055071999999999996;0.017269;0.015709,0,1.9822030000000002;1.772034;1.8622619999999999,0,1.9716609999999999;1.9155019999999998;1.855766,0,1.870081;1.766803;1.786193,0,1.945935;1.8208810000000002;1.845654,0,1.7583550000000001;1.8295430000000001;1.7230590000000001,0,304.07730599999996;305.14391800000004;303.233072,0,50.153824;40.217034999999996;23.232921,0,232.54174;228.318868;229.331902,0,15.195088;17.963112;14.860470000000001,,,,,13.770186;14.421754;13.332376,2.980278106406331;3.1404918991029263;3.0927620828151703
yaml-ansible-ansible-add-item-to-sequence,15,0,0.29086900000000004;0.24264;0.23760599999999998,0.08895900000000001;0.032724;0.030630000000000004,0,1.919504;1.79041;1.7533480000000001,0,1.95917;1.776793;1.761447,0,1.776335;1.8166790000000002;1.789501,0,1.7264050000000002;1.8340489999999998;1.792697,0,1.876196;1.828007;1.6985100000000002,0,308.58765300000005;301.877257;302.440785,0,40.880363;30.124862;36.25684,0,234.257928;221.78940799999998;217.988167,0,14.675985;14.5131;14.798662,,,,,1.540177;2.08191;1.581497,2.7026080060750246;2.902725012972951;2.7061770670115948
yaml-ansible-ansible-add-item-to-sequence-2,17,0,0.347962;0.350412;0.300953,0.064155;0.035987;0.033691,0,1.952829;1.6452529999999999;1.6485219999999998,0,1.897339;1.8738050000000002;1.792774,0,1.737077;1.830363;1.782753,0,1.83667;1.7988760000000001;1.735292,0,1.8336979999999998;1.778346;1.813965,0,311.650611;299.85318900000004;315.518083,0,33.412919;22.87193;26.677218999999997,0,245.391807;221.36399;221.705565,0,14.898022000000001;14.681142;14.938906,,,,,0.958341;1.273603;0.869449,2.6660729199647903;2.6811191346496344;2.646857872605324
yaml-ansible-ansible-add-mapping-pair,9,0,0.147965;0.10903199999999999;0.099188,0.052604000000000005;0.025351;0.023697999999999997,0,1.86776;1.767467;1.609483,0,1.948649;1.8078400000000001;1.8016429999999999,0,1.837448;1.71977;1.817962,0,1.82336;1.850724;1.8150499999999998,0,1.8154759999999999;1.803714;1.841098,0,309.25106800000003;303.529177;302.01073,0,36.447572;40.839713;37.859085,0,238.535234;228.98457299999998;220.554162,0,15.058338;14.765070999999999;14.511806,,,,,0.623841;0.89992;0.675152,2.6914130430668592;2.639923943206668;2.6918170042335987
yaml-ansible-ansible-add-two-sequence-items,80,0,1.374229;1.111196;1.1459860000000002,0.272305;0.22812499999999997;0.22708499999999998,0,2.1590200000000004;1.79369;1.615327,0,1.9989449999999997;1.878857;1.846279,0,1.938483;2.0480519999999998;1.948396,0,1.880542;1.8800489999999999;1.892958,0,1.7061870000000001;1.8050309999999998;1.820575,0,302.951463;302.32817;313.48030900000003,0,42.111286;23.763861000000002;37.204206,0,230.178897;232.964063;228.400758,0,15.675268999999998;15.295100000000001;15.494644000000001,,,,,3.198818;4.445266;3.451805,2.906972076743841;2.961008111014962;2.870471216738224
yaml-ansible-ansible-change-in-string-scalar,6,0,0.093402;0.057572;0.053373,0.034446000000000004;0.014551000000000001;0.013173,1,1.825447;1.78883;1.737185,1,1.91881;1.766647;1.784353,1,1.790003;1.827791;1.734237,1,1.810344;1.776368;1.787673,1,1.7583989999999998;1.72998;1.812319,1,301.412802;301.51192;303.460037,1,41.390706;21.687824000000003;18.952730000000003,1,219.276704;225.883687;229.80366899999999,1,14.873423;14.798549;14.589779,,,,,0.419155;0.387628;0.373784,2.7047351468354464;2.7913288213312626;2.6221878360956907
yaml-ansible-ansible-double-quote-scalar-change-possible-treesitter-weakness,5068,0,53.050464999999996;51.710997;52.313573000000005,14.196217;13.316023000000001;13.248263,0,2.6273210000000002;2.457044;2.154917,0,3.33392;3.13067;3.065238,0,3.051308;3.230098;3.0956349999999997,0,3.400859;3.809775;3.409114,0,3.157738;3.23012;3.669588,0,318.28054099999997;316.00427399999995;317.346811,0,41.525235;24.513460000000002;40.375031,0,506.803997;503.71633;505.93736600000005,0,75.94223099999999;68.241215;68.517008,,,,,78.899295;91.501061;111.579449,15.14376001432538;15.132946893572807;15.012466115877032
yaml-ansible-ansible-rename-string-scalar,8,0,0.097551;0.101285;0.051157,0.037819000000000005;0.016447999999999997;0.015108,0,2.110961;1.6959250000000001;1.741023,0,1.938955;1.847713;1.869265,0,1.798428;1.807849;1.870774,0,1.965237;1.77254;1.825213,0,1.839479;1.729196;1.816989,0,303.779694;304.391707;301.847593,0,60.490461;20.394829;19.205751,0,224.06938100000002;218.050773;244.26336700000002,0,14.708548;14.622297;14.917935,,,,,0.42161;0.587021;0.553107,2.960229991003871;2.9860360082238913;3.1124441884458065
yaml-ansible-ansible-version,6,0,0.091669;0.058244;0.053855,0.034102;0.014303;0.012877,0,2.032688;1.7693640000000002;1.746768,0,1.84581;1.863278;1.785297,0,1.815846;1.757023;1.72722,0,1.894761;1.814569;1.810395,0,1.800603;1.7122000000000002;1.7798740000000002,0,300.920081;305.647434;309.6078,0,120.76923000000001;26.927551;21.228541,0,225.039469;220.00820900000002;220.13973000000001,0,14.861915999999999;14.58367;14.57595,,,,,0.210271;0.260056;0.222118,2.7825161814689636;2.7826467994600534;2.841670997440815
yaml-arkq-bluez-alsa-version-string,342,0,2.062035;1.698891;1.8909109999999998,0.871942;0.84506;0.819544,0,2.25061;1.947811;1.674294,0,2.019628;1.866696;1.8610980000000001,0,1.8248069999999998;1.8649840000000002;1.892938,0,1.8167529999999998;1.8348520000000001;1.890741,0,1.919088;1.843417;1.8756059999999999,0,309.35381;306.526813;303.40664899999996,0,44.554069;24.077907;25.151383,0,271.811434;290.552136;268.459112,0,17.700697;33.158730999999996;22.307337999999998,,,,,4.15898;4.182399;4.133254,3.931432031095028;3.311445936560631;3.1898911111056805
yaml-axios-axios-update-string-value,34,0,0.420597;0.30147;0.298025,0.143047;0.106316;0.104718,0,1.930304;1.805539;1.80294,0,2.000393;1.946737;1.873713,0,1.741301;1.8091629999999999;1.795243,0,1.792319;1.942706;1.773825,0,1.8348229999999999;1.789491;1.882221,0,302.333057;303.304302;304.072043,0,60.532441999999996;29.752852999999998;22.299017,0,222.482479;229.58417;252.964805,0,15.322003;14.937089;14.950246,,,,,0.732685;0.819616;0.711873,2.910893177613616;2.7712280862033367;2.801857190206647
yaml-containers-skopeo-remove-one-block-pair,295,0,2.731131;2.144849;2.139715,0.8689689999999999;0.85753;0.8131679999999999,0,2.187685;1.80406;1.803682,0,2.023739;1.9537640000000003;1.979706,0,1.875331;1.8096709999999998;1.877366,0,1.875091;1.849355;1.9266940000000001,0,1.871376;1.907886;1.838166,0,303.43228500000004;304.045412;305.01425900000004,0,45.0929;22.683676;23.428714,1,276.733524;279.397203;286.933918,0,17.865647;17.688731;17.782027999999997,,,,,4.677095;4.830025;6.940875,3.012942150235176;3.0054179951548576;2.896683057770133
yaml-draios-sysdig-const-string-url-change,18,0,0.257265;0.198889;0.191783,0.10521;0.071964;0.069907,0,1.944479;1.848649;1.789147,0,2.0626249999999997;1.8441589999999999;1.806654,0,1.7393370000000001;1.832583;1.78379,0,1.978914;1.889987;1.86779,0,1.80706;1.7650910000000002;1.878422,0,313.35168000000004;303.065425;302.559869,0,52.892506999999995;19.919977;27.067438,0,220.513503;240.861071;232.906181,0,15.732835000000001;15.112023;14.732959000000001,,,,,0.574642;0.55992;1.158605,2.856421982869506;2.8416530694812536;2.8212410397827625
yaml-draios-sysdig-string-url-change,18,0,0.33447400000000005;0.276466;0.31221899999999997,0.128541;0.099767;0.13724,0,1.950804;1.6654820000000001;1.742254,0,1.9262920000000001;1.870397;1.8986649999999998,0,1.830026;1.794949;1.777847,0,1.856343;1.841374;1.857485,0,1.7042069999999998;1.858178;1.779985,0,303.137939;302.207219;302.679211,0,67.936272;37.054793000000004;28.639073,0,231.05161099999998;213.410174;222.95430299999998,0,16.986754;16.92747;16.916188,,,,,0.569334;0.521262;1.09322,3.358167828992009;2.7873311191797256;2.9059089720249176
yaml-draios-sysdig-string-url-change-2,18,0,0.330807;0.32604599999999995;0.26959299999999997,0.13165100000000002;0.09653300000000001;0.09479099999999999,0,2.121741;1.76496;1.665022,0,1.969077;1.873373;1.799608,0,1.805538;1.7911299999999999;1.794005,0,1.8058379999999998;1.7980610000000001;1.812916,0,1.795421;1.737715;1.8625530000000001,0,304.53749200000004;301.578927;321.213638,0,114.21796300000001;33.063436;34.77131,0,242.204566;237.79419700000003;257.596255,0,16.354856;16.42202;16.49567,,,,,0.48835;0.479747;1.041247,2.9805810190737247;2.9101059772074223;2.777053974568844
yaml-draios-sysdig-string-url-change-3,18,0,0.254112;0.251763;0.194556,0.104516;0.07111200000000001;0.06795999999999999,0,1.980397;1.72245;1.6123640000000001,0,1.930716;1.819758;1.8429900000000001,0,1.965745;2.038184;1.807785,0,1.806214;1.889828;1.9098789999999999,0,1.794739;1.816891;1.846987,0,320.454593;321.186991;322.82827,0,67.22179200000001;28.518708;21.715543,0,232.975001;231.43261900000002;222.06026,0,15.065178;14.635341;14.81632,,,,,0.452611;0.436601;0.482219,2.8769958298653364;2.783918986096978;2.7981598395854235
yaml-draios-sysdig-string-url-change-4,18,0,0.330557;0.266156;0.27148100000000003,0.127578;0.09756999999999999;0.13051000000000001,0,2.053271;1.6277119999999998;1.7969380000000001,0,1.9671200000000002;1.909485;1.82775,0,1.8608520000000002;1.926564;2.1233210000000002,0,1.987843;1.846308;1.7420689999999999,0,1.864761;1.826643;1.880517,0,310.01014599999996;307.838906;303.092173,0,77.507048;20.700302;30.32732,0,248.28232;238.623784;243.92031599999999,0,15.610975;15.605305999999999;15.635532000000001,,,,,0.538028;0.553373;0.57094,3.076995024457574;2.7991831302642822;2.793258987367153
yaml-gyulyvgc-sniffnet-version,20,0,0.22340200000000002;0.165869;0.161327,0.080655;0.050338;0.04861,0,1.93224;1.8149410000000001;1.789851,0,1.939006;1.9748119999999998;1.800432,0,1.807289;2.331944;1.9767640000000002,0,1.7422119999999999;1.820377;1.803225,0,1.807543;1.724934;1.756678,0,300.698939;301.883711;304.672208,0,23.197329;33.406275;26.677433999999998,0,257.366529;229.054758;231.869848,0,14.830302999999999;14.831554;14.626964,,,,,0.37314;0.385594;0.406742,2.802108181640506;2.7604082133620977;2.821098081767559
yaml-jekyll-jekyll-true-to-false,12,0,0.165346;0.115217;0.109304,0.07335;0.053569000000000006;0.037628999999999996,0,1.984386;1.747452;1.745342,0,1.990445;1.738771;1.813194,0,1.7690640000000002;1.817244;1.7803179999999998,0,1.77915;1.8067680000000002;1.77356,0,2.042627;1.837338;1.831199,0,302.847084;304.138154;305.549309,0,48.90283899999999;51.172446;25.937106,0,224.06199800000002;227.089037;227.973433,0,14.858247;14.442917;14.703147999999999,,,,,0.363731;0.320666;0.324476,2.753437962383032;2.7550910599529743;2.7204109355807304
yaml-junegunn-fzf-version-upgrade,36,0,0.398566;0.299345;0.299116,0.19914300000000001;0.170427;0.16072399999999998,0,2.016411;1.9660099999999998;1.720238,0,1.905497;1.852793;1.8031,0,1.7699289999999999;1.819036;1.866619,0,1.801824;1.847777;1.766325,0,1.764465;2.025436;1.840582,0,303.038885;309.495992;313.717124,0,24.581961;43.695203;43.690263,0,271.931341;247.206089;251.15854,0,15.745153000000002;16.270195;16.135792,,,,,0.632635;0.616012;0.608373,2.7526780031621456;2.75947293266654;2.7473929803818464
yaml-kbudde-rabbitmq_exporter-string-url-change,116,0,1.155378;0.836146;0.862671,0.429701;0.317481;0.317092,0,2.1973819999999997;1.93702;1.696249,0,2.114764;2.09137;2.139776,0,2.018203;2.042299;2.020651,0,2.046259;2.061679;2.00862,0,2.0351000000000004;1.991136;2.043997,0,331.478104;320.59745;314.671869,0,48.468021;24.618814;25.010298,0,263.421512;298.30796999999995;287.606068,0,16.3952;17.684801999999998;15.817909000000002,,,,,1.60342;1.605345;1.508258,2.9981411062180996;2.890929114073515;2.990078181028366
yaml-manugarg-pacparser-string-url-change,58,0,0.572333;0.464139;0.456497,0.280465;0.187421;0.18503799999999998,0,2.066203;1.803336;1.730913,0,2.006947;1.814551;1.842101,0,1.808666;1.834101;1.842249,0,1.943592;1.7882060000000002;1.861766,0,1.8174020000000002;1.8407;1.869113,0,301.85749699999997;305.93008399999997;301.722007,0,52.519899;25.01267;23.320843,0,251.35082199999997;235.818958;226.382061,0,15.830501;15.280126999999998;15.342352,,,,,1.16301;1.060543;1.10176,2.91632697917521;2.840158063918352;2.89112888276577
yaml-mastodon-mastodon-add-block-pair-translation,400,0,3.853825;3.653924;3.5903359999999997,1.4624489999999999;1.467305;1.39645,0,2.162003;1.9539230000000003;1.803881,0,2.120174;1.9882170000000001;1.862636,0,1.9268180000000001;1.88299;1.974922,0,1.897391;1.9628160000000001;1.907733,0,1.905;1.9881859999999998;1.897926,0,308.981581;300.14453299999997;303.643805,0,42.830188;20.693768000000002;21.108667,1,319.23109;290.36483400000003;307.360635,0,19.40238;19.271762000000003;19.206954,,,,,7.42321;7.326571;7.393878,4.334283992648125;4.219418857246637;4.291078075766563
yaml-mastodon-mastodon-delete-one-pair,817,0,8.697511;8.474145;8.196776,3.2188489999999996;3.1785289999999997;3.1782950000000003,0,2.2542590000000002;1.9122869999999998;1.9442490000000001,0,2.3997379999999997;2.499198;2.343093,0,2.2227259999999998;2.20197;2.134258,0,2.287664;2.171704;2.4128779999999996,0,2.282107;2.2919300000000002;2.2433739999999998,0,305.385704;301.298566;306.657187,0,41.774027;19.229833000000003;27.321930000000002,0,385.44010299999997;322.82283099999995;382.20512099999996,0,25.766061;25.905211;25.146752000000003,,,,,16.48669;15.632687;15.582611,4.1414538864046335;4.065030021592975;4.100546007975936
yaml-mastodon-mastodon-remove-one-translation,767,0,8.503772999999999;7.74307;7.620357,2.8625229999999995;2.8463849999999997;2.792388,0,2.2863800000000003;1.965418;1.966218,0,2.2004390000000003;2.083365;2.006305,0,2.096966;2.121704;2.042206,0,2.071195;2.028502;1.979559,0,1.991204;1.972058;2.012775,0,304.20145199999996;310.59367100000003;304.609171,0,68.690335;28.27807;23.30171,0,368.874546;359.666814;345.260293,0,24.793632;24.716668000000002;24.314256999999998,,,,,15.514577;13.586527;13.657439,3.846646985039115;3.858123905956745;3.922826843336225
yaml-mastodon-mastodon-remove-translation,3779,0,53.878544;63.456571000000004;56.825904,13.159654999999999;12.715364999999998;12.512576,0,2.557594;2.294661;2.262563,0,3.004604;2.804539;3.027466,0,2.873005;2.854928;2.7753840000000003,0,2.87229;2.851277;2.817058,0,2.8460159999999997;2.84186;2.7676290000000003,0,307.317676;303.87310699999995;305.471956,0,62.53388999999999;36.425669;26.60645,0,492.705589;510.288681;505.59756600000003,0,63.750505;63.424094000000004;64.43288799999999,,,,,71.994112;63.557019;63.096914,7.33528402633965;7.502235006541014;7.304701954126358
yaml-mastodon-remove-one-pair,1879,0,24.492587999999998;24.485535;24.437495,6.2731460000000006;6.028997;6.006841,0,2.428455;1.965554;1.941727,0,2.349073;2.528977;2.291054,0,2.160974;2.236971;2.178217,0,2.151084;2.162868;2.1324870000000002,0,2.143039;2.178989;2.164631,0,309.55909399999996;303.826753;303.40720100000004,0,43.176831;28.961587;20.339212,0,453.807309;458.85362499999997;434.202986,0,37.222267;37.629760999999995;37.625518,,,,,45.434965;26.928206;24.648075,5.033627850934863;4.948479821905494;4.964977968484163
yaml-mozilla-pdf-single-value-update,86,0,0.726194;0.5674830000000001;0.56757,0.28598900000000005;0.23365399999999997;0.227851,0,2.142814;1.675162;1.721825,0,1.956541;1.846608;1.8991419999999999,0,1.830122;1.722307;1.841596,0,1.751897;1.841426;1.8938119999999998,0,1.939838;1.814006;1.7738,0,303.936359;306.68785399999996;300.422554,0,42.546533;27.469671;30.588458999999997,0,246.601436;230.613553;241.523596,0,15.420903;15.227061;16.357593,,,,,1.962877;1.400044;1.307241,2.941600978374481;3.177215112373233;3.016829025000334
yaml-n8n-io-n8n-add-performance-check-to-ci-config,365,0,3.767148;3.539859;3.506155,0.990689;0.968029;1.045308,2,2.052475;1.7809139999999999;34.062208,2,2.794545;2.411032;1.994503,2,2.33783;2.03889;2.009453,2,1.961027;1.9363029999999999;1.889174,2,1.873178;1.9610169999999998;1.927794,6,306.271089;308.921349;306.900679,2,60.68502;29.115954;20.829547,70,270.996057;270.681426;363.218693,65,30.789059;30.847953;30.846308999999998,,,,,4.577641;4.372121;4.31781,6.346690934151411;6.383798085153103;6.314788945019245
yaml-puppeteer-puppeteer-false-to-true,12,0,0.164031;0.11543300000000001;0.10824500000000001,0.071116;0.042480000000000004;0.040088,0,1.9913119999999997;1.7631299999999999;1.775501,0,1.931298;1.765264;1.841034,0,1.795011;1.8370199999999999;1.888322,0,1.6963679999999999;1.806556;1.771585,0,1.7919209999999999;1.754084;1.818654,0,305.92532500000004;299.09841;304.855758,0,62.819995000000006;27.342921;30.513579,0,251.727158;228.787461;230.11509999999998,0,15.051068;14.689416;14.54265,,,,,0.433207;0.478781;0.541056,2.8175939805805683;2.8159990906715393;2.8057608287781477
yaml-python-xmp-toolkit-python-xmp-toolkit-insert-two-values-to-a-slice,120,0,1.321782;1.120369;1.117634,0.407663;0.359495;0.31649499999999997,1,2.141051;1.796277;1.621498,1,1.932072;1.852978;1.837966,1,1.847716;1.868695;1.79794,1,1.948414;1.868843;1.8067090000000001,1,1.8288639999999998;1.8483;1.7711109999999999,1,303.44473100000005;302.128691;300.409736,1,46.102894;27.453120000000002;21.126761000000002,0,230.610551;240.261713;245.118945,1,15.898332000000002;15.516878;15.672898000000002,,,,,1.522794;1.989091;1.416768,2.9804350342601538;2.907272893935442;2.948561916127801
yaml-twbs-bootstrap-remove-v-semicolon-from-version-numbers,114,0,6.775621;5.773531;6.129614,0.45076900000000003;0.41796500000000003;0.358336,32,2.084771;1.683052;1.635541,32,1.890849;1.739918;1.855491,32,1.933784;1.914018;1.858499,32,2.0016190000000003;1.8443019999999999;1.774239,32,1.791955;1.793827;1.8135350000000001,32,333.029037;343.366125;323.464112,32,71.73674700000001;32.363191;48.457513,36,289.65506899999997;274.788773;255.26617699999997,32,50.037617;54.318052;50.683117,,,,,1.459931;1.476063;3.001262,17.94155198149383;17.40915304981172;17.670371802523732
yaml-twbs-bootstrap-version-pin-with-comment,88,0,1.263213;1.125734;1.091002,0.27798199999999995;0.230043;0.22984,0,2.195606;1.768709;1.7673789999999998,0,2.09618;1.86164;1.849624,0,1.869861;1.823837;1.751158,0,1.820782;1.745538;1.7959180000000001,0,1.700565;1.802293;1.873307,0,301.892291;302.09754;301.772561,0,70.21321599999999;24.732089;19.369019,0,237.40239899999997;238.90235800000002;239.112565,0,15.904020000000001;15.367338;15.498378,,,,,1.108251;1.097012;1.074682,3.050890052691102;3.146246075630188;2.9719090089201927
