key,category,changes,binary_changes,lines_changed,repositories
.glif,"Data(""Font"")",411272,0,17115401,9
.svg,"Data(""Image"")",137402,272,7239312,263
.h,"Code(""Uncategorized"")",105827,2,10154510,2748
.c,"Code(""Uncategorized"")",87968,53,96934338,2408
.py,"Code(""Uncategorized"")",69080,5,3112443,1927
.cpp,"Code(""Uncategorized"")",68385,0,14190177,1200
.go,"Code(""Uncategorized"")",66411,0,27331282,395
.3,"Documentation(""Manual"")",61478,11,1705251,77
.png,"Data(""Image"")",52426,40833,11507,629
.yaml,"Code(""Uncategorized"")",47339,0,21667598,990
.md,"Documentation(""General"")",41616,0,1224134,4860
.hpp,"Code(""Uncategorized"")",38677,0,4876225,379
.yml,"Code(""Uncategorized"")",35457,0,865233,4164
.woff2,"Data(""Font"")",33995,33995,0,33
.woff,"Data(""Font"")",33758,33758,0,35
.txt,"Code(""Build"")",33220,51,12384058,2705
.html,"Code(""Uncategorized"")",25056,1,3537245,575
.po,"Data(""Binary"")",24782,26,7432221,363
.hlc,"Data(""Image"")",23760,23760,0,1
.json,"Code(""Uncategorized"")",22902,46,9906887,883
.glyph,"Data(""Font"")",21978,0,772203,3
.gpg,"Data(""Security"")",21734,51,427005,8
.ml,"Code(""ML"")",20710,2,1539967,258
.rb,"Code(""Uncategorized"")",18491,0,399722,466
.java,"Code(""Uncategorized"")",18481,0,982552,264
.xml,"Code(""Uncategorized"")",13413,371,1024328,757
.el,"Code(""Uncategorized"")",12947,0,409103,351
.js,"Code(""Uncategorized"")",11771,8,1335381,326
.ts,"Code(""Uncategorized"")",11373,0,2698766,239
.sh,"Code(""Uncategorized"")",10991,20,1037911,1835
.rs,"Code(""Uncategorized"")",10766,0,412403,322
.rst,"Data(""Text"")",10293,0,267030,785
.cc,"Code(""Uncategorized"")",9980,0,1751980,350
.plist,"Configuration("""")",9627,2,3148928,75
.in,,9482,8,785238,1644
makefile,"Code(""Build"")",8905,0,195674,1711
.toml,"Configuration("""")",6954,0,68058,1020
.mli,"Code(""ML"")",6929,0,190181,235
.fs-uae-controller,"Configuration("""")",6081,0,40765,2
.qml,"Code(""Uncategorized"")",5771,0,184782,33
changelog,"Documentation(""General"")",5751,0,314227,972
.hl,,5704,0,20484,2
.out,"Data(""Expectation"")",5650,12,437452,73
.f,"Code(""Fortran"")",5285,0,51246,12
.xpm,"Data(""Image"")",5241,3,320816,48
.ac,"Code(""Build"")",5152,1,76071,889
.gitignore,"Configuration(""DevEx"")",5145,1,44172,2555
.am,"Code(""Build"")",5132,0,85192,776
.ttf,"Data(""Font"")",5063,5060,3,81
.php,"Code(""Uncategorized"")",4971,1,305432,80
.otf,"Data(""Font"")",4939,4939,0,25
.lock,"Configuration(""Lock"")",4277,19,680554,646
properties,"Configuration("""")",4203,0,56434,3
.vim,"Code(""Uncategorized"")",4149,0,165702,111
.lua,"Code(""Uncategorized"")",3775,0,175677,159
.css,"Code(""Uncategorized"")",3526,4,975349,329
.1,"Documentation(""Manual"")",3488,28,319501,626
dune,"Code(""Build"")",3267,0,26085,222
.cmake,"Code(""Build"")",3167,0,169764,474
.build,"Code(""Build"")",3043,0,36694,357
readme,"Documentation(""General"")",3001,0,110160,909
.ini,"Configuration("""")",2765,2,85313,458
.opam,"Code(""Build"")",2760,0,12770,224
.mod,"Configuration("""")",2528,40,21500,368
.cs,"Code(""Uncategorized"")",2473,0,150128,72
license,"Documentation(""Legal"")",2441,1,275888,1075
.jsp,"Code(""Web"")",2379,4,79661,4
.jpg,"Data(""Image"")",2278,2263,0,89
.inc,"Code(""Assembly"")",2252,0,1301538,92
.adb,"Code(""Ada"")",2056,0,268989,28
.sum,"Configuration(""Lock"")",2047,0,77177,337
.s,"Code(""Assembly"")",2031,0,436089,93
.cur,"Data(""Image"")",1881,1881,0,4
.m4,"Code(""Build"")",1876,0,1091984,315
.conf,"Configuration("""")",1867,0,24204,330
.gemspec,"Code(""Build"")",1838,0,11635,318
.zip,"Data(""Archive"")",1826,1822,12,50
.pm,"Code(""Perl"")",1763,0,164600,61
.gf,"Code(""Uncategorized"")",1740,4,42323,1
.ads,"Code(""Ada"")",1698,0,240813,26
.map,"Data(""Text"")",1646,0,516610,48
.hx,"Code(""Uncategorized"")",1586,0,39892,1
.gif,"Data(""Image"")",1585,1585,0,95
.cfg,"Code(""Build"")",1555,0,45718,425
.cxx,"Code(""Uncategorized"")",1552,0,184422,46
.cr,"Code(""Uncategorized"")",1551,0,48417,29
.pdf,"Data(""Document"")",1537,1503,40586,109
.pl,"Code(""Perl"")",1525,0,235627,177
news,"Documentation(""General"")",1496,0,24063,416
configure,"Code(""Build"")",1472,3,3030599,284
.m,"Code(""Uncategorized"")",1389,0,36079,53
.eot,"Data(""Font"")",1354,1340,2,28
.erl,"Code(""Uncategorized"")",1324,0,121508,44
.tex,"Documentation(""General"")",1286,0,213459,92
.rg,"Code(""Uncategorized"")",1274,2,2544,2
.mk,"Code(""Build"")",1271,1,55890,165
.class,"Data(""Binary"")",1226,1225,1,7
.traineddata,"Data(""Binary"")",1223,1222,1,3
.log,"Data(""Text"")",1194,1,218132,46
.cu,"Code(""Uncategorized"")",1185,0,81847,26
.t,,1178,0,59004,95
.scss,"Code(""Uncategorized"")",1169,0,174837,38
.spec,"Code(""Build"")",1157,0,18037,255
.ui,"Code(""UI"")",1142,0,153066,163
changes,"Documentation(""General"")",1141,0,47409,203
.vcxproj,"Code(""Build"")",1132,0,288507,139
.patch,"Data(""Text"")",1119,0,257977,131
.pho,"Data(""Text"")",1090,307,44095,1
.vala,"Code(""Uncategorized"")",1066,0,44129,29
.org,"Documentation(""General"")",1058,0,26961,138
.scm,"Code(""Lisp"")",1051,0,55784,58
.pony,"Code(""Uncategorized"")",1041,0,1637,1
dockerfile,"Code(""Build"")",995,0,12833,340
.md5,"Data(""Checksum"")",982,0,38,6
.api,,948,0,300,4
.mm,"Code(""Uncategorized"")",929,0,65787,42
version,"Data(""Text"")",929,0,1923,249
.tsx,"Code(""Uncategorized"")",923,0,42346,36
.test,"Data(""Text"")",919,2,151090,45
.f90,"Code(""Fortran"")",893,0,136544,22
dune-project,"Code(""Build"")",864,0,3773,205
.fp,,842,0,227084,1
.vfb,,840,840,0,3
.detok,"Data(""Expectation"")",824,0,599079,1
authors,"Documentation(""Legal"")",821,0,12297,379
.rbs,"Code(""Uncategorized"")",775,0,15456,9
.adoc,"Documentation(""General"")",774,0,43307,82
.wav,"Data(""Audio"")",771,771,0,22
gemfile,"Configuration("""")",770,0,3533,261
.pyi,"Code(""Uncategorized"")",755,0,29398,86
.qm,"Data(""Binary"")",755,750,100,13
.rrd,"Data(""Binary"")",750,750,0,1
.theme,"Configuration("""")",746,0,28801,28
.g,"Code(""Grammar"")",739,0,9643,58
.helm,,722,0,43937,1
.rules,"Configuration("""")",710,0,3953,45
control,"Configuration("""")",691,0,6561,238
install,"Documentation(""General"")",668,0,46294,314
.hxx,"Code(""Uncategorized"")",646,0,44317,16
.properties,"Configuration("""")",628,0,24178,109
.sfd,"Data(""Font"")",618,2,8242494,10
.tcl,"Code(""Script"")",601,0,174186,26
.hh,"Code(""Uncategorized"")",594,0,18900,40
.sql,"Code(""Uncategorized"")",589,92,32730,42
.gz,"Data(""Archive"")",586,581,0,88
history,"Documentation(""General"")",581,0,6887,72
.fs,"Code(""ML"")",577,0,31715,13
.gpr,"Code(""Build"")",574,42,5308,22
.groovy,"Code(""Uncategorized"")",567,0,7076,26
.inl,"Code(""Assembly"")",564,0,21363,29
.dll,"Data(""Binary"")",563,537,345,34
.markdown,"Code(""Uncategorized"")",563,0,15767,74
copying,"Documentation(""Legal"")",555,2,138494,421
rakefile,"Code(""Build"")",553,0,7949,215
.fth,"Code(""Uncategorized"")",551,0,72987,1
.bat,"Code(""Script"")",542,0,17575,186
.dart,"Code(""Uncategorized"")",524,0,26286,6
.config,"Configuration("""")",523,0,54089,85
.ppm,"Data(""Image"")",522,174,338771,3
.med,"Data(""Binary"")",518,518,0,2
.jar,"Data(""Archive"")",517,511,4,62
.rc,,517,15,18964,108
.fea,"Data(""Font"")",516,0,827135,12
.pcap,"Data(""Binary"")",512,511,1,4
.nix,"Code(""Uncategorized"")",511,0,13385,125
.icc,"Data(""Binary"")",508,507,44,3
.filters,"Code(""Build"")",507,0,326810,69
.pot,"Configuration(""Localization"")",507,0,150968,166
.kvconfig,,498,0,28846,3
.8,"Documentation(""Manual"")",497,9,16263,114
.output,"Data(""Expectation"")",497,0,80743,14
.vcproj,"Code(""Build"")",496,0,255712,45
.doctree,,457,457,0,4
.gemfile,"Configuration("""")",457,0,3219,26
.idx,"Data(""Text"")",457,4,155322,8
.rockspec,"Code(""Build"")",449,0,8692,51
.tplg,"Data(""Binary"")",449,449,0,1
.gitattributes,"Configuration(""DevEx"")",441,0,4372,241
.glyphs,,440,0,359019764,11
.kt,"Code(""Uncategorized"")",432,0,7948,15
.src,,428,0,3635,43
.lisp,"Code(""Lisp"")",426,0,65320,14
.fc,"Configuration("""")",424,410,38,4
.gi,"Code(""Uncategorized"")",418,0,36342,46
.gradle,"Code(""Build"")",415,0,7415,50
.pro,"Code(""Build"")",413,0,4808,83
.expected,"Data(""Expectation"")",410,0,19015,36
.bash,"Code(""Uncategorized"")",408,0,9858,93
.grp,"Data(""Text"")",405,0,585313,2
.nim,"Code(""Uncategorized"")",404,0,50071,9
.lng,"Configuration(""Localization"")",401,0,60937,4
.tera,,397,2,10960,4
.zig,"Code(""Uncategorized"")",396,0,8703,11
.hxml,"Code(""Build"")",378,0,1146,1
.data,"Data(""Text"")",377,23,32252,21
.texi,"Documentation(""General"")",377,0,29469,68
.ps1,"Code(""Script"")",364,0,14454,80
.myb,,363,0,72880,1
todo,"Documentation(""General"")",354,0,5476,189
.gd,"Code(""Uncategorized"")",353,0,5635,36
copyright,"Configuration("""")",348,0,17949,193
.csproj,"Code(""Build"")",343,0,6049,44
.tst,"Data(""Text"")",342,0,19005,46
.stderr,"Data(""Text"")",341,0,1235,3
.o,"Data(""Binary"")",337,337,0,12
.mdx,"Documentation(""General"")",336,0,7266,21
.sln,"Code(""Build"")",333,0,18593,96
.strings,"Configuration(""Localization"")",330,169,1725,12
jbuild,,330,0,4010,50
.scd,"Documentation(""General"")",328,0,3348,41
.proto,"Code(""Uncategorized"")",326,0,33307,46
.pod,"Documentation(""General"")",325,0,27878,46
.mlt,,319,0,9718,23
rules,"Code(""Build"")",316,0,6370,163
.template,"Code(""Template"")",315,3,2464,64
.editorconfig,"Configuration(""DevEx"")",309,0,3850,192
.dockerfile,"Code(""Build"")",304,0,7986,45
.exp,"Data(""Expectation"")",301,0,184182,11
.feature,"Code(""Uncategorized"")",296,0,4556,32
.exe,"Data(""Binary"")",295,293,2,36
.desktop,"Configuration("""")",293,0,2720,124
.so,"Data(""Binary"")",287,282,6,19
.ani,"Data(""Image"")",284,284,0,3
.xz,"Data(""Archive"")",283,279,13,15
.zsh,"Code(""Script"")",282,0,8404,34
.def,,278,0,8396,76
.ipp,"Code(""Uncategorized"")",271,0,72610,6
.csv,"Data(""Text"")",270,1,571923,47
gnumakefile,"Code(""Build"")",270,0,8740,38
.dat,"Data(""Binary"")",265,35,512384,42
.mo,"Data(""Binary"")",265,265,0,25
.pdb,"Data(""Binary"")",264,254,60998,10
.pyx,"Code(""Uncategorized"")",264,0,11979,42
.xsd,"Code(""Schema"")",264,0,151140,20
install-sh,"Code(""Build"")",263,0,89083,137
.nft,,260,0,494,3
.install,"Configuration("""")",256,0,2042,81
.ref,,255,12,5934,8
.0,"Code(""Build"")",253,25,728682,55
.sig,"Data(""Security"")",252,77,35,4
.mak,"Code(""Build"")",251,0,9582,39
.info,"Documentation(""General"")",250,32,23594,45
.es,"Code(""Web"")",249,0,3863,2
build,,249,0,8412,44
.min.js,"Code(""Uncategorized"")",248,0,64437,44
.pbxproj,"Configuration("""")",248,0,55544,46
.lib,"Documentation(""Legal"")",247,190,4178,26
.5,"Documentation(""Manual"")",246,10,16806,71
.man,"Documentation(""General"")",246,0,17823,45
.bats,"Code(""Script"")",244,0,9012,29
.snap,"Data(""Expectation"")",241,0,24061,17
.i,"Code(""Uncategorized"")",240,0,10404,30
.asm,"Code(""Assembly"")",230,0,53088,29
.scala,"Code(""Uncategorized"")",230,0,4877,9
.icon,,228,0,16572,1
.bazel,"Code(""Build"")",227,0,5405,53
.pas,"Code(""Uncategorized"")",227,0,43465,12
.nib,"Data(""Binary"")",223,219,6666,5
progress,,223,223,0,6
.swift,"Code(""Uncategorized"")",221,0,6157,46
.fl,,220,0,8605,4
.ttl,"Data(""Text"")",220,0,54573,4
.clang-format,"Configuration(""DevEx"")",219,0,8272,156
.guess,"Code(""Build"")",219,0,217138,118
.elf,"Code(""Build"")",217,5,109128,4
.hs,"Code(""Uncategorized"")",216,0,4703,14
.idr,"Code(""Uncategorized"")",216,0,1136,1
.inf,"Configuration("""")",216,2,148547,14
.raw,,216,9,8996,10
.y,"Code(""Grammar"")",216,0,36395,54
.sub,"Code(""Build"")",215,1,245671,116
.tsv,"Data(""Text"")",215,0,391492,6
pkgbuild,,215,0,1636,51
.service,"Configuration("""")",213,0,1374,93
doxyfile,"Configuration("""")",212,0,77768,91
linguas,"Configuration("""")",212,0,711,91
.bin,"Data(""Binary"")",211,161,7265,30
arrow,,211,1,205,6
missing,"Code(""Build"")",209,0,43485,119
.agdd,,208,0,1830,1
.pem,"Data(""Security"")",204,0,71126,42
.sty,"Documentation(""General"")",204,0,24800,24
contributors,"Documentation(""Legal"")",202,0,2840,69
watch,"Configuration("""")",202,4,273,48
.gitmodules,"Configuration(""DevEx"")",201,0,778,137
.ll,"Code(""Uncategorized"")",201,0,6192,10
.xsl,"Code(""Template"")",201,0,26919,19
.ebuild,"Code(""Build"")",200,0,6467,22
08ffe1e65f80fcfdf9fff11263e74c48,,200,0,200,2
.bz2,"Data(""Archive"")",194,186,71,19
.erb,"Code(""Web"")",191,0,3738,25
.dic,"Data(""Text"")",187,0,172051,6
.blp,"Code(""UI"")",186,0,4763,11
.cmd,"Code(""Script"")",184,0,8868,59
.bmp,"Data(""Image"")",183,183,0,19
.rdoc,"Documentation(""General"")",183,0,2267,33
.props,"Code(""Build"")",182,0,1984,37
.qss,,182,0,25789,5
.diff,"Data(""Text"")",180,0,1343897,49
depcomp,"Code(""Build"")",177,0,71342,102
.less,"Code(""Web"")",176,0,19599,10
.7,"Documentation(""Manual"")",175,14,17601,30
.lbx,,172,0,555,1
.dox,"Documentation(""General"")",171,0,7229,41
.qrc,"Code(""Build"")",170,0,3022,46
default,,166,20,565,8
help,,165,158,81,11
.fish,"Code(""Script"")",164,0,1550,43
wait,,164,157,10,7
.docbook,"Documentation(""General"")",162,0,22102,5
.classpath,"Configuration(""DevEx"")",161,0,2731,14
copy,,161,160,41,7
.ocamlformat,"Configuration(""DevEx"")",160,0,593,121
all-scroll,,160,160,0,6
cell,,160,160,0,6
dnd-move,,160,160,0,6
dnd-no-drop,,160,160,0,6
pirate,,160,159,1,6
wscript,,160,0,5204,7
x-cursor,,160,160,0,6
not-allowed,,159,159,0,6
.tt2,,158,0,2325,1
context-menu,,158,158,0,6
crosshair,,158,158,0,6
down-arrow,,158,158,0,6
up-arrow,,158,158,0,6
zoom-in,,158,158,0,6
zoom-out,,158,158,0,6
text,,157,156,322,7
col-resize,,156,156,0,6
color-picker,,156,156,0,6
openhand,,156,156,0,6
pencil,,156,156,0,6
pointer,,156,22,68,6
right_ptr,,156,156,0,6
row-resize,,156,156,0,6
vertical-text,,156,156,0,6
alias,,155,20,76,7
center_ptr,,155,155,0,5
bottom_side,,154,20,68,6
draft,,154,20,68,6
left-arrow,,154,20,68,6
left_side,,154,20,68,6
no-drop,,154,20,68,6
right-arrow,,154,20,68,6
right_side,,154,20,68,6
size_bdiag,,154,20,68,6
size_fdiag,,154,20,68,6
size_hor,,154,20,68,6
size_ver,,154,20,68,6
top_side,,154,20,68,6
wayland-cursor,,154,20,68,6
.afm,"Data(""Font"")",153,0,250318,1
.ri,,153,68,588,2
bottom_left_corner,,153,19,68,6
bottom_right_corner,,153,19,68,6
fleur,,153,18,69,6
link,,153,143,5,8
top_left_corner,,153,19,68,6
top_right_corner,,153,19,68,6
".3""",,151,0,2591,1
.ico,"Data(""Image"")",151,145,0,81
circle,,151,143,3,6
cross,,151,143,3,6
dnd-copy,,151,143,3,6
move,,151,143,3,6
left_ptr_watch,,150,4,75,7
ll_angle,,150,143,2,6
lr_angle,,150,143,2,6
ul_angle,,150,143,2,6
ur_angle,,150,143,2,6
w-resize,,150,141,4,6
.6,"Documentation(""Manual"")",149,7,20170,35
ne-resize,,149,141,3,5
nesw-resize,,149,141,3,5
nw-resize,,149,141,3,5
nwse-resize,,149,141,3,5
se-resize,,149,141,3,5
sw-resize,,149,141,3,5
opam,,148,0,1439,34
s-resize,,148,139,4,6
.ipynb,"Code(""Notebook"")",147,0,39786,18
.sc,"Code(""Uncategorized"")",147,0,2118064,4
left_ptr,,147,139,3,6
08e8e1c95fe2fc01f976f1e063a24ccd,,146,2,74,6
3ecb610c1bf2410f44200f48c40d3599,,146,2,74,6
closedhand,,146,137,4,6
e-resize,,146,137,4,6
n-resize,,146,137,4,6
pointing_hand,,146,137,4,6
.awk,"Code(""Script"")",145,0,6579,24
00000000000000020006000e7e9ffc3f,,145,2,72,6
00008160000006810000408080010102,,145,1,74,6
03b6e0fcb3499374a867c041f52298f0,,145,1,74,6
3085a0e285430894940527032f8b26df,,145,1,74,6
4498f0e0c1937ffe01fd06f973665830,,145,1,74,6
5c6cd98b3f3ebcb1f9c7f1c204630408,,145,1,74,6
640fb0e74195791501fd1ed57b41487f,,145,1,74,6
9081237383d90e509aa00f00170e968f,,145,1,74,6
9d800788f1b08800ae810202380a0822,,145,1,74,6
crossed_circle,,145,3,71,6
d9ce0ab605698f320427677b458ad60b,,145,1,74,6
dnd-none,,145,3,71,6
e29285e634086352946a0e7090d73106,,145,1,74,6
ew-resize,,145,141,4,4
grabbing,,145,3,71,6
h_double_arrow,,145,1,74,6
half-busy,,145,2,72,6
hand1,,145,1,74,6
hand2,,145,3,71,6
ns-resize,,145,141,4,4
plus,,145,3,71,6
question_arrow,,145,3,71,6
sb_h_double_arrow,,145,3,71,6
sb_v_double_arrow,,145,3,71,6
v_double_arrow,,145,1,74,6
xterm,,145,3,71,6
.obj,"Data(""Text"")",144,111,30107,11
1081e37283d90000800003c07f3ef6bf,,144,1,72,6
6407b0e94181790501fd1e167b474872,,144,1,72,6
a2a266d0498c3104214a47bd64ab0fc8,,144,1,72,6
fcf21c00b30f7e3f83fe0dfd12e71cff,,144,1,72,6
forbidden,,144,1,72,6
ibeam,,144,1,72,6
size_all,,144,1,72,6
split_h,,144,1,72,6
split_v,,144,1,72,6
whats_this,,144,1,72,6
b66166c04f8c3109214a4fbd64a50fc8,,143,0,72,5
dnd-ask,,143,143,0,4
dnd-link,,143,143,0,4
grab,,143,1,71,5
left_tee,,143,143,0,4
compat,"Configuration("""")",142,0,173,109
.cursor,,141,0,1330,3
bottom_tee,,141,141,0,4
dotbox,,141,141,0,4
top_left_arrow,,141,1,74,5
.tmpl,"Code(""Template"")",140,0,5482,34
.utf8,"Data(""Text"")",140,49,2644,3
bd_double_arrow,,140,3,71,5
cross_reverse,,140,1,73,5
diamond_cross,,140,1,73,5
dot,,140,140,0,2
fd_double_arrow,,140,3,71,5
tcross,,140,2,72,4
.cvsignore,"Configuration(""DevEx"")",139,0,832,34
right_tee,,139,139,0,4
size-bdiag,,139,1,72,4
size-fdiag,,139,1,72,4
size-hor,,139,1,72,4
size-ver,,139,1,72,4
top_tee,,139,139,0,4
config,"Configuration("""")",138,2,2207,56
.mll,"Code(""ML"")",137,0,4190,39
.pri,"Code(""Build"")",137,0,1472,19
028006030e0e7ebffc7f7070c0600140,,137,1,70,4
14fef782d02440884392942c11205230,,137,1,70,4
2870a09082c103050810ffdffffe0204,,137,1,70,4
c7088f0f3e6c8088236ef8e1e3e70000,,137,1,70,4
dot_box_mask,,137,1,70,4
double_arrow,,137,1,70,4
draped_box,,137,1,70,4
fcf1c3c7cd4491d801f1e1c78f100000,,137,1,70,4
hand,,137,1,70,4
icon,,137,1,70,4
sb_down_arrow,,137,3,68,4
sb_left_arrow,,137,3,68,4
sb_right_arrow,,137,3,68,4
sb_up_arrow,,137,3,68,4
target,,137,1,70,4
x_cursor,,137,3,68,4
.dylib,"Data(""Binary"")",136,136,0,7
.r,"Code(""Uncategorized"")",136,0,4126,11
.rake,"Code(""Script"")",136,0,1403,33
.expect,"Data(""Expectation"")",135,0,5216,6
clock,,135,0,69,3
pointer-move,,135,1,68,3
.cape,,134,0,6355280,1
03b6e0fcb3499374a867d041f52298f0,,134,0,68,2
0426c94ea35c87780ff01dc239897213,,134,0,68,2
043a9f68147c53184671403ffa811cc5,,134,0,68,2
048008013003cff3c00c801001200000,,134,0,68,2
0876e1c15ff2fc01f906f1c363074c0f,,134,0,68,2
08ffe1cb5fe6fc01f906f1c063814ccf,,134,0,68,2
208530c400c041818281048008011002,,134,0,68,2
38c5dff7c7b8962045400281044508d2,,134,0,68,2
50585d75b494802d0151028115016902,,134,0,68,2
5aca4d189052212118709018842178c0,,134,0,68,2
9116a3ea924ed2162ecab71ba103b17f,,134,0,68,2
based_arrow_down,,134,0,68,2
based_arrow_up,,134,0,68,2
c07385c7190e701020ff7ffffd08103c,,134,0,68,2
down_arrow,,134,0,68,2
f41c0e382c94c0958e07017e42b00462,,134,0,68,2
f41c0e382c97c0938e07017e42800402,,134,0,68,2
gumby,,134,0,68,2
kill,,134,0,68,2
left_arrow,,134,0,68,2
manifest,,134,0,1096,43
right_arrow,,134,0,68,2
top_right_arrow,,134,0,68,2
up_arrow,,134,0,68,2
zoom_in,,134,0,68,2
zoom_out,,134,0,68,2
.ftl,"Code(""Template"")",132,0,1128,13
.tc,"Code(""Build"")",132,0,2133311,5
.bbx,,128,0,449,1
.script,,127,0,2287,30
.hc,,126,0,2116117,1
.j,,126,0,2133561,1
.k,,126,0,2114311,1
.hcd,,125,125,0,2
.phpt,"Code(""Web"")",125,1,1935,4
.mjs,"Code(""Uncategorized"")",124,0,24353,44
compile,"Code(""Build"")",123,0,19717,71
.vader,"Code(""Script"")",122,0,3379,7
codeowners,"Configuration(""DevEx"")",121,0,940,92
.page,"Documentation(""General"")",119,0,4740,4
.psql,,117,117,0,1
.d,"Code(""Uncategorized"")",116,0,5180,16
.htm,"Code(""Uncategorized"")",116,0,10579,10
.asmt,,115,0,43983,1
.x,,115,4,8170,16
.yo,,114,0,1596,2
qmldir,,114,0,710,4
.dbx,,113,0,241,1
notice,"Documentation(""Legal"")",113,0,2629,55
.asc,"Data(""Security"")",112,0,3503,25
.t1,,111,111,0,1
.mly,"Code(""ML"")",109,0,3183,24
.typed,,109,0,12,99
.eps,"Data(""Image"")",108,1,477978,4
.golden,"Data(""Expectation"")",108,0,12118,10
meta,,108,0,808,40
.bcf,,107,0,373,1
.asciidoc,"Documentation(""General"")",106,0,1372,17
.common,"Code(""Build"")",106,0,3551,45
.rpy,,106,0,268016,1
.hbs,"Code(""Template"")",105,0,1423,7
.tiff,"Data(""Image"")",105,105,0,8
.2,"Documentation(""Manual"")",103,15,59443,23
.cbx,,102,0,227,1
.xcf,"Data(""Image"")",100,98,0,21
release_notes,,100,0,781,8
.dist,,99,0,6677,26
.vs,"Code(""Shader"")",99,0,55,2
.kts,"Code(""Uncategorized"")",98,0,1384,15
.ogg,"Data(""Audio"")",98,98,0,13
.tld,,98,0,12324,4
cask,,98,0,373,47
.coveragerc,"Configuration(""DevEx"")",97,0,709,69
eask,,97,0,613,27
.lut,,96,0,3373,1
.sgml,"Data(""Text"")",95,0,6813,16
.sym,"Data(""Text"")",95,0,63689,16
.arb,,94,0,4921,2
.dsp,"Code(""Build"")",94,0,91683,19
.spe,,94,94,0,1
run,,94,0,779,20
.tmplt,,93,0,3168,3
.ps,"Data(""Document"")",92,0,2062458,18
.pyc,"Data(""Binary"")",92,92,0,6
.vue,"Code(""Web"")",92,0,8911,10
.canonical,,91,0,0,1
.dtd,"Code(""Schema"")",91,0,7964,22
.flake8,"Configuration(""DevEx"")",91,0,507,65
.fst,,91,77,25600,2
.sbk,,91,0,171316,1
.l,"Code(""Grammar"")",88,0,5659,32
.pxd,"Code(""Uncategorized"")",88,0,1927,25
_tags,,88,0,778,28
.orig,"Data(""Text"")",86,0,10703,20
.wrap,"Configuration("""")",86,0,613,32
.dbg,,85,84,94,2
.fsproj,"Code(""Build"")",85,0,419,6
.ndjson,"Data(""Text"")",85,0,771,1
.shader,,85,0,61,2
release,,85,0,3149,38
.key,"Data(""Document"")",84,14,2492,26
.om,,83,0,586,2
.ttx,"Data(""Font"")",83,0,2612961,5
.txtar,"Data(""Text"")",83,0,1772,5
.ctl,,82,0,1442,3
.err,"Data(""Expectation"")",82,0,1296,8
.fpr,,82,0,371378,1
.loader-error,,82,1,0,1
.resx,"Configuration(""Localization"")",82,0,2257,7
.bml,,81,0,393,2
.glade,"Code(""UI"")",81,0,35984,29
.designspace,"Data(""Font"")",80,0,34261,5
bootstrap,,80,0,1131,43
.4,"Documentation(""Manual"")",79,23,18069,22
.v,"Code(""Hardware"")",79,0,1882,11
.xlsx,"Data(""Document"")",79,79,0,11
jamfile,,79,0,2887,2
.clang-tidy,"Configuration(""DevEx"")",78,0,1301,49
.fsi,"Code(""ML"")",78,0,2105,3
.pml,,78,0,0,1
.tf,"Configuration("""")",77,0,2295,5
.dis,,76,0,10135,2
pfetch,,76,0,938,2
.db,"Data(""Database"")",75,18,4022,19
.license,"Documentation(""Legal"")",75,0,1292,14
.nimble,,75,0,387,8
dependencies,,75,0,630,18
.clj,"Code(""Lisp"")",74,0,2684,5
.vc,"Code(""Build"")",74,3,13701,15
.smt2,"Code(""Uncategorized"")",73,0,515,5
.webp,"Data(""Image"")",73,73,0,17
.2bk,"Documentation(""Manual"")",72,0,445,1
.bib,"Documentation(""General"")",72,0,3959,34
.chip,,72,0,256,1
.gitkeep,"Configuration(""DevEx"")",72,0,1,29
.suppress,,72,0,1786,13
justfile,"Code(""Build"")",72,0,999,28
output,"Data(""Expectation"")",72,0,550,3
.lassen,,71,0,5502,1
.mailmap,"Configuration(""DevEx"")",71,0,455,52
.silk,,71,0,0,1
.dae,"Data(""Binary"")",70,1,34765,3
.mp3,"Data(""Audio"")",70,70,0,7
.project,"Configuration(""DevEx"")",70,0,2435,30
.text,"Data(""Text"")",70,0,2647,6
.asd,,69,0,417,8
.gold,"Data(""Expectation"")",69,1,35,2
.grc,,69,0,50710,4
.old,"Documentation(""General"")",69,0,22511,36
.sls,,69,0,4021,1
patents,"Documentation(""Legal"")",69,0,1508,27
.cat,"Data(""Security"")",68,23,7160,8
.wxs,"Code(""Build"")",68,0,24989,15
credits,"Documentation(""Legal"")",68,0,984,37
.example,"Data(""Text"")",67,0,1189,29
.opts,,67,0,94,8
.sms,,67,0,260,1
.1bk,"Documentation(""Manual"")",66,0,2459,1
.coffee,"Code(""Web"")",66,0,1240,1
.list,"Data(""Text"")",66,2,44903,23
.ods,"Data(""Document"")",66,66,0,7
.bas,"Code(""Uncategorized"")",65,0,9359,6
.dtx,,65,0,2622,3
format,"Configuration("""")",65,0,374,56
mkinstalldirs,,65,0,4412,44
test,,65,3,819,37
.dsw,"Code(""Build"")",64,0,3065,14
.release,,64,0,375,29
.tpl,"Code(""Template"")",64,0,1332,14
.ttf_orig,,64,64,0,1
expected,"Data(""Expectation"")",64,0,9379,3
"icon\r""",,64,0,0,1
.glsl,"Code(""Shader"")",63,0,1667,14
.symbols,"Data(""Binary"")",63,0,2587,21
docs,"Configuration("""")",63,0,281,48
setup,"Code(""Build"")",63,0,830,43
thanks,"Documentation(""Legal"")",63,0,388,36
.spp,,62,6,128,2
.bzl,"Code(""Build"")",61,0,4328,18
.icns,"Data(""Image"")",61,61,0,28
.pc,"Configuration("""")",61,0,414,26
.zon,,61,0,285,10
.code,"Documentation(""Legal"")",60,0,193,4
.debian,"Documentation(""General"")",60,0,679,29
.lassen_cpu,,60,0,4288,1
.mkd,"Documentation(""General"")",60,0,251,6
.mld,,60,0,743,21
.axaml,,59,0,867,3
.gyp,"Code(""Build"")",58,0,599,25
aws_s3_object_manifests-etcdmanager-events-master-us-test-1a_content,,58,0,348,1
aws_s3_object_manifests-etcdmanager-main-master-us-test-1a_content,,58,0,348,1
.bugfix,,57,0,76,7
.cow,,57,0,158,1
.flf,"Data(""Font"")",57,0,1510,1
.perl,,57,0,1812,2
.romhdr,,57,0,2325,1
.target,,57,0,871,3
.ds_store,,56,56,0,16
.import,,56,0,1743,1
.bpl,"Code(""Uncategorized"")",55,0,1778,2
.directory,,55,0,7599,5
.hgtags,"Configuration(""DevEx"")",55,0,135,15
.lsp,"Code(""Lisp"")",55,0,12319,2
.psm1,"Code(""Script"")",55,0,4274,8
gtkrc,,55,0,5349,6
.dot,"Code(""Diagram"")",54,4,1448,12
.exact,,54,0,1466,2
.iml,,54,0,1561,22
.initd,,54,0,344,5
.pylintrc,"Configuration(""DevEx"")",54,0,9782,36
_oasis,,54,0,861,11
pipfile,"Configuration("""")",54,0,454,18
yadm,,54,0,3864,2
.crt,"Data(""Security"")",53,0,13387,17
.mingw,"Code(""Build"")",53,0,1416,17
.od,,53,0,215,1
.tscn,,53,0,3527,1
appraisals,,53,0,1307,14
console,"Code(""Build"")",53,0,492,37
files,,53,0,459,20
sendxmpp,,53,0,1338,2
.dockerignore,"Configuration(""DevEx"")",52,0,597,40
potfiles,"Configuration("""")",52,0,608,25
.deb,"Data(""Archive"")",51,48,77,6
.ex,"Code(""Uncategorized"")",51,0,1076,10
.merlin,,51,0,248,23
.mllib,,51,0,284,20
.nsi,"Code(""Script"")",51,0,2005,20
.vb,"Code(""Uncategorized"")",51,0,915,1
.a,"Data(""Binary"")",50,48,17,10
.dev,,50,0,727,26
.gdbinit,,50,0,415,3
.make,,50,0,1872,10
.n,,50,2,29362,7
.xhtml,"Code(""Uncategorized"")",50,0,5031,4
maintainers,"Documentation(""Legal"")",50,0,1120,18
.doc,"Data(""Text"")",49,25,4949,14
.frag,"Code(""Shader"")",49,0,990,11
.inv,,49,36,52,9
.iss,,49,0,1039,19
.klpw,,49,0,271,1
.opencl,,49,0,304,1
.pkl,"Data(""Binary"")",49,49,0,2
.ppt,"Data(""Document"")",49,49,0,4
.vapi,"Code(""Uncategorized"")",49,0,6428,14
neofetch,,49,0,905,2
plugininfo,,49,0,98,1
portpeek,,49,0,1777,1
.jucer,,48,0,6555,2
.lsm,,48,0,404,8
.luau,,48,0,156,1
.modified,,48,0,26169,1
.pfb,"Data(""Font"")",48,48,0,1
.pfm,"Data(""Font"")",48,48,0,1
.tga,"Data(""Image"")",48,48,0,5
.gn,"Code(""Build"")",47,0,1261,4
.tcc,,47,0,1572,6
screenfetch-dev,,47,0,1005,1
.cl,"Code(""Uncategorized"")",46,0,1872,11
.hrl,"Code(""Uncategorized"")",46,0,814,16
.ruby-version,"Configuration(""DevEx"")",46,0,73,27
.sample,"Data(""Text"")",46,0,548,22
entries,,46,0,425,8
obmenu-generator,,46,0,777,1
vagrantfile,"Code(""Build"")",46,0,961,18
.aff,"Data(""Text"")",45,0,16166,4
.cproject,"Configuration(""DevEx"")",45,0,22268,16
.cudf,,45,0,0,1
.gdml,,45,0,1090,1
.sed,"Code(""Script"")",45,0,804,20
.tgz,"Data(""Archive"")",45,45,0,12
.tokens,,45,2,54,5
gradlew,"Code(""Build"")",45,0,5203,23
steamtinkerlaunch,,45,0,1440,1
.baseline,"Data(""Expectation"")",44,4,1225,2
.vmsg,,44,0,2506,1
pulsemixer,,44,0,2707,1
.dasc,,43,0,26609,3
.hgignore,"Configuration(""DevEx"")",43,0,319,26
.prefs,"Configuration("""")",43,0,360,16
.rspec,"Configuration(""DevEx"")",43,0,128,35
.xbm,"Data(""Image"")",43,0,540,6
bashmount,,43,0,626,1
.atpy,,42,0,811,1
.bdf,"Data(""Font"")",42,0,135630,3
.beam,,42,42,0,1
.fypp,,42,0,1466,1
.hcl,"Configuration("""")",42,0,609,11
.rtf,"Documentation(""Legal"")",42,0,3360,11
dep5,,42,0,489,11
dirs,"Configuration("""")",42,0,76,26
tremc,,42,0,367,1
versions,,42,0,368,8
zram-init,,42,0,323,2
.gorm,,41,41,0,5
.mps,,41,0,1012,6
.ttc,"Data(""Font"")",41,41,0,1
.version,,41,0,83,19
git-publish,,41,0,338,1
gitstats,,41,0,433,1
podget,,41,0,10549,1
redoflacs,,41,0,2316,1
selecta,,41,0,916,1
tdrop,,41,0,682,1
.all-contributorsrc,,40,0,411,12
.mov,"Data(""Video"")",40,0,64612,1
.psd1,,40,0,832,6
.sch,"Code(""Lisp"")",40,0,84979,7
.sha256,"Data(""Checksum"")",40,0,63,13
.sor,,40,0,1317,1
.stdout,"Data(""Expectation"")",40,0,194,3
.te,"Code(""Uncategorized"")",40,0,521,4
jenkinsfile,"Code(""Build"")",40,0,1265,21
series,,40,0,112,20
.ans,,39,1,1124,5
.cppm,,39,0,1795,8
.git-blame-ignore-revs,"Configuration(""DevEx"")",39,0,178,22
.gns3a,,39,0,2150,2
.tar,"Data(""Archive"")",39,39,0,7
.wakka,"Documentation(""General"")",39,0,1601,1
fontpreview,,39,0,328,1
pkg-info,,39,0,211,9
.faceup,,38,0,9320,2
.ispc,"Code(""Uncategorized"")",38,0,205,1
.j2,"Code(""Build"")",38,0,896,9
.lfm,,38,0,50662,2
.libretro,"Code(""Build"")",38,0,589,3
.sld,"Code(""Lisp"")",38,0,337,3
.ss,"Code(""Lisp"")",38,0,1070,3
conf2struct,,38,0,823,1
run-test,,38,0,2413,5
uefi-mkconfig,,38,0,1290,1
.aug,"Code(""Uncategorized"")",37,0,687,1
.depend,,37,0,2113,15
.if,,37,0,656,3
.ih,,37,0,274,2
.lst,"Data(""Text"")",37,0,1342,12
.mes,,37,0,164,1
.neon,,37,0,1908,10
.re,"Code(""ML"")",37,0,1352,3
.ronn,"Documentation(""General"")",37,0,1073,9
.sbt,"Code(""Build"")",37,0,565,6
bashtop,,37,0,500,1
check_ipmi_sensor,,37,0,712,1
hatop,,37,0,760,1
.enc,,36,12,2419,11
.exs,"Code(""Uncategorized"")",36,0,390,7
.header,,36,0,498,15
.pre,,36,0,568,10
.supp,,36,0,830,25
.sys,"Data(""Binary"")",36,36,0,6
.tab,"Data(""Text"")",36,0,6525,8
easyrsa,,36,0,797,1
faq,,36,0,2818,20
git-restore-mtime,,36,0,352,1
libtool,,36,0,183889,10
pastebinit,,36,0,1712,1
shelldap,,36,0,1262,1
testoutput,,36,0,88,1
.apt,,35,0,1419,3
.do,"Code(""Script"")",35,0,451,2
.mtr,,35,35,0,1
.odocl,,35,0,160,17
.sha,"Data(""Checksum"")",35,0,35,1
.status,,35,0,26645,12
.tres,,35,0,5634,1
.try,,35,0,581,1
.tt,,35,0,676,5
configure~,,35,0,81249,3
doasedit,,35,0,261,1
status,,35,0,287,2
unsymlink-lib,,35,0,1325,1
xfs_undelete,,35,0,1060,1
.apk,"Data(""Archive"")",34,34,0,1
.default,,34,0,2022,16
.dita,"Documentation(""General"")",34,0,444,1
.luacheckrc,"Configuration(""DevEx"")",34,0,297,20
.pgm,"Data(""Image"")",34,31,10,3
.source,"Documentation(""General"")",34,0,1134,10
bugs,,34,0,375,21
hacking,"Documentation(""General"")",34,0,2147,23
.astro,"Code(""Web"")",33,0,1060,3
.br,"Data(""Archive"")",33,33,0,1
.chm,"Data(""Binary"")",33,33,0,7
.ids,,33,0,10399,6
.mf,"Configuration(""Manifest"")",33,0,218,10
.rl,"Code(""Grammar"")",33,0,1061,8
.wat,"Code(""Build"")",33,0,1836,15
clatd,,33,0,544,1
fff,,33,0,471,1
licence,"Documentation(""Legal"")",33,0,3422,18
makevars,,33,0,1053,25
moderate-post,,33,0,173,1
postgrey_whitelist_clients,,33,0,146,1
wgetpaste,,33,0,427,1
.acs,,32,1,3423,2
.article,,32,0,1688,1
.b,,32,8,548,5
.cert,"Data(""Security"")",32,0,950,18
.cff,,32,0,400,19
.gcc,"Code(""Build"")",32,0,3390,9
.ja,,32,0,2007,10
.jpeg,"Data(""Image"")",32,32,0,7
.jsx,"Code(""Uncategorized"")",32,0,1089,5
.launch,,32,0,492,4
.lean,"Code(""Uncategorized"")",32,0,895,1
.metadata,,32,0,420,5
.odt,"Data(""Document"")",32,32,0,11
.sin,,32,0,582,11
.ver,,32,0,351,7
cwdiff,,32,0,882,1
image1,,32,32,0,1
image2,,32,32,0,1
image3,,32,32,0,1
image4,,32,32,0,1
image5,,32,32,0,1
image6,,32,32,0,1
image7,,32,32,0,1
image8,,32,32,0,1
image9,,32,32,0,1
latexdiff,,32,0,4696,1
mate-tweak,,32,0,326,1
nerdfetch,,32,0,879,1
result_--passwords demopass,,32,0,225,1
result_--passwords demopass --verbose,,32,0,279,1
root,,32,0,35,6
unoconv,,32,0,1265,1
xpanes,,32,0,961,1
.cson,,31,0,197,1
.odin,"Code(""Uncategorized"")",31,0,894,2
.pbm,"Data(""Image"")",31,9,88,2
.ru,,31,1,127,9
.user,,31,0,879,9
innotop,,31,0,591,1
installkernel,,31,0,179,2
lib,,31,0,58,5
pgbadger,,31,0,697,1
repository,,31,0,33,5
txt2man,,31,0,1001,1
url-select,,31,0,420,1
.bsh,"Code(""Script"")",30,0,1469,2
.elpi,"Code(""Lisp"")",30,0,1324,1
.envrc,,30,0,177,26
.its,,30,0,1085,5
.lfe,,30,0,2567,1
.override,,30,0,323,2
.tfm,,30,30,0,1
.win,,30,0,4506,15
02video-cards,,30,0,22,1
betterlockscreen,,30,0,447,1
core,,30,0,70,5
dehydrated,,30,0,382,1
functions,,30,0,2174,6
git-filter-repo,,30,0,866,1
hyprshot,,30,0,725,1
tabbedex,,30,0,685,1
terminal-colors,,30,0,650,1
.cdata,,29,29,0,1
.dirs,,29,0,60,15
.docs,,29,0,1769,20
.eselect,,29,0,911,5
.gpx,"Data(""Text"")",29,0,490,1
.nuspec,"Code(""Build"")",29,0,139,12
.ppd,,29,0,5901,3
.sam,"Data(""Text"")",29,0,339,2
.sha512,"Data(""Checksum"")",29,0,29,13
.svgz,"Data(""Image"")",29,29,0,3
common,,29,0,359,6
dex,,29,0,2311,1
googletest,,29,0,53,8
inxi,,29,0,21921,1
manpages,,29,0,794,8
porticron,,29,0,442,1
requests,,29,0,5814,11
seekwatcher,,29,0,1731,1
split2flac,,29,0,186,1
.comp,"Code(""Shader"")",28,0,1991,6
.fwb,,28,0,463,1
.hlsl,"Code(""Shader"")",28,0,1010,6
.nelua,,28,0,467,1
.ok,,28,0,2875,5
.stmt,,28,0,1071,1
.structure,,28,0,0,1
.xv,,28,28,0,1
benchmark,,28,2,147,7
buck,"Code(""Build"")",28,0,843,8
imgurbash2,,28,0,1549,1
sec,,28,0,22086,1
shutter,,28,0,646,1
.claws_themeinfo,,27,0,68,1
.cppo,,27,0,370,2
.cst,,27,0,1147,1
.cststream,,27,0,573,1
.dict,,27,1,26139,8
.elpaignore,,27,0,161,19
.jl,"Code(""Uncategorized"")",27,0,1311,5
.keep,"Configuration(""DevEx"")",27,0,0,15
.ktx2,,27,27,0,1
.mdown,"Documentation(""General"")",27,0,267,3
.menu,,27,0,4581,6
.mmtf,,27,27,0,1
.pump,,27,0,8851,5
.shtml,,27,0,2491,1
.swg,,27,0,11075,1
.vpj,,27,0,1462,1
.writerperfect,,27,0,3035,1
.zs,,27,0,1009,1
01input-devices,,27,0,22,1
eldev,,27,0,211,11
mkl-dnn,,27,0,54,1
sconstruct,,27,0,576,9
shunit2,,27,0,3251,4
themerc,,27,0,630,5
wpa_supplicant,,27,0,22,1
.10,,26,3,644,11
.cnf,"Configuration("""")",26,2,4914,11
.init,,26,0,1578,14
.mbd,,26,0,10847,1
.msg,,26,1,1988,6
.plo,,26,0,26,1
.resolved,,26,0,427,21
.skip,,26,0,108,19
.xlf,,26,0,2340,1
check_lm_sensors,,26,0,2247,1
earthfile,"Code(""Build"")",26,0,1328,4
license-mit,"Documentation(""Legal"")",26,0,346,15
omakefile,,26,0,770,2
tbsm,,26,0,417,1
.classes,,25,0,563,4
.jj,,25,0,16059,5
.lpr,,25,0,832,3
.nvmrc,"Configuration(""DevEx"")",25,0,30,6
.options,,25,0,130,14
.sexp,,25,0,2722,3
.texinfo,"Documentation(""General"")",25,0,69,2
.wiki,"Documentation(""General"")",25,0,3035,5
ar-lib,,25,0,3046,14
chroot-wrapper,,25,0,861,1
getuto,,25,0,176,1
grimblast,,25,0,823,1
tpacpi-bat,,25,0,368,1
tpm,,25,0,138,1
.cabal,"Code(""Build"")",24,0,470,7
.cdr,,24,24,0,1
.cgi,,24,0,3886,11
.commandline,,24,0,48,1
.cpd,,24,24,0,1
.edn,"Code(""Lisp"")",24,0,37,2
.glob,,24,0,412,2
.plugin,,24,0,105,3
.python-version,"Configuration(""DevEx"")",24,0,62,16
.targets,"Code(""Build"")",24,0,539,9
.tlog,,24,24,0,2
.unix,"Code(""Build"")",24,0,1050,11
.vtest,,24,0,124,1
cdm,,24,0,212,1
check_openvpn,,24,0,859,1
git-fixup,,24,0,485,1
image10,,24,24,0,1
image11,,24,24,0,1
image12,,24,24,0,1
image13,,24,24,0,1
image14,,24,24,0,1
tessen,,24,0,697,1
workspace,"Code(""Build"")",24,0,435,18
.buckconfig,,23,0,47,5
.changelog,"Documentation(""General"")",23,0,5440,2
.desc,,23,0,95,5
.disabled,,23,0,212,11
.effect,,23,0,1173,2
.entitlements,"Configuration("""")",23,0,167,7
.gmo,,23,23,0,4
.hints,,23,0,437,2
.mako,,23,0,1070,4
.manifest,"Configuration(""Manifest"")",23,0,157,11
.odp,"Data(""Document"")",23,23,0,4
.pde,,23,0,2397,2
.preamble,"Code(""Build"")",23,0,168,3
.pxi,"Code(""Uncategorized"")",23,0,354,6
.right,,23,0,391,2
.rkt,"Code(""Lisp"")",23,0,1159,1
.sml,"Code(""ML"")",23,0,418,2
.sprite,"Data(""Text"")",23,0,336,1
.swp,,23,23,0,12
.td,"Code(""Uncategorized"")",23,0,646,5
.upstream,"Documentation(""General"")",23,0,486,2
.utf-8,,23,0,3386,4
.win1,,23,0,19,2
engine,,23,0,74,2
make_doc,,23,0,444,9
postinst,,23,0,338,17
pylintrc,,23,0,1374,9
tlsa,,23,0,295,1
.12,,22,1,800,9
.9,"Documentation(""Manual"")",22,9,38,7
.com,"Data(""Binary"")",22,1,14821,10
.examples,"Documentation(""General"")",22,0,432,14
.export,,22,0,1005,1
.hwdb,,22,0,6639,2
.lintian-overrides,,22,0,54,6
.linux,"Code(""Build"")",22,0,760,14
.luacov,,22,0,237,8
.metal,"Code(""Shader"")",22,0,1076,5
.nn,,22,22,0,1
.pyw,"Code(""Uncategorized"")",22,0,9827,2
.rd,,22,0,692,1
.tlg,,22,0,894,3
biosdisk,,22,0,476,1
e-file,,22,0,283,1
icdiff,,22,0,903,1
needrestart,,22,0,301,1
x86-64-level,,22,0,392,1
xbacklight,,22,0,399,1
.58,,21,21,0,1
.bak,"Data(""Text"")",21,0,36794,10
.de,,21,0,826,8
.document,,21,0,71,19
.empty,,21,0,14,7
.for,"Code(""Fortran"")",21,0,262,1
.htaccess,"Configuration(""DevEx"")",21,0,71,6
.mac,,21,0,312,5
.opt,,21,2,18,8
.peg,"Code(""Grammar"")",21,0,164,2
.ppb,,21,21,0,1
.rpath,,21,0,9684,16
.rpm,"Data(""Archive"")",21,21,0,2
.trees,,21,0,118,1
diffmask,,21,0,894,1
dzr,,21,0,175,1
eless,,21,0,243,1
make_vkroots,,21,0,688,1
poolmon,,21,0,1682,1
test-driver,,21,0,1736,16
.32,,20,0,84,2
.ci,"Code(""Build"")",20,0,163,4
.ecr,,20,0,1483,2
.env,"Configuration("""")",20,0,144,13
.fd,,20,5,258,4
.git-id,,20,0,20,1
.jhm,,20,0,752,1
.mexmaci64,,20,20,0,1
.mlir,"Code(""Uncategorized"")",20,0,691,3
.moon,"Code(""Uncategorized"")",20,0,402,2
.osx,"Code(""Build"")",20,0,606,8
.p,,20,0,104,5
.params,,20,0,214,3
.postinst,,20,0,289,14
.result,"Data(""Expectation"")",20,0,400,2
.suo,,20,20,0,7
.v36,"Documentation(""General"")",20,0,144,1
.vc6,,20,0,2665,1
.wxi,,20,0,101,4
.xib,"Code(""UI"")",20,0,2206,5
font-size,,20,0,704,1
ghidra,,20,0,2845,1
hprofile,,20,0,591,1
merge-usr,,20,0,864,1
pram,,20,0,408,1
ps3pf_utils,,20,0,17,1
syncoid,,20,0,486,1
testargs,,20,0,956,1
.04,,19,0,850,6
.app,,19,0,75,6
.base,,19,0,1605,6
.base64,,19,0,37,1
.blend,"Data(""Binary"")",19,19,0,2
.devtools,,19,0,194,7
.files,,19,0,62,5
.gmi,"Documentation(""General"")",19,0,272,3
.gmk,,19,0,1713,4
.ld,"Code(""Assembly"")",19,0,370,9
.lzma,,19,19,0,3
.manpages,,19,0,28,11
.mkdn,"Documentation(""General"")",19,0,175,4
.msc,"Code(""Build"")",19,0,732,7
.msvc,,19,0,248,9
.pcss,"Code(""Web"")",19,0,58,1
.textile,,19,0,100,5
.ubuntu,"Code(""Build"")",19,0,996,9
.vf,,19,19,0,1
.win2,,19,0,16,2
.win3,,19,0,16,2
.yas-parents,,19,0,19,2
ansiweather,,19,0,119,1
elogv,,19,0,395,1
input1,,19,0,81,1
libinput-gestures,,19,0,923,1
mw,,19,0,600,1
pre-commit,,19,0,231,13
youtube-viewer,,19,0,202,1
.11,,18,2,565,8
.60,,18,18,0,1
.64,,18,0,84,1
.asis,,18,1,163,1
.body,,18,0,3205,1
.c++,,18,0,999,3
.cuh,"Code(""Uncategorized"")",18,0,845,7
.dfa,,18,0,1653,1
.dsc,,18,0,350,5
.f90_template,,18,0,130,1
.g3,,18,0,1184,1
.go-version,,18,0,33,6
.hdf,,18,18,0,1
.hex,"Data(""Binary"")",18,0,958,5
.idl,"Data(""Binary"")",18,0,1867,6
.mkv,"Data(""Video"")",18,18,0,2
.npmignore,"Configuration(""DevEx"")",18,0,111,13
.policy,,18,0,250,11
.query,,18,0,58,1
.sps,,18,0,119,1
.sxd,,18,18,0,2
.wasm,"Data(""Binary"")",18,18,0,7
.xls,"Data(""Document"")",18,18,0,3
clean,,18,0,116,14
epkg,,18,0,303,1
igal2,,18,0,1171,1
license-apache,"Documentation(""Legal"")",18,0,942,8
lint,,18,0,107,10
listed,,18,0,144,1
makedefs,,18,0,132,1
pius-keyring-mgr,,18,0,1875,1
result_--passwords demopass --no-color,,18,0,99,1
result_--passwords demopass --verbose --no-color,,18,0,145,1
sconscript,"Code(""Build"")",18,0,379,6
star,,18,18,0,1
starlong,,18,18,0,1
unlisted,,18,0,144,1
wiki2beamer,,18,0,1274,1
.arm,,17,0,99,3
.at,,17,0,301,6
.bbcode,,17,0,575,3
.bp,,17,0,937,10
.changes,,17,0,365,10
.css_t,,17,0,2970,6
.ctags,,17,0,40,2
.dig,,17,0,721,1
.ditamap,"Documentation(""General"")",17,0,88,1
.docx,"Data(""Document"")",17,17,0,6
.ent,,17,0,789,2
.fig,,17,0,44731,1
.input,"Data(""Text"")",17,12,40,3
.layout,,17,0,238,3
.lesser,"Documentation(""Legal"")",17,0,4411,13
.libyaml,"Documentation(""Legal"")",17,0,465,14
.pnach,"Data(""Text"")",17,0,1283,1
.tags,,17,0,244,1
.templates,,17,0,1043,1
.wxl,"Code(""Build"")",17,0,349,2
audiotag,,17,0,2224,1
bookman,,17,0,251,1
brotli,,17,0,33,4
bsdl,,17,0,134,17
building,,17,0,462,6
buku,,17,0,643,1
cname,,17,0,18,14
ffmpeg,,17,17,0,1
makedist,,17,0,116,2
mit,,17,0,46,5
mit-license,,17,0,109,12
options,,17,0,268,12
php-cs-fixer,,17,17,0,4
prettyping,,17,0,357,1
spyview,,17,14,11,1
unrpa,,17,0,1510,1
update-ipsets,,17,0,2373,1
xkcd,,17,0,87,1
.als,,16,0,1356,1
.args,,16,0,58,2
.balance,,16,0,593,1
.csv_expected_1,,16,0,56,1
.csx,,16,0,230,2
.deps,,16,0,41,4
.descr,,16,0,179,9
.emitter-error,,16,0,0,1
.gen,,16,0,720,3
.git,"Documentation(""General"")",16,0,481,8
.m3u,,16,0,469,2
.mdb,"Data(""Database"")",16,16,0,1
.mexw64,,16,16,0,1
.nu,,16,0,123,3
.odg,"Data(""Document"")",16,16,0,2
.pip,,16,0,44,5
.riff-output,,16,0,62,1
.snippets,,16,0,353,3
.tads,,16,0,319,1
.timer,"Configuration("""")",16,0,31,6
.tool-versions,"Configuration(""DevEx"")",16,0,25,11
.vert,"Code(""Shader"")",16,0,386,4
.vimspec,,16,0,477,2
.whl,"Data(""Archive"")",16,16,0,2
.xcconfig,"Configuration("""")",16,0,335,5
.xslt,"Code(""Template"")",16,0,530,8
.ys,"Code(""Hardware"")",16,0,410,3
06-9e-0d,,16,16,0,1
_portage,,16,0,782,1
chkcrontab,,16,0,143,1
devtools,,16,0,30,4
gtk-youtube-viewer,,16,0,302,1
imapsync,,16,0,12694,1
mymefetch,,16,0,201,1
notes,,16,0,462,6
owners,"Configuration(""DevEx"")",16,0,74,10
rules-quot,,16,0,600,12
tenshi,,16,0,1682,1
tests,,16,0,570,5
update-version,,16,0,109,3
waldl,,16,0,339,1
.3mf,"Documentation(""Manual"")",15,15,0,3
.aj,"Code(""Uncategorized"")",15,0,191,2
.caf,,15,15,0,1
.doap,,15,0,296,8
.dpa,,15,15,0,1
.en,,15,0,1632,7
.ggb,,15,15,0,1
.htcl,,15,0,1189,1
.include,,15,0,179,6
.jsonproto,,15,0,135,1
.nojekyll,,15,0,6,10
.nsh,"Code(""Script"")",15,0,1682,7
.nw,,15,0,0,1
.parquet,"Data(""Database"")",15,15,0,2
.pin,,15,0,398,1
.pptx,"Data(""Document"")",15,15,0,4
.run,,15,0,331,6
.vcf,"Data(""Text"")",15,3,101,2
.yardopts,,15,0,74,13
06-55-07,,15,15,0,1
06-7e-05,,15,15,0,1
06-8e-0c,,15,15,0,1
arno-iptables-firewall,,15,0,362,1
athfhocail,,15,0,600,1
autogen,,15,0,101,8
deps,,15,0,1315,6
env,,15,0,23,5
git-flow-version,,15,0,30,1
glog,,15,0,30,1
lyfetch,,15,0,180,1
metadata,,15,0,104,12
mvnw,,15,0,3539,10
ponies,,15,0,22,1
rails,,15,0,81,4
releases,,15,0,95,4
set_property,,15,0,30,1
txt2html,,15,0,3033,1
update-check,,15,0,74,7
vdr,,15,0,77,1
xerr,,15,0,15,1
.59,,14,14,0,1
.about,"Documentation(""Legal"")",14,0,31,2
.cast,,14,0,2119,4
.checkstyle,,14,0,59,3
.control,"Configuration(""Manifest"")",14,0,30,5
.defs,,14,0,313,6
.drw,,14,14,0,1
.dump,"Data(""Text"")",14,1,1939,5
.epsu,,14,0,0,1
.fold,,14,0,174,1
.jinja2,"Code(""Template"")",14,0,82,4
.jsonc,"Data(""Text"")",14,0,683,7
.kdbx,"Data(""Security"")",14,14,0,1
.lds,"Code(""Assembly"")",14,0,241,3
.lm,,14,0,98,1
.lpi,,14,0,1472,2
.mdwn,,14,0,568,1
.mldylib,,14,0,63,7
.mor,,14,0,236,1
.natvis,,14,0,677,6
.news,,14,0,225,4
.omf,,14,0,56,2
.pkg,,14,0,392,4
.pp,"Code(""Build"")",14,0,1007,2
.pub,"Data(""Security"")",14,7,101,8
.st,,14,0,107,2
.tests,"Data(""Text"")",14,0,1641,6
.v16,,14,0,1953,1
.word-freq,,14,0,2461212,1
.zst,"Data(""Archive"")",14,14,0,3
00lastchange,,14,0,51,1
06-9a-03,,14,14,0,1
06-9a-04,,14,14,0,1
06-9e-0a,,14,14,0,1
06-9e-0c,,14,14,0,1
_gentoolkit,,14,0,753,1
autojump,,14,0,162,1
catalyst-lab,,14,0,115,1
dat2mtx,,14,14,0,1
fixes,,14,0,119,1
gen_compat_def,,14,0,76,1
git-version-gen,,14,0,595,8
huettel2mtx,,14,14,0,1
icmconf,,14,0,68,2
imakefile,,14,0,817,5
lsb_release,,14,0,758,1
oet,,14,0,1387,1
releasenote,,14,0,560,1
robtk,,14,0,28,1
splatmoji,,14,0,868,1
test_imagedata,,14,14,0,1
timeshift-autosnap,,14,0,227,1
toeno2mtx,,14,14,0,1
verify,,14,0,93,3
waf,,14,1,939,6
xsr,,14,0,501,1
.13,"Code(""Build"")",13,1,1046,6
.14,"Code(""Build"")",13,1,39,5
.15,"Code(""Build"")",13,1,95,6
.22,"Documentation(""General"")",13,0,11352,5
.bazelrc,"Configuration(""DevEx"")",13,0,40,10
.brd,,13,0,22581,3
.cbp,,13,0,316,7
.cmakein,,13,0,1092,7
.ctst,"Data(""Text"")",13,0,71,1
.device,,13,0,92,1
.error,,13,0,0,1
.gappkg,"Code(""Build"")",13,0,501,6
.helper,"Code(""Build"")",13,0,68,2
.imp,,13,0,109,5
.ino,,13,0,311,2
.jinja,"Code(""Template"")",13,0,784,4
.lo,,13,0,156,2
.mat,,13,12,28,2
.metrics,,13,0,319,1
.misc,,13,0,18,4
.nex,,13,0,6209,2
.php_cs,,13,0,625,3
.plux,,13,0,217,1
.podspec,"Code(""Build"")",13,0,31,5
.readme,,13,0,754,7
.req,,13,0,136,2
.spv,,13,13,0,4
.static,"Code(""Build"")",13,10,10,2
.tbl,"Data(""Text"")",13,0,1969,3
.terms,"Documentation(""Legal"")",13,0,450,4
.toc,,13,0,1766,6
.types,"Data(""Binary"")",13,0,656,7
06-55-04,,13,13,0,1
06-6a-06,,13,13,0,1
06-97-02,,13,13,0,1
06-97-05,,13,13,0,1
06-a7-01,,13,13,0,1
06-bf-02,,13,13,0,1
06-bf-05,,13,13,0,1
90_sw_notify,,13,0,70,1
backup-manager,,13,0,57,1
classes,,13,0,11,2
command-not-found,,13,0,276,1
dat2pgm,,13,13,0,1
dstat,,13,0,573,1
generate_readme,,13,0,523,5
install-dependencies,,13,0,91,3
log_debug,,13,0,43,6
log_error,,13,0,43,6
log_warning,,13,0,75,6
lolibc,,13,0,26,1
mailsync,,13,0,132,3
makefile_linux24x,,13,0,188,2
nwg-menu,,13,13,0,1
openrgb,,13,0,26,2
pfl,,13,0,127,1
spybrowse,,13,13,0,1
spypal,,13,13,0,1
src2man,,13,0,341,1
stminfo,,13,13,0,1
unfoo,,13,0,582,1
update_rubygems_and_install_bundler,,13,0,36,3
xelb-gen,,13,0,109,1
.20,"Documentation(""General"")",12,0,10455,4
.21,"Documentation(""General"")",12,0,37903,4
.ai,"Data(""Image"")",12,11,600,2
.air,,12,12,0,1
.alpine,"Code(""Build"")",12,0,133,10
.bashrc,,12,0,120,4
.bb,,12,0,171,7
.bigrams,,12,0,98766,1
.bsd,"Documentation(""Legal"")",12,0,159,7
.c3,"Code(""Uncategorized"")",12,0,379,1
.cake,,12,0,99,3
.capnp,"Code(""Interface"")",12,0,109,2
.centos,"Code(""Build"")",12,0,98,5
.clangarm64,,12,0,12434,1
.cljs,"Code(""Lisp"")",12,0,324,1
.decls,,12,0,1378,4
.dedup,,12,0,701,1
.docker,,12,0,266,4
".html""",,12,0,55,2
.match,,12,0,89,1
.mplus,"Documentation(""Legal"")",12,0,414,1
.new,"Documentation(""General"")",12,0,540,5
.odb,"Data(""Database"")",12,12,0,1
.postrm,,12,0,228,6
.reg,"Configuration("""")",12,5,297,7
.rng,"Code(""Schema"")",12,0,19953,6
.sf2,"Data(""Audio"")",12,12,0,1
.shared,"Code(""Build"")",12,0,150,3
.siard,,12,12,0,1
.size,,12,0,2722940,1
.srl,,12,0,15,4
.systemd,,12,0,84,3
.tape,,12,0,316,3
.ttar,,12,0,29359,5
06-55-06,,12,12,0,1
06-8c-01,,12,12,0,1
06-8e-09,,12,12,0,1
06-8e-0a,,12,12,0,1
06-8e-0b,,12,12,0,1
06-9e-09,,12,12,0,1
06-9e-0b,,12,12,0,1
06-a6-00,,12,12,0,1
06-b7-01,,12,12,0,1
announce,,12,0,281,4
buildlib,,12,0,221,3
bundle,,12,0,739,8
cleanup,,12,0,70,3
clone_all_rspec_repos,,12,0,26,2
contributing,,12,0,137,10
h2o,,12,0,149,1
jefferson,,12,0,718,1
keyboard-select,,12,0,118,1
libfritz++,,12,0,24,1
liquidprompt,,12,0,294,1
log_info,,12,0,89,6
log_output,,12,0,89,6
log_status,,12,0,89,6
mate,,12,0,554,1
picocom,,12,0,721,2
pius,,12,0,631,1
publish,,12,0,188,4
relnotes,,12,0,166,3
run-tests,,12,0,245,7
run_build,,12,0,24,2
run_rubocop,,12,0,24,2
source,,12,0,272,4
testsuite,,12,0,258,3
troll,,12,0,24,3
.23,"Documentation(""General"")",11,0,31804,4
.append,,11,0,81,1
.bin-ref,,11,5,6,1
.binpb,,11,10,4,8
.bor,"Code(""Build"")",11,0,605,4
.cjs,"Code(""Uncategorized"")",11,0,147319,9
.config-example,,11,0,1456,1
.csd,"Code(""Uncategorized"")",11,0,203,1
.csr,"Data(""Security"")",11,0,270,5
.defaults,,11,0,103,4
.dep,"Code(""Build"")",11,0,831,6
.escript,,11,0,566,4
.false_positive,,11,0,38,1
.fish-completion,,11,0,383,2
.freebsd,"Code(""Build"")",11,0,273,10
.frm,,11,0,603,4
.gitrepo,,11,0,108,5
.json-example,,11,0,26,1
.list-ref,,11,0,204,1
.lkt,"Code(""Uncategorized"")",11,0,127,2
.nl,,11,0,0,2
.pickle,"Data(""Binary"")",11,11,0,4
.pkgproj,,11,0,978,4
.rnc,"Code(""Schema"")",11,0,1405,5
.sass,"Code(""Web"")",11,0,150,4
.self,,11,0,62,2
.stg,,11,0,175,2
.sto,,11,6,3,1
.substvars,,11,0,22,4
.todo,,11,0,274,5
.wl,,11,0,1802837,1
.wsdl,,11,0,590,2
.xboxdrv,,11,0,35,1
.xcu,"Configuration("""")",11,0,153,4
.yamllint,,11,0,98,10
06-55-03,,11,11,0,1
06-7a-01,,11,11,0,1
06-8d-01,,11,11,0,1
06-8f-07,,11,11,0,1
06-8f-08,,11,11,0,1
06-ba-02,,11,11,0,1
06-ba-03,,11,11,0,1
_portage_utils,,11,0,803,1
abyss-pe,,11,0,33,1
adebar-cli,,11,0,180,1
artprint,,11,0,270,1
bin,,11,0,22,1
cadubi,,11,0,2658,1
cbuild,,11,0,115,2
cdm-xlaunch,,11,0,51,1
check_packages,,11,0,390,6
ci-test,,11,0,78,7
deny-post,,11,0,22,1
earraidi,,11,0,143,1
frame,,11,0,62,2
g-cpan,,11,0,143,1
gilles2mtx,,11,11,0,1
input2,,11,0,43,1
ipcalc,,11,0,1557,1
latexdiff-vc,,11,0,747,1
left_ptr_help,,11,1,6,4
libcrafter,,11,0,22,1
libuwifi,,11,0,22,1
mtxdiff,,11,11,0,1
openpgpkey,,11,0,75,1
phpstan,,11,9,127,4
pius-report,,11,0,1227,1
pkg-descr,,11,0,70,2
pointers,,11,0,50,1
portspoof,,11,0,274,1
qemush,,11,0,22,1
result_--passwords demopass --mask-passwords,,11,0,51,1
result_--passwords demopass --no-color --mask-passwords,,11,0,51,1
result_--passwords demopass --verbose --mask-passwords,,11,0,85,1
result_--passwords demopass --verbose --no-color --mask-passwords,,11,0,85,1
sanoid,,11,0,410,1
simple,,11,0,82,3
stamp-h1,,11,0,10,6
tags,,11,0,1974,7
torque-build,,11,0,39,1
translation,,11,0,22,1
ttar,,11,0,3479,7
ufetch-debian,,11,0,162,1
ufetch-linuxlite,,11,0,135,1
ufetch-nixos,,11,0,138,1
wait-post,,11,0,22,1
wslu-header,,11,0,117,1
yara,,11,0,22,1
zsh-completion,,11,0,111,3
.16,"Code(""Build"")",10,1,31,5
.17,"Code(""Build"")",10,1,37,4
.24,"Documentation(""General"")",10,0,19096,4
.as,"Code(""Uncategorized"")",10,0,1186,4
.buildinfo,,10,0,30,6
.busted,,10,0,45,8
.clangd,,10,0,58,7
.codespellrc,,10,0,29,9
.creole,"Documentation(""General"")",10,0,285,2
.c~,,10,0,7286,2
.darwin,"Code(""Build"")",10,3,274,6
.dir,,10,0,73,5
.dl,,10,0,284,1
.drv,"Data(""Binary"")",10,0,721,2
.elvts,,10,0,270,1
.emx,"Code(""Build"")",10,0,276,3
.exports,,10,0,256,5
.expout,,10,0,2530,1
.godot,,10,0,523,1
.graphql,"Code(""Interface"")",10,0,800,2
.hdr,"Data(""Image"")",10,5,59,5
.imap,,10,0,285,1
.img,"Data(""Archive"")",10,10,0,2
.json5,"Data(""Text"")",10,0,11960,7
.jxl,"Data(""Image"")",10,10,0,1
.la,,10,0,398,4
.lcl,,10,0,4670,1
.me,"Code(""Build"")",10,0,303,2
.modulemap,"Configuration("""")",10,0,65,6
.mscx,"Data(""Text"")",10,0,1071,1
.mustache,"Code(""Template"")",10,0,294,3
.nd,"Documentation(""General"")",10,0,458,1
.pal,,10,9,262,3
.pam,,10,0,191,2
.pbxuser,,10,0,4011,5
.prj,,10,0,805,2
.pyj,,10,0,80,1
.qtpl,,10,0,618,1
.qxp,,10,10,0,1
.res,,10,8,11,6
.responses,,10,0,52,1
.sb,,10,0,170,1
.simplecov,,10,0,179,9
.stub,,10,0,223,1
.swap,,10,0,37,1
.tl,,10,0,230,2
.ucrt64,,10,0,10442,1
.wixproj,"Code(""Build"")",10,0,292,2
.xrl,,10,0,1093,2
.z,"Data(""Archive"")",10,9,3,3
0,,10,4,18,3
06-4e-03,,10,10,0,1
06-55-0b,,10,10,0,1
06-5e-03,,10,10,0,1
06-8c-02,,10,10,0,1
06-a5-02,,10,10,0,1
06-a5-03,,10,10,0,1
06-a5-05,,10,10,0,1
06-a6-01,,10,10,0,1
_gentoo_packages,,10,0,750,1
bats-assert,,10,0,18,3
bazel_build,,10,0,438,1
build_lamp,,10,0,43,1
cfg-update,,10,0,2910,1
check_macos,,10,0,113,6
check_rbl,,10,0,28,1
clipboard,,10,0,53,1
coderesources,,10,0,2544,2
composer,,10,10,0,4
csv-filter,,10,0,142,1
defaults,,10,0,52,3
display-manager,,10,0,47,1
dool,,10,0,121,1
dpf,,10,0,20,2
eselect-repo-helper,,10,0,128,1
gp_to_mat,,10,10,0,1
grid_data,,10,10,0,1
gvgit,,10,0,125,1
helpers,,10,0,113,1
i3-restore,,10,0,247,1
i3-save,,10,0,161,1
index,,10,1,222,8
jack,,10,0,24,2
kergen-map,,10,0,1090,1
laptop_mode,,10,0,65,1
libserialport,,10,0,19,1
log_group,,10,0,152,5
main,,10,1,50,5
mtxextract,,10,10,0,1
ncnn,,10,0,19,2
ns2pgm,,10,10,0,1
nvx,,10,0,662,1
ogg2mp3,,10,0,462,1
parse-examples,,10,0,421,6
pssh,,10,0,22,1
python-argv0-test,,10,0,238,2
pythonwrap-copy-test,,10,0,216,2
rdumpfs,,10,0,79,1
sha1sums,,10,0,647,1
sparsetable,,10,0,4038,1
sshfp,,10,0,100,1
testscript,,10,0,299,3
ufetch-arch,,10,0,152,1
ufetch-archbang,,10,0,193,1
ufetch-arco,,10,0,139,1
ufetch-artix,,10,0,239,1
ufetch-fedora,,10,0,135,1
ufetch-openbsd,,10,0,134,1
ufetch-popos,,10,0,135,1
ufetch-pureos,,10,0,195,1
unlicense,,10,0,246,10
vrms-gentoo,,10,0,278,1
.18,"Code(""Build"")",9,0,37,3
.19,"Code(""Build"")",9,0,37,3
.33,,9,0,571,4
.abs,,9,0,57,1
.artifact,"Code(""Build"")",9,0,55,1
.asice,,9,9,0,1
.atd,,9,0,43,1
.bi,"Code(""Uncategorized"")",9,0,167,2
.brewfile,,9,0,31,6
.bzrignore,"Configuration(""DevEx"")",9,0,50,6
.completion,,9,0,365,5
.der,"Data(""Security"")",9,9,0,2
.description,,9,0,18,1
.detect,,9,0,0,1
.dmg,"Data(""Archive"")",9,9,0,2
.dvi,"Data(""Document"")",9,9,0,1
.elv,,9,0,50,4
.eml,"Data(""Text"")",9,0,151,3
.fmf,,9,0,97,5
.fz,"Data(""Binary"")",9,0,124,1
.hevc,,9,9,0,1
.isph,,9,0,1780,2
.local,,9,0,56,4
.mega,,9,0,9960016,1
.mill,"Code(""Build"")",9,0,25,1
.missing,,9,0,24,1
.ml4,,9,0,118,3
.mms,"Code(""Build"")",9,0,480,5
.muttrc,,9,0,21,1
.ocio,,9,0,2526,1
.os2,"Code(""Build"")",9,0,440,6
.pom,,9,0,86,3
.psd,"Data(""Image"")",9,9,0,4
.qc,"Code(""Uncategorized"")",9,0,58,1
.rdf,"Data(""Text"")",9,0,2786,4
.rpkg,,9,0,66,3
.rsp,,9,0,249,3
.s2p,,9,0,9655,1
.snapshot,"Data(""Expectation"")",9,0,211,2
.socket,"Configuration("""")",9,0,65,8
.spvasm,,9,0,374,3
.storyboard,"Code(""UI"")",9,0,94,2
.tadb,,9,0,329,1
.umockdev,,9,0,194,1
.vcd,,9,0,100026,1
.w32,"Code(""Build"")",9,0,200,4
.wingetfile,,9,0,23,6
06-6c-01,,9,9,0,1
06-7a-08,,9,9,0,1
06-be-00,,9,9,0,1
41_snapshots-btrfs,,9,0,164,1
aliases,"Configuration("""")",9,0,258,2
aws_s3_object_manifests-etcdmanager-events-master-us-test1-a_content,,9,0,54,1
aws_s3_object_manifests-etcdmanager-main-master-us-test1-a_content,,9,0,54,1
btrfsmaintenance-functions,,9,0,104,1
catch2,,9,0,12,5
cdmrc,,9,0,51,1
check,,9,0,46,4
check-error,,9,0,217,2
ci-lint,,9,0,54,6
cloc,,9,0,116,1
conf,,9,0,29,2
cowsay,,9,0,91,1
depend,,9,0,405,5
dependfile,,9,0,0,1
do_install,,9,0,20,1
donations,,9,0,119,1
en,,9,0,3469,1
environment,,9,0,241,2
fmawk-previewer,,9,0,230,1
gall,,9,0,208,1
gallainm-f,,9,0,60,1
git-flow-release,,9,0,115,1
hostname,,9,0,9,2
import,,9,0,76,4
ja,,9,0,3331,2
jquery-ui,,9,0,18,1
lha-test20,,9,0,150,1
logmerge,,9,0,251,1
nohang,,9,0,819,1
pihole,,9,0,132,1
prerm,,9,0,79,7
pulseaudio-dlna,,9,0,17,1
rake,,9,0,97,6
read_codesign,,9,0,64,6
read_codesign_installer,,9,0,58,6
read_codesign_pass,,9,0,287,6
read_codesign_user,,9,0,60,6
scripts,,9,0,374,3
servefile,,9,0,167,1
set_url,,9,0,18,1
setup_ccache,,9,0,200,6
shared,,9,0,18,1
sources,,9,0,74,5
syslog-summary,,9,0,428,1
tatt,,9,0,72,1
tld_serv_list,,9,0,53,1
ufetch-alpine,,9,0,148,1
ufetch-antergos,,9,0,196,1
ufetch-centos,,9,0,143,1
ufetch-elementary,,9,0,139,1
ufetch-mageia,,9,0,140,1
ufetch-mint,,9,0,150,1
ufetch-ubuntu,,9,0,129,1
ufetch-voyager,,9,0,129,1
uglifyjs,,9,0,25,2
vspec,,9,0,18,1
wiki,,9,0,18,2
.7z,"Data(""Archive"")",8,8,0,3
.alias,,8,0,99616,4
.bnk,,8,0,367,1
.cls,"Documentation(""General"")",8,0,9267,4
.conf-dist,,8,0,51,2
.csh,"Code(""Script"")",8,0,99,5
.cub,,8,0,71,1
.dirstamp,,8,0,0,3
.diz,,8,0,46,5
.done,,8,0,340,1
.earth,,8,0,94,1
.edoc,,8,3,46,3
.exclude,,8,0,75,4
.fa,"Data(""Text"")",8,0,172,3
.fedora,"Code(""Build"")",8,0,57,3
.fsck,,8,0,869,2
.fxc,,8,8,0,1
.g3d,"Data(""Binary"")",8,8,0,1
.h2m,,8,0,16,1
.ins,,8,0,78,3
.ivpk,,8,0,409464,1
.lp,,8,0,375,3
.luaurc,,8,0,27,1
.macos,"Documentation(""General"")",8,0,115,5
".md""",,8,0,37,4
.meson,,8,0,43,5
.mingw64,,8,0,7637,2
.mmp,,8,0,590,2
.mpac,,8,8,0,3
.nemo_action,,8,0,35,1
.obuild,,8,0,100,1
.out_exp,,8,0,29379,1
.partab,,8,8,0,1
.pylint,,8,0,135,2
.reference,"Data(""Expectation"")",8,0,175,3
.remote,"Documentation(""General"")",8,0,175,2
.scad,"Code(""Uncategorized"")",8,0,2300,1
.shed,,8,0,16,1
.slnx,,8,0,361,4
.stamp,,8,0,6,2
.stl,"Data(""Text"")",8,8,0,2
.svelte,"Code(""Web"")",8,0,106,2
.swf,"Data(""Video"")",8,7,1,7
.tac,,8,0,24,1
.typ,"Documentation(""General"")",8,0,113,3
.units,,8,0,190,1
.vlw,,8,8,0,1
.win32,"Code(""Build"")",8,0,293,6
.windows,,8,0,421,4
.xsh,,8,0,444,2
.yy,,8,0,76,5
06-8f-05,,8,8,0,1
06-8f-06,,8,8,0,1
about-nls,,8,0,8941,6
all,,8,0,97,5
ani-cli,,8,0,181,1
asciiquarium,,8,0,1518,1
bats,,8,0,21,2
data,,8,0,525,3
dockerfile_build,,8,0,197,3
finish,,8,0,16,1
fstab,,8,0,44,2
fstransform-sh,,8,0,175,1
gallainm-b,,8,0,42,1
ghactions-release,,8,0,53,1
git-flow-init,,8,0,85,1
gno,,8,0,39,1
gpl,,8,0,1216,6
growpart,,8,0,155,1
gtest-parallel,,8,0,1120,1
guardfile,,8,0,68,5
image15,,8,8,0,1
image16,,8,8,0,1
image17,,8,8,0,1
image18,,8,8,0,1
image19,,8,8,0,1
image20,,8,8,0,1
image21,,8,8,0,1
image22,,8,8,0,1
image23,,8,8,0,1
image24,,8,8,0,1
image25,,8,8,0,1
image26,,8,8,0,1
image27,,8,8,0,1
image28,,8,8,0,1
image29,,8,8,0,1
image30,,8,8,0,1
image31,,8,8,0,1
image32,,8,8,0,1
image33,,8,8,0,1
image34,,8,8,0,1
image35,,8,8,0,1
image36,,8,8,0,1
image37,,8,8,0,1
image38,,8,8,0,1
image39,,8,8,0,1
info,,8,0,73,4
ipseckey,,8,0,30,1
kpatch-build,,8,0,110,1
libpng,,8,0,49,6
makefile-static,,8,0,324,1
ocsinventory-agent,,8,0,0,1
parametersdefault,,8,0,83,1
postgrey,,8,0,187,1
pt_br,,8,0,4045,3
python,,8,0,78,6
qt-reusable-widgets,,8,0,16,1
readme_en,"Documentation(""General"")",8,0,342,1
readme_ja,"Documentation(""General"")",8,0,487,1
rebar,,8,8,0,7
reek,,8,0,212,2
run-qemu,,8,0,47,2
runner,,8,0,506,3
runtests,,8,0,751,5
save-backlight,,8,0,101,1
shflags,,8,0,226,1
smartypants,,8,0,84,2
support,,8,0,15,1
tips,,8,0,220,2
uam-pumount,,8,0,131,1
ufetch-crux,,8,0,129,1
ufetch-freebsd,,8,0,127,1
ufetch-gentoo,,8,0,139,1
ufetch-linux,,8,0,140,1
ufetch-macos,,8,0,74,1
ufetch-manjaro,,8,0,127,1
ufetch-netbsd,,8,0,184,1
ufetch-parabola,,8,0,130,1
ufetch-raspbian,,8,0,113,1
ufetch-slackware,,8,0,185,1
ufetch-suse,,8,0,142,1
ufetch-void,,8,0,127,1
volume-pipewire,,8,0,234,1
whats-new,,8,0,55,1
workspace-switcher,,8,0,8,1
.03,,7,0,523,2
.06,,7,0,1085,2
.08,,7,0,747,2
.2-1,,7,0,101,1
.34,,7,0,256,6
.aar,,7,4,8,2
.android,"Code(""Build"")",7,0,19,1
.aptfile,,7,0,39,5
.bash-completion,,7,0,43,3
.bcb,,7,0,5879,1
.bob,,7,0,0,1
.bt,,7,0,58,2
.by,,7,0,21,1
.ce4100,,7,0,10,1
.cir,,7,0,78,1
.cnb,,7,0,3000,1
.compiled,,7,7,0,3
.conf-freebsd,,7,0,56,5
.contrib,"Documentation(""General"")",7,0,201,4
.dependencies,,7,0,338,4
.dia,,7,6,2,2
.docopt,,7,0,1241,2
.doo,,7,7,0,1
.dup,,7,0,559,1
.dxx,,7,0,45,1
.epub,"Data(""Document"")",7,7,0,2
.ert-runner,,7,0,8,6
.etex,,7,0,101,2
.flex,"Code(""Grammar"")",7,0,1155,4
.fsh,,7,0,365,1
.ggo,,7,0,20,2
.htmlref,,7,0,104,1
.iso,"Data(""Archive"")",7,5,0,3
.itk,,7,0,68,1
.jacksonmodule,,7,0,8,1
.janet,,7,0,170,1
.jingoo,,7,0,56,1
.jsonl,"Data(""Text"")",7,0,65,3
.kak,,7,0,26,2
.kdl,"Configuration("""")",7,0,278,1
.kloak,,7,0,17,2
.linux32,,7,6,2,3
.linux64,,7,6,2,3
.lyx,,7,0,4696,3
.macosx,"Documentation(""General"")",7,0,145,4
.makefile,,7,0,87,4
.mlg,,7,0,100,1
.mnd,,7,0,751,1
.mode1,,7,0,6660,3
.mode1v3,,7,0,8353,3
.mp4,"Data(""Video"")",7,7,0,4
.mts,"Code(""Uncategorized"")",7,0,63,4
.partaa,,7,7,0,1
.partac,,7,7,0,1
.post,,7,0,65,3
.pws,,7,0,33,1
.pylint-spelling-words,,7,0,124,4
.ql,,7,0,31496,2
.rar,"Data(""Archive"")",7,7,0,2
.rfa,,7,7,0,1
.robot,,7,0,291,2
.sas,"Code(""Build"")",7,0,387,4
.schema,,7,0,264,2
.scr,,7,0,317,1
.set,,7,0,258,3
.shellcheck,,7,0,56,2
.shutdown,,7,0,29,2
.skip-ext,,7,0,0,1
.slurp,,7,0,43,1
.star,,7,0,578,3
.svn-base,"Documentation(""General"")",7,0,11296,1
.tzip,,7,7,0,1
.udev,,7,0,99,4
.valgrind,,7,0,61,3
.vim-version,,7,0,13,1
.vrresources,,7,0,68,1
.weekly,,7,0,39,2
.wxg,,7,0,109,2
.x86,,7,0,108,2
.xaml,"Code(""UI"")",7,0,14,2
.xdl,,7,0,124,1
.xmlref,,7,0,502,1
.zck,,7,6,0,1
.zodziai,,7,0,118,1
06-cf-02,,7,7,0,1
announcement,,7,0,458,3
ax_nagios_get_ssl,,7,0,148,1
backup-manager-upload,,7,0,825,1
bats-format-junit,,7,0,89,1
brewfile,"Code(""Build"")",7,0,21,5
build-macos,,7,0,769,5
c,,7,0,19,3
check_linux,,7,0,253,5
check_puppetagent,,7,0,282,1
checklist,,7,0,68,3
ci-build-libsass,,7,0,139,2
containerfile,"Code(""Build"")",7,0,113,5
daoine,,7,0,19,1
devices,,7,0,7,1
dist,,7,0,118,4
dockerfile-release,,7,0,66,2
documentation,,7,0,105,1
eachtar,,7,0,9,1
eapi,,7,0,7,2
firehol,,7,0,1758,1
for,,7,0,40,1
fpdns,,7,0,52,1
git-flow-feature,,7,0,25,1
gnulib,,7,0,14,4
history-list,,7,0,107,1
if,,7,0,52,1
input,"Data(""Text"")",7,0,47,3
jedi,,7,0,14,1
make,,7,0,33,5
makefile-shared,,7,0,342,1
manual,,7,0,44,3
md5sums,,7,0,295,4
musaka,,7,0,70,1
news-ru,,7,0,58,1
not-installed,,7,0,43,6
osdetection,,7,0,52,1
pkginfo,,7,0,13,5
portfile,,7,0,124,2
postrm,,7,0,80,6
rc,,7,0,2605,1
readme_macosx,"Documentation(""General"")",7,0,572,1
redistmaker,,7,0,17,1
run_test,,7,0,21,1
sanity,,7,0,36,3
saoconfig,,7,0,201,2
set_loglevel,,7,0,119,5
setup_linux,,7,0,437,5
setup_macos,,7,0,889,5
setup_obs,,7,0,854,5
setup_ubuntu,,7,0,198,5
src-to-paps,,7,0,269,1
test_file,,7,0,8,2
testdata,,7,0,56,3
tetris,,7,0,169,1
uam-pmount,,7,0,199,1
unit_tests,,7,0,465,1
whence,,7,0,51,1
wl-info,,7,0,106,1
yoshimi_user_guide_version,,7,0,14,1
zsh_completion,,7,0,39,2
zstd,,7,0,66,6
.01,,6,0,540,2
.02,,6,0,325,2
.05,,6,0,621,2
.61,,6,6,0,1
.abc,,6,5,2,2
.abi,,6,0,13278,3
.ace,,6,6,0,1
.ahf,,6,0,30,1
.ap_,,6,6,0,1
.astub,,6,0,58,1
.b64,,6,0,961,2
.bamstat,,6,0,12,1
.bcc,"Code(""Build"")",6,1,429,4
.bed,"Data(""Text"")",6,0,18,2
.bootfiles,"Code(""Build"")",6,0,1182,5
.builder,"Code(""Build"")",6,0,35,2
.cbproj,,6,0,616,2
.cif,"Data(""Text"")",6,1,68147,3
.cross,,6,0,706,2
.debug,,6,0,209,3
.defines,,6,0,12,1
.dj2,"Code(""Build"")",6,0,263,4
.drom,,6,0,128,1
.dumper-error,,6,0,0,1
.eclass,"Code(""Build"")",6,0,18,1
.enl,,6,6,0,1
.enlx,,6,6,0,1
.euc,,6,0,924,1
.events,,6,0,0,1
.exclude-bind,,6,0,32,1
.exit,,6,0,4,2
.expsym,,6,0,505,2
.fm,,6,6,0,1
.frequent,,6,0,12,1
.g9b,,6,0,76,1
.gcov,"Data(""Text"")",6,0,356,1
.gleam,,6,0,36,1
.gpl,"Documentation(""General"")",6,0,2037,6
.graphml,,6,0,38,2
.gro,,6,1,22,2
.gv,"Code(""Diagram"")",6,0,27,3
.h5,"Data(""Binary"")",6,6,0,1
.hpp11,,6,0,656,2
.html_cfg,,6,0,3837,2
.ignore,,6,0,11,6
.internal,,6,0,11,3
.jq,,6,0,565,5
.kcfg,,6,0,28,2
.kl,,6,0,41,1
.lang,,6,0,62,2
.latest,"Code(""Build"")",6,0,102,2
.ldif,"Data(""Text"")",6,0,32,2
.liquid,,6,0,234,1
.llext,,6,6,0,1
.loc,,6,0,43,3
.lus,"Code(""Hardware"")",6,0,48,1
.lvt,,6,0,121,1
.moc,,6,0,279,1
.myco,,6,0,13,1
.namespace,,6,0,6,1
.ne2,,6,0,26,1
.nims,,6,0,27,3
.nosearch,,6,0,1,6
.ocamlformat-ignore,,6,0,11,5
.ociom,,6,0,221,1
.ocp-indent,,6,0,179,6
.ofx,,6,1,43,1
.pam-mysql,,6,0,392,1
.pcapng,"Data(""Binary"")",6,6,0,3
.plan,,6,0,127,6
.preinst,,6,0,192,3
.psf,,6,3,9911,3
.python,"Code(""Build"")",6,0,445,3
.qpg,,6,0,320,4
.rdoc_options,,6,0,20,5
.recipes,"Documentation(""General"")",6,0,154,1
.rej,"Data(""Text"")",6,0,156,3
.rhtml,,6,0,143,2
.rig,,6,0,1273,1
.scdoc,,6,0,42,1
.srcinfo,,6,0,65,2
.store,,6,6,0,1
.stylespace,,6,0,820,2
.tbd,,6,0,3029,3
.tdesktop-theme,,6,3,691,1
.tif,"Data(""Image"")",6,6,0,5
.treetop,,6,0,118,1
.uts,"Documentation(""General"")",6,0,184,2
.var,,6,0,39,2
.vardai,,6,0,648,1
.vh,,6,0,361,1
.vimup,,6,0,321,2
.vms,"Code(""Build"")",6,0,399,2
.vrdrivermanifest,,6,0,49,1
.vsd,,6,6,0,3
.vsh,,6,0,99,2
.wad,,6,6,0,1
.xs,,6,0,163,2
.xxd,,6,0,14548,2
.ztst,,6,0,50,1
06-56-05,,6,6,0,1
06-5c-09,,6,6,0,1
06-5c-0a,,6,6,0,1
06-5f-01,,6,6,0,1
06-8a-01,,6,6,0,1
06-96-01,,6,6,0,1
06-aa-04,,6,6,0,1
1,,6,1,5,4
10mount,,6,0,53,1
_gentoo_repos,,6,0,242,1
_zram-init,,6,0,12,1
about,,6,0,10,2
aitiuil,,6,0,47,1
appscol,,6,0,6,1
asia,,6,0,787,1
asm_ghidra,,6,0,100,1
author,,6,0,18,4
avi,,6,1,31,1
bashrc,,6,0,50,3
bats-support,,6,0,10,3
biber,,6,0,20,1
btrfs-assistant-launcher,,6,0,29,1
build-packages,,6,0,236,1
build-ubuntu,,6,0,882,5
cakefile,,6,0,145,1
cgi_memo,,6,0,2047,1
check-decode,,6,0,46,2
check-options,,6,0,44,1
checkrecipe,,6,0,157,1
checksum,,6,0,76,2
connman-notify,,6,0,152,1
cpanfile,,6,0,6,5
create_getargs,,6,0,502,1
currently-used-coq-emacs-versions,,6,0,117,1
deep-long-symlink-test,,6,0,78,2
dense_hash_map,,6,0,809,1
dense_hash_set,,6,0,737,1
depgen,,6,0,1368,1
disk-functions,,6,0,54,1
dockerfile_build_ubuntu64,,6,0,31,1
dune-workspace,"Code(""Build"")",6,0,28,5
dzr-url,,6,0,20,1
ee64,,6,6,0,1
elicense,,6,0,170,1
examples,,6,0,8,3
firmware,,6,0,163,1
g-octave,,6,0,173,1
gen-version-file,,6,0,24,2
generate-flag-types,,6,0,1537,3
git-flow-bugfix,,6,0,18,1
git_version,,6,0,6,1
gklib,,6,0,11,1
gtest,,6,0,9,4
gvgit-gpg-wrapper,,6,0,84,1
gzip,,6,1,39,1
i2pd,,6,0,12,1
initd,,6,0,381,1
ipcgull,,6,0,12,1
jamroot,,6,0,21,1
json,,6,0,9,3
kbuild,"Code(""Build"")",6,0,21,3
kergen,,6,0,219,1
key-handler,,6,0,52,2
latest,,6,0,12,1
libuv,,6,0,12,3
lit,,6,0,57,1
llgalrc,,6,0,24,1
llhttp,,6,0,11,1
long-path-test,,6,0,70,2
long-symlink-test,,6,0,72,2
lukefile,,6,0,27,1
m64py,,6,0,43,1
makerelease,,6,0,125,2
manpager,,6,0,87,1
maps,,6,0,12,1
marco-picom,,6,0,175,1
md5,,6,0,6,1
mkdebpkg,,6,0,35,1
moar_revision,,6,0,12,1
namespace,,6,0,24,1
np-version-gen,,6,0,12,1
ocamlmakefile,,6,0,7548,4
opam-switches,,6,0,14,1
package-macos,,6,0,867,5
parent,,6,0,10,2
phpunit,,6,0,436,1
places,,6,0,6,1
power-functions,,6,0,43,1
prove-vspec,,6,0,12,1
prsync,,6,0,30,1
pscp,,6,0,46,1
python-templated-dictionary,,6,0,12,1
pythonwrap-__file__-test,,6,0,202,2
pythonwrap-abs-symlink-test,,6,0,168,2
pythonwrap-argv0-test,,6,0,206,2
pythonwrap-deep-symlink-test,,6,0,180,2
pythonwrap-symlink-test,,6,0,168,2
quickstart,,6,0,180,2
releasenotes,,6,0,893,3
rgbpm,,6,0,87,1
rockspec,,6,0,49,1
runtest,,6,0,969,5
rust-toolchain,,6,0,7,4
seinfo,,6,0,302,1
sguild,,6,0,175,1
sha512,,6,0,6,1
shared-modules,,6,0,8,4
stable_version,,6,0,12,1
stamp-vti,,6,0,30,2
templates,,6,0,126,2
tessconfigs,,6,0,9,3
test-luksmeta,,6,0,49,1
translationstats,,6,0,12,1
translators,,6,0,29,3
try,,6,0,12,3
tv_grab_pt_vodafone,,6,0,292,1
ufetch-devuan,,6,0,152,1
ufetch-gnewsense,,6,0,158,1
ufetch-hyperbola,,6,0,155,1
ufetch-mx,,6,0,123,1
uninstall,,6,0,20,2
userstore-remote,,6,0,310,1
values,,6,0,650,1
wakeonlan,,6,0,48,1
winetricks,,6,0,146,1
xfce,,6,0,4,1
xtop,,6,0,3798,1
zig-wayland,,6,0,11,1
-ftb-build-module,,5,0,47,1
-ftb-fzf,,5,0,18,1
.002,,5,0,68,3
.07,,5,0,843,2
.09,,5,0,483,2
.26,"Documentation(""General"")",5,0,5,3
.27,"Documentation(""General"")",5,0,15,3
.56,,5,5,0,1
.ad,,5,0,512,1
.add,,5,0,88,4
.aip,,5,0,75,2
.ast,,5,0,36,1
.autocomplete__async,,5,0,25,1
.autoconf,"Documentation(""General"")",5,0,36,1
.avif,"Data(""Image"")",5,5,0,3
.bazelversion,"Configuration(""DevEx"")",5,0,7,4
.bf,,5,0,170,1
.bigchars,,5,0,241,1
.bnr,,5,5,0,1
.btrfsmaintenance,,5,0,50,1
.buildtests,"Code(""Build"")",5,0,19,1
.cab,"Data(""Archive"")",5,5,0,2
.cache,,5,0,159,3
.classic,"Code(""Build"")",5,0,12,1
.clf,,5,0,50,1
.colors,,5,0,576,2
.confd,,5,0,18,4
.consolidate,,5,0,304,1
.coverprofile,,5,0,5123,1
.cygport,,5,0,13,1
.daily,,5,0,16,1
.debugger,,5,0,21,1
.deprecated,,5,0,7,1
.doxy,,5,0,3129,4
.doxygen,,5,0,5029,4
.dt,,5,5,0,2
.fml,,5,0,371,2
.foma,,5,0,17,1
.freeze,,5,0,191,1
.fuzz,,5,5,0,3
.gir,,5,0,9188,2
.gni,"Code(""Build"")",5,0,4912,2
.hide,,5,0,677,1
.hourly,,5,0,16,1
.icn,"Code(""Uncategorized"")",5,0,164,1
.incl,"Code(""Build"")",5,0,48,1
.index,,5,2,6,2
.info-1,,5,0,8,1
.in~,,5,0,869,3
.jam,"Code(""Build"")",5,0,583,2
.java-version,,5,0,7,3
.jjt,,5,0,2763,3
.legacy,,5,0,19,2
.lex,"Code(""Grammar"")",5,0,247,3
.links,,5,0,23,4
.locked,,5,0,307,3
.marks,,5,0,4,2
.mods,,5,0,184,1
.monthly,,5,0,16,1
.mpg,"Data(""Video"")",5,5,0,2
.mst,,5,0,64,4
.nested,,5,0,12,1
.nfo,"Data(""Text"")",5,2,33,2
.nmake,"Code(""Build"")",5,0,141,4
.ocaml,"Code(""Build"")",5,0,74,2
.openrc-init,,5,0,78,1
.orc,"Data(""Database"")",5,1,182,3
.oxps,,5,5,0,1
.pack,,5,5,0,3
.pandoc,,5,0,283,3
.part,,5,0,20,2
.path,,5,4,0,3
.pch,"Data(""Binary"")",5,2,9,3
".pdf""",,5,5,0,1
.pgp,"Data(""Security"")",5,2,309,3
.pk,,5,5,0,3
.prof,,5,4,101,1
.pup,"Code(""Build"")",5,0,135,3
.qmltypes,,5,0,921,3
.recursive,,5,0,0,1
.redis_sentinel,,5,0,32,1
.riscos,"Code(""Build"")",5,0,302,3
.rsf,,5,0,228,1
.rvmrc,,5,0,6,3
.s-exp,,5,0,0,1
.saip,,5,0,22,1
.say,,5,0,0,1
.secret,,5,5,0,1
.settings,,5,0,160,4
.shellcheckrc,,5,0,18,4
.shutdown-jobs,"Documentation(""General"")",5,0,11,1
.sil,,5,0,342,1
.skel,,5,0,31,2
.smdh,,5,5,0,1
.snk,,5,5,0,2
.solaris,"Code(""Build"")",5,0,470,5
.std,"Code(""Build"")",5,1,182,3
.stex,,5,0,2830,2
.tarball-version,,5,0,10,2
.tk,,5,0,168,2
.traviskey,,5,0,8,2
.ua,,5,0,42,2
.update,,5,0,10,1
.vhd,"Code(""Hardware"")",5,0,88,2
.vimrc,,5,0,467,3
.vscodeignore,"Configuration(""DevEx"")",5,0,60,3
.whitesource,,5,0,54,5
.xcs,"Configuration("""")",5,0,45,1
.xcscheme,"Configuration("""")",5,0,156,4
.xcworkspacedata,"Configuration("""")",5,0,32,5
.xlsb,"Data(""Document"")",5,5,0,3
.yrl,,5,0,216,1
06-3f-02,,5,5,0,1
06-3f-04,,5,5,0,1
06-4f-01,,5,5,0,1
06-56-03,,5,5,0,1
06-56-04,,5,5,0,1
06-8f-04,,5,5,0,1
06-9c-00,,5,5,0,1
06-cf-01,,5,5,0,1
a2j,,5,0,31,1
adv,,5,0,298,1
apkbuild,,5,0,10,3
asciicast-pipe,,5,0,38,1
autoupnp,,5,0,152,1
auxiliarcustomwidgets,,5,0,10,1
aws-c-cal,,5,0,10,1
aws_s3_object_manifests-etcdmanager-events-master-us-test-1b_content,,5,0,30,1
aws_s3_object_manifests-etcdmanager-events-master-us-test-1c_content,,5,0,30,1
aws_s3_object_manifests-etcdmanager-main-master-us-test-1b_content,,5,0,30,1
aws_s3_object_manifests-etcdmanager-main-master-us-test-1c_content,,5,0,30,1
bash_completion,,5,0,26,2
blackhole6,,5,0,223,1
bndsrc,,5,0,267,3
c-stdaux,,5,0,8,1
ccram,,5,0,67,2
ceol,,5,0,5,1
check-packet,,5,0,30,2
check_ubuntu,,5,0,183,5
checksums,,5,0,265,4
chksum,"Data(""Text"")",5,0,37,1
ci-libraries-rust,,5,0,9,1
coccigrep,,5,0,72,1
commit-msg,,5,0,121,5
commoncppmakefile,,5,0,301,1
commonjavamakefile,,5,0,171,2
commons,,5,0,38,1
compatible,,5,0,11,4
conf_mac_home,,5,0,15,1
configure-failsafe,,5,0,33012,1
coq,,5,0,10,1
coverage,,5,0,88,4
cpufreqnextgovernor,,5,0,52,1
create_usage,,5,0,453,1
croissant,,5,0,165,1
current,,5,0,6,4
currently-used-coq-nix-versions,,5,0,19,1
customize,,5,0,739,2
de_de,,5,0,2683,2
deb_control,,5,0,37,1
debian,,5,0,15,3
def,,5,0,2429,3
default-test,,5,0,106,1
definitions,,5,0,293,1
descr,,5,0,22,4
description,,5,0,24,3
devmon,,5,0,76,1
diff-with-without-partitions,,5,0,37,1
doc,,5,0,134,3
docgen,,5,0,68,2
dot-tatt-spec,,5,0,10,1
dunst,,5,0,63,1
el-fetch,,5,0,11,1
emu-els,,5,0,678,2
enum,,5,0,40,2
es,,5,0,4,3
es2,,5,2,0,3
es_es,,5,0,2671,2
fajitas,,5,0,58,1
features,,5,0,14,3
filelist,,5,0,52,2
footer,,5,0,23,1
fr_fr,,5,0,79,2
gcc,,5,0,3,2
gen-upgrade-sets,,5,0,78,1
generic,,5,0,67,2
germanbash,,5,0,4071,1
git-flow-hotfix,,5,0,29,1
gitflow-common,,5,0,10,1
go-updater,,5,0,256,1
hackrf,,5,0,8,2
hipify-perl,,5,0,704,1
httpbin,,5,0,64,1
i3lock-zsh,,5,0,189,1
ike-vendor-ids,,5,0,106,1
include-binaries,,5,0,11,2
internal-test,,5,0,770,1
it,,5,0,2626,3
jflex,,5,0,10,1
jpeg-exif,,5,1,14,1
jpeg-jfif,,5,1,14,1
libnet++,,5,0,9,1
librime,,5,0,10,1
links,"Configuration("""")",5,0,32,4
linux,,5,0,30,2
magicsort,,5,0,45,1
make-and-stage-release,,5,0,31,2
makefile-files,,5,0,242,1
makefile-manual,,5,0,139,1
makoctl,,5,0,234,1
menu,,5,0,77,4
meta-zip,,5,0,10,1
mkgallery,,5,0,893,1
mkhelp,,5,0,123,1
ninka,,5,0,97,1
nolto,,5,0,5,1
northamerica,,5,0,194,1
notestore-remote,,5,0,915,1
ntmakefile,,5,0,29,1
nwg-bar,,5,5,0,1
package,,5,0,821,5
package-ubuntu,,5,0,798,5
packages,,5,0,318,2
parso,,5,0,10,1
pdfjam,,5,0,10,2
performance,,5,0,87,2
platforms,,5,0,59,3
png,,5,1,18,1
podman-etcd,,5,0,156,1
poppassd,,5,0,17,1
print,,5,0,42,2
psalm,,5,5,0,2
psd-suspend-sync,,5,0,118,1
psh,,5,0,23,1
pslurp,,5,0,15,1
python-setuptools-69,,5,0,90,5
qa-cmp,,5,0,28,1
qhexedit2,,5,0,10,1
quickget,,5,0,42,1
readme_git,"Documentation(""General"")",5,0,157,1
ref_ptr,,5,0,48,2
report,,5,0,81,3
run-gersemi,,5,0,3,5
run_tests,,5,0,271,4
script6,,5,0,147,1
scsub,"Code(""Build"")",5,0,52,2
servers_charset_list,,5,0,7,1
shared_config,,5,0,529,2
southamerica,,5,0,610,1
span,,5,0,51,1
stat,,5,0,43,1
tegaki-recognize,,5,0,121,1
test1,,5,0,23,1
test2,,5,0,23,1
testdoc,,5,0,35,1
tofi,,5,0,10,1
ubertooth-btbr,,5,0,52,1
ufetch-aux,,5,0,38,1
update,,5,0,440,3
upgrading,,5,0,108,2
usage,,5,0,567,3
vcpkg,,5,0,10,2
vdr-x11,,5,0,13,1
vdrplugin-rebuild,,5,0,15,1
watchman,,5,0,10,5
wav2json,,5,5,0,1
wl-tab,,5,0,33,1
ylwrap,,5,0,746,4
zig-xkbcommon,,5,0,9,1
zlib,,5,0,52,3
.1-1,,4,0,52,1
.1in,"Documentation(""Manual"")",4,0,513,1
.1x,"Documentation(""Manual"")",4,0,14,1
.25,"Documentation(""General"")",4,0,6,2
.35,,4,0,257,2
.4100,,4,0,304,1
.57,,4,4,0,1
.686,"Documentation(""General"")",4,0,187,3
.adf,,4,4,0,1
.af,,4,4,0,1
.aidl,"Code(""Interface"")",4,0,109,3
.any,,4,0,618,1
.apache,,4,0,588,2
.arch,,4,0,24,2
.arduino-cli,,4,0,20,1
.ask,,4,4,0,1
.aux,,4,0,2226,2
.bankdir,,4,0,8,1
.bashlib,,4,0,23,1
.bionic,,4,0,134,1
.bnd,"Code(""Build"")",4,0,10,1
.bootstrap,"Code(""Build"")",4,0,32,3
.bru,,4,0,57,2
.caddyfiletest,"Data(""Text"")",4,0,310,1
.cin,,4,0,156,2
.codedocs,,4,0,203,2
.codespell-ignore,,4,0,4,2
.cppclean,"Documentation(""General"")",4,0,460,4
.crx,,4,2,37,2
.ctb,,4,0,32,1
.cue,"Configuration("""")",4,0,373,3
.dep5,"Documentation(""Legal"")",4,0,1498,1
.dex,"Data(""Binary"")",4,4,0,1
.dictionary,,4,0,24,1
.dif,,4,0,220,1
.dix,,4,0,106,1
.docm,"Data(""Document"")",4,4,0,2
.dotm,,4,4,0,2
.dotx,"Data(""Document"")",4,4,0,2
.ebnf,"Code(""Grammar"")",4,0,565,3
.ec,,4,0,2970,1
.el6,,4,0,35,1
.ewp,,4,0,12,1
.exr,"Data(""Image"")",4,4,0,3
.fai,,4,0,5,3
.fbp,,4,0,14,1
.fcl,,4,0,9,1
.fdb,"Code(""Build"")",4,0,8,2
.fedora-37,"Code(""Build"")",4,0,135,2
.flatpak,"Documentation(""General"")",4,3,0,3
.foot,,4,0,18,1
.fsx,"Code(""ML"")",4,0,73,3
.fuse_hidden0000012c00000013,,4,4,0,2
.fuse_hidden00002ad800000004,,4,4,0,2
.generic,,4,0,1894,3
.gliffy,,4,0,4,1
.gnu,,4,0,662,1
.h++,,4,0,18,1
.hin,,4,0,580,2
.icm,"Data(""Binary"")",4,4,0,1
.ind,,4,0,965,3
.ine,,4,0,38,1
.info-3,,4,0,1200,1
.irix,"Documentation(""General"")",4,0,113,3
.jnilib,,4,4,0,1
.jsonnet,,4,0,62,2
.ldscript,,4,0,12,1
.leases,,4,0,11,1
.libsonnet,,4,0,182,2
.lit,,4,0,20,1
.lockb,,4,4,0,2
.lvl,,4,4,0,1
.lzh,,4,4,0,1
.ms,,4,0,152,1
.msm,,4,4,0,1
.mtx,,4,2,0,2
.ncl,,4,0,231,1
.networkmanager,,4,0,16,1
.nomad,,4,0,141,2
.note,,4,0,129,2
.nt,"Code(""Build"")",4,0,36,2
.nuc,,4,0,195,1
.off,"Data(""Text"")",4,0,103,3
.onnx,"Data(""Binary"")",4,4,0,1
.openlink,,4,0,8,1
.openssl,"Documentation(""Legal"")",4,0,349,2
.os4,"Code(""Build"")",4,0,1194,1
.par,,4,0,3,3
.part1,,4,0,51,1
.partad,,4,4,0,1
.pcx,"Data(""Image"")",4,4,0,2
.pfx,"Data(""Security"")",4,4,0,1
.pjt,,4,0,8,1
.postamble,"Code(""Build"")",4,0,82,2
.potm,,4,4,0,2
.potx,,4,4,0,2
.powershell,,4,0,11,1
.po~,,4,0,888,1
.pptm,,4,4,0,2
.provider,,4,0,8,3
.qdoc,,4,0,362,1
.rbql,,4,0,10,1
.reviewboardrc,,4,0,17,1
.roff,,4,0,295,1
.ron,,4,0,8,2
.ruleset,"Configuration("""")",4,0,471,1
.runtime,"Documentation(""Legal"")",4,0,256,2
.rux,,4,0,2564,1
".scss""",,4,0,100,1
.sdc,"Code(""Hardware"")",4,1,42,2
.sdl,,4,0,126,4
.skin,"Data(""Text"")",4,0,465,1
.skl,,4,0,12028,1
.slc,,4,0,21,1
.sles12,,4,0,41,1
.smp,,4,0,12,1
.smplug,,4,4,0,1
.softhsm,,4,0,240,1
.spc,,4,0,39,1
.sqdelta,,4,4,0,1
.startup,,4,0,158,1
.stm,,4,4,0,1
.styl,,4,0,82,2
.sup,,4,0,93,1
.sysconfig,,4,0,23,3
.t2t,,4,0,130,2
.table,,4,0,519,2
.tgs,,4,4,0,1
.thmx,,4,4,0,2
.thtml,,4,0,643,1
.torrent,,4,0,3,2
.tpp,,4,0,203,3
.tre,,4,0,28,1
.tsdl,,4,0,146,1
.txt2html,"Documentation(""General"")",4,0,15,1
.utb,,4,0,588,1
.vars,"Code(""Build"")",4,0,34,2
.vdproj,,4,0,6526,2
.vpw,,4,0,48,1
.vrsettings,,4,0,47,1
.vsprops,,4,0,30,3
.vspscc,,4,0,40,1
.war,"Data(""Archive"")",4,4,0,1
.webm,"Data(""Video"")",4,4,0,3
.wings,,4,4,0,1
.workspace,,4,0,10,3
.x64,,4,0,14,2
.xenial,,4,0,142,1
.xiy,,4,4,0,1
.xlsm,"Data(""Document"")",4,4,0,2
.xltm,,4,4,0,2
.xltx,,4,4,0,2
.xresources,,4,0,163,2
.yaml~,,4,0,44,1
06-3d-04,,4,4,0,1
06-47-01,,4,4,0,1
06-af-03,,4,4,0,1
06-ba-08,,4,4,0,1
50cygwin,,4,0,36,1
61_en,,4,4,0,1
_arch-chroot,,4,0,101,1
_eselect,,4,0,848,1
_gcc-config,,4,0,70,1
_generated-files,,4,0,408,2
_genlop,,4,0,286,1
_layman,,4,0,80,1
_makoctl,,4,0,23,1
_zypper,,4,0,210,1
a2j_control,,4,0,333,1
abomasnow,,4,0,32,1
abomasnow-mega,,4,0,30,1
abra,,4,0,24,1
absol,,4,0,38,1
absol-mega,,4,0,28,1
acc,,4,0,72,1
accelgor,,4,0,32,1
actors,,4,0,8,1
aegislash,,4,0,38,1
aerodactyl,,4,0,34,1
aerodactyl-mega,,4,0,26,1
aggron,,4,0,36,1
aggron-mega,,4,0,28,1
aif-job-processor,,4,0,22,1
aipom,,4,0,22,1
alakazam,,4,0,38,1
alakazam-mega,,4,0,32,1
alcremie,,4,0,32,1
alcremie-gmax,,4,0,52,1
algorithm,,4,0,29,2
all_headers,,4,2,116,1
alomomola,,4,0,24,1
altaria,,4,0,32,1
altaria-mega,,4,0,26,1
amaura,,4,0,26,1
ambipom,,4,0,28,1
amoonguss,,4,0,28,1
ampharos,,4,0,28,1
ampharos-mega,,4,0,28,1
analysis_ghidra,,4,0,104,1
anorith,,4,0,22,1
apel-mk,,4,0,404,2
appletun,,4,0,34,1
applin,,4,0,20,1
araquanid,,4,0,28,1
arbok,,4,0,32,1
arcanine,,4,0,40,1
arcanine-hisui,,4,0,42,1
arceus,,4,0,30,1
archen,,4,0,18,1
archeops,,4,0,40,1
arctovish,,4,0,30,1
arctozolt,,4,0,38,1
ariados,,4,0,24,1
armaldo,,4,0,32,1
aromatisse,,4,0,32,1
aron,,4,0,14,1
arrokuda,,4,0,18,1
articuno,,4,0,48,1
articuno-galar,,4,0,46,1
assets,,4,0,6,3
audino,,4,0,32,1
audino-mega,,4,0,28,1
aur-update,,4,0,18,1
aurorus,,4,0,38,1
australasia,,4,0,265,1
autoconf,,4,0,20,1
autoupdate,,4,3,1,1
avalugg,,4,0,28,1
avalugg-hisui,,4,0,28,1
axew,,4,0,22,1
azelf,,4,0,32,1
azumarill,,4,0,38,1
azurill,,4,0,22,1
bagon,,4,0,22,1
baltoy,,4,0,24,1
banette,,4,0,22,1
banette-mega,,4,0,32,1
barbaracle,,4,0,34,1
barboach,,4,0,16,1
barraskewda,,4,0,22,1
basculegion,,4,0,30,1
basculin,,4,0,26,1
bastiodon,,4,0,26,1
bats-core,,4,0,6,2
bats-exec-suite,,4,0,31,1
bats-exec-test,,4,0,118,1
bayleef,,4,0,26,1
beartic,,4,0,34,1
beautifly,,4,0,26,1
beedrill,,4,0,26,1
beedrill-mega,,4,0,28,1
beheeyem,,4,0,36,1
beldum,,4,0,20,1
bellossom,,4,0,30,1
bellsprout,,4,0,18,1
bergmite,,4,0,20,1
betterlockscreen_rapid,,4,0,71,1
bewear,,4,0,34,1
bibarel,,4,0,24,1
bidoof,,4,0,18,1
binacle,,4,0,26,1
bisharp,,4,0,34,1
blacephalon,,4,0,36,1
blastoise,,4,0,40,1
blastoise-gmax,,4,0,46,1
blastoise-mega,,4,0,30,1
blaziken,,4,0,36,1
blaziken-mega,,4,0,30,1
blipbug,,4,0,30,1
blissey,,4,0,36,1
blitzle,,4,0,24,1
bluealsad,,4,0,16,2
boldore,,4,0,24,1
boltund,,4,0,32,1
bonsly,,4,0,22,1
boringssl,,4,0,8,2
bouffalant,,4,0,32,1
bounsweet,,4,0,22,1
boxes-config,,4,0,8,1
braixen,,4,0,24,1
braviary,,4,0,40,1
braviary-hisui,,4,0,40,1
breloom,,4,0,28,1
brionne,,4,0,26,1
bronzong,,4,0,30,1
bronzor,,4,0,18,1
bruxish,,4,0,22,1
bsd-3-clause,,4,0,93,3
bt-handover,,4,0,211,1
btrfs-search-metadata,,4,0,350,1
budew,,4,0,20,1
bugzilla,,4,0,28,1
build-all-platforms,,4,0,33,1
build-lib,,4,0,110,1
build-linux,,4,0,4,3
build-xcursor-plasmasvg,,4,0,152,1
build_all,,4,0,83,1
builddeps,,4,0,104,1
buizel,,4,0,22,1
bulbasaur,,4,0,22,1
bump-version,,4,0,39,1
buneary,,4,0,24,1
bunnelby,,4,0,28,1
burmy,,4,0,24,1
butterfree,,4,0,40,1
butterfree-gmax,,4,0,46,1
buzzwole,,4,0,42,1
c-blosc,,4,0,7,1
c-symlink-path-test,,4,0,60,2
c-symlink-test,,4,0,48,2
cacnea,,4,0,20,1
cacturne,,4,0,30,1
cakescripts,,4,0,8,2
calyrex,,4,0,38,1
camerupt,,4,0,24,1
camerupt-mega,,4,0,30,1
carbink,,4,0,16,1
carkol,,4,0,26,1
carnivine,,4,0,26,1
carracosta,,4,0,34,1
carvanha,,4,0,22,1
cascoon,,4,0,20,1
castform,,4,0,22,1
casync,,4,0,187,1
caterpie,,4,0,18,1
celebi,,4,0,20,1
celesteela,,4,0,42,1
centiskorch,,4,0,32,1
centiskorch-gmax,,4,0,48,1
chandelure,,4,0,36,1
chansey,,4,0,22,1
charizard,,4,0,42,1
charizard-gmax,,4,0,52,1
charizard-mega-x,,4,0,28,1
charizard-mega-y,,4,0,28,1
charjabug,,4,0,22,1
charmander,,4,0,22,1
charmeleon,,4,0,26,1
chatot,,4,0,24,1
check-host-list,,4,0,8,1
check-ieee-reg,,4,0,8,1
check-run1,,4,0,10,2
cherrim,,4,0,30,1
cherubi,,4,0,20,1
chesnaught,,4,0,26,1
chespin,,4,0,24,1
chewtle,,4,0,26,1
chikorita,,4,0,22,1
chimchar,,4,0,24,1
chimecho,,4,0,24,1
chinchou,,4,0,22,1
chingling,,4,0,22,1
ci-matrix,,4,0,58,1
cinccino,,4,0,32,1
cinderace,,4,0,44,1
cinderace-gmax,,4,0,52,1
clamperl,,4,0,22,1
clamtk,,4,0,11,1
clauncher,,4,0,20,1
clawitzer,,4,0,30,1
claydol,,4,0,34,1
clean_build,,4,0,44,1
clefable,,4,0,34,1
clefairy,,4,0,22,1
cleffa,,4,0,18,1
clobbopus,,4,0,20,1
cloyster,,4,0,36,1
coalossal,,4,0,44,1
coalossal-gmax,,4,0,52,1
cobalion,,4,0,40,1
cofagrigus,,4,0,36,1
combee,,4,0,20,1
combusken,,4,0,28,1
comfey,,4,0,36,1
commit_editmsg,,4,0,55,1
commoncsmakefile,,4,0,118,1
commonmakefile,,4,0,521,1
comptest,,4,0,61,1
config_script_example,,4,0,8,1
conkeldurr,,4,0,34,1
copperajah,,4,0,32,1
copperajah-gmax,,4,0,50,1
copyright-exclude,,4,0,8,2
corphish,,4,0,22,1
corrupted_header_len,,4,2,2,1
corrupted_headers,,4,2,2,1
corrupted_length,,4,2,2,1
corrupted_payload,,4,2,2,1
corsola,,4,0,22,1
corsola-galar,,4,0,22,1
corviknight,,4,0,34,1
corviknight-gmax,,4,0,46,1
corvisquire,,4,0,22,1
cosmoem,,4,0,22,1
cosmog,,4,0,22,1
cottonee,,4,0,16,1
cppman,,4,0,36,1
cpputils,,4,0,7,1
cpufreq,,4,0,39,1
crabominable,,4,0,26,1
crabrawler,,4,0,24,1
cradily,,4,0,26,1
cramorant,,4,0,32,1
cranidos,,4,0,22,1
crawdaunt,,4,0,34,1
create_zips,,4,0,29,1
credit,,4,0,9,1
cresselia,,4,0,36,1
crnirizot,,4,0,36,1
croagunk,,4,0,20,1
crobat,,4,0,32,1
croconaw,,4,0,28,1
crustle,,4,0,32,1
cryogonal,,4,0,32,1
cubchoo,,4,0,20,1
cubone,,4,0,22,1
cufant,,4,0,24,1
cursola,,4,0,34,1
cutiefly,,4,0,22,1
cyndaquil,,4,0,20,1
d,,4,0,12,2
darkrai,,4,0,30,1
darmanitan,,4,0,36,1
darmanitan-galar,,4,0,38,1
dartrix,,4,0,24,1
darumaka,,4,0,18,1
darumaka-galar,,4,0,18,1
deb_copyright,,4,0,41,1
debcontents,,4,0,70,1
debug,,4,0,920,1
decidueye,,4,0,40,1
decidueye-hisui,,4,0,40,1
dedenne,,4,0,30,1
deerling,,4,0,24,1
deino,,4,0,22,1
delcatty,,4,0,24,1
delibird,,4,0,34,1
delphox,,4,0,26,1
deoxys,,4,0,24,1
deploy,,4,0,38,2
dewgong,,4,0,40,1
dewott,,4,0,26,1
dewpider,,4,0,22,1
dhelmise,,4,0,38,1
dialga,,4,0,46,1
diancie,,4,0,42,1
diancie-mega,,4,0,28,1
diggersby,,4,0,32,1
diglett,,4,0,16,1
diglett-alola,,4,0,20,1
distrobox-init,,4,0,13,1
ditto,,4,0,16,1
dmarc,,4,0,9,1
do,,4,0,43,2
docker_,,4,0,47,1
dockerfile-build-alpine,,4,0,40,2
dodrio,,4,0,34,1
doduo,,4,0,20,1
donphan,,4,0,24,1
dottler,,4,0,24,1
doublade,,4,0,26,1
dox,,4,0,4886,2
doxyfile-man,,4,0,6148,1
dracovish,,4,0,34,1
dracozolt,,4,0,36,1
dragalge,,4,0,34,1
dragapult,,4,0,42,1
dragonair,,4,0,24,1
dragonite,,4,0,42,1
drakloak,,4,0,26,1
drampa,,4,0,28,1
drapion,,4,0,30,1
dratini,,4,0,20,1
drednaw,,4,0,30,1
drednaw-gmax,,4,0,48,1
dreepy,,4,0,20,1
drifblim,,4,0,34,1
drifloon,,4,0,24,1
drilbur,,4,0,20,1
drizzile,,4,0,30,1
drowzee,,4,0,24,1
druddigon,,4,0,38,1
dubwool,,4,0,32,1
ducklett,,4,0,22,1
dugtrio,,4,0,36,1
dugtrio-alola,,4,0,26,1
dunsparce,,4,0,28,1
dunstrc,,4,0,10,1
duosion,,4,0,22,1
duraludon,,4,0,38,1
duraludon-gmax,,4,0,50,1
durant,,4,0,24,1
dusclops,,4,0,26,1
dusknoir,,4,0,36,1
duskull,,4,0,24,1
dustox,,4,0,22,1
dwebble,,4,0,20,1
eat-256color,,4,4,0,1
eat-color,,4,4,0,1
eat-mono,,4,4,0,1
eat-truecolor,,4,4,0,1
edid-fixdim,,4,0,260,1
eelektrik,,4,0,22,1
eelektross,,4,0,24,1
eevee,,4,0,20,1
eevee-gmax,,4,0,40,1
eiscue,,4,0,38,1
ekans,,4,0,24,1
eldegoss,,4,0,32,1
electabuzz,,4,0,38,1
electivire,,4,0,34,1
electrike,,4,0,18,1
electrode,,4,0,18,1
electrode-hisui,,4,0,24,1
elekid,,4,0,22,1
elf,,4,1,12,1
elgyem,,4,0,22,1
emboar,,4,0,28,1
emolga,,4,0,28,1
empoleon,,4,0,28,1
empty,,4,0,19,4
empty_message,,4,2,16,1
enamorus,,4,0,42,1
end_html,,4,0,38,1
entei,,4,0,38,1
escavalier,,4,0,38,1
espeon,,4,0,32,1
espurr,,4,0,20,1
eternatus,,4,0,52,1
europe,,4,0,773,1
excadrill,,4,0,32,1
exeggcute,,4,0,20,1
exeggutor,,4,0,46,1
exeggutor-alola,,4,0,56,1
exploud,,4,0,36,1
export,,4,0,68,2
extensions,,4,0,8,1
external,,4,0,7,1
falinks,,4,0,26,1
farfetchd,,4,0,24,1
farfetchd-galar,,4,0,32,1
fearow,,4,0,24,1
feebas,,4,0,24,1
fennekin,,4,0,22,1
feraligatr,,4,0,28,1
ferroseed,,4,0,18,1
ferrothorn,,4,0,28,1
ffmpeg-build-linux,,4,0,20,1
ffmpeg-build-win,,4,0,29,1
file-format,,4,0,70,1
finneon,,4,0,20,1
flaaffy,,4,0,24,1
flabebe,,4,0,20,1
flapple,,4,0,34,1
flapple-gmax,,4,0,46,1
flareon,,4,0,36,1
flekiceskupuson,,4,0,36,1
fletchinder,,4,0,22,1
fletchling,,4,0,18,1
floatzel,,4,0,24,1
floette,,4,0,24,1
florges,,4,0,30,1
flygon,,4,0,36,1
fmawk-opener,,4,0,59,1
fmt,,4,0,6,2
fomantis,,4,0,22,1
foo,,4,1,6708,3
foongus,,4,0,20,1
forretress,,4,0,20,1
fraxure,,4,0,24,1
frillish,,4,0,22,1
froakie,,4,0,22,1
frogadier,,4,0,24,1
froslass,,4,0,34,1
frosmoth,,4,0,34,1
function_docstring,,4,0,8,1
furfrou,,4,0,30,1
furret,,4,0,24,1
gabite,,4,0,24,1
gallade,,4,0,36,1
gallade-mega,,4,0,28,1
galvantula,,4,0,30,1
garbodor,,4,0,32,1
garbodor-gmax,,4,0,42,1
garchomp,,4,0,34,1
garchomp-mega,,4,0,28,1
gardevoir,,4,0,38,1
gardevoir-mega,,4,0,26,1
gastly,,4,0,24,1
gastrodon,,4,0,32,1
gemfile-4-2-stable,,4,0,16,1
gemfile-rails-4-2,,4,0,20,1
genesect,,4,0,36,1
gengar,,4,0,38,1
gengar-gmax,,4,0,44,1
gengar-mega,,4,0,32,1
geodude,,4,0,18,1
geodude-alola,,4,0,18,1
get-oui,,4,0,10,1
get_sourcecode,,4,0,6,1
get_voices,,4,0,213,1
gettext,,4,0,180,2
gible,,4,0,22,1
gigalith,,4,0,36,1
girafarig,,4,0,26,1
giratina,,4,0,36,1
git-bulk,,4,0,67,1
github,,4,0,81,3
glaceon,,4,0,32,1
glalie,,4,0,30,1
glalie-mega,,4,0,26,1
glameow,,4,0,24,1
glastrier,,4,0,40,1
gligar,,4,0,26,1
gliscor,,4,0,24,1
gloom,,4,0,24,1
gogoat,,4,0,24,1
golbat,,4,0,36,1
goldeen,,4,0,22,1
golduck,,4,0,34,1
golem,,4,0,36,1
golem-alola,,4,0,40,1
golett,,4,0,20,1
golisopod,,4,0,36,1
golurk,,4,0,32,1
goodra,,4,0,32,1
goodra-hisui,,4,0,32,1
goomy,,4,0,16,1
gorebyss,,4,0,24,1
gossifleur,,4,0,20,1
gothita,,4,0,20,1
gothitelle,,4,0,34,1
gothorita,,4,0,22,1
gourgeist,,4,0,34,1
gpg-recv-key,,4,0,89,2
granbull,,4,0,26,1
grapploct,,4,0,30,1
gravcenatavce,,4,0,36,1
graveler,,4,0,24,1
graveler-alola,,4,0,26,1
greedent,,4,0,34,1
greninja,,4,0,24,1
grimer,,4,0,20,1
grimer-alola,,4,0,20,1
grimmsnarl,,4,0,36,1
grimmsnarl-gmax,,4,0,50,1
grookey,,4,0,26,1
grotle,,4,0,24,1
groudon,,4,0,38,1
grovyle,,4,0,24,1
growlithe,,4,0,24,1
growlithe-hisui,,4,0,24,1
grubbin,,4,0,16,1
grumpig,,4,0,22,1
gulpin,,4,0,20,1
gumshoos,,4,0,26,1
gurdurr,,4,0,26,1
guzzlord,,4,0,40,1
gvgit-get-keyids,,4,0,62,1
gyarados,,4,0,42,1
gyarados-mega,,4,0,32,1
h,,4,0,22,2
hakamo-o,,4,0,30,1
happiny,,4,0,22,1
hariyama,,4,0,26,1
hatenna,,4,0,26,1
hatterene,,4,0,36,1
hatterene-gmax,,4,0,46,1
hattrem,,4,0,24,1
haunter,,4,0,28,1
hawlucha,,4,0,32,1
haxorus,,4,0,36,1
hdrop,,4,0,153,1
header,,4,0,46,4
heatmor,,4,0,28,1
heatran,,4,0,30,1
heliolisk,,4,0,32,1
helioptile,,4,0,20,1
heracross,,4,0,42,1
heracross-mega,,4,0,32,1
herdier,,4,0,24,1
hippopotas,,4,0,20,1
hippowdon,,4,0,26,1
hitmonchan,,4,0,38,1
hitmonlee,,4,0,32,1
hitmontop,,4,0,32,1
ho-oh,,4,0,52,1
honchkrow,,4,0,24,1
honedge,,4,0,26,1
hoopa,,4,0,22,1
hoothoot,,4,0,22,1
hoppip,,4,0,22,1
horsea,,4,0,20,1
hotfix,,4,0,4,1
houndoom,,4,0,26,1
houndoom-mega,,4,0,30,1
houndour,,4,0,22,1
howto-release,,4,0,11,1
huntail,,4,0,26,1
hydreigon,,4,0,32,1
hyfetch,,4,0,7,1
hypno,,4,0,38,1
i3lock-bash,,4,0,130,1
ibus-fbterm,,4,0,17,1
igglybuff,,4,0,20,1
ike-backoff-patterns,,4,0,22,1
illumise,,4,0,22,1
impidimp,,4,0,22,1
incineroar,,4,0,34,1
indeedee,,4,0,30,1
infernape,,4,0,26,1
inkay,,4,0,22,1
install-client,,4,0,24,2
install-gog-game,,4,0,14,1
installation,,4,0,171,1
int32_header,,4,2,26,1
inteleon,,4,0,48,1
inteleon-gmax,,4,0,52,1
internal,,4,0,90,1
iso-8859-6,,4,0,6,2
iso-8859-7,,4,0,2,2
iso-8859-8,,4,0,4,2
issue,,4,0,2,1
ivysaur,,4,0,22,1
jangmo-o,,4,0,26,1
jellicent,,4,0,34,1
jigglypuff,,4,0,22,1
jirachi,,4,0,22,1
jolteon,,4,0,34,1
joltik,,4,0,18,1
jtwig-plugins,,4,0,5,2
juce_module_info,,4,0,152,2
jumpluff,,4,0,24,1
jynx,,4,0,36,1
kabuto,,4,0,16,1
kabutops,,4,0,34,1
kadabra,,4,0,28,1
kakuna,,4,0,20,1
kangaskhan,,4,0,36,1
kangaskhan-mega,,4,0,24,1
karrablast,,4,0,20,1
kartana,,4,0,40,1
kecleon,,4,0,22,1
keldeo,,4,0,38,1
kettle-dvcs,,4,0,64,4
kingdra,,4,0,36,1
kingler,,4,0,40,1
kingler-gmax,,4,0,42,1
kirlia,,4,0,26,1
klang,,4,0,22,1
kleavor,,4,0,40,1
klefki,,4,0,34,1
klink,,4,0,18,1
klinklang,,4,0,34,1
knownbug,,4,0,90,3
koffing,,4,0,28,1
komala,,4,0,22,1
kommo-o,,4,0,36,1
krabby,,4,0,24,1
kricketot,,4,0,24,1
kricketune,,4,0,26,1
krokorok,,4,0,24,1
krookodile,,4,0,32,1
kubfu,,4,0,24,1
kyogre,,4,0,30,1
kyurem,,4,0,34,1
lairon,,4,0,20,1
lampent,,4,0,20,1
landorus,,4,0,38,1
lanturn,,4,0,26,1
lapras,,4,0,38,1
lapras-gmax,,4,0,44,1
larvesta,,4,0,22,1
larvitar,,4,0,22,1
latias,,4,0,30,1
latias-mega,,4,0,26,1
latios,,4,0,32,1
latios-mega,,4,0,26,1
leafeon,,4,0,34,1
leavanny,,4,0,24,1
ledian,,4,0,24,1
ledyba,,4,0,20,1
lein,,4,0,10,1
lexer,,4,0,53,1
lgpl,,4,0,1461,3
libffi,,4,0,33,2
libinput-gestures-setup,,4,0,459,1
libosmo-dsp,,4,0,7,1
libwebp,,4,0,7,2
licenses,"Documentation(""Legal"")",4,0,8,4
lickilicky,,4,0,34,1
lickitung,,4,0,20,1
liepard,,4,0,38,1
lileep,,4,0,22,1
lilligant,,4,0,36,1
lilligant-hisui,,4,0,38,1
lillipup,,4,0,20,1
linoone,,4,0,22,1
linoone-galar,,4,0,22,1
lintian-overrides,,4,0,5,3
litleo,,4,0,22,1
litten,,4,0,24,1
litwick,,4,0,20,1
lombre,,4,0,24,1
lopunny,,4,0,34,1
lopunny-mega,,4,0,26,1
lotad,,4,0,18,1
loudred,,4,0,26,1
lrls,,4,0,68,1
ltconfig,,4,0,7548,3
lucario,,4,0,38,1
lucario-mega,,4,0,26,1
ludicolo,,4,0,40,1
lugia,,4,0,42,1
lumineon,,4,0,26,1
lunala,,4,0,40,1
lunatone,,4,0,26,1
lurantis,,4,0,36,1
luvdisc,,4,0,20,1
luxio,,4,0,24,1
luxray,,4,0,32,1
lxqt-transupdate,,4,0,23,1
lycanroc,,4,0,30,1
lynis,,4,0,87,1
machamp,,4,0,38,1
machamp-gmax,,4,0,48,1
machoke,,4,0,24,1
machop,,4,0,22,1
magby,,4,0,22,1
magcargo,,4,0,24,1
magearna,,4,0,42,1
magikarp,,4,0,26,1
magmar,,4,0,38,1
magmortar,,4,0,34,1
magnemite,,4,0,18,1
magneton,,4,0,36,1
magnezone,,4,0,34,1
makedepend,,4,0,36,1
makedev-cpuid-msr,,4,0,28,2
makepp,,4,0,20,1
makesrcdist,,4,0,102,2
makuhita,,4,0,22,1
malamar,,4,0,36,1
mamfile,,4,0,18,1
mamoswine,,4,0,30,1
manaphy,,4,0,22,1
mandibuzz,,4,0,36,1
manectric,,4,0,36,1
manectric-mega,,4,0,26,1
mankey,,4,0,22,1
mantine,,4,0,22,1
mantyke,,4,0,20,1
maractus,,4,0,36,1
mareanie,,4,0,22,1
mareep,,4,0,22,1
marill,,4,0,20,1
marowak,,4,0,32,1
marowak-alola,,4,0,42,1
marshadow,,4,0,36,1
marshtomp,,4,0,24,1
masquerain,,4,0,26,1
mawile,,4,0,30,1
mawile-mega,,4,0,28,1
mbtar,,4,0,67,1
mdate-sh,,4,0,446,3
medicham,,4,0,28,1
medicham-mega,,4,0,30,1
meditite,,4,0,22,1
meganium,,4,0,30,1
melmetal,,4,0,32,1
melmetal-gmax,,4,0,44,1
meloetta,,4,0,24,1
meltan,,4,0,20,1
memo,,4,0,787,2
memo_docker,,4,0,146,1
meowstic,,4,0,32,1
meowth,,4,0,24,1
meowth-alola,,4,0,24,1
meowth-galar,,4,0,24,1
meowth-gmax,,4,0,48,1
mesprit,,4,0,30,1
metagross,,4,0,28,1
metagross-mega,,4,0,26,1
metang,,4,0,24,1
metapod,,4,0,20,1
mew,,4,0,28,1
mewtwo,,4,0,44,1
mewtwo-mega-x,,4,0,28,1
mewtwo-mega-y,,4,0,32,1
mienfoo,,4,0,22,1
mienshao,,4,0,36,1
mightyena,,4,0,24,1
milcery,,4,0,20,1
milotic,,4,0,36,1
miltank,,4,0,36,1
mime-jr,,4,0,24,1
mimikyu,,4,0,32,1
minccino,,4,0,22,1
minior,,4,0,20,1
minun,,4,0,22,1
misdreavus,,4,0,22,1
mismagius,,4,0,30,1
mkman,,4,0,218,1
moltres,,4,0,46,1
moltres-galar,,4,0,44,1
monferno,,4,0,26,1
morelull,,4,0,26,1
morgrem,,4,0,26,1
morpeko,,4,0,24,1
mothim,,4,0,22,1
mp3-id3v1,,4,0,40,1
mr-mime,,4,0,36,1
mr-mime-galar,,4,0,34,1
mr-rime,,4,0,36,1
msoffice,,4,1,32,1
mudbray,,4,0,26,1
mudkip,,4,0,20,1
mudsdale,,4,0,32,1
muk,,4,0,28,1
muk-alola,,4,0,28,1
munchlax,,4,0,22,1
munna,,4,0,16,1
murkrow,,4,0,24,1
musharna,,4,0,30,1
musicbrainz,,4,2,16,2
naganadel,,4,0,44,1
natu,,4,0,20,1
necrozma,,4,0,38,1
nickit,,4,0,24,1
nidoking,,4,0,36,1
nidoqueen,,4,0,38,1
nidoran-f,,4,0,22,1
nidoran-m,,4,0,22,1
nidorina,,4,0,24,1
nidorino,,4,0,24,1
nihilego,,4,0,34,1
nincada,,4,0,16,1
ninetales,,4,0,36,1
ninetales-alola,,4,0,28,1
ninjask,,4,0,32,1
noctowl,,4,0,40,1
node,,4,0,6,1
noibat,,4,0,22,1
noivern,,4,0,32,1
nosepass,,4,0,20,1
not-todo,,4,0,104,1
numel,,4,0,20,1
nuzleaf,,4,0,26,1
obstagoon,,4,0,34,1
ocs-functions,,4,0,87,1
octillery,,4,0,30,1
oddish,,4,0,22,1
omanyte,,4,0,20,1
omastar,,4,0,36,1
onix,,4,0,44,1
oranguru,,4,0,32,1
orbeetle,,4,0,36,1
orbeetle-gmax,,4,0,42,1
oricorio,,4,0,22,1
orochi,,4,0,4,1
oshawott,,4,0,20,1
overqwil,,4,0,42,1
pachirisu,,4,0,26,1
palkia,,4,0,40,1
palossand,,4,0,34,1
palpitoad,,4,0,20,1
pam_script,,4,0,66,1
pancham,,4,0,22,1
pangoro,,4,0,36,1
panpour,,4,0,24,1
pansage,,4,0,24,1
pansear,,4,0,22,1
paras,,4,0,22,1
parasect,,4,0,24,1
parse-test,,4,0,26,1
passimian,,4,0,34,1
passwdfile,,4,0,4,1
patrat,,4,0,20,1
pawniard,,4,0,22,1
payload_no_headers,,4,2,16,1
payload_one_str_header,,4,2,26,1
pelipper,,4,0,30,1
perrserker,,4,0,34,1
persian,,4,0,40,1
persian-alola,,4,0,24,1
petilil,,4,0,20,1
phanpy,,4,0,18,1
phantump,,4,0,24,1
phdc-simple-manager,,4,0,239,1
pheromosa,,4,0,42,1
phione,,4,0,20,1
pichu,,4,0,22,1
pidgeot,,4,0,36,1
pidgeot-mega,,4,0,30,1
pidgeotto,,4,0,22,1
pidgey,,4,0,20,1
pidove,,4,0,18,1
pignite,,4,0,24,1
pikachu,,4,0,22,1
pikachu-gmax,,4,0,54,1
pikipek,,4,0,24,1
piloswine,,4,0,24,1
pincurchin,,4,0,20,1
pineco,,4,0,22,1
pinsir,,4,0,38,1
pinsir-mega,,4,0,28,1
piplup,,4,0,22,1
plum,,4,0,7,1
plusle,,4,0,22,1
poipole,,4,0,28,1
politoed,,4,0,36,1
poliwag,,4,0,18,1
poliwhirl,,4,0,22,1
poliwrath,,4,0,34,1
polteageist,,4,0,32,1
ponyta,,4,0,26,1
ponyta-galar,,4,0,24,1
poochyena,,4,0,20,1
popplio,,4,0,22,1
porting,,4,0,275,2
porygon,,4,0,20,1
porygon-z,,4,0,38,1
porygon2,,4,0,30,1
ppsfind,,4,0,44,1
preamble,,4,0,28,1
preinit,,4,0,59,1
premake5,,4,4,0,1
prepare-commit-msg,,4,0,64,4
primarina,,4,0,38,1
primeape,,4,0,26,1
primusrun,,4,0,13,1
prinplup,,4,0,24,1
problems,,4,0,212,2
probopass,,4,0,26,1
psyduck,,4,0,24,1
pumpkaboo,,4,0,22,1
pupitar,,4,0,22,1
purrloin,,4,0,24,1
purugly,,4,0,24,1
pyroar,,4,0,28,1
pyukumuku,,4,0,22,1
quagsire,,4,0,34,1
quilava,,4,0,22,1
quilladin,,4,0,24,1
qwilfish,,4,0,24,1
qwilfish-hisui,,4,0,24,1
raboot,,4,0,32,1
raichu,,4,0,38,1
raichu-alola,,4,0,30,1
raikou,,4,0,38,1
ralts,,4,0,20,1
rampardos,,4,0,26,1
rapidash,,4,0,36,1
rapidash-galar,,4,0,34,1
raticate,,4,0,24,1
raticate-alola,,4,0,24,1
rattata,,4,0,24,1
rattata-alola,,4,0,24,1
rayquaza,,4,0,52,1
rayquaza-mega,,4,0,28,1
rbot,,4,0,72,1
readme400,"Documentation(""General"")",4,0,62,3
readme_for_app,"Documentation(""General"")",4,0,8,2
rec,,4,0,73,1
regice,,4,0,34,1
regidrago,,4,0,40,1
regieleki,,4,0,32,1
regigigas,,4,0,32,1
regirock,,4,0,34,1
registeel,,4,0,32,1
release-notes,,4,0,46,3
release_notes_3_1,,4,0,70,1
relicanth,,4,0,28,1
remoraid,,4,0,18,1
rename,,4,0,74,3
repo-generate,,4,0,112,1
reshiram,,4,0,44,1
resources,,4,0,6,3
reuniclus,,4,0,30,1
rhydon,,4,0,40,1
rhyhorn,,4,0,22,1
rhyperior,,4,0,34,1
ribombee,,4,0,30,1
rillaboom,,4,0,36,1
rillaboom-gmax,,4,0,52,1
riolu,,4,0,20,1
rockruff,,4,0,24,1
rocm_agent_enumerator,,4,0,21,1
roggenrola,,4,0,20,1
rolycoly,,4,0,20,1
rookidee,,4,0,18,1
roselia,,4,0,24,1
roserade,,4,0,32,1
rotom,,4,0,30,1
rowlet,,4,0,20,1
rufflet,,4,0,24,1
run-clang-format,,4,0,4,4
run-cmake-format,,4,0,4,4
run-dosbox,,4,0,34,1
run-swift-format,,4,0,4,4
runerigus,,4,0,32,1
sableye,,4,0,32,1
sableye-mega,,4,0,30,1
salamence,,4,0,30,1
salamence-mega,,4,0,28,1
salandit,,4,0,20,1
salazzle,,4,0,34,1
samurott,,4,0,26,1
samurott-hisui,,4,0,38,1
sandaconda,,4,0,28,1
sandaconda-gmax,,4,0,44,1
sandile,,4,0,18,1
sandshrew,,4,0,20,1
sandshrew-alola,,4,0,20,1
sandslash,,4,0,32,1
sandslash-alola,,4,0,26,1
sandygast,,4,0,24,1
sarma,,4,0,58,1
sawk,,4,0,34,1
sawsbuck,,4,0,26,1
scatterbug,,4,0,24,1
sceptile,,4,0,36,1
sceptile-mega,,4,0,30,1
scizor,,4,0,38,1
scizor-mega,,4,0,30,1
scolipede,,4,0,38,1
scorbunny,,4,0,30,1
scrafty,,4,0,36,1
scraggy,,4,0,18,1
scripting,,4,0,133,1
scyther,,4,0,42,1
seadra,,4,0,22,1
seaking,,4,0,32,1
sealeo,,4,0,20,1
seedot,,4,0,20,1
seel,,4,0,26,1
seismitoad,,4,0,30,1
sentret,,4,0,28,1
serperior,,4,0,24,1
servine,,4,0,22,1
settings-hyprland,,4,0,7,2
seviper,,4,0,22,1
sewaddle,,4,0,20,1
sharpedo,,4,0,40,1
sharpedo-mega,,4,0,30,1
shaymin,,4,0,18,1
shedinja,,4,0,30,1
shelgon,,4,0,24,1
shellder,,4,0,20,1
shellos,,4,0,22,1
shellspec,,4,0,26,1
shelmet,,4,0,18,1
shflags_test_helpers,,4,0,49,1
shieldon,,4,0,22,1
shiftry,,4,0,36,1
shiinotic,,4,0,30,1
shinx,,4,0,24,1
show_machine_details,,4,0,206,1
shroomish,,4,0,18,1
shuckle,,4,0,30,1
shuppet,,4,0,22,1
sigilyph,,4,0,40,1
silcoon,,4,0,20,1
silicobra,,4,0,22,1
silvally,,4,0,44,1
simipour,,4,0,24,1
simisage,,4,0,28,1
simisear,,4,0,24,1
sinistea,,4,0,16,1
sirfetchd,,4,0,54,1
sizzlipede,,4,0,12,1
skarmory,,4,0,40,1
skiddo,,4,0,20,1
skiploom,,4,0,20,1
skitty,,4,0,22,1
skorupi,,4,0,24,1
skrelp,,4,0,24,1
skuntank,,4,0,28,1
skwovet,,4,0,24,1
slaking,,4,0,28,1
slakoth,,4,0,18,1
sliggoo,,4,0,24,1
sliggoo-hisui,,4,0,24,1
slowbro,,4,0,36,1
slowbro-galar,,4,0,36,1
slowbro-mega,,4,0,28,1
slowking,,4,0,42,1
slowking-galar,,4,0,42,1
slowpoke,,4,0,24,1
slowpoke-galar,,4,0,16,1
slugma,,4,0,24,1
slurpuff,,4,0,32,1
smakefile,,4,0,1198,1
smeargle,,4,0,24,1
smoochum,,4,0,22,1
sneasel,,4,0,24,1
sneasel-hisui,,4,0,24,1
sneasler,,4,0,40,1
snivy,,4,0,20,1
snom,,4,0,16,1
snorlax,,4,0,42,1
snorlax-gmax,,4,0,52,1
snorunt,,4,0,22,1
snover,,4,0,22,1
snubbull,,4,0,22,1
sobble,,4,0,28,1
sof-ctl,,4,4,0,1
sof-probes,,4,4,0,1
solgaleo,,4,0,42,1
solosis,,4,0,16,1
solrock,,4,0,34,1
spacefm-installer,,4,0,45,1
spearow,,4,0,18,1
spectrier,,4,0,36,1
spewpa,,4,0,20,1
spheal,,4,0,18,1
spinarak,,4,0,16,1
spinda,,4,0,24,1
spiritomb,,4,0,30,1
spirv-headers,,4,0,8,2
spoink,,4,0,22,1
spritzee,,4,0,18,1
squirtle,,4,0,20,1
stakataka,,4,0,40,1
stantler,,4,0,28,1
staraptor,,4,0,28,1
staravia,,4,0,26,1
starly,,4,0,20,1
starmie,,4,0,34,1
staryu,,4,0,20,1
stats,,4,0,0,2
steelix,,4,0,42,1
steelix-mega,,4,0,32,1
steenee,,4,0,26,1
stonjourner,,4,0,36,1
stoutland,,4,0,32,1
stufful,,4,0,22,1
stunfisk,,4,0,24,1
stunfisk-galar,,4,0,24,1
stunky,,4,0,22,1
submitting_patches,,4,0,448,1
sudowoodo,,4,0,36,1
suicune,,4,0,40,1
sunflora,,4,0,24,1
sunkern,,4,0,20,1
surskit,,4,0,22,1
swablu,,4,0,18,1
swadloon,,4,0,18,1
swalot,,4,0,20,1
swampert,,4,0,36,1
swampert-mega,,4,0,26,1
swanna,,4,0,24,1
swellow,,4,0,22,1
swinub,,4,0,16,1
swirlix,,4,0,18,1
swoobat,,4,0,30,1
sylveon,,4,0,34,1
synapse_,,4,0,152,1
tag,,4,0,4,1
taillow,,4,0,18,1
takescreenshots,,4,0,14,1
talonflame,,4,0,30,1
tangela,,4,0,20,1
tangrowth,,4,0,30,1
tap3,,4,0,132,1
tapu-bulu,,4,0,40,1
tapu-fini,,4,0,40,1
tapu-koko,,4,0,40,1
tapu-lele,,4,0,40,1
tauros,,4,0,40,1
teddiursa,,4,0,22,1
tentacool,,4,0,24,1
tentacruel,,4,0,40,1
tepig,,4,0,20,1
terrakion,,4,0,32,1
test-alsa-pcm-hwcompat-busy,,4,0,8,2
test-alsa-pcm-hwcompat-silence,,4,0,8,2
test-release,,4,0,16,1
test4,,4,0,19,1
test_all,,4,0,60,1
test_runner,,4,0,34,1
testclient,,4,0,43,1
thievul,,4,0,34,1
throh,,4,0,34,1
thundurus,,4,0,40,1
thwackey,,4,0,28,1
timburr,,4,0,22,1
tinyfetch,,4,4,0,1
tirtouga,,4,0,18,1
togedemaru,,4,0,30,1
togekiss,,4,0,28,1
togepi,,4,0,20,1
togetic,,4,0,24,1
torchic,,4,0,22,1
torkoal,,4,0,30,1
tornadus,,4,0,38,1
torracat,,4,0,26,1
torterra,,4,0,26,1
totodile,,4,0,20,1
toucannon,,4,0,24,1
toxapex,,4,0,34,1
toxel,,4,0,24,1
toxicroak,,4,0,32,1
toxtricity,,4,0,42,1
toxtricity-gmax,,4,0,50,1
tranquill,,4,0,22,1
translate,,4,0,55,3
trapinch,,4,0,22,1
treecko,,4,0,24,1
treise,,4,0,8,1
trevenant,,4,0,34,1
tropius,,4,0,28,1
trubbish,,4,0,20,1
trumbeak,,4,0,24,1
tsareena,,4,0,34,1
turtonator,,4,0,34,1
turtwig,,4,0,24,1
tympole,,4,0,16,1
tynamo,,4,0,14,1
type-null,,4,0,38,1
typhlosion,,4,0,28,1
typhlosion-hisui,,4,0,40,1
tyranitar,,4,0,40,1
tyranitar-mega,,4,0,32,1
tyrantrum,,4,0,36,1
tyrogue,,4,0,24,1
tyrunt,,4,0,20,1
ufetch-guix,,4,0,57,1
ufetch-instantos,,4,0,123,1
umbreon,,4,0,30,1
unfezant,,4,0,34,1
uninstall-dkms,,4,0,34,2
unown,,4,0,24,1
unzstd,,4,0,4,3
update-tables,,4,0,105,1
ursaluna,,4,0,32,1
ursaring,,4,0,26,1
urshifu,,4,0,36,1
urshifu-gmax,,4,0,50,1
user-command-test,,4,0,14,1
util,,4,0,33,1
uxie,,4,0,32,1
validate-font,,4,0,43,1
vanillish,,4,0,24,1
vanillite,,4,0,18,1
vanilluxe,,4,0,34,1
vaporeon,,4,0,32,1
vendspecfcodes,,4,0,16,1
venipede,,4,0,16,1
venomoth,,4,0,38,1
venonat,,4,0,28,1
venusaur,,4,0,42,1
venusaur-gmax,,4,0,44,1
venusaur-mega,,4,0,28,1
vespiquen,,4,0,34,1
vibrava,,4,0,22,1
victini,,4,0,32,1
victreebel,,4,0,34,1
vigoroth,,4,0,24,1
vikavolt,,4,0,34,1
vileplume,,4,0,34,1
virizion,,4,0,38,1
vivillon,,4,0,28,1
volbeat,,4,0,22,1
volcanion,,4,0,44,1
volcarona,,4,0,32,1
voltorb,,4,0,16,1
voltorb-hisui,,4,0,16,1
vullaby,,4,0,22,1
vulpix,,4,0,22,1
vulpix-alola,,4,0,24,1
wailmer,,4,0,26,1
wailord,,4,0,36,1
wakeup-reboot-halt,,4,0,13,1
walrein,,4,0,30,1
wartortle,,4,0,24,1
watchog,,4,0,24,1
weapons,,4,0,8,1
weather_noaa,,4,0,267,1
weavile,,4,0,38,1
weedle,,4,0,20,1
weepinbell,,4,0,22,1
weezing,,4,0,46,1
weezing-galar,,4,0,48,1
wg-json,,4,0,53,1
while,,4,0,36,1
whimsicott,,4,0,34,1
whirlipede,,4,0,18,1
whiscash,,4,0,26,1
whismur,,4,0,18,1
wigglytuff,,4,0,40,1
wimpod,,4,0,16,1
wingull,,4,0,16,1
wireguard_,,4,0,216,1
wishiwashi,,4,0,16,1
wl-select,,4,0,70,1
wmenu_run,,4,0,74,1
wobbuffet,,4,0,36,1
woobat,,4,0,18,1
wooloo,,4,0,22,1
wooper,,4,0,20,1
wormadam,,4,0,26,1
wrapper-copy-test,,4,0,44,2
wurmple,,4,0,20,1
wynaut,,4,0,24,1
wyrdeer,,4,0,46,1
xatu,,4,0,38,1
xctest,,4,0,390,1
xerneas,,4,0,48,1
xurkitree,,4,0,38,1
yamask,,4,0,18,1
yamask-galar,,4,0,18,1
yamper,,4,0,22,1
yanma,,4,0,18,1
yanmega,,4,0,24,1
yungoos,,4,0,18,1
yveltal,,4,0,46,1
zacian,,4,0,38,1
zamazenta,,4,0,40,1
zangoose,,4,0,24,1
zapdos,,4,0,40,1
zapdos-galar,,4,0,42,1
zarude,,4,0,32,1
zebstrika,,4,0,26,1
zekrom,,4,0,42,1
zeraora,,4,0,34,1
zigzagoon,,4,0,18,1
zigzagoon-galar,,4,0,18,1
zip,,4,1,29,1
zlib2ansi,,4,0,312,3
zoroark,,4,0,36,1
zoroark-hisui,,4,0,34,1
zorua,,4,0,20,1
zorua-hisui,,4,0,24,1
zsh_versions,,4,0,8,1
zstdgrep,,4,0,136,2
zstdless,,4,0,10,2
zubat,,4,0,22,1
zweilous,,4,0,24,1
zygarde,,4,0,48,1
.0-or-later,"Documentation(""Legal"")",3,0,592,1
.11-pti-user-ver,,3,0,38,1
.28,"Documentation(""General"")",3,0,6,2
.29,"Documentation(""General"")",3,0,2352,2
.31,,3,0,13,2
.3dd,"Documentation(""Manual"")",3,3,0,1
.4-1968,,3,0,0,2
.4-1985-1,,3,0,0,2
.4-1985-2,,3,0,0,2
.9_ubuntu1604,,3,0,29,1
._go,,3,0,734,1
.aee,"Documentation(""General"")",3,0,834,1
.alltools,"Code(""Build"")",3,0,6,1
.alpha,"Documentation(""General"")",3,0,31,1
.alumni,,3,0,70,2
.aps,,3,3,0,1
.arm32v6,"Code(""Build"")",3,0,21,1
.arm64,"Code(""Build"")",3,0,52,2
.asics,,3,3,0,1
.asn1,"Code(""Schema"")",3,0,291,2
.babel,,3,0,21,1
.bad,,3,1,3,3
.basis,,3,3,0,1
.bdoc,,3,3,0,1
.bfxrsound,,3,0,6,1
.bg,,3,0,211,2
.bgeo,,3,3,0,1
.boot,,3,3,0,1
.bs,,3,0,66,1
.builtin,,3,0,39,2
.buster,"Code(""Build"")",3,0,17,1
.bzlmod,,3,0,62,3
.c-,,3,0,802,1
.camrec,,3,3,0,1
.cc3,,3,3,0,1
.cdtproject,,3,0,2460,2
.ce3,,3,3,0,1
.centos-stream-8,"Code(""Build"")",3,0,25,1
.checkpoint,,3,0,3,2
.chromium,"Documentation(""General"")",3,0,196,1
.clang,"Code(""Build"")",3,0,12,3
.clib,,3,0,9,3
.cmb,,3,0,1148,2
.cocci,"Code(""Uncategorized"")",3,0,19,1
.code-workspace,"Configuration(""DevEx"")",3,0,87,2
.codespellignore,,3,0,4,3
.commit,,3,0,90,2
.conf-default,,3,0,11,1
.configure,,3,0,9,1
.copyright,,3,0,21,2
.coverage,"Code(""Build"")",3,1,57,3
.cpg,,3,0,3,1
.crd,,3,0,4846,1
.cron,,3,0,32,2
.cti,,3,0,376,1
.curl,"Documentation(""General"")",3,0,48,1
.cvc,"Code(""Uncategorized"")",3,0,12,2
.cvs,"Documentation(""General"")",3,0,57,2
.cwl,"Code(""Uncategorized"")",3,2,2,2
.dbf,"Data(""Database"")",3,3,0,1
.dcp,,3,3,0,1
.dfu,,3,3,0,2
.dj,,3,0,251,2
.djhtml,,3,0,24,1
.dkms,"Code(""Build"")",3,0,32,1
.dummy,,3,0,4,3
.dur,,3,3,0,1
.dwfx,,3,3,0,1
.earthlyignore,,3,0,49,2
.eip,,3,3,0,1
.el7,,3,0,39,1
.err2-ref,,3,0,4,1
.eslintignore,"Configuration(""DevEx"")",3,0,8,3
.eucjp,,3,0,407,2
.exif,,3,3,0,1
.expected-output,,3,0,15,2
.expected_out,"Data(""Expectation"")",3,0,8,1
.ext2,,3,3,0,1
.external,,3,0,116,1
.fastq,"Data(""Text"")",3,0,108,1
.fedora-rawhide,"Code(""Build"")",3,0,10,1
.find_wl_compositor,,3,0,26,1
.firefox,"Documentation(""General"")",3,0,234,1
.fit,,3,1,1812,1
.fixed,"Data(""Expectation"")",3,0,9,2
.flac,"Data(""Audio"")",3,2,1,2
.fo,,3,0,1764,1
.fq,"Data(""Text"")",3,0,420,1
.fr,,3,0,351,2
.fract,,3,0,139,1
.frame,,3,0,563,1
.fsm,,3,3,0,1
.fur,"Data(""Binary"")",3,3,0,1
.gersemirc,,3,0,25,2
.gitconfig,,3,0,68,2
.github_changelog_generator,,3,0,11,1
.godoc_config,,3,0,42,2
.golang-tip,"Code(""Build"")",3,0,123,2
.gotip,"Code(""Build"")",3,0,35,2
.gperf,,3,0,6,3
.grf,,3,3,0,1
.grub2,"Documentation(""General"")",3,0,16,1
.head,,3,0,5,1
.hfe,,3,3,0,1
.hip,"Code(""Uncategorized"")",3,0,38,1
.hmtl,,3,0,120,1
.hook,,3,0,23,2
.hpux,"Code(""Build"")",3,0,236,2
.http,,3,0,34,2
.ibooks,,3,3,0,1
.ideskrc,,3,0,60,1
.idml,,3,3,0,1
.ifp,,3,0,12,1
.ilg,,3,0,22,2
.ilp,,3,0,2,1
.im,,3,0,17,2
.imk,,3,0,209,1
.info-2,,3,0,6,1
.info-4,,3,3,0,1
.iobj,,3,3,0,2
.ion,,3,0,6,1
.isdocx,,3,3,0,1
.itarget,,3,0,13,2
.iwa,,3,3,0,1
.jpc,,3,3,0,1
.js~,,3,0,654,1
.kbx,,3,3,0,3
.kbx~,,3,3,0,3
.keys,,3,0,467,2
.keystore,"Data(""Security"")",3,3,0,1
.kmz,,3,3,0,1
.kra,"Data(""Image"")",3,3,0,1
.l3,"Code(""Build"")",3,0,101,1
.las,,3,3,0,2
.libtool,,3,0,6,1
.lmp,"Data(""Binary"")",3,0,1095,1
.lmtp,,3,0,45,1
.lnk,,3,0,23,2
.load,,3,0,3,2
.logwatch,"Documentation(""General"")",3,0,261,1
.lycheeignore,,3,0,9,3
.m#,,3,0,2139,1
.macros,,3,0,457,3
.maintainer,"Code(""Build"")",3,0,17,2
.mc,,3,0,1015,2
.mediawiki,"Documentation(""General"")",3,0,250,1
.mgg,,3,0,6,1
.mingw32,"Code(""Build"")",3,0,76,2
.mmdb,"Data(""Database"")",3,3,0,3
.mpl,"Documentation(""Legal"")",3,0,43,2
.mxd,,3,3,0,1
.n3,"Data(""Text"")",3,0,51,2
.nginx,,3,0,18,1
.nml,,3,0,29,1
.noi,,3,0,3,1
.none,,3,3,0,1
.nouveau,,3,0,33,1
.nul,,3,3,0,1
.nvidia,,3,0,33,1
.o2_test,,3,0,4085,1
.ocamlinit,,3,0,68,1
.ocl,,3,0,143,1
.odm,,3,3,0,1
.openwrt,,3,0,10,1
.ora,"Data(""Image"")",3,3,0,1
.output32,,3,0,183,1
.output64,,3,0,183,1
.p6,,3,0,12,1
.package,"Code(""Build"")",3,0,26,2
.pages,"Data(""Document"")",3,3,0,1
.papi,,3,0,47,1
.pb,"Data(""Binary"")",3,3,0,2
.perltidyrc,,3,0,103,3
.phar,,3,2,119,1
.pipe,,3,0,45,2
.plt,,3,0,56,1
.pnm,"Data(""Image"")",3,3,0,2
.portal,,3,0,10,2
.postgres,,3,0,18,1
.ppam,,3,3,0,1
.ppsm,,3,3,0,1
.ppsx,,3,3,0,1
.prerm,,3,0,45,2
.prm,,3,0,87,1
.ps1xml,,3,0,70,1
.psz,,3,3,0,1
.pt,"Data(""Binary"")",3,0,24,1
.pyproj,,3,0,65,1
.qbs,,3,0,14,2
.qtest,"Data(""Text"")",3,0,16,1
.rails5_mini_magick,,3,0,8,1
.rails7_mini_magick,,3,0,11,1
.rasi,,3,0,29,2
.real,,3,3,0,1
.recipe,"Code(""Build"")",3,0,30,2
.rm,,3,0,50,1
.rpt_desc,,3,0,64,1
.schema-skip,,3,0,11,1
.scripts,,3,0,39,2
.sd,,3,0,5,2
.sdtid,,3,0,115,1
.shlibs,,3,0,3,1
.shp,,3,3,0,1
.shx,,3,3,0,1
.sic,,3,0,74,1
.sif,,3,2,106,2
.sig-by-wrong-key,,3,3,0,2
.single-loader-error,,3,0,0,1
.sldm,,3,3,0,1
.sm,,3,0,31,1
.smarteid,,3,0,9,1
.smt,,3,0,8,1
.sources,,3,0,71,1
.sparse-export,,3,0,5,1
.sqlite,"Data(""Database"")",3,1,3,2
.ssh,"Documentation(""General"")",3,0,405,1
.stream-error,,3,2,0,1
.stst,,3,0,20,1
.sums,"Data(""Checksum"")",3,0,29,1
.support,,3,0,12,2
".svg""",,3,0,9,1
.swc,,3,3,0,1
.system,"Code(""Build"")",3,0,10,2
.tablet,"Configuration("""")",3,0,32,1
.temp,"Documentation(""General"")",3,0,38,1
.themisrc,,3,0,8,3
.think,,3,0,0,1
.thumbnailer,,3,0,8,1
.thunderbird,"Documentation(""General"")",3,0,171,1
.ti,,3,0,4,2
.tmd,,3,0,21,1
.tml,,3,0,2569,2
.tmux,,3,0,71,1
.tmx,,3,0,89,2
.tnef,,3,3,0,1
.tom,,3,0,31,1
.trampolinerc,,3,0,65,2
.travis,"Code(""Build"")",3,0,13,1
".txt""","Documentation(""General"")",3,0,60,2
.unicode,,3,0,0,1
.updates,,3,0,26,1
.url,,3,0,4,2
.valid-sig,,3,3,0,2
.vdrcaps,"Documentation(""General"")",3,0,15,1
.veiksmazodziai,,3,0,165,1
.versiondate,,3,0,6,1
.vik,,3,0,95,1
.vsdm,,3,3,0,1
.vsdx,,3,3,0,1
.vssm,,3,3,0,1
.vssx,,3,3,0,1
.vstm,,3,3,0,1
.vstx,,3,3,0,1
.vtk,,3,3,0,1
.wacz,,3,3,0,1
.whitelist,,3,0,7,1
.work,"Code(""Build"")",3,0,47,3
.xlam,,3,3,0,1
.xrc,,3,0,269,2
.yapf,,3,0,240,3
.yml~,,3,0,207,1
.zae,,3,3,0,1
.zfo,,3,3,0,1
.zshrc,,3,0,123,2
0005-subject-line-wrap,,3,0,38,1
011_ignore,,3,0,37,1
05file,,3,0,20,1
06-2d-06,,3,3,0,1
06-2d-07,,3,3,0,1
06-3c-03,,3,3,0,1
06-45-01,,3,3,0,1
06-46-01,,3,3,0,1
06-56-02,,3,3,0,1
06-8e-09_duplicate,,3,3,0,1
06-ad-01,,3,3,0,1
06-bd-01,,3,3,0,1
06-c5-02,,3,3,0,1
06-c6-02,,3,3,0,1
15killprocs,,3,0,11,1
20copyfiles,,3,0,8,1
42_biosdisk,,3,0,14,1
50cargo-vendored-code,,3,0,85,1
50dbm,,3,0,72,1
50getrlimit,,3,0,20,1
50off_t,,3,0,40,1
50perl,,3,0,72,1
_autocomplete__history_lines,,3,0,25,1
_genfstab,,3,0,111,1
_openrc,,3,0,239,1
_quoter,,3,0,15,1
_sd,,3,0,12,1
_swaylock,,3,0,7,1
_wl-mirror,,3,0,157,1
_wl-present,,3,0,195,1
_wlogout,,3,0,7,1
abc,,3,0,4,2
access,,3,0,10,1
acknowleds,,3,0,15,1
adfls_dir1_1_long,,3,0,13,1
adfls_file_long,,3,0,10,1
adfls_hardlink_dir,,3,0,10,1
adfls_hardlink_file,,3,0,10,1
adfls_main_dir_long,,3,0,16,1
adfls_softlink,,3,0,10,1
adsf,,3,0,11,1
africa,,3,0,88,1
aif-job-execute,,3,0,17,1
all-keybindings-test,,3,0,7,1
allnoaduncut,,3,0,22,1
antarctica,,3,0,115,1
apel-cfg,,3,0,179,2
apel-els,,3,0,40,2
apple_license,,3,0,1101,1
apprun,,3,0,30,2
apps,,3,0,3,2
arp-fingerprint,,3,0,17,1
arr_script,,3,0,128,1
array_profile_expected,,3,0,14,1
asciicast,,3,0,68,1
atopgpud,,3,0,305,1
attribution,,3,0,12,1
attribution-extras,,3,0,12,1
audio,,3,0,85,1
aur,,3,0,61,1
babinacorba,,3,0,32,1
backup-manager-purge,,3,0,110,1
backuppc,,3,0,30,1
backuppc_migratev3tov4,,3,0,30,1
backuppc_nightly,,3,0,12,1
base,,3,0,5,2
base_numbers_profile,,3,0,13,1
base_numbers_profile_expected,,3,0,29,1
base_utilities,,3,0,94,1
bash,,3,0,16,2
bash-completion,,3,0,73,3
bash_autocomplete,,3,0,32,3
bats-file,,3,0,4,2
bats-gather-tests,,3,0,26,1
before_install_linux,,3,0,12,1
benchmarks,,3,0,198,1
betterlockscreenrc,,3,0,16,1
big5,,3,0,2,2
big5-hkscs,,3,0,0,2
bobimanistra,,3,0,68,1
brewfile-static_deps_none,,3,0,6,1
brf,,3,0,0,2
bs_4730,,3,0,0,2
bsdmakefile,,3,0,9,2
btrfs-heatmap,,3,0,18,1
buddyinfo,,3,0,9,1
buffering,,3,0,22,1
build_and_run_all_cli_tests,,3,0,22,1
buildpkg,,3,0,485,1
builduefi64,,3,0,64,1
buzara,,3,0,20,1
byte,,3,0,56,1
byteorder,,3,3,0,1
ca_es,,3,0,69,1
calculate,,3,0,65,1
chanamasala,,3,0,70,1
changelog~,"Documentation(""General"")",3,0,128,1
check-prng,,3,0,6,1
check_utf8,,3,2,2,2
check_utf8_to_ascii,,3,0,10,1
citation,,3,0,24,3
class,,3,0,16,2
clean-whitespace,,3,0,0,1
client_digest_secure,,3,0,185,1
cmake,,3,0,3,2
cmap_format_14_master,,3,0,1567,1
commented_profile,,3,0,9,1
commented_profile_expected,,3,0,15,1
commit-header,,3,0,16,1
compatibility_issues,,3,0,16,1
compression,,3,0,242,1
config-keys,,3,0,26,1
config_makefile,,3,0,4,1
configs,,3,0,3,3
configset,,3,0,11,1
coolwarm,,3,0,1026,1
copying-cmake-scripts,"Documentation(""Legal"")",3,0,66,3
copying-mit,"Documentation(""Legal"")",3,0,36,1
corrosion,,3,0,6,1
cp1250,,3,0,0,2
cp1251,,3,0,0,2
cp1252,,3,0,0,2
cp1253,,3,0,0,2
cp1254,,3,0,0,2
cp1255,,3,0,0,2
cp1256,,3,0,0,2
cp1257,,3,0,0,2
cp1258,,3,0,0,2
cpp,,3,0,21,1
crazy_20gb_file,,3,0,0,1
create,,3,0,146,2
create_print,,3,0,225,1
crontab,,3,0,14,2
crypto,,3,0,11,1
cts,,3,0,6,1
currency,,3,0,18,1
cursorlist,,3,0,91,3
cve-2019-20790,,3,0,120,1
db_tests,,3,0,13,1
dbd-version,,3,0,18,1
debbugs,,3,0,44,1
debpackages,,3,0,40,1
debpts,,3,0,7,1
demod,,3,3,0,1
dev,,3,0,10,2
devnotes,,3,0,147,1
din_66003,,3,0,0,2
disclaimer,,3,0,34,3
discouraged,,3,0,5,1
dist_exclude_x,,3,0,8,1
dnsmap-bulk,,3,0,22,1
dnspktflow,,3,0,14,1
do_generate,,3,0,28,1
do_link,,3,0,17,1
do_pages,,3,0,246,1
dockerfile-build-arch,,3,0,25,2
dockerfile-ssh-dind,,3,0,12,1
docmakefile,,3,0,12,1
doctest,,3,0,6,2
domroundtrip,,3,0,9,1
domroundtripdir,,3,0,9,1
domsaxroundtrip,,3,0,9,1
domsaxroundtripdir,,3,0,9,1
domtosaxevent,,3,0,9,1
draft_large,,3,1,2,2
draft_small,,3,1,2,2
ds_2089,,3,0,0,2
dtinitconf,,3,0,10,1
dtreqmods,,3,0,5,1
dummy,,3,0,0,3
dunstctl,,3,0,8,1
dzr-srt,,3,0,47,1
echo,,3,1,7,3
email_query_number,,3,0,142,1
en1mrpa,,3,0,29,1
en_us,,3,0,71,1
encodesrc,,3,0,18,1
entrypoint,,3,0,99,3
env-vars-test,,3,0,9,1
etcetera,,3,0,60,1
euc-jisx0213,,3,0,0,2
euc-jp,,3,0,0,2
euc-kr,,3,0,0,2
euc-tw,,3,0,0,2
example-lvm-vol-backup,,3,0,296,1
examples_html,,3,0,24,1
exponent_profile_expected,,3,0,18,1
exports,,3,0,4,2
fatrace,,3,0,60,1
fatrace-user,,3,0,68,1
fg-extract-translatable-strings,,3,0,27,1
file,,3,0,1,3
file1,,3,0,3,2
file2,,3,0,3,2
file_to_header,,3,3,0,1
filea,,3,0,0,1
fileb,,3,0,0,1
findlib,,3,0,3,2
finkpkg,,3,0,37,1
fireqos,,3,0,23,1
fitosaxtoxml,,3,0,9,1
fixhtml,,3,0,18,1
flac,,3,0,47,2
flam3-animate,,3,3,0,1
flim-els,,3,0,9,1
flim-mk,,3,0,48,1
fmawk,,3,0,5,1
framework,,3,0,6,1
freetype-config,,3,0,582,1
fs-uae-launcher,,3,0,53,1
ftb-tmux-popup,,3,0,5,1
gb2312,,3,0,0,2
gb_1988-80,,3,0,0,2
gbk,,3,0,0,2
gemfile-4-0-stable,,3,0,13,1
gemfile-4-1-stable,,3,0,13,1
gemfile-edge,,3,0,8,1
generate-dune-rules,,3,0,130,3
generate-other-formats,,3,0,19,1
generate-shell-stubs,,3,0,32,1
genhtml,,3,0,196,1
genssl,,3,0,182,1
geoip,,3,0,195,1
gh-pages,,3,0,6,2
gimp-xcf,,3,2,24,1
git,,3,0,6,1
git-flow-config,,3,0,6,1
git-flow-log,,3,0,6,1
git-flow-support,,3,0,6,1
git-restore-mtime-min,,3,0,46,1
github-release,,3,0,112,1
glep,,3,0,37,1
glextensions,,3,0,36,1
glm,,3,0,4,1
glyphorderandaliasdb,,3,0,382,1
gnim,,3,0,5,1
go,,3,0,10,1
goversion,,3,2,2,2
graphviz,,3,0,6,1
grc,,3,0,9,1
gsl,,3,0,61,2
gtk,,3,0,302,1
gverify,,3,0,71,1
handover-agent,,3,0,296,1
hddtemp_smartctl,,3,0,69,1
head,,3,0,18,2
headers,,3,0,4,3
homedir_config,,3,0,8,1
howtodist,,3,0,15,1
hstr,,3,0,6,1
hu_hu,,3,0,69,1
hyprland-0,,3,0,18,1
hyprland-2,,3,0,7,1
hyprland-3,,3,0,8,1
ibm1124,,3,0,0,2
ibm1129,,3,0,0,2
ibm1132,,3,0,0,2
ibm1133,,3,0,0,2
ibm1160,,3,0,0,2
ibm1161,,3,0,0,2
ibm1163,,3,0,0,2
ibm1164,,3,0,0,2
ibm856,,3,0,0,2
ibm866nav,,3,0,4,2
ibm922,,3,0,0,2
indent,,3,0,28,1
indicators,,3,0,3,1
inittab,,3,0,74,2
input3,,3,0,10,1
installed-deps-perl-subslot-rebuild,,3,0,34,1
io-scheduler,,3,0,17,1
irctest,,3,0,6,1
isiri-3342,,3,0,4,2
iso-8859-1,,3,0,0,2
iso-8859-10,,3,0,0,2
iso-8859-14,,3,0,0,2
iso-8859-15,,3,0,0,2
iso-8859-2,,3,0,0,2
iso-8859-3,,3,0,0,2
iso-8859-4,,3,0,0,2
iso-8859-5,,3,0,0,2
iso-8859-9,,3,0,0,2
iso_11548-1,,3,1,0,2
"iso_8859-1,gl",,3,0,2,2
it_it,,3,0,69,1
jamrules,,3,0,213,1
jellyfin_sessions,,3,0,113,1
jis_c6220-1969-ro,,3,0,0,2
jis_c6229-1984-b,,3,0,0,2
jobnr,,3,0,18,1
jose-jwe-enc,,3,0,19,1
jp2a,,3,0,13,1
keyd-application-mapper,,3,0,26,1
keys,,3,0,265,3
koi-8,,3,0,0,2
koi8-r,,3,0,0,2
kpatch,,3,0,124,1
krafne,,3,0,28,1
ksc5636,,3,0,0,2
kubeletctl,,3,3,0,1
lbugz,,3,0,25,1
legal,,3,0,92,3
lein-pkg,,3,0,5,1
lentilcurry,,3,0,45,1
lfs,,3,0,147,2
libbrotli,,3,0,6,1
liblog++,,3,0,5,1
license_opensans,"Documentation(""Legal"")",3,0,406,1
linux-patchset,,3,0,17,1
list,,3,0,12,2
logainm,,3,0,6,1
lrzip-fe,,3,0,6,1
ltfs_ordered_copy,,3,0,46,1
lxqt-river-init,,3,0,19,1
make_quest_package,,3,0,6,2
make_release,,3,0,81,2
makejson,,3,0,29,1
makepot,,3,0,6,2
man,,3,0,5,2
marco-no-composite,,3,0,24,1
marco-wrapper,,3,0,100,1
massive_10gb_file,,3,0,0,1
mbcp,,3,0,53,1
mbxz,,3,0,37,1
metis,,3,0,4,1
mik,,3,0,0,2
mikrotik_system,,3,0,11,1
mirage,,3,0,19,1
misc,,3,0,64,1
mkcd,,3,0,3,3
mkrelease,,3,0,128,2
mkswtt,,3,0,31,1
mkversion,,3,0,53,2
modules,,3,0,66,3
monitor-near,,3,0,68,1
mount-image-callback,,3,0,21,1
mp3-id3v2,,3,0,27,1
muldev,,3,0,120,1
multibuild,,3,0,5,1
multicomp,,3,0,10,1
mutt-temp,,3,0,30,1
mygpo-bpsync,,3,0,18,1
mygpo-list-devices,,3,0,19,1
mygpo-simple-client,,3,0,17,1
nbtscan,,3,3,0,1
nc_nc00-10,,3,0,0,2
ndef-agent,,3,0,139,1
nested_fields_expected,,3,0,32,1
netselect-apt,,3,0,316,1
new_libpcap,,3,0,13,1
nextcloud_,,3,0,75,1
nf_z_62-010,,3,0,0,2
nf_z_62-010_1973,,3,0,0,2
nfsserver,,3,0,35,1
ng-server,,3,0,135,1
no_warning_begin,,3,0,30,1
notarize,,3,0,58,2
notify,,3,0,26,3
ns_4551-1,,3,0,0,2
ns_4551-2,,3,0,0,2
number_lhs_expr_expected,,3,0,12,1
nuspec,,3,0,6,1
nut_misc,,3,0,9,1
nvimpager,,3,0,16,1
nvx-suspend-restore,,3,0,168,1
openapi,,3,0,6,1
opensea-transport,,3,0,6,1
openssh_license,,3,0,1014,1
orpierc,,3,0,5,1
pack-initrd,,3,0,25,1
package-linux,,3,0,2,2
packaging,,3,0,20,2
packet_byte_script,,3,0,99,1
pasticada,,3,0,49,1
patch,,3,0,50,2
pci,,3,0,41620,1
pecena_kokos,,3,0,19,1
perform-test,,3,0,35,1
pgp_read,,3,0,23,1
pgp_write,,3,0,26,1
pilav,,3,0,24,1
pipein_help,,3,0,58,1
pius-party-worksheet,,3,0,6,1
pkg-plist,,3,0,3,1
pl_pl,,3,0,69,1
plutovg,,3,0,6,1
pnuke,,3,0,6,1
postinstall,,3,0,30,2
prepare,,3,0,97,2
proxy_header_test,,3,0,142,1
pt,,3,0,0,2
pt2,,3,0,0,2
pulpogallega,,3,0,28,1
punjenepaprike,,3,0,38,1
pytest,,3,0,7,1
qa-sed,,3,0,38,1
qlogger,,3,0,6,1
qpinnabletabwidget,,3,0,6,1
qtls-translate,,3,0,116,1
quickemu,,3,0,39,1
qzxing,,3,0,10,1
rackup,,3,0,26,2
rapidfuzz-cpp,,3,0,6,1
re,,3,0,8,2
read_codesign_team,,3,0,21,2
readme_cond_comp,"Documentation(""General"")",3,0,40,1
readme_geant4,"Documentation(""General"")",3,0,717,1
rebuild,,3,0,13,2
reconf,,3,0,7,2
regress,,3,0,6,3
regtest,,3,0,86,1
release_notes_3_2,,3,0,83,1
remarkable,,3,0,6,1
repo_name,,3,0,3,2
revdep-snippet,,3,0,11,1
rgbpm2,,3,0,208,1
riba,,3,0,13,1
rizot,,3,0,36,1
rlottie,,3,0,5,1
rog-panel-od,,3,0,6,1
ronn,,3,0,11,1
rspec,,3,0,72,3
run-automatic-rear,,3,0,93,1
run_llil4map,,3,0,8,1
rust,,3,0,6,1
s,,3,0,9,2
salmorejo,,3,0,28,1
sample_time_zone_file,,3,3,0,2
saxdomsaxdiff,,3,0,9,1
saxdomsaxdiffdir,,3,0,9,1
saxroundtrip,,3,0,9,1
saxroundtripdir,,3,0,9,1
saxstaxdiff,,3,0,9,1
saxstaxdiffdir,,3,0,9,1
saxtodomtosaxevent,,3,0,9,1
saxtosaxevent,,3,0,9,1
schema,,3,0,77,1
screenshot,,3,0,9,1
sctp_stream_script,,3,0,99,1
sdate,,3,0,21,1
sdl_helper,,3,0,52,1
semi-els,,3,0,15,1
semi-mk,,3,0,55,1
sen_850200_b,,3,0,0,2
sen_850200_c,,3,0,0,2
sendmail-reject,,3,0,26,1
sensors-detect,,3,0,15,1
serialization_1,,3,0,7,1
serialization_2,,3,0,7,1
serialization_3,,3,0,7,1
server_digest_secure,,3,0,63,1
setpass,,3,0,29,1
setup_once,,3,0,54,2
shared_config_invalid_ini,,3,0,3,2
shared_config_other,,3,0,51,2
shift_jisx0213,,3,0,0,2
shox,,3,3,0,1
shunit2_test_helpers,,3,0,16,1
sign,,3,0,36,2
sign-post-release,,3,0,100,1
sk_sk,,3,0,69,1
slack-desc,,3,0,50,3
smbios-battery-ctl,,3,0,151,1
smbios-keyboard-ctl,,3,0,10,1
smbios-sys-info,,3,0,7,1
snapshot_script,,3,0,102,1
soa,,3,0,21,1
soundconverter,,3,0,41,1
source-test,,3,0,47,1
span_ext,,3,0,12,1
sparkle,,3,3,0,1
sparse-checkout,,3,0,22,1
sparse_hash_map,,3,0,743,1
sparse_hash_set,,3,0,693,1
spdlog,,3,0,4,1
speedy,,3,0,5,1
ss,,3,0,40,1
ss-ref,,3,0,38,1
stacktrace,,3,0,3,1
stamp-h,,3,0,3,2
stapler,,3,0,21,1
staxroundtrip,,3,0,9,1
staxroundtripdir,,3,0,9,1
staxtosaxtosaxevent,,3,0,9,1
steepfile,,3,0,54,3
stenc,,3,0,59,1
substvars,,3,0,3,2
sudo,,3,0,21,1
sw1,,3,3,0,1
system-setup,,3,0,149,1
systemd-user,,3,0,52,1
t,,3,0,55,1
t-verify-received-spf-good,,3,0,17,1
t16,,3,0,6,1
t_json,,3,0,11,1
tartarbiftek,,3,0,54,1
tcp_range_script,,3,0,99,1
tcp_rr_script,,3,0,99,1
tcp_stream_script,,3,0,99,1
tegaki-convert,,3,0,44,1
template,,3,0,5,2
termdiff,,3,0,16,1
test-functions,,3,0,6,1
test-growpart,,3,0,41,1
test0,,3,0,13,1
test15,,3,0,9,3
test3,,3,0,14,1
test5,,3,0,13,1
test7,,3,0,13,1
test_filenames,,3,0,7,1
test_helpers,,3,0,89,2
test_option_twiddling,,3,0,6,1
third-party,,3,0,30,3
tigrc,,3,0,22,1
tikkamasala,,3,0,84,1
tile-test,,3,0,74,1
timeshift-launcher,,3,0,13,1
tmux-asciicast-pane,,3,0,21,1
toml-test,,3,0,6,1
tools,,3,0,5,1
touch,,3,0,18,1
tr_tr,,3,0,69,1
transparent_proxy_test,,3,0,11,1
tscii,,3,0,0,2
udev-soundfont,,3,0,26,1
udp_rr_script,,3,0,98,1
udp_stream_script,,3,0,96,1
ufetch-guixsd,,3,0,106,1
ufetch-mxlinux,,3,0,12,1
update-pot,,3,0,7,1
updatebug,,3,0,18,1
upgrade,,3,0,191,2
upload,,3,0,81,3
uranium,,3,0,68,1
url,,3,0,8,2
us1mrpa,,3,0,27,1
usb,,3,0,16494,1
use-test-snippet,,3,0,5,1
userlock,,3,0,39,1
uuid,,3,0,9,2
v,,3,0,6,1
validate-generate,,3,0,8,1
vars,,3,0,15,1
vcf-haplotypes,,3,0,592,1
vermischtes,,3,0,828,1
vms_main,,3,0,6,1
vmstat,,3,0,6,1
warning,,3,0,27,2
webcamize,,3,0,236,1
wl-els,,3,0,14,1
wsdd,,3,0,166,1
x,,3,0,193,2
xkbset-gui,,3,0,26,1
xlat-os-common,,3,0,68,1
xmltodomtofi,,3,0,9,1
xmltodomtosaxtofi,,3,0,9,1
xmltosaxtofi,,3,0,9,1
xmltosaxtostaxtofi,,3,0,9,1
xx-svn-review,,3,0,21,1
yafcrc,,3,0,10,1
zfs_stats_,,3,0,331,1
zh_cn,,3,0,4015,1
zlib-ng,,3,0,5,2
zonesigner,,3,0,6,1
zstdcat,,3,0,11,2
',,2,0,1098,1
+zyhnua-,,2,0,0,1
.0-sprockets-3,,2,0,12,1
.0-sprockets-4,,2,0,12,1
.001,,2,0,80,1
.003,,2,0,380,1
.003-mac,,2,0,0,2
.003-serb,,2,0,0,2
.04-kcov-39,,2,0,22,1
.04-kcov-40,,2,0,22,1
.04-kcov-41,,2,0,22,1
.04-kcov-42,,2,0,22,1
.04_acescontainer,,2,0,57,1
.04_brew,,2,0,39,1
.04_lto,,2,0,29,1
.04_no_libtiff_valgrind,,2,0,35,1
.04_openexr2_shared,,2,0,46,1
.04_openexr2_static,,2,0,46,1
.04_openexr33,,2,0,39,1
.1-sprockets-3,,2,0,9,1
.1-sprockets-4,,2,0,12,1
.101-g2,,2,0,0,2
.10_ubuntu1604,,2,0,27,1
.11-pti-ldt,,2,0,26,1
.11-pti-user,,2,0,26,1
.110-1983,,2,0,0,2
.13-3-debian,,2,2,0,1
.1ad,"Documentation(""Manual"")",2,2,0,1
.1mgq27,,2,0,2,1
.2-sprockets-3,,2,0,10,1
.2-sprockets-4,,2,0,10,1
.2-startcenter,,2,0,2,1
.3-changelog,,2,0,233,1
.30,,2,0,0,1
.3fr,"Documentation(""Manual"")",2,2,0,1
.4-1985-gr,,2,0,0,2
.45,,2,0,2,1
.5-changelog,,2,0,50,1
.61-7bit,,2,0,0,2
.61-8bit,,2,0,0,2
.945,,2,0,19958,1
.__rc,,2,0,2,1
.a64fx,,2,0,7,1
.ac~,,2,0,94,1
.adc,,2,0,2,1
.ahi,,2,0,58,1
.an,,2,0,12,1
.ant,"Documentation(""General"")",2,0,13,1
.antimes,,2,0,12,1
.api_filters,,2,0,17,1
.applescript,,2,0,108,2
.application,,2,0,22,2
.argv,,2,0,36,1
.art,,2,2,0,1
.arw,,2,2,0,1
.asmjit,"Documentation(""Legal"")",2,0,50,1
.assets,"Documentation(""Legal"")",2,0,16,2
.asy,,2,0,519,1
.augprint,,2,0,0,1
.augtool,,2,0,217,1
.autocomplete__compinit,,2,0,43,1
.autocomplete__main,,2,0,3,1
.autogen,,2,0,11,1
.autogenerated_defines,,2,0,3,1
.autotest,,2,0,15,2
.autotools,,2,0,84,2
.avi,"Data(""Video"")",2,2,0,2
.b10c,,2,2,0,1
.b111,,2,2,0,1
.b8c,,2,2,0,1
.b9f,,2,2,0,1
.ba0,,2,2,0,1
.ba1,,2,2,0,1
.ba2,,2,2,0,1
.ba3,,2,2,0,1
.ba4,,2,2,0,1
.baa,,2,2,0,1
.backup,"Documentation(""General"")",2,0,77,1
.bam,,2,2,0,1
.bash_completion,,2,0,14,1
.bash_profile,,2,0,0,1
.bashcomp,,2,0,39,1
.basic,,2,0,0,2
.batch,,2,0,52,1
.bb8,,2,2,0,1
.bbl,,2,0,32,2
.bdba,"Code(""Build"")",2,0,62,2
.be,,2,2,0,1
.bicep,,2,0,46,2
.binary,,2,0,25,2
.binvox,,2,2,0,2
.bitte,,2,0,53,1
.bnf,"Code(""Grammar"")",2,0,62,1
.broken-ref,,2,0,16,1
.bst,"Documentation(""General"")",2,0,1429,2
.buckversion,,2,0,1,2
.build_exe_time,,2,0,819,1
.byte,,2,0,2,1
.c_template,,2,0,6,1
.cane,,2,0,6,1
.cartridges,,2,0,2,2
.catalog,,2,1,23,2
.ccls,,2,0,23,1
.cdl,,2,0,74,2
.cdp,,2,2,0,1
.centos-7,"Code(""Build"")",2,0,116,1
.centos-stream,"Code(""Build"")",2,0,120,1
.cf,,2,0,6,2
.cgi-source,,2,0,2,1
.changed,,2,0,2,1
.charset,,2,0,1364,2
.check_cache,,2,0,2,1
.clang-files,,2,0,4,1
.clang_complete,,2,0,9,2
.clean,,2,0,28,2
.cnx,,2,0,35,1
.codespellignorelines,,2,0,3,1
.compok,,2,0,158,1
.conf copy,,2,0,8,1
.converagerc,,2,0,50,2
.correct,,2,0,33,1
.css~,,2,0,450,1
.cstm,,2,0,436,1
.ctf,,2,1,47,2
.cucumber,,2,0,8,1
.cuda,"Code(""Build"")",2,0,184,2
.cygwin,"Code(""Build"")",2,0,325,2
.d__doas__darwin,,2,0,10,1
.d__doas__linux,,2,0,13,1
.daemon,,2,0,244,2
.darkice,,2,0,262,1
.db3,"Data(""Database"")",2,2,0,1
.dbq,,2,2,0,1
.debhelper,,2,0,8,1
.debian-11,"Code(""Build"")",2,0,91,1
.debian-init,,2,0,42,1
.dec,"Code(""Build"")",2,0,214,2
.dev86,,2,0,37,1
.devel,,2,0,8,1
.developer,,2,0,1378,1
.dfy,"Code(""Uncategorized"")",2,0,9,1
.doc-base,,2,0,16,2
.dockerps,,2,0,12,1
.dos,"Code(""Build"")",2,0,4,1
.dotsettings,,2,0,40,2
.drpm,,2,2,0,1
.ds,,2,0,1874,1
.eca,,2,0,2534,1
.editable,,2,0,41,1
.egg,"Data(""Archive"")",2,2,0,1
.eld,,2,0,0,1
.elogind,,2,0,6,1
.els,,2,0,11,1
.emerald,,2,2,0,1
.emf,"Data(""Image"")",2,2,0,1
.encrypted,,2,2,0,1
.env_example,,2,0,4,1
.epgscan,,2,0,3,1
.esy,"Code(""Build"")",2,0,11,1
.etag,,2,0,2,1
.exclude-slot,,2,0,13,1
.exists,,2,0,1,2
.expected-cmdliner2,,2,0,4,1
.ext,,2,1,0,2
.extlibs,"Code(""Build"")",2,0,6,1
.extras-list,,2,0,4,1
.fake,"Documentation(""General"")",2,0,42,1
.fasta,"Data(""Text"")",2,0,36,1
.fbk,,2,2,0,1
.fdf,,2,0,0,1
.fedora-31,"Code(""Build"")",2,0,104,1
.fedora-41,"Code(""Build"")",2,0,59,2
.fedora33,"Code(""Build"")",2,0,12,1
.ffi,,2,0,17,1
.file,,2,0,3,2
.finf,,2,2,0,1
.flags,,2,0,0,2
.flam3,,2,0,0,1
.flite,"Code(""Build"")",2,0,4,1
.foot2,,2,0,4,1
.fox,"Documentation(""General"")",2,0,4,1
.fpp,"Code(""Fortran"")",2,0,20,1
.from,,2,0,20,1
.fw,"Data(""Binary"")",2,2,0,1
.g-c,,2,0,281,1
.g4,"Code(""Grammar"")",2,0,10,1
.gcloudignore,"Configuration(""DevEx"")",2,0,4,1
.gcode,,2,0,6271,1
.gdb_history,,2,0,512,1
.gdshader,,2,0,8,1
.gem,"Data(""Archive"")",2,2,0,1
.gemtest,,2,0,0,2
.gentoo-init,,2,0,51,1
.gff,"Data(""Text"")",2,0,14,1
.gitlint,,2,0,9,2
.gitmoduleversions,,2,0,4,1
.glade#,,2,0,5184,1
.go-bindata,,2,0,18,1
.goml,,2,0,4,1
.gp,,2,0,6,1
.gplv3,"Documentation(""Legal"")",2,0,1348,2
.grammar,,2,0,207,1
.groupproj,,2,0,108,2
.gvimrc,,2,0,116,1
.h_noload,,2,0,819,1
.hdf5,"Data(""Binary"")",2,2,0,1
.heex,,2,0,99,1
.help,,2,0,17,1
.hf,,2,0,77,1
.hhc,,2,0,16,1
.hhk,,2,0,4,1
.hhp,,2,0,4,1
.hlsli,,2,0,11,1
.html~,"Documentation(""General"")",2,0,624,1
.hurl,"Code(""Script"")",2,0,16,1
.hva,,2,0,435,1
.i4ekqy,,2,0,2,1
.idc,,2,0,2,1
.ifo,,2,0,16,1
.il,,2,0,134,1
.installcligac,,2,0,6,1
.installer,"Code(""Build"")",2,0,14,1
.ip232,"Code(""Build"")",2,0,33,1
.ipldt,"Code(""Build"")",2,0,90,2
.iqm,,2,2,0,1
.irv,,2,0,0,2
.iso8859-13,,2,0,1038,1
.isz,,2,2,0,1
.ivairus,,2,0,300,1
.ivf,,2,2,0,1
.jargon,,2,0,37,1
.jison,"Code(""Grammar"")",2,0,5,1
.js_t,,2,0,4,1
.json_1,,2,0,40,2
.json_2,,2,0,50,2
.json_3,,2,0,60,2
.json_4,,2,0,70,2
.jsonprovider,,2,0,4,2
.jwt,,2,0,2,1
.kafka,"Code(""Build"")",2,0,4,1
.kate-swp,,2,2,0,1
.kateconfig,,2,0,8,1
.kbd,,2,0,115,1
.keep-directory,,2,0,2,1
.kicad_pcb,,2,0,10453,1
.ksh,"Code(""Script"")",2,0,107,2
.kvc,,2,0,18,1
.l700,,2,0,48,1
.lai,,2,0,82,1
.lame,,2,0,104,1
.lastbuildstate,,2,0,4,1
.lastreleaseversion,,2,0,4,1
.lastreleaseversioncode,,2,0,4,1
.le,,2,2,0,1
.lgpl,"Documentation(""Legal"")",2,0,983,2
.lint,"Code(""Build"")",2,0,81,2
.lintian,,2,0,35,1
.linux64_simde_arm,"Code(""Build"")",2,0,4,1
.linux64_sse2,"Code(""Build"")",2,0,5,1
.list-ref-bak,,2,0,24,1
.lnx86,,2,0,45,1
.locs,,2,0,986,1
.login,,2,0,2,1
.logrotate,,2,0,0,1
.lproj,,2,0,2,1
.m4sugar,,2,0,4,1
.m4v,"Data(""Video"")",2,2,0,1
.magic,,2,0,26,1
.manx,"Code(""Build"")",2,0,216,1
".markdown""",,2,0,25,1
.markdownlintignore,,2,0,3,2
.mbox,"Data(""Text"")",2,0,197,2
.mbroli,,2,0,1,1
.mc6,"Code(""Build"")",2,0,253,1
.mdoc,,2,0,474,2
.mime,,2,0,2,2
.minimum,,2,0,34,1
.minitest4,,2,0,8,1
.minix,,2,0,18,1
.mir,"Code(""Uncategorized"")",2,0,6,1
.mit,"Documentation(""Legal"")",2,0,39,2
.ml_byte,,2,0,2,2
.ml_native,,2,0,2,2
.mlcpp,,2,0,42,1
.mliv,,2,0,4,1
.mlv,,2,0,11,1
.mmh,,2,0,4,1
.mplayer,"Documentation(""General"")",2,0,160,1
.mpp,,2,2,0,1
.msgpack,"Data(""Binary"")",2,1,1,1
.mss,,2,0,0,1
.msv,,2,2,0,1
.multi,,2,0,2,2
.musx,,2,2,0,1
.mxl,,2,2,0,1
.name,,2,0,2,1
.nanorc,,2,0,73,1
.ncb,,2,2,0,1
.net,,2,0,2081,1
.netbsd,"Code(""Build"")",2,0,123,2
.network,"Configuration("""")",2,0,10,1
.networkprotocolprovider,,2,0,7,1
.newer,,2,0,23,1
.nmk,"Code(""Build"")",2,0,29,1
.notes,,2,0,22,1
.notice,,2,0,8,1
.nunit,,2,0,12,1
.odg#,,2,0,2,1
.openbsd,"Code(""Build"")",2,0,98,2
.openrc,,2,0,48,2
.opensuse-leap-15,"Code(""Build"")",2,0,6,1
.opml,,2,2,0,1
.orig1,,2,0,34,1
.out~,,2,0,13,1
.ovt,,2,0,4,1
.ow,"Code(""Build"")",2,0,17,1
.passwd,,2,0,2,1
.patterns,,2,0,14,1
.pbs,,2,0,0,1
.pekwm_sys,,2,0,3,1
.pending-snap,,2,0,8,1
.pep8,,2,0,14,1
.perlsupport,"Documentation(""General"")",2,0,596,1
.pjd,,2,0,621,1
.pkginfo,,2,0,2,1
.pmt,,2,0,28,1
.portable,,2,0,306,1
.posix,,2,0,62,1
.power,"Code(""Build"")",2,0,7,1
.pp-output,,2,0,14,1
.ppc,,2,0,15,1
.ppc64le,"Code(""Build"")",2,0,18,1
.prc,,2,0,26,1
.prebuilt,,2,0,235,2
.prettierrc,"Configuration(""DevEx"")",2,0,30,2
.processor,,2,0,29,2
.programs,,2,0,10,1
.proj,,2,0,23,1
.projectile,,2,0,1,2
.prop,,2,2,0,1
.ps3,,2,0,45,1
.psp,,2,0,31,1
.pug,,2,0,14,1
.pure,,2,0,0,1
.putty,"Documentation(""General"")",2,0,38,1
.py_bak0,,2,0,1154,1
.py_tmpl,,2,0,0,1
.pydevproject,,2,0,14,2
.pypirc,,2,0,9,1
.q,,2,0,18,1
.qhc,,2,2,0,1
.qiv-command,,2,0,8,1
.quilt_patches,,2,0,2,2
.quilt_series,,2,0,2,2
.rahit,,2,0,48,1
.rails-edge,,2,0,6,1
.rails5_rmagick,,2,0,3,1
.rails6_mini_magick,,2,0,8,1
.rails7,,2,0,6,1
.rails7_rmagick,,2,0,6,1
.rails8_mini_magick,,2,0,16,1
.rdumpfs,,2,0,17,1
.redhat-init,,2,0,216,1
.redhat-spec,,2,0,266,1
.redis,,2,0,3,1
.release-status,,2,0,4,1
.relwithdebinfo,,2,0,72,1
.remarkrc,,2,0,84,2
.repl,,2,0,14,1
.replay_exclude,,2,2,0,1
.replay_include,,2,2,0,1
.replay_unique_ip,,2,2,0,1
.repr,,2,0,14,1
.request,"Data(""Text"")",2,0,8,1
.rev,,2,0,70,2
.rewrite_1ttl,,2,2,0,1
.rewrite_1ttl-hdrfix,,2,2,0,1
.rewrite_2ttl,,2,2,0,1
.rewrite_2ttl-hdrfix,,2,2,0,1
.rewrite_3ttl,,2,2,0,1
.rewrite_3ttl-hdrfix,,2,2,0,1
.rewrite_config,,2,2,0,1
.rewrite_efcs,,2,2,0,1
.rewrite_enet_subsmac,,2,2,0,1
.rewrite_fixcsum,,2,2,0,1
.rewrite_fixlen_del,,2,2,0,1
.rewrite_fixlen_pad,,2,2,0,1
.rewrite_fixlen_trunc,,2,2,0,1
.rewrite_l7fuzzing,,2,2,0,1
.rewrite_mac,,2,2,0,1
.rewrite_mac_seed,,2,2,0,1
.rewrite_mac_seed_keep,,2,2,0,1
.rewrite_mtutrunc,,2,2,0,1
.rewrite_pad,,2,2,0,1
.rewrite_pnat,,2,2,0,1
.rewrite_portmap,,2,2,0,1
.rewrite_range_portmap,,2,2,0,1
.rewrite_seed,,2,2,0,1
.rewrite_sequence,,2,2,0,1
.rewrite_skip,,2,2,0,1
.rewrite_tos,,2,2,0,1
.rewrite_trunc,,2,2,0,1
.rewrite_vlandel,,2,2,0,1
.rgen,,2,0,85,1
.rh_rpm_package,,2,0,4,1
.rid,,2,0,2,1
.riscv,"Code(""Build"")",2,0,28,2
.riscv64_zvl128b,,2,0,32,1
.riscv64_zvl256b,,2,0,30,1
.rkyv,,2,2,0,1
.rockylinux-8,"Code(""Build"")",2,0,6,1
.rockylinux-9,"Code(""Build"")",2,0,6,1
.root,,2,0,120,2
.rpt,,2,2,0,1
.rspec_status,,2,0,152,1
.rsyslog,,2,0,19,1
.rule,,2,0,4,1
.runtests,"Code(""Build"")",2,0,37,1
.rws,,2,2,0,1
.sacl,"Documentation(""General"")",2,0,30,1
.scowl,,2,0,230,1
.secure,,2,0,63,2
.serial,"Documentation(""General"")",2,0,45,1
.sfx,"Documentation(""General"")",2,0,64,1
.sh_,,2,0,292,2
.showtoc,,2,0,40,1
.signature,,2,2,0,1
.signature-v3,,2,2,0,1
.simd,"Documentation(""General"")",2,0,156,1
.sip,,2,0,201,2
.sjis,,2,0,2,1
.skkdic-diff,"Documentation(""General"")",2,0,119,1
.skkdic-expr2,"Documentation(""General"")",2,0,146,1
.sl,,2,0,76,1
.slirpvde,"Documentation(""Legal"")",2,0,103,1
.smallprof,,2,0,16,1
.solaris-init,,2,0,108,1
.spdx,"Documentation(""Legal"")",2,0,10,2
.spt,,2,0,6,1
.sqlite_unixsock,,2,0,3,1
.sscb,"Code(""Build"")",2,0,90,2
.standalone,,2,0,4,1
.str,,2,0,10996,1
.strrnc,,2,0,2,1
.sublime-syntax,,2,0,4122,2
.summary,"Code(""Build"")",2,0,64,2
.suse-init,,2,0,222,1
.suse-spec,,2,0,284,1
.sv,"Code(""Hardware"")",2,0,484,1
.svf,,2,0,2764,1
.svnignore,,2,0,2,2
.syn,,2,1,0,1
.sysconf,,2,0,0,1
.tangram,,2,0,101,1
.tclshrc,,2,0,4,1
.tdesc,,2,0,106,1
.tfr,,2,2,0,1
.thor,,2,0,13,1
.time-stamp,,2,0,16,1
.tmp,,2,0,8,1
.toast,,2,2,0,1
.top,,2,0,361,1
.tpo,,2,0,224,1
.transition,,2,0,2,1
.trip,,2,0,9,1
.tut,,2,0,10,1
.tx,,2,0,6,1
.txt#,,2,0,138,1
.txt2htmlrc,,2,0,14,1
.t~,,2,0,12,1
.u,"Code(""Build"")",2,0,5,1
.ubi,"Code(""Build"")",2,0,4,1
.ucs-2be,,2,2,0,1
.ucs4,,2,2,0,1
.uif,,2,2,0,1
.unit-test,,2,0,10,1
.unmodified,,2,0,244,1
.usr,"Code(""Build"")",2,0,9,1
.uuid,,2,0,4,1
.vbp,,2,0,88,2
.vhdl,"Code(""Hardware"")",2,0,51,1
.vm,"Code(""Template"")",2,0,45,2
.vmdk,,2,1,21,1
.vorbis,,2,0,78,1
.vsidx,,2,2,0,1
.wanted,,2,0,215,1
.watchdogd,,2,0,3,1
.watcom,"Code(""Build"")",2,0,125,2
.wdi_driver,"Code(""Build"")",2,0,54,1
.webmanifest,"Configuration(""Manifest"")",2,0,20,2
.whatever-extension,,2,0,43,1
.whysynth,,2,0,12610,1
.wmpbtheme,,2,0,388,1
.workflow,,2,0,18,1
.wsuo,,2,2,0,1
.x11-setup,"Documentation(""General"")",2,0,4,1
.x_bitmaps,,2,0,67,1
.xcuserstate,,2,1,2073,2
.xiz,"Data(""Binary"")",2,2,0,1
.xlw,,2,2,0,1
.xsyg,,2,0,53,1
.yao,,2,0,173,1
.ym,,2,0,44,2
.yodl,,2,0,50,1
.zlib,,2,2,0,1
.zopflipng,"Documentation(""General"")",2,0,13,1
.zsh-completion,,2,0,63,1
.zshcomp,,2,0,69,1
.zsimple,,2,0,129,1
0006-no-ascii-chars,,2,0,60,1
0007-subject-empty,,2,0,36,1
00_filter_devices,,2,0,4,1
00cc,,2,0,38,1
06-05-03,,2,2,0,1
06-06-0a,,2,2,0,1
06-08-01,,2,2,0,1
06-08-03,,2,2,0,1
06-08-06,,2,2,0,1
06-0f-06,,2,2,0,1
06-2a-07,,2,2,0,1
06-37-09,,2,2,0,1
06-3a-09,,2,2,0,1
06-3e-04,,2,2,0,1
06-3e-07,,2,2,0,1
06-86-04,,2,2,0,1
06-86-05,,2,2,0,1
06-8e-0b_duplicate,,2,2,0,1
06-ba-02_duplicate,,2,2,0,1
06-ba-03_duplicate,,2,2,0,1
06-be-00_duplicate,,2,2,0,1
132html,,2,0,317,1
15binfmt,,2,0,4,1
2,,2,0,2,1
20251113,,2,0,82,2
20251114,,2,0,98,2
20251115,,2,0,110,2
20251116,,2,0,122,2
20nssdatabases,,2,0,4,1
229_en,,2,2,0,1
256_en,,2,2,0,1
3,,2,0,2,1
42brickd,,2,0,4,1
503_en,,2,2,0,1
50atoll,,2,0,10,1
50ninja-missingdeps,,2,0,38,1
50xdg-utils,,2,0,112,1
52d24db2f34a8d112b87e0d2fad842e0c93dd547,,2,0,274,1
65_en,,2,2,0,1
80magicrescue_defs,,2,0,9,1
90magicrescue_defs,,2,0,16,1
91_en,,2,2,0,1
95_pmount_cache,,2,0,20,1
961_en,,2,2,0,1
__missing__,,2,0,9,1
__version__,,2,0,4,1
_alias_module,,2,0,0,1
_artprint,,2,0,13,1
_arttime,,2,0,13,1
_augtool,,2,0,136,1
_binutils-config,,2,0,27,1
_busted,,2,0,3,1
_cepl,,2,0,23,1
_code-minimap,,2,0,85,1
_fuzzel,,2,0,4,1
_gentoo_arches,,2,0,14,1
_ghc,,2,0,2334,1
_grc,,2,0,50,1
_j4-dmenu-desktop,,2,0,40,1
_mako,,2,0,2,1
_pacstrap,,2,0,86,1
_perl-cleaner,,2,0,32,1
_pycpio,,2,0,6,1
_qpdf,,2,0,12,1
_redirects,,2,0,12,2
_riverctl,,2,0,7,1
_task,,2,0,130,1
_themes,,2,0,2,2
_xwallpaper,,2,0,4,1
a1,,2,0,0,2
abrestore,,2,0,32,1
abs-symlink-test,,2,0,38,2
absdirs,,2,0,28,1
access_vectors,,2,0,8,2
acknowledgements,,2,0,26,2
acronym,,2,0,114,1
activate,,2,0,6,2
adb,,2,0,4,1
adfls_main_dir,,2,0,14,1
af1,,2,2,0,1
afl-whatsup,,2,0,4,1
agrep,,2,1,117,1
alioth,,2,0,13,1
all_i_get_is_a_grey_box,,2,0,28,1
alotrc_table,,2,0,21,1
amavisd,,2,0,39,1
analysis_context_class,,2,0,91,1
android-release,,2,0,21,1
annihilape,,2,0,40,1
anope-mkpasswd,,2,0,118,1
ansi-to-tui,,2,0,2,1
api,,2,0,6,2
apinames,,2,2,0,1
appimage_openssl_hook,,2,0,25,1
applied-patches,,2,0,17,2
appraisal,,2,0,43,2
ar1,,2,2,0,1
ar2,,2,2,0,1
arboliva,,2,0,44,1
arc-darkerrc,,2,0,86,1
arch-chroot,,2,0,2,1
arch-colors,,2,0,4,1
architectures,,2,0,2,1
archive,,2,0,31,2
archiver,,2,2,0,1
archpkg,,2,0,14,1
archwiki,,2,0,11,1
arctibax,,2,0,30,1
argparse,,2,0,2,1
armarouge,,2,0,38,1
armscii-8,,2,0,0,2
arn_profile,,2,0,6,1
arn_profile_expected,,2,0,12,1
array_profile,,2,0,16,1
as-backdoor,,2,0,74,1
asahi,,2,0,3,1
asan_suppressions,,2,0,4,1
asmo_449,,2,0,0,2
asroot,,2,0,11,1
assert,,2,0,13,2
asterisk_wrapper,,2,0,229,1
asus-zenbook-ux330ua-ah55,,2,0,183,1
attr,,2,0,216,1
austere,,2,0,7,1
authors-asl,,2,0,402,1
authors-lgpl,,2,0,1004,1
auto-cpufreq-installer,,2,0,6,1
autorandr_nitrogen_wallpaper,,2,0,17,1
autotest-rpc-change-protection-level,,2,0,4,1
autotest-tko-parse,,2,0,4,1
avaloniaedit,,2,0,3,1
avb,,2,0,4,1
aws-c-common,,2,0,4,1
aws-c-http,,2,0,4,1
aws-c-io,,2,0,4,1
aws-lc,,2,0,4,1
azure-ephemeral-disk-setup,,2,0,451,1
b,,2,0,2,2
b3,,2,0,2,1
backlight-restorer,,2,0,70,1
backup,,2,0,94,1
backuppc_admin_scgi,,2,0,19,1
backuppc_archivestart,,2,0,19,1
backuppc_backupdelete,,2,0,9,1
backuppc_backupduplicate,,2,0,9,1
backuppc_rrdupdate,,2,0,10,1
backward,,2,0,133,2
bad_dns_request_test,,2,0,7,1
bad_section_name,,2,0,2,1
bad_syntax_1,,2,0,2,1
bad_syntax_2,,2,0,2,1
baseline,,2,0,2,1
baseline-asserts,,2,0,2,1
batchrun,,2,0,0,2
bats-exec-file,,2,0,16,1
battery-poly,,2,0,4,1
baxcalibur,,2,0,34,1
bbkeysrc,,2,0,6,1
be,,2,0,2614,1
bellibolt,,2,0,30,1
benchcmp,,2,0,2,1
bibmail_1gb,,2,0,14,1
blackbox_addadmin,,2,0,5,1
blackbox_initialize,,2,0,4,1
blackbox_register_new_file,,2,0,4,1
bladerf-fsk,,2,0,4,1
blinkenlights,,2,0,4,1
bmaptool,,2,0,3,1
bmc-snmp-proxy,,2,0,8,1
bombirdier,,2,0,44,1
bond2team,,2,0,4,1
bootstrap-configure,,2,0,16,1
bootstrap-in-dir,,2,0,34,2
borg,,2,0,8,1
bpf-checkpoint-commit,,2,0,4,2
br1,,2,2,0,1
br2,,2,2,0,1
br3,,2,2,0,1
br4,,2,2,0,1
brambleghast,,2,0,26,1
bramblin,,2,0,18,1
branch,,2,0,182,1
brbg,,2,0,769,1
brickd,,2,0,4,1
brise,,2,0,3,1
brute-bonnet,,2,0,28,1
brzo,,2,0,1,2
bs_viewdata,,2,0,0,2
btrfs-assistant,,2,0,22,1
btrfs_usage,,2,0,27,1
bubbles,,2,0,4,1
bug-mmap,,2,2,0,1
bugs_html,,2,0,28,1
build-and-run,,2,0,11,1
build-binary,,2,0,4,1
build-depends-on,,2,0,17,2
build-dmg,,2,0,5,2
build-libtorrent,,2,0,9,1
build-manylinux-wheels,,2,0,4,1
build-with-env,,2,0,508,1
build_kit,,2,0,61,1
buildbios,,2,0,37,1
buildbioslinux,,2,0,74,1
buildpbaroot,,2,0,60,1
buildrealms,,2,0,4,1
buildrescue,,2,0,115,1
bundle-audit,,2,0,43,2
bundler-audit,,2,0,43,2
bz1,,2,2,0,1
c11,,2,0,2,1
c12,,2,0,2,1
c3,,2,0,2,1
c5,,2,0,2,1
c6,,2,0,2,1
c7,,2,0,2,1
c8,,2,0,2,1
c9,,2,0,2,1
ca1,,2,2,0,1
ca2,,2,2,0,1
calamares-pkexec,,2,0,9,1
capsakid,,2,0,22,1
case,,2,0,10,1
cask-emacs-24-4,,2,0,18,1
category,,2,0,8,2
cdada-gen,,2,0,14,1
ceruledge,,2,0,42,1
cetitan,,2,0,32,1
cetoddle,,2,0,18,1
changelist,,2,0,25,2
changes~,,2,0,112,1
charcadet,,2,0,24,1
check-copyright,,2,0,5,1
check-utils,,2,0,7,1
check-zone-expiration,,2,0,4,1
check_html5,,2,0,6,1
check_iwyu,,2,0,8,1
check_linux_bonding,,2,0,637,1
check_on_release,,2,0,17,1
check_tags,,2,0,66,2
check_tidy,,2,0,8,1
check_version,,2,0,89,2
checkinstall,,2,0,76,1
checkman,,2,0,78,1
checkoutlist,,2,0,26,2
checkpoint-commit,,2,0,4,2
chi-yu,,2,0,32,1
chien-pao,,2,0,32,1
cite,,2,0,8,1
clang-format,,2,0,90,2
clean-qdisc,,2,0,2,1
cleanarch,,2,0,4,1
cleankrf,,2,0,4,1
cleantabs,,2,0,2,2
cleantxt,,2,0,113,1
cli,,2,1,1,2
cli11,,2,0,2,1
cliphist-fzf,,2,0,19,1
cliphist-wofi-img,,2,0,57,1
clodsire,,2,0,26,1
cmdline,,2,1,0,1
cmp_size,,2,0,44,2
cn1,,2,2,0,1
coda-make-certs,,2,0,4,1
code_climate_reek,,2,0,43,2
collectresults,,2,0,0,2
color,,2,0,3,2
color-to-tui,,2,0,2,1
comm,,2,0,2,1
commitinfo,,2,0,36,2
common_make_rules,,2,0,6,1
compare,,2,0,112,2
compat-symbols,,2,0,4,1
compextratest,,2,0,60,1
conf_windows,,2,0,6,1
conf_windows_debug,,2,0,8,1
confd,,2,0,171,1
config-script-override-test,,2,0,80,2
config_getargs,,2,0,200,1
config_print,,2,0,153,1
connectedparticlesystem,,2,0,8,1
container-entrypoint,,2,0,19,1
container_daemon,,2,0,4,1
container_run,,2,0,20,1
convert,,2,0,6,1
convertar,,2,0,4,1
copying-gpl-3,"Documentation(""Legal"")",2,0,684,2
copyrightcomment,,2,0,6,1
coq-lsp,,2,0,3,1
coq-stdlib,,2,0,4,1
coq-waterproof,,2,0,4,1
core-test,,2,0,4,1
cover,,2,0,13,2
cp10007,,2,0,0,2
cp1125,,2,0,0,2
cp737,,2,0,0,2
cp775,,2,0,0,2
cp932,,2,0,0,2
cp949,,2,0,0,2
cpuinfo-vmware-esx,,2,0,0,1
cpuspeed,,2,0,15,1
cpyright,,2,0,22,1
cr1,,2,2,0,1
cracklib-format,,2,0,24,1
credential_source_config,,2,0,146,1
credential_source_config_for_windows,,2,0,50,1
crocalor,,2,0,32,1
csm_shared_config,,2,0,66,1
csn_369103,,2,0,0,2
cubeb-pulse-rs,,2,0,4,1
cullstack,,2,0,8,1
curlie,,2,2,0,1
currently-used-ci-coq-versions,,2,0,15,1
cursorsvg,,2,0,98,1
cve-2021-34555,,2,0,11,1
cvswrappers,,2,0,42,2
cwi,,2,0,0,2
cyclizar,,2,0,36,1
cz1,,2,2,0,1
cz2,,2,2,0,1
d2,,2,0,2,1
dachsbun,,2,0,26,1
darcs-record-0~,,2,0,26,1
darts-benchmark,,2,2,0,1
datagen,,2,0,3,2
db_pull_request,,2,0,28,1
dc,,2,0,4,1
de1,,2,2,0,1
de2,,2,2,0,1
de3,,2,2,0,1
de4,,2,2,0,1
de5,,2,2,0,1
de6,,2,2,0,1
de7,,2,2,0,1
de8,,2,2,0,1
deb-packaging-juno,,2,0,2,1
deb-packaging-loki,,2,0,2,1
deb-src,,2,0,19,2
deb_config,,2,0,4,1
deb_rules,,2,0,30,1
debian-ftp-mirrors,,2,0,148,1
dec-mcs,,2,0,0,2
decrypt-if-have-key,,2,0,66,2
deep-symlink-test,,2,0,42,2
delete_on_error,,2,0,4,2
deploy-if-have-key,,2,0,78,2
detrail,,2,0,35,1
df,,2,0,4,1
dictionary,,2,0,39,2
die,,2,0,4,2
diff2,,2,0,16,1
diffs,,2,0,418,1
digest,,2,0,16,2
digestpw,,2,0,2,1
dinit,,2,0,5,1
dir,,2,0,36,2
dircompare,,2,0,27,1
disable-test,,2,0,54,2
disabled,,2,0,104,1
diskdump-basic-vmcoreinfo,,2,0,22,1
diskdump-flat-vmcoreinfo,,2,0,22,1
dist-xz,,2,0,4,2
distdir,,2,0,39,2
distinfo,,2,0,4,1
distribution-gpg-keys,,2,0,4,1
distributors,,2,0,42,1
distrobox,,2,0,3,1
distrobox-assemble,,2,0,4,1
distrobox-create,,2,0,4,1
distrobox-enter,,2,0,3,1
dkms,,2,0,17,1
do_profile,,2,0,6,1
do_release,,2,0,36,1
docker,,2,0,26,1
docker-deb-test,,2,0,8,1
docker-python-test,,2,0,18,1
docker-tox-test,,2,0,15,1
docker_pull_count,,2,0,20,1
dockerfile-archlinux,,2,0,8,1
dockerfile-deb,,2,0,48,1
dockerfile-docs,,2,0,11,1
dockerfile-gentoo,,2,0,19,2
dockerfile-integtester,,2,0,46,1
dockerfile-musl,,2,0,52,1
dockerfile-napitester,,2,0,30,1
dockerfile-rpm,,2,0,36,1
dockerfile-unittester,,2,0,54,1
dockerfile_openexr3,,2,0,58,1
dockerfile_ubuntu_latest_clang,,2,0,29,1
dolliv,,2,0,30,1
domroundtrip_rtt,,2,0,7,1
domsaxroundtrip_rtt,,2,0,7,1
dondozo,,2,0,32,1
dontdump,,2,0,3,1
donuts,,2,0,4,1
download,,2,0,37,2
download-dependencies,,2,0,13,1
download_html,,2,0,16,1
doxygen-awesome,,2,0,2,2
drawvalmap,,2,0,4,1
dromozoa-markdown-table,,2,0,6,1
ds_store,,2,2,0,1
dtck,,2,0,4,1
dtconf,,2,0,4,1
dtconfchk,,2,0,4,1
dtdefs,,2,0,4,1
dtnagobj,,2,0,4,1
dtrealms,,2,0,4,1
dtupdkrf,,2,0,4,1
dudunsparce,,2,0,32,1
dune-shared,,2,0,27,1
dune-static,,2,0,27,1
dvb-reload-modules,,2,0,5,1
dzr-dec,,2,0,13,1
e,,2,0,2,1
e2fsprogs,,2,0,4,1
earthly-next,,2,0,4,1
easy-encryption,,2,0,2,1
ebcdic-at-de,,2,0,0,2
ebcdic-at-de-a,,2,0,0,2
ebcdic-ca-fr,,2,0,0,2
ebcdic-dk-no,,2,0,0,2
ebcdic-dk-no-a,,2,0,0,2
ebcdic-es,,2,0,0,2
ebcdic-es-a,,2,0,0,2
ebcdic-es-s,,2,0,0,2
ebcdic-fi-se,,2,0,0,2
ebcdic-fi-se-a,,2,0,0,2
ebcdic-fr,,2,0,0,2
ebcdic-is-friss,,2,0,0,2
ebcdic-it,,2,0,0,2
ebcdic-pt,,2,0,0,2
ebcdic-uk,,2,0,0,2
ebcdic-us,,2,0,0,2
echos,,2,0,6,1
ecma-cyrillic,,2,0,0,2
ee1,,2,2,0,1
effect,,2,0,3,1
elf-qemu-cpustate-wrongver,,2,0,90,1
empty_file,,2,0,2,1
empty_profile,,2,0,2,1
empty_profile_expected,,2,0,8,1
en1,,2,2,0,1
enamorus-therian,,2,0,40,1
envstat,,2,0,28,1
epython-disable-test,,2,0,52,2
epython-test,,2,0,76,2
eradicate,,2,0,49,1
erb,,2,0,43,2
es1,,2,2,0,1
es3,,2,2,0,1
es4,,2,2,0,1
escaped_profile,,2,0,6,1
escaped_profile_expected,,2,0,12,1
eselect-test,,2,0,78,2
espathra,,2,0,44,1
euc-jp-ms,,2,0,0,2
evolvotron_complexity,,2,0,260,1
excluded,,2,0,5,2
expchk,,2,0,4,1
exponent_profile,,2,0,8,1
export-docs-from-image,,2,0,18,1
expr-1,,2,0,2,2
expr-10,,2,0,2,2
expr-100,,2,0,2,2
expr-101,,2,0,2,2
expr-102,,2,0,2,2
expr-103,,2,0,2,2
expr-104,,2,0,2,2
expr-105,,2,0,2,2
expr-106,,2,0,2,2
expr-107,,2,0,2,2
expr-108,,2,0,2,2
expr-109,,2,0,2,2
expr-110,,2,0,2,2
expr-112,,2,0,2,2
expr-115,,2,0,2,2
expr-118,,2,0,2,2
expr-119,,2,0,2,2
expr-12,,2,0,2,2
expr-120,,2,0,2,2
expr-121,,2,0,2,2
expr-122,,2,0,2,2
expr-123,,2,0,2,2
expr-126,,2,0,2,2
expr-128,,2,0,2,2
expr-129,,2,0,2,2
expr-13,,2,0,2,2
expr-130,,2,0,2,2
expr-131,,2,0,2,2
expr-132,,2,0,2,2
expr-133,,2,0,2,2
expr-134,,2,0,2,2
expr-135,,2,0,2,2
expr-136,,2,0,2,2
expr-137,,2,0,2,2
expr-138,,2,0,2,2
expr-139,,2,0,2,2
expr-14,,2,0,2,2
expr-140,,2,0,2,2
expr-141,,2,0,2,2
expr-142,,2,0,2,2
expr-143,,2,0,2,2
expr-144,,2,0,2,2
expr-145,,2,0,2,2
expr-146,,2,0,2,2
expr-147,,2,0,2,2
expr-148,,2,0,2,2
expr-149,,2,0,2,2
expr-15,,2,0,2,2
expr-150,,2,0,2,2
expr-151,,2,0,2,2
expr-152,,2,0,2,2
expr-153,,2,0,2,2
expr-155,,2,0,2,2
expr-156,,2,0,2,2
expr-157,,2,0,2,2
expr-158,,2,0,2,2
expr-159,,2,0,2,2
expr-16,,2,0,2,2
expr-160,,2,0,2,2
expr-161,,2,0,2,2
expr-162,,2,0,2,2
expr-163,,2,0,2,2
expr-164,,2,0,2,2
expr-165,,2,0,2,2
expr-166,,2,0,2,2
expr-167,,2,0,2,2
expr-168,,2,0,2,2
expr-169,,2,0,2,2
expr-17,,2,0,2,2
expr-170,,2,0,2,2
expr-171,,2,0,2,2
expr-172,,2,0,2,2
expr-173,,2,0,2,2
expr-174,,2,0,2,2
expr-175,,2,0,2,2
expr-178,,2,0,2,2
expr-179,,2,0,2,2
expr-18,,2,0,2,2
expr-180,,2,0,2,2
expr-181,,2,0,2,2
expr-182,,2,0,2,2
expr-183,,2,0,2,2
expr-184,,2,0,2,2
expr-185,,2,0,2,2
expr-186,,2,0,2,2
expr-187,,2,0,2,2
expr-188,,2,0,2,2
expr-189,,2,0,2,2
expr-19,,2,0,2,2
expr-190,,2,0,2,2
expr-191,,2,0,2,2
expr-192,,2,0,2,2
expr-193,,2,0,2,2
expr-194,,2,0,2,2
expr-195,,2,0,2,2
expr-196,,2,0,2,2
expr-198,,2,0,2,2
expr-199,,2,0,2,2
expr-2,,2,0,2,2
expr-20,,2,0,2,2
expr-200,,2,0,2,2
expr-201,,2,0,2,2
expr-202,,2,0,2,2
expr-203,,2,0,2,2
expr-204,,2,0,2,2
expr-205,,2,0,2,2
expr-206,,2,0,2,2
expr-207,,2,0,2,2
expr-208,,2,0,2,2
expr-209,,2,0,2,2
expr-21,,2,0,2,2
expr-210,,2,0,2,2
expr-211,,2,0,2,2
expr-212,,2,0,2,2
expr-213,,2,0,2,2
expr-214,,2,0,2,2
expr-215,,2,0,2,2
expr-216,,2,0,2,2
expr-217,,2,0,2,2
expr-218,,2,0,2,2
expr-219,,2,0,2,2
expr-22,,2,0,2,2
expr-220,,2,0,2,2
expr-221,,2,0,2,2
expr-222,,2,0,2,2
expr-223,,2,0,2,2
expr-224,,2,0,2,2
expr-225,,2,0,2,2
expr-226,,2,0,2,2
expr-227,,2,0,2,2
expr-228,,2,0,2,2
expr-229,,2,0,2,2
expr-23,,2,0,2,2
expr-230,,2,0,2,2
expr-231,,2,0,2,2
expr-232,,2,0,2,2
expr-233,,2,0,2,2
expr-234,,2,0,2,2
expr-235,,2,0,2,2
expr-236,,2,0,2,2
expr-237,,2,0,2,2
expr-238,,2,0,2,2
expr-239,,2,0,2,2
expr-24,,2,0,2,2
expr-240,,2,0,2,2
expr-241,,2,0,2,2
expr-242,,2,0,2,2
expr-243,,2,0,2,2
expr-244,,2,0,2,2
expr-245,,2,0,2,2
expr-246,,2,0,2,2
expr-247,,2,0,2,2
expr-248,,2,0,2,2
expr-249,,2,0,2,2
expr-25,,2,0,2,2
expr-250,,2,0,2,2
expr-251,,2,0,2,2
expr-252,,2,0,2,2
expr-253,,2,0,2,2
expr-254,,2,0,2,2
expr-255,,2,0,2,2
expr-256,,2,0,2,2
expr-257,,2,0,2,2
expr-258,,2,0,2,2
expr-259,,2,0,2,2
expr-26,,2,0,2,2
expr-260,,2,0,2,2
expr-261,,2,0,2,2
expr-262,,2,0,2,2
expr-263,,2,0,2,2
expr-264,,2,0,2,2
expr-265,,2,0,2,2
expr-266,,2,0,2,2
expr-267,,2,0,2,2
expr-268,,2,0,2,2
expr-269,,2,0,2,2
expr-27,,2,0,2,2
expr-270,,2,0,2,2
expr-271,,2,0,2,2
expr-272,,2,0,2,2
expr-273,,2,0,2,2
expr-274,,2,0,2,2
expr-275,,2,0,2,2
expr-276,,2,0,2,2
expr-277,,2,0,2,2
expr-278,,2,0,2,2
expr-279,,2,0,2,2
expr-28,,2,0,2,2
expr-280,,2,0,2,2
expr-281,,2,0,2,2
expr-282,,2,0,2,2
expr-283,,2,0,2,2
expr-284,,2,0,2,2
expr-285,,2,0,2,2
expr-286,,2,0,2,2
expr-287,,2,0,2,2
expr-288,,2,0,2,2
expr-289,,2,0,2,2
expr-29,,2,0,2,2
expr-290,,2,0,2,2
expr-291,,2,0,2,2
expr-292,,2,0,2,2
expr-293,,2,0,2,2
expr-294,,2,0,2,2
expr-295,,2,0,2,2
expr-296,,2,0,2,2
expr-297,,2,0,2,2
expr-298,,2,0,2,2
expr-299,,2,0,2,2
expr-3,,2,0,2,2
expr-30,,2,0,2,2
expr-300,,2,0,2,2
expr-301,,2,0,2,2
expr-302,,2,0,2,2
expr-303,,2,0,2,2
expr-304,,2,0,2,2
expr-305,,2,0,2,2
expr-306,,2,0,2,2
expr-307,,2,0,2,2
expr-308,,2,0,2,2
expr-309,,2,0,2,2
expr-31,,2,0,2,2
expr-310,,2,0,2,2
expr-311,,2,0,2,2
expr-312,,2,0,2,2
expr-313,,2,0,2,2
expr-314,,2,0,2,2
expr-315,,2,0,2,2
expr-316,,2,0,2,2
expr-317,,2,0,2,2
expr-318,,2,0,2,2
expr-319,,2,0,2,2
expr-32,,2,0,2,2
expr-320,,2,0,2,2
expr-321,,2,0,2,2
expr-322,,2,0,2,2
expr-323,,2,0,2,2
expr-324,,2,0,2,2
expr-325,,2,0,2,2
expr-326,,2,0,2,2
expr-327,,2,0,2,2
expr-328,,2,0,2,2
expr-329,,2,0,2,2
expr-33,,2,0,2,2
expr-330,,2,0,2,2
expr-331,,2,0,2,2
expr-332,,2,0,2,2
expr-333,,2,0,2,2
expr-334,,2,0,2,2
expr-335,,2,0,2,2
expr-336,,2,0,2,2
expr-337,,2,0,2,2
expr-338,,2,0,2,2
expr-339,,2,0,2,2
expr-34,,2,0,2,2
expr-340,,2,0,2,2
expr-341,,2,0,2,2
expr-342,,2,0,2,2
expr-343,,2,0,2,2
expr-344,,2,0,2,2
expr-345,,2,0,2,2
expr-346,,2,0,2,2
expr-347,,2,0,2,2
expr-348,,2,0,2,2
expr-349,,2,0,2,2
expr-35,,2,0,2,2
expr-350,,2,0,2,2
expr-351,,2,0,2,2
expr-352,,2,0,2,2
expr-353,,2,0,2,2
expr-354,,2,0,2,2
expr-355,,2,0,2,2
expr-356,,2,0,2,2
expr-357,,2,0,2,2
expr-358,,2,0,2,2
expr-359,,2,0,2,2
expr-36,,2,0,2,2
expr-360,,2,0,2,2
expr-361,,2,0,2,2
expr-362,,2,0,2,2
expr-363,,2,0,2,2
expr-364,,2,0,2,2
expr-365,,2,0,2,2
expr-366,,2,0,2,2
expr-367,,2,0,2,2
expr-368,,2,0,2,2
expr-369,,2,0,2,2
expr-37,,2,0,2,2
expr-370,,2,0,2,2
expr-371,,2,0,2,2
expr-372,,2,0,2,2
expr-373,,2,0,2,2
expr-374,,2,0,2,2
expr-375,,2,0,2,2
expr-376,,2,0,2,2
expr-377,,2,0,2,2
expr-378,,2,0,2,2
expr-379,,2,0,2,2
expr-38,,2,0,2,2
expr-380,,2,0,2,2
expr-381,,2,0,2,2
expr-382,,2,0,2,2
expr-383,,2,0,2,2
expr-384,,2,0,2,2
expr-385,,2,0,2,2
expr-386,,2,0,2,2
expr-387,,2,0,2,2
expr-388,,2,0,2,2
expr-389,,2,0,2,2
expr-39,,2,0,2,2
expr-390,,2,0,2,2
expr-391,,2,0,2,2
expr-392,,2,0,2,2
expr-393,,2,0,2,2
expr-394,,2,0,2,2
expr-395,,2,0,2,2
expr-396,,2,0,2,2
expr-397,,2,0,2,2
expr-398,,2,0,2,2
expr-399,,2,0,2,2
expr-4,,2,0,2,2
expr-40,,2,0,2,2
expr-400,,2,0,2,2
expr-401,,2,0,2,2
expr-402,,2,0,2,2
expr-403,,2,0,2,2
expr-404,,2,0,2,2
expr-405,,2,0,2,2
expr-406,,2,0,2,2
expr-407,,2,0,2,2
expr-408,,2,0,2,2
expr-409,,2,0,2,2
expr-41,,2,0,2,2
expr-410,,2,0,2,2
expr-411,,2,0,2,2
expr-412,,2,0,4,2
expr-413,,2,0,4,2
expr-414,,2,0,2,2
expr-415,,2,0,2,2
expr-416,,2,0,2,2
expr-417,,2,0,2,2
expr-418,,2,0,2,2
expr-419,,2,0,2,2
expr-42,,2,0,2,2
expr-420,,2,0,2,2
expr-421,,2,0,2,2
expr-422,,2,0,2,2
expr-423,,2,0,2,2
expr-424,,2,0,2,2
expr-425,,2,0,2,2
expr-426,,2,0,2,2
expr-427,,2,0,2,2
expr-428,,2,0,2,2
expr-429,,2,0,2,2
expr-43,,2,0,2,2
expr-430,,2,0,2,2
expr-431,,2,0,2,2
expr-432,,2,0,2,2
expr-433,,2,0,2,2
expr-434,,2,0,2,2
expr-435,,2,0,2,2
expr-436,,2,0,2,2
expr-437,,2,0,2,2
expr-438,,2,0,2,2
expr-439,,2,0,2,2
expr-44,,2,0,2,2
expr-440,,2,0,2,2
expr-441,,2,0,2,2
expr-442,,2,0,2,2
expr-443,,2,0,2,2
expr-444,,2,0,2,2
expr-445,,2,0,2,2
expr-446,,2,0,2,2
expr-447,,2,0,2,2
expr-448,,2,0,2,2
expr-449,,2,0,2,2
expr-45,,2,0,2,2
expr-450,,2,0,2,2
expr-451,,2,0,2,2
expr-452,,2,0,2,2
expr-453,,2,0,2,2
expr-454,,2,0,2,2
expr-455,,2,0,2,2
expr-456,,2,0,2,2
expr-457,,2,0,2,2
expr-458,,2,0,2,2
expr-459,,2,0,2,2
expr-46,,2,0,2,2
expr-460,,2,0,2,2
expr-461,,2,0,2,2
expr-462,,2,0,2,2
expr-463,,2,0,2,2
expr-464,,2,0,2,2
expr-465,,2,0,2,2
expr-466,,2,0,2,2
expr-467,,2,0,2,2
expr-468,,2,0,2,2
expr-469,,2,0,2,2
expr-47,,2,0,2,2
expr-470,,2,0,2,2
expr-471,,2,0,2,2
expr-472,,2,0,2,2
expr-473,,2,0,2,2
expr-474,,2,0,2,2
expr-475,,2,0,2,2
expr-476,,2,0,2,2
expr-477,,2,0,2,2
expr-478,,2,0,2,2
expr-479,,2,0,2,2
expr-48,,2,0,2,2
expr-480,,2,0,2,2
expr-481,,2,0,2,2
expr-482,,2,0,2,2
expr-483,,2,0,2,2
expr-484,,2,0,2,2
expr-485,,2,0,2,2
expr-486,,2,0,2,2
expr-487,,2,0,2,2
expr-488,,2,0,2,2
expr-489,,2,0,2,2
expr-49,,2,0,2,2
expr-490,,2,0,2,2
expr-491,,2,0,2,2
expr-492,,2,0,2,2
expr-493,,2,0,2,2
expr-494,,2,0,2,2
expr-495,,2,0,2,2
expr-496,,2,0,2,2
expr-497,,2,0,2,2
expr-498,,2,0,2,2
expr-499,,2,0,2,2
expr-5,,2,0,2,2
expr-50,,2,0,2,2
expr-500,,2,0,2,2
expr-501,,2,0,2,2
expr-502,,2,0,2,2
expr-503,,2,0,2,2
expr-504,,2,0,2,2
expr-505,,2,0,2,2
expr-506,,2,0,2,2
expr-507,,2,0,2,2
expr-508,,2,0,2,2
expr-509,,2,0,2,2
expr-51,,2,0,2,2
expr-510,,2,0,2,2
expr-511,,2,0,2,2
expr-512,,2,0,2,2
expr-513,,2,0,2,2
expr-514,,2,0,2,2
expr-515,,2,0,2,2
expr-516,,2,0,2,2
expr-517,,2,0,2,2
expr-518,,2,0,2,2
expr-519,,2,0,2,2
expr-52,,2,0,2,2
expr-520,,2,0,2,2
expr-521,,2,0,2,2
expr-522,,2,0,2,2
expr-523,,2,0,2,2
expr-524,,2,0,2,2
expr-525,,2,0,2,2
expr-526,,2,0,2,2
expr-527,,2,0,2,2
expr-528,,2,0,2,2
expr-529,,2,0,2,2
expr-53,,2,0,2,2
expr-530,,2,0,2,2
expr-531,,2,0,2,2
expr-532,,2,0,2,2
expr-533,,2,0,2,2
expr-534,,2,0,2,2
expr-535,,2,0,2,2
expr-536,,2,0,2,2
expr-537,,2,0,2,2
expr-538,,2,0,2,2
expr-539,,2,0,2,2
expr-54,,2,0,2,2
expr-540,,2,0,2,2
expr-541,,2,0,2,2
expr-542,,2,0,2,2
expr-543,,2,0,2,2
expr-544,,2,0,2,2
expr-545,,2,0,2,2
expr-546,,2,0,2,2
expr-547,,2,0,2,2
expr-548,,2,0,2,2
expr-549,,2,0,2,2
expr-55,,2,0,2,2
expr-550,,2,0,2,2
expr-551,,2,0,2,2
expr-552,,2,0,2,2
expr-553,,2,0,2,2
expr-554,,2,0,2,2
expr-555,,2,0,2,2
expr-556,,2,0,2,2
expr-557,,2,0,2,2
expr-558,,2,0,2,2
expr-559,,2,0,2,2
expr-56,,2,0,2,2
expr-560,,2,0,2,2
expr-561,,2,0,2,2
expr-562,,2,0,2,2
expr-563,,2,0,2,2
expr-564,,2,0,2,2
expr-565,,2,0,2,2
expr-566,,2,0,2,2
expr-567,,2,0,2,2
expr-568,,2,0,2,2
expr-569,,2,0,2,2
expr-57,,2,0,2,2
expr-570,,2,0,2,2
expr-571,,2,0,2,2
expr-572,,2,0,2,2
expr-573,,2,0,2,2
expr-574,,2,0,2,2
expr-575,,2,0,2,2
expr-576,,2,0,2,2
expr-577,,2,0,2,2
expr-578,,2,0,2,2
expr-579,,2,0,2,2
expr-58,,2,0,2,2
expr-580,,2,0,2,2
expr-581,,2,0,2,2
expr-582,,2,0,2,2
expr-583,,2,0,2,2
expr-584,,2,0,2,2
expr-585,,2,0,2,2
expr-586,,2,0,2,2
expr-587,,2,0,2,2
expr-588,,2,0,2,2
expr-589,,2,0,2,2
expr-59,,2,0,2,2
expr-590,,2,0,2,2
expr-591,,2,0,2,2
expr-592,,2,0,2,2
expr-593,,2,0,2,2
expr-594,,2,0,2,2
expr-595,,2,0,2,2
expr-596,,2,0,2,2
expr-597,,2,0,2,2
expr-598,,2,0,2,2
expr-599,,2,0,2,2
expr-6,,2,0,2,2
expr-60,,2,0,2,2
expr-600,,2,0,2,2
expr-601,,2,0,2,2
expr-602,,2,0,2,2
expr-603,,2,0,2,2
expr-604,,2,0,2,2
expr-605,,2,0,2,2
expr-606,,2,0,2,2
expr-607,,2,0,2,2
expr-608,,2,0,2,2
expr-609,,2,0,2,2
expr-61,,2,0,2,2
expr-610,,2,0,2,2
expr-611,,2,0,2,2
expr-612,,2,0,2,2
expr-613,,2,0,2,2
expr-614,,2,0,2,2
expr-615,,2,0,2,2
expr-616,,2,0,2,2
expr-617,,2,0,2,2
expr-618,,2,0,2,2
expr-619,,2,0,2,2
expr-62,,2,0,2,2
expr-620,,2,0,2,2
expr-621,,2,0,2,2
expr-622,,2,0,2,2
expr-623,,2,0,2,2
expr-624,,2,0,2,2
expr-625,,2,0,2,2
expr-626,,2,0,2,2
expr-627,,2,0,2,2
expr-628,,2,0,2,2
expr-629,,2,0,2,2
expr-63,,2,0,2,2
expr-630,,2,0,2,2
expr-631,,2,0,2,2
expr-632,,2,0,2,2
expr-633,,2,0,2,2
expr-634,,2,0,2,2
expr-635,,2,0,2,2
expr-636,,2,0,2,2
expr-637,,2,0,2,2
expr-638,,2,0,2,2
expr-639,,2,0,2,2
expr-64,,2,0,2,2
expr-640,,2,0,2,2
expr-641,,2,0,2,2
expr-642,,2,0,2,2
expr-643,,2,0,2,2
expr-644,,2,0,2,2
expr-645,,2,0,2,2
expr-646,,2,0,2,2
expr-647,,2,0,2,2
expr-648,,2,0,2,2
expr-649,,2,0,2,2
expr-65,,2,0,2,2
expr-650,,2,0,2,2
expr-651,,2,0,2,2
expr-652,,2,0,2,2
expr-653,,2,0,2,2
expr-654,,2,0,2,2
expr-655,,2,0,2,2
expr-656,,2,0,2,2
expr-66,,2,0,2,2
expr-67,,2,0,2,2
expr-68,,2,0,2,2
expr-69,,2,0,2,2
expr-7,,2,0,2,2
expr-70,,2,0,2,2
expr-71,,2,0,2,2
expr-72,,2,0,2,2
expr-73,,2,0,2,2
expr-74,,2,0,2,2
expr-75,,2,0,2,2
expr-76,,2,0,2,2
expr-77,,2,0,2,2
expr-78,,2,0,2,2
expr-79,,2,0,2,2
expr-8,,2,0,2,2
expr-80,,2,0,2,2
expr-81,,2,0,2,2
expr-82,,2,0,2,2
expr-83,,2,0,2,2
expr-84,,2,0,2,2
expr-85,,2,0,2,2
expr-86,,2,0,2,2
expr-87,,2,0,2,2
expr-88,,2,0,2,2
expr-89,,2,0,2,2
expr-9,,2,0,2,2
expr-90,,2,0,2,2
expr-91,,2,0,2,2
expr-92,,2,0,2,2
expr-93,,2,0,2,2
expr-94,,2,0,2,2
expr-95,,2,0,2,2
expr-96,,2,0,2,2
expr-97,,2,0,2,2
expr-98,,2,0,2,2
external_libraries_install,,2,0,9,1
extras,,2,0,4,1
f,,2,0,2,1
f2fs-tools,,2,0,4,1
facile,,2,2,0,1
fallback_test,,2,0,5,1
fancontrol,,2,0,25,1
farigiraf,,2,0,44,1
fatrace-btrfs,,2,0,98,1
fatrace-comm,,2,0,58,1
fatrace-comm-json,,2,0,84,1
fatrace-currentmount,,2,0,81,1
fatrace-currentmount-json,,2,0,132,1
fatrace-exe,,2,0,168,1
fatrace-json,,2,0,312,1
fatrace-parents,,2,0,100,1
fatrace-user-json,,2,0,98,1
fbterm,,2,0,34,1
feature,,2,0,133,1
fedora,,2,0,22,1
fedora-root-smart-http-test-setup,,2,0,96,1
fiasco,,2,0,82,1
fidough,,2,0,22,1
filelist1,,2,0,5,1
filelist2,,2,0,5,1
fileop,,2,2,0,1
files_list,,2,0,4,1
filter-args-test,,2,0,4,1
fin,,2,0,4,1
find_wl_compositor,,2,0,37,1
findoid,,2,0,5,1
finizen,,2,0,18,1
firefox-flatpak,,2,0,21,1
firefox-flatpak-cache,,2,0,22,1
firefoxrc,,2,0,28,1
fixkrf,,2,0,4,1
fixme,,2,0,3,2
flags,,2,0,6,2
flamigo,,2,0,40,1
flathub,,2,0,4,1
flim-cfg,,2,0,6,1
flittle,,2,0,18,1
floragato,,2,0,34,1
flow-log2rrd,,2,0,3,1
flow-rpt2rrd,,2,0,21,1
flow-rptfmt,,2,0,19,1
flutter-mane,,2,0,28,1
fmawk-ueberzug,,2,0,19,1
fmtlib,,2,0,4,1
fn,,2,0,10,1
fontforge-files,,2,0,2,1
fontmenunamedb,,2,0,578,2
fonts,,2,0,2,2
formats,,2,0,7,2
fr,,2,0,2610,1
fr1,,2,2,0,1
fr2,,2,2,0,1
fr3,,2,2,0,1
fr4,,2,2,0,1
fr5,,2,2,0,1
fr6,,2,2,0,1
fr7,,2,2,0,1
freetype,,2,0,49,1
freshmeat,,2,0,14,2
frigibax,,2,0,22,1
from,,2,0,13,1
froxlor-auth,,2,0,18,1
fs-type,,2,0,2,1
fuecoco,,2,0,26,1
fun,,2,0,25,1
funcsetting,,2,0,4,1
funding-manifest-urls,,2,0,3,1
funtexts,,2,0,4,1
fyi,,2,0,23,1
gamemodelist,,2,0,4,1
ganeti_api_version,,2,0,3,2
gapscript,,2,0,18,1
garganacl,,2,0,42,1
gb18030,,2,0,0,2
gem_checksums,,2,0,43,2
gemfile-5-0-stable,,2,0,10,1
gemfile-legacy,,2,0,4,1
gemfile-rails-5-0,,2,0,16,1
gemfile-rails-5-1,,2,0,16,1
gemfile-rails-edge,,2,0,16,1
gemfile-sass-3-3,,2,0,11,1
gemfile-sass-3-4,,2,0,11,1
gen-pycodestyle-plugin,,2,0,12,1
gen-sdk,,2,0,35,1
gen_readme_dist,,2,0,40,1
generate-and-push-docs,,2,0,6,1
generate-css-decl,,2,0,43,1
generate-metadata,,2,0,40,1
generate-tls,,2,0,6,1
generate_gmail_token,,2,0,202,1
genesis,,2,0,0,1
genkrf,,2,0,4,1
genprofile,,2,0,46,1
gently,,2,0,5,1
gentoo-elections,,2,0,3,1
georgian-academy,,2,0,0,2
georgian-ps,,2,0,0,2
get-pup,,2,0,56,1
get_translations,,2,0,32,1
getapk,,2,0,26,1
getconfig,,2,0,2796,1
getdnskeys,,2,0,8,1
getds,,2,0,4,1
getmask,,2,0,37,1
getresources,,2,0,14,1
getstatus,,2,0,15,1
gholdengo,,2,0,40,1
gimmighoul,,2,0,22,1
git-extras,,2,0,4,1
git-flow,,2,0,4,1
git-summary,,2,0,21,1
git-version,,2,0,35,2
gitflow-shflags,,2,0,6,1
gitolite-shell,,2,0,14,1
gjs,,2,0,120,1
glew-license,,2,0,146,1
glib,,2,0,79,1
glimmet,,2,0,16,1
glimmora,,2,0,26,1
global_values_profile,,2,0,6,1
global_values_profile_expected,,2,0,10,1
gnupg_read,,2,0,84,1
gnupg_write,,2,0,90,1
go-version,,2,0,4,1
gold-exit-process-sub,,2,0,2,1
gost_19768-74,,2,0,0,2
gpl-header,,2,0,32,1
gpl_license,,2,0,1350,1
gr1,,2,2,0,1
gr2,,2,2,0,1
grafaiai,,2,0,32,1
grandvizier,,2,0,4,1
graphicswindow,,2,0,6,1
graphite,,2,1,11,2
great-tusk,,2,0,32,1
greavard,,2,0,24,1
greek-ccitt,,2,0,0,2
greek7,,2,0,0,2
greek7-old,,2,0,0,2
groudon-primal,,2,0,26,1
gts,,2,0,169,1
guix-build,,2,0,8,1
gv-install,,2,0,65,1
hardlink,,2,0,94,1
harfbuzz,,2,0,15,2
harness_f32_all,,2,0,33,1
hasgot,,2,0,5,1
hash-object__text_nocache_100kb,,2,0,9,1
hash-object__text_nocache_10mb,,2,0,9,1
hash-object__text_nocache_1kb,,2,0,9,1
hash-object__write_text_nocache_100kb,,2,0,8,1
hash-object__write_text_nocache_10mb,,2,0,6,1
hash-object__write_text_nocache_1kb,,2,0,6,1
hb1,,2,2,0,1
hb2,,2,2,0,1
headergen,,2,0,2,1
heap,,2,0,194,1
help-en,,2,0,144,1
help-ja,,2,0,133,1
help2man,,2,0,530,1
hiredis,,2,0,4,1
hn1,,2,2,0,1
hn1roman,,2,0,45,1
hoopa-unbound,,2,0,30,1
host_run,,2,0,36,1
houndstone,,2,0,30,1
how-to-release,,2,0,4,1
hp-greek8,,2,0,0,2
hp-roman8,,2,0,0,2
hp-roman9,,2,0,0,2
hp-thai8,,2,0,0,2
hp-turkish8,,2,0,0,2
hping2-is-open,,2,0,29,1
htaccess,,2,0,21,1
htmldiff,,2,0,43,2
http,,2,0,1,2
http-dict-missing-symbols,,2,2,0,2
hu1,,2,2,0,1
huffman-compressed-larger,,2,2,0,2
hugo,,2,0,1,1
i18n,,2,0,4,1
i3,,2,0,11,1
i3lock_version,,2,0,4,1
i7z_32bit,,2,2,0,1
i7z_64bit,,2,2,0,1
ibm037,,2,0,0,2
ibm038,,2,0,0,2
ibm1004,,2,0,0,2
ibm1026,,2,0,0,2
ibm1047,,2,0,0,2
ibm1162,,2,0,0,1
ibm256,,2,0,0,2
ibm273,,2,0,0,2
ibm274,,2,0,0,2
ibm275,,2,0,0,2
ibm277,,2,0,0,2
ibm278,,2,0,0,2
ibm280,,2,0,0,2
ibm281,,2,0,0,2
ibm284,,2,0,0,2
ibm285,,2,0,0,2
ibm290,,2,0,0,2
ibm297,,2,0,0,2
ibm420,,2,0,0,2
ibm423,,2,0,0,2
ibm424,,2,0,0,2
ibm437,,2,0,0,2
ibm500,,2,0,0,2
ibm850,,2,0,0,2
ibm851,,2,0,0,2
ibm852,,2,0,0,2
ibm855,,2,0,0,2
ibm857,,2,0,0,2
ibm860,,2,0,0,2
ibm861,,2,0,0,2
ibm862,,2,0,0,2
ibm863,,2,0,0,2
ibm864,,2,0,0,2
ibm865,,2,0,0,2
ibm866,,2,0,0,2
ibm868,,2,0,0,2
ibm869,,2,0,0,2
ibm870,,2,0,0,2
ibm871,,2,0,0,2
ibm874,,2,0,0,2
ibm875,,2,0,0,2
ibm880,,2,0,0,2
ibm891,,2,0,0,2
ibm903,,2,0,0,2
ibm904,,2,0,0,2
ibm905,,2,0,0,2
ibm918,,2,0,0,2
ibm932,,2,0,1076,1
ibm943,,2,0,1130,1
ibus-fbterm-launch,,2,0,27,1
ic1,,2,2,0,1
id1,,2,2,0,1
identify_license,,2,2,0,1
iec_p27-1,,2,0,0,2
ife,,2,0,10,1
image-info,,2,0,4,1
imap_encode_imaputf7_decode,,2,0,54,1
imap_encode_imaputf7_encode,,2,0,60,1
imap_utf7_tests_encode_imaputf7,,2,0,48,1
imapsync_csv_wrapper,,2,0,925,1
implementors,,2,0,10,1
in1,,2,2,0,1
in2,,2,2,0,1
include_ml,,2,0,24,1
incomplete_section_profile,,2,0,2,1
incremental_delivery,,2,0,3,1
ind_starbase,,2,0,8,1
index_html,,2,0,46,1
inferno,,2,0,769,1
inis,,2,0,0,2
inis-8,,2,0,0,2
inis-cyrillic,,2,0,0,2
init,,2,0,13,2
initial,,2,0,2,1
input10,,2,0,4,1
input11,,2,0,4,1
input5,,2,0,4,1
input6,,2,0,4,1
install-cmake,,2,0,70,1
install-dkms,,2,0,4,2
install-sound,,2,0,4,2
install-video,,2,0,4,2
install_linux,,2,0,4,1
install_windows,,2,0,158,1
installed-deps-atom,,2,0,50,1
installed-match-atom,,2,0,41,1
installed-tests,,2,0,2,1
installlib,,2,0,92,1
instant,,2,0,31,1
instructions,,2,0,13,1
interrupt,,2,0,4,1
intro,,2,0,2,2
invalid_keys,,2,0,4,1
invariant,,2,0,0,2
ipc,,2,0,6,1
iptables-down,,2,0,147,1
iptables-up,,2,0,116,1
ir1,,2,2,0,1
irb,,2,0,43,2
ircd,,2,0,7,1
iron-bundle,,2,0,36,1
iron-hands,,2,0,36,1
iron-jugulis,,2,0,34,1
iron-leaves,,2,0,38,1
iron-moth,,2,0,38,1
iron-thorns,,2,0,42,1
iron-treads,,2,0,30,1
iron-valiant,,2,0,44,1
irqtop,,2,0,6,1
isa-l,,2,0,4,1
iso-8859-11,,2,0,0,2
iso-8859-13,,2,0,0,2
iso-8859-16,,2,0,0,2
iso-8859-9e,,2,0,0,2
iso-ir-197,,2,0,0,2
iso-ir-209,,2,0,0,2
iso-ir-90,,2,0,0,2
iso_10367-box,,2,0,0,2
iso_10646,,2,0,0,2
iso_2033-1983,,2,0,0,2
iso_5427,,2,0,0,2
iso_5427-ext,,2,0,0,2
iso_5428,,2,0,0,2
iso_6937,,2,0,0,2
iso_6937-2-25,,2,0,0,2
iso_6937-2-add,,2,0,0,2
iso_8859-supp,,2,0,0,2
issue_2253,,2,0,4,1
issue_2253_expected,,2,0,10,1
issue_2281,,2,0,14,1
issue_2281_expected,,2,0,20,1
issue_2800,,2,0,24,1
issue_2800_expected,,2,0,28,1
it1,,2,2,0,1
it2,,2,2,0,1
it3,,2,2,0,1
it4,,2,2,0,1
iter,,2,0,11,1
ixquick,,2,0,21,1
j4-dmenu-desktop,,2,0,694,1
jarinto,,2,0,154,1
jhindexer,,2,0,63,1
jhsearch,,2,0,61,1
jis_c6220-1969-jp,,2,0,0,2
jis_c6229-1984-a,,2,0,0,2
jis_c6229-1984-b-add,,2,0,0,2
jis_c6229-1984-hand,,2,0,0,2
jis_c6229-1984-hand-add,,2,0,0,2
jis_c6229-1984-kana,,2,0,0,2
jis_x0201,,2,0,0,2
jmaps,,2,0,111,2
johab,,2,0,0,2
jose-jwk-gen,,2,0,7,1
jp-compliance,,2,0,310,1
jp1,,2,2,0,1
jp2,,2,2,0,1
jp3,,2,2,0,1
jsonlint,,2,0,8,1
jthread,,2,0,2,1
kbdd,,2,2,0,1
kconfig,"Code(""Build"")",2,0,3,2
kettle-changelog,,2,0,32,2
kettle-commit-msg,,2,0,32,2
kettle-dev-setup,,2,0,32,2
kettle-pre-release,,2,0,32,2
keyarch,,2,0,4,1
keybinds,,2,0,35,1
keymod,,2,0,4,1
kilowattrel,,2,0,32,1
kingambit,,2,0,44,1
klawf,,2,0,26,1
koi8-ru,,2,0,0,2
koi8-t,,2,0,0,2
koi8-u,,2,0,0,2
koraidon,,2,0,44,1
kramdown,,2,0,43,2
krank,,2,0,8,1
krfcheck,,2,0,4,1
kyogre-primal,,2,0,24,1
kyuafile,,2,0,3,1
la1,,2,2,0,1
laf,,2,0,4,1
lambda,,2,0,9,1
landorus-therian,,2,0,44,1
large-literal-and-match-lengths,,2,2,0,2
latexmkrc,,2,0,8,1
latin-greek,,2,0,0,2
latin-greek-1,,2,0,0,2
ldiff,,2,0,43,2
lechonk,,2,0,18,1
legacypba,,2,0,3,1
lemma,,2,0,19,1
let,,2,0,20,1
lfe,,2,0,102,1
libbase,,2,0,4,1
libconv++,,2,0,3,1
libdpa_elf,,2,2,0,1
libgit2,,2,0,4,1
libjpeg-turbo,,2,0,3,1
libmpeg2,,2,0,62,1
libnkutils,,2,0,3,2
libprov,,2,0,4,1
libressl,,2,0,2,1
libsamplerate,,2,0,39,1
libshared,,2,0,4,2
libssh2,,2,0,4,1
libsupport,,2,0,4,1
libufdt,,2,0,4,1
libusb,,2,0,3,1
libziparchive,,2,0,4,1
license_genjyuugothic,"Documentation(""Legal"")",2,0,177,1
license_genjyuugothic_genshingothic,"Documentation(""Legal"")",2,0,177,1
lights,,2,0,4,1
lightsource,,2,0,30,1
limits,,2,0,34,1
linda-override,,2,0,4,1
linguas~,,2,0,12,1
linkdir,,2,0,2,1
lintian-override,,2,0,1,1
linux-686-1,,2,0,0,1
linux-alpha-1,,2,0,0,1
linux-armel-1,,2,0,0,1
linux-ia64-1,,2,0,0,1
linux-mips-1,,2,0,0,1
linux-ppc-1,,2,0,0,1
linux-ppc-2,,2,0,0,1
linux-sparc-1,,2,0,0,1
linuxforum,,2,0,3910,1
list-devices,,2,0,13,1
list-version-hashes,,2,0,26,1
lodepng,,2,0,2,1
log,,2,0,1774,1
logging,,2,0,4,1
loginfo,,2,0,46,2
logrus,,2,0,2,1
lokix,,2,0,42,1
lsblk-2-efi-partitions,,2,0,6,1
lsdnssec,,2,0,4,1
lsds,,2,0,635,1
lskrf,,2,0,4,1
lsrealm,,2,0,4,1
lsroll,,2,0,4,1
lt1,,2,2,0,1
lt2,,2,2,0,1
luke,,2,0,44,1
lxlock,,2,0,5,1
lxqt-themes,,2,0,2,1
lz4,,2,0,4,1
ma1,,2,2,0,1
mabosstiff,,2,0,32,1
mac-centraleurope,,2,0,0,2
mac-cyrillic,,2,0,0,2
mac-is,,2,0,0,2
mac-sami,,2,0,0,2
mac-uk,,2,0,0,2
macintosh,,2,0,0,2
magpie,,2,0,4,1
mailstat,,2,0,10,1
make_dist,,2,0,3,1
make_linux,,2,0,20,1
makeconf,,2,0,3,1
makefile-std,,2,0,6,1
makefile-test,,2,0,22,1
makefile-win32,,2,0,4,1
makefile2,,2,0,342,1
makefile_con,,2,0,77,2
makeinstallbeagleboard,,2,0,4,1
maketestzone,,2,0,4,1
maketiming,,2,0,14,1
makezones,,2,0,4,1
manjaro-root-smart-http-test-setup,,2,0,115,1
manysleep,,2,0,4,1
map_data,,2,2,0,1
mapper,,2,0,4,1
mapping,,2,0,18,1
marco-compton,,2,0,68,1
maschiff,,2,0,22,1
match,,2,0,10,1
mate-tweak-helper,,2,0,21,1
maushold,,2,0,30,1
maxmind-db,,2,0,3,1
mbsync-temp,,2,0,26,1
meowscarada,,2,0,40,1
merge_config_template,,2,0,27,1
meta-cmake,,2,0,4,1
metainfo,,2,0,40,1
min-unpacked-rev,,2,0,2,1
mingw-release,,2,0,13,1
miraidon,,2,0,42,1
mk_gallery,,2,0,96,1
mkbootimg,,2,0,4,1
mkdir,,2,0,28,1
mkpictt,,2,0,27,1
mkreleaselog,,2,0,532,1
mn,,2,0,12,1
module,,2,0,27,1
moonlight-common-c,,2,0,4,2
more-fun-with-ipid,,2,0,64,1
mp3-noid3,,2,0,26,1
mp3cat,,2,2,0,1
mp3dirclean,,2,0,21,1
mp3log,,2,0,15,1
mp3log-conf,,2,0,92,1
mpd-mpris,,2,0,2,1
mpop-temp,,2,0,8,1
mptcp-get-debug,,2,0,131,1
msgpack-c,,2,0,2,1
muc,,2,0,30,1
munin-node-debug,,2,0,7,1
muse_framework,,2,0,4,1
mvn,,2,0,76,1
mvndebug,,2,0,76,1
mvnyjp,,2,0,74,1
mx1,,2,2,0,1
mx2,,2,2,0,1
nacli,,2,0,22,1
naclstack,,2,0,24,1
narrow,,2,0,8,1
native,,2,0,3,1
nats-dano,,2,0,0,2
nats-dano-add,,2,0,0,2
nats-sefi,,2,0,0,2
nats-sefi-add,,2,0,0,2
nbwmon,,2,2,0,1
nested_fields,,2,0,24,1
netmsg,,2,2,0,1
new_gtlds_list,,2,0,2,1
new_news,,2,0,2,1
newline,,2,0,2,1
nextstep,,2,0,0,2
nginx,,2,0,15,1
nist-sts-2-1-1-report,,2,0,534,1
nl1,,2,2,0,1
nl2,,2,2,0,1
nl3,,2,2,0,1
no_warning_array,,2,0,18,1
no_warning_functional,,2,0,18,1
no_warning_iostream,,2,0,22,1
no_warning_list,,2,0,18,1
no_warning_map,,2,0,18,1
no_warning_string,,2,0,18,1
no_warning_vector,,2,0,18,1
noadifnew,,2,0,32,1
nokogiri,,2,0,43,2
not-zip-safe,,2,0,2,1
notarize-dmg,,2,0,5,2
notary_version,,2,0,3,2
notifyv2,,2,0,35,1
novnc_proxy,,2,0,4,1
number_lhs_expr,,2,0,4,1
nut_volts,,2,0,4,1
nvidia_gpu_,,2,0,16,1
nymble,,2,0,20,1
nz1,,2,2,0,1
objs,,2,0,4,1
obs-dist,,2,0,25,2
obsidian-amber,,2,0,2,1
obsidian-amber-light,,2,0,2,1
obsidian-amber-semilight,,2,0,2,1
obsidian-silver-light,,2,0,2,1
obsidian-silver-semilight,,2,0,2,1
occludernode,,2,0,2,1
oinkologne,,2,0,30,1
oom-sort,,2,0,9,1
op_sep_in_values,,2,0,60,1
op_sep_in_values_expected,,2,0,64,1
openpresse,,2,0,1804,1
openrc,,2,0,13,1
opensea-common,,2,0,4,1
opensea-operations,,2,0,4,1
openssl,,2,0,48,2
openvr,,2,1,1,1
option,,2,0,2,1
options-menu_diff-create_udp_payload_dialog,,2,0,20,1
options-menu_diff-create_window1,,2,0,82,1
order-disable-test,,2,0,70,2
order-test,,2,0,72,2
orthworm,,2,0,36,1
otp_version,,2,0,4,1
otp_version_tickets,,2,0,43,1
out,"Data(""Expectation"")",2,0,3974,1
output_octal,,2,0,12,1
overmind,,2,0,16,1
package_app,,2,0,52,1
packethcli,,2,2,0,1
pairs,,2,0,1954,1
palafin,,2,0,18,1
panel,,2,0,7,1
parse-lib,,2,0,174,1
parse-libs,,2,0,90,1
particlesystem,,2,0,30,1
passmenu,,2,0,51,1
passook,,2,0,113,1
pawmi,,2,0,20,1
pawmo,,2,0,28,1
pawmot,,2,0,36,1
pcie-aspm,,2,0,44,1
perl,,2,0,30,1
peterc_rtolos,,2,2,0,1
ph_russian,,2,0,664,1
phonenumbermetadataproto_au,,2,2,0,1
phonenumbermetadataproto_cc,,2,2,0,1
phonenumbermetadataproto_cx,,2,2,0,1
phonenumbermetadataproto_lb,,2,2,0,1
phonenumbermetadataproto_sg,,2,2,0,1
phonenumbermetadataproto_sn,,2,2,0,1
phonenumbermetadataproto_sv,,2,2,0,1
phonenumbermetadataproto_ug,,2,2,0,1
phoronix-test-suite,,2,0,14,1
phpab,,2,0,6,1
phpdoc,,2,0,31,2
pic,,2,0,0,1
picotest,,2,0,2,1
pinentry-mock,,2,0,10,2
pipein_info,,2,0,4,1
pipesleeps,,2,0,18,1
pkgbuild-bin,,2,0,4,1
pkgbuild-slim,,2,0,3,1
pkgproto,,2,0,12,1
pl1,,2,2,0,1
plain,,2,0,181,1
plot-bamstats,,2,0,38,1
plugins,,2,0,14,1
pm3d2dat,,2,0,14,1
pnm_comment,,2,0,22,1
pnm_comments,,2,0,11,1
po2js,,2,0,8,1
podfile,"Code(""Build"")",2,0,13,2
portmidi,,2,0,1089,1
postfix,,2,0,7,1
postfix_mailstats,,2,0,213,1
postfix_mailvolume,,2,0,151,1
power-usage-report,,2,0,34,1
pprocm,,2,0,752,1
pr-3517-block-splitter-corruption-test,,2,0,1,2
prebuild,,2,0,65,2
precomp,,2,0,4,1
prefixroot,,2,0,103,1
preparerelease,,2,0,257,1
prerequisites_imapsync,,2,0,31,1
preset-0,,2,0,17,1
previous_license_head,,2,0,27,1
println,,2,0,2,2
prism,,2,0,4,1
prithreshpng,,2,0,121,1
profile,,2,0,3,2
profile-sync-daemon,,2,0,1622,1
profile_name,,2,0,4,1
profile_name_expected,,2,0,10,1
program,,2,0,15,1
prolinux,,2,0,12972,1
prosody_openmetrics,,2,0,367,1
protocol,,2,0,314,2
psd-overlay-helper,,2,0,15,1
psi2log,,2,0,581,1
psmt2-frontend_bin,,2,2,0,1
pt1,,2,2,0,1
pt154,,2,0,0,2
puck,,2,0,8,1
py-compile,,2,0,229,1
pycodestyle,,2,0,2,1
python-config-wrapper,,2,0,40,1
python2,,2,0,1,1
pythonwrap-test,,2,0,74,2
pyvimrc,,2,0,13,1
pyzord,,2,0,11,1
qemuafl,,2,0,4,1
qemuafl_version,,2,0,4,1
quaquaval,,2,0,40,1
quaxly,,2,0,26,1
quaxwell,,2,0,34,1
qucsator_rf,,2,0,4,1
rabsca,,2,0,44,1
racc,,2,0,43,2
random_seed,,2,2,0,2
range,,2,0,6,2
rbot-remote,,2,0,80,1
rbt_run_tb,,2,0,43,1
rbt_runplugin_template,,2,0,41,1
rcsinfo,,2,0,31,2
rdbg,,2,0,43,2
rdbu,,2,0,769,1
rdoc,,2,0,43,2
rdup-simple,,2,0,16,1
readme_authors,"Documentation(""General"")",2,0,10,1
readme_new,"Documentation(""General"")",2,0,28,1
readmejp,"Documentation(""General"")",2,0,358,1
realmchk,,2,0,4,1
realmctl,,2,0,4,1
realminit,,2,0,4,1
realmset,,2,0,4,1
rear,,2,0,96,1
rebuild-star-data,,2,0,15,1
rec-socat,,2,0,36,1
redis,,2,0,44,1
register,,2,0,25,1
registry,,2,0,6,2
release-howto,,2,0,3,1
release_checklist,,2,0,9,2
release_notes_3_2_1,,2,0,73,1
rellor,,2,0,22,1
reload_test,,2,0,4,1
remove,,2,0,41,2
renameall,,2,0,39,1
repl,,2,0,37,2
replace,,2,0,54,1
repo,,2,0,4,1
required,,2,0,18,2
result_--password-a samplepassword --password-b demopass,,2,0,6,1
result_--password-a samplepassword --password-b demopass --verbose,,2,0,5,1
retry_decorator,,2,0,2,1
return,,2,0,7,1
revavroom,,2,0,30,1
revdep-header,,2,0,41,1
ri,,2,0,43,2
riddler,,2,0,5,1
riverctl,,2,0,7,1
rk1048,,2,0,0,2
ro1,,2,2,0,1
roaring-moon,,2,0,42,1
rog-fan-curve,,2,0,4,1
rog-mux,,2,0,4,1
rog-profile,,2,0,4,1
rollchk,,2,0,4,1
rollctl,,2,0,4,1
rollerd,,2,0,4,1
rollinit,,2,0,4,1
rolllog,,2,0,4,1
rollrec-editor,,2,0,4,1
rollset,,2,0,4,1
rp-wrapper,,2,0,4,1
rtom_allsessions_mem,,2,0,60,1
rtom_allsessions_peers,,2,0,101,1
rtom_allsessions_spdd,,2,0,93,1
rtom_allsessions_vol,,2,0,65,1
rtom_mem,,2,0,25,1
rtom_peers,,2,0,49,1
rtom_spdd,,2,0,51,1
rtom_vol,,2,0,24,1
ru,,2,0,2596,1
ru_listx,,2,0,2053,1
ru_rules,,2,0,78,1
rubocop,,2,0,43,2
rubocop-gradual,,2,0,43,2
ruby,,2,0,112,1
ruby-parse,,2,0,43,2
ruby-rewrite,,2,0,43,2
run-dnf,,2,0,14,1
run_conformance_tests,,2,0,7,1
run_cucumber,,2,0,32,1
run_rspec,,2,0,25,1
run_rspec_one_by_one,,2,0,6,1
run_test_1,,2,0,13,1
run_test_3,,2,0,7,1
rungreptest,,2,0,1067,1
s2n,,2,0,4,1
s4cmd,,2,0,23,1
salty,,2,0,3,1
sami,,2,0,0,2
sami-ws2,,2,0,0,2
sandy-shocks,,2,0,40,1
save-push-signatures,,2,0,51,1
saxroundtrip_rtt,,2,0,7,1
saxstaxdiff_rtt,,2,0,7,1
scovillain,,2,0,36,1
scream-tail,,2,0,32,1
script,,2,0,30,1
sdl3,,2,0,65,1
sdl3_image,,2,0,99,1
sdl3_ttf,,2,0,68,1
search_mdns,,2,2,0,1
secbak,,2,0,974,1
secrestore,,2,0,184,1
sections_profile,,2,0,16,1
sections_profile_expected,,2,0,24,1
sedutil_baseline,,2,0,247,1
seedused,,2,0,2,1
self,,2,0,3,2
selinux,,2,0,4,1
semi-cfg,,2,0,11,1
servant,,2,0,4,1
setstoragedir,,2,0,32,1
setup_test_db,,2,0,73,1
sflowcapture,,2,0,80,1
sha256-dd1dd8dc6a329b7e1c2e43951302b23a047cb20fd3e10090e4ce7e8396035405,,2,0,3,1
shaymin-sky,,2,0,24,1
shell,,2,0,10,2
shift_jis,,2,0,0,2
shroodle,,2,0,18,1
sign-all,,2,0,8,1
sign-dmg,,2,0,5,2
signset-editor,,2,0,4,1
simple-client,,2,0,15,1
simple_profile,,2,0,10,1
simple_profile_expected,,2,0,16,1
singleapplication,,2,0,3,2
skeledirge,,2,0,30,1
skip,,2,0,3,2
sleeps,,2,0,8,1
slither-wing,,2,0,38,1
slow_client_test,,2,0,9,1
smbios-token-ctl,,2,0,10,1
smoliv,,2,0,22,1
snappy-go-license,,2,0,54,1
some_file,,2,0,19,1
sourcedeps,,2,0,7,1
sourceforge,,2,0,14,1
space_lhs,,2,0,4,1
space_lhs_expected,,2,0,10,1
sparsefile,,2,0,38,1
special,,2,0,25,1
spidops,,2,0,32,1
splitfield,,2,0,22,1
sprigatito,,2,0,24,1
spyrot,,2,0,9,1
spyrot_comment,,2,0,21,1
sqlite,,2,0,40,2
squawkabilly,,2,0,30,1
ssh-ldap-pubkey,,2,0,12,1
ssnap,,2,0,50,1
stage0,,2,0,4,1
stamp-cat-id,,2,0,2,1
stamp-po,,2,0,2,2
standardrb,,2,0,43,2
start,,2,0,3,2
start_html,,2,0,10,1
stat2html,,2,0,171,1
staxroundtrip_rtt,,2,0,7,1
sto,,2,2,0,1
strict-types,,2,0,19,1
string,,2,0,4,1
string_span,,2,0,6,1
stringprep,,2,0,8,1
struct,,2,0,24,1
submodule,,2,0,2,1
subscribe,,2,0,26,2
subst_prefix,,2,0,74,1
suid,,2,0,2,1
suntzus,,2,0,130,1
supported-device-ids,,2,0,7,1
supported_ruby_versions,,2,0,9,1
suppressions-list,,2,0,3,1
sw2,,2,2,0,1
swaylock,,2,0,7,1
symlink-test,,2,0,38,2
sync,,2,0,84,1
syntax_error_comment,,2,0,2,1
system_packages,,2,0,3,1
systemd,,2,0,0,1
systemd_env,,2,0,0,1
sysvarcstuf,,2,0,376,1
t-verify-multi-from-malformed,,2,0,13,1
t-verify-multi-from-pass,,2,0,22,1
t-verify-self-spf,,2,0,13,1
t10-so-fade,,2,0,4,1
t15,,2,0,5,1
t15-mix5,,2,0,4,1
t17,,2,0,9,1
t18,,2,0,5,1
t19,,2,0,5,1
t20,,2,0,5,1
t21,,2,0,10,1
t22,,2,0,9,1
t_newlines_in_ifo,,2,0,22,1
tachk,,2,0,4,1
tadbulb,,2,0,22,1
taginfo,,2,0,40,2
tags-ru,,2,0,240,1
tail,,2,0,18,1
tandemaus,,2,0,22,1
tang-show-keys,,2,0,20,1
tangd-keygen,,2,0,20,1
tangd-rotate-keys,,2,0,7,1
tar-compare,,2,0,2,2
tarball,,2,0,12,2
tarountula,,2,0,26,1
tatsugiri,,2,0,28,1
tauros-paldea,,2,0,40,1
tcvn5712-1,,2,0,0,2
tegaki-bootstrap,,2,0,7,1
tegaki-extractcomponents,,2,0,3,1
tegaki-strokecol,,2,0,111,1
templateprimitiveindexfunctor,,2,0,16,2
test+file,,2,0,2,1
test-adapter,,2,0,173,1
test-alsa-pcm-hwcompat-none,,2,0,4,2
test-channel,,2,0,108,1
test-device,,2,0,231,1
test-growpart-fsimage-middle,,2,0,6,1
test-growpart-lvm,,2,0,42,1
test-growpart-overprovision,,2,0,79,1
test-growpart-start-matches-size,,2,0,4,1
test-mon86-emu,,2,0,22,1
test-mon86-target,,2,0,17,1
test-seel,,2,0,213,1
test-tag,,2,0,201,1
test13,,2,0,12,2
test14,,2,0,10,1
test6,,2,0,8,1
test_audio,,2,0,4,1
test_command,,2,0,6,1
test_fetch_bugs_any,,2,0,68,1
test_fetch_bugs_stablereq,,2,0,43,1
test_filesize,,2,0,8,1
test_find_bugs_personal_tags,,2,0,101,1
test_find_bugs_unresolved,,2,0,99,1
test_find_stablereqs,,2,0,60,1
test_main,,2,0,80,1
test_mangle,,2,0,4,1
test_picture,,2,0,6,1
test_readlink,,2,0,10,1
test_self,,2,0,12,1
test_self_ssh,,2,0,12,1
test_uncc_arch,,2,0,112,1
test_uncc_arch_not_cced,,2,0,143,1
test_valid_number_of_base,,2,0,4,1
test_windows64,,2,0,32,1
testfile,,2,2,0,1
testing,,2,0,51,2
testinput5,,2,0,2540,2
testoutput5,,2,0,5538,2
tests_logging,,2,0,4,1
tests_malware,,2,0,10,1
tgt-admin,,2,0,31,1
th18057,,2,0,2,1
thanks_html,,2,0,24,1
third_party_readme,,2,0,657,1
thor,,2,0,43,2
thundurus-therian,,2,0,40,1
timetrans,,2,0,4,1
timezone,,2,0,2,1
ting-lu,,2,0,44,1
tinkatink,,2,0,22,1
tinkaton,,2,0,42,1
tinkatuff,,2,0,24,1
tis-620,,2,0,0,2
tl1,,2,2,0,1
tlfloat,,2,0,1,1
tls,,2,0,4,1
todo_completion,,2,0,28,1
todo_html,,2,0,18,1
toedscool,,2,0,26,1
toedscruel,,2,0,40,1
toolargevars1,,2,0,4,1
toolargevars2,,2,0,4,1
tornadus-therian,,2,0,44,1
torrentinfo,,2,0,2,1
towncrier,,2,0,4,1
tpcircularbuffer,,2,0,2,1
tr1,,2,2,0,1
tr2,,2,2,0,1
trademark,,2,0,10,2
transferbench,,2,0,2,1
treecleaned-virtuals,,2,0,14,1
troubleshooting,,2,0,39,1
trustman,,2,0,4,1
tty-clock,,2,2,0,1
turbostat_,,2,0,8,1
tutorial,,2,0,69,1
twitter,,2,0,218,1
txn-current,,2,0,2,1
txn-current-lock,,2,0,0,1
typst-init,,2,0,29,1
ubuntu_wayland_setup,,2,0,79,1
uevent,,2,0,8,1
ufetch-raspberrypios,,2,0,24,1
uk,,2,0,2598,1
ukm,,2,0,6,1
unasync,,2,0,9,2
undocumented,,2,0,4,1
unifont,,2,0,36,1
uniterm,,2,0,11,1
unittest,,2,0,6,1
unpack-initrd,,2,0,20,1
unsuccessfulbuild,,2,0,0,1
update-copyright,,2,0,14,2
update-copyright-year,,2,0,292,1
updater,,2,1,2,2
updatevisitor,,2,0,20,1
us1,,2,2,0,1
us2,,2,2,0,1
us3,,2,2,0,1
use,,2,0,16,2
use-header,,2,0,41,1
use-snippet,,2,0,9,1
utf-7,,2,0,2,1
utf-8,,2,0,0,2
utf_8_profile,,2,0,6,1
utf_8_profile_expected,,2,0,12,1
uthash,,2,0,3,1
utoprc-dark,,2,0,4,1
utoprc-light,,2,0,4,1
v6_octal,,2,0,3,1
vala-extra-vapis,,2,0,2,1
validate-schema,,2,0,25,1
validate_xml_html5,,2,0,64,1
validator,,2,0,2,1
variabletest,,2,0,29,1
varidxtoolarge2,,2,0,4,1
varoom,,2,0,22,1
veluza,,2,0,30,1
verifymsg,,2,0,42,2
vglserver_config,,2,0,94,1
videotex-suppl,,2,0,0,2
vifm-media-osx,,2,0,7,1
vimgrep,,2,0,2,1
vimrc,,2,0,24,2
virtual,,2,0,33,1
viscii,,2,0,0,2
volmunge,,2,0,139,1
vrrp,,2,0,47,1
vz1,,2,2,0,1
walking-wake,,2,0,38,1
wattrel,,2,0,20,1
wdisplays,,2,0,3,1
whb,,2,0,402,1
whitelist,,2,0,12,1
wiglett,,2,0,24,1
wikipedia,,2,0,3,1
windows-1258,,2,0,2,1
windows-31j,,2,0,0,2
with,,2,0,10,1
with-memcached,,2,0,2,1
wl-goto,,2,0,17,1
wl-select-active,,2,0,30,1
wo-chien,,2,0,42,1
wooper-paldea,,2,0,18,1
wordlist,,2,0,40000,1
write-lock,,2,0,0,1
wugtrio,,2,0,42,1
x48ng-launcher,,2,0,74,1
x_integration_tests,,2,0,28,1
xapp-favorites,,2,0,8,1
xapp-status-icon-activate-and-menu,,2,0,4,1
xapp-status-icon-activate-and-menu-popup,,2,0,4,1
xapp-status-icon-all-menus,,2,0,4,1
xapp-status-icon-no-menus,,2,0,4,1
xapp-status-icon-raw-events,,2,0,4,1
xenstore-read,,2,0,4,1
xmltosaxtotypedfi,,2,0,7,1
xoauth2_gmail,,2,0,64,1
xq,,2,0,82,1
xrectsel,,2,0,4,1
xx-p4-unmerge,,2,0,9,1
xxcleartool,,2,0,48,1
xxcvs,,2,0,37,1
xxdiff_translate_resources,,2,0,6,1
yafc,,2,0,36,1
yajl,,2,0,35,2
yard,,2,0,43,2
yard-junk,,2,0,43,2
yardoc,,2,0,43,2
yri,,2,0,43,2
zero-weight-dict,,2,2,0,2
zoolander_sha,,2,0,4,1
zsh_autocomplete,,2,0,10,2
zstring,,2,0,4,1
#makefile#,,1,0,6,1
-ftb-generate-complist,,1,0,2,1
-ftb-generate-header,,1,0,5,1
-ftb-version,,1,0,10,1
.$td,,1,1,0,1
.0-beta9,,1,1,0,1
.0-debian,,1,1,0,1
.0-nover,,1,0,14,1
.0-rc,,1,0,12,1
.0-rc1,,1,1,0,1
.0-rc2,,1,1,0,1
.00,"Documentation(""General"")",1,0,152,1
.05_fe,,1,1,0,1
.0c,,1,0,48,1
.0dev-nover,,1,0,14,1
.0r9-ksh-93r,,1,0,0,1
.1-changes,,1,0,4,1
.10-kcov-36,,1,0,6,1
.106,"Code(""Build"")",1,0,400,1
.11-nover,,1,0,14,1
.12-config,,1,0,1,1
.12-sme,,1,0,14,1
.12a,,1,0,1,1
.13-kaslr,,1,0,14,1
.13-nover,,1,0,14,1
.16-64k,,1,0,14,1
.16knodes_300attrs,,1,0,13,1
.17-debian,,1,1,0,1
.1_ubuntu1404,,1,0,0,1
.1_ubuntu1604,,1,0,0,1
.1e,"Documentation(""Manual"")",1,0,4,1
.1st,"Documentation(""General"")",1,0,65,1
.2-nover,,1,0,14,1
.2-va39,,1,0,15,1
.20241231,,1,0,1,1
.210,"Documentation(""General"")",1,0,7815,1
.24-kvaddr,,1,0,17,1
.264,,1,1,0,1
.265,,1,1,0,1
.267_jari,,1,0,2790,1
.27-cr3-xen,,1,0,15,1
.27-nover,,1,0,14,1
.2html,"Documentation(""Manual"")",1,0,2,1
.2k,"Documentation(""Manual"")",1,0,419,1
.3-nover,,1,0,14,1
.31-cr3,,1,0,14,1
.31-kvaddr,,1,0,14,1
.31-nover,,1,0,14,1
.31-nover-reloc,,1,0,14,1
.31-nover-xen,,1,0,16,1
.31-reloc,,1,0,14,1
.32sunu,"Code(""Build"")",1,0,254,1
.36,,1,0,0,1
.37,,1,0,0,1
.38,,1,0,0,1
.39,,1,0,0,1
.3c,"Documentation(""Manual"")",1,0,12,1
.3g2,,1,1,0,1
.3gp,"Data(""Video"")",1,1,0,1
.4-nover,,1,0,14,1
.40,,1,0,0,1
.40_connect,,1,0,10,1
.41,,1,0,0,1
.42,,1,0,0,1
.43,,1,0,0,1
.44,,1,0,0,1
.5-novendorexp,"Code(""Build"")",1,0,7,1
.5-sv39,,1,0,12,1
.5-sv48,,1,0,12,1
.5-sv57,,1,0,12,1
.586,"Documentation(""General"")",1,0,43,1
.588534,,1,0,14,1
.6-bigmem,,1,0,14,1
.6-changelog,,1,0,72,1
.6-rpm,,1,0,21,1
.64sunu,"Code(""Build"")",1,0,254,1
.7_ubuntu1404,,1,0,0,1
.7_ubuntu1604,,1,0,0,1
.8-va39,,1,0,15,1
.8-va48,,1,0,15,1
.8-va48-nover,,1,0,14,1
.82,"Documentation(""General"")",1,0,9136,1
.8_ubuntu1604,,1,0,0,1
.8th,"Documentation(""Manual"")",1,0,22,1
._source_to_set_pythonpath,,1,0,4,1
.a68,,1,0,31,1
.aa,,1,0,0,1
.aac,"Data(""Audio"")",1,1,0,1
.abf,,1,1,0,1
.abt,,1,0,0,1
.abv,,1,0,177,1
.acc,"Data(""Audio"")",1,0,27,1
.accdb,"Data(""Database"")",1,1,0,1
.acceptance,"Code(""Build"")",1,0,2,1
.acorn,"Code(""Build"")",1,0,51,1
.added,,1,0,1,1
.ae,,1,0,1088,1
.afphoto,,1,1,0,1
.ags,,1,1,0,1
.aif,"Data(""Audio"")",1,1,0,1
.aiignore,,1,0,19,1
.aix,"Code(""Build"")",1,0,113,1
.all,"Code(""Build"")",1,0,40,1
.allow,,1,0,4,1
.aln,,1,0,14,1
.am_cmd,"Code(""Build"")",1,0,7,1
.amiga,"Code(""Build"")",1,0,48,1
.anjuta,,1,0,44,1
.ansi,"Code(""Build"")",1,0,214,1
.ap,,1,1,0,1
.apline,"Code(""Build"")",1,0,29,1
.appimage-debian,"Code(""Build"")",1,0,14,1
.appup,,1,0,47,1
.arcconfig,,1,0,3,1
.arch-inventory,,1,0,6,1
.architecture,"Documentation(""General"")",1,0,2,1
.archive,,1,0,2,1
.asmdecompress,"Documentation(""General"")",1,0,18,1
.asn,"Code(""Schema"")",1,0,12359,1
.asp,,1,0,20,1
.aspell,,1,0,2,1
.atari,"Code(""Build"")",1,0,51,1
.atg,,1,0,477,1
.atlas,,1,0,200,1
.atom,,1,0,2,1
.au_mos2,,1,0,42,1
.auth_area,,1,0,39,1
.auto,,1,0,5,1
.autocomplete__complete-word__completion-widget,,1,0,1,1
.autocomplete__config,,1,0,45,1
.autocomplete__history-search__completion-widget,,1,0,3,1
.autocomplete__key-bindings,,1,0,8,1
.avro,"Data(""Binary"")",1,1,0,1
.avsc,"Code(""Interface"")",1,0,18,1
.badjson,,1,0,0,1
.badxml,,1,0,0,1
.bak2,,1,0,453,1
.bal,,1,0,40,1
.bar,,1,0,12,1
.bazelignore,"Configuration(""DevEx"")",1,0,2,1
.bbustatus,,1,0,5,1
.bc32,"Code(""Build"")",1,0,152,1
.beos,"Code(""Build"")",1,0,226,1
.bgcode,,1,1,0,1
.binproto,,1,1,0,1
.bk,,1,0,1675,1
.bloaty,,1,0,2,1
.blt,"Documentation(""General"")",1,0,20,1
.board-specific,"Documentation(""General"")",1,0,4,1
.boring,,1,0,37,1
.bos,,1,1,0,1
.bp3,,1,1,0,1
.brf,,1,0,5,1
.broadcom_bcm20702,"Documentation(""Legal"")",1,0,0,1
.bsb,,1,1,0,1
.bsd-3-clause,"Documentation(""Legal"")",1,0,9,1
.bsp,,1,1,0,1
.btor2,,1,0,30,1
.bubblemon,"Documentation(""General"")",1,0,128,1
.buildkite,"Code(""Build"")",1,0,7,1
.buildnumber,,1,0,2,1
.burp,"Documentation(""General"")",1,0,4,1
.bz,,1,1,0,1
.caddyfile,,1,0,6,1
.cairo,,1,0,51,1
.call-scripts,,1,0,22,1
.camal,,1,0,1,1
.cap,"Data(""Binary"")",1,1,0,1
.car,,1,1,0,1
.cb7,,1,1,0,1
.cbt,,1,1,0,1
.cbz,,1,1,0,1
.ccd,,1,0,73,1
.cd-dvd,,1,0,1,1
.cdb,"Data(""Binary"")",1,0,12,1
.cdx,,1,1,0,1
.centos-stream-9,"Code(""Build"")",1,0,2,1
.centos8,"Code(""Build"")",1,0,10,1
".cfg""",,1,0,15,1
.cfg-sample,,1,0,274,1
.cgm,,1,0,888,1
.checklinkext,,1,0,0,1
.checkpatch,,1,0,12,1
.checks,,1,0,105,1
.chs,,1,0,4,1
.ci1,,1,1,0,1
.ci2,,1,1,0,1
.ck,,1,0,3,1
.clabot,,1,0,12,1
.clang-format-ignore,,1,0,1,1
.clar,,1,0,31,1
.client,"Code(""Build"")",1,0,2,1
.clp,,1,0,123,1
.cm,,1,0,112,1
.cmakelintrc,,1,0,1,1
.cod,,1,1,0,1
.cof,,1,0,178,1
.cog,,1,0,21,1
.command,,1,0,92,1
.complete,,1,0,9,1
.conda,,1,1,0,1
.conf-example,,1,0,4,1
.conf-sample,,1,0,4,1
.conf-suse,,1,0,5,1
.contact,"Documentation(""General"")",1,0,9,1
.cookie,,1,0,0,1
.coverity,,1,0,8,1
.cpio,"Data(""Archive"")",1,1,0,1
.cppcode,,1,0,12,1
.cps,,1,1,0,1
.cross-compiles,"Code(""Build"")",1,0,21,1
.csconcat,,1,0,2,1
.csf,,1,0,111,1
.csl,,1,0,435,1
.cso,,1,1,0,1
.csp,,1,0,4,1
.csql,,1,0,4,1
.csslintrc,,1,0,42,1
.csv_disable_expected_1,,1,0,0,1
.ct,,1,0,104,1
.ctest,,1,0,63,1
.cts,"Code(""Uncategorized"")",1,0,14,1
.current,,1,0,1,1
.current-version,,1,0,2,1
.cursorindexingignore,,1,0,3,1
.cursorrules,,1,0,29,1
.cve-2024-28054,"Documentation(""General"")",1,0,54,1
.cxproj,,1,0,9,1
.cypher,,1,0,28,1
.cypress,"Documentation(""Legal"")",1,0,387,1
.cz,,1,0,29,1
.d2,"Code(""Diagram"")",1,0,51,1
.d__doas,,1,0,5,1
.dashboard,"Code(""Build"")",1,0,17,1
.data32,,1,1,0,1
.data64,,1,1,0,1
.database,"Documentation(""General"")",1,0,25,1
.dave,,1,0,5543,1
.dbar,"Documentation(""General"")",1,0,72,1
.dbm,,1,1,0,1
.dbt,,1,1,0,1
.ddate,"Documentation(""General"")",1,0,73,1
.dds,"Data(""Image"")",1,1,0,1
.debian-bookworm,"Code(""Build"")",1,0,23,1
.debian-bullseye,"Code(""Build"")",1,0,20,1
.debian-latest,"Code(""Build"")",1,0,2,1
.decl,"Code(""Build"")",1,0,85,1
.decode,,1,0,2,1
.defaultbuilder,,1,1,0,1
.deflate,,1,1,0,1
.dell-u2410,,1,1,0,1
.dell-u2413,,1,1,0,1
.dell-u2415,,1,1,0,1
.deny,,1,0,1,1
".desktop""",,1,0,5,1
.devcon,"Code(""Build"")",1,0,34,1
.devhelp2,,1,0,22,1
.digitemprc,,1,0,7,1
.dinit,,1,0,7,1
.disable,,1,0,7,1
.distfiles,"Code(""Build"")",1,0,11,1
.dive-ci,,1,0,9,1
".do""",,1,0,0,1
.docstrings,,1,0,12,1
.download,,1,0,12,1
.dpr,"Code(""Uncategorized"")",1,0,282,1
.drawio,,1,0,1,1
.drivers,,1,0,1,1
.drivestatus,,1,0,16,1
.dvf,,1,1,0,1
.dzen,"Documentation(""General"")",1,0,591,1
.e,,1,0,5,1
.eam,,1,0,1,1
.earthignore,,1,0,3,1
.ecm,,1,1,0,1
.eco,,1,0,32,1
.eek,,1,0,6,1
.eek-only,,1,0,6,1
.efilib,"Documentation(""Legal"")",1,0,1,1
.ejs,"Code(""Template"")",1,0,28,1
.el~,,1,0,4,1
.encode,,1,0,4,1
.endlessh,,1,0,137,1
.envexample,,1,0,2,1
.eo,,1,0,130,1
.epf,,1,0,106,1
.errata,,1,0,0,1
.errmsg,,1,0,3,1
.ets,,1,0,64,1
.event2,,1,0,22,1
.exim,,1,0,1,1
.exrc,,1,0,36,1
.externals,"Documentation(""Legal"")",1,0,3,1
.f95,"Code(""Fortran"")",1,0,24,1
.fab,,1,0,34,1
.faces,,1,0,146,1
.fanalyzer,,1,0,9,1
.fas,,1,0,44,1
.fb2,,1,0,3,1
.fbbt,,1,0,0,1
.fbz,,1,1,0,1
.fcgi,,1,0,17,1
.fcstd,,1,1,0,1
.fdi,,1,0,4,1
.fdisk,,1,0,2,1
.fedora-34,"Code(""Build"")",1,0,20,1
.fedora-38,"Code(""Build"")",1,0,21,1
.fedora-42,"Code(""Build"")",1,0,57,1
.ffignore,,1,0,1,1
.ffmpeg,"Code(""Build"")",1,0,29,1
.fil,,1,1,0,1
.final,"Code(""Build"")",1,0,5,1
.fips,"Code(""Build"")",1,0,24,1
.first,"Documentation(""General"")",1,0,2,1
.fishcomp,,1,0,18,1
.fla,"Data(""Binary"")",1,1,0,1
.fls,,1,0,320,1
.flto,"Code(""Build"")",1,0,13,1
.flv,"Data(""Video"")",1,1,0,1
.fmx,,1,0,0,1
.fnt,"Data(""Font"")",1,0,264,1
.fodt,"Data(""Document"")",1,0,1096,1
.foo,,1,0,1,1
.form,,1,0,146,1
.format,,1,0,2,1
.formatted,,1,0,2,1
.former-dumper-error,,1,0,0,1
.former-loader-error,,1,0,0,1
.fosphor,"Documentation(""General"")",1,0,9,1
.free,,1,0,8,1
.freetype,"Documentation(""General"")",1,0,22,1
.fsl,,1,0,26,1
.fsremap,"Documentation(""General"")",1,0,50,1
.fsy,,1,0,329,1
.fusexmp,"Code(""Build"")",1,0,11,1
.g4vmc,,1,0,151,1
.gaprc,,1,0,11,1
.gbi,,1,1,0,1
.gcmmx,"Code(""Build"")",1,0,271,1
.gcpubar,"Documentation(""General"")",1,0,43,1
.gdb,,1,0,70,1
.gdbar,"Documentation(""General"")",1,0,35,1
.gemini,,1,0,2,1
.general,,1,0,1,1
.generate,,1,0,24,1
.generated,,1,0,3,1
.genome,,1,0,5,1
.gentoo,,1,0,2,1
.gfa2,,1,0,4,1
.gif89,,1,1,0,1
.git-dpm,,1,0,8,1
.git_hooks,,1,0,1,1
.gitatttributes,,1,0,25,1
".gitignore""",,1,0,1,1
.gitmessage,,1,0,4,1
.gkrellm2-cpufreq,"Documentation(""General"")",1,0,62,1
.gladep,,1,0,8,1
.gnome,,1,0,82,1
.gnulib,,1,0,2,1
.gnuplot,,1,0,7,1
.goipfs-stub,"Code(""Build"")",1,0,26,1
.good_cflags,,1,0,2,1
.google,"Documentation(""General"")",1,0,10,1
.goreleaser,"Code(""Build"")",1,0,15,1
.gorik,,1,0,49,1
.gp3,,1,1,0,1
.gperf_tmpl,,1,0,1,1
.gpg-v21-migrated,,1,0,0,1
.gpl-3,"Documentation(""Legal"")",1,0,674,1
.gplv2,"Documentation(""Legal"")",1,0,339,1
.graffle,,1,0,6175,1
.graph,,1,0,99618,1
.gremlin,,1,0,31,1
.groff,,1,0,168,1
.gtmpl,,1,0,168,1
.gtp,,1,1,0,1
.gui,"Documentation(""General"")",1,0,8,1
.guid-migration,"Documentation(""General"")",1,0,1,1
.guide,,1,0,68,1
.gun,,1,1,0,1
.gypi,"Code(""Build"")",1,0,23,1
.gzip,,1,1,0,1
.h-,,1,0,297,1
.h_patch,,1,0,12,1
.hamlib,"Code(""Build"")",1,0,31,1
.heic,"Data(""Image"")",1,1,0,1
.hello,"Code(""Build"")",1,0,11,1
.helmignore,"Configuration(""DevEx"")",1,0,1,1
.help2man,,1,0,42,1
.hex0,,1,0,154,1
.hex1,,1,0,589,1
.hex2,,1,0,110,1
.hex3d,,1,0,117650,1
.hexdump,,1,0,0,1
.hexdump-body,,1,0,0,1
.hexdump-footer,,1,0,0,1
.hexdump-header,,1,0,0,1
.hf77,,1,0,6,1
.hf90,,1,0,6,1
.hgsigs,,1,0,4,1
.hgsub,,1,0,3,1
.hgsubstate,,1,0,3,1
.hi,,1,1,0,1
.hidden,,1,0,0,1
.hkyg5,,1,0,1174,1
.hlp,"Data(""Binary"")",1,1,0,1
.hoeignore,,1,0,7,1
.home,,1,0,2,1
.host,,1,0,41,1
.hosts,,1,0,206,1
.hp64,"Code(""Build"")",1,0,235,1
.hpgcc,"Code(""Build"")",1,0,245,1
.hqx,"Data(""Archive"")",1,0,1,1
.ht,,1,0,7,1
.i386,,1,0,4,1
.ian,,1,0,3,1
.ibmc,"Code(""Build"")",1,0,71,1
.id3,,1,1,0,1
.ida,"Documentation(""General"")",1,0,0,1
.ieee802_15_4,"Documentation(""General"")",1,0,11,1
.ifupdown,,1,0,49,1
.ignore_words,,1,0,1,1
.ilk,"Data(""Binary"")",1,1,0,1
.ily,,1,0,4,1
.imapsync,,1,0,17,1
.imdn,,1,1,0,1
.imf,,1,1,0,1
.imph,,1,1,0,1
.importorder,,1,0,8,1
.imtt,,1,1,0,1
.in-lua,"Code(""Build"")",1,0,15,1
.inbox,,1,0,882,1
.includes,,1,0,2,1
.ini_tmpl,,1,0,0,1
.inline,,1,0,25,1
.inn,,1,0,124,1
.inp,,1,0,15,1
.install4j,,1,0,12,1
.int,,1,1,0,1
.intel,"Code(""Build"")",1,0,102,1
.interactivity,"Documentation(""General"")",1,0,25,1
.invalid_theme,,1,0,57,1
.ipaddr,,1,0,2,1
.ipdb,,1,1,0,1
.ipkg,,1,0,1,1
.ipv6,"Documentation(""General"")",1,0,37,1
.irule,,1,0,3,1
.iscm,,1,0,879,1
.issue-54,,1,0,3,1
.issue87_numnodes,,1,0,7,1
.ixx,,1,0,20,1
.jamref,,1,0,23,1
.jenkinsfile,,1,0,2,1
.jmk,,1,0,197,1
.jp,,1,0,22,1
.jp2,"Data(""Image"")",1,1,0,1
.jpn,,1,0,51,1
.jrubyrc,,1,0,2,1
.jshintignore,,1,0,2,1
.jshintrc,,1,0,10,1
".json""",,1,0,4,1
.jst,,1,0,2,1
.jumbo,"Documentation(""General"")",1,0,6,1
.jwe,,1,0,1,1
.jwk,,1,0,1,1
.jwmrc,,1,0,4,1
.jxsv,,1,1,0,1
.kaem,,1,0,43,1
.kaptn,,1,0,31,1
.keepdir,,1,0,0,1
.kernel,,1,0,49,1
.keycodes,,1,0,4,1
.keylog,"Documentation(""General"")",1,0,114,1
.keyring,,1,0,23,1
.kittscanner,"Documentation(""General"")",1,0,14,1
.knr,"Code(""Build"")",1,0,99,1
.krooks,,1,0,22,1
.kwj,,1,1,0,1
.lab,,1,0,23,1
.lambda,,1,0,1,1
.last,,1,0,2,1
.lastrelease,,1,0,2,1
.latex,,1,0,7,1
.lbc,,1,0,1,1
.leda,,1,0,17,1
.lemon,,1,0,10,1
.lesserv2,"Documentation(""Legal"")",1,0,9,1
.lfsc,,1,1,0,1
.lfsconfig,,1,0,2,1
.lgpl-2,"Documentation(""Legal"")",1,0,481,1
.lgpl-3,"Documentation(""Legal"")",1,0,165,1
.lgplv2+,"Documentation(""Legal"")",1,0,481,1
.lgplv21,"Documentation(""Legal"")",1,0,2,1
.lgplv3,"Documentation(""Legal"")",1,0,165,1
.lgtm,,1,0,2,1
.lhelper,,1,0,21,1
.libbw,,1,0,2,1
.libvpx,"Documentation(""General"")",1,0,11,1
.lidr,,1,0,10,1
.liering,"Documentation(""General"")",1,0,32,1
.light-locker,,1,0,18,1
.light-locker-command,,1,0,15,1
.limits,,1,0,19,1
.lineno,,1,0,6529,1
.link,"Configuration("""")",1,0,1,1
.linux-x86_64-musl,"Code(""Build"")",1,0,36,1
.linux32_sse2,"Code(""Build"")",1,0,2,1
.linux_sse2,"Code(""Build"")",1,0,2,1
.liq,,1,1,0,1
.litcoffee,,1,0,19,1
.llvm,"Documentation(""General"")",1,0,8,1
.logger,,1,0,20,1
.lookup,,1,0,3,1
.lottie,,1,1,0,1
.lpp,,1,0,153,1
.lrz,,1,1,0,1
.lsb-daemon,,1,0,185,1
.lsx,,1,0,20,1
.lts,,1,1,0,1
.luacode,,1,0,8,1
.lvimrc,,1,0,2,1
.ly,"Code(""Uncategorized"")",1,0,61,1
.lz4,"Data(""Archive"")",1,1,0,1
.lzo,"Documentation(""General"")",1,0,7,1
.m1,,1,0,280,1
.madt,"Documentation(""General"")",1,0,0,1
.magik,,1,0,41,1
.mailcapregistryprovider,,1,0,4,1
.main,,1,0,2,1
.maintscript,,1,0,9,1
.makt,,1,0,27,1
.mapfile,,1,0,15,1
.mapping,,1,0,96,1
.mask,,1,0,2,1
.mbn,,1,1,0,1
.mdc,,1,0,97,1
.mdd,,1,0,0,1
.mdf,,1,1,0,1
.mdlrc,,1,0,1,1
.messages,,1,0,50,1
.meta,,1,0,2,1
.mfc,,1,0,2,1
.mid,"Data(""Audio"")",1,1,0,1
.mimetyperegistryprovider,,1,0,4,1
.minimal,"Code(""Build"")",1,0,2,1
.mips,"Code(""Build"")",1,0,83,1
.missing_keyboard-shortcuts,,1,0,57,1
.missing_ui,,1,0,57,1
.mission,,1,0,2,1
.mkdosfs,"Documentation(""General"")",1,0,2,1
.mkfs,,1,0,3,1
.ml#,,1,0,10,1
.ml_,,1,0,85,1
.mlapp,,1,1,0,1
.mlii,,1,0,0,1
.mlip,,1,0,275,1
.mlw,"Code(""ML"")",1,0,239,1
.mmk,,1,0,53,1
.mng,,1,1,0,1
.mobi,,1,1,0,1
.module,,1,0,90,1
.mojo,,1,0,21,1
.mount,,1,0,2,1
.mpeg2,,1,1,0,1
.mpi,,1,0,2,1
.ms-excel,,1,0,1,1
.msbuild,,1,0,2,1
.mscz,"Data(""Archive"")",1,1,0,1
.msl2024,,1,0,12,1
.mswmm,,1,1,0,1
.msys2,"Documentation(""General"")",1,0,4,1
.mtl,"Data(""Text"")",1,0,49,1
.multiarch,"Code(""Build"")",1,0,29,1
.multiple-sources,,1,0,15,1
.mvel,,1,0,15,1
.mxml,,1,1,0,1
.my,,1,0,2,1
.myhtaccess,,1,0,1,1
.mypyignore,,1,0,2,1
.mysql,,1,0,2,1
.nc,,1,1,0,1
.ncx,,1,1,0,1
.ne12bsd,"Code(""Build"")",1,0,45,1
.neoversev1,,1,0,4,1
.newick,,1,0,20214,1
.ninja,,1,0,2,1
.ninja_log,,1,0,17,1
.nis,"Documentation(""General"")",1,0,207,1
.no-inline,,1,0,25,1
.noconf,"Code(""Build"")",1,0,60,1
.nodelete,,1,0,0,1
.nommx,"Code(""Build"")",1,0,252,1
.norm,,1,0,11,1
.notignored,,1,0,1,1
.noxtree,"Code(""Build"")",1,0,85,1
.npm,,1,1,0,1
.nqp,,1,0,4,1
.nsis,,1,0,115,1
.nss,,1,0,2,1
.num,,1,0,10,1
.numbers,"Data(""Document"")",1,1,0,1
.nvcc,"Code(""Build"")",1,0,3,1
.nvfortran,,1,0,0,1
.nvfortran_bug,,1,0,13,1
.ob2,,1,0,4,1
.obbt,,1,0,0,1
.ocamlinit-cudf,,1,0,7,1
.ocioz,,1,1,0,1
.ocp,,1,0,31,1
.ocplint,,1,0,286,1
.offline,"Code(""Build"")",1,0,2,1
.ok2,,1,0,2,1
.okay,,1,0,0,1
.oma,,1,1,0,1
.omwscripts,,1,0,2,1
.oonith,"Code(""Build"")",1,0,4,1
.opensuse,"Code(""Build"")",1,0,13,1
.opensuse-leap,"Code(""Build"")",1,0,8,1
.opf,,1,1,0,1
.orig2,,1,0,24,1
.orig3,,1,0,27,1
.orig4,,1,0,22,1
.orig5,,1,0,22,1
.original,,1,0,289,1
.oro,,1,0,81,1
.osxlion,"Documentation(""General"")",1,0,2,1
.oth,,1,0,73,1
.out2,,1,0,1,1
.out3,,1,0,2,1
.out4,,1,0,2,1
.outlang,,1,0,34,1
.output3232,,1,0,113,1
.output3264,,1,0,113,1
.output6432,,1,0,113,1
.output6464,,1,0,113,1
.overflow,,1,0,2,1
.ovl,,1,1,0,1
.ovms,"Documentation(""General"")",1,0,18,1
.p12,"Data(""Security"")",1,1,0,1
.pac,,1,0,6,1
.paint,"Documentation(""General"")",1,0,11,1
.pak,,1,1,0,1
.pango,,1,0,1,1
.parlour,,1,0,9,1
.parm7,,1,0,2,1
.partae,,1,1,0,1
.parts_exp,,1,0,336,1
.pass,,1,0,4,1
.passphrase,,1,0,0,1
.pat,,1,0,16452,1
.patch2,,1,0,108,1
.patch_rick_romero,,1,0,633,1
.patches,"Documentation(""General"")",1,0,5,1
.payload,,1,0,1,1
.payloadout,,1,0,1,1
.pcap-body,,1,1,0,1
.pcap-footer,,1,0,0,1
.pcap-header,,1,1,0,1
.pcd,,1,1,0,1
.pcf,"Data(""Font"")",1,1,0,1
.pdml,,1,0,0,1
.pdml-body,,1,0,0,1
.pdml-footer,,1,0,0,1
.pdml-header,,1,0,0,1
.perspectivev3,,1,0,1538,1
.pest,"Code(""Grammar"")",1,0,43,1
.pg,"Code(""Uncategorized"")",1,0,9,1
.php-dist,,1,0,14,1
.phpcode,,1,0,8,1
.phtml,,1,0,8,1
.pict,,1,0,2,1
.pio,,1,0,53,1
.pkcs12,"Data(""Security"")",1,1,0,1
.pkgproj_template_with_plugins,,1,0,578,1
.pkt,"Data(""Binary"")",1,1,0,1
.placeholder,,1,0,0,1
.plain,,1,0,0,1
.pld,,1,1,0,1
.plug,,1,0,2,1
.pluxinc,,1,0,13,1
.pnr,,1,0,33,1
.poly,,1,0,17,1
.poml,,1,0,11,1
.popt,"Documentation(""General"")",1,0,12,1
.postfix,,1,0,1,1
.pov,"Code(""Uncategorized"")",1,0,202,1
.pp_data,,1,0,302,1
.prawn,,1,0,1,1
.prettierignore,"Configuration(""DevEx"")",1,0,2,1
.prev-version,,1,0,2,1
.preview,"Code(""Build"")",1,0,24,1
.privateserver,"Documentation(""General"")",1,0,18,1
.prmtop,,1,0,2,1
.product,,1,0,4,1
.products,,1,0,1,1
.project-root,,1,0,0,1
.projectinfo,"Code(""Build"")",1,0,2,1
.projects,"Documentation(""General"")",1,0,41,1
.properties-rename,,1,0,11,1
.protobuf,,1,0,40,1
.pryrc,,1,0,13,1
.psl,,1,0,5,1
.psml,,1,0,0,1
.psml-body,,1,0,0,1
.psml-footer,,1,0,0,1
.psml-header,,1,0,0,1
.psr,,1,0,9,1
.ptm,,1,1,0,1
.ptx,,1,1,0,1
.puremagic_multi_footer,,1,0,1,1
.pythoncode,,1,0,8,1
.pzfx,,1,1,0,1
.pzx,,1,1,0,1
.qch,,1,1,0,1
.qdc,,1,1,0,1
.qdocconf,,1,0,2,1
.qp,,1,0,5,1
.qs,,1,0,98,1
.qsf,,1,0,24,1
.quirk,,1,0,17,1
.quirks,,1,0,3,1
.r00,,1,0,2,1
.radexample,"Documentation(""General"")",1,0,12,1
.rails-main,,1,0,1,1
.rails5,,1,0,1,1
.rails6,,1,0,3,1
.rails6_rmagick,,1,0,5,1
.rails8,,1,0,10,1
.rails8_rmagick,,1,0,11,1
.rawacf,,1,1,0,1
.rchit,,1,0,53,1
.rdfs,,1,0,220,1
.rds,"Documentation(""General"")",1,0,11,1
.rebuild,"Documentation(""General"")",1,0,3,1
.rec,,1,1,0,1
.recommended,,1,0,35,1
.recording,,1,0,2,1
.redhat,,1,0,6,1
.redir,,1,0,90,1
.redist,,1,0,1,1
.reek,,1,0,91,1
.regex,,1,0,0,1
.relignore,,1,0,2,1
.removal,,1,0,3,1
.rendered,,1,0,131,1
.replay,,1,0,4040,1
.report_all,,1,0,7,1
.resolving,"Documentation(""General"")",1,0,51,1
.resw,"Configuration(""Localization"")",1,0,2,1
.rft,,1,1,0,1
.rhel,"Code(""Build"")",1,0,18,1
.ris,,1,1,0,1
.rlx,,1,0,0,1
.rmiss,,1,0,54,1
.ro,,1,0,34,1
.roc,,1,0,36,1
.root-setup,,1,0,1,1
.roots,,1,0,13,1
.rpmlintrc,,1,0,3,1
.rsc,,1,1,0,1
.rso,,1,1,0,1
.rss,,1,0,9,1
.rst_,,1,0,1,1
.rtd,,1,1,0,1
.rte,,1,1,0,1
.ruby-gemset,,1,0,1,1
.rul,,1,0,2,1
.runsettings,,1,0,6,1
.rvnamed,"Documentation(""General"")",1,0,56,1
.s20,,1,0,2,1
.same-git,,1,0,47,1
.samples,"Documentation(""General"")",1,0,4,1
.save,,1,0,56,1
.sbxls,,1,1,0,1
.scale,,1,0,22,1
.scan-build,,1,0,2,1
.schemas,,1,0,38,1
.sco,"Code(""Build"")",1,0,229,1
.scopy,"Documentation(""General"")",1,0,11,1
.scores,,1,0,12,1
.scratch,"Code(""Build"")",1,0,4,1
.sd7,,1,0,25,1
.sda,,1,1,0,1
.sdw,,1,1,0,1
.sed1,,1,0,33,1
.sed2,,1,0,3,1
.service (user),,1,0,11,1
.service-example,,1,0,2,1
.service-type,,1,0,1,1
.settings-ported,,1,0,0,1
.setup,,1,0,417,1
.sf,,1,0,14,1
.sggcc,"Code(""Build"")",1,0,242,1
.sgi,"Code(""Build"")",1,0,245,1
.sh-temp-disable,,1,0,0,1
.sh2,,1,0,2,1
.sh3,,1,0,2,1
.shapes,,1,1,0,1
.shellspec,,1,0,2,1
.shs,,1,1,0,1
.shtml_,,1,0,1,1
.sig_suppress,"Documentation(""General"")",1,0,64,1
.sit,,1,1,0,1
.siva,,1,1,0,1
.six,,1,0,49,1
.sk,,1,0,29,1
.skk,,1,0,28,1
.slackbuild,,1,0,84,1
.slackware,,1,0,24,1
.smil,,1,1,0,1
.smooth,,1,0,126,1
.so9,"Code(""Build"")",1,0,251,1
.sockstat,,1,0,93,1
.solaris-x86,"Code(""Build"")",1,0,248,1
.something,,1,0,2,1
.sort,,1,0,0,1
.sorted,,1,0,0,1
.special-ft,,1,0,5,1
.spell1,,1,0,13,1
.split,,1,0,1,1
.split1,,1,0,2,1
.split2,,1,0,2,1
.split3,,1,0,2,1
.sql-mysql,"Documentation(""General"")",1,0,1,1
.sql-pg,"Documentation(""General"")",1,0,1,1
.srv,,1,0,2,1
.ssl11,"Code(""Build"")",1,0,106,1
.ssml,,1,0,10,1
.st7565r-reel,,1,0,38,1
.startcfg,,1,0,2,1
.stream,,1,0,13,1
.strf,,1,0,9,1
.strong_extreme,,1,0,0,1
.strong_int_br,,1,0,0,1
.styledown,,1,0,5,1
.stylelintignore,,1,0,4,1
.stylus,,1,0,174,1
.subclass_blacklist,,1,0,0,1
.sublist,,1,0,3807,1
.submit,,1,0,2,1
.subunit,"Documentation(""General"")",1,0,5,1
.sunos,"Code(""Build"")",1,0,97,1
.sunxi,,1,1,0,1
.suppr,,1,0,2,1
.suppression,,1,0,343,1
.suppressions,,1,0,294,1
.svd,,1,0,28,1
.svn,"Documentation(""General"")",1,0,7,1
.svs,,1,0,3,1
.swi,,1,1,0,1
.swtpm,,1,0,2,1
.sxc,"Data(""Document"")",1,1,0,1
.sy,,1,0,4,1
.sycl,"Code(""Build"")",1,0,21,1
.symvers,,1,0,3,1
.synaptics,"Documentation(""Legal"")",1,0,55,1
.synth,"Code(""Build"")",1,0,4,1
.sysc,,1,0,4,1
.syx,,1,0,512,1
.t1x,,1,0,25,1
.t42,,1,0,2,1
.tail,,1,0,2,1
.tal,,1,0,1,1
.tarball-version-git,,1,0,1,1
.tasks,,1,0,25,1
.tbx,,1,0,4,1
.tc3,"Code(""Build"")",1,0,89,1
.tcp3333,,1,0,34,1
.tcsh,,1,0,13,1
.tcss,,1,0,18,1
.tdy,,1,0,249,1
.term,,1,1,0,1
.test1,,1,0,4,1
.test_1_comma_split1,,1,0,2,1
.test_1_comma_split2,,1,0,2,1
.test_1_hostrange_split1,,1,0,2,1
.test_1_hostrange_split2,,1,0,2,1
.test_4,,1,0,9,1
.test_4_comma,,1,0,2,1
.test_4_comma_reorder,,1,0,2,1
.test_4_comma_split,,1,0,4,1
.test_4_comma_split_reorder,,1,0,4,1
.test_4_hostrange,,1,0,3,1
.test_4_hostrange_reorder,,1,0,3,1
.test_4_hostrange_split,,1,0,5,1
.test_4_hostrange_split_reorder,,1,0,5,1
.test_4_reorder,,1,0,9,1
.test_5,,1,0,20,1
.test_5_comma,,1,0,8,1
.test_5_hostrange,,1,0,8,1
.test_islice,,1,0,0,1
.test_the_detection_of_the_dependency_libpostgres,,1,0,7,1
.test_the_detection_of_the_dependency_libpq,,1,0,7,1
.test_the_detection_of_the_dependency_libr,,1,0,7,1
.testengine,,1,0,1,1
.testmain,,1,0,21,1
.textwidth,"Documentation(""General"")",1,0,9,1
.theme-brila,,1,0,12,1
.theme-brila-eta,,1,0,12,1
.theme-eta,,1,0,2,1
.theme-nokto,,1,0,2,1
.theme-nokto-eta,,1,0,2,1
.thrift,"Code(""Interface"")",1,0,1,1
.tidyallrc,,1,0,2,1
.tlr,"Code(""Build"")",1,0,8,1
.tlsh,,1,0,246,1
.tlv,,1,1,0,1
.tmi,,1,0,2,1
.tmk,"Documentation(""General"")",1,0,1,1
.tmproj,,1,0,569,1
.tmtheme,,1,0,940,1
.to,,1,0,18,1
.tok,,1,0,2,1
".toml""",,1,0,1,1
.ton,,1,0,9,1
.toon,,1,0,65,1
.tpr,,1,1,0,1
.tpt,,1,0,12,1
.traceevent,"Documentation(""General"")",1,0,20,1
.traceroute,"Documentation(""General"")",1,0,126,1
.trans,,1,0,11,1
.transifexrc,,1,0,4,1
.translators,"Documentation(""General"")",1,0,2,1
.travis_get_mainline_kernel,,1,0,39,1
.tree,,1,0,2,1
.trs,,1,0,4,1
.true,"Code(""Build"")",1,0,24,1
.tty10,,1,0,32,1
.turbovnc,,1,0,28,1
.txt~,"Documentation(""General"")",1,0,320,1
.tzmap,,1,0,2,1
.ubuntu-2404,"Code(""Build"")",1,0,2,1
.ubuntu-devel,"Code(""Build"")",1,0,2,1
.ubuntu-oracular,"Code(""Build"")",1,0,70,1
.ubuntu-plucky,"Code(""Build"")",1,0,70,1
.ubuntu_focal,"Code(""Build"")",1,0,4,1
.ubuntu_trusty,"Code(""Build"")",1,0,67,1
.ubuntu_xenial,"Code(""Build"")",1,0,47,1
.ubuntu_xenial_qt510,"Code(""Build"")",1,0,33,1
.ubuntu_xenial_qt511,"Code(""Build"")",1,0,32,1
.ubuntu_xenial_qt562,"Code(""Build"")",1,0,33,1
.ubuntu_xenial_qt59,"Code(""Build"")",1,0,33,1
.umap,,1,1,0,1
.umk,,1,0,10,1
.unformatted,,1,0,2,1
.unit,"Code(""Build"")",1,0,2,1
.unitstatus,,1,0,7,1
.unshield,"Documentation(""General"")",1,0,1,1
.unused,,1,0,0,1
.un~,,1,1,0,1
.upstart,,1,0,16,1
.uptermd,"Code(""Build"")",1,0,7,1
.uptimed,,1,0,23,1
.users,,1,0,4,1
.uw,"Code(""Build"")",1,0,2,1
.uxf,,1,0,36,1
.v4,,1,0,6,1
.v6,,1,0,6,1
.validator,,1,0,11,1
.variable,,1,0,1,1
.variables,,1,0,9,1
.varlink,,1,0,27,1
.vbs,"Code(""Script"")",1,0,26,1
.vbw,,1,0,4,1
.vcawin32,"Code(""Build"")",1,0,99,1
.vcwin32,"Code(""Build"")",1,0,99,1
.vcxitems,,1,0,2,1
.vde_vxlan,"Documentation(""General"")",1,0,18,1
.vers,,1,0,3,1
.version-info,,1,0,6,1
.versionrc,,1,0,3,1
.vertical_align,,1,0,39,1
.vgm,"Documentation(""General"")",1,0,32,1
.visualc,"Documentation(""General"")",1,0,87,1
.vital,,1,0,2,1
.vnc,"Code(""Build"")",1,0,2,1
.vrp,,1,0,0,1
.vrrp,,1,0,11,1
.vsixmanifest,,1,0,2,1
.vssscc,,1,0,10,1
.vt,,1,0,0,1
.vtt,"Data(""Text"")",1,0,41,1
.vys,,1,0,202,1
.w32-vc,"Code(""Build"")",1,0,2,1
.wapproj,,1,0,3,1
.wbmp,,1,1,0,1
.web,"Code(""Build"")",1,0,4,1
.webapp,,1,0,0,1
.wheelmouse,,1,0,5,1
.wheezy,,1,0,2,1
.widget,,1,0,18,1
.windows-x64,,1,0,7,1
.wip,,1,0,102,1
.with-categories,,1,0,2,1
.wmi,,1,1,0,1
.wml,,1,1,0,1
.wmmixer,"Documentation(""General"")",1,0,160,1
.wmsmixer,"Documentation(""General"")",1,0,62,1
.wmv,"Data(""Video"")",1,1,0,1
.wokeignore,,1,0,1,1
.wol,,1,0,3,1
.wox,,1,0,2,1
.wrapper,,1,0,61,1
.wrongext,,1,0,0,1
.wx,,1,0,2,1
.x-tex,,1,0,46,1
.xae,,1,0,248,1
.xc,,1,0,62,1
.xcsettings,,1,0,5,1
.xferlog,,1,0,50,1
.xhp,,1,0,8,1
.xiph,"Documentation(""Legal"")",1,0,2,1
.xjb,,1,0,24,1
.xkb,,1,0,18,1
.xlb,"Configuration(""Localization"")",1,0,2,1
".xml""",,1,0,0,1
.xover,"Documentation(""General"")",1,0,43,1
.xpress,"Documentation(""General"")",1,0,45,1
.xsession,,1,0,12,1
.xx,,1,0,23,1
.xxhash,"Documentation(""Legal"")",1,0,34,1
.xyz,"Data(""Text"")",1,0,99617,1
.yamlfmt,,1,0,7,1
.yarnrc,"Configuration(""DevEx"")",1,0,5,1
.yasnippet,,1,0,7,1
.yet,,1,0,118,1
".yml""",,1,0,0,1
.yml-disabled,,1,0,0,1
.yts,,1,0,2,1
.yuck,,1,0,2,1
.yuv,,1,0,293,1
.zdl,,1,1,0,1
.zdp,,1,1,0,1
.zlib_ng,"Code(""Build"")",1,0,19,1
.zzz,,1,0,10,1
0084_subscription_with_clause_0,,1,0,12,1
00_tuned,,1,0,2,1
00_wait_for_media,,1,0,2,1
00check,,1,0,2,1
00dist,,1,0,5,1
00readme,,1,0,4,1
018_various,,1,0,4,1
01_connect,,1,0,15,1
02_append_string,,1,0,35,1
03799ab60143654e260d91049a99551299b2a5,,1,1,0,1
03_message_to_file,,1,0,53,1
04_parse_headers,,1,0,21,1
051_softroot,,1,0,5,1
05_parse_headers_ssl,,1,0,26,1
05btrfs,,1,0,2,1
05customdir,,1,0,2,1
05lvm,,1,0,2,1
05zfs,,1,0,67,1
06-03-02,,1,1,0,1
06-05-00,,1,1,0,1
06-05-01,,1,1,0,1
06-05-02,,1,1,0,1
06-06-00,,1,1,0,1
06-06-05,,1,1,0,1
06-06-0d,,1,1,0,1
06-07-01,,1,1,0,1
06-07-02,,1,1,0,1
06-07-03,,1,1,0,1
06-08-0a,,1,1,0,1
06-09-05,,1,1,0,1
06-0a-00,,1,1,0,1
06-0a-01,,1,1,0,1
06-0b-01,,1,1,0,1
06-0b-04,,1,1,0,1
06-0d-06,,1,1,0,1
06-0e-08,,1,1,0,1
06-0e-0c,,1,1,0,1
06-0f-02,,1,1,0,1
06-0f-07,,1,1,0,1
06-0f-0a,,1,1,0,1
06-0f-0b,,1,1,0,1
06-0f-0d,,1,1,0,1
06-16-01,,1,1,0,1
06-17-06,,1,1,0,1
06-17-07,,1,1,0,1
06-17-0a,,1,1,0,1
06-1a-04,,1,1,0,1
06-1a-05,,1,1,0,1
06-1c-02,,1,1,0,1
06-1c-0a,,1,1,0,1
06-1d-01,,1,1,0,1
06-1e-05,,1,1,0,1
06-25-02,,1,1,0,1
06-25-05,,1,1,0,1
06-26-01,,1,1,0,1
06-2c-02,,1,1,0,1
06-2e-06,,1,1,0,1
06-2f-02,,1,1,0,1
06-37-08,,1,1,0,1
06-3e-06,,1,1,0,1
06-4c-03,,1,1,0,1
06-4c-04,,1,1,0,1
06-4d-08,,1,1,0,1
06-55-05,,1,1,0,1
06-5c-02,,1,1,0,1
06-66-03,,1,1,0,1
06-6a-05,,1,1,0,1
06-ae-01,,1,1,0,1
06-b5-00,,1,1,0,1
062_readonly_conf,,1,0,32,1
06_parse_headers_ssl_titi,,1,0,26,1
086a3aa337038cac8a75a05131444f222e48aee8,,1,0,1,1
09fsck,,1,0,2,1
0anacron,,1,0,4,1
0f-00-07,,1,1,0,1
0f-00-0a,,1,1,0,1
0f-01-02,,1,1,0,1
0f-02-04,,1,1,0,1
0f-02-05,,1,1,0,1
0f-02-06,,1,1,0,1
0f-02-07,,1,1,0,1
0f-02-09,,1,1,0,1
0f-03-02,,1,1,0,1
0f-03-03,,1,1,0,1
0f-03-04,,1,1,0,1
0f-04-01,,1,1,0,1
0f-04-03,,1,1,0,1
0f-04-04,,1,1,0,1
0f-04-07,,1,1,0,1
0f-04-08,,1,1,0,1
0f-04-09,,1,1,0,1
0f-04-0a,,1,1,0,1
0f-06-02,,1,1,0,1
0f-06-04,,1,1,0,1
0f-06-05,,1,1,0,1
0f-06-08,,1,1,0,1
0install,,1,0,2,1
1-motifs,,1,0,1,1
1-tiling-drag,,1,0,1,1
10,,1,0,1,1
10-dpkg,,1,0,2,1
10cc,,1,0,44,1
10dinge,,1,0,161,1
10magicrescue_defs,,1,0,3,1
114431182,,1,0,2,1
116495682_1,,1,0,2,1
134172128,,1,0,2,1
143431863,,1,0,2,1
145684916,,1,0,2,1
149757877,,1,0,2,1
149962816,,1,0,2,1
149962877,,1,0,2,1
150245846,,1,0,2,1
150280258,,1,0,2,1
150310130,,1,0,2,1
151151704,,1,0,2,1
151882032,,1,0,2,1
153757612,,1,0,2,1
153891703,,1,0,2,1
154985893,,1,0,2,1
155506346,,1,0,2,1
155578201,,1,0,2,1
155689090,,1,0,2,1
156414349,,1,0,2,1
157091836,,1,0,2,1
157921572,,1,0,2,1
159389429_08,,1,0,2,1
159389429_16,,1,0,2,1
159475529_1,,1,0,2,1
159475529_2,,1,0,2,1
159478550,,1,0,2,1
160997543,,1,0,2,1
161236205,,1,0,2,1
168158647,,1,0,2,1
1plus1,,1,0,2,1
2-focus-click,,1,0,1,1
2-tiling-drag-targets,,1,0,1,1
20-rpm,,1,0,2,1
200-write,,1,0,2,1
20251019wichrowski,,1,0,3,1
20251021wichrowski,,1,0,4,1
20251027wichrowski,,1,0,4,1
20251105wichrowski,,1,0,3,1
20251107reinhold,,1,0,5,1
20251110moulday,,1,0,3,1
20251121lucaheltai,,1,0,3,1
20251123tjhei,,1,0,3,1
212_en,,1,1,0,1
214120190,,1,0,2,1
221_en,,1,1,0,1
229_fr,,1,1,0,1
236_en,,1,1,0,1
255_en,,1,1,0,1
2614,,1,0,1636,1
261_en,,1,1,0,1
3-drag-cursor,,1,0,1,1
30-pacman,,1,0,2,1
34_en,,1,1,0,1
372_en,,1,1,0,1
377_en,,1,1,0,1
3dd951802bf189790e9a5cff9b269fd295896dbd3938f5518ec8f2e93c05fb57,,1,0,1,1
4,,1,0,1,1
4-drop-scratchpad,,1,0,1,1
400-notify-send,,1,0,2,1
45_en,,1,1,0,1
47b7ebef46fb8de5bdd1d911867e916c421871b9ebc694c31cbe3e8a74ee7a33,,1,0,1,1
4c6d9d6ba363e3352f7c21807ca3a7835072b2,,1,1,0,1
50-import-pools,,1,0,26,1
50chrootname,,1,0,2,1
50gtk-automagic,,1,0,36,1
50static-lto,,1,0,19,1
55cinnamon-session_gnomerc,,1,0,6,1
57_en,,1,1,0,1
5825285b785e1db13bf36d2d11a19aba41c6ae,,1,1,0,1
600-mail,,1,0,2,1
6fa527fd62979afab1d2346828c7e801daac32,,1,1,0,1
7-translation,,1,0,2,1
70services,,1,0,2,1
8-bar-font,,1,0,1,1
8-bar-output-trailing-whitespace,,1,0,1,1
819c39b998a284fe6dc7cdcfaa6fdca914d862401a2ba98644975fc54bba4e5e,,1,0,1,1
852_zh,,1,1,0,1
8bcd544b7573eefaad18c278473e5f255d10b8,,1,1,0,1
8ebaef2304e91465585c8d7fcf4d9f939e08d6b4,,1,0,1,1
9-bs-normal,,1,0,1,1
90-none,,1,0,2,1
90dep,,1,0,19,1
972_en,,1,1,0,1
98_en,,1,1,0,1
98_fa,,1,1,0,1
992_en,,1,1,0,1
995_en,,1,1,0,1
9b9a5984d19db4a566151374762e2628ec26b3,,1,1,0,1
9d891e731f75deae56884d79e9816736b7488080,,1,0,1,1
9eaf592a23b84a809ba68b7d37f1b8e9b7eef7c398cc4599b5137048348271eb,,1,0,1,1
[,,1,0,5,1
"\346\224\266\344\273\266\347\256\261""",,1,0,0,1
__abs__,,1,0,7,1
__add__,,1,0,7,1
__aenter__,,1,0,8,1
__aexit__,,1,0,7,1
__aiter__,,1,0,7,1
__and__,,1,0,7,1
__anext__,,1,0,7,1
__await__,,1,0,7,1
__bool__,,1,0,7,1
__bytes__,,1,0,7,1
__call__,,1,0,7,1
__ceil__,,1,0,7,1
__class_getitem__,,1,0,7,1
__cmp__,,1,0,7,1
__complex__,,1,0,7,1
__contains__,,1,0,8,1
__del__,,1,0,7,1
__delattr__,,1,0,7,1
__delete__,,1,0,7,1
__delitem__,,1,0,7,1
__dir__,,1,0,7,1
__div__,,1,0,7,1
__divmod__,,1,0,7,1
__enter__,,1,0,6,1
__eq__,,1,0,6,1
__exit__,,1,0,8,1
__float__,,1,0,7,1
__floor__,,1,0,7,1
__floordiv__,,1,0,7,1
__format__,,1,0,7,1
__ge__,,1,0,7,1
__get__,,1,0,7,1
__getattr__,,1,0,7,1
__getattribute__,,1,0,7,1
__getitem__,,1,0,8,1
__gt__,,1,0,7,1
__hash__,,1,0,7,1
__iadd__,,1,0,7,1
__iand__,,1,0,7,1
__idiv__,,1,0,7,1
__ifloordiv__,,1,0,7,1
__ilshift__,,1,0,7,1
__imatmul__,,1,0,7,1
__imod__,,1,0,7,1
__imul__,,1,0,7,1
__index__,,1,0,7,1
__init__,,1,0,6,1
__init__py,,1,0,0,1
__init_subclass__,,1,0,8,1
__instancecheck__,,1,0,7,1
__int__,,1,0,7,1
__invert__,,1,0,7,1
__ior__,,1,0,7,1
__ipow__,,1,0,7,1
__irshift__,,1,0,7,1
__isub__,,1,0,7,1
__iter__,,1,0,7,1
__itruediv__,,1,0,7,1
__ixor__,,1,0,7,1
__le__,,1,0,7,1
__len__,,1,0,6,1
__length_hint__,,1,0,7,1
__lshift__,,1,0,7,1
__lt__,,1,0,7,1
__matmul__,,1,0,7,1
__mod__,,1,0,7,1
__mul__,,1,0,7,1
__ne__,,1,0,7,1
__neg__,,1,0,7,1
__new__,,1,0,4,1
__next__,,1,0,7,1
__or__,,1,0,7,1
__pos__,,1,0,7,1
__pow__,,1,0,7,1
__prepare__,,1,0,7,1
__radd__,,1,0,7,1
__rand__,,1,0,7,1
__rdivmod__,,1,0,7,1
__repr__,,1,0,6,1
__reversed__,,1,0,7,1
__rfloordiv__,,1,0,7,1
__rlshift__,,1,0,7,1
__rmatmul__,,1,0,7,1
__rmod__,,1,0,7,1
__rmul__,,1,0,7,1
__ror__,,1,0,7,1
__round__,,1,0,7,1
__rpow__,,1,0,7,1
__rrshift__,,1,0,7,1
__rshift__,,1,0,7,1
__rsub__,,1,0,7,1
__rtruediv__,,1,0,7,1
__rxor__,,1,0,7,1
__set__,,1,0,7,1
__set_name__,,1,0,7,1
__setattr__,,1,0,7,1
__setitem__,,1,0,8,1
__slots__,,1,0,7,1
__str__,,1,0,6,1
__sub__,,1,0,7,1
__subclasscheck__,,1,0,7,1
__truediv__,,1,0,7,1
__trunc__,,1,0,7,1
__xor__,,1,0,7,1
_archinstallscripts,,1,0,0,1
_augmatch,,1,0,66,1
_augparse,,1,0,56,1
_augprint,,1,0,61,1
_cap,,1,0,10,1
_certbot,,1,0,262,1
_clang-format,,1,0,1,1
_cyme,,1,0,2,1
_diskutil,,1,0,634,1
_dust,,1,0,3,1
_eix-layman,,1,0,16,1
_eix-remote,,1,0,4,1
_ekeyword,,1,0,23,1
_fnottctl,,1,0,1,1
_foot,,1,0,1,1
_footclient,,1,0,1,1
_g-cpan,,1,0,25,1
_gentoo_repos_conf,,1,0,55,1
_ghq,,1,0,1,1
_jp2a,,1,0,50,1
_lftp,,1,0,0,1
_lr,,1,0,10,1
_mise,,1,0,2,1
_pass-update,,1,0,2,1
_progress,,1,0,25,1
_pybugz,,1,0,0,1
_run,,1,0,27,1
_screencapture,,1,0,3,1
_scrot,,1,0,9,1
_selx,,1,0,15,1
_service,,1,0,5,1
_sf,,1,0,5,1
_show,,1,0,4,1
_sslscan,,1,0,98,1
_sxcs,,1,0,17,1
_test_tpm2_save_load_state_locking,,1,0,2,1
_textutil,,1,0,78,1
_tremc,,1,0,6,1
_ug,,1,0,2,1
_ug+,,1,0,2,1
_ugrep,,1,0,2,1
_ugrep+,,1,0,2,1
_vifm,,1,0,1,1
_wgetpaste,,1,0,1,1
_xe,,1,0,20,1
_xpanes,,1,0,1,1
_yamllint,,1,0,54,1
a,,1,0,0,1
a2,,1,0,0,1
a_file,,1,0,0,1
aa,,1,0,1542,1
abbrev,,1,0,8,1
abi,,1,0,16,1
abi-compliance-checker,,1,0,1,1
abootimg-pack-initrd,,1,0,0,1
abootimg-unpack-initrd,,1,0,0,1
abstract-theory,,1,0,11,1
acc_examples,,1,0,2,1
account,,1,0,1,1
accuraterip-checksum,,1,0,4,1
actions-readme,,1,0,821,1
activate-hermit,,1,0,21,1
add,,1,1,0,1
addfromifmissing,,1,0,29,1
addfromifmissing2,,1,0,9,1
additional_license_info,,1,0,37,1
addjailsw,,1,0,196,1
addjailuser,,1,0,82,1
addlisting,,1,0,8,1
addrmap-common,,1,0,29,1
addrmap-overlap-begin,,1,0,9,1
addrmap-overlap-end,,1,0,9,1
addrmap-reduce,,1,0,10,1
addrmap-replace,,1,0,9,1
addrmap-single-begin,,1,0,9,1
addrmap-single-end,,1,0,9,1
addrmap-single-middle,,1,0,9,1
addrxlat-aarch64-16k,,1,0,31,1
addrxlat-aarch64-4k,,1,0,34,1
addrxlat-aarch64-64k,,1,0,29,1
addrxlat-aarch64-lpa-64k,,1,0,31,1
addrxlat-aarch64-lpa2-16k,,1,0,33,1
addrxlat-aarch64-lpa2-4k,,1,0,37,1
addrxlat-arm-short,,1,0,74,1
addrxlat-common,,1,0,28,1
addrxlat-ia32,,1,0,13,1
addrxlat-ia32-pae,,1,0,26,1
addrxlat-identity,,1,0,15,1
addrxlat-invalid,,1,0,23,1
addrxlat-invalid-aarch64-16k,,1,0,39,1
addrxlat-invalid-aarch64-4k,,1,0,26,1
addrxlat-invalid-aarch64-64k,,1,0,23,1
addrxlat-invalid-aarch64-lpa-64k,,1,0,21,1
addrxlat-invalid-aarch64-lpa2-16k,,1,0,25,1
addrxlat-invalid-aarch64-lpa2-4k,,1,0,27,1
addrxlat-invalid-ia32,,1,0,11,1
addrxlat-invalid-ia32-pae,,1,0,11,1
addrxlat-invalid-pfn32,,1,0,12,1
addrxlat-invalid-pfn64,,1,0,12,1
addrxlat-invalid-s390x-2l,,1,0,15,1
addrxlat-invalid-s390x-5l,,1,0,42,1
addrxlat-invalid-x86_64,,1,0,11,1
addrxlat-linear,,1,0,37,1
addrxlat-memarr,,1,0,62,1
addrxlat-null,,1,0,15,1
addrxlat-pfn32,,1,0,19,1
addrxlat-pfn64,,1,0,19,1
addrxlat-ppc64-64k,,1,0,41,1
addrxlat-riscv-sv39,,1,0,28,1
addrxlat-riscv-sv48,,1,0,32,1
addrxlat-riscv-sv57,,1,0,37,1
addrxlat-s390x-2l,,1,0,21,1
addrxlat-s390x-3l,,1,0,26,1
addrxlat-s390x-4l,,1,0,30,1
addrxlat-s390x-5l,,1,0,29,1
addrxlat-table,,1,0,63,1
addrxlat-x86_64-4l,,1,0,33,1
addrxlat-x86_64-5l,,1,0,37,1
addrxlat-x86_64-sme,,1,0,33,1
adfls_dir1_1_long_msys,,1,0,4,1
adfls_file_long_msys,,1,0,1,1
adfls_hardlink_dir_msys,,1,0,1,1
adfls_hardlink_file_msys,,1,0,1,1
adfls_main_dir_long_msys,,1,0,7,1
adfls_main_dir_msys,,1,0,7,1
adfls_softlink_msys,,1,0,1,1
adjacent_find_config_template,,1,0,20,1
adv-socat,,1,0,32,1
adv-socat-endpoint,,1,0,33,1
adv-standalone,,1,0,29,1
adv-standalone-endpoint,,1,0,31,1
advanced,,1,0,8,1
affiliation,,1,0,27,1
afio_pack_gpg,,1,0,34,1
afio_pack_gpg_zip,,1,0,37,1
afio_unpack_gpg,,1,0,10,1
afio_unpack_gpg_zip,,1,0,10,1
afl-cmin,,1,0,2,1
afl-plot,,1,0,2,1
afn,,1,0,7,1
afnr,,1,0,7,1
afns,,1,0,7,1
afnw,,1,0,7,1
after_deploy,,1,0,10,1
ai0-sourcehanmono,,1,0,65535,1
ainm-b,,1,0,1,1
ainm-f,,1,0,1,1
airodump-ng-oui-update,,1,0,2,1
airsaned,,1,0,33,1
alaska,,1,0,2,1
alias-with,,1,0,8,1
alias1,,1,0,8,1
alias1-with,,1,0,8,1
alias2,,1,0,8,1
alias2-with,,1,0,8,1
aliaswith,,1,0,6,1
aliaswith1,,1,0,6,1
aliaswith2,,1,0,6,1
alice,,1,0,0,1
all-wcprops,,1,0,47,1
allnewnoad,,1,0,19,1
allnoad,,1,0,18,1
allnoadnice,,1,0,14,1
almalinux,,1,0,1,1
alpine,,1,0,2,1
amanda-catalog,,1,0,42,1
amazon,,1,0,10,1
ambiance,,1,0,2,1
amdfan,,1,0,8,1
amix,,1,0,2,1
amsterdam,,1,1,0,1
and1,,1,0,8,1
and2,,1,0,8,1
ann_script_list,,1,0,5,1
announce-gen,,1,0,82,1
ansilove,,1,0,1,1
answers,,1,0,2,1
aoe-mkdevs,,1,0,61,1
aoe-version,,1,0,53,1
apache-badbots,,1,0,3,1
apache-fakegooglebot,,1,0,2,1
apache2,,1,0,2,1
apache_vhosts,,1,0,2,1
apertium-filter-rules,,1,0,58,1
api-requirements,,1,0,14,1
apic,,1,1,0,1
apost,,1,0,13,1
app,,1,0,2,1
append,,1,0,53,1
appimage_apprun_wrapper,,1,0,0,1
applauncher_aarch64,,1,1,0,1
applauncher_x64,,1,1,0,1
applauncher_x86_64,,1,1,0,1
apply-args,,1,0,8,1
apply-format,,1,0,3,1
apply-in,,1,0,8,1
apply-proof-term,,1,0,8,1
apt-pinvoke,,1,0,2,1
aranet4,,1,0,195,1
arcconf31000,,1,0,293,1
arch,,1,0,0,1
arch-syscall-validate,,1,0,2,1
arch-update,,1,0,23,1
arch_retrieve,,1,0,2,1
arch_trunc,,1,0,2,1
archive-contents,,1,0,1,1
archlinux,,1,0,7,1
arcinfo,,1,0,124,1
arg_positional,,1,0,4,1
argtable3,,1,0,2,1
aria2c,,1,0,2,1
arno-fwfilter,,1,0,10,1
artistic,,1,0,113,1
arxiv,,1,0,10,1
as,,1,0,2,1
asan_blacklist,,1,0,1,1
ase,,1,0,6,1
asio,,1,0,2,1
asn2c,,1,0,2,1
asne,,1,0,6,1
asr,,1,0,7,1
assembly_exception,,1,0,27,1
assertequal,,1,0,2,1
assertfalse,,1,0,2,1
assertin,,1,0,2,1
assertnotequal,,1,0,2,1
assertnotin,,1,0,2,1
assertraises,,1,0,2,1
asserttrue,,1,0,2,1
assign,,1,0,8,1
assumptionviolatedexceptionwithoutvalueandmatchercanbereserialized_v4_13,,1,1,0,1
assumptionviolatedexceptionwithvalueandmatchercanbereserialized_v4_13,,1,1,0,1
async-while,,1,0,13,1
at,,1,1,0,1
atomsp,,1,0,2,1
attributes_test,,1,0,11,1
augmatch,,1,0,0,1
augprint,,1,0,0,1
augtool,,1,0,0,1
austlii,,1,0,9,1
auth,,1,1,0,1
authenticators,,1,0,4,1
auto,,1,0,7,1
auto-completion,,1,0,0,1
autobuild,,1,0,9,1
automap_languages,,1,0,11,1
automatic,,1,0,0,1
automaticcomponenttoolkit,,1,0,2,1
autorandr,,1,0,9,1
autostart,,1,0,1,1
autotest-daemon-monitor,,1,0,4,1
autotest-db-delete-job,,1,0,2,1
autotest-install-packages-deps,,1,0,1,1
awg,,1,0,0,1
aws-c-auth,,1,0,2,1
aws-c-s3,,1,0,2,1
aws_s3_object_manifests-etcdmanager-cilium-master-us-test-1a_content,,1,0,6,1
aws_s3_object_manifests-etcdmanager-events-control-plane-fr-par-1_content,,1,0,6,1
aws_s3_object_manifests-etcdmanager-events-master-fsn1_content,,1,0,6,1
aws_s3_object_manifests-etcdmanager-events-master-us-test1-b_content,,1,0,6,1
aws_s3_object_manifests-etcdmanager-events-master-us-test1-c_content,,1,0,6,1
aws_s3_object_manifests-etcdmanager-main-control-plane-fr-par-1_content,,1,0,6,1
aws_s3_object_manifests-etcdmanager-main-master-fsn1_content,,1,0,6,1
aws_s3_object_manifests-etcdmanager-main-master-us-test1-b_content,,1,0,6,1
aws_s3_object_manifests-etcdmanager-main-master-us-test1-c_content,,1,0,6,1
axiom,,1,0,7,1
axiomatized,,1,0,7,1
azote,,1,0,5,1
azure-disk,,1,0,29,1
azure-unmanaged-sriov,,1,0,25,1
b1,,1,0,0,1
b2,,1,0,0,1
ba528234d9f6949ed9c9626c08a782f6e7c15b8b,,1,0,1,1
background_resize,,1,0,6,1
background_stretch,,1,0,4,1
backup_old_dist,,1,0,36,1
backuppc_archivehost,,1,0,30,1
backuppc_refcountupdate,,1,0,29,1
backuppc_restore,,1,0,23,1
bad-smt,,1,0,8,1
bad_request_test,,1,0,2,1
badmailfromto,,1,0,4,1
bandit,,1,0,1,1
bandwidth,,1,0,8,1
bang,,1,0,2,1
barnyard2,,1,0,2,1
base_url,,1,0,2,1
basic_entity_tests,,1,0,11,1
batman_plot,,1,0,13,1
bats-all,,1,0,1,1
bats-preprocess,,1,0,7,1
batteries,,1,0,40,1
battery,,1,0,0,1
bbcnews,,1,0,9,1
becareful,,1,0,2,1
beers,,1,0,2,1
befor64,,1,0,2,1
before_deploy,,1,0,58,1
before_install,,1,0,21,1
before_install_darwin,,1,0,2,1
begin,,1,0,17,1
bench,,1,0,1,1
bench-syntax,,1,0,2,1
bench_as,,1,1,0,1
bench_max_retries,,1,1,0,1
big5hkscs,,1,0,0,1
bind_source_test,,1,0,2,1
bindings,,1,0,0,1
bionic,,1,0,7,1
bitfile,,1,0,24,1
black,,1,0,4,1
blackandwhite,,1,0,125,1
blackbox_cat,,1,0,2,1
blackbox_decrypt_all_files,,1,0,2,1
blackbox_decrypt_file,,1,0,2,1
blackbox_deregister_file,,1,0,2,1
blackbox_diff,,1,0,2,1
blackbox_edit,,1,0,2,1
blackbox_edit_end,,1,0,2,1
blackbox_edit_start,,1,0,2,1
blackbox_list_admins,,1,0,2,1
blackbox_list_files,,1,0,2,1
blackbox_listadmins,,1,0,2,1
blackbox_postdeploy,,1,0,2,1
blackbox_removeadmin,,1,0,2,1
blackbox_shred_all_files,,1,0,2,1
blackbox_update_all_files,,1,0,2,1
blackbox_view,,1,0,2,1
blackbox_whatsnew,,1,0,51,1
blame__git,,1,0,0,1
blame__linux,,1,0,0,1
blame__simple,,1,0,0,1
blconf,,1,0,331,1
blink1-tool,,1,0,1,1
blueprint-compiler,,1,0,5,1
blurb,,1,0,36,1
bnx2,,1,0,47,1
bnxt_en,,1,0,500,1
bob,,1,0,0,1
boeufbourguignon,,1,0,29,1
book,,1,0,2,1
bookfinder,,1,0,12,1
bookinbook,,1,0,2,1
bookmarks,,1,0,2,1
boost,,1,0,1,1
bottom,,1,0,176,1
bottom1,,1,0,7,1
bottom2,,1,0,2,1
boundingsphere,,1,0,7,1
bounds_dq1,,1,0,0,1
bounds_dq2,,1,0,0,1
bounds_dq3,,1,0,0,1
bounds_dq4,,1,0,0,1
bounds_dq5,,1,0,0,1
bounds_dq6,,1,0,0,1
bpsync,,1,0,7,1
branches,,1,0,17,1
brave,,1,0,2,1
breakingnews,,1,0,37,1
brewfile-static_deps_all,,1,0,2,1
brewfile-travis,,1,0,1,1
brfac10,,1,0,10351,1
brfac1001,,1,0,464,1
brfac1002,,1,0,480,1
brfac1003,,1,0,462,1
brfac1004,,1,0,524,1
brfac1005,,1,0,490,1
brfac1006,,1,0,541,1
brfac1007,,1,0,469,1
brfac1008,,1,0,627,1
brfac1009,,1,0,602,1
brfac101,,1,0,1103,1
brfac1010,,1,0,539,1
brfac1011,,1,0,563,1
brfac1012,,1,0,463,1
brfac1013,,1,0,482,1
brfac1014,,1,0,655,1
brfac1015,,1,0,546,1
brfac1016,,1,0,475,1
brfac1017,,1,0,463,1
brfac1018,,1,0,477,1
brfac1019,,1,0,497,1
brfac102,,1,0,1077,1
brfac1020,,1,0,563,1
brfac1021,,1,0,490,1
brfac1022,,1,0,541,1
brfac1023,,1,0,483,1
brfac1025,,1,0,471,1
brfac1026,,1,0,515,1
brfac1027,,1,0,471,1
brfac1028,,1,0,552,1
brfac1029,,1,0,487,1
brfac103,,1,0,1126,1
brfac1030,,1,0,465,1
brfac1031,,1,0,496,1
brfac1032,,1,0,529,1
brfac1033,,1,0,492,1
brfac1034,,1,0,460,1
brfac1035,,1,0,563,1
brfac1036,,1,0,481,1
brfac1037,,1,0,533,1
brfac1038,,1,0,460,1
brfac1039,,1,0,487,1
brfac104,,1,0,1105,1
brfac1040,,1,0,452,1
brfac1041,,1,0,456,1
brfac1042,,1,0,541,1
brfac1043,,1,0,441,1
brfac1044,,1,0,465,1
brfac1045,,1,0,481,1
brfac1046,,1,0,466,1
brfac1047,,1,0,455,1
brfac1048,,1,0,482,1
brfac1049,,1,0,560,1
brfac105,,1,0,1065,1
brfac1050,,1,0,560,1
brfac1051,,1,0,489,1
brfac1052,,1,0,465,1
brfac1053,,1,0,493,1
brfac1054,,1,0,551,1
brfac1055,,1,0,470,1
brfac1056,,1,0,565,1
brfac1057,,1,0,537,1
brfac1058,,1,0,782,1
brfac1059,,1,0,539,1
brfac106,,1,0,1087,1
brfac1060,,1,0,521,1
brfac1061,,1,0,482,1
brfac1062,,1,0,533,1
brfac1063,,1,0,491,1
brfac1064,,1,0,556,1
brfac1065,,1,0,485,1
brfac1066,,1,0,538,1
brfac1067,,1,0,480,1
brfac1068,,1,0,508,1
brfac1069,,1,0,476,1
brfac107,,1,0,1142,1
brfac1070,,1,0,454,1
brfac1071,,1,0,538,1
brfac1072,,1,0,520,1
brfac1073,,1,0,559,1
brfac1074,,1,0,478,1
brfac1075,,1,0,529,1
brfac1076,,1,0,465,1
brfac1077,,1,0,504,1
brfac1078,,1,0,564,1
brfac1079,,1,0,453,1
brfac108,,1,0,1315,1
brfac1080,,1,0,615,1
brfac1081,,1,0,466,1
brfac1082,,1,0,454,1
brfac1083,,1,0,740,1
brfac1084,,1,0,469,1
brfac1085,,1,0,476,1
brfac1086,,1,0,511,1
brfac1087,,1,0,580,1
brfac1088,,1,0,473,1
brfac109,,1,0,1102,1
brfac1090,,1,0,539,1
brfac1091,,1,0,501,1
brfac1092,,1,0,469,1
brfac1093,,1,0,490,1
brfac1094,,1,0,558,1
brfac1095,,1,0,456,1
brfac1096,,1,0,494,1
brfac1097,,1,0,571,1
brfac1098,,1,0,508,1
brfac1099,,1,0,450,1
brfac11,,1,0,4338,1
brfac110,,1,0,1067,1
brfac1100,,1,0,565,1
brfac1101,,1,0,468,1
brfac1102,,1,0,477,1
brfac1103,,1,0,464,1
brfac1104,,1,0,460,1
brfac1105,,1,0,445,1
brfac1106,,1,0,451,1
brfac1107,,1,0,547,1
brfac1108,,1,0,434,1
brfac1109,,1,0,470,1
brfac111,,1,0,1096,1
brfac1110,,1,0,534,1
brfac1111,,1,0,465,1
brfac1112,,1,0,474,1
brfac1113,,1,0,549,1
brfac1114,,1,0,472,1
brfac1115,,1,0,487,1
brfac1116,,1,0,569,1
brfac1117,,1,0,482,1
brfac1118,,1,0,475,1
brfac1119,,1,0,484,1
brfac112,,1,0,1127,1
brfac1120,,1,0,580,1
brfac1121,,1,0,534,1
brfac1122,,1,0,544,1
brfac1123,,1,0,473,1
brfac1124,,1,0,478,1
brfac1125,,1,0,558,1
brfac1126,,1,0,434,1
brfac1127,,1,0,521,1
brfac1128,,1,0,471,1
brfac1129,,1,0,456,1
brfac113,,1,0,1069,1
brfac1130,,1,0,444,1
brfac1131,,1,0,529,1
brfac1132,,1,0,497,1
brfac1133,,1,0,450,1
brfac1134,,1,0,586,1
brfac1135,,1,0,472,1
brfac1136,,1,0,491,1
brfac1137,,1,0,455,1
brfac1138,,1,0,432,1
brfac1139,,1,0,469,1
brfac114,,1,0,1094,1
brfac1140,,1,0,478,1
brfac1141,,1,0,459,1
brfac1142,,1,0,456,1
brfac1143,,1,0,476,1
brfac1144,,1,0,535,1
brfac1145,,1,0,451,1
brfac1146,,1,0,450,1
brfac1147,,1,0,544,1
brfac1148,,1,0,493,1
brfac1149,,1,0,481,1
brfac115,,1,0,1096,1
brfac1150,,1,0,535,1
brfac1151,,1,0,480,1
brfac1152,,1,0,739,1
brfac1153,,1,0,474,1
brfac1154,,1,0,528,1
brfac1155,,1,0,449,1
brfac1157,,1,0,469,1
brfac1158,,1,0,463,1
brfac1159,,1,0,443,1
brfac116,,1,0,1100,1
brfac1160,,1,0,569,1
brfac1161,,1,0,462,1
brfac1162,,1,0,454,1
brfac1163,,1,0,472,1
brfac1164,,1,0,518,1
brfac1165,,1,0,455,1
brfac1166,,1,0,470,1
brfac1167,,1,0,456,1
brfac1168,,1,0,549,1
brfac1169,,1,0,462,1
brfac117,,1,0,1149,1
brfac1170,,1,0,536,1
brfac1171,,1,0,480,1
brfac1172,,1,0,466,1
brfac1173,,1,0,460,1
brfac1174,,1,0,471,1
brfac1175,,1,0,524,1
brfac1176,,1,0,637,1
brfac1177,,1,0,467,1
brfac1178,,1,0,479,1
brfac1179,,1,0,538,1
brfac118,,1,0,1102,1
brfac1180,,1,0,471,1
brfac1181,,1,0,556,1
brfac1182,,1,0,471,1
brfac1183,,1,0,629,1
brfac1184,,1,0,537,1
brfac1185,,1,0,483,1
brfac1186,,1,0,466,1
brfac1187,,1,0,470,1
brfac1188,,1,0,473,1
brfac1189,,1,0,571,1
brfac119,,1,0,1074,1
brfac1190,,1,0,510,1
brfac1191,,1,0,507,1
brfac1192,,1,0,473,1
brfac1193,,1,0,568,1
brfac1194,,1,0,464,1
brfac1195,,1,0,438,1
brfac1196,,1,0,466,1
brfac1197,,1,0,463,1
brfac1198,,1,0,522,1
brfac1199,,1,0,442,1
brfac12,,1,0,4816,1
brfac120,,1,0,1126,1
brfac1200,,1,0,707,1
brfac1201,,1,0,438,1
brfac1202,,1,0,401,1
brfac1203,,1,0,423,1
brfac1204,,1,0,411,1
brfac1205,,1,0,414,1
brfac1206,,1,0,388,1
brfac1207,,1,0,407,1
brfac1208,,1,0,447,1
brfac1209,,1,0,417,1
brfac1210,,1,0,547,1
brfac1211,,1,0,410,1
brfac1212,,1,0,480,1
brfac1213,,1,0,439,1
brfac1214,,1,0,406,1
brfac1215,,1,0,567,1
brfac1216,,1,0,486,1
brfac1217,,1,0,451,1
brfac1218,,1,0,403,1
brfac1219,,1,0,416,1
brfac122,,1,0,1082,1
brfac1220,,1,0,399,1
brfac1221,,1,0,390,1
brfac1222,,1,0,394,1
brfac1223,,1,0,512,1
brfac1224,,1,0,446,1
brfac1226,,1,0,410,1
brfac1227,,1,0,427,1
brfac1228,,1,0,467,1
brfac1229,,1,0,512,1
brfac123,,1,0,1075,1
brfac1230,,1,0,414,1
brfac1231,,1,0,427,1
brfac1232,,1,0,411,1
brfac1233,,1,0,405,1
brfac1234,,1,0,384,1
brfac1235,,1,0,401,1
brfac1236,,1,0,398,1
brfac1237,,1,0,432,1
brfac1238,,1,0,393,1
brfac1239,,1,0,417,1
brfac124,,1,0,1067,1
brfac1240,,1,0,499,1
brfac1241,,1,0,401,1
brfac1242,,1,0,453,1
brfac1243,,1,0,485,1
brfac1244,,1,0,414,1
brfac1245,,1,0,405,1
brfac1246,,1,0,481,1
brfac1247,,1,0,412,1
brfac1248,,1,0,521,1
brfac1249,,1,0,438,1
brfac1250,,1,0,638,1
brfac1251,,1,0,444,1
brfac1252,,1,0,478,1
brfac1253,,1,0,393,1
brfac1254,,1,0,413,1
brfac1255,,1,0,408,1
brfac1256,,1,0,405,1
brfac1257,,1,0,403,1
brfac1258,,1,0,410,1
brfac1259,,1,0,509,1
brfac126,,1,0,1141,1
brfac1260,,1,0,534,1
brfac1261,,1,0,491,1
brfac1262,,1,0,425,1
brfac1263,,1,0,422,1
brfac1264,,1,0,466,1
brfac1265,,1,0,409,1
brfac1266,,1,0,447,1
brfac1267,,1,0,399,1
brfac1268,,1,0,413,1
brfac1269,,1,0,415,1
brfac127,,1,0,1179,1
brfac1270,,1,0,420,1
brfac1271,,1,0,414,1
brfac1272,,1,0,418,1
brfac1273,,1,0,409,1
brfac1274,,1,0,501,1
brfac1275,,1,0,447,1
brfac1276,,1,0,450,1
brfac1277,,1,0,448,1
brfac1278,,1,0,461,1
brfac1279,,1,0,421,1
brfac1280,,1,0,470,1
brfac1281,,1,0,405,1
brfac1282,,1,0,401,1
brfac1283,,1,0,438,1
brfac1284,,1,0,406,1
brfac1285,,1,0,405,1
brfac1286,,1,0,480,1
brfac1287,,1,0,494,1
brfac1288,,1,0,492,1
brfac1289,,1,0,415,1
brfac129,,1,0,1108,1
brfac1290,,1,0,395,1
brfac1291,,1,0,512,1
brfac1292,,1,0,424,1
brfac1293,,1,0,408,1
brfac1294,,1,0,408,1
brfac1295,,1,0,376,1
brfac1297,,1,0,452,1
brfac1298,,1,0,413,1
brfac1299,,1,0,432,1
brfac13,,1,0,4030,1
brfac130,,1,0,1078,1
brfac1300,,1,0,519,1
brfac1301,,1,0,426,1
brfac1302,,1,0,415,1
brfac1303,,1,0,441,1
brfac1304,,1,0,444,1
brfac1305,,1,0,403,1
brfac1306,,1,0,409,1
brfac1307,,1,0,451,1
brfac1308,,1,0,499,1
brfac1309,,1,0,398,1
brfac131,,1,0,1124,1
brfac1310,,1,0,396,1
brfac1311,,1,0,443,1
brfac1312,,1,0,496,1
brfac1313,,1,0,424,1
brfac1314,,1,0,426,1
brfac1315,,1,0,399,1
brfac1316,,1,0,414,1
brfac1317,,1,0,415,1
brfac1318,,1,0,415,1
brfac1319,,1,0,450,1
brfac132,,1,0,1072,1
brfac1320,,1,0,489,1
brfac1321,,1,0,426,1
brfac1322,,1,0,396,1
brfac1323,,1,0,662,1
brfac1324,,1,0,400,1
brfac1325,,1,0,410,1
brfac1326,,1,0,386,1
brfac1327,,1,0,432,1
brfac1328,,1,0,390,1
brfac1329,,1,0,399,1
brfac133,,1,0,1057,1
brfac1330,,1,0,394,1
brfac1332,,1,0,423,1
brfac1333,,1,0,397,1
brfac1334,,1,0,396,1
brfac1335,,1,0,468,1
brfac1336,,1,0,457,1
brfac1337,,1,0,403,1
brfac1338,,1,0,392,1
brfac1339,,1,0,481,1
brfac134,,1,0,1035,1
brfac1340,,1,0,414,1
brfac1341,,1,0,413,1
brfac1342,,1,0,390,1
brfac1343,,1,0,469,1
brfac1344,,1,0,424,1
brfac1345,,1,0,383,1
brfac1346,,1,0,414,1
brfac1347,,1,0,397,1
brfac1348,,1,0,394,1
brfac1349,,1,0,399,1
brfac135,,1,0,1136,1
brfac1350,,1,0,566,1
brfac1351,,1,0,391,1
brfac1352,,1,0,623,1
brfac1353,,1,0,407,1
brfac1354,,1,0,395,1
brfac1355,,1,0,411,1
brfac1356,,1,0,411,1
brfac1357,,1,0,403,1
brfac1358,,1,0,410,1
brfac1359,,1,0,404,1
brfac136,,1,0,1048,1
brfac1360,,1,0,489,1
brfac1361,,1,0,437,1
brfac1362,,1,0,459,1
brfac1363,,1,0,405,1
brfac1364,,1,0,475,1
brfac1365,,1,0,411,1
brfac1366,,1,0,500,1
brfac1367,,1,0,450,1
brfac1368,,1,0,467,1
brfac137,,1,0,1094,1
brfac1370,,1,0,396,1
brfac1371,,1,0,450,1
brfac1372,,1,0,552,1
brfac1373,,1,0,425,1
brfac1374,,1,0,389,1
brfac1375,,1,0,493,1
brfac1376,,1,0,480,1
brfac1377,,1,0,426,1
brfac1378,,1,0,394,1
brfac1379,,1,0,390,1
brfac138,,1,0,1075,1
brfac1380,,1,0,402,1
brfac1381,,1,0,415,1
brfac1382,,1,0,408,1
brfac1383,,1,0,433,1
brfac1384,,1,0,411,1
brfac1385,,1,0,391,1
brfac1386,,1,0,453,1
brfac1387,,1,0,398,1
brfac1388,,1,0,487,1
brfac1389,,1,0,376,1
brfac139,,1,0,831,1
brfac1390,,1,0,511,1
brfac1391,,1,0,394,1
brfac1392,,1,0,496,1
brfac1393,,1,0,412,1
brfac1394,,1,0,399,1
brfac1395,,1,0,468,1
brfac1396,,1,0,414,1
brfac1397,,1,0,394,1
brfac1398,,1,0,385,1
brfac1399,,1,0,421,1
brfac14,,1,0,2741,1
brfac140,,1,0,823,1
brfac1400,,1,0,488,1
brfac1401,,1,0,388,1
brfac1402,,1,0,382,1
brfac1403,,1,0,387,1
brfac1404,,1,0,512,1
brfac1405,,1,0,404,1
brfac1406,,1,0,471,1
brfac1407,,1,0,398,1
brfac1408,,1,0,501,1
brfac1409,,1,0,428,1
brfac141,,1,0,698,1
brfac1410,,1,0,457,1
brfac1411,,1,0,499,1
brfac1412,,1,0,489,1
brfac1413,,1,0,397,1
brfac1414,,1,0,408,1
brfac1415,,1,0,481,1
brfac1416,,1,0,485,1
brfac1417,,1,0,393,1
brfac1418,,1,0,408,1
brfac1419,,1,0,486,1
brfac142,,1,0,746,1
brfac1420,,1,0,476,1
brfac1421,,1,0,400,1
brfac1422,,1,0,457,1
brfac1423,,1,0,445,1
brfac1424,,1,0,395,1
brfac1425,,1,0,396,1
brfac1426,,1,0,406,1
brfac1427,,1,0,442,1
brfac1428,,1,0,472,1
brfac1429,,1,0,499,1
brfac143,,1,0,702,1
brfac1430,,1,0,395,1
brfac1431,,1,0,439,1
brfac1432,,1,0,390,1
brfac1433,,1,0,500,1
brfac1434,,1,0,404,1
brfac1435,,1,0,392,1
brfac1436,,1,0,405,1
brfac1437,,1,0,405,1
brfac1438,,1,0,408,1
brfac1439,,1,0,511,1
brfac1440,,1,0,547,1
brfac1441,,1,0,379,1
brfac1442,,1,0,395,1
brfac1443,,1,0,387,1
brfac1444,,1,0,9,1
brfac1445,,1,0,481,1
brfac1446,,1,0,393,1
brfac1447,,1,0,421,1
brfac1448,,1,0,406,1
brfac1449,,1,0,391,1
brfac145,,1,0,690,1
brfac1450,,1,0,480,1
brfac1451,,1,0,427,1
brfac1452,,1,0,645,1
brfac1453,,1,0,430,1
brfac1454,,1,0,405,1
brfac1455,,1,0,477,1
brfac1456,,1,0,517,1
brfac1457,,1,0,407,1
brfac1458,,1,0,661,1
brfac1459,,1,0,450,1
brfac146,,1,0,793,1
brfac1460,,1,0,396,1
brfac1461,,1,0,419,1
brfac1462,,1,0,417,1
brfac1463,,1,0,446,1
brfac1464,,1,0,448,1
brfac1465,,1,0,488,1
brfac1466,,1,0,399,1
brfac1467,,1,0,413,1
brfac1468,,1,0,412,1
brfac1469,,1,0,401,1
brfac147,,1,0,1024,1
brfac1470,,1,0,505,1
brfac1471,,1,0,423,1
brfac1472,,1,0,484,1
brfac1473,,1,0,394,1
brfac1474,,1,0,379,1
brfac1475,,1,0,490,1
brfac1476,,1,0,400,1
brfac1477,,1,0,415,1
brfac1478,,1,0,390,1
brfac1479,,1,0,425,1
brfac148,,1,0,740,1
brfac1480,,1,0,474,1
brfac1481,,1,0,430,1
brfac1482,,1,0,407,1
brfac1483,,1,0,433,1
brfac1484,,1,0,425,1
brfac1485,,1,0,399,1
brfac1486,,1,0,471,1
brfac1487,,1,0,505,1
brfac1488,,1,0,494,1
brfac1489,,1,0,428,1
brfac149,,1,0,963,1
brfac1490,,1,0,391,1
brfac1491,,1,0,389,1
brfac1492,,1,0,392,1
brfac1493,,1,0,509,1
brfac1494,,1,0,469,1
brfac1495,,1,0,490,1
brfac1496,,1,0,426,1
brfac1497,,1,0,413,1
brfac1498,,1,0,391,1
brfac1499,,1,0,426,1
brfac15,,1,0,2777,1
brfac150,,1,0,863,1
brfac1500,,1,0,527,1
brfac1501,,1,0,405,1
brfac1502,,1,0,411,1
brfac1503,,1,0,483,1
brfac1504,,1,0,488,1
brfac1505,,1,0,399,1
brfac1506,,1,0,400,1
brfac1507,,1,0,391,1
brfac1508,,1,0,398,1
brfac1509,,1,0,394,1
brfac151,,1,0,830,1
brfac1510,,1,0,472,1
brfac1511,,1,0,416,1
brfac1512,,1,0,518,1
brfac1513,,1,0,392,1
brfac1514,,1,0,383,1
brfac1515,,1,0,485,1
brfac1516,,1,0,393,1
brfac1517,,1,0,401,1
brfac1518,,1,0,467,1
brfac1519,,1,0,449,1
brfac152,,1,0,780,1
brfac1520,,1,0,529,1
brfac1522,,1,0,476,1
brfac1523,,1,0,503,1
brfac1524,,1,0,392,1
brfac1525,,1,0,414,1
brfac1526,,1,0,415,1
brfac1527,,1,0,407,1
brfac1528,,1,0,421,1
brfac1529,,1,0,422,1
brfac153,,1,0,754,1
brfac1530,,1,0,455,1
brfac1531,,1,0,504,1
brfac1532,,1,0,402,1
brfac1533,,1,0,408,1
brfac1534,,1,0,482,1
brfac1535,,1,0,467,1
brfac1536,,1,0,548,1
brfac1537,,1,0,476,1
brfac1538,,1,0,411,1
brfac1539,,1,0,486,1
brfac154,,1,0,752,1
brfac1540,,1,0,400,1
brfac1541,,1,0,375,1
brfac1542,,1,0,386,1
brfac1543,,1,0,423,1
brfac1544,,1,0,377,1
brfac1545,,1,0,391,1
brfac1546,,1,0,418,1
brfac1547,,1,0,415,1
brfac1548,,1,0,424,1
brfac1549,,1,0,494,1
brfac155,,1,0,740,1
brfac1550,,1,0,411,1
brfac1551,,1,0,402,1
brfac1552,,1,0,410,1
brfac1553,,1,0,442,1
brfac1554,,1,0,383,1
brfac1555,,1,0,391,1
brfac1556,,1,0,400,1
brfac1557,,1,0,474,1
brfac1558,,1,0,398,1
brfac1559,,1,0,431,1
brfac156,,1,0,786,1
brfac1560,,1,0,467,1
brfac1561,,1,0,397,1
brfac1562,,1,0,390,1
brfac1563,,1,0,397,1
brfac1564,,1,0,487,1
brfac1565,,1,0,500,1
brfac1566,,1,0,476,1
brfac1567,,1,0,534,1
brfac1568,,1,0,634,1
brfac1569,,1,0,413,1
brfac157,,1,0,785,1
brfac1570,,1,0,384,1
brfac1571,,1,0,421,1
brfac1572,,1,0,396,1
brfac1573,,1,0,401,1
brfac1574,,1,0,398,1
brfac1575,,1,0,561,1
brfac1576,,1,0,399,1
brfac1577,,1,0,389,1
brfac1578,,1,0,372,1
brfac1579,,1,0,429,1
brfac158,,1,0,800,1
brfac1580,,1,0,421,1
brfac1581,,1,0,414,1
brfac1582,,1,0,399,1
brfac1583,,1,0,407,1
brfac1584,,1,0,493,1
brfac1585,,1,0,394,1
brfac1586,,1,0,376,1
brfac1587,,1,0,630,1
brfac1588,,1,0,407,1
brfac1589,,1,0,478,1
brfac159,,1,0,751,1
brfac1590,,1,0,413,1
brfac1591,,1,0,374,1
brfac1592,,1,0,432,1
brfac1593,,1,0,417,1
brfac1594,,1,0,374,1
brfac1595,,1,0,388,1
brfac1596,,1,0,451,1
brfac1597,,1,0,411,1
brfac1598,,1,0,414,1
brfac1599,,1,0,399,1
brfac160,,1,0,840,1
brfac1600,,1,0,9,1
brfac1601,,1,0,423,1
brfac1602,,1,0,454,1
brfac1603,,1,0,503,1
brfac1604,,1,0,391,1
brfac1605,,1,0,397,1
brfac1606,,1,0,401,1
brfac1607,,1,0,512,1
brfac1608,,1,0,417,1
brfac1609,,1,0,418,1
brfac161,,1,0,682,1
brfac1610,,1,0,476,1
brfac1611,,1,0,441,1
brfac1612,,1,0,385,1
brfac1613,,1,0,426,1
brfac1614,,1,0,491,1
brfac1615,,1,0,398,1
brfac1616,,1,0,381,1
brfac1617,,1,0,421,1
brfac1618,,1,0,490,1
brfac1619,,1,0,412,1
brfac162,,1,0,1023,1
brfac1620,,1,0,543,1
brfac1621,,1,0,440,1
brfac1622,,1,0,379,1
brfac1623,,1,0,407,1
brfac1624,,1,0,428,1
brfac1625,,1,0,396,1
brfac1626,,1,0,403,1
brfac1627,,1,0,420,1
brfac1628,,1,0,390,1
brfac1629,,1,0,392,1
brfac163,,1,0,765,1
brfac1630,,1,0,399,1
brfac1631,,1,0,385,1
brfac1632,,1,0,465,1
brfac1633,,1,0,384,1
brfac1634,,1,0,387,1
brfac1635,,1,0,394,1
brfac1636,,1,0,472,1
brfac1637,,1,0,499,1
brfac1638,,1,0,473,1
brfac1639,,1,0,386,1
brfac164,,1,0,673,1
brfac1640,,1,0,398,1
brfac1641,,1,0,399,1
brfac1642,,1,0,481,1
brfac1643,,1,0,472,1
brfac1644,,1,0,480,1
brfac1645,,1,0,394,1
brfac1646,,1,0,397,1
brfac1647,,1,0,421,1
brfac1648,,1,0,475,1
brfac1649,,1,0,393,1
brfac165,,1,0,668,1
brfac1650,,1,0,470,1
brfac1651,,1,0,420,1
brfac1652,,1,0,404,1
brfac1653,,1,0,390,1
brfac1654,,1,0,478,1
brfac1655,,1,0,467,1
brfac1656,,1,0,465,1
brfac1657,,1,0,441,1
brfac1658,,1,0,400,1
brfac1659,,1,0,384,1
brfac166,,1,0,769,1
brfac1660,,1,0,463,1
brfac1661,,1,0,391,1
brfac1662,,1,0,397,1
brfac1663,,1,0,443,1
brfac1664,,1,0,453,1
brfac1665,,1,0,403,1
brfac1666,,1,0,467,1
brfac1667,,1,0,422,1
brfac1668,,1,0,395,1
brfac1669,,1,0,408,1
brfac167,,1,0,787,1
brfac1670,,1,0,471,1
brfac1671,,1,0,475,1
brfac1672,,1,0,395,1
brfac1673,,1,0,395,1
brfac1674,,1,0,465,1
brfac1675,,1,0,435,1
brfac1676,,1,0,388,1
brfac1677,,1,0,472,1
brfac1678,,1,0,374,1
brfac1679,,1,0,372,1
brfac168,,1,0,786,1
brfac1680,,1,0,404,1
brfac1682,,1,0,627,1
brfac1683,,1,0,477,1
brfac1684,,1,0,384,1
brfac1685,,1,0,391,1
brfac1686,,1,0,392,1
brfac1687,,1,0,402,1
brfac1688,,1,0,397,1
brfac1689,,1,0,478,1
brfac1690,,1,0,517,1
brfac1691,,1,0,417,1
brfac1692,,1,0,439,1
brfac1693,,1,0,423,1
brfac1694,,1,0,487,1
brfac1695,,1,0,382,1
brfac1696,,1,0,396,1
brfac1697,,1,0,417,1
brfac1698,,1,0,419,1
brfac1699,,1,0,414,1
brfac17,,1,0,1649,1
brfac170,,1,0,748,1
brfac1700,,1,0,508,1
brfac1701,,1,0,419,1
brfac1702,,1,0,413,1
brfac1703,,1,0,409,1
brfac1704,,1,0,465,1
brfac1705,,1,0,387,1
brfac1706,,1,0,410,1
brfac1707,,1,0,407,1
brfac1708,,1,0,424,1
brfac1709,,1,0,425,1
brfac171,,1,0,820,1
brfac1710,,1,0,382,1
brfac1711,,1,0,482,1
brfac1712,,1,0,445,1
brfac1713,,1,0,379,1
brfac1714,,1,0,392,1
brfac1715,,1,0,491,1
brfac1716,,1,0,398,1
brfac1717,,1,0,395,1
brfac1718,,1,0,477,1
brfac1719,,1,0,401,1
brfac172,,1,0,788,1
brfac1720,,1,0,425,1
brfac1721,,1,0,415,1
brfac1722,,1,0,485,1
brfac1723,,1,0,427,1
brfac1724,,1,0,362,1
brfac1725,,1,0,401,1
brfac1726,,1,0,463,1
brfac1727,,1,0,400,1
brfac1729,,1,0,389,1
brfac173,,1,0,736,1
brfac1730,,1,0,470,1
brfac1731,,1,0,393,1
brfac1732,,1,0,411,1
brfac1733,,1,0,427,1
brfac1734,,1,0,547,1
brfac1735,,1,0,470,1
brfac1736,,1,0,457,1
brfac1737,,1,0,401,1
brfac1738,,1,0,481,1
brfac1739,,1,0,464,1
brfac174,,1,0,790,1
brfac1740,,1,0,384,1
brfac1741,,1,0,420,1
brfac1742,,1,0,388,1
brfac1743,,1,0,369,1
brfac1744,,1,0,396,1
brfac1745,,1,0,396,1
brfac1746,,1,0,413,1
brfac1747,,1,0,431,1
brfac1748,,1,0,398,1
brfac1749,,1,0,384,1
brfac175,,1,0,879,1
brfac1750,,1,0,487,1
brfac1751,,1,0,372,1
brfac1752,,1,0,399,1
brfac1753,,1,0,509,1
brfac1754,,1,0,412,1
brfac1755,,1,0,469,1
brfac1756,,1,0,447,1
brfac1757,,1,0,397,1
brfac1758,,1,0,393,1
brfac1759,,1,0,455,1
brfac176,,1,0,793,1
brfac1760,,1,0,474,1
brfac1761,,1,0,410,1
brfac1762,,1,0,480,1
brfac1763,,1,0,412,1
brfac1764,,1,0,9,1
brfac1765,,1,0,378,1
brfac1766,,1,0,394,1
brfac1767,,1,0,426,1
brfac1768,,1,0,405,1
brfac1769,,1,0,402,1
brfac177,,1,0,670,1
brfac1770,,1,0,470,1
brfac1771,,1,0,382,1
brfac1772,,1,0,377,1
brfac1773,,1,0,407,1
brfac1774,,1,0,386,1
brfac1775,,1,0,451,1
brfac1776,,1,0,450,1
brfac1777,,1,0,490,1
brfac1778,,1,0,367,1
brfac1779,,1,0,392,1
brfac178,,1,0,695,1
brfac1780,,1,0,384,1
brfac1781,,1,0,397,1
brfac1782,,1,0,441,1
brfac1783,,1,0,498,1
brfac1784,,1,0,364,1
brfac1785,,1,0,400,1
brfac1786,,1,0,410,1
brfac1787,,1,0,437,1
brfac1788,,1,0,417,1
brfac1789,,1,0,419,1
brfac179,,1,0,833,1
brfac1790,,1,0,400,1
brfac1791,,1,0,375,1
brfac1792,,1,0,510,1
brfac1793,,1,0,463,1
brfac1794,,1,0,488,1
brfac1795,,1,0,398,1
brfac1796,,1,0,390,1
brfac1797,,1,0,473,1
brfac1798,,1,0,413,1
brfac1799,,1,0,415,1
brfac18,,1,0,1991,1
brfac180,,1,0,804,1
brfac1800,,1,0,610,1
brfac1801,,1,0,399,1
brfac1802,,1,0,369,1
brfac1803,,1,0,383,1
brfac1804,,1,0,393,1
brfac1805,,1,0,478,1
brfac1806,,1,0,386,1
brfac1807,,1,0,461,1
brfac1808,,1,0,402,1
brfac1809,,1,0,392,1
brfac181,,1,0,761,1
brfac1810,,1,0,393,1
brfac1811,,1,0,435,1
brfac1812,,1,0,377,1
brfac1813,,1,0,389,1
brfac1814,,1,0,401,1
brfac1815,,1,0,538,1
brfac1816,,1,0,380,1
brfac1817,,1,0,399,1
brfac1818,,1,0,407,1
brfac1819,,1,0,391,1
brfac182,,1,0,768,1
brfac1820,,1,0,504,1
brfac1821,,1,0,404,1
brfac1822,,1,0,407,1
brfac1823,,1,0,415,1
brfac1824,,1,0,462,1
brfac1825,,1,0,388,1
brfac1826,,1,0,386,1
brfac1827,,1,0,478,1
brfac1828,,1,0,388,1
brfac1829,,1,0,371,1
brfac183,,1,0,699,1
brfac1830,,1,0,375,1
brfac1831,,1,0,497,1
brfac1832,,1,0,400,1
brfac1833,,1,0,366,1
brfac1834,,1,0,473,1
brfac1835,,1,0,390,1
brfac1836,,1,0,511,1
brfac1837,,1,0,383,1
brfac1838,,1,0,405,1
brfac1839,,1,0,422,1
brfac184,,1,0,740,1
brfac1840,,1,0,443,1
brfac1841,,1,0,400,1
brfac1842,,1,0,422,1
brfac1843,,1,0,422,1
brfac1844,,1,0,463,1
brfac1845,,1,0,393,1
brfac1846,,1,0,469,1
brfac1847,,1,0,479,1
brfac1848,,1,0,384,1
brfac185,,1,0,687,1
brfac1850,,1,0,478,1
brfac1851,,1,0,416,1
brfac1852,,1,0,435,1
brfac1853,,1,0,378,1
brfac1854,,1,0,384,1
brfac1855,,1,0,382,1
brfac1856,,1,0,404,1
brfac1857,,1,0,389,1
brfac1858,,1,0,424,1
brfac1859,,1,0,492,1
brfac186,,1,0,762,1
brfac1860,,1,0,379,1
brfac1861,,1,0,421,1
brfac1862,,1,0,478,1
brfac1863,,1,0,499,1
brfac1864,,1,0,403,1
brfac1865,,1,0,376,1
brfac1866,,1,0,377,1
brfac1867,,1,0,409,1
brfac1868,,1,0,392,1
brfac1869,,1,0,470,1
brfac187,,1,0,736,1
brfac1870,,1,0,366,1
brfac1871,,1,0,517,1
brfac1872,,1,0,484,1
brfac1873,,1,0,498,1
brfac1874,,1,0,395,1
brfac1875,,1,0,611,1
brfac1876,,1,0,462,1
brfac1877,,1,0,435,1
brfac1878,,1,0,377,1
brfac1879,,1,0,509,1
brfac188,,1,0,750,1
brfac1880,,1,0,362,1
brfac1881,,1,0,385,1
brfac1882,,1,0,394,1
brfac1883,,1,0,459,1
brfac1884,,1,0,445,1
brfac1885,,1,0,380,1
brfac1886,,1,0,391,1
brfac1887,,1,0,391,1
brfac1888,,1,0,461,1
brfac1889,,1,0,406,1
brfac189,,1,0,737,1
brfac1890,,1,0,481,1
brfac1891,,1,0,381,1
brfac1892,,1,0,477,1
brfac1893,,1,0,380,1
brfac1894,,1,0,386,1
brfac1895,,1,0,396,1
brfac1896,,1,0,419,1
brfac1897,,1,0,400,1
brfac1898,,1,0,382,1
brfac1899,,1,0,433,1
brfac19,,1,0,1472,1
brfac190,,1,0,791,1
brfac1900,,1,0,446,1
brfac1901,,1,0,406,1
brfac1902,,1,0,490,1
brfac1903,,1,0,414,1
brfac1904,,1,0,485,1
brfac1905,,1,0,370,1
brfac1906,,1,0,470,1
brfac1907,,1,0,414,1
brfac1908,,1,0,471,1
brfac1909,,1,0,402,1
brfac191,,1,0,714,1
brfac1910,,1,0,423,1
brfac1911,,1,0,510,1
brfac1912,,1,0,391,1
brfac1913,,1,0,496,1
brfac1914,,1,0,378,1
brfac1915,,1,0,372,1
brfac1916,,1,0,458,1
brfac1917,,1,0,371,1
brfac1918,,1,0,460,1
brfac1919,,1,0,397,1
brfac192,,1,0,992,1
brfac1920,,1,0,491,1
brfac1921,,1,0,376,1
brfac1922,,1,0,625,1
brfac1923,,1,0,404,1
brfac1924,,1,0,378,1
brfac1925,,1,0,460,1
brfac1926,,1,0,419,1
brfac1927,,1,0,369,1
brfac1928,,1,0,394,1
brfac1929,,1,0,394,1
brfac193,,1,0,769,1
brfac1930,,1,0,425,1
brfac1931,,1,0,446,1
brfac1932,,1,0,473,1
brfac1933,,1,0,421,1
brfac1934,,1,0,411,1
brfac1935,,1,0,471,1
brfac1936,,1,0,11,1
brfac1937,,1,0,366,1
brfac1938,,1,0,372,1
brfac1939,,1,0,481,1
brfac194,,1,0,721,1
brfac1940,,1,0,459,1
brfac1941,,1,0,381,1
brfac1942,,1,0,474,1
brfac1943,,1,0,404,1
brfac1944,,1,0,520,1
brfac1945,,1,0,485,1
brfac1946,,1,0,470,1
brfac1947,,1,0,396,1
brfac1948,,1,0,388,1
brfac1949,,1,0,478,1
brfac195,,1,0,758,1
brfac1950,,1,0,479,1
brfac1951,,1,0,472,1
brfac1952,,1,0,464,1
brfac1953,,1,0,379,1
brfac1954,,1,0,413,1
brfac1955,,1,0,428,1
brfac1956,,1,0,497,1
brfac1957,,1,0,466,1
brfac1958,,1,0,392,1
brfac1959,,1,0,369,1
brfac1960,,1,0,506,1
brfac1961,,1,0,464,1
brfac1962,,1,0,389,1
brfac1963,,1,0,400,1
brfac1964,,1,0,472,1
brfac1965,,1,0,377,1
brfac1966,,1,0,391,1
brfac1967,,1,0,481,1
brfac1968,,1,0,439,1
brfac1969,,1,0,398,1
brfac197,,1,0,687,1
brfac1970,,1,0,398,1
brfac1971,,1,0,386,1
brfac1972,,1,0,367,1
brfac1973,,1,0,409,1
brfac1974,,1,0,420,1
brfac1975,,1,0,495,1
brfac1976,,1,0,382,1
brfac1977,,1,0,392,1
brfac1978,,1,0,394,1
brfac1979,,1,0,404,1
brfac198,,1,0,796,1
brfac1980,,1,0,493,1
brfac1981,,1,0,469,1
brfac1982,,1,0,392,1
brfac1983,,1,0,414,1
brfac1984,,1,0,454,1
brfac1985,,1,0,383,1
brfac1986,,1,0,381,1
brfac1987,,1,0,416,1
brfac1988,,1,0,380,1
brfac1989,,1,0,368,1
brfac199,,1,0,738,1
brfac1990,,1,0,378,1
brfac1991,,1,0,434,1
brfac1992,,1,0,475,1
brfac1993,,1,0,418,1
brfac1994,,1,0,477,1
brfac1995,,1,0,436,1
brfac1996,,1,0,385,1
brfac1997,,1,0,407,1
brfac1998,,1,0,405,1
brfac1999,,1,0,437,1
brfac2,,1,0,12204,1
brfac20,,1,0,1541,1
brfac200,,1,0,992,1
brfac2000,,1,0,446,1
brfac2001,,1,0,377,1
brfac2002,,1,0,481,1
brfac2003,,1,0,401,1
brfac2004,,1,0,360,1
brfac2005,,1,0,369,1
brfac2006,,1,0,407,1
brfac2007,,1,0,400,1
brfac2008,,1,0,376,1
brfac2009,,1,0,401,1
brfac201,,1,0,679,1
brfac2010,,1,0,396,1
brfac2011,,1,0,440,1
brfac2012,,1,0,371,1
brfac2013,,1,0,369,1
brfac2014,,1,0,369,1
brfac2015,,1,0,418,1
brfac2016,,1,0,475,1
brfac2017,,1,0,518,1
brfac2018,,1,0,374,1
brfac2019,,1,0,416,1
brfac202,,1,0,765,1
brfac2020,,1,0,406,1
brfac2021,,1,0,362,1
brfac2022,,1,0,376,1
brfac2023,,1,0,525,1
brfac2024,,1,0,462,1
brfac2026,,1,0,361,1
brfac2027,,1,0,417,1
brfac2028,,1,0,611,1
brfac2029,,1,0,396,1
brfac203,,1,0,673,1
brfac2030,,1,0,473,1
brfac2031,,1,0,422,1
brfac2032,,1,0,464,1
brfac2033,,1,0,362,1
brfac2034,,1,0,423,1
brfac2035,,1,0,370,1
brfac2036,,1,0,355,1
brfac2037,,1,0,371,1
brfac2038,,1,0,411,1
brfac2039,,1,0,424,1
brfac204,,1,0,794,1
brfac2040,,1,0,467,1
brfac2041,,1,0,369,1
brfac2042,,1,0,380,1
brfac2043,,1,0,426,1
brfac2044,,1,0,463,1
brfac2045,,1,0,456,1
brfac2046,,1,0,381,1
brfac2047,,1,0,416,1
brfac2049,,1,0,367,1
brfac205,,1,0,670,1
brfac2050,,1,0,416,1
brfac2051,,1,0,369,1
brfac2052,,1,0,380,1
brfac2053,,1,0,407,1
brfac2054,,1,0,414,1
brfac2055,,1,0,354,1
brfac2056,,1,0,376,1
brfac2057,,1,0,399,1
brfac2058,,1,0,497,1
brfac2059,,1,0,417,1
brfac206,,1,0,700,1
brfac2060,,1,0,380,1
brfac2061,,1,0,371,1
brfac2062,,1,0,451,1
brfac2063,,1,0,396,1
brfac2064,,1,0,376,1
brfac2065,,1,0,470,1
brfac2066,,1,0,465,1
brfac2067,,1,0,424,1
brfac2068,,1,0,381,1
brfac2069,,1,0,413,1
brfac207,,1,0,810,1
brfac2070,,1,0,455,1
brfac2071,,1,0,424,1
brfac2072,,1,0,369,1
brfac2073,,1,0,372,1
brfac2074,,1,0,423,1
brfac2075,,1,0,405,1
brfac2076,,1,0,467,1
brfac2077,,1,0,368,1
brfac2078,,1,0,375,1
brfac2079,,1,0,427,1
brfac208,,1,0,718,1
brfac2080,,1,0,424,1
brfac2081,,1,0,399,1
brfac2082,,1,0,378,1
brfac2083,,1,0,480,1
brfac2084,,1,0,382,1
brfac2085,,1,0,477,1
brfac2086,,1,0,365,1
brfac2087,,1,0,404,1
brfac2088,,1,0,427,1
brfac2089,,1,0,412,1
brfac209,,1,0,705,1
brfac2090,,1,0,421,1
brfac2091,,1,0,361,1
brfac2092,,1,0,378,1
brfac2093,,1,0,362,1
brfac2094,,1,0,388,1
brfac2095,,1,0,396,1
brfac2096,,1,0,414,1
brfac2097,,1,0,359,1
brfac2098,,1,0,377,1
brfac2099,,1,0,422,1
brfac21,,1,0,1421,1
brfac210,,1,0,774,1
brfac2100,,1,0,481,1
brfac2101,,1,0,383,1
brfac2102,,1,0,455,1
brfac2103,,1,0,388,1
brfac2104,,1,0,379,1
brfac2105,,1,0,363,1
brfac2106,,1,0,438,1
brfac2107,,1,0,425,1
brfac2108,,1,0,366,1
brfac2109,,1,0,461,1
brfac211,,1,0,742,1
brfac2110,,1,0,370,1
brfac2111,,1,0,385,1
brfac2112,,1,0,389,1
brfac2113,,1,0,393,1
brfac2114,,1,0,363,1
brfac2115,,1,0,397,1
brfac2117,,1,0,462,1
brfac2118,,1,0,374,1
brfac2119,,1,0,377,1
brfac212,,1,0,697,1
brfac2120,,1,0,367,1
brfac2121,,1,0,376,1
brfac2122,,1,0,368,1
brfac2123,,1,0,388,1
brfac2124,,1,0,418,1
brfac2125,,1,0,372,1
brfac2126,,1,0,375,1
brfac2127,,1,0,357,1
brfac2128,,1,0,362,1
brfac2129,,1,0,386,1
brfac213,,1,0,679,1
brfac2130,,1,0,412,1
brfac2131,,1,0,498,1
brfac2132,,1,0,355,1
brfac2133,,1,0,376,1
brfac2134,,1,0,376,1
brfac2135,,1,0,480,1
brfac2136,,1,0,410,1
brfac2137,,1,0,385,1
brfac2138,,1,0,386,1
brfac2139,,1,0,370,1
brfac214,,1,0,717,1
brfac2140,,1,0,392,1
brfac2141,,1,0,398,1
brfac2142,,1,0,431,1
brfac2143,,1,0,386,1
brfac2144,,1,0,418,1
brfac2145,,1,0,376,1
brfac2146,,1,0,373,1
brfac2147,,1,0,385,1
brfac2148,,1,0,376,1
brfac2149,,1,0,378,1
brfac215,,1,0,669,1
brfac2150,,1,0,404,1
brfac2151,,1,0,379,1
brfac2152,,1,0,368,1
brfac2153,,1,0,440,1
brfac2154,,1,0,368,1
brfac2155,,1,0,386,1
brfac2156,,1,0,482,1
brfac2157,,1,0,373,1
brfac2158,,1,0,353,1
brfac2159,,1,0,453,1
brfac2160,,1,0,519,1
brfac2161,,1,0,491,1
brfac2162,,1,0,393,1
brfac2163,,1,0,353,1
brfac2164,,1,0,387,1
brfac2165,,1,0,379,1
brfac2166,,1,0,523,1
brfac2167,,1,0,468,1
brfac2168,,1,0,379,1
brfac2169,,1,0,392,1
brfac217,,1,0,649,1
brfac2170,,1,0,431,1
brfac2171,,1,0,386,1
brfac2172,,1,0,377,1
brfac2173,,1,0,369,1
brfac2174,,1,0,378,1
brfac2175,,1,0,461,1
brfac2176,,1,0,439,1
brfac2177,,1,0,382,1
brfac2178,,1,0,606,1
brfac2179,,1,0,488,1
brfac218,,1,0,693,1
brfac2180,,1,0,387,1
brfac2181,,1,0,366,1
brfac2182,,1,0,382,1
brfac2183,,1,0,383,1
brfac2184,,1,0,460,1
brfac2185,,1,0,385,1
brfac2186,,1,0,349,1
brfac2188,,1,0,379,1
brfac2189,,1,0,449,1
brfac219,,1,0,745,1
brfac2190,,1,0,375,1
brfac2191,,1,0,456,1
brfac2192,,1,0,367,1
brfac2193,,1,0,468,1
brfac2194,,1,0,373,1
brfac2195,,1,0,427,1
brfac2196,,1,0,367,1
brfac2198,,1,0,419,1
brfac2199,,1,0,377,1
brfac22,,1,0,1331,1
brfac220,,1,0,741,1
brfac2200,,1,0,441,1
brfac2201,,1,0,369,1
brfac2202,,1,0,364,1
brfac2203,,1,0,393,1
brfac2204,,1,0,461,1
brfac2205,,1,0,442,1
brfac2206,,1,0,382,1
brfac2207,,1,0,412,1
brfac2208,,1,0,429,1
brfac221,,1,0,684,1
brfac2210,,1,0,459,1
brfac2211,,1,0,418,1
brfac2212,,1,0,363,1
brfac2213,,1,0,387,1
brfac2214,,1,0,423,1
brfac2215,,1,0,420,1
brfac2216,,1,0,361,1
brfac2217,,1,0,384,1
brfac2218,,1,0,386,1
brfac2219,,1,0,478,1
brfac222,,1,0,749,1
brfac2220,,1,0,435,1
brfac2221,,1,0,387,1
brfac2222,,1,0,361,1
brfac2223,,1,0,374,1
brfac2224,,1,0,368,1
brfac2225,,1,0,350,1
brfac2226,,1,0,463,1
brfac2227,,1,0,391,1
brfac2228,,1,0,462,1
brfac2229,,1,0,359,1
brfac223,,1,0,777,1
brfac2230,,1,0,418,1
brfac2231,,1,0,382,1
brfac2232,,1,0,448,1
brfac2233,,1,0,434,1
brfac2234,,1,0,374,1
brfac2235,,1,0,449,1
brfac2236,,1,0,465,1
brfac2237,,1,0,398,1
brfac2238,,1,0,371,1
brfac2239,,1,0,397,1
brfac224,,1,0,793,1
brfac2240,,1,0,498,1
brfac2241,,1,0,374,1
brfac2242,,1,0,357,1
brfac2243,,1,0,496,1
brfac2244,,1,0,391,1
brfac2245,,1,0,381,1
brfac2246,,1,0,379,1
brfac2247,,1,0,364,1
brfac2248,,1,0,388,1
brfac2249,,1,0,372,1
brfac2250,,1,0,497,1
brfac2251,,1,0,378,1
brfac2252,,1,0,365,1
brfac2253,,1,0,369,1
brfac2254,,1,0,453,1
brfac2255,,1,0,384,1
brfac2256,,1,0,369,1
brfac2257,,1,0,461,1
brfac2258,,1,0,460,1
brfac2259,,1,0,464,1
brfac226,,1,0,715,1
brfac2260,,1,0,353,1
brfac2261,,1,0,381,1
brfac2262,,1,0,429,1
brfac2263,,1,0,363,1
brfac2264,,1,0,462,1
brfac2265,,1,0,444,1
brfac2266,,1,0,361,1
brfac2267,,1,0,499,1
brfac2268,,1,0,506,1
brfac2269,,1,0,417,1
brfac227,,1,0,729,1
brfac2270,,1,0,367,1
brfac2271,,1,0,459,1
brfac2272,,1,0,471,1
brfac2273,,1,0,405,1
brfac2274,,1,0,358,1
brfac2275,,1,0,439,1
brfac2276,,1,0,368,1
brfac2277,,1,0,379,1
brfac2278,,1,0,464,1
brfac2279,,1,0,383,1
brfac228,,1,0,708,1
brfac2280,,1,0,407,1
brfac2281,,1,0,390,1
brfac2282,,1,0,449,1
brfac2283,,1,0,464,1
brfac2284,,1,0,351,1
brfac2285,,1,0,359,1
brfac2286,,1,0,375,1
brfac2287,,1,0,406,1
brfac2288,,1,0,447,1
brfac2289,,1,0,466,1
brfac229,,1,0,692,1
brfac2290,,1,0,358,1
brfac2291,,1,0,371,1
brfac2292,,1,0,373,1
brfac2293,,1,0,422,1
brfac2294,,1,0,456,1
brfac2295,,1,0,473,1
brfac2296,,1,0,361,1
brfac2297,,1,0,484,1
brfac2298,,1,0,391,1
brfac2299,,1,0,468,1
brfac23,,1,0,1339,1
brfac230,,1,0,723,1
brfac2300,,1,0,476,1
brfac2301,,1,0,372,1
brfac2302,,1,0,456,1
brfac2303,,1,0,422,1
brfac2304,,1,0,9,1
brfac2305,,1,0,368,1
brfac2306,,1,0,463,1
brfac2307,,1,0,378,1
brfac2308,,1,0,382,1
brfac2309,,1,0,403,1
brfac231,,1,0,713,1
brfac2310,,1,0,374,1
brfac2311,,1,0,405,1
brfac2312,,1,0,589,1
brfac2313,,1,0,376,1
brfac2314,,1,0,360,1
brfac2315,,1,0,454,1
brfac2316,,1,0,384,1
brfac2317,,1,0,467,1
brfac2318,,1,0,367,1
brfac2319,,1,0,379,1
brfac232,,1,0,728,1
brfac2320,,1,0,466,1
brfac2321,,1,0,378,1
brfac2322,,1,0,412,1
brfac2323,,1,0,349,1
brfac2324,,1,0,370,1
brfac2325,,1,0,387,1
brfac2326,,1,0,455,1
brfac2327,,1,0,460,1
brfac2328,,1,0,404,1
brfac2329,,1,0,367,1
brfac233,,1,0,707,1
brfac2330,,1,0,369,1
brfac2331,,1,0,372,1
brfac2332,,1,0,463,1
brfac2333,,1,0,406,1
brfac2334,,1,0,459,1
brfac2335,,1,0,431,1
brfac2336,,1,0,366,1
brfac2337,,1,0,380,1
brfac2338,,1,0,457,1
brfac2339,,1,0,405,1
brfac234,,1,0,766,1
brfac2340,,1,0,378,1
brfac2341,,1,0,385,1
brfac2342,,1,0,363,1
brfac2343,,1,0,380,1
brfac2344,,1,0,388,1
brfac2345,,1,0,369,1
brfac2346,,1,0,363,1
brfac2347,,1,0,388,1
brfac2348,,1,0,367,1
brfac2349,,1,0,461,1
brfac235,,1,0,713,1
brfac2350,,1,0,449,1
brfac2351,,1,0,396,1
brfac2352,,1,0,584,1
brfac2353,,1,0,379,1
brfac2354,,1,0,385,1
brfac2355,,1,0,370,1
brfac2356,,1,0,451,1
brfac2357,,1,0,399,1
brfac2358,,1,0,357,1
brfac2359,,1,0,429,1
brfac236,,1,0,745,1
brfac2360,,1,0,386,1
brfac2361,,1,0,454,1
brfac2362,,1,0,362,1
brfac2363,,1,0,368,1
brfac2364,,1,0,417,1
brfac2365,,1,0,481,1
brfac2366,,1,0,481,1
brfac2367,,1,0,369,1
brfac2368,,1,0,458,1
brfac2369,,1,0,380,1
brfac237,,1,0,667,1
brfac2370,,1,0,369,1
brfac2371,,1,0,391,1
brfac2372,,1,0,352,1
brfac2373,,1,0,369,1
brfac2374,,1,0,377,1
brfac2375,,1,0,456,1
brfac2376,,1,0,414,1
brfac2377,,1,0,391,1
brfac2378,,1,0,455,1
brfac2379,,1,0,439,1
brfac238,,1,0,677,1
brfac2380,,1,0,477,1
brfac2381,,1,0,395,1
brfac2382,,1,0,384,1
brfac2383,,1,0,409,1
brfac2384,,1,0,344,1
brfac2385,,1,0,379,1
brfac2386,,1,0,383,1
brfac2387,,1,0,447,1
brfac2388,,1,0,366,1
brfac2389,,1,0,504,1
brfac239,,1,0,766,1
brfac2390,,1,0,461,1
brfac2391,,1,0,348,1
brfac2392,,1,0,366,1
brfac2393,,1,0,395,1
brfac2394,,1,0,469,1
brfac2395,,1,0,425,1
brfac2396,,1,0,463,1
brfac2397,,1,0,389,1
brfac2398,,1,0,471,1
brfac2399,,1,0,376,1
brfac24,,1,0,1384,1
brfac240,,1,0,804,1
brfac2400,,1,0,541,1
brfac2402,,1,0,359,1
brfac2403,,1,0,391,1
brfac2404,,1,0,365,1
brfac2405,,1,0,381,1
brfac2406,,1,0,382,1
brfac2407,,1,0,368,1
brfac2408,,1,0,486,1
brfac2409,,1,0,466,1
brfac241,,1,0,713,1
brfac2410,,1,0,371,1
brfac2411,,1,0,400,1
brfac2412,,1,0,443,1
brfac2413,,1,0,363,1
brfac2414,,1,0,343,1
brfac2415,,1,0,466,1
brfac2416,,1,0,361,1
brfac2417,,1,0,410,1
brfac2418,,1,0,361,1
brfac2419,,1,0,373,1
brfac242,,1,0,1029,1
brfac2420,,1,0,525,1
brfac2421,,1,0,373,1
brfac2422,,1,0,348,1
brfac2423,,1,0,398,1
brfac2424,,1,0,432,1
brfac2425,,1,0,380,1
brfac2426,,1,0,447,1
brfac2427,,1,0,379,1
brfac2428,,1,0,451,1
brfac2429,,1,0,438,1
brfac2430,,1,0,482,1
brfac2431,,1,0,453,1
brfac2432,,1,0,434,1
brfac2433,,1,0,364,1
brfac2434,,1,0,377,1
brfac2435,,1,0,429,1
brfac2436,,1,0,381,1
brfac2437,,1,0,413,1
brfac2438,,1,0,396,1
brfac2439,,1,0,405,1
brfac244,,1,0,705,1
brfac2440,,1,0,374,1
brfac2441,,1,0,382,1
brfac2442,,1,0,363,1
brfac2443,,1,0,375,1
brfac2444,,1,0,383,1
brfac2445,,1,0,368,1
brfac2446,,1,0,370,1
brfac2447,,1,0,391,1
brfac2448,,1,0,405,1
brfac2449,,1,0,368,1
brfac245,,1,0,797,1
brfac2450,,1,0,593,1
brfac2451,,1,0,449,1
brfac2452,,1,0,364,1
brfac2453,,1,0,377,1
brfac2454,,1,0,392,1
brfac2455,,1,0,376,1
brfac2456,,1,0,446,1
brfac2457,,1,0,463,1
brfac2458,,1,0,350,1
brfac2459,,1,0,394,1
brfac246,,1,0,765,1
brfac2460,,1,0,465,1
brfac2461,,1,0,455,1
brfac2462,,1,0,371,1
brfac2463,,1,0,372,1
brfac2464,,1,0,388,1
brfac2465,,1,0,377,1
brfac2466,,1,0,380,1
brfac2467,,1,0,423,1
brfac2468,,1,0,360,1
brfac2469,,1,0,368,1
brfac247,,1,0,685,1
brfac2470,,1,0,363,1
brfac2471,,1,0,366,1
brfac2472,,1,0,368,1
brfac2473,,1,0,385,1
brfac2474,,1,0,375,1
brfac2475,,1,0,458,1
brfac2476,,1,0,368,1
brfac2477,,1,0,409,1
brfac2478,,1,0,388,1
brfac2479,,1,0,388,1
brfac248,,1,0,689,1
brfac2480,,1,0,444,1
brfac2481,,1,0,368,1
brfac2482,,1,0,448,1
brfac2483,,1,0,374,1
brfac2484,,1,0,356,1
brfac2485,,1,0,447,1
brfac2486,,1,0,370,1
brfac2487,,1,0,370,1
brfac2488,,1,0,368,1
brfac2489,,1,0,368,1
brfac249,,1,0,704,1
brfac2490,,1,0,453,1
brfac2491,,1,0,363,1
brfac2492,,1,0,394,1
brfac2493,,1,0,348,1
brfac2494,,1,0,359,1
brfac2495,,1,0,433,1
brfac2496,,1,0,505,1
brfac2497,,1,0,373,1
brfac2498,,1,0,366,1
brfac2499,,1,0,483,1
brfac250,,1,0,816,1
brfac2500,,1,0,9,1
brfac2501,,1,0,364,1
brfac2502,,1,0,448,1
brfac2503,,1,0,481,1
brfac2504,,1,0,377,1
brfac2505,,1,0,456,1
brfac2506,,1,0,457,1
brfac2507,,1,0,351,1
brfac2508,,1,0,416,1
brfac2509,,1,0,384,1
brfac251,,1,0,689,1
brfac2510,,1,0,456,1
brfac2511,,1,0,449,1
brfac2512,,1,0,387,1
brfac2513,,1,0,457,1
brfac2514,,1,0,375,1
brfac2515,,1,0,456,1
brfac2516,,1,0,457,1
brfac2517,,1,0,376,1
brfac2518,,1,0,351,1
brfac2519,,1,0,375,1
brfac252,,1,0,858,1
brfac2520,,1,0,487,1
brfac2521,,1,0,395,1
brfac2522,,1,0,393,1
brfac2523,,1,0,604,1
brfac2524,,1,0,375,1
brfac2525,,1,0,372,1
brfac2526,,1,0,453,1
brfac2527,,1,0,525,1
brfac2528,,1,0,437,1
brfac2529,,1,0,361,1
brfac253,,1,0,669,1
brfac2530,,1,0,449,1
brfac2531,,1,0,392,1
brfac2532,,1,0,354,1
brfac2533,,1,0,367,1
brfac2534,,1,0,376,1
brfac2535,,1,0,487,1
brfac2536,,1,0,414,1
brfac2537,,1,0,454,1
brfac2538,,1,0,359,1
brfac2539,,1,0,400,1
brfac254,,1,0,691,1
brfac2540,,1,0,352,1
brfac2541,,1,0,381,1
brfac2542,,1,0,361,1
brfac2543,,1,0,407,1
brfac2544,,1,0,426,1
brfac2545,,1,0,404,1
brfac2546,,1,0,398,1
brfac2547,,1,0,421,1
brfac2548,,1,0,390,1
brfac2549,,1,0,392,1
brfac255,,1,0,683,1
brfac2550,,1,0,445,1
brfac2551,,1,0,382,1
brfac2552,,1,0,382,1
brfac2553,,1,0,363,1
brfac2554,,1,0,367,1
brfac2555,,1,0,363,1
brfac2556,,1,0,446,1
brfac2557,,1,0,396,1
brfac2558,,1,0,380,1
brfac2559,,1,0,367,1
brfac2560,,1,0,467,1
brfac2561,,1,0,362,1
brfac2562,,1,0,371,1
brfac2563,,1,0,379,1
brfac2564,,1,0,366,1
brfac2565,,1,0,364,1
brfac2566,,1,0,358,1
brfac2567,,1,0,349,1
brfac2568,,1,0,408,1
brfac2569,,1,0,467,1
brfac257,,1,0,717,1
brfac2570,,1,0,358,1
brfac2571,,1,0,361,1
brfac2572,,1,0,385,1
brfac2573,,1,0,455,1
brfac2574,,1,0,398,1
brfac2575,,1,0,401,1
brfac2576,,1,0,370,1
brfac2577,,1,0,446,1
brfac2578,,1,0,458,1
brfac2579,,1,0,459,1
brfac258,,1,0,690,1
brfac2580,,1,0,342,1
brfac2581,,1,0,373,1
brfac2582,,1,0,385,1
brfac2583,,1,0,414,1
brfac2584,,1,0,403,1
brfac2585,,1,0,379,1
brfac2586,,1,0,438,1
brfac2587,,1,0,464,1
brfac2588,,1,0,408,1
brfac2589,,1,0,373,1
brfac259,,1,0,669,1
brfac2590,,1,0,433,1
brfac2591,,1,0,489,1
brfac2592,,1,0,591,1
brfac2593,,1,0,389,1
brfac2594,,1,0,368,1
brfac2595,,1,0,364,1
brfac2596,,1,0,369,1
brfac2597,,1,0,391,1
brfac2598,,1,0,369,1
brfac2599,,1,0,369,1
brfac26,,1,0,1241,1
brfac260,,1,0,700,1
brfac2600,,1,0,442,1
brfac2602,,1,0,448,1
brfac2603,,1,0,453,1
brfac2604,,1,0,394,1
brfac2605,,1,0,364,1
brfac2606,,1,0,350,1
brfac2607,,1,0,451,1
brfac2608,,1,0,357,1
brfac2609,,1,0,479,1
brfac261,,1,0,694,1
brfac2610,,1,0,444,1
brfac2611,,1,0,475,1
brfac2612,,1,0,370,1
brfac2613,,1,0,377,1
brfac2614,,1,0,456,1
brfac2615,,1,0,370,1
brfac2616,,1,0,406,1
brfac2617,,1,0,396,1
brfac2618,,1,0,365,1
brfac2619,,1,0,456,1
brfac262,,1,0,701,1
brfac2620,,1,0,363,1
brfac2621,,1,0,484,1
brfac2622,,1,0,380,1
brfac2623,,1,0,440,1
brfac2624,,1,0,374,1
brfac2625,,1,0,372,1
brfac2626,,1,0,461,1
brfac2627,,1,0,374,1
brfac2628,,1,0,459,1
brfac2629,,1,0,448,1
brfac263,,1,0,698,1
brfac2630,,1,0,382,1
brfac2631,,1,0,356,1
brfac2632,,1,0,362,1
brfac2633,,1,0,380,1
brfac2634,,1,0,361,1
brfac2635,,1,0,357,1
brfac2636,,1,0,454,1
brfac2637,,1,0,341,1
brfac2638,,1,0,356,1
brfac2639,,1,0,355,1
brfac264,,1,0,773,1
brfac2640,,1,0,365,1
brfac2641,,1,0,342,1
brfac2642,,1,0,371,1
brfac2643,,1,0,457,1
brfac2644,,1,0,367,1
brfac2645,,1,0,429,1
brfac2646,,1,0,525,1
brfac2647,,1,0,404,1
brfac2648,,1,0,456,1
brfac2649,,1,0,359,1
brfac265,,1,0,701,1
brfac2650,,1,0,407,1
brfac2651,,1,0,353,1
brfac2652,,1,0,355,1
brfac2653,,1,0,455,1
brfac2654,,1,0,382,1
brfac2655,,1,0,353,1
brfac2656,,1,0,389,1
brfac2657,,1,0,381,1
brfac2658,,1,0,369,1
brfac2659,,1,0,385,1
brfac266,,1,0,647,1
brfac2660,,1,0,359,1
brfac2661,,1,0,379,1
brfac2662,,1,0,416,1
brfac2663,,1,0,394,1
brfac2664,,1,0,454,1
brfac2665,,1,0,352,1
brfac2666,,1,0,373,1
brfac2667,,1,0,453,1
brfac2668,,1,0,364,1
brfac2669,,1,0,453,1
brfac267,,1,0,720,1
brfac2670,,1,0,378,1
brfac2671,,1,0,393,1
brfac2672,,1,0,434,1
brfac2673,,1,0,376,1
brfac2674,,1,0,379,1
brfac2675,,1,0,386,1
brfac2676,,1,0,350,1
brfac2677,,1,0,407,1
brfac2678,,1,0,381,1
brfac2679,,1,0,366,1
brfac268,,1,0,679,1
brfac2680,,1,0,390,1
brfac2681,,1,0,379,1
brfac2682,,1,0,368,1
brfac2683,,1,0,388,1
brfac2684,,1,0,372,1
brfac2685,,1,0,371,1
brfac2686,,1,0,438,1
brfac2687,,1,0,390,1
brfac2688,,1,0,493,1
brfac2689,,1,0,480,1
brfac269,,1,0,696,1
brfac2690,,1,0,377,1
brfac2691,,1,0,372,1
brfac2692,,1,0,362,1
brfac2693,,1,0,382,1
brfac2694,,1,0,359,1
brfac2695,,1,0,463,1
brfac2696,,1,0,377,1
brfac2697,,1,0,364,1
brfac2698,,1,0,369,1
brfac2699,,1,0,382,1
brfac270,,1,0,772,1
brfac2700,,1,0,569,1
brfac2701,,1,0,449,1
brfac2702,,1,0,350,1
brfac2703,,1,0,358,1
brfac2704,,1,0,9,1
brfac2705,,1,0,368,1
brfac2706,,1,0,360,1
brfac2707,,1,0,392,1
brfac2708,,1,0,361,1
brfac2709,,1,0,339,1
brfac271,,1,0,811,1
brfac2710,,1,0,352,1
brfac2711,,1,0,380,1
brfac2712,,1,0,361,1
brfac2713,,1,0,386,1
brfac2714,,1,0,375,1
brfac2715,,1,0,392,1
brfac2716,,1,0,417,1
brfac2717,,1,0,369,1
brfac2718,,1,0,425,1
brfac2719,,1,0,483,1
brfac272,,1,0,686,1
brfac2720,,1,0,400,1
brfac2721,,1,0,368,1
brfac2722,,1,0,361,1
brfac2723,,1,0,380,1
brfac2724,,1,0,362,1
brfac2725,,1,0,365,1
brfac2726,,1,0,357,1
brfac2727,,1,0,461,1
brfac2728,,1,0,464,1
brfac2729,,1,0,399,1
brfac273,,1,0,730,1
brfac2730,,1,0,459,1
brfac2731,,1,0,468,1
brfac2732,,1,0,369,1
brfac2733,,1,0,366,1
brfac2734,,1,0,474,1
brfac2735,,1,0,356,1
brfac2736,,1,0,444,1
brfac2737,,1,0,371,1
brfac2738,,1,0,546,1
brfac2739,,1,0,369,1
brfac274,,1,0,720,1
brfac2740,,1,0,451,1
brfac2741,,1,0,401,1
brfac2742,,1,0,351,1
brfac2743,,1,0,354,1
brfac2745,,1,0,386,1
brfac2746,,1,0,363,1
brfac2747,,1,0,352,1
brfac2748,,1,0,368,1
brfac2749,,1,0,389,1
brfac275,,1,0,797,1
brfac2750,,1,0,368,1
brfac2751,,1,0,373,1
brfac2752,,1,0,408,1
brfac2753,,1,0,368,1
brfac2754,,1,0,395,1
brfac2755,,1,0,380,1
brfac2756,,1,0,357,1
brfac2757,,1,0,453,1
brfac2758,,1,0,452,1
brfac2759,,1,0,371,1
brfac276,,1,0,675,1
brfac2760,,1,0,363,1
brfac2761,,1,0,366,1
brfac2762,,1,0,446,1
brfac2763,,1,0,367,1
brfac2764,,1,0,354,1
brfac2765,,1,0,345,1
brfac2766,,1,0,369,1
brfac2767,,1,0,361,1
brfac2768,,1,0,361,1
brfac2769,,1,0,374,1
brfac277,,1,0,688,1
brfac2770,,1,0,357,1
brfac2771,,1,0,347,1
brfac2772,,1,0,458,1
brfac2773,,1,0,369,1
brfac2774,,1,0,346,1
brfac2775,,1,0,440,1
brfac2776,,1,0,437,1
brfac2777,,1,0,483,1
brfac2778,,1,0,361,1
brfac2779,,1,0,358,1
brfac278,,1,0,744,1
brfac2780,,1,0,381,1
brfac2781,,1,0,371,1
brfac2782,,1,0,370,1
brfac2783,,1,0,438,1
brfac2784,,1,0,400,1
brfac2785,,1,0,365,1
brfac2786,,1,0,451,1
brfac2787,,1,0,443,1
brfac2788,,1,0,374,1
brfac2789,,1,0,481,1
brfac279,,1,0,743,1
brfac2790,,1,0,347,1
brfac2791,,1,0,403,1
brfac2792,,1,0,376,1
brfac2793,,1,0,370,1
brfac2794,,1,0,351,1
brfac2795,,1,0,445,1
brfac2796,,1,0,355,1
brfac2797,,1,0,466,1
brfac2798,,1,0,364,1
brfac2799,,1,0,410,1
brfac28,,1,0,1333,1
brfac280,,1,0,763,1
brfac2800,,1,0,498,1
brfac2801,,1,0,404,1
brfac2802,,1,0,435,1
brfac2803,,1,0,369,1
brfac2804,,1,0,366,1
brfac2805,,1,0,365,1
brfac2806,,1,0,356,1
brfac2807,,1,0,365,1
brfac2808,,1,0,425,1
brfac281,,1,0,696,1
brfac2810,,1,0,348,1
brfac2811,,1,0,372,1
brfac2812,,1,0,459,1
brfac2813,,1,0,361,1
brfac2814,,1,0,341,1
brfac2815,,1,0,368,1
brfac2816,,1,0,473,1
brfac2817,,1,0,442,1
brfac2818,,1,0,367,1
brfac2819,,1,0,365,1
brfac282,,1,0,691,1
brfac2820,,1,0,453,1
brfac2821,,1,0,362,1
brfac2822,,1,0,378,1
brfac2823,,1,0,367,1
brfac2824,,1,0,358,1
brfac2825,,1,0,375,1
brfac2826,,1,0,365,1
brfac2827,,1,0,355,1
brfac2828,,1,0,411,1
brfac2829,,1,0,356,1
brfac283,,1,0,672,1
brfac2830,,1,0,353,1
brfac2831,,1,0,341,1
brfac2832,,1,0,366,1
brfac2833,,1,0,386,1
brfac2834,,1,0,371,1
brfac2835,,1,0,471,1
brfac2836,,1,0,382,1
brfac2837,,1,0,390,1
brfac2838,,1,0,353,1
brfac2839,,1,0,357,1
brfac284,,1,0,721,1
brfac2840,,1,0,359,1
brfac2841,,1,0,373,1
brfac2842,,1,0,387,1
brfac2843,,1,0,399,1
brfac2844,,1,0,380,1
brfac2845,,1,0,338,1
brfac2846,,1,0,364,1
brfac2847,,1,0,363,1
brfac2848,,1,0,363,1
brfac2849,,1,0,360,1
brfac285,,1,0,656,1
brfac2850,,1,0,419,1
brfac2851,,1,0,421,1
brfac2852,,1,0,362,1
brfac2853,,1,0,393,1
brfac2854,,1,0,361,1
brfac2855,,1,0,360,1
brfac2856,,1,0,454,1
brfac2857,,1,0,404,1
brfac2858,,1,0,367,1
brfac2859,,1,0,360,1
brfac286,,1,0,676,1
brfac2860,,1,0,403,1
brfac2861,,1,0,377,1
brfac2862,,1,0,388,1
brfac2863,,1,0,442,1
brfac2864,,1,0,359,1
brfac2865,,1,0,359,1
brfac2866,,1,0,369,1
brfac2867,,1,0,359,1
brfac2868,,1,0,359,1
brfac2869,,1,0,365,1
brfac287,,1,0,668,1
brfac2870,,1,0,357,1
brfac2871,,1,0,361,1
brfac2872,,1,0,374,1
brfac2873,,1,0,362,1
brfac2874,,1,0,369,1
brfac2875,,1,0,416,1
brfac2876,,1,0,364,1
brfac2877,,1,0,360,1
brfac2878,,1,0,339,1
brfac2879,,1,0,455,1
brfac288,,1,0,967,1
brfac2880,,1,0,431,1
brfac2881,,1,0,368,1
brfac2882,,1,0,365,1
brfac2883,,1,0,600,1
brfac2884,,1,0,375,1
brfac2885,,1,0,364,1
brfac2886,,1,0,343,1
brfac2887,,1,0,384,1
brfac2888,,1,0,554,1
brfac2889,,1,0,362,1
brfac2890,,1,0,482,1
brfac2891,,1,0,418,1
brfac2892,,1,0,399,1
brfac2893,,1,0,357,1
brfac2894,,1,0,340,1
brfac2895,,1,0,346,1
brfac2896,,1,0,378,1
brfac2897,,1,0,370,1
brfac2898,,1,0,359,1
brfac2899,,1,0,362,1
brfac29,,1,0,1444,1
brfac290,,1,0,718,1
brfac2900,,1,0,447,1
brfac2901,,1,0,380,1
brfac2902,,1,0,357,1
brfac2903,,1,0,381,1
brfac2904,,1,0,489,1
brfac2905,,1,0,341,1
brfac2906,,1,0,339,1
brfac2907,,1,0,373,1
brfac2908,,1,0,443,1
brfac2909,,1,0,400,1
brfac291,,1,0,702,1
brfac2910,,1,0,356,1
brfac2911,,1,0,370,1
brfac2912,,1,0,459,1
brfac2913,,1,0,366,1
brfac2914,,1,0,441,1
brfac2915,,1,0,362,1
brfac2917,,1,0,413,1
brfac2918,,1,0,350,1
brfac2919,,1,0,359,1
brfac292,,1,0,707,1
brfac2920,,1,0,370,1
brfac2921,,1,0,370,1
brfac2922,,1,0,360,1
brfac2923,,1,0,368,1
brfac2924,,1,0,358,1
brfac2925,,1,0,393,1
brfac2926,,1,0,370,1
brfac2927,,1,0,391,1
brfac2928,,1,0,403,1
brfac2929,,1,0,366,1
brfac293,,1,0,747,1
brfac2930,,1,0,361,1
brfac2931,,1,0,351,1
brfac2932,,1,0,447,1
brfac2933,,1,0,353,1
brfac2934,,1,0,377,1
brfac2935,,1,0,328,1
brfac2936,,1,0,355,1
brfac2937,,1,0,356,1
brfac2938,,1,0,350,1
brfac2939,,1,0,371,1
brfac294,,1,0,843,1
brfac2940,,1,0,492,1
brfac2941,,1,0,358,1
brfac2942,,1,0,359,1
brfac2943,,1,0,371,1
brfac2944,,1,0,454,1
brfac2945,,1,0,454,1
brfac2946,,1,0,368,1
brfac2947,,1,0,341,1
brfac2948,,1,0,367,1
brfac2949,,1,0,350,1
brfac295,,1,0,658,1
brfac2950,,1,0,406,1
brfac2951,,1,0,352,1
brfac2952,,1,0,455,1
brfac2953,,1,0,397,1
brfac2954,,1,0,360,1
brfac2955,,1,0,383,1
brfac2956,,1,0,381,1
brfac2957,,1,0,383,1
brfac2958,,1,0,375,1
brfac2959,,1,0,380,1
brfac296,,1,0,741,1
brfac2960,,1,0,459,1
brfac2961,,1,0,361,1
brfac2962,,1,0,356,1
brfac2963,,1,0,408,1
brfac2964,,1,0,372,1
brfac2965,,1,0,357,1
brfac2966,,1,0,441,1
brfac2967,,1,0,367,1
brfac2968,,1,0,356,1
brfac2969,,1,0,393,1
brfac297,,1,0,743,1
brfac2970,,1,0,378,1
brfac2971,,1,0,492,1
brfac2972,,1,0,365,1
brfac2973,,1,0,363,1
brfac2974,,1,0,383,1
brfac2975,,1,0,470,1
brfac2976,,1,0,396,1
brfac2977,,1,0,346,1
brfac2978,,1,0,447,1
brfac2979,,1,0,379,1
brfac298,,1,0,678,1
brfac2980,,1,0,375,1
brfac2981,,1,0,354,1
brfac2982,,1,0,351,1
brfac2983,,1,0,355,1
brfac2984,,1,0,345,1
brfac2985,,1,0,446,1
brfac2986,,1,0,342,1
brfac2987,,1,0,363,1
brfac2988,,1,0,453,1
brfac2989,,1,0,361,1
brfac299,,1,0,732,1
brfac2990,,1,0,376,1
brfac2991,,1,0,360,1
brfac2992,,1,0,456,1
brfac2993,,1,0,366,1
brfac2994,,1,0,359,1
brfac2995,,1,0,358,1
brfac2996,,1,0,380,1
brfac2997,,1,0,362,1
brfac2998,,1,0,376,1
brfac2999,,1,0,389,1
brfac3,,1,0,6244,1
brfac30,,1,0,1237,1
brfac300,,1,0,969,1
brfac3000,,1,0,451,1
brfac3001,,1,0,415,1
brfac3002,,1,0,444,1
brfac3003,,1,0,369,1
brfac3004,,1,0,357,1
brfac3005,,1,0,372,1
brfac3006,,1,0,366,1
brfac3007,,1,0,348,1
brfac3008,,1,0,399,1
brfac3009,,1,0,359,1
brfac301,,1,0,661,1
brfac3010,,1,0,363,1
brfac3011,,1,0,485,1
brfac3012,,1,0,456,1
brfac3013,,1,0,368,1
brfac3014,,1,0,359,1
brfac3015,,1,0,357,1
brfac3016,,1,0,368,1
brfac3017,,1,0,468,1
brfac3018,,1,0,352,1
brfac3019,,1,0,385,1
brfac302,,1,0,717,1
brfac3020,,1,0,420,1
brfac3021,,1,0,459,1
brfac3022,,1,0,324,1
brfac3023,,1,0,396,1
brfac3024,,1,0,379,1
brfac3026,,1,0,350,1
brfac3027,,1,0,345,1
brfac3028,,1,0,382,1
brfac3029,,1,0,354,1
brfac303,,1,0,684,1
brfac3030,,1,0,382,1
brfac3031,,1,0,361,1
brfac3032,,1,0,358,1
brfac3033,,1,0,423,1
brfac3034,,1,0,365,1
brfac3035,,1,0,375,1
brfac3036,,1,0,422,1
brfac3037,,1,0,474,1
brfac3038,,1,0,445,1
brfac3039,,1,0,375,1
brfac304,,1,0,745,1
brfac3040,,1,0,440,1
brfac3041,,1,0,367,1
brfac3042,,1,0,578,1
brfac3043,,1,0,369,1
brfac3044,,1,0,362,1
brfac3045,,1,0,387,1
brfac3046,,1,0,354,1
brfac3047,,1,0,359,1
brfac3048,,1,0,358,1
brfac3049,,1,0,446,1
brfac305,,1,0,652,1
brfac3050,,1,0,364,1
brfac3051,,1,0,384,1
brfac3052,,1,0,368,1
brfac3053,,1,0,357,1
brfac3054,,1,0,441,1
brfac3055,,1,0,344,1
brfac3056,,1,0,395,1
brfac3057,,1,0,356,1
brfac3058,,1,0,357,1
brfac3059,,1,0,374,1
brfac306,,1,0,738,1
brfac3060,,1,0,379,1
brfac3061,,1,0,400,1
brfac3062,,1,0,437,1
brfac3063,,1,0,358,1
brfac3064,,1,0,364,1
brfac3065,,1,0,459,1
brfac3066,,1,0,455,1
brfac3067,,1,0,375,1
brfac3068,,1,0,374,1
brfac3069,,1,0,366,1
brfac307,,1,0,692,1
brfac3070,,1,0,375,1
brfac3071,,1,0,340,1
brfac3072,,1,0,587,1
brfac3073,,1,0,368,1
brfac3074,,1,0,373,1
brfac3075,,1,0,447,1
brfac3076,,1,0,360,1
brfac3077,,1,0,356,1
brfac3078,,1,0,459,1
brfac3079,,1,0,372,1
brfac308,,1,0,680,1
brfac3080,,1,0,420,1
brfac3081,,1,0,358,1
brfac3082,,1,0,383,1
brfac3083,,1,0,367,1
brfac3084,,1,0,358,1
brfac3085,,1,0,368,1
brfac3086,,1,0,360,1
brfac3087,,1,0,490,1
brfac3088,,1,0,374,1
brfac3089,,1,0,384,1
brfac309,,1,0,719,1
brfac3090,,1,0,347,1
brfac3091,,1,0,346,1
brfac3092,,1,0,348,1
brfac3093,,1,0,356,1
brfac3094,,1,0,376,1
brfac3095,,1,0,360,1
brfac3096,,1,0,404,1
brfac3097,,1,0,438,1
brfac3098,,1,0,357,1
brfac3099,,1,0,448,1
brfac31,,1,0,1295,1
brfac310,,1,0,706,1
brfac3100,,1,0,389,1
brfac3101,,1,0,380,1
brfac3102,,1,0,352,1
brfac3103,,1,0,437,1
brfac3104,,1,0,374,1
brfac3105,,1,0,372,1
brfac3106,,1,0,459,1
brfac3107,,1,0,363,1
brfac3108,,1,0,360,1
brfac3109,,1,0,374,1
brfac311,,1,0,683,1
brfac3110,,1,0,359,1
brfac3111,,1,0,361,1
brfac3112,,1,0,349,1
brfac3113,,1,0,448,1
brfac3114,,1,0,350,1
brfac3115,,1,0,362,1
brfac3116,,1,0,365,1
brfac3117,,1,0,471,1
brfac3118,,1,0,446,1
brfac3119,,1,0,377,1
brfac312,,1,0,745,1
brfac3120,,1,0,427,1
brfac3121,,1,0,382,1
brfac3122,,1,0,354,1
brfac3123,,1,0,356,1
brfac3124,,1,0,364,1
brfac3126,,1,0,374,1
brfac3127,,1,0,374,1
brfac3128,,1,0,350,1
brfac3129,,1,0,446,1
brfac313,,1,0,705,1
brfac3130,,1,0,340,1
brfac3131,,1,0,354,1
brfac3132,,1,0,414,1
brfac3133,,1,0,382,1
brfac3134,,1,0,441,1
brfac3135,,1,0,370,1
brfac3136,,1,0,9,1
brfac3137,,1,0,395,1
brfac3138,,1,0,451,1
brfac3139,,1,0,452,1
brfac314,,1,0,649,1
brfac3140,,1,0,348,1
brfac3141,,1,0,370,1
brfac3142,,1,0,461,1
brfac3143,,1,0,359,1
brfac3144,,1,0,359,1
brfac3145,,1,0,377,1
brfac3146,,1,0,440,1
brfac3147,,1,0,368,1
brfac3148,,1,0,369,1
brfac3149,,1,0,349,1
brfac315,,1,0,745,1
brfac3150,,1,0,479,1
brfac3151,,1,0,344,1
brfac3152,,1,0,358,1
brfac3153,,1,0,439,1
brfac3154,,1,0,349,1
brfac3155,,1,0,358,1
brfac3156,,1,0,352,1
brfac3157,,1,0,374,1
brfac3158,,1,0,388,1
brfac3159,,1,0,411,1
brfac316,,1,0,712,1
brfac3160,,1,0,344,1
brfac3161,,1,0,345,1
brfac3162,,1,0,358,1
brfac3163,,1,0,375,1
brfac3164,,1,0,355,1
brfac3165,,1,0,352,1
brfac3166,,1,0,344,1
brfac3167,,1,0,380,1
brfac3168,,1,0,445,1
brfac3169,,1,0,407,1
brfac317,,1,0,660,1
brfac3170,,1,0,448,1
brfac3171,,1,0,360,1
brfac3172,,1,0,360,1
brfac3173,,1,0,457,1
brfac3174,,1,0,487,1
brfac3175,,1,0,396,1
brfac3176,,1,0,390,1
brfac3177,,1,0,453,1
brfac3178,,1,0,340,1
brfac3179,,1,0,468,1
brfac318,,1,0,687,1
brfac3180,,1,0,370,1
brfac3181,,1,0,378,1
brfac3182,,1,0,425,1
brfac3183,,1,0,372,1
brfac3184,,1,0,376,1
brfac3185,,1,0,460,1
brfac3186,,1,0,367,1
brfac3187,,1,0,398,1
brfac3188,,1,0,358,1
brfac3189,,1,0,373,1
brfac319,,1,0,656,1
brfac3190,,1,0,364,1
brfac3191,,1,0,378,1
brfac3192,,1,0,441,1
brfac3193,,1,0,431,1
brfac3194,,1,0,458,1
brfac3195,,1,0,370,1
brfac3196,,1,0,328,1
brfac3197,,1,0,358,1
brfac3198,,1,0,350,1
brfac3199,,1,0,374,1
brfac320,,1,0,739,1
brfac3200,,1,0,576,1
brfac3201,,1,0,367,1
brfac3202,,1,0,347,1
brfac3203,,1,0,454,1
brfac3204,,1,0,353,1
brfac3205,,1,0,359,1
brfac3206,,1,0,360,1
brfac3207,,1,0,360,1
brfac3208,,1,0,436,1
brfac3209,,1,0,385,1
brfac321,,1,0,637,1
brfac3210,,1,0,451,1
brfac3211,,1,0,409,1
brfac3212,,1,0,354,1
brfac3213,,1,0,440,1
brfac3214,,1,0,356,1
brfac3215,,1,0,446,1
brfac3216,,1,0,452,1
brfac3217,,1,0,368,1
brfac3218,,1,0,444,1
brfac3219,,1,0,357,1
brfac322,,1,0,719,1
brfac3220,,1,0,401,1
brfac3221,,1,0,527,1
brfac3222,,1,0,353,1
brfac3223,,1,0,364,1
brfac3224,,1,0,374,1
brfac3225,,1,0,368,1
brfac3226,,1,0,361,1
brfac3227,,1,0,361,1
brfac3228,,1,0,464,1
brfac3229,,1,0,361,1
brfac323,,1,0,714,1
brfac3230,,1,0,367,1
brfac3231,,1,0,369,1
brfac3232,,1,0,371,1
brfac3233,,1,0,355,1
brfac3234,,1,0,448,1
brfac3235,,1,0,438,1
brfac3236,,1,0,374,1
brfac3237,,1,0,371,1
brfac3238,,1,0,380,1
brfac3239,,1,0,447,1
brfac3240,,1,0,484,1
brfac3241,,1,0,343,1
brfac3242,,1,0,373,1
brfac3243,,1,0,356,1
brfac3244,,1,0,451,1
brfac3245,,1,0,354,1
brfac3246,,1,0,440,1
brfac3247,,1,0,378,1
brfac3248,,1,0,385,1
brfac325,,1,0,705,1
brfac3250,,1,0,459,1
brfac3251,,1,0,377,1
brfac3252,,1,0,348,1
brfac3253,,1,0,484,1
brfac3254,,1,0,370,1
brfac3255,,1,0,349,1
brfac3256,,1,0,440,1
brfac3257,,1,0,376,1
brfac3258,,1,0,354,1
brfac3259,,1,0,363,1
brfac326,,1,0,705,1
brfac3260,,1,0,392,1
brfac3261,,1,0,369,1
brfac3262,,1,0,352,1
brfac3263,,1,0,383,1
brfac3264,,1,0,448,1
brfac3265,,1,0,360,1
brfac3266,,1,0,363,1
brfac3267,,1,0,544,1
brfac3268,,1,0,368,1
brfac3269,,1,0,350,1
brfac327,,1,0,688,1
brfac3270,,1,0,345,1
brfac3271,,1,0,389,1
brfac3272,,1,0,346,1
brfac3273,,1,0,338,1
brfac3274,,1,0,353,1
brfac3275,,1,0,389,1
brfac3276,,1,0,380,1
brfac3277,,1,0,365,1
brfac3278,,1,0,362,1
brfac3279,,1,0,360,1
brfac328,,1,0,681,1
brfac3280,,1,0,379,1
brfac3281,,1,0,348,1
brfac3282,,1,0,348,1
brfac3283,,1,0,403,1
brfac3284,,1,0,340,1
brfac3285,,1,0,356,1
brfac3286,,1,0,372,1
brfac3287,,1,0,370,1
brfac3288,,1,0,343,1
brfac3289,,1,0,362,1
brfac329,,1,0,728,1
brfac3290,,1,0,358,1
brfac3291,,1,0,366,1
brfac3292,,1,0,356,1
brfac3293,,1,0,359,1
brfac3294,,1,0,405,1
brfac3295,,1,0,342,1
brfac3296,,1,0,396,1
brfac3297,,1,0,445,1
brfac3298,,1,0,448,1
brfac3299,,1,0,477,1
brfac33,,1,0,1221,1
brfac330,,1,0,724,1
brfac3300,,1,0,456,1
brfac3301,,1,0,407,1
brfac3302,,1,0,440,1
brfac3303,,1,0,348,1
brfac3304,,1,0,455,1
brfac3305,,1,0,367,1
brfac3306,,1,0,351,1
brfac3307,,1,0,385,1
brfac3308,,1,0,349,1
brfac3309,,1,0,369,1
brfac331,,1,0,718,1
brfac3310,,1,0,355,1
brfac3311,,1,0,361,1
brfac3312,,1,0,444,1
brfac3313,,1,0,376,1
brfac3314,,1,0,442,1
brfac3315,,1,0,360,1
brfac3316,,1,0,359,1
brfac3317,,1,0,333,1
brfac3318,,1,0,355,1
brfac3319,,1,0,385,1
brfac332,,1,0,664,1
brfac3320,,1,0,336,1
brfac3321,,1,0,364,1
brfac3322,,1,0,363,1
brfac3323,,1,0,392,1
brfac3324,,1,0,344,1
brfac3325,,1,0,363,1
brfac3326,,1,0,345,1
brfac3327,,1,0,365,1
brfac3328,,1,0,383,1
brfac3329,,1,0,385,1
brfac333,,1,0,659,1
brfac3330,,1,0,368,1
brfac3331,,1,0,372,1
brfac3332,,1,0,388,1
brfac3333,,1,0,352,1
brfac3334,,1,0,338,1
brfac3335,,1,0,442,1
brfac3336,,1,0,399,1
brfac3337,,1,0,350,1
brfac3338,,1,0,379,1
brfac3339,,1,0,382,1
brfac334,,1,0,637,1
brfac3340,,1,0,370,1
brfac3341,,1,0,366,1
brfac3342,,1,0,369,1
brfac3343,,1,0,396,1
brfac3344,,1,0,360,1
brfac3345,,1,0,361,1
brfac3346,,1,0,361,1
brfac3347,,1,0,374,1
brfac3348,,1,0,359,1
brfac3349,,1,0,372,1
brfac335,,1,0,749,1
brfac3350,,1,0,369,1
brfac3351,,1,0,382,1
brfac3352,,1,0,442,1
brfac3353,,1,0,349,1
brfac3354,,1,0,361,1
brfac3355,,1,0,436,1
brfac3356,,1,0,361,1
brfac3357,,1,0,366,1
brfac3358,,1,0,357,1
brfac3359,,1,0,382,1
brfac336,,1,0,711,1
brfac3360,,1,0,453,1
brfac3361,,1,0,393,1
brfac3362,,1,0,562,1
brfac3363,,1,0,381,1
brfac3364,,1,0,9,1
brfac3365,,1,0,447,1
brfac3366,,1,0,354,1
brfac3367,,1,0,448,1
brfac3368,,1,0,442,1
brfac3369,,1,0,350,1
brfac337,,1,0,705,1
brfac3370,,1,0,357,1
brfac3371,,1,0,371,1
brfac3372,,1,0,442,1
brfac3373,,1,0,380,1
brfac3374,,1,0,359,1
brfac3376,,1,0,368,1
brfac3377,,1,0,367,1
brfac3378,,1,0,461,1
brfac3379,,1,0,363,1
brfac338,,1,0,971,1
brfac3380,,1,0,436,1
brfac3381,,1,0,347,1
brfac3382,,1,0,355,1
brfac3383,,1,0,442,1
brfac3384,,1,0,454,1
brfac3385,,1,0,353,1
brfac3386,,1,0,451,1
brfac3387,,1,0,357,1
brfac3388,,1,0,488,1
brfac3389,,1,0,387,1
brfac339,,1,0,685,1
brfac3390,,1,0,373,1
brfac3391,,1,0,365,1
brfac3392,,1,0,373,1
brfac3393,,1,0,347,1
brfac3394,,1,0,371,1
brfac3395,,1,0,363,1
brfac3396,,1,0,454,1
brfac3397,,1,0,467,1
brfac3398,,1,0,355,1
brfac3399,,1,0,352,1
brfac34,,1,0,1267,1
brfac340,,1,0,680,1
brfac3400,,1,0,450,1
brfac3401,,1,0,364,1
brfac3402,,1,0,431,1
brfac3403,,1,0,342,1
brfac3404,,1,0,350,1
brfac3405,,1,0,350,1
brfac3406,,1,0,359,1
brfac3407,,1,0,415,1
brfac3408,,1,0,365,1
brfac3409,,1,0,356,1
brfac341,,1,0,678,1
brfac3410,,1,0,345,1
brfac3411,,1,0,404,1
brfac3412,,1,0,368,1
brfac3413,,1,0,374,1
brfac3414,,1,0,347,1
brfac3415,,1,0,335,1
brfac3416,,1,0,360,1
brfac3417,,1,0,388,1
brfac3418,,1,0,371,1
brfac3419,,1,0,440,1
brfac342,,1,0,703,1
brfac3420,,1,0,443,1
brfac3421,,1,0,352,1
brfac3422,,1,0,446,1
brfac3423,,1,0,354,1
brfac3424,,1,0,348,1
brfac3425,,1,0,378,1
brfac3426,,1,0,363,1
brfac3427,,1,0,354,1
brfac3428,,1,0,358,1
brfac3429,,1,0,338,1
brfac3430,,1,0,443,1
brfac3431,,1,0,372,1
brfac3432,,1,0,364,1
brfac3433,,1,0,383,1
brfac3434,,1,0,458,1
brfac3435,,1,0,342,1
brfac3436,,1,0,368,1
brfac3437,,1,0,439,1
brfac3438,,1,0,378,1
brfac3439,,1,0,362,1
brfac344,,1,0,748,1
brfac3440,,1,0,360,1
brfac3441,,1,0,344,1
brfac3442,,1,0,376,1
brfac3443,,1,0,361,1
brfac3444,,1,0,353,1
brfac3445,,1,0,369,1
brfac3446,,1,0,360,1
brfac3447,,1,0,359,1
brfac3448,,1,0,447,1
brfac3449,,1,0,395,1
brfac345,,1,0,652,1
brfac3450,,1,0,393,1
brfac3451,,1,0,344,1
brfac3452,,1,0,363,1
brfac3453,,1,0,356,1
brfac3454,,1,0,364,1
brfac3455,,1,0,445,1
brfac3456,,1,0,489,1
brfac3457,,1,0,390,1
brfac3458,,1,0,363,1
brfac3459,,1,0,358,1
brfac346,,1,0,653,1
brfac3460,,1,0,469,1
brfac3461,,1,0,395,1
brfac3462,,1,0,356,1
brfac3463,,1,0,365,1
brfac3464,,1,0,362,1
brfac3465,,1,0,448,1
brfac3466,,1,0,352,1
brfac3467,,1,0,359,1
brfac3468,,1,0,570,1
brfac3469,,1,0,385,1
brfac347,,1,0,686,1
brfac3470,,1,0,356,1
brfac3471,,1,0,352,1
brfac3472,,1,0,352,1
brfac3473,,1,0,356,1
brfac3474,,1,0,376,1
brfac3475,,1,0,394,1
brfac3476,,1,0,365,1
brfac3477,,1,0,350,1
brfac3478,,1,0,355,1
brfac3479,,1,0,453,1
brfac348,,1,0,741,1
brfac3480,,1,0,352,1
brfac3482,,1,0,367,1
brfac3483,,1,0,396,1
brfac3484,,1,0,363,1
brfac3485,,1,0,355,1
brfac3486,,1,0,367,1
brfac3487,,1,0,348,1
brfac3488,,1,0,365,1
brfac3489,,1,0,444,1
brfac349,,1,0,669,1
brfac3490,,1,0,364,1
brfac3491,,1,0,393,1
brfac3492,,1,0,472,1
brfac3493,,1,0,358,1
brfac3494,,1,0,450,1
brfac3495,,1,0,439,1
brfac3496,,1,0,372,1
brfac3497,,1,0,344,1
brfac3498,,1,0,358,1
brfac3499,,1,0,379,1
brfac35,,1,0,1229,1
brfac350,,1,0,781,1
brfac3500,,1,0,457,1
brfac3501,,1,0,382,1
brfac3502,,1,0,354,1
brfac3503,,1,0,369,1
brfac3504,,1,0,374,1
brfac3505,,1,0,353,1
brfac3506,,1,0,365,1
brfac3507,,1,0,455,1
brfac3508,,1,0,373,1
brfac3509,,1,0,347,1
brfac351,,1,0,776,1
brfac3510,,1,0,422,1
brfac3511,,1,0,407,1
brfac3512,,1,0,367,1
brfac3513,,1,0,360,1
brfac3514,,1,0,349,1
brfac3515,,1,0,349,1
brfac3516,,1,0,446,1
brfac3517,,1,0,384,1
brfac3518,,1,0,361,1
brfac3519,,1,0,368,1
brfac352,,1,0,738,1
brfac3520,,1,0,469,1
brfac3521,,1,0,363,1
brfac3522,,1,0,363,1
brfac3523,,1,0,350,1
brfac3524,,1,0,357,1
brfac3525,,1,0,365,1
brfac3526,,1,0,363,1
brfac3527,,1,0,482,1
brfac3528,,1,0,568,1
brfac3529,,1,0,464,1
brfac353,,1,0,701,1
brfac3530,,1,0,364,1
brfac3531,,1,0,361,1
brfac3532,,1,0,363,1
brfac3533,,1,0,469,1
brfac3534,,1,0,338,1
brfac3535,,1,0,348,1
brfac3536,,1,0,344,1
brfac3537,,1,0,350,1
brfac3538,,1,0,368,1
brfac3539,,1,0,369,1
brfac354,,1,0,718,1
brfac3540,,1,0,351,1
brfac3541,,1,0,382,1
brfac3542,,1,0,367,1
brfac3543,,1,0,371,1
brfac3544,,1,0,356,1
brfac3545,,1,0,360,1
brfac3546,,1,0,339,1
brfac3547,,1,0,378,1
brfac3548,,1,0,353,1
brfac3549,,1,0,469,1
brfac355,,1,0,682,1
brfac3550,,1,0,344,1
brfac3551,,1,0,357,1
brfac3552,,1,0,366,1
brfac3553,,1,0,446,1
brfac3554,,1,0,356,1
brfac3555,,1,0,374,1
brfac3556,,1,0,378,1
brfac3557,,1,0,379,1
brfac3558,,1,0,374,1
brfac3559,,1,0,382,1
brfac356,,1,0,626,1
brfac3560,,1,0,378,1
brfac3561,,1,0,456,1
brfac3562,,1,0,358,1
brfac3563,,1,0,358,1
brfac3564,,1,0,457,1
brfac3565,,1,0,355,1
brfac3566,,1,0,345,1
brfac3567,,1,0,345,1
brfac3568,,1,0,372,1
brfac3569,,1,0,368,1
brfac357,,1,0,657,1
brfac3570,,1,0,358,1
brfac3571,,1,0,395,1
brfac3572,,1,0,371,1
brfac3573,,1,0,366,1
brfac3574,,1,0,354,1
brfac3575,,1,0,401,1
brfac3576,,1,0,365,1
brfac3577,,1,0,355,1
brfac3578,,1,0,345,1
brfac3579,,1,0,338,1
brfac358,,1,0,644,1
brfac3580,,1,0,356,1
brfac3581,,1,0,381,1
brfac3582,,1,0,361,1
brfac3583,,1,0,390,1
brfac3584,,1,0,486,1
brfac3585,,1,0,358,1
brfac3586,,1,0,362,1
brfac3587,,1,0,355,1
brfac3588,,1,0,455,1
brfac3589,,1,0,368,1
brfac359,,1,0,709,1
brfac3590,,1,0,358,1
brfac3591,,1,0,395,1
brfac3592,,1,0,355,1
brfac3593,,1,0,464,1
brfac3594,,1,0,333,1
brfac3595,,1,0,338,1
brfac3596,,1,0,365,1
brfac3597,,1,0,363,1
brfac3598,,1,0,353,1
brfac3599,,1,0,354,1
brfac360,,1,0,793,1
brfac3600,,1,0,9,1
brfac3601,,1,0,446,1
brfac3602,,1,0,341,1
brfac3603,,1,0,449,1
brfac3604,,1,0,443,1
brfac3605,,1,0,377,1
brfac3606,,1,0,359,1
brfac3607,,1,0,379,1
brfac3608,,1,0,436,1
brfac3609,,1,0,449,1
brfac3610,,1,0,469,1
brfac3611,,1,0,343,1
brfac3612,,1,0,372,1
brfac3613,,1,0,380,1
brfac3614,,1,0,353,1
brfac3615,,1,0,367,1
brfac3616,,1,0,383,1
brfac3617,,1,0,376,1
brfac3618,,1,0,374,1
brfac3619,,1,0,373,1
brfac362,,1,0,705,1
brfac3620,,1,0,351,1
brfac3621,,1,0,366,1
brfac3622,,1,0,452,1
brfac3623,,1,0,365,1
brfac3624,,1,0,370,1
brfac3625,,1,0,366,1
brfac3626,,1,0,443,1
brfac3627,,1,0,358,1
brfac3628,,1,0,347,1
brfac3629,,1,0,353,1
brfac363,,1,0,947,1
brfac3630,,1,0,462,1
brfac3631,,1,0,473,1
brfac3632,,1,0,359,1
brfac3633,,1,0,363,1
brfac3634,,1,0,354,1
brfac3635,,1,0,370,1
brfac3636,,1,0,361,1
brfac3637,,1,0,390,1
brfac3638,,1,0,370,1
brfac3639,,1,0,439,1
brfac364,,1,0,676,1
brfac3640,,1,0,343,1
brfac3641,,1,0,351,1
brfac3642,,1,0,357,1
brfac3643,,1,0,457,1
brfac3644,,1,0,343,1
brfac3645,,1,0,428,1
brfac3646,,1,0,354,1
brfac3647,,1,0,342,1
brfac3648,,1,0,429,1
brfac3649,,1,0,349,1
brfac365,,1,0,641,1
brfac3650,,1,0,413,1
brfac3651,,1,0,357,1
brfac3652,,1,0,357,1
brfac3653,,1,0,357,1
brfac3654,,1,0,453,1
brfac3655,,1,0,355,1
brfac3656,,1,0,367,1
brfac3657,,1,0,355,1
brfac3658,,1,0,353,1
brfac3659,,1,0,352,1
brfac366,,1,0,721,1
brfac3660,,1,0,368,1
brfac3661,,1,0,458,1
brfac3662,,1,0,332,1
brfac3663,,1,0,370,1
brfac3664,,1,0,349,1
brfac3665,,1,0,352,1
brfac3666,,1,0,366,1
brfac3667,,1,0,356,1
brfac3668,,1,0,342,1
brfac3669,,1,0,375,1
brfac367,,1,0,668,1
brfac3670,,1,0,359,1
brfac3671,,1,0,388,1
brfac3672,,1,0,441,1
brfac3673,,1,0,469,1
brfac3674,,1,0,370,1
brfac3675,,1,0,561,1
brfac3676,,1,0,377,1
brfac3677,,1,0,375,1
brfac3678,,1,0,455,1
brfac3679,,1,0,372,1
brfac368,,1,0,756,1
brfac3680,,1,0,430,1
brfac3681,,1,0,368,1
brfac3682,,1,0,364,1
brfac3683,,1,0,352,1
brfac3684,,1,0,365,1
brfac3685,,1,0,458,1
brfac3686,,1,0,349,1
brfac3687,,1,0,449,1
brfac3688,,1,0,341,1
brfac3689,,1,0,365,1
brfac369,,1,0,714,1
brfac3690,,1,0,460,1
brfac3691,,1,0,372,1
brfac3692,,1,0,365,1
brfac3693,,1,0,453,1
brfac3694,,1,0,358,1
brfac3695,,1,0,383,1
brfac3696,,1,0,447,1
brfac3697,,1,0,378,1
brfac3698,,1,0,579,1
brfac3699,,1,0,449,1
brfac37,,1,0,1347,1
brfac370,,1,0,748,1
brfac3700,,1,0,351,1
brfac3701,,1,0,375,1
brfac3702,,1,0,370,1
brfac3703,,1,0,496,1
brfac3704,,1,0,390,1
brfac3705,,1,0,379,1
brfac3706,,1,0,347,1
brfac3707,,1,0,343,1
brfac3708,,1,0,389,1
brfac3709,,1,0,383,1
brfac371,,1,0,635,1
brfac3710,,1,0,357,1
brfac3711,,1,0,446,1
brfac3712,,1,0,361,1
brfac3713,,1,0,352,1
brfac3714,,1,0,378,1
brfac3715,,1,0,362,1
brfac3716,,1,0,352,1
brfac3717,,1,0,359,1
brfac3718,,1,0,440,1
brfac3719,,1,0,368,1
brfac372,,1,0,630,1
brfac3720,,1,0,440,1
brfac3722,,1,0,370,1
brfac3723,,1,0,340,1
brfac3724,,1,0,415,1
brfac3725,,1,0,364,1
brfac3726,,1,0,437,1
brfac3727,,1,0,395,1
brfac3728,,1,0,359,1
brfac3729,,1,0,450,1
brfac373,,1,0,677,1
brfac3730,,1,0,443,1
brfac3731,,1,0,357,1
brfac3732,,1,0,361,1
brfac3733,,1,0,381,1
brfac3734,,1,0,449,1
brfac3735,,1,0,443,1
brfac3736,,1,0,442,1
brfac3737,,1,0,347,1
brfac3738,,1,0,368,1
brfac3739,,1,0,479,1
brfac374,,1,0,712,1
brfac3740,,1,0,418,1
brfac3741,,1,0,363,1
brfac3742,,1,0,365,1
brfac3743,,1,0,346,1
brfac3744,,1,0,470,1
brfac3745,,1,0,344,1
brfac3746,,1,0,365,1
brfac3747,,1,0,351,1
brfac3748,,1,0,367,1
brfac3749,,1,0,359,1
brfac375,,1,0,782,1
brfac3750,,1,0,492,1
brfac3751,,1,0,388,1
brfac3752,,1,0,465,1
brfac3753,,1,0,381,1
brfac3754,,1,0,363,1
brfac3755,,1,0,352,1
brfac3756,,1,0,344,1
brfac3757,,1,0,365,1
brfac3758,,1,0,450,1
brfac3759,,1,0,351,1
brfac376,,1,0,738,1
brfac3760,,1,0,430,1
brfac3761,,1,0,465,1
brfac3762,,1,0,359,1
brfac3763,,1,0,348,1
brfac3764,,1,0,429,1
brfac3765,,1,0,355,1
brfac3766,,1,0,380,1
brfac3767,,1,0,388,1
brfac3768,,1,0,405,1
brfac3769,,1,0,481,1
brfac377,,1,0,622,1
brfac3770,,1,0,360,1
brfac3771,,1,0,375,1
brfac3772,,1,0,368,1
brfac3773,,1,0,373,1
brfac3774,,1,0,348,1
brfac3775,,1,0,370,1
brfac3776,,1,0,454,1
brfac3777,,1,0,369,1
brfac3778,,1,0,340,1
brfac3779,,1,0,392,1
brfac378,,1,0,736,1
brfac3780,,1,0,365,1
brfac3781,,1,0,362,1
brfac3782,,1,0,361,1
brfac3783,,1,0,370,1
brfac3784,,1,0,437,1
brfac3785,,1,0,365,1
brfac3786,,1,0,348,1
brfac3787,,1,0,452,1
brfac3788,,1,0,370,1
brfac3789,,1,0,354,1
brfac379,,1,0,683,1
brfac3790,,1,0,371,1
brfac3791,,1,0,350,1
brfac3792,,1,0,356,1
brfac3793,,1,0,359,1
brfac3794,,1,0,429,1
brfac3795,,1,0,368,1
brfac3796,,1,0,356,1
brfac3797,,1,0,398,1
brfac3798,,1,0,368,1
brfac3799,,1,0,362,1
brfac38,,1,0,1227,1
brfac380,,1,0,728,1
brfac3800,,1,0,404,1
brfac3801,,1,0,339,1
brfac3802,,1,0,335,1
brfac3803,,1,0,385,1
brfac3804,,1,0,331,1
brfac3805,,1,0,355,1
brfac3806,,1,0,355,1
brfac3807,,1,0,390,1
brfac3808,,1,0,395,1
brfac3809,,1,0,451,1
brfac381,,1,0,637,1
brfac3810,,1,0,361,1
brfac3811,,1,0,385,1
brfac3812,,1,0,344,1
brfac3813,,1,0,332,1
brfac3814,,1,0,365,1
brfac3815,,1,0,348,1
brfac3816,,1,0,407,1
brfac3817,,1,0,426,1
brfac3818,,1,0,361,1
brfac3819,,1,0,360,1
brfac382,,1,0,683,1
brfac3820,,1,0,365,1
brfac3821,,1,0,367,1
brfac3822,,1,0,424,1
brfac3823,,1,0,364,1
brfac3824,,1,0,361,1
brfac3825,,1,0,365,1
brfac3826,,1,0,362,1
brfac3827,,1,0,328,1
brfac3828,,1,0,339,1
brfac3829,,1,0,338,1
brfac383,,1,0,646,1
brfac3830,,1,0,356,1
brfac3831,,1,0,360,1
brfac3832,,1,0,370,1
brfac3833,,1,0,394,1
brfac3834,,1,0,359,1
brfac3835,,1,0,343,1
brfac3836,,1,0,355,1
brfac3837,,1,0,353,1
brfac3838,,1,0,333,1
brfac3839,,1,0,428,1
brfac384,,1,0,845,1
brfac3840,,1,0,490,1
brfac3841,,1,0,359,1
brfac3842,,1,0,382,1
brfac3843,,1,0,400,1
brfac3844,,1,0,9,1
brfac3845,,1,0,358,1
brfac3846,,1,0,344,1
brfac3847,,1,0,390,1
brfac3848,,1,0,366,1
brfac3849,,1,0,446,1
brfac385,,1,0,614,1
brfac3850,,1,0,429,1
brfac3851,,1,0,489,1
brfac3852,,1,0,441,1
brfac3853,,1,0,367,1
brfac3854,,1,0,353,1
brfac3855,,1,0,435,1
brfac3856,,1,0,350,1
brfac3857,,1,0,353,1
brfac3858,,1,0,367,1
brfac3859,,1,0,350,1
brfac386,,1,0,615,1
brfac3860,,1,0,345,1
brfac3861,,1,0,357,1
brfac3862,,1,0,352,1
brfac3863,,1,0,374,1
brfac3864,,1,0,377,1
brfac3865,,1,0,366,1
brfac3866,,1,0,360,1
brfac3867,,1,0,354,1
brfac3868,,1,0,352,1
brfac3869,,1,0,369,1
brfac387,,1,0,682,1
brfac3870,,1,0,357,1
brfac3871,,1,0,394,1
brfac3872,,1,0,567,1
brfac3873,,1,0,467,1
brfac3874,,1,0,349,1
brfac3875,,1,0,437,1
brfac3876,,1,0,351,1
brfac3877,,1,0,405,1
brfac3878,,1,0,456,1
brfac3879,,1,0,356,1
brfac388,,1,0,653,1
brfac3880,,1,0,442,1
brfac3881,,1,0,408,1
brfac3882,,1,0,443,1
brfac3883,,1,0,352,1
brfac3884,,1,0,363,1
brfac3885,,1,0,351,1
brfac3886,,1,0,355,1
brfac3887,,1,0,410,1
brfac3888,,1,0,540,1
brfac3889,,1,0,380,1
brfac389,,1,0,706,1
brfac3890,,1,0,340,1
brfac3891,,1,0,347,1
brfac3892,,1,0,360,1
brfac3893,,1,0,439,1
brfac3894,,1,0,345,1
brfac3895,,1,0,350,1
brfac3896,,1,0,352,1
brfac3897,,1,0,381,1
brfac3898,,1,0,352,1
brfac3899,,1,0,360,1
brfac39,,1,0,1145,1
brfac390,,1,0,728,1
brfac3900,,1,0,436,1
brfac3901,,1,0,345,1
brfac3902,,1,0,465,1
brfac3903,,1,0,360,1
brfac3904,,1,0,448,1
brfac3905,,1,0,438,1
brfac3906,,1,0,402,1
brfac3907,,1,0,377,1
brfac3908,,1,0,345,1
brfac3909,,1,0,365,1
brfac391,,1,0,660,1
brfac3910,,1,0,347,1
brfac3911,,1,0,354,1
brfac3912,,1,0,362,1
brfac3913,,1,0,429,1
brfac3914,,1,0,357,1
brfac3915,,1,0,352,1
brfac3916,,1,0,388,1
brfac3917,,1,0,369,1
brfac3918,,1,0,331,1
brfac3919,,1,0,365,1
brfac392,,1,0,1002,1
brfac3920,,1,0,413,1
brfac3921,,1,0,422,1
brfac3922,,1,0,444,1
brfac3923,,1,0,358,1
brfac3924,,1,0,452,1
brfac3925,,1,0,377,1
brfac3926,,1,0,367,1
brfac3927,,1,0,362,1
brfac3928,,1,0,341,1
brfac3929,,1,0,388,1
brfac393,,1,0,657,1
brfac3930,,1,0,433,1
brfac3931,,1,0,489,1
brfac3932,,1,0,432,1
brfac3933,,1,0,343,1
brfac3934,,1,0,352,1
brfac3935,,1,0,351,1
brfac3936,,1,0,444,1
brfac3937,,1,0,445,1
brfac3938,,1,0,356,1
brfac3939,,1,0,462,1
brfac394,,1,0,700,1
brfac3940,,1,0,355,1
brfac3941,,1,0,345,1
brfac3942,,1,0,354,1
brfac3943,,1,0,378,1
brfac3944,,1,0,351,1
brfac3945,,1,0,354,1
brfac3946,,1,0,434,1
brfac3947,,1,0,373,1
brfac3948,,1,0,342,1
brfac3949,,1,0,334,1
brfac395,,1,0,685,1
brfac3950,,1,0,403,1
brfac3951,,1,0,445,1
brfac3952,,1,0,362,1
brfac3953,,1,0,353,1
brfac3954,,1,0,343,1
brfac3955,,1,0,330,1
brfac3956,,1,0,341,1
brfac3957,,1,0,344,1
brfac3958,,1,0,349,1
brfac3959,,1,0,344,1
brfac396,,1,0,779,1
brfac3960,,1,0,442,1
brfac3961,,1,0,450,1
brfac3962,,1,0,440,1
brfac3963,,1,0,364,1
brfac3964,,1,0,351,1
brfac3965,,1,0,346,1
brfac3966,,1,0,354,1
brfac3967,,1,0,358,1
brfac3968,,1,0,444,1
brfac397,,1,0,647,1
brfac3970,,1,0,341,1
brfac3971,,1,0,480,1
brfac3972,,1,0,357,1
brfac3973,,1,0,357,1
brfac3974,,1,0,351,1
brfac3975,,1,0,375,1
brfac3976,,1,0,361,1
brfac3977,,1,0,364,1
brfac3978,,1,0,346,1
brfac3979,,1,0,358,1
brfac398,,1,0,643,1
brfac3980,,1,0,337,1
brfac3981,,1,0,339,1
brfac3982,,1,0,353,1
brfac3983,,1,0,330,1
brfac3984,,1,0,343,1
brfac3985,,1,0,331,1
brfac3986,,1,0,347,1
brfac3987,,1,0,417,1
brfac3988,,1,0,352,1
brfac3989,,1,0,360,1
brfac399,,1,0,749,1
brfac3990,,1,0,370,1
brfac3991,,1,0,332,1
brfac3992,,1,0,342,1
brfac3993,,1,0,366,1
brfac3994,,1,0,339,1
brfac3995,,1,0,359,1
brfac3996,,1,0,393,1
brfac3997,,1,0,335,1
brfac3998,,1,0,357,1
brfac3999,,1,0,436,1
brfac40,,1,0,1252,1
brfac4000,,1,0,474,1
brfac4001,,1,0,379,1
brfac4002,,1,0,447,1
brfac4003,,1,0,365,1
brfac4004,,1,0,342,1
brfac4005,,1,0,363,1
brfac4006,,1,0,344,1
brfac4007,,1,0,368,1
brfac4008,,1,0,351,1
brfac4009,,1,0,447,1
brfac401,,1,0,734,1
brfac4010,,1,0,381,1
brfac4011,,1,0,347,1
brfac4012,,1,0,363,1
brfac4013,,1,0,379,1
brfac4014,,1,0,388,1
brfac4015,,1,0,353,1
brfac4016,,1,0,316,1
brfac4017,,1,0,334,1
brfac4018,,1,0,376,1
brfac4019,,1,0,391,1
brfac402,,1,0,724,1
brfac4020,,1,0,352,1
brfac4021,,1,0,370,1
brfac4022,,1,0,330,1
brfac4023,,1,0,409,1
brfac4024,,1,0,354,1
brfac4025,,1,0,349,1
brfac4026,,1,0,330,1
brfac4027,,1,0,454,1
brfac4028,,1,0,378,1
brfac4029,,1,0,356,1
brfac403,,1,0,652,1
brfac4030,,1,0,364,1
brfac4031,,1,0,358,1
brfac4032,,1,0,489,1
brfac4033,,1,0,327,1
brfac4034,,1,0,348,1
brfac4035,,1,0,458,1
brfac4036,,1,0,340,1
brfac4037,,1,0,341,1
brfac4038,,1,0,356,1
brfac4039,,1,0,347,1
brfac404,,1,0,656,1
brfac4040,,1,0,356,1
brfac4041,,1,0,355,1
brfac4042,,1,0,365,1
brfac4043,,1,0,354,1
brfac4044,,1,0,327,1
brfac4045,,1,0,371,1
brfac4046,,1,0,462,1
brfac4047,,1,0,446,1
brfac4048,,1,0,348,1
brfac4049,,1,0,384,1
brfac405,,1,0,729,1
brfac4050,,1,0,549,1
brfac4051,,1,0,374,1
brfac4052,,1,0,447,1
brfac4053,,1,0,345,1
brfac4054,,1,0,341,1
brfac4055,,1,0,347,1
brfac4056,,1,0,489,1
brfac4057,,1,0,472,1
brfac4058,,1,0,461,1
brfac4059,,1,0,340,1
brfac406,,1,0,658,1
brfac4060,,1,0,376,1
brfac4061,,1,0,448,1
brfac4062,,1,0,353,1
brfac4063,,1,0,353,1
brfac4064,,1,0,347,1
brfac4065,,1,0,443,1
brfac4066,,1,0,435,1
brfac4067,,1,0,375,1
brfac4068,,1,0,444,1
brfac4069,,1,0,340,1
brfac407,,1,0,634,1
brfac4070,,1,0,361,1
brfac4071,,1,0,345,1
brfac4072,,1,0,445,1
brfac4073,,1,0,357,1
brfac4074,,1,0,341,1
brfac4075,,1,0,334,1
brfac4076,,1,0,344,1
brfac4077,,1,0,449,1
brfac4078,,1,0,330,1
brfac4079,,1,0,360,1
brfac408,,1,0,715,1
brfac4080,,1,0,364,1
brfac4081,,1,0,372,1
brfac4082,,1,0,360,1
brfac4083,,1,0,434,1
brfac4084,,1,0,448,1
brfac4085,,1,0,342,1
brfac4086,,1,0,355,1
brfac4087,,1,0,338,1
brfac4088,,1,0,369,1
brfac4089,,1,0,361,1
brfac409,,1,0,636,1
brfac4090,,1,0,354,1
brfac4091,,1,0,375,1
brfac4092,,1,0,381,1
brfac4093,,1,0,358,1
brfac4094,,1,0,325,1
brfac4095,,1,0,453,1
brfac4097,,1,0,345,1
brfac4098,,1,0,349,1
brfac4099,,1,0,403,1
brfac41,,1,0,1230,1
brfac410,,1,0,697,1
brfac4100,,1,0,342,1
brfac4101,,1,0,362,1
brfac4102,,1,0,342,1
brfac4103,,1,0,344,1
brfac4104,,1,0,403,1
brfac4105,,1,0,443,1
brfac4106,,1,0,437,1
brfac4107,,1,0,547,1
brfac4108,,1,0,357,1
brfac4109,,1,0,352,1
brfac411,,1,0,629,1
brfac4110,,1,0,350,1
brfac4111,,1,0,375,1
brfac4112,,1,0,353,1
brfac4113,,1,0,359,1
brfac4114,,1,0,410,1
brfac4115,,1,0,356,1
brfac4116,,1,0,369,1
brfac4117,,1,0,334,1
brfac4118,,1,0,441,1
brfac4119,,1,0,359,1
brfac412,,1,0,665,1
brfac4120,,1,0,340,1
brfac4121,,1,0,445,1
brfac4122,,1,0,462,1
brfac4123,,1,0,355,1
brfac4124,,1,0,431,1
brfac4125,,1,0,346,1
brfac4126,,1,0,442,1
brfac4127,,1,0,381,1
brfac4128,,1,0,364,1
brfac4129,,1,0,351,1
brfac413,,1,0,626,1
brfac4130,,1,0,441,1
brfac4131,,1,0,443,1
brfac4132,,1,0,348,1
brfac4133,,1,0,458,1
brfac4134,,1,0,351,1
brfac4135,,1,0,361,1
brfac4136,,1,0,350,1
brfac4137,,1,0,362,1
brfac4138,,1,0,348,1
brfac4139,,1,0,368,1
brfac414,,1,0,648,1
brfac4140,,1,0,358,1
brfac4141,,1,0,353,1
brfac4142,,1,0,347,1
brfac4143,,1,0,359,1
brfac4144,,1,0,376,1
brfac4145,,1,0,357,1
brfac4146,,1,0,342,1
brfac4147,,1,0,441,1
brfac4148,,1,0,349,1
brfac4149,,1,0,344,1
brfac415,,1,0,682,1
brfac4150,,1,0,456,1
brfac4151,,1,0,344,1
brfac4152,,1,0,341,1
brfac4153,,1,0,363,1
brfac4154,,1,0,332,1
brfac4155,,1,0,451,1
brfac4156,,1,0,334,1
brfac4157,,1,0,368,1
brfac4158,,1,0,424,1
brfac4159,,1,0,375,1
brfac416,,1,0,734,1
brfac4160,,1,0,363,1
brfac4161,,1,0,343,1
brfac4162,,1,0,359,1
brfac4163,,1,0,345,1
brfac4164,,1,0,365,1
brfac4165,,1,0,442,1
brfac4166,,1,0,438,1
brfac4167,,1,0,331,1
brfac4168,,1,0,350,1
brfac4169,,1,0,335,1
brfac417,,1,0,637,1
brfac4170,,1,0,344,1
brfac4171,,1,0,342,1
brfac4172,,1,0,374,1
brfac4173,,1,0,355,1
brfac4174,,1,0,341,1
brfac4175,,1,0,370,1
brfac4176,,1,0,349,1
brfac4177,,1,0,359,1
brfac4178,,1,0,354,1
brfac4179,,1,0,451,1
brfac418,,1,0,686,1
brfac4180,,1,0,422,1
brfac4181,,1,0,334,1
brfac4182,,1,0,443,1
brfac4183,,1,0,341,1
brfac4184,,1,0,350,1
brfac4185,,1,0,346,1
brfac4186,,1,0,342,1
brfac4187,,1,0,350,1
brfac4188,,1,0,434,1
brfac4189,,1,0,337,1
brfac419,,1,0,745,1
brfac4190,,1,0,357,1
brfac4191,,1,0,447,1
brfac4192,,1,0,358,1
brfac4193,,1,0,352,1
brfac4194,,1,0,352,1
brfac4195,,1,0,366,1
brfac4196,,1,0,346,1
brfac4197,,1,0,349,1
brfac4198,,1,0,437,1
brfac4199,,1,0,349,1
brfac42,,1,0,1504,1
brfac420,,1,0,628,1
brfac4200,,1,0,420,1
brfac4201,,1,0,369,1
brfac4202,,1,0,355,1
brfac4203,,1,0,332,1
brfac4204,,1,0,346,1
brfac4205,,1,0,397,1
brfac4206,,1,0,339,1
brfac4207,,1,0,348,1
brfac4208,,1,0,386,1
brfac4209,,1,0,358,1
brfac421,,1,0,641,1
brfac4210,,1,0,350,1
brfac4211,,1,0,368,1
brfac4212,,1,0,462,1
brfac4213,,1,0,331,1
brfac4214,,1,0,344,1
brfac4215,,1,0,330,1
brfac4216,,1,0,356,1
brfac4217,,1,0,347,1
brfac4218,,1,0,352,1
brfac4219,,1,0,371,1
brfac422,,1,0,667,1
brfac4220,,1,0,335,1
brfac4221,,1,0,345,1
brfac4222,,1,0,339,1
brfac4223,,1,0,427,1
brfac4224,,1,0,390,1
brfac4226,,1,0,386,1
brfac4227,,1,0,431,1
brfac4228,,1,0,438,1
brfac4229,,1,0,362,1
brfac423,,1,0,734,1
brfac4230,,1,0,327,1
brfac4231,,1,0,369,1
brfac4232,,1,0,559,1
brfac4233,,1,0,327,1
brfac4234,,1,0,468,1
brfac4235,,1,0,452,1
brfac4236,,1,0,340,1
brfac4237,,1,0,352,1
brfac4238,,1,0,353,1
brfac4239,,1,0,335,1
brfac424,,1,0,692,1
brfac4240,,1,0,332,1
brfac4241,,1,0,471,1
brfac4242,,1,0,359,1
brfac4243,,1,0,365,1
brfac4244,,1,0,336,1
brfac4245,,1,0,371,1
brfac4246,,1,0,354,1
brfac4247,,1,0,441,1
brfac4248,,1,0,404,1
brfac4249,,1,0,334,1
brfac425,,1,0,669,1
brfac4250,,1,0,409,1
brfac4251,,1,0,339,1
brfac4252,,1,0,440,1
brfac4253,,1,0,348,1
brfac4254,,1,0,337,1
brfac4255,,1,0,374,1
brfac4256,,1,0,406,1
brfac4257,,1,0,432,1
brfac4258,,1,0,345,1
brfac4259,,1,0,374,1
brfac426,,1,0,717,1
brfac4260,,1,0,349,1
brfac4261,,1,0,365,1
brfac4262,,1,0,333,1
brfac4263,,1,0,408,1
brfac4264,,1,0,317,1
brfac4265,,1,0,442,1
brfac4266,,1,0,426,1
brfac4267,,1,0,438,1
brfac4268,,1,0,433,1
brfac4269,,1,0,370,1
brfac427,,1,0,630,1
brfac4270,,1,0,315,1
brfac4271,,1,0,371,1
brfac4272,,1,0,378,1
brfac4273,,1,0,350,1
brfac4274,,1,0,347,1
brfac4275,,1,0,411,1
brfac4276,,1,0,443,1
brfac4277,,1,0,336,1
brfac4278,,1,0,349,1
brfac4279,,1,0,333,1
brfac428,,1,0,664,1
brfac4280,,1,0,446,1
brfac4281,,1,0,347,1
brfac4282,,1,0,350,1
brfac4283,,1,0,461,1
brfac4284,,1,0,447,1
brfac4285,,1,0,343,1
brfac4286,,1,0,342,1
brfac4287,,1,0,349,1
brfac4288,,1,0,421,1
brfac4289,,1,0,355,1
brfac429,,1,0,655,1
brfac4290,,1,0,350,1
brfac4291,,1,0,452,1
brfac4292,,1,0,336,1
brfac4293,,1,0,353,1
brfac4294,,1,0,447,1
brfac4295,,1,0,340,1
brfac4296,,1,0,339,1
brfac4297,,1,0,367,1
brfac4298,,1,0,340,1
brfac4299,,1,0,441,1
brfac43,,1,0,1220,1
brfac430,,1,0,710,1
brfac4300,,1,0,389,1
brfac4301,,1,0,337,1
brfac4302,,1,0,351,1
brfac4303,,1,0,350,1
brfac4304,,1,0,345,1
brfac4305,,1,0,337,1
brfac4306,,1,0,351,1
brfac4307,,1,0,336,1
brfac4308,,1,0,351,1
brfac4309,,1,0,350,1
brfac431,,1,0,643,1
brfac4310,,1,0,435,1
brfac4311,,1,0,340,1
brfac4312,,1,0,420,1
brfac4313,,1,0,341,1
brfac4314,,1,0,320,1
brfac4315,,1,0,355,1
brfac4316,,1,0,358,1
brfac4317,,1,0,342,1
brfac4318,,1,0,451,1
brfac4319,,1,0,429,1
brfac432,,1,0,916,1
brfac4320,,1,0,437,1
brfac4321,,1,0,344,1
brfac4322,,1,0,338,1
brfac4323,,1,0,339,1
brfac4324,,1,0,350,1
brfac4325,,1,0,342,1
brfac4326,,1,0,348,1
brfac4327,,1,0,452,1
brfac4328,,1,0,340,1
brfac4329,,1,0,337,1
brfac433,,1,0,664,1
brfac4330,,1,0,361,1
brfac4331,,1,0,352,1
brfac4332,,1,0,542,1
brfac4333,,1,0,337,1
brfac4334,,1,0,338,1
brfac4335,,1,0,468,1
brfac4336,,1,0,392,1
brfac4337,,1,0,377,1
brfac4338,,1,0,364,1
brfac4339,,1,0,351,1
brfac434,,1,0,647,1
brfac4340,,1,0,448,1
brfac4341,,1,0,327,1
brfac4342,,1,0,338,1
brfac4343,,1,0,444,1
brfac4344,,1,0,353,1
brfac4345,,1,0,347,1
brfac4346,,1,0,447,1
brfac4347,,1,0,376,1
brfac4348,,1,0,353,1
brfac4349,,1,0,367,1
brfac435,,1,0,692,1
brfac4350,,1,0,398,1
brfac4351,,1,0,334,1
brfac4352,,1,0,356,1
brfac4353,,1,0,353,1
brfac4354,,1,0,354,1
brfac4355,,1,0,353,1
brfac4357,,1,0,364,1
brfac4358,,1,0,332,1
brfac4359,,1,0,363,1
brfac436,,1,0,629,1
brfac4360,,1,0,338,1
brfac4361,,1,0,349,1
brfac4362,,1,0,350,1
brfac4363,,1,0,388,1
brfac4364,,1,0,346,1
brfac4365,,1,0,352,1
brfac4366,,1,0,349,1
brfac4367,,1,0,324,1
brfac4368,,1,0,356,1
brfac4369,,1,0,349,1
brfac437,,1,0,660,1
brfac4370,,1,0,345,1
brfac4371,,1,0,332,1
brfac4372,,1,0,341,1
brfac4373,,1,0,339,1
brfac4374,,1,0,479,1
brfac4375,,1,0,492,1
brfac4376,,1,0,346,1
brfac4377,,1,0,344,1
brfac4378,,1,0,449,1
brfac4379,,1,0,438,1
brfac438,,1,0,624,1
brfac4380,,1,0,396,1
brfac4381,,1,0,449,1
brfac4382,,1,0,429,1
brfac4383,,1,0,454,1
brfac4384,,1,0,349,1
brfac4385,,1,0,339,1
brfac4386,,1,0,325,1
brfac4387,,1,0,343,1
brfac4388,,1,0,340,1
brfac4389,,1,0,357,1
brfac439,,1,0,625,1
brfac4390,,1,0,349,1
brfac4391,,1,0,363,1
brfac4392,,1,0,353,1
brfac4393,,1,0,337,1
brfac4394,,1,0,438,1
brfac4395,,1,0,333,1
brfac4396,,1,0,336,1
brfac4397,,1,0,388,1
brfac4398,,1,0,435,1
brfac4399,,1,0,337,1
brfac44,,1,0,1212,1
brfac440,,1,0,699,1
brfac4400,,1,0,459,1
brfac4401,,1,0,439,1
brfac4402,,1,0,349,1
brfac4403,,1,0,331,1
brfac4404,,1,0,342,1
brfac4405,,1,0,453,1
brfac4406,,1,0,342,1
brfac4407,,1,0,354,1
brfac4408,,1,0,335,1
brfac4409,,1,0,385,1
brfac4410,,1,0,480,1
brfac4411,,1,0,450,1
brfac4412,,1,0,443,1
brfac4413,,1,0,336,1
brfac4414,,1,0,357,1
brfac4415,,1,0,339,1
brfac4416,,1,0,367,1
brfac4417,,1,0,365,1
brfac4418,,1,0,562,1
brfac4419,,1,0,356,1
brfac442,,1,0,670,1
brfac4420,,1,0,353,1
brfac4421,,1,0,381,1
brfac4422,,1,0,434,1
brfac4423,,1,0,353,1
brfac4424,,1,0,350,1
brfac4425,,1,0,360,1
brfac4426,,1,0,354,1
brfac4427,,1,0,341,1
brfac4428,,1,0,392,1
brfac4429,,1,0,354,1
brfac443,,1,0,634,1
brfac4430,,1,0,340,1
brfac4431,,1,0,357,1
brfac4432,,1,0,373,1
brfac4433,,1,0,457,1
brfac4434,,1,0,437,1
brfac4435,,1,0,348,1
brfac4436,,1,0,355,1
brfac4437,,1,0,452,1
brfac4438,,1,0,447,1
brfac4439,,1,0,356,1
brfac444,,1,0,690,1
brfac4440,,1,0,338,1
brfac4441,,1,0,367,1
brfac4442,,1,0,356,1
brfac4443,,1,0,342,1
brfac4444,,1,0,345,1
brfac4445,,1,0,351,1
brfac4446,,1,0,341,1
brfac4447,,1,0,381,1
brfac4448,,1,0,340,1
brfac4449,,1,0,341,1
brfac445,,1,0,640,1
brfac4450,,1,0,372,1
brfac4451,,1,0,382,1
brfac4452,,1,0,334,1
brfac4453,,1,0,344,1
brfac4454,,1,0,359,1
brfac4455,,1,0,452,1
brfac4456,,1,0,341,1
brfac4457,,1,0,370,1
brfac4458,,1,0,324,1
brfac4459,,1,0,387,1
brfac446,,1,0,636,1
brfac4460,,1,0,341,1
brfac4461,,1,0,359,1
brfac4462,,1,0,332,1
brfac4463,,1,0,365,1
brfac4464,,1,0,401,1
brfac4465,,1,0,339,1
brfac4466,,1,0,352,1
brfac4467,,1,0,436,1
brfac4468,,1,0,345,1
brfac4469,,1,0,341,1
brfac447,,1,0,674,1
brfac4470,,1,0,359,1
brfac4471,,1,0,335,1
brfac4472,,1,0,337,1
brfac4473,,1,0,348,1
brfac4474,,1,0,342,1
brfac4475,,1,0,353,1
brfac4476,,1,0,440,1
brfac4477,,1,0,440,1
brfac4478,,1,0,358,1
brfac4479,,1,0,362,1
brfac448,,1,0,774,1
brfac4480,,1,0,438,1
brfac4481,,1,0,365,1
brfac4482,,1,0,375,1
brfac4483,,1,0,363,1
brfac4484,,1,0,330,1
brfac4485,,1,0,358,1
brfac4486,,1,0,348,1
brfac4487,,1,0,454,1
brfac4488,,1,0,340,1
brfac449,,1,0,650,1
brfac4490,,1,0,342,1
brfac4491,,1,0,334,1
brfac4492,,1,0,355,1
brfac4493,,1,0,360,1
brfac4494,,1,0,344,1
brfac4495,,1,0,345,1
brfac4496,,1,0,340,1
brfac4497,,1,0,337,1
brfac4498,,1,0,345,1
brfac4499,,1,0,319,1
brfac45,,1,0,1298,1
brfac450,,1,0,965,1
brfac4500,,1,0,401,1
brfac4501,,1,0,353,1
brfac4502,,1,0,346,1
brfac4503,,1,0,343,1
brfac4504,,1,0,328,1
brfac4505,,1,0,341,1
brfac4506,,1,0,432,1
brfac4507,,1,0,364,1
brfac4508,,1,0,399,1
brfac4509,,1,0,330,1
brfac451,,1,0,705,1
brfac4510,,1,0,354,1
brfac4511,,1,0,336,1
brfac4512,,1,0,440,1
brfac4513,,1,0,361,1
brfac4514,,1,0,345,1
brfac4515,,1,0,436,1
brfac4516,,1,0,359,1
brfac4517,,1,0,367,1
brfac4518,,1,0,335,1
brfac4519,,1,0,353,1
brfac452,,1,0,695,1
brfac4520,,1,0,340,1
brfac4521,,1,0,453,1
brfac4522,,1,0,427,1
brfac4523,,1,0,372,1
brfac4524,,1,0,370,1
brfac4525,,1,0,360,1
brfac4526,,1,0,323,1
brfac4527,,1,0,359,1
brfac4528,,1,0,360,1
brfac4529,,1,0,352,1
brfac453,,1,0,627,1
brfac4530,,1,0,317,1
brfac4531,,1,0,336,1
brfac4532,,1,0,359,1
brfac4533,,1,0,340,1
brfac4534,,1,0,351,1
brfac4535,,1,0,319,1
brfac4536,,1,0,475,1
brfac4537,,1,0,427,1
brfac4538,,1,0,365,1
brfac4539,,1,0,350,1
brfac454,,1,0,639,1
brfac4540,,1,0,441,1
brfac4541,,1,0,347,1
brfac4542,,1,0,340,1
brfac4543,,1,0,340,1
brfac4544,,1,0,434,1
brfac4545,,1,0,355,1
brfac4546,,1,0,339,1
brfac4547,,1,0,361,1
brfac4548,,1,0,348,1
brfac4549,,1,0,367,1
brfac455,,1,0,693,1
brfac4550,,1,0,405,1
brfac4551,,1,0,347,1
brfac4552,,1,0,352,1
brfac4553,,1,0,369,1
brfac4554,,1,0,347,1
brfac4555,,1,0,336,1
brfac4556,,1,0,329,1
brfac4557,,1,0,332,1
brfac4558,,1,0,330,1
brfac4559,,1,0,349,1
brfac456,,1,0,689,1
brfac4560,,1,0,341,1
brfac4561,,1,0,463,1
brfac4562,,1,0,341,1
brfac4563,,1,0,555,1
brfac4564,,1,0,440,1
brfac4565,,1,0,323,1
brfac4566,,1,0,360,1
brfac4567,,1,0,386,1
brfac4568,,1,0,344,1
brfac4569,,1,0,351,1
brfac457,,1,0,670,1
brfac4570,,1,0,342,1
brfac4571,,1,0,347,1
brfac4572,,1,0,365,1
brfac4573,,1,0,341,1
brfac4574,,1,0,337,1
brfac4575,,1,0,382,1
brfac4576,,1,0,393,1
brfac4577,,1,0,344,1
brfac4578,,1,0,444,1
brfac4579,,1,0,434,1
brfac458,,1,0,639,1
brfac4580,,1,0,352,1
brfac4581,,1,0,354,1
brfac4582,,1,0,350,1
brfac4583,,1,0,375,1
brfac4584,,1,0,353,1
brfac4585,,1,0,332,1
brfac4586,,1,0,329,1
brfac4587,,1,0,448,1
brfac4588,,1,0,447,1
brfac4589,,1,0,339,1
brfac459,,1,0,716,1
brfac4590,,1,0,374,1
brfac4591,,1,0,384,1
brfac4592,,1,0,340,1
brfac4593,,1,0,337,1
brfac4594,,1,0,341,1
brfac4595,,1,0,341,1
brfac4596,,1,0,350,1
brfac4597,,1,0,377,1
brfac4598,,1,0,442,1
brfac4599,,1,0,354,1
brfac46,,1,0,1206,1
brfac460,,1,0,751,1
brfac4600,,1,0,447,1
brfac4601,,1,0,343,1
brfac4602,,1,0,344,1
brfac4603,,1,0,356,1
brfac4604,,1,0,355,1
brfac4605,,1,0,351,1
brfac4606,,1,0,423,1
brfac4607,,1,0,349,1
brfac4608,,1,0,543,1
brfac4609,,1,0,357,1
brfac461,,1,0,646,1
brfac4610,,1,0,343,1
brfac4611,,1,0,331,1
brfac4612,,1,0,444,1
brfac4613,,1,0,332,1
brfac4614,,1,0,361,1
brfac4615,,1,0,367,1
brfac4616,,1,0,340,1
brfac4617,,1,0,330,1
brfac4618,,1,0,356,1
brfac4619,,1,0,343,1
brfac462,,1,0,715,1
brfac4620,,1,0,330,1
brfac4621,,1,0,354,1
brfac4622,,1,0,352,1
brfac4623,,1,0,360,1
brfac4625,,1,0,337,1
brfac4626,,1,0,340,1
brfac4627,,1,0,348,1
brfac4628,,1,0,435,1
brfac4629,,1,0,317,1
brfac463,,1,0,656,1
brfac4630,,1,0,346,1
brfac4631,,1,0,442,1
brfac4632,,1,0,335,1
brfac4633,,1,0,443,1
brfac4634,,1,0,345,1
brfac4635,,1,0,350,1
brfac4636,,1,0,343,1
brfac4637,,1,0,372,1
brfac4638,,1,0,366,1
brfac4639,,1,0,359,1
brfac464,,1,0,664,1
brfac4640,,1,0,369,1
brfac4641,,1,0,356,1
brfac4642,,1,0,346,1
brfac4643,,1,0,453,1
brfac4644,,1,0,357,1
brfac4645,,1,0,336,1
brfac4646,,1,0,349,1
brfac4647,,1,0,435,1
brfac4648,,1,0,339,1
brfac4649,,1,0,367,1
brfac465,,1,0,618,1
brfac4650,,1,0,416,1
brfac4651,,1,0,357,1
brfac4652,,1,0,348,1
brfac4653,,1,0,339,1
brfac4654,,1,0,342,1
brfac4655,,1,0,409,1
brfac4656,,1,0,357,1
brfac4657,,1,0,382,1
brfac4658,,1,0,350,1
brfac4659,,1,0,336,1
brfac466,,1,0,646,1
brfac4660,,1,0,348,1
brfac4661,,1,0,353,1
brfac4662,,1,0,415,1
brfac4663,,1,0,369,1
brfac4664,,1,0,448,1
brfac4665,,1,0,439,1
brfac4666,,1,0,343,1
brfac4667,,1,0,343,1
brfac4668,,1,0,387,1
brfac4669,,1,0,352,1
brfac467,,1,0,688,1
brfac4670,,1,0,349,1
brfac4671,,1,0,434,1
brfac4672,,1,0,361,1
brfac4673,,1,0,364,1
brfac4674,,1,0,359,1
brfac4675,,1,0,362,1
brfac4676,,1,0,347,1
brfac4677,,1,0,368,1
brfac4678,,1,0,353,1
brfac4679,,1,0,354,1
brfac468,,1,0,731,1
brfac4680,,1,0,417,1
brfac4681,,1,0,336,1
brfac4682,,1,0,345,1
brfac4683,,1,0,363,1
brfac4684,,1,0,352,1
brfac4685,,1,0,343,1
brfac4686,,1,0,360,1
brfac4687,,1,0,361,1
brfac4688,,1,0,348,1
brfac4689,,1,0,335,1
brfac469,,1,0,638,1
brfac4690,,1,0,354,1
brfac4691,,1,0,376,1
brfac4692,,1,0,366,1
brfac4693,,1,0,367,1
brfac4694,,1,0,445,1
brfac4695,,1,0,431,1
brfac4696,,1,0,340,1
brfac4697,,1,0,347,1
brfac4698,,1,0,392,1
brfac4699,,1,0,332,1
brfac47,,1,0,1174,1
brfac470,,1,0,611,1
brfac4700,,1,0,430,1
brfac4701,,1,0,330,1
brfac4702,,1,0,448,1
brfac4703,,1,0,356,1
brfac4704,,1,0,484,1
brfac4705,,1,0,330,1
brfac4706,,1,0,436,1
brfac4707,,1,0,436,1
brfac4708,,1,0,327,1
brfac4709,,1,0,340,1
brfac471,,1,0,706,1
brfac4710,,1,0,387,1
brfac4711,,1,0,439,1
brfac4712,,1,0,348,1
brfac4713,,1,0,335,1
brfac4714,,1,0,342,1
brfac4715,,1,0,361,1
brfac4716,,1,0,358,1
brfac4717,,1,0,454,1
brfac4718,,1,0,450,1
brfac4719,,1,0,417,1
brfac472,,1,0,679,1
brfac4720,,1,0,354,1
brfac4721,,1,0,463,1
brfac4722,,1,0,351,1
brfac4723,,1,0,364,1
brfac4724,,1,0,344,1
brfac4725,,1,0,369,1
brfac4726,,1,0,336,1
brfac4727,,1,0,356,1
brfac4728,,1,0,334,1
brfac4729,,1,0,346,1
brfac473,,1,0,634,1
brfac4730,,1,0,440,1
brfac4731,,1,0,333,1
brfac4732,,1,0,470,1
brfac4733,,1,0,371,1
brfac4734,,1,0,436,1
brfac4735,,1,0,340,1
brfac4736,,1,0,427,1
brfac4737,,1,0,329,1
brfac4738,,1,0,367,1
brfac4739,,1,0,355,1
brfac474,,1,0,647,1
brfac4740,,1,0,337,1
brfac4741,,1,0,346,1
brfac4742,,1,0,337,1
brfac4743,,1,0,431,1
brfac4744,,1,0,348,1
brfac4745,,1,0,323,1
brfac4746,,1,0,351,1
brfac4747,,1,0,338,1
brfac4748,,1,0,358,1
brfac4749,,1,0,334,1
brfac475,,1,0,721,1
brfac4750,,1,0,357,1
brfac4751,,1,0,372,1
brfac4752,,1,0,360,1
brfac4753,,1,0,348,1
brfac4754,,1,0,347,1
brfac4755,,1,0,359,1
brfac4756,,1,0,439,1
brfac4757,,1,0,352,1
brfac4758,,1,0,369,1
brfac4759,,1,0,365,1
brfac476,,1,0,724,1
brfac4760,,1,0,340,1
brfac4762,,1,0,432,1
brfac4763,,1,0,333,1
brfac4764,,1,0,357,1
brfac4765,,1,0,335,1
brfac4766,,1,0,340,1
brfac4767,,1,0,442,1
brfac4768,,1,0,351,1
brfac4769,,1,0,347,1
brfac477,,1,0,604,1
brfac4770,,1,0,442,1
brfac4771,,1,0,348,1
brfac4772,,1,0,342,1
brfac4773,,1,0,352,1
brfac4774,,1,0,338,1
brfac4775,,1,0,436,1
brfac4776,,1,0,355,1
brfac4777,,1,0,334,1
brfac4778,,1,0,354,1
brfac4779,,1,0,394,1
brfac478,,1,0,657,1
brfac4780,,1,0,348,1
brfac4781,,1,0,339,1
brfac4782,,1,0,341,1
brfac4783,,1,0,476,1
brfac4784,,1,0,360,1
brfac4785,,1,0,345,1
brfac4786,,1,0,344,1
brfac4787,,1,0,342,1
brfac4788,,1,0,345,1
brfac4789,,1,0,364,1
brfac479,,1,0,692,1
brfac4790,,1,0,343,1
brfac4791,,1,0,450,1
brfac4792,,1,0,334,1
brfac4793,,1,0,380,1
brfac4794,,1,0,331,1
brfac4795,,1,0,335,1
brfac4796,,1,0,335,1
brfac4797,,1,0,431,1
brfac4798,,1,0,335,1
brfac4799,,1,0,360,1
brfac48,,1,0,1389,1
brfac480,,1,0,737,1
brfac4800,,1,0,550,1
brfac4801,,1,0,355,1
brfac4802,,1,0,562,1
brfac4803,,1,0,329,1
brfac4804,,1,0,356,1
brfac4805,,1,0,415,1
brfac4806,,1,0,387,1
brfac4807,,1,0,339,1
brfac4808,,1,0,322,1
brfac4809,,1,0,349,1
brfac481,,1,0,711,1
brfac4810,,1,0,340,1
brfac4811,,1,0,333,1
brfac4812,,1,0,388,1
brfac4813,,1,0,381,1
brfac4814,,1,0,342,1
brfac4815,,1,0,354,1
brfac4816,,1,0,368,1
brfac4817,,1,0,369,1
brfac4818,,1,0,334,1
brfac4819,,1,0,335,1
brfac482,,1,0,627,1
brfac4820,,1,0,327,1
brfac4821,,1,0,335,1
brfac4822,,1,0,439,1
brfac4823,,1,0,333,1
brfac4824,,1,0,324,1
brfac4825,,1,0,355,1
brfac4826,,1,0,351,1
brfac4827,,1,0,327,1
brfac4828,,1,0,339,1
brfac4829,,1,0,356,1
brfac483,,1,0,690,1
brfac4830,,1,0,359,1
brfac4831,,1,0,348,1
brfac4832,,1,0,355,1
brfac4833,,1,0,347,1
brfac4834,,1,0,333,1
brfac4835,,1,0,335,1
brfac4836,,1,0,444,1
brfac4837,,1,0,339,1
brfac4838,,1,0,362,1
brfac4839,,1,0,354,1
brfac4840,,1,0,465,1
brfac4841,,1,0,339,1
brfac4842,,1,0,448,1
brfac4843,,1,0,443,1
brfac4844,,1,0,349,1
brfac4845,,1,0,347,1
brfac4846,,1,0,339,1
brfac4847,,1,0,360,1
brfac4848,,1,0,399,1
brfac4849,,1,0,354,1
brfac485,,1,0,634,1
brfac4850,,1,0,337,1
brfac4851,,1,0,438,1
brfac4852,,1,0,424,1
brfac4853,,1,0,341,1
brfac4854,,1,0,376,1
brfac4855,,1,0,366,1
brfac4856,,1,0,329,1
brfac4857,,1,0,341,1
brfac4858,,1,0,439,1
brfac4859,,1,0,348,1
brfac486,,1,0,835,1
brfac4860,,1,0,441,1
brfac4861,,1,0,365,1
brfac4862,,1,0,351,1
brfac4863,,1,0,339,1
brfac4864,,1,0,456,1
brfac4865,,1,0,336,1
brfac4866,,1,0,382,1
brfac4867,,1,0,446,1
brfac4868,,1,0,347,1
brfac4869,,1,0,346,1
brfac487,,1,0,653,1
brfac4870,,1,0,360,1
brfac4871,,1,0,364,1
brfac4872,,1,0,440,1
brfac4873,,1,0,347,1
brfac4874,,1,0,334,1
brfac4875,,1,0,406,1
brfac4876,,1,0,350,1
brfac4877,,1,0,369,1
brfac4878,,1,0,362,1
brfac4879,,1,0,346,1
brfac488,,1,0,685,1
brfac4880,,1,0,335,1
brfac4881,,1,0,344,1
brfac4882,,1,0,344,1
brfac4883,,1,0,342,1
brfac4884,,1,0,356,1
brfac4885,,1,0,349,1
brfac4886,,1,0,345,1
brfac4887,,1,0,390,1
brfac4888,,1,0,345,1
brfac4889,,1,0,365,1
brfac489,,1,0,631,1
brfac4890,,1,0,446,1
brfac4891,,1,0,340,1
brfac4892,,1,0,425,1
brfac4893,,1,0,337,1
brfac4894,,1,0,439,1
brfac4895,,1,0,354,1
brfac4896,,1,0,402,1
brfac4897,,1,0,434,1
brfac4898,,1,0,362,1
brfac4899,,1,0,342,1
brfac490,,1,0,802,1
brfac4900,,1,0,9,1
brfac4901,,1,0,454,1
brfac4902,,1,0,369,1
brfac4903,,1,0,361,1
brfac4904,,1,0,428,1
brfac4905,,1,0,334,1
brfac4906,,1,0,339,1
brfac4907,,1,0,334,1
brfac4908,,1,0,348,1
brfac4909,,1,0,351,1
brfac491,,1,0,665,1
brfac4910,,1,0,348,1
brfac4911,,1,0,371,1
brfac4912,,1,0,435,1
brfac4914,,1,0,331,1
brfac4915,,1,0,336,1
brfac4916,,1,0,329,1
brfac4917,,1,0,340,1
brfac4918,,1,0,338,1
brfac4919,,1,0,347,1
brfac492,,1,0,742,1
brfac4920,,1,0,422,1
brfac4921,,1,0,335,1
brfac4922,,1,0,433,1
brfac4923,,1,0,348,1
brfac4924,,1,0,318,1
brfac4925,,1,0,336,1
brfac4926,,1,0,333,1
brfac4927,,1,0,439,1
brfac4928,,1,0,436,1
brfac4929,,1,0,368,1
brfac493,,1,0,641,1
brfac4930,,1,0,342,1
brfac4931,,1,0,370,1
brfac4932,,1,0,435,1
brfac4933,,1,0,476,1
brfac4934,,1,0,338,1
brfac4935,,1,0,330,1
brfac4936,,1,0,347,1
brfac4937,,1,0,361,1
brfac4938,,1,0,349,1
brfac4939,,1,0,348,1
brfac494,,1,0,608,1
brfac4940,,1,0,363,1
brfac4941,,1,0,439,1
brfac4942,,1,0,350,1
brfac4943,,1,0,361,1
brfac4944,,1,0,336,1
brfac4945,,1,0,343,1
brfac4946,,1,0,331,1
brfac4947,,1,0,347,1
brfac4948,,1,0,346,1
brfac4949,,1,0,332,1
brfac495,,1,0,736,1
brfac4950,,1,0,439,1
brfac4951,,1,0,356,1
brfac4952,,1,0,326,1
brfac4953,,1,0,341,1
brfac4954,,1,0,338,1
brfac4955,,1,0,440,1
brfac4956,,1,0,429,1
brfac4957,,1,0,349,1
brfac4958,,1,0,347,1
brfac4959,,1,0,359,1
brfac496,,1,0,736,1
brfac4960,,1,0,434,1
brfac4961,,1,0,463,1
brfac4962,,1,0,343,1
brfac4963,,1,0,332,1
brfac4964,,1,0,344,1
brfac4965,,1,0,342,1
brfac4966,,1,0,347,1
brfac4967,,1,0,347,1
brfac4968,,1,0,418,1
brfac4969,,1,0,356,1
brfac497,,1,0,690,1
brfac4970,,1,0,343,1
brfac4971,,1,0,353,1
brfac4972,,1,0,351,1
brfac4973,,1,0,383,1
brfac4974,,1,0,368,1
brfac4975,,1,0,353,1
brfac4976,,1,0,344,1
brfac4977,,1,0,334,1
brfac4978,,1,0,328,1
brfac4979,,1,0,334,1
brfac498,,1,0,650,1
brfac4980,,1,0,441,1
brfac4981,,1,0,434,1
brfac4982,,1,0,346,1
brfac4983,,1,0,449,1
brfac4984,,1,0,348,1
brfac4985,,1,0,349,1
brfac4986,,1,0,342,1
brfac4987,,1,0,356,1
brfac4988,,1,0,352,1
brfac4989,,1,0,355,1
brfac499,,1,0,656,1
brfac4990,,1,0,350,1
brfac4991,,1,0,336,1
brfac4992,,1,0,405,1
brfac4993,,1,0,363,1
brfac4994,,1,0,336,1
brfac4995,,1,0,419,1
brfac4996,,1,0,333,1
brfac4997,,1,0,341,1
brfac4998,,1,0,399,1
brfac4999,,1,0,348,1
brfac5,,1,0,5111,1
brfac50,,1,0,1648,1
brfac500,,1,0,721,1
brfac5000,,1,0,515,1
brfac5001,,1,0,429,1
brfac5002,,1,0,338,1
brfac5003,,1,0,453,1
brfac5004,,1,0,403,1
brfac5005,,1,0,357,1
brfac5006,,1,0,439,1
brfac5007,,1,0,353,1
brfac5008,,1,0,347,1
brfac5009,,1,0,342,1
brfac501,,1,0,660,1
brfac5010,,1,0,336,1
brfac5011,,1,0,351,1
brfac5012,,1,0,347,1
brfac5013,,1,0,322,1
brfac5014,,1,0,318,1
brfac5015,,1,0,349,1
brfac5016,,1,0,386,1
brfac5017,,1,0,426,1
brfac5018,,1,0,429,1
brfac5019,,1,0,368,1
brfac502,,1,0,652,1
brfac5020,,1,0,342,1
brfac5021,,1,0,359,1
brfac5022,,1,0,353,1
brfac5023,,1,0,379,1
brfac5024,,1,0,355,1
brfac5025,,1,0,334,1
brfac5026,,1,0,329,1
brfac5027,,1,0,327,1
brfac5028,,1,0,344,1
brfac5029,,1,0,352,1
brfac503,,1,0,669,1
brfac5030,,1,0,337,1
brfac5031,,1,0,373,1
brfac5032,,1,0,332,1
brfac5033,,1,0,428,1
brfac5034,,1,0,330,1
brfac5035,,1,0,329,1
brfac5036,,1,0,343,1
brfac5037,,1,0,337,1
brfac5038,,1,0,340,1
brfac5039,,1,0,373,1
brfac504,,1,0,730,1
brfac5040,,1,0,442,1
brfac5042,,1,0,341,1
brfac5043,,1,0,528,1
brfac5044,,1,0,433,1
brfac5045,,1,0,330,1
brfac5046,,1,0,504,1
brfac5047,,1,0,404,1
brfac5048,,1,0,436,1
brfac5049,,1,0,437,1
brfac505,,1,0,633,1
brfac5050,,1,0,350,1
brfac5051,,1,0,448,1
brfac5052,,1,0,351,1
brfac5053,,1,0,346,1
brfac5054,,1,0,426,1
brfac5055,,1,0,346,1
brfac5056,,1,0,366,1
brfac5057,,1,0,353,1
brfac5058,,1,0,384,1
brfac5059,,1,0,362,1
brfac506,,1,0,636,1
brfac5060,,1,0,351,1
brfac5061,,1,0,345,1
brfac5062,,1,0,346,1
brfac5063,,1,0,346,1
brfac5064,,1,0,391,1
brfac5065,,1,0,334,1
brfac5066,,1,0,342,1
brfac5067,,1,0,437,1
brfac5068,,1,0,349,1
brfac5069,,1,0,341,1
brfac507,,1,0,876,1
brfac5070,,1,0,437,1
brfac5071,,1,0,351,1
brfac5072,,1,0,349,1
brfac5073,,1,0,324,1
brfac5074,,1,0,351,1
brfac5075,,1,0,351,1
brfac5076,,1,0,358,1
brfac5077,,1,0,360,1
brfac5078,,1,0,343,1
brfac5079,,1,0,334,1
brfac508,,1,0,612,1
brfac5080,,1,0,369,1
brfac5081,,1,0,367,1
brfac5082,,1,0,415,1
brfac5083,,1,0,341,1
brfac5084,,1,0,338,1
brfac5085,,1,0,352,1
brfac5086,,1,0,345,1
brfac5087,,1,0,356,1
brfac5088,,1,0,369,1
brfac5089,,1,0,345,1
brfac509,,1,0,636,1
brfac5090,,1,0,426,1
brfac5091,,1,0,364,1
brfac5092,,1,0,348,1
brfac5093,,1,0,336,1
brfac5094,,1,0,370,1
brfac5095,,1,0,331,1
brfac5096,,1,0,439,1
brfac5097,,1,0,339,1
brfac5098,,1,0,316,1
brfac5099,,1,0,367,1
brfac51,,1,0,1199,1
brfac510,,1,0,696,1
brfac5100,,1,0,414,1
brfac5101,,1,0,364,1
brfac5102,,1,0,351,1
brfac5103,,1,0,475,1
brfac5104,,1,0,350,1
brfac5105,,1,0,342,1
brfac5106,,1,0,347,1
brfac5107,,1,0,459,1
brfac5108,,1,0,340,1
brfac5109,,1,0,337,1
brfac511,,1,0,639,1
brfac5110,,1,0,328,1
brfac5111,,1,0,421,1
brfac5112,,1,0,385,1
brfac5113,,1,0,358,1
brfac5114,,1,0,331,1
brfac5115,,1,0,328,1
brfac5116,,1,0,342,1
brfac5117,,1,0,344,1
brfac5118,,1,0,451,1
brfac5119,,1,0,466,1
brfac5120,,1,0,403,1
brfac5121,,1,0,419,1
brfac5122,,1,0,341,1
brfac5123,,1,0,438,1
brfac5124,,1,0,443,1
brfac5125,,1,0,439,1
brfac5126,,1,0,335,1
brfac5127,,1,0,354,1
brfac5128,,1,0,340,1
brfac5129,,1,0,331,1
brfac513,,1,0,628,1
brfac5130,,1,0,423,1
brfac5131,,1,0,356,1
brfac5132,,1,0,325,1
brfac5133,,1,0,438,1
brfac5134,,1,0,348,1
brfac5135,,1,0,434,1
brfac5136,,1,0,347,1
brfac5137,,1,0,342,1
brfac5138,,1,0,442,1
brfac5139,,1,0,335,1
brfac514,,1,0,608,1
brfac5140,,1,0,331,1
brfac5141,,1,0,342,1
brfac5142,,1,0,446,1
brfac5143,,1,0,357,1
brfac5144,,1,0,344,1
brfac5145,,1,0,354,1
brfac5146,,1,0,337,1
brfac5147,,1,0,458,1
brfac5148,,1,0,397,1
brfac5149,,1,0,438,1
brfac515,,1,0,647,1
brfac5150,,1,0,377,1
brfac5151,,1,0,348,1
brfac5152,,1,0,363,1
brfac5153,,1,0,348,1
brfac5154,,1,0,437,1
brfac5155,,1,0,342,1
brfac5156,,1,0,431,1
brfac5157,,1,0,327,1
brfac5158,,1,0,342,1
brfac5159,,1,0,347,1
brfac516,,1,0,706,1
brfac5160,,1,0,346,1
brfac5161,,1,0,432,1
brfac5162,,1,0,435,1
brfac5163,,1,0,385,1
brfac5164,,1,0,347,1
brfac5165,,1,0,341,1
brfac5166,,1,0,355,1
brfac5167,,1,0,349,1
brfac5168,,1,0,336,1
brfac5169,,1,0,324,1
brfac517,,1,0,669,1
brfac5170,,1,0,326,1
brfac5171,,1,0,364,1
brfac5172,,1,0,340,1
brfac5173,,1,0,349,1
brfac5174,,1,0,363,1
brfac5175,,1,0,438,1
brfac5176,,1,0,339,1
brfac5177,,1,0,360,1
brfac5178,,1,0,338,1
brfac5179,,1,0,351,1
brfac518,,1,0,637,1
brfac5180,,1,0,436,1
brfac5181,,1,0,330,1
brfac5182,,1,0,356,1
brfac5183,,1,0,342,1
brfac5185,,1,0,342,1
brfac5186,,1,0,347,1
brfac5187,,1,0,438,1
brfac5188,,1,0,327,1
brfac5189,,1,0,362,1
brfac519,,1,0,685,1
brfac5190,,1,0,335,1
brfac5191,,1,0,439,1
brfac5192,,1,0,355,1
brfac5193,,1,0,358,1
brfac5194,,1,0,386,1
brfac5195,,1,0,446,1
brfac5196,,1,0,394,1
brfac5197,,1,0,462,1
brfac5198,,1,0,330,1
brfac5199,,1,0,453,1
brfac52,,1,0,1222,1
brfac520,,1,0,705,1
brfac5200,,1,0,369,1
brfac5201,,1,0,337,1
brfac5202,,1,0,578,1
brfac5203,,1,0,393,1
brfac5204,,1,0,348,1
brfac5205,,1,0,331,1
brfac5206,,1,0,341,1
brfac5207,,1,0,332,1
brfac5208,,1,0,393,1
brfac5209,,1,0,380,1
brfac521,,1,0,645,1
brfac5210,,1,0,345,1
brfac5211,,1,0,327,1
brfac5212,,1,0,360,1
brfac5213,,1,0,428,1
brfac5214,,1,0,362,1
brfac5215,,1,0,378,1
brfac5216,,1,0,332,1
brfac5217,,1,0,350,1
brfac5218,,1,0,337,1
brfac5219,,1,0,441,1
brfac522,,1,0,734,1
brfac5220,,1,0,452,1
brfac5221,,1,0,332,1
brfac5222,,1,0,345,1
brfac5223,,1,0,378,1
brfac5224,,1,0,337,1
brfac5225,,1,0,432,1
brfac5226,,1,0,320,1
brfac5227,,1,0,470,1
brfac5228,,1,0,353,1
brfac5229,,1,0,344,1
brfac523,,1,0,755,1
brfac5230,,1,0,341,1
brfac5231,,1,0,480,1
brfac5232,,1,0,360,1
brfac5233,,1,0,361,1
brfac5234,,1,0,339,1
brfac5235,,1,0,345,1
brfac5236,,1,0,342,1
brfac5237,,1,0,362,1
brfac5238,,1,0,353,1
brfac5239,,1,0,384,1
brfac524,,1,0,693,1
brfac5240,,1,0,340,1
brfac5241,,1,0,356,1
brfac5242,,1,0,336,1
brfac5243,,1,0,375,1
brfac5244,,1,0,354,1
brfac5245,,1,0,333,1
brfac5246,,1,0,335,1
brfac5247,,1,0,375,1
brfac5248,,1,0,369,1
brfac5249,,1,0,353,1
brfac525,,1,0,604,1
brfac5250,,1,0,375,1
brfac5251,,1,0,457,1
brfac5252,,1,0,436,1
brfac5253,,1,0,355,1
brfac5254,,1,0,363,1
brfac5255,,1,0,335,1
brfac5256,,1,0,430,1
brfac5257,,1,0,331,1
brfac5258,,1,0,347,1
brfac5259,,1,0,329,1
brfac526,,1,0,611,1
brfac5260,,1,0,339,1
brfac5261,,1,0,373,1
brfac5262,,1,0,373,1
brfac5263,,1,0,342,1
brfac5264,,1,0,336,1
brfac5265,,1,0,357,1
brfac5266,,1,0,347,1
brfac5267,,1,0,353,1
brfac5268,,1,0,333,1
brfac5269,,1,0,345,1
brfac527,,1,0,632,1
brfac5270,,1,0,322,1
brfac5271,,1,0,334,1
brfac5272,,1,0,333,1
brfac5273,,1,0,379,1
brfac5274,,1,0,363,1
brfac5275,,1,0,345,1
brfac5276,,1,0,339,1
brfac5277,,1,0,361,1
brfac5278,,1,0,335,1
brfac5279,,1,0,342,1
brfac528,,1,0,694,1
brfac5280,,1,0,440,1
brfac5281,,1,0,350,1
brfac5282,,1,0,318,1
brfac5283,,1,0,341,1
brfac5284,,1,0,447,1
brfac5285,,1,0,320,1
brfac5286,,1,0,338,1
brfac5287,,1,0,331,1
brfac5288,,1,0,352,1
brfac5289,,1,0,341,1
brfac5290,,1,0,428,1
brfac5291,,1,0,345,1
brfac5292,,1,0,519,1
brfac5293,,1,0,338,1
brfac5294,,1,0,336,1
brfac5295,,1,0,340,1
brfac5296,,1,0,344,1
brfac5297,,1,0,351,1
brfac5298,,1,0,327,1
brfac5299,,1,0,341,1
brfac53,,1,0,1201,1
brfac530,,1,0,613,1
brfac5300,,1,0,432,1
brfac5301,,1,0,449,1
brfac5302,,1,0,442,1
brfac5303,,1,0,360,1
brfac5304,,1,0,353,1
brfac5305,,1,0,436,1
brfac5306,,1,0,340,1
brfac5307,,1,0,350,1
brfac5308,,1,0,348,1
brfac5309,,1,0,360,1
brfac531,,1,0,679,1
brfac5310,,1,0,378,1
brfac5311,,1,0,441,1
brfac5312,,1,0,360,1
brfac5313,,1,0,358,1
brfac5314,,1,0,349,1
brfac5315,,1,0,342,1
brfac5316,,1,0,431,1
brfac5317,,1,0,319,1
brfac5318,,1,0,353,1
brfac5319,,1,0,351,1
brfac532,,1,0,662,1
brfac5320,,1,0,349,1
brfac5321,,1,0,357,1
brfac5322,,1,0,337,1
brfac5323,,1,0,368,1
brfac5324,,1,0,469,1
brfac5325,,1,0,333,1
brfac5326,,1,0,433,1
brfac5327,,1,0,324,1
brfac5328,,1,0,338,1
brfac533,,1,0,722,1
brfac5330,,1,0,437,1
brfac5331,,1,0,349,1
brfac5332,,1,0,344,1
brfac5333,,1,0,345,1
brfac5334,,1,0,371,1
brfac5335,,1,0,346,1
brfac5336,,1,0,357,1
brfac5337,,1,0,327,1
brfac5338,,1,0,442,1
brfac5339,,1,0,325,1
brfac534,,1,0,661,1
brfac5340,,1,0,346,1
brfac5341,,1,0,337,1
brfac5342,,1,0,348,1
brfac5343,,1,0,356,1
brfac5344,,1,0,340,1
brfac5345,,1,0,347,1
brfac5346,,1,0,436,1
brfac5347,,1,0,454,1
brfac5348,,1,0,339,1
brfac5349,,1,0,340,1
brfac535,,1,0,638,1
brfac5350,,1,0,449,1
brfac5351,,1,0,374,1
brfac5352,,1,0,346,1
brfac5353,,1,0,332,1
brfac5354,,1,0,437,1
brfac5355,,1,0,371,1
brfac5356,,1,0,339,1
brfac5357,,1,0,322,1
brfac5358,,1,0,344,1
brfac5359,,1,0,459,1
brfac536,,1,0,657,1
brfac5360,,1,0,451,1
brfac5361,,1,0,357,1
brfac5362,,1,0,345,1
brfac5363,,1,0,341,1
brfac5364,,1,0,351,1
brfac5365,,1,0,341,1
brfac5366,,1,0,332,1
brfac5367,,1,0,360,1
brfac5368,,1,0,340,1
brfac5369,,1,0,436,1
brfac537,,1,0,680,1
brfac5370,,1,0,441,1
brfac5371,,1,0,360,1
brfac5372,,1,0,340,1
brfac5373,,1,0,350,1
brfac5374,,1,0,341,1
brfac5375,,1,0,383,1
brfac5376,,1,0,357,1
brfac5377,,1,0,320,1
brfac5378,,1,0,354,1
brfac5379,,1,0,343,1
brfac538,,1,0,697,1
brfac5380,,1,0,433,1
brfac5381,,1,0,357,1
brfac5382,,1,0,387,1
brfac5383,,1,0,342,1
brfac5384,,1,0,452,1
brfac5385,,1,0,449,1
brfac5386,,1,0,435,1
brfac5387,,1,0,352,1
brfac5388,,1,0,409,1
brfac5389,,1,0,333,1
brfac539,,1,0,772,1
brfac5390,,1,0,433,1
brfac5391,,1,0,335,1
brfac5392,,1,0,332,1
brfac5393,,1,0,373,1
brfac5394,,1,0,370,1
brfac5395,,1,0,340,1
brfac5396,,1,0,341,1
brfac5397,,1,0,437,1
brfac5398,,1,0,355,1
brfac5399,,1,0,463,1
brfac54,,1,0,1302,1
brfac540,,1,0,726,1
brfac5400,,1,0,461,1
brfac5401,,1,0,340,1
brfac5402,,1,0,430,1
brfac5403,,1,0,339,1
brfac5404,,1,0,351,1
brfac5405,,1,0,340,1
brfac5406,,1,0,371,1
brfac5407,,1,0,365,1
brfac5408,,1,0,534,1
brfac5409,,1,0,350,1
brfac541,,1,0,663,1
brfac5410,,1,0,434,1
brfac5411,,1,0,339,1
brfac5412,,1,0,437,1
brfac5413,,1,0,360,1
brfac5414,,1,0,334,1
brfac5415,,1,0,447,1
brfac5416,,1,0,438,1
brfac5417,,1,0,465,1
brfac5418,,1,0,339,1
brfac5419,,1,0,391,1
brfac542,,1,0,683,1
brfac5420,,1,0,339,1
brfac5421,,1,0,336,1
brfac5422,,1,0,337,1
brfac5423,,1,0,355,1
brfac5424,,1,0,383,1
brfac5425,,1,0,348,1
brfac5426,,1,0,334,1
brfac5427,,1,0,360,1
brfac5428,,1,0,334,1
brfac5429,,1,0,333,1
brfac543,,1,0,668,1
brfac5430,,1,0,340,1
brfac5431,,1,0,367,1
brfac5432,,1,0,334,1
brfac5433,,1,0,354,1
brfac5434,,1,0,342,1
brfac5435,,1,0,329,1
brfac5436,,1,0,457,1
brfac5437,,1,0,364,1
brfac5438,,1,0,427,1
brfac5439,,1,0,353,1
brfac544,,1,0,736,1
brfac5440,,1,0,438,1
brfac5441,,1,0,384,1
brfac5442,,1,0,380,1
brfac5443,,1,0,365,1
brfac5444,,1,0,341,1
brfac5445,,1,0,398,1
brfac5446,,1,0,337,1
brfac5447,,1,0,343,1
brfac5448,,1,0,432,1
brfac5449,,1,0,355,1
brfac545,,1,0,687,1
brfac5450,,1,0,351,1
brfac5451,,1,0,347,1
brfac5452,,1,0,328,1
brfac5453,,1,0,342,1
brfac5454,,1,0,345,1
brfac5455,,1,0,352,1
brfac5456,,1,0,326,1
brfac5457,,1,0,341,1
brfac5458,,1,0,325,1
brfac5459,,1,0,344,1
brfac546,,1,0,717,1
brfac5460,,1,0,335,1
brfac5461,,1,0,341,1
brfac5462,,1,0,342,1
brfac5463,,1,0,345,1
brfac5464,,1,0,434,1
brfac5465,,1,0,325,1
brfac5466,,1,0,367,1
brfac5467,,1,0,353,1
brfac5468,,1,0,331,1
brfac5469,,1,0,331,1
brfac547,,1,0,715,1
brfac5470,,1,0,354,1
brfac5471,,1,0,359,1
brfac5472,,1,0,432,1
brfac5473,,1,0,340,1
brfac5474,,1,0,360,1
brfac5475,,1,0,442,1
brfac5477,,1,0,359,1
brfac5478,,1,0,377,1
brfac5479,,1,0,380,1
brfac548,,1,0,599,1
brfac5480,,1,0,348,1
brfac5481,,1,0,353,1
brfac5482,,1,0,341,1
brfac5483,,1,0,371,1
brfac5484,,1,0,335,1
brfac5485,,1,0,441,1
brfac5486,,1,0,326,1
brfac5487,,1,0,379,1
brfac5488,,1,0,461,1
brfac5489,,1,0,323,1
brfac549,,1,0,652,1
brfac5490,,1,0,348,1
brfac5491,,1,0,399,1
brfac5492,,1,0,343,1
brfac5493,,1,0,341,1
brfac5494,,1,0,341,1
brfac5495,,1,0,342,1
brfac5496,,1,0,401,1
brfac5497,,1,0,341,1
brfac5498,,1,0,329,1
brfac5499,,1,0,435,1
brfac55,,1,0,1181,1
brfac550,,1,0,745,1
brfac5500,,1,0,425,1
brfac5501,,1,0,360,1
brfac5502,,1,0,325,1
brfac5503,,1,0,379,1
brfac5504,,1,0,391,1
brfac5505,,1,0,364,1
brfac5506,,1,0,447,1
brfac5507,,1,0,366,1
brfac5508,,1,0,340,1
brfac5509,,1,0,419,1
brfac551,,1,0,626,1
brfac5510,,1,0,335,1
brfac5511,,1,0,367,1
brfac5512,,1,0,327,1
brfac5513,,1,0,340,1
brfac5514,,1,0,368,1
brfac5515,,1,0,346,1
brfac5516,,1,0,359,1
brfac5517,,1,0,345,1
brfac5518,,1,0,329,1
brfac5519,,1,0,370,1
brfac552,,1,0,678,1
brfac5520,,1,0,346,1
brfac5521,,1,0,368,1
brfac5522,,1,0,338,1
brfac5523,,1,0,376,1
brfac5524,,1,0,432,1
brfac5525,,1,0,339,1
brfac5526,,1,0,336,1
brfac5527,,1,0,456,1
brfac5528,,1,0,343,1
brfac5529,,1,0,351,1
brfac553,,1,0,648,1
brfac5530,,1,0,439,1
brfac5531,,1,0,357,1
brfac5532,,1,0,440,1
brfac5533,,1,0,433,1
brfac5534,,1,0,345,1
brfac5535,,1,0,437,1
brfac5536,,1,0,380,1
brfac5537,,1,0,327,1
brfac5538,,1,0,368,1
brfac5539,,1,0,337,1
brfac554,,1,0,673,1
brfac5540,,1,0,333,1
brfac5541,,1,0,352,1
brfac5542,,1,0,337,1
brfac5543,,1,0,341,1
brfac5544,,1,0,450,1
brfac5545,,1,0,345,1
brfac5546,,1,0,354,1
brfac5547,,1,0,547,1
brfac5548,,1,0,344,1
brfac5549,,1,0,357,1
brfac555,,1,0,695,1
brfac5550,,1,0,345,1
brfac5551,,1,0,427,1
brfac5552,,1,0,329,1
brfac5553,,1,0,433,1
brfac5554,,1,0,352,1
brfac5555,,1,0,340,1
brfac5556,,1,0,427,1
brfac5557,,1,0,441,1
brfac5558,,1,0,426,1
brfac5559,,1,0,376,1
brfac556,,1,0,677,1
brfac5560,,1,0,349,1
brfac5561,,1,0,356,1
brfac5562,,1,0,342,1
brfac5563,,1,0,465,1
brfac5564,,1,0,336,1
brfac5565,,1,0,343,1
brfac5566,,1,0,388,1
brfac5567,,1,0,438,1
brfac5568,,1,0,413,1
brfac5569,,1,0,366,1
brfac557,,1,0,838,1
brfac5570,,1,0,347,1
brfac5571,,1,0,332,1
brfac5572,,1,0,440,1
brfac5573,,1,0,350,1
brfac5574,,1,0,344,1
brfac5575,,1,0,438,1
brfac5576,,1,0,327,1
brfac5577,,1,0,347,1
brfac5578,,1,0,347,1
brfac5579,,1,0,329,1
brfac558,,1,0,684,1
brfac5580,,1,0,403,1
brfac5581,,1,0,343,1
brfac5582,,1,0,423,1
brfac5583,,1,0,333,1
brfac5584,,1,0,335,1
brfac5585,,1,0,338,1
brfac5586,,1,0,437,1
brfac5587,,1,0,328,1
brfac5588,,1,0,331,1
brfac5589,,1,0,450,1
brfac559,,1,0,671,1
brfac5590,,1,0,329,1
brfac5591,,1,0,351,1
brfac5592,,1,0,436,1
brfac5593,,1,0,437,1
brfac5594,,1,0,327,1
brfac5595,,1,0,436,1
brfac5596,,1,0,331,1
brfac5597,,1,0,338,1
brfac5598,,1,0,357,1
brfac5599,,1,0,446,1
brfac56,,1,0,1222,1
brfac560,,1,0,743,1
brfac5600,,1,0,428,1
brfac5601,,1,0,357,1
brfac5602,,1,0,326,1
brfac5603,,1,0,332,1
brfac5604,,1,0,354,1
brfac5605,,1,0,346,1
brfac5606,,1,0,330,1
brfac5607,,1,0,366,1
brfac5608,,1,0,352,1
brfac5609,,1,0,323,1
brfac561,,1,0,704,1
brfac5610,,1,0,340,1
brfac5611,,1,0,344,1
brfac5612,,1,0,340,1
brfac5613,,1,0,342,1
brfac5614,,1,0,343,1
brfac5615,,1,0,440,1
brfac5616,,1,0,433,1
brfac5617,,1,0,359,1
brfac5618,,1,0,550,1
brfac5619,,1,0,431,1
brfac562,,1,0,652,1
brfac5620,,1,0,344,1
brfac5621,,1,0,333,1
brfac5622,,1,0,319,1
brfac5623,,1,0,345,1
brfac5624,,1,0,328,1
brfac5626,,1,0,435,1
brfac5627,,1,0,349,1
brfac5628,,1,0,324,1
brfac5629,,1,0,331,1
brfac563,,1,0,706,1
brfac5630,,1,0,344,1
brfac5631,,1,0,348,1
brfac5632,,1,0,410,1
brfac5633,,1,0,329,1
brfac5634,,1,0,348,1
brfac5635,,1,0,409,1
brfac5636,,1,0,357,1
brfac5637,,1,0,328,1
brfac5638,,1,0,440,1
brfac5639,,1,0,351,1
brfac564,,1,0,656,1
brfac5640,,1,0,352,1
brfac5641,,1,0,347,1
brfac5642,,1,0,326,1
brfac5643,,1,0,439,1
brfac5644,,1,0,451,1
brfac5645,,1,0,318,1
brfac5646,,1,0,341,1
brfac5647,,1,0,353,1
brfac5648,,1,0,341,1
brfac5649,,1,0,428,1
brfac565,,1,0,609,1
brfac5650,,1,0,343,1
brfac5651,,1,0,375,1
brfac5652,,1,0,338,1
brfac5653,,1,0,356,1
brfac5654,,1,0,353,1
brfac5655,,1,0,383,1
brfac5656,,1,0,342,1
brfac5657,,1,0,375,1
brfac5658,,1,0,318,1
brfac5659,,1,0,352,1
brfac566,,1,0,635,1
brfac5660,,1,0,359,1
brfac5661,,1,0,354,1
brfac5662,,1,0,351,1
brfac5663,,1,0,335,1
brfac5664,,1,0,370,1
brfac5665,,1,0,343,1
brfac5666,,1,0,341,1
brfac5667,,1,0,429,1
brfac5668,,1,0,348,1
brfac5669,,1,0,362,1
brfac567,,1,0,779,1
brfac5670,,1,0,450,1
brfac5671,,1,0,341,1
brfac5672,,1,0,330,1
brfac5673,,1,0,340,1
brfac5674,,1,0,443,1
brfac5675,,1,0,345,1
brfac5676,,1,0,347,1
brfac5677,,1,0,354,1
brfac5678,,1,0,344,1
brfac5679,,1,0,349,1
brfac568,,1,0,617,1
brfac5680,,1,0,423,1
brfac5681,,1,0,339,1
brfac5682,,1,0,440,1
brfac5683,,1,0,363,1
brfac5684,,1,0,351,1
brfac5685,,1,0,448,1
brfac5686,,1,0,341,1
brfac5687,,1,0,375,1
brfac5688,,1,0,372,1
brfac5689,,1,0,346,1
brfac569,,1,0,757,1
brfac5690,,1,0,429,1
brfac5691,,1,0,326,1
brfac5692,,1,0,351,1
brfac5693,,1,0,365,1
brfac5694,,1,0,347,1
brfac5695,,1,0,339,1
brfac5696,,1,0,339,1
brfac5697,,1,0,338,1
brfac5698,,1,0,333,1
brfac5699,,1,0,338,1
brfac57,,1,0,1170,1
brfac570,,1,0,733,1
brfac5700,,1,0,344,1
brfac5701,,1,0,369,1
brfac5702,,1,0,338,1
brfac5703,,1,0,344,1
brfac5704,,1,0,346,1
brfac5705,,1,0,357,1
brfac5706,,1,0,341,1
brfac5707,,1,0,359,1
brfac5708,,1,0,337,1
brfac5709,,1,0,332,1
brfac571,,1,0,640,1
brfac5710,,1,0,361,1
brfac5711,,1,0,357,1
brfac5712,,1,0,346,1
brfac5713,,1,0,428,1
brfac5714,,1,0,326,1
brfac5715,,1,0,344,1
brfac5716,,1,0,322,1
brfac5717,,1,0,363,1
brfac5718,,1,0,339,1
brfac5719,,1,0,339,1
brfac572,,1,0,681,1
brfac5720,,1,0,357,1
brfac5721,,1,0,338,1
brfac5722,,1,0,324,1
brfac5723,,1,0,342,1
brfac5724,,1,0,344,1
brfac5725,,1,0,357,1
brfac5726,,1,0,334,1
brfac5727,,1,0,325,1
brfac5728,,1,0,375,1
brfac5729,,1,0,335,1
brfac573,,1,0,632,1
brfac5730,,1,0,383,1
brfac5731,,1,0,425,1
brfac5732,,1,0,347,1
brfac5733,,1,0,448,1
brfac5734,,1,0,331,1
brfac5735,,1,0,334,1
brfac5736,,1,0,363,1
brfac5737,,1,0,374,1
brfac5738,,1,0,429,1
brfac5739,,1,0,336,1
brfac574,,1,0,633,1
brfac5740,,1,0,345,1
brfac5741,,1,0,371,1
brfac5742,,1,0,429,1
brfac5743,,1,0,346,1
brfac5744,,1,0,350,1
brfac5745,,1,0,321,1
brfac5746,,1,0,422,1
brfac5747,,1,0,329,1
brfac5748,,1,0,335,1
brfac5749,,1,0,363,1
brfac575,,1,0,715,1
brfac5750,,1,0,334,1
brfac5751,,1,0,448,1
brfac5752,,1,0,352,1
brfac5753,,1,0,328,1
brfac5754,,1,0,328,1
brfac5755,,1,0,435,1
brfac5756,,1,0,341,1
brfac5757,,1,0,355,1
brfac5758,,1,0,346,1
brfac5759,,1,0,344,1
brfac5760,,1,0,458,1
brfac5761,,1,0,328,1
brfac5762,,1,0,429,1
brfac5763,,1,0,352,1
brfac5764,,1,0,343,1
brfac5765,,1,0,339,1
brfac5766,,1,0,463,1
brfac5767,,1,0,329,1
brfac5768,,1,0,335,1
brfac5769,,1,0,348,1
brfac577,,1,0,639,1
brfac5770,,1,0,358,1
brfac5771,,1,0,321,1
brfac5772,,1,0,345,1
brfac5773,,1,0,339,1
brfac5774,,1,0,337,1
brfac5775,,1,0,376,1
brfac5776,,1,0,9,1
brfac5777,,1,0,341,1
brfac5778,,1,0,325,1
brfac5779,,1,0,353,1
brfac578,,1,0,898,1
brfac5780,,1,0,397,1
brfac5781,,1,0,339,1
brfac5782,,1,0,350,1
brfac5783,,1,0,346,1
brfac5784,,1,0,337,1
brfac5785,,1,0,426,1
brfac5786,,1,0,345,1
brfac5787,,1,0,323,1
brfac5788,,1,0,444,1
brfac5789,,1,0,346,1
brfac579,,1,0,690,1
brfac5790,,1,0,380,1
brfac5791,,1,0,380,1
brfac5792,,1,0,317,1
brfac5793,,1,0,326,1
brfac5794,,1,0,337,1
brfac5795,,1,0,342,1
brfac5796,,1,0,344,1
brfac5797,,1,0,332,1
brfac5798,,1,0,334,1
brfac5799,,1,0,330,1
brfac58,,1,0,1191,1
brfac580,,1,0,654,1
brfac5800,,1,0,375,1
brfac5801,,1,0,370,1
brfac5802,,1,0,335,1
brfac5803,,1,0,310,1
brfac5804,,1,0,351,1
brfac5805,,1,0,439,1
brfac5806,,1,0,338,1
brfac5807,,1,0,357,1
brfac5808,,1,0,527,1
brfac5809,,1,0,345,1
brfac581,,1,0,628,1
brfac5810,,1,0,331,1
brfac5811,,1,0,430,1
brfac5812,,1,0,328,1
brfac5813,,1,0,368,1
brfac5814,,1,0,377,1
brfac5815,,1,0,343,1
brfac5816,,1,0,352,1
brfac5817,,1,0,344,1
brfac5818,,1,0,352,1
brfac5819,,1,0,440,1
brfac582,,1,0,729,1
brfac5820,,1,0,357,1
brfac5821,,1,0,360,1
brfac5822,,1,0,339,1
brfac5823,,1,0,431,1
brfac5824,,1,0,370,1
brfac5825,,1,0,337,1
brfac5826,,1,0,333,1
brfac5827,,1,0,359,1
brfac5828,,1,0,328,1
brfac5829,,1,0,354,1
brfac583,,1,0,598,1
brfac5830,,1,0,331,1
brfac5831,,1,0,379,1
brfac5833,,1,0,433,1
brfac5834,,1,0,341,1
brfac5835,,1,0,346,1
brfac5836,,1,0,432,1
brfac5837,,1,0,434,1
brfac5838,,1,0,392,1
brfac5839,,1,0,359,1
brfac584,,1,0,640,1
brfac5840,,1,0,349,1
brfac5841,,1,0,364,1
brfac5842,,1,0,339,1
brfac5843,,1,0,433,1
brfac5844,,1,0,339,1
brfac5845,,1,0,422,1
brfac5846,,1,0,361,1
brfac5847,,1,0,431,1
brfac5848,,1,0,335,1
brfac5849,,1,0,345,1
brfac585,,1,0,617,1
brfac5850,,1,0,455,1
brfac5851,,1,0,352,1
brfac5852,,1,0,362,1
brfac5853,,1,0,330,1
brfac5854,,1,0,343,1
brfac5855,,1,0,460,1
brfac5856,,1,0,346,1
brfac5857,,1,0,360,1
brfac5858,,1,0,332,1
brfac5859,,1,0,347,1
brfac586,,1,0,689,1
brfac5860,,1,0,349,1
brfac5861,,1,0,353,1
brfac5862,,1,0,336,1
brfac5863,,1,0,338,1
brfac5864,,1,0,433,1
brfac5865,,1,0,349,1
brfac5866,,1,0,346,1
brfac5867,,1,0,461,1
brfac5868,,1,0,373,1
brfac5869,,1,0,365,1
brfac587,,1,0,637,1
brfac5870,,1,0,337,1
brfac5871,,1,0,352,1
brfac5872,,1,0,352,1
brfac5873,,1,0,433,1
brfac5874,,1,0,337,1
brfac5875,,1,0,342,1
brfac5876,,1,0,339,1
brfac5877,,1,0,350,1
brfac5878,,1,0,423,1
brfac5879,,1,0,456,1
brfac588,,1,0,919,1
brfac5880,,1,0,436,1
brfac5881,,1,0,331,1
brfac5882,,1,0,437,1
brfac5883,,1,0,332,1
brfac5884,,1,0,341,1
brfac5885,,1,0,334,1
brfac5886,,1,0,348,1
brfac5887,,1,0,452,1
brfac5888,,1,0,386,1
brfac5889,,1,0,332,1
brfac589,,1,0,635,1
brfac5890,,1,0,441,1
brfac5891,,1,0,345,1
brfac5892,,1,0,339,1
brfac5893,,1,0,341,1
brfac5894,,1,0,328,1
brfac5895,,1,0,359,1
brfac5896,,1,0,331,1
brfac5897,,1,0,365,1
brfac5898,,1,0,359,1
brfac5899,,1,0,327,1
brfac59,,1,0,1210,1
brfac590,,1,0,657,1
brfac5900,,1,0,371,1
brfac5901,,1,0,333,1
brfac5902,,1,0,326,1
brfac5903,,1,0,357,1
brfac5904,,1,0,361,1
brfac5905,,1,0,360,1
brfac5906,,1,0,350,1
brfac5907,,1,0,395,1
brfac5908,,1,0,331,1
brfac5909,,1,0,365,1
brfac591,,1,0,661,1
brfac5910,,1,0,401,1
brfac5911,,1,0,351,1
brfac5912,,1,0,338,1
brfac5913,,1,0,347,1
brfac5914,,1,0,343,1
brfac5915,,1,0,435,1
brfac5916,,1,0,329,1
brfac5917,,1,0,352,1
brfac5918,,1,0,328,1
brfac5919,,1,0,334,1
brfac592,,1,0,651,1
brfac5920,,1,0,454,1
brfac5921,,1,0,341,1
brfac5922,,1,0,359,1
brfac5923,,1,0,338,1
brfac5924,,1,0,426,1
brfac5925,,1,0,335,1
brfac5926,,1,0,344,1
brfac5927,,1,0,358,1
brfac5928,,1,0,414,1
brfac593,,1,0,627,1
brfac5930,,1,0,330,1
brfac5931,,1,0,439,1
brfac5932,,1,0,351,1
brfac5933,,1,0,345,1
brfac5934,,1,0,334,1
brfac5935,,1,0,339,1
brfac5936,,1,0,423,1
brfac5937,,1,0,328,1
brfac5938,,1,0,334,1
brfac5939,,1,0,366,1
brfac594,,1,0,682,1
brfac5940,,1,0,435,1
brfac5941,,1,0,330,1
brfac5942,,1,0,312,1
brfac5943,,1,0,332,1
brfac5944,,1,0,367,1
brfac5945,,1,0,343,1
brfac5946,,1,0,351,1
brfac5947,,1,0,434,1
brfac5948,,1,0,427,1
brfac5949,,1,0,338,1
brfac595,,1,0,667,1
brfac5950,,1,0,416,1
brfac5951,,1,0,349,1
brfac5952,,1,0,437,1
brfac5953,,1,0,380,1
brfac5954,,1,0,349,1
brfac5955,,1,0,443,1
brfac5956,,1,0,322,1
brfac5957,,1,0,436,1
brfac5958,,1,0,352,1
brfac5959,,1,0,348,1
brfac596,,1,0,627,1
brfac5960,,1,0,434,1
brfac5961,,1,0,352,1
brfac5962,,1,0,327,1
brfac5963,,1,0,322,1
brfac5964,,1,0,338,1
brfac5965,,1,0,324,1
brfac5966,,1,0,327,1
brfac5967,,1,0,387,1
brfac5968,,1,0,436,1
brfac5969,,1,0,335,1
brfac597,,1,0,641,1
brfac5970,,1,0,330,1
brfac5971,,1,0,336,1
brfac5972,,1,0,354,1
brfac5973,,1,0,424,1
brfac5974,,1,0,352,1
brfac5975,,1,0,346,1
brfac5976,,1,0,388,1
brfac5977,,1,0,345,1
brfac5978,,1,0,436,1
brfac5979,,1,0,430,1
brfac598,,1,0,734,1
brfac5980,,1,0,351,1
brfac5981,,1,0,450,1
brfac5982,,1,0,335,1
brfac5983,,1,0,446,1
brfac5984,,1,0,438,1
brfac5985,,1,0,444,1
brfac5986,,1,0,339,1
brfac5987,,1,0,358,1
brfac5988,,1,0,334,1
brfac5989,,1,0,330,1
brfac599,,1,0,717,1
brfac5990,,1,0,433,1
brfac5991,,1,0,343,1
brfac5992,,1,0,347,1
brfac5993,,1,0,350,1
brfac5994,,1,0,421,1
brfac5995,,1,0,417,1
brfac5996,,1,0,332,1
brfac5997,,1,0,355,1
brfac5998,,1,0,329,1
brfac5999,,1,0,321,1
brfac6,,1,0,4744,1
brfac60,,1,0,1221,1
brfac600,,1,0,833,1
brfac6000,,1,0,444,1
brfac6001,,1,0,344,1
brfac6002,,1,0,442,1
brfac6003,,1,0,321,1
brfac6004,,1,0,425,1
brfac6005,,1,0,337,1
brfac6006,,1,0,390,1
brfac6007,,1,0,364,1
brfac6008,,1,0,369,1
brfac6009,,1,0,430,1
brfac601,,1,0,690,1
brfac6010,,1,0,342,1
brfac6011,,1,0,450,1
brfac6012,,1,0,449,1
brfac6013,,1,0,337,1
brfac6014,,1,0,335,1
brfac6015,,1,0,440,1
brfac6016,,1,0,382,1
brfac6017,,1,0,352,1
brfac6018,,1,0,341,1
brfac6019,,1,0,344,1
brfac602,,1,0,700,1
brfac6020,,1,0,333,1
brfac6021,,1,0,437,1
brfac6022,,1,0,343,1
brfac6023,,1,0,332,1
brfac6024,,1,0,357,1
brfac6025,,1,0,432,1
brfac6026,,1,0,342,1
brfac6027,,1,0,387,1
brfac6028,,1,0,331,1
brfac6029,,1,0,357,1
brfac603,,1,0,662,1
brfac6030,,1,0,351,1
brfac6031,,1,0,337,1
brfac6032,,1,0,331,1
brfac6033,,1,0,344,1
brfac6034,,1,0,330,1
brfac6035,,1,0,354,1
brfac6036,,1,0,346,1
brfac6037,,1,0,356,1
brfac6038,,1,0,333,1
brfac6039,,1,0,361,1
brfac604,,1,0,666,1
brfac6040,,1,0,333,1
brfac6041,,1,0,342,1
brfac6042,,1,0,325,1
brfac6043,,1,0,347,1
brfac6044,,1,0,345,1
brfac6045,,1,0,431,1
brfac6046,,1,0,347,1
brfac6047,,1,0,359,1
brfac6048,,1,0,387,1
brfac6049,,1,0,318,1
brfac605,,1,0,705,1
brfac6050,,1,0,555,1
brfac6051,,1,0,422,1
brfac6052,,1,0,340,1
brfac6053,,1,0,370,1
brfac6054,,1,0,336,1
brfac6055,,1,0,343,1
brfac6056,,1,0,343,1
brfac6057,,1,0,430,1
brfac6058,,1,0,338,1
brfac6059,,1,0,349,1
brfac606,,1,0,672,1
brfac6060,,1,0,329,1
brfac6061,,1,0,344,1
brfac6062,,1,0,332,1
brfac6063,,1,0,360,1
brfac6064,,1,0,393,1
brfac6065,,1,0,347,1
brfac6066,,1,0,331,1
brfac6067,,1,0,327,1
brfac6068,,1,0,336,1
brfac6069,,1,0,350,1
brfac607,,1,0,738,1
brfac6070,,1,0,418,1
brfac6071,,1,0,438,1
brfac6072,,1,0,410,1
brfac6073,,1,0,368,1
brfac6074,,1,0,334,1
brfac6075,,1,0,524,1
brfac6076,,1,0,422,1
brfac6077,,1,0,337,1
brfac6078,,1,0,342,1
brfac6079,,1,0,362,1
brfac608,,1,0,725,1
brfac6080,,1,0,400,1
brfac6081,,1,0,351,1
brfac6082,,1,0,439,1
brfac6083,,1,0,351,1
brfac6084,,1,0,9,1
brfac6085,,1,0,442,1
brfac6086,,1,0,338,1
brfac6087,,1,0,352,1
brfac6088,,1,0,445,1
brfac6089,,1,0,338,1
brfac609,,1,0,635,1
brfac6090,,1,0,343,1
brfac6091,,1,0,439,1
brfac6092,,1,0,338,1
brfac6093,,1,0,347,1
brfac6094,,1,0,331,1
brfac6095,,1,0,451,1
brfac6096,,1,0,340,1
brfac6097,,1,0,346,1
brfac6098,,1,0,343,1
brfac6099,,1,0,325,1
brfac61,,1,0,1254,1
brfac610,,1,0,604,1
brfac6100,,1,0,434,1
brfac6101,,1,0,355,1
brfac6102,,1,0,369,1
brfac6103,,1,0,330,1
brfac6104,,1,0,347,1
brfac6105,,1,0,318,1
brfac6106,,1,0,441,1
brfac6107,,1,0,340,1
brfac6108,,1,0,340,1
brfac6109,,1,0,335,1
brfac611,,1,0,680,1
brfac6110,,1,0,317,1
brfac6111,,1,0,343,1
brfac6112,,1,0,344,1
brfac6113,,1,0,398,1
brfac6114,,1,0,433,1
brfac6115,,1,0,334,1
brfac6116,,1,0,346,1
brfac6117,,1,0,349,1
brfac6118,,1,0,318,1
brfac6119,,1,0,429,1
brfac612,,1,0,653,1
brfac6120,,1,0,356,1
brfac6121,,1,0,343,1
brfac6122,,1,0,438,1
brfac6123,,1,0,329,1
brfac6124,,1,0,353,1
brfac6125,,1,0,497,1
brfac6126,,1,0,328,1
brfac6127,,1,0,342,1
brfac6128,,1,0,340,1
brfac6129,,1,0,330,1
brfac613,,1,0,722,1
brfac6130,,1,0,336,1
brfac6131,,1,0,359,1
brfac6132,,1,0,340,1
brfac6133,,1,0,353,1
brfac6134,,1,0,339,1
brfac6135,,1,0,449,1
brfac6136,,1,0,325,1
brfac6137,,1,0,353,1
brfac6138,,1,0,366,1
brfac6139,,1,0,339,1
brfac614,,1,0,641,1
brfac6140,,1,0,328,1
brfac6141,,1,0,322,1
brfac6142,,1,0,332,1
brfac6143,,1,0,347,1
brfac6144,,1,0,456,1
brfac6145,,1,0,344,1
brfac6146,,1,0,327,1
brfac6147,,1,0,345,1
brfac6148,,1,0,335,1
brfac6149,,1,0,441,1
brfac615,,1,0,707,1
brfac6150,,1,0,391,1
brfac6151,,1,0,363,1
brfac6152,,1,0,325,1
brfac6153,,1,0,348,1
brfac6154,,1,0,348,1
brfac6155,,1,0,332,1
brfac6156,,1,0,375,1
brfac6157,,1,0,335,1
brfac6158,,1,0,322,1
brfac6159,,1,0,338,1
brfac616,,1,0,680,1
brfac6160,,1,0,341,1
brfac6161,,1,0,331,1
brfac6162,,1,0,336,1
brfac6163,,1,0,370,1
brfac6164,,1,0,338,1
brfac6165,,1,0,319,1
brfac6166,,1,0,444,1
brfac6167,,1,0,326,1
brfac6168,,1,0,337,1
brfac6169,,1,0,341,1
brfac617,,1,0,619,1
brfac6170,,1,0,343,1
brfac6171,,1,0,409,1
brfac6172,,1,0,358,1
brfac6173,,1,0,356,1
brfac6174,,1,0,422,1
brfac6175,,1,0,335,1
brfac6176,,1,0,342,1
brfac6177,,1,0,352,1
brfac6178,,1,0,348,1
brfac6179,,1,0,341,1
brfac618,,1,0,704,1
brfac6180,,1,0,339,1
brfac6181,,1,0,435,1
brfac6182,,1,0,345,1
brfac6183,,1,0,363,1
brfac6184,,1,0,346,1
brfac6185,,1,0,335,1
brfac6186,,1,0,327,1
brfac6187,,1,0,349,1
brfac6188,,1,0,363,1
brfac6189,,1,0,432,1
brfac619,,1,0,658,1
brfac6190,,1,0,422,1
brfac6191,,1,0,349,1
brfac6192,,1,0,397,1
brfac6193,,1,0,339,1
brfac6194,,1,0,435,1
brfac6195,,1,0,381,1
brfac6196,,1,0,350,1
brfac6197,,1,0,353,1
brfac6198,,1,0,350,1
brfac6199,,1,0,465,1
brfac62,,1,0,1214,1
brfac620,,1,0,611,1
brfac6200,,1,0,383,1
brfac6201,,1,0,342,1
brfac6202,,1,0,426,1
brfac6203,,1,0,352,1
brfac6204,,1,0,331,1
brfac6205,,1,0,429,1
brfac6206,,1,0,323,1
brfac6207,,1,0,419,1
brfac6208,,1,0,353,1
brfac6209,,1,0,359,1
brfac621,,1,0,606,1
brfac6210,,1,0,434,1
brfac6211,,1,0,375,1
brfac6212,,1,0,344,1
brfac6213,,1,0,331,1
brfac6214,,1,0,328,1
brfac6215,,1,0,357,1
brfac6216,,1,0,339,1
brfac6217,,1,0,357,1
brfac6218,,1,0,356,1
brfac6219,,1,0,351,1
brfac622,,1,0,632,1
brfac6220,,1,0,345,1
brfac6221,,1,0,373,1
brfac6222,,1,0,332,1
brfac6223,,1,0,391,1
brfac6224,,1,0,433,1
brfac6225,,1,0,343,1
brfac6226,,1,0,325,1
brfac6227,,1,0,336,1
brfac6228,,1,0,347,1
brfac6229,,1,0,361,1
brfac623,,1,0,608,1
brfac6230,,1,0,442,1
brfac6231,,1,0,328,1
brfac6232,,1,0,320,1
brfac6233,,1,0,451,1
brfac6234,,1,0,347,1
brfac6235,,1,0,327,1
brfac6236,,1,0,353,1
brfac6237,,1,0,340,1
brfac6238,,1,0,431,1
brfac6239,,1,0,427,1
brfac624,,1,0,708,1
brfac6240,,1,0,443,1
brfac6242,,1,0,331,1
brfac6243,,1,0,339,1
brfac6244,,1,0,333,1
brfac6245,,1,0,325,1
brfac6246,,1,0,335,1
brfac6247,,1,0,341,1
brfac6248,,1,0,361,1
brfac6249,,1,0,333,1
brfac6250,,1,0,454,1
brfac6251,,1,0,349,1
brfac6252,,1,0,337,1
brfac6253,,1,0,339,1
brfac6254,,1,0,346,1
brfac6255,,1,0,343,1
brfac6256,,1,0,375,1
brfac6257,,1,0,377,1
brfac6258,,1,0,374,1
brfac6259,,1,0,326,1
brfac626,,1,0,646,1
brfac6260,,1,0,341,1
brfac6261,,1,0,336,1
brfac6262,,1,0,321,1
brfac6263,,1,0,367,1
brfac6264,,1,0,404,1
brfac6265,,1,0,342,1
brfac6266,,1,0,330,1
brfac6267,,1,0,436,1
brfac6268,,1,0,374,1
brfac6269,,1,0,348,1
brfac627,,1,0,649,1
brfac6270,,1,0,391,1
brfac6271,,1,0,380,1
brfac6272,,1,0,551,1
brfac6273,,1,0,337,1
brfac6274,,1,0,348,1
brfac6275,,1,0,342,1
brfac6276,,1,0,348,1
brfac6277,,1,0,336,1
brfac6278,,1,0,336,1
brfac6279,,1,0,346,1
brfac628,,1,0,635,1
brfac6280,,1,0,431,1
brfac6281,,1,0,430,1
brfac6282,,1,0,337,1
brfac6283,,1,0,326,1
brfac6284,,1,0,332,1
brfac6285,,1,0,344,1
brfac6286,,1,0,350,1
brfac6287,,1,0,350,1
brfac6288,,1,0,335,1
brfac6289,,1,0,433,1
brfac629,,1,0,613,1
brfac6290,,1,0,330,1
brfac6291,,1,0,358,1
brfac6292,,1,0,355,1
brfac6293,,1,0,337,1
brfac6294,,1,0,337,1
brfac6295,,1,0,332,1
brfac6296,,1,0,332,1
brfac6297,,1,0,342,1
brfac6298,,1,0,339,1
brfac6299,,1,0,377,1
brfac63,,1,0,1236,1
brfac630,,1,0,693,1
brfac6300,,1,0,467,1
brfac6301,,1,0,467,1
brfac6302,,1,0,310,1
brfac6303,,1,0,339,1
brfac6304,,1,0,399,1
brfac6305,,1,0,334,1
brfac6306,,1,0,332,1
brfac6307,,1,0,326,1
brfac6308,,1,0,311,1
brfac6309,,1,0,350,1
brfac631,,1,0,627,1
brfac6310,,1,0,342,1
brfac6311,,1,0,371,1
brfac6312,,1,0,368,1
brfac6313,,1,0,340,1
brfac6314,,1,0,345,1
brfac6315,,1,0,330,1
brfac6316,,1,0,442,1
brfac6317,,1,0,324,1
brfac6318,,1,0,403,1
brfac6319,,1,0,337,1
brfac632,,1,0,588,1
brfac6320,,1,0,372,1
brfac6321,,1,0,338,1
brfac6322,,1,0,336,1
brfac6323,,1,0,378,1
brfac6324,,1,0,347,1
brfac6325,,1,0,329,1
brfac6326,,1,0,311,1
brfac6327,,1,0,338,1
brfac6328,,1,0,326,1
brfac6329,,1,0,356,1
brfac633,,1,0,614,1
brfac6330,,1,0,339,1
brfac6331,,1,0,332,1
brfac6332,,1,0,338,1
brfac6333,,1,0,342,1
brfac6334,,1,0,341,1
brfac6335,,1,0,421,1
brfac6336,,1,0,454,1
brfac6337,,1,0,331,1
brfac6338,,1,0,345,1
brfac6339,,1,0,339,1
brfac634,,1,0,608,1
brfac6340,,1,0,344,1
brfac6341,,1,0,421,1
brfac6342,,1,0,395,1
brfac6343,,1,0,361,1
brfac6344,,1,0,339,1
brfac6345,,1,0,343,1
brfac6346,,1,0,343,1
brfac6347,,1,0,337,1
brfac6348,,1,0,512,1
brfac6349,,1,0,342,1
brfac635,,1,0,623,1
brfac6350,,1,0,444,1
brfac6351,,1,0,348,1
brfac6352,,1,0,351,1
brfac6353,,1,0,379,1
brfac6354,,1,0,340,1
brfac6355,,1,0,353,1
brfac6356,,1,0,333,1
brfac6357,,1,0,337,1
brfac6358,,1,0,429,1
brfac6359,,1,0,352,1
brfac636,,1,0,688,1
brfac6360,,1,0,323,1
brfac6361,,1,0,344,1
brfac6362,,1,0,329,1
brfac6363,,1,0,328,1
brfac6364,,1,0,328,1
brfac6365,,1,0,356,1
brfac6366,,1,0,339,1
brfac6367,,1,0,370,1
brfac6368,,1,0,338,1
brfac6369,,1,0,326,1
brfac637,,1,0,638,1
brfac6370,,1,0,430,1
brfac6371,,1,0,352,1
brfac6372,,1,0,327,1
brfac6373,,1,0,363,1
brfac6374,,1,0,347,1
brfac6375,,1,0,374,1
brfac6376,,1,0,330,1
brfac6377,,1,0,337,1
brfac6378,,1,0,343,1
brfac6379,,1,0,348,1
brfac638,,1,0,703,1
brfac6380,,1,0,332,1
brfac6381,,1,0,331,1
brfac6382,,1,0,342,1
brfac6383,,1,0,331,1
brfac6384,,1,0,383,1
brfac6385,,1,0,342,1
brfac6386,,1,0,343,1
brfac6387,,1,0,324,1
brfac6388,,1,0,333,1
brfac6389,,1,0,338,1
brfac639,,1,0,711,1
brfac6390,,1,0,350,1
brfac6391,,1,0,431,1
brfac6392,,1,0,344,1
brfac6393,,1,0,335,1
brfac6394,,1,0,324,1
brfac6395,,1,0,345,1
brfac6396,,1,0,356,1
brfac6397,,1,0,369,1
brfac6398,,1,0,342,1
brfac6399,,1,0,386,1
brfac640,,1,0,777,1
brfac6400,,1,0,9,1
brfac6401,,1,0,348,1
brfac6402,,1,0,328,1
brfac6403,,1,0,333,1
brfac6404,,1,0,355,1
brfac6405,,1,0,421,1
brfac6406,,1,0,334,1
brfac6407,,1,0,354,1
brfac6408,,1,0,379,1
brfac6409,,1,0,355,1
brfac641,,1,0,721,1
brfac6410,,1,0,313,1
brfac6411,,1,0,437,1
brfac6412,,1,0,363,1
brfac6413,,1,0,338,1
brfac6414,,1,0,437,1
brfac6415,,1,0,333,1
brfac6416,,1,0,347,1
brfac6417,,1,0,341,1
brfac6418,,1,0,350,1
brfac6419,,1,0,333,1
brfac642,,1,0,677,1
brfac6420,,1,0,335,1
brfac6421,,1,0,360,1
brfac6422,,1,0,425,1
brfac6423,,1,0,335,1
brfac6424,,1,0,330,1
brfac6425,,1,0,411,1
brfac6426,,1,0,385,1
brfac6427,,1,0,341,1
brfac6428,,1,0,335,1
brfac6429,,1,0,333,1
brfac643,,1,0,637,1
brfac6430,,1,0,332,1
brfac6431,,1,0,332,1
brfac6432,,1,0,381,1
brfac6433,,1,0,336,1
brfac6434,,1,0,351,1
brfac6435,,1,0,439,1
brfac6436,,1,0,353,1
brfac6437,,1,0,349,1
brfac6438,,1,0,325,1
brfac6439,,1,0,329,1
brfac644,,1,0,608,1
brfac6440,,1,0,336,1
brfac6441,,1,0,350,1
brfac6442,,1,0,340,1
brfac6443,,1,0,354,1
brfac6444,,1,0,387,1
brfac6445,,1,0,333,1
brfac6446,,1,0,351,1
brfac6447,,1,0,426,1
brfac6448,,1,0,329,1
brfac6449,,1,0,341,1
brfac645,,1,0,701,1
brfac6450,,1,0,402,1
brfac6451,,1,0,351,1
brfac6452,,1,0,416,1
brfac6453,,1,0,339,1
brfac6454,,1,0,354,1
brfac6455,,1,0,433,1
brfac6456,,1,0,357,1
brfac6457,,1,0,359,1
brfac6458,,1,0,330,1
brfac6459,,1,0,335,1
brfac646,,1,0,632,1
brfac6460,,1,0,341,1
brfac6461,,1,0,339,1
brfac6462,,1,0,342,1
brfac6463,,1,0,427,1
brfac6464,,1,0,437,1
brfac6465,,1,0,349,1
brfac6466,,1,0,337,1
brfac6467,,1,0,355,1
brfac6468,,1,0,353,1
brfac6469,,1,0,355,1
brfac647,,1,0,637,1
brfac6470,,1,0,350,1
brfac6471,,1,0,424,1
brfac6472,,1,0,338,1
brfac6473,,1,0,458,1
brfac6474,,1,0,319,1
brfac6475,,1,0,377,1
brfac6476,,1,0,418,1
brfac6477,,1,0,433,1
brfac6478,,1,0,350,1
brfac6479,,1,0,439,1
brfac648,,1,0,921,1
brfac6480,,1,0,498,1
brfac6481,,1,0,366,1
brfac6482,,1,0,337,1
brfac6483,,1,0,344,1
brfac6484,,1,0,314,1
brfac6485,,1,0,332,1
brfac6486,,1,0,354,1
brfac6487,,1,0,329,1
brfac6488,,1,0,337,1
brfac6489,,1,0,348,1
brfac649,,1,0,682,1
brfac6490,,1,0,432,1
brfac6491,,1,0,369,1
brfac6492,,1,0,434,1
brfac6493,,1,0,423,1
brfac6494,,1,0,341,1
brfac6495,,1,0,329,1
brfac6496,,1,0,387,1
brfac6497,,1,0,344,1
brfac6498,,1,0,557,1
brfac6499,,1,0,344,1
brfac65,,1,0,1162,1
brfac650,,1,0,729,1
brfac6500,,1,0,330,1
brfac6501,,1,0,436,1
brfac6502,,1,0,331,1
brfac6503,,1,0,333,1
brfac6504,,1,0,326,1
brfac6505,,1,0,348,1
brfac6506,,1,0,444,1
brfac6507,,1,0,339,1
brfac6508,,1,0,448,1
brfac6509,,1,0,318,1
brfac651,,1,0,656,1
brfac6510,,1,0,339,1
brfac6511,,1,0,341,1
brfac6512,,1,0,441,1
brfac6513,,1,0,355,1
brfac6514,,1,0,334,1
brfac6515,,1,0,338,1
brfac6516,,1,0,446,1
brfac6517,,1,0,340,1
brfac6518,,1,0,330,1
brfac6519,,1,0,354,1
brfac652,,1,0,680,1
brfac6520,,1,0,337,1
brfac6521,,1,0,344,1
brfac6522,,1,0,343,1
brfac6523,,1,0,331,1
brfac6524,,1,0,352,1
brfac6525,,1,0,438,1
brfac6526,,1,0,333,1
brfac6527,,1,0,334,1
brfac6528,,1,0,361,1
brfac6529,,1,0,367,1
brfac653,,1,0,676,1
brfac6530,,1,0,337,1
brfac6531,,1,0,332,1
brfac6532,,1,0,354,1
brfac6533,,1,0,363,1
brfac6534,,1,0,490,1
brfac6535,,1,0,346,1
brfac6536,,1,0,365,1
brfac6537,,1,0,329,1
brfac6538,,1,0,351,1
brfac6539,,1,0,418,1
brfac654,,1,0,687,1
brfac6540,,1,0,435,1
brfac6541,,1,0,351,1
brfac6542,,1,0,332,1
brfac6543,,1,0,333,1
brfac6544,,1,0,340,1
brfac6545,,1,0,334,1
brfac6546,,1,0,338,1
brfac6547,,1,0,350,1
brfac6548,,1,0,328,1
brfac6549,,1,0,442,1
brfac655,,1,0,615,1
brfac6550,,1,0,361,1
brfac6551,,1,0,344,1
brfac6552,,1,0,352,1
brfac6553,,1,0,370,1
brfac6554,,1,0,333,1
brfac6555,,1,0,328,1
brfac6556,,1,0,345,1
brfac6557,,1,0,339,1
brfac6558,,1,0,324,1
brfac6559,,1,0,343,1
brfac656,,1,0,631,1
brfac6560,,1,0,396,1
brfac6562,,1,0,329,1
brfac6563,,1,0,384,1
brfac6564,,1,0,343,1
brfac6565,,1,0,332,1
brfac6566,,1,0,374,1
brfac6567,,1,0,345,1
brfac6568,,1,0,354,1
brfac6569,,1,0,363,1
brfac657,,1,0,613,1
brfac6570,,1,0,333,1
brfac6571,,1,0,375,1
brfac6572,,1,0,347,1
brfac6573,,1,0,421,1
brfac6574,,1,0,335,1
brfac6575,,1,0,439,1
brfac6576,,1,0,367,1
brfac6577,,1,0,359,1
brfac6578,,1,0,336,1
brfac6579,,1,0,433,1
brfac658,,1,0,609,1
brfac6580,,1,0,443,1
brfac6581,,1,0,367,1
brfac6582,,1,0,346,1
brfac6583,,1,0,335,1
brfac6584,,1,0,356,1
brfac6585,,1,0,334,1
brfac6586,,1,0,335,1
brfac6587,,1,0,426,1
brfac6588,,1,0,386,1
brfac6589,,1,0,339,1
brfac659,,1,0,623,1
brfac6590,,1,0,335,1
brfac6591,,1,0,426,1
brfac6592,,1,0,379,1
brfac6593,,1,0,342,1
brfac6594,,1,0,349,1
brfac6595,,1,0,334,1
brfac6596,,1,0,342,1
brfac6597,,1,0,354,1
brfac6598,,1,0,341,1
brfac6599,,1,0,347,1
brfac66,,1,0,1379,1
brfac660,,1,0,693,1
brfac6600,,1,0,400,1
brfac6601,,1,0,343,1
brfac6602,,1,0,340,1
brfac6603,,1,0,331,1
brfac6604,,1,0,369,1
brfac6605,,1,0,344,1
brfac6606,,1,0,334,1
brfac6607,,1,0,363,1
brfac6608,,1,0,328,1
brfac6609,,1,0,429,1
brfac661,,1,0,680,1
brfac6610,,1,0,323,1
brfac6611,,1,0,332,1
brfac6612,,1,0,350,1
brfac6613,,1,0,314,1
brfac6614,,1,0,328,1
brfac6615,,1,0,449,1
brfac6616,,1,0,333,1
brfac6617,,1,0,330,1
brfac6618,,1,0,436,1
brfac6619,,1,0,376,1
brfac662,,1,0,699,1
brfac6620,,1,0,331,1
brfac6621,,1,0,341,1
brfac6622,,1,0,338,1
brfac6623,,1,0,345,1
brfac6624,,1,0,377,1
brfac6625,,1,0,322,1
brfac6626,,1,0,320,1
brfac6627,,1,0,528,1
brfac6628,,1,0,346,1
brfac6629,,1,0,431,1
brfac663,,1,0,737,1
brfac6630,,1,0,330,1
brfac6631,,1,0,353,1
brfac6632,,1,0,341,1
brfac6633,,1,0,350,1
brfac6634,,1,0,345,1
brfac6635,,1,0,348,1
brfac6636,,1,0,323,1
brfac6637,,1,0,365,1
brfac6638,,1,0,356,1
brfac6639,,1,0,328,1
brfac664,,1,0,629,1
brfac6640,,1,0,330,1
brfac6641,,1,0,338,1
brfac6642,,1,0,398,1
brfac6643,,1,0,334,1
brfac6644,,1,0,333,1
brfac6645,,1,0,357,1
brfac6646,,1,0,349,1
brfac6647,,1,0,408,1
brfac6648,,1,0,428,1
brfac6649,,1,0,351,1
brfac665,,1,0,624,1
brfac6650,,1,0,347,1
brfac6651,,1,0,362,1
brfac6652,,1,0,320,1
brfac6653,,1,0,349,1
brfac6654,,1,0,336,1
brfac6655,,1,0,429,1
brfac6656,,1,0,393,1
brfac6657,,1,0,330,1
brfac6658,,1,0,330,1
brfac6659,,1,0,370,1
brfac666,,1,0,685,1
brfac6660,,1,0,430,1
brfac6661,,1,0,346,1
brfac6662,,1,0,339,1
brfac6663,,1,0,336,1
brfac6664,,1,0,380,1
brfac6665,,1,0,344,1
brfac6666,,1,0,343,1
brfac6667,,1,0,447,1
brfac6668,,1,0,428,1
brfac6669,,1,0,347,1
brfac667,,1,0,653,1
brfac6670,,1,0,343,1
brfac6671,,1,0,352,1
brfac6672,,1,0,338,1
brfac6673,,1,0,349,1
brfac6674,,1,0,350,1
brfac6675,,1,0,368,1
brfac6676,,1,0,338,1
brfac6677,,1,0,348,1
brfac6678,,1,0,423,1
brfac6679,,1,0,368,1
brfac668,,1,0,638,1
brfac6680,,1,0,340,1
brfac6681,,1,0,346,1
brfac6682,,1,0,428,1
brfac6683,,1,0,335,1
brfac6684,,1,0,348,1
brfac6685,,1,0,430,1
brfac6686,,1,0,356,1
brfac6687,,1,0,340,1
brfac6688,,1,0,421,1
brfac6689,,1,0,376,1
brfac669,,1,0,678,1
brfac6690,,1,0,419,1
brfac6691,,1,0,364,1
brfac6692,,1,0,342,1
brfac6693,,1,0,418,1
brfac6694,,1,0,437,1
brfac6695,,1,0,333,1
brfac6696,,1,0,390,1
brfac6697,,1,0,335,1
brfac6698,,1,0,341,1
brfac6699,,1,0,402,1
brfac67,,1,0,1176,1
brfac670,,1,0,616,1
brfac6700,,1,0,359,1
brfac6701,,1,0,456,1
brfac6702,,1,0,342,1
brfac6703,,1,0,440,1
brfac6704,,1,0,402,1
brfac6705,,1,0,319,1
brfac6706,,1,0,430,1
brfac6707,,1,0,350,1
brfac6708,,1,0,429,1
brfac6709,,1,0,355,1
brfac671,,1,0,610,1
brfac6710,,1,0,431,1
brfac6711,,1,0,347,1
brfac6712,,1,0,307,1
brfac6713,,1,0,350,1
brfac6714,,1,0,319,1
brfac6715,,1,0,340,1
brfac6716,,1,0,372,1
brfac6717,,1,0,330,1
brfac6718,,1,0,343,1
brfac6719,,1,0,344,1
brfac672,,1,0,710,1
brfac6720,,1,0,343,1
brfac6721,,1,0,429,1
brfac6722,,1,0,443,1
brfac6723,,1,0,379,1
brfac6724,,1,0,9,1
brfac6725,,1,0,335,1
brfac6726,,1,0,328,1
brfac6727,,1,0,450,1
brfac6728,,1,0,553,1
brfac6729,,1,0,348,1
brfac673,,1,0,616,1
brfac6730,,1,0,341,1
brfac6731,,1,0,334,1
brfac6732,,1,0,335,1
brfac6733,,1,0,446,1
brfac6734,,1,0,343,1
brfac6735,,1,0,444,1
brfac6736,,1,0,431,1
brfac6737,,1,0,433,1
brfac6738,,1,0,331,1
brfac6739,,1,0,456,1
brfac674,,1,0,637,1
brfac6740,,1,0,333,1
brfac6741,,1,0,351,1
brfac6742,,1,0,315,1
brfac6743,,1,0,431,1
brfac6744,,1,0,337,1
brfac6745,,1,0,340,1
brfac6746,,1,0,359,1
brfac6747,,1,0,434,1
brfac6748,,1,0,345,1
brfac6749,,1,0,348,1
brfac675,,1,0,898,1
brfac6750,,1,0,440,1
brfac6751,,1,0,335,1
brfac6752,,1,0,405,1
brfac6753,,1,0,325,1
brfac6754,,1,0,346,1
brfac6755,,1,0,344,1
brfac6756,,1,0,355,1
brfac6757,,1,0,352,1
brfac6758,,1,0,342,1
brfac6759,,1,0,330,1
brfac6760,,1,0,447,1
brfac6761,,1,0,348,1
brfac6762,,1,0,431,1
brfac6763,,1,0,458,1
brfac6764,,1,0,444,1
brfac6765,,1,0,342,1
brfac6766,,1,0,341,1
brfac6767,,1,0,435,1
brfac6768,,1,0,459,1
brfac6769,,1,0,332,1
brfac677,,1,0,641,1
brfac6770,,1,0,321,1
brfac6771,,1,0,340,1
brfac6772,,1,0,351,1
brfac6773,,1,0,316,1
brfac6774,,1,0,346,1
brfac6775,,1,0,421,1
brfac6776,,1,0,429,1
brfac6777,,1,0,331,1
brfac6778,,1,0,431,1
brfac6779,,1,0,367,1
brfac678,,1,0,571,1
brfac6780,,1,0,361,1
brfac6781,,1,0,380,1
brfac6782,,1,0,333,1
brfac6783,,1,0,403,1
brfac6784,,1,0,372,1
brfac6785,,1,0,356,1
brfac6786,,1,0,330,1
brfac6787,,1,0,332,1
brfac6788,,1,0,312,1
brfac6789,,1,0,327,1
brfac679,,1,0,600,1
brfac6790,,1,0,331,1
brfac6791,,1,0,355,1
brfac6792,,1,0,334,1
brfac6793,,1,0,469,1
brfac6794,,1,0,339,1
brfac6795,,1,0,336,1
brfac6796,,1,0,328,1
brfac6797,,1,0,429,1
brfac6798,,1,0,436,1
brfac6799,,1,0,337,1
brfac68,,1,0,1198,1
brfac680,,1,0,667,1
brfac6800,,1,0,342,1
brfac6801,,1,0,346,1
brfac6802,,1,0,339,1
brfac6803,,1,0,351,1
brfac6804,,1,0,371,1
brfac6805,,1,0,342,1
brfac6806,,1,0,344,1
brfac6807,,1,0,322,1
brfac6808,,1,0,334,1
brfac6809,,1,0,353,1
brfac681,,1,0,619,1
brfac6810,,1,0,353,1
brfac6811,,1,0,344,1
brfac6812,,1,0,338,1
brfac6813,,1,0,342,1
brfac6814,,1,0,333,1
brfac6815,,1,0,319,1
brfac6816,,1,0,386,1
brfac6817,,1,0,344,1
brfac6818,,1,0,330,1
brfac6819,,1,0,327,1
brfac682,,1,0,619,1
brfac6820,,1,0,436,1
brfac6821,,1,0,346,1
brfac6822,,1,0,326,1
brfac6823,,1,0,354,1
brfac6824,,1,0,328,1
brfac6825,,1,0,330,1
brfac6826,,1,0,326,1
brfac6827,,1,0,368,1
brfac6828,,1,0,363,1
brfac6829,,1,0,350,1
brfac683,,1,0,649,1
brfac6830,,1,0,337,1
brfac6831,,1,0,331,1
brfac6832,,1,0,356,1
brfac6833,,1,0,355,1
brfac6834,,1,0,337,1
brfac6835,,1,0,335,1
brfac6836,,1,0,320,1
brfac6837,,1,0,338,1
brfac6838,,1,0,325,1
brfac6839,,1,0,315,1
brfac684,,1,0,731,1
brfac6840,,1,0,332,1
brfac6841,,1,0,363,1
brfac6842,,1,0,353,1
brfac6843,,1,0,336,1
brfac6844,,1,0,445,1
brfac6845,,1,0,406,1
brfac6846,,1,0,340,1
brfac6847,,1,0,361,1
brfac6848,,1,0,358,1
brfac6849,,1,0,342,1
brfac685,,1,0,624,1
brfac6850,,1,0,377,1
brfac6851,,1,0,325,1
brfac6852,,1,0,336,1
brfac6853,,1,0,356,1
brfac6854,,1,0,352,1
brfac6855,,1,0,350,1
brfac6856,,1,0,347,1
brfac6857,,1,0,369,1
brfac6858,,1,0,333,1
brfac686,,1,0,730,1
brfac6860,,1,0,446,1
brfac6861,,1,0,318,1
brfac6862,,1,0,326,1
brfac6863,,1,0,364,1
brfac6864,,1,0,329,1
brfac6865,,1,0,335,1
brfac6866,,1,0,434,1
brfac6867,,1,0,415,1
brfac6868,,1,0,347,1
brfac6869,,1,0,361,1
brfac687,,1,0,677,1
brfac6870,,1,0,439,1
brfac6871,,1,0,365,1
brfac6872,,1,0,325,1
brfac6873,,1,0,322,1
brfac6874,,1,0,326,1
brfac6875,,1,0,456,1
brfac6876,,1,0,348,1
brfac6877,,1,0,360,1
brfac6878,,1,0,425,1
brfac6879,,1,0,337,1
brfac688,,1,0,704,1
brfac6880,,1,0,337,1
brfac6881,,1,0,332,1
brfac6882,,1,0,344,1
brfac6883,,1,0,351,1
brfac6884,,1,0,332,1
brfac6885,,1,0,441,1
brfac6886,,1,0,339,1
brfac6887,,1,0,323,1
brfac6888,,1,0,343,1
brfac689,,1,0,624,1
brfac6890,,1,0,335,1
brfac6891,,1,0,335,1
brfac6892,,1,0,350,1
brfac6893,,1,0,320,1
brfac6894,,1,0,328,1
brfac6895,,1,0,338,1
brfac6896,,1,0,350,1
brfac6897,,1,0,346,1
brfac6898,,1,0,408,1
brfac6899,,1,0,451,1
brfac69,,1,0,1176,1
brfac690,,1,0,659,1
brfac6900,,1,0,329,1
brfac6901,,1,0,423,1
brfac6902,,1,0,330,1
brfac6903,,1,0,432,1
brfac6904,,1,0,344,1
brfac6905,,1,0,332,1
brfac6906,,1,0,332,1
brfac6907,,1,0,362,1
brfac6908,,1,0,315,1
brfac6909,,1,0,339,1
brfac691,,1,0,649,1
brfac6910,,1,0,437,1
brfac6911,,1,0,346,1
brfac6912,,1,0,517,1
brfac6913,,1,0,336,1
brfac6914,,1,0,346,1
brfac6915,,1,0,355,1
brfac6916,,1,0,338,1
brfac6917,,1,0,361,1
brfac6918,,1,0,324,1
brfac6919,,1,0,338,1
brfac692,,1,0,620,1
brfac6920,,1,0,360,1
brfac6921,,1,0,331,1
brfac6922,,1,0,321,1
brfac6923,,1,0,347,1
brfac6924,,1,0,360,1
brfac6925,,1,0,342,1
brfac6926,,1,0,349,1
brfac6927,,1,0,333,1
brfac6928,,1,0,441,1
brfac6929,,1,0,355,1
brfac693,,1,0,658,1
brfac6930,,1,0,319,1
brfac6931,,1,0,346,1
brfac6932,,1,0,337,1
brfac6933,,1,0,332,1
brfac6934,,1,0,325,1
brfac6935,,1,0,340,1
brfac6936,,1,0,465,1
brfac6937,,1,0,333,1
brfac6938,,1,0,439,1
brfac6939,,1,0,340,1
brfac694,,1,0,637,1
brfac6940,,1,0,336,1
brfac6941,,1,0,333,1
brfac6942,,1,0,434,1
brfac6943,,1,0,429,1
brfac6944,,1,0,394,1
brfac6945,,1,0,343,1
brfac6946,,1,0,351,1
brfac6947,,1,0,357,1
brfac6948,,1,0,436,1
brfac6949,,1,0,361,1
brfac695,,1,0,665,1
brfac6950,,1,0,429,1
brfac6951,,1,0,444,1
brfac6952,,1,0,357,1
brfac6953,,1,0,316,1
brfac6954,,1,0,335,1
brfac6955,,1,0,443,1
brfac6956,,1,0,361,1
brfac6957,,1,0,346,1
brfac6958,,1,0,399,1
brfac6959,,1,0,366,1
brfac696,,1,0,658,1
brfac6960,,1,0,398,1
brfac6961,,1,0,349,1
brfac6962,,1,0,510,1
brfac6963,,1,0,328,1
brfac6964,,1,0,318,1
brfac6965,,1,0,357,1
brfac6966,,1,0,377,1
brfac6967,,1,0,348,1
brfac6968,,1,0,322,1
brfac6969,,1,0,340,1
brfac697,,1,0,625,1
brfac6970,,1,0,347,1
brfac6971,,1,0,370,1
brfac6972,,1,0,324,1
brfac6973,,1,0,419,1
brfac6974,,1,0,430,1
brfac6975,,1,0,402,1
brfac6976,,1,0,340,1
brfac6977,,1,0,337,1
brfac6978,,1,0,307,1
brfac6979,,1,0,338,1
brfac698,,1,0,607,1
brfac6980,,1,0,348,1
brfac6981,,1,0,332,1
brfac6982,,1,0,347,1
brfac6983,,1,0,355,1
brfac6984,,1,0,354,1
brfac6985,,1,0,335,1
brfac6986,,1,0,421,1
brfac6987,,1,0,361,1
brfac6988,,1,0,345,1
brfac6989,,1,0,331,1
brfac699,,1,0,594,1
brfac6990,,1,0,345,1
brfac6991,,1,0,341,1
brfac6992,,1,0,338,1
brfac6993,,1,0,330,1
brfac6994,,1,0,332,1
brfac6995,,1,0,325,1
brfac6996,,1,0,321,1
brfac6997,,1,0,348,1
brfac6998,,1,0,438,1
brfac6999,,1,0,343,1
brfac7,,1,0,4609,1
brfac70,,1,0,1210,1
brfac700,,1,0,795,1
brfac7000,,1,0,402,1
brfac7001,,1,0,361,1
brfac7002,,1,0,336,1
brfac7003,,1,0,355,1
brfac7004,,1,0,343,1
brfac7005,,1,0,327,1
brfac7006,,1,0,418,1
brfac7007,,1,0,387,1
brfac7008,,1,0,392,1
brfac7009,,1,0,328,1
brfac701,,1,0,595,1
brfac7010,,1,0,360,1
brfac7011,,1,0,342,1
brfac7012,,1,0,339,1
brfac7013,,1,0,324,1
brfac7014,,1,0,345,1
brfac7015,,1,0,314,1
brfac7016,,1,0,368,1
brfac7017,,1,0,424,1
brfac7018,,1,0,360,1
brfac7019,,1,0,338,1
brfac702,,1,0,708,1
brfac7020,,1,0,406,1
brfac7021,,1,0,348,1
brfac7022,,1,0,332,1
brfac7023,,1,0,327,1
brfac7024,,1,0,331,1
brfac7025,,1,0,344,1
brfac7026,,1,0,318,1
brfac7027,,1,0,368,1
brfac7028,,1,0,333,1
brfac7029,,1,0,335,1
brfac703,,1,0,630,1
brfac7030,,1,0,435,1
brfac7031,,1,0,335,1
brfac7032,,1,0,377,1
brfac7033,,1,0,442,1
brfac7034,,1,0,329,1
brfac7035,,1,0,332,1
brfac7036,,1,0,338,1
brfac7037,,1,0,448,1
brfac7038,,1,0,344,1
brfac7039,,1,0,369,1
brfac704,,1,0,745,1
brfac7040,,1,0,384,1
brfac7041,,1,0,342,1
brfac7042,,1,0,320,1
brfac7043,,1,0,342,1
brfac7044,,1,0,333,1
brfac7045,,1,0,443,1
brfac7046,,1,0,337,1
brfac7047,,1,0,391,1
brfac7048,,1,0,377,1
brfac7049,,1,0,438,1
brfac705,,1,0,648,1
brfac7050,,1,0,336,1
brfac7051,,1,0,327,1
brfac7052,,1,0,335,1
brfac7053,,1,0,340,1
brfac7054,,1,0,349,1
brfac7055,,1,0,332,1
brfac7056,,1,0,9,1
brfac7057,,1,0,370,1
brfac7058,,1,0,335,1
brfac7059,,1,0,318,1
brfac706,,1,0,707,1
brfac7060,,1,0,324,1
brfac7061,,1,0,351,1
brfac7062,,1,0,338,1
brfac7063,,1,0,345,1
brfac7064,,1,0,353,1
brfac7065,,1,0,350,1
brfac7066,,1,0,331,1
brfac7067,,1,0,313,1
brfac7068,,1,0,435,1
brfac7069,,1,0,350,1
brfac707,,1,0,613,1
brfac7070,,1,0,330,1
brfac7071,,1,0,336,1
brfac7072,,1,0,340,1
brfac7073,,1,0,348,1
brfac7074,,1,0,369,1
brfac7075,,1,0,331,1
brfac7076,,1,0,314,1
brfac7077,,1,0,318,1
brfac7078,,1,0,342,1
brfac7079,,1,0,351,1
brfac708,,1,0,599,1
brfac7080,,1,0,316,1
brfac7081,,1,0,318,1
brfac7082,,1,0,360,1
brfac7083,,1,0,335,1
brfac7084,,1,0,343,1
brfac7085,,1,0,328,1
brfac7086,,1,0,317,1
brfac7087,,1,0,325,1
brfac7088,,1,0,341,1
brfac7089,,1,0,341,1
brfac709,,1,0,636,1
brfac7090,,1,0,340,1
brfac7091,,1,0,330,1
brfac7092,,1,0,328,1
brfac7093,,1,0,334,1
brfac7094,,1,0,346,1
brfac7095,,1,0,422,1
brfac7096,,1,0,358,1
brfac7097,,1,0,341,1
brfac7098,,1,0,431,1
brfac7099,,1,0,347,1
brfac71,,1,0,1180,1
brfac710,,1,0,578,1
brfac7100,,1,0,382,1
brfac7101,,1,0,344,1
brfac7102,,1,0,323,1
brfac7103,,1,0,352,1
brfac7104,,1,0,434,1
brfac7105,,1,0,333,1
brfac7106,,1,0,332,1
brfac7107,,1,0,333,1
brfac7108,,1,0,331,1
brfac7109,,1,0,367,1
brfac711,,1,0,675,1
brfac7110,,1,0,355,1
brfac7111,,1,0,347,1
brfac7112,,1,0,436,1
brfac7113,,1,0,327,1
brfac7114,,1,0,340,1
brfac7115,,1,0,331,1
brfac7116,,1,0,353,1
brfac7117,,1,0,335,1
brfac7118,,1,0,317,1
brfac7119,,1,0,327,1
brfac712,,1,0,600,1
brfac7120,,1,0,317,1
brfac7121,,1,0,446,1
brfac7122,,1,0,337,1
brfac7123,,1,0,349,1
brfac7124,,1,0,335,1
brfac7125,,1,0,337,1
brfac7126,,1,0,332,1
brfac7127,,1,0,355,1
brfac7128,,1,0,374,1
brfac7129,,1,0,454,1
brfac713,,1,0,598,1
brfac7130,,1,0,339,1
brfac7131,,1,0,340,1
brfac7132,,1,0,425,1
brfac7133,,1,0,323,1
brfac7134,,1,0,355,1
brfac7135,,1,0,343,1
brfac7136,,1,0,337,1
brfac7137,,1,0,435,1
brfac7138,,1,0,321,1
brfac7139,,1,0,393,1
brfac714,,1,0,656,1
brfac7140,,1,0,325,1
brfac7141,,1,0,341,1
brfac7142,,1,0,345,1
brfac7143,,1,0,335,1
brfac7144,,1,0,418,1
brfac7145,,1,0,313,1
brfac7146,,1,0,335,1
brfac7147,,1,0,337,1
brfac7148,,1,0,431,1
brfac7149,,1,0,342,1
brfac715,,1,0,600,1
brfac7150,,1,0,432,1
brfac7151,,1,0,348,1
brfac7152,,1,0,428,1
brfac7153,,1,0,343,1
brfac7154,,1,0,393,1
brfac7155,,1,0,343,1
brfac7156,,1,0,317,1
brfac7157,,1,0,330,1
brfac7158,,1,0,316,1
brfac7159,,1,0,346,1
brfac716,,1,0,625,1
brfac7160,,1,0,331,1
brfac7161,,1,0,341,1
brfac7162,,1,0,344,1
brfac7163,,1,0,335,1
brfac7164,,1,0,428,1
brfac7165,,1,0,334,1
brfac7166,,1,0,420,1
brfac7167,,1,0,352,1
brfac7168,,1,0,458,1
brfac7169,,1,0,340,1
brfac717,,1,0,617,1
brfac7170,,1,0,341,1
brfac7171,,1,0,347,1
brfac7172,,1,0,325,1
brfac7173,,1,0,342,1
brfac7174,,1,0,334,1
brfac7175,,1,0,346,1
brfac7176,,1,0,370,1
brfac7177,,1,0,373,1
brfac7178,,1,0,360,1
brfac7179,,1,0,358,1
brfac718,,1,0,674,1
brfac7180,,1,0,421,1
brfac7181,,1,0,333,1
brfac7182,,1,0,329,1
brfac7183,,1,0,326,1
brfac7184,,1,0,343,1
brfac7185,,1,0,327,1
brfac7186,,1,0,336,1
brfac7187,,1,0,340,1
brfac7188,,1,0,316,1
brfac7189,,1,0,351,1
brfac719,,1,0,657,1
brfac7190,,1,0,325,1
brfac7191,,1,0,334,1
brfac7192,,1,0,436,1
brfac7193,,1,0,353,1
brfac7194,,1,0,329,1
brfac7195,,1,0,346,1
brfac7196,,1,0,339,1
brfac7197,,1,0,318,1
brfac7198,,1,0,337,1
brfac7199,,1,0,327,1
brfac72,,1,0,1459,1
brfac720,,1,0,713,1
brfac7200,,1,0,501,1
brfac7201,,1,0,341,1
brfac7202,,1,0,333,1
brfac7203,,1,0,525,1
brfac7204,,1,0,435,1
brfac7205,,1,0,333,1
brfac7206,,1,0,430,1
brfac7207,,1,0,356,1
brfac7208,,1,0,439,1
brfac7209,,1,0,428,1
brfac721,,1,0,615,1
brfac7210,,1,0,331,1
brfac7211,,1,0,457,1
brfac7212,,1,0,341,1
brfac7213,,1,0,458,1
brfac7214,,1,0,331,1
brfac7215,,1,0,416,1
brfac7216,,1,0,437,1
brfac7217,,1,0,322,1
brfac7218,,1,0,342,1
brfac7219,,1,0,362,1
brfac722,,1,0,903,1
brfac7220,,1,0,392,1
brfac7221,,1,0,328,1
brfac7222,,1,0,346,1
brfac7223,,1,0,318,1
brfac7224,,1,0,326,1
brfac7226,,1,0,429,1
brfac7227,,1,0,312,1
brfac7228,,1,0,433,1
brfac7229,,1,0,353,1
brfac723,,1,0,670,1
brfac7230,,1,0,327,1
brfac7231,,1,0,340,1
brfac7232,,1,0,340,1
brfac7233,,1,0,340,1
brfac7234,,1,0,330,1
brfac7235,,1,0,441,1
brfac7236,,1,0,345,1
brfac7237,,1,0,347,1
brfac7238,,1,0,334,1
brfac7239,,1,0,321,1
brfac724,,1,0,644,1
brfac7240,,1,0,433,1
brfac7241,,1,0,325,1
brfac7242,,1,0,337,1
brfac7243,,1,0,360,1
brfac7244,,1,0,326,1
brfac7245,,1,0,345,1
brfac7246,,1,0,427,1
brfac7247,,1,0,358,1
brfac7248,,1,0,342,1
brfac7249,,1,0,321,1
brfac725,,1,0,615,1
brfac7250,,1,0,363,1
brfac7251,,1,0,351,1
brfac7252,,1,0,350,1
brfac7253,,1,0,362,1
brfac7254,,1,0,329,1
brfac7255,,1,0,429,1
brfac7256,,1,0,322,1
brfac7257,,1,0,341,1
brfac7258,,1,0,319,1
brfac7259,,1,0,321,1
brfac726,,1,0,792,1
brfac7260,,1,0,433,1
brfac7261,,1,0,424,1
brfac7262,,1,0,434,1
brfac7263,,1,0,325,1
brfac7264,,1,0,434,1
brfac7265,,1,0,436,1
brfac7266,,1,0,334,1
brfac7267,,1,0,407,1
brfac7268,,1,0,335,1
brfac7269,,1,0,324,1
brfac727,,1,0,638,1
brfac7270,,1,0,435,1
brfac7271,,1,0,347,1
brfac7272,,1,0,324,1
brfac7273,,1,0,332,1
brfac7274,,1,0,321,1
brfac7275,,1,0,329,1
brfac7276,,1,0,446,1
brfac7277,,1,0,333,1
brfac7278,,1,0,449,1
brfac7279,,1,0,337,1
brfac728,,1,0,677,1
brfac7280,,1,0,341,1
brfac7281,,1,0,334,1
brfac7282,,1,0,327,1
brfac7283,,1,0,343,1
brfac7284,,1,0,322,1
brfac7285,,1,0,322,1
brfac7286,,1,0,341,1
brfac7287,,1,0,338,1
brfac7288,,1,0,332,1
brfac7289,,1,0,441,1
brfac7290,,1,0,456,1
brfac7291,,1,0,345,1
brfac7292,,1,0,329,1
brfac7293,,1,0,323,1
brfac7294,,1,0,338,1
brfac7295,,1,0,340,1
brfac7296,,1,0,402,1
brfac7297,,1,0,366,1
brfac7298,,1,0,351,1
brfac7299,,1,0,427,1
brfac73,,1,0,1170,1
brfac730,,1,0,689,1
brfac7300,,1,0,342,1
brfac7301,,1,0,427,1
brfac7302,,1,0,440,1
brfac7303,,1,0,312,1
brfac7304,,1,0,345,1
brfac7305,,1,0,428,1
brfac7306,,1,0,426,1
brfac7307,,1,0,362,1
brfac7308,,1,0,336,1
brfac7309,,1,0,360,1
brfac731,,1,0,601,1
brfac7310,,1,0,342,1
brfac7311,,1,0,426,1
brfac7312,,1,0,349,1
brfac7313,,1,0,344,1
brfac7314,,1,0,331,1
brfac7315,,1,0,452,1
brfac7316,,1,0,310,1
brfac7317,,1,0,350,1
brfac7318,,1,0,330,1
brfac7319,,1,0,335,1
brfac732,,1,0,693,1
brfac7320,,1,0,340,1
brfac7321,,1,0,350,1
brfac7322,,1,0,328,1
brfac7323,,1,0,338,1
brfac7324,,1,0,326,1
brfac7325,,1,0,340,1
brfac7326,,1,0,346,1
brfac7327,,1,0,325,1
brfac7328,,1,0,348,1
brfac7329,,1,0,364,1
brfac733,,1,0,684,1
brfac7330,,1,0,349,1
brfac7331,,1,0,349,1
brfac7332,,1,0,334,1
brfac7333,,1,0,360,1
brfac7334,,1,0,337,1
brfac7335,,1,0,434,1
brfac7336,,1,0,382,1
brfac7337,,1,0,430,1
brfac7338,,1,0,334,1
brfac7339,,1,0,324,1
brfac734,,1,0,657,1
brfac7340,,1,0,441,1
brfac7341,,1,0,362,1
brfac7342,,1,0,324,1
brfac7343,,1,0,329,1
brfac7344,,1,0,387,1
brfac7345,,1,0,327,1
brfac7346,,1,0,340,1
brfac7347,,1,0,317,1
brfac7348,,1,0,345,1
brfac7349,,1,0,349,1
brfac735,,1,0,745,1
brfac7350,,1,0,470,1
brfac7351,,1,0,360,1
brfac7352,,1,0,353,1
brfac7353,,1,0,347,1
brfac7354,,1,0,338,1
brfac7355,,1,0,420,1
brfac7356,,1,0,314,1
brfac7357,,1,0,323,1
brfac7358,,1,0,338,1
brfac7359,,1,0,373,1
brfac736,,1,0,672,1
brfac7360,,1,0,437,1
brfac7361,,1,0,336,1
brfac7362,,1,0,326,1
brfac7363,,1,0,450,1
brfac7364,,1,0,313,1
brfac7365,,1,0,433,1
brfac7366,,1,0,325,1
brfac7367,,1,0,327,1
brfac7368,,1,0,432,1
brfac7369,,1,0,350,1
brfac737,,1,0,681,1
brfac7370,,1,0,343,1
brfac7371,,1,0,411,1
brfac7372,,1,0,324,1
brfac7373,,1,0,353,1
brfac7374,,1,0,338,1
brfac7375,,1,0,338,1
brfac7376,,1,0,430,1
brfac7377,,1,0,347,1
brfac7378,,1,0,331,1
brfac7379,,1,0,345,1
brfac738,,1,0,681,1
brfac7380,,1,0,432,1
brfac7381,,1,0,344,1
brfac7382,,1,0,361,1
brfac7383,,1,0,331,1
brfac7384,,1,0,438,1
brfac7385,,1,0,354,1
brfac7386,,1,0,334,1
brfac7387,,1,0,329,1
brfac7388,,1,0,324,1
brfac7389,,1,0,348,1
brfac739,,1,0,682,1
brfac7390,,1,0,358,1
brfac7391,,1,0,356,1
brfac7392,,1,0,402,1
brfac7393,,1,0,336,1
brfac7394,,1,0,324,1
brfac7395,,1,0,326,1
brfac7397,,1,0,328,1
brfac7398,,1,0,331,1
brfac7399,,1,0,345,1
brfac74,,1,0,1196,1
brfac740,,1,0,619,1
brfac7400,,1,0,371,1
brfac7401,,1,0,331,1
brfac7402,,1,0,334,1
brfac7403,,1,0,427,1
brfac7404,,1,0,438,1
brfac7405,,1,0,342,1
brfac7406,,1,0,444,1
brfac7407,,1,0,340,1
brfac7408,,1,0,348,1
brfac7409,,1,0,435,1
brfac741,,1,0,614,1
brfac7410,,1,0,318,1
brfac7411,,1,0,356,1
brfac7412,,1,0,325,1
brfac7413,,1,0,313,1
brfac7414,,1,0,320,1
brfac7415,,1,0,425,1
brfac7416,,1,0,327,1
brfac7417,,1,0,326,1
brfac7418,,1,0,329,1
brfac7419,,1,0,335,1
brfac742,,1,0,592,1
brfac7420,,1,0,443,1
brfac7421,,1,0,331,1
brfac7422,,1,0,429,1
brfac7423,,1,0,331,1
brfac7424,,1,0,437,1
brfac7425,,1,0,356,1
brfac7426,,1,0,333,1
brfac7427,,1,0,334,1
brfac7428,,1,0,342,1
brfac7429,,1,0,355,1
brfac743,,1,0,649,1
brfac7430,,1,0,340,1
brfac7431,,1,0,326,1
brfac7432,,1,0,332,1
brfac7433,,1,0,357,1
brfac7434,,1,0,330,1
brfac7435,,1,0,331,1
brfac7436,,1,0,411,1
brfac7437,,1,0,323,1
brfac7438,,1,0,352,1
brfac7439,,1,0,428,1
brfac744,,1,0,699,1
brfac7440,,1,0,327,1
brfac7441,,1,0,325,1
brfac7442,,1,0,523,1
brfac7443,,1,0,341,1
brfac7444,,1,0,307,1
brfac7445,,1,0,331,1
brfac7446,,1,0,342,1
brfac7447,,1,0,340,1
brfac7448,,1,0,393,1
brfac7449,,1,0,331,1
brfac745,,1,0,603,1
brfac7450,,1,0,352,1
brfac7451,,1,0,348,1
brfac7452,,1,0,433,1
brfac7453,,1,0,428,1
brfac7454,,1,0,339,1
brfac7455,,1,0,432,1
brfac7456,,1,0,353,1
brfac7457,,1,0,351,1
brfac7458,,1,0,331,1
brfac7459,,1,0,359,1
brfac746,,1,0,658,1
brfac7460,,1,0,328,1
brfac7461,,1,0,342,1
brfac7462,,1,0,428,1
brfac7463,,1,0,351,1
brfac7464,,1,0,333,1
brfac7465,,1,0,441,1
brfac7466,,1,0,420,1
brfac7467,,1,0,441,1
brfac7468,,1,0,347,1
brfac7469,,1,0,331,1
brfac747,,1,0,699,1
brfac7470,,1,0,347,1
brfac7471,,1,0,425,1
brfac7472,,1,0,441,1
brfac7473,,1,0,442,1
brfac7474,,1,0,320,1
brfac7475,,1,0,435,1
brfac7476,,1,0,309,1
brfac7477,,1,0,328,1
brfac7478,,1,0,336,1
brfac7479,,1,0,377,1
brfac748,,1,0,664,1
brfac7480,,1,0,333,1
brfac7481,,1,0,354,1
brfac7482,,1,0,313,1
brfac7483,,1,0,338,1
brfac7484,,1,0,330,1
brfac7485,,1,0,337,1
brfac7486,,1,0,335,1
brfac7487,,1,0,350,1
brfac7488,,1,0,343,1
brfac7489,,1,0,386,1
brfac749,,1,0,620,1
brfac7490,,1,0,343,1
brfac7491,,1,0,340,1
brfac7492,,1,0,343,1
brfac7493,,1,0,360,1
brfac7494,,1,0,334,1
brfac7495,,1,0,322,1
brfac7496,,1,0,332,1
brfac7497,,1,0,356,1
brfac7498,,1,0,434,1
brfac7499,,1,0,454,1
brfac75,,1,0,1405,1
brfac750,,1,0,730,1
brfac7500,,1,0,502,1
brfac7501,,1,0,327,1
brfac7502,,1,0,358,1
brfac7503,,1,0,333,1
brfac7504,,1,0,349,1
brfac7505,,1,0,336,1
brfac7506,,1,0,364,1
brfac7507,,1,0,341,1
brfac7508,,1,0,430,1
brfac7509,,1,0,316,1
brfac751,,1,0,621,1
brfac7510,,1,0,329,1
brfac7511,,1,0,340,1
brfac7512,,1,0,326,1
brfac7513,,1,0,342,1
brfac7514,,1,0,407,1
brfac7515,,1,0,341,1
brfac7516,,1,0,330,1
brfac7517,,1,0,346,1
brfac7518,,1,0,318,1
brfac7519,,1,0,444,1
brfac752,,1,0,699,1
brfac7520,,1,0,341,1
brfac7521,,1,0,429,1
brfac7522,,1,0,333,1
brfac7523,,1,0,448,1
brfac7524,,1,0,334,1
brfac7525,,1,0,340,1
brfac7526,,1,0,341,1
brfac7527,,1,0,340,1
brfac7528,,1,0,331,1
brfac7529,,1,0,375,1
brfac753,,1,0,692,1
brfac7530,,1,0,331,1
brfac7531,,1,0,345,1
brfac7532,,1,0,372,1
brfac7533,,1,0,329,1
brfac7534,,1,0,339,1
brfac7535,,1,0,453,1
brfac7536,,1,0,357,1
brfac7537,,1,0,371,1
brfac7538,,1,0,320,1
brfac7539,,1,0,430,1
brfac754,,1,0,598,1
brfac7540,,1,0,331,1
brfac7541,,1,0,373,1
brfac7542,,1,0,358,1
brfac7543,,1,0,348,1
brfac7544,,1,0,357,1
brfac7545,,1,0,342,1
brfac7546,,1,0,380,1
brfac7547,,1,0,354,1
brfac7548,,1,0,328,1
brfac7549,,1,0,350,1
brfac755,,1,0,626,1
brfac7550,,1,0,323,1
brfac7551,,1,0,321,1
brfac7552,,1,0,356,1
brfac7553,,1,0,349,1
brfac7554,,1,0,338,1
brfac7555,,1,0,329,1
brfac7556,,1,0,331,1
brfac7557,,1,0,457,1
brfac7558,,1,0,327,1
brfac7559,,1,0,381,1
brfac756,,1,0,648,1
brfac7560,,1,0,404,1
brfac7561,,1,0,456,1
brfac7562,,1,0,327,1
brfac7563,,1,0,335,1
brfac7564,,1,0,346,1
brfac7565,,1,0,350,1
brfac7566,,1,0,324,1
brfac7567,,1,0,363,1
brfac7568,,1,0,429,1
brfac757,,1,0,626,1
brfac7570,,1,0,340,1
brfac7571,,1,0,328,1
brfac7572,,1,0,426,1
brfac7573,,1,0,346,1
brfac7574,,1,0,347,1
brfac7575,,1,0,334,1
brfac7576,,1,0,322,1
brfac7577,,1,0,365,1
brfac7578,,1,0,428,1
brfac7579,,1,0,352,1
brfac758,,1,0,694,1
brfac7580,,1,0,425,1
brfac7581,,1,0,361,1
brfac7582,,1,0,422,1
brfac7583,,1,0,346,1
brfac7584,,1,0,341,1
brfac7585,,1,0,351,1
brfac7586,,1,0,321,1
brfac7587,,1,0,425,1
brfac7588,,1,0,331,1
brfac7589,,1,0,331,1
brfac759,,1,0,655,1
brfac7590,,1,0,330,1
brfac7591,,1,0,361,1
brfac7592,,1,0,387,1
brfac7593,,1,0,338,1
brfac7594,,1,0,341,1
brfac7595,,1,0,391,1
brfac7596,,1,0,337,1
brfac7597,,1,0,325,1
brfac7598,,1,0,328,1
brfac7599,,1,0,329,1
brfac76,,1,0,1196,1
brfac760,,1,0,606,1
brfac7600,,1,0,434,1
brfac7601,,1,0,326,1
brfac7602,,1,0,345,1
brfac7603,,1,0,356,1
brfac7604,,1,0,341,1
brfac7605,,1,0,389,1
brfac7606,,1,0,330,1
brfac7607,,1,0,448,1
brfac7608,,1,0,344,1
brfac7609,,1,0,327,1
brfac761,,1,0,631,1
brfac7610,,1,0,354,1
brfac7611,,1,0,423,1
brfac7612,,1,0,340,1
brfac7613,,1,0,342,1
brfac7614,,1,0,374,1
brfac7615,,1,0,344,1
brfac7616,,1,0,412,1
brfac7617,,1,0,333,1
brfac7618,,1,0,334,1
brfac7619,,1,0,341,1
brfac762,,1,0,652,1
brfac7620,,1,0,336,1
brfac7621,,1,0,358,1
brfac7622,,1,0,423,1
brfac7623,,1,0,465,1
brfac7624,,1,0,334,1
brfac7625,,1,0,442,1
brfac7626,,1,0,328,1
brfac7627,,1,0,338,1
brfac7628,,1,0,327,1
brfac7629,,1,0,343,1
brfac763,,1,0,622,1
brfac7630,,1,0,337,1
brfac7631,,1,0,333,1
brfac7632,,1,0,319,1
brfac7633,,1,0,321,1
brfac7634,,1,0,344,1
brfac7635,,1,0,348,1
brfac7636,,1,0,341,1
brfac7637,,1,0,340,1
brfac7638,,1,0,323,1
brfac7639,,1,0,355,1
brfac764,,1,0,614,1
brfac7640,,1,0,316,1
brfac7641,,1,0,343,1
brfac7642,,1,0,309,1
brfac7643,,1,0,372,1
brfac7644,,1,0,385,1
brfac7645,,1,0,325,1
brfac7646,,1,0,345,1
brfac7647,,1,0,350,1
brfac7648,,1,0,353,1
brfac7649,,1,0,343,1
brfac765,,1,0,632,1
brfac7650,,1,0,380,1
brfac7651,,1,0,345,1
brfac7652,,1,0,332,1
brfac7653,,1,0,337,1
brfac7654,,1,0,330,1
brfac7655,,1,0,326,1
brfac7656,,1,0,375,1
brfac7657,,1,0,325,1
brfac7658,,1,0,338,1
brfac7659,,1,0,312,1
brfac766,,1,0,580,1
brfac7660,,1,0,432,1
brfac7661,,1,0,352,1
brfac7662,,1,0,342,1
brfac7663,,1,0,324,1
brfac7664,,1,0,332,1
brfac7665,,1,0,426,1
brfac7666,,1,0,321,1
brfac7667,,1,0,347,1
brfac7668,,1,0,437,1
brfac7669,,1,0,344,1
brfac767,,1,0,655,1
brfac7670,,1,0,339,1
brfac7671,,1,0,418,1
brfac7672,,1,0,337,1
brfac7673,,1,0,349,1
brfac7674,,1,0,319,1
brfac7675,,1,0,339,1
brfac7676,,1,0,347,1
brfac7677,,1,0,341,1
brfac7678,,1,0,332,1
brfac7679,,1,0,335,1
brfac768,,1,0,917,1
brfac7680,,1,0,428,1
brfac7681,,1,0,359,1
brfac7682,,1,0,331,1
brfac7683,,1,0,333,1
brfac7684,,1,0,341,1
brfac7685,,1,0,338,1
brfac7686,,1,0,316,1
brfac7687,,1,0,455,1
brfac7688,,1,0,553,1
brfac7689,,1,0,326,1
brfac769,,1,0,683,1
brfac7690,,1,0,314,1
brfac7691,,1,0,370,1
brfac7692,,1,0,343,1
brfac7693,,1,0,332,1
brfac7694,,1,0,329,1
brfac7695,,1,0,359,1
brfac7696,,1,0,324,1
brfac7697,,1,0,426,1
brfac7698,,1,0,336,1
brfac7699,,1,0,367,1
brfac77,,1,0,1138,1
brfac770,,1,0,652,1
brfac7700,,1,0,339,1
brfac7701,,1,0,343,1
brfac7702,,1,0,425,1
brfac7703,,1,0,448,1
brfac7704,,1,0,347,1
brfac7705,,1,0,336,1
brfac7706,,1,0,316,1
brfac7707,,1,0,321,1
brfac7708,,1,0,432,1
brfac7709,,1,0,420,1
brfac771,,1,0,604,1
brfac7710,,1,0,351,1
brfac7711,,1,0,329,1
brfac7712,,1,0,354,1
brfac7713,,1,0,441,1
brfac7714,,1,0,327,1
brfac7715,,1,0,426,1
brfac7716,,1,0,432,1
brfac7717,,1,0,349,1
brfac7718,,1,0,326,1
brfac7719,,1,0,357,1
brfac772,,1,0,643,1
brfac7720,,1,0,341,1
brfac7721,,1,0,339,1
brfac7722,,1,0,359,1
brfac7723,,1,0,345,1
brfac7724,,1,0,326,1
brfac7725,,1,0,321,1
brfac7726,,1,0,342,1
brfac7727,,1,0,349,1
brfac7728,,1,0,324,1
brfac7729,,1,0,327,1
brfac773,,1,0,634,1
brfac7730,,1,0,347,1
brfac7731,,1,0,354,1
brfac7732,,1,0,334,1
brfac7733,,1,0,353,1
brfac7734,,1,0,338,1
brfac7735,,1,0,332,1
brfac7736,,1,0,340,1
brfac7737,,1,0,440,1
brfac7738,,1,0,322,1
brfac7739,,1,0,435,1
brfac774,,1,0,707,1
brfac7740,,1,0,347,1
brfac7741,,1,0,345,1
brfac7742,,1,0,432,1
brfac7743,,1,0,326,1
brfac7744,,1,0,9,1
brfac7745,,1,0,328,1
brfac7746,,1,0,344,1
brfac7747,,1,0,353,1
brfac7748,,1,0,335,1
brfac7749,,1,0,436,1
brfac775,,1,0,721,1
brfac7750,,1,0,356,1
brfac7751,,1,0,332,1
brfac7752,,1,0,328,1
brfac7753,,1,0,365,1
brfac7754,,1,0,344,1
brfac7755,,1,0,342,1
brfac7756,,1,0,333,1
brfac7757,,1,0,358,1
brfac7758,,1,0,321,1
brfac7759,,1,0,455,1
brfac776,,1,0,705,1
brfac7760,,1,0,326,1
brfac7761,,1,0,335,1
brfac7762,,1,0,423,1
brfac7763,,1,0,337,1
brfac7764,,1,0,425,1
brfac7765,,1,0,325,1
brfac7766,,1,0,347,1
brfac7767,,1,0,351,1
brfac7768,,1,0,326,1
brfac7769,,1,0,445,1
brfac777,,1,0,676,1
brfac7770,,1,0,419,1
brfac7771,,1,0,343,1
brfac7772,,1,0,332,1
brfac7773,,1,0,419,1
brfac7774,,1,0,419,1
brfac7775,,1,0,351,1
brfac7777,,1,0,424,1
brfac7778,,1,0,334,1
brfac7779,,1,0,350,1
brfac778,,1,0,614,1
brfac7780,,1,0,340,1
brfac7781,,1,0,327,1
brfac7782,,1,0,342,1
brfac7783,,1,0,425,1
brfac7784,,1,0,363,1
brfac7785,,1,0,332,1
brfac7786,,1,0,310,1
brfac7787,,1,0,326,1
brfac7788,,1,0,377,1
brfac7789,,1,0,342,1
brfac779,,1,0,622,1
brfac7790,,1,0,342,1
brfac7791,,1,0,370,1
brfac7792,,1,0,426,1
brfac7793,,1,0,354,1
brfac7794,,1,0,359,1
brfac7795,,1,0,356,1
brfac7796,,1,0,331,1
brfac7797,,1,0,319,1
brfac7798,,1,0,337,1
brfac7799,,1,0,343,1
brfac78,,1,0,1188,1
brfac780,,1,0,724,1
brfac7800,,1,0,401,1
brfac7801,,1,0,358,1
brfac7802,,1,0,437,1
brfac7803,,1,0,535,1
brfac7804,,1,0,335,1
brfac7805,,1,0,336,1
brfac7806,,1,0,326,1
brfac7807,,1,0,323,1
brfac7808,,1,0,330,1
brfac7809,,1,0,348,1
brfac781,,1,0,683,1
brfac7810,,1,0,317,1
brfac7811,,1,0,420,1
brfac7812,,1,0,348,1
brfac7813,,1,0,332,1
brfac7814,,1,0,310,1
brfac7815,,1,0,341,1
brfac7816,,1,0,429,1
brfac7817,,1,0,336,1
brfac7818,,1,0,352,1
brfac7819,,1,0,435,1
brfac782,,1,0,609,1
brfac7820,,1,0,337,1
brfac7821,,1,0,351,1
brfac7822,,1,0,343,1
brfac7823,,1,0,376,1
brfac7824,,1,0,432,1
brfac7825,,1,0,343,1
brfac7826,,1,0,329,1
brfac7827,,1,0,344,1
brfac7828,,1,0,314,1
brfac7829,,1,0,351,1
brfac783,,1,0,727,1
brfac7830,,1,0,327,1
brfac7831,,1,0,436,1
brfac7832,,1,0,344,1
brfac7833,,1,0,328,1
brfac7834,,1,0,333,1
brfac7835,,1,0,324,1
brfac7836,,1,0,340,1
brfac7837,,1,0,354,1
brfac7838,,1,0,344,1
brfac7839,,1,0,325,1
brfac7840,,1,0,438,1
brfac7841,,1,0,376,1
brfac7842,,1,0,344,1
brfac7843,,1,0,340,1
brfac7844,,1,0,316,1
brfac7845,,1,0,330,1
brfac7846,,1,0,337,1
brfac7847,,1,0,349,1
brfac7848,,1,0,333,1
brfac7849,,1,0,333,1
brfac785,,1,0,618,1
brfac7850,,1,0,441,1
brfac7851,,1,0,334,1
brfac7852,,1,0,342,1
brfac7853,,1,0,353,1
brfac7854,,1,0,333,1
brfac7855,,1,0,333,1
brfac7856,,1,0,339,1
brfac7857,,1,0,342,1
brfac7858,,1,0,443,1
brfac7859,,1,0,337,1
brfac786,,1,0,647,1
brfac7860,,1,0,346,1
brfac7861,,1,0,347,1
brfac7862,,1,0,419,1
brfac7863,,1,0,320,1
brfac7864,,1,0,326,1
brfac7865,,1,0,440,1
brfac7866,,1,0,315,1
brfac7867,,1,0,379,1
brfac7868,,1,0,324,1
brfac7869,,1,0,329,1
brfac787,,1,0,623,1
brfac7870,,1,0,351,1
brfac7871,,1,0,344,1
brfac7872,,1,0,377,1
brfac7873,,1,0,359,1
brfac7874,,1,0,438,1
brfac7875,,1,0,432,1
brfac7876,,1,0,327,1
brfac7877,,1,0,350,1
brfac7878,,1,0,326,1
brfac7879,,1,0,370,1
brfac788,,1,0,640,1
brfac7880,,1,0,326,1
brfac7881,,1,0,349,1
brfac7882,,1,0,329,1
brfac7883,,1,0,358,1
brfac7884,,1,0,412,1
brfac7885,,1,0,339,1
brfac7886,,1,0,434,1
brfac7887,,1,0,355,1
brfac7888,,1,0,353,1
brfac7889,,1,0,327,1
brfac789,,1,0,606,1
brfac7890,,1,0,323,1
brfac7891,,1,0,355,1
brfac7892,,1,0,429,1
brfac7893,,1,0,349,1
brfac7894,,1,0,342,1
brfac7895,,1,0,329,1
brfac7896,,1,0,333,1
brfac7897,,1,0,337,1
brfac7898,,1,0,330,1
brfac7899,,1,0,423,1
brfac79,,1,0,1133,1
brfac790,,1,0,690,1
brfac7900,,1,0,373,1
brfac7901,,1,0,333,1
brfac7902,,1,0,332,1
brfac7903,,1,0,346,1
brfac7904,,1,0,338,1
brfac7905,,1,0,338,1
brfac7906,,1,0,329,1
brfac7907,,1,0,353,1
brfac7908,,1,0,329,1
brfac7909,,1,0,327,1
brfac791,,1,0,654,1
brfac7910,,1,0,331,1
brfac7911,,1,0,389,1
brfac7912,,1,0,351,1
brfac7913,,1,0,335,1
brfac7914,,1,0,335,1
brfac7915,,1,0,448,1
brfac7916,,1,0,342,1
brfac7917,,1,0,341,1
brfac7918,,1,0,339,1
brfac7919,,1,0,436,1
brfac792,,1,0,745,1
brfac7920,,1,0,335,1
brfac7922,,1,0,335,1
brfac7923,,1,0,333,1
brfac7924,,1,0,350,1
brfac7925,,1,0,327,1
brfac7926,,1,0,446,1
brfac7927,,1,0,369,1
brfac7928,,1,0,334,1
brfac7929,,1,0,316,1
brfac793,,1,0,611,1
brfac7930,,1,0,349,1
brfac7931,,1,0,347,1
brfac7932,,1,0,314,1
brfac7933,,1,0,425,1
brfac7934,,1,0,352,1
brfac7935,,1,0,437,1
brfac7936,,1,0,370,1
brfac7937,,1,0,354,1
brfac7938,,1,0,535,1
brfac7939,,1,0,336,1
brfac794,,1,0,681,1
brfac7940,,1,0,333,1
brfac7941,,1,0,342,1
brfac7942,,1,0,442,1
brfac7943,,1,0,451,1
brfac7944,,1,0,322,1
brfac7945,,1,0,327,1
brfac7946,,1,0,438,1
brfac7947,,1,0,328,1
brfac7948,,1,0,328,1
brfac7949,,1,0,345,1
brfac795,,1,0,604,1
brfac7950,,1,0,440,1
brfac7951,,1,0,387,1
brfac7952,,1,0,351,1
brfac7953,,1,0,353,1
brfac7954,,1,0,333,1
brfac7955,,1,0,334,1
brfac7956,,1,0,331,1
brfac7957,,1,0,432,1
brfac7958,,1,0,345,1
brfac7959,,1,0,312,1
brfac796,,1,0,659,1
brfac7960,,1,0,346,1
brfac7961,,1,0,433,1
brfac7962,,1,0,428,1
brfac7963,,1,0,449,1
brfac7964,,1,0,341,1
brfac7965,,1,0,319,1
brfac7966,,1,0,345,1
brfac7967,,1,0,332,1
brfac7968,,1,0,346,1
brfac7969,,1,0,326,1
brfac797,,1,0,712,1
brfac7970,,1,0,339,1
brfac7971,,1,0,314,1
brfac7972,,1,0,345,1
brfac7973,,1,0,339,1
brfac7974,,1,0,315,1
brfac7975,,1,0,426,1
brfac7976,,1,0,329,1
brfac7977,,1,0,343,1
brfac7978,,1,0,315,1
brfac7979,,1,0,433,1
brfac798,,1,0,647,1
brfac7980,,1,0,328,1
brfac7981,,1,0,342,1
brfac7982,,1,0,325,1
brfac7983,,1,0,335,1
brfac7984,,1,0,436,1
brfac7985,,1,0,440,1
brfac7986,,1,0,432,1
brfac7987,,1,0,449,1
brfac7988,,1,0,437,1
brfac7989,,1,0,318,1
brfac799,,1,0,658,1
brfac7990,,1,0,317,1
brfac7991,,1,0,429,1
brfac7992,,1,0,379,1
brfac7993,,1,0,354,1
brfac7994,,1,0,417,1
brfac7995,,1,0,313,1
brfac7996,,1,0,333,1
brfac7997,,1,0,430,1
brfac7998,,1,0,331,1
brfac7999,,1,0,323,1
brfac80,,1,0,1258,1
brfac800,,1,0,920,1
brfac8001,,1,0,339,1
brfac8002,,1,0,427,1
brfac8003,,1,0,347,1
brfac8004,,1,0,331,1
brfac8005,,1,0,350,1
brfac8006,,1,0,317,1
brfac8007,,1,0,329,1
brfac8008,,1,0,333,1
brfac8009,,1,0,349,1
brfac801,,1,0,585,1
brfac8010,,1,0,353,1
brfac8011,,1,0,346,1
brfac8012,,1,0,341,1
brfac8013,,1,0,319,1
brfac8014,,1,0,319,1
brfac8015,,1,0,338,1
brfac8016,,1,0,436,1
brfac8017,,1,0,441,1
brfac8018,,1,0,426,1
brfac8019,,1,0,436,1
brfac802,,1,0,607,1
brfac8020,,1,0,348,1
brfac8021,,1,0,341,1
brfac8022,,1,0,353,1
brfac8023,,1,0,317,1
brfac8024,,1,0,323,1
brfac8025,,1,0,325,1
brfac8026,,1,0,332,1
brfac8027,,1,0,335,1
brfac8028,,1,0,344,1
brfac8029,,1,0,326,1
brfac803,,1,0,583,1
brfac8030,,1,0,327,1
brfac8031,,1,0,340,1
brfac8032,,1,0,346,1
brfac8033,,1,0,345,1
brfac8034,,1,0,319,1
brfac8035,,1,0,326,1
brfac8036,,1,0,330,1
brfac8037,,1,0,334,1
brfac8038,,1,0,338,1
brfac8039,,1,0,340,1
brfac804,,1,0,618,1
brfac8040,,1,0,385,1
brfac8041,,1,0,305,1
brfac8042,,1,0,339,1
brfac8043,,1,0,332,1
brfac8044,,1,0,429,1
brfac8045,,1,0,342,1
brfac8046,,1,0,423,1
brfac8047,,1,0,329,1
brfac8048,,1,0,359,1
brfac8049,,1,0,438,1
brfac805,,1,0,614,1
brfac8050,,1,0,364,1
brfac8051,,1,0,313,1
brfac8052,,1,0,323,1
brfac8053,,1,0,451,1
brfac8054,,1,0,341,1
brfac8055,,1,0,438,1
brfac8056,,1,0,360,1
brfac8057,,1,0,330,1
brfac8058,,1,0,341,1
brfac8059,,1,0,340,1
brfac806,,1,0,656,1
brfac8060,,1,0,331,1
brfac8061,,1,0,344,1
brfac8062,,1,0,333,1
brfac8063,,1,0,327,1
brfac8064,,1,0,421,1
brfac8065,,1,0,422,1
brfac8066,,1,0,335,1
brfac8067,,1,0,341,1
brfac8068,,1,0,332,1
brfac8069,,1,0,463,1
brfac807,,1,0,634,1
brfac8070,,1,0,329,1
brfac8071,,1,0,341,1
brfac8072,,1,0,336,1
brfac8073,,1,0,349,1
brfac8074,,1,0,324,1
brfac8075,,1,0,331,1
brfac8076,,1,0,325,1
brfac8077,,1,0,308,1
brfac8078,,1,0,356,1
brfac8079,,1,0,437,1
brfac808,,1,0,635,1
brfac8080,,1,0,450,1
brfac8081,,1,0,344,1
brfac8082,,1,0,344,1
brfac8083,,1,0,324,1
brfac8084,,1,0,342,1
brfac8085,,1,0,342,1
brfac8086,,1,0,320,1
brfac8087,,1,0,370,1
brfac8088,,1,0,351,1
brfac8089,,1,0,367,1
brfac809,,1,0,627,1
brfac8090,,1,0,340,1
brfac8091,,1,0,336,1
brfac8092,,1,0,431,1
brfac8093,,1,0,366,1
brfac8094,,1,0,339,1
brfac8095,,1,0,336,1
brfac8096,,1,0,426,1
brfac8097,,1,0,341,1
brfac8098,,1,0,326,1
brfac8099,,1,0,346,1
brfac810,,1,0,756,1
brfac8101,,1,0,343,1
brfac8102,,1,0,343,1
brfac8103,,1,0,339,1
brfac8104,,1,0,323,1
brfac8105,,1,0,351,1
brfac8106,,1,0,330,1
brfac8107,,1,0,355,1
brfac8108,,1,0,322,1
brfac8109,,1,0,343,1
brfac811,,1,0,602,1
brfac8110,,1,0,326,1
brfac8111,,1,0,364,1
brfac8112,,1,0,515,1
brfac8113,,1,0,339,1
brfac8114,,1,0,331,1
brfac8115,,1,0,425,1
brfac8116,,1,0,348,1
brfac8117,,1,0,357,1
brfac8118,,1,0,329,1
brfac8119,,1,0,333,1
brfac812,,1,0,651,1
brfac8120,,1,0,339,1
brfac8121,,1,0,327,1
brfac8122,,1,0,329,1
brfac8123,,1,0,440,1
brfac8124,,1,0,334,1
brfac8125,,1,0,353,1
brfac8126,,1,0,420,1
brfac8127,,1,0,319,1
brfac8128,,1,0,333,1
brfac8129,,1,0,328,1
brfac813,,1,0,605,1
brfac8130,,1,0,348,1
brfac8131,,1,0,326,1
brfac8132,,1,0,326,1
brfac8133,,1,0,431,1
brfac8134,,1,0,345,1
brfac8135,,1,0,312,1
brfac8136,,1,0,330,1
brfac8137,,1,0,329,1
brfac8138,,1,0,331,1
brfac8139,,1,0,325,1
brfac814,,1,0,672,1
brfac8140,,1,0,391,1
brfac8141,,1,0,338,1
brfac8142,,1,0,348,1
brfac8143,,1,0,334,1
brfac8144,,1,0,342,1
brfac8145,,1,0,333,1
brfac8146,,1,0,330,1
brfac8147,,1,0,450,1
brfac8148,,1,0,337,1
brfac8149,,1,0,327,1
brfac815,,1,0,597,1
brfac8150,,1,0,319,1
brfac8151,,1,0,323,1
brfac8152,,1,0,346,1
brfac8153,,1,0,327,1
brfac8154,,1,0,326,1
brfac8155,,1,0,345,1
brfac8156,,1,0,319,1
brfac8157,,1,0,319,1
brfac8158,,1,0,342,1
brfac8159,,1,0,328,1
brfac816,,1,0,706,1
brfac8160,,1,0,389,1
brfac8161,,1,0,361,1
brfac8162,,1,0,336,1
brfac8163,,1,0,334,1
brfac8164,,1,0,340,1
brfac8165,,1,0,418,1
brfac8166,,1,0,333,1
brfac8167,,1,0,354,1
brfac8168,,1,0,349,1
brfac8169,,1,0,324,1
brfac817,,1,0,678,1
brfac8170,,1,0,335,1
brfac8171,,1,0,356,1
brfac8172,,1,0,332,1
brfac8173,,1,0,333,1
brfac8174,,1,0,315,1
brfac8175,,1,0,357,1
brfac8176,,1,0,438,1
brfac8177,,1,0,334,1
brfac8178,,1,0,350,1
brfac8179,,1,0,366,1
brfac818,,1,0,580,1
brfac8180,,1,0,348,1
brfac8181,,1,0,339,1
brfac8182,,1,0,450,1
brfac8183,,1,0,349,1
brfac8184,,1,0,336,1
brfac8185,,1,0,334,1
brfac8186,,1,0,435,1
brfac8187,,1,0,341,1
brfac8188,,1,0,347,1
brfac8189,,1,0,336,1
brfac819,,1,0,695,1
brfac8190,,1,0,332,1
brfac8191,,1,0,367,1
brfac8193,,1,0,346,1
brfac8194,,1,0,356,1
brfac8195,,1,0,326,1
brfac8196,,1,0,341,1
brfac8197,,1,0,321,1
brfac8198,,1,0,333,1
brfac8199,,1,0,345,1
brfac82,,1,0,1141,1
brfac820,,1,0,635,1
brfac8200,,1,0,365,1
brfac8201,,1,0,431,1
brfac8202,,1,0,350,1
brfac8203,,1,0,334,1
brfac8204,,1,0,324,1
brfac8205,,1,0,350,1
brfac8206,,1,0,336,1
brfac8207,,1,0,417,1
brfac8208,,1,0,341,1
brfac8209,,1,0,362,1
brfac821,,1,0,709,1
brfac8210,,1,0,350,1
brfac8211,,1,0,346,1
brfac8212,,1,0,347,1
brfac8213,,1,0,319,1
brfac8214,,1,0,483,1
brfac8215,,1,0,328,1
brfac8216,,1,0,326,1
brfac8217,,1,0,338,1
brfac8218,,1,0,346,1
brfac8219,,1,0,363,1
brfac822,,1,0,610,1
brfac8220,,1,0,431,1
brfac8221,,1,0,364,1
brfac8222,,1,0,333,1
brfac8223,,1,0,348,1
brfac8224,,1,0,451,1
brfac8225,,1,0,338,1
brfac8226,,1,0,321,1
brfac8227,,1,0,338,1
brfac8228,,1,0,438,1
brfac8229,,1,0,431,1
brfac823,,1,0,614,1
brfac8230,,1,0,429,1
brfac8231,,1,0,448,1
brfac8232,,1,0,422,1
brfac8233,,1,0,338,1
brfac8234,,1,0,348,1
brfac8235,,1,0,324,1
brfac8236,,1,0,347,1
brfac8237,,1,0,362,1
brfac8238,,1,0,335,1
brfac8239,,1,0,320,1
brfac824,,1,0,614,1
brfac8240,,1,0,348,1
brfac8241,,1,0,355,1
brfac8242,,1,0,429,1
brfac8243,,1,0,452,1
brfac8244,,1,0,338,1
brfac8245,,1,0,328,1
brfac8246,,1,0,333,1
brfac8247,,1,0,419,1
brfac8248,,1,0,329,1
brfac8249,,1,0,335,1
brfac825,,1,0,613,1
brfac8250,,1,0,448,1
brfac8251,,1,0,331,1
brfac8252,,1,0,343,1
brfac8253,,1,0,331,1
brfac8254,,1,0,319,1
brfac8255,,1,0,329,1
brfac8256,,1,0,346,1
brfac8257,,1,0,438,1
brfac8258,,1,0,348,1
brfac8259,,1,0,338,1
brfac826,,1,0,592,1
brfac8260,,1,0,439,1
brfac8261,,1,0,328,1
brfac8262,,1,0,395,1
brfac8263,,1,0,363,1
brfac8264,,1,0,334,1
brfac8265,,1,0,343,1
brfac8266,,1,0,318,1
brfac8267,,1,0,322,1
brfac8268,,1,0,327,1
brfac8269,,1,0,377,1
brfac827,,1,0,670,1
brfac8270,,1,0,345,1
brfac8271,,1,0,330,1
brfac8272,,1,0,343,1
brfac8273,,1,0,363,1
brfac8274,,1,0,332,1
brfac8275,,1,0,440,1
brfac8276,,1,0,354,1
brfac8277,,1,0,323,1
brfac8278,,1,0,331,1
brfac8279,,1,0,334,1
brfac828,,1,0,707,1
brfac8280,,1,0,359,1
brfac8282,,1,0,339,1
brfac8283,,1,0,326,1
brfac8284,,1,0,335,1
brfac8285,,1,0,322,1
brfac8286,,1,0,319,1
brfac8287,,1,0,334,1
brfac8288,,1,0,342,1
brfac8289,,1,0,351,1
brfac829,,1,0,659,1
brfac8290,,1,0,323,1
brfac8291,,1,0,357,1
brfac8292,,1,0,342,1
brfac8293,,1,0,450,1
brfac8294,,1,0,303,1
brfac8295,,1,0,323,1
brfac8296,,1,0,330,1
brfac8297,,1,0,362,1
brfac8298,,1,0,325,1
brfac8299,,1,0,339,1
brfac83,,1,0,1202,1
brfac830,,1,0,628,1
brfac8300,,1,0,402,1
brfac8301,,1,0,330,1
brfac8302,,1,0,351,1
brfac8303,,1,0,448,1
brfac8304,,1,0,362,1
brfac8305,,1,0,332,1
brfac8306,,1,0,336,1
brfac8307,,1,0,329,1
brfac8308,,1,0,347,1
brfac8309,,1,0,431,1
brfac831,,1,0,593,1
brfac8310,,1,0,332,1
brfac8311,,1,0,358,1
brfac8312,,1,0,348,1
brfac8313,,1,0,322,1
brfac8314,,1,0,338,1
brfac8315,,1,0,332,1
brfac8316,,1,0,418,1
brfac8317,,1,0,440,1
brfac8318,,1,0,329,1
brfac8319,,1,0,329,1
brfac832,,1,0,663,1
brfac8320,,1,0,438,1
brfac8321,,1,0,329,1
brfac8322,,1,0,334,1
brfac8323,,1,0,334,1
brfac8324,,1,0,327,1
brfac8325,,1,0,333,1
brfac8326,,1,0,417,1
brfac8327,,1,0,335,1
brfac8328,,1,0,336,1
brfac8329,,1,0,349,1
brfac833,,1,0,642,1
brfac8330,,1,0,317,1
brfac8331,,1,0,334,1
brfac8332,,1,0,342,1
brfac8333,,1,0,326,1
brfac8334,,1,0,330,1
brfac8335,,1,0,337,1
brfac8336,,1,0,319,1
brfac8337,,1,0,324,1
brfac8338,,1,0,340,1
brfac8339,,1,0,320,1
brfac834,,1,0,591,1
brfac8340,,1,0,325,1
brfac8341,,1,0,330,1
brfac8342,,1,0,325,1
brfac8343,,1,0,350,1
brfac8344,,1,0,326,1
brfac8345,,1,0,336,1
brfac8346,,1,0,329,1
brfac8347,,1,0,340,1
brfac8348,,1,0,334,1
brfac8349,,1,0,444,1
brfac835,,1,0,657,1
brfac8350,,1,0,367,1
brfac8351,,1,0,350,1
brfac8352,,1,0,378,1
brfac8353,,1,0,369,1
brfac8354,,1,0,313,1
brfac8355,,1,0,329,1
brfac8356,,1,0,444,1
brfac8357,,1,0,429,1
brfac8358,,1,0,437,1
brfac8359,,1,0,330,1
brfac836,,1,0,601,1
brfac8360,,1,0,390,1
brfac8361,,1,0,336,1
brfac8362,,1,0,343,1
brfac8363,,1,0,359,1
brfac8364,,1,0,335,1
brfac8365,,1,0,341,1
brfac8366,,1,0,329,1
brfac8367,,1,0,330,1
brfac8368,,1,0,325,1
brfac8369,,1,0,370,1
brfac837,,1,0,621,1
brfac8370,,1,0,314,1
brfac8371,,1,0,325,1
brfac8372,,1,0,312,1
brfac8373,,1,0,424,1
brfac8374,,1,0,338,1
brfac8375,,1,0,358,1
brfac8376,,1,0,316,1
brfac8377,,1,0,340,1
brfac8378,,1,0,325,1
brfac8379,,1,0,380,1
brfac838,,1,0,592,1
brfac8380,,1,0,384,1
brfac8381,,1,0,335,1
brfac8382,,1,0,330,1
brfac8383,,1,0,340,1
brfac8384,,1,0,355,1
brfac8385,,1,0,332,1
brfac8386,,1,0,325,1
brfac8387,,1,0,475,1
brfac8388,,1,0,325,1
brfac8389,,1,0,356,1
brfac839,,1,0,590,1
brfac8390,,1,0,342,1
brfac8391,,1,0,332,1
brfac8392,,1,0,336,1
brfac8393,,1,0,329,1
brfac8394,,1,0,320,1
brfac8395,,1,0,326,1
brfac8396,,1,0,429,1
brfac8397,,1,0,335,1
brfac8398,,1,0,324,1
brfac8399,,1,0,330,1
brfac84,,1,0,1148,1
brfac840,,1,0,682,1
brfac8400,,1,0,359,1
brfac8401,,1,0,424,1
brfac8402,,1,0,339,1
brfac8403,,1,0,433,1
brfac8404,,1,0,323,1
brfac8405,,1,0,386,1
brfac8406,,1,0,344,1
brfac8407,,1,0,339,1
brfac8408,,1,0,326,1
brfac8409,,1,0,345,1
brfac8410,,1,0,430,1
brfac8411,,1,0,333,1
brfac8412,,1,0,326,1
brfac8413,,1,0,341,1
brfac8414,,1,0,330,1
brfac8415,,1,0,347,1
brfac8416,,1,0,351,1
brfac8417,,1,0,329,1
brfac8418,,1,0,431,1
brfac8419,,1,0,368,1
brfac842,,1,0,702,1
brfac8420,,1,0,428,1
brfac8421,,1,0,330,1
brfac8422,,1,0,320,1
brfac8423,,1,0,456,1
brfac8424,,1,0,404,1
brfac8425,,1,0,339,1
brfac8426,,1,0,345,1
brfac8427,,1,0,530,1
brfac8428,,1,0,328,1
brfac8429,,1,0,355,1
brfac843,,1,0,595,1
brfac8430,,1,0,316,1
brfac8431,,1,0,441,1
brfac8432,,1,0,328,1
brfac8433,,1,0,335,1
brfac8434,,1,0,331,1
brfac8435,,1,0,333,1
brfac8436,,1,0,329,1
brfac8437,,1,0,338,1
brfac8438,,1,0,430,1
brfac8439,,1,0,329,1
brfac844,,1,0,614,1
brfac8440,,1,0,434,1
brfac8441,,1,0,332,1
brfac8442,,1,0,336,1
brfac8443,,1,0,350,1
brfac8444,,1,0,418,1
brfac8445,,1,0,321,1
brfac8446,,1,0,426,1
brfac8447,,1,0,442,1
brfac8448,,1,0,351,1
brfac8449,,1,0,351,1
brfac845,,1,0,677,1
brfac8450,,1,0,544,1
brfac8451,,1,0,311,1
brfac8452,,1,0,425,1
brfac8453,,1,0,358,1
brfac8454,,1,0,343,1
brfac8455,,1,0,437,1
brfac8456,,1,0,323,1
brfac8457,,1,0,323,1
brfac8458,,1,0,341,1
brfac8459,,1,0,351,1
brfac846,,1,0,665,1
brfac8460,,1,0,344,1
brfac8461,,1,0,359,1
brfac8462,,1,0,344,1
brfac8463,,1,0,337,1
brfac8464,,1,0,9,1
brfac8465,,1,0,320,1
brfac8466,,1,0,335,1
brfac8467,,1,0,351,1
brfac8468,,1,0,428,1
brfac8469,,1,0,418,1
brfac847,,1,0,804,1
brfac8470,,1,0,406,1
brfac8471,,1,0,334,1
brfac8472,,1,0,424,1
brfac8473,,1,0,325,1
brfac8474,,1,0,345,1
brfac8475,,1,0,438,1
brfac8476,,1,0,332,1
brfac8477,,1,0,324,1
brfac8478,,1,0,344,1
brfac8479,,1,0,341,1
brfac848,,1,0,635,1
brfac8480,,1,0,334,1
brfac8481,,1,0,325,1
brfac8482,,1,0,330,1
brfac8483,,1,0,343,1
brfac8484,,1,0,429,1
brfac8485,,1,0,331,1
brfac8486,,1,0,324,1
brfac8487,,1,0,418,1
brfac8488,,1,0,338,1
brfac8489,,1,0,427,1
brfac849,,1,0,604,1
brfac8490,,1,0,342,1
brfac8491,,1,0,334,1
brfac8492,,1,0,335,1
brfac8493,,1,0,323,1
brfac8494,,1,0,428,1
brfac8495,,1,0,322,1
brfac8496,,1,0,376,1
brfac8497,,1,0,323,1
brfac8498,,1,0,347,1
brfac8499,,1,0,330,1
brfac85,,1,0,1178,1
brfac850,,1,0,674,1
brfac8500,,1,0,336,1
brfac8501,,1,0,357,1
brfac8502,,1,0,338,1
brfac8503,,1,0,417,1
brfac8504,,1,0,330,1
brfac8505,,1,0,330,1
brfac8506,,1,0,435,1
brfac8507,,1,0,327,1
brfac8508,,1,0,422,1
brfac8509,,1,0,325,1
brfac851,,1,0,630,1
brfac8510,,1,0,334,1
brfac8511,,1,0,323,1
brfac8512,,1,0,327,1
brfac8513,,1,0,343,1
brfac8514,,1,0,336,1
brfac8515,,1,0,350,1
brfac8516,,1,0,317,1
brfac8517,,1,0,429,1
brfac8518,,1,0,430,1
brfac8519,,1,0,333,1
brfac852,,1,0,606,1
brfac8520,,1,0,405,1
brfac8521,,1,0,347,1
brfac8522,,1,0,327,1
brfac8523,,1,0,337,1
brfac8524,,1,0,449,1
brfac8525,,1,0,432,1
brfac8526,,1,0,373,1
brfac8527,,1,0,370,1
brfac8528,,1,0,433,1
brfac8529,,1,0,340,1
brfac853,,1,0,633,1
brfac8530,,1,0,337,1
brfac8531,,1,0,331,1
brfac8532,,1,0,338,1
brfac8533,,1,0,429,1
brfac8534,,1,0,329,1
brfac8535,,1,0,409,1
brfac8536,,1,0,339,1
brfac8537,,1,0,354,1
brfac8538,,1,0,334,1
brfac8539,,1,0,351,1
brfac854,,1,0,577,1
brfac8540,,1,0,346,1
brfac8541,,1,0,346,1
brfac8542,,1,0,329,1
brfac8543,,1,0,465,1
brfac8544,,1,0,313,1
brfac8545,,1,0,330,1
brfac8546,,1,0,319,1
brfac8547,,1,0,342,1
brfac8548,,1,0,316,1
brfac8549,,1,0,346,1
brfac855,,1,0,660,1
brfac8550,,1,0,422,1
brfac8551,,1,0,333,1
brfac8552,,1,0,433,1
brfac8553,,1,0,423,1
brfac8554,,1,0,327,1
brfac8555,,1,0,335,1
brfac8556,,1,0,426,1
brfac8557,,1,0,313,1
brfac8558,,1,0,318,1
brfac8559,,1,0,334,1
brfac856,,1,0,640,1
brfac8560,,1,0,314,1
brfac8561,,1,0,328,1
brfac8562,,1,0,323,1
brfac8563,,1,0,448,1
brfac8564,,1,0,324,1
brfac8565,,1,0,350,1
brfac8566,,1,0,332,1
brfac8567,,1,0,338,1
brfac8568,,1,0,344,1
brfac8569,,1,0,350,1
brfac857,,1,0,582,1
brfac8570,,1,0,338,1
brfac8571,,1,0,330,1
brfac8572,,1,0,334,1
brfac8573,,1,0,454,1
brfac8574,,1,0,323,1
brfac8575,,1,0,449,1
brfac8576,,1,0,348,1
brfac8577,,1,0,343,1
brfac8578,,1,0,342,1
brfac8579,,1,0,340,1
brfac858,,1,0,600,1
brfac8580,,1,0,334,1
brfac8581,,1,0,367,1
brfac8582,,1,0,346,1
brfac8583,,1,0,332,1
brfac8584,,1,0,320,1
brfac8585,,1,0,320,1
brfac8586,,1,0,325,1
brfac8587,,1,0,330,1
brfac8588,,1,0,339,1
brfac8589,,1,0,316,1
brfac859,,1,0,639,1
brfac8590,,1,0,432,1
brfac8591,,1,0,353,1
brfac8592,,1,0,343,1
brfac8593,,1,0,433,1
brfac8594,,1,0,349,1
brfac8595,,1,0,348,1
brfac8596,,1,0,329,1
brfac8597,,1,0,459,1
brfac8598,,1,0,313,1
brfac8599,,1,0,344,1
brfac86,,1,0,1133,1
brfac860,,1,0,661,1
brfac8600,,1,0,377,1
brfac8601,,1,0,332,1
brfac8602,,1,0,332,1
brfac8603,,1,0,330,1
brfac8604,,1,0,351,1
brfac8605,,1,0,335,1
brfac8606,,1,0,437,1
brfac8607,,1,0,437,1
brfac8608,,1,0,431,1
brfac8609,,1,0,345,1
brfac861,,1,0,605,1
brfac8610,,1,0,342,1
brfac8611,,1,0,335,1
brfac8612,,1,0,315,1
brfac8613,,1,0,322,1
brfac8614,,1,0,320,1
brfac8615,,1,0,325,1
brfac8616,,1,0,335,1
brfac8617,,1,0,335,1
brfac8618,,1,0,339,1
brfac8619,,1,0,387,1
brfac862,,1,0,617,1
brfac8620,,1,0,322,1
brfac8621,,1,0,348,1
brfac8622,,1,0,334,1
brfac8623,,1,0,452,1
brfac8624,,1,0,453,1
brfac8625,,1,0,335,1
brfac8626,,1,0,431,1
brfac8627,,1,0,351,1
brfac8628,,1,0,347,1
brfac8629,,1,0,345,1
brfac863,,1,0,698,1
brfac8630,,1,0,339,1
brfac8631,,1,0,337,1
brfac8632,,1,0,325,1
brfac8633,,1,0,433,1
brfac8634,,1,0,332,1
brfac8635,,1,0,426,1
brfac8636,,1,0,335,1
brfac8637,,1,0,341,1
brfac8638,,1,0,324,1
brfac8639,,1,0,336,1
brfac864,,1,0,773,1
brfac8640,,1,0,434,1
brfac8641,,1,0,342,1
brfac8642,,1,0,333,1
brfac8643,,1,0,314,1
brfac8644,,1,0,324,1
brfac8645,,1,0,332,1
brfac8646,,1,0,326,1
brfac8647,,1,0,353,1
brfac8648,,1,0,331,1
brfac865,,1,0,585,1
brfac8650,,1,0,357,1
brfac8651,,1,0,342,1
brfac8652,,1,0,428,1
brfac8653,,1,0,326,1
brfac8654,,1,0,335,1
brfac8655,,1,0,331,1
brfac8656,,1,0,343,1
brfac8657,,1,0,354,1
brfac8658,,1,0,332,1
brfac8659,,1,0,336,1
brfac866,,1,0,598,1
brfac8660,,1,0,321,1
brfac8661,,1,0,336,1
brfac8662,,1,0,329,1
brfac8663,,1,0,364,1
brfac8664,,1,0,475,1
brfac8665,,1,0,330,1
brfac8666,,1,0,339,1
brfac8667,,1,0,353,1
brfac8668,,1,0,322,1
brfac8669,,1,0,341,1
brfac867,,1,0,880,1
brfac8670,,1,0,402,1
brfac8671,,1,0,332,1
brfac8672,,1,0,367,1
brfac8673,,1,0,439,1
brfac8674,,1,0,431,1
brfac8675,,1,0,431,1
brfac8676,,1,0,340,1
brfac8677,,1,0,350,1
brfac8678,,1,0,301,1
brfac8679,,1,0,425,1
brfac868,,1,0,617,1
brfac8680,,1,0,322,1
brfac8681,,1,0,347,1
brfac8682,,1,0,419,1
brfac8683,,1,0,423,1
brfac8684,,1,0,329,1
brfac8685,,1,0,425,1
brfac8686,,1,0,334,1
brfac8687,,1,0,326,1
brfac8688,,1,0,309,1
brfac8689,,1,0,331,1
brfac869,,1,0,604,1
brfac8690,,1,0,344,1
brfac8691,,1,0,332,1
brfac8692,,1,0,337,1
brfac8693,,1,0,349,1
brfac8694,,1,0,323,1
brfac8695,,1,0,344,1
brfac8696,,1,0,333,1
brfac8697,,1,0,419,1
brfac8698,,1,0,435,1
brfac8699,,1,0,340,1
brfac87,,1,0,1154,1
brfac870,,1,0,674,1
brfac8700,,1,0,368,1
brfac8701,,1,0,325,1
brfac8702,,1,0,345,1
brfac8703,,1,0,322,1
brfac8704,,1,0,393,1
brfac8705,,1,0,336,1
brfac8706,,1,0,331,1
brfac8707,,1,0,453,1
brfac8708,,1,0,336,1
brfac8709,,1,0,331,1
brfac871,,1,0,675,1
brfac8710,,1,0,325,1
brfac8711,,1,0,333,1
brfac8712,,1,0,510,1
brfac8713,,1,0,357,1
brfac8714,,1,0,427,1
brfac8715,,1,0,323,1
brfac8716,,1,0,318,1
brfac8717,,1,0,336,1
brfac8718,,1,0,331,1
brfac8719,,1,0,452,1
brfac872,,1,0,689,1
brfac8720,,1,0,333,1
brfac8721,,1,0,336,1
brfac8722,,1,0,358,1
brfac8723,,1,0,320,1
brfac8724,,1,0,334,1
brfac8725,,1,0,321,1
brfac8726,,1,0,344,1
brfac8727,,1,0,322,1
brfac8728,,1,0,335,1
brfac8729,,1,0,323,1
brfac873,,1,0,724,1
brfac8730,,1,0,424,1
brfac8731,,1,0,341,1
brfac8732,,1,0,326,1
brfac8733,,1,0,321,1
brfac8734,,1,0,316,1
brfac8735,,1,0,328,1
brfac8736,,1,0,326,1
brfac8737,,1,0,358,1
brfac8738,,1,0,438,1
brfac8739,,1,0,338,1
brfac874,,1,0,616,1
brfac8740,,1,0,325,1
brfac8741,,1,0,371,1
brfac8742,,1,0,348,1
brfac8743,,1,0,336,1
brfac8744,,1,0,312,1
brfac8745,,1,0,428,1
brfac8746,,1,0,346,1
brfac8747,,1,0,344,1
brfac8748,,1,0,535,1
brfac8749,,1,0,339,1
brfac875,,1,0,682,1
brfac8750,,1,0,418,1
brfac8751,,1,0,335,1
brfac8752,,1,0,418,1
brfac8753,,1,0,346,1
brfac8754,,1,0,432,1
brfac8755,,1,0,335,1
brfac8756,,1,0,430,1
brfac8757,,1,0,330,1
brfac8758,,1,0,321,1
brfac8759,,1,0,340,1
brfac876,,1,0,589,1
brfac8760,,1,0,442,1
brfac8761,,1,0,350,1
brfac8762,,1,0,339,1
brfac8763,,1,0,340,1
brfac8764,,1,0,319,1
brfac8765,,1,0,338,1
brfac8766,,1,0,343,1
brfac8767,,1,0,350,1
brfac8768,,1,0,339,1
brfac8769,,1,0,340,1
brfac877,,1,0,608,1
brfac8770,,1,0,335,1
brfac8771,,1,0,336,1
brfac8772,,1,0,333,1
brfac8773,,1,0,336,1
brfac8774,,1,0,357,1
brfac8775,,1,0,390,1
brfac8776,,1,0,316,1
brfac8777,,1,0,327,1
brfac8778,,1,0,314,1
brfac8779,,1,0,355,1
brfac878,,1,0,597,1
brfac8780,,1,0,330,1
brfac8781,,1,0,337,1
brfac8782,,1,0,436,1
brfac8783,,1,0,351,1
brfac8784,,1,0,313,1
brfac8785,,1,0,355,1
brfac8786,,1,0,334,1
brfac8787,,1,0,337,1
brfac8788,,1,0,351,1
brfac8789,,1,0,347,1
brfac879,,1,0,605,1
brfac8790,,1,0,334,1
brfac8791,,1,0,328,1
brfac8792,,1,0,346,1
brfac8793,,1,0,413,1
brfac8794,,1,0,322,1
brfac8795,,1,0,327,1
brfac8796,,1,0,328,1
brfac8797,,1,0,344,1
brfac8798,,1,0,333,1
brfac8799,,1,0,322,1
brfac88,,1,0,1184,1
brfac880,,1,0,668,1
brfac8800,,1,0,375,1
brfac8801,,1,0,348,1
brfac8802,,1,0,326,1
brfac8803,,1,0,356,1
brfac8804,,1,0,343,1
brfac8805,,1,0,324,1
brfac8806,,1,0,348,1
brfac8807,,1,0,342,1
brfac8808,,1,0,337,1
brfac8809,,1,0,335,1
brfac881,,1,0,689,1
brfac8810,,1,0,324,1
brfac8811,,1,0,337,1
brfac8812,,1,0,322,1
brfac8813,,1,0,433,1
brfac8814,,1,0,326,1
brfac8815,,1,0,417,1
brfac8816,,1,0,320,1
brfac8817,,1,0,319,1
brfac8818,,1,0,333,1
brfac8819,,1,0,340,1
brfac882,,1,0,940,1
brfac8820,,1,0,391,1
brfac8821,,1,0,438,1
brfac8822,,1,0,317,1
brfac8823,,1,0,332,1
brfac8824,,1,0,428,1
brfac8825,,1,0,308,1
brfac8826,,1,0,432,1
brfac8827,,1,0,335,1
brfac8828,,1,0,344,1
brfac8829,,1,0,351,1
brfac883,,1,0,697,1
brfac8830,,1,0,324,1
brfac8831,,1,0,347,1
brfac8832,,1,0,348,1
brfac8833,,1,0,336,1
brfac8834,,1,0,324,1
brfac8835,,1,0,330,1
brfac8836,,1,0,9,1
brfac8837,,1,0,362,1
brfac8838,,1,0,339,1
brfac8839,,1,0,364,1
brfac884,,1,0,581,1
brfac8840,,1,0,329,1
brfac8841,,1,0,315,1
brfac8842,,1,0,414,1
brfac8843,,1,0,336,1
brfac8844,,1,0,429,1
brfac8845,,1,0,326,1
brfac8846,,1,0,327,1
brfac8847,,1,0,323,1
brfac8848,,1,0,335,1
brfac8849,,1,0,369,1
brfac885,,1,0,602,1
brfac8850,,1,0,335,1
brfac8851,,1,0,327,1
brfac8852,,1,0,330,1
brfac8853,,1,0,408,1
brfac8854,,1,0,343,1
brfac8855,,1,0,343,1
brfac8856,,1,0,437,1
brfac8857,,1,0,331,1
brfac8858,,1,0,338,1
brfac8859,,1,0,338,1
brfac886,,1,0,597,1
brfac8860,,1,0,329,1
brfac8861,,1,0,333,1
brfac8862,,1,0,332,1
brfac8863,,1,0,356,1
brfac8864,,1,0,316,1
brfac8865,,1,0,334,1
brfac8866,,1,0,337,1
brfac8867,,1,0,347,1
brfac8868,,1,0,315,1
brfac8869,,1,0,324,1
brfac887,,1,0,624,1
brfac8870,,1,0,326,1
brfac8871,,1,0,328,1
brfac8872,,1,0,325,1
brfac8873,,1,0,315,1
brfac8874,,1,0,347,1
brfac8875,,1,0,430,1
brfac8876,,1,0,328,1
brfac8877,,1,0,420,1
brfac8878,,1,0,355,1
brfac8879,,1,0,429,1
brfac888,,1,0,692,1
brfac8880,,1,0,425,1
brfac8881,,1,0,416,1
brfac8882,,1,0,316,1
brfac8883,,1,0,338,1
brfac8884,,1,0,321,1
brfac8885,,1,0,422,1
brfac8886,,1,0,335,1
brfac8887,,1,0,351,1
brfac8888,,1,0,353,1
brfac8889,,1,0,317,1
brfac889,,1,0,591,1
brfac8890,,1,0,335,1
brfac8891,,1,0,334,1
brfac8892,,1,0,343,1
brfac8893,,1,0,371,1
brfac8894,,1,0,321,1
brfac8895,,1,0,329,1
brfac8896,,1,0,374,1
brfac8897,,1,0,429,1
brfac8898,,1,0,341,1
brfac8899,,1,0,310,1
brfac89,,1,0,1149,1
brfac890,,1,0,645,1
brfac8900,,1,0,440,1
brfac8901,,1,0,343,1
brfac8902,,1,0,330,1
brfac8903,,1,0,329,1
brfac8904,,1,0,432,1
brfac8905,,1,0,410,1
brfac8906,,1,0,322,1
brfac8907,,1,0,311,1
brfac8908,,1,0,338,1
brfac8909,,1,0,340,1
brfac891,,1,0,706,1
brfac8910,,1,0,390,1
brfac8911,,1,0,323,1
brfac8912,,1,0,341,1
brfac8913,,1,0,316,1
brfac8914,,1,0,355,1
brfac8915,,1,0,417,1
brfac8916,,1,0,323,1
brfac8917,,1,0,354,1
brfac8918,,1,0,372,1
brfac8919,,1,0,326,1
brfac892,,1,0,634,1
brfac8920,,1,0,333,1
brfac8921,,1,0,442,1
brfac8922,,1,0,341,1
brfac8923,,1,0,346,1
brfac8924,,1,0,344,1
brfac8925,,1,0,433,1
brfac8926,,1,0,443,1
brfac8927,,1,0,335,1
brfac8928,,1,0,445,1
brfac8929,,1,0,328,1
brfac893,,1,0,600,1
brfac8930,,1,0,329,1
brfac8931,,1,0,331,1
brfac8932,,1,0,331,1
brfac8933,,1,0,357,1
brfac8934,,1,0,439,1
brfac8935,,1,0,429,1
brfac8936,,1,0,331,1
brfac8937,,1,0,316,1
brfac8938,,1,0,326,1
brfac8939,,1,0,417,1
brfac894,,1,0,604,1
brfac8940,,1,0,336,1
brfac8941,,1,0,349,1
brfac8942,,1,0,424,1
brfac8943,,1,0,321,1
brfac8944,,1,0,436,1
brfac8945,,1,0,425,1
brfac8946,,1,0,319,1
brfac8947,,1,0,333,1
brfac8948,,1,0,334,1
brfac8949,,1,0,431,1
brfac895,,1,0,671,1
brfac8950,,1,0,340,1
brfac8951,,1,0,365,1
brfac8952,,1,0,336,1
brfac8953,,1,0,340,1
brfac8954,,1,0,364,1
brfac8955,,1,0,325,1
brfac8956,,1,0,338,1
brfac8957,,1,0,329,1
brfac8958,,1,0,421,1
brfac8959,,1,0,394,1
brfac896,,1,0,728,1
brfac8960,,1,0,418,1
brfac8961,,1,0,334,1
brfac8962,,1,0,337,1
brfac8963,,1,0,355,1
brfac8964,,1,0,339,1
brfac8965,,1,0,426,1
brfac8966,,1,0,325,1
brfac8967,,1,0,362,1
brfac8968,,1,0,324,1
brfac8969,,1,0,356,1
brfac897,,1,0,631,1
brfac8970,,1,0,441,1
brfac8971,,1,0,378,1
brfac8972,,1,0,333,1
brfac8973,,1,0,326,1
brfac8974,,1,0,330,1
brfac8975,,1,0,431,1
brfac8976,,1,0,348,1
brfac8977,,1,0,331,1
brfac8978,,1,0,535,1
brfac8979,,1,0,326,1
brfac898,,1,0,616,1
brfac8980,,1,0,336,1
brfac8981,,1,0,421,1
brfac8982,,1,0,328,1
brfac8983,,1,0,322,1
brfac8984,,1,0,334,1
brfac8985,,1,0,350,1
brfac8986,,1,0,345,1
brfac8987,,1,0,305,1
brfac8988,,1,0,319,1
brfac8989,,1,0,437,1
brfac899,,1,0,586,1
brfac8990,,1,0,428,1
brfac8991,,1,0,413,1
brfac8992,,1,0,336,1
brfac8993,,1,0,333,1
brfac8994,,1,0,435,1
brfac8995,,1,0,331,1
brfac8996,,1,0,317,1
brfac8997,,1,0,432,1
brfac8998,,1,0,334,1
brfac8999,,1,0,341,1
brfac90,,1,0,1167,1
brfac9000,,1,0,429,1
brfac9001,,1,0,376,1
brfac9002,,1,0,343,1
brfac9003,,1,0,321,1
brfac9004,,1,0,343,1
brfac9005,,1,0,421,1
brfac9006,,1,0,335,1
brfac9007,,1,0,340,1
brfac9008,,1,0,364,1
brfac9009,,1,0,319,1
brfac901,,1,0,608,1
brfac9010,,1,0,348,1
brfac9011,,1,0,339,1
brfac9012,,1,0,345,1
brfac9013,,1,0,328,1
brfac9014,,1,0,322,1
brfac9015,,1,0,345,1
brfac9016,,1,0,359,1
brfac9017,,1,0,325,1
brfac9018,,1,0,333,1
brfac9019,,1,0,427,1
brfac902,,1,0,588,1
brfac9020,,1,0,398,1
brfac9021,,1,0,342,1
brfac9022,,1,0,316,1
brfac9023,,1,0,328,1
brfac9024,,1,0,326,1
brfac9026,,1,0,332,1
brfac9027,,1,0,329,1
brfac9028,,1,0,328,1
brfac9029,,1,0,357,1
brfac903,,1,0,608,1
brfac9030,,1,0,332,1
brfac9031,,1,0,345,1
brfac9032,,1,0,317,1
brfac9033,,1,0,432,1
brfac9034,,1,0,436,1
brfac9035,,1,0,331,1
brfac9036,,1,0,429,1
brfac9037,,1,0,327,1
brfac9038,,1,0,315,1
brfac9039,,1,0,323,1
brfac904,,1,0,652,1
brfac9040,,1,0,317,1
brfac9041,,1,0,441,1
brfac9042,,1,0,333,1
brfac9043,,1,0,332,1
brfac9044,,1,0,332,1
brfac9045,,1,0,338,1
brfac9046,,1,0,348,1
brfac9047,,1,0,432,1
brfac9048,,1,0,345,1
brfac9049,,1,0,434,1
brfac905,,1,0,679,1
brfac9050,,1,0,436,1
brfac9051,,1,0,316,1
brfac9052,,1,0,334,1
brfac9053,,1,0,321,1
brfac9054,,1,0,330,1
brfac9055,,1,0,316,1
brfac9056,,1,0,339,1
brfac9057,,1,0,417,1
brfac9058,,1,0,425,1
brfac9059,,1,0,344,1
brfac906,,1,0,586,1
brfac9060,,1,0,337,1
brfac9061,,1,0,339,1
brfac9062,,1,0,316,1
brfac9063,,1,0,403,1
brfac9064,,1,0,328,1
brfac9065,,1,0,343,1
brfac9066,,1,0,348,1
brfac9067,,1,0,459,1
brfac9068,,1,0,334,1
brfac9069,,1,0,316,1
brfac907,,1,0,615,1
brfac9070,,1,0,335,1
brfac9071,,1,0,357,1
brfac9072,,1,0,473,1
brfac9073,,1,0,320,1
brfac9074,,1,0,309,1
brfac9075,,1,0,499,1
brfac9076,,1,0,330,1
brfac9077,,1,0,353,1
brfac9078,,1,0,351,1
brfac9079,,1,0,440,1
brfac908,,1,0,627,1
brfac9080,,1,0,322,1
brfac9081,,1,0,319,1
brfac9082,,1,0,303,1
brfac9083,,1,0,343,1
brfac9084,,1,0,341,1
brfac9085,,1,0,342,1
brfac9086,,1,0,344,1
brfac9087,,1,0,322,1
brfac9088,,1,0,383,1
brfac9089,,1,0,324,1
brfac909,,1,0,598,1
brfac9090,,1,0,335,1
brfac9091,,1,0,348,1
brfac9092,,1,0,319,1
brfac9093,,1,0,327,1
brfac9094,,1,0,328,1
brfac9095,,1,0,338,1
brfac9096,,1,0,339,1
brfac9097,,1,0,336,1
brfac9098,,1,0,422,1
brfac9099,,1,0,323,1
brfac91,,1,0,1224,1
brfac910,,1,0,603,1
brfac9100,,1,0,374,1
brfac9101,,1,0,335,1
brfac9102,,1,0,335,1
brfac9103,,1,0,347,1
brfac9104,,1,0,430,1
brfac9105,,1,0,331,1
brfac9106,,1,0,439,1
brfac9107,,1,0,328,1
brfac9108,,1,0,348,1
brfac9109,,1,0,468,1
brfac911,,1,0,679,1
brfac9110,,1,0,316,1
brfac9111,,1,0,428,1
brfac9112,,1,0,433,1
brfac9113,,1,0,346,1
brfac9114,,1,0,355,1
brfac9115,,1,0,345,1
brfac9116,,1,0,329,1
brfac9117,,1,0,337,1
brfac9118,,1,0,319,1
brfac9119,,1,0,348,1
brfac912,,1,0,604,1
brfac9120,,1,0,422,1
brfac9121,,1,0,331,1
brfac9122,,1,0,331,1
brfac9123,,1,0,325,1
brfac9124,,1,0,321,1
brfac9125,,1,0,338,1
brfac9126,,1,0,476,1
brfac9127,,1,0,350,1
brfac9128,,1,0,324,1
brfac9129,,1,0,326,1
brfac913,,1,0,680,1
brfac9130,,1,0,335,1
brfac9131,,1,0,423,1
brfac9132,,1,0,407,1
brfac9133,,1,0,351,1
brfac9134,,1,0,347,1
brfac9135,,1,0,325,1
brfac9136,,1,0,325,1
brfac9137,,1,0,325,1
brfac9138,,1,0,431,1
brfac9139,,1,0,332,1
brfac914,,1,0,670,1
brfac9140,,1,0,319,1
brfac9141,,1,0,327,1
brfac9142,,1,0,313,1
brfac9143,,1,0,329,1
brfac9144,,1,0,326,1
brfac9145,,1,0,319,1
brfac9146,,1,0,331,1
brfac9147,,1,0,336,1
brfac9148,,1,0,327,1
brfac9149,,1,0,439,1
brfac915,,1,0,647,1
brfac9150,,1,0,357,1
brfac9151,,1,0,347,1
brfac9152,,1,0,388,1
brfac9153,,1,0,320,1
brfac9154,,1,0,327,1
brfac9155,,1,0,430,1
brfac9156,,1,0,325,1
brfac9157,,1,0,354,1
brfac9158,,1,0,356,1
brfac9159,,1,0,317,1
brfac916,,1,0,614,1
brfac9160,,1,0,424,1
brfac9161,,1,0,372,1
brfac9162,,1,0,313,1
brfac9163,,1,0,423,1
brfac9164,,1,0,313,1
brfac9165,,1,0,338,1
brfac9166,,1,0,328,1
brfac9167,,1,0,321,1
brfac9168,,1,0,348,1
brfac9169,,1,0,349,1
brfac917,,1,0,622,1
brfac9170,,1,0,345,1
brfac9171,,1,0,324,1
brfac9172,,1,0,338,1
brfac9173,,1,0,368,1
brfac9174,,1,0,335,1
brfac9175,,1,0,333,1
brfac9176,,1,0,323,1
brfac9177,,1,0,337,1
brfac9178,,1,0,319,1
brfac9179,,1,0,335,1
brfac918,,1,0,642,1
brfac9180,,1,0,387,1
brfac9181,,1,0,388,1
brfac9182,,1,0,344,1
brfac9183,,1,0,316,1
brfac9184,,1,0,322,1
brfac9185,,1,0,327,1
brfac9186,,1,0,334,1
brfac9187,,1,0,468,1
brfac9188,,1,0,328,1
brfac9189,,1,0,344,1
brfac919,,1,0,607,1
brfac9190,,1,0,343,1
brfac9191,,1,0,345,1
brfac9192,,1,0,423,1
brfac9193,,1,0,343,1
brfac9194,,1,0,329,1
brfac9195,,1,0,429,1
brfac9196,,1,0,462,1
brfac9197,,1,0,332,1
brfac9198,,1,0,321,1
brfac9199,,1,0,451,1
brfac92,,1,0,1179,1
brfac920,,1,0,591,1
brfac9200,,1,0,445,1
brfac9201,,1,0,416,1
brfac9202,,1,0,439,1
brfac9203,,1,0,334,1
brfac9204,,1,0,342,1
brfac9205,,1,0,432,1
brfac9206,,1,0,335,1
brfac9207,,1,0,338,1
brfac9208,,1,0,317,1
brfac9209,,1,0,448,1
brfac921,,1,0,605,1
brfac9210,,1,0,433,1
brfac9211,,1,0,343,1
brfac9212,,1,0,396,1
brfac9213,,1,0,341,1
brfac9214,,1,0,425,1
brfac9215,,1,0,323,1
brfac9216,,1,0,9,1
brfac9217,,1,0,338,1
brfac9218,,1,0,428,1
brfac9219,,1,0,328,1
brfac922,,1,0,610,1
brfac9220,,1,0,420,1
brfac9221,,1,0,346,1
brfac9222,,1,0,321,1
brfac9223,,1,0,426,1
brfac9224,,1,0,315,1
brfac9225,,1,0,328,1
brfac9226,,1,0,334,1
brfac9227,,1,0,350,1
brfac9228,,1,0,424,1
brfac9229,,1,0,338,1
brfac923,,1,0,625,1
brfac9230,,1,0,443,1
brfac9231,,1,0,331,1
brfac9232,,1,0,336,1
brfac9233,,1,0,430,1
brfac9234,,1,0,365,1
brfac9235,,1,0,316,1
brfac9236,,1,0,355,1
brfac9237,,1,0,345,1
brfac9238,,1,0,432,1
brfac9239,,1,0,342,1
brfac924,,1,0,677,1
brfac9240,,1,0,328,1
brfac9241,,1,0,364,1
brfac9242,,1,0,335,1
brfac9243,,1,0,328,1
brfac9244,,1,0,320,1
brfac9245,,1,0,373,1
brfac9246,,1,0,426,1
brfac9247,,1,0,334,1
brfac9248,,1,0,516,1
brfac9249,,1,0,335,1
brfac925,,1,0,645,1
brfac9250,,1,0,372,1
brfac9251,,1,0,450,1
brfac9252,,1,0,324,1
brfac9253,,1,0,326,1
brfac9254,,1,0,338,1
brfac9255,,1,0,333,1
brfac9256,,1,0,344,1
brfac9257,,1,0,360,1
brfac9258,,1,0,338,1
brfac9259,,1,0,319,1
brfac926,,1,0,682,1
brfac9260,,1,0,318,1
brfac9262,,1,0,319,1
brfac9263,,1,0,348,1
brfac9264,,1,0,342,1
brfac9265,,1,0,330,1
brfac9266,,1,0,321,1
brfac9267,,1,0,339,1
brfac9268,,1,0,324,1
brfac9269,,1,0,441,1
brfac927,,1,0,657,1
brfac9270,,1,0,422,1
brfac9271,,1,0,340,1
brfac9272,,1,0,324,1
brfac9273,,1,0,336,1
brfac9274,,1,0,341,1
brfac9275,,1,0,332,1
brfac9276,,1,0,327,1
brfac9277,,1,0,346,1
brfac9278,,1,0,344,1
brfac9279,,1,0,321,1
brfac928,,1,0,705,1
brfac9280,,1,0,438,1
brfac9281,,1,0,337,1
brfac9282,,1,0,429,1
brfac9283,,1,0,441,1
brfac9284,,1,0,345,1
brfac9285,,1,0,444,1
brfac9286,,1,0,340,1
brfac9287,,1,0,335,1
brfac9288,,1,0,360,1
brfac9289,,1,0,417,1
brfac929,,1,0,656,1
brfac9290,,1,0,332,1
brfac9291,,1,0,326,1
brfac9292,,1,0,328,1
brfac9293,,1,0,335,1
brfac9294,,1,0,316,1
brfac9295,,1,0,449,1
brfac9296,,1,0,316,1
brfac9297,,1,0,337,1
brfac9298,,1,0,327,1
brfac9299,,1,0,328,1
brfac93,,1,0,1136,1
brfac930,,1,0,667,1
brfac9300,,1,0,326,1
brfac9301,,1,0,347,1
brfac9302,,1,0,333,1
brfac9303,,1,0,308,1
brfac9304,,1,0,420,1
brfac9305,,1,0,438,1
brfac9306,,1,0,334,1
brfac9307,,1,0,322,1
brfac9308,,1,0,335,1
brfac9309,,1,0,437,1
brfac931,,1,0,676,1
brfac9310,,1,0,424,1
brfac9311,,1,0,349,1
brfac9312,,1,0,379,1
brfac9313,,1,0,337,1
brfac9314,,1,0,317,1
brfac9315,,1,0,379,1
brfac9316,,1,0,332,1
brfac9317,,1,0,434,1
brfac9318,,1,0,336,1
brfac9319,,1,0,347,1
brfac932,,1,0,613,1
brfac9320,,1,0,354,1
brfac9321,,1,0,330,1
brfac9322,,1,0,347,1
brfac9323,,1,0,365,1
brfac9324,,1,0,348,1
brfac9325,,1,0,330,1
brfac9326,,1,0,344,1
brfac9327,,1,0,336,1
brfac9328,,1,0,369,1
brfac9329,,1,0,349,1
brfac933,,1,0,572,1
brfac9330,,1,0,335,1
brfac9331,,1,0,348,1
brfac9332,,1,0,340,1
brfac9333,,1,0,355,1
brfac9334,,1,0,339,1
brfac9335,,1,0,340,1
brfac9336,,1,0,342,1
brfac9337,,1,0,360,1
brfac9338,,1,0,335,1
brfac9339,,1,0,336,1
brfac934,,1,0,596,1
brfac9340,,1,0,326,1
brfac9341,,1,0,443,1
brfac9342,,1,0,362,1
brfac9343,,1,0,341,1
brfac9344,,1,0,372,1
brfac9345,,1,0,310,1
brfac9346,,1,0,324,1
brfac9347,,1,0,320,1
brfac9348,,1,0,331,1
brfac9349,,1,0,339,1
brfac935,,1,0,607,1
brfac9350,,1,0,380,1
brfac9351,,1,0,413,1
brfac9352,,1,0,334,1
brfac9353,,1,0,333,1
brfac9354,,1,0,329,1
brfac9355,,1,0,315,1
brfac9356,,1,0,328,1
brfac9357,,1,0,319,1
brfac9358,,1,0,348,1
brfac9359,,1,0,332,1
brfac936,,1,0,721,1
brfac9360,,1,0,334,1
brfac9361,,1,0,318,1
brfac9362,,1,0,344,1
brfac9363,,1,0,320,1
brfac9364,,1,0,432,1
brfac9365,,1,0,325,1
brfac9366,,1,0,304,1
brfac9367,,1,0,332,1
brfac9368,,1,0,345,1
brfac9369,,1,0,318,1
brfac937,,1,0,653,1
brfac9370,,1,0,332,1
brfac9371,,1,0,354,1
brfac9372,,1,0,346,1
brfac9373,,1,0,319,1
brfac9374,,1,0,332,1
brfac9375,,1,0,419,1
brfac9376,,1,0,337,1
brfac9377,,1,0,363,1
brfac9378,,1,0,426,1
brfac9379,,1,0,319,1
brfac938,,1,0,619,1
brfac9380,,1,0,345,1
brfac9381,,1,0,323,1
brfac9382,,1,0,325,1
brfac9383,,1,0,437,1
brfac9384,,1,0,332,1
brfac9385,,1,0,320,1
brfac9386,,1,0,438,1
brfac9387,,1,0,331,1
brfac9388,,1,0,322,1
brfac9389,,1,0,348,1
brfac939,,1,0,644,1
brfac9390,,1,0,342,1
brfac9391,,1,0,344,1
brfac9392,,1,0,317,1
brfac9393,,1,0,314,1
brfac9394,,1,0,330,1
brfac9395,,1,0,318,1
brfac9396,,1,0,425,1
brfac9397,,1,0,342,1
brfac9398,,1,0,326,1
brfac9399,,1,0,438,1
brfac94,,1,0,1117,1
brfac940,,1,0,645,1
brfac9400,,1,0,369,1
brfac9401,,1,0,331,1
brfac9402,,1,0,317,1
brfac9403,,1,0,352,1
brfac9404,,1,0,346,1
brfac9405,,1,0,316,1
brfac9406,,1,0,332,1
brfac9407,,1,0,425,1
brfac9408,,1,0,521,1
brfac941,,1,0,588,1
brfac9410,,1,0,334,1
brfac9411,,1,0,329,1
brfac9412,,1,0,429,1
brfac9413,,1,0,339,1
brfac9414,,1,0,426,1
brfac9415,,1,0,325,1
brfac9416,,1,0,432,1
brfac9417,,1,0,428,1
brfac9418,,1,0,335,1
brfac9419,,1,0,358,1
brfac942,,1,0,603,1
brfac9420,,1,0,342,1
brfac9421,,1,0,361,1
brfac9422,,1,0,337,1
brfac9423,,1,0,324,1
brfac9424,,1,0,331,1
brfac9425,,1,0,346,1
brfac9426,,1,0,347,1
brfac9427,,1,0,338,1
brfac9428,,1,0,439,1
brfac9429,,1,0,427,1
brfac943,,1,0,667,1
brfac9430,,1,0,334,1
brfac9431,,1,0,361,1
brfac9432,,1,0,370,1
brfac9433,,1,0,337,1
brfac9434,,1,0,335,1
brfac9435,,1,0,319,1
brfac9436,,1,0,322,1
brfac9437,,1,0,353,1
brfac9438,,1,0,391,1
brfac9439,,1,0,369,1
brfac944,,1,0,680,1
brfac9440,,1,0,335,1
brfac9441,,1,0,339,1
brfac9442,,1,0,316,1
brfac9443,,1,0,351,1
brfac9444,,1,0,335,1
brfac9445,,1,0,339,1
brfac9446,,1,0,319,1
brfac9447,,1,0,417,1
brfac9448,,1,0,314,1
brfac9449,,1,0,342,1
brfac945,,1,0,598,1
brfac9450,,1,0,404,1
brfac9451,,1,0,429,1
brfac9452,,1,0,316,1
brfac9453,,1,0,427,1
brfac9454,,1,0,317,1
brfac9455,,1,0,338,1
brfac9456,,1,0,327,1
brfac9457,,1,0,346,1
brfac9458,,1,0,324,1
brfac9459,,1,0,324,1
brfac946,,1,0,618,1
brfac9460,,1,0,336,1
brfac9461,,1,0,439,1
brfac9462,,1,0,342,1
brfac9463,,1,0,327,1
brfac9464,,1,0,414,1
brfac9465,,1,0,423,1
brfac9466,,1,0,325,1
brfac9467,,1,0,451,1
brfac9468,,1,0,426,1
brfac9469,,1,0,335,1
brfac947,,1,0,615,1
brfac9470,,1,0,326,1
brfac9471,,1,0,337,1
brfac9472,,1,0,344,1
brfac9473,,1,0,436,1
brfac9474,,1,0,338,1
brfac9475,,1,0,315,1
brfac9476,,1,0,316,1
brfac9477,,1,0,362,1
brfac9478,,1,0,349,1
brfac9479,,1,0,437,1
brfac948,,1,0,607,1
brfac9480,,1,0,317,1
brfac9481,,1,0,333,1
brfac9482,,1,0,311,1
brfac9483,,1,0,325,1
brfac9484,,1,0,341,1
brfac9485,,1,0,332,1
brfac9486,,1,0,331,1
brfac9487,,1,0,322,1
brfac9488,,1,0,429,1
brfac9489,,1,0,322,1
brfac949,,1,0,604,1
brfac9490,,1,0,343,1
brfac9491,,1,0,337,1
brfac9492,,1,0,326,1
brfac9493,,1,0,331,1
brfac9494,,1,0,329,1
brfac9495,,1,0,311,1
brfac9496,,1,0,429,1
brfac9497,,1,0,450,1
brfac9498,,1,0,331,1
brfac9499,,1,0,321,1
brfac95,,1,0,1161,1
brfac950,,1,0,678,1
brfac9500,,1,0,365,1
brfac9501,,1,0,348,1
brfac9502,,1,0,333,1
brfac9503,,1,0,331,1
brfac9504,,1,0,338,1
brfac9505,,1,0,333,1
brfac9506,,1,0,353,1
brfac9507,,1,0,324,1
brfac9508,,1,0,419,1
brfac9509,,1,0,354,1
brfac951,,1,0,607,1
brfac9510,,1,0,415,1
brfac9511,,1,0,350,1
brfac9512,,1,0,326,1
brfac9513,,1,0,333,1
brfac9514,,1,0,416,1
brfac9515,,1,0,327,1
brfac9516,,1,0,327,1
brfac9517,,1,0,433,1
brfac9518,,1,0,323,1
brfac9519,,1,0,341,1
brfac952,,1,0,693,1
brfac9520,,1,0,329,1
brfac9521,,1,0,333,1
brfac9522,,1,0,487,1
brfac9523,,1,0,421,1
brfac9524,,1,0,434,1
brfac9525,,1,0,333,1
brfac9526,,1,0,333,1
brfac9527,,1,0,332,1
brfac9528,,1,0,319,1
brfac9529,,1,0,348,1
brfac953,,1,0,632,1
brfac9530,,1,0,332,1
brfac9531,,1,0,346,1
brfac9532,,1,0,325,1
brfac9533,,1,0,348,1
brfac9534,,1,0,324,1
brfac9535,,1,0,336,1
brfac9536,,1,0,437,1
brfac9537,,1,0,430,1
brfac9538,,1,0,332,1
brfac9539,,1,0,382,1
brfac954,,1,0,603,1
brfac9540,,1,0,342,1
brfac9541,,1,0,330,1
brfac9542,,1,0,433,1
brfac9543,,1,0,429,1
brfac9544,,1,0,331,1
brfac9545,,1,0,347,1
brfac9546,,1,0,429,1
brfac9547,,1,0,361,1
brfac9548,,1,0,320,1
brfac9549,,1,0,331,1
brfac955,,1,0,700,1
brfac9550,,1,0,328,1
brfac9551,,1,0,347,1
brfac9552,,1,0,427,1
brfac9553,,1,0,344,1
brfac9554,,1,0,336,1
brfac9555,,1,0,405,1
brfac9556,,1,0,340,1
brfac9557,,1,0,307,1
brfac9558,,1,0,356,1
brfac9559,,1,0,355,1
brfac956,,1,0,643,1
brfac9560,,1,0,340,1
brfac9561,,1,0,423,1
brfac9562,,1,0,332,1
brfac9563,,1,0,312,1
brfac9564,,1,0,332,1
brfac9565,,1,0,343,1
brfac9566,,1,0,414,1
brfac9567,,1,0,319,1
brfac9568,,1,0,373,1
brfac9569,,1,0,332,1
brfac957,,1,0,617,1
brfac9570,,1,0,337,1
brfac9571,,1,0,314,1
brfac9572,,1,0,321,1
brfac9573,,1,0,334,1
brfac9574,,1,0,312,1
brfac9575,,1,0,368,1
brfac9576,,1,0,375,1
brfac9577,,1,0,421,1
brfac9578,,1,0,338,1
brfac9579,,1,0,355,1
brfac958,,1,0,602,1
brfac9580,,1,0,348,1
brfac9581,,1,0,323,1
brfac9582,,1,0,320,1
brfac9583,,1,0,462,1
brfac9584,,1,0,347,1
brfac9585,,1,0,326,1
brfac9586,,1,0,326,1
brfac9587,,1,0,438,1
brfac9588,,1,0,319,1
brfac9589,,1,0,341,1
brfac959,,1,0,581,1
brfac9590,,1,0,432,1
brfac9591,,1,0,331,1
brfac9592,,1,0,423,1
brfac9593,,1,0,324,1
brfac9594,,1,0,326,1
brfac9595,,1,0,321,1
brfac9596,,1,0,363,1
brfac9597,,1,0,426,1
brfac9598,,1,0,318,1
brfac9599,,1,0,335,1
brfac96,,1,0,1242,1
brfac960,,1,0,764,1
brfac9600,,1,0,472,1
brfac9601,,1,0,344,1
brfac9602,,1,0,326,1
brfac9603,,1,0,326,1
brfac9604,,1,0,9,1
brfac9605,,1,0,332,1
brfac9606,,1,0,323,1
brfac9607,,1,0,327,1
brfac9608,,1,0,328,1
brfac9609,,1,0,340,1
brfac9610,,1,0,462,1
brfac9611,,1,0,341,1
brfac9612,,1,0,378,1
brfac9613,,1,0,347,1
brfac9614,,1,0,411,1
brfac9615,,1,0,318,1
brfac9616,,1,0,335,1
brfac9617,,1,0,340,1
brfac9618,,1,0,343,1
brfac9619,,1,0,365,1
brfac962,,1,0,614,1
brfac9620,,1,0,332,1
brfac9621,,1,0,325,1
brfac9622,,1,0,313,1
brfac9623,,1,0,356,1
brfac9624,,1,0,319,1
brfac9625,,1,0,324,1
brfac9626,,1,0,324,1
brfac9627,,1,0,335,1
brfac9628,,1,0,329,1
brfac9629,,1,0,339,1
brfac963,,1,0,613,1
brfac9630,,1,0,335,1
brfac9631,,1,0,337,1
brfac9632,,1,0,360,1
brfac9633,,1,0,329,1
brfac9634,,1,0,421,1
brfac9635,,1,0,325,1
brfac9636,,1,0,324,1
brfac9637,,1,0,341,1
brfac9638,,1,0,329,1
brfac9639,,1,0,399,1
brfac964,,1,0,610,1
brfac9640,,1,0,327,1
brfac9641,,1,0,328,1
brfac9642,,1,0,313,1
brfac9643,,1,0,355,1
brfac9644,,1,0,331,1
brfac9645,,1,0,337,1
brfac9646,,1,0,328,1
brfac9647,,1,0,318,1
brfac9648,,1,0,325,1
brfac9649,,1,0,443,1
brfac965,,1,0,691,1
brfac9650,,1,0,339,1
brfac9651,,1,0,317,1
brfac9652,,1,0,318,1
brfac9653,,1,0,349,1
brfac9654,,1,0,336,1
brfac9655,,1,0,308,1
brfac9656,,1,0,329,1
brfac9657,,1,0,324,1
brfac9658,,1,0,314,1
brfac9659,,1,0,327,1
brfac966,,1,0,610,1
brfac9660,,1,0,408,1
brfac9661,,1,0,346,1
brfac9662,,1,0,321,1
brfac9663,,1,0,338,1
brfac9664,,1,0,323,1
brfac9665,,1,0,357,1
brfac9666,,1,0,365,1
brfac9667,,1,0,314,1
brfac9668,,1,0,341,1
brfac9669,,1,0,329,1
brfac967,,1,0,626,1
brfac9670,,1,0,312,1
brfac9671,,1,0,424,1
brfac9672,,1,0,324,1
brfac9673,,1,0,330,1
brfac9674,,1,0,310,1
brfac9675,,1,0,404,1
brfac9676,,1,0,318,1
brfac9677,,1,0,320,1
brfac9678,,1,0,440,1
brfac9679,,1,0,452,1
brfac968,,1,0,893,1
brfac9680,,1,0,405,1
brfac9681,,1,0,328,1
brfac9682,,1,0,332,1
brfac9683,,1,0,332,1
brfac9684,,1,0,336,1
brfac9685,,1,0,323,1
brfac9686,,1,0,339,1
brfac9687,,1,0,324,1
brfac9688,,1,0,344,1
brfac9689,,1,0,335,1
brfac969,,1,0,579,1
brfac9690,,1,0,344,1
brfac9691,,1,0,332,1
brfac9692,,1,0,334,1
brfac9693,,1,0,333,1
brfac9694,,1,0,337,1
brfac9695,,1,0,334,1
brfac9696,,1,0,329,1
brfac9697,,1,0,334,1
brfac9698,,1,0,332,1
brfac9699,,1,0,313,1
brfac97,,1,0,1184,1
brfac970,,1,0,625,1
brfac9700,,1,0,316,1
brfac9701,,1,0,325,1
brfac9702,,1,0,388,1
brfac9703,,1,0,423,1
brfac9704,,1,0,326,1
brfac9705,,1,0,332,1
brfac9706,,1,0,329,1
brfac9707,,1,0,322,1
brfac9708,,1,0,357,1
brfac9709,,1,0,328,1
brfac971,,1,0,653,1
brfac9710,,1,0,337,1
brfac9711,,1,0,345,1
brfac9712,,1,0,335,1
brfac9713,,1,0,340,1
brfac9714,,1,0,436,1
brfac9715,,1,0,340,1
brfac9716,,1,0,441,1
brfac9717,,1,0,330,1
brfac9718,,1,0,333,1
brfac9719,,1,0,342,1
brfac972,,1,0,881,1
brfac9720,,1,0,435,1
brfac9721,,1,0,363,1
brfac9722,,1,0,337,1
brfac9723,,1,0,339,1
brfac9724,,1,0,316,1
brfac9725,,1,0,332,1
brfac9726,,1,0,338,1
brfac9727,,1,0,334,1
brfac9728,,1,0,393,1
brfac9729,,1,0,322,1
brfac973,,1,0,665,1
brfac9730,,1,0,425,1
brfac9731,,1,0,326,1
brfac9732,,1,0,327,1
brfac9733,,1,0,438,1
brfac9734,,1,0,417,1
brfac9735,,1,0,334,1
brfac9736,,1,0,339,1
brfac9737,,1,0,346,1
brfac9738,,1,0,333,1
brfac9739,,1,0,352,1
brfac974,,1,0,634,1
brfac9740,,1,0,333,1
brfac9741,,1,0,327,1
brfac9742,,1,0,339,1
brfac9743,,1,0,359,1
brfac9744,,1,0,339,1
brfac9745,,1,0,337,1
brfac9746,,1,0,341,1
brfac9747,,1,0,529,1
brfac9748,,1,0,332,1
brfac9749,,1,0,353,1
brfac975,,1,0,711,1
brfac9750,,1,0,311,1
brfac9751,,1,0,343,1
brfac9752,,1,0,328,1
brfac9753,,1,0,347,1
brfac9754,,1,0,304,1
brfac9755,,1,0,355,1
brfac9756,,1,0,374,1
brfac9757,,1,0,435,1
brfac9758,,1,0,322,1
brfac9759,,1,0,341,1
brfac976,,1,0,637,1
brfac9760,,1,0,367,1
brfac9761,,1,0,344,1
brfac9762,,1,0,339,1
brfac9763,,1,0,416,1
brfac9764,,1,0,309,1
brfac9765,,1,0,325,1
brfac9766,,1,0,331,1
brfac9767,,1,0,350,1
brfac9768,,1,0,331,1
brfac9769,,1,0,345,1
brfac977,,1,0,963,1
brfac9770,,1,0,326,1
brfac9771,,1,0,329,1
brfac9772,,1,0,321,1
brfac9773,,1,0,316,1
brfac9774,,1,0,354,1
brfac9775,,1,0,334,1
brfac9776,,1,0,338,1
brfac9777,,1,0,319,1
brfac9778,,1,0,429,1
brfac9779,,1,0,324,1
brfac978,,1,0,621,1
brfac9780,,1,0,317,1
brfac9781,,1,0,443,1
brfac9782,,1,0,314,1
brfac9783,,1,0,331,1
brfac9784,,1,0,335,1
brfac9785,,1,0,316,1
brfac9786,,1,0,337,1
brfac9787,,1,0,341,1
brfac9788,,1,0,338,1
brfac9789,,1,0,313,1
brfac979,,1,0,598,1
brfac9790,,1,0,419,1
brfac9791,,1,0,331,1
brfac9792,,1,0,442,1
brfac9793,,1,0,325,1
brfac9794,,1,0,345,1
brfac9795,,1,0,333,1
brfac9796,,1,0,322,1
brfac9797,,1,0,316,1
brfac9798,,1,0,340,1
brfac9799,,1,0,323,1
brfac98,,1,0,1432,1
brfac980,,1,0,690,1
brfac9800,,1,0,540,1
brfac9802,,1,0,387,1
brfac9803,,1,0,364,1
brfac9804,,1,0,318,1
brfac9805,,1,0,350,1
brfac9806,,1,0,345,1
brfac9807,,1,0,346,1
brfac9808,,1,0,345,1
brfac9809,,1,0,432,1
brfac981,,1,0,694,1
brfac9810,,1,0,439,1
brfac9811,,1,0,359,1
brfac9812,,1,0,429,1
brfac9813,,1,0,331,1
brfac9814,,1,0,325,1
brfac9815,,1,0,346,1
brfac9816,,1,0,327,1
brfac9817,,1,0,346,1
brfac9818,,1,0,347,1
brfac9819,,1,0,417,1
brfac982,,1,0,596,1
brfac9820,,1,0,312,1
brfac9821,,1,0,318,1
brfac9822,,1,0,328,1
brfac9823,,1,0,335,1
brfac9824,,1,0,324,1
brfac9825,,1,0,339,1
brfac9826,,1,0,395,1
brfac9827,,1,0,323,1
brfac9828,,1,0,332,1
brfac9829,,1,0,358,1
brfac983,,1,0,599,1
brfac9830,,1,0,340,1
brfac9831,,1,0,427,1
brfac9832,,1,0,317,1
brfac9833,,1,0,347,1
brfac9834,,1,0,316,1
brfac9835,,1,0,339,1
brfac9836,,1,0,315,1
brfac9837,,1,0,304,1
brfac9838,,1,0,338,1
brfac9839,,1,0,434,1
brfac984,,1,0,608,1
brfac9840,,1,0,366,1
brfac9841,,1,0,329,1
brfac9842,,1,0,325,1
brfac9843,,1,0,333,1
brfac9844,,1,0,333,1
brfac9845,,1,0,322,1
brfac9846,,1,0,327,1
brfac9847,,1,0,354,1
brfac9848,,1,0,315,1
brfac9849,,1,0,331,1
brfac985,,1,0,585,1
brfac9850,,1,0,432,1
brfac9851,,1,0,444,1
brfac9852,,1,0,333,1
brfac9853,,1,0,328,1
brfac9854,,1,0,338,1
brfac9855,,1,0,313,1
brfac9856,,1,0,334,1
brfac9857,,1,0,363,1
brfac9858,,1,0,308,1
brfac9859,,1,0,339,1
brfac986,,1,0,595,1
brfac9860,,1,0,338,1
brfac9861,,1,0,440,1
brfac9862,,1,0,421,1
brfac9863,,1,0,329,1
brfac9864,,1,0,325,1
brfac9865,,1,0,332,1
brfac9866,,1,0,339,1
brfac9867,,1,0,327,1
brfac9868,,1,0,316,1
brfac9869,,1,0,412,1
brfac987,,1,0,600,1
brfac9870,,1,0,433,1
brfac9871,,1,0,351,1
brfac9872,,1,0,331,1
brfac9873,,1,0,323,1
brfac9874,,1,0,341,1
brfac9875,,1,0,332,1
brfac9876,,1,0,446,1
brfac9877,,1,0,319,1
brfac9878,,1,0,338,1
brfac9879,,1,0,432,1
brfac988,,1,0,629,1
brfac9880,,1,0,435,1
brfac9881,,1,0,419,1
brfac9882,,1,0,354,1
brfac9883,,1,0,346,1
brfac9884,,1,0,330,1
brfac9885,,1,0,430,1
brfac9886,,1,0,318,1
brfac9887,,1,0,343,1
brfac9888,,1,0,426,1
brfac9889,,1,0,434,1
brfac989,,1,0,579,1
brfac9890,,1,0,319,1
brfac9891,,1,0,333,1
brfac9892,,1,0,340,1
brfac9893,,1,0,325,1
brfac9894,,1,0,330,1
brfac9895,,1,0,336,1
brfac9896,,1,0,321,1
brfac9897,,1,0,417,1
brfac9898,,1,0,345,1
brfac9899,,1,0,301,1
brfac99,,1,0,1157,1
brfac990,,1,0,683,1
brfac9900,,1,0,426,1
brfac9901,,1,0,362,1
brfac9902,,1,0,328,1
brfac9903,,1,0,329,1
brfac9904,,1,0,314,1
brfac9905,,1,0,339,1
brfac9906,,1,0,319,1
brfac9907,,1,0,351,1
brfac9908,,1,0,325,1
brfac9909,,1,0,307,1
brfac991,,1,0,657,1
brfac9910,,1,0,319,1
brfac9911,,1,0,320,1
brfac9912,,1,0,419,1
brfac9913,,1,0,339,1
brfac9914,,1,0,334,1
brfac9915,,1,0,336,1
brfac9916,,1,0,310,1
brfac9917,,1,0,310,1
brfac9918,,1,0,419,1
brfac9919,,1,0,323,1
brfac992,,1,0,623,1
brfac9920,,1,0,422,1
brfac9921,,1,0,331,1
brfac9922,,1,0,325,1
brfac9923,,1,0,454,1
brfac9924,,1,0,335,1
brfac9925,,1,0,319,1
brfac9926,,1,0,322,1
brfac9927,,1,0,305,1
brfac9928,,1,0,333,1
brfac9929,,1,0,328,1
brfac993,,1,0,671,1
brfac9930,,1,0,326,1
brfac9931,,1,0,327,1
brfac9932,,1,0,346,1
brfac9933,,1,0,326,1
brfac9934,,1,0,317,1
brfac9935,,1,0,330,1
brfac9936,,1,0,432,1
brfac9937,,1,0,330,1
brfac9938,,1,0,339,1
brfac9939,,1,0,331,1
brfac994,,1,0,613,1
brfac9940,,1,0,422,1
brfac9941,,1,0,354,1
brfac9942,,1,0,318,1
brfac9943,,1,0,313,1
brfac9944,,1,0,425,1
brfac9945,,1,0,435,1
brfac9946,,1,0,315,1
brfac9947,,1,0,364,1
brfac9948,,1,0,435,1
brfac9949,,1,0,460,1
brfac995,,1,0,602,1
brfac9950,,1,0,327,1
brfac9951,,1,0,320,1
brfac9952,,1,0,324,1
brfac9953,,1,0,311,1
brfac9954,,1,0,434,1
brfac9955,,1,0,313,1
brfac9956,,1,0,426,1
brfac9957,,1,0,431,1
brfac9958,,1,0,313,1
brfac9959,,1,0,309,1
brfac996,,1,0,608,1
brfac9960,,1,0,308,1
brfac9961,,1,0,324,1
brfac9962,,1,0,427,1
brfac9963,,1,0,400,1
brfac9964,,1,0,315,1
brfac9965,,1,0,307,1
brfac9966,,1,0,325,1
brfac9967,,1,0,331,1
brfac9968,,1,0,424,1
brfac9969,,1,0,419,1
brfac997,,1,0,614,1
brfac9970,,1,0,337,1
brfac9971,,1,0,307,1
brfac9972,,1,0,332,1
brfac9973,,1,0,348,1
brfac9974,,1,0,438,1
brfac9975,,1,0,363,1
brfac9976,,1,0,308,1
brfac9977,,1,0,329,1
brfac9978,,1,0,319,1
brfac9979,,1,0,336,1
brfac998,,1,0,584,1
brfac9980,,1,0,332,1
brfac9981,,1,0,347,1
brfac9982,,1,0,310,1
brfac9983,,1,0,313,1
brfac9984,,1,0,384,1
brfac9985,,1,0,335,1
brfac9986,,1,0,304,1
brfac9987,,1,0,332,1
brfac9988,,1,0,329,1
brfac9989,,1,0,304,1
brfac999,,1,0,672,1
brfac9990,,1,0,426,1
brfac9991,,1,0,303,1
brfac9992,,1,0,429,1
brfac9993,,1,0,329,1
brfac9994,,1,0,316,1
brfac9995,,1,0,338,1
brfac9996,,1,0,420,1
brfac9997,,1,0,431,1
brfac9998,,1,0,321,1
brfac9999,,1,0,847,1
bridge,,1,0,15,1
brightness,,1,0,0,1
brightness-notify,,1,0,12,1
browser,,1,0,3,1
brussels,,1,1,0,1
bsd-2-caluse,,1,0,27,1
bsd-2-clause,,1,0,5,1
bskk,,1,0,3,1
btaptap,,1,0,14,1
btf,,1,0,5,1
btplay,,1,0,2,1
btrfs-space-calculator,,1,0,2,1
bublice,,1,0,18,1
bug-report,,1,0,38,1
bug_io_prompt_local_argv,,1,0,38,1
bug_io_prompter_local_argv,,1,0,44,1
bug_ssl_win32_1,,1,0,30,1
bug_ssl_win32_2,,1,0,44,1
bug_ssl_win32_3_http,,1,0,33,1
bugtraq_post,,1,0,78,1
bugz,,1,0,0,1
build-all,,1,0,16,1
build-cursors,,1,0,97,1
build-darwin-binary,,1,0,6,1
build-docs,,1,0,4,1
build-index,,1,0,26,1
build-self-contained,,1,0,0,1
build-stamp,,1,0,0,1
build8,,1,0,2,1
build_flite,,1,0,11,1
build_instructions,,1,0,4,1
build_ripole,,1,0,4,1
build_sdsl,,1,0,20,1
build_tnef,,1,0,3,1
build_wasi_jasper,,1,0,2,1
buildlib-osx,,1,0,155,1
buildmacros,,1,0,4,1
builtin,,1,0,10,1
bumblebee,,1,0,6,1
bump-boto,,1,0,3,1
bump-kernels,,1,0,9,1
bump-kernels-bin,,1,0,1,1
bump_version,,1,0,2,1
bumpversion,,1,0,16,1
burniso,,1,0,16,1
bus,,1,0,2,1
buttercup,,1,0,2,1
byebug,,1,0,27,1
byequiv,,1,0,8,1
byphoare,,1,0,8,1
bypr,,1,0,8,1
c21,,1,0,0,1
c22,,1,0,0,1
c4,,1,0,0,1
caddyfile,,1,0,30,1
cairo,,1,0,2,1
calc-characteristic,,1,1,0,1
calc-characteristic-mpi,,1,1,0,1
calc-jump,,1,1,0,1
calculate-waste,,1,0,0,1
calendar_query_shared,,1,0,82,1
calendarevent_changes_recreate_uid,,1,0,100,1
call,,1,0,8,1
call-invar,,1,0,8,1
call-invar2,,1,0,8,1
call-invar3,,1,0,8,1
call-true,,1,0,8,1
call-true-true,,1,0,8,1
call1,,1,0,8,1
call1-invar,,1,0,8,1
call1-true,,1,0,8,1
call1-true-true,,1,0,8,1
call2,,1,0,8,1
call2-invar,,1,0,8,1
call2-true,,1,0,8,1
call2-true-true,,1,0,8,1
callback,,1,0,4,1
canon-cr2,,1,0,7,1
card_set_create_addresses,,1,0,4,1
carton,,1,0,6,1
case-move,,1,0,8,1
cassert,,1,0,10,1
cat,,1,0,1,1
cat-names,,1,0,0,1
caveats,,1,0,29,1
cc,,1,0,2,1
cc-by,,1,0,0,1
cc-by-nc,,1,0,0,1
cc-by-nc-nd,,1,0,0,1
cc-by-nc-sa,,1,0,0,1
cc-by-nd,,1,0,0,1
cc-by-sa,,1,0,0,1
cc0,,1,0,0,1
ccache,,1,0,1,1
cciss_vol_status-v_dev_sg0,,1,0,23,1
cclass-metaclass2,,1,0,2,1
cctype,,1,0,26,1
cd,,1,0,0,1
cdrip,,1,0,88,1
celery_pdb,,1,0,2,1
centos7,,1,0,5,1
centos8,,1,0,3,1
cerrno,,1,0,10,1
cfg-update_indexing,,1,0,12,1
cfg-update_phphelper,,1,0,110,1
cfloat,,1,0,10,1
cfold,,1,0,8,1
cfold-from-to,,1,0,8,1
cfold-from-to1,,1,0,8,1
cfold-from-to2,,1,0,8,1
cfold1,,1,0,8,1
cfold2,,1,0,8,1
cfold_from_to,,1,0,6,1
cfold_from_to1,,1,0,6,1
cfold_from_to2,,1,0,6,1
cgroup,,1,0,1,1
changelog-20090517,"Documentation(""General"")",1,0,68,1
changelog-orig,"Documentation(""General"")",1,0,9,1
changelog2,"Documentation(""General"")",1,0,0,1
changelogunzip,"Documentation(""General"")",1,0,67,1
check-bash-lab-experiments,,1,0,0,1
check-clang-format,,1,0,17,1
check-exports,,1,0,2,1
check-generated-files,,1,0,19,1
check-headers,,1,0,41,1
check-licenses-gpl2,,1,0,10,1
check-mismatched-packages,,1,0,2,1
check-permissions,,1,0,2,1
check-psk-crack-1,,1,0,4,1
check-psk-crack-2,,1,0,8,1
check-psk-crack-3,,1,0,8,1
check-psk-crack-4,,1,0,8,1
check-run2,,1,0,2,1
check-run3,,1,0,2,1
check-script,,1,0,14,1
check-translations,,1,0,6,1
check-vendor-ids,,1,0,4,1
check-vspec-result,,1,0,2,1
check_bufferoverflow,,1,0,2,1
check_command_line_options,,1,0,2,1
check_entities,,1,0,2,1
check_fallback_entities,,1,0,2,1
check_go_version,,1,0,44,1
check_hr,,1,0,2,1
check_html32,,1,0,2,1
check_latex,,1,0,2,1
check_latin2,,1,0,2,1
check_ligatures,,1,0,2,1
check_links_inline,,1,0,2,1
check_lists,,1,0,2,1
check_multiple,,1,0,30,1
check_needrestart,,1,0,2,1
check_po,,1,0,5,1
check_rpc,,1,0,2,1
check_script,,1,0,2,1
check_utf8_to_latin1,,1,0,2,1
check_widths,,1,0,2,1
check_win64err,,1,0,17,1
check_windows-1252,,1,0,2,1
check_winerr,,1,0,17,1
check_xml_default_encoding,,1,0,2,1
checkall,,1,0,18,1
checkallmarks,,1,0,19,1
checktests,,1,0,71,1
ci,,1,0,2,1
ci-build,,1,0,46,1
ci-docker-run,,1,0,1,1
ci-install-compiler,,1,0,10,1
ci-script,,1,0,3,1
cinaps_helpers,,1,0,74,1
circular,,1,0,8,1
citeproc-arg,,1,0,24,1
clang,,1,0,1,1
clang-format-check,,1,0,7,1
clang-tidy-checks,,1,0,1,1
class11,,1,0,24,1
class_doxygen_doc,,1,0,2,1
class_name,,1,0,6,1
classmethod,,1,0,2,1
clean-class,,1,0,1,1
clean-filter,,1,0,7,1
cleanschema,,1,0,27,1
clear,,1,0,8,1
clearlist,,1,0,8,1
clearlogos,,1,0,13,1
clearlooks,,1,0,11,1
clevis-decrypt-@pin@,,1,0,73,1
clevis-decrypt-file,,1,0,59,1
clevis-encrypt-@pin@,,1,0,140,1
clevis-encrypt-file,,1,0,65,1
client,,1,1,0,1
clifmrc,,1,0,8,1
climits,,1,0,10,1
cliphist-fuzzel-img,,1,0,53,1
cliphist-fzf-sixel,,1,0,20,1
cliphist-rofi,,1,0,7,1
cliphist-rofi-img,,1,0,22,1
clj,,1,0,80,1
clocale,,1,0,16,1
clone-as,,1,0,8,1
clone-as-with,,1,0,8,1
clone-import,,1,0,8,1
clone-include,,1,0,8,1
clone-no-with,,1,0,6,1
cloud-localds,,1,0,6,1
cloud-publish-ubuntu,,1,0,169,1
clusterfuzz-testcase-minimized-unpack_pack_fuzzer-5656982724804608,,1,1,0,1
clusterfuzz-testcase-minimized-unpack_pack_fuzzer-6022481354686464,,1,1,0,1
cmake-fedora,,1,0,1,1
cmake-gettext,,1,0,2,1
cmake-osx,,1,0,12,1
cmake_mex_wrapper,,1,0,4,1
cmath,,1,0,35,1
cmd,"Data(""Text"")",1,0,12,1
cmdliner,,1,0,2,1
co,,1,0,2,1
coda-sync-acls,,1,0,1,1
collection,,1,0,2,1
colorpicker,,1,0,102,1
colors,,1,0,40,1
colortest,,1,0,5,1
colour-blacklist,,1,0,0,1
colour-whitelist,,1,0,0,1
colours,,1,0,17,1
com,,1,0,7,1
command_ignorelist,,1,0,560,1
commandlinefu,,1,0,1,1
comment,,1,0,8,1
commentblock,,1,0,17,1
commented,,1,0,8,1
commenter,,1,0,1,1
commit-hash,,1,0,2,1
commit-snippet-2,,1,0,5,1
common-config,,1,0,2,1
common-data,,1,0,2,1
common-functions,,1,0,2,1
common_solutions,,1,0,17,1
compare_volk_profiles,,1,0,69,1
compile-wrappers,,1,0,141,1
compilerss,,1,0,2,1
complement,,1,0,2,1
complete,,1,0,14,1
complex_schema,,1,0,24,1
compliance,,1,0,109,1
composable_kernel,,1,0,2,1
compute_prefix,,1,0,28,1
cond,,1,0,7,1
condp,,1,0,5,1
conffiles,,1,0,1,1
config_file,,1,0,34,1
config_script_example_1,,1,0,6,1
config_template,,1,0,6,1
configure-debug,,1,0,8,1
connection_reset_test,,1,0,2,1
cons,,1,0,2,1
conseq,,1,0,8,1
conseq-invar,,1,0,8,1
conseq-true,,1,0,8,1
conseq-true-true,,1,0,8,1
conseq1,,1,0,8,1
conseq1-invar,,1,0,8,1
conseq1-true,,1,0,8,1
conseq1-true-true,,1,0,8,1
conseq2,,1,0,8,1
conseq2-invar,,1,0,8,1
conseq2-true,,1,0,8,1
conseq2-true-true,,1,0,8,1
const,,1,0,6,1
consts,,1,0,1,1
containers,,1,0,721,1
contents,,1,0,84,1
contribute,,1,0,9,1
controller,,1,0,2,1
convert-highscorefile,,1,0,44,1
convert-settings,,1,0,35,1
convert_documentation,,1,0,3,1
copr-build-setup,,1,0,1,1
copying-lgpl,"Documentation(""Legal"")",1,0,165,1
copying-license,"Documentation(""Legal"")",1,0,13,1
copying-sdl2,"Documentation(""Legal"")",1,0,0,1
copying3,"Documentation(""Legal"")",1,0,0,1
copynotice,,1,0,2,1
copyright_exceptions,,1,0,0,1
coq-error,,1,0,11,1
coqauvin,,1,0,23,1
coraid-update,,1,0,82,1
corebuild,,1,0,13,1
cores-linux-x64-generic,,1,0,1,1
coretop,,1,0,3,1
corollary,,1,0,8,1
correct-dic,,1,1,0,1
correct-result,,1,0,16,1
cosmos,,1,0,2,1
coucal,,1,0,2,1
coverage1,,1,0,3,1
cowthink,,1,0,0,1
coyhaique,,1,1,0,1
cp-with-libs,,1,0,264,1
cpp-base64,,1,0,2,1
cpp_template,,1,0,16,1
cppcheck,,1,0,13,1
cppcheck-fs-uae,,1,0,0,1
cppcheck-libfsemu,,1,0,0,1
cppcheck-libmpeg2,,1,0,0,1
cppcheck-lua,,1,0,0,1
cppcheck-manymouse,,1,0,0,1
cppcheck-od-fs,,1,0,0,1
cppcheck-pearpc,,1,0,0,1
cppcheck-ppc,,1,0,0,1
cppcheck-slirp,,1,0,0,1
cppcheck-uae,,1,0,0,1
cprofile,,1,0,92,1
cpu_usage,,1,0,10,1
cpuactturbo,,1,0,6,1
cpuhotplug,,1,0,6,1
crash-68f8e0ba3d73255e879027ffd2dd39bf8cc34120,,1,0,1,1
crashpad,,1,0,2,1
create-changes,,1,0,4,1
create-cluster,,1,0,147,1
create-test,,1,0,2,1
create-test-pack,,1,0,3,1
create_deb,,1,0,2,1
create_folder,,1,0,29,1
create_mysql,,1,0,6,1
createlist,,1,0,2,1
createpkg,,1,0,5,1
credits-music,,1,0,10,1
cronlist,,1,0,2,1
crowdsec,,1,0,2,1
crunch,,1,0,1,1
crunch_memory,,1,0,34,1
crypttab-test-data,,1,0,0,1
cs_cz,,1,0,14,1
csetjmp,,1,0,15,1
csignal,,1,0,16,1
cstdarg,,1,0,14,1
cstddef,,1,0,15,1
cstdio,,1,0,57,1
cstdlib,,1,0,43,1
cstring,,1,0,36,1
ctan,,1,0,1,1
ctime,,1,0,26,1
ctrl-status,,1,0,6,1
cub,,1,0,1,1
cubeb-coreaudio-rs,,1,0,2,1
curl,,1,0,1,1
cursorcreate,,1,0,1,1
cve-2019-16378,,1,0,12,1
cve-2020-12272,,1,0,4,1
cvscompile,,1,0,14,1
cwchar,,1,0,156,1
cwctype,,1,0,39,1
cyr-2428-remove-libcap-support,,1,0,23,1
d0b64ca4dd3e5dbcd9d1a12a1f2b84f893a22d,,1,1,0,1
d1,,1,0,0,1
d217fb2d81d4314d48ade41ad3cad13324861d296e4e786e6498f3123951709c,,1,0,1,1
daemonconfig,,1,1,0,1
daily_rollover_script,,1,0,27,1
danted-waitif,,1,0,5,1
dark,,1,0,2,1
darkstat_export,,1,0,2,1
darts,,1,1,0,1
data512,,1,1,0,1
data8190,,1,1,0,1
data8192,,1,1,0,1
data_utf7,,1,0,30,1
dataset,,1,0,2,1
date-order,,1,0,0,1
date_manip,,1,0,28,1
dau,,1,0,38,1
day,,1,0,17,1
db2,,1,0,8,1
db_headers_common,,1,0,4,1
db_outdated,,1,0,2,1
dbfile,,1,0,36,1
dbg,,1,0,2,1
dbi-version,,1,0,6,1
dbmdeep,,1,0,39,1
dcfldd,,1,0,0,1
dco,,1,0,37,1
dde898df4e48755c8c2b7af6f908b6fa48a229,,1,1,0,1
de,,1,1,0,1
de1028a3fe87471f027522c3ed9ec02b8364a006,,1,0,1,1
de230c4a009f5ee5fbb27984642d0130b86046,,1,1,0,1
deb,,1,0,2,1
deb_buildcheck_profiles_sources,,1,0,14,1
debian-binary,,1,0,1,1
debian-cloud-image-config,,1,0,68,1
debian-devel,,1,0,561,1
debian_test_build,,1,0,6,1
deblists,,1,0,9,1
debpkghome,,1,0,16,1
debsec,,1,0,4,1
debsrc,,1,0,13,1
debugedit,,1,0,1,1
debwiki,,1,0,1,1
dec,,1,0,2,1
decals,,1,0,2,1
declare,,1,0,7,1
declarelicense,,1,0,26,1
decompressall,,1,0,40,1
decrement-counter,,1,0,8,1
dectest32-sp,,1,1,0,1
dectest64-sp,,1,1,0,1
deer,,1,0,25,1
deer2,,1,0,20,1
default_config,,1,0,23,1
default_matwmrc,,1,0,0,1
default_preview_path,,1,0,14,1
deflated-content,,1,1,0,1
defm,,1,0,3,1
defn,,1,0,3,1
defr,,1,0,4,1
defs,,1,0,348,1
deft,,1,0,2,1
deftest,,1,0,2,1
degree,,1,1,0,1
deja,,1,0,1,1
delete,,1,0,30,1
delete_all_folders,,1,0,36,1
delete_folder,,1,0,36,1
delink,,1,0,2,1
demo,,1,0,17,1
demo_instructions,,1,0,59,1
demo_sub,,1,0,33,1
description-pak,,1,0,2,1
design,,1,0,66,1
desk,,1,0,16,1
destroy,,1,0,3,1
desy-keycloak,,1,0,9,1
detoxrc,,1,0,29,1
devel,,1,0,1,1
developers,,1,0,3,1
developing,,1,0,63,1
device,,1,0,0,1
dfa,,1,0,35,1
diff-filelist-perms,,1,0,8,1
diff-filelist-ver,,1,0,19,1
diffprofile,,1,0,1,1
digitemp_,,1,0,11,1
dir_metadata,,1,0,3,1
directxmath,,1,0,2,1
dirname,,1,0,2,1
discogs,,1,0,9,1
diskdump-basic,,1,0,64,1
diskdump-basic-lzo,,1,0,4,1
diskdump-basic-raw,,1,0,4,1
diskdump-basic-snappy,,1,0,4,1
diskdump-basic-zlib,,1,0,4,1
diskdump-basic-zstd,,1,0,4,1
diskdump-empty,,1,0,71,1
diskdump-empty-i386,,1,0,24,1
diskdump-empty-ppc64,,1,0,24,1
diskdump-empty-s390x,,1,0,24,1
diskdump-empty-x86_64,,1,0,24,1
diskdump-excluded,,1,0,76,1
diskdump-flat-raw,,1,0,5,1
diskdump-multiread,,1,0,59,1
diskdump-split,,1,0,175,1
diskdump-split-flat,,1,0,177,1
diskdump-split-mixed,,1,0,182,1
diskdump-v6-arm,,1,0,64,1
diskdump-v6-ia32,,1,0,63,1
disklist,,1,0,110,1
display-names,,1,0,1,1
dist_exclude,,1,0,1,1
distcc,,1,0,1,1
distcheck,,1,0,2,1
distrobox-ephemeral,,1,0,2,1
distrobox-export,,1,0,2,1
distrobox-generate-entry,,1,0,2,1
distrobox-host-exec,,1,0,2,1
distrobox-list,,1,0,2,1
distrobox-rm,,1,0,2,1
distrobox-stop,,1,0,2,1
distrobox-upgrade,,1,0,2,1
django_test_class,,1,0,4,1
dkim,,1,0,4,1
dmlc-submit,,1,0,3,1
dns_srv_imap,,1,0,205,1
dnsmasq_exporter,,1,0,16,1
dnsperftest,,1,0,9,1
do-n-times,,1,0,8,1
do-release-commit-and-tag,,1,0,2,1
do-split,,1,0,9,1
docguide,,1,0,298,1
docheck,,1,0,8,1
dockcross-linux-armv6,,1,0,278,1
docker-advanced,,1,0,4,1
docker-build,,1,0,2,1
docker-dkbuilder,,1,0,6,1
dockerfile-amd64-debianbookworm-350,,1,0,1,1
dockerfile-amd64-debianbookworm-devel,,1,0,1,1
dockerfile-amd64-fedora-devel,,1,0,1,1
dockerfile-amd64-ubuntu-devel,,1,0,1,1
dockerfile-amd64-ubuntu2204-350,,1,0,1,1
dockerfile-amd64-ubuntu2404-350,,1,0,1,1
dockerfile-arch,,1,0,11,1
dockerfile-build,,1,0,27,1
dockerfile-debian12-32bit,,1,0,11,1
dockerfile-dind-certs,,1,0,43,1
dockerfile-fedora,,1,0,3,1
dockerfile-for-frpc,,1,0,2,1
dockerfile-for-frps,,1,0,2,1
dockerfile-goreleaser,,1,0,4,1
dockerfile-napiclient,,1,0,27,1
dockerfile-napiserver,,1,0,17,1
dockerfile-radius,,1,0,21,1
dockerfile-test-debian-10,,1,0,2,1
dockerfile-test-debian-11,,1,0,2,1
dockerfile-test-fedora-30,,1,0,2,1
dockerfile-test-fedora-36,,1,0,2,1
dockerfile-ubuntu,,1,0,63,1
dockerfile_f43,,1,0,30,1
dockerfile_fedora,,1,0,1,1
dockerfile_gentoo,,1,0,25,1
dockerfile_gentoo_clang,,1,0,44,1
dockerfile_ubuntu_latest,,1,0,2,1
dockerhub,,1,0,1,1
docs-build,,1,0,13,1
docsrc,,1,0,2,1
doinstall,,1,0,20,1
domains_servers_map,,1,0,15,1
donatelist,,1,0,2,1
dosbox,,1,0,2,1
doseq,,1,0,1,1
dosplit,,1,0,7,1
dot2tex,,1,0,5,1
dotbot,,1,0,30,1
dotest,,1,0,3,1
doublezip,,1,1,0,1
dovecot,,1,0,8,1
dovecot-virtual,,1,0,2,1
download-windows-wheels,,1,0,59,1
downloader,,1,1,0,1
doxcommand,,1,0,2,1
doxyconfig,,1,0,1356,1
doxyfile_api_only,,1,0,23,1
doxyfileweb,,1,0,2,1
doxygen-awesome-css,,1,0,2,1
dpi,,1,0,0,1
dpkg-status,,1,0,2,1
dracut,,1,0,2,1
drbl-functions,,1,0,46,1
driver,,1,0,1,1
drpm_test_file_4,,1,0,0,1
dshbak,,1,0,2,1
dsp2cc,,1,0,4,1
dsp2insert,,1,0,4,1
dspam,,1,0,96,1
duckduckgo,,1,0,1,1
dummy-keystore,,1,1,0,1
dummy-macho-universal-x86-x86_64,,1,1,0,1
dummy-test,,1,0,0,1
dummyroot,,1,0,4,1
dumping,,1,0,5,1
dumptypes,,1,0,398,1
dvd_rip,,1,0,72,1
dvd_structures,,1,0,6,1
dwarf5_simple_exe,,1,1,0,1
dzr-id3,,1,0,45,1
dzr-md5,,1,0,33,1
e-in-mono-section,,1,0,2,1
e1000e,,1,0,53,1
e2e-test-subrs,,1,0,18,1
e2k_elbrus_4x_e4c_cpuinfo,,1,0,147,1
e2k_elbrus_4x_e8c_cpuinfo,,1,0,292,1
e2k_elbrus_801_pc_e8c_cpuinfo,,1,0,76,1
e2k_elbrus_e16c_cpuinfo,,1,0,148,1
e2k_elbrus_e2c+_cpuinfo,,1,0,25,1
e2k_elbrus_e2c3_cpuinfo,,1,0,21,1
e2k_elbrus_e8c2_cpuinfo,,1,0,76,1
e8f531caaa67cecb1c7b162f3e1d4e320d79befd,,1,0,1,1
each-gemfile,,1,0,12,1
early-version-code,,1,0,30,1
ebay,,1,0,2,1
ec2metadata,,1,0,21,1
ecall,,1,0,8,1
ecall-wp,,1,0,8,1
ecukes,,1,0,5,1
ed25519-donna,,1,0,1,1
editinfo,,1,0,30,1
editorconfig,,1,0,6,1
editorconfig-el,,1,0,4,1
efibootmgr-no-umc-entry,,1,0,4,1
eio,,1,0,2,1
ejp-filter,,1,0,3,1
electronic,,1,0,2,1
element-list,,1,0,1,1
elephant,,1,0,19,1
elesscfg_for_tests,,1,0,2,1
elf-basic,,1,0,46,1
elf-basic-flat,,1,0,4,1
elf-be,,1,0,65,1
elf-dom0-no-phys_base,,1,0,43,1
elf-empty,,1,0,60,1
elf-empty-aarch64,,1,0,18,1
elf-empty-i386,,1,0,20,1
elf-empty-i386-elf64,,1,0,20,1
elf-empty-ppc64,,1,0,18,1
elf-empty-ppc64le,,1,0,18,1
elf-empty-s390,,1,0,20,1
elf-empty-s390x,,1,0,20,1
elf-empty-x86_64,,1,0,20,1
elf-eraseinfo,,1,0,35,1
elf-fractional,,1,0,51,1
elf-le,,1,0,65,1
elf-linux-riscv_32,,1,1,0,1
elf-linux-riscv_64,,1,1,0,1
elf-multiread,,1,0,45,1
elf-netbsd-x86_64-echo,,1,1,0,1
elf-nonexistent,,1,0,41,1
elf-overlap,,1,0,66,1
elf-partial,,1,0,49,1
elf-ppc64-bash,,1,1,0,1
elf-prstatus-aarch64,,1,0,91,1
elf-prstatus-arm,,1,0,79,1
elf-prstatus-i386,,1,0,73,1
elf-prstatus-ppc64,,1,0,121,1
elf-prstatus-riscv64,,1,0,102,1
elf-prstatus-s390x,,1,0,102,1
elf-prstatus-x86_64,,1,0,101,1
elf-qemu-cpustate-x86_64,,1,0,127,1
elf-task_struct,,1,0,44,1
elf-virt-phys-clash,,1,0,50,1
elf-vmcoreinfo,,1,0,36,1
elf-xen_prstatus,,1,0,429,1
elf64-x86-64,,1,0,2,1
elif,,1,0,7,1
elim-proof-term,,1,0,8,1
elim-var,,1,0,8,1
elisp-comp,,1,0,55,1
else,,1,0,7,1
email_set_create_memo_inreplyto,,1,0,115,1
embedded-tryme,,1,0,17,1
emerge,,1,0,14,1
emerge_with_indexing_for_cfg-update,,1,0,7,1
emerge_with_indexing_for_cfg-update_bashhelper,,1,0,36,1
emerge_with_indexing_for_cfg-update_phphelper,,1,0,14,1
emojilib2tsv,,1,0,8,1
empathy,,1,0,25,1
empty-logfile,,1,0,1,1
empty_namespace,,1,0,6,1
emptyarray,,1,0,1,1
emptyobject,,1,0,1,1
en_list,,1,0,4,1
ena,,1,0,104,1
enable-yash-builtin,,1,0,4,1
endlessh,,1,0,9,1
engauge_wrapper,,1,0,15,1
enicstat,,1,0,61,1
ensure,,1,0,2,1
enum_test,,1,0,8,1
env-atom,,1,0,4,1
envoy_versions,,1,0,2,1
envvartest,,1,0,6,1
enwik7,,1,0,116440,1
epiphany,,1,0,2,1
equiv,,1,0,13,1
errata,,1,0,84,1
ert-runner,,1,0,20,1
ether_ipv4_tcp,,1,1,0,1
ether_ipv4_udp,,1,1,0,1
euc-cn,,1,0,0,1
evdev,,1,0,1,1
evdev-modern,,1,0,1,1
example,,1,0,0,1
example-clients,,1,0,1,1
example-spnavrc,,1,0,1,1
example-volume1-backup,,1,0,36,1
excessivenesting,,1,0,2,1
exe,,1,0,1,1
executable_without_suffix,,1,0,1,1
executables,,1,0,10,1
exifr,,1,0,3,1
exists,,1,0,8,1
exists-astreix1,,1,0,8,1
exists-astrix,,1,0,8,1
exoptest_windows,,1,0,4,1
exp1,,1,0,2,1
expand-deny-messages,,1,0,12,1
expected-lite,,1,0,2,1
expired_key_config,,1,0,9,1
exportfs,,1,0,6,1
externals,,1,0,14,1
extlib-abc,,1,0,1,1
extract-translations,,1,0,1,1
extrapony-wishlist,,1,0,0,1
eyedropper,,1,0,18,1
f5,,1,0,9,1
f84cf5fdcd2d900633996bcbb93536efd3669f318586a20951c8e74a344f1ffd,,1,0,1,1
fa_emoji,,1,0,1095,1
fa_extra,,1,0,56,1
fa_list,,1,0,3833,1
fa_rules,,1,0,50,1
face,,1,0,2,1
facter_help_header,,1,0,7,1
factorial,,1,0,30,1
factorization,,1,1,0,1
fail,,1,0,0,1
fail2ban,,1,0,2,1
fail_if_warnings,,1,0,15,1
fake_file,,1,0,1,1
fake_git,,1,0,2,1
fakeheader512,,1,1,0,1
fakeheader8192,,1,1,0,1
fbthrift,,1,0,2,1
fc_version,,1,0,2,1
fcitx,,1,0,1,1
fd_limit_test,,1,0,2,1
fdef,,1,0,6,1
fdl-man_insert,,1,0,2,1
fetch,,1,0,5,1
fetch-examples,,1,0,17,1
fetch_with_size,,1,0,54,1
ff384e2421a333cd52f259cec14c7f790d595db9,,1,0,1,1
file-a,,1,0,1,1
file-b,,1,0,1,1
file-base,,1,0,1,1
file-roller,,1,1,0,1
file3,,1,0,1,1
file4,,1,0,1,1
file_a,,1,0,21,1
file_a0,,1,0,31,1
file_a1,,1,0,8,1
file_a2,,1,0,3,1
file_age,,1,0,5,1
file_append,,1,0,67,1
file_b,,1,0,12,1
file_b0,,1,0,31,1
file_b1,,1,0,8,1
file_b2,,1,0,3,1
file_c,,1,0,18,1
file_c0,,1,0,31,1
file_c1,,1,0,8,1
file_c2,,1,0,3,1
file_description,,1,0,2,1
file_input,,1,0,1,1
file_mirror,,1,0,16,1
file_out_diff3,,1,0,7,1
file_out_imediff,,1,0,3,1
file_spec,,1,0,14,1
file_string,,1,0,27,1
filename_with_encoded_words,,1,0,2,1
filename_with_spaces,,1,0,3,1
filesystem,,1,0,44,1
filesystems,,1,0,49,1
fill-aa,,1,0,0,1
fill-an-ac,,1,0,0,1
fill-fs,,1,0,0,1
fill-ref-md5,,1,0,0,1
fill_template,,1,0,2,1
filterdemo_cli,,1,0,4,1
filterdemo_gui,,1,0,6,1
find-fixme-markers,,1,0,2,1
firefox-send,,1,0,46,1
first-last,,1,0,8,1
first-n-last,,1,0,7,1
firstn,,1,0,8,1
fish,,1,0,16,1
fish_completion,,1,0,2,1
fission,,1,0,8,1
fission1,,1,0,8,1
fission2,,1,0,8,1
fix,,1,0,28,1
fix-clang-warnings,,1,0,46,1
fix_ftbfs_gcc47,,1,0,15,1
fix_incrontab_bad_ownership,,1,0,26,1
fix_incrontab_path_with_spaces_handling,,1,0,18,1
fix_inotify_syscall_conditional,,1,0,30,1
fix_typo_manpage,,1,0,27,1
fixdlsrps,,1,0,53,1
fixfmps,,1,0,20,1
fixpsditps,,1,0,24,1
fixpspps,,1,0,57,1
fixscribeps,,1,0,18,1
fixtpps,,1,0,27,1
fixwfwps,,1,0,32,1
fixwpps,,1,0,30,1
fixwwps,,1,0,19,1
flatpak-builder-tools,,1,0,2,1
flavorfile,,1,0,0,1
flightgear,,1,0,2,1
floorp,,1,0,17,1
flower,,1,0,14,1
flto-g++,,1,0,15,1
flush_digests,,1,0,2,1
flv,,1,0,34,1
fobos,,1,0,1,1
focal,,1,0,7,1
foliate-js,,1,0,2,1
folly,,1,0,2,1
font-patcher,,1,0,2,1
foot,,1,0,5,1
footclient,,1,0,5,1
forall,,1,0,8,1
foren,,1,0,142,1
forkstat,,1,0,2,1
format-c-check,,1,0,9,1
formatcheck,,1,0,16,1
forr,,1,0,7,1
fp-lib-table,,1,0,5,1
fr_ca,,1,0,0,1
franken,,1,0,14,1
free-software-comment,,1,0,8,1
freebox,,1,0,16,1
freebsd,,1,0,12,1
freedb,,1,0,9,1
freeradius-users,,1,0,26,1
freetype-noharfbuzz,,1,0,11,1
from-jasmin,,1,0,7,1
from_test_parse_0,,1,0,2,1
from_test_parse_1,,1,0,6,1
from_test_parse_2,,1,0,12,1
from_test_parse_3,,1,0,22,1
from_test_parse_4,,1,0,10,1
from_test_parse_error_0,,1,0,1,1
from_test_parse_error_1,,1,0,1,1
from_test_parse_error_10,,1,0,1,1
from_test_parse_error_11,,1,0,1,1
from_test_parse_error_12,,1,0,3,1
from_test_parse_error_13,,1,0,3,1
from_test_parse_error_14,,1,0,3,1
from_test_parse_error_15,,1,0,2,1
from_test_parse_error_16,,1,0,2,1
from_test_parse_error_17,,1,0,1,1
from_test_parse_error_18,,1,0,1,1
from_test_parse_error_19,,1,0,3,1
from_test_parse_error_2,,1,0,3,1
from_test_parse_error_3,,1,0,1,1
from_test_parse_error_4,,1,0,1,1
from_test_parse_error_5,,1,0,1,1
from_test_parse_error_6,,1,0,1,1
from_test_parse_error_7,,1,0,3,1
from_test_parse_error_8,,1,0,1,1
from_test_parse_error_9,,1,0,1,1
frost,,1,0,11,1
fsfdir,,1,0,4,1
fsl_dpaa2_eth,,1,0,74,1
fstab-helpers,,1,0,233,1
ftest,,1,0,1,1
func,,1,0,7,1
function,,1,0,2,1
function_calls,,1,0,36,1
function_calls_ppi,,1,0,43,1
function_description,,1,0,2,1
function_doxygen_doc,,1,0,2,1
functional,,1,0,111,1
functional_test,,1,0,2,1
funtests,,1,0,10,1
fusion,,1,0,8,1
fusion1,,1,0,8,1
fusion2,,1,0,8,1
fusioninventory-agent,,1,0,2,1
fusioninventory-injector,,1,0,2,1
fuzz462342205,,1,0,115,1
fuzz463617307,,1,1,0,1
fuzztest,,1,0,2,1
fzf-fifo,,1,0,9,1
fzfub,,1,0,10,1
fzy-tmux,,1,0,2,1
g,,1,0,1,1
gamemoderun,,1,0,2,1
gasn,,1,0,2,1
gatherinfo,,1,0,2,1
gazelle,,1,0,7,1
gcache,,1,0,1,1
ge0,,1,0,8,1
geek2dau,,1,0,29,1
gemfile-5-2-stable,,1,0,5,1
gemfile-rails-4-0,,1,0,6,1
gemfile-rails-4-1,,1,0,6,1
gemfile-rails-dependencies,,1,0,15,1
gemfile-rspec-dependencies,,1,0,2,1
gemfile-sass-3-1,,1,0,7,1
gemfile-sass-3-2,,1,0,7,1
gemfile-sprockets-2-11,,1,0,7,1
gemfile-sprockets-2-12,,1,0,7,1
gemfile-sprockets-2-8,,1,0,7,1
gemfile-sprockets-3-0,,1,0,7,1
gemfile-sprockets-rails-2-2,,1,0,7,1
gemfile-sprockets-rails-master,,1,0,7,1
gen-manpage-listfile,,1,0,1,1
gen-pkg-config,,1,0,6,1
gen-srcs,,1,0,37,1
gen-version,,1,0,0,1
gen_assets,,1,0,142,1
gen_dom_1_5,,1,0,21,1
gen_files,,1,0,34,1
gencoverage,,1,0,24,1
gendata,,1,0,2,1
gendocs_template,,1,0,4,1
gendocs_template_min,,1,0,4,1
general,,1,0,4,1
generate,,1,0,6,1
generate-font-variants,,1,0,16,1
generate-xcursor-plasmasvg,,1,0,96,1
generate_auto_job,,1,0,19,1
generate_changelog,,1,0,3,1
generate_tables,,1,0,2,1
generate_xcompose,,1,0,11,1
generation_id,,1,0,1,1
genfstab,,1,0,0,1
genkernel,,1,0,1,1
genkey,,1,0,6,1
genportage,,1,0,4,1
genstr,,1,0,32,1
gentoo,,1,0,60,1
gentoo-perl,,1,0,27,1
gentoopmq,,1,0,12,1
geq0,,1,0,6,1
get-authors,,1,0,4,1
get-ethos-checker,,1,0,85,1
get-iab,,1,0,13,1
get_%2fapi%2fv4%2fprojects%2f61363672,,1,0,26,1
get_%2fapi%2fv4%2fprojects%2f61363672%2fissues%2f1%2faward_emoji%3fpage=1&per_page=2,,1,0,42,1
get_%2fapi%2fv4%2fprojects%2f61363672%2fissues%2f1%2faward_emoji%3fpage=1&per_page=3,,1,0,30,1
get_%2fapi%2fv4%2fprojects%2f61363672%2fissues%2f1%2faward_emoji%3fpage=2&per_page=2,,1,0,40,1
get_%2fapi%2fv4%2fprojects%2f61363672%2fissues%2f2%2faward_emoji%3fpage=1&per_page=2,,1,0,38,1
get_%2fapi%2fv4%2fprojects%2f61363672%2fissues%2f2%2faward_emoji%3fpage=1&per_page=3,,1,0,30,1
get_%2fapi%2fv4%2fprojects%2f61363672%2fissues%2f2%2faward_emoji%3fpage=2&per_page=2,,1,0,42,1
get_%2fapi%2fv4%2fprojects%2f61363672%2fissues%2f2%2faward_emoji%3fpage=2&per_page=3,,1,0,30,1
get_%2fapi%2fv4%2fprojects%2f61363672%2fissues%2f2%2faward_emoji%3fpage=3&per_page=2,,1,0,42,1
get_%2fapi%2fv4%2fprojects%2f61363672%2fissues%2f2%2faward_emoji%3fpage=3&per_page=3,,1,0,32,1
get_%2fapi%2fv4%2fprojects%2f61363672%2fissues%2f2%2faward_emoji%3fpage=4&per_page=2,,1,0,46,1
get_%2fapi%2fv4%2fprojects%2f61363672%2fissues%2f2%2fdiscussions%3fpage=1&per_page=100,,1,0,44,1
get_%2fapi%2fv4%2fprojects%2f61363672%2fissues%2f2%2fresource_state_events%3fpage=1&per_page=100,,1,0,40,1
get_%2fapi%2fv4%2fprojects%2f61363672%2fissues%2f3%2faward_emoji%3fpage=1&per_page=3,,1,0,32,1
get_%2fapi%2fv4%2fprojects%2f61363672%2fissues%2f3%2fdiscussions%3fpage=1&per_page=100,,1,0,30,1
get_%2fapi%2fv4%2fprojects%2f61363672%2fissues%2f3%2fresource_state_events%3fpage=1&per_page=100,,1,0,32,1
get_%2fapi%2fv4%2fprojects%2f61363672%2fissues%3fpage=1&per_page=2&sort=asc&state=all,,1,0,40,1
get_%2fapi%2fv4%2fprojects%2f61363672%2fissues%3fpage=1&per_page=3&sort=asc&state=all,,1,0,30,1
get_%2fapi%2fv4%2fprojects%2f61363672%2flabels%3fpage=1&per_page=100,,1,0,36,1
get_%2fapi%2fv4%2fprojects%2f61363672%2fmerge_requests%2f1,,1,0,32,1
get_%2fapi%2fv4%2fprojects%2f61363672%2fmerge_requests%2f1%2fapprovals,,1,0,30,1
get_%2fapi%2fv4%2fprojects%2f61363672%2fmerge_requests%2f1%2faward_emoji%3fpage=1&per_page=1,,1,0,42,1
get_%2fapi%2fv4%2fprojects%2f61363672%2fmerge_requests%2f1%2faward_emoji%3fpage=1&per_page=2,,1,0,30,1
get_%2fapi%2fv4%2fprojects%2f61363672%2fmerge_requests%2f1%2faward_emoji%3fpage=2&per_page=1,,1,0,42,1
get_%2fapi%2fv4%2fprojects%2f61363672%2fmerge_requests%2f1%2faward_emoji%3fpage=2&per_page=2,,1,0,32,1
get_%2fapi%2fv4%2fprojects%2f61363672%2fmerge_requests%2f1%2faward_emoji%3fpage=3&per_page=1,,1,0,42,1
get_%2fapi%2fv4%2fprojects%2f61363672%2fmerge_requests%2f2,,1,0,23,1
get_%2fapi%2fv4%2fprojects%2f61363672%2fmerge_requests%2f2%2faward_emoji%3fpage=1&per_page=1,,1,0,32,1
get_%2fapi%2fv4%2fprojects%2f61363672%2fmerge_requests%2f2%2faward_emoji%3fpage=1&per_page=2,,1,0,32,1
get_%2fapi%2fv4%2fprojects%2f61363672%2fmerge_requests%2f2%2fdiscussions%3fpage=1&per_page=100,,1,0,30,1
get_%2fapi%2fv4%2fprojects%2f61363672%2fmerge_requests%2f2%2fresource_state_events%3fpage=1&per_page=100,,1,0,32,1
get_%2fapi%2fv4%2fprojects%2f61363672%2fmerge_requests%3fpage=1&per_page=1&view=simple,,1,0,44,1
get_%2fapi%2fv4%2fprojects%2f61363672%2fmerge_requests%3fpage=1&per_page=2&view=simple,,1,0,30,1
get_%2fapi%2fv4%2fprojects%2f61363672%2fmilestones%3fpage=1&per_page=100&state=all,,1,0,38,1
get_%2fapi%2fv4%2fprojects%2f61363672%2freleases%3fpage=1&per_page=100,,1,0,38,1
get_%2fapi%2fv4%2fprojects%2fforgejo%252ftest_repo,,1,0,32,1
get_%2fapi%2fv4%2fversion,,1,0,26,1
get_examples_files,,1,0,20,1
get_include_files,,1,0,20,1
get_include_relative,,1,0,17,1
get_python_flags,,1,0,86,1
get_tests,,1,0,20,1
get_tests_files,,1,0,20,1
get_version,,1,0,18,1
get_wrapper_files,,1,0,22,1
getheaders,,1,0,2,1
getmproto,,1,0,4,1
getopt,,1,0,1,1
getoptlong,,1,0,14,1
getproto,,1,0,6,1
getsetupmenues,,1,0,8,1
gettextize,,1,0,2,1
geturl,,1,0,36,1
gf-quickstart,,1,0,13,1
gf-readme,,1,0,186,1
gftprc,,1,0,6,1
gherkin,,1,0,11,1
gherkin-generate-tokens,,1,0,8,1
ghi,,1,0,0,1
ghstack_direct,,1,0,0,1
gi_files,,1,0,9,1
giflib,,1,0,1,1
gir,,1,0,2,1
gir-files,,1,0,2,1
git-abort,,1,0,6,1
git-clear,,1,0,4,1
git-clear-soft,,1,0,2,1
git-icdiff,,1,0,2,1
git-ignore,,1,0,20,1
git-ime,,1,0,1,1
git-magic,,1,0,2,1
git-merge-into,,1,0,2,1
git-paste,,1,0,2,1
git-pre-commit-format,,1,0,0,1
git-psykorebase,,1,0,2,1
git-pull-request,,1,0,2,1
git-rebase-patch,,1,0,2,1
git-release,,1,0,2,1
git-setup,,1,0,2,1
git-standup,,1,0,2,1
git-tag-debian,,1,0,17,1
git-tag-release,,1,0,14,1
git-unwip,,1,0,14,1
git-utimes,,1,0,6,1
git-wip,,1,0,8,1
gitconfig,,1,0,15,1
github-actions-setup,,1,0,2,1
github-markup,,1,0,27,1
gitlab,,1,0,2,1
gitlog-to-changelog,,1,0,2,1
gitolite,,1,0,5,1
gk,,1,0,4,1
gkrellmrc,,1,0,24,1
glesutil,,1,0,6,1
global_info,,1,0,96,1
global_tunables,,1,0,8,1
globalnames,,1,0,8,1
glue_testsuites,,1,0,1,1
gluster,,1,0,23,1
gmane,,1,0,9,1
gmrunrc,,1,0,2,1
gnofract4d,,1,0,5,1
gnome,,1,0,33,1
gnome-shell,,1,0,1,1
gnome-system-monitorrc,,1,0,2,1
gnu-fdl,,1,0,397,1
gnu-gpl,,1,0,340,1
gnu-web-doc-update,,1,0,2,1
gnuallpermissive,,1,0,0,1
gnumakefile-cross,,1,0,217,1
gnupload,,1,0,7,1
go-zookeeper-license,,1,0,25,1
go_license,,1,0,8,1
golang_contributors,,1,0,5,1
gold-subcolors-bad-cat,,1,0,2,1
google,,1,0,12,1
google-chrome,,1,0,6,1
google-chrome-beta,,1,0,6,1
google-chrome-unstable,,1,0,6,1
gpg_decrypt_unzip,,1,0,2,1
gpg_zip_encrypt,,1,0,2,1
gpl-2,,1,0,41,1
gpl3,,1,0,674,1
gpl_exception,,1,0,80,1
gpr2mak,,1,0,4,1
gprexp,,1,0,4,1
gprot,,1,0,2,1
gps2url,,1,0,54,1
graphics_memory,,1,0,2,1
graphite-angle-kp,,1,1,0,1
grcat,,1,0,34,1
grepbinary,,1,1,0,1
grepfilelist,,1,0,3,1
grepinput,,1,0,624,1
grepinput3,,1,0,15,1
grepinput8,,1,0,17,1
grepinputm,,1,0,17,1
grepinputv,,1,0,9,1
grepinputx,,1,0,43,1
greplist,,1,0,7,1
grepoutput,,1,0,1255,1
grepoutput8,,1,0,47,1
grepoutputc,,1,0,62,1
grepoutputcbz2,,1,0,6,1
grepoutputcgz,,1,0,3,1
grepoutputcn,,1,0,38,1
grepoutputcnu,,1,0,18,1
grepoutputcu,,1,0,30,1
grepoutputn,,1,0,27,1
grepoutputun,,1,0,3,1
greppatn4,,1,0,2,1
group,"Data(""Text"")",1,0,113,1
grpc,,1,0,2,1
gserv,,1,0,2,1
gtkfiles,,1,0,1,1
gtkrc-dark,,1,0,17,1
gtkrc-dark-eta,,1,0,17,1
gtkrc-eta,,1,0,17,1
gts_graphs,,1,0,72,1
gutenberg,,1,0,1,1
gwsh-main,,1,0,2,1
h2olog,,1,0,2,1
hachoir-list,,1,0,3,1
handle_hotkeys,,1,0,3,1
hard-tab-tool,,1,0,2,1
hardknapstat,,1,0,0,1
harness,,1,0,6,1
harness_bf16_all,,1,0,6,1
harness_bf16_ci,,1,0,2,1
harness_f16_all,,1,0,6,1
harness_f16_ci,,1,0,2,1
harness_f32_ci,,1,0,4,1
hash-object__text_100kb,,1,0,4,1
hash-object__text_10mb,,1,0,4,1
hash-object__text_1kb,,1,0,4,1
hash-object__text_cached_100kb,,1,0,7,1
hash-object__text_cached_10mb,,1,0,7,1
hash-object__text_cached_1kb,,1,0,7,1
hash-object__write_text_100kb,,1,0,6,1
hash-object__write_text_10mb,,1,0,4,1
hash-object__write_text_1kb,,1,0,4,1
hashes_set,,1,0,37,1
have-define,,1,0,8,1
have-introduce,,1,0,8,1
have-write-left,,1,0,8,1
have-write-left-eq,,1,0,8,1
have-write-right,,1,0,8,1
have-write-right-eq,,1,0,8,1
hbase-remote,,1,0,396,1
hdparm,,1,0,4,1
header_template,,1,0,16,1
hello_file,,1,0,1,1
helo,,1,0,2,1
help-message,,1,0,2,1
here_comment,,1,0,24,1
hermit,,1,0,43,1
hibiscus_account_balances,,1,0,148,1
hibiscus_last_account_update,,1,0,99,1
hidapi,,1,0,1,1
hierarchy,,1,0,6,1
hint-simplify,,1,0,8,1
hl_version,,1,0,2,1
hoare,,1,0,13,1
homebrew,,1,0,0,1
horse5,,1,0,15,1
hostname_test,,1,0,2,1
hosts,,1,0,31,1
how_it_works,,1,0,132,1
howto,,1,0,95,1
howto-export,,1,0,84,1
howtorelease,,1,0,20,1
htdocs,,1,0,1,1
html2man,,1,0,258,1
html2ps,,1,0,4649,1
http-parser,,1,0,2,1
http_loadtime,,1,0,2,1
hu_list,,1,0,5,1
hu_rules,,1,0,26,1
hugemigr,,1,0,6,1
hyprland-1,,1,0,1,1
hyprland-protocols,,1,0,2,1
i,,1,0,1,1
i3-dmenu-desktop,,1,0,20,1
i3ipcpp,,1,0,2,1
i40e,,1,0,202,1
i7z,,1,1,0,1
iavf,,1,0,77,1
ibm1008,,1,1,0,1
ibm1025,,1,0,0,1
ibm1046,,1,0,0,1
ibm1097,,1,1,0,1
ibm1112,,1,1,0,1
ibm1122,,1,1,0,1
ibm1123,,1,1,0,1
ibm1130,,1,1,0,1
ibm1137,,1,1,0,1
ibm1140,,1,1,0,1
ibm1141,,1,1,0,1
ibm1142,,1,1,0,1
ibm1143,,1,1,0,1
ibm1144,,1,1,0,1
ibm1145,,1,1,0,1
ibm1146,,1,1,0,1
ibm1147,,1,1,0,1
ibm1148,,1,1,0,1
ibm1149,,1,1,0,1
ibm1153,,1,1,0,1
ibm1154,,1,1,0,1
ibm1155,,1,1,0,1
ibm1156,,1,1,0,1
ibm1157,,1,1,0,1
ibm1158,,1,1,0,1
ibm1166,,1,1,0,1
ibm1167,,1,1,0,1
ibm12712,,1,1,0,1
ibm1364,,1,1,0,1
ibm1371,,1,1,0,1
ibm1388,,1,1,0,1
ibm1390,,1,1,0,1
ibm1399,,1,1,0,1
ibm16804,,1,1,0,1
ibm4517,,1,1,0,1
ibm4899,,1,1,0,1
ibm4909,,1,1,0,1
ibm4971,,1,1,0,1
ibm5347,,1,1,0,1
ibm803,,1,1,0,1
ibm901,,1,1,0,1
ibm902,,1,1,0,1
ibm9030,,1,1,0,1
ibm9066,,1,1,0,1
ibm921,,1,1,0,1
ibm930,,1,1,0,1
ibm933,,1,1,0,1
ibm935,,1,1,0,1
ibm937,,1,1,0,1
ibm939,,1,1,0,1
ibm9448,,1,1,0,1
ice,,1,0,603,1
icecc,,1,0,1,1
icons_license,,1,0,10,1
ideas,,1,0,31,1
identity_agent,,1,0,2,1
ieee-response,,1,0,13,1
if-else-proc,,1,0,12,1
if-proc,,1,0,10,1
if1,,1,0,8,1
if2,,1,0,8,1
iface,,1,0,15,1
ifl,,1,0,1,1
ifmain,,1,0,2,1
ifup-team,,1,0,2,1
imap_gbk_q_decode,,1,0,5,1
imap_rename_regex,,1,0,46,1
imap_tcpdump,,1,0,3,1
imap_utf7,,1,0,14,1
imap_utf7_decode,,1,0,27,1
imap_utf7_encode,,1,0,23,1
imap_utf7_tests,,1,0,9,1
imapbyhand,,1,0,31,1
imapclient,,1,0,2,1
imapclient3xx_isunconnected,,1,0,7,1
imapclient3xx_ssl,,1,0,30,1
imapclient_quota_qq,,1,0,31,1
imapclient_quota_qq_memo,,1,0,4,1
imapclient_skeleton,,1,0,27,1
imapclient_tls,,1,0,81,1
imapnotify-temp,,1,0,15,1
imapsync-acls-users,,1,0,57,1
imapsync-readkey,,1,0,1175,1
imapsync-xgwtrustedapp,,1,0,6033,1
imapsync-yahoo,,1,0,2430,1
imapsync_cvitkovich_pidfile_tmpfile,,1,0,2071,1
imapsync_github_stats,,1,0,20,1
imapsync_minsize,,1,0,4079,1
imapsync_shell_wrapper,,1,0,55,1
imdb,,1,0,9,1
imgui,,1,0,1,1
imp,,1,0,5,1
implies,,1,0,7,1
implies-brackets,,1,0,7,1
import-po,,1,0,2,1
include,,1,0,1,1
include7,,1,0,4,1
include8,,1,0,4,1
include_utilities,,1,0,2,1
increaseline,,1,0,9,1
increment-counter,,1,0,8,1
incus,,1,0,21,1
indexpack__250mb,,1,0,11,1
infinite_input,,1,0,1,1
infinite_no_output,,1,0,1,1
infinite_output,,1,0,3,1
init-var,,1,0,8,1
init_docstring,,1,0,2,1
initmake,,1,0,2,1
inline,,1,0,6,1
inline1,,1,0,8,1
inline2,,1,0,8,1
innodb-status-010,,1,0,119,1
innodb-status-011,,1,0,222,1
innodb-status-012,,1,0,119,1
input-remapper-control,,1,0,2,1
input-remapper-gtk,,1,0,2,1
input-remapper-reader-service,,1,0,2,1
input-remapper-service,,1,0,2,1
input4,,1,0,2,1
input7,,1,0,2,1
input8,,1,0,2,1
input9,,1,0,2,1
inputs,,1,0,0,1
inreference,,1,0,2,1
insert-beginning,,1,0,4,1
install-automake,,1,0,373,1
install-iprange,,1,0,53,1
install-old,,1,0,46,1
install-samba,,1,0,4,1
install-vendored-go,,1,0,9,1
install-vim,,1,0,10,1
install_db,,1,0,42,1
install_gems_in_all_appraisals,,1,0,16,1
install_gnumake,,1,0,79,1
install_macos,,1,0,2,1
install_wasi_sdk,,1,0,2,1
install_wasmtime,,1,0,2,1
installdeps,,1,0,0,1
installed-deps-regex,,1,0,36,1
installed-match-atom-blacklisted,,1,0,29,1
installed-perl-core,,1,0,10,1
installed-perl-virtuals,,1,0,10,1
installentry,,1,0,6,1
installer,,1,1,0,1
installline,,1,0,11,1
integration-test,,1,0,15,1
integrit_check,,1,0,52,1
interact,,1,0,2,1
interfaces,,1,0,1,1
invalid,,1,0,8,1
invalid-phdr-issue-64,,1,1,0,1
invert-l-to-h,,1,0,2,1
io,,1,0,7,1
io_socket_get,,1,0,115,1
ioflo,,1,0,2,1
ioflo2,,1,0,1,1
ip-check,,1,0,4,1
ip_del_list,,1,0,4,1
ip_vs,,1,0,21,1
ip_vs_stats,,1,0,6,1
ipaddr2,,1,0,8,1
ipc_open2,,1,0,21,1
ipdb,,1,0,2,1
ipmi_,,1,0,24,1
ipmi_sensor_,,1,0,5,1
ipv6_simple,,1,0,5,1
ipv6_v6only_test,,1,0,2,1
iran,,1,1,0,1
irc,,1,0,4,1
is,,1,0,3,1
iso-2022-cn,,1,0,0,1
iso-2022-cn-ext,,1,0,0,1
iso-2022-jp,,1,0,0,1
iso-2022-jp-2,,1,0,0,1
iso-2022-jp-3,,1,0,0,1
iso-2022-kr,,1,0,0,1
issue-3326,,1,0,8,1
issue-61,,1,0,24,1
issue-62,,1,0,6,1
issue190,,1,0,583,1
issue205,,1,0,118,1
issue_48,,1,0,24,1
issue_template,,1,0,5,1
itschlager,,1,0,161,1
iucode-scan-versions,,1,0,2,1
ivykis,,1,0,2,1
j,,1,0,1,1
jack_capture_gui,,1,0,4,1
jack_control,,1,0,2,1
jamendo,,1,0,9,1
jas_realpath,,1,0,9,1
javasun,,1,0,11,1
jbuild-ignore,,1,0,1,1
jbuild-shared,,1,0,13,1
jbuild-static,,1,0,13,1
jbuild-workspace,,1,0,0,1
jenkinsfile_release,,1,0,189,1
jenkinsfile_release_config,,1,0,25,1
jhindexer_solsparc,,1,0,17,1
jhsearch_solsparc,,1,0,14,1
jhwrap_solsparc,,1,0,31,1
jmakefile,,1,0,7,1
jni_funcs,,1,0,9,1
jni_impl,,1,0,37,1
jobserver,,1,0,32,1
jose-fmt,,1,0,2,1
jose-jwe-dec,,1,0,5,1
jose-jwk-thp,,1,0,11,1
jose-jwk-use,,1,0,2,1
jpcod,,1,0,3,1
jpdec,,1,0,3,1
jpenc,,1,0,3,1
js_of_ocaml,,1,0,2,1
jsoftfloat,,1,0,2,1
json11,,1,0,2,1
json2,,1,0,46,1
json2_bad,,1,0,46,1
jsondiff,,1,0,4,1
jsonpatch,,1,0,7,1
karma,,1,0,2,1
karma_tool,,1,0,2,1
kat_vectors,,1,0,83,1
kdc,,1,0,1,1
kde-plasma,,1,0,11,1
kdstatemachineeditor,,1,0,2,1
keg,,1,0,7,1
kettle-readme-backers,,1,0,16,1
kettle-release,,1,0,16,1
keychain,,1,0,2,1
keyframe,,1,0,8,1
keygen,,1,0,5,1
keypad,,1,0,30,1
keystore,,1,1,0,1
kheader,,1,0,5,1
kinds,,1,0,4,1
klocation,,1,0,16,1
klocation_grsourced1,,1,0,2,1
klocation_grsourced2,,1,0,2,1
klocation_gsourced1,,1,0,2,1
klocation_gsourced2,,1,0,2,1
klocation_rsourced,,1,0,2,1
klocation_sourced,,1,0,14,1
known-bugs,,1,0,1,1
known_bugs,,1,0,8,1
kpatch-cc,,1,0,1,1
kubectx,,1,0,2,1
kvantum,,1,0,11,1
kvm_mem,,1,0,23,1
kvm_net,,1,0,2,1
lambda-term-inputrc,,1,0,2,1
lambda-termrc,,1,0,2,1
language-server-protocol,,1,0,2,1
languagetool_checks,,1,0,95,1
larts-english,,1,0,2,1
last,,1,0,8,1
last-first,,1,0,8,1
last-n-first,,1,0,8,1
lastfm,,1,0,1,1
lastn,,1,0,8,1
latexrevise,,1,0,297,1
layout,,1,0,2,1
lcovrc,,1,0,9,1
ld-show,,1,0,6,1
led,,1,0,2,1
ledscroll,,1,0,7,1
leech,,1,0,2,1
lemma_equality,,1,0,11,1
lemma_equiv,,1,0,16,1
lemma_hoare,,1,0,15,1
lemma_islossless,,1,0,11,1
lemma_phoare,,1,0,15,1
leodict,,1,0,13,1
less,,1,0,8,1
lesscomplete,,1,0,2,1
let-in,,1,0,8,1
letfn,,1,0,8,1
lfec,,1,0,4,1
lha-test10,,1,0,24,1
lha-test11,,1,0,10,1
lha-test13,,1,0,8,1
lha-test14,,1,0,4,1
lha-test17,,1,0,20,1
lha-test18,,1,0,22,1
lha-test7,,1,0,29,1
lha-test7_lv0,,1,0,73,1
lha-test7_lv1,,1,0,73,1
lha-test7_lvg,,1,0,73,1
lib_spellcheck,,1,0,2,1
libapps,,1,0,1,1
libbacktrace,,1,0,2,1
libbpf-bootstrap,,1,0,0,1
libcudacxx,,1,0,1,1
libelfin,,1,0,1,1
libgme,,1,0,2,1
libiconv,,1,0,13,1
libldac,,1,0,1,1
libmowgli-2,,1,0,2,1
libnop,,1,0,2,1
libpg_query,,1,0,1,1
librarypreamble,,1,0,10,1
libretranslate_requests,,1,0,82,1
libsass,,1,0,2,1
libsimulator,,1,0,2,1
libsnet,,1,0,2,1
libunwind,,1,0,1,1
libusb_sources,,1,0,36,1
libuuid,,1,0,35,1
libvpx_authors,,1,0,100,1
libvpx_patents,,1,0,23,1
libwandder,,1,0,2,1
libxpp,,1,0,2,1
libzip,,1,0,2,1
license-b,"Documentation(""Legal"")",1,0,30,1
license-crcpp,"Documentation(""Legal"")",1,0,28,1
license-gotk4,"Documentation(""Legal"")",1,0,373,1
license-gpl,"Documentation(""Legal"")",1,0,1,1
license_addendum,"Documentation(""Legal"")",1,0,2,1
license_cc_by_4_test_files,"Documentation(""Legal"")",1,0,317,1
license_firamono,"Documentation(""Legal"")",1,0,93,1
license_hack,"Documentation(""Legal"")",1,0,45,1
license_list,"Documentation(""Legal"")",1,0,29,1
license_nerdfonts,"Documentation(""Legal"")",1,0,126,1
licenseref-iccjpeg,"Documentation(""Legal"")",1,0,67,1
light,,1,0,11,1
lightweight-ponies,,1,0,0,1
lindent,,1,0,18,1
link-balancer,,1,0,10,1
lintianrc,,1,0,4,1
linuxforen,,1,0,212,1
list-blacklisted-for,,1,0,33,1
list-globals,,1,0,2,1
list2csarray,,1,0,11,1
list_devices,,1,0,0,1
lista,,1,0,1,1
listdevs_sources,,1,0,19,1
listing,,1,0,0,1
lkcd-basic,,1,0,44,1
lkcd-basic-gzip,,1,0,5,1
lkcd-basic-raw,,1,0,5,1
lkcd-basic-rle,,1,0,5,1
lkcd-duplicate,,1,0,57,1
lkcd-duplicate-middle,,1,0,63,1
lkcd-empty,,1,0,69,1
lkcd-empty-i386,,1,0,25,1
lkcd-empty-ppc64,,1,0,25,1
lkcd-empty-x86_64,,1,0,25,1
lkcd-gap,,1,0,67,1
lkcd-long-page-gzip,,1,0,6,1
lkcd-long-page-raw,,1,0,6,1
lkcd-long-page-rle,,1,0,6,1
lkcd-multiread,,1,0,51,1
lkcd-short-page-gzip,,1,0,6,1
lkcd-short-page-raw,,1,0,6,1
lkcd-short-page-rle,,1,0,6,1
lkcd-unordered,,1,0,60,1
lkcd-unordered-faroff,,1,0,84,1
lkcd-wrong-page-size,,1,0,43,1
llvm2lcov,,1,0,25,1
lm-polling-daemon,,1,0,5,1
lm-profiler,,1,0,38,1
lmove-config,,1,0,2,1
lmt-udev,,1,0,2,1
load-soundfont,,1,0,39,1
local,,1,0,7,1
local-options,,1,0,3,1
locate,,1,0,7,1
location,,1,0,8,1
location_units_api,,1,0,8,1
log_2023-12-30-21-06,,1,0,1701,1
log_temp,,1,0,2,1
logger,,1,0,48,1
logger_name,,1,0,2,1
logicaldrive,,1,0,3,1
login,,1,0,13,1
login_extender,,1,0,2,1
logrotate,,1,0,27,1
lol,,1,0,7,1
london,,1,1,0,1
longline,,1,0,10,1
longline_10000_11000,,1,0,18,1
longline_10230_10240,,1,0,18,1
lrzntar,,1,0,15,1
ls,,1,0,2,1
lsblk-1-efi-partitions,,1,0,1,1
lsblk_output,,1,0,7,1
lsblk_output_new,,1,0,3,1
lsblk_output_old,,1,0,3,1
lsm,,1,0,9,1
lsp_cat,,1,0,18,1
lsquic,,1,0,2,1
lsscsi-g,,1,0,2,1
lua,,1,0,2,1
luacheckrc,,1,0,0,1
luajit,,1,0,2,1
luatracebox,,1,0,4,1
lucene++,,1,0,1560,1
lwp,,1,0,1,1
lwt,,1,0,2,1
ly,,1,0,4,1
ly-server,,1,0,4,1
m,,1,0,10,1
m4rie,,1,0,1,1
ma1r2,,1,1,0,1
machine,,1,0,1,1
machines,,1,0,454,1
machines2,,1,0,107,1
macho-ppc-openssl,,1,1,0,1
macports,,1,0,9,1
macro,,1,0,17,1
magic,,1,0,23,1
magic_empty,,1,0,1,1
magic_jpeg,,1,0,29,1
mail2world,,1,0,43,1
mailers,,1,0,1,1
mailto,,1,0,16,1
main_class,,1,0,4,1
maindir,,1,0,2,1
maintenance-branch,,1,0,2,1
make-archives,,1,0,4,1
make-bootstrap-jim,,1,0,26,1
make-certs,,1,0,4,1
make-config,,1,0,54,1
make-dist,,1,0,6,1
make-filetree,,1,0,36,1
make-short-partition,,1,0,2,1
make_clean,,1,0,1,1
make_config,,1,0,9,1
make_jsonrpc_methods,,1,0,2,1
makechangelog,,1,0,31,1
makedbmdic4,,1,0,2,1
makedbmdic5,,1,0,2,1
makefile-,,1,0,903,1
makefile-driver,,1,0,2,1
makefile-internal,,1,0,2,1
makefile_common,,1,0,2,1
makefilegtk,,1,0,77,1
makefine,,1,0,15,1
makeheader,,1,0,17,1
maketgz,,1,0,46,1
makeunittest,,1,0,1,1
mako,,1,0,1,1
manifest_apiviewer,,1,0,5,1
manifest_jhindexer,,1,0,2,1
manifest_jhsearch,,1,0,2,1
manifest_object,,1,0,5,1
manifest_userguide,,1,0,5,1
mansed,,1,0,2,1
many,,1,0,119,1
many1,,1,0,119,1
manyclangs-build-month,,1,0,6,1
manyclangs-cmake,,1,0,2,1
map,,1,0,1,1
map-file,,1,0,10,1
maps_align_freebsd,,1,0,10,1
maps_align_linux,,1,0,10,1
maps_all_freebsd,,1,0,10,1
maps_all_linux,,1,0,10,1
maps_end_freebsd,,1,0,10,1
maps_end_linux,,1,0,10,1
maps_none_freebsd,,1,0,10,1
maps_none_linux,,1,0,10,1
marathon,,1,0,2,1
marathon 2,,1,0,2,1
marathon infinity,,1,0,2,1
marco-glx,,1,0,1,1
marco-xr_glx_hybrid,,1,0,1,1
marco-xrender,,1,0,1,1
markad_geterror,,1,0,2,1
markad_getlogo_size,,1,0,2,1
markad_getlogo_time,,1,0,6,1
markad_getoverlap_gap,,1,0,14,1
markad_gettime,,1,0,2,1
markad_gettime_overview,,1,0,4,1
markad_gettime_pass,,1,0,4,1
markad_getvps,,1,0,6,1
mas_,,1,0,169,1
master,,1,1,0,1
mat2,,1,0,2,1
material-icons_license,,1,0,2,1
matho,,1,0,32,1
matho-install,,1,0,31,1
matho-install-degrees,,1,0,32,1
matho-mult,,1,0,27,1
matho-sum,,1,0,24,1
matho-uninstall,,1,0,24,1
mathomatic,,1,0,7,1
mathomatic-primes,,1,0,7,1
matrixtemplate,,1,0,56,1
mattermost-api,,1,0,2,1
mattermost-api-qc,,1,0,2,1
max_newbin_size,,1,0,2,1
maxplot,,1,0,2,1
maybe,,1,0,2,1
mbedtls,,1,0,2,1
mbox,,1,0,37,1
mbox-mozilla-inbox,,1,0,40,1
mbox-mozilla-sent,,1,0,40,1
mconfig,,1,0,2,1
md,,1,0,869,1
mdoc,,1,0,1,1
mdstat,,1,0,26,1
mega,,1,0,2,1
melange,,1,0,2,1
melbourne,,1,1,0,1
member_description,,1,0,2,1
membership,,1,0,13,1
membership_aggregation,,1,0,76,1
memconf,,1,0,0,1
memdisk,,1,1,0,1
memory_consumption,,1,0,57,1
menulibre,,1,0,2,1
merge-csv,,1,0,37,1
mergesort_block_sort_config_template,,1,0,4,1
merlin,,1,0,2,1
meson,,1,0,5,1
meson-dist-script,,1,0,7,1
meson_create_symlink,,1,0,2,1
message_string_raw,,1,0,110,1
message_string_raw_pb,,1,0,209,1
messi,,1,0,40,1
metaclass,,1,0,6,1
method,,1,0,2,1
method_docstring,,1,0,2,1
method_docstring_numpy,,1,0,2,1
mic-notify,,1,0,14,1
microcode,,1,1,0,1
microsoft-edge,,1,0,2,1
microsoft-edge-beta,,1,0,2,1
mimencap,,1,0,2,1
mimesend,,1,0,2,1
mimetype,"Data(""Text"")",1,0,1,1
min-max-pkt-size,,1,0,2,1
minage_maxage,,1,0,113,1
mindlist,,1,0,2,1
mingw-bundledlls,,1,0,2,1
mingw-threads,,1,0,1,1
mingw_deps,,1,0,5,1
miniaudio,,1,0,2,1
minimal,,1,0,1,1
mininova,,1,0,10,1
miotas,,1,0,4,1
mirror,,1,0,63,1
mirror-test,,1,0,8,1
mit_license,,1,0,2,1
mk_dummy,,1,0,2,1
mk_tar,,1,0,53,1
mkamandisk,,1,0,59,1
mkconfigure,,1,0,26,1
mkdarts,,1,1,0,1
mkdoc,,1,0,6,1
mkfile,"Code(""Build"")",1,0,2,1
mkjailenv,,1,0,107,1
mklib,,1,0,880,1
mktgz,,1,0,31,1
mkvkformatfiles,,1,0,17,1
mlx5_core,,1,0,1060,1
mmtf_spec,,1,0,0,1
mnt,,1,0,1,1
mock,,1,0,2,1
mock-core-configs,,1,0,2,1
model_version,,1,0,1,1
modes,,1,0,217,1
module-instance,,1,0,8,1
module-type,,1,0,10,1
module-with-params,,1,0,8,1
module-with-params-return,,1,0,10,1
module-with-return,,1,0,10,1
module_license_gpl2,,1,0,0,1
mokutil,,1,0,8,1
monster_sample,,1,0,33,1
mountstats,,1,0,19,1
move-1,,1,0,8,1
move-1m2,,1,0,8,1
move-2,,1,0,8,1
move-from-assumption,,1,0,8,1
move-hr,,1,0,8,1
move-lemma-args,,1,0,8,1
move-to-assumption,,1,0,8,1
moziila,,1,0,9,1
mozilla,,1,0,0,1
mp3-id3,,1,0,15,1
mp3http,,1,0,16,1
mp3stream-conf,,1,0,42,1
mpd-mpris-service,,1,0,14,1
mpg123,,1,0,27,1
mpvoptions,,1,0,2,1
ms-tnef,,1,1,0,1
mskacc-gui,,1,0,255,1
msmtp-temp,,1,0,11,1
msys2,,1,0,0,1
mtest,,1,0,22,1
multicompobj,,1,0,3,1
multiline_repl,,1,0,4,1
multixlat-elf,,1,0,36,1
multixlat-same,,1,0,39,1
munin-graph,,1,0,103,1
munin-run,,1,0,24,1
munit,,1,0,2,1
mutstr,,1,0,17,1
mvbook,,1,0,2,1
mvcollection,,1,0,2,1
mvreference,,1,0,2,1
my_build,,1,0,229,1
my_passphrasefile,,1,0,1,1
myps2pdf,,1,0,113,1
mypyc_tox,,1,0,34,1
mysql_,,1,0,7,1
mysqldoc,,1,0,1,1
mystery_binary,,1,0,1,1
mystery_exe,,1,0,1,1
mystery_text,,1,0,1,1
n,,1,0,0,1
name,,1,0,2,1
native-elf-format,,1,0,53,1
nattka,,1,0,171,1
ndkversion,,1,0,2,1
ndppd-init-debian-jessi,,1,0,21,1
net,,1,0,1,1
netbsd,,1,0,9,1
netns-mini,,1,0,55,1
netstat,,1,0,8,1
new-comment,,1,0,6,1
new-var,,1,0,8,1
new_features,,1,0,46,1
newbranch,,1,0,41,1
newmacros,,1,0,69,1
news-gperiodic,,1,0,211,1
news25,,1,0,29,1
news31,,1,0,29,1
next,,1,0,0,1
nfs,,1,0,5,1
nfsd,,1,0,11,1
nginx-http-auth,,1,0,6,1
ni_funcs,,1,0,11,1
nicks,,1,0,42,1
nikon-raw,,1,0,7,1
ninka-excel,,1,0,15,1
ninka-sqlite,,1,0,87,1
no-copyright,,1,0,13,1
no-incompatible-function-pointer-types,,1,0,1,1
no-strict-aliasing,,1,0,1,1
no_warning_algorithm,,1,0,5,1
no_warning_chrono,,1,0,5,1
no_warning_end,,1,0,3,1
no_warning_fstream,,1,0,5,1
no_warning_iomanip,,1,0,5,1
no_warning_memory,,1,0,5,1
no_warning_regex,,1,0,5,1
no_warning_sstream,,1,0,5,1
no_warranty,,1,0,3,1
nodemcu_uploader,,1,0,40,1
non-autotools-build,,1,0,430,1
non-unix-use,,1,0,501,1
non_zero_exit,,1,0,3,1
not-a-char-device,,1,0,0,1
not_impl,,1,0,2,1
not_installed_on_system,,1,0,0,1
notification-disabled-symbolicsvg,,1,0,1,1
notify-gitter,,1,0,2,1
notmuch-temp,,1,0,14,1
nouveau,,1,0,22,1
nova-simd,,1,0,2,1
np,,1,0,2,1
ns,,1,0,9,1
ntrs,,1,0,10,1
nu,,1,0,7,1
numeric-range-0-127,,1,0,16,1
numeric-range-0-255,,1,0,17,1
nutups_,,1,0,1,1
nvme,,1,0,22,1
oauth,,1,0,16,1
oauth2,,1,0,81,1
oauth2_imap_from_token,,1,0,35,1
ob,,1,0,2,1
objectdb,,1,0,1,1
obsdist,,1,0,19,1
ocaml,,1,0,2,1
ocaml-cohttp,,1,0,2,1
ocaml-lsp,,1,0,2,1
ocamlformat,,1,0,2,1
ocs-onthefly,,1,0,16,1
odf2epub,,1,0,4,1
odflint,,1,0,2,1
old_changes,,1,0,0,1
old_contact,,1,0,0,1
old_kat_vectors,,1,0,5339,1
oldchanges,,1,0,0,1
olsrd-default,,1,0,48,1
olsrd_secure_key,,1,0,1,1
omakeroot,,1,0,11,1
once,,1,0,2,1
online,,1,0,2,1
online-temp,,1,0,4,1
onready,,1,0,6,1
op-as,,1,0,7,1
op-axiomatixed,,1,0,7,1
op-barebones,,1,0,7,1
op-no-return,,1,0,7,1
open,,1,0,2,1
openrc-settingsd,,1,0,10,1
openssh,,1,0,1,1
opensuse,,1,0,0,1
openvz-maps,,1,0,36,1
openweathermap,,1,1,0,1
openwrt-wifi-devices_,,1,0,224,1
oprofile_diff,,1,0,1,1
optional,,1,0,109,1
options-menu_diff,,1,0,51,1
opts,,1,0,1,1
or1,,1,0,8,1
or2,,1,0,8,1
oracle,,1,0,3,1
oracle-1,,1,0,3,1
ostereier,,1,0,725,1
otp_patch_solve_forward_merge_version,,1,0,2,1
outfilter,,1,0,7,1
output_binary,,1,0,0,1
output_cidr,,1,0,0,1
output_cisco,,1,0,0,1
output_hex,,1,0,0,1
output_range,,1,0,0,1
output_std,,1,0,0,1
outputcheck,,1,0,15,1
outputstream,,1,0,3,1
overcommit,,1,0,27,1
override,,1,0,3,1
owl,,1,0,2,1
pack,,1,0,2,1
package-list,,1,0,11,1
packagers,,1,0,2,1
pacman_unrequired_packages,,1,0,81,1
pacstrap,,1,0,0,1
pafn,,1,0,7,1
pafnr,,1,0,7,1
pafns,,1,0,7,1
pafnw,,1,0,7,1
pager,,1,0,28,1
pam-mysql-conf,,1,0,2,1
panelrc,,1,0,8,1
param,,1,0,8,1
parse-example,,1,0,50,1
parse_args,,1,0,2,1
parser,,1,0,2,1
partition_flag_config_template,,1,0,2,1
partition_predicate_config_template,,1,0,2,1
partition_three_way_config_template,,1,0,2,1
partition_two_way_flag_config_template,,1,0,2,1
partition_two_way_predicate_config_template,,1,0,2,1
partitions,,1,0,30,1
pass,,1,0,2,1
pass-tmux,,1,0,36,1
pass-update,,1,0,0,1
passthru_update,,1,0,5,1
passwd,"Data(""Text"")",1,0,1,1
patch-header,,1,0,8,1
patch-makefile,,1,0,36,1
patchlevel,,1,0,1,1
patdiff-git-wrapper,,1,0,2,1
patent,,1,0,2,1
pattern3,,1,0,20,1
paupblock,,1,0,0,1
paupend,,1,0,0,1
paupstart,,1,0,0,1
pdb,,1,0,2,1
pdfpcrc,,1,0,3,1
pdq_i005,,1,0,72,1
peacock3,,1,0,18,1
penf,,1,0,2,1
periodical,,1,0,2,1
perl5_base,,1,0,1,1
perlcritic_prohibitinterpolationofliterals,,1,0,16,1
perlcritic_prohibitinterpolationofliterals_2,,1,0,16,1
perltestdata,,1,0,4,1
perltestinput,,1,0,10,1
perms,,1,0,14,1
pg_format,,1,0,2,1
pgclirc,,1,0,9,1
pgdoc,,1,0,1,1
pgpkeys,,1,0,9,1
phase-only,,1,0,6,1
phased_output,,1,0,3,1
phive,,1,0,1107,1
phoare,,1,0,14,1
phonenumbermetadataproto_bj,,1,1,0,1
phonenumbermetadataproto_cf,,1,1,0,1
phonenumbermetadataproto_ee,,1,1,0,1
phonenumbermetadataproto_eh,,1,1,0,1
phonenumbermetadataproto_et,,1,1,0,1
phonenumbermetadataproto_gb,,1,1,0,1
phonenumbermetadataproto_ge,,1,1,0,1
phonenumbermetadataproto_il,,1,1,0,1
phonenumbermetadataproto_in,,1,1,0,1
phonenumbermetadataproto_ir,,1,1,0,1
phonenumbermetadataproto_ma,,1,1,0,1
phonenumbermetadataproto_mc,,1,1,0,1
phonenumbermetadataproto_mg,,1,1,0,1
phonenumbermetadataproto_om,,1,1,0,1
phonenumbermetadataproto_py,,1,1,0,1
phonenumbermetadataproto_qa,,1,1,0,1
phonenumbermetadataproto_tj,,1,1,0,1
phonenumbermetadataproto_za,,1,1,0,1
php,,1,0,1,1
php-parse,,1,0,6,1
pick,,1,0,11,1
pin,,1,0,1,1
pin-@pin@,,1,0,40,1
pin-file,,1,0,30,1
pinentry-fuzzel,,1,0,26,1
pingpong,,1,0,2,1
pip,,1,0,1,1
pip3,,1,0,1,1
pipeline,,1,0,3,1
pipemess,,1,0,17,1
pipewalker,,1,0,4,1
pipscalez,,1,0,1,1
piratebay,,1,0,9,1
pixman,,1,0,2,1
pkcs11-json,,1,0,2,1
pkg-utils,,1,0,114,1
pkg_win,,1,0,9,1
pkgbuild-git,,1,0,2,1
pkgfile,,1,0,23,1
pkgs_mkshell,,1,0,13,1
placeholder,,1,0,0,1
plane,,1,0,4,1
plank,,1,0,1,1
pluginquery,,1,0,1,1
pmdefaults,,1,0,8,1
pmns-for-testing,,1,0,3,1
pmtest,,1,0,201,1
png_file,,1,1,0,1
png_symlink,,1,0,1,1
pngexifinfo,,1,0,10,1
po4a,,1,0,80,1
po4a-gettextize,,1,0,6,1
po4a-updatepo,,1,0,20,1
police,,1,0,13,1
policy,,1,0,1,1
poll,,1,0,0,1
pomodoro,,1,0,2,1
pony-checklist,,1,0,0,1
ponysay,,1,0,0,1
ponysay-tool,,1,0,0,1
port-id-map,,1,0,4,1
portblock,,1,0,93,1
pose,,1,0,8,1
posebench,,1,0,1,1
posix,,1,0,1,1
posix-c-source,,1,0,1,1
post-checkout,,1,0,7,1
post-commit,,1,0,13,1
post-merge,,1,0,8,1
post-rewrite,,1,0,8,1
postactivate,,1,0,21,1
postbuild,,1,0,2,1
postdeactivate,,1,0,5,1
postfix_mail_stats,,1,0,69,1
postgres_connections_,,1,0,24,1
postillon,,1,0,166,1
postprocess-web,,1,0,12,1
power,,1,0,15,1
power-profile,,1,0,15,1
ppm,,1,0,8,1
ppxlib,,1,0,2,1
pr,,1,0,1,1
pr185_0,,1,0,6,1
pr185_1,,1,0,10,1
pr193,,1,0,27,1
pr207,,1,0,1,1
pr_8909,,1,0,1,1
pr_8939,,1,0,1,1
pr_8975,,1,0,1,1
pr_8988,,1,0,1,1
pr_8990,,1,0,1,1
pre-merge-unclobber,,1,0,2,1
pre-push,,1,0,3,1
precompiled_demos_zips,,1,0,3,1
precompilespch,,1,0,16,1
pred,,1,0,7,1
predef,,1,0,1,1
preextracttest,,1,0,12,1
preferences,,1,0,82,1
preinst,,1,0,10,1
preinstall,,1,0,0,1
prelude,,1,0,5,1
prep_release,,1,0,4,1
prepare-release,,1,0,6,1
prepare2,,1,0,30,1
prepare_deb_package,,1,0,1,1
prepare_dist,,1,0,43,1
prepare_test,,1,0,4,1
preprocess,,1,0,23,1
preprocessor,,1,0,1,1
preset-2,,1,0,5,1
preset-3,,1,0,2,1
pressestimmen,,1,0,139,1
primorial,,1,0,44,1
print-excluded-abi-regex,,1,0,36,1
printf,,1,0,32,1
pripalpng,,1,0,4,1
privateheaders,,1,0,1,1
priweavepng,,1,0,2,1
probability,,1,0,8,1
probability-mem,,1,0,8,1
proc,,1,0,11,1
proc-abstract,,1,0,8,1
proc-call,,1,0,8,1
proc-no-return,,1,0,10,1
proc-simplify,,1,0,8,1
proc-up-to-bad,,1,0,8,1
proc-up-to-bad2,,1,0,8,1
procbounce,,1,0,2,1
process-exporter,,1,0,2,1
procmail,,1,0,3,1
profiletemplate,,1,0,27,1
programmhinweise,,1,0,91,1
projectiles,,1,0,2,1
projectm-eval,,1,0,2,1
projects,,1,0,23,1
prometheus-cpp-lite,,1,0,1,1
prometheus_metrics,,1,0,3,1
prompter,,1,0,2,1
prop,,1,0,3,1
protobuf,,1,1,0,1
proximapsync,,1,0,1356,1
prune-cronstamps,,1,0,12,1
ps,,1,0,4,1
psmerge,,1,0,29,1
psn,,1,0,2,1
pssh-askpass,,1,0,2,1
public-domain,,1,0,5,1
publish-docs,,1,0,3,1
publish-release,,1,0,8,1
pubmed,,1,0,9,1
pudb,,1,0,2,1
pull-4938,,1,0,5,1
pull-5465,,1,0,10,1
puppetfile,,1,0,4,1
purritobin_wrapper,,1,0,21,1
putfile,,1,0,2,1
pwx,,1,0,2,1
pybind11,,1,0,2,1
pycompat,,1,0,1,1
pydoc,,1,0,2,1
pydoc3,,1,0,1,1
pylint,,1,0,1,1
pyre-check,,1,0,2,1
python3,,1,0,1,1
python3-config,,1,0,1,1
python_parts_test_exp,,1,0,132,1
pyuic5,,1,0,2,1
pyzor,,1,0,6,1
q,,1,0,1,1
qa-openrc,,1,0,257,1
qa-vdb,,1,0,3,1
qdirstat-cache-writer,,1,0,34,1
qpdf,,1,0,2,1
qpsmtpd-forkserver,,1,0,2,1
qtlockedfile,,1,0,1,1
qtsingleapplication,,1,0,1,1
quat,,1,0,8,1
quickinstall,,1,0,6,1
quickjs,,1,0,15,1
quotes,,1,0,24,1
rabbitmq-server,,1,0,17,1
radeon-dpm,,1,0,0,1
radioinfo-1113-1036,,1,0,25,1
radioinfo-7-304,,1,0,8,1
radmindserver,,1,0,31,1
rand1024,,1,1,0,1
rand1025,,1,1,0,1
rand1026,,1,1,0,1
range-exclusive,,1,0,8,1
range-exclusive-inclusive,,1,0,8,1
range-inclusive,,1,0,8,1
range-inclusive-exclusive,,1,0,8,1
range_adds,,1,0,8,1
range_cidr,,1,0,0,1
range_join,,1,0,0,1
range_join2,,1,0,0,1
range_large,,1,0,0,1
range_order,,1,0,6,1
range_special,,1,0,2,1
rar,,1,0,6,1
raw_pdb,,1,0,1,1
rbotdb,,1,0,6,1
rbs,,1,0,16,1
rcondf1,,1,0,8,1
rcondf2,,1,0,8,1
rcondt-rl,,1,0,6,1
rcondt1,,1,0,8,1
rcondt2,,1,0,8,1
rdma_topo,,1,0,769,1
re2,,1,0,2,1
re_backslashb,,1,0,15,1
readerwriter,,1,0,7,1
readme-autoconf,"Documentation(""General"")",1,0,0,1
readme-bank,"Documentation(""General"")",1,0,78,1
readme-debian-package,"Documentation(""General"")",1,0,32,1
readme-release,"Documentation(""General"")",1,0,6,1
readme-testlib,"Documentation(""General"")",1,0,4,1
readme-to-translate,"Documentation(""General"")",1,0,39,1
readme-unlimited,"Documentation(""General"")",1,0,69,1
readme-update,"Documentation(""General"")",1,0,22,1
readme_cmake,"Documentation(""General"")",1,0,4,1
readme_cvxopt,"Documentation(""General"")",1,0,34,1
readme_template,"Documentation(""General"")",1,0,1,1
readmegr,"Documentation(""General"")",1,0,28,1
readme~,"Documentation(""General"")",1,0,0,1
readpsf,,1,0,497,1
real_volume_of,,1,0,0,1
reautopoint,,1,0,42,1
rebase-patches,,1,0,10,1
rebuild-msg-files,,1,0,82,1
rec-socat-endpoint,,1,0,34,1
rec-standalone,,1,0,33,1
rec-standalone-endpoint,,1,0,34,1
recode,,1,0,38,1
redcarpet,,1,0,27,1
redict_init_script,,1,0,26,1
redoconf,,1,0,1,1
reduce,,1,0,3,1
reduce_by_key_config_template,,1,0,13,1
ref,,1,0,12,1
reference,,1,0,2,1
refresh-install-files,,1,0,5,1
reg,,1,0,2,1
reg1,,1,0,1,1
reg2,,1,0,1,1
reg3,,1,0,1,1
reg4,,1,0,1,1
regenerate,,1,0,86,1
regenerate_kalman_references,,1,0,6,1
regression,,1,0,4,1
regtest2gb,,1,0,47,1
regular,,1,1,0,1
release-gem,,1,0,3,1
release_check_list,,1,0,2,1
relicense,,1,0,15,1
remarks,,1,0,43,1
remove-timestamps,,1,0,12,1
removelist,,1,0,2,1
removelisting,,1,0,8,1
rename-as,,1,0,8,1
render,,1,0,2,1
repair,,1,0,2,1
repeat-from-to,,1,0,8,1
replace-unshare,,1,0,40,1
repo-cd,,1,0,1,1
repo-specific-hooks,,1,0,18,1
repo_clean,,1,0,83,1
request,"Data(""Text"")",1,0,33,1
require,,1,0,2,1
require-import,,1,0,7,1
requires,,1,0,2,1
resize-part-image,,1,0,6,1
resolvme,,1,0,53,1
restclient,,1,0,16,1
restore,,1,0,33,1
restoreapks,,1,0,2,1
result,,1,0,8,1
result-parse,,1,0,0,1
result_--password-a samplepassword --password-b demopass --mask-passwords,,1,0,2,1
result_--password-a samplepassword --password-b demopass --no-color,,1,0,2,1
result_--password-a samplepassword --password-b demopass --no-color --mask-passwords,,1,0,2,1
result_--password-a samplepassword --password-b demopass --verbose --mask-passwords,,1,0,3,1
result_--password-a samplepassword --password-b demopass --verbose --no-color,,1,0,3,1
result_--password-a samplepassword --password-b demopass --verbose --no-color --mask-passwords,,1,0,3,1
results,,1,0,2,1
reuseport_test,,1,0,2,1
revdep-footer,,1,0,2,1
rewrite,,1,0,8,1
rewrite-crush,,1,0,8,1
rewrite-expand-list,,1,0,8,1
rewrite-fun-backwards,,1,0,8,1
rewrite-in,,1,0,8,1
rewrite-lemma-forwards-args,,1,0,8,1
rewrite-proof-term-in,,1,0,8,1
rfc,,1,0,10,1
rfkill-functions,,1,0,2,1
rfs-pkg-config,,1,0,36,1
rhide,,1,0,4,1
rip,,1,0,2,1
rizin,,1,0,2,1
rmath,,1,0,21,1
rnd-f,,1,0,8,1
rnd-fg,,1,0,8,1
rnd1,,1,0,8,1
rnd2,,1,0,7,1
roadmap,,1,0,20,1
rocfft-perf,,1,0,87,1
rofi-calendar,,1,0,5,1
rofi-sensible-terminal,,1,0,8,1
rofi-wttr,,1,0,75,1
roh-viz,,1,0,6,1
role,,1,0,26,1
roll,,1,0,0,1
root-experr-compile-0-f-f-f,,1,0,8,1
rpc2,,1,0,1,1
rpc_test,,1,0,14,1
rpm-gpg-key-fedora-45-primary,,1,0,29,1
rpm-gpg-key-fedora-rawhide-primary,,1,0,2,1
rpm-gpg-key-opensuse-16-backports,,1,0,30,1
rpmprep,,1,0,2,1
rspec_with_simplecov,,1,0,22,1
rsync,,1,0,18,1
rtimulib license,,1,0,2,1
rubber,,1,0,2,1
rubber-info,,1,0,2,1
rubber-lsmod,,1,0,5,1
rubber-pipe,,1,0,2,1
ruby-lsp-launcher,,1,0,2,1
rubyspec,,1,0,2,1
run-container,,1,0,28,1
run-cppcheck,,1,0,2,1
run-docker-tests,,1,0,15,1
run-in-docker,,1,0,2,1
run-vim,,1,0,2,1
run-with-simulator,,1,0,7,1
run_all_tests,,1,0,16,1
run_codec_test,,1,0,3,1
run_cucumber_monorepo,,1,0,23,1
run_debian,,1,0,2,1
run_electrum,,1,0,3,1
run_json_reader_test,,1,0,4,1
run_length_encode_config_template,,1,0,30,1
run_length_encode_non_trivial_runs_config_template,,1,0,28,1
run_rspec_monorepo,,1,0,28,1
run_test_2,,1,0,3,1
run_test_5,,1,0,3,1
run_test_imgcmp,,1,0,3,1
run_test_imginfo,,1,0,3,1
runc-version,,1,0,2,1
runconfigureicu,,1,0,42,1
runone,,1,0,4,1
runtime-pm,,1,0,17,1
runxboxdrv,,1,0,12,1
rust-bin,,1,0,2,1
rustdocs,,1,0,30,1
rwhoisdc,,1,0,92,1
s3,,1,0,99,1
sadump-basic,,1,0,91,1
sadump-basic-diskset,,1,0,7,1
sadump-basic-media,,1,0,7,1
sadump-basic-single,,1,0,7,1
sadump-basic-single-ia32,,1,0,7,1
safeint_3018p,,1,0,7056,1
salut-italian,,1,0,8,1
sample,,1,0,8,1
sample-kde-proxy-pac-without-scheme,,1,0,11,1
sample-lfescript,,1,0,1,1
sample-urls,,1,0,3,1
sample1,,1,1,0,1
sample2,,1,1,0,1
samplicate,,1,0,440,1
sanity_check,,1,0,86,1
sasl-scram,,1,0,30,1
sbt,,1,0,436,1
sc,,1,0,2,1
schema_access,,1,0,6,1
schily-20240321-bosh-20230112,,1,0,0,1
schily-20240321-pbosh-20230112,,1,0,0,1
schroot,,1,0,2,1
scopen,,1,0,2,1
scorch,,1,0,569,1
scpan,,1,0,9,1
screen,,1,1,0,1
screenfetch-devx,,1,0,0,1
screenkey,,1,0,12,1
script-helper,,1,0,4,1
script_ebnf,,1,0,2,1
scrub,,1,0,45,1
scrub-mess,,1,0,18,1
scrub-patch,,1,0,4,1
sdef,,1,0,4,1
sdio,,1,0,12,1
sdl2,,1,0,127,1
sdl2_ttf,,1,0,37,1
sdl_ds_store,,1,1,0,1
search,,1,0,7,1
searx,,1,0,10,1
section,,1,0,10,1
security,,1,0,20,1
security_classes,,1,0,5,1
securitycontext,,1,0,2,1
sediff,,1,0,2,1
seed,,1,1,0,1
segmented_reduce_config_template,,1,0,19,1
select,,1,0,6,1
select-impl,,1,0,9,1
select-shims,,1,0,13,1
select_flag_config_template,,1,0,2,1
select_predicate_config_template,,1,0,2,1
select_predicated_flag_config_template,,1,0,20,1
select_unique_by_key_config_template,,1,0,2,1
select_unique_config_template,,1,0,2,1
self_without_dot,,1,0,2,1
selfassign,,1,0,2,1
sender_permitted_from,,1,0,79,1
sendmails,,1,0,2,1
sendpass,,1,0,18,1
sendxmpp-raw-messages,,1,0,2,1
sendxmpp2,,1,0,174,1
sensors-conf-convert,,1,0,16,1
separator,,1,0,27,1
seq,,1,0,8,1
serial,,1,0,2,1
serializer,,1,0,54,1
serv,,1,1,0,1
servers,,1,0,3,1
servers-ipv6,,1,0,3,1
services-up,,1,0,2,1
sesearch,,1,0,3,1
set,,1,0,2,1
set_full_version,,1,0,83,1
set_password,,1,0,6,1
setclasses,,1,0,24,1
setdef,,1,0,2,1
setemail,,1,0,18,1
setget,,1,0,6,1
setperms,,1,0,9,1
settings,,1,0,1,1
setup-configure,,1,0,7,1
setup-sandbox-with-worktrees,,1,0,45,1
setup_init,,1,0,2,1
setup_rwhois_conf,,1,0,19,1
setversion,,1,0,2,1
sfc,,1,0,153,1
sfx2sh,,1,0,110,1
sha256-38a8906435c4dd5f4258899d46621bfd8eea3ad6ff494ee3c2f17ef0321625bd,,1,0,2,1
sha256-6da3dced7eccc7ad0189517c31ec2235b50f730449d738d91525721f7e027fd4,,1,0,1,1
sha256-7045bdd498b0e4b3963d50f906793ffbd68dc98686ec46c5b499a0a640a560b2,,1,0,1,1
sha256-a2eace2182b24cdbbb730798e47b10709b9ef5e0f0c1624a3bc06c8ca987727a,,1,0,2,1
sha256-aef2af226629a35d5f3ef0fdbb29fdbebf038d0acd8850590e8c48e1e283aa56,,1,0,2,1
sha256-b3c0cc4278800b03a308ceb2611161430df571ca733122f0a40ac8b9792a9064,,1,0,2,1
sha256-b6e1482bb6cb030924530b918e609fff30bbb07ab6845451d89deb823c3f72a9,,1,0,1,1
sha256-ee81caca15454863449fb55a1d942904d56d5ed9f9b20a7cb3453944ea2c7e11,,1,0,2,1
sha256-f24acc752be18b93b0504c86312bbaf482c9efb0c45e925bbccb0a591cebd7af,,1,0,2,1
sha256-f8778b6393eaf39315e767a58cbeacf2c4b270d94b4d6926ee993d9e49444991,,1,0,2,1
shadow,"Data(""Text"")",1,0,1,1
shared-submodules,,1,0,1,1
sharness,,1,0,610,1
shell-main,,1,0,22,1
shellcheck,,1,0,2,1
shellcheck-tree,,1,0,4,1
shellevents,,1,0,2,1
shlibs,,1,0,1,1
shm_clear,,1,0,4,1
shortnumbermetadataproto_py,,1,1,0,1
shortnumbermetadataproto_ro,,1,1,0,1
should_fail,,1,0,15,1
show,,1,0,1,1
show-tpm2-totp,,1,0,2,1
show_compiler_details,,1,0,6,1
showlink,,1,0,2,1
showlist,,1,0,2,1
shutdown_menu,,1,0,2,1
siekennendas,,1,0,29,1
signature,,1,0,29,1
signature-1,,1,0,1,1
signaturen,,1,0,129,1
silver,,1,0,4,1
silver-bright,,1,0,2,1
silver-dark,,1,0,2,1
sim,,1,0,8,1
simple2,,1,0,0,1
simple_connect,,1,1,0,1
single-perms,,1,0,4,1
size,,1,0,2,1
skeys,,1,0,4,1
skip_if_dtoa,,1,0,0,1
skip_int,,1,0,1,1
skip_unless_dtoa,,1,0,0,1
skip_win,,1,0,1,1
skk-cfg,,1,0,5,1
skk-mk,,1,0,5,1
sksconf,,1,0,32,1
small-lemma,,1,0,7,1
smart-http,,1,0,2,1
smart-live-rebuild,,1,0,26,1
smbios-lcd-brightness,,1,0,4,1
smbios-passwd,,1,0,4,1
smbios-thermal-ctl,,1,0,3,1
smbios-wakeup-ctl,,1,0,4,1
smbios-wireless-ctl,,1,0,3,1
smoke-env,,1,0,2,1
smoke-files,,1,0,3,1
smoke-tests,,1,0,3,1
smt,,1,0,8,1
snappy,,1,0,2,1
sniffit-faq,,1,0,16,1
snipergoth,,1,0,2,1
snippets,,1,0,1,1
snmp__if_multi,,1,0,2,1
snmp__uptime,,1,0,2,1
sos-linux,,1,0,49,1
spamassassin,,1,0,13,1
spdxcopyright,,1,0,6,1
spdxlicense,,1,0,6,1
special_table,,1,0,573,1
specs,,1,0,97,1
spirv-tools,,1,0,2,1
splice_fetch,,1,0,12,1
splitwhile,,1,0,8,1
splitwhile1,,1,0,8,1
splitwhile2,,1,0,8,1
sponsors,,1,0,2,1
spotifyd_dbus,,1,0,44,1
sprachkurse,,1,0,52,1
springer,,1,0,9,1
sql,,1,0,1,1
src,,1,0,1,1
ssacli,,1,0,0,1
ssd-args,,1,0,74,1
ssh-ldap-pubkey-wrapper,,1,0,2,1
sskm,,1,0,2,1
ssr-glinject,,1,0,13,1
sstring-file,,1,0,3,1
stack,,1,0,9,1
stackprof,,1,0,4,1
stair,,1,0,2,1
stamp-autotools-files,,1,0,0,1
stamp-h2,,1,0,1,1
stamp-makefile-build,,1,0,0,1
starry_sunset,,1,0,601,1
start_megaglest,,1,0,10,1
state,,1,0,4,1
static_func,,1,0,7,1
static_pdfs,,1,0,1,1
statupd,,1,0,39,1
status-beeps,,1,0,10,1
stdcompile,,1,0,2,1
stdcpp,,1,0,9,1
stdio,,1,0,5,1
stockquote,,1,0,9,1
stream,,1,0,3,1
streamoperator,,1,0,16,1
struct_test,,1,0,11,1
subdirs,,1,0,2,1
subscreen,,1,0,2,1
subset_clean,,1,0,0,1
subset_skip,,1,0,0,1
succeed,,1,0,0,1
sudoers,,1,0,2,1
sundials-addon-example,,1,0,2,1
super,,1,0,7,1
suppbook,,1,0,2,1
suppcollection,,1,0,2,1
supported_systems,,1,0,3,1
suppperiodical,,1,0,2,1
surf,,1,0,2,1
sus,,1,0,12,1
sus-host,,1,0,12,1
sus-parallel,,1,0,8,1
sus-tree,,1,0,6,1
svg2ico,,1,0,6,1
sway-check-updates,,1,0,89,1
sway-config,,1,0,6,1
sway-update,,1,0,6,1
swayidle,,1,0,2,1
swayimgrc,,1,0,11,1
sweeprc,,1,0,5,1
sweeptimes,,1,0,0,1
swift-mode,,1,0,43,1
switch,,1,0,7,1
sxw2txt,,1,0,312,1
sym-lib-table,,1,0,25,1
sys,,1,0,1,1
sys-xlat-common,,1,0,39,1
sys-xlat-x86_64-linux,,1,0,29,1
sys-xlat-x86_64-linux-xen,,1,0,19,1
sysfs-documentation,,1,0,4,1
sysinfo,,1,0,2,1
sysiphus,,1,0,165,1
system-auth,,1,0,29,1
system_properties,,1,0,3,1
t-verify-multi-from-fail,,1,0,11,1
t-verify-multi-from-reject,,1,0,2,1
t-verify-received-spf-bad,,1,0,13,1
t02,,1,0,2,1
t02-st-fade,,1,0,2,1
t03,,1,0,2,1
t04,,1,0,2,1
t05,,1,0,2,1
t05-so-flac,,1,0,2,1
t06,,1,0,2,1
t07,,1,0,2,1
t09,,1,0,2,1
t09-queue,,1,0,2,1
t10,,1,0,2,1
t11,,1,0,2,1
t11-so-vol,,1,0,2,1
t12,,1,0,8,1
t12-st-vol,,1,0,2,1
t13,,1,0,7,1
t13-so-loop,,1,0,2,1
t16-mix8,,1,0,2,1
t18-st-pan,,1,0,2,1
t21-panf,,1,0,1,1
t22-22khz-flac,,1,0,1,1
t30-fc,,1,0,2,1
t_multiple_results,,1,0,67,1
tab-to-vcf,,1,0,0,1
table2unicode,,1,0,20,1
table_akima,,1,0,31,1
table_cubic,,1,0,31,1
table_cubicfit,,1,0,10,1
table_in,,1,0,10,1
table_linear,,1,0,31,1
tag-by-process,,1,0,77,1
tagfiles,,1,0,1,1
tapechange,,1,0,52,1
tapetypes,,1,0,304,1
targets,,1,0,2,1
tarot,,1,0,25,1
taskw,,1,0,183,1
taxonomy,,1,0,7,1
tcltags,,1,0,2,1
tcvn-5712,,1,0,0,1
tee_log,,1,0,25,1
tegaki-build,,1,0,2,1
tegaki-eval,,1,0,2,1
tegaki-stats,,1,0,2,1
tegaki-train,,1,0,2,1
tehran,,1,1,0,1
template-converter,,1,0,2,1
test-bootstrap-jim,,1,0,2,1
test-by-cp,,1,0,9,1
test-change-home-dir-on-session,,1,0,2,1
test-cmd-line,,1,0,1,1
test-dependencies,,1,0,5,1
test-from-git,,1,0,7,1
test-fsck,,1,0,4,1
test-gem-set,,1,0,22,1
test-growpart-fsimage,,1,0,4,1
test-install,,1,0,25,1
test-integration-local,,1,0,2,1
test-jump-m11213,,1,1,0,1
test-jump-m1279,,1,1,0,1
test-jump-m132049,,1,1,0,1
test-jump-m19937,,1,1,0,1
test-jump-m216091,,1,1,0,1
test-jump-m2203,,1,1,0,1
test-jump-m4253,,1,1,0,1
test-jump-m44497,,1,1,0,1
test-jump-m521,,1,1,0,1
test-jump-m86243,,1,1,0,1
test-lexicon,,1,0,10,1
test-mic,,1,0,8,1
test-mkfs,,1,0,2,1
test-mon86-exec,,1,0,13,1
test-mon86-read,,1,0,14,1
test-mon86-stub,,1,0,7,1
test-mon86-write,,1,0,14,1
test-multi-seat-no-multi-session,,1,0,2,1
test-namespace,,1,0,4,1
test-output-validation,,1,0,371,1
test-preset-brkpt,,1,0,35,1
test-segfault-long-name,,1,0,2,1
test-static-code,,1,0,2,1
test-text,,1,0,16,1
test-unicode_windows,,1,0,5,1
test-watcher,,1,0,4,1
test10,,1,0,5,1
test11,,1,0,5,1
test12,,1,0,5,1
test16,,1,0,5,1
test28,,1,0,5,1
test29,,1,0,5,1
test30,,1,0,5,1
test8,,1,0,5,1
test_close,,1,0,52,1
test_connections,,1,0,22,1
test_email_set_create_memo_x_me_messageid,,1,0,2,1
test_everything,,1,0,6,1
test_fetch_bugs,,1,0,39,1
test_fetch_bugs_cc,,1,0,14,1
test_fetch_bugs_keywordreq,,1,0,22,1
test_fetch_sanity_check_both,,1,0,24,1
test_fetch_sanity_check_failed,,1,0,18,1
test_fetch_sanity_check_passed,,1,0,17,1
test_find_bugs_cc,,1,0,21,1
test_find_keywordreqs,,1,0,26,1
test_find_sanity_check_both,,1,0,23,1
test_find_sanity_check_failed,,1,0,16,1
test_find_sanity_check_passed,,1,0,16,1
test_functions,,1,0,3,1
test_get_latest_comment,,1,0,14,1
test_get_latest_comment_whoami,,1,0,17,1
test_github,,1,0,3,1
test_github_url_tracking,,1,0,3,1
test_gitlab,,1,0,3,1
test_http,,1,0,1,1
test_json,,1,1,0,1
test_lockfile_assets,,1,0,22,1
test_lockfile_install,,1,0,18,1
test_lockfile_urls,,1,0,2,1
test_passthrough,,1,0,2,1
test_reset_status,,1,0,65,1
test_resolve_dependencies,,1,0,44,1
test_set_status,,1,0,73,1
test_set_status_and_add_keywords,,1,0,63,1
test_set_status_and_cc,,1,0,59,1
test_set_status_and_comment,,1,0,62,1
test_set_status_and_mark_obsolete,,1,0,99,1
test_set_status_and_package_list,,1,0,68,1
test_set_status_and_remove_keywords,,1,0,60,1
test_tags,,1,0,2,1
test_tpm2_swtpm_setup_create_cert,,1,0,6,1
test_union,,1,0,20,1
test_utilities,,1,0,23,1
test_whoami,,1,0,6,1
test_wrappers,,1,0,13,1
testbtables,,1,1,0,1
testcampaign,,1,0,2,1
testcampaignall,,1,0,2,1
testcircle,,1,0,4,1
testconf,,1,0,11,1
testinput1,,1,0,6657,1
testinput10,,1,0,648,1
testinput11,,1,0,374,1
testinput12,,1,0,606,1
testinput13,,1,0,22,1
testinput14,,1,0,108,1
testinput15,,1,0,253,1
testinput16,,1,0,9,1
testinput17,,1,0,316,1
testinput18,,1,0,147,1
testinput19,,1,0,25,1
testinput2,,1,0,6114,1
testinput20,,1,0,108,1
testinput21,,1,0,16,1
testinput22,,1,0,107,1
testinput23,,1,0,7,1
testinput24,,1,0,396,1
testinput25,,1,0,22,1
testinput26,,1,0,2750,1
testinput3,,1,0,109,1
testinput4,,1,0,2874,1
testinput6,,1,0,5045,1
testinput7,,1,0,2534,1
testinput8,,1,0,189,1
testinput9,,1,0,266,1
testinputebc,,1,0,137,1
testinputheap,,1,0,35,1
testmpi,,1,0,2,1
testoutput1,,1,0,10506,1
testoutput10,,1,0,1928,1
testoutput11-16,,1,0,668,1
testoutput11-32,,1,0,674,1
testoutput12-16,,1,0,1868,1
testoutput12-32,,1,0,1858,1
testoutput13,,1,0,27,1
testoutput14-16,,1,0,163,1
testoutput14-32,,1,0,159,1
testoutput14-8,,1,0,163,1
testoutput15,,1,0,540,1
testoutput16,,1,0,18,1
testoutput17,,1,0,570,1
testoutput18,,1,0,230,1
testoutput19,,1,0,30,1
testoutput2,,1,0,18070,1
testoutput20,,1,0,161,1
testoutput21,,1,0,94,1
testoutput22-16,,1,0,182,1
testoutput22-32,,1,0,180,1
testoutput22-8,,1,0,184,1
testoutput23,,1,0,8,1
testoutput24,,1,0,624,1
testoutput25,,1,0,25,1
testoutput26,,1,0,3511,1
testoutput3,,1,0,170,1
testoutput3a,,1,0,170,1
testoutput3b,,1,0,170,1
testoutput4,,1,0,4605,1
testoutput6,,1,0,7923,1
testoutput7,,1,0,4230,1
testoutput8-16-2,,1,0,1076,1
testoutput8-16-3,,1,0,1074,1
testoutput8-16-4,,1,0,1074,1
testoutput8-32-2,,1,0,1074,1
testoutput8-32-3,,1,0,1074,1
testoutput8-32-4,,1,0,1074,1
testoutput8-8-2,,1,0,1076,1
testoutput8-8-3,,1,0,1074,1
testoutput8-8-4,,1,0,1074,1
testoutput9,,1,0,374,1
testoutputebc,,1,0,206,1
testoutputheap-16,,1,0,88,1
testoutputheap-32,,1,0,88,1
testoutputheap-8,,1,0,88,1
testprimes,,1,0,51,1
testrunner,,1,0,5,1
testrunner-default,,1,0,31,1
tests-list,,1,0,12,1
tests_firewalls,,1,0,2,1
tests_ports_packages,,1,0,2,1
tet_scen,,1,0,2,1
text2cstr,,1,0,13,1
texture,,1,0,4,1
tf-psa-crypto,,1,0,2,1
tfunimage,,1,0,2,1
tg3,,1,0,72,1
theme-config,,1,0,5,1
themerc-nokto,,1,0,179,1
theorem,,1,0,8,1
theory,,1,0,11,1
thesis,,1,0,2,1
thingstotry,,1,0,203,1
third-party-notices,,1,0,26,1
thorium,,1,0,2,1
thread-first,,1,0,4,1
thread-last,,1,0,4,1
throw,,1,0,2,1
ticks,,1,0,7,1
tidy,,1,0,5,1
tidycheck,,1,0,44,1
timeprivacy,,1,0,2,1
timer,,1,0,2,1
timer_and_stopwatch,,1,0,2,1
tinyxml2,,1,0,2,1
tip,,1,0,1,1
title,,1,0,1,1
tkx11vnc,,1,0,6,1
tl-cmake,,1,0,1,1
tl_packages,,1,0,1,1
tlp-func-stat,,1,0,36,1
tmkrc,,1,0,13,1
tmtags,,1,0,19,1
tmx,,1,0,2,1
toggle,,1,0,30,1
toolchains,,1,0,2,1
top,,1,0,49,1
tpm-troubleshooting,,1,0,8,1
tqstring-file,,1,0,11,1
trace,,1,0,2,1
traffic-accounting-helper,,1,0,12,1
train,,1,0,48,1
training-readme,,1,0,11,1
transitivity,,1,0,10,1
transitivity-code,,1,0,10,1
translations,,1,0,2,1
travis-build,,1,0,28,1
travis-checkpatch,,1,0,29,1
travis-std,,1,0,63,1
tray,,1,0,2,1
trdeps,,1,0,51,1
tree-sitter-elisp-src,,1,0,1,1
trig,,1,0,22,1
triggers,,1,0,1,1
trim,,1,0,69,1
trimesh-setup,,1,0,15,1
triton,,1,0,2,1
trust-root,,1,1,0,1
try_swap_workspace,,1,0,31,1
tryelse,,1,0,5,1
tty-share-bash_completion,,1,0,73,1
tty-share_test,,1,1,0,1
tty-share_test_new,,1,1,0,1
tv,,1,0,2,1
tv_find_grabbers,,1,0,3,1
tv_sort,,1,0,56,1
type,,1,0,8,1
typescript,,1,0,168,1
typst,,1,0,94,1
typst-compile,,1,0,53,1
typst-fonts,,1,0,24,1
typst-help,,1,0,6,1
typst-query,,1,0,43,1
typst-update,,1,0,24,1
typst-watch,,1,0,52,1
ubertooth-specan-ui,,1,0,6,1
ubuntu-cloudimg-query,,1,0,318,1
ucsmap,,1,0,0,1
udev,,1,0,1,1
ug,,1,0,2,1
uimhreacha,,1,0,1,1
um-one-test-2,,1,0,12,1
uncov-coverage,,1,0,13,1
undefinied-version,,1,0,10,1
undiag,,1,0,2,1
unescape,,1,0,1,1
unicode,,1,0,7,1
unicode_literals,,1,0,6,1
unicode_properties,,1,0,28,1
union,,1,0,7,1
unionfs-fuse-nfs-root,,1,0,2,1
unisourcehanmonocn-utf16-h,,1,0,16510,1
unisourcehanmonocn-utf32-h,,1,0,16504,1
unisourcehanmonohk-utf16-h,,1,0,15691,1
unisourcehanmonohk-utf32-h,,1,0,15685,1
unisourcehanmonoitcn-utf16-h,,1,0,16536,1
unisourcehanmonoitcn-utf32-h,,1,0,16530,1
unisourcehanmonoithk-utf16-h,,1,0,15717,1
unisourcehanmonoithk-utf32-h,,1,0,15711,1
unisourcehanmonoitjp-utf16-h,,1,0,15964,1
unisourcehanmonoitjp-utf32-h,,1,0,15958,1
unisourcehanmonoitkr-utf16-h,,1,0,16151,1
unisourcehanmonoitkr-utf32-h,,1,0,16145,1
unisourcehanmonoittw-utf16-h,,1,0,16058,1
unisourcehanmonoittw-utf32-h,,1,0,16052,1
unisourcehanmonojp-utf16-h,,1,0,15938,1
unisourcehanmonojp-utf32-h,,1,0,15932,1
unisourcehanmonokr-utf16-h,,1,0,16122,1
unisourcehanmonokr-utf32-h,,1,0,16116,1
unisourcehanmonotw-utf16-h,,1,0,16032,1
unisourcehanmonotw-utf32-h,,1,0,16026,1
unity,,1,0,1,1
unrealircd,,1,0,50,1
unroll-equiv,,1,0,8,1
unroll-while,,1,0,8,1
unstable-api-warning,,1,0,6,1
unsubscribe,,1,0,2,1
update-po,,1,0,2,1
update-test-matrix,,1,0,1,1
update-translations,,1,0,2,1
update-website,,1,0,28,1
update_copyrights,,1,0,66,1
update_dev_dependencies,,1,0,3,1
update_gem_in_all_appraisals,,1,0,17,1
update_gems_in_all_appraisals,,1,0,16,1
update_pci_usb,,1,0,29,1
update_pci_usb_sdio,,1,0,40,1
update_register_all_functions,,1,0,2,1
update_version,,1,0,65,1
updatecopyright,,1,0,35,1
upgradedb,,1,0,2,1
upload-artifacts,,1,0,52,1
upload-latest-artifacts,,1,0,26,1
uppercase_header,,1,0,19,1
uribl,,1,0,147,1
usage-mksquashfs,,1,0,1435,1
usage-sqfscat,,1,0,110,1
usage-sqfstar,,1,0,1075,1
usage-unsquashfs,,1,0,532,1
usbguard,,1,0,2,1
use-footer,,1,0,2,1
use-loop,,1,0,4,1
use_cases,,1,0,8,1
useless-if-before-free,,1,0,2,1
userguide,,1,0,24,1
ushare,,1,0,82,1
utf-16#be,,1,1,0,1
utf-16#le,,1,1,0,1
utf-32#be,,1,1,0,1
utf-32#le,,1,1,0,1
utf7_to_utf7imap,,1,0,21,1
utf8_simple,,1,0,1,1
utf8test,,1,0,24,1
utilities,,1,0,30,1
uv-dev-setup,,1,0,2,1
uv-script,,1,0,11,1
uvw,,1,0,0,1
v4_edge,,1,0,4,1
v6_binary,,1,0,1,1
v6_cisco,,1,0,1,1
v6_hex,,1,0,1,1
vagrant,,1,0,2,1
vala-language-server,,1,0,7,1
valendas,,1,0,2,1
valgrind-stubs,,1,0,35,1
valid-sample,,1,0,1,1
validate,,1,0,746,1
validate_html4,,1,0,47,1
validator-tsc,,1,0,33,1
validator-tsc-es2015,,1,0,1,1
validity,,1,0,7,1
valueclass,,1,0,2,1
var,,1,0,6,1
vblade-generator,,1,0,37,1
vbladed,,1,0,6,1
vc,,1,0,302,1
vc-list-files,,1,0,2,1
vcd,,1,0,1,1
vcf-annotate,,1,0,0,1
vcf-compare,,1,0,0,1
vcf-concat,,1,0,0,1
vcf-consensus,,1,0,0,1
vcf-contrast,,1,0,0,1
vcf-convert,,1,0,5,1
vcf-fix-newlines,,1,0,0,1
vcf-fix-ploidy,,1,0,0,1
vcf-indel-stats,,1,0,0,1
vcf-isec,,1,0,0,1
vcf-merge,,1,0,0,1
vcf-phased-join,,1,0,0,1
vcf-query,,1,0,0,1
vcf-shuffle-cols,,1,0,0,1
vcf-sort,,1,0,0,1
vcf-stats,,1,0,0,1
vcf-subset,,1,0,0,1
vcf-to-tab,,1,0,0,1
vcf-tstv,,1,0,0,1
vcf-validator,,1,0,0,1
vdb-report-snapshot,,1,0,56,1
vdf,,1,0,1,1
vdr-get-header-checksum,,1,0,2,1
vdr-watchdogd,,1,0,5,1
verify-style,,1,0,10,1
version-increment,,1,0,2,1
version_base,,1,0,2,1
version_current,,1,0,2,1
version_number,,1,0,1,1
version_rocm_pkg,,1,0,1,1
vertipper,,1,0,0,1
vga-functions,,1,0,4,1
vgrep,,1,0,6,1
view-column-test,,1,0,39,1
viewreport,,1,0,300,1
views,,1,0,1,1
vifm,,1,0,2,1
vifmrc,,1,0,4,1
vifmrc-osx,,1,0,4,1
vimflavor,,1,0,0,1
vimtags,,1,0,2,1
viridis,,1,0,257,1
virtio_net,,1,0,8,1
virtme-init,,1,0,8,1
virtme-sshd-script,,1,0,10,1
vkeybdmap,,1,0,24,1
vkeybdmap-de,,1,0,0,1
vkeybdmap-es,,1,0,0,1
vkeybdmap-fr,,1,0,0,1
vkeybdmap-french,,1,0,59,1
vkeybdmap-german,,1,0,118,1
vkeybdmap-spanish,,1,0,55,1
vkeybdrc_german,,1,0,61,1
vm-support,,1,0,38,1
vms_freebsd,,1,0,2,1
vms_i386,,1,0,2,1
vms_ids,,1,0,2,1
vms_netbsd,,1,0,2,1
vms_shared,,1,0,2,1
vng-mcp,,1,0,23,1
volume-notify,,1,0,16,1
volume-pulseaudio,,1,0,2,1
volwheel,,1,0,295,1
votrify-make-confirmation,,1,0,0,1
votrify-verify-confirmations,,1,0,0,1
vscode,,1,0,2,1
vt200,,1,0,28,1
vulkan,,1,0,2,1
w,,1,0,6,1
w33ble2tsv,,1,0,2,1
w3css,,1,0,11,1
w3html,,1,0,1,1
w3link,,1,0,1,1
w3rdf,,1,0,13,1
wasi-sdk-version,,1,0,1,1
wasm_cc,,1,0,2,1
wavetable_guide,,1,0,2,1
wayland-logout,,1,0,31,1
wayland-protocols,,1,0,2,1
wayland-session,,1,0,35,1
wayland_cursor,,1,1,0,1
weatherunderground,,1,1,0,1
weave-depth,,1,0,11,1
weave-swop,,1,0,4,1
webclient,,1,0,2,1
webserver,,1,0,156,1
websocketpp,,1,0,2,1
webster,,1,0,1,1
wg-quick,,1,0,171,1
what-gets-build,,1,0,72,1
when,,1,0,3,1
whenl,,1,0,1,1
while-proc,,1,0,11,1
while-true,,1,0,8,1
while1,,1,0,8,1
while2,,1,0,7,1
widget,,1,0,2,1
width-test,,1,0,9,1
wiktionary,,1,0,1,1
wildcard_test,,1,0,2,1
windows-1255,,1,0,0,1
windows-2008-with-2-different-cpus,,1,0,114,1
winoptions,,1,0,59,1
wintestinput3,,1,0,104,1
wintestoutput3,,1,0,175,1
wireproxy,,1,0,30,1
wish,,1,0,22,1
wishlist,,1,0,1,1
with-open,,1,0,8,1
with_statement,,1,0,6,1
witze,,1,0,200,1
wl-cfg,,1,0,2,1
wl-mk,,1,0,2,1
wl-present,,1,0,16,1
woffle,,1,0,11,1
wonko_ruby_imapsync,,1,0,116,1
wordfreq,,1,0,15000,1
wrap,,1,0,103,1
writelock,,1,0,0,1
writepsf,,1,0,628,1
wsd-client,,1,0,4,1
wsd-host,,1,0,4,1
wslu-install,,1,0,2,1
wtfpl,,1,0,0,1
www,,1,0,0,1
wycheproof_copying,,1,0,4,1
x_command,,1,0,2,1
xapers-adder,,1,0,2,1
xapers-test,,1,0,31,1
xboxdrv-ps3-usb,,1,0,2,1
xcapture-bpf,,1,0,0,1
xcc,,1,0,32,1
xclip-cutfile,,1,0,2,1
xcowdream,,1,0,2,1
xdata,,1,0,2,1
xdg-open,,1,0,2,1
xenial,,1,0,7,1
xenvironment,,1,0,1,1
xfrm_stat,,1,0,28,1
xgettext-html,,1,0,8,1
xinitrc,,1,0,5,1
xlat-linux-ia32,,1,0,13,1
xlat-linux-ia32-pae,,1,0,13,1
xlat-linux-ppc64-64k,,1,0,13,1
xlat-linux-s390x-2l,,1,0,12,1
xlat-linux-s390x-3l,,1,0,12,1
xlat-linux-s390x-4l,,1,0,12,1
xlat-linux-x86_64-5l,,1,0,14,1
xlat-linux-x86_64-ktext-128m,,1,0,13,1
xlat-linux-x86_64-ktext-130m,,1,0,13,1
xlat-linux-x86_64-ktext-130m-nonlinear,,1,0,14,1
xlat-linux-x86_64-ktext-1g,,1,0,13,1
xlat-linux-x86_64-ktext-40m,,1,0,13,1
xlat-linux-x86_64-ktext-512m,,1,0,13,1
xlat-linux-x86_64-ktext-520m,,1,0,13,1
xlat-linux-x86_64-ktext-54m-kaslr,,1,0,14,1
xlat-linux-x86_64-ktext-crosspage,,1,0,14,1
xlat-linux-x86_64-ktext-pgt,,1,0,12,1
xlat-linux-x86_64-old,,1,0,13,1
xlat-linux-x86_64-old-nover,,1,0,14,1
xlat-os-aarch64-none,,1,0,13,1
xlat-os-ia32-none,,1,0,12,1
xlat-os-ia32-pae-none,,1,0,12,1
xlat-os-s390x-2l,,1,0,12,1
xlat-os-s390x-3l,,1,0,12,1
xlat-os-s390x-4l,,1,0,12,1
xlat-os-s390x-5l,,1,0,12,1
xlat-os-x86_64-none,,1,0,12,1
xlat-xen-ia32,,1,0,13,1
xlat-xen-ia32-pae,,1,0,13,1
xlat-xen-x86_64-old,,1,0,13,1
xlat-xen-x86_64-old-nover,,1,0,14,1
xlatmap-check,,1,0,31,1
xlogout,,1,0,49,1
xmlmantohtml,,1,0,151,1
xmltoman,,1,0,221,1
xmlwc,,1,0,85,1
xpatests,,1,0,67,1
xpcservices,,1,0,1,1
xresources1,,1,0,3,1
xresources2,,1,0,2,1
xresources3,,1,0,1,1
xsession,,1,0,69,1
xtappsetexitflag,,1,0,2,1
xx-cond-replace,,1,0,2,1
xx-cvs-diff,,1,0,2,1
xx-cvs-revcmp,,1,0,2,1
xx-diff-proxy,,1,0,2,1
xx-encrypted,,1,0,2,1
xx-filter,,1,0,2,1
xx-find-grep-sed,,1,0,2,1
xx-hg-merge,,1,0,2,1
xx-match,,1,0,2,1
xx-pyline,,1,0,2,1
xx-rename,,1,0,4,1
xx-sql-schemas,,1,0,2,1
xx-svn-diff,,1,0,2,1
xx-svn-resolve,,1,0,2,1
xyz,,1,0,0,1
yahoo,,1,0,1,1
yandex,,1,0,1,1
yday,,1,0,41,1
ydiff,,1,0,9,1
ytdl-mpv,,1,0,5,1
ytnef-oob-tnefversion-swapword,,1,1,0,1
zen,,1,0,17,1
zero-size,,1,0,21,1
zero_exit,,1,0,3,1
zfsbootmenu-diff,,1,0,2,1
zfsutils-linux,,1,0,7,1
zint,,1,0,2,1
zip-all-variants,,1,0,17,1
zipsrc,,1,0,23,1
zlogin,,1,0,9,1
zlogout,,1,0,1,1
zmore,,1,0,2,1
zone,,1,0,0,1
zprofile,,1,0,7,1
zshenv,,1,0,18,1
zshrc,,1,0,39,1
