name,category,language,before_loc,after_loc,before_bytes,after_bytes,before_nodes,after_nodes,has_mapping,op_identical,op_update,op_match_but_not_identical,op_delete,op_delete_with_children,op_insert,op_insert_with_children,node_op_identical,node_op_update,node_op_match_but_not_identical,node_op_delete,node_op_delete_with_children,node_op_insert,node_op_insert_with_children,implicit_identical_nodes,paired_entries,depth_delta_0,depth_delta_1,depth_delta_2,depth_delta_3plus,reorder_signals,group_count,group_with_children,group_all_to_all,current_mismatches
bazel-not-actually-supported-by-treesitter,handmade,Unknown,66,40,1958,1317,0,0,true,0,0,0,0,0,0,0,0,0,0,0,0,0,0,0,0,0,0,0,0,0,0,0,0,
c-awslabs-aws-c-common-only-insert,full,C,213,272,7314,9723,604,734,true,602,0,2,0,0,0,6,1204,0,4,0,0,0,130,0,604,604,0,0,0,0,0,0,0,0
c-cpython-autogenerated-code,small,C,4146,4161,142030,142732,28887,29030,true,28866,3,18,0,0,0,1,57732,6,36,0,0,0,143,0,28887,28887,0,0,0,0,0,0,0,29
c-ffmpeg-added-typedef-to-enum,small,C,318,318,10561,10583,1238,1240,true,1230,0,7,1,0,3,0,2460,0,14,1,0,3,0,0,1237,1193,44,0,0,0,0,0,0,1
c-ffmpeg-ffmpeg-rename-two-identifiers,stratified,C,617,617,20394,20406,4941,4941,true,4931,2,8,0,0,0,0,9862,4,16,0,0,0,0,0,4941,4941,0,0,0,0,0,0,0,0
c-freeciv-add-parameter-to-function,small,C,30,31,1261,1318,122,132,true,116,0,5,0,0,9,0,235,0,10,0,0,9,0,3,121,121,0,0,0,0,1,0,0,0
c-freeciv-freeciv-rename-identifier,stratified,C,2244,2244,81849,81835,15821,15821,true,15797,2,22,0,0,0,0,31594,4,44,0,0,0,0,0,15821,15821,0,0,0,0,0,0,0,0
c-freeciv-freeciv-update-version,stratified,C,53,53,1980,1980,229,229,true,220,2,7,0,0,0,0,440,4,14,0,0,0,0,0,229,229,0,0,0,0,0,0,0,0
c-genymobile-scrcpy-add-a-define,stratified,C,7,8,429,491,29,33,true,28,0,1,0,0,0,1,56,0,2,0,0,0,4,0,29,29,0,0,0,0,0,0,0,0
c-genymobile-scrcpy-add-a-define-,stratified,C,8,9,491,553,33,37,true,32,0,1,0,0,0,1,64,0,2,0,0,0,4,0,33,33,0,0,0,0,0,0,0,0
c-genymobile-scrcpy-add-a-define-2,stratified,C,6,7,367,429,25,29,true,24,0,1,0,0,0,1,48,0,2,0,0,0,4,0,25,25,0,0,0,0,0,0,0,0
c-genymobile-scrcpy-add-to-import-path-and-move-imports-around,stratified,C,27,27,508,512,105,105,true,100,1,4,0,0,0,0,200,2,8,0,0,0,0,0,105,105,0,0,0,1,0,0,0,6
c-genymobile-scrcpy-big-change,stratified,C,25,27,653,762,181,167,true,26,1,9,0,2,1,5,52,2,18,0,145,1,130,0,36,36,0,0,0,0,0,0,0,103
c-genymobile-scrcpy-rename-and-add-a-define,stratified,C,5,6,305,367,21,25,true,18,1,2,0,0,0,1,36,2,4,0,0,0,4,0,21,21,0,0,0,0,0,0,0,0
c-genymobile-scrcpy-rename-defines,stratified,C,5,5,290,305,21,21,true,10,5,6,0,0,0,0,20,10,12,0,0,0,0,0,21,21,0,0,0,0,0,0,0,0
c-godotengine-godot-add-two-enum-values,stratified,C,164,166,6349,6393,1083,1089,true,1078,0,5,0,0,0,4,2156,0,10,0,0,0,6,0,1083,1083,0,0,0,0,0,0,0,0
c-godotengine-godot-pure-move,stratified,C,133,132,5096,5095,718,718,true,717,0,1,0,0,0,0,1434,0,2,0,0,0,0,0,718,718,0,0,0,1,0,0,0,0
c-godotengine-godot-whitespace-only,stratified,C,223,222,14460,14459,2875,2875,true,2875,0,0,0,0,0,0,5750,0,0,0,0,0,0,0,2875,2875,0,0,0,0,0,0,0,0
c-graph-algorithms-edge-addition-planarity-suite-real-change-all-across-the-file,full,C,683,1068,21390,34453,3672,5908,true,0,0,0,0,0,0,0,9580,0,0,0,0,0,0,9580,0,0,0,0,0,0,0,0,0,0
c-htop-dev-htop-add-comment,stratified,C,19,26,350,526,76,77,true,74,0,2,0,0,1,0,148,0,4,0,0,1,0,0,76,76,0,0,0,0,0,0,0,0
c-htop-dev-htop-add-function,stratified,C,16,17,324,374,33,50,true,31,0,2,0,0,0,1,62,0,4,0,0,0,17,0,33,33,0,0,0,0,0,0,0,0
c-htop-dev-htop-update-import,stratified,C,61,61,1283,1284,219,219,true,214,1,4,0,0,0,0,428,2,8,0,0,0,0,0,219,219,0,0,0,0,0,0,0,0
c-htop-remove-function-declaration,small,C,95,93,2771,2700,597,570,true,568,0,2,27,0,0,0,1136,0,4,27,0,0,0,0,570,570,0,0,0,0,0,0,0,0
c-intel-vpl-gpu-rt-whitespace-only-change,full,C,749,749,24527,24512,3146,3146,true,3146,0,0,0,0,0,0,6292,0,0,0,0,0,0,0,3146,3146,0,0,0,0,0,0,0,0
c-ladybirdbrowser-ladybird-change-to-a-different-class,stratified,C,31,31,764,773,181,181,true,158,3,20,0,0,0,0,316,6,40,0,0,0,0,0,181,181,0,0,0,0,0,0,0,0
c-ladybirdbrowser-ladybird-move-to-a-different-class,stratified,C,31,31,749,758,181,181,true,158,3,20,0,0,0,0,316,6,40,0,0,0,0,0,181,181,0,0,0,0,0,0,0,0
c-ladybirdbrowser-ladybird-small-parse-errors,stratified,C,451,450,15811,15765,4529,4514,true,4503,0,7,2,1,1,0,9010,0,14,2,16,1,0,4,4510,4509,1,0,0,0,0,0,0,1
c-libtom-libtomcrypt-change-function-call,full,C,363,363,10368,10372,4088,4088,true,4074,1,13,0,0,0,0,8148,2,26,0,0,0,0,0,4088,4088,0,0,0,0,0,0,0,0
c-linux-small-bugfix,small,C,3450,3453,99760,99853,23969,24017,true,23956,0,11,0,0,33,1,47918,0,22,0,0,33,13,6,23967,23843,0,96,28,0,2,0,0,0
c-linux-small-change,small,C,903,911,24830,25260,5911,5987,true,5888,0,23,0,0,76,0,11776,0,46,0,0,76,0,0,5911,5902,0,9,0,0,0,0,0,0
c-linux-small-change-struct-to-char,small,C,1770,1773,43302,43326,11373,11381,true,11328,0,30,15,0,23,0,22656,0,60,15,0,23,0,0,11358,11351,7,0,0,0,0,0,0,0
c-microsoft-terminal-add-function,small,C,488,489,26182,26228,5477,5489,true,5476,0,1,0,0,12,0,10952,0,2,0,0,12,0,0,5477,5477,0,0,0,0,0,0,0,0
c-microsoft-terminal-add-two-includes,stratified,C,4,7,112,166,9,15,true,8,0,1,0,0,0,2,16,0,2,0,0,0,6,0,9,9,0,0,0,0,0,0,0,0
c-microsoft-terminal-change-import-path,stratified,C,64,64,1973,1978,136,136,true,133,1,2,0,0,0,0,266,2,4,0,0,0,0,0,136,136,0,0,0,0,0,0,0,0
c-mozilla-firefox-firefox-remove-two-comments,stratified,C,25,23,892,770,79,77,true,76,0,1,2,0,0,0,152,0,2,2,0,0,0,0,77,77,0,0,0,0,0,0,0,0
c-neovim-neovim-add-an-include,stratified,C,5,6,109,166,17,24,true,16,0,1,0,0,0,1,32,0,2,0,0,0,7,0,17,17,0,0,0,0,0,0,0,0
c-neovim-neovim-small-change,stratified,C,8,8,144,164,32,36,true,27,0,5,0,0,4,0,54,0,10,0,0,4,0,0,32,30,2,0,0,0,0,0,0,0
c-nginx-add-typedef,small,C,901,924,20848,21370,5506,5635,true,5445,0,51,10,0,82,8,10890,0,102,10,0,82,57,0,5496,5480,14,2,0,1,0,0,0,50
c-nginx-nginx-add-preproc-two-lines,stratified,C,284,287,5931,6019,584,588,true,581,0,3,0,0,1,1,1162,0,6,0,0,1,3,0,584,584,0,0,0,0,0,0,0,0
c-ollama-ollama-change-imports,stratified,C,21,21,749,701,215,207,true,197,0,1,1,3,0,3,394,0,2,1,16,0,9,0,198,198,0,0,0,0,0,0,0,8
c-ondsel-development-ondselsolver-add-include,full,C,133,134,4405,4424,1071,1074,true,1070,0,1,0,0,0,1,2140,0,2,0,0,0,3,0,1071,1071,0,0,0,0,0,0,0,0
c-openssl-openssl-add-import,stratified,C,27,29,1026,1052,123,126,true,122,0,1,0,0,0,1,244,0,2,0,0,0,3,0,123,123,0,0,0,0,0,0,0,0
c-openssl-openssl-add-two-clang-comments,stratified,C,2,4,59,104,11,13,true,10,0,1,0,0,0,2,20,0,2,0,0,0,2,0,11,11,0,0,0,0,0,0,0,0
c-openssl-openssl-copyright,stratified,C,1948,1948,78701,78701,18833,18833,true,18831,1,1,0,0,0,0,37662,2,2,0,0,0,0,0,18833,18833,0,0,0,0,0,0,0,0
c-openssl-openssl-format-only-change,stratified,C,73,73,2900,2829,326,326,true,323,1,2,0,0,0,0,646,2,4,0,0,0,0,0,326,326,0,0,0,0,0,0,0,0
c-openssl-openssl-identifier-to-literal-zero,stratified,C,4123,4123,135866,135852,26159,26159,true,26149,0,10,0,0,0,0,52298,0,20,0,0,0,0,0,26159,26159,0,0,0,0,0,0,0,1
c-openssl-openssl-whitepsace-only,stratified,C,26,26,761,646,71,71,true,71,0,0,0,0,0,0,142,0,0,0,0,0,0,0,71,71,0,0,0,0,0,0,0,0
c-openssl-openssl-whitespace-only,stratified,C,23,23,867,845,90,90,true,90,0,0,0,0,0,0,180,0,0,0,0,0,0,0,90,90,0,0,0,0,0,0,0,0
c-pixaranimationstudios-opensubdiv-change-license-comment,full,C,363,346,12904,11939,3300,3283,true,3279,2,1,13,0,0,0,6564,4,2,13,0,0,0,6,3282,3282,0,0,0,0,1,0,0,2
c-pocoproject-poco-replace-0-with-nullptr,full,C,254,254,7000,7018,1529,1532,true,1498,0,28,3,0,6,0,2996,0,56,3,0,6,0,0,1526,1526,0,0,0,0,0,0,0,0
c-postgres-postgres-copyright,stratified,C,2113,2113,70734,70734,8845,8845,true,8843,1,1,0,0,0,0,17686,2,2,0,0,0,0,0,8845,8845,0,0,0,0,0,0,0,0
c-postgres-postgres-copyright-2,stratified,C,787,787,22719,22719,3508,3508,true,3506,1,1,0,0,0,0,7012,2,2,0,0,0,0,0,3508,3508,0,0,0,0,0,0,0,0
c-postgres-postgres-copyright-3,stratified,C,236,236,6316,6316,1255,1255,true,1253,1,1,0,0,0,0,2506,2,2,0,0,0,0,0,1255,1255,0,0,0,0,0,0,0,0
c-postgres-postgres-copyright-year-update,stratified,C,37,37,1058,1058,86,86,true,84,1,1,0,0,0,0,168,2,2,0,0,0,0,0,86,86,0,0,0,0,0,0,0,0
c-postgres-postgres-copyright-year-update-2,stratified,C,67,67,2105,2105,211,211,true,209,1,1,0,0,0,0,418,2,2,0,0,0,0,0,211,211,0,0,0,0,0,0,0,0
c-postgres-postgres-copyright-year-update-3,stratified,C,70,70,2570,2570,263,263,true,261,1,1,0,0,0,0,522,2,2,0,0,0,0,0,263,263,0,0,0,0,0,0,0,0
c-postgres-postgres-fix-typo,stratified,C,3025,3025,98206,98206,11977,11977,true,11967,1,9,0,0,0,0,23934,2,18,0,0,0,0,0,11977,11977,0,0,0,0,0,0,0,0
c-postgres-postgres-preprocessor-heavy-change,stratified,C,40,70,695,1237,172,316,true,117,1,8,2,2,11,3,234,2,16,2,44,11,179,0,126,27,1,98,0,0,0,0,0,0
c-postgres-postgres-tiny-but-interesting,stratified,C,2087,2087,54109,54108,9115,9110,true,9102,1,7,5,0,0,0,18204,2,14,5,0,0,0,0,9110,9109,0,1,0,0,0,0,0,0
c-postgres-postgres-update-copyright-year,stratified,C,19,19,600,600,15,15,true,13,1,1,0,0,0,0,26,2,2,0,0,0,0,0,15,15,0,0,0,0,0,0,0,0
c-postgres-real-logic-change,small,C,2051,1990,63055,61151,7769,7558,true,7385,3,40,11,15,9,2,15072,6,80,11,128,9,21,302,7428,7367,1,0,60,0,0,0,0,124
c-protocolbuffers-protobuf-add-to-preproc-define,stratified,C,220,221,7805,7886,722,722,true,718,1,3,0,0,0,0,1436,2,6,0,0,0,0,0,722,722,0,0,0,0,0,0,0,0
c-protocolbuffers-protobuf-change-regex,stratified,C,1159,1159,48342,48346,8580,8580,true,8573,1,6,0,0,0,0,17146,2,12,0,0,0,0,0,8580,8580,0,0,0,0,0,0,0,0
c-redis-redis-one-line-insert,stratified,C,4643,4644,184530,184563,35416,35425,true,35413,0,3,0,0,0,1,70826,0,6,0,0,0,9,0,35416,35416,0,0,0,0,0,0,0,0
c-relianoid-nftlb-zcu-log-to-u-log,full,C,228,228,5359,5339,1434,1434,true,1386,10,38,0,0,0,0,2772,20,76,0,0,0,0,0,1434,1434,0,0,0,0,0,0,0,0
c-rust-lang-rust-add-two-consts,stratified,C,6,8,110,199,31,63,true,30,0,1,0,0,0,2,60,0,2,0,0,0,32,0,31,31,0,0,0,0,0,0,0,0
c-sched-ext-scx-many-many-moves-some-deletes-some-adds,full,C,495,472,18025,17727,2585,2575,true,2563,2,5,15,0,5,0,5126,4,10,15,0,5,0,0,2570,2570,0,0,0,18,0,0,0,10
c-sqlite-sqlite-fix-format-string-typo,stratified,C,1828,1828,49542,49542,13434,13434,true,13421,1,12,0,0,0,0,26842,2,24,0,0,0,0,0,13434,13434,0,0,0,0,0,0,0,0
c-tmux-tmux-delete-one-include,stratified,C,981,980,18295,18275,6812,6809,true,6808,0,1,0,1,0,0,13616,0,2,0,3,0,0,0,6809,6809,0,0,0,0,0,0,0,0
c-tripwire-tripwire-open-source-add-single-item-to-list,full,C,359,360,12613,12629,1201,1204,true,1194,0,7,0,0,0,2,2388,0,14,0,0,0,3,0,1201,1201,0,0,0,0,0,0,0,0
cpp-add-const-correctness,handmade,CPP,15,15,274,287,116,122,true,108,0,8,0,0,6,0,216,0,16,0,0,6,0,0,116,115,1,0,0,0,0,0,0,0
cpp-add-memory-management,handmade,CPP,13,14,246,294,89,107,true,80,0,5,4,0,22,0,160,0,10,4,0,22,0,0,85,82,1,0,2,0,0,0,0,0
cpp-add-templates,handmade,CPP,14,15,241,252,105,119,true,87,3,12,3,0,17,0,174,6,24,3,0,17,0,0,102,54,48,0,0,0,0,0,0,0
cpp-arximboldi-lager-add-two-test-cases,full,CPP,251,292,5931,7076,2322,2796,true,2321,0,1,0,0,0,6,4642,0,2,0,0,0,474,0,2322,2322,0,0,0,0,0,0,0,0
cpp-bolero-murakami-sprout-copyright-comment-update,full,CPP,91,91,3901,3901,809,809,true,807,1,1,0,0,0,0,1614,2,2,0,0,0,0,0,809,809,0,0,0,0,0,0,0,0
cpp-bolero-murakami-sprout-copyright-update,full,CPP,60,60,2113,2113,489,489,true,487,1,1,0,0,0,0,974,2,2,0,0,0,0,0,489,489,0,0,0,0,0,0,0,0
cpp-bolero-murakami-sprout-copyright-update-3,full,CPP,243,243,9967,9967,2268,2268,true,2266,1,1,0,0,0,0,4532,2,2,0,0,0,0,0,2268,2268,0,0,0,0,0,0,0,0
cpp-cgdb-cgdb-struct-to-pointer,full,CPP,1185,1189,35391,35441,5708,5728,true,5623,2,43,2,3,4,2,11246,4,86,2,38,4,56,0,5668,5667,1,0,0,0,0,0,0,110
cpp-electron-electron-add-imports,stratified,CPP,18,23,589,758,85,109,true,84,0,1,0,0,0,4,168,0,2,0,0,0,24,0,85,85,0,0,0,0,0,0,0,0
cpp-fix-segfault,handmade,CPP,19,19,391,390,170,170,true,164,0,6,0,0,0,0,328,0,12,0,0,0,0,0,170,170,0,0,0,0,0,0,0,0
cpp-godot-small-bugfix,small,CPP,685,687,20670,20684,5826,5832,true,5815,0,9,2,0,8,0,11630,0,18,2,0,8,0,0,5824,5799,10,15,0,0,0,0,0,13
cpp-godotengine-godot-add-include,stratified,CPP,59,61,2868,2903,176,182,true,175,0,1,0,0,0,1,350,0,2,0,0,0,6,0,176,176,0,0,0,0,0,0,0,0
cpp-godotengine-godot-add-one-include,stratified,CPP,9460,9461,420428,420460,96272,96278,true,96271,0,1,0,0,0,1,192542,0,2,0,0,0,6,0,96272,96272,0,0,0,0,0,0,0,0
cpp-godotengine-godot-add-one-include-2,stratified,CPP,1005,1006,33071,33105,9687,9693,true,9686,0,1,0,0,0,1,19372,0,2,0,0,0,6,0,9687,9687,0,0,0,0,0,0,0,0
cpp-godotengine-godot-add-one-include-3,stratified,CPP,277,278,11437,11471,3044,3050,true,3043,0,1,0,0,0,1,6086,0,2,0,0,0,6,0,3044,3044,0,0,0,0,0,0,0,0
cpp-godotengine-godot-add-one-include-4,stratified,CPP,208,209,7963,7997,1810,1816,true,1808,0,2,0,0,0,1,3616,0,4,0,0,0,6,0,1810,1810,0,0,0,0,0,0,0,0
cpp-godotengine-godot-add-one-include-5,stratified,CPP,206,207,8181,8218,1743,1749,true,1742,0,1,0,0,0,1,3484,0,2,0,0,0,6,0,1743,1743,0,0,0,0,0,0,0,0
cpp-godotengine-godot-insert-one-include,stratified,CPP,1143,1144,45120,45144,13163,13169,true,13162,0,1,0,0,0,1,26324,0,2,0,0,0,6,0,13163,13163,0,0,0,0,0,0,0,0
cpp-godotengine-godot-two-imports-added,stratified,CPP,202,204,8018,8097,1671,1683,true,1670,0,1,0,0,0,2,3340,0,2,0,0,0,12,0,1671,1671,0,0,0,0,0,0,0,0
cpp-jpnurmi-znc-playback-adding-new-feature,full,CPP,268,307,8890,10147,2768,3151,true,2743,0,25,0,0,8,7,5486,0,50,0,0,8,375,0,2768,2768,0,0,0,0,0,0,0,0
cpp-ladybird-refactor-variables-if-changes,small,CPP,564,590,27975,29948,6028,6630,true,5932,1,38,55,0,145,5,11870,2,76,55,0,145,510,6,5971,5757,55,158,1,0,2,0,0,107
cpp-ladybirdbrowser-ladybird-add-real-logic,stratified,CPP,42,50,1313,1714,261,311,true,256,0,5,0,0,0,6,512,0,10,0,0,0,50,0,261,261,0,0,0,0,0,0,0,0
cpp-ladybirdbrowser-ladybird-change-inherited-class-name,stratified,CPP,28,28,681,665,152,152,true,145,1,6,0,0,0,0,290,2,12,0,0,0,0,0,152,152,0,0,0,0,0,0,0,0
cpp-lancos-ponyprog-remove-a-few-lines,full,CPP,774,769,16352,16228,3216,3174,true,3167,0,7,0,1,0,0,6334,0,14,0,42,0,0,0,3174,3174,0,0,0,0,0,0,0,0
cpp-laydbird-change-function-signature,small,CPP,387,387,18051,18146,3544,3577,true,3442,1,22,51,2,112,0,6884,2,44,51,28,112,0,0,3465,3462,1,0,2,0,0,0,0,58
cpp-libreoffice-add-const,small,CPP,883,883,25531,25537,6011,6013,true,5998,0,13,0,0,2,0,11996,0,26,0,0,2,0,0,6011,6011,0,0,0,0,0,0,0,0
cpp-libreoffice-add-const-2,stratified,CPP,20,20,618,624,34,36,true,27,0,7,0,0,2,0,54,0,14,0,0,2,0,0,34,34,0,0,0,0,0,0,0,0
cpp-libreoffice-add-imports-and-function-param,stratified,CPP,40,44,1564,1722,126,149,true,120,0,6,0,0,0,4,240,0,12,0,0,0,23,0,126,126,0,0,0,0,0,0,0,0
cpp-libreoffice-delete-function,stratified,CPP,97,89,3694,3444,537,470,true,469,0,1,0,1,0,0,938,0,2,0,67,0,0,0,470,470,0,0,0,0,0,0,0,0
cpp-libreoffice-remove-return-value,small,CPP,483,482,15254,15194,3435,3428,true,3423,0,5,7,0,0,0,6846,0,10,7,0,0,0,0,3428,3428,0,0,0,0,0,0,0,0
cpp-libreoffice-remove-two-wrapping-functions,stratified,CPP,1222,1222,41189,41163,10119,10105,true,10095,0,8,12,0,0,0,20196,0,16,12,0,0,0,6,10103,10089,0,14,0,0,2,0,0,2
cpp-libreoffice-warn-to-info,stratified,CPP,3641,3641,137033,137033,31696,31696,true,31684,1,11,0,0,0,0,63368,2,22,0,0,0,0,0,31696,31696,0,0,0,0,0,0,0,0
cpp-llnl-sundials-comment-change,full,CPP,749,752,28035,28238,7425,7425,true,7423,1,1,0,0,0,0,14846,2,2,0,0,0,0,0,7425,7425,0,0,0,0,0,0,0,0
cpp-microsoft-terminal-add-only,stratified,CPP,22,26,585,816,144,184,true,139,0,5,0,0,0,2,278,0,10,0,0,0,40,0,144,144,0,0,0,0,0,0,0,0
cpp-microsoft-terminal-delete-only,stratified,CPP,27,21,958,579,145,90,true,89,0,1,0,1,0,0,178,0,2,0,55,0,0,0,90,90,0,0,0,0,0,0,0,0
cpp-microsoft-terminal-insert-only,stratified,CPP,84,96,3134,3693,562,691,true,559,0,3,0,0,2,1,1118,0,6,0,0,2,127,0,562,562,0,0,0,0,0,0,0,0
cpp-microsoft-terminal-remove-unary-expression-from-binary,stratified,CPP,453,453,17337,17318,3670,3661,true,3656,0,4,1,1,0,0,7315,0,8,1,7,0,0,3,3660,3650,10,0,0,0,1,0,0,0
cpp-mikepopoloski-slang-remove-if-condition-and-brackets,full,CPP,722,719,30533,30391,6842,6818,true,6809,2,7,9,1,0,0,13618,4,14,9,15,0,0,0,6818,6792,13,13,0,0,0,0,0,0
cpp-mozilla-firefox-firefox-delete-leading-comment,stratified,CPP,70,69,2181,2101,476,475,true,474,0,1,1,0,0,0,948,0,2,1,0,0,0,0,475,475,0,0,0,0,0,0,0,0
cpp-mozilla-firefox-firefox-update-file-comment,stratified,CPP,26,25,941,863,123,123,true,121,1,1,0,0,0,0,242,2,2,0,0,0,0,0,123,123,0,0,0,0,0,0,0,0
cpp-mozilla-firefox-firefox-update-file-comment-2,stratified,CPP,15,13,515,393,76,74,true,73,0,1,2,0,0,0,146,0,2,2,0,0,0,0,74,74,0,0,0,0,0,0,0,0
cpp-nextcloud-add-test-case,small,CPP,203,338,7740,14196,1850,3442,true,1846,0,4,0,0,6,1,3692,0,8,0,0,6,1586,0,1850,1850,0,0,0,0,0,0,0,0
cpp-nzbgetcom-nzbget-add-include,stratified,CPP,2,3,81,111,8,11,true,7,0,1,0,0,0,1,14,0,2,0,0,0,3,0,8,8,0,0,0,0,0,0,0,0
cpp-nzbgetcom-nzbget-update-string-const,stratified,CPP,387,387,9059,9063,2908,2908,true,2897,1,10,0,0,0,0,5794,2,20,0,0,0,0,0,2908,2908,0,0,0,0,0,0,0,0
cpp-ollama-add-function-argument,small,CPP,723,725,25996,26042,4402,4414,true,4397,0,5,0,0,12,0,8794,0,10,0,0,12,0,0,4402,4402,0,0,0,0,0,0,0,0
cpp-ollama-ollama-update-commit-hash,stratified,CPP,4,4,169,169,48,48,true,43,1,4,0,0,0,0,86,2,8,0,0,0,0,0,48,48,0,0,0,0,0,0,0,0
cpp-ollama-ollama-update-commit-hash-2,stratified,CPP,4,4,169,169,48,48,true,43,1,4,0,0,0,0,86,2,8,0,0,0,0,0,48,48,0,0,0,0,0,0,0,0
cpp-ollama-ollama-update-commit-hash-3,stratified,CPP,4,4,169,138,48,48,true,43,1,4,0,0,0,0,86,2,8,0,0,0,0,0,48,48,0,0,0,0,0,0,0,0
cpp-ollama-ollama-update-commit-hash-4,stratified,CPP,4,4,169,169,48,48,true,43,1,4,0,0,0,0,86,2,8,0,0,0,0,0,48,48,0,0,0,0,0,0,0,0
cpp-ollama-ollama-update-commit-hash-5,stratified,CPP,4,4,169,169,48,48,true,43,1,4,0,0,0,0,86,2,8,0,0,0,0,0,48,48,0,0,0,0,0,0,0,0
cpp-ollama-ollama-update-commit-hash-6,stratified,CPP,4,4,169,138,48,48,true,43,1,4,0,0,0,0,86,2,8,0,0,0,0,0,48,48,0,0,0,0,0,0,0,0
cpp-ollama-ollama-update-commit-hash-7,stratified,CPP,4,4,169,169,48,48,true,43,1,4,0,0,0,0,86,2,8,0,0,0,0,0,48,48,0,0,0,0,0,0,0,0
cpp-ollama-ollama-update-commit-hash-8,stratified,CPP,4,4,138,169,48,48,true,43,1,4,0,0,0,0,86,2,8,0,0,0,0,0,48,48,0,0,0,0,0,0,0,0
cpp-ollama-ollama-update-commit-hash-string-constant,stratified,CPP,4,4,169,169,48,48,true,43,1,4,0,0,0,0,86,2,8,0,0,0,0,0,48,48,0,0,0,0,0,0,0,0
cpp-opencv-add-test-case,small,CPP,594,639,19810,21604,5407,5990,true,5401,0,6,0,0,2,1,10802,0,12,0,0,2,581,0,5407,5407,0,0,0,0,0,0,0,0
cpp-opencv-opencv-delete-string-const-from-preprocessor,stratified,CPP,26,26,891,887,77,77,true,73,1,3,0,0,0,0,146,2,6,0,0,0,0,0,77,77,0,0,0,0,0,0,0,0
cpp-optimize-algorithm,handmade,CPP,18,12,363,263,169,126,true,95,0,4,70,0,27,0,190,0,8,70,0,27,0,0,99,99,0,0,0,0,0,0,0,0
cpp-paddlepaddle-paddleocr-add-namespace-closing-comment,stratified,CPP,26,26,617,641,253,254,true,252,0,1,0,0,1,0,504,0,2,0,0,1,0,0,253,253,0,0,0,0,0,0,0,0
cpp-protocolbuffers-protobuf-add-preprocessor-commands,stratified,CPP,20,23,570,660,59,73,true,58,0,1,0,0,14,0,116,0,2,0,0,14,0,0,59,13,46,0,0,0,0,0,0,0
cpp-protocolbuffers-protobuf-one-line-insert,stratified,CPP,277,278,9570,9600,2029,2037,true,2018,0,11,0,0,0,1,4036,0,22,0,0,0,8,0,2029,2029,0,0,0,0,0,0,0,0
cpp-pytorch-pytorch-two-inserted-lines,stratified,CPP,2300,2302,77631,77708,18834,18861,true,18827,0,7,0,0,0,2,37654,0,14,0,0,0,27,0,18834,18834,0,0,0,0,0,0,0,0
cpp-qpdf-qpdf-move-to-assert-from-if-and-throw,full,CPP,182,184,7289,7258,1292,1277,true,1252,2,7,10,1,5,2,2513,4,14,10,15,5,8,9,1261,1228,0,31,2,0,3,0,0,14
cpp-tensorflow-switch-to-primitive-types,small,CPP,274,275,9311,9379,2294,2309,true,2236,0,58,0,0,15,0,4472,0,116,0,0,15,0,0,2294,2289,5,0,0,0,0,0,0,6
cpp-tensorflow-tensorflow-new-to-make-unique,stratified,CPP,31,31,1129,1146,111,120,true,100,0,5,6,0,15,0,200,0,10,6,0,15,0,0,105,105,0,0,0,0,0,0,0,6
cpp-whitespace-only-change,small,CPP,82,82,2602,2603,928,928,true,928,0,0,0,0,0,0,1856,0,0,0,0,0,0,0,928,928,0,0,0,0,0,0,0,0
csharp-cyanfish-naps2-add-condition-to-if,full,CSharp,640,641,25640,25703,5608,5627,true,5600,0,8,0,0,1,2,11200,0,16,0,0,1,18,0,5608,5549,59,0,0,0,0,0,0,3
csharp-dotnet-script-dotnet-script-remove-two-arguments,full,CSharp,553,553,21000,20946,4979,4967,true,4948,0,19,2,2,0,0,9896,0,38,2,10,0,0,0,4967,4967,0,0,0,0,0,0,0,0
csharp-glibsharp-gtksharp-formatting-only-change,full,CSharp,101,99,3501,3467,860,860,true,860,0,0,0,0,0,0,1720,0,0,0,0,0,0,0,860,860,0,0,0,0,0,0,0,0
csharp-glibsharp-gtksharp-interesting-case-where-most-should-be-flagged-as-insert-delete-with-a-single-update,full,CSharp,160,143,4943,4659,1284,1184,true,1156,0,5,30,3,23,0,2312,0,10,30,93,23,0,0,1161,1160,1,0,0,0,0,0,0,1
csharp-glibsharp-gtksharp-whitespace-only-change,full,CSharp,52,51,1491,1485,240,240,true,240,0,0,0,0,0,0,480,0,0,0,0,0,0,0,240,240,0,0,0,0,0,0,0,0
csharp-glibsharp-gtksharp-whitespace-only-change-2,full,CSharp,63,62,1770,1761,282,282,true,282,0,0,0,0,0,0,564,0,0,0,0,0,0,0,282,282,0,0,0,0,0,0,0,0
csharp-glibsharp-gtksharp-whitespace-only-change-3,full,CSharp,100,89,2443,2400,513,513,true,513,0,0,0,0,0,0,1026,0,0,0,0,0,0,0,513,513,0,0,0,0,0,0,0,0
csharp-icsharpcode-avaloniailspy-a-few-formatting-changes-and-use-a-struct-instead-of-tuples,full,CSharp,720,722,35682,35637,7093,7066,true,7043,1,18,31,0,4,0,14086,2,36,31,0,4,0,0,7062,7051,10,0,1,0,0,0,0,4
csharp-jellyfin-add-function,small,CSharp,316,335,11291,12079,2280,2367,true,2217,3,19,23,0,106,0,4474,6,38,23,0,106,0,40,2239,2234,0,1,4,0,11,0,11,55
csharp-jellyfin-jellyfin-add-const-string,stratified,CSharp,7782,7782,342583,342599,65862,65868,true,65847,0,12,0,0,1,1,131701,0,24,0,0,1,4,7,65859,65820,39,0,0,0,1,0,0,0
csharp-jellyfin-jellyfin-add-line,stratified,CSharp,3355,3357,120941,120977,24034,24044,true,24027,0,7,0,0,0,1,48054,0,14,0,0,0,10,0,24034,24034,0,0,0,0,0,0,0,0
csharp-jellyfin-jellyfin-update-version-string,stratified,CSharp,4,4,108,108,38,38,true,25,2,11,0,0,0,0,50,4,22,0,0,0,0,0,38,38,0,0,0,0,0,0,0,0
csharp-jellyfin-sql-query-fix,small,CSharp,73,74,2614,2829,609,640,true,583,2,15,8,0,13,2,1170,4,30,8,0,13,24,4,600,578,0,0,22,0,1,0,0,0
csharp-lidarr-add-function,small,CSharp,314,326,13525,13916,2480,2609,true,2461,1,14,4,0,0,4,4922,2,28,4,0,0,133,0,2476,2476,0,0,0,0,0,0,0,0
csharp-lidarr-call-different-function,small,CSharp,552,552,20091,20125,4028,4028,true,3995,2,18,2,2,0,1,7993,4,36,2,10,0,11,3,4015,4015,0,0,0,0,1,0,0,0
csharp-lidarr-condition-change,small,CSharp,79,79,3525,3503,678,669,true,659,0,9,4,1,0,0,1321,0,18,4,4,0,0,3,668,664,0,4,0,0,1,0,0,0
csharp-lidarr-lidarr-add-enum-value,stratified,CSharp,8,9,121,143,30,37,true,25,0,5,0,0,1,1,50,0,10,0,0,1,6,0,30,30,0,0,0,0,0,0,0,0
csharp-lidarr-lidarr-add-function,stratified,CSharp,14,15,447,493,155,169,true,152,0,3,0,0,0,1,304,0,6,0,0,0,14,0,155,155,0,0,0,0,0,0,0,0
csharp-lidarr-lidarr-add-function-call-to-return,stratified,CSharp,259,259,10376,10414,2103,2122,true,2095,0,8,0,0,4,1,4190,0,16,0,0,4,15,0,2103,2102,0,1,0,0,0,0,0,0
csharp-lidarr-lidarr-add-function-signature-to-class,stratified,CSharp,8,9,217,267,55,69,true,50,0,5,0,0,0,1,100,0,10,0,0,0,14,0,55,55,0,0,0,0,0,0,0,0
csharp-lidarr-lidarr-add-import-and-func,stratified,CSharp,25,27,822,911,255,282,true,250,0,5,0,0,0,2,500,0,10,0,0,0,27,0,255,255,0,0,0,0,0,0,0,0
csharp-lidarr-lidarr-add-method-to-class,stratified,CSharp,7,8,168,195,49,58,true,44,0,5,0,0,0,1,88,0,10,0,0,0,9,0,49,49,0,0,0,0,0,0,0,0
csharp-lidarr-new-feature,small,CSharp,42,78,1614,2834,358,672,true,341,0,17,0,0,9,17,682,0,34,0,0,9,305,0,358,342,0,0,16,0,0,0,0,0
csharp-radarr-add-object-instance,small,CSharp,116,117,8519,8647,2302,2337,true,2292,0,10,0,0,1,1,4584,0,20,0,0,1,34,0,2302,2302,0,0,0,0,0,0,0,0
csharp-radarr-radarr-add-base-class,stratified,CSharp,27,27,650,685,178,186,true,174,0,4,0,0,0,1,348,0,8,0,0,0,8,0,178,178,0,0,0,0,0,0,0,0
csharp-radarr-radarr-add-func,stratified,CSharp,11,13,271,325,63,77,true,58,0,5,0,0,0,1,116,0,10,0,0,0,14,0,63,63,0,0,0,0,0,0,0,0
csharp-radarr-radarr-add-one-using,stratified,CSharp,509,510,20152,20186,6977,6987,true,6976,0,1,0,0,0,1,13952,0,2,0,0,0,10,0,6977,6977,0,0,0,0,0,0,0,0
csharp-radarr-radarr-add-one-using-2,stratified,CSharp,36,37,1012,1046,207,217,true,206,0,1,0,0,0,1,412,0,2,0,0,0,10,0,207,207,0,0,0,0,0,0,0,0
csharp-radarr-radarr-add-property,stratified,CSharp,28,30,836,868,172,181,true,167,0,5,0,0,0,1,334,0,10,0,0,0,9,0,172,172,0,0,0,0,0,0,0,0
csharp-radarr-radarr-add-to-end-of-regex,stratified,CSharp,740,740,34255,34267,6669,6669,true,6657,1,11,0,0,0,0,13314,2,22,0,0,0,0,0,6669,6669,0,0,0,0,0,0,0,0
csharp-radarr-radarr-remove-import-and-func,stratified,CSharp,19,13,721,407,183,108,true,103,0,5,0,2,0,0,206,0,10,0,75,0,0,0,108,108,0,0,0,0,0,0,0,0
csharp-sonarr-add-if-block,small,CSharp,306,311,11246,11354,2493,2512,true,2486,0,7,0,0,0,1,4972,0,14,0,0,0,19,0,2493,2493,0,0,0,0,0,0,0,0
csharp-sonarr-add-true-to-function-call,small,CSharp,105,105,4086,4092,1075,1079,true,1063,0,12,0,0,1,1,2126,0,24,0,0,1,3,0,1075,1075,0,0,0,0,0,0,0,0
csharp-sonarr-change-type,small,CSharp,46,46,1194,1210,299,299,true,286,2,11,0,0,0,0,572,4,22,0,0,0,0,0,299,299,0,0,0,0,0,0,0,0
csharp-sonarr-sonarr-add-attribute,stratified,CSharp,8,9,137,158,34,39,true,30,0,4,0,0,5,0,60,0,8,0,0,5,0,0,34,34,0,0,0,0,0,0,0,0
csharp-sonarr-sonarr-add-attribute-2,stratified,CSharp,8,9,138,159,34,39,true,30,0,4,0,0,0,1,60,0,8,0,0,0,5,0,34,34,0,0,0,0,0,0,0,0
csharp-sonarr-sonarr-add-func,stratified,CSharp,20,21,690,745,204,218,true,199,0,5,0,0,0,1,398,0,10,0,0,0,14,0,204,204,0,0,0,0,0,0,0,0
csharp-sonarr-sonarr-add-import-and-annotation,stratified,CSharp,10,13,167,237,40,57,true,34,0,6,0,0,0,2,68,0,12,0,0,0,17,0,40,40,0,0,0,0,0,0,0,0
csharp-sonarr-sonarr-add-list-item,stratified,CSharp,13,14,263,291,41,44,true,36,0,5,0,0,2,1,72,0,10,0,0,2,1,0,41,41,0,0,0,0,0,0,0,0
csharp-sonarr-sonarr-add-two-attributes,stratified,CSharp,1062,1064,42313,42377,9915,9953,true,9909,0,6,0,0,0,2,19818,0,12,0,0,0,38,0,9915,9915,0,0,0,0,0,0,0,0
csharp-sonarr-sonarr-add-two-items-to-list,stratified,CSharp,94,96,8426,8680,2653,2721,true,2647,0,6,0,0,0,2,5294,0,12,0,0,0,68,0,2653,2653,0,0,0,0,0,0,0,0
csharp-sonarr-sonarr-delete-func,stratified,CSharp,28,22,681,494,135,97,true,92,0,5,0,2,0,0,184,0,10,0,38,0,0,0,97,97,0,0,0,0,0,0,0,0
csharp-sonarr-sonarr-fix-comment-typo,stratified,CSharp,287,287,12001,11998,2254,2254,true,2239,1,14,0,0,0,0,4478,2,28,0,0,0,0,0,2254,2254,0,0,0,0,0,0,0,0
csharp-sonarr-sonarr-update-regex,stratified,CSharp,1287,1287,71164,71194,9924,9924,true,9912,1,11,0,0,0,0,19824,2,22,0,0,0,0,0,9924,9924,0,0,0,0,0,0,0,0
csharp-sonarr-sonarr-use-a-different-class,stratified,CSharp,25,25,942,1036,197,203,true,176,4,17,0,0,1,1,352,8,34,0,0,1,5,0,197,197,0,0,0,0,0,0,0,0
csharp-valvesoftware-openvr-add-many-constants-and-fields,full,CSharp,8299,8333,345003,346593,73036,73298,true,73008,0,28,0,0,8,48,146016,0,56,0,0,8,254,0,73036,73036,0,0,0,0,0,0,0,106
csharp-waf-csharprepl-update-string-URL,full,CSharp,262,262,9730,9731,2305,2305,true,2294,1,10,0,0,0,0,4588,2,20,0,0,0,0,0,2305,2305,0,0,0,0,0,0,0,0
css-add-property,small,CSS,29,30,494,515,126,131,true,123,0,3,0,0,5,0,246,0,6,0,0,5,0,0,126,126,0,0,0,0,0,0,0,0
css-facebook-react-add-two-selectors,stratified,CSS,57,59,1229,1349,328,350,true,325,0,3,0,0,1,3,650,0,6,0,0,1,21,0,328,328,0,0,0,0,0,0,0,0
css-fortawesome-font-awesome-update-version-comment-2,full,CSS,27,27,1690,1690,364,364,true,362,1,1,0,0,0,0,724,2,2,0,0,0,0,0,364,364,0,0,0,0,0,0,0,0
css-fortawesome-font-awesome-update-version-comment-3,full,CSS,6,6,21210,21210,10400,10400,true,10398,1,1,0,0,0,0,20796,2,2,0,0,0,0,0,10400,10400,0,0,0,0,0,0,0,0
css-fortawesome-font-awesome-upgrade-version-comment,full,CSS,51,51,1408,1408,447,447,true,445,1,1,0,0,0,0,890,2,2,0,0,0,0,0,447,447,0,0,0,0,0,0,0,0
css-gorhill-ublock-add-one-attribute,stratified,CSS,119,120,2627,2667,720,730,true,717,0,3,0,0,0,1,1434,0,6,0,0,0,10,0,720,720,0,0,0,0,0,0,0,0
css-heroic-games-launcher-heroicgameslauncher-add-6-lines,full,CSS,55,61,930,1054,264,295,true,259,0,5,0,0,0,6,518,0,10,0,0,0,31,0,264,264,0,0,0,0,0,0,0,0
css-horst3180-vertex-theme-add-spaces-to-change-class-selector-into-descendant-selectors,full,CSS,5129,5130,300061,300071,102569,102577,true,102550,0,19,0,0,8,0,205100,0,38,0,0,8,0,0,102569,102537,32,0,0,0,0,0,0,16
css-horst3180-vertex-theme-remove-single-rule,full,CSS,5019,5016,271759,271648,91448,91408,true,91407,0,1,0,1,0,0,182814,0,2,0,40,0,0,0,91408,91408,0,0,0,0,0,0,0,0
css-lassekongo83-zuki-themes-fails-to-parse,full,CSS,136,136,3222,3239,858,862,true,848,1,8,1,0,5,0,1696,2,16,1,0,5,0,0,857,857,0,0,0,0,0,0,0,0
css-madmaxms-theme-obsidian-2-add-gnome-44-and-a-few-changes,full,CSS,5043,5180,121175,125173,34513,35721,true,34500,0,13,0,0,2,38,69000,0,26,0,0,2,1206,0,34513,34513,0,0,0,0,0,0,0,125
css-mastodon-mastodon-add-two-lines,stratified,CSS,319,321,5930,6000,1470,1482,true,1467,0,3,0,0,0,2,2934,0,6,0,0,0,12,0,1470,1470,0,0,0,0,0,0,0,0
css-microsoft-vscode-remove-one-line,stratified,CSS,95,94,2824,2738,684,665,true,662,0,3,0,1,0,0,1324,0,6,0,19,0,0,0,665,665,0,0,0,0,0,0,0,0
css-mozilla-firefox-firefox-actual-style-changes,small,CSS,423,425,11304,10903,2591,2494,true,2347,5,64,137,3,57,2,4697,10,128,137,37,57,19,3,2416,2415,0,1,0,0,1,0,0,5
css-nextcloud-server-update-import,stratified,CSS,13,13,623,626,86,86,true,82,1,3,0,0,0,0,164,2,6,0,0,0,0,0,86,86,0,0,0,0,0,0,0,0
css-playwright-add-class-selector,small,CSS,100,100,1974,2000,400,405,true,397,0,3,0,0,5,0,794,0,6,0,0,5,0,0,400,400,0,0,0,0,0,0,0,0
css-shadcn-ui-ui-add-two-bytes,stratified,CSS,347,347,9558,9560,2639,2639,true,2632,1,6,0,0,0,0,5264,2,12,0,0,0,0,0,2639,2639,0,0,0,0,0,0,0,0
css-shadcn-ui-ui-completely-broken-treesitter-parsing,small,CSS,1365,1365,55049,55086,16334,16348,true,16329,1,1,3,0,17,0,32658,2,2,3,0,17,0,0,16331,16331,0,0,0,14,0,0,0,74
css-source-foundry-hack-change-font-string,full,CSS,34,34,1090,1089,259,259,true,251,1,7,0,0,0,0,502,2,14,0,0,0,0,0,259,259,0,0,0,0,0,0,0,0
css-twbs-bootstrap-parse-errors,stratified,CSS,64,64,1305,1314,343,347,true,331,0,6,0,0,0,0,678,0,12,0,0,0,0,16,337,315,6,11,5,0,0,0,0,8
css-wordpress-add-comment,small,CSS,151,155,2764,2940,346,347,true,345,0,1,0,0,1,0,690,0,2,0,0,1,0,0,346,346,0,0,0,0,0,0,0,0
css-wordpress-format-comment-and-fix,small,CSS,1,97,176,1789,77,115,true,65,0,10,2,0,16,24,130,0,20,2,0,16,24,0,75,75,0,0,0,0,0,0,0,0
css-wordpress-reformat,small,CSS,1,19,339,389,94,98,true,81,0,13,0,0,4,0,162,0,26,0,0,4,0,0,94,94,0,0,0,3,0,0,0,30
css-wordpress-smalll-change,small,CSS,355,354,5887,5877,1693,1693,true,1684,0,4,0,1,2,1,3368,0,8,0,5,2,3,0,1688,1684,4,0,0,0,0,0,0,0
css-wordpress-wordpress-autogenerated-file,small,CSS,2,2,23516,23505,8440,8430,true,8414,0,6,4,3,0,2,16828,0,12,4,16,0,10,0,8420,8420,0,0,0,0,0,0,0,0
css-wordpress-wordpress-change-comment,stratified,CSS,1103,1103,20517,20526,5825,5825,true,5823,1,1,0,0,0,0,11646,2,2,0,0,0,0,0,5825,5825,0,0,0,0,0,0,0,0
css-wordpress-wordpress-change-simple-values-to-vars,small,CSS,356,356,5935,6002,1702,1716,true,1696,0,6,0,0,14,0,3392,0,12,0,0,14,0,0,1702,1698,0,4,0,0,0,0,0,0
css-wordpress-wordpress-go-to-one-line,stratified,CSS,4,1,64,56,25,24,true,20,0,4,1,0,0,0,40,0,8,1,0,0,0,0,24,24,0,0,0,0,0,0,0,0
css-wordpress-wordpress-one-line-to-multiline,stratified,CSS,1,15,196,272,69,74,true,56,0,13,0,0,4,1,112,0,26,0,0,4,1,0,69,69,0,0,0,0,0,0,0,0
css-wordpress-wordpress-re-format-in-one-line,stratified,CSS,6,1,130,116,44,43,true,39,0,4,1,0,0,0,78,0,8,1,0,0,0,0,43,43,0,0,0,0,0,0,0,0
css-wordpress-wordpress-reformat-and-fix-lint-errors,stratified,CSS,1,6,124,140,38,42,true,27,0,11,0,0,4,0,54,0,22,0,0,4,0,0,38,38,0,0,0,0,0,0,0,0
css-wordpress-wordpress-remove-one-line,stratified,CSS,122,121,2471,2456,694,689,true,686,0,3,0,1,0,0,1372,0,6,0,5,0,0,0,689,689,0,0,0,0,0,0,0,0
css-wordpress-wordpress-remove-one-rule,stratified,CSS,1,1,568,503,203,179,true,178,0,1,0,1,0,0,356,0,2,0,24,0,0,0,179,179,0,0,0,0,0,0,0,0
css-wordpress-wordpress-remove-webkit-prefix,stratified,CSS,1,1,2073,2065,740,740,true,735,1,4,0,0,0,0,1470,2,8,0,0,0,0,0,740,740,0,0,0,0,0,0,0,0
css-wordpress-wordpress-rename-attribute,stratified,CSS,20,20,357,354,98,98,true,93,1,4,0,0,0,0,186,2,8,0,0,0,0,0,98,98,0,0,0,0,0,0,0,0
go-caddy-rename-type,small,Go,77,77,1858,1858,507,507,true,421,17,69,0,0,0,0,842,34,138,0,0,0,0,0,507,507,0,0,0,0,0,0,0,0
go-caddyserver-caddy-multiple-solutions-interesting-case,stratified,Go,1615,1615,55154,55147,13939,13934,true,13915,0,14,8,0,3,0,27834,0,28,8,0,3,0,4,13929,13922,7,0,0,0,0,0,0,3
go-cloudflare-cfssl-change-zero-value-to-is-zero,full,Go,257,257,9226,9218,1371,1365,true,1353,0,8,10,0,4,0,2706,0,16,10,0,4,0,0,1361,1359,1,1,0,0,0,0,0,5
go-containers-storage-add-two-constants,full,Go,866,868,36093,36177,7462,7472,true,7460,0,2,0,0,0,2,14920,0,4,0,0,0,10,0,7462,7462,0,0,0,0,0,0,0,0
go-cri-o-cri-o-change-importa,full,Go,118,118,2227,2218,560,560,true,552,0,3,0,1,0,1,1104,0,6,0,5,0,5,0,555,555,0,0,0,0,0,0,0,10
go-darylhjd-mangadesk-remove-a-function-uptade-comments,full,Go,614,609,16482,16358,2430,2400,true,2397,2,1,0,1,0,0,4794,4,2,0,30,0,0,0,2400,2400,0,0,0,0,0,0,0,0
go-dweymouth-supersonic-remove-two-lines,full,Go,169,167,4654,4579,1546,1528,true,1520,0,8,0,2,0,0,3040,0,16,0,18,0,0,0,1528,1528,0,0,0,0,0,0,0,0
go-fatedier-frp-build-comment-insert-only,stratified,Go,21,21,529,534,161,161,true,159,1,1,0,0,0,0,318,2,2,0,0,0,0,0,161,161,0,0,0,0,0,0,0,0
go-gin-add-function,small,Go,32,34,739,854,312,326,true,308,0,4,0,0,2,1,616,0,8,0,0,2,12,0,312,312,0,0,0,0,0,0,0,0
go-gin-change-import,small,Go,45,45,1193,1183,425,424,true,420,0,4,1,0,0,0,840,0,8,1,0,0,0,0,424,424,0,0,0,0,0,0,0,0
go-gin-constant-change,small,Go,101,101,2738,2737,678,678,true,666,1,11,0,0,0,0,1332,2,22,0,0,0,0,0,678,678,0,0,0,0,0,0,0,0
go-gin-gonic-gin-one-space-removed-in-a-comment,stratified,Go,10,10,234,233,18,18,true,16,1,1,0,0,0,0,32,2,2,0,0,0,0,0,18,18,0,0,0,0,0,0,0,0
go-gin-gonic-gin-replace-replaced-with-replaceall,stratified,Go,253,253,5373,5371,2486,2478,true,2463,2,13,8,0,0,0,4926,4,26,8,0,0,0,0,2478,2478,0,0,0,0,0,0,0,0
go-gin-gonic-gin-update-version-string,stratified,Go,8,8,249,249,18,18,true,12,1,5,0,0,0,0,24,2,10,0,0,0,0,0,18,18,0,0,0,0,0,0,0,0
go-gin-gonic-gin-update-version-string-,stratified,Go,8,8,249,249,18,18,true,12,1,5,0,0,0,0,24,2,10,0,0,0,0,0,18,18,0,0,0,0,0,0,0,0
go-gin-gonic-gin-update-version-string-2,stratified,Go,8,8,253,249,18,18,true,12,1,5,0,0,0,0,24,2,10,0,0,0,0,0,18,18,0,0,0,0,0,0,0,0
go-gin-gonic-gin-update-version-string-3,stratified,Go,8,8,249,249,18,18,true,12,1,5,0,0,0,0,24,2,10,0,0,0,0,0,18,18,0,0,0,0,0,0,0,0
go-gin-gonic-gin-update-version-string-4,stratified,Go,8,8,249,249,18,18,true,12,1,5,0,0,0,0,24,2,10,0,0,0,0,0,18,18,0,0,0,0,0,0,0,0
go-gin-gonic-gin-update-version-string-5,stratified,Go,8,8,249,249,18,18,true,12,1,5,0,0,0,0,24,2,10,0,0,0,0,0,18,18,0,0,0,0,0,0,0,0
go-gin-gonic-gin-update-version-string-6,stratified,Go,8,8,248,248,18,18,true,12,1,5,0,0,0,0,24,2,10,0,0,0,0,0,18,18,0,0,0,0,0,0,0,0
go-gin-gonic-gin-whitespace-in-comment,stratified,Go,31,31,728,727,234,234,true,232,1,1,0,0,0,0,464,2,2,0,0,0,0,0,234,234,0,0,0,0,0,0,0,0
go-gohugoio-hugo-add-and-upadate-list-items,stratified,Go,23,23,810,814,59,60,true,47,1,11,0,0,0,1,94,2,22,0,0,0,1,0,59,59,0,0,0,0,0,0,0,0
go-gohugoio-hugo-update-and-add-list-items,stratified,Go,25,25,868,872,69,70,true,57,1,11,0,0,0,1,114,2,22,0,0,0,1,0,69,69,0,0,0,0,0,0,0,0
go-gohugoio-hugo-update-and-add-some-values,stratified,Go,25,25,868,872,69,70,true,54,2,13,0,0,0,1,108,4,26,0,0,0,1,0,69,69,0,0,0,0,0,0,0,0
go-gohugoio-hugo-version,stratified,Go,23,23,814,810,60,59,true,50,0,9,1,0,0,0,100,0,18,1,0,0,0,0,59,59,0,0,0,0,0,0,0,0
go-golang-go-add-one-line,stratified,Go,47,48,1391,1410,215,223,true,213,0,2,0,0,0,1,426,0,4,0,0,0,8,0,215,215,0,0,0,0,0,0,0,0
go-golang-go-update-copyright-year,stratified,Go,8,8,285,285,9,9,true,7,1,1,0,0,0,0,14,2,2,0,0,0,0,0,9,9,0,0,0,0,0,0,0,0
go-grafana-grafana-real-small-change-with-a-move,stratified,Go,28,29,1000,1021,252,259,true,241,1,10,0,0,1,1,482,2,20,0,0,1,6,0,252,252,0,0,0,1,0,0,0,0
go-henri-gasc-cliphist-auto-generated-file,full,Go,1860,1871,45401,45775,16689,16817,true,16600,0,1,1,1,2,2,33200,0,2,1,87,2,214,0,16601,16601,0,0,0,0,0,0,0,164
go-jesseduffield-lazygit-add-a-func,stratified,Go,12,13,278,301,36,43,true,35,0,1,0,0,0,1,70,0,2,0,0,0,7,0,36,36,0,0,0,0,0,0,0,0
go-jesseduffield-lazygit-add-function,full,Go,11,12,299,335,53,68,true,52,0,1,0,0,0,1,104,0,2,0,0,0,15,0,53,53,0,0,0,0,0,0,0,0
go-jesseduffield-lazygit-add-two-lines,stratified,Go,75,77,1524,1601,655,675,true,648,0,7,0,0,2,2,1296,0,14,0,0,2,18,0,655,655,0,0,0,0,0,0,0,0
go-junegunn-fzf-real-small-change,stratified,Go,14,21,164,269,53,95,true,46,0,7,0,0,13,1,92,0,14,0,0,13,29,0,53,42,5,6,0,0,0,0,0,0
go-kubernetes-kubernetes-add-unit-test-cases,small,Go,217,379,7378,12185,2516,4216,true,2510,0,6,0,0,0,16,5020,0,12,0,0,0,1700,0,2516,2516,0,0,0,0,0,0,0,0
go-lazygit-add-to-if-condition,small,Go,421,421,12005,12042,3232,3244,true,3227,0,5,0,0,12,0,6454,0,10,0,0,12,0,0,3232,3231,1,0,0,0,0,0,0,0
go-lazygit-switch-to-strings,small,Go,27,29,703,740,233,249,true,211,0,14,8,0,19,1,422,0,28,8,0,19,5,0,225,221,4,0,0,0,0,0,0,17
go-nwg-piotr-gopsuinfo-shuffle-around-if-blocks,full,Go,291,287,7513,7377,2916,2880,true,2866,1,13,0,1,0,0,5732,2,26,0,36,0,0,0,2880,2785,0,0,95,0,0,0,0,91
go-ollama-ollama-add-go-build-comment,stratified,Go,5,7,160,178,13,14,true,12,0,1,0,0,1,0,24,0,2,0,0,1,0,0,13,13,0,0,0,0,0,0,0,0
go-ollama-ollama-remove-go-build-comment,stratified,Go,6,4,210,191,8,7,true,5,1,1,1,0,0,0,10,2,2,1,0,0,0,0,7,7,0,0,0,0,0,0,0,0
go-ollama-ollama-surround-block-with-if-and-function-call,small,Go,649,654,14519,14743,5533,5600,true,5529,0,4,0,0,7,1,11058,0,8,0,0,7,60,0,5533,5405,0,0,128,0,0,0,0,0
go-prometheus-node_exporter-remove-one-comment,full,Go,328,327,9282,9260,2707,2706,true,2705,0,1,1,0,0,0,5410,0,2,1,0,0,0,0,2706,2706,0,0,0,0,0,0,0,0
go-prometheus-prometheus-remove-copyright-year,stratified,Go,21,21,1008,1003,31,31,true,29,1,1,0,0,0,0,58,2,2,0,0,0,0,0,31,31,0,0,0,0,0,0,0,0
go-prometheus-single-comment-change,small,Go,38,38,1173,1168,213,213,true,211,1,1,0,0,0,0,422,2,2,0,0,0,0,0,213,213,0,0,0,0,0,0,0,0
go-stackexchange-blackbox-add-comment,full,Go,9,10,202,221,25,26,true,24,0,1,0,0,1,0,48,0,2,0,0,1,0,0,25,25,0,0,0,0,0,0,0,0
go-user-slices-library,small,Go,802,793,28353,28165,5814,5774,true,5743,3,14,1,1,14,0,11486,6,28,1,53,14,0,0,5760,5757,3,0,0,0,0,0,0,0
html-abs-lang-abs-version-update-in-string,full,HTML,58,58,15318,15321,5506,5506,true,5359,29,118,0,0,0,0,10718,58,236,0,0,0,0,0,5506,5506,0,0,0,0,0,0,0,0
html-apache-echarts-actual-structure-change,small,HTML,347,377,19997,21776,3708,3989,true,3593,2,20,0,3,0,6,7186,4,40,0,93,0,374,0,3615,3615,0,0,0,0,0,0,0,13
html-apache-echarts-delete-one-script-tag,stratified,HTML,420,419,17537,17486,204,187,true,184,0,3,0,1,0,0,368,0,6,0,17,0,0,0,187,187,0,0,0,0,0,0,0,0
html-axios-axios-add-script-element,stratified,HTML,20,21,482,516,89,106,true,86,0,3,0,0,0,1,172,0,6,0,0,0,17,0,89,89,0,0,0,0,0,0,0,0
html-berndporr-iir1-a-lot-of-new-functionality,full,HTML,268,254,15387,12811,4629,4171,true,3779,22,98,5,26,8,23,7558,44,196,5,725,8,264,0,3899,3899,0,0,0,2,0,0,0,734
html-caddyserver-caddy-add-one-element,stratified,HTML,1143,1144,50653,50699,9102,9121,true,9099,0,3,0,0,1,1,18198,0,6,0,0,1,18,0,9102,9102,0,0,0,0,0,0,0,0
html-chennes-med-extreme-test,full,HTML,192,192,25382,25376,10342,10342,true,10145,44,153,0,0,0,0,20290,88,306,0,0,0,0,0,10342,10342,0,0,0,0,0,0,0,458
html-chennes-med-only-text-value-change,full,HTML,98,98,3931,3929,1376,1376,true,1331,8,37,0,0,0,0,2662,16,74,0,0,0,0,0,1376,1376,0,0,0,0,0,0,0,0
html-chennes-med-only-text-value-change-2,full,HTML,53,53,2555,2549,858,858,true,816,6,36,0,0,0,0,1632,12,72,0,0,0,0,0,858,858,0,0,0,0,0,0,0,0
html-fatedier-add-attribute,small,HTML,16,16,291,304,122,129,true,108,2,12,0,0,0,1,216,4,24,0,0,0,7,0,122,122,0,0,0,0,0,0,0,0
html-fatedier-frp-update-hashes,stratified,HTML,1,1,416,416,159,159,true,141,3,15,0,0,0,0,282,6,30,0,0,0,0,0,159,159,0,0,0,0,0,0,0,0
html-fatedier-frp-update-hashes-2,stratified,HTML,1,1,340,340,135,135,true,122,2,11,0,0,0,0,244,4,22,0,0,0,0,0,135,135,0,0,0,0,0,0,0,0
html-fatedier-frp-update-hashes-3,stratified,HTML,1,1,345,345,135,135,true,122,2,11,0,0,0,0,244,4,22,0,0,0,0,0,135,135,0,0,0,0,0,0,0,0
html-fatedier-frp-update-hashes-4,stratified,HTML,1,1,340,340,135,135,true,122,2,11,0,0,0,0,244,4,22,0,0,0,0,0,135,135,0,0,0,0,0,0,0,0
html-fatedier-frp-version,stratified,HTML,16,16,304,304,129,129,true,121,1,7,0,0,0,0,242,2,14,0,0,0,0,0,129,129,0,0,0,0,0,0,0,0
html-firefox-update-src,small,HTML,19,19,892,896,253,253,true,247,1,5,0,0,0,0,494,2,10,0,0,0,0,0,253,253,0,0,0,0,0,0,0,0
html-gohugoio-hugo-change-template-variable-path,stratified,HTML,44,44,2093,2088,168,168,true,166,1,1,0,0,0,0,332,2,2,0,0,0,0,0,168,168,0,0,0,0,0,0,0,0
html-gohugoio-hugo-enclose-table-with-div-and-add-thead-tbody,small,HTML,39,47,952,1252,92,119,true,72,5,8,0,1,23,1,144,10,16,0,7,23,11,0,85,2,9,74,0,0,0,0,0,4
html-gohugoio-hugo-template-not-pure-html,stratified,HTML,7,9,174,207,29,39,true,27,0,1,0,0,9,0,57,0,2,0,0,9,0,3,28,2,26,0,0,0,0,0,0,0
html-gohugoio-hugo-template-not-pure-html-2,stratified,HTML,1,2,24,182,2,2,true,0,1,1,0,0,0,0,0,2,2,0,0,0,0,0,2,2,0,0,0,0,0,0,0,0
html-gohugoio-hugo-update-href-template,stratified,HTML,24,24,665,680,196,196,true,186,1,9,0,0,0,0,372,2,18,0,0,0,0,0,196,196,0,0,0,0,0,0,0,0
html-gorhill-add-tag,small,HTML,27,28,851,901,291,310,true,288,0,3,0,0,0,1,576,0,6,0,0,0,19,0,291,291,0,0,0,0,0,0,0,0
html-gorhill-ublock-add-one-meta-element,stratified,HTML,98,99,10363,10413,3703,3722,true,3700,0,3,0,0,0,1,7400,0,6,0,0,0,19,0,3703,3703,0,0,0,0,0,0,0,0
html-hugo-tag-to-selfclosing-tag,small,HTML,9,9,317,315,92,92,true,86,0,6,0,0,0,0,172,0,12,0,0,0,0,0,92,92,0,0,0,0,0,0,0,1
html-ladybird-delete-attribute,small,HTML,14,13,370,297,62,43,true,42,0,1,1,1,0,0,84,0,2,1,18,0,0,0,43,43,0,0,0,0,0,0,0,0
html-ladybirdbrowser-ladybird-remove-meta-attribute,stratified,HTML,13,12,440,370,85,66,true,65,0,1,0,1,0,0,130,0,2,0,19,0,0,0,66,66,0,0,0,0,0,0,0,0
html-ladybirdbrowser-ladybird-remove-one-line,stratified,HTML,82,81,4212,4143,770,751,true,748,0,3,0,1,0,0,1496,0,6,0,19,0,0,0,751,751,0,0,0,0,0,0,0,0
html-ladybirdbrowser-ladybird-update-pixel-value,stratified,HTML,23,23,577,577,219,219,true,213,1,5,0,0,0,0,426,2,10,0,0,0,0,0,219,219,0,0,0,0,0,0,0,0
html-ladybirdbrowser-ladybird-update-two-pixel-numbers,stratified,HTML,22,22,959,960,299,299,true,293,1,5,0,0,0,0,586,2,10,0,0,0,0,0,299,299,0,0,0,0,0,0,0,0
html-mermaid-update-link,small,HTML,102,102,3102,3081,202,202,true,197,1,4,0,0,0,0,394,2,8,0,0,0,0,0,202,202,0,0,0,0,0,0,0,0
html-milkytracker-milkytracker-text-update,full,HTML,3757,3757,115742,115740,40500,40500,true,40495,1,4,0,0,0,0,80990,2,8,0,0,0,0,0,40500,40500,0,0,0,0,0,0,0,0
html-mozilla-firefox-firefox-href-path,stratified,HTML,13,13,530,534,102,102,true,95,1,6,0,0,0,0,190,2,12,0,0,0,0,0,102,102,0,0,0,0,0,0,0,0
html-mozilla-firefox-firefox-interesting-case,stratified,HTML,14,14,478,486,52,52,true,48,1,3,0,0,0,0,96,2,6,0,0,0,0,0,52,52,0,0,0,0,0,0,0,0
html-mozilla-firefox-firefox-path,stratified,HTML,26,26,996,1000,143,143,true,135,1,7,0,0,0,0,270,2,14,0,0,0,0,0,143,143,0,0,0,0,0,0,0,0
html-mozilla-firefox-firefox-remove-li-around-button,small,HTML,1206,1190,65633,65065,13444,13372,true,13354,0,18,12,15,0,0,26708,0,36,12,60,0,0,0,13372,12912,460,0,0,0,0,0,0,2
html-mozilla-firefox-firefox-test-span,stratified,HTML,17,21,322,417,54,65,true,47,1,5,0,0,9,0,98,2,10,0,0,9,0,4,53,53,0,0,0,0,1,0,1,2
html-mozilla-pdf-add-closing-tags,stratified,HTML,4,4,239,243,64,64,true,57,0,5,2,0,2,0,114,0,10,2,0,2,0,0,62,62,0,0,0,0,0,0,0,0
html-oauth-xx-oauth-ruby-version-and-timestamp-update,full,HTML,399,399,16067,16067,5268,5268,true,5261,2,5,0,0,0,0,10522,4,10,0,0,0,0,0,5268,5268,0,0,0,0,0,0,0,0
html-pandas-dev-pandas-release-banner-update,stratified,HTML,1,1,179,132,19,19,true,12,2,5,0,0,0,0,24,4,10,0,0,0,0,0,19,19,0,0,0,0,0,0,0,0
html-prettier-prettier-not-pure-html-includes-yaml-as-well,stratified,HTML,8,8,73,108,29,29,true,27,1,1,0,0,0,0,54,2,2,0,0,0,0,0,29,29,0,0,0,0,0,0,0,0
html-tcltk-thread-one-multiline-value-changed,full,HTML,312,312,15629,15630,4477,4477,true,4470,1,6,0,0,0,0,8940,2,12,0,0,0,0,0,4477,4477,0,0,0,0,0,0,0,0
html-twbs-bootstrap-add-the-same-attribute-in-many-places,small,HTML,357,357,20576,20861,5185,5290,true,5121,0,64,0,0,0,15,10242,0,128,0,0,0,105,0,5185,5185,0,0,0,0,0,0,0,0
html-twbs-bootstrap-not-html-template-extract-two-vars,stratified,HTML,5,7,321,338,57,58,true,42,1,11,0,0,2,0,89,2,22,0,0,2,0,5,54,54,0,0,0,0,0,0,0,2
html-twbs-bootstrap-remove-one-line-in-yaml-metadata-preamble,stratified,HTML,34,33,1261,1243,314,314,true,312,1,1,0,0,0,0,624,2,2,0,0,0,0,0,314,314,0,0,0,0,0,0,0,0
html-xiaoyeli-superlu-change-a-bunch-of-values-and-add-one-element,full,HTML,340,341,21602,21662,5387,5419,true,5274,20,93,0,0,0,1,10548,40,186,0,0,0,32,0,5387,5387,0,0,0,0,0,0,0,0
java-add-exception-handling,handmade,Java,15,20,456,638,145,186,true,138,0,6,0,0,40,0,279,0,12,0,0,40,0,3,144,53,0,91,0,0,1,0,0,6
java-add-interface,handmade,Java,13,18,262,340,81,104,true,76,0,5,0,0,23,0,152,0,10,0,0,23,0,0,81,81,0,0,0,0,0,0,0,0
java-add-logging,handmade,Java,11,14,292,458,104,164,true,97,0,7,0,0,60,0,194,0,14,0,0,60,0,0,104,104,0,0,0,0,0,0,0,0
java-defects4j-chart-1-abstractcategoryitemrenderer,defects4j,Java,1994,1994,75804,75804,9606,9606,true,9597,0,9,0,0,0,0,19194,0,18,0,0,0,0,0,9606,9606,0,0,0,0,0,0,0,0
java-defects4j-chart-10-standardtooltiptagfragmentgenerator,defects4j,Java,69,69,2395,2426,80,87,true,72,0,8,0,0,7,0,144,0,16,0,0,7,0,0,80,79,0,1,0,0,0,0,0,0
java-defects4j-chart-11-shapeutilities,defects4j,Java,597,597,19851,19851,3352,3352,true,3343,1,8,0,0,0,0,6686,2,16,0,0,0,0,0,3352,3352,0,0,0,0,0,0,0,0
java-defects4j-chart-12-multiplepieplot,defects4j,Java,619,619,21421,21418,3271,3270,true,3259,0,6,6,0,5,0,6518,0,12,6,0,5,0,0,3265,3264,1,0,0,0,0,0,0,2
java-defects4j-chart-13-borderarrangement,defects4j,Java,534,534,20547,20562,4613,4622,true,4600,0,13,0,0,9,0,9200,0,26,0,0,9,0,0,4613,4599,0,14,0,0,0,0,0,0
java-defects4j-chart-14-categoryplot,defects4j,Java,4117,4123,145556,145696,18791,18823,true,18784,0,7,0,0,0,2,37568,0,14,0,0,0,32,0,18791,18791,0,0,0,0,0,0,0,0
java-defects4j-chart-14-xyplot,defects4j,Java,5063,5069,180380,180520,24356,24388,true,24349,0,7,0,0,0,2,48698,0,14,0,0,0,32,0,24356,24356,0,0,0,0,0,0,0,0
java-defects4j-chart-15-pieplot,defects4j,Java,3035,3040,110086,110207,13951,13985,true,13944,0,7,0,0,15,1,27888,0,14,0,0,15,19,0,13951,13928,0,23,0,0,0,0,0,0
java-defects4j-chart-16-defaultintervalcategorydataset,defects4j,Java,802,802,27492,27512,3408,3414,true,3377,0,18,13,0,19,0,6754,0,36,13,0,19,0,0,3395,3395,0,0,0,0,0,0,0,0
java-defects4j-chart-17-timeseries,defects4j,Java,1036,1037,37248,37312,4590,4609,true,4567,1,7,15,0,11,1,9134,2,14,15,0,11,23,0,4575,4575,0,0,0,0,0,0,0,0
java-defects4j-chart-18-defaultkeyedvalues,defects4j,Java,471,470,14912,14959,2117,2115,true,2084,0,9,24,0,22,0,4168,0,18,24,0,22,0,0,2093,2086,0,7,0,0,0,0,0,2
java-defects4j-chart-18-defaultkeyedvalues2d,defects4j,Java,560,569,17962,18299,2346,2435,true,2339,0,7,0,0,27,2,4678,0,14,0,0,27,62,0,2346,2336,0,10,0,0,0,0,0,0
java-defects4j-chart-19-categoryplot,defects4j,Java,3807,3813,135832,136060,18240,18290,true,18233,0,7,0,0,0,2,36466,0,14,0,0,0,50,0,18240,18240,0,0,0,0,0,0,0,0
java-defects4j-chart-2-datasetutilities,defects4j,Java,2166,2180,87187,87965,12498,12688,true,12471,0,27,0,0,0,8,24942,0,54,0,0,0,190,0,12498,12498,0,0,0,0,0,0,0,0
java-defects4j-chart-20-valuemarker,defects4j,Java,156,156,4977,4991,372,372,true,363,2,7,0,0,0,0,726,4,14,0,0,0,0,0,372,372,0,0,0,0,0,0,0,0
java-defects4j-chart-21-defaultboxandwhiskercategorydataset,defects4j,Java,777,816,23900,25671,2763,3131,true,2755,0,8,0,0,4,7,5510,0,16,0,0,4,364,0,2763,2491,0,272,0,0,0,0,0,1
java-defects4j-chart-22-keyedobjects2d,defects4j,Java,466,495,14330,15442,2039,2343,true,2013,3,23,0,0,24,6,4026,6,46,0,0,24,280,0,2039,2008,0,31,0,0,0,0,0,23
java-defects4j-chart-23-minmaxcategoryrenderer,defects4j,Java,548,567,19704,20310,2860,3013,true,2857,0,3,0,0,0,1,5714,0,6,0,0,0,153,0,2860,2860,0,0,0,0,0,0,0,0
java-defects4j-chart-24-graypaintscale,defects4j,Java,173,173,5343,5339,466,466,true,452,1,13,0,0,0,0,904,2,26,0,0,0,0,0,466,466,0,0,0,0,0,0,0,0
java-defects4j-chart-25-statisticalbarrenderer,defects4j,Java,555,567,21092,21344,3132,3200,true,3119,0,13,0,0,38,2,6238,0,26,0,0,38,30,0,3132,2494,20,618,0,0,0,0,0,32
java-defects4j-chart-26-axis,defects4j,Java,1372,1374,47436,47485,6057,6069,true,6050,0,7,0,0,12,0,12100,0,14,0,0,12,0,0,6057,6004,0,53,0,0,0,0,0,0
java-defects4j-chart-3-timeseries,defects4j,Java,1300,1302,46316,46382,5958,5982,true,5953,0,5,0,0,0,2,11906,0,10,0,0,0,24,0,5958,5958,0,0,0,0,0,0,0,0
java-defects4j-chart-4-xyplot,defects4j,Java,5864,5866,209492,209545,28219,28231,true,28210,0,9,0,0,7,2,56420,0,18,0,0,7,5,0,28219,28139,0,80,0,0,0,0,0,0
java-defects4j-chart-5-xyseries,defects4j,Java,733,737,25708,25781,2897,2915,true,2885,0,8,4,0,22,0,5770,0,16,4,0,22,0,0,2893,2886,3,4,0,0,0,0,0,0
java-defects4j-chart-6-shapelist,defects4j,Java,172,179,4616,4850,499,582,true,485,0,6,8,0,1,3,970,0,12,8,0,1,90,0,491,491,0,0,0,0,0,0,0,17
java-defects4j-chart-7-timeperiodvalues,defects4j,Java,573,573,18653,18653,2543,2543,true,2518,2,23,0,0,0,0,5036,4,46,0,0,0,0,0,2543,2543,0,0,0,0,0,0,0,0
java-defects4j-chart-8-week,defects4j,Java,647,647,21920,21889,2645,2642,true,2634,0,7,4,0,1,0,5268,0,14,4,0,1,0,0,2641,2641,0,0,0,0,0,0,0,2
java-defects4j-chart-9-timeseries,defects4j,Java,1039,1039,37353,37383,4607,4619,true,4598,0,6,0,0,9,0,9205,0,12,0,0,9,0,9,4604,4600,0,4,0,0,3,0,0,0
java-defects4j-cli-1-commandline,defects4j,Java,317,317,8492,8462,966,911,true,682,5,35,47,11,7,6,1373,10,70,47,194,7,176,9,722,719,1,1,1,0,3,0,0,106
java-defects4j-cli-10-parser,defects4j,Java,431,432,13291,13334,1750,1766,true,1743,0,7,0,0,6,1,3486,0,14,0,0,6,10,0,1750,1743,0,7,0,0,0,0,0,0
java-defects4j-cli-11-helpformatter,defects4j,Java,991,991,30418,30408,3847,3841,true,3831,1,9,6,0,0,0,7662,2,18,6,0,0,0,0,3841,3834,0,7,0,0,0,0,0,0
java-defects4j-cli-12-gnuparser,defects4j,Java,111,116,3738,4055,444,547,true,429,0,15,0,0,102,1,858,0,30,0,0,102,1,0,444,360,84,0,0,0,0,0,0,5
java-defects4j-cli-13-argumentimpl,defects4j,Java,375,375,12368,12414,2169,2182,true,2161,0,7,1,0,0,1,4322,0,14,1,0,0,14,0,2168,2168,0,0,0,0,0,0,0,0
java-defects4j-cli-13-writeablecommandline,defects4j,Java,85,86,3054,3106,163,175,true,160,0,3,0,0,0,1,320,0,6,0,0,0,12,0,163,163,0,0,0,0,0,0,0,0
java-defects4j-cli-13-writeablecommandlineimpl,defects4j,Java,230,238,7245,7463,1525,1582,true,1522,0,3,0,0,18,2,3044,0,6,0,0,18,39,0,1525,1523,0,2,0,0,0,0,0,0
java-defects4j-cli-14-groupimpl,defects4j,Java,514,514,16361,16348,3197,3193,true,3179,1,10,7,0,3,0,6358,2,20,7,0,3,0,0,3190,3190,0,0,0,1,0,0,0,29
java-defects4j-cli-15-writeablecommandlineimpl,defects4j,Java,265,274,8631,9049,1829,1938,true,1787,2,19,21,0,130,0,3574,4,38,21,0,130,0,0,1808,1774,9,22,3,0,0,0,0,37
java-defects4j-cli-16-groupimpl,defects4j,Java,514,515,16348,16384,3193,3203,true,3186,0,7,0,0,0,1,6372,0,14,0,0,0,10,0,3193,3193,0,0,0,0,0,0,0,0
java-defects4j-cli-16-option,defects4j,Java,216,218,7096,7155,268,285,true,265,0,3,0,0,0,2,530,0,6,0,0,0,17,0,268,268,0,0,0,0,0,0,0,0
java-defects4j-cli-16-optionimpl,defects4j,Java,163,170,5072,5239,1089,1134,true,1086,0,3,0,0,0,3,2172,0,6,0,0,0,45,0,1089,1089,0,0,0,0,0,0,0,0
java-defects4j-cli-16-writeablecommandlineimpl,defects4j,Java,276,281,9107,9297,1939,1998,true,1934,0,5,0,0,0,2,3868,0,10,0,0,0,59,0,1939,1939,0,0,0,0,0,0,0,0
java-defects4j-cli-17-posixparser,defects4j,Java,311,312,10575,10598,1059,1062,true,1049,0,10,0,0,0,1,2098,0,20,0,0,0,3,0,1059,1059,0,0,0,0,0,0,0,0
java-defects4j-cli-18-posixparser,defects4j,Java,300,297,10315,10245,1044,1032,true,997,0,15,0,2,0,2,1994,0,30,0,32,0,20,0,1012,1012,0,0,0,0,0,0,0,16
java-defects4j-cli-19-posixparser,defects4j,Java,297,297,10245,10211,1032,1022,true,1003,0,9,0,0,0,0,2036,0,18,0,0,0,0,30,1012,1012,0,0,0,0,10,0,10,15
java-defects4j-cli-2-posixparser,defects4j,Java,309,310,10512,10531,1070,1067,true,1050,0,13,7,0,1,1,2100,0,26,7,0,1,3,0,1063,1063,0,0,0,0,0,0,0,2
java-defects4j-cli-20-posixparser,defects4j,Java,297,302,10228,10370,1022,1045,true,934,1,17,46,0,43,2,1900,2,34,46,0,43,42,32,952,948,4,0,0,0,8,0,8,55
java-defects4j-cli-21-groupimpl,defects4j,Java,540,546,17423,17627,3276,3319,true,3271,0,5,0,0,5,3,6542,0,10,0,0,5,38,0,3276,3265,0,11,0,0,0,0,0,0
java-defects4j-cli-21-writeablecommandline,defects4j,Java,110,112,3874,3954,202,219,true,199,0,3,0,0,0,2,398,0,6,0,0,0,17,0,202,202,0,0,0,0,0,0,0,0
java-defects4j-cli-21-writeablecommandlineimpl,defects4j,Java,298,324,9944,10671,2000,2146,true,1989,0,11,0,0,86,5,3978,0,22,0,0,86,60,0,2000,1926,0,70,4,0,0,0,0,0
java-defects4j-cli-22-posixparser,defects4j,Java,272,276,9366,9609,917,980,true,856,0,36,7,2,52,2,1712,0,72,7,18,52,36,0,892,862,11,19,0,0,0,0,0,0
java-defects4j-cli-23-helpformatter,defects4j,Java,974,975,29776,29712,3844,3854,true,3804,0,11,1,2,16,2,7621,0,22,1,24,16,14,13,3815,3807,8,0,0,0,4,0,1,7
java-defects4j-cli-24-helpformatter,defects4j,Java,985,984,30147,29998,3878,3868,true,3853,0,7,18,0,8,0,7706,0,14,18,0,8,0,0,3860,3860,0,0,0,0,0,0,0,2
java-defects4j-cli-25-helpformatter,defects4j,Java,984,984,29998,29990,3868,3865,true,3856,0,9,3,0,0,0,7712,0,18,3,0,0,0,0,3865,3864,1,0,0,0,0,0,0,0
java-defects4j-cli-26-optionbuilder,defects4j,Java,365,369,9972,10043,882,898,true,874,0,5,3,0,12,1,1748,0,10,3,0,12,7,0,879,785,0,84,10,0,0,0,0,7
java-defects4j-cli-27-optiongroup,defects4j,Java,175,175,4572,4572,607,607,true,590,2,15,0,0,0,0,1180,4,30,0,0,0,0,0,607,607,0,0,0,0,0,0,0,0
java-defects4j-cli-28-parser,defects4j,Java,410,410,13034,13037,1680,1680,true,1666,0,12,0,0,0,0,3336,0,24,0,0,0,0,4,1678,1678,0,0,0,0,0,0,0,0
java-defects4j-cli-29-util,defects4j,Java,77,73,2277,2262,244,250,true,202,1,12,5,1,10,1,404,2,24,5,24,10,25,0,215,193,0,11,11,0,0,0,0,0
java-defects4j-cli-3-typehandler,defects4j,Java,255,264,6747,6938,843,872,true,806,0,7,3,1,43,0,1636,0,14,3,19,43,0,24,813,813,0,0,0,0,8,0,8,14
java-defects4j-cli-30-defaultparser,defects4j,Java,683,689,20261,20561,3055,3123,true,3045,0,10,0,0,5,3,6090,0,20,0,0,5,63,0,3055,3030,10,15,0,0,0,0,0,47
java-defects4j-cli-30-parser,defects4j,Java,424,430,13557,13852,1719,1783,false,0,0,0,0,0,0,0,0,0,0,0,0,0,0,0,0,0,0,0,0,0,0,0,0,
java-defects4j-cli-31-helpformatter,defects4j,Java,1020,1020,31306,31398,4014,4056,true,3987,0,13,7,0,42,0,7995,0,26,7,0,42,0,21,4000,4000,0,0,0,0,7,0,7,21
java-defects4j-cli-31-option,defects4j,Java,705,705,18575,18567,2052,2047,true,2042,0,5,0,2,0,0,4084,0,10,0,5,0,0,0,2047,2047,0,0,0,0,0,0,0,0
java-defects4j-cli-31-optionbuilder,defects4j,Java,375,375,10119,10118,910,907,true,899,0,7,0,1,0,1,1798,0,14,0,4,0,1,0,906,906,0,0,0,0,0,0,0,0
java-defects4j-cli-32-helpformatter,defects4j,Java,1014,1010,31439,31282,4039,3973,false,0,0,0,0,0,0,0,0,0,0,0,0,0,0,0,0,0,0,0,0,0,0,0,0,
java-defects4j-cli-33-helpformatter,defects4j,Java,1025,1042,31835,32471,4005,4157,false,0,0,0,0,0,0,0,0,0,0,0,0,0,0,0,0,0,0,0,0,0,0,0,0,
java-defects4j-cli-34-option,defects4j,Java,705,705,18563,18578,2047,2052,true,2042,0,5,0,0,1,1,4084,0,10,0,0,1,4,0,2047,2047,0,0,0,0,0,0,0,0
java-defects4j-cli-34-optionbuilder,defects4j,Java,377,377,10233,10241,907,910,true,899,0,7,1,0,4,0,1798,0,14,1,0,4,0,0,906,906,0,0,0,0,0,0,0,0
java-defects4j-cli-35-options,defects4j,Java,323,326,9585,9692,1172,1205,true,1167,0,5,0,0,0,1,2334,0,10,0,0,0,33,0,1172,1172,0,0,0,0,0,0,0,0
java-defects4j-cli-36-optiongroup,defects4j,Java,179,179,4726,4738,655,655,false,0,0,0,0,0,0,0,0,0,0,0,0,0,0,0,0,0,0,0,0,0,0,0,0,
java-defects4j-cli-36-options,defects4j,Java,327,326,9701,9681,1205,1195,false,0,0,0,0,0,0,0,0,0,0,0,0,0,0,0,0,0,0,0,0,0,0,0,0,
java-defects4j-cli-37-defaultparser,defects4j,Java,696,702,20368,20532,3067,3121,false,0,0,0,0,0,0,0,0,0,0,0,0,0,0,0,0,0,0,0,0,0,0,0,0,
java-defects4j-cli-38-defaultparser,defects4j,Java,703,707,20588,20728,3122,3168,false,0,0,0,0,0,0,0,0,0,0,0,0,0,0,0,0,0,0,0,0,0,0,0,0,
java-defects4j-cli-39-typehandler,defects4j,Java,251,262,7728,8021,862,922,false,0,0,0,0,0,0,0,0,0,0,0,0,0,0,0,0,0,0,0,0,0,0,0,0,
java-defects4j-cli-4-parser,defects4j,Java,415,417,12774,12895,1573,1619,false,0,0,0,0,0,0,0,0,0,0,0,0,0,0,0,0,0,0,0,0,0,0,0,0,
java-defects4j-cli-40-typehandler,defects4j,Java,261,261,8135,8188,973,985,true,954,0,15,0,1,0,1,1908,0,30,0,4,0,16,0,969,969,0,0,0,0,0,0,0,2
java-defects4j-cli-5-util,defects4j,Java,67,70,2126,2188,220,236,true,215,0,5,0,0,0,1,430,0,10,0,0,0,16,0,220,220,0,0,0,0,0,0,0,0
java-defects4j-cli-7-patternbuilder,defects4j,Java,202,202,5942,5954,1146,1146,false,0,0,0,0,0,0,0,0,0,0,0,0,0,0,0,0,0,0,0,0,0,0,0,0,
java-defects4j-cli-8-helpformatter,defects4j,Java,957,957,29486,29472,3763,3763,true,3751,0,12,0,0,0,0,7502,0,24,0,0,0,0,0,3763,3763,0,0,0,0,0,0,0,1
java-defects4j-cli-9-parser,defects4j,Java,430,431,13235,13291,1725,1750,false,0,0,0,0,0,0,0,0,0,0,0,0,0,0,0,0,0,0,0,0,0,0,0,0,
java-defects4j-closure-1-removeunusedvars,defects4j,Java,995,998,34792,34838,5623,5637,true,5618,0,5,0,0,0,1,11236,0,10,0,0,0,14,0,5623,5623,0,0,0,0,0,0,0,0
java-defects4j-closure-10-nodeutil,defects4j,Java,3229,3229,95395,95395,19799,19799,true,19789,1,9,0,0,0,0,39578,2,18,0,0,0,0,0,19799,19799,0,0,0,0,0,0,0,0
java-defects4j-closure-100-checkglobalthis,defects4j,Java,176,183,5499,5746,795,873,false,0,0,0,0,0,0,0,0,0,0,0,0,0,0,0,0,0,0,0,0,0,0,0,0,
java-defects4j-closure-101-commandlinerunner,defects4j,Java,485,483,18196,18172,3431,3422,false,0,0,0,0,0,0,0,0,0,0,0,0,0,0,0,0,0,0,0,0,0,0,0,0,
java-defects4j-closure-102-normalize,defects4j,Java,529,529,17898,17898,3236,3236,true,3231,0,5,0,0,0,0,6462,0,10,0,0,0,0,0,3236,3236,0,0,0,0,0,0,0,0
java-defects4j-closure-103-controlflowanalysis,defects4j,Java,995,996,33056,33085,6595,6603,true,6587,0,8,0,0,8,0,13174,0,16,0,0,8,0,0,6595,6595,0,0,0,0,0,0,0,16
java-defects4j-closure-103-disambiguateproperties,defects4j,Java,984,991,34206,34471,6890,6953,false,0,0,0,0,0,0,0,0,0,0,0,0,0,0,0,0,0,0,0,0,0,0,0,0,
java-defects4j-closure-104-uniontype,defects4j,Java,498,498,14307,14311,2455,2460,true,2445,0,7,3,0,8,0,4890,0,14,3,0,8,0,0,2452,2451,1,0,0,0,0,0,0,0
java-defects4j-closure-105-foldconstants,defects4j,Java,2023,2025,63247,63255,14669,14656,false,0,0,0,0,0,0,0,0,0,0,0,0,0,0,0,0,0,0,0,0,0,0,0,0,
java-defects4j-closure-106-globalnamespace,defects4j,Java,1064,1068,33067,33187,5992,6024,false,0,0,0,0,0,0,0,0,0,0,0,0,0,0,0,0,0,0,0,0,0,0,0,0,
java-defects4j-closure-106-jsdocinfobuilder,defects4j,Java,769,767,21529,21493,3056,3047,true,3042,0,5,9,0,0,0,6084,0,10,9,0,0,0,0,3047,3041,0,6,0,0,0,0,0,0
java-defects4j-closure-107-commandlinerunner,defects4j,Java,999,1000,37065,37146,6879,6897,true,6871,0,8,0,0,0,1,13742,0,16,0,0,0,18,0,6879,6879,0,0,0,0,0,0,0,0
java-defects4j-closure-108-scopedaliases,defects4j,Java,611,614,21344,21524,4205,4263,false,0,0,0,0,0,0,0,0,0,0,0,0,0,0,0,0,0,0,0,0,0,0,0,0,
java-defects4j-closure-109-jsdocinfoparser,defects4j,Java,2579,2583,79176,79274,16059,16090,false,0,0,0,0,0,0,0,0,0,0,0,0,0,0,0,0,0,0,0,0,0,0,0,0,
java-defects4j-closure-11-typecheck,defects4j,Java,1923,1921,67294,67219,12554,12523,true,12517,0,6,31,0,0,0,25034,0,12,31,0,0,0,0,12523,12470,53,0,0,0,0,0,0,2
java-defects4j-closure-110-node,defects4j,Java,2449,2452,67331,67415,14414,14439,false,0,0,0,0,0,0,0,0,0,0,0,0,0,0,0,0,0,0,0,0,0,0,0,0,
java-defects4j-closure-110-scopedaliases,defects4j,Java,586,604,20359,21121,4017,4188,false,0,0,0,0,0,0,0,0,0,0,0,0,0,0,0,0,0,0,0,0,0,0,0,0,
java-defects4j-closure-111-closurereverseabstractinterpreter,defects4j,Java,266,267,8964,9028,2013,2029,false,0,0,0,0,0,0,0,0,0,0,0,0,0,0,0,0,0,0,0,0,0,0,0,0,
java-defects4j-closure-112-typeinference,defects4j,Java,1606,1612,56906,57096,11140,11190,false,0,0,0,0,0,0,0,0,0,0,0,0,0,0,0,0,0,0,0,0,0,0,0,0,
java-defects4j-closure-113-processclosureprimitives,defects4j,Java,1233,1233,41804,41828,8403,8412,true,8393,0,10,0,0,2,1,16786,0,20,0,0,2,7,0,8403,8400,3,0,0,0,0,0,0,0
java-defects4j-closure-114-nameanalyzer,defects4j,Java,1887,1887,62192,62247,11416,11445,true,11406,0,10,0,0,5,1,22812,0,20,0,0,5,24,0,11416,11397,19,0,0,0,0,0,0,0
java-defects4j-closure-115-functioninjector,defects4j,Java,947,936,33113,32704,4875,4762,false,0,0,0,0,0,0,0,0,0,0,0,0,0,0,0,0,0,0,0,0,0,0,0,0,
java-defects4j-closure-116-functioninjector,defects4j,Java,938,950,32706,33152,4762,4876,false,0,0,0,0,0,0,0,0,0,0,0,0,0,0,0,0,0,0,0,0,0,0,0,0,
java-defects4j-closure-117-typevalidator,defects4j,Java,849,849,31291,31291,5404,5404,false,0,0,0,0,0,0,0,0,0,0,0,0,0,0,0,0,0,0,0,0,0,0,0,0,
java-defects4j-closure-118-disambiguateproperties,defects4j,Java,1133,1136,39864,39932,8052,8070,false,0,0,0,0,0,0,0,0,0,0,0,0,0,0,0,0,0,0,0,0,0,0,0,0,
java-defects4j-closure-119-globalnamespace,defects4j,Java,1359,1360,41585,41617,7861,7869,true,7847,0,14,0,0,0,1,15694,0,28,0,0,0,8,0,7861,7861,0,0,0,0,0,0,0,0
java-defects4j-closure-12-maybereachingvariableuse,defects4j,Java,296,302,9278,9496,1750,1823,false,0,0,0,0,0,0,0,0,0,0,0,0,0,0,0,0,0,0,0,0,0,0,0,0,
java-defects4j-closure-120-referencecollectingcallback,defects4j,Java,724,727,21080,21175,3903,3934,false,0,0,0,0,0,0,0,0,0,0,0,0,0,0,0,0,0,0,0,0,0,0,0,0,
java-defects4j-closure-121-inlinevariables,defects4j,Java,733,735,26186,26317,4653,4675,false,0,0,0,0,0,0,0,0,0,0,0,0,0,0,0,0,0,0,0,0,0,0,0,0,
java-defects4j-closure-122-irfactory,defects4j,Java,1525,1526,54371,54390,13497,13495,false,0,0,0,0,0,0,0,0,0,0,0,0,0,0,0,0,0,0,0,0,0,0,0,0,
java-defects4j-closure-123-codegenerator,defects4j,Java,1306,1306,39978,39999,9516,9518,true,9501,0,11,4,0,6,0,19002,0,22,4,0,6,0,0,9512,9512,0,0,0,0,0,0,0,2
java-defects4j-closure-124-exploitassigns,defects4j,Java,244,246,7858,7895,1214,1229,true,1209,0,5,0,0,15,0,2418,0,10,0,0,15,0,0,1214,1202,0,12,0,0,0,0,0,0
java-defects4j-closure-125-typecheck,defects4j,Java,2119,2119,74509,74537,14149,14158,true,14139,0,10,0,0,9,0,28278,0,20,0,0,9,0,0,14149,14146,3,0,0,0,0,0,0,0
java-defects4j-closure-126-minimizeexitpoints,defects4j,Java,312,308,10265,10114,1659,1618,false,0,0,0,0,0,0,0,0,0,0,0,0,0,0,0,0,0,0,0,0,0,0,0,0,
java-defects4j-closure-127-unreachablecodeelimination,defects4j,Java,250,259,9282,9609,1473,1578,false,0,0,0,0,0,0,0,0,0,0,0,0,0,0,0,0,0,0,0,0,0,0,0,0,
java-defects4j-closure-128-codegenerator,defects4j,Java,1287,1290,39311,39358,9360,9376,false,0,0,0,0,0,0,0,0,0,0,0,0,0,0,0,0,0,0,0,0,0,0,0,0,
java-defects4j-closure-129-prepareast,defects4j,Java,217,220,6509,6587,1168,1195,false,0,0,0,0,0,0,0,0,0,0,0,0,0,0,0,0,0,0,0,0,0,0,0,0,
java-defects4j-closure-13-peepholeoptimizationspass,defects4j,Java,211,211,5544,5544,1065,1065,true,1056,0,9,0,0,0,0,2112,0,18,0,0,0,0,0,1065,1065,0,0,0,0,0,0,0,0
java-defects4j-closure-130-collapseproperties,defects4j,Java,969,969,34685,34704,5786,5794,true,5775,0,9,0,0,7,0,11555,0,18,0,0,7,0,5,5784,5777,7,0,0,0,1,0,0,2
java-defects4j-closure-131-tokenstream,defects4j,Java,207,208,8606,8711,2420,2454,false,0,0,0,0,0,0,0,0,0,0,0,0,0,0,0,0,0,0,0,0,0,0,0,0,
java-defects4j-closure-132-peepholesubstitutealternatesyntax,defects4j,Java,1725,1727,56078,56199,10925,10965,false,0,0,0,0,0,0,0,0,0,0,0,0,0,0,0,0,0,0,0,0,0,0,0,0,
java-defects4j-closure-133-jsdocinfoparser,defects4j,Java,2452,2453,79464,79499,14996,15002,true,14991,0,5,0,0,0,1,29982,0,10,0,0,0,6,0,14996,14996,0,0,0,0,0,0,0,0
java-defects4j-closure-134-ambiguateproperties,defects4j,Java,630,629,20782,20854,4520,4527,false,0,0,0,0,0,0,0,0,0,0,0,0,0,0,0,0,0,0,0,0,0,0,0,0,
java-defects4j-closure-134-typedscopecreator,defects4j,Java,1323,1331,50588,50866,9271,9325,false,0,0,0,0,0,0,0,0,0,0,0,0,0,0,0,0,0,0,0,0,0,0,0,0,
java-defects4j-closure-135-devirtualizeprototypemethods,defects4j,Java,368,369,11748,11794,1915,1931,true,1906,0,9,0,0,0,1,3812,0,18,0,0,0,16,0,1915,1915,0,0,0,0,0,0,0,0
java-defects4j-closure-135-functiontype,defects4j,Java,848,855,27784,27988,4804,4865,false,0,0,0,0,0,0,0,0,0,0,0,0,0,0,0,0,0,0,0,0,0,0,0,0,
java-defects4j-closure-136-methodcompilerpass,defects4j,Java,275,255,9274,8598,1777,1588,false,0,0,0,0,0,0,0,0,0,0,0,0,0,0,0,0,0,0,0,0,0,0,0,0,
java-defects4j-closure-136-renamevars,defects4j,Java,482,490,15143,15386,2641,2695,false,0,0,0,0,0,0,0,0,0,0,0,0,0,0,0,0,0,0,0,0,0,0,0,0,
java-defects4j-closure-137-makedeclarednamesunique,defects4j,Java,499,524,15117,15715,2939,3180,false,0,0,0,0,0,0,0,0,0,0,0,0,0,0,0,0,0,0,0,0,0,0,0,0,
java-defects4j-closure-137-nodeutil,defects4j,Java,1978,1981,57580,57696,11463,11513,false,0,0,0,0,0,0,0,0,0,0,0,0,0,0,0,0,0,0,0,0,0,0,0,0,
java-defects4j-closure-137-normalize,defects4j,Java,564,564,19720,19720,3369,3369,true,3364,0,5,0,0,0,0,6728,0,10,0,0,0,0,0,3369,3369,0,0,0,0,0,0,0,0
java-defects4j-closure-138-closurereverseabstractinterpreter,defects4j,Java,252,250,8486,8439,1890,1878,true,1869,0,9,12,0,0,0,3738,0,18,12,0,0,0,0,1878,1745,0,133,0,0,0,0,0,3
java-defects4j-closure-138-typeinference,defects4j,Java,1218,1226,42924,43234,8646,8706,false,0,0,0,0,0,0,0,0,0,0,0,0,0,0,0,0,0,0,0,0,0,0,0,0,
java-defects4j-closure-139-normalize,defects4j,Java,602,633,20641,21919,3393,3802,false,0,0,0,0,0,0,0,0,0,0,0,0,0,0,0,0,0,0,0,0,0,0,0,0,
java-defects4j-closure-14-controlflowanalysis,defects4j,Java,1058,1058,35019,35018,6957,6957,true,6936,1,20,0,0,0,0,13872,2,40,0,0,0,0,0,6957,6957,0,0,0,0,0,0,0,0
java-defects4j-closure-140-compiler,defects4j,Java,1695,1698,48926,49030,9991,10044,false,0,0,0,0,0,0,0,0,0,0,0,0,0,0,0,0,0,0,0,0,0,0,0,0,
java-defects4j-closure-141-nodeutil,defects4j,Java,1986,1989,57892,58008,11532,11561,false,0,0,0,0,0,0,0,0,0,0,0,0,0,0,0,0,0,0,0,0,0,0,0,0,
java-defects4j-closure-141-purefunctionidentifier,defects4j,Java,694,713,21480,22192,3838,4019,false,0,0,0,0,0,0,0,0,0,0,0,0,0,0,0,0,0,0,0,0,0,0,0,0,
java-defects4j-closure-142-coalescevariablenames,defects4j,Java,454,457,15779,15906,3192,3237,false,0,0,0,0,0,0,0,0,0,0,0,0,0,0,0,0,0,0,0,0,0,0,0,0,
java-defects4j-closure-142-jsdocinfoparser,defects4j,Java,2031,2034,63566,63684,11890,11919,false,0,0,0,0,0,0,0,0,0,0,0,0,0,0,0,0,0,0,0,0,0,0,0,0,
java-defects4j-closure-143-abstractcommandlinerunner,defects4j,Java,1256,1257,39106,39215,7244,7282,false,0,0,0,0,0,0,0,0,0,0,0,0,0,0,0,0,0,0,0,0,0,0,0,0,
java-defects4j-closure-143-removeconstantexpressions,defects4j,Java,135,136,3952,4036,633,663,false,0,0,0,0,0,0,0,0,0,0,0,0,0,0,0,0,0,0,0,0,0,0,0,0,
java-defects4j-closure-144-functionbuilder,defects4j,Java,152,157,4957,5131,630,670,false,0,0,0,0,0,0,0,0,0,0,0,0,0,0,0,0,0,0,0,0,0,0,0,0,
java-defects4j-closure-144-functiontype,defects4j,Java,867,867,27527,27529,5238,5238,true,5229,0,9,0,0,0,0,10458,0,18,0,0,0,0,0,5238,5238,0,0,0,0,0,0,0,1
java-defects4j-closure-144-functiontypebuilder,defects4j,Java,587,618,20764,21945,3576,3899,false,0,0,0,0,0,0,0,0,0,0,0,0,0,0,0,0,0,0,0,0,0,0,0,0,
java-defects4j-closure-144-typedscopecreator,defects4j,Java,1429,1432,53659,53823,9966,9998,false,0,0,0,0,0,0,0,0,0,0,0,0,0,0,0,0,0,0,0,0,0,0,0,0,
java-defects4j-closure-145-codegenerator,defects4j,Java,1049,1062,32505,32916,7608,7721,false,0,0,0,0,0,0,0,0,0,0,0,0,0,0,0,0,0,0,0,0,0,0,0,0,
java-defects4j-closure-146-jstype,defects4j,Java,940,941,29036,29101,3381,3396,false,0,0,0,0,0,0,0,0,0,0,0,0,0,0,0,0,0,0,0,0,0,0,0,0,
java-defects4j-closure-147-checkglobalthis,defects4j,Java,190,191,5958,5998,923,932,true,908,0,11,0,0,8,0,1825,0,22,0,0,8,0,9,919,889,30,0,0,0,1,0,0,0
java-defects4j-closure-147-runtimetypecheck,defects4j,Java,398,403,12957,13143,2571,2622,false,0,0,0,0,0,0,0,0,0,0,0,0,0,0,0,0,0,0,0,0,0,0,0,0,
java-defects4j-closure-148-peepholefoldconstants,defects4j,Java,1189,1192,34195,34271,7982,8002,false,0,0,0,0,0,0,0,0,0,0,0,0,0,0,0,0,0,0,0,0,0,0,0,0,
java-defects4j-closure-148-sourcemap,defects4j,Java,549,619,16712,18837,2418,3038,false,0,0,0,0,0,0,0,0,0,0,0,0,0,0,0,0,0,0,0,0,0,0,0,0,
java-defects4j-closure-149-abstractcommandlinerunner,defects4j,Java,1456,1462,45339,45554,8361,8422,false,0,0,0,0,0,0,0,0,0,0,0,0,0,0,0,0,0,0,0,0,0,0,0,0,
java-defects4j-closure-149-commandlinerunner,defects4j,Java,593,592,21657,21622,4045,4037,true,4032,0,5,0,1,0,0,8064,0,10,0,8,0,0,0,4037,4037,0,0,0,0,0,0,0,0
java-defects4j-closure-149-compiler,defects4j,Java,1839,1840,53335,53399,10835,10853,false,0,0,0,0,0,0,0,0,0,0,0,0,0,0,0,0,0,0,0,0,0,0,0,0,
java-defects4j-closure-149-compileroptions,defects4j,Java,1014,1017,30267,30354,3480,3501,false,0,0,0,0,0,0,0,0,0,0,0,0,0,0,0,0,0,0,0,0,0,0,0,0,
java-defects4j-closure-15-flowsensitiveinlinevariables,defects4j,Java,498,501,16668,16730,2889,2908,false,0,0,0,0,0,0,0,0,0,0,0,0,0,0,0,0,0,0,0,0,0,0,0,0,
java-defects4j-closure-150-typedscopecreator,defects4j,Java,1514,1500,55091,54737,10574,10478,false,0,0,0,0,0,0,0,0,0,0,0,0,0,0,0,0,0,0,0,0,0,0,0,0,
java-defects4j-closure-151-commandlinerunner,defects4j,Java,596,609,21675,22257,4052,4189,false,0,0,0,0,0,0,0,0,0,0,0,0,0,0,0,0,0,0,0,0,0,0,0,0,
java-defects4j-closure-152-functiontype,defects4j,Java,934,937,30171,30274,5500,5519,false,0,0,0,0,0,0,0,0,0,0,0,0,0,0,0,0,0,0,0,0,0,0,0,0,
java-defects4j-closure-154-typecheck,defects4j,Java,1810,1792,62087,61220,11780,11634,false,0,0,0,0,0,0,0,0,0,0,0,0,0,0,0,0,0,0,0,0,0,0,0,0,
java-defects4j-closure-154-typevalidator,defects4j,Java,770,795,27921,29014,4747,4964,false,0,0,0,0,0,0,0,0,0,0,0,0,0,0,0,0,0,0,0,0,0,0,0,0,
java-defects4j-closure-155-inlinevariables,defects4j,Java,693,722,24649,25815,4356,4663,false,0,0,0,0,0,0,0,0,0,0,0,0,0,0,0,0,0,0,0,0,0,0,0,0,
java-defects4j-closure-155-referencecollectingcallback,defects4j,Java,613,618,17981,18106,3249,3300,false,0,0,0,0,0,0,0,0,0,0,0,0,0,0,0,0,0,0,0,0,0,0,0,0,
java-defects4j-closure-155-scope,defects4j,Java,501,533,13038,13910,2212,2414,false,0,0,0,0,0,0,0,0,0,0,0,0,0,0,0,0,0,0,0,0,0,0,0,0,
java-defects4j-closure-156-collapseproperties,defects4j,Java,900,912,32762,33138,5351,5409,false,0,0,0,0,0,0,0,0,0,0,0,0,0,0,0,0,0,0,0,0,0,0,0,0,
java-defects4j-closure-157-codegenerator,defects4j,Java,1165,1196,36518,37334,8572,8834,false,0,0,0,0,0,0,0,0,0,0,0,0,0,0,0,0,0,0,0,0,0,0,0,0,
java-defects4j-closure-157-irfactory,defects4j,Java,1343,1360,50383,50986,13541,13700,false,0,0,0,0,0,0,0,0,0,0,0,0,0,0,0,0,0,0,0,0,0,0,0,0,
java-defects4j-closure-157-renameprototypes,defects4j,Java,451,451,14562,14590,2652,2654,false,0,0,0,0,0,0,0,0,0,0,0,0,0,0,0,0,0,0,0,0,0,0,0,0,
java-defects4j-closure-158-abstractcommandlinerunner,defects4j,Java,1633,1636,51428,51357,9466,9440,false,0,0,0,0,0,0,0,0,0,0,0,0,0,0,0,0,0,0,0,0,0,0,0,0,
java-defects4j-closure-158-commandlinerunner,defects4j,Java,709,754,25559,27478,4895,5309,false,0,0,0,0,0,0,0,0,0,0,0,0,0,0,0,0,0,0,0,0,0,0,0,0,
java-defects4j-closure-158-diagnosticgroups,defects4j,Java,194,191,7270,7179,1060,1034,false,0,0,0,0,0,0,0,0,0,0,0,0,0,0,0,0,0,0,0,0,0,0,0,0,
java-defects4j-closure-159-inlinefunctions,defects4j,Java,1101,1100,34823,34774,6756,6736,false,0,0,0,0,0,0,0,0,0,0,0,0,0,0,0,0,0,0,0,0,0,0,0,0,
java-defects4j-closure-16-scopedaliases,defects4j,Java,478,484,16033,16361,3312,3378,false,0,0,0,0,0,0,0,0,0,0,0,0,0,0,0,0,0,0,0,0,0,0,0,0,
java-defects4j-closure-160-compiler,defects4j,Java,2009,2009,59341,59372,12137,12135,false,0,0,0,0,0,0,0,0,0,0,0,0,0,0,0,0,0,0,0,0,0,0,0,0,
java-defects4j-closure-161-peepholefoldconstants,defects4j,Java,1386,1389,40331,40386,9535,9553,false,0,0,0,0,0,0,0,0,0,0,0,0,0,0,0,0,0,0,0,0,0,0,0,0,
java-defects4j-closure-164-arrowtype,defects4j,Java,274,291,8871,9473,1363,1502,false,0,0,0,0,0,0,0,0,0,0,0,0,0,0,0,0,0,0,0,0,0,0,0,0,
java-defects4j-closure-165-jstyperegistry,defects4j,Java,1686,1690,60971,61155,9242,9279,false,0,0,0,0,0,0,0,0,0,0,0,0,0,0,0,0,0,0,0,0,0,0,0,0,
java-defects4j-closure-165-objecttype,defects4j,Java,671,675,19571,19753,2312,2350,false,0,0,0,0,0,0,0,0,0,0,0,0,0,0,0,0,0,0,0,0,0,0,0,0,
java-defects4j-closure-165-recordtype,defects4j,Java,289,304,10084,10525,1534,1650,false,0,0,0,0,0,0,0,0,0,0,0,0,0,0,0,0,0,0,0,0,0,0,0,0,
java-defects4j-closure-165-recordtypebuilder,defects4j,Java,112,116,3465,3594,357,388,true,349,0,8,0,0,2,2,698,0,16,0,0,2,29,0,357,357,0,0,0,0,0,0,0,0
java-defects4j-closure-166-prototypeobjecttype,defects4j,Java,590,596,17837,18062,3350,3418,false,0,0,0,0,0,0,0,0,0,0,0,0,0,0,0,0,0,0,0,0,0,0,0,0,
java-defects4j-closure-167-jstype,defects4j,Java,1245,1248,38597,38737,4783,4818,false,0,0,0,0,0,0,0,0,0,0,0,0,0,0,0,0,0,0,0,0,0,0,0,0,
java-defects4j-closure-167-semanticreverseabstractinterpreter,defects4j,Java,604,602,19537,19542,4012,4011,false,0,0,0,0,0,0,0,0,0,0,0,0,0,0,0,0,0,0,0,0,0,0,0,0,
java-defects4j-closure-168-typedscopecreator,defects4j,Java,2050,2050,76454,76454,13831,13831,true,13820,1,10,0,0,0,0,27640,2,20,0,0,0,0,0,13831,13831,0,0,0,0,0,0,0,0
java-defects4j-closure-169-arrowtype,defects4j,Java,307,307,10009,9989,1607,1607,false,0,0,0,0,0,0,0,0,0,0,0,0,0,0,0,0,0,0,0,0,0,0,0,0,
java-defects4j-closure-169-functiontype,defects4j,Java,1274,1275,41368,41405,7280,7286,false,0,0,0,0,0,0,0,0,0,0,0,0,0,0,0,0,0,0,0,0,0,0,0,0,
java-defects4j-closure-169-jstype,defects4j,Java,1368,1370,42842,42980,5511,5552,false,0,0,0,0,0,0,0,0,0,0,0,0,0,0,0,0,0,0,0,0,0,0,0,0,
java-defects4j-closure-169-recordtype,defects4j,Java,299,296,10590,10428,1604,1555,false,0,0,0,0,0,0,0,0,0,0,0,0,0,0,0,0,0,0,0,0,0,0,0,0,
java-defects4j-closure-169-uniontype,defects4j,Java,629,629,17698,17707,3365,3369,false,0,0,0,0,0,0,0,0,0,0,0,0,0,0,0,0,0,0,0,0,0,0,0,0,
java-defects4j-closure-17-typedscopecreator,defects4j,Java,2022,2026,75269,75493,13575,13629,false,0,0,0,0,0,0,0,0,0,0,0,0,0,0,0,0,0,0,0,0,0,0,0,0,
java-defects4j-closure-170-flowsensitiveinlinevariables,defects4j,Java,541,552,18579,18924,3131,3221,false,0,0,0,0,0,0,0,0,0,0,0,0,0,0,0,0,0,0,0,0,0,0,0,0,
java-defects4j-closure-171-typedscopecreator,defects4j,Java,2161,2164,79891,79980,14608,14637,false,0,0,0,0,0,0,0,0,0,0,0,0,0,0,0,0,0,0,0,0,0,0,0,0,
java-defects4j-closure-171-typeinference,defects4j,Java,1584,1579,55729,55584,11011,10966,false,0,0,0,0,0,0,0,0,0,0,0,0,0,0,0,0,0,0,0,0,0,0,0,0,
java-defects4j-closure-172-typedscopecreator,defects4j,Java,2164,2170,80016,80319,14638,14732,false,0,0,0,0,0,0,0,0,0,0,0,0,0,0,0,0,0,0,0,0,0,0,0,0,
java-defects4j-closure-173-codegenerator,defects4j,Java,1303,1298,39877,39687,9515,9450,false,0,0,0,0,0,0,0,0,0,0,0,0,0,0,0,0,0,0,0,0,0,0,0,0,
java-defects4j-closure-173-peepholesubstitutealternatesyntax,defects4j,Java,643,671,20733,21669,4148,4451,false,0,0,0,0,0,0,0,0,0,0,0,0,0,0,0,0,0,0,0,0,0,0,0,0,
java-defects4j-closure-175-functioninjector,defects4j,Java,926,926,32251,32334,4755,4766,false,0,0,0,0,0,0,0,0,0,0,0,0,0,0,0,0,0,0,0,0,0,0,0,0,
java-defects4j-closure-18-compiler,defects4j,Java,2493,2493,75213,75190,15386,15380,true,15371,0,9,6,0,0,0,30742,0,18,6,0,0,0,0,15380,15370,10,0,0,0,0,0,0,0
java-defects4j-closure-19-chainablereverseabstractinterpreter,defects4j,Java,707,709,21312,21350,3736,3747,true,3729,0,7,0,0,11,0,7458,0,14,0,0,11,0,0,3736,3735,1,0,0,0,0,0,0,0
java-defects4j-closure-2-typecheck,defects4j,Java,2005,2009,70478,70578,13230,13258,false,0,0,0,0,0,0,0,0,0,0,0,0,0,0,0,0,0,0,0,0,0,0,0,0,
java-defects4j-closure-20-peepholesubstitutealternatesyntax,defects4j,Java,1721,1722,55860,55933,10886,10908,false,0,0,0,0,0,0,0,0,0,0,0,0,0,0,0,0,0,0,0,0,0,0,0,0,
java-defects4j-closure-21-checksideeffects,defects4j,Java,213,196,7162,6505,1436,1208,false,0,0,0,0,0,0,0,0,0,0,0,0,0,0,0,0,0,0,0,0,0,0,0,0,
java-defects4j-closure-22-checksideeffects,defects4j,Java,220,196,7470,6505,1542,1208,false,0,0,0,0,0,0,0,0,0,0,0,0,0,0,0,0,0,0,0,0,0,0,0,0,
java-defects4j-closure-23-peepholefoldconstants,defects4j,Java,1536,1542,43253,43360,10026,10054,false,0,0,0,0,0,0,0,0,0,0,0,0,0,0,0,0,0,0,0,0,0,0,0,0,
java-defects4j-closure-24-scopedaliases,defects4j,Java,412,413,13659,13743,2878,2910,false,0,0,0,0,0,0,0,0,0,0,0,0,0,0,0,0,0,0,0,0,0,0,0,0,
java-defects4j-closure-25-typeinference,defects4j,Java,1400,1398,49448,49374,9642,9604,false,0,0,0,0,0,0,0,0,0,0,0,0,0,0,0,0,0,0,0,0,0,0,0,0,
java-defects4j-closure-26-processcommonjsmodules,defects4j,Java,276,281,9253,9437,1971,2022,false,0,0,0,0,0,0,0,0,0,0,0,0,0,0,0,0,0,0,0,0,0,0,0,0,
java-defects4j-closure-27-ir,defects4j,Java,582,585,16669,16764,4503,4533,false,0,0,0,0,0,0,0,0,0,0,0,0,0,0,0,0,0,0,0,0,0,0,0,0,
java-defects4j-closure-28-inlinecostestimator,defects4j,Java,103,107,2678,2753,412,439,true,407,0,5,0,0,0,1,814,0,10,0,0,0,27,0,412,412,0,0,0,0,0,0,0,0
java-defects4j-closure-29-inlineobjectliterals,defects4j,Java,456,466,16304,16712,2916,3023,false,0,0,0,0,0,0,0,0,0,0,0,0,0,0,0,0,0,0,0,0,0,0,0,0,
java-defects4j-closure-3-flowsensitiveinlinevariables,defects4j,Java,533,539,18227,18511,3137,3208,false,0,0,0,0,0,0,0,0,0,0,0,0,0,0,0,0,0,0,0,0,0,0,0,0,
java-defects4j-closure-30-flowsensitiveinlinevariables,defects4j,Java,492,492,16469,16483,2870,2872,true,2861,1,8,0,0,2,0,5722,2,16,0,0,2,0,0,2870,2870,0,0,0,0,0,0,0,0
java-defects4j-closure-30-mustbereachingvariabledef,defects4j,Java,438,446,14134,14304,2963,2995,false,0,0,0,0,0,0,0,0,0,0,0,0,0,0,0,0,0,0,0,0,0,0,0,0,
java-defects4j-closure-31-compiler,defects4j,Java,2433,2432,73669,73633,15065,15057,true,15047,0,9,1,1,0,0,30097,0,18,1,6,0,0,3,15056,15046,10,0,0,0,1,0,0,2
java-defects4j-closure-32-jsdocinfoparser,defects4j,Java,2350,2362,75264,75756,14268,14405,false,0,0,0,0,0,0,0,0,0,0,0,0,0,0,0,0,0,0,0,0,0,0,0,0,
java-defects4j-closure-33-prototypeobjecttype,defects4j,Java,581,584,17679,17729,3302,3318,false,0,0,0,0,0,0,0,0,0,0,0,0,0,0,0,0,0,0,0,0,0,0,0,0,
java-defects4j-closure-34-codegenerator,defects4j,Java,1230,1228,37764,37735,9007,8994,false,0,0,0,0,0,0,0,0,0,0,0,0,0,0,0,0,0,0,0,0,0,0,0,0,
java-defects4j-closure-34-codeprinter,defects4j,Java,721,721,22124,22147,3399,3412,true,3387,0,11,0,0,3,1,6778,0,22,0,0,3,8,4,3398,3391,7,0,0,0,1,0,0,0
java-defects4j-closure-35-typeinference,defects4j,Java,1413,1400,50179,49592,9840,9703,false,0,0,0,0,0,0,0,0,0,0,0,0,0,0,0,0,0,0,0,0,0,0,0,0,
java-defects4j-closure-36-inlinevariables,defects4j,Java,724,727,25641,25753,4538,4561,false,0,0,0,0,0,0,0,0,0,0,0,0,0,0,0,0,0,0,0,0,0,0,0,0,
java-defects4j-closure-37-irfactory,defects4j,Java,1321,1325,46590,46714,11762,11804,false,0,0,0,0,0,0,0,0,0,0,0,0,0,0,0,0,0,0,0,0,0,0,0,0,
java-defects4j-closure-37-nodetraversal,defects4j,Java,684,684,19233,19239,3676,3678,true,3668,0,8,0,0,2,0,7336,0,16,0,0,2,0,0,3676,3676,0,0,0,0,0,0,0,0
java-defects4j-closure-38-codeconsumer,defects4j,Java,300,300,7059,7077,1341,1347,true,1332,0,8,0,0,5,0,2667,0,16,0,0,5,0,3,1340,1337,0,3,0,0,1,0,0,0
java-defects4j-closure-39-prototypeobjecttype,defects4j,Java,553,553,16626,16688,3143,3157,false,0,0,0,0,0,0,0,0,0,0,0,0,0,0,0,0,0,0,0,0,0,0,0,0,
java-defects4j-closure-4-namedtype,defects4j,Java,400,400,13389,13377,2074,2074,false,0,0,0,0,0,0,0,0,0,0,0,0,0,0,0,0,0,0,0,0,0,0,0,0,
java-defects4j-closure-40-nameanalyzer,defects4j,Java,1804,1802,59197,59154,10712,10700,false,0,0,0,0,0,0,0,0,0,0,0,0,0,0,0,0,0,0,0,0,0,0,0,0,
java-defects4j-closure-41-functiontypebuilder,defects4j,Java,840,849,27995,28302,5155,5236,false,0,0,0,0,0,0,0,0,0,0,0,0,0,0,0,0,0,0,0,0,0,0,0,0,
java-defects4j-closure-42-irfactory,defects4j,Java,1311,1318,46161,46416,11694,11759,false,0,0,0,0,0,0,0,0,0,0,0,0,0,0,0,0,0,0,0,0,0,0,0,0,
java-defects4j-closure-43-typedscopecreator,defects4j,Java,1953,1970,72414,73015,13075,13226,false,0,0,0,0,0,0,0,0,0,0,0,0,0,0,0,0,0,0,0,0,0,0,0,0,
java-defects4j-closure-44-codeconsumer,defects4j,Java,297,299,6948,7018,1300,1334,true,1293,0,7,0,0,34,0,2586,0,14,0,0,34,0,0,1300,1295,5,0,0,0,0,0,0,2
java-defects4j-closure-45-removeunusedvars,defects4j,Java,974,978,33920,34071,5537,5561,false,0,0,0,0,0,0,0,0,0,0,0,0,0,0,0,0,0,0,0,0,0,0,0,0,
java-defects4j-closure-46-recordtype,defects4j,Java,297,281,10359,9769,1692,1533,false,0,0,0,0,0,0,0,0,0,0,0,0,0,0,0,0,0,0,0,0,0,0,0,0,
java-defects4j-closure-47-sourcemap,defects4j,Java,204,209,6054,6237,1152,1187,false,0,0,0,0,0,0,0,0,0,0,0,0,0,0,0,0,0,0,0,0,0,0,0,0,
java-defects4j-closure-47-sourcemapconsumerv3,defects4j,Java,724,724,21906,21914,4735,4741,false,0,0,0,0,0,0,0,0,0,0,0,0,0,0,0,0,0,0,0,0,0,0,0,0,
java-defects4j-closure-48-typedscopecreator,defects4j,Java,1918,1921,71584,71685,12998,13021,false,0,0,0,0,0,0,0,0,0,0,0,0,0,0,0,0,0,0,0,0,0,0,0,0,
java-defects4j-closure-49-makedeclarednamesunique,defects4j,Java,588,594,17676,17779,3435,3464,false,0,0,0,0,0,0,0,0,0,0,0,0,0,0,0,0,0,0,0,0,0,0,0,0,
java-defects4j-closure-5-inlineobjectliterals,defects4j,Java,469,472,16864,16938,3025,3044,false,0,0,0,0,0,0,0,0,0,0,0,0,0,0,0,0,0,0,0,0,0,0,0,0,
java-defects4j-closure-50-peepholereplaceknownmethods,defects4j,Java,645,650,19877,20065,4625,4700,false,0,0,0,0,0,0,0,0,0,0,0,0,0,0,0,0,0,0,0,0,0,0,0,0,
java-defects4j-closure-51-codeconsumer,defects4j,Java,289,292,6658,6780,1246,1295,false,0,0,0,0,0,0,0,0,0,0,0,0,0,0,0,0,0,0,0,0,0,0,0,0,
java-defects4j-closure-52-codegenerator,defects4j,Java,1210,1210,37654,37676,8909,8922,true,8902,0,7,0,0,2,1,17804,0,14,0,0,2,11,0,8909,8906,3,0,0,0,0,0,0,0
java-defects4j-closure-53-inlineobjectliterals,defects4j,Java,439,443,15993,16089,2993,3027,false,0,0,0,0,0,0,0,0,0,0,0,0,0,0,0,0,0,0,0,0,0,0,0,0,
java-defects4j-closure-54-functiontype,defects4j,Java,1100,1103,35468,35571,6241,6264,false,0,0,0,0,0,0,0,0,0,0,0,0,0,0,0,0,0,0,0,0,0,0,0,0,
java-defects4j-closure-54-typedscopecreator,defects4j,Java,1774,1780,66478,66794,12277,12355,false,0,0,0,0,0,0,0,0,0,0,0,0,0,0,0,0,0,0,0,0,0,0,0,0,
java-defects4j-closure-55-functionrewriter,defects4j,Java,538,539,16225,16275,2770,2788,false,0,0,0,0,0,0,0,0,0,0,0,0,0,0,0,0,0,0,0,0,0,0,0,0,
java-defects4j-closure-56-sourcefile,defects4j,Java,483,487,14089,14191,2514,2555,false,0,0,0,0,0,0,0,0,0,0,0,0,0,0,0,0,0,0,0,0,0,0,0,0,
java-defects4j-closure-57-closurecodingconvention,defects4j,Java,403,403,12726,12762,2587,2602,true,2573,0,14,0,0,2,1,5146,0,28,0,0,2,13,0,2587,2584,3,0,0,0,0,0,0,0
java-defects4j-closure-58-livevariablesanalysis,defects4j,Java,297,301,9334,9460,2029,2063,false,0,0,0,0,0,0,0,0,0,0,0,0,0,0,0,0,0,0,0,0,0,0,0,0,
java-defects4j-closure-59-compiler,defects4j,Java,2056,2057,60995,61054,12448,12463,false,0,0,0,0,0,0,0,0,0,0,0,0,0,0,0,0,0,0,0,0,0,0,0,0,
java-defects4j-closure-6-typevalidator,defects4j,Java,840,832,31106,30710,5412,5284,false,0,0,0,0,0,0,0,0,0,0,0,0,0,0,0,0,0,0,0,0,0,0,0,0,
java-defects4j-closure-60-nodeutil,defects4j,Java,3022,3027,89879,90016,18548,18588,false,0,0,0,0,0,0,0,0,0,0,0,0,0,0,0,0,0,0,0,0,0,0,0,0,
java-defects4j-closure-61-nodeutil,defects4j,Java,3011,3017,89565,89782,18488,18557,false,0,0,0,0,0,0,0,0,0,0,0,0,0,0,0,0,0,0,0,0,0,0,0,0,
java-defects4j-closure-62-lightweightmessageformatter,defects4j,Java,177,177,5282,5283,1178,1178,true,1166,0,12,0,0,0,0,2332,0,24,0,0,0,0,0,1178,1178,0,0,0,0,0,0,0,0
java-defects4j-closure-64-compiler,defects4j,Java,2011,2011,59482,59541,12137,12151,false,0,0,0,0,0,0,0,0,0,0,0,0,0,0,0,0,0,0,0,0,0,0,0,0,
java-defects4j-closure-65-codegenerator,defects4j,Java,1210,1210,37652,37654,8909,8909,true,8894,1,14,0,0,0,0,17788,2,28,0,0,0,0,0,8909,8909,0,0,0,0,0,0,0,0
java-defects4j-closure-66-typecheck,defects4j,Java,1924,1926,66930,66975,12577,12587,true,12567,0,10,0,0,4,1,25134,0,20,0,0,4,6,0,12577,12577,0,0,0,0,0,0,0,3
java-defects4j-closure-67-analyzeprototypeproperties,defects4j,Java,697,697,22383,22435,4343,4364,true,4331,0,9,0,0,2,1,8668,0,18,0,0,2,19,6,4340,4312,28,0,0,0,1,0,0,3
java-defects4j-closure-68-jsdocinfoparser,defects4j,Java,2304,2306,73439,73499,13828,13844,false,0,0,0,0,0,0,0,0,0,0,0,0,0,0,0,0,0,0,0,0,0,0,0,0,
java-defects4j-closure-69-typecheck,defects4j,Java,1916,1923,66538,66880,12472,12576,false,0,0,0,0,0,0,0,0,0,0,0,0,0,0,0,0,0,0,0,0,0,0,0,0,
java-defects4j-closure-7-chainablereverseabstractinterpreter,defects4j,Java,714,718,21617,21706,3772,3793,false,0,0,0,0,0,0,0,0,0,0,0,0,0,0,0,0,0,0,0,0,0,0,0,0,
java-defects4j-closure-70-typedscopecreator,defects4j,Java,1811,1811,67134,67135,12654,12654,true,12635,0,19,0,0,0,0,25270,0,38,0,0,0,0,0,12654,12654,0,0,0,0,0,0,0,0
java-defects4j-closure-71-checkaccesscontrols,defects4j,Java,642,642,22255,22267,4144,4147,true,4126,0,11,7,0,10,0,8252,0,22,7,0,10,0,0,4137,4137,0,0,0,0,0,0,0,14
java-defects4j-closure-72-functiontoblockmutator,defects4j,Java,447,449,14838,14943,2323,2351,true,2318,0,5,0,0,0,1,4636,0,10,0,0,0,28,0,2323,2323,0,0,0,0,0,0,0,0
java-defects4j-closure-72-renamelabels,defects4j,Java,276,276,8602,8619,1389,1394,true,1380,0,9,0,0,2,1,2760,0,18,0,0,2,3,0,1389,1385,4,0,0,0,0,0,0,0
java-defects4j-closure-73-codegenerator,defects4j,Java,1193,1193,37217,37216,8793,8793,true,8776,0,17,0,0,0,0,17552,0,34,0,0,0,0,0,8793,8793,0,0,0,0,0,0,0,0
java-defects4j-closure-74-peepholefoldconstants,defects4j,Java,1705,1718,50294,50639,12035,12128,false,0,0,0,0,0,0,0,0,0,0,0,0,0,0,0,0,0,0,0,0,0,0,0,0,
java-defects4j-closure-75-nodeutil,defects4j,Java,2983,2986,88289,88399,18282,18306,false,0,0,0,0,0,0,0,0,0,0,0,0,0,0,0,0,0,0,0,0,0,0,0,0,
java-defects4j-closure-76-deadassignmentselimination,defects4j,Java,401,432,14107,15237,2607,2880,false,0,0,0,0,0,0,0,0,0,0,0,0,0,0,0,0,0,0,0,0,0,0,0,0,
java-defects4j-closure-77-codegenerator,defects4j,Java,1160,1161,36354,36398,8548,8570,true,8539,0,9,0,0,0,1,17078,0,18,0,0,0,22,0,8548,8548,0,0,0,0,0,0,0,0
java-defects4j-closure-78-peepholefoldconstants,defects4j,Java,1630,1628,48071,47899,11519,11469,true,11456,0,13,0,2,0,0,22912,0,26,0,50,0,0,0,11469,11469,0,0,0,0,0,0,0,0
java-defects4j-closure-79-normalize,defects4j,Java,779,779,27761,27775,4838,4840,true,4829,1,8,0,0,2,0,9658,2,16,0,0,2,0,0,4838,4838,0,0,0,0,0,0,0,0
java-defects4j-closure-79-varcheck,defects4j,Java,277,278,10039,10072,1742,1751,true,1737,0,5,0,0,0,1,3474,0,10,0,0,0,9,0,1742,1742,0,0,0,0,0,0,0,0
java-defects4j-closure-8-collapsevariabledeclarations,defects4j,Java,246,250,6853,6981,1363,1403,false,0,0,0,0,0,0,0,0,0,0,0,0,0,0,0,0,0,0,0,0,0,0,0,0,
java-defects4j-closure-80-nodeutil,defects4j,Java,2971,2973,87935,87987,18252,18268,true,18240,0,12,0,0,16,0,36480,0,24,0,0,16,0,0,18252,18251,1,0,0,0,0,0,0,1
java-defects4j-closure-81-irfactory,defects4j,Java,1282,1289,48269,48545,13076,13134,false,0,0,0,0,0,0,0,0,0,0,0,0,0,0,0,0,0,0,0,0,0,0,0,0,
java-defects4j-closure-82-jstype,defects4j,Java,1028,1030,32127,32227,3847,3866,false,0,0,0,0,0,0,0,0,0,0,0,0,0,0,0,0,0,0,0,0,0,0,0,0,
java-defects4j-closure-83-commandlinerunner,defects4j,Java,624,627,23026,23104,4296,4318,false,0,0,0,0,0,0,0,0,0,0,0,0,0,0,0,0,0,0,0,0,0,0,0,0,
java-defects4j-closure-84-irfactory,defects4j,Java,1216,1243,46097,46932,12538,12750,false,0,0,0,0,0,0,0,0,0,0,0,0,0,0,0,0,0,0,0,0,0,0,0,0,
java-defects4j-closure-85-unreachablecodeelimination,defects4j,Java,236,230,8284,7932,1519,1429,false,0,0,0,0,0,0,0,0,0,0,0,0,0,0,0,0,0,0,0,0,0,0,0,0,
java-defects4j-closure-86-nodeutil,defects4j,Java,2533,2533,75861,75862,15042,15042,true,15032,0,10,0,0,0,0,30064,0,20,0,0,0,0,0,15042,15042,0,0,0,0,0,0,0,0
java-defects4j-closure-87-peepholesubstitutealternatesyntax,defects4j,Java,1085,1097,35821,36293,6752,6892,false,0,0,0,0,0,0,0,0,0,0,0,0,0,0,0,0,0,0,0,0,0,0,0,0,
java-defects4j-closure-88-deadassignmentselimination,defects4j,Java,348,354,12230,12491,2265,2339,false,0,0,0,0,0,0,0,0,0,0,0,0,0,0,0,0,0,0,0,0,0,0,0,0,
java-defects4j-closure-89-collapseproperties,defects4j,Java,853,856,31080,31219,5070,5112,false,0,0,0,0,0,0,0,0,0,0,0,0,0,0,0,0,0,0,0,0,0,0,0,0,
java-defects4j-closure-89-globalnamespace,defects4j,Java,1080,1080,33698,33673,6046,6037,true,6027,0,9,3,2,0,0,12057,0,18,3,5,0,0,3,6036,6033,3,0,0,0,1,0,0,0
java-defects4j-closure-9-processcommonjsmodules,defects4j,Java,286,287,9629,9652,2009,2025,false,0,0,0,0,0,0,0,0,0,0,0,0,0,0,0,0,0,0,0,0,0,0,0,0,
java-defects4j-closure-90-functiontype,defects4j,Java,945,948,30678,30791,5527,5551,false,0,0,0,0,0,0,0,0,0,0,0,0,0,0,0,0,0,0,0,0,0,0,0,0,
java-defects4j-closure-90-functiontypebuilder,defects4j,Java,727,727,25829,25860,4681,4687,true,4670,0,10,0,0,5,0,9343,0,20,0,0,5,0,3,4680,4679,1,0,0,0,1,0,0,0
java-defects4j-closure-91-checkglobalthis,defects4j,Java,194,203,6137,6473,943,1034,false,0,0,0,0,0,0,0,0,0,0,0,0,0,0,0,0,0,0,0,0,0,0,0,0,
java-defects4j-closure-92-processclosureprimitives,defects4j,Java,916,916,32465,32469,6249,6249,true,6234,1,14,0,0,0,0,12468,2,28,0,0,0,0,0,6249,6249,0,0,0,0,0,0,0,0
java-defects4j-closure-94-nodeutil,defects4j,Java,2322,2341,69799,70298,13768,13937,false,0,0,0,0,0,0,0,0,0,0,0,0,0,0,0,0,0,0,0,0,0,0,0,0,
java-defects4j-closure-95-typedscopecreator,defects4j,Java,1525,1532,55843,56132,10638,10723,false,0,0,0,0,0,0,0,0,0,0,0,0,0,0,0,0,0,0,0,0,0,0,0,0,
java-defects4j-closure-96-typecheck,defects4j,Java,1720,1723,58981,59083,11212,11245,false,0,0,0,0,0,0,0,0,0,0,0,0,0,0,0,0,0,0,0,0,0,0,0,0,
java-defects4j-closure-97-peepholefoldconstants,defects4j,Java,1195,1196,34482,34532,8005,8016,false,0,0,0,0,0,0,0,0,0,0,0,0,0,0,0,0,0,0,0,0,0,0,0,0,
java-defects4j-closure-98-referencecollectingcallback,defects4j,Java,587,606,17193,17804,3034,3222,false,0,0,0,0,0,0,0,0,0,0,0,0,0,0,0,0,0,0,0,0,0,0,0,0,
java-defects4j-closure-99-checkglobalthis,defects4j,Java,184,189,5781,5923,875,922,false,0,0,0,0,0,0,0,0,0,0,0,0,0,0,0,0,0,0,0,0,0,0,0,0,
java-defects4j-codec-1-caverphone,defects4j,Java,183,183,7223,7247,1523,1533,true,1514,0,9,0,0,0,1,3028,0,18,0,0,0,10,0,1523,1523,0,0,0,0,0,0,0,0
java-defects4j-codec-1-metaphone,defects4j,Java,405,405,14406,14430,2644,2654,true,2634,0,10,0,0,0,1,5268,0,20,0,0,0,10,0,2644,2644,0,0,0,0,0,0,0,0
java-defects4j-codec-1-soundexutils,defects4j,Java,123,123,4236,4260,449,459,true,439,0,10,0,0,0,1,878,0,20,0,0,0,10,0,449,449,0,0,0,0,0,0,0,0
java-defects4j-codec-10-caverphone,defects4j,Java,185,185,7248,7248,1528,1528,true,1517,1,10,0,0,0,0,3034,2,20,0,0,0,0,0,1528,1528,0,0,0,0,0,0,0,0
java-defects4j-codec-12-basencodecinputstream,defects4j,Java,158,187,5361,6120,585,814,false,0,0,0,0,0,0,0,0,0,0,0,0,0,0,0,0,0,0,0,0,0,0,0,0,
java-defects4j-codec-13-doublemetaphone,defects4j,Java,1008,1009,35933,35998,8877,8898,false,0,0,0,0,0,0,0,0,0,0,0,0,0,0,0,0,0,0,0,0,0,0,0,0,
java-defects4j-codec-13-stringutils,defects4j,Java,374,386,17391,17836,854,986,false,0,0,0,0,0,0,0,0,0,0,0,0,0,0,0,0,0,0,0,0,0,0,0,0,
java-defects4j-codec-14-lang,defects4j,Java,231,231,9441,9472,1269,1284,false,0,0,0,0,0,0,0,0,0,0,0,0,0,0,0,0,0,0,0,0,0,0,0,0,
java-defects4j-codec-14-phoneticengine,defects4j,Java,519,528,20070,20569,3342,3452,false,0,0,0,0,0,0,0,0,0,0,0,0,0,0,0,0,0,0,0,0,0,0,0,0,
java-defects4j-codec-14-rule,defects4j,Java,713,716,27470,27634,5272,5319,false,0,0,0,0,0,0,0,0,0,0,0,0,0,0,0,0,0,0,0,0,0,0,0,0,
java-defects4j-codec-16-base32,defects4j,Java,539,539,26050,26095,4380,4379,true,4372,0,6,2,0,1,0,8744,0,12,2,0,1,0,0,4378,4378,0,0,0,0,0,0,0,0
java-defects4j-codec-17-stringutils,defects4j,Java,422,422,19468,19467,1082,1081,true,1073,0,6,3,0,2,0,2146,0,12,3,0,2,0,0,1079,1079,0,0,0,0,0,0,0,2
java-defects4j-codec-2-base64,defects4j,Java,896,896,34587,34598,4731,4737,true,4721,0,10,0,0,1,2,9442,0,20,0,0,1,5,0,4731,4728,3,0,0,0,0,0,0,0
java-defects4j-codec-3-doublemetaphone,defects4j,Java,1105,1105,38942,38942,9147,9147,true,9129,1,17,0,0,0,0,18258,2,34,0,0,0,0,0,9147,9147,0,0,0,0,0,0,0,0
java-defects4j-codec-4-base64,defects4j,Java,1055,1055,40640,40636,5050,5050,true,5042,0,8,0,0,0,0,10084,0,16,0,0,0,0,0,5050,5050,0,0,0,0,0,0,0,1
java-defects4j-codec-5-base64,defects4j,Java,1068,1071,41035,41151,5064,5095,false,0,0,0,0,0,0,0,0,0,0,0,0,0,0,0,0,0,0,0,0,0,0,0,0,
java-defects4j-codec-6-base64inputstream,defects4j,Java,190,194,7462,7575,647,673,false,0,0,0,0,0,0,0,0,0,0,0,0,0,0,0,0,0,0,0,0,0,0,0,0,
java-defects4j-codec-7-base64,defects4j,Java,1071,1071,41151,41152,5095,5095,true,5084,0,11,0,0,0,0,10168,0,22,0,0,0,0,0,5095,5095,0,0,0,0,0,0,0,0
java-defects4j-codec-8-base64,defects4j,Java,1032,1025,39485,39268,4923,4857,false,0,0,0,0,0,0,0,0,0,0,0,0,0,0,0,0,0,0,0,0,0,0,0,0,
java-defects4j-codec-8-base64inputstream,defects4j,Java,192,189,7464,7325,671,636,true,622,0,14,0,1,0,0,1244,0,28,0,35,0,0,0,636,636,0,0,0,0,0,0,0,0
java-defects4j-codec-9-base64,defects4j,Java,1061,1061,40879,40895,4919,4924,true,4910,0,9,0,0,5,0,9820,0,18,0,0,5,0,0,4919,4918,1,0,0,0,0,0,0,0
java-defects4j-collections-25-iteratorutils,defects4j,Java,1499,1505,61280,61694,6404,6509,false,0,0,0,0,0,0,0,0,0,0,0,0,0,0,0,0,0,0,0,0,0,0,0,0,
java-defects4j-collections-26-multikey,defects4j,Java,281,281,8936,8938,827,827,true,821,0,6,0,0,0,0,1642,0,12,0,0,0,0,0,827,827,0,0,0,0,0,0,0,0
java-defects4j-collections-27-multivaluemap,defects4j,Java,570,577,20274,20654,3093,3158,false,0,0,0,0,0,0,0,0,0,0,0,0,0,0,0,0,0,0,0,0,0,0,0,0,
java-defects4j-collections-28-abstractpatriciatrie,defects4j,Java,2441,2451,77731,78088,15166,15285,false,0,0,0,0,0,0,0,0,0,0,0,0,0,0,0,0,0,0,0,0,0,0,0,0,
java-defects4j-compress-1-cpioarchiveoutputstream,defects4j,Java,413,414,14004,14031,2778,2787,true,2771,0,7,0,0,0,1,5542,0,14,0,0,0,9,0,2778,2778,0,0,0,0,0,0,0,0
java-defects4j-compress-10-zipfile,defects4j,Java,965,969,35070,35259,4891,4939,false,0,0,0,0,0,0,0,0,0,0,0,0,0,0,0,0,0,0,0,0,0,0,0,0,
java-defects4j-compress-11-archivestreamfactory,defects4j,Java,255,257,10077,10133,1402,1414,true,1395,0,7,0,0,12,0,2790,0,14,0,0,12,0,0,1402,1343,0,59,0,0,0,0,0,2
java-defects4j-compress-12-tararchiveinputstream,defects4j,Java,556,562,18573,18785,2972,3018,false,0,0,0,0,0,0,0,0,0,0,0,0,0,0,0,0,0,0,0,0,0,0,0,0,
java-defects4j-compress-13-ziparchiveentry,defects4j,Java,685,689,22227,22381,3164,3219,false,0,0,0,0,0,0,0,0,0,0,0,0,0,0,0,0,0,0,0,0,0,0,0,0,
java-defects4j-compress-14-tarutils,defects4j,Java,394,387,14471,14297,2016,1968,false,0,0,0,0,0,0,0,0,0,0,0,0,0,0,0,0,0,0,0,0,0,0,0,0,
java-defects4j-compress-15-ziparchiveentry,defects4j,Java,689,689,22145,22132,3151,3150,false,0,0,0,0,0,0,0,0,0,0,0,0,0,0,0,0,0,0,0,0,0,0,0,0,
java-defects4j-compress-16-archivestreamfactory,defects4j,Java,259,260,10237,10283,1416,1428,false,0,0,0,0,0,0,0,0,0,0,0,0,0,0,0,0,0,0,0,0,0,0,0,0,
java-defects4j-compress-17-tarutils,defects4j,Java,623,624,24133,24197,3650,3675,false,0,0,0,0,0,0,0,0,0,0,0,0,0,0,0,0,0,0,0,0,0,0,0,0,
java-defects4j-compress-18-tararchiveoutputstream,defects4j,Java,581,584,21748,21852,3465,3508,false,0,0,0,0,0,0,0,0,0,0,0,0,0,0,0,0,0,0,0,0,0,0,0,0,
java-defects4j-compress-19-zip64extendedinformationextrafield,defects4j,Java,357,357,13305,13304,1627,1627,true,1616,0,11,0,0,0,0,3232,0,22,0,0,0,0,0,1627,1627,0,0,0,0,0,0,0,0
java-defects4j-compress-2-ararchiveinputstream,defects4j,Java,182,207,5368,6246,1195,1430,false,0,0,0,0,0,0,0,0,0,0,0,0,0,0,0,0,0,0,0,0,0,0,0,0,
java-defects4j-compress-20-cpioarchiveinputstream,defects4j,Java,525,525,17080,17222,3364,3407,false,0,0,0,0,0,0,0,0,0,0,0,0,0,0,0,0,0,0,0,0,0,0,0,0,
java-defects4j-compress-21-sevenzoutputfile,defects4j,Java,682,681,23933,23900,5498,5489,false,0,0,0,0,0,0,0,0,0,0,0,0,0,0,0,0,0,0,0,0,0,0,0,0,
java-defects4j-compress-22-bzip2compressorinputstream,defects4j,Java,1047,1035,33697,33330,7949,7865,false,0,0,0,0,0,0,0,0,0,0,0,0,0,0,0,0,0,0,0,0,0,0,0,0,
java-defects4j-compress-23-coders,defects4j,Java,278,278,11836,11844,2377,2380,true,2364,0,12,0,0,2,0,4731,0,24,0,0,2,0,3,2376,2354,22,0,0,0,1,0,0,5
java-defects4j-compress-24-tarutils,defects4j,Java,633,630,24655,24563,3667,3633,false,0,0,0,0,0,0,0,0,0,0,0,0,0,0,0,0,0,0,0,0,0,0,0,0,
java-defects4j-compress-25-ziparchiveinputstream,defects4j,Java,1073,1074,38769,38791,6715,6725,true,6710,0,5,0,0,0,1,13420,0,10,0,0,0,10,0,6715,6715,0,0,0,0,0,0,0,0
java-defects4j-compress-26-ioutils,defects4j,Java,192,203,6456,6847,682,779,true,677,0,5,0,0,0,1,1354,0,10,0,0,0,97,0,682,682,0,0,0,0,0,0,0,0
java-defects4j-compress-27-tarutils,defects4j,Java,630,626,24563,24398,3633,3598,false,0,0,0,0,0,0,0,0,0,0,0,0,0,0,0,0,0,0,0,0,0,0,0,0,
java-defects4j-compress-28-tararchiveinputstream,defects4j,Java,689,692,23608,23723,3464,3489,false,0,0,0,0,0,0,0,0,0,0,0,0,0,0,0,0,0,0,0,0,0,0,0,0,
java-defects4j-compress-29-archivestreamfactory,defects4j,Java,407,415,15889,16197,2173,2229,false,0,0,0,0,0,0,0,0,0,0,0,0,0,0,0,0,0,0,0,0,0,0,0,0,
java-defects4j-compress-29-cpioarchiveinputstream,defects4j,Java,564,566,18675,18736,3524,3540,true,3519,0,5,0,0,0,2,7038,0,10,0,0,0,16,0,3524,3524,0,0,0,0,0,0,0,0
java-defects4j-compress-29-cpioarchiveoutputstream,defects4j,Java,560,562,19176,19237,3586,3602,true,3581,0,5,0,0,0,2,7162,0,10,0,0,0,16,0,3586,3586,0,0,0,0,0,0,0,0
java-defects4j-compress-29-dumparchiveinputstream,defects4j,Java,554,556,17462,17523,3281,3297,true,3276,0,5,0,0,0,2,6552,0,10,0,0,0,16,0,3281,3281,0,0,0,0,0,0,0,0
java-defects4j-compress-29-tararchiveinputstream,defects4j,Java,722,724,24622,24683,3544,3560,true,3539,0,5,0,0,0,2,7078,0,10,0,0,0,16,0,3544,3544,0,0,0,0,0,0,0,0
java-defects4j-compress-29-tararchiveoutputstream,defects4j,Java,700,702,26378,26439,4136,4152,true,4131,0,5,0,0,0,2,8262,0,10,0,0,0,16,0,4136,4136,0,0,0,0,0,0,0,0
java-defects4j-compress-29-ziparchiveinputstream,defects4j,Java,1080,1082,38952,39013,6716,6732,true,6711,0,5,0,0,0,2,13422,0,10,0,0,0,16,0,6716,6716,0,0,0,0,0,0,0,0
java-defects4j-compress-3-tararchiveoutputstream,defects4j,Java,319,325,11413,11650,1429,1472,false,0,0,0,0,0,0,0,0,0,0,0,0,0,0,0,0,0,0,0,0,0,0,0,0,
java-defects4j-compress-30-bzip2compressorinputstream,defects4j,Java,1035,1038,33313,33369,7862,7878,false,0,0,0,0,0,0,0,0,0,0,0,0,0,0,0,0,0,0,0,0,0,0,0,0,
java-defects4j-compress-31-tarutils,defects4j,Java,628,625,24420,24347,3590,3575,false,0,0,0,0,0,0,0,0,0,0,0,0,0,0,0,0,0,0,0,0,0,0,0,0,
java-defects4j-compress-32-tararchiveinputstream,defects4j,Java,724,724,24683,24679,3560,3560,false,0,0,0,0,0,0,0,0,0,0,0,0,0,0,0,0,0,0,0,0,0,0,0,0,
java-defects4j-compress-33-compressorstreamfactory,defects4j,Java,374,377,14534,14693,1703,1731,false,0,0,0,0,0,0,0,0,0,0,0,0,0,0,0,0,0,0,0,0,0,0,0,0,
java-defects4j-compress-33-deflatecompressorinputstream,defects4j,Java,106,118,3192,3754,394,559,true,391,0,3,0,0,0,6,782,0,6,0,0,0,165,0,394,394,0,0,0,0,0,0,0,0
java-defects4j-compress-34-newunix,defects4j,Java,345,346,12291,12329,1417,1430,false,0,0,0,0,0,0,0,0,0,0,0,0,0,0,0,0,0,0,0,0,0,0,0,0,
java-defects4j-compress-35-tarutils,defects4j,Java,615,610,23692,23527,3567,3516,false,0,0,0,0,0,0,0,0,0,0,0,0,0,0,0,0,0,0,0,0,0,0,0,0,
java-defects4j-compress-36-sevenzfile,defects4j,Java,1011,1014,41052,41183,8758,8800,false,0,0,0,0,0,0,0,0,0,0,0,0,0,0,0,0,0,0,0,0,0,0,0,0,
java-defects4j-compress-37-tararchiveinputstream,defects4j,Java,764,766,26777,26893,3960,3978,false,0,0,0,0,0,0,0,0,0,0,0,0,0,0,0,0,0,0,0,0,0,0,0,0,
java-defects4j-compress-38-tararchiveentry,defects4j,Java,1253,1253,38572,38614,5024,5042,true,5017,0,7,0,0,5,3,10034,0,14,0,0,5,13,0,5024,5009,15,0,0,0,0,0,0,0
java-defects4j-compress-39-archiveutils,defects4j,Java,290,297,10240,10623,1479,1576,false,0,0,0,0,0,0,0,0,0,0,0,0,0,0,0,0,0,0,0,0,0,0,0,0,
java-defects4j-compress-4-changesetperformer,defects4j,Java,178,179,6527,6549,1102,1111,true,1097,0,5,0,0,0,1,2194,0,10,0,0,0,9,0,1102,1102,0,0,0,0,0,0,0,0
java-defects4j-compress-4-cpioarchiveoutputstream,defects4j,Java,389,388,13515,13488,2625,2616,true,2609,0,7,0,1,0,0,5218,0,14,0,9,0,0,0,2616,2616,0,0,0,0,0,0,0,0
java-defects4j-compress-4-tararchiveoutputstream,defects4j,Java,323,322,11531,11509,1472,1465,true,1458,0,7,0,1,0,0,2916,0,14,0,7,0,0,0,1465,1465,0,0,0,0,0,0,0,0
java-defects4j-compress-4-ziparchiveoutputstream,defects4j,Java,918,917,28984,28966,4720,4713,true,4708,0,5,0,1,0,0,9416,0,10,0,7,0,0,0,4713,4713,0,0,0,0,0,0,0,0
java-defects4j-compress-40-bitinputstream,defects4j,Java,110,137,3845,4959,524,771,false,0,0,0,0,0,0,0,0,0,0,0,0,0,0,0,0,0,0,0,0,0,0,0,0,
java-defects4j-compress-41-ziparchiveinputstream,defects4j,Java,1129,1130,41453,41557,7077,7105,false,0,0,0,0,0,0,0,0,0,0,0,0,0,0,0,0,0,0,0,0,0,0,0,0,
java-defects4j-compress-42-unixstat,defects4j,Java,67,68,1920,1954,99,107,true,96,0,3,0,0,0,1,192,0,6,0,0,0,8,0,99,99,0,0,0,0,0,0,0,0
java-defects4j-compress-42-ziparchiveentry,defects4j,Java,860,860,28440,28445,4076,4076,true,4065,1,10,0,0,0,0,8130,2,20,0,0,0,0,0,4076,4076,0,0,0,0,0,0,0,0
java-defects4j-compress-43-ziparchiveoutputstream,defects4j,Java,1686,1686,63779,63819,9748,9761,false,0,0,0,0,0,0,0,0,0,0,0,0,0,0,0,0,0,0,0,0,0,0,0,0,
java-defects4j-compress-44-checksumcalculatinginputstream,defects4j,Java,99,105,2931,3171,390,440,true,385,0,5,0,0,0,2,770,0,10,0,0,0,50,0,390,390,0,0,0,0,0,0,0,0
java-defects4j-compress-45-tarutils,defects4j,Java,616,617,24009,24030,3636,3640,false,0,0,0,0,0,0,0,0,0,0,0,0,0,0,0,0,0,0,0,0,0,0,0,0,
java-defects4j-compress-46-extendedtimestamp,defects4j,Java,600,599,21606,21593,2273,2275,false,0,0,0,0,0,0,0,0,0,0,0,0,0,0,0,0,0,0,0,0,0,0,0,0,
java-defects4j-compress-47-ziparchiveinputstream,defects4j,Java,1164,1177,43014,43744,7307,7459,false,0,0,0,0,0,0,0,0,0,0,0,0,0,0,0,0,0,0,0,0,0,0,0,0,
java-defects4j-compress-5-ziparchiveinputstream,defects4j,Java,346,350,11430,11590,2347,2381,false,0,0,0,0,0,0,0,0,0,0,0,0,0,0,0,0,0,0,0,0,0,0,0,0,
java-defects4j-compress-6-ziparchiveentry,defects4j,Java,471,474,14799,14903,2247,2273,false,0,0,0,0,0,0,0,0,0,0,0,0,0,0,0,0,0,0,0,0,0,0,0,0,
java-defects4j-compress-7-tarutils,defects4j,Java,261,262,9319,9389,1236,1248,false,0,0,0,0,0,0,0,0,0,0,0,0,0,0,0,0,0,0,0,0,0,0,0,0,
java-defects4j-compress-9-tararchiveoutputstream,defects4j,Java,359,367,12465,12661,1693,1748,false,0,0,0,0,0,0,0,0,0,0,0,0,0,0,0,0,0,0,0,0,0,0,0,0,
java-defects4j-csv-1-extendedbufferedreader,defects4j,Java,161,161,4678,4719,593,608,true,585,0,7,0,0,14,0,1173,0,14,0,0,14,0,3,592,589,0,0,3,0,1,0,0,0
java-defects4j-csv-10-csvprinter,defects4j,Java,440,443,14830,14943,2369,2411,false,0,0,0,0,0,0,0,0,0,0,0,0,0,0,0,0,0,0,0,0,0,0,0,0,
java-defects4j-csv-11-csvparser,defects4j,Java,507,507,17891,17909,2162,2168,true,2149,0,13,0,0,6,0,4298,0,26,0,0,6,0,0,2162,2149,13,0,0,0,0,0,0,0
java-defects4j-csv-12-csvformat,defects4j,Java,1010,1010,36794,36828,3792,3799,true,3786,0,6,0,0,7,0,7572,0,12,0,0,7,0,0,3792,3785,7,0,0,0,0,0,0,0
java-defects4j-csv-13-csvformat,defects4j,Java,1290,1290,46623,46645,4783,4794,true,4773,0,5,0,0,10,0,9557,0,10,0,0,10,0,11,4778,4747,31,0,0,0,1,0,0,0
java-defects4j-csv-13-csvprinter,defects4j,Java,520,522,17356,17424,2471,2494,false,0,0,0,0,0,0,0,0,0,0,0,0,0,0,0,0,0,0,0,0,0,0,0,0,
java-defects4j-csv-14-csvformat,defects4j,Java,1814,1814,65392,65398,7156,7156,true,7125,0,31,0,0,0,0,14250,0,62,0,0,0,0,0,7156,7156,0,0,0,0,0,0,0,6
java-defects4j-csv-15-csvformat,defects4j,Java,1979,1977,70689,70541,7583,7528,false,0,0,0,0,0,0,0,0,0,0,0,0,0,0,0,0,0,0,0,0,0,0,0,0,
java-defects4j-csv-16-csvparser,defects4j,Java,625,629,22342,22512,2633,2658,false,0,0,0,0,0,0,0,0,0,0,0,0,0,0,0,0,0,0,0,0,0,0,0,0,
java-defects4j-csv-2-csvrecord,defects4j,Java,167,174,5054,5376,598,649,true,593,0,5,0,0,5,1,1186,0,10,0,0,5,46,0,598,576,0,22,0,0,0,0,0,0
java-defects4j-csv-3-lexer,defects4j,Java,181,184,6127,6263,966,1008,false,0,0,0,0,0,0,0,0,0,0,0,0,0,0,0,0,0,0,0,0,0,0,0,0,
java-defects4j-csv-4-csvparser,defects4j,Java,463,463,15734,15766,1954,1965,true,1948,0,6,0,0,11,0,3896,0,12,0,0,11,0,0,1954,1937,17,0,0,0,0,0,0,0
java-defects4j-csv-5-csvprinter,defects4j,Java,428,430,14350,14399,2332,2344,true,2327,0,5,0,0,12,0,4654,0,10,0,0,12,0,0,2332,2322,0,10,0,0,0,0,0,0
java-defects4j-csv-6-csvrecord,defects4j,Java,225,227,6782,6835,931,946,true,924,0,7,0,0,15,0,1848,0,14,0,0,15,0,0,931,909,0,22,0,0,0,0,0,0
java-defects4j-csv-7-csvparser,defects4j,Java,489,493,16632,16860,2017,2070,false,0,0,0,0,0,0,0,0,0,0,0,0,0,0,0,0,0,0,0,0,0,0,0,0,
java-defects4j-csv-8-csvformat,defects4j,Java,904,903,32240,32187,3651,3633,false,0,0,0,0,0,0,0,0,0,0,0,0,0,0,0,0,0,0,0,0,0,0,0,0,
java-defects4j-csv-9-csvrecord,defects4j,Java,227,230,6822,6887,942,958,false,0,0,0,0,0,0,0,0,0,0,0,0,0,0,0,0,0,0,0,0,0,0,0,0,
java-defects4j-gson-1-typeinfofactory,defects4j,Java,134,175,5528,7398,950,1419,false,0,0,0,0,0,0,0,0,0,0,0,0,0,0,0,0,0,0,0,0,0,0,0,0,
java-defects4j-gson-10-reflectivetypeadapterfactory,defects4j,Java,251,251,9274,9311,2349,2354,false,0,0,0,0,0,0,0,0,0,0,0,0,0,0,0,0,0,0,0,0,0,0,0,0,
java-defects4j-gson-11-typeadapters,defects4j,Java,924,925,31106,31125,8969,8974,true,8957,0,12,0,0,5,0,17914,0,24,0,0,5,0,0,8969,8969,0,0,0,0,0,0,0,10
java-defects4j-gson-12-jsontreereader,defects4j,Java,316,320,9802,9868,2815,2839,false,0,0,0,0,0,0,0,0,0,0,0,0,0,0,0,0,0,0,0,0,0,0,0,0,
java-defects4j-gson-13-jsonreader,defects4j,Java,1622,1622,50392,50425,9222,9237,true,9212,0,7,0,0,1,1,18431,0,14,0,0,1,13,7,9219,9200,19,0,0,0,1,0,0,0
java-defects4j-gson-14-gson-types,defects4j,Java,591,599,20958,21200,4651,4721,false,0,0,0,0,0,0,0,0,0,0,0,0,0,0,0,0,0,0,0,0,0,0,0,0,
java-defects4j-gson-15-jsonwriter,defects4j,Java,659,659,18929,18943,2892,2900,true,2885,0,7,0,0,8,0,5770,0,14,0,0,8,0,0,2892,2874,0,18,0,0,0,0,0,0
java-defects4j-gson-16-gson-types,defects4j,Java,601,606,21513,21677,4757,4791,false,0,0,0,0,0,0,0,0,0,0,0,0,0,0,0,0,0,0,0,0,0,0,0,0,
java-defects4j-gson-17-defaultdatetypeadapter,defects4j,Java,138,139,4720,4685,1139,1139,false,0,0,0,0,0,0,0,0,0,0,0,0,0,0,0,0,0,0,0,0,0,0,0,0,
java-defects4j-gson-18-gson-types,defects4j,Java,607,610,21791,21901,4792,4827,false,0,0,0,0,0,0,0,0,0,0,0,0,0,0,0,0,0,0,0,0,0,0,0,0,
java-defects4j-gson-2-typeadapters,defects4j,Java,841,853,27521,28072,7948,8102,false,0,0,0,0,0,0,0,0,0,0,0,0,0,0,0,0,0,0,0,0,0,0,0,0,
java-defects4j-gson-3-constructorconstructor,defects4j,Java,220,236,7682,8368,1879,2073,false,0,0,0,0,0,0,0,0,0,0,0,0,0,0,0,0,0,0,0,0,0,0,0,0,
java-defects4j-gson-4-jsonreader,defects4j,Java,1623,1617,51050,50936,9598,9560,false,0,0,0,0,0,0,0,0,0,0,0,0,0,0,0,0,0,0,0,0,0,0,0,0,
java-defects4j-gson-4-jsonwriter,defects4j,Java,648,644,18823,18632,2855,2815,false,0,0,0,0,0,0,0,0,0,0,0,0,0,0,0,0,0,0,0,0,0,0,0,0,
java-defects4j-gson-5-iso8601utils,defects4j,Java,351,352,14474,14578,2578,2604,true,2568,0,10,0,0,0,1,5136,0,20,0,0,0,26,0,2578,2578,0,0,0,0,0,0,0,0
java-defects4j-gson-6-jsonadapterannotationtypeadapterfactory,defects4j,Java,70,72,2775,2812,524,536,true,519,0,5,0,0,12,0,1038,0,10,0,0,12,0,0,524,512,0,12,0,0,0,0,0,0
java-defects4j-gson-7-jsonreader,defects4j,Java,1617,1625,50940,51190,9560,9624,false,0,0,0,0,0,0,0,0,0,0,0,0,0,0,0,0,0,0,0,0,0,0,0,0,
java-defects4j-gson-8-unsafeallocator,defects4j,Java,110,123,3795,4352,678,826,false,0,0,0,0,0,0,0,0,0,0,0,0,0,0,0,0,0,0,0,0,0,0,0,0,
java-defects4j-gson-9-jsontreewriter,defects4j,Java,201,208,5797,5982,1453,1511,false,0,0,0,0,0,0,0,0,0,0,0,0,0,0,0,0,0,0,0,0,0,0,0,0,
java-defects4j-gson-9-jsonwriter,defects4j,Java,650,659,18704,18929,2816,2892,false,0,0,0,0,0,0,0,0,0,0,0,0,0,0,0,0,0,0,0,0,0,0,0,0,
java-defects4j-gson-9-typeadapters,defects4j,Java,928,924,31224,31148,9007,8983,false,0,0,0,0,0,0,0,0,0,0,0,0,0,0,0,0,0,0,0,0,0,0,0,0,
java-defects4j-jacksoncore-1-numberinput,defects4j,Java,308,319,10605,11026,2258,2357,false,0,0,0,0,0,0,0,0,0,0,0,0,0,0,0,0,0,0,0,0,0,0,0,0,
java-defects4j-jacksoncore-1-textbuffer,defects4j,Java,717,717,22057,22116,3398,3422,false,0,0,0,0,0,0,0,0,0,0,0,0,0,0,0,0,0,0,0,0,0,0,0,0,
java-defects4j-jacksoncore-10-bytequadscanonicalizer,defects4j,Java,1265,1267,44118,44215,7642,7669,false,0,0,0,0,0,0,0,0,0,0,0,0,0,0,0,0,0,0,0,0,0,0,0,0,
java-defects4j-jacksoncore-11-bytequadscanonicalizer,defects4j,Java,1271,1272,44467,44503,7696,7703,true,7689,0,7,0,0,0,1,15378,0,14,0,0,0,7,0,7696,7696,0,0,0,0,0,0,0,0
java-defects4j-jacksoncore-12-readerbasedjsonparser,defects4j,Java,2733,2742,94015,94349,17582,17651,false,0,0,0,0,0,0,0,0,0,0,0,0,0,0,0,0,0,0,0,0,0,0,0,0,
java-defects4j-jacksoncore-12-utf8streamjsonparser,defects4j,Java,3664,3664,126473,126462,24505,24497,true,24487,0,8,5,1,2,0,48974,0,16,5,5,2,0,0,24495,24495,0,0,0,0,0,0,0,4
java-defects4j-jacksoncore-13-jsongeneratorimpl,defects4j,Java,197,205,5924,6126,685,737,true,682,0,3,0,0,0,1,1364,0,6,0,0,0,52,0,685,685,0,0,0,0,0,0,0,0
java-defects4j-jacksoncore-14-iocontext,defects4j,Java,286,286,9688,9690,1353,1353,false,0,0,0,0,0,0,0,0,0,0,0,0,0,0,0,0,0,0,0,0,0,0,0,0,
java-defects4j-jacksoncore-15-filteringparserdelegate,defects4j,Java,887,896,33596,33990,5272,5383,false,0,0,0,0,0,0,0,0,0,0,0,0,0,0,0,0,0,0,0,0,0,0,0,0,
java-defects4j-jacksoncore-17-utf8jsongenerator,defects4j,Java,1988,2029,71360,72849,14015,14423,false,0,0,0,0,0,0,0,0,0,0,0,0,0,0,0,0,0,0,0,0,0,0,0,0,
java-defects4j-jacksoncore-18-generatorbase,defects4j,Java,457,467,15876,16456,2186,2291,false,0,0,0,0,0,0,0,0,0,0,0,0,0,0,0,0,0,0,0,0,0,0,0,0,
java-defects4j-jacksoncore-18-utf8jsongenerator,defects4j,Java,2035,2032,73033,72800,14493,14430,false,0,0,0,0,0,0,0,0,0,0,0,0,0,0,0,0,0,0,0,0,0,0,0,0,
java-defects4j-jacksoncore-18-writerbasedjsongenerator,defects4j,Java,1883,1880,64380,64167,12566,12507,false,0,0,0,0,0,0,0,0,0,0,0,0,0,0,0,0,0,0,0,0,0,0,0,0,
java-defects4j-jacksoncore-19-readerbasedjsonparser,defects4j,Java,2751,2755,94843,94989,17664,17697,false,0,0,0,0,0,0,0,0,0,0,0,0,0,0,0,0,0,0,0,0,0,0,0,0,
java-defects4j-jacksoncore-19-utf8streamjsonparser,defects4j,Java,3678,3682,127068,127214,24509,24542,false,0,0,0,0,0,0,0,0,0,0,0,0,0,0,0,0,0,0,0,0,0,0,0,0,
java-defects4j-jacksoncore-2-readerbasedjsonparser,defects4j,Java,2027,2050,71301,71889,12311,12445,false,0,0,0,0,0,0,0,0,0,0,0,0,0,0,0,0,0,0,0,0,0,0,0,0,
java-defects4j-jacksoncore-2-utf8streamjsonparser,defects4j,Java,3218,3241,111704,112302,20754,20900,false,0,0,0,0,0,0,0,0,0,0,0,0,0,0,0,0,0,0,0,0,0,0,0,0,
java-defects4j-jacksoncore-20-jsongenerator,defects4j,Java,1978,1987,75797,76048,4754,4828,false,0,0,0,0,0,0,0,0,0,0,0,0,0,0,0,0,0,0,0,0,0,0,0,0,
java-defects4j-jacksoncore-21-filteringparserdelegate,defects4j,Java,909,911,34714,34765,5466,5477,true,5459,0,7,0,0,11,0,10918,0,14,0,0,11,0,0,5466,5369,0,97,0,0,0,0,0,0
java-defects4j-jacksoncore-22-filteringparserdelegate,defects4j,Java,905,918,34405,34939,5423,5526,false,0,0,0,0,0,0,0,0,0,0,0,0,0,0,0,0,0,0,0,0,0,0,0,0,
java-defects4j-jacksoncore-23-defaultprettyprinter,defects4j,Java,419,423,12376,12613,1649,1701,false,0,0,0,0,0,0,0,0,0,0,0,0,0,0,0,0,0,0,0,0,0,0,0,0,
java-defects4j-jacksoncore-25-readerbasedjsonparser,defects4j,Java,2880,2880,100061,100060,18505,18505,true,18494,0,11,0,0,0,0,36988,0,22,0,0,0,0,0,18505,18505,0,0,0,0,0,0,0,0
java-defects4j-jacksoncore-26-nonblockingjsonparser,defects4j,Java,2864,2865,107380,107414,19816,19822,true,19811,0,5,0,0,0,1,39622,0,10,0,0,0,6,0,19816,19816,0,0,0,0,0,0,0,0
java-defects4j-jacksoncore-3-utf8streamjsonparser,defects4j,Java,3250,3252,113039,113113,21052,21066,true,21047,0,5,0,0,0,2,42094,0,10,0,0,0,14,0,21052,21052,0,0,0,0,0,0,0,0
java-defects4j-jacksoncore-4-textbuffer,defects4j,Java,714,717,22539,22552,3504,3505,false,0,0,0,0,0,0,0,0,0,0,0,0,0,0,0,0,0,0,0,0,0,0,0,0,
java-defects4j-jacksoncore-5-jsonpointer,defects4j,Java,269,269,8669,8667,1339,1337,true,1326,0,11,2,0,0,0,2652,0,22,2,0,0,0,0,1337,1336,1,0,0,0,0,0,0,0
java-defects4j-jacksoncore-6-jsonpointer,defects4j,Java,270,277,8715,8884,1338,1404,false,0,0,0,0,0,0,0,0,0,0,0,0,0,0,0,0,0,0,0,0,0,0,0,0,
java-defects4j-jacksoncore-7-jsonwritecontext,defects4j,Java,222,225,6385,6471,1098,1113,false,0,0,0,0,0,0,0,0,0,0,0,0,0,0,0,0,0,0,0,0,0,0,0,0,
java-defects4j-jacksoncore-8-textbuffer,defects4j,Java,733,733,23081,23108,3598,3604,true,3591,0,7,0,0,6,0,7182,0,14,0,0,6,0,0,3598,3595,3,0,0,0,0,0,0,0
java-defects4j-jacksoncore-9-parserminimalbase,defects4j,Java,593,599,19728,19922,3609,3655,false,0,0,0,0,0,0,0,0,0,0,0,0,0,0,0,0,0,0,0,0,0,0,0,0,
java-defects4j-jacksoncore-9-readerbasedjsonparser,defects4j,Java,2302,2308,81179,81373,14784,14830,false,0,0,0,0,0,0,0,0,0,0,0,0,0,0,0,0,0,0,0,0,0,0,0,0,
java-defects4j-jacksoncore-9-utf8streamjsonparser,defects4j,Java,3617,3623,125326,125520,24249,24295,false,0,0,0,0,0,0,0,0,0,0,0,0,0,0,0,0,0,0,0,0,0,0,0,0,
java-defects4j-jacksondatabind-1-beanpropertywriter,defects4j,Java,713,714,24331,24351,3518,3521,true,3511,0,7,0,0,0,1,7022,0,14,0,0,0,3,0,3518,3518,0,0,0,0,0,0,0,0
java-defects4j-jacksondatabind-10-anygetterwriter,defects4j,Java,84,96,2888,3401,576,701,false,0,0,0,0,0,0,0,0,0,0,0,0,0,0,0,0,0,0,0,0,0,0,0,0,
java-defects4j-jacksondatabind-10-beanserializerfactory,defects4j,Java,735,739,33639,33819,4671,4704,false,0,0,0,0,0,0,0,0,0,0,0,0,0,0,0,0,0,0,0,0,0,0,0,0,
java-defects4j-jacksondatabind-100-treetraversingparser,defects4j,Java,419,413,12105,11944,2138,2079,false,0,0,0,0,0,0,0,0,0,0,0,0,0,0,0,0,0,0,0,0,0,0,0,0,
java-defects4j-jacksondatabind-101-beandeserializer,defects4j,Java,1048,1052,42815,43059,6902,6940,false,0,0,0,0,0,0,0,0,0,0,0,0,0,0,0,0,0,0,0,0,0,0,0,0,
java-defects4j-jacksondatabind-102-datetimeserializerbase,defects4j,Java,232,229,8950,8883,1534,1518,false,0,0,0,0,0,0,0,0,0,0,0,0,0,0,0,0,0,0,0,0,0,0,0,0,
java-defects4j-jacksondatabind-103-basicbeandescription,defects4j,Java,752,752,25777,25792,4421,4422,true,4406,1,14,0,0,1,0,8812,2,28,0,0,1,0,0,4421,4420,1,0,0,0,0,0,0,2
java-defects4j-jacksondatabind-103-basicdeserializerfactory,defects4j,Java,2177,2177,99485,99500,15062,15063,true,15047,1,14,0,0,1,0,30094,2,28,0,0,1,0,0,15062,15061,1,0,0,0,0,0,0,2
java-defects4j-jacksondatabind-103-beandeserializerfactory,defects4j,Java,921,921,42646,42676,6094,6096,false,0,0,0,0,0,0,0,0,0,0,0,0,0,0,0,0,0,0,0,0,0,0,0,0,
java-defects4j-jacksondatabind-103-classutil,defects4j,Java,1317,1324,42826,43112,7405,7475,false,0,0,0,0,0,0,0,0,0,0,0,0,0,0,0,0,0,0,0,0,0,0,0,0,
java-defects4j-jacksondatabind-103-databindcontext,defects4j,Java,376,376,12889,12904,1827,1828,true,1809,1,17,0,0,1,0,3618,2,34,0,0,1,0,0,1827,1826,1,0,0,0,0,0,0,2
java-defects4j-jacksondatabind-103-defaultserializerprovider,defects4j,Java,631,631,23213,23243,3652,3654,false,0,0,0,0,0,0,0,0,0,0,0,0,0,0,0,0,0,0,0,0,0,0,0,0,
java-defects4j-jacksondatabind-103-deserializationcontext,defects4j,Java,1777,1777,69464,69494,8101,8103,false,0,0,0,0,0,0,0,0,0,0,0,0,0,0,0,0,0,0,0,0,0,0,0,0,
java-defects4j-jacksondatabind-103-deserializercache,defects4j,Java,601,601,25365,25380,3219,3220,true,3205,1,13,0,0,1,0,6410,2,26,0,0,1,0,0,3219,3218,1,0,0,0,0,0,0,2
java-defects4j-jacksondatabind-103-jsonmappingexception,defects4j,Java,533,534,17630,17714,2368,2389,false,0,0,0,0,0,0,0,0,0,0,0,0,0,0,0,0,0,0,0,0,0,0,0,0,
java-defects4j-jacksondatabind-103-propertybuilder,defects4j,Java,385,385,17155,17185,2061,2063,false,0,0,0,0,0,0,0,0,0,0,0,0,0,0,0,0,0,0,0,0,0,0,0,0,
java-defects4j-jacksondatabind-103-serializerprovider,defects4j,Java,1444,1444,54657,54687,5970,5972,false,0,0,0,0,0,0,0,0,0,0,0,0,0,0,0,0,0,0,0,0,0,0,0,0,
java-defects4j-jacksondatabind-103-settableanyproperty,defects4j,Java,246,246,9159,9189,1566,1568,false,0,0,0,0,0,0,0,0,0,0,0,0,0,0,0,0,0,0,0,0,0,0,0,0,
java-defects4j-jacksondatabind-103-settablebeanproperty,defects4j,Java,782,782,26639,26669,3655,3657,false,0,0,0,0,0,0,0,0,0,0,0,0,0,0,0,0,0,0,0,0,0,0,0,0,
java-defects4j-jacksondatabind-103-stddeserializer,defects4j,Java,1225,1225,46656,46671,7689,7690,true,7674,1,14,0,0,1,0,15348,2,28,0,0,1,0,0,7689,7688,1,0,0,0,0,0,0,2
java-defects4j-jacksondatabind-103-stdkeydeserializer,defects4j,Java,459,459,16323,16353,3445,3447,false,0,0,0,0,0,0,0,0,0,0,0,0,0,0,0,0,0,0,0,0,0,0,0,0,
java-defects4j-jacksondatabind-103-stdvalueinstantiator,defects4j,Java,543,543,18399,18414,2974,2975,true,2962,1,11,0,0,1,0,5924,2,22,0,0,1,0,0,2974,2973,1,0,0,0,0,0,0,2
java-defects4j-jacksondatabind-104-stddateformat,defects4j,Java,783,803,27156,27798,4610,4778,false,0,0,0,0,0,0,0,0,0,0,0,0,0,0,0,0,0,0,0,0,0,0,0,0,
java-defects4j-jacksondatabind-105-jdkdeserializers,defects4j,Java,51,55,1745,1884,419,446,true,406,0,13,0,0,0,3,812,0,26,0,0,0,27,0,419,419,0,0,0,0,0,0,0,0
java-defects4j-jacksondatabind-106-treetraversingparser,defects4j,Java,415,421,11870,12035,2089,2137,false,0,0,0,0,0,0,0,0,0,0,0,0,0,0,0,0,0,0,0,0,0,0,0,0,
java-defects4j-jacksondatabind-107-typedeserializerbase,defects4j,Java,302,302,11833,11860,1597,1600,true,1582,0,14,1,0,0,1,3164,0,28,1,0,0,4,0,1596,1596,0,0,0,0,0,0,0,0
java-defects4j-jacksondatabind-108-objectreader,defects4j,Java,1992,2022,72359,73503,9249,9517,false,0,0,0,0,0,0,0,0,0,0,0,0,0,0,0,0,0,0,0,0,0,0,0,0,
java-defects4j-jacksondatabind-109-numberserializer,defects4j,Java,123,170,4343,6469,800,1212,false,0,0,0,0,0,0,0,0,0,0,0,0,0,0,0,0,0,0,0,0,0,0,0,0,
java-defects4j-jacksondatabind-109-numberserializers,defects4j,Java,237,241,9018,9223,1690,1742,false,0,0,0,0,0,0,0,0,0,0,0,0,0,0,0,0,0,0,0,0,0,0,0,0,
java-defects4j-jacksondatabind-11-typefactory,defects4j,Java,1117,1117,44584,44619,6625,6643,false,0,0,0,0,0,0,0,0,0,0,0,0,0,0,0,0,0,0,0,0,0,0,0,0,
java-defects4j-jacksondatabind-110-javautilcollectionsdeserializers,defects4j,Java,187,189,7338,7561,1497,1551,false,0,0,0,0,0,0,0,0,0,0,0,0,0,0,0,0,0,0,0,0,0,0,0,0,
java-defects4j-jacksondatabind-111-atomicreferencedeserializer,defects4j,Java,72,72,2260,2297,424,432,true,416,0,8,0,0,0,1,832,0,16,0,0,0,8,0,424,424,0,0,0,0,0,0,0,0
java-defects4j-jacksondatabind-111-creatorproperty,defects4j,Java,283,284,9535,9620,1336,1354,false,0,0,0,0,0,0,0,0,0,0,0,0,0,0,0,0,0,0,0,0,0,0,0,0,
java-defects4j-jacksondatabind-111-fieldproperty,defects4j,Java,217,218,7003,7087,1375,1393,false,0,0,0,0,0,0,0,0,0,0,0,0,0,0,0,0,0,0,0,0,0,0,0,0,
java-defects4j-jacksondatabind-111-methodproperty,defects4j,Java,210,211,6804,6889,1329,1347,false,0,0,0,0,0,0,0,0,0,0,0,0,0,0,0,0,0,0,0,0,0,0,0,0,
java-defects4j-jacksondatabind-111-objectidreferenceproperty,defects4j,Java,136,137,4624,4709,1030,1048,false,0,0,0,0,0,0,0,0,0,0,0,0,0,0,0,0,0,0,0,0,0,0,0,0,
java-defects4j-jacksondatabind-111-objectidvalueproperty,defects4j,Java,124,125,4278,4363,752,770,false,0,0,0,0,0,0,0,0,0,0,0,0,0,0,0,0,0,0,0,0,0,0,0,0,
java-defects4j-jacksondatabind-111-setterlessproperty,defects4j,Java,156,157,5648,5732,1016,1034,false,0,0,0,0,0,0,0,0,0,0,0,0,0,0,0,0,0,0,0,0,0,0,0,0,
java-defects4j-jacksondatabind-112-stringcollectiondeserializer,defects4j,Java,287,290,11406,11679,1866,1926,false,0,0,0,0,0,0,0,0,0,0,0,0,0,0,0,0,0,0,0,0,0,0,0,0,
java-defects4j-jacksondatabind-12-mapdeserializer,defects4j,Java,670,672,26697,26791,4555,4573,false,0,0,0,0,0,0,0,0,0,0,0,0,0,0,0,0,0,0,0,0,0,0,0,0,
java-defects4j-jacksondatabind-13-defaultdeserializationcontext,defects4j,Java,325,328,12338,12399,2025,2041,false,0,0,0,0,0,0,0,0,0,0,0,0,0,0,0,0,0,0,0,0,0,0,0,0,
java-defects4j-jacksondatabind-13-objectidvalueproperty,defects4j,Java,118,121,3973,4034,697,713,false,0,0,0,0,0,0,0,0,0,0,0,0,0,0,0,0,0,0,0,0,0,0,0,0,
java-defects4j-jacksondatabind-14-objectreader,defects4j,Java,1726,1739,62245,62807,8183,8292,false,0,0,0,0,0,0,0,0,0,0,0,0,0,0,0,0,0,0,0,0,0,0,0,0,
java-defects4j-jacksondatabind-15-beanserializerbase,defects4j,Java,795,796,32185,32254,5692,5703,false,0,0,0,0,0,0,0,0,0,0,0,0,0,0,0,0,0,0,0,0,0,0,0,0,
java-defects4j-jacksondatabind-15-beanserializerfactory,defects4j,Java,740,740,33888,33924,4705,4716,true,4697,0,7,0,0,1,1,9397,0,14,0,0,1,9,3,4704,4701,3,0,0,0,1,0,0,0
java-defects4j-jacksondatabind-15-javatype,defects4j,Java,467,468,15574,15653,1625,1647,true,1622,0,3,0,0,0,1,3244,0,6,0,0,0,22,0,1625,1625,0,0,0,0,0,0,0,0
java-defects4j-jacksondatabind-15-stddelegatingserializer,defects4j,Java,257,282,8925,9863,1336,1539,false,0,0,0,0,0,0,0,0,0,0,0,0,0,0,0,0,0,0,0,0,0,0,0,0,
java-defects4j-jacksondatabind-15-stdserializer,defects4j,Java,291,291,10934,10977,1571,1586,true,1557,0,13,0,0,1,1,3117,0,26,0,0,1,13,3,1570,1567,3,0,0,0,1,0,0,0
java-defects4j-jacksondatabind-16-annotationmap,defects4j,Java,116,116,3466,3467,754,756,true,743,0,11,0,0,2,0,1486,0,22,0,0,2,0,0,754,746,8,0,0,0,0,0,0,0
java-defects4j-jacksondatabind-17-objectmapper,defects4j,Java,3193,3193,122192,122201,14112,14114,true,14097,0,15,0,0,2,0,28194,0,30,0,0,2,0,0,14112,14095,17,0,0,0,0,0,0,0
java-defects4j-jacksondatabind-19-typefactory,defects4j,Java,1191,1194,48260,48398,7153,7183,false,0,0,0,0,0,0,0,0,0,0,0,0,0,0,0,0,0,0,0,0,0,0,0,0,
java-defects4j-jacksondatabind-2-tokenbuffer,defects4j,Java,1758,1778,55844,56399,9466,9622,false,0,0,0,0,0,0,0,0,0,0,0,0,0,0,0,0,0,0,0,0,0,0,0,0,
java-defects4j-jacksondatabind-20-objectnode,defects4j,Java,806,808,24393,24495,3772,3792,true,3764,1,7,0,0,1,2,7528,2,14,0,0,1,19,0,3772,3772,0,0,0,0,0,0,0,32
java-defects4j-jacksondatabind-21-jacksonannotationintrospector,defects4j,Java,991,1008,35260,35767,7100,7257,false,0,0,0,0,0,0,0,0,0,0,0,0,0,0,0,0,0,0,0,0,0,0,0,0,
java-defects4j-jacksondatabind-22-basicserializerfactory,defects4j,Java,1105,1124,47763,48557,7479,7654,false,0,0,0,0,0,0,0,0,0,0,0,0,0,0,0,0,0,0,0,0,0,0,0,0,
java-defects4j-jacksondatabind-22-beanserializerfactory,defects4j,Java,783,783,35488,35500,5004,5006,false,0,0,0,0,0,0,0,0,0,0,0,0,0,0,0,0,0,0,0,0,0,0,0,0,
java-defects4j-jacksondatabind-23-numberserializers,defects4j,Java,241,270,9021,10140,1813,2074,false,0,0,0,0,0,0,0,0,0,0,0,0,0,0,0,0,0,0,0,0,0,0,0,0,
java-defects4j-jacksondatabind-24-basesettings,defects4j,Java,344,343,12919,12859,1580,1556,false,0,0,0,0,0,0,0,0,0,0,0,0,0,0,0,0,0,0,0,0,0,0,0,0,
java-defects4j-jacksondatabind-25-basicdeserializerfactory,defects4j,Java,1895,1895,87121,87160,13928,13936,false,0,0,0,0,0,0,0,0,0,0,0,0,0,0,0,0,0,0,0,0,0,0,0,0,
java-defects4j-jacksondatabind-25-deserializercache,defects4j,Java,607,607,25732,25771,3414,3422,false,0,0,0,0,0,0,0,0,0,0,0,0,0,0,0,0,0,0,0,0,0,0,0,0,
java-defects4j-jacksondatabind-25-simpleabstracttyperesolver,defects4j,Java,90,90,3541,3582,502,510,true,489,0,6,7,0,15,0,978,0,12,7,0,15,0,0,495,495,0,0,0,0,0,0,0,14
java-defects4j-jacksondatabind-25-typedeserializerbase,defects4j,Java,279,279,10996,11035,1521,1529,false,0,0,0,0,0,0,0,0,0,0,0,0,0,0,0,0,0,0,0,0,0,0,0,0,
java-defects4j-jacksondatabind-26-beanpropertywriter,defects4j,Java,922,924,32989,33105,4615,4636,false,0,0,0,0,0,0,0,0,0,0,0,0,0,0,0,0,0,0,0,0,0,0,0,0,
java-defects4j-jacksondatabind-27-beandeserializer,defects4j,Java,858,858,34392,34390,5821,5821,false,0,0,0,0,0,0,0,0,0,0,0,0,0,0,0,0,0,0,0,0,0,0,0,0,
java-defects4j-jacksondatabind-29-externaltypehandler,defects4j,Java,323,330,13100,13309,2461,2520,false,0,0,0,0,0,0,0,0,0,0,0,0,0,0,0,0,0,0,0,0,0,0,0,0,
java-defects4j-jacksondatabind-3-stringarraydeserializer,defects4j,Java,153,153,5887,5945,1227,1228,false,0,0,0,0,0,0,0,0,0,0,0,0,0,0,0,0,0,0,0,0,0,0,0,0,
java-defects4j-jacksondatabind-30-objectmapper,defects4j,Java,3852,3858,152360,152632,14966,15026,false,0,0,0,0,0,0,0,0,0,0,0,0,0,0,0,0,0,0,0,0,0,0,0,0,
java-defects4j-jacksondatabind-30-tokenbuffer,defects4j,Java,1830,1841,57874,58288,9995,10080,false,0,0,0,0,0,0,0,0,0,0,0,0,0,0,0,0,0,0,0,0,0,0,0,0,
java-defects4j-jacksondatabind-31-tokenbuffer,defects4j,Java,1855,1881,58647,59570,10082,10273,false,0,0,0,0,0,0,0,0,0,0,0,0,0,0,0,0,0,0,0,0,0,0,0,0,
java-defects4j-jacksondatabind-32-untypedobjectdeserializer,defects4j,Java,673,676,26703,26847,4811,4844,false,0,0,0,0,0,0,0,0,0,0,0,0,0,0,0,0,0,0,0,0,0,0,0,0,
java-defects4j-jacksondatabind-33-jacksonannotationintrospector,defects4j,Java,1057,1060,37856,38053,7619,7658,false,0,0,0,0,0,0,0,0,0,0,0,0,0,0,0,0,0,0,0,0,0,0,0,0,
java-defects4j-jacksondatabind-34-numberserializer,defects4j,Java,88,88,3222,3222,681,681,true,667,1,13,0,0,0,0,1334,2,26,0,0,0,0,0,681,681,0,0,0,0,0,0,0,0
java-defects4j-jacksondatabind-35-aswrappertypedeserializer,defects4j,Java,121,123,4772,4845,871,894,false,0,0,0,0,0,0,0,0,0,0,0,0,0,0,0,0,0,0,0,0,0,0,0,0,
java-defects4j-jacksondatabind-36-stddateformat,defects4j,Java,567,578,19671,19986,3174,3252,false,0,0,0,0,0,0,0,0,0,0,0,0,0,0,0,0,0,0,0,0,0,0,0,0,
java-defects4j-jacksondatabind-37-simpletype,defects4j,Java,268,268,9034,9027,1446,1446,false,0,0,0,0,0,0,0,0,0,0,0,0,0,0,0,0,0,0,0,0,0,0,0,0,
java-defects4j-jacksondatabind-38-collectiontype,defects4j,Java,128,136,4236,4564,738,837,false,0,0,0,0,0,0,0,0,0,0,0,0,0,0,0,0,0,0,0,0,0,0,0,0,
java-defects4j-jacksondatabind-38-maptype,defects4j,Java,155,163,5207,5542,952,1053,false,0,0,0,0,0,0,0,0,0,0,0,0,0,0,0,0,0,0,0,0,0,0,0,0,
java-defects4j-jacksondatabind-38-simpletype,defects4j,Java,283,296,9480,9966,1474,1597,false,0,0,0,0,0,0,0,0,0,0,0,0,0,0,0,0,0,0,0,0,0,0,0,0,
java-defects4j-jacksondatabind-39-nullifyingdeserializer,defects4j,Java,54,64,1614,1920,275,359,true,261,0,5,0,0,75,0,549,0,10,0,0,75,0,27,266,266,0,0,0,0,9,0,9,9
java-defects4j-jacksondatabind-4-stringarraydeserializer,defects4j,Java,154,162,6218,6478,1230,1298,false,0,0,0,0,0,0,0,0,0,0,0,0,0,0,0,0,0,0,0,0,0,0,0,0,
java-defects4j-jacksondatabind-40-numberdeserializers,defects4j,Java,622,631,24241,24772,4264,4336,false,0,0,0,0,0,0,0,0,0,0,0,0,0,0,0,0,0,0,0,0,0,0,0,0,
java-defects4j-jacksondatabind-42-fromstringdeserializer,defects4j,Java,287,290,10824,10913,2286,2305,false,0,0,0,0,0,0,0,0,0,0,0,0,0,0,0,0,0,0,0,0,0,0,0,0,
java-defects4j-jacksondatabind-43-objectidvalueproperty,defects4j,Java,113,114,3824,3891,673,696,false,0,0,0,0,0,0,0,0,0,0,0,0,0,0,0,0,0,0,0,0,0,0,0,0,
java-defects4j-jacksondatabind-44-simpletype,defects4j,Java,297,323,10082,11440,1600,1912,false,0,0,0,0,0,0,0,0,0,0,0,0,0,0,0,0,0,0,0,0,0,0,0,0,
java-defects4j-jacksondatabind-45-datetimeserializerbase,defects4j,Java,157,158,5682,5773,1054,1078,false,0,0,0,0,0,0,0,0,0,0,0,0,0,0,0,0,0,0,0,0,0,0,0,0,
java-defects4j-jacksondatabind-46-referencetype,defects4j,Java,193,193,5343,5344,1023,1026,false,0,0,0,0,0,0,0,0,0,0,0,0,0,0,0,0,0,0,0,0,0,0,0,0,
java-defects4j-jacksondatabind-47-annotationintrospector,defects4j,Java,1405,1414,56332,56932,3926,4031,false,0,0,0,0,0,0,0,0,0,0,0,0,0,0,0,0,0,0,0,0,0,0,0,0,
java-defects4j-jacksondatabind-48-deserializationconfig,defects4j,Java,963,969,35133,35422,4981,5051,false,0,0,0,0,0,0,0,0,0,0,0,0,0,0,0,0,0,0,0,0,0,0,0,0,
java-defects4j-jacksondatabind-48-serializationconfig,defects4j,Java,1007,1013,37339,37625,5359,5429,false,0,0,0,0,0,0,0,0,0,0,0,0,0,0,0,0,0,0,0,0,0,0,0,0,
java-defects4j-jacksondatabind-49-writableobjectid,defects4j,Java,75,77,2399,2435,429,441,true,424,0,5,0,0,12,0,848,0,10,0,0,12,0,0,429,416,0,13,0,0,0,0,0,0
java-defects4j-jacksondatabind-5-annotatedclass,defects4j,Java,1027,1032,38088,38264,6176,6215,false,0,0,0,0,0,0,0,0,0,0,0,0,0,0,0,0,0,0,0,0,0,0,0,0,
java-defects4j-jacksondatabind-50-beandeserializer,defects4j,Java,936,978,37548,39258,6153,6501,false,0,0,0,0,0,0,0,0,0,0,0,0,0,0,0,0,0,0,0,0,0,0,0,0,
java-defects4j-jacksondatabind-51-typedeserializerbase,defects4j,Java,287,289,11602,11675,1548,1565,false,0,0,0,0,0,0,0,0,0,0,0,0,0,0,0,0,0,0,0,0,0,0,0,0,
java-defects4j-jacksondatabind-52-beandeserializerbase,defects4j,Java,1647,1647,67150,67165,9631,9632,false,0,0,0,0,0,0,0,0,0,0,0,0,0,0,0,0,0,0,0,0,0,0,0,0,
java-defects4j-jacksondatabind-52-externaltypehandler,defects4j,Java,378,392,14881,15585,2598,2757,false,0,0,0,0,0,0,0,0,0,0,0,0,0,0,0,0,0,0,0,0,0,0,0,0,
java-defects4j-jacksondatabind-53-typebindings,defects4j,Java,430,473,14718,16071,3055,3444,false,0,0,0,0,0,0,0,0,0,0,0,0,0,0,0,0,0,0,0,0,0,0,0,0,
java-defects4j-jacksondatabind-53-typefactory,defects4j,Java,1373,1385,55033,55486,7250,7366,false,0,0,0,0,0,0,0,0,0,0,0,0,0,0,0,0,0,0,0,0,0,0,0,0,
java-defects4j-jacksondatabind-54-propertybuilder,defects4j,Java,331,331,14453,14449,1751,1751,false,0,0,0,0,0,0,0,0,0,0,0,0,0,0,0,0,0,0,0,0,0,0,0,0,
java-defects4j-jacksondatabind-55-stdkeyserializers,defects4j,Java,218,244,8086,9152,1307,1554,false,0,0,0,0,0,0,0,0,0,0,0,0,0,0,0,0,0,0,0,0,0,0,0,0,
java-defects4j-jacksondatabind-56-fromstringdeserializer,defects4j,Java,293,303,10956,11294,2313,2401,false,0,0,0,0,0,0,0,0,0,0,0,0,0,0,0,0,0,0,0,0,0,0,0,0,
java-defects4j-jacksondatabind-57-objectreader,defects4j,Java,1889,1889,68533,68548,8718,8722,false,0,0,0,0,0,0,0,0,0,0,0,0,0,0,0,0,0,0,0,0,0,0,0,0,
java-defects4j-jacksondatabind-58-beandeserializerfactory,defects4j,Java,831,836,38379,38544,5648,5687,false,0,0,0,0,0,0,0,0,0,0,0,0,0,0,0,0,0,0,0,0,0,0,0,0,
java-defects4j-jacksondatabind-59-collectionliketype,defects4j,Java,250,262,8139,8537,1404,1503,false,0,0,0,0,0,0,0,0,0,0,0,0,0,0,0,0,0,0,0,0,0,0,0,0,
java-defects4j-jacksondatabind-59-javatype,defects4j,Java,551,563,17804,18166,1687,1787,false,0,0,0,0,0,0,0,0,0,0,0,0,0,0,0,0,0,0,0,0,0,0,0,0,
java-defects4j-jacksondatabind-59-mapliketype,defects4j,Java,287,308,9185,9922,1629,1811,false,0,0,0,0,0,0,0,0,0,0,0,0,0,0,0,0,0,0,0,0,0,0,0,0,
java-defects4j-jacksondatabind-59-typefactory,defects4j,Java,1426,1427,56970,57024,7534,7547,true,7529,0,5,0,0,0,1,15058,0,10,0,0,0,13,0,7534,7534,0,0,0,0,0,0,0,0
java-defects4j-jacksondatabind-60-jsonvalueserializer,defects4j,Java,383,470,15075,19348,2171,2982,false,0,0,0,0,0,0,0,0,0,0,0,0,0,0,0,0,0,0,0,0,0,0,0,0,
java-defects4j-jacksondatabind-61-objectmapper,defects4j,Java,3917,3920,154830,154909,15110,15129,false,0,0,0,0,0,0,0,0,0,0,0,0,0,0,0,0,0,0,0,0,0,0,0,0,
java-defects4j-jacksondatabind-61-stdtyperesolverbuilder,defects4j,Java,228,234,8527,8673,1255,1293,false,0,0,0,0,0,0,0,0,0,0,0,0,0,0,0,0,0,0,0,0,0,0,0,0,
java-defects4j-jacksondatabind-62-collectiondeserializer,defects4j,Java,428,436,17012,17666,2637,2743,false,0,0,0,0,0,0,0,0,0,0,0,0,0,0,0,0,0,0,0,0,0,0,0,0,
java-defects4j-jacksondatabind-63-jsonmappingexception,defects4j,Java,521,530,17110,17398,2364,2367,false,0,0,0,0,0,0,0,0,0,0,0,0,0,0,0,0,0,0,0,0,0,0,0,0,
java-defects4j-jacksondatabind-65-basicbeandescription,defects4j,Java,696,698,24209,24301,3964,3994,false,0,0,0,0,0,0,0,0,0,0,0,0,0,0,0,0,0,0,0,0,0,0,0,0,
java-defects4j-jacksondatabind-65-stdkeydeserializer,defects4j,Java,428,429,15256,15306,3198,3212,false,0,0,0,0,0,0,0,0,0,0,0,0,0,0,0,0,0,0,0,0,0,0,0,0,
java-defects4j-jacksondatabind-66-stdkeydeserializer,defects4j,Java,430,436,15319,15586,3220,3302,false,0,0,0,0,0,0,0,0,0,0,0,0,0,0,0,0,0,0,0,0,0,0,0,0,
java-defects4j-jacksondatabind-67-basicdeserializerfactory,defects4j,Java,1953,1954,88957,88983,13793,13799,false,0,0,0,0,0,0,0,0,0,0,0,0,0,0,0,0,0,0,0,0,0,0,0,0,
java-defects4j-jacksondatabind-69-creatorcollector,defects4j,Java,392,396,14174,14266,2587,2611,false,0,0,0,0,0,0,0,0,0,0,0,0,0,0,0,0,0,0,0,0,0,0,0,0,
java-defects4j-jacksondatabind-7-tokenbuffer,defects4j,Java,1781,1793,56604,57075,9621,9740,false,0,0,0,0,0,0,0,0,0,0,0,0,0,0,0,0,0,0,0,0,0,0,0,0,
java-defects4j-jacksondatabind-70-beanpropertymap,defects4j,Java,607,607,20473,20473,3815,3816,false,0,0,0,0,0,0,0,0,0,0,0,0,0,0,0,0,0,0,0,0,0,0,0,0,
java-defects4j-jacksondatabind-71-stdkeydeserializer,defects4j,Java,415,415,14507,14536,3075,3084,false,0,0,0,0,0,0,0,0,0,0,0,0,0,0,0,0,0,0,0,0,0,0,0,0,
java-defects4j-jacksondatabind-72-innerclassproperty,defects4j,Java,167,169,5355,5441,1031,1056,false,0,0,0,0,0,0,0,0,0,0,0,0,0,0,0,0,0,0,0,0,0,0,0,0,
java-defects4j-jacksondatabind-73-pojopropertiescollector,defects4j,Java,1079,1083,41095,41300,6856,6916,false,0,0,0,0,0,0,0,0,0,0,0,0,0,0,0,0,0,0,0,0,0,0,0,0,
java-defects4j-jacksondatabind-73-pojopropertybuilder,defects4j,Java,1238,1239,42129,42164,8056,8063,false,0,0,0,0,0,0,0,0,0,0,0,0,0,0,0,0,0,0,0,0,0,0,0,0,
java-defects4j-jacksondatabind-74-aspropertytypedeserializer,defects4j,Java,180,187,7460,7772,1209,1288,false,0,0,0,0,0,0,0,0,0,0,0,0,0,0,0,0,0,0,0,0,0,0,0,0,
java-defects4j-jacksondatabind-75-enumserializer,defects4j,Java,240,241,8515,8590,1436,1444,false,0,0,0,0,0,0,0,0,0,0,0,0,0,0,0,0,0,0,0,0,0,0,0,0,
java-defects4j-jacksondatabind-76-builderbaseddeserializer,defects4j,Java,714,694,27734,26771,4969,4779,false,0,0,0,0,0,0,0,0,0,0,0,0,0,0,0,0,0,0,0,0,0,0,0,0,
java-defects4j-jacksondatabind-77-beandeserializerfactory,defects4j,Java,845,860,38845,39507,5710,5849,false,0,0,0,0,0,0,0,0,0,0,0,0,0,0,0,0,0,0,0,0,0,0,0,0,
java-defects4j-jacksondatabind-78-beandeserializerfactory,defects4j,Java,881,906,40182,41522,5823,6083,false,0,0,0,0,0,0,0,0,0,0,0,0,0,0,0,0,0,0,0,0,0,0,0,0,
java-defects4j-jacksondatabind-79-beanserializerbase,defects4j,Java,824,825,33550,33541,5888,5888,false,0,0,0,0,0,0,0,0,0,0,0,0,0,0,0,0,0,0,0,0,0,0,0,0,
java-defects4j-jacksondatabind-79-jacksonannotationintrospector,defects4j,Java,1316,1319,46435,46522,9162,9184,false,0,0,0,0,0,0,0,0,0,0,0,0,0,0,0,0,0,0,0,0,0,0,0,0,
java-defects4j-jacksondatabind-79-objectidinfo,defects4j,Java,84,88,2970,3158,778,825,true,775,0,3,0,0,0,2,1550,0,6,0,0,0,47,0,778,778,0,0,0,0,0,0,0,0
java-defects4j-jacksondatabind-8-creatorcollector,defects4j,Java,359,370,13034,13457,2380,2480,false,0,0,0,0,0,0,0,0,0,0,0,0,0,0,0,0,0,0,0,0,0,0,0,0,
java-defects4j-jacksondatabind-80-stdsubtyperesolver,defects4j,Java,291,295,12130,12222,2330,2354,false,0,0,0,0,0,0,0,0,0,0,0,0,0,0,0,0,0,0,0,0,0,0,0,0,
java-defects4j-jacksondatabind-81-jacksonannotationintrospector,defects4j,Java,1458,1487,54499,55848,10504,10821,false,0,0,0,0,0,0,0,0,0,0,0,0,0,0,0,0,0,0,0,0,0,0,0,0,
java-defects4j-jacksondatabind-82-beandeserializerfactory,defects4j,Java,907,907,41582,41601,6096,6096,false,0,0,0,0,0,0,0,0,0,0,0,0,0,0,0,0,0,0,0,0,0,0,0,0,
java-defects4j-jacksondatabind-83-fromstringdeserializer,defects4j,Java,314,312,11650,11576,2437,2418,false,0,0,0,0,0,0,0,0,0,0,0,0,0,0,0,0,0,0,0,0,0,0,0,0,
java-defects4j-jacksondatabind-84-resolvedrecursivetype,defects4j,Java,114,121,2974,3156,655,701,false,0,0,0,0,0,0,0,0,0,0,0,0,0,0,0,0,0,0,0,0,0,0,0,0,
java-defects4j-jacksondatabind-86-resolvedrecursivetype,defects4j,Java,114,121,2974,3156,655,701,false,0,0,0,0,0,0,0,0,0,0,0,0,0,0,0,0,0,0,0,0,0,0,0,0,
java-defects4j-jacksondatabind-87-stddateformat,defects4j,Java,601,607,20812,21282,3314,3369,false,0,0,0,0,0,0,0,0,0,0,0,0,0,0,0,0,0,0,0,0,0,0,0,0,
java-defects4j-jacksondatabind-88-classnameidresolver,defects4j,Java,153,157,6779,7018,1046,1106,false,0,0,0,0,0,0,0,0,0,0,0,0,0,0,0,0,0,0,0,0,0,0,0,0,
java-defects4j-jacksondatabind-89-beandeserializerfactory,defects4j,Java,912,918,41800,42206,6112,6190,false,0,0,0,0,0,0,0,0,0,0,0,0,0,0,0,0,0,0,0,0,0,0,0,0,
java-defects4j-jacksondatabind-90-stdvalueinstantiator,defects4j,Java,537,545,17981,18354,2900,2978,false,0,0,0,0,0,0,0,0,0,0,0,0,0,0,0,0,0,0,0,0,0,0,0,0,
java-defects4j-jacksondatabind-90-valueinstantiator,defects4j,Java,408,408,16503,16535,1357,1364,false,0,0,0,0,0,0,0,0,0,0,0,0,0,0,0,0,0,0,0,0,0,0,0,0,
java-defects4j-jacksondatabind-91-deserializercache,defects4j,Java,588,596,24659,24909,3102,3161,false,0,0,0,0,0,0,0,0,0,0,0,0,0,0,0,0,0,0,0,0,0,0,0,0,
java-defects4j-jacksondatabind-92-beandeserializerfactory,defects4j,Java,887,893,40805,41211,6012,6090,false,0,0,0,0,0,0,0,0,0,0,0,0,0,0,0,0,0,0,0,0,0,0,0,0,
java-defects4j-jacksondatabind-93-subtypevalidator,defects4j,Java,100,100,4439,4480,687,710,false,0,0,0,0,0,0,0,0,0,0,0,0,0,0,0,0,0,0,0,0,0,0,0,0,
java-defects4j-jacksondatabind-94-subtypevalidator,defects4j,Java,112,117,4962,5196,698,752,true,685,0,13,0,0,40,1,1370,0,26,0,0,40,14,0,698,692,6,0,0,0,0,0,0,6
java-defects4j-jacksondatabind-95-typefactory,defects4j,Java,1437,1437,57337,57319,8095,8083,false,0,0,0,0,0,0,0,0,0,0,0,0,0,0,0,0,0,0,0,0,0,0,0,0,
java-defects4j-jacksondatabind-95-typeparser,defects4j,Java,137,137,4390,4414,1003,1009,false,0,0,0,0,0,0,0,0,0,0,0,0,0,0,0,0,0,0,0,0,0,0,0,0,
java-defects4j-jacksondatabind-96-basicdeserializerfactory,defects4j,Java,2177,2177,99497,99485,15062,15062,false,0,0,0,0,0,0,0,0,0,0,0,0,0,0,0,0,0,0,0,0,0,0,0,0,
java-defects4j-jacksondatabind-97-pojonode,defects4j,Java,172,172,4810,4826,905,907,false,0,0,0,0,0,0,0,0,0,0,0,0,0,0,0,0,0,0,0,0,0,0,0,0,
java-defects4j-jacksondatabind-98-externaltypehandler,defects4j,Java,486,495,19131,19578,3420,3523,false,0,0,0,0,0,0,0,0,0,0,0,0,0,0,0,0,0,0,0,0,0,0,0,0,
java-defects4j-jacksondatabind-99-referencetype,defects4j,Java,280,281,8911,8935,1435,1445,true,1430,0,5,0,0,0,1,2860,0,10,0,0,0,10,0,1435,1435,0,0,0,0,0,0,0,0
java-defects4j-jacksonxml-1-fromxmlparser,defects4j,Java,956,960,32008,32260,4368,4428,false,0,0,0,0,0,0,0,0,0,0,0,0,0,0,0,0,0,0,0,0,0,0,0,0,
java-defects4j-jacksonxml-2-xmltokenstream,defects4j,Java,525,551,19114,19951,2658,2860,false,0,0,0,0,0,0,0,0,0,0,0,0,0,0,0,0,0,0,0,0,0,0,0,0,
java-defects4j-jacksonxml-3-fromxmlparser,defects4j,Java,965,964,32759,32749,4442,4443,false,0,0,0,0,0,0,0,0,0,0,0,0,0,0,0,0,0,0,0,0,0,0,0,0,
java-defects4j-jacksonxml-4-xmlserializerprovider,defects4j,Java,271,275,9592,9715,1957,1986,false,0,0,0,0,0,0,0,0,0,0,0,0,0,0,0,0,0,0,0,0,0,0,0,0,
java-defects4j-jacksonxml-5-xmlserializerprovider,defects4j,Java,244,244,8427,8431,1656,1658,false,0,0,0,0,0,0,0,0,0,0,0,0,0,0,0,0,0,0,0,0,0,0,0,0,
java-defects4j-jacksonxml-6-toxmlgenerator,defects4j,Java,1245,1311,42698,45168,7137,7769,false,0,0,0,0,0,0,0,0,0,0,0,0,0,0,0,0,0,0,0,0,0,0,0,0,
java-defects4j-jsoup-1-document,defects4j,Java,151,151,4363,4365,861,861,false,0,0,0,0,0,0,0,0,0,0,0,0,0,0,0,0,0,0,0,0,0,0,0,0,
java-defects4j-jsoup-10-node,defects4j,Java,453,455,14697,14795,2493,2524,false,0,0,0,0,0,0,0,0,0,0,0,0,0,0,0,0,0,0,0,0,0,0,0,0,
java-defects4j-jsoup-11-selector,defects4j,Java,405,430,18667,19568,3208,3467,false,0,0,0,0,0,0,0,0,0,0,0,0,0,0,0,0,0,0,0,0,0,0,0,0,
java-defects4j-jsoup-12-selector,defects4j,Java,431,445,19538,20077,3424,3617,false,0,0,0,0,0,0,0,0,0,0,0,0,0,0,0,0,0,0,0,0,0,0,0,0,
java-defects4j-jsoup-13-node,defects4j,Java,554,559,18105,18338,3169,3253,false,0,0,0,0,0,0,0,0,0,0,0,0,0,0,0,0,0,0,0,0,0,0,0,0,
java-defects4j-jsoup-14-tokeniser,defects4j,Java,232,235,7784,7864,1681,1697,false,0,0,0,0,0,0,0,0,0,0,0,0,0,0,0,0,0,0,0,0,0,0,0,0,
java-defects4j-jsoup-14-tokeniserstate,defects4j,Java,1782,1787,61030,61324,13016,13109,false,0,0,0,0,0,0,0,0,0,0,0,0,0,0,0,0,0,0,0,0,0,0,0,0,
java-defects4j-jsoup-15-treebuilderstate,defects4j,Java,1482,1482,68086,68096,17603,17608,false,0,0,0,0,0,0,0,0,0,0,0,0,0,0,0,0,0,0,0,0,0,0,0,0,
java-defects4j-jsoup-16-documenttype,defects4j,Java,44,46,1255,1341,329,371,true,310,1,16,1,0,19,2,623,2,32,1,0,19,23,3,327,317,10,0,0,0,1,0,0,4
java-defects4j-jsoup-17-treebuilderstate,defects4j,Java,1482,1482,68096,68098,17608,17608,true,17599,0,9,0,0,0,0,35198,0,18,0,0,0,0,0,17608,17608,0,0,0,0,0,0,0,1
java-defects4j-jsoup-18-characterreader,defects4j,Java,209,210,4789,4876,1452,1473,false,0,0,0,0,0,0,0,0,0,0,0,0,0,0,0,0,0,0,0,0,0,0,0,0,
java-defects4j-jsoup-19-whitelist,defects4j,Java,442,444,16344,16490,3131,3159,false,0,0,0,0,0,0,0,0,0,0,0,0,0,0,0,0,0,0,0,0,0,0,0,0,
java-defects4j-jsoup-2-parser,defects4j,Java,290,291,9821,9855,2499,2507,true,2492,0,7,0,0,0,1,4984,0,14,0,0,0,8,0,2499,2499,0,0,0,0,0,0,0,0
java-defects4j-jsoup-20-datautil,defects4j,Java,133,135,5742,5834,982,1011,false,0,0,0,0,0,0,0,0,0,0,0,0,0,0,0,0,0,0,0,0,0,0,0,0,
java-defects4j-jsoup-23-characterreader,defects4j,Java,212,230,4878,5387,1473,1629,false,0,0,0,0,0,0,0,0,0,0,0,0,0,0,0,0,0,0,0,0,0,0,0,0,
java-defects4j-jsoup-23-tokeniser,defects4j,Java,228,228,8089,8098,1728,1728,false,0,0,0,0,0,0,0,0,0,0,0,0,0,0,0,0,0,0,0,0,0,0,0,0,
java-defects4j-jsoup-24-tokeniserstate,defects4j,Java,1779,1778,61161,61132,13145,13136,true,13127,0,9,0,1,0,0,26254,0,18,0,9,0,0,0,13136,13136,0,0,0,0,0,0,0,0
java-defects4j-jsoup-25-tag,defects4j,Java,262,262,8288,8300,2035,2040,false,0,0,0,0,0,0,0,0,0,0,0,0,0,0,0,0,0,0,0,0,0,0,0,0,
java-defects4j-jsoup-26-cleaner,defects4j,Java,129,130,5272,5391,730,746,true,725,0,5,0,0,16,0,1450,0,10,0,0,16,0,0,730,708,22,0,0,0,0,0,0,0
java-defects4j-jsoup-27-datautil,defects4j,Java,139,140,6026,6122,1038,1068,false,0,0,0,0,0,0,0,0,0,0,0,0,0,0,0,0,0,0,0,0,0,0,0,0,
java-defects4j-jsoup-28-entities,defects4j,Java,189,167,6770,5854,1640,1368,false,0,0,0,0,0,0,0,0,0,0,0,0,0,0,0,0,0,0,0,0,0,0,0,0,
java-defects4j-jsoup-28-parser,defects4j,Java,164,168,5731,5976,642,699,false,0,0,0,0,0,0,0,0,0,0,0,0,0,0,0,0,0,0,0,0,0,0,0,0,
java-defects4j-jsoup-28-tokeniser,defects4j,Java,238,244,8308,8563,1738,1809,false,0,0,0,0,0,0,0,0,0,0,0,0,0,0,0,0,0,0,0,0,0,0,0,0,
java-defects4j-jsoup-29-document,defects4j,Java,362,363,11939,12007,1878,1898,false,0,0,0,0,0,0,0,0,0,0,0,0,0,0,0,0,0,0,0,0,0,0,0,0,
java-defects4j-jsoup-3-element,defects4j,Java,844,844,27890,27915,4186,4194,false,0,0,0,0,0,0,0,0,0,0,0,0,0,0,0,0,0,0,0,0,0,0,0,0,
java-defects4j-jsoup-3-parser,defects4j,Java,301,309,10328,10708,2509,2613,false,0,0,0,0,0,0,0,0,0,0,0,0,0,0,0,0,0,0,0,0,0,0,0,0,
java-defects4j-jsoup-3-tag,defects4j,Java,379,393,13185,13808,3251,3383,false,0,0,0,0,0,0,0,0,0,0,0,0,0,0,0,0,0,0,0,0,0,0,0,0,
java-defects4j-jsoup-31-token,defects4j,Java,262,263,6566,6597,1473,1480,true,1468,0,5,0,0,0,1,2936,0,10,0,0,0,7,0,1473,1473,0,0,0,0,0,0,0,0
java-defects4j-jsoup-31-tokeniserstate,defects4j,Java,1801,1802,61789,61823,13259,13268,true,13252,0,7,0,0,0,1,26504,0,14,0,0,0,9,0,13259,13259,0,0,0,0,0,0,0,0
java-defects4j-jsoup-31-xmltreebuilder,defects4j,Java,112,119,3480,3914,803,922,false,0,0,0,0,0,0,0,0,0,0,0,0,0,0,0,0,0,0,0,0,0,0,0,0,
java-defects4j-jsoup-33-htmltreebuilder,defects4j,Java,704,705,24415,24541,6068,6082,true,6061,0,7,0,0,1,1,12122,0,14,0,0,1,13,0,6068,6068,0,0,0,0,0,0,0,0
java-defects4j-jsoup-34-characterreader,defects4j,Java,284,284,7296,7314,2007,2013,false,0,0,0,0,0,0,0,0,0,0,0,0,0,0,0,0,0,0,0,0,0,0,0,0,
java-defects4j-jsoup-35-htmltreebuilderstate,defects4j,Java,1485,1486,68483,68563,17582,17604,true,17558,0,24,0,0,0,1,35116,0,48,0,0,0,22,0,17582,17582,0,0,0,0,0,0,0,0
java-defects4j-jsoup-36-datautil,defects4j,Java,170,187,7249,8052,1215,1401,false,0,0,0,0,0,0,0,0,0,0,0,0,0,0,0,0,0,0,0,0,0,0,0,0,
java-defects4j-jsoup-37-element,defects4j,Java,1144,1144,40789,40844,5551,5572,false,0,0,0,0,0,0,0,0,0,0,0,0,0,0,0,0,0,0,0,0,0,0,0,0,
java-defects4j-jsoup-38-htmltreebuilderstate,defects4j,Java,1501,1504,70232,70370,17946,17976,false,0,0,0,0,0,0,0,0,0,0,0,0,0,0,0,0,0,0,0,0,0,0,0,0,
java-defects4j-jsoup-39-datautil,defects4j,Java,188,189,8126,8150,1444,1450,true,1437,0,7,0,0,0,1,2874,0,14,0,0,0,6,0,1444,1444,0,0,0,0,0,0,0,0
java-defects4j-jsoup-4-entities,defects4j,Java,2245,2245,75471,75429,22431,22413,false,0,0,0,0,0,0,0,0,0,0,0,0,0,0,0,0,0,0,0,0,0,0,0,0,
java-defects4j-jsoup-40-documenttype,defects4j,Java,48,47,1416,1383,401,391,true,386,0,5,0,1,0,0,772,0,10,0,10,0,0,0,391,391,0,0,0,0,0,0,0,0
java-defects4j-jsoup-41-element,defects4j,Java,1189,1189,42591,42605,5963,5970,false,0,0,0,0,0,0,0,0,0,0,0,0,0,0,0,0,0,0,0,0,0,0,0,0,
java-defects4j-jsoup-42-formelement,defects4j,Java,113,114,4154,4265,809,852,false,0,0,0,0,0,0,0,0,0,0,0,0,0,0,0,0,0,0,0,0,0,0,0,0,
java-defects4j-jsoup-43-element,defects4j,Java,1205,1205,43122,43117,6032,6028,false,0,0,0,0,0,0,0,0,0,0,0,0,0,0,0,0,0,0,0,0,0,0,0,0,
java-defects4j-jsoup-44-treebuilder,defects4j,Java,79,88,2387,2817,632,745,false,0,0,0,0,0,0,0,0,0,0,0,0,0,0,0,0,0,0,0,0,0,0,0,0,
java-defects4j-jsoup-45-htmltreebuilder,defects4j,Java,703,703,24727,24727,6150,6150,false,0,0,0,0,0,0,0,0,0,0,0,0,0,0,0,0,0,0,0,0,0,0,0,0,
java-defects4j-jsoup-46-entities,defects4j,Java,265,265,9951,9958,1952,1955,false,0,0,0,0,0,0,0,0,0,0,0,0,0,0,0,0,0,0,0,0,0,0,0,0,
java-defects4j-jsoup-47-entities,defects4j,Java,266,266,10074,10108,1956,1965,false,0,0,0,0,0,0,0,0,0,0,0,0,0,0,0,0,0,0,0,0,0,0,0,0,
java-defects4j-jsoup-48-httpconnection,defects4j,Java,943,953,35218,35707,7890,8015,false,0,0,0,0,0,0,0,0,0,0,0,0,0,0,0,0,0,0,0,0,0,0,0,0,
java-defects4j-jsoup-49-node,defects4j,Java,679,679,22370,22374,3776,3776,false,0,0,0,0,0,0,0,0,0,0,0,0,0,0,0,0,0,0,0,0,0,0,0,0,
java-defects4j-jsoup-5-parser,defects4j,Java,316,317,11110,11214,2668,2684,false,0,0,0,0,0,0,0,0,0,0,0,0,0,0,0,0,0,0,0,0,0,0,0,0,
java-defects4j-jsoup-50-datautil,defects4j,Java,227,234,9465,10019,1774,1999,false,0,0,0,0,0,0,0,0,0,0,0,0,0,0,0,0,0,0,0,0,0,0,0,0,
java-defects4j-jsoup-51-characterreader,defects4j,Java,396,396,10960,10985,2881,2891,false,0,0,0,0,0,0,0,0,0,0,0,0,0,0,0,0,0,0,0,0,0,0,0,0,
java-defects4j-jsoup-52-datautil,defects4j,Java,260,254,10916,10662,2261,2213,false,0,0,0,0,0,0,0,0,0,0,0,0,0,0,0,0,0,0,0,0,0,0,0,0,
java-defects4j-jsoup-52-xmldeclaration,defects4j,Java,78,66,2199,1735,492,337,true,250,0,7,10,2,7,2,569,0,14,10,201,7,28,69,257,248,9,0,0,0,20,0,20,23
java-defects4j-jsoup-52-xmltreebuilder,defects4j,Java,126,129,4426,4621,993,1085,false,0,0,0,0,0,0,0,0,0,0,0,0,0,0,0,0,0,0,0,0,0,0,0,0,
java-defects4j-jsoup-53-tokenqueue,defects4j,Java,395,400,11840,12038,1993,2046,false,0,0,0,0,0,0,0,0,0,0,0,0,0,0,0,0,0,0,0,0,0,0,0,0,
java-defects4j-jsoup-54-w3cdom,defects4j,Java,175,176,6817,6883,1541,1557,true,1532,0,9,0,0,16,0,3064,0,18,0,0,16,0,0,1541,1523,18,0,0,0,0,0,0,0
java-defects4j-jsoup-55-tokeniserstate,defects4j,Java,1729,1730,59308,59343,12679,12688,true,12669,0,10,0,0,0,1,25338,0,20,0,0,0,9,0,12679,12679,0,0,0,0,0,0,0,0
java-defects4j-jsoup-56-documenttype,defects4j,Java,72,87,2194,2754,520,683,true,505,1,14,0,0,25,3,1010,2,28,0,0,25,138,0,520,520,0,0,0,0,0,0,0,0
java-defects4j-jsoup-56-htmltreebuilderstate,defects4j,Java,1513,1513,70947,70965,17692,17700,false,0,0,0,0,0,0,0,0,0,0,0,0,0,0,0,0,0,0,0,0,0,0,0,0,
java-defects4j-jsoup-56-token,defects4j,Java,367,372,10222,10357,2089,2115,false,0,0,0,0,0,0,0,0,0,0,0,0,0,0,0,0,0,0,0,0,0,0,0,0,
java-defects4j-jsoup-56-tokeniserstate,defects4j,Java,1732,1734,59411,59551,12701,12731,false,0,0,0,0,0,0,0,0,0,0,0,0,0,0,0,0,0,0,0,0,0,0,0,0,
java-defects4j-jsoup-56-xmltreebuilder,defects4j,Java,137,137,5016,5034,1176,1184,false,0,0,0,0,0,0,0,0,0,0,0,0,0,0,0,0,0,0,0,0,0,0,0,0,
java-defects4j-jsoup-57-attributes,defects4j,Java,342,342,10585,10570,2119,2118,false,0,0,0,0,0,0,0,0,0,0,0,0,0,0,0,0,0,0,0,0,0,0,0,0,
java-defects4j-jsoup-58-cleaner,defects4j,Java,165,176,6651,7326,1103,1295,false,0,0,0,0,0,0,0,0,0,0,0,0,0,0,0,0,0,0,0,0,0,0,0,0,
java-defects4j-jsoup-58-jsoup,defects4j,Java,253,253,10830,10815,831,822,false,0,0,0,0,0,0,0,0,0,0,0,0,0,0,0,0,0,0,0,0,0,0,0,0,
java-defects4j-jsoup-58-parser,defects4j,Java,205,209,7600,7908,880,949,false,0,0,0,0,0,0,0,0,0,0,0,0,0,0,0,0,0,0,0,0,0,0,0,0,
java-defects4j-jsoup-59-token,defects4j,Java,374,376,10609,10684,2128,2146,false,0,0,0,0,0,0,0,0,0,0,0,0,0,0,0,0,0,0,0,0,0,0,0,0,
java-defects4j-jsoup-6-entities,defects4j,Java,2244,2244,75459,75543,22413,22428,false,0,0,0,0,0,0,0,0,0,0,0,0,0,0,0,0,0,0,0,0,0,0,0,0,
java-defects4j-jsoup-60-queryparser,defects4j,Java,372,376,13581,13723,3974,4009,false,0,0,0,0,0,0,0,0,0,0,0,0,0,0,0,0,0,0,0,0,0,0,0,0,
java-defects4j-jsoup-60-tokenqueue,defects4j,Java,401,404,12108,12253,2072,2101,false,0,0,0,0,0,0,0,0,0,0,0,0,0,0,0,0,0,0,0,0,0,0,0,0,
java-defects4j-jsoup-61-element,defects4j,Java,1290,1290,46236,46246,6526,6526,false,0,0,0,0,0,0,0,0,0,0,0,0,0,0,0,0,0,0,0,0,0,0,0,0,
java-defects4j-jsoup-62-htmltreebuilderstate,defects4j,Java,1513,1513,70965,71003,17700,17701,false,0,0,0,0,0,0,0,0,0,0,0,0,0,0,0,0,0,0,0,0,0,0,0,0,
java-defects4j-jsoup-64-htmltreebuilderstate,defects4j,Java,1520,1520,71183,71183,17623,17623,false,0,0,0,0,0,0,0,0,0,0,0,0,0,0,0,0,0,0,0,0,0,0,0,0,
java-defects4j-jsoup-65-htmltreebuilder,defects4j,Java,725,725,25364,25388,6291,6301,false,0,0,0,0,0,0,0,0,0,0,0,0,0,0,0,0,0,0,0,0,0,0,0,0,
java-defects4j-jsoup-65-htmltreebuilderstate,defects4j,Java,1521,1525,71230,71428,17633,17693,false,0,0,0,0,0,0,0,0,0,0,0,0,0,0,0,0,0,0,0,0,0,0,0,0,
java-defects4j-jsoup-66-element,defects4j,Java,1417,1420,50842,50953,7269,7297,false,0,0,0,0,0,0,0,0,0,0,0,0,0,0,0,0,0,0,0,0,0,0,0,0,
java-defects4j-jsoup-67-htmltreebuilder,defects4j,Java,731,735,25577,25792,6365,6396,false,0,0,0,0,0,0,0,0,0,0,0,0,0,0,0,0,0,0,0,0,0,0,0,0,
java-defects4j-jsoup-68-htmltreebuilder,defects4j,Java,737,734,25987,25897,6343,6327,false,0,0,0,0,0,0,0,0,0,0,0,0,0,0,0,0,0,0,0,0,0,0,0,0,
java-defects4j-jsoup-69-formelement,defects4j,Java,108,113,4127,4252,813,850,false,0,0,0,0,0,0,0,0,0,0,0,0,0,0,0,0,0,0,0,0,0,0,0,0,
java-defects4j-jsoup-7-document,defects4j,Java,293,315,9481,10413,1349,1601,false,0,0,0,0,0,0,0,0,0,0,0,0,0,0,0,0,0,0,0,0,0,0,0,0,
java-defects4j-jsoup-70-element,defects4j,Java,1432,1435,51350,51379,7371,7384,false,0,0,0,0,0,0,0,0,0,0,0,0,0,0,0,0,0,0,0,0,0,0,0,0,
java-defects4j-jsoup-71-evaluator,defects4j,Java,756,778,19766,20589,4611,4809,false,0,0,0,0,0,0,0,0,0,0,0,0,0,0,0,0,0,0,0,0,0,0,0,0,
java-defects4j-jsoup-71-queryparser,defects4j,Java,378,380,13737,13833,3998,4033,false,0,0,0,0,0,0,0,0,0,0,0,0,0,0,0,0,0,0,0,0,0,0,0,0,
java-defects4j-jsoup-72-characterreader,defects4j,Java,473,475,14003,14049,3426,3441,false,0,0,0,0,0,0,0,0,0,0,0,0,0,0,0,0,0,0,0,0,0,0,0,0,
java-defects4j-jsoup-73-w3cdom,defects4j,Java,172,176,6672,6981,1542,1631,false,0,0,0,0,0,0,0,0,0,0,0,0,0,0,0,0,0,0,0,0,0,0,0,0,
java-defects4j-jsoup-74-stringutil,defects4j,Java,252,255,9124,9302,1646,1716,false,0,0,0,0,0,0,0,0,0,0,0,0,0,0,0,0,0,0,0,0,0,0,0,0,
java-defects4j-jsoup-75-attributes,defects4j,Java,446,445,13721,13627,2902,2863,false,0,0,0,0,0,0,0,0,0,0,0,0,0,0,0,0,0,0,0,0,0,0,0,0,
java-defects4j-jsoup-76-htmltreebuilderstate,defects4j,Java,1530,1531,71507,71588,17740,17757,true,17718,0,22,0,0,1,1,35436,0,44,0,0,1,16,0,17740,17740,0,0,0,0,0,0,0,0
java-defects4j-jsoup-77-xmltreebuilder,defects4j,Java,143,143,5254,5260,1260,1260,false,0,0,0,0,0,0,0,0,0,0,0,0,0,0,0,0,0,0,0,0,0,0,0,0,
java-defects4j-jsoup-78-datautil,defects4j,Java,266,271,11453,11610,2325,2361,false,0,0,0,0,0,0,0,0,0,0,0,0,0,0,0,0,0,0,0,0,0,0,0,0,
java-defects4j-jsoup-79-leafnode,defects4j,Java,96,98,2219,2262,604,627,true,586,0,5,0,1,0,3,1172,0,10,0,13,0,36,0,591,591,0,0,0,0,0,0,0,4
java-defects4j-jsoup-8-node,defects4j,Java,417,420,13142,13306,2233,2284,false,0,0,0,0,0,0,0,0,0,0,0,0,0,0,0,0,0,0,0,0,0,0,0,0,
java-defects4j-jsoup-80-xmltreebuilder,defects4j,Java,143,145,5290,5418,1264,1283,false,0,0,0,0,0,0,0,0,0,0,0,0,0,0,0,0,0,0,0,0,0,0,0,0,
java-defects4j-jsoup-81-datautil,defects4j,Java,277,283,11907,12176,2403,2464,false,0,0,0,0,0,0,0,0,0,0,0,0,0,0,0,0,0,0,0,0,0,0,0,0,
java-defects4j-jsoup-82-datautil,defects4j,Java,267,270,11692,11808,2321,2355,false,0,0,0,0,0,0,0,0,0,0,0,0,0,0,0,0,0,0,0,0,0,0,0,0,
java-defects4j-jsoup-84-w3cdom,defects4j,Java,178,179,7044,7184,1638,1671,false,0,0,0,0,0,0,0,0,0,0,0,0,0,0,0,0,0,0,0,0,0,0,0,0,
java-defects4j-jsoup-86-comment,defects4j,Java,85,85,2346,2348,548,554,true,538,1,9,0,0,6,0,1076,2,18,0,0,6,0,0,548,542,6,0,0,0,0,0,0,0
java-defects4j-jsoup-87-element,defects4j,Java,1494,1497,54248,54320,7792,7813,false,0,0,0,0,0,0,0,0,0,0,0,0,0,0,0,0,0,0,0,0,0,0,0,0,
java-defects4j-jsoup-87-htmltreebuilder,defects4j,Java,733,733,25725,25788,6341,6342,false,0,0,0,0,0,0,0,0,0,0,0,0,0,0,0,0,0,0,0,0,0,0,0,0,
java-defects4j-jsoup-87-htmltreebuilderstate,defects4j,Java,1528,1528,71591,71796,17800,17791,false,0,0,0,0,0,0,0,0,0,0,0,0,0,0,0,0,0,0,0,0,0,0,0,0,
java-defects4j-jsoup-87-tag,defects4j,Java,322,328,10604,10874,2420,2469,false,0,0,0,0,0,0,0,0,0,0,0,0,0,0,0,0,0,0,0,0,0,0,0,0,
java-defects4j-jsoup-88-attribute,defects4j,Java,208,208,6915,6940,1489,1496,false,0,0,0,0,0,0,0,0,0,0,0,0,0,0,0,0,0,0,0,0,0,0,0,0,
java-defects4j-jsoup-89-attribute,defects4j,Java,208,209,6965,7024,1503,1513,false,0,0,0,0,0,0,0,0,0,0,0,0,0,0,0,0,0,0,0,0,0,0,0,0,
java-defects4j-jsoup-9-entities,defects4j,Java,2274,2274,76534,76538,22687,22689,false,0,0,0,0,0,0,0,0,0,0,0,0,0,0,0,0,0,0,0,0,0,0,0,0,
java-defects4j-jsoup-90-httpconnection,defects4j,Java,1201,1203,43804,43879,10143,10159,false,0,0,0,0,0,0,0,0,0,0,0,0,0,0,0,0,0,0,0,0,0,0,0,0,
java-defects4j-jsoup-91-characterreader,defects4j,Java,524,536,15401,15830,3659,3763,false,0,0,0,0,0,0,0,0,0,0,0,0,0,0,0,0,0,0,0,0,0,0,0,0,
java-defects4j-jsoup-91-uncheckedioexception,defects4j,Java,14,17,281,378,72,98,true,69,0,3,0,0,0,1,138,0,6,0,0,0,26,0,72,72,0,0,0,0,0,0,0,0
java-defects4j-jsoup-92-attributes,defects4j,Java,459,482,14044,14862,2880,3119,false,0,0,0,0,0,0,0,0,0,0,0,0,0,0,0,0,0,0,0,0,0,0,0,0,
java-defects4j-jsoup-92-htmltreebuilder,defects4j,Java,735,741,25826,26038,6342,6403,false,0,0,0,0,0,0,0,0,0,0,0,0,0,0,0,0,0,0,0,0,0,0,0,0,
java-defects4j-jsoup-92-parsesettings,defects4j,Java,75,78,1928,2017,302,317,true,299,0,3,0,0,0,1,598,0,6,0,0,0,15,0,302,302,0,0,0,0,0,0,0,0
java-defects4j-jsoup-92-token,defects4j,Java,394,394,11078,11078,2209,2209,false,0,0,0,0,0,0,0,0,0,0,0,0,0,0,0,0,0,0,0,0,0,0,0,0,
java-defects4j-jsoup-92-xmltreebuilder,defects4j,Java,152,153,5259,5310,1216,1229,true,1211,0,5,0,0,0,1,2422,0,10,0,0,0,13,0,1216,1216,0,0,0,0,0,0,0,0
java-defects4j-jsoup-93-formelement,defects4j,Java,114,115,4256,4346,850,870,true,843,0,7,0,0,0,2,1686,0,14,0,0,0,20,0,850,850,0,0,0,0,0,0,0,0
java-defects4j-jxpath-1-domnodepointer,defects4j,Java,772,773,25107,25169,6038,6047,false,0,0,0,0,0,0,0,0,0,0,0,0,0,0,0,0,0,0,0,0,0,0,0,0,
java-defects4j-jxpath-1-jdomnodepointer,defects4j,Java,768,768,24937,24969,6101,6113,false,0,0,0,0,0,0,0,0,0,0,0,0,0,0,0,0,0,0,0,0,0,0,0,0,
java-defects4j-jxpath-10-coreoperationrelationalexpression,defects4j,Java,119,119,3769,3758,822,822,false,0,0,0,0,0,0,0,0,0,0,0,0,0,0,0,0,0,0,0,0,0,0,0,0,
java-defects4j-jxpath-11-domattributeiterator,defects4j,Java,157,160,5071,5294,1135,1196,false,0,0,0,0,0,0,0,0,0,0,0,0,0,0,0,0,0,0,0,0,0,0,0,0,
java-defects4j-jxpath-11-jdomattributeiterator,defects4j,Java,114,124,3764,4219,738,835,false,0,0,0,0,0,0,0,0,0,0,0,0,0,0,0,0,0,0,0,0,0,0,0,0,
java-defects4j-jxpath-12-domnodepointer,defects4j,Java,727,728,24476,24563,5912,5933,false,0,0,0,0,0,0,0,0,0,0,0,0,0,0,0,0,0,0,0,0,0,0,0,0,
java-defects4j-jxpath-14-corefunction,defects4j,Java,718,727,24844,25132,5969,6077,false,0,0,0,0,0,0,0,0,0,0,0,0,0,0,0,0,0,0,0,0,0,0,0,0,
java-defects4j-jxpath-15-unioncontext,defects4j,Java,65,71,2378,2570,385,457,true,360,0,15,0,1,0,4,720,0,30,0,10,0,82,0,375,375,0,0,0,0,0,0,0,0
java-defects4j-jxpath-16-domnodepointer,defects4j,Java,920,919,28762,28675,6248,6233,false,0,0,0,0,0,0,0,0,0,0,0,0,0,0,0,0,0,0,0,0,0,0,0,0,
java-defects4j-jxpath-16-jdomnodepointer,defects4j,Java,772,772,25726,25675,6314,6299,false,0,0,0,0,0,0,0,0,0,0,0,0,0,0,0,0,0,0,0,0,0,0,0,0,
java-defects4j-jxpath-18-attributecontext,defects4j,Java,91,102,2953,3494,515,641,true,466,0,11,38,0,95,3,932,0,22,38,0,95,69,0,477,477,0,0,0,0,0,0,0,45
java-defects4j-jxpath-19-domnodepointer,defects4j,Java,789,793,26253,26469,5818,5886,false,0,0,0,0,0,0,0,0,0,0,0,0,0,0,0,0,0,0,0,0,0,0,0,0,
java-defects4j-jxpath-19-jdomnodepointer,defects4j,Java,812,820,26524,26819,6086,6179,false,0,0,0,0,0,0,0,0,0,0,0,0,0,0,0,0,0,0,0,0,0,0,0,0,
java-defects4j-jxpath-2-expression,defects4j,Java,145,154,4824,5263,803,934,false,0,0,0,0,0,0,0,0,0,0,0,0,0,0,0,0,0,0,0,0,0,0,0,0,
java-defects4j-jxpath-20-coreoperationrelationalexpression,defects4j,Java,158,167,4942,5200,829,899,false,0,0,0,0,0,0,0,0,0,0,0,0,0,0,0,0,0,0,0,0,0,0,0,0,
java-defects4j-jxpath-21-propertypointer,defects4j,Java,254,255,7453,7515,1350,1365,false,0,0,0,0,0,0,0,0,0,0,0,0,0,0,0,0,0,0,0,0,0,0,0,0,
java-defects4j-jxpath-22-domnodepointer,defects4j,Java,792,792,26520,26549,5886,5901,false,0,0,0,0,0,0,0,0,0,0,0,0,0,0,0,0,0,0,0,0,0,0,0,0,
java-defects4j-jxpath-3-nullpropertypointer,defects4j,Java,224,238,7292,8063,1312,1467,false,0,0,0,0,0,0,0,0,0,0,0,0,0,0,0,0,0,0,0,0,0,0,0,0,
java-defects4j-jxpath-5-nodepointer,defects4j,Java,706,704,22609,22449,3361,3334,false,0,0,0,0,0,0,0,0,0,0,0,0,0,0,0,0,0,0,0,0,0,0,0,0,
java-defects4j-jxpath-6-coreoperationcompare,defects4j,Java,141,149,4457,4581,981,1025,false,0,0,0,0,0,0,0,0,0,0,0,0,0,0,0,0,0,0,0,0,0,0,0,0,
java-defects4j-jxpath-7-coreoperationgreaterthan,defects4j,Java,42,38,1609,1335,208,108,true,83,0,3,0,3,0,1,166,0,6,0,122,0,22,0,86,86,0,0,0,0,0,0,0,36
java-defects4j-jxpath-7-coreoperationgreaterthanorequal,defects4j,Java,43,39,1634,1360,208,108,true,83,0,3,0,3,0,1,166,0,6,0,122,0,22,0,86,86,0,0,0,0,0,0,0,36
java-defects4j-jxpath-7-coreoperationlessthan,defects4j,Java,42,38,1603,1329,208,108,true,83,0,3,0,3,0,1,166,0,6,0,122,0,22,0,86,86,0,0,0,0,0,0,0,36
java-defects4j-jxpath-7-coreoperationlessthanorequal,defects4j,Java,43,39,1628,1354,208,108,true,83,0,3,0,3,0,1,166,0,6,0,122,0,22,0,86,86,0,0,0,0,0,0,0,36
java-defects4j-jxpath-7-coreoperationrelationalexpression,defects4j,Java,39,116,1326,3714,91,817,true,88,0,3,0,0,0,14,176,0,6,0,0,0,726,0,91,91,0,0,0,0,0,0,0,0
java-defects4j-jxpath-8-coreoperationrelationalexpression,defects4j,Java,113,119,3633,3769,782,822,false,0,0,0,0,0,0,0,0,0,0,0,0,0,0,0,0,0,0,0,0,0,0,0,0,
java-defects4j-lang-1-numberutils,defects4j,Java,1427,1436,49045,49478,6360,6466,false,0,0,0,0,0,0,0,0,0,0,0,0,0,0,0,0,0,0,0,0,0,0,0,0,
java-defects4j-lang-10-fastdateparser,defects4j,Java,876,867,29985,29710,5214,5151,false,0,0,0,0,0,0,0,0,0,0,0,0,0,0,0,0,0,0,0,0,0,0,0,0,
java-defects4j-lang-11-randomstringutils,defects4j,Java,331,335,12672,12861,1136,1183,false,0,0,0,0,0,0,0,0,0,0,0,0,0,0,0,0,0,0,0,0,0,0,0,0,
java-defects4j-lang-12-randomstringutils,defects4j,Java,324,331,12423,12672,1077,1136,false,0,0,0,0,0,0,0,0,0,0,0,0,0,0,0,0,0,0,0,0,0,0,0,0,
java-defects4j-lang-13-serializationutils,defects4j,Java,274,293,10829,11718,994,1259,false,0,0,0,0,0,0,0,0,0,0,0,0,0,0,0,0,0,0,0,0,0,0,0,0,
java-defects4j-lang-14-stringutils,defects4j,Java,6588,6591,266810,266991,21143,21203,true,21138,0,5,0,0,7,3,42276,0,10,0,0,7,53,0,21143,21132,0,11,0,0,0,0,0,0
java-defects4j-lang-15-typeutils,defects4j,Java,1101,1101,44176,44161,5538,5508,false,0,0,0,0,0,0,0,0,0,0,0,0,0,0,0,0,0,0,0,0,0,0,0,0,
java-defects4j-lang-16-numberutils,defects4j,Java,1413,1413,47695,47744,6210,6236,false,0,0,0,0,0,0,0,0,0,0,0,0,0,0,0,0,0,0,0,0,0,0,0,0,
java-defects4j-lang-17-charsequencetranslator,defects4j,Java,131,125,5128,4948,579,542,true,517,0,13,49,0,12,0,1034,0,26,49,0,12,0,0,530,476,0,32,22,0,0,0,0,3
java-defects4j-lang-18-fastdateformat,defects4j,Java,1519,1519,49042,49061,6644,6652,false,0,0,0,0,0,0,0,0,0,0,0,0,0,0,0,0,0,0,0,0,0,0,0,0,
java-defects4j-lang-19-numericentityunescaper,defects4j,Java,84,90,2860,3279,494,630,true,464,1,18,2,0,64,1,991,2,36,2,0,64,29,63,483,482,0,1,0,0,9,0,9,49
java-defects4j-lang-20-stringutils,defects4j,Java,6564,6564,265315,265174,21302,21234,false,0,0,0,0,0,0,0,0,0,0,0,0,0,0,0,0,0,0,0,0,0,0,0,0,
java-defects4j-lang-21-dateutils,defects4j,Java,1871,1871,79296,79310,6487,6487,false,0,0,0,0,0,0,0,0,0,0,0,0,0,0,0,0,0,0,0,0,0,0,0,0,
java-defects4j-lang-22-fraction,defects4j,Java,958,964,35160,35410,4627,4715,false,0,0,0,0,0,0,0,0,0,0,0,0,0,0,0,0,0,0,0,0,0,0,0,0,
java-defects4j-lang-23-extendedmessageformat,defects4j,Java,505,536,18262,19190,2936,3187,false,0,0,0,0,0,0,0,0,0,0,0,0,0,0,0,0,0,0,0,0,0,0,0,0,
java-defects4j-lang-24-numberutils,defects4j,Java,1423,1423,47953,47969,6188,6193,false,0,0,0,0,0,0,0,0,0,0,0,0,0,0,0,0,0,0,0,0,0,0,0,0,
java-defects4j-lang-26-fastdateformat,defects4j,Java,1757,1757,56991,57000,8145,8147,false,0,0,0,0,0,0,0,0,0,0,0,0,0,0,0,0,0,0,0,0,0,0,0,0,
java-defects4j-lang-27-numberutils,defects4j,Java,1420,1423,47762,47936,6142,6188,false,0,0,0,0,0,0,0,0,0,0,0,0,0,0,0,0,0,0,0,0,0,0,0,0,
java-defects4j-lang-28-numericentityunescaper,defects4j,Java,68,74,2296,2504,354,417,true,347,0,7,0,0,13,1,694,0,14,0,0,13,50,0,354,344,0,10,0,0,0,0,0,0
java-defects4j-lang-29-systemutils,defects4j,Java,1824,1824,60142,60140,2962,2962,false,0,0,0,0,0,0,0,0,0,0,0,0,0,0,0,0,0,0,0,0,0,0,0,0,
java-defects4j-lang-3-numberutils,defects4j,Java,1423,1427,48785,49045,6334,6360,false,0,0,0,0,0,0,0,0,0,0,0,0,0,0,0,0,0,0,0,0,0,0,0,0,
java-defects4j-lang-30-stringutils,defects4j,Java,6152,6190,244454,245948,19485,19840,false,0,0,0,0,0,0,0,0,0,0,0,0,0,0,0,0,0,0,0,0,0,0,0,0,
java-defects4j-lang-31-stringutils,defects4j,Java,6134,6142,243427,243731,19326,19421,false,0,0,0,0,0,0,0,0,0,0,0,0,0,0,0,0,0,0,0,0,0,0,0,0,
java-defects4j-lang-32-hashcodebuilder,defects4j,Java,982,991,32888,33211,2834,2924,false,0,0,0,0,0,0,0,0,0,0,0,0,0,0,0,0,0,0,0,0,0,0,0,0,
java-defects4j-lang-33-classutils,defects4j,Java,1052,1052,42447,42473,5182,5194,false,0,0,0,0,0,0,0,0,0,0,0,0,0,0,0,0,0,0,0,0,0,0,0,0,
java-defects4j-lang-34-tostringstyle,defects4j,Java,2278,2278,75183,75130,7994,7974,false,0,0,0,0,0,0,0,0,0,0,0,0,0,0,0,0,0,0,0,0,0,0,0,0,
java-defects4j-lang-35-arrayutils,defects4j,Java,4485,4485,180295,180408,18217,18213,false,0,0,0,0,0,0,0,0,0,0,0,0,0,0,0,0,0,0,0,0,0,0,0,0,
java-defects4j-lang-36-numberutils,defects4j,Java,1408,1416,47355,47690,6098,6142,false,0,0,0,0,0,0,0,0,0,0,0,0,0,0,0,0,0,0,0,0,0,0,0,0,
java-defects4j-lang-37-arrayutils,defects4j,Java,4411,4419,177105,177479,18005,18108,false,0,0,0,0,0,0,0,0,0,0,0,0,0,0,0,0,0,0,0,0,0,0,0,0,
java-defects4j-lang-38-fastdateformat,defects4j,Java,1756,1757,56938,56983,8135,8145,true,8128,0,7,0,0,1,1,16256,0,14,0,0,1,9,0,8135,8135,0,0,0,0,0,0,0,0
java-defects4j-lang-39-stringutils,defects4j,Java,5837,5840,229858,229969,18534,18563,false,0,0,0,0,0,0,0,0,0,0,0,0,0,0,0,0,0,0,0,0,0,0,0,0,
java-defects4j-lang-4-lookuptranslator,defects4j,Java,85,85,2989,2999,453,465,true,423,2,28,0,0,12,0,846,4,56,0,0,12,0,0,453,447,6,0,0,0,0,0,0,0
java-defects4j-lang-40-stringutils,defects4j,Java,5767,5774,226520,226708,18030,18093,false,0,0,0,0,0,0,0,0,0,0,0,0,0,0,0,0,0,0,0,0,0,0,0,0,
java-defects4j-lang-41-classutils,defects4j,Java,1018,1037,40760,41639,4898,5169,false,0,0,0,0,0,0,0,0,0,0,0,0,0,0,0,0,0,0,0,0,0,0,0,0,
java-defects4j-lang-43-extendedmessageformat,defects4j,Java,474,475,17049,17072,2831,2839,true,2824,0,7,0,0,0,1,5648,0,14,0,0,0,8,0,2831,2831,0,0,0,0,0,0,0,0
java-defects4j-lang-44-numberutils,defects4j,Java,712,715,24210,24368,3054,3107,false,0,0,0,0,0,0,0,0,0,0,0,0,0,0,0,0,0,0,0,0,0,0,0,0,
java-defects4j-lang-45-wordutils,defects4j,Java,644,647,25440,25524,2246,2276,false,0,0,0,0,0,0,0,0,0,0,0,0,0,0,0,0,0,0,0,0,0,0,0,0,
java-defects4j-lang-46-stringescapeutils,defects4j,Java,862,865,33314,33504,2992,3019,false,0,0,0,0,0,0,0,0,0,0,0,0,0,0,0,0,0,0,0,0,0,0,0,0,
java-defects4j-lang-47-strbuilder,defects4j,Java,2712,2718,92007,92149,11538,11578,false,0,0,0,0,0,0,0,0,0,0,0,0,0,0,0,0,0,0,0,0,0,0,0,0,
java-defects4j-lang-48-equalsbuilder,defects4j,Java,843,847,29863,30031,3632,3686,false,0,0,0,0,0,0,0,0,0,0,0,0,0,0,0,0,0,0,0,0,0,0,0,0,
java-defects4j-lang-49-fraction,defects4j,Java,943,946,34645,34732,4585,4611,false,0,0,0,0,0,0,0,0,0,0,0,0,0,0,0,0,0,0,0,0,0,0,0,0,
java-defects4j-lang-50-fastdateformat,defects4j,Java,1751,1747,56696,56584,8075,8051,false,0,0,0,0,0,0,0,0,0,0,0,0,0,0,0,0,0,0,0,0,0,0,0,0,
java-defects4j-lang-51-booleanutils,defects4j,Java,972,973,36389,36419,2955,2959,true,2946,0,9,0,0,0,1,5892,0,18,0,0,0,4,0,2955,2955,0,0,0,0,0,0,0,0
java-defects4j-lang-52-stringescapeutils,defects4j,Java,687,691,26499,26641,2328,2356,false,0,0,0,0,0,0,0,0,0,0,0,0,0,0,0,0,0,0,0,0,0,0,0,0,
java-defects4j-lang-53-dateutils,defects4j,Java,990,990,39413,39405,4282,4282,false,0,0,0,0,0,0,0,0,0,0,0,0,0,0,0,0,0,0,0,0,0,0,0,0,
java-defects4j-lang-54-localeutils,defects4j,Java,291,294,11554,11676,1472,1516,true,1465,0,7,0,0,0,1,2930,0,14,0,0,0,44,0,1472,1472,0,0,0,0,0,0,0,0
java-defects4j-lang-55-stopwatch,defects4j,Java,263,265,9073,9132,856,871,false,0,0,0,0,0,0,0,0,0,0,0,0,0,0,0,0,0,0,0,0,0,0,0,0,
java-defects4j-lang-56-fastdateformat,defects4j,Java,1740,1744,56193,56362,8037,8074,false,0,0,0,0,0,0,0,0,0,0,0,0,0,0,0,0,0,0,0,0,0,0,0,0,
java-defects4j-lang-57-localeutils,defects4j,Java,291,291,11552,11554,1468,1472,false,0,0,0,0,0,0,0,0,0,0,0,0,0,0,0,0,0,0,0,0,0,0,0,0,
java-defects4j-lang-58-numberutils,defects4j,Java,1627,1626,53142,53099,7017,7008,false,0,0,0,0,0,0,0,0,0,0,0,0,0,0,0,0,0,0,0,0,0,0,0,0,
java-defects4j-lang-59-strbuilder,defects4j,Java,2364,2364,80811,80810,10599,10599,false,0,0,0,0,0,0,0,0,0,0,0,0,0,0,0,0,0,0,0,0,0,0,0,0,
java-defects4j-lang-6-charsequencetranslator,defects4j,Java,125,125,4948,4947,542,542,true,526,1,15,0,0,0,0,1052,2,30,0,0,0,0,0,542,542,0,0,0,0,0,0,0,0
java-defects4j-lang-60-strbuilder,defects4j,Java,2364,2364,80826,80811,10602,10599,false,0,0,0,0,0,0,0,0,0,0,0,0,0,0,0,0,0,0,0,0,0,0,0,0,
java-defects4j-lang-61-strbuilder,defects4j,Java,2364,2364,80832,80826,10602,10602,false,0,0,0,0,0,0,0,0,0,0,0,0,0,0,0,0,0,0,0,0,0,0,0,0,
java-defects4j-lang-63-durationformatutils,defects4j,Java,635,618,24542,23708,4061,3840,false,0,0,0,0,0,0,0,0,0,0,0,0,0,0,0,0,0,0,0,0,0,0,0,0,
java-defects4j-lang-64-valuedenum,defects4j,Java,210,231,7149,8040,420,668,true,415,0,5,0,0,121,2,830,0,10,0,0,121,127,0,420,417,0,0,3,0,0,0,0,0
java-defects4j-lang-65-dateutils,defects4j,Java,959,989,38294,39248,3978,4282,false,0,0,0,0,0,0,0,0,0,0,0,0,0,0,0,0,0,0,0,0,0,0,0,0,
java-defects4j-lang-7-numberutils,defects4j,Java,1422,1422,48326,48386,6301,6319,false,0,0,0,0,0,0,0,0,0,0,0,0,0,0,0,0,0,0,0,0,0,0,0,0,
java-defects4j-lang-8-fastdateprinter,defects4j,Java,1251,1250,38455,38441,6088,6087,false,0,0,0,0,0,0,0,0,0,0,0,0,0,0,0,0,0,0,0,0,0,0,0,0,
java-defects4j-lang-9-fastdateparser,defects4j,Java,867,870,29710,29926,5151,5208,false,0,0,0,0,0,0,0,0,0,0,0,0,0,0,0,0,0,0,0,0,0,0,0,0,
java-defects4j-math-1-bigfraction,defects4j,Java,1144,1147,38568,38688,4655,4683,false,0,0,0,0,0,0,0,0,0,0,0,0,0,0,0,0,0,0,0,0,0,0,0,0,
java-defects4j-math-1-fraction,defects4j,Java,671,674,23715,23835,3165,3193,false,0,0,0,0,0,0,0,0,0,0,0,0,0,0,0,0,0,0,0,0,0,0,0,0,
java-defects4j-math-10-dscompiler,defects4j,Java,1762,1763,75658,75729,12444,12471,true,12439,0,5,0,0,0,1,24878,0,10,0,0,0,27,0,12444,12444,0,0,0,0,0,0,0,0
java-defects4j-math-100-abstractestimator,defects4j,Java,301,301,10388,10400,1501,1501,false,0,0,0,0,0,0,0,0,0,0,0,0,0,0,0,0,0,0,0,0,0,0,0,0,
java-defects4j-math-101-complexformat,defects4j,Java,542,543,19186,19264,2323,2353,false,0,0,0,0,0,0,0,0,0,0,0,0,0,0,0,0,0,0,0,0,0,0,0,0,
java-defects4j-math-102-chisquaretestimpl,defects4j,Java,404,421,15509,16113,2255,2432,false,0,0,0,0,0,0,0,0,0,0,0,0,0,0,0,0,0,0,0,0,0,0,0,0,
java-defects4j-math-103-normaldistributionimpl,defects4j,Java,201,211,6503,6840,659,735,true,654,0,5,0,0,5,1,1308,0,10,0,0,5,71,0,659,617,0,42,0,0,0,0,0,6
java-defects4j-math-104-gamma,defects4j,Java,262,262,9328,9329,1184,1184,false,0,0,0,0,0,0,0,0,0,0,0,0,0,0,0,0,0,0,0,0,0,0,0,0,
java-defects4j-math-105-simpleregression,defects4j,Java,519,519,18430,18444,1321,1330,false,0,0,0,0,0,0,0,0,0,0,0,0,0,0,0,0,0,0,0,0,0,0,0,0,
java-defects4j-math-106-properfractionformat,defects4j,Java,221,229,7591,7817,908,972,false,0,0,0,0,0,0,0,0,0,0,0,0,0,0,0,0,0,0,0,0,0,0,0,0,
java-defects4j-math-11-multivariatenormaldistribution,defects4j,Java,240,240,9008,9010,1467,1467,false,0,0,0,0,0,0,0,0,0,0,0,0,0,0,0,0,0,0,0,0,0,0,0,0,
java-defects4j-math-12-bitsstreamgenerator,defects4j,Java,170,173,5441,5559,969,993,false,0,0,0,0,0,0,0,0,0,0,0,0,0,0,0,0,0,0,0,0,0,0,0,0,
java-defects4j-math-13-abstractleastsquaresoptimizer,defects4j,Java,565,574,23295,23630,2383,2487,false,0,0,0,0,0,0,0,0,0,0,0,0,0,0,0,0,0,0,0,0,0,0,0,0,
java-defects4j-math-14-abstractleastsquaresoptimizer,defects4j,Java,270,279,10441,10777,1148,1252,false,0,0,0,0,0,0,0,0,0,0,0,0,0,0,0,0,0,0,0,0,0,0,0,0,
java-defects4j-math-14-weight,defects4j,Java,71,68,2416,2270,321,262,true,248,0,7,0,2,0,1,496,0,14,0,66,0,7,0,255,255,0,0,0,0,0,0,0,10
java-defects4j-math-15-fastmath,defects4j,Java,3865,3866,121270,121335,24162,24177,false,0,0,0,0,0,0,0,0,0,0,0,0,0,0,0,0,0,0,0,0,0,0,0,0,
java-defects4j-math-16-fastmath,defects4j,Java,3845,3864,120543,121212,23939,24161,false,0,0,0,0,0,0,0,0,0,0,0,0,0,0,0,0,0,0,0,0,0,0,0,0,
java-defects4j-math-17-dfp,defects4j,Java,2502,2506,76628,76735,16322,16358,false,0,0,0,0,0,0,0,0,0,0,0,0,0,0,0,0,0,0,0,0,0,0,0,0,
java-defects4j-math-18-cmaesoptimizer,defects4j,Java,1383,1385,55010,55102,10648,10677,false,0,0,0,0,0,0,0,0,0,0,0,0,0,0,0,0,0,0,0,0,0,0,0,0,
java-defects4j-math-19-cmaesoptimizer,defects4j,Java,1368,1381,54297,55011,10492,10648,false,0,0,0,0,0,0,0,0,0,0,0,0,0,0,0,0,0,0,0,0,0,0,0,0,
java-defects4j-math-2-hypergeometricdistribution,defects4j,Java,334,334,11862,11853,1512,1507,false,0,0,0,0,0,0,0,0,0,0,0,0,0,0,0,0,0,0,0,0,0,0,0,0,
java-defects4j-math-20-cmaesoptimizer,defects4j,Java,1359,1360,53752,53825,10470,10491,false,0,0,0,0,0,0,0,0,0,0,0,0,0,0,0,0,0,0,0,0,0,0,0,0,
java-defects4j-math-21-rectangularcholeskydecomposition,defects4j,Java,174,177,6694,6915,964,1007,false,0,0,0,0,0,0,0,0,0,0,0,0,0,0,0,0,0,0,0,0,0,0,0,0,
java-defects4j-math-22-fdistribution,defects4j,Java,293,293,10098,10099,1072,1072,true,1065,0,7,0,0,0,0,2130,0,14,0,0,0,0,0,1072,1072,0,0,0,0,0,0,0,0
java-defects4j-math-22-uniformrealdistribution,defects4j,Java,204,204,6391,6390,692,692,true,685,0,7,0,0,0,0,1370,0,14,0,0,0,0,0,692,692,0,0,0,0,0,0,0,0
java-defects4j-math-23-brentoptimizer,defects4j,Java,310,317,10737,11012,1658,1689,false,0,0,0,0,0,0,0,0,0,0,0,0,0,0,0,0,0,0,0,0,0,0,0,0,
java-defects4j-math-24-brentoptimizer,defects4j,Java,299,299,10248,10298,1639,1657,false,0,0,0,0,0,0,0,0,0,0,0,0,0,0,0,0,0,0,0,0,0,0,0,0,
java-defects4j-math-25-harmonicfitter,defects4j,Java,359,362,15403,15544,1611,1636,false,0,0,0,0,0,0,0,0,0,0,0,0,0,0,0,0,0,0,0,0,0,0,0,0,
java-defects4j-math-26-fraction,defects4j,Java,666,666,23373,23415,3130,3151,false,0,0,0,0,0,0,0,0,0,0,0,0,0,0,0,0,0,0,0,0,0,0,0,0,
java-defects4j-math-27-fraction,defects4j,Java,666,666,23381,23373,3134,3130,false,0,0,0,0,0,0,0,0,0,0,0,0,0,0,0,0,0,0,0,0,0,0,0,0,
java-defects4j-math-28-simplexsolver,defects4j,Java,232,236,9400,9547,1315,1356,false,0,0,0,0,0,0,0,0,0,0,0,0,0,0,0,0,0,0,0,0,0,0,0,0,
java-defects4j-math-29-openmaprealvector,defects4j,Java,833,844,25807,26219,5125,5272,false,0,0,0,0,0,0,0,0,0,0,0,0,0,0,0,0,0,0,0,0,0,0,0,0,
java-defects4j-math-3-matharrays,defects4j,Java,1422,1425,55228,55294,8593,8620,false,0,0,0,0,0,0,0,0,0,0,0,0,0,0,0,0,0,0,0,0,0,0,0,0,
java-defects4j-math-30-mannwhitneyutest,defects4j,Java,234,234,8816,8819,966,966,false,0,0,0,0,0,0,0,0,0,0,0,0,0,0,0,0,0,0,0,0,0,0,0,0,
java-defects4j-math-31-continuedfraction,defects4j,Java,201,181,7379,6314,939,677,false,0,0,0,0,0,0,0,0,0,0,0,0,0,0,0,0,0,0,0,0,0,0,0,0,
java-defects4j-math-32-polygonsset,defects4j,Java,474,474,19957,19982,3460,3472,false,0,0,0,0,0,0,0,0,0,0,0,0,0,0,0,0,0,0,0,0,0,0,0,0,
java-defects4j-math-33-simplextableau,defects4j,Java,623,623,22991,22991,3847,3847,false,0,0,0,0,0,0,0,0,0,0,0,0,0,0,0,0,0,0,0,0,0,0,0,0,
java-defects4j-math-34-listpopulation,defects4j,Java,211,211,8284,8289,986,990,false,0,0,0,0,0,0,0,0,0,0,0,0,0,0,0,0,0,0,0,0,0,0,0,0,
java-defects4j-math-35-elitisticlistpopulation,defects4j,Java,112,112,4424,4418,458,456,true,437,0,9,12,0,10,0,874,0,18,12,0,10,0,0,446,444,2,0,0,0,0,0,0,4
java-defects4j-math-36-bigfraction,defects4j,Java,1133,1145,37633,38248,4423,4595,false,0,0,0,0,0,0,0,0,0,0,0,0,0,0,0,0,0,0,0,0,0,0,0,0,
java-defects4j-math-37-complex,defects4j,Java,1221,1233,41055,41452,3793,3913,false,0,0,0,0,0,0,0,0,0,0,0,0,0,0,0,0,0,0,0,0,0,0,0,0,
java-defects4j-math-38-bobyqaoptimizer,defects4j,Java,2482,2482,113826,113840,20436,20424,false,0,0,0,0,0,0,0,0,0,0,0,0,0,0,0,0,0,0,0,0,0,0,0,0,
java-defects4j-math-39-embeddedrungekuttaintegrator,defects4j,Java,369,378,13323,13575,2125,2186,false,0,0,0,0,0,0,0,0,0,0,0,0,0,0,0,0,0,0,0,0,0,0,0,0,
java-defects4j-math-4-threed-subline,defects4j,Java,142,145,6036,6098,738,754,false,0,0,0,0,0,0,0,0,0,0,0,0,0,0,0,0,0,0,0,0,0,0,0,0,
java-defects4j-math-4-twod-subline,defects4j,Java,209,212,9669,9731,1757,1773,false,0,0,0,0,0,0,0,0,0,0,0,0,0,0,0,0,0,0,0,0,0,0,0,0,
java-defects4j-math-40-bracketingnthorderbrentsolver,defects4j,Java,397,403,14912,15314,2315,2443,false,0,0,0,0,0,0,0,0,0,0,0,0,0,0,0,0,0,0,0,0,0,0,0,0,
java-defects4j-math-41-variance,defects4j,Java,620,620,24987,24991,1890,1890,false,0,0,0,0,0,0,0,0,0,0,0,0,0,0,0,0,0,0,0,0,0,0,0,0,
java-defects4j-math-42-simplextableau,defects4j,Java,621,623,22903,22996,3818,3847,false,0,0,0,0,0,0,0,0,0,0,0,0,0,0,0,0,0,0,0,0,0,0,0,0,
java-defects4j-math-43-summarystatistics,defects4j,Java,740,740,25434,25395,3436,3421,false,0,0,0,0,0,0,0,0,0,0,0,0,0,0,0,0,0,0,0,0,0,0,0,0,
java-defects4j-math-44-abstractintegrator,defects4j,Java,394,399,15413,15694,2331,2375,false,0,0,0,0,0,0,0,0,0,0,0,0,0,0,0,0,0,0,0,0,0,0,0,0,
java-defects4j-math-45-openmaprealmatrix,defects4j,Java,273,278,9204,9442,1760,1829,false,0,0,0,0,0,0,0,0,0,0,0,0,0,0,0,0,0,0,0,0,0,0,0,0,
java-defects4j-math-46-complex,defects4j,Java,1185,1185,40172,40142,3560,3550,false,0,0,0,0,0,0,0,0,0,0,0,0,0,0,0,0,0,0,0,0,0,0,0,0,
java-defects4j-math-47-complex,defects4j,Java,1181,1183,39979,40056,3542,3558,false,0,0,0,0,0,0,0,0,0,0,0,0,0,0,0,0,0,0,0,0,0,0,0,0,
java-defects4j-math-48-basesecantsolver,defects4j,Java,269,272,9973,10088,1235,1256,false,0,0,0,0,0,0,0,0,0,0,0,0,0,0,0,0,0,0,0,0,0,0,0,0,
java-defects4j-math-49-openmaprealvector,defects4j,Java,925,925,28284,28268,6112,6100,false,0,0,0,0,0,0,0,0,0,0,0,0,0,0,0,0,0,0,0,0,0,0,0,0,
java-defects4j-math-5-complex,defects4j,Java,1231,1231,41467,41467,3916,3916,false,0,0,0,0,0,0,0,0,0,0,0,0,0,0,0,0,0,0,0,0,0,0,0,0,
java-defects4j-math-50-basesecantsolver,defects4j,Java,271,267,9986,9781,1275,1215,false,0,0,0,0,0,0,0,0,0,0,0,0,0,0,0,0,0,0,0,0,0,0,0,0,
java-defects4j-math-51-basesecantsolver,defects4j,Java,265,274,9759,10187,1199,1286,false,0,0,0,0,0,0,0,0,0,0,0,0,0,0,0,0,0,0,0,0,0,0,0,0,
java-defects4j-math-52-rotation,defects4j,Java,1031,1032,41775,41909,7824,7870,false,0,0,0,0,0,0,0,0,0,0,0,0,0,0,0,0,0,0,0,0,0,0,0,0,
java-defects4j-math-53-complex,defects4j,Java,1020,1023,36272,36340,3149,3168,false,0,0,0,0,0,0,0,0,0,0,0,0,0,0,0,0,0,0,0,0,0,0,0,0,
java-defects4j-math-54-dfp,defects4j,Java,2400,2406,73586,73801,15642,15710,false,0,0,0,0,0,0,0,0,0,0,0,0,0,0,0,0,0,0,0,0,0,0,0,0,
java-defects4j-math-55-vector3d,defects4j,Java,545,562,18358,19206,3061,3367,false,0,0,0,0,0,0,0,0,0,0,0,0,0,0,0,0,0,0,0,0,0,0,0,0,
java-defects4j-math-56-multidimensionalcounter,defects4j,Java,303,297,8886,8773,1268,1235,false,0,0,0,0,0,0,0,0,0,0,0,0,0,0,0,0,0,0,0,0,0,0,0,0,
java-defects4j-math-57-kmeansplusplusclusterer,defects4j,Java,333,333,12566,12569,2050,2050,false,0,0,0,0,0,0,0,0,0,0,0,0,0,0,0,0,0,0,0,0,0,0,0,0,
java-defects4j-math-58-gaussianfitter,defects4j,Java,336,336,13601,13574,2049,2039,false,0,0,0,0,0,0,0,0,0,0,0,0,0,0,0,0,0,0,0,0,0,0,0,0,
java-defects4j-math-59-fastmath,defects4j,Java,3494,3494,103525,103525,24181,24181,false,0,0,0,0,0,0,0,0,0,0,0,0,0,0,0,0,0,0,0,0,0,0,0,0,
java-defects4j-math-6-baseoptimizer,defects4j,Java,231,231,7566,7582,610,613,true,600,0,9,1,0,4,0,1200,0,18,1,0,4,0,0,609,609,0,0,0,0,0,0,0,0
java-defects4j-math-6-cmaesoptimizer,defects4j,Java,1317,1318,50763,50802,9925,9932,true,9917,0,8,0,0,0,1,19834,0,16,0,0,0,7,0,9925,9925,0,0,0,0,0,0,0,0
java-defects4j-math-6-gaussnewtonoptimizer,defects4j,Java,181,180,7207,7215,1241,1239,false,0,0,0,0,0,0,0,0,0,0,0,0,0,0,0,0,0,0,0,0,0,0,0,0,
java-defects4j-math-6-levenbergmarquardtoptimizer,defects4j,Java,958,958,40513,40522,6239,6237,false,0,0,0,0,0,0,0,0,0,0,0,0,0,0,0,0,0,0,0,0,0,0,0,0,
java-defects4j-math-6-nonlinearconjugategradientoptimizer,defects4j,Java,407,406,15276,15295,2081,2083,false,0,0,0,0,0,0,0,0,0,0,0,0,0,0,0,0,0,0,0,0,0,0,0,0,
java-defects4j-math-6-powelloptimizer,defects4j,Java,381,380,14802,14810,2280,2278,false,0,0,0,0,0,0,0,0,0,0,0,0,0,0,0,0,0,0,0,0,0,0,0,0,
java-defects4j-math-6-simplexoptimizer,defects4j,Java,221,221,8604,8633,906,912,false,0,0,0,0,0,0,0,0,0,0,0,0,0,0,0,0,0,0,0,0,0,0,0,0,
java-defects4j-math-60-normaldistributionimpl,defects4j,Java,253,246,8278,8058,952,910,false,0,0,0,0,0,0,0,0,0,0,0,0,0,0,0,0,0,0,0,0,0,0,0,0,
java-defects4j-math-61-poissondistributionimpl,defects4j,Java,241,241,8519,8497,792,794,false,0,0,0,0,0,0,0,0,0,0,0,0,0,0,0,0,0,0,0,0,0,0,0,0,
java-defects4j-math-62-multistartunivariaterealoptimizer,defects4j,Java,206,205,8415,8293,1117,1074,false,0,0,0,0,0,0,0,0,0,0,0,0,0,0,0,0,0,0,0,0,0,0,0,0,
java-defects4j-math-63-mathutils,defects4j,Java,1986,1986,69070,69039,9278,9261,false,0,0,0,0,0,0,0,0,0,0,0,0,0,0,0,0,0,0,0,0,0,0,0,0,
java-defects4j-math-64-levenbergmarquardtoptimizer,defects4j,Java,872,886,34873,35425,5602,5742,false,0,0,0,0,0,0,0,0,0,0,0,0,0,0,0,0,0,0,0,0,0,0,0,0,
java-defects4j-math-65-abstractleastsquaresoptimizer,defects4j,Java,371,366,13432,13238,1997,1940,false,0,0,0,0,0,0,0,0,0,0,0,0,0,0,0,0,0,0,0,0,0,0,0,0,
java-defects4j-math-66-brentoptimizer,defects4j,Java,245,234,8934,8071,1498,1315,false,0,0,0,0,0,0,0,0,0,0,0,0,0,0,0,0,0,0,0,0,0,0,0,0,
java-defects4j-math-67-multistartunivariaterealoptimizer,defects4j,Java,318,318,12161,12136,1674,1670,false,0,0,0,0,0,0,0,0,0,0,0,0,0,0,0,0,0,0,0,0,0,0,0,0,
java-defects4j-math-68-levenbergmarquardtoptimizer,defects4j,Java,853,863,34019,34447,5473,5545,false,0,0,0,0,0,0,0,0,0,0,0,0,0,0,0,0,0,0,0,0,0,0,0,0,
java-defects4j-math-69-pearsonscorrelation,defects4j,Java,281,281,11236,11231,1469,1465,false,0,0,0,0,0,0,0,0,0,0,0,0,0,0,0,0,0,0,0,0,0,0,0,0,
java-defects4j-math-7-abstractintegrator,defects4j,Java,427,426,17206,17104,2479,2467,false,0,0,0,0,0,0,0,0,0,0,0,0,0,0,0,0,0,0,0,0,0,0,0,0,
java-defects4j-math-70-bisectionsolver,defects4j,Java,109,109,3633,3636,500,502,true,492,0,8,0,0,2,0,984,0,16,0,0,2,0,0,500,500,0,0,0,0,0,0,0,0
java-defects4j-math-71-embeddedrungekuttaintegrator,defects4j,Java,407,411,14845,15024,2367,2410,false,0,0,0,0,0,0,0,0,0,0,0,0,0,0,0,0,0,0,0,0,0,0,0,0,
java-defects4j-math-71-rungekuttaintegrator,defects4j,Java,222,225,7664,7805,1444,1481,false,0,0,0,0,0,0,0,0,0,0,0,0,0,0,0,0,0,0,0,0,0,0,0,0,
java-defects4j-math-72-brentsolver,defects4j,Java,319,319,12017,12015,1680,1680,false,0,0,0,0,0,0,0,0,0,0,0,0,0,0,0,0,0,0,0,0,0,0,0,0,
java-defects4j-math-73-brentsolver,defects4j,Java,315,319,11840,12017,1646,1680,false,0,0,0,0,0,0,0,0,0,0,0,0,0,0,0,0,0,0,0,0,0,0,0,0,
java-defects4j-math-74-embeddedrungekuttaintegrator,defects4j,Java,400,403,14314,14510,2268,2354,false,0,0,0,0,0,0,0,0,0,0,0,0,0,0,0,0,0,0,0,0,0,0,0,0,
java-defects4j-math-75-frequency,defects4j,Java,593,593,18691,18688,2555,2555,false,0,0,0,0,0,0,0,0,0,0,0,0,0,0,0,0,0,0,0,0,0,0,0,0,
java-defects4j-math-76-singularvaluedecompositionimpl,defects4j,Java,438,444,15841,15951,2670,2674,false,0,0,0,0,0,0,0,0,0,0,0,0,0,0,0,0,0,0,0,0,0,0,0,0,
java-defects4j-math-77-arrayrealvector,defects4j,Java,1184,1184,36081,36080,7531,7531,false,0,0,0,0,0,0,0,0,0,0,0,0,0,0,0,0,0,0,0,0,0,0,0,0,
java-defects4j-math-77-openmaprealvector,defects4j,Java,885,876,28689,28457,6158,6085,false,0,0,0,0,0,0,0,0,0,0,0,0,0,0,0,0,0,0,0,0,0,0,0,0,
java-defects4j-math-78-eventstate,defects4j,Java,334,345,13377,13969,1570,1709,false,0,0,0,0,0,0,0,0,0,0,0,0,0,0,0,0,0,0,0,0,0,0,0,0,
java-defects4j-math-79-mathutils,defects4j,Java,1663,1663,56776,56782,7710,7710,false,0,0,0,0,0,0,0,0,0,0,0,0,0,0,0,0,0,0,0,0,0,0,0,0,
java-defects4j-math-8-discretedistribution,defects4j,Java,197,197,7195,7145,1077,1044,false,0,0,0,0,0,0,0,0,0,0,0,0,0,0,0,0,0,0,0,0,0,0,0,0,
java-defects4j-math-80-eigendecompositionimpl,defects4j,Java,1843,1843,67167,67169,15185,15188,false,0,0,0,0,0,0,0,0,0,0,0,0,0,0,0,0,0,0,0,0,0,0,0,0,
java-defects4j-math-81-eigendecompositionimpl,defects4j,Java,1842,1843,67113,67167,15170,15185,false,0,0,0,0,0,0,0,0,0,0,0,0,0,0,0,0,0,0,0,0,0,0,0,0,
java-defects4j-math-82-simplexsolver,defects4j,Java,196,196,7014,7013,1086,1086,false,0,0,0,0,0,0,0,0,0,0,0,0,0,0,0,0,0,0,0,0,0,0,0,0,
java-defects4j-math-83-simplextableau,defects4j,Java,572,572,20875,20923,3273,3278,false,0,0,0,0,0,0,0,0,0,0,0,0,0,0,0,0,0,0,0,0,0,0,0,0,
java-defects4j-math-84-multidirectional,defects4j,Java,136,145,4985,5356,706,803,false,0,0,0,0,0,0,0,0,0,0,0,0,0,0,0,0,0,0,0,0,0,0,0,0,
java-defects4j-math-85-univariaterealsolverutils,defects4j,Java,241,241,10247,10246,802,802,false,0,0,0,0,0,0,0,0,0,0,0,0,0,0,0,0,0,0,0,0,0,0,0,0,
java-defects4j-math-86-choleskydecompositionimpl,defects4j,Java,354,354,12622,12616,2203,2199,false,0,0,0,0,0,0,0,0,0,0,0,0,0,0,0,0,0,0,0,0,0,0,0,0,
java-defects4j-math-87-simplextableau,defects4j,Java,549,547,19976,19990,3159,3180,false,0,0,0,0,0,0,0,0,0,0,0,0,0,0,0,0,0,0,0,0,0,0,0,0,
java-defects4j-math-88-simplextableau,defects4j,Java,550,549,20064,19984,3174,3159,false,0,0,0,0,0,0,0,0,0,0,0,0,0,0,0,0,0,0,0,0,0,0,0,0,
java-defects4j-math-89-frequency,defects4j,Java,490,494,15515,15667,1914,1949,false,0,0,0,0,0,0,0,0,0,0,0,0,0,0,0,0,0,0,0,0,0,0,0,0,
java-defects4j-math-9-line,defects4j,Java,226,227,8390,8422,1239,1248,false,0,0,0,0,0,0,0,0,0,0,0,0,0,0,0,0,0,0,0,0,0,0,0,0,
java-defects4j-math-90-frequency,defects4j,Java,487,490,15446,15531,1876,1914,false,0,0,0,0,0,0,0,0,0,0,0,0,0,0,0,0,0,0,0,0,0,0,0,0,
java-defects4j-math-91-fraction,defects4j,Java,549,549,20254,20295,2558,2576,false,0,0,0,0,0,0,0,0,0,0,0,0,0,0,0,0,0,0,0,0,0,0,0,0,
java-defects4j-math-92-mathutils,defects4j,Java,1118,1161,39060,40365,4856,5349,false,0,0,0,0,0,0,0,0,0,0,0,0,0,0,0,0,0,0,0,0,0,0,0,0,
java-defects4j-math-93-mathutils,defects4j,Java,1076,1084,37486,37660,4784,4835,false,0,0,0,0,0,0,0,0,0,0,0,0,0,0,0,0,0,0,0,0,0,0,0,0,
java-defects4j-math-94-mathutils,defects4j,Java,1070,1070,37123,37133,4704,4713,false,0,0,0,0,0,0,0,0,0,0,0,0,0,0,0,0,0,0,0,0,0,0,0,0,
java-defects4j-math-95-fdistributionimpl,defects4j,Java,194,196,6929,6968,575,589,true,568,0,7,0,0,14,0,1136,0,14,0,0,14,0,0,575,559,0,16,0,0,0,0,0,0
java-defects4j-math-96-complex,defects4j,Java,874,874,31194,31072,2721,2687,false,0,0,0,0,0,0,0,0,0,0,0,0,0,0,0,0,0,0,0,0,0,0,0,0,
java-defects4j-math-97-brentsolver,defects4j,Java,265,279,10284,10717,1429,1545,false,0,0,0,0,0,0,0,0,0,0,0,0,0,0,0,0,0,0,0,0,0,0,0,0,
java-defects4j-math-98-bigmatriximpl,defects4j,Java,1466,1466,54132,54129,9364,9361,false,0,0,0,0,0,0,0,0,0,0,0,0,0,0,0,0,0,0,0,0,0,0,0,0,
java-defects4j-math-98-realmatriximpl,defects4j,Java,1178,1178,43367,43364,7759,7756,false,0,0,0,0,0,0,0,0,0,0,0,0,0,0,0,0,0,0,0,0,0,0,0,0,
java-defects4j-math-99-mathutils,defects4j,Java,1220,1228,42634,43014,5550,5635,false,0,0,0,0,0,0,0,0,0,0,0,0,0,0,0,0,0,0,0,0,0,0,0,0,
java-defects4j-mockito-1-invocationmatcher,defects4j,Java,176,187,6629,7234,1369,1523,false,0,0,0,0,0,0,0,0,0,0,0,0,0,0,0,0,0,0,0,0,0,0,0,0,
java-defects4j-mockito-10-returnsdeepstubs,defects4j,Java,162,167,6689,7189,1008,1094,false,0,0,0,0,0,0,0,0,0,0,0,0,0,0,0,0,0,0,0,0,0,0,0,0,
java-defects4j-mockito-11-delegatingmethod,defects4j,Java,62,70,1544,1797,338,401,true,329,0,8,1,0,64,0,658,0,16,1,0,64,0,0,337,326,0,11,0,0,0,0,0,0
java-defects4j-mockito-12-genericmaster,defects4j,Java,26,30,834,1031,160,206,true,153,0,7,0,0,18,2,306,0,14,0,0,18,28,0,160,151,0,8,1,0,0,0,0,0
java-defects4j-mockito-13-mockhandler,defects4j,Java,124,126,5514,5551,896,904,false,0,0,0,0,0,0,0,0,0,0,0,0,0,0,0,0,0,0,0,0,0,0,0,0,
java-defects4j-mockito-14-mockhandler,defects4j,Java,119,122,4971,5213,847,900,false,0,0,0,0,0,0,0,0,0,0,0,0,0,0,0,0,0,0,0,0,0,0,0,0,
java-defects4j-mockito-14-mockitocore,defects4j,Java,156,157,6064,6170,1432,1456,false,0,0,0,0,0,0,0,0,0,0,0,0,0,0,0,0,0,0,0,0,0,0,0,0,
java-defects4j-mockito-15-finalmockcandidatefilter,defects4j,Java,41,44,1491,1679,272,317,true,258,0,14,0,0,26,1,516,0,28,0,0,26,19,0,272,254,0,18,0,0,0,0,0,0
java-defects4j-mockito-16-mockito,defects4j,Java,1569,1569,66653,66665,1294,1298,false,0,0,0,0,0,0,0,0,0,0,0,0,0,0,0,0,0,0,0,0,0,0,0,0,
java-defects4j-mockito-16-mockitocore,defects4j,Java,140,141,5027,4965,1194,1164,false,0,0,0,0,0,0,0,0,0,0,0,0,0,0,0,0,0,0,0,0,0,0,0,0,
java-defects4j-mockito-17-mocksettingsimpl,defects4j,Java,80,82,2401,2335,562,527,true,501,1,9,51,0,0,2,1002,2,18,51,0,0,16,0,511,509,1,1,0,0,0,0,0,0
java-defects4j-mockito-17-mockutil,defects4j,Java,98,103,3647,3894,889,967,false,0,0,0,0,0,0,0,0,0,0,0,0,0,0,0,0,0,0,0,0,0,0,0,0,
java-defects4j-mockito-18-returnsemptyvalues,defects4j,Java,120,122,4679,4769,1018,1049,false,0,0,0,0,0,0,0,0,0,0,0,0,0,0,0,0,0,0,0,0,0,0,0,0,
java-defects4j-mockito-19-finalmockcandidatefilter,defects4j,Java,48,49,1738,1781,313,332,true,308,0,5,0,0,0,3,616,0,10,0,0,0,19,0,313,313,0,0,0,0,0,0,0,0
java-defects4j-mockito-19-mockcandidatefilter,defects4j,Java,18,19,439,477,75,94,true,68,1,6,0,0,9,1,136,2,12,0,0,9,10,0,75,75,0,0,0,0,0,0,0,0
java-defects4j-mockito-19-namebasedcandidatefilter,defects4j,Java,45,61,1454,1904,291,449,true,277,0,14,0,0,4,4,554,0,28,0,0,4,154,0,291,291,0,0,0,0,0,0,0,0
java-defects4j-mockito-19-propertyandsetterinjection,defects4j,Java,130,130,5789,5812,1004,1006,false,0,0,0,0,0,0,0,0,0,0,0,0,0,0,0,0,0,0,0,0,0,0,0,0,
java-defects4j-mockito-19-typebasedcandidatefilter,defects4j,Java,30,30,922,950,216,227,true,207,0,9,0,0,1,3,414,0,18,0,0,1,10,0,216,216,0,0,0,0,0,0,0,0
java-defects4j-mockito-2-timer,defects4j,Java,28,35,579,848,127,190,true,122,0,5,0,0,0,3,244,0,10,0,0,0,63,0,127,127,0,0,0,0,0,0,0,0
java-defects4j-mockito-20-bytebuddymockmaker,defects4j,Java,109,110,5397,5477,1056,1075,false,0,0,0,0,0,0,0,0,0,0,0,0,0,0,0,0,0,0,0,0,0,0,0,0,
java-defects4j-mockito-21-constructorinstantiator,defects4j,Java,45,61,1636,2203,359,535,true,320,6,21,5,1,23,5,640,12,42,5,7,23,165,0,347,328,8,0,11,0,0,0,0,7
java-defects4j-mockito-22-equality,defects4j,Java,41,43,1257,1309,333,350,true,328,0,5,0,0,17,0,656,0,10,0,0,17,0,0,333,253,80,0,0,0,0,0,0,0
java-defects4j-mockito-23-returnsdeepstubs,defects4j,Java,130,145,5301,5800,797,889,false,0,0,0,0,0,0,0,0,0,0,0,0,0,0,0,0,0,0,0,0,0,0,0,0,
java-defects4j-mockito-24-returnsemptyvalues,defects4j,Java,123,123,4666,4725,995,1019,false,0,0,0,0,0,0,0,0,0,0,0,0,0,0,0,0,0,0,0,0,0,0,0,0,
java-defects4j-mockito-25-returnsdeepstubs,defects4j,Java,98,121,3776,4959,638,803,false,0,0,0,0,0,0,0,0,0,0,0,0,0,0,0,0,0,0,0,0,0,0,0,0,
java-defects4j-mockito-26-primitives,defects4j,Java,68,68,2593,2594,848,848,false,0,0,0,0,0,0,0,0,0,0,0,0,0,0,0,0,0,0,0,0,0,0,0,0,
java-defects4j-mockito-27-mockutil,defects4j,Java,110,109,4261,4094,1043,991,false,0,0,0,0,0,0,0,0,0,0,0,0,0,0,0,0,0,0,0,0,0,0,0,0,
java-defects4j-mockito-28-defaultinjectionengine,defects4j,Java,103,104,4163,4218,676,690,false,0,0,0,0,0,0,0,0,0,0,0,0,0,0,0,0,0,0,0,0,0,0,0,0,
java-defects4j-mockito-29-same,defects4j,Java,41,41,1109,1135,267,278,true,259,0,8,0,0,11,0,518,0,16,0,0,11,0,0,267,260,7,0,0,0,0,0,0,0
java-defects4j-mockito-3-invocationmatcher,defects4j,Java,151,165,5445,6018,1318,1472,false,0,0,0,0,0,0,0,0,0,0,0,0,0,0,0,0,0,0,0,0,0,0,0,0,
java-defects4j-mockito-30-reporter,defects4j,Java,553,554,24599,24632,3592,3598,false,0,0,0,0,0,0,0,0,0,0,0,0,0,0,0,0,0,0,0,0,0,0,0,0,
java-defects4j-mockito-30-returnssmartnulls,defects4j,Java,79,79,3228,3233,585,587,true,575,0,10,0,0,2,0,1150,0,20,0,0,2,0,0,585,585,0,0,0,0,0,0,0,0
java-defects4j-mockito-31-returnssmartnulls,defects4j,Java,77,79,3096,3228,528,585,true,515,0,8,0,0,21,2,1046,0,16,0,0,21,30,16,523,509,0,14,0,0,5,0,4,4
java-defects4j-mockito-32-spyannotationengine,defects4j,Java,68,72,2884,3151,604,660,true,586,1,17,0,0,42,1,1172,2,34,0,0,42,14,0,604,598,0,0,6,0,0,0,0,10
java-defects4j-mockito-33-invocationmatcher,defects4j,Java,129,140,4292,4694,987,1123,false,0,0,0,0,0,0,0,0,0,0,0,0,0,0,0,0,0,0,0,0,0,0,0,0,
java-defects4j-mockito-34-invocationmatcher,defects4j,Java,112,112,3658,3689,867,882,false,0,0,0,0,0,0,0,0,0,0,0,0,0,0,0,0,0,0,0,0,0,0,0,0,
java-defects4j-mockito-35-matchers,defects4j,Java,719,719,21427,21485,2010,2041,false,0,0,0,0,0,0,0,0,0,0,0,0,0,0,0,0,0,0,0,0,0,0,0,0,
java-defects4j-mockito-36-invocation,defects4j,Java,217,221,6791,6969,1723,1777,false,0,0,0,0,0,0,0,0,0,0,0,0,0,0,0,0,0,0,0,0,0,0,0,0,
java-defects4j-mockito-37-answersvalidator,defects4j,Java,65,73,2232,2621,491,571,true,486,0,5,0,0,0,2,972,0,10,0,0,0,80,0,491,491,0,0,0,0,0,0,0,0
java-defects4j-mockito-38-argumentmatchingtool,defects4j,Java,50,50,1681,1703,384,395,true,376,0,8,0,0,11,0,752,0,16,0,0,11,0,0,384,377,7,0,0,0,0,0,0,0
java-defects4j-mockito-4-reporter,defects4j,Java,801,804,38215,38346,5758,5796,false,0,0,0,0,0,0,0,0,0,0,0,0,0,0,0,0,0,0,0,0,0,0,0,0,
java-defects4j-mockito-5-verificationovertimeimpl,defects4j,Java,134,134,5925,5876,587,572,true,560,0,11,16,0,1,0,1120,0,22,16,0,1,0,0,571,571,0,0,0,0,0,0,0,0
java-defects4j-mockito-6-matchers,defects4j,Java,881,881,30159,30362,2239,2284,false,0,0,0,0,0,0,0,0,0,0,0,0,0,0,0,0,0,0,0,0,0,0,0,0,
java-defects4j-mockito-7-genericmetadatasupport,defects4j,Java,626,627,25398,25474,3247,3264,true,3240,0,7,0,0,0,1,6480,0,14,0,0,0,17,0,3247,3247,0,0,0,0,0,0,0,0
java-defects4j-mockito-8-genericmetadatasupport,defects4j,Java,626,626,25373,25414,3238,3247,false,0,0,0,0,0,0,0,0,0,0,0,0,0,0,0,0,0,0,0,0,0,0,0,0,
java-defects4j-mockito-9-callsrealmethods,defects4j,Java,38,43,1723,1978,113,189,true,108,0,5,0,0,0,3,216,0,10,0,0,0,76,0,113,113,0,0,0,0,0,0,0,0
java-defects4j-time-1-partial,defects4j,Java,1003,1012,39221,39861,4557,4692,false,0,0,0,0,0,0,0,0,0,0,0,0,0,0,0,0,0,0,0,0,0,0,0,0,
java-defects4j-time-1-unsupporteddurationfield,defects4j,Java,282,279,7149,7074,942,923,false,0,0,0,0,0,0,0,0,0,0,0,0,0,0,0,0,0,0,0,0,0,0,0,0,
java-defects4j-time-10-basesinglefieldperiod,defects4j,Java,345,346,12678,12765,1495,1516,false,0,0,0,0,0,0,0,0,0,0,0,0,0,0,0,0,0,0,0,0,0,0,0,0,
java-defects4j-time-11-zoneinfocompiler,defects4j,Java,848,849,29622,29661,6845,6848,false,0,0,0,0,0,0,0,0,0,0,0,0,0,0,0,0,0,0,0,0,0,0,0,0,
java-defects4j-time-12-localdate,defects4j,Java,2102,2108,80824,81098,7210,7294,false,0,0,0,0,0,0,0,0,0,0,0,0,0,0,0,0,0,0,0,0,0,0,0,0,
java-defects4j-time-12-localdatetime,defects4j,Java,2327,2333,88366,88640,7980,8064,false,0,0,0,0,0,0,0,0,0,0,0,0,0,0,0,0,0,0,0,0,0,0,0,0,
java-defects4j-time-13-periodformatterbuilder,defects4j,Java,1868,1872,68853,69093,10846,10915,false,0,0,0,0,0,0,0,0,0,0,0,0,0,0,0,0,0,0,0,0,0,0,0,0,
java-defects4j-time-14-basicmonthofyeardatetimefield,defects4j,Java,361,366,13661,13974,2031,2143,false,0,0,0,0,0,0,0,0,0,0,0,0,0,0,0,0,0,0,0,0,0,0,0,0,
java-defects4j-time-15-fieldutils,defects4j,Java,327,330,11461,11635,1467,1507,false,0,0,0,0,0,0,0,0,0,0,0,0,0,0,0,0,0,0,0,0,0,0,0,0,
java-defects4j-time-16-datetimeformatter,defects4j,Java,949,949,37325,37344,3592,3605,false,0,0,0,0,0,0,0,0,0,0,0,0,0,0,0,0,0,0,0,0,0,0,0,0,
java-defects4j-time-17-datetimezone,defects4j,Java,1288,1301,50273,50741,5733,5838,false,0,0,0,0,0,0,0,0,0,0,0,0,0,0,0,0,0,0,0,0,0,0,0,0,
java-defects4j-time-18-gjchronology,defects4j,Java,1092,1104,43027,43458,6669,6748,false,0,0,0,0,0,0,0,0,0,0,0,0,0,0,0,0,0,0,0,0,0,0,0,0,
java-defects4j-time-19-datetimezone,defects4j,Java,1278,1278,49694,49695,5725,5725,false,0,0,0,0,0,0,0,0,0,0,0,0,0,0,0,0,0,0,0,0,0,0,0,0,
java-defects4j-time-2-partial,defects4j,Java,1000,1003,39134,39221,4557,4557,false,0,0,0,0,0,0,0,0,0,0,0,0,0,0,0,0,0,0,0,0,0,0,0,0,
java-defects4j-time-2-unsupporteddurationfield,defects4j,Java,279,282,7074,7149,923,942,false,0,0,0,0,0,0,0,0,0,0,0,0,0,0,0,0,0,0,0,0,0,0,0,0,
java-defects4j-time-20-datetimeformatterbuilder,defects4j,Java,2823,2829,104228,104418,16444,16499,false,0,0,0,0,0,0,0,0,0,0,0,0,0,0,0,0,0,0,0,0,0,0,0,0,
java-defects4j-time-22-baseperiod,defects4j,Java,620,625,25034,25246,3203,3280,false,0,0,0,0,0,0,0,0,0,0,0,0,0,0,0,0,0,0,0,0,0,0,0,0,
java-defects4j-time-23-datetimezone,defects4j,Java,1277,1278,49677,49694,5707,5725,false,0,0,0,0,0,0,0,0,0,0,0,0,0,0,0,0,0,0,0,0,0,0,0,0,
java-defects4j-time-24-datetimeparserbucket,defects4j,Java,505,510,18204,18392,2330,2390,false,0,0,0,0,0,0,0,0,0,0,0,0,0,0,0,0,0,0,0,0,0,0,0,0,
java-defects4j-time-25-datetimezone,defects4j,Java,1250,1259,48534,48903,5513,5594,false,0,0,0,0,0,0,0,0,0,0,0,0,0,0,0,0,0,0,0,0,0,0,0,0,
java-defects4j-time-27-periodformatterbuilder,defects4j,Java,1866,1868,68714,68801,10811,10835,false,0,0,0,0,0,0,0,0,0,0,0,0,0,0,0,0,0,0,0,0,0,0,0,0,
java-defects4j-time-3-mutabledatetime,defects4j,Java,1466,1486,50928,51298,5217,5337,false,0,0,0,0,0,0,0,0,0,0,0,0,0,0,0,0,0,0,0,0,0,0,0,0,
java-defects4j-time-4-partial,defects4j,Java,998,998,38976,38976,4513,4513,false,0,0,0,0,0,0,0,0,0,0,0,0,0,0,0,0,0,0,0,0,0,0,0,0,
java-defects4j-time-5-period,defects4j,Java,1640,1646,71119,71680,6648,6738,false,0,0,0,0,0,0,0,0,0,0,0,0,0,0,0,0,0,0,0,0,0,0,0,0,
java-defects4j-time-6-gjchronology,defects4j,Java,1115,1141,44267,45765,6853,7162,false,0,0,0,0,0,0,0,0,0,0,0,0,0,0,0,0,0,0,0,0,0,0,0,0,
java-defects4j-time-7-datetimeformatter,defects4j,Java,953,953,37627,37657,3613,3620,false,0,0,0,0,0,0,0,0,0,0,0,0,0,0,0,0,0,0,0,0,0,0,0,0,
java-defects4j-time-8-datetimezone,defects4j,Java,1324,1327,51596,51785,5854,5897,false,0,0,0,0,0,0,0,0,0,0,0,0,0,0,0,0,0,0,0,0,0,0,0,0,
java-defects4j-time-9-datetimezone,defects4j,Java,1299,1306,50573,50890,5781,5854,false,0,0,0,0,0,0,0,0,0,0,0,0,0,0,0,0,0,0,0,0,0,0,0,0,
java-eclipse-jdt-eclipse-remove-import-and-inheritance,full,Java,69,68,3247,3142,403,377,true,372,0,5,1,2,0,0,744,0,10,1,25,0,0,0,377,377,0,0,0,0,0,0,0,0
java-fix-array-index,handmade,Java,10,10,262,261,89,89,true,81,0,8,0,0,0,0,162,0,16,0,0,0,0,0,89,89,0,0,0,0,0,0,0,0
java-genymobile-scrcpy-add-enum-value,stratified,Java,16,17,186,201,57,60,true,52,0,5,0,0,1,1,104,0,10,0,0,1,2,0,57,57,0,0,0,0,0,0,0,0
java-genymobile-scrcpy-add-func,stratified,Java,17,24,206,415,63,129,true,60,0,3,0,0,0,2,120,0,6,0,0,0,66,0,63,63,0,0,0,0,0,0,0,0
java-genymobile-scrcpy-add-func-2,stratified,Java,22,27,457,555,130,158,true,126,0,4,0,0,1,2,252,0,8,0,0,1,27,0,130,130,0,0,0,0,0,0,0,0
java-genymobile-scrcpy-add-parameter,stratified,Java,7,7,197,212,48,53,true,43,0,5,0,0,1,1,86,0,10,0,0,1,4,0,48,48,0,0,0,0,0,0,0,0
java-genymobile-scrcpy-change-some-android-version-constant,small,Java,121,122,4284,4353,997,1004,true,973,4,12,4,0,0,1,1952,8,24,4,0,0,13,6,989,983,6,0,0,0,2,0,0,0
java-genymobile-scrcpy-char-to-string-bugfix,stratified,Java,23,23,610,610,141,144,true,132,0,8,1,0,4,0,264,0,16,1,0,4,0,0,140,140,0,0,0,0,0,0,0,0
java-genymobile-scrcpy-only-insert,stratified,Java,7,16,148,446,43,63,true,38,0,5,0,0,0,2,76,0,10,0,0,0,20,0,43,43,0,0,0,0,0,0,0,0
java-genymobile-scrcpy-refactor-for-loop-in-a-function,small,Java,126,144,5575,6519,1399,1644,true,1377,2,20,0,0,50,3,2754,4,40,0,0,50,195,0,1399,1357,0,0,42,0,0,0,0,46
java-genymobile-scrcpy-switch-from-three-exceptions-to-one,small,Java,228,225,10771,10494,2204,2173,true,2140,6,27,18,1,0,0,4280,12,54,18,13,0,0,0,2173,2173,0,0,0,0,0,0,0,0
java-genymobile-scrcpy-whitespace-only,stratified,Java,16,18,446,448,63,63,true,63,0,0,0,0,0,0,126,0,0,0,0,0,0,0,63,63,0,0,0,0,0,0,0,0
java-hunterhacker-jdom-javadoc-update,full,Java,614,614,20804,20805,1633,1633,true,1629,1,3,0,0,0,0,3258,2,6,0,0,0,0,0,1633,1633,0,0,0,0,0,0,0,0
java-hunterhacker-jdom-move-a-block,full,Java,1305,1303,42860,42858,3609,3609,true,3604,0,5,0,0,0,0,7208,0,10,0,0,0,0,0,3609,3609,0,0,0,2,0,0,0,0
java-jakartaee-rest-real-logic-change-of-a-significant-chunck,full,Java,296,275,12761,12064,859,710,true,562,1,9,0,6,0,6,1124,2,18,0,287,0,138,0,572,572,0,0,0,0,0,0,0,78
java-jflex-de-jflex-javadoc-update,full,Java,53,53,1721,1731,367,367,true,365,1,1,0,0,0,0,730,2,2,0,0,0,0,0,367,367,0,0,0,0,0,0,0,0
java-jopt-simple-jopt-simple-remove-import,full,Java,92,90,2842,2802,549,536,true,535,0,1,0,1,0,0,1070,0,2,0,13,0,0,0,536,536,0,0,0,0,0,0,0,0
java-junit-pioneer-junit-pioneer-add-block-comment,full,Java,82,89,2721,2955,640,641,true,639,0,1,0,0,0,1,1278,0,2,0,0,0,1,0,640,640,0,0,0,0,0,0,0,0
java-nextcloud-android-add-if-branch-with-reused-return,small,Java,2303,2312,90755,91179,17922,18005,true,17884,3,35,0,0,11,3,35768,6,70,0,0,11,72,0,17922,17921,1,0,0,0,0,0,0,54
java-nextcloud-android-add-one-line,stratified,Java,2294,2295,90820,90869,17833,17847,true,17828,0,5,0,0,0,1,35656,0,10,0,0,0,14,0,17833,17833,0,0,0,0,0,0,0,0
java-nextcloud-android-add-two-function-calls,small,Java,1772,1778,76277,76503,14331,14357,true,14318,0,13,0,0,2,2,28636,0,26,0,0,2,24,0,14331,14331,0,0,0,0,0,0,0,0
java-paddlepaddle-paddleocr-whitespace-only,stratified,Java,26,26,768,769,168,168,true,168,0,0,0,0,0,0,336,0,0,0,0,0,0,0,168,168,0,0,0,0,0,0,0,0
java-paddlepaddle-paddleocr-whitespace-only-2,stratified,Java,17,17,391,392,80,80,true,80,0,0,0,0,0,0,160,0,0,0,0,0,0,0,80,80,0,0,0,0,0,0,0,0
java-pdftk-java-pdftk-license-comment-change,full,Java,174,179,6930,7425,1291,1291,true,1289,1,1,0,0,0,0,2578,2,2,0,0,0,0,0,1291,1291,0,0,0,0,0,0,0,0
java-pdftk-java-pdftk-real-change-all-across-the-file,full,Java,722,697,22295,22709,4423,4564,true,3747,58,243,191,16,234,19,7519,116,486,191,174,234,267,25,4048,3672,253,93,30,11,5,0,0,354
java-protobuf-add-two-annotations,small,Java,703,705,24419,24467,4067,4073,true,4060,0,7,0,0,0,2,8120,0,14,0,0,0,6,0,4067,4067,0,0,0,0,0,0,0,0
java-protocolbuffers-protobuf-add-a-method,small,Java,704,717,24425,24896,4054,4084,true,4051,0,3,0,0,1,1,8102,0,6,0,0,1,29,0,4054,4054,0,0,0,0,0,0,0,0
java-protocolbuffers-protobuf-add-import-and-update-field-access,small,Java,4884,4885,187744,187794,41413,41426,true,41395,1,17,0,0,0,1,82790,2,34,0,0,0,13,0,41413,41413,0,0,0,0,0,0,0,0
java-protocolbuffers-protobuf-add-one-annotation,stratified,Java,1129,1130,36422,36467,10350,10368,true,10347,0,3,0,0,0,1,20694,0,6,0,0,0,18,0,10350,10350,0,0,0,0,0,0,0,0
java-protocolbuffers-protobuf-add-one-import,stratified,Java,3059,3060,139894,139919,38421,38431,true,38420,0,1,0,0,0,1,76840,0,2,0,0,0,10,0,38421,38421,0,0,0,0,0,0,0,0
java-protocolbuffers-protobuf-update-comment,stratified,Java,18,18,658,645,77,77,true,71,1,5,0,0,0,0,142,2,10,0,0,0,0,0,77,77,0,0,0,0,0,0,0,0
java-protocolbuffers-protobuf-update-comment-2,stratified,Java,18,18,645,658,77,77,true,71,1,5,0,0,0,0,142,2,10,0,0,0,0,0,77,77,0,0,0,0,0,0,0,0
java-refactor-constants,handmade,Java,15,16,279,315,84,96,true,69,0,13,0,0,13,0,141,0,26,0,0,13,0,3,82,82,0,0,0,0,1,0,1,3
java-scrcpy-public-to-protected,small,Java,145,145,5774,5777,1249,1249,true,1243,0,6,0,0,0,0,2486,0,12,0,0,0,0,0,1249,1249,0,0,0,0,0,0,0,0
java-scrcpy-remove-or-expression,small,Java,149,149,5384,5312,947,938,true,930,0,7,1,1,0,0,1863,0,14,1,7,0,0,3,937,931,6,0,0,0,1,0,0,0
java-zeroc-ice-ice-comment-only-update,full,Java,37,37,1114,1121,118,118,true,114,1,3,0,0,0,0,228,2,6,0,0,0,0,0,118,118,0,0,0,0,0,0,0,0
javascript-add-array-method,handmade,JavaScript,11,6,242,143,96,57,true,44,0,4,48,0,9,0,88,0,8,48,0,9,0,0,48,48,0,0,0,0,0,0,0,0
javascript-add-destructuring,handmade,JavaScript,11,9,186,149,75,59,true,44,0,4,15,0,7,0,104,0,8,15,0,7,0,16,48,45,3,0,0,0,4,0,4,19
javascript-add-event-listener,handmade,JavaScript,7,10,147,254,51,95,true,45,1,3,2,0,46,0,90,2,6,2,0,46,0,0,49,48,1,0,0,0,0,0,0,0
javascript-axios-axios-real-small-change,stratified,JavaScript,11,13,343,373,53,65,true,35,0,6,12,0,9,1,70,0,12,12,0,9,15,0,41,40,1,0,0,0,0,0,0,3
javascript-d3-d3-nice-small-change,stratified,JavaScript,28,28,756,772,234,237,true,223,0,9,2,0,5,0,446,0,18,2,0,5,0,0,232,231,1,0,0,1,0,0,0,20
javascript-facebook-react-delete-one-line,stratified,JavaScript,95,94,3659,3604,607,598,true,597,0,1,0,1,0,0,1194,0,2,0,9,0,0,0,598,598,0,0,0,0,0,0,0,0
javascript-facebook-react-update-comment-only,stratified,JavaScript,7,7,146,165,35,35,true,33,1,1,0,0,0,0,66,2,2,0,0,0,0,0,35,35,0,0,0,0,0,0,0,0
javascript-fix-promises,handmade,JavaScript,11,19,202,391,90,145,true,72,0,15,0,0,53,0,152,0,30,0,0,53,0,8,87,47,0,40,0,0,2,0,0,0
javascript-grobian-carbonapi-web-add-binary-expression-to-existing-assignment,full,JavaScript,262,262,8367,8373,2013,2019,true,2006,0,3,0,0,1,1,4021,0,6,0,0,1,4,9,2009,1989,20,0,0,0,1,0,0,0
javascript-home-sweet-gnome-dash-to-panel-change-set-style-arguments,full,JavaScript,1632,1639,52223,52608,13018,13119,true,12981,4,20,5,1,61,5,25962,8,40,5,8,61,53,0,13005,12965,17,23,0,0,0,0,0,51
javascript-jquery-ui-rails-jquery-ui-rails-add-strict-and-move-function-call-parenthesis,full,JavaScript,42,46,1015,1045,200,212,true,191,0,9,0,0,0,2,382,0,18,0,0,0,12,0,200,72,128,0,0,0,0,0,0,3
javascript-jquery-ui-rails-jquery-ui-rails-update-text-in-string,full,JavaScript,41,41,1239,1227,476,476,true,461,2,13,0,0,0,0,922,4,26,0,0,0,0,0,476,476,0,0,0,0,0,0,0,0
javascript-jquery-ui-rails-jquery-ui-rails-update-text-in-string-2,full,JavaScript,40,40,1199,1205,476,476,true,461,2,13,0,0,0,0,922,4,26,0,0,0,0,0,476,476,0,0,0,0,0,0,0,0
javascript-microsoft-typescript-add-use-strict,stratified,JavaScript,2,3,37,52,5,11,true,4,0,1,0,0,0,1,8,0,2,0,0,0,6,0,5,5,0,0,0,0,0,0,0,0
javascript-microsoft-typescript-add-use-strict-2,stratified,JavaScript,8,9,140,155,22,28,true,21,0,1,0,0,0,1,42,0,2,0,0,0,6,0,22,22,0,0,0,0,0,0,0,0
javascript-microsoft-typescript-another-test-case-marked-with-strict,small,JavaScript,29,30,815,830,196,202,true,195,0,1,0,0,0,1,390,0,2,0,0,0,6,0,196,196,0,0,0,0,0,0,0,0
javascript-microsoft-typescript-broken-js-remove-string-fragment,small,JavaScript,940,939,40890,40725,14836,14817,true,14779,0,38,19,0,0,0,29558,0,76,19,0,0,0,0,14817,14817,0,0,0,0,0,0,0,464
javascript-microsoft-typescript-concat-to-template,stratified,JavaScript,7,7,286,276,58,50,true,41,0,3,14,0,6,0,82,0,6,14,0,6,0,0,44,42,0,2,0,0,0,0,0,2
javascript-microsoft-typescript-refactor,stratified,JavaScript,20,18,480,397,137,106,true,105,0,1,31,0,0,0,210,0,2,31,0,0,0,0,106,72,0,0,34,0,0,0,0,10
javascript-microsoft-typescript-remove-one-line,stratified,JavaScript,158,157,4399,4360,1344,1343,true,1342,0,1,0,1,0,0,2684,0,2,0,1,0,0,0,1343,1343,0,0,0,0,0,0,0,0
javascript-microsoft-typescript-small-change,stratified,JavaScript,10,10,218,212,38,38,true,33,0,3,2,0,2,0,66,0,6,2,0,2,0,0,36,36,0,0,0,0,0,0,0,0
javascript-microsoft-typescript-small-change-2,stratified,JavaScript,21,20,573,506,168,144,true,137,0,1,0,2,0,1,274,0,2,0,30,0,6,0,138,138,0,0,0,0,0,0,0,0
javascript-microsoft-typescript-small-change-3,stratified,JavaScript,10,10,408,388,101,92,true,86,0,4,11,0,2,0,172,0,8,11,0,2,0,0,90,74,1,15,0,0,0,0,0,0
javascript-microsoft-typescript-test-data-pretending-to-be-code-maybe-broken-parsing,small,JavaScript,514,510,18751,18666,4436,4389,true,4379,1,9,3,3,0,0,8758,2,18,3,44,0,0,0,4389,4389,0,0,0,0,0,0,0,0
javascript-microsoft-typescript-use-strict,stratified,JavaScript,21,22,312,327,96,102,true,95,0,1,0,0,0,1,190,0,2,0,0,0,6,0,96,96,0,0,0,0,0,0,0,0
javascript-microsoft-typescript-use-strict-2,stratified,JavaScript,27,28,735,750,120,126,true,119,0,1,0,0,0,1,238,0,2,0,0,0,6,0,120,120,0,0,0,0,0,0,0,0
javascript-microsoft-typescript-use-strict-3,stratified,JavaScript,21,22,394,409,100,106,true,99,0,1,0,0,0,1,198,0,2,0,0,0,6,0,100,100,0,0,0,0,0,0,0,0
javascript-microsoft-typescript-use-strict-4,stratified,JavaScript,16,17,276,291,48,54,true,47,0,1,0,0,0,1,94,0,2,0,0,0,6,0,48,48,0,0,0,0,0,0,0,0
javascript-microsoft-typescript-use-strict-5,stratified,JavaScript,265,266,5310,5325,1507,1512,true,1493,0,14,0,0,5,0,2986,0,28,0,0,5,0,0,1507,1507,0,0,0,0,0,0,0,0
javascript-microsoft-typescript-use-strict-6,stratified,JavaScript,44,45,1505,1520,427,433,true,425,0,2,0,0,0,1,850,0,4,0,0,0,6,0,427,427,0,0,0,0,0,0,0,0
javascript-microsoft-typescript-use-strict-7,stratified,JavaScript,1033,1034,22499,22514,9976,9982,true,9975,0,1,0,0,0,1,19950,0,2,0,0,0,6,0,9976,9976,0,0,0,0,0,0,0,0
javascript-microsoft-typescript-use-strict-8,stratified,JavaScript,31,32,663,678,178,184,true,177,0,1,0,0,0,1,354,0,2,0,0,0,6,0,178,178,0,0,0,0,0,0,0,0
javascript-mozilla-firefox-add-comment,small,JavaScript,400,402,11236,11334,1877,1879,true,1876,0,1,0,0,2,0,3752,0,2,0,0,2,0,0,1877,1877,0,0,0,0,0,0,0,0
javascript-mozilla-firefox-firefox-remove-one-comment,stratified,JavaScript,5,4,238,201,13,12,true,11,0,1,1,0,0,0,22,0,2,1,0,0,0,0,12,12,0,0,0,0,0,0,0,0
javascript-mui-material-ui-delete-one-import,stratified,JavaScript,7,6,303,271,64,51,true,50,0,1,0,1,0,0,100,0,2,0,13,0,0,0,51,51,0,0,0,0,0,0,0,0
javascript-refactor-arrow-func,handmade,JavaScript,11,7,200,154,95,77,true,64,0,9,22,0,4,0,128,0,18,22,0,4,0,0,73,60,2,11,0,0,0,0,0,0
javascript-twbs-bootstrap-comment-version-update,small,JavaScript,135,135,4360,4360,1140,1140,true,1138,1,1,0,0,0,0,2276,2,2,0,0,0,0,0,1140,1140,0,0,0,0,0,0,0,0
javascript-typescript-add-strict-3,small,JavaScript,106,107,5484,5499,1832,1838,true,1831,0,1,0,0,0,1,3662,0,2,0,0,0,6,0,1832,1832,0,0,0,0,0,0,0,0
javascript-typescript-add-use-strict,small,JavaScript,19,20,474,489,127,133,true,126,0,1,0,0,0,1,252,0,2,0,0,0,6,0,127,127,0,0,0,0,0,0,0,0
javascript-typescript-interesting-small-edit-refactor,small,JavaScript,7,7,213,195,51,38,true,31,0,3,7,2,4,0,62,0,6,7,10,4,0,0,34,32,2,0,0,0,0,0,0,3
javascript-typescript-use-strict-2,small,JavaScript,29,30,815,830,196,202,true,195,0,1,0,0,0,1,390,0,2,0,0,0,6,0,196,196,0,0,0,0,0,0,0,0
javascript-typescript-very-interesting-brokn-code,small,JavaScript,8,9,258,273,44,44,true,40,1,3,0,0,0,0,80,2,6,0,0,0,0,0,44,44,0,0,0,0,0,0,0,0
javascript-usebruno-bruno-add-class-to-classname-attribute,full,JavaScript,214,214,8034,8028,1923,1923,true,1901,1,21,0,0,0,0,3802,2,42,0,0,0,0,0,1923,1923,0,0,0,0,0,0,0,0
javascript-usebruno-bruno-style-change,full,JavaScript,29,29,579,613,94,117,true,88,1,5,0,0,1,1,176,2,10,0,0,1,22,0,94,94,0,0,0,0,0,0,0,0
javascript-vercel-next-add-doccomment,stratified,JavaScript,5,5,248,278,65,66,true,54,0,11,0,0,0,1,108,0,22,0,0,0,1,0,65,65,0,0,0,0,0,0,0,0
javascript-xpra-org-xpra-html5-small-change,full,JavaScript,4974,4974,164068,164064,45435,45427,true,45402,2,19,4,0,0,0,90816,4,38,4,0,0,0,12,45423,45421,0,0,2,0,4,0,0,4
json-apache-string-change-version,small,JSON,412,412,17903,17903,4310,4310,true,4303,1,6,0,0,0,0,8606,2,12,0,0,0,0,0,4310,4310,0,0,0,0,0,0,0,0
json-apache-superset-js-to-ts,stratified,JSON,16,16,365,365,133,133,true,128,1,4,0,0,0,0,256,2,8,0,0,0,0,0,133,133,0,0,0,0,0,0,0,0
json-excalidraw-excalidraw-change-translations-mostly-add,small,JSON,665,715,27613,28633,6474,6907,true,6463,0,10,1,0,6,6,12926,0,20,1,0,6,428,0,6473,6473,0,0,0,0,0,0,0,27
json-fedoraqt-qgnomeplatform-remove-from-list,full,JSON,3,3,54,46,27,22,true,18,0,4,1,1,0,0,36,0,8,1,4,0,0,0,22,22,0,0,0,0,0,0,0,0
json-fortawesome-font-awesome-string-change,full,JSON,1,1,397,405,62,62,true,56,1,5,0,0,0,0,112,2,10,0,0,0,0,0,62,62,0,0,0,0,0,0,0,0
json-gorhill-ublock-add-5-pairs,small,JSON,394,414,15497,16281,3065,3220,true,3063,0,2,0,0,5,5,6126,0,4,0,0,5,150,0,3065,3065,0,0,0,0,0,0,0,0
json-gorhill-ublock-version,stratified,JSON,13,13,316,316,84,84,true,69,2,13,0,0,0,0,138,4,26,0,0,0,0,0,84,84,0,0,0,0,0,0,0,0
json-governikus-ausweisapp-whitespace-only,full,JSON,4,4,67,67,24,24,true,19,1,4,0,0,0,0,38,2,8,0,0,0,0,0,24,24,0,0,0,0,0,0,0,0
json-grafana-grafana-add-pair,stratified,JSON,9,10,204,262,73,84,true,71,0,2,0,0,1,1,142,0,4,0,0,1,10,0,73,73,0,0,0,0,0,0,0,0
json-ipfs-ipfs-desktop-only-update-version-strings,full,JSON,24341,24341,924223,924223,198406,198406,true,198344,14,48,0,0,0,0,396688,28,96,0,0,0,0,0,198406,198406,0,0,0,0,0,0,0,0
json-iwalton3-jellyfin-web-jmp-gigantic-file-trivial-string-version-change,full,JSON,15705,15705,647688,647688,129252,129252,true,129247,1,4,0,0,0,0,258494,2,8,0,0,0,0,0,129252,129252,0,0,0,0,0,0,0,0
json-kellyjonbrazil-jc-add-maxhops-to-traceroute,full,JSON,1,1,687,716,404,420,true,402,0,2,0,0,2,2,804,0,4,0,0,2,14,0,404,404,0,0,0,0,0,0,0,0
json-kiwix-kiwix-desktop-add-a-few-change-a-few,full,JSON,196,198,9564,9675,2079,2101,true,2074,1,4,0,0,0,4,4148,2,8,0,0,0,22,0,2079,2079,0,0,0,0,0,0,0,20
json-langflow-update-single-string,small,JSON,2150,2150,154331,154331,23136,23136,true,23115,1,20,0,0,0,0,46230,2,40,0,0,0,0,0,23136,23136,0,0,0,0,0,0,0,0
json-lidarr-lidarr-remove-one-line,stratified,JSON,879,878,57407,57268,9654,9643,true,9641,0,2,1,1,0,0,19282,0,4,1,10,0,0,0,9643,9643,0,0,0,0,0,0,0,0
json-main-branch-track_open_instances-remove-item-from-list,full,JSON,23,22,672,615,161,150,true,144,0,6,1,1,0,0,288,0,12,1,10,0,0,0,150,150,0,0,0,0,0,0,0,0
json-mastodon-add-translation,small,JSON,1043,1044,75729,75807,11465,11476,true,11463,0,2,0,0,0,2,22926,0,4,0,0,0,11,0,11465,11465,0,0,0,0,0,0,0,0
json-microsoft-playwright-version-update,stratified,JSON,6,6,98,98,31,31,true,24,1,6,0,0,0,0,48,2,12,0,0,0,0,0,31,31,0,0,0,0,0,0,0,0
json-nextcloud-server-deleted-pair,small,JSON,26,25,2649,2254,282,271,true,267,0,4,1,1,0,0,534,0,8,1,10,0,0,0,271,271,0,0,0,0,0,0,0,0
json-nextcloud-server-remove-many-and-move-one,small,JSON,367,341,27656,26046,4127,3833,true,3829,0,4,3,49,0,0,7658,0,8,3,291,0,0,0,3833,3833,0,0,0,1,0,0,0,0
json-puppeteer-puppeteer-update-version,stratified,JSON,7,7,181,179,58,58,true,47,3,8,0,0,0,0,94,6,16,0,0,0,0,0,58,58,0,0,0,0,0,0,0,0
json-puppeteer-puppeteer-version-update,stratified,JSON,1,1,12,12,8,8,true,4,1,3,0,0,0,0,8,2,6,0,0,0,0,0,8,8,0,0,0,0,0,0,0,0
json-puppeteer-puppeteer-version-update-2,stratified,JSON,1,1,12,12,8,8,true,4,1,3,0,0,0,0,8,2,6,0,0,0,0,0,8,8,0,0,0,0,0,0,0,0
json-radarr-radarr-rename-string-key,small,JSON,1119,1119,66506,66494,12294,12294,true,12289,1,4,0,0,0,0,24578,2,8,0,0,0,0,0,12294,12294,0,0,0,0,0,0,0,0
json-shadcn-ui-ui-add-one-line,stratified,JSON,92,93,5160,5220,993,1004,true,991,0,2,0,0,1,1,1982,0,4,0,0,1,10,0,993,993,0,0,0,0,0,0,0,0
json-shadcn-ui-ui-react-code-in-string-constant,small,JSON,15,15,3704,3813,525,540,true,518,0,7,0,0,15,0,1036,0,14,0,0,15,0,0,525,525,0,0,0,0,0,0,0,0
json-shadcn-ui-ui-string-value-update-string-is-code,small,JSON,12,12,1852,1851,196,196,true,188,1,7,0,0,0,0,376,2,14,0,0,0,0,0,196,196,0,0,0,0,0,0,0,0
json-vercel-next-version,stratified,JSON,14,14,303,303,109,109,true,104,1,4,0,0,0,0,208,2,8,0,0,0,0,0,109,109,0,0,0,0,0,0,0,0
json-webgpu-native-webgpu-headers-only-insertions,full,JSON,6776,6824,181080,182612,47132,47436,true,47121,0,11,0,0,5,5,94242,0,22,0,0,5,299,0,47132,47132,0,0,0,0,0,0,0,0
kotlin-add-data-class,handmade,Kotlin,11,10,211,212,94,95,true,60,1,10,23,0,24,0,120,2,20,23,0,24,0,0,71,69,2,0,0,0,0,0,0,0
kotlin-add-null-check,handmade,Kotlin,9,12,185,234,71,87,true,67,0,4,0,0,16,0,134,0,8,0,0,16,0,0,71,71,0,0,0,0,0,0,0,0
kotlin-add-validation,handmade,Kotlin,8,14,198,417,66,126,true,62,0,4,0,0,60,0,124,0,8,0,0,60,0,0,66,66,0,0,0,0,0,0,0,0
kotlin-fix-loop-bug,handmade,Kotlin,14,14,292,287,133,133,true,126,0,5,2,0,2,0,252,0,10,2,0,2,0,0,131,131,0,0,0,0,0,0,0,0
kotlin-jetbrains-kotlin-add-single-const,full,Kotlin,29,30,1911,1988,279,291,true,276,0,3,0,0,0,1,552,0,6,0,0,0,12,0,279,279,0,0,0,0,0,0,0,0
kotlin-jetbrains-kotlin-remove-one-comment-line,full,Kotlin,32,31,884,806,183,182,true,179,2,1,0,1,0,0,358,4,2,0,1,0,0,0,182,182,0,0,0,0,0,0,0,1
kotlin-jetbrains-kotlin-remove-some-deprecation,full,Kotlin,37,21,1319,667,252,128,true,120,0,6,2,5,0,1,240,0,12,2,124,0,2,0,126,126,0,0,0,0,0,0,0,0
kotlin-jetbrains-kotlin-remove-typealias-with-annotations,full,Kotlin,33,29,998,848,193,148,true,147,0,1,7,2,0,0,294,0,2,7,38,0,0,0,148,148,0,0,0,0,0,0,0,0
kotlin-mozilla-firefox-firefox-add-one-annotation,stratified,Kotlin,1035,1036,38839,38854,7171,7175,true,7166,0,5,0,0,0,1,14332,0,10,0,0,0,4,0,7171,7171,0,0,0,0,0,0,0,0
kotlin-mozilla-firefox-firefox-add-one-line,stratified,Kotlin,2812,2813,119559,119641,20709,20722,true,20693,0,16,0,0,0,1,41386,0,32,0,0,0,13,0,20709,20709,0,0,0,0,0,0,0,0
kotlin-mozilla-firefox-firefox-add-one-line-2,stratified,Kotlin,431,432,18823,18915,3608,3622,true,3588,0,20,0,0,1,1,7176,0,40,0,0,1,13,0,3608,3608,0,0,0,0,0,0,0,0
kotlin-mozilla-firefox-firefox-rename,stratified,Kotlin,29,29,949,950,166,166,true,157,1,8,0,0,0,0,314,2,16,0,0,0,0,0,166,166,0,0,0,0,0,0,0,0
kotlin-nextcloud-a-few-small-removals,small,Kotlin,438,418,17339,16507,3540,3352,true,3318,0,24,6,10,10,0,6636,0,48,6,192,10,0,0,3342,3342,0,0,0,0,0,0,0,2
kotlin-nextcloud-android-add-a-feature,small,Kotlin,518,530,20407,20923,3500,3588,true,3492,0,8,0,0,0,4,6984,0,16,0,0,0,88,0,3500,3500,0,0,0,0,0,0,0,0
kotlin-nextcloud-android-add-one-annotation,stratified,Kotlin,3180,3181,124394,124422,23572,23585,true,23567,0,5,0,0,0,1,47134,0,10,0,0,0,13,0,23572,23572,0,0,0,0,0,0,0,0
kotlin-nextcloud-android-add-param,stratified,Kotlin,27,28,806,856,171,183,true,162,1,8,0,0,2,2,324,2,16,0,0,2,10,0,171,171,0,0,0,0,0,0,0,0
kotlin-nextcloud-android-add-param-to-class,stratified,Kotlin,16,17,438,465,74,81,true,70,0,4,0,0,0,2,140,0,8,0,0,0,7,0,74,74,0,0,0,0,0,0,0,0
kotlin-nextcloud-android-different-function,stratified,Kotlin,21,21,699,693,115,115,true,106,1,8,0,0,0,0,212,2,16,0,0,0,0,0,115,115,0,0,0,0,0,0,0,0
kotlin-nextcloud-android-dot-to-question-mark-dot,small,Kotlin,195,195,6577,6584,1792,1792,true,1763,0,29,0,0,0,0,3526,0,58,0,0,0,0,0,1792,1792,0,0,0,0,0,0,0,0
kotlin-nextcloud-android-extract-argument-into-variable,small,Kotlin,201,202,7722,7824,1912,1946,true,1898,0,11,3,0,37,0,3796,0,22,3,0,37,0,0,1909,1908,1,0,0,0,0,0,0,3
kotlin-nextcloud-android-move-from-one-mocking-library-to-other,small,Kotlin,58,59,2205,2137,530,540,true,445,6,25,0,4,0,4,890,12,50,0,54,0,64,0,476,476,0,0,0,0,0,0,0,24
kotlin-nextcloud-android-real-small-change,stratified,Kotlin,19,21,606,699,94,115,true,85,0,5,4,0,13,1,170,0,10,4,0,13,12,0,90,90,0,0,0,0,0,0,0,0
kotlin-nextcloud-android-remove-function,stratified,Kotlin,28,25,1642,1517,203,170,true,167,0,3,0,1,0,0,334,0,6,0,33,0,0,0,170,170,0,0,0,0,0,0,0,0
kotlin-nextcloud-android-remove-one-argument,stratified,Kotlin,380,379,14308,14270,3099,3096,true,3085,0,11,3,0,0,0,6170,0,22,3,0,0,0,0,3096,3096,0,0,0,0,0,0,0,0
kotlin-nextcloud-android-remove-one-argument-2,stratified,Kotlin,78,77,3011,2977,599,596,true,588,0,8,3,0,0,0,1176,0,16,3,0,0,0,0,596,596,0,0,0,0,0,0,0,0
kotlin-nextcloud-android-remove-one-import,stratified,Kotlin,3143,3142,122388,122340,23066,23054,true,23053,0,1,0,1,0,0,46106,0,2,0,12,0,0,0,23054,23054,0,0,0,0,0,0,0,0
kotlin-nextcloud-android-rename,stratified,Kotlin,18,18,604,600,129,129,true,124,1,4,0,0,0,0,248,2,8,0,0,0,0,0,129,129,0,0,0,0,0,0,0,0
kotlin-nextcloud-android-rename-field,stratified,Kotlin,18,18,600,604,129,129,true,124,1,4,0,0,0,0,248,2,8,0,0,0,0,0,129,129,0,0,0,0,0,0,0,0
kotlin-nextcloud-android-small-change,stratified,Kotlin,22,20,711,725,98,111,true,92,0,5,1,0,1,2,184,0,10,1,0,1,13,0,97,97,0,0,0,0,0,0,0,0
kotlin-nextcloud-android-whitespace-only,stratified,Kotlin,90,91,2888,2889,698,698,true,698,0,0,0,0,0,0,1396,0,0,0,0,0,0,0,698,698,0,0,0,0,0,0,0,0
kotlin-nextcloud-change-function-fingerprint,small,Kotlin,157,161,5563,5843,1232,1289,true,1184,1,25,8,1,37,3,2374,2,50,8,12,37,38,6,1210,1206,0,0,4,0,2,0,0,4
kotlin-nextcloud-remove-function,small,Kotlin,854,822,33556,32495,7187,6987,true,6939,5,30,0,1,11,0,13881,10,60,0,212,11,0,3,6974,6942,0,32,0,0,1,0,0,5
kotlin-nextcloud-whitespace-only-change,small,Kotlin,69,70,2186,2187,569,569,true,569,0,0,0,0,0,0,1138,0,0,0,0,0,0,0,569,569,0,0,0,0,0,0,0,0
kotlin-refactor-function,handmade,Kotlin,14,10,395,303,135,130,true,55,4,25,33,0,37,0,137,8,50,33,0,37,0,27,84,60,2,20,2,0,9,0,9,74
kotlin-remove-function,small,Kotlin,77,57,2994,2319,455,296,true,239,2,23,14,5,0,2,478,4,46,14,177,0,32,0,264,262,2,0,0,0,0,0,0,0
kotlin-rustdesk-rustdesk-add-func,stratified,Kotlin,27,28,856,910,238,250,true,235,0,3,0,0,0,1,470,0,6,0,0,0,12,0,238,238,0,0,0,0,0,0,0,0
kotlin-small-api-change,small,Kotlin,85,85,2705,2726,779,786,true,766,0,9,4,0,11,0,1532,0,18,4,0,11,0,0,775,775,0,0,0,0,0,0,0,0
kotlin-yairm210-unciv-another-vector2-removal,full,Kotlin,812,803,36785,36315,6416,6303,true,6284,0,17,9,9,2,0,12568,0,34,9,106,2,0,0,6301,6295,2,4,0,0,0,0,0,12
kotlin-yairm210-unciv-move-from-vec2-to-hexexpression,full,Kotlin,580,580,25246,25237,5531,5524,true,5498,3,23,7,0,0,0,10996,6,46,7,0,0,0,0,5524,5520,0,4,0,0,0,0,0,0
kotlin-yairm210-unciv-remove-tovector2-from-multiple-callsites,full,Kotlin,588,588,25896,25824,5331,5289,true,5240,0,41,36,0,0,0,10502,0,82,36,0,0,0,22,5281,5259,0,22,0,0,6,0,0,0
kotlin-yairm210-unciv-small-change,full,Kotlin,147,148,4079,4110,785,797,true,761,1,19,4,0,4,1,1522,2,38,4,0,4,12,0,781,781,0,0,0,0,0,0,0,0
kotlin-yairm210-unciv-vector2-to-hexgrid,full,Kotlin,248,249,8725,8708,1922,1934,true,1790,1,95,36,0,36,1,3580,2,190,36,0,36,12,0,1886,1886,0,0,0,0,0,0,0,0
kotlin-yairm210-unciv-yet-another-vector2-removal,full,Kotlin,209,210,9504,9531,2205,2211,true,2119,7,73,6,0,0,1,4238,14,146,6,0,0,12,0,2199,2194,0,0,5,0,0,0,0,1
lua-awesome-only-comment-change,small,LUA,719,719,24513,24514,4644,4644,true,4641,1,2,0,0,0,0,9282,2,4,0,0,0,0,0,4644,4644,0,0,0,0,0,0,0,0
lua-awesomewm-awesome-add-comment,stratified,LUA,19,20,850,898,225,228,true,224,0,1,0,0,0,1,448,0,2,0,0,0,3,0,225,225,0,0,0,0,0,0,0,0
lua-awesomewm-awesome-add-deprecation-notice-to-comment,stratified,LUA,604,604,21208,21236,5303,5303,true,5300,1,2,0,0,0,0,10600,2,4,0,0,0,0,0,5303,5303,0,0,0,0,0,0,0,0
lua-awesomewm-awesome-add-func,stratified,LUA,18,20,506,551,113,125,true,112,0,1,0,0,0,1,224,0,2,0,0,0,12,0,113,113,0,0,0,0,0,0,0,0
lua-awesomewm-awesome-add-func-call,stratified,LUA,17,18,801,877,192,232,true,191,0,1,0,0,18,4,382,0,2,0,0,18,22,0,192,192,0,0,0,0,0,0,0,0
lua-awesomewm-awesome-add-h-to-align,stratified,LUA,27,27,679,679,191,191,true,180,2,9,0,0,0,0,360,4,18,0,0,0,0,0,191,191,0,0,0,0,0,0,0,0
lua-awesomewm-awesome-add-noreturn-comment,stratified,LUA,135,136,3808,3821,936,939,true,935,0,1,0,0,0,1,1870,0,2,0,0,0,3,0,936,936,0,0,0,0,0,0,0,0
lua-awesomewm-awesome-add-to-table-constructor,stratified,LUA,3,4,49,115,20,33,true,15,0,4,1,0,2,1,30,0,8,1,0,2,12,0,19,19,0,0,0,0,0,0,0,0
lua-awesomewm-awesome-align-to-halign,small,LUA,82,82,1999,1999,483,483,true,458,2,23,0,0,0,0,916,4,46,0,0,0,0,0,483,483,0,0,0,0,0,0,0,0
lua-awesomewm-awesome-change-doccomments,small,LUA,480,484,14850,15049,3112,3124,true,3085,10,11,0,2,0,6,6170,20,22,0,6,0,18,0,3106,3106,0,0,0,0,0,0,0,21
lua-awesomewm-awesome-comment-changes-and-additions,small,LUA,249,251,8085,8167,1689,1695,true,1680,4,5,0,0,0,2,3360,8,10,0,0,0,6,0,1689,1689,0,0,0,0,0,0,0,0
lua-awesomewm-awesome-comment-only,stratified,LUA,19,19,611,613,68,68,true,63,2,3,0,0,0,0,126,4,6,0,0,0,0,0,68,68,0,0,0,0,0,0,0,0
lua-awesomewm-awesome-comment-only-2,stratified,LUA,18,18,610,612,199,199,true,196,1,2,0,0,0,0,392,2,4,0,0,0,0,0,199,199,0,0,0,0,0,0,0,0
lua-awesomewm-awesome-fix-one-byte-typo-in-comment,stratified,LUA,102,102,3424,3424,829,829,true,826,1,2,0,0,0,0,1652,2,4,0,0,0,0,0,829,829,0,0,0,0,0,0,0,0
lua-awesomewm-awesome-halign,stratified,LUA,29,29,826,826,183,183,true,173,1,9,0,0,0,0,346,2,18,0,0,0,0,0,183,183,0,0,0,0,0,0,0,0
lua-awesomewm-awesome-insert,stratified,LUA,17,18,749,774,174,185,true,173,0,1,0,0,0,2,346,0,2,0,0,0,11,0,174,174,0,0,0,0,0,0,0,0
lua-awesomewm-awesome-insert-only,stratified,LUA,21,25,1206,1381,494,524,true,493,0,1,0,0,0,6,986,0,2,0,0,0,30,0,494,494,0,0,0,0,0,0,0,18
lua-awesomewm-awesome-update-comment,stratified,LUA,9,9,272,282,34,34,true,31,1,2,0,0,0,0,62,2,4,0,0,0,0,0,34,34,0,0,0,0,0,0,0,0
lua-corsixth-corsixth-refactor-if-expressions,full,LUA,278,278,10282,10272,2302,2308,true,2276,0,10,16,0,22,0,4552,0,20,16,0,22,0,0,2286,2282,4,0,0,0,0,0,0,12
lua-dromozoa-dromozoa-utf8-only-comment-text-update,full,LUA,287,287,6765,6770,2460,2460,true,2457,1,2,0,0,0,0,4914,2,4,0,0,0,0,0,2460,2460,0,0,0,0,0,0,0,0
lua-luakit-luakit-actual-test-change-merging-two-tests-into-one,full,LUA,87,72,2310,1872,848,679,true,595,4,34,26,13,19,2,1190,8,68,26,189,19,27,0,633,608,25,0,0,0,0,0,0,107
lua-luals-lua-language-server-add-gsub-function-call,full,LUA,671,671,20688,20710,5989,6007,true,5975,0,14,0,0,4,1,11950,0,28,0,0,4,14,0,5989,5981,0,8,0,0,0,0,0,2
lua-luals-lua-language-server-add-two-translations,full,LUA,1310,1314,35940,36052,3190,3208,true,3189,0,1,0,0,0,2,6378,0,2,0,0,0,18,0,3190,3190,0,0,0,0,0,0,0,0
lua-luaposix-luaposix-copyright-year-change,full,LUA,486,486,15500,15500,3713,3713,true,3710,1,2,0,0,0,0,7420,2,4,0,0,0,0,0,3713,3713,0,0,0,0,0,0,0,0
lua-neovim-neovim-add-if-around-one-line,small,LUA,1074,1076,30273,30304,7839,7845,true,7836,0,3,0,0,6,0,15672,0,6,0,0,6,0,0,7839,7826,0,13,0,0,0,0,0,2
lua-neovim-neovim-add-leading-comment,stratified,LUA,96,97,2449,2484,860,863,true,859,0,1,0,0,0,1,1718,0,2,0,0,0,3,0,860,860,0,0,0,0,0,0,0,0
lua-neovim-neovim-add-new-logic,small,LUA,2098,2103,59887,59998,16255,16285,true,16240,0,13,2,0,13,3,32480,0,26,2,0,13,19,0,16253,16212,4,0,37,0,0,0,0,10
lua-neovim-neovim-constant-changes,small,LUA,264,264,11178,11170,1054,1054,true,1037,2,15,0,0,0,0,2074,4,30,0,0,0,0,0,1054,1054,0,0,0,0,0,0,0,0
lua-neovim-neovim-if-flips-two-branches,small,LUA,1521,1521,51759,51759,11903,11903,true,11891,0,12,0,0,0,0,23782,0,24,0,0,0,0,0,11903,11828,75,0,0,0,0,0,0,68
lua-neovim-neovim-logic-change-with-some-code-re-use,small,LUA,1441,1479,49823,51712,9694,10008,true,9584,2,53,40,1,37,14,19198,4,106,40,3,37,314,30,9639,9615,21,2,1,0,10,0,9,16
lua-neovim-neovim-rename,stratified,LUA,16,16,689,680,263,263,true,247,3,13,0,0,0,0,494,6,26,0,0,0,0,0,263,263,0,0,0,0,0,0,0,0
lua-neovim-one-added-line,small,LUA,239,240,6076,6116,1989,2006,true,1982,0,7,0,0,0,1,3964,0,14,0,0,0,17,0,1989,1989,0,0,0,0,0,0,0,0
lua-return-to-the-roots-s25client-add-two-items-to-list,full,LUA,526,528,22274,22339,4529,4549,true,4523,0,6,0,0,2,2,9046,0,12,0,0,2,18,0,4529,4529,0,0,0,0,0,0,0,0
lua-return-to-the-roots-s25client-few-added-lines,full,LUA,80,86,2576,2798,714,816,true,711,0,3,0,0,0,6,1422,0,6,0,0,0,102,0,714,714,0,0,0,0,0,0,0,0
lua-teeworlds-teeworlds-add-or-expression-to-existing-if,full,LUA,560,560,18024,18043,5701,5710,true,5695,0,6,0,0,2,1,11390,0,12,0,0,2,7,0,5701,5685,16,0,0,0,0,0,0,2
php-consol-monitoring-pnp-move-from-one-function-to-other-that-has-more-params,full,PHP,1898,1898,50103,50326,24229,24307,true,24178,6,45,0,0,2,22,48356,12,90,0,0,2,76,0,24229,24229,0,0,0,0,0,0,0,0
php-doctrine-orm-delete-3-comments-and-update-1,full,PHP,1052,1049,40764,40459,9406,9403,true,9385,1,17,3,0,0,0,18770,2,34,3,0,0,0,0,9403,9403,0,0,0,0,0,0,0,0
php-icinga-icingaweb2-module-graphite-add-a-few-nodes,full,PHP,115,122,3727,3915,1173,1234,true,1168,0,5,0,0,0,3,2336,0,10,0,0,0,61,0,1173,1173,0,0,0,0,0,0,0,0
php-nextcloud-change-doccomment,small,PHP,156,156,4637,4628,1771,1771,true,1767,1,3,0,0,0,0,3534,2,6,0,0,0,0,0,1771,1771,0,0,0,0,0,0,0,0
php-nextcloud-server-add-a-few-types,stratified,PHP,27,27,655,678,139,146,true,131,0,8,0,0,2,3,262,0,16,0,0,2,5,0,139,139,0,0,0,0,0,0,0,0
php-nextcloud-server-add-declare,stratified,PHP,10,12,224,250,23,32,true,22,0,1,0,0,0,1,44,0,2,0,0,0,9,0,23,23,0,0,0,0,0,0,0,0
php-nextcloud-server-add-declare-2,stratified,PHP,13,15,353,379,34,43,true,33,0,1,0,0,0,1,66,0,2,0,0,0,9,0,34,34,0,0,0,0,0,0,0,0
php-nextcloud-server-add-declare-3,stratified,PHP,15,17,366,392,20,29,true,19,0,1,0,0,0,1,38,0,2,0,0,0,9,0,20,20,0,0,0,0,0,0,0,0
php-nextcloud-server-add-declare-4,stratified,PHP,21,23,538,564,58,67,true,57,0,1,0,0,0,1,114,0,2,0,0,0,9,0,58,58,0,0,0,0,0,0,0,0
php-nextcloud-server-add-declare-5,stratified,PHP,19,21,438,464,39,48,true,38,0,1,0,0,0,1,76,0,2,0,0,0,9,0,39,39,0,0,0,0,0,0,0,0
php-nextcloud-server-add-declare-6,stratified,PHP,18,20,431,457,42,51,true,41,0,1,0,0,0,1,82,0,2,0,0,0,9,0,42,42,0,0,0,0,0,0,0,0
php-nextcloud-server-add-declare-7,stratified,PHP,19,21,498,524,129,138,true,128,0,1,0,0,0,1,256,0,2,0,0,0,9,0,129,129,0,0,0,0,0,0,0,0
php-nextcloud-server-add-one-element-to-array-init,stratified,PHP,2321,2322,284786,284929,57886,57912,true,57880,0,6,0,0,1,1,115760,0,12,0,0,1,25,0,57886,57886,0,0,0,0,0,0,0,0
php-nextcloud-server-add-readonly,stratified,PHP,29,29,609,618,153,155,true,147,0,6,0,0,2,0,294,0,12,0,0,2,0,0,153,153,0,0,0,0,0,0,0,0
php-nextcloud-server-real-small-change,stratified,PHP,25,23,652,571,158,139,true,129,0,6,1,3,4,0,258,0,12,1,22,4,0,0,135,135,0,0,0,0,0,0,0,0
php-nextcloud-server-whitespace-and-added-declaration,small,PHP,39,40,819,844,251,260,true,250,0,1,0,0,0,1,500,0,2,0,0,0,9,0,251,251,0,0,0,0,0,0,0,0
php-php-fig-log-deleted-a-class,full,PHP,146,138,4743,4649,1287,1263,true,1262,0,1,0,1,0,0,2524,0,2,0,24,0,0,0,1263,1263,0,0,0,0,0,0,0,0
php-rk4an-phpsysinfo-actual-logic-change,full,PHP,957,963,35026,35381,10299,10386,true,10275,1,20,2,0,25,4,20553,2,40,2,0,25,63,3,10296,10257,14,0,25,0,1,0,0,2
php-smarty-php-smarty-change-version-string,full,PHP,2239,2239,56570,56570,11816,11816,true,11809,1,6,0,0,0,0,23618,2,12,0,0,0,0,0,11816,11816,0,0,0,0,0,0,0,0
php-symfony-finder-move-elseif-block-to-else,full,PHP,856,852,24386,24157,4258,4224,true,4213,1,7,2,2,0,0,8435,2,14,2,29,0,0,9,4221,4221,0,0,0,0,3,0,0,1
php-theseer-directoryscanner-add-two-test-cases-and-reformat-file,full,PHP,181,198,6163,7094,1101,1181,true,1067,15,19,0,0,2,2,2134,30,38,0,0,2,78,0,1101,1101,0,0,0,0,0,0,0,2
php-wordpress-wordpress-add-null-to-return,small,PHP,2823,2823,97804,97809,19897,19898,true,19889,0,8,0,0,1,0,39778,0,16,0,0,1,0,0,19897,19897,0,0,0,0,0,0,0,0
php-wordpress-wordpress-add-one-require-statement,stratified,PHP,752,753,30186,30245,5637,5651,true,5636,0,1,0,0,0,1,11272,0,2,0,0,0,14,0,5637,5637,0,0,0,0,0,0,0,0
php-wordpress-wordpress-add-rtc-check,small,PHP,1636,1645,46036,46422,10228,10308,true,10217,0,10,0,0,9,3,20437,0,20,0,0,9,70,3,10227,10075,0,0,152,0,1,0,0,0
php-wordpress-wordpress-add-some-checks,small,PHP,3944,3969,151511,152232,34771,34952,true,34755,0,14,2,0,5,3,69510,0,28,2,0,5,178,0,34769,34766,3,0,0,0,0,0,0,10
php-wordpress-wordpress-not-sure-if-this-parses-correctly,stratified,PHP,9222,9223,288385,288444,51035,51049,true,51029,0,3,0,0,10,0,102068,0,6,0,0,10,0,10,51032,51032,0,0,0,0,0,0,0,1
php-wordpress-wordpress-one-line-file-insert-and-update,stratified,PHP,1,1,337,374,137,155,true,129,1,7,0,0,0,6,258,2,14,0,0,0,18,0,137,137,0,0,0,0,0,0,0,0
php-wordpress-wordpress-one-line-file-with-real-insert-and-update,stratified,PHP,1,1,462,472,192,198,true,184,1,7,0,0,1,1,368,2,14,0,0,1,5,0,192,192,0,0,0,0,0,0,0,0
php-wordpress-wordpress-remove-one-todo-comment,stratified,PHP,1556,1555,49173,49067,12413,12412,true,12409,0,3,1,0,0,0,24818,0,6,1,0,0,0,0,12412,12412,0,0,0,0,0,0,0,0
php-wordpress-wordpress-update-doccomment,small,PHP,861,861,23929,23944,4318,4318,true,4314,3,1,0,0,0,0,8628,6,2,0,0,0,0,0,4318,4318,0,0,0,0,0,0,0,0
php-wordpress-wordpress-version,stratified,PHP,1,1,174,174,65,65,true,59,1,5,0,0,0,0,118,2,10,0,0,0,0,0,65,65,0,0,0,0,0,0,0,0
php-wordpress-wordpress-version-2,stratified,PHP,1,1,366,366,143,143,true,137,1,5,0,0,0,0,274,2,10,0,0,0,0,0,143,143,0,0,0,0,0,0,0,0
php-wordpress-wordpress-version-3,stratified,PHP,1,1,1818,1818,613,613,true,580,6,27,0,0,0,0,1160,12,54,0,0,0,0,0,613,613,0,0,0,0,0,0,0,0
php-wordpress-wordpress-version-4,stratified,PHP,1,1,12651,12651,4722,4722,true,4709,2,11,0,0,0,0,9418,4,22,0,0,0,0,0,4722,4722,0,0,0,0,0,0,0,0
php-wordpress-wordpress-version-5,stratified,PHP,1,1,262,262,101,101,true,95,1,5,0,0,0,0,190,2,10,0,0,0,0,0,101,101,0,0,0,0,0,0,0,0
php-wordpress-wordpress-version-6,stratified,PHP,1,1,185,185,71,71,true,65,1,5,0,0,0,0,130,2,10,0,0,0,0,0,71,71,0,0,0,0,0,0,0,0
php-wordpress-wordpress-version-7,stratified,PHP,1,1,262,262,101,101,true,95,1,5,0,0,0,0,190,2,10,0,0,0,0,0,101,101,0,0,0,0,0,0,0,0
php-wordpress-wordpress-version-8,stratified,PHP,1,1,83,83,30,30,true,24,1,5,0,0,0,0,48,2,10,0,0,0,0,0,30,30,0,0,0,0,0,0,0,0
php-wordpress-wordpress-version-update,small,PHP,57,57,1113,1113,84,84,true,79,1,4,0,0,0,0,158,2,8,0,0,0,0,0,84,84,0,0,0,0,0,0,0,0
php-wordpress-wordpress-version-update-2,small,PHP,57,57,1113,1113,84,84,true,79,1,4,0,0,0,0,158,2,8,0,0,0,0,0,84,84,0,0,0,0,0,0,0,0
php-wordpress-wordpress-version-update-3,small,PHP,57,57,1113,1113,84,84,true,79,1,4,0,0,0,0,158,2,8,0,0,0,0,0,84,84,0,0,0,0,0,0,0,0
php-wordpress-wordpress-whitespace-only-change,small,PHP,2829,2829,98245,98244,20113,20113,true,20113,0,0,0,0,0,0,40226,0,0,0,0,0,0,0,20113,20113,0,0,0,0,0,0,0,0
php-zetacomponents-base-whitespace-only-change,full,PHP,141,141,4950,4948,318,318,true,316,1,1,0,0,0,0,632,2,2,0,0,0,0,0,318,318,0,0,0,0,0,0,0,0
php-zetacomponents-consoletools-file-with-parse-errors-and-a-few-deletions,full,PHP,407,406,14540,14499,1910,1903,true,1882,0,21,7,0,0,0,3764,0,42,7,0,0,0,0,1903,1903,0,0,0,0,0,0,0,2
python-aajanki-yle-dl-tiny-change,full,Python,58,58,1776,1770,344,341,true,326,2,13,1,1,0,0,652,4,26,1,2,0,0,0,341,341,0,0,0,0,0,0,0,0
python-aboutcode-org-license-expression-excellent-test-case,full,Python,2287,2286,76191,76014,13554,13537,true,13256,20,128,36,9,18,13,26512,40,256,36,114,18,115,0,13404,13372,30,2,0,0,0,0,0,251
python-add-remove-block,handmade,Python,20,28,398,616,133,182,true,127,1,5,0,0,49,0,254,2,10,0,0,49,0,0,133,133,0,0,0,0,0,0,0,0
python-added-if-block,handmade,Python,21,22,690,719,168,181,true,165,0,3,0,0,13,0,330,0,6,0,0,13,0,0,168,154,0,14,0,0,0,0,0,0
python-added-if-block-small,handmade,Python,3,4,60,81,27,35,true,24,0,3,0,0,8,0,48,0,6,0,0,8,0,0,27,17,0,10,0,0,0,0,0,0
python-ansible-ansible-add-comment,stratified,Python,17,17,847,977,65,66,true,64,0,1,0,0,1,0,128,0,2,0,0,1,0,0,65,65,0,0,0,0,0,0,0,0
python-ansible-ansible-field-rename,small,Python,1536,1536,60372,60373,10431,10431,true,10420,1,10,0,0,0,0,20840,2,20,0,0,0,0,0,10431,10431,0,0,0,0,0,0,0,0
python-ansible-ansible-ridiculously-long-yaml-in-string-constant-and-actual-code-changes,small,Python,1535,1622,67347,71178,10314,10992,true,10296,1,11,4,0,5,9,20595,2,22,4,0,5,678,3,10308,10229,79,0,0,0,1,0,0,13
python-api-change,handmade,Python,18,33,449,1079,118,316,true,82,3,18,15,0,213,0,164,6,36,15,0,213,0,0,103,88,2,13,0,0,0,0,0,0
python-bolero-murakami-sprout-change-copyright-year,full,Python,121,121,4045,4045,1356,1356,true,1354,1,1,0,0,0,0,2708,2,2,0,0,0,0,0,1356,1356,0,0,0,0,0,0,0,0
python-bugfix-loop,handmade,Python,24,30,550,739,148,190,true,140,1,7,0,0,42,0,280,2,14,0,0,42,0,0,148,147,0,0,1,0,0,0,0,0
python-cloudflare-cloudflare-python-comment-only-changes,full,Python,44,48,1544,1747,443,443,true,416,8,19,0,0,0,0,832,16,38,0,0,0,0,0,443,443,0,0,0,0,0,0,0,0
python-django-django-update-unit-tests-actual-logic-change,small,Python,490,603,17532,21539,3485,4207,true,3152,0,82,73,2,0,7,6304,0,164,73,178,0,973,0,3234,3231,3,0,0,0,0,0,0,0
python-espressomd-espresso-fix-comment-typo,full,Python,335,335,14094,14095,3650,3650,true,3646,1,3,0,0,0,0,7292,2,6,0,0,0,0,0,3650,3650,0,0,0,0,0,0,0,0
python-fuzzyray-esearch-whitespace-only-change,full,Python,86,86,2236,2542,773,773,true,773,0,0,0,0,0,0,1546,0,0,0,0,0,0,0,773,773,0,0,0,0,0,0,0,0
python-langchain-ai-langchain-version-change,stratified,Python,3,3,62,62,14,14,true,9,1,4,0,0,0,0,18,2,8,0,0,0,0,0,14,14,0,0,0,0,0,0,0,0
python-langflow-ai-langflow-actual-change-of-logic,small,Python,306,293,10104,9645,2719,2584,true,2494,0,14,39,2,3,4,4991,0,28,39,170,3,72,3,2508,2508,0,0,0,0,1,0,0,1
python-langflow-ai-langflow-bob,stratified,Python,3,1,54,37,7,6,true,5,0,1,1,0,0,0,10,0,2,1,0,0,0,0,6,6,0,0,0,0,0,0,0,0
python-langflow-ai-langflow-real-small-change,stratified,Python,14,14,402,437,88,107,true,77,0,10,1,0,2,2,154,0,20,1,0,2,18,0,87,87,0,0,0,0,0,0,0,0
python-nvbn-thefuck-add-three-arguments,stratified,Python,9,9,207,237,66,72,true,52,0,14,0,0,6,0,104,0,28,0,0,6,0,0,66,66,0,0,0,0,0,0,0,0
python-nvbn-thefuck-small-change,stratified,Python,17,17,553,593,131,136,true,114,1,16,0,0,1,1,228,2,32,0,0,1,4,0,131,131,0,0,0,0,0,0,0,0
python-nvbn-thefuck-small-change-2,stratified,Python,12,12,360,340,96,92,true,86,0,6,4,0,0,0,172,0,12,4,0,0,0,0,92,92,0,0,0,0,0,0,0,0
python-nvbn-thefuck-small-change-3,stratified,Python,21,21,657,637,205,201,true,194,0,7,4,0,0,0,388,0,14,4,0,0,0,0,201,201,0,0,0,0,0,0,0,0
python-nvbn-thefuck-stdout-stderr-change,stratified,Python,13,13,470,470,141,141,true,110,4,27,0,0,0,0,220,8,54,0,0,0,0,0,141,141,0,0,0,0,0,0,0,0
python-odoo-odoo-add-import,stratified,Python,3,4,107,150,10,18,true,9,0,1,0,0,0,1,18,0,2,0,0,0,8,0,10,10,0,0,0,0,0,0,0,0
python-odoo-odoo-add-import-2,stratified,Python,4,5,121,147,11,19,true,10,0,1,0,0,0,1,20,0,2,0,0,0,8,0,11,11,0,0,0,0,0,0,0,0
python-odoo-odoo-add-two-imports,stratified,Python,4,6,118,178,33,49,true,32,0,1,0,0,0,2,64,0,2,0,0,0,16,0,33,33,0,0,0,0,0,0,0,0
python-odoo-odoo-version,stratified,Python,29,29,894,894,193,193,true,188,0,5,0,0,0,0,376,0,10,0,0,0,0,0,193,193,0,0,0,0,0,0,0,0
python-open-telemetry-opentelemetry-python-move-from-one-function-to-other,full,Python,38,38,1107,1119,290,290,true,280,2,8,0,0,0,0,560,4,16,0,0,0,0,0,290,290,0,0,0,0,0,0,0,0
python-openhands-openhands-change-string-constant,small,Python,58,58,1795,1795,464,464,true,452,1,11,0,0,0,0,904,2,22,0,0,0,0,0,464,464,0,0,0,0,0,0,0,0
python-openhands-openhands-small-change,stratified,Python,25,27,748,725,164,137,true,99,4,11,0,1,1,4,198,8,22,0,50,1,22,0,114,114,0,0,0,0,0,0,0,0
python-paddlepaddle-paddleocr-formatting-only-change,small,Python,534,536,17608,17638,5094,5094,true,5094,0,0,0,0,0,0,10188,0,0,0,0,0,0,0,5094,5094,0,0,0,0,0,0,0,0
python-paddlepaddle-paddleocr-remove-import,stratified,Python,3,2,101,67,31,21,true,20,0,1,0,1,0,0,40,0,2,0,10,0,0,0,21,21,0,0,0,0,0,0,0,0
python-paddlepaddle-paddleocr-whitespace-only,stratified,Python,18,19,582,576,182,182,true,182,0,0,0,0,0,0,364,0,0,0,0,0,0,0,182,182,0,0,0,0,0,0,0,0
python-paddlepaddle-paddleocr-whitespace-only-change,stratified,Python,1,1,66,65,13,13,true,13,0,0,0,0,0,0,26,0,0,0,0,0,0,0,13,13,0,0,0,0,0,0,0,0
python-pandas-dev-pandas-doccoment-changes-only,small,Python,3516,3575,115918,118622,14612,14612,true,14513,19,80,0,0,0,0,29026,38,160,0,0,0,0,0,14612,14612,0,0,0,0,0,0,0,0
python-persepolisdm-persepolis-add-a-single-node,full,Python,260,260,10245,10257,2053,2054,true,2050,0,3,0,0,1,0,4100,0,6,0,0,1,0,0,2053,2053,0,0,0,0,0,0,0,0
python-portagefilelist-client-remove-one-import-and-update-one-const-string,full,Python,171,170,6705,6690,1692,1688,true,1683,1,4,0,1,0,0,3366,2,8,0,4,0,0,0,1688,1688,0,0,0,0,0,0,0,16
python-pytorch-pytorch-add-param-to-many-places-and-update-one,small,Python,692,698,19203,19449,4439,4498,true,4416,1,22,0,0,6,5,8832,2,44,0,0,6,53,0,4439,4439,0,0,0,0,0,0,0,0
python-refactoring,handmade,Python,28,19,565,469,148,119,true,74,0,13,11,2,13,3,148,0,26,11,50,13,19,0,87,85,2,0,0,0,0,0,0,0
python-scrapy-scrapy-comment-update,stratified,Python,22,22,558,561,114,114,true,108,1,5,0,0,0,0,216,2,10,0,0,0,0,0,114,114,0,0,0,0,0,0,0,0
python-thefuck-multiline-string-change,small,Python,74,75,2635,2652,594,594,true,584,1,9,0,0,0,0,1168,2,18,0,0,0,0,0,594,594,0,0,0,0,0,0,0,0
python-ytdl-add-import-and-function-call,small,Python,108,112,3122,3198,858,873,true,857,0,1,0,0,0,2,1714,0,2,0,0,0,15,0,858,858,0,0,0,0,0,0,0,0
python-ytdl-org-youtube-dl-version-update,stratified,Python,3,3,68,68,15,15,true,10,1,4,0,0,0,0,20,2,8,0,0,0,0,0,15,15,0,0,0,0,0,0,0,0
python-ytdl-org-youtube-dl-version-update-2,stratified,Python,3,3,68,68,15,15,true,10,1,4,0,0,0,0,20,2,8,0,0,0,0,0,15,15,0,0,0,0,0,0,0,0
python-zaneb-autopage-move-time-sleep,full,Python,337,337,11857,11857,3156,3156,true,3149,0,7,0,0,0,0,6298,0,14,0,0,0,0,0,3156,3156,0,0,0,0,0,0,0,0
r-gtownsend-icon-one-letter-identifier-change,full,R,364,364,9571,9572,3321,3321,true,3318,1,2,0,0,0,0,6636,2,4,0,0,0,0,0,3321,3321,0,0,0,0,0,0,0,0
r-hroptatyr-dateutils-real-changes-to-an-r-script,full,R,107,111,2783,2885,1035,1113,true,935,9,69,22,0,58,2,1870,18,138,22,0,58,42,0,1013,1001,12,0,0,0,0,0,0,2
r-mtytel-helm-dummy-file,full,R,7,7,209,209,34,34,true,32,1,1,0,0,0,0,64,2,2,0,0,0,0,0,34,34,0,0,0,0,0,0,0,0
r-oracle-dtrace-utils-i-have-no-idea-what-this-change-actually-does,full,R,13,13,443,623,316,388,true,279,0,1,0,0,60,0,642,0,2,0,0,60,0,84,280,268,12,0,0,0,12,0,0,0
ruby-homebrew-add-or-expression,small,Ruby,299,300,10991,11110,3070,3076,true,3058,0,12,0,0,5,1,6116,0,24,0,0,5,1,0,3070,3049,21,0,0,0,0,0,0,0
ruby-homebrew-brew-actual-logic-change,small,Ruby,623,633,25328,25781,4728,4848,true,4690,0,26,5,1,13,9,9389,0,52,5,4,13,113,9,4716,4698,14,0,4,0,2,0,0,15
ruby-homebrew-brew-add-extends,stratified,Ruby,168,169,6580,6609,1194,1198,true,1185,0,9,0,0,4,0,2370,0,18,0,0,4,0,0,1194,1194,0,0,0,0,0,0,0,0
ruby-homebrew-brew-change-heredoc-to-string,small,Ruby,297,295,9978,9956,2101,2106,true,2084,0,10,7,0,12,0,4168,0,20,7,0,12,0,0,2094,2069,0,25,0,0,0,0,0,2
ruby-homebrew-brew-decent-amount-of-new-code-and-some-changes,small,Ruby,384,434,14602,16831,2777,3452,true,2670,8,58,21,5,18,17,5340,16,116,21,20,18,698,0,2736,2728,1,0,7,0,0,0,0,24
ruby-homebrew-brew-enclose-block-in-rescue,small,Ruby,225,229,9402,9494,1427,1440,true,1416,0,11,0,0,3,1,2832,0,22,0,0,3,10,0,1427,1357,70,0,0,0,0,0,0,0
ruby-homebrew-brew-function-callsite-argument-change,small,Ruby,695,690,24802,24627,5148,5125,true,5090,1,25,3,3,0,1,10180,2,50,3,29,0,9,0,5116,5116,0,0,0,0,0,0,0,0
ruby-homebrew-brew-real-small-change,small,Ruby,231,222,7510,7282,1580,1551,true,1496,2,49,17,2,4,0,2992,4,98,17,16,4,0,0,1547,1532,15,0,0,0,0,0,0,1
ruby-homebrew-brew-version,stratified,Ruby,11,11,280,283,62,62,true,45,3,14,0,0,0,0,90,6,28,0,0,0,0,0,62,62,0,0,0,0,0,0,0,0
ruby-intridea-multi_json-remove-double-colon,full,Ruby,25,25,616,614,165,163,true,159,0,4,2,0,0,0,318,0,8,2,0,0,0,0,163,162,1,0,0,0,0,0,0,0
ruby-intridea-multi_json-remove-single-comma,full,Ruby,29,29,723,722,193,192,true,178,0,14,1,0,0,0,356,0,28,1,0,0,0,0,192,192,0,0,0,0,0,0,0,0
ruby-jekyll-jekyll-version,stratified,Ruby,5,5,69,69,14,14,true,8,1,5,0,0,0,0,16,2,10,0,0,0,0,0,14,14,0,0,0,0,0,0,0,0
ruby-jekyll-jekyll-version-2,stratified,Ruby,5,5,73,69,14,14,true,8,1,5,0,0,0,0,16,2,10,0,0,0,0,0,14,14,0,0,0,0,0,0,0,0
ruby-jekyll-jekyll-version-3,stratified,Ruby,5,5,69,73,14,14,true,8,1,5,0,0,0,0,16,2,10,0,0,0,0,0,14,14,0,0,0,0,0,0,0,0
ruby-jekyll-jekyll-version-4,stratified,Ruby,5,5,69,69,14,14,true,8,1,5,0,0,0,0,16,2,10,0,0,0,0,0,14,14,0,0,0,0,0,0,0,0
ruby-jekyll-jekyll-version-5,stratified,Ruby,5,5,69,69,14,14,true,8,1,5,0,0,0,0,16,2,10,0,0,0,0,0,14,14,0,0,0,0,0,0,0,0
ruby-jekyll-jekyll-version-6,stratified,Ruby,5,5,69,69,14,14,true,8,1,5,0,0,0,0,16,2,10,0,0,0,0,0,14,14,0,0,0,0,0,0,0,0
ruby-jekyll-jekyll-version-7,stratified,Ruby,5,5,69,69,14,14,true,8,1,5,0,0,0,0,16,2,10,0,0,0,0,0,14,14,0,0,0,0,0,0,0,0
ruby-jekyll-jekyll-whitespace-only,stratified,Ruby,9,9,137,128,27,27,true,25,1,1,0,0,0,0,50,2,2,0,0,0,0,0,27,27,0,0,0,0,0,0,0,0
ruby-jekyll-jekyll-whitespace-only-2,stratified,Ruby,9,9,128,137,27,27,true,25,1,1,0,0,0,0,50,2,2,0,0,0,0,0,27,27,0,0,0,0,0,0,0,0
ruby-jekyll-jekyll-whitespace-only-3,stratified,Ruby,22,23,483,484,90,90,true,90,0,0,0,0,0,0,180,0,0,0,0,0,0,0,90,90,0,0,0,0,0,0,0,0
ruby-jekyll-jekyll-whitespace-only-4,stratified,Ruby,61,62,1297,1298,313,313,true,313,0,0,0,0,0,0,626,0,0,0,0,0,0,0,313,313,0,0,0,0,0,0,0,0
ruby-jmespath-jmespath-formatting-and-style-guide-fixes,full,Ruby,333,339,9434,9180,2299,2287,true,2122,0,65,80,0,69,0,4307,0,130,80,0,69,0,63,2187,1987,154,13,33,0,0,0,0,17
ruby-jmespath-jmespath-go-from-conditional-to-unless,full,Ruby,45,42,1730,1751,438,439,true,404,2,28,4,0,5,0,808,4,56,4,0,5,0,0,434,161,0,273,0,0,0,0,0,37
ruby-junegunn-fzf-add-test-case,small,Ruby,3790,3797,128484,128862,36950,37026,true,36947,0,3,0,0,0,1,73894,0,6,0,0,0,76,0,36950,36950,0,0,0,0,0,0,0,0
ruby-junegunn-fzf-add-test-case-2,small,Ruby,3977,3984,134623,134872,37941,37992,true,37938,0,3,0,0,0,1,75876,0,6,0,0,0,51,0,37941,37941,0,0,0,0,0,0,0,0
ruby-main-branch-process_executer-actual-small-change,full,Ruby,36,40,1124,1137,134,139,true,103,3,19,7,0,11,0,211,6,38,7,0,11,0,5,125,114,8,0,3,0,1,0,0,0
ruby-marcandre-backports-actual-small-change,full,Ruby,73,105,1869,2483,421,530,true,392,1,23,0,0,26,1,797,2,46,0,0,26,80,13,416,399,5,12,0,0,3,0,0,11
ruby-mastodon-mastodon-add-func-and-attribute,stratified,Ruby,17,21,366,440,73,94,true,68,0,5,0,0,2,1,136,0,10,0,0,2,19,0,73,73,0,0,0,0,0,0,0,0
ruby-mastodon-mastodon-add-method,stratified,Ruby,5,9,139,276,24,59,true,19,0,5,0,0,2,1,38,0,10,0,0,2,33,0,24,24,0,0,0,0,0,0,0,0
ruby-mastodon-mastodon-add-one-call,stratified,Ruby,1628,1629,81278,81327,23347,23356,true,23340,0,7,0,0,0,1,46680,0,14,0,0,0,9,0,23347,23347,0,0,0,0,0,0,0,0
ruby-mastodon-mastodon-add-one-line,stratified,Ruby,9,11,276,301,59,63,true,56,0,3,0,0,0,1,112,0,6,0,0,0,4,0,59,59,0,0,0,0,0,0,0,0
ruby-mastodon-mastodon-insert-only,stratified,Ruby,20,23,670,823,164,199,true,157,0,7,0,0,5,1,314,0,14,0,0,5,30,0,164,164,0,0,0,0,0,0,0,0
ruby-mastodon-mastodon-move,stratified,Ruby,23,23,781,781,148,148,true,147,0,1,0,0,0,0,294,0,2,0,0,0,0,0,148,148,0,0,0,1,0,0,0,3
ruby-mastodon-mastodon-normal-change,stratified,Ruby,13,17,281,286,62,64,true,43,1,7,4,1,1,1,86,2,14,4,7,1,12,0,51,51,0,0,0,0,0,0,0,4
ruby-mastodon-mastodon-one-operator,stratified,Ruby,25,25,668,668,68,68,true,58,1,9,0,0,0,0,116,2,18,0,0,0,0,0,68,68,0,0,0,0,0,0,0,0
ruby-mastodon-mastodon-rare-example-of-true-move,stratified,Ruby,18,18,489,489,54,54,true,53,0,1,0,0,0,0,106,0,2,0,0,0,0,0,54,54,0,0,0,1,0,0,0,3
ruby-mastodon-mastodon-smal-change,stratified,Ruby,21,21,435,422,77,74,true,64,1,9,3,0,0,0,128,2,18,3,0,0,0,0,74,73,1,0,0,0,0,0,0,0
ruby-mastodon-mastodon-use-context-and-new-test-case,small,Ruby,115,126,3967,4344,957,1055,true,946,0,8,0,0,3,2,1901,0,16,0,0,3,92,9,954,823,0,0,131,0,3,0,0,8
ruby-mikel-mail-whitespace-only-change,full,Ruby,58,58,1668,1653,440,440,true,440,0,0,0,0,0,0,880,0,0,0,0,0,0,0,440,440,0,0,0,0,0,0,0,0
ruby-moneta-rb-moneta-change-one-identifier,full,Ruby,24,24,585,584,110,110,true,101,1,8,0,0,0,0,202,2,16,0,0,0,0,0,110,110,0,0,0,0,0,0,0,0
ruby-moneta-rb-moneta-trivial-version-update,full,Ruby,5,5,87,87,18,18,true,11,1,6,0,0,0,0,22,2,12,0,0,0,0,0,18,18,0,0,0,0,0,0,0,0
ruby-rapid7-ruby_smb-add-import-and-one-expression,full,Ruby,366,369,15069,15218,1887,1928,true,1880,0,7,0,0,0,2,3760,0,14,0,0,0,41,0,1887,1887,0,0,0,0,0,0,0,0
rust-add-comments-and-real-new-logic,handmade,Rust,436,468,16336,17751,3784,4043,true,3744,0,39,1,0,13,23,7488,0,78,1,0,13,247,0,3783,3757,0,0,26,0,0,0,0,85
rust-add-if,handmade,Rust,8,10,114,162,58,81,true,54,0,4,0,0,4,2,108,0,8,0,0,4,19,0,58,17,0,41,0,0,0,0,0,0
rust-add-to-existing-use,handmade,Rust,5,7,65,78,32,37,true,28,0,2,0,0,6,0,59,0,4,0,0,6,0,3,30,29,1,0,0,0,1,0,0,0
rust-add-value-to-enum,handmade,Rust,21,22,715,733,137,140,true,134,0,3,0,0,3,0,268,0,6,0,0,3,0,0,137,137,0,0,0,0,0,0,0,0
rust-adding-a-variable-and-test-with-comments,handmade,Rust,2831,2859,123707,125405,20931,21165,true,20914,1,16,0,0,27,3,41828,2,32,0,0,27,207,0,20931,20931,0,0,0,0,0,0,0,0
rust-adding-many-identical-cfg-test-statements-to-a-signle-file-doesnt-prefer-the-local-insert-but-rather-goes-to-some-other-existing-cfg,handmade,Rust,139,225,4632,7557,858,1460,true,857,0,1,0,0,0,86,1714,0,2,0,0,0,602,0,858,858,0,0,0,0,0,0,0,0
rust-adding-to-a-list-of-identical-attributes-should-favour-near-matches,handmade,Rust,477,481,13270,13434,3224,3252,true,3223,0,1,0,0,0,4,6446,0,2,0,0,0,28,0,3224,3224,0,0,0,0,0,0,0,0
rust-algorithm-change,handmade,Rust,20,24,458,514,184,184,true,114,1,11,46,0,42,1,246,2,22,46,0,42,10,18,126,110,0,0,16,0,6,0,3,47
rust-completely-unrelated-main-files,handmade,Rust,240,899,9860,35694,1806,8462,false,0,0,0,0,0,0,0,0,0,0,0,0,0,0,0,0,0,0,0,0,0,0,0,0,
rust-cost-optimization,handmade,Rust,29,34,672,784,201,217,true,194,0,7,0,0,16,0,388,0,14,0,0,16,0,0,201,201,0,0,0,0,0,0,0,0
rust-data-structure,handmade,Rust,16,28,268,544,104,212,true,69,1,16,18,0,34,1,138,2,32,18,0,34,92,0,86,86,0,0,0,0,0,0,0,0
rust-error-handling,handmade,Rust,14,15,322,376,133,168,true,108,0,8,11,0,49,0,225,0,16,11,0,49,0,9,116,87,27,2,0,0,3,0,0,5
rust-firefox-webrenderer-borders,handmade,Rust,368,368,11681,11651,2472,2444,true,2388,8,44,24,0,0,0,4788,16,88,24,0,0,0,12,2440,2428,0,12,0,0,4,0,0,0
rust-fornwall-rust-script-add-lifecycle-management,full,Rust,1360,1360,31319,31331,7116,7137,true,7103,0,13,0,0,3,3,14206,0,26,0,0,3,18,0,7116,7113,3,0,0,0,0,0,0,0
rust-gyulyvgc-sniffnet-add-mod,stratified,Rust,3,4,62,87,19,25,true,18,0,1,0,0,0,1,36,0,2,0,0,0,6,0,19,19,0,0,0,0,0,0,0,0
rust-gyulyvgc-sniffnet-add-mod-2,stratified,Rust,3,4,66,89,19,25,true,18,0,1,0,0,0,1,36,0,2,0,0,0,6,0,19,19,0,0,0,0,0,0,0,0
rust-gyulyvgc-sniffnet-add-mod-3,stratified,Rust,2,3,44,66,13,19,true,12,0,1,0,0,0,1,24,0,2,0,0,0,6,0,13,13,0,0,0,0,0,0,0,0
rust-gyulyvgc-sniffnet-remoev-attribute,stratified,Rust,9,9,342,336,58,56,true,52,0,4,2,0,0,0,104,0,8,2,0,0,0,0,56,56,0,0,0,0,0,0,0,0
rust-gyulyvgc-sniffnet-rename-one-identifier,stratified,Rust,1913,1913,68378,68387,18034,18034,true,18028,1,5,0,0,0,0,36056,2,10,0,0,0,0,0,18034,18034,0,0,0,0,0,0,0,0
rust-hash-optimization,handmade,Rust,22,41,488,1050,187,386,true,154,0,21,0,0,209,0,322,0,42,0,0,209,0,14,175,175,0,0,0,0,0,0,0,4
rust-hello-world-added-message,handmade,Rust,3,4,43,103,22,34,true,19,0,3,0,0,0,1,38,0,6,0,0,0,12,0,22,22,0,0,0,0,0,0,0,0
rust-hello-world-removed-message,handmade,Rust,4,3,103,43,34,22,true,19,0,3,0,1,0,0,38,0,6,0,12,0,0,0,22,22,0,0,0,0,0,0,0,0
rust-leetcode-1-bugfix,handmade,Rust,26,30,665,758,220,261,true,215,0,5,0,0,41,0,430,0,10,0,0,41,0,0,220,220,0,0,0,0,0,0,0,0
rust-multi-map-duplicate-calls,handmade,Rust,6,5,58,47,38,31,true,14,0,3,0,0,0,0,63,0,6,0,0,0,0,35,17,17,0,0,0,0,7,0,7,7
rust-next-font-imports-generator,handmade,Rust,274,274,10889,10266,2389,2372,true,2322,0,42,25,0,8,0,4644,0,84,25,0,8,0,0,2364,1316,48,53,947,2,0,0,0,0
rust-no-change,handmade,Rust,49,49,1213,1213,383,383,true,383,0,0,0,0,0,0,766,0,0,0,0,0,0,0,383,383,0,0,0,0,0,0,0,0
rust-protocolbuffers-protobuf-add-enum-variant,stratified,Rust,81,82,2056,2081,418,423,true,415,0,3,0,0,0,2,830,0,6,0,0,0,5,0,418,418,0,0,0,0,0,0,0,0
rust-protocolbuffers-protobuf-add-two-attributes,stratified,Rust,81,83,2053,2151,418,442,true,417,0,1,0,0,2,3,834,0,2,0,0,2,22,0,418,418,0,0,0,0,0,0,0,0
rust-quietvoid-dovi_tool-change-to-templated-call,full,Rust,110,110,2982,3018,828,861,true,770,6,43,9,0,42,0,1540,12,86,9,0,42,0,0,819,777,42,0,0,0,0,0,0,6
rust-rbspy-rbspy-add-two-test-cases,full,Rust,3283,3320,133472,134595,24899,25152,true,24896,0,3,0,0,0,7,49792,0,6,0,0,0,253,0,24899,24899,0,0,0,0,0,0,0,0
rust-real-logic-change-in-a-huge-75k-node-file,handmade,Rust,9145,9585,359544,376443,74748,78381,true,2685,8,16,0,0,4,7,152980,16,32,0,0,4,97,147610,2709,2709,0,0,0,0,0,0,0,44
rust-refirmlabs-binwalk-whitespace-only,full,Rust,921,919,37771,37741,5373,5373,true,5373,0,0,0,0,0,0,10746,0,0,0,0,0,0,0,5373,5373,0,0,0,0,0,0,0,0
rust-rust-lang-rust-add-key-to-function-arguments-and-call-sites,small,Rust,737,739,27847,27906,5765,5791,true,5717,0,48,0,0,12,2,11434,0,96,0,0,12,14,0,5765,5765,0,0,0,0,0,0,0,0
rust-rust-lang-rust-add-note-comment,stratified,Rust,20,21,750,812,97,99,true,95,0,2,0,0,0,1,190,0,4,0,0,0,2,0,97,97,0,0,0,0,0,0,0,0
rust-rust-lang-rust-add-one-check,stratified,Rust,184,185,6521,6562,1747,1759,true,1739,0,8,0,0,0,1,3478,0,16,0,0,0,12,0,1747,1747,0,0,0,0,0,0,0,0
rust-rust-lang-rust-add-or-expression,stratified,Rust,274,274,9056,9085,2091,2097,true,2081,0,10,0,0,2,1,4162,0,20,0,0,2,4,0,2091,2082,9,0,0,0,0,0,0,0
rust-rust-lang-rust-change-use,stratified,Rust,26,28,1183,1200,252,253,true,236,3,13,0,0,1,0,472,6,26,0,0,1,0,0,252,252,0,0,0,2,0,0,0,6
rust-rust-lang-rust-one-comment-line-into-two,stratified,Rust,29,30,689,764,182,187,true,176,0,1,0,0,0,0,367,0,2,0,0,0,0,15,177,177,0,0,0,0,0,0,0,0
rust-rust-lang-rust-remove-min-version-comment,stratified,Rust,19,18,497,472,102,100,true,99,0,1,2,0,0,0,198,0,2,2,0,0,0,0,100,100,0,0,0,0,0,0,0,0
rust-rust-lang-rust-remove-path-from-using,stratified,Rust,204,204,8715,8703,1702,1699,true,1696,0,2,2,0,0,0,3395,0,4,2,0,0,0,3,1698,1697,1,0,0,0,1,0,0,2
rust-rust-lang-rust-remove-starting-comment,stratified,Rust,21,20,996,984,322,320,true,319,0,1,0,1,0,0,638,0,2,0,2,0,0,0,320,320,0,0,0,0,0,0,0,0
rust-rust-lang-rust-remove-warn-comment,stratified,Rust,11,10,283,224,80,78,true,77,0,1,0,1,0,0,154,0,2,0,2,0,0,0,78,78,0,0,0,0,0,0,0,0
rust-rust-lang-rust-remove-warn-comment-2,stratified,Rust,19,18,698,624,90,88,true,87,0,1,0,1,0,0,174,0,2,0,2,0,0,0,88,88,0,0,0,0,0,0,0,0
rust-rust-lang-rust-remove-warn-comment-3,stratified,Rust,21,20,909,793,124,122,true,121,0,1,0,1,0,0,242,0,2,0,2,0,0,0,122,122,0,0,0,0,0,0,0,0
rust-rust-lang-rust-remove-warn-comments,stratified,Rust,13,11,642,515,129,125,true,124,0,1,0,2,0,0,248,0,2,0,4,0,0,0,125,125,0,0,0,0,0,0,0,0
rust-rust-lang-rust-update-comment,stratified,Rust,24,24,792,764,199,199,true,187,0,12,0,0,0,0,374,0,24,0,0,0,0,0,199,199,0,0,0,0,0,0,0,0
rust-rustdesk-add-item,small,Rust,658,659,32550,32576,8272,8284,true,8268,0,4,0,0,1,1,16536,0,8,0,0,1,11,0,8272,8272,0,0,0,0,0,0,0,0
rust-rustdesk-add-one-slice-element,small,Rust,740,741,38916,38943,9197,9209,true,9193,0,4,0,0,1,1,18386,0,8,0,0,1,11,0,9197,9197,0,0,0,0,0,0,0,0
rust-rustdesk-rustdesk-actual-logic-change-in-io-loop-medium-sized-file,small,Rust,2341,2376,108156,109471,23218,23510,true,22967,2,63,37,1,4,9,46086,4,126,37,36,4,435,152,23032,22976,45,11,0,0,36,0,0,74
rust-rustdesk-rustdesk-add-one-token,stratified,Rust,658,659,58443,58469,8633,8645,true,8629,0,4,0,0,1,1,17258,0,8,0,0,1,11,0,8633,8633,0,0,0,0,0,0,0,0
rust-rustdesk-rustdesk-add-two-values-to-slice,small,Rust,731,733,63335,63406,9332,9356,true,9328,0,4,0,0,2,2,18656,0,8,0,0,2,22,0,9332,9332,0,0,0,0,0,0,0,0
rust-rustdesk-rustdesk-large-file-40k-normal-feature-work,small,Rust,4495,4593,186610,190698,44940,46060,true,44744,0,93,20,0,18,36,89605,0,186,20,0,18,1171,117,44837,44685,47,105,0,0,29,0,0,40
rust-rustdesk-rustdesk-move-list-item-with-insert,stratified,Rust,743,743,54033,54039,9671,9671,true,9662,2,7,0,0,0,0,19324,4,14,0,0,0,0,0,9671,9671,0,0,0,2,0,0,0,0
rust-rustdesk-rustdesk-string-constant-change,small,Rust,718,718,47464,47458,9413,9413,true,9406,1,6,0,0,0,0,18812,2,12,0,0,0,0,0,9413,9413,0,0,0,0,0,0,0,0
rust-skim-rs-skim-format-string,full,Rust,134,134,4426,4424,1198,1196,true,1186,1,9,2,0,0,0,2372,2,18,2,0,0,0,0,1196,1196,0,0,0,0,0,0,0,0
rust-small-addition-with-reuse-of-binary-expressions,handmade,Rust,3546,3571,162401,164430,26544,26626,true,26517,0,27,0,0,60,1,53034,0,54,0,0,60,22,0,26544,26533,11,0,0,0,0,0,0,10
rust-sniffnet-protocol,handmade,Rust,47,51,1330,1531,415,480,true,394,1,20,0,0,65,0,788,2,40,0,0,65,0,0,415,415,0,0,0,0,0,0,0,0
rust-some-to-const-slice,handmade,Rust,226,338,9984,14052,2278,3439,true,0,0,0,0,0,0,0,5717,0,0,0,0,0,0,5717,0,0,0,0,0,0,0,0,0,0
rust-tauri-api-build-1,handmade,Rust,51,52,1761,1777,451,456,true,437,0,14,0,0,5,0,874,0,28,0,0,5,0,0,451,451,0,0,0,0,0,0,0,0
rust-tauri-api-build-2,handmade,Rust,52,52,1777,1773,456,453,true,445,1,7,3,0,0,0,890,2,14,3,0,0,0,0,453,453,0,0,0,0,0,0,0,0
rust-tauri-apps-tauri-add-doccomment-empty-line,stratified,Rust,3189,3189,115160,115165,26081,26086,true,26078,0,3,0,0,0,1,52156,0,6,0,0,0,5,0,26081,26081,0,0,0,0,0,0,0,0
rust-tauri-apps-tauri-add-path-to-const-string,stratified,Rust,265,265,8720,8736,2671,2671,true,2663,1,7,0,0,0,0,5326,2,14,0,0,0,0,0,2671,2671,0,0,0,0,0,0,0,0
rust-tauri-apps-tauri-add-pub-to-mod,stratified,Rust,341,341,7781,7785,2595,2597,true,2593,0,2,0,0,2,0,5186,0,4,0,0,2,0,0,2595,2595,0,0,0,0,0,0,0,0
rust-tauri-apps-tauri-add-to-list,stratified,Rust,249,249,7979,7992,2093,2095,true,2087,0,6,0,0,2,0,4174,0,12,0,0,2,0,0,2093,2093,0,0,0,0,0,0,0,0
rust-tauri-apps-tauri-add-use-and-function,stratified,Rust,19,21,711,797,115,136,true,109,0,6,0,0,3,2,218,0,12,0,0,3,18,0,115,115,0,0,0,0,0,0,0,0
rust-tauri-apps-tauri-fix-typo-in-string-constant,stratified,Rust,291,291,9630,9630,2922,2922,true,2914,1,7,0,0,0,0,5828,2,14,0,0,0,0,0,2922,2922,0,0,0,0,0,0,0,0
rust-tauri-apps-tauri-rename-mod,stratified,Rust,6,6,169,171,19,19,true,16,1,2,0,0,0,0,32,2,4,0,0,0,0,0,19,19,0,0,0,0,0,0,0,0
rust-tauri-cli-ios-dev,handmade,Rust,332,332,10308,10309,2580,2582,true,2574,0,6,0,0,2,0,5148,0,12,0,0,2,0,0,2580,2546,34,0,0,0,0,0,0,0
rust-tiffany352-rink-rs-real-change,full,Rust,482,342,14688,10385,4365,2905,true,2665,6,43,45,14,29,10,5348,12,86,45,1600,29,150,18,2714,2656,23,34,1,0,6,0,5,35
rust-turbopack-module-rule,handmade,Rust,224,276,8559,11005,1775,2150,true,1669,1,27,5,2,260,8,3432,2,54,5,22,260,150,94,1697,1586,0,47,64,0,0,0,0,62
rust-turbopack-persistence-tools-main,handmade,Rust,66,67,2120,2171,457,468,true,445,1,11,0,0,11,0,890,2,22,0,0,11,0,0,457,457,0,0,0,0,0,0,0,0
rust-tursodatabase-turso-unwrap-to-expect,full,Rust,101,103,2937,3023,817,825,true,800,2,15,0,0,0,2,1600,4,30,0,0,0,8,0,817,817,0,0,0,0,0,0,0,0
rust-vercel-next-add-mode,stratified,Rust,4,5,92,115,37,46,true,36,0,1,0,0,0,1,72,0,2,0,0,0,9,0,37,37,0,0,0,0,0,0,0,0
rust-vercel-next-remove-mod,stratified,Rust,2,1,36,16,13,7,true,6,0,1,0,1,0,0,12,0,2,0,6,0,0,0,7,7,0,0,0,0,0,0,0,0
rust-vercel-next-simple-identifier-change,stratified,Rust,395,395,10760,10751,2627,2627,true,2621,1,5,0,0,0,0,5242,2,10,0,0,0,0,0,2627,2627,0,0,0,0,0,0,0,0
rust-vercel-nextjs-move-from-one-struct-to-another-and-add-some-code,small,Rust,219,227,6934,7193,1344,1380,true,1272,13,56,2,1,1,2,2544,26,112,2,1,1,38,0,1341,1341,0,0,0,0,0,0,0,0
rust-vercel-nextjs-refactoring-would-require-mulitmap-mapping,small,Rust,1220,1203,46885,46289,9089,9073,true,8911,9,15,10,0,10,1,18088,18,30,10,0,10,6,266,8935,8856,3,3,73,0,1,0,0,10
rust-weggli-rs-weggli-move-import-around-and-formatting-change,full,Rust,473,472,15464,15490,3861,3861,true,3860,0,1,0,0,0,0,7720,0,2,0,0,0,0,0,3861,3861,0,0,0,1,0,0,0,0
rust-xou816-spot-add-Some-around-existing-code,full,Rust,283,283,8419,8425,2383,2388,true,2375,0,8,0,0,5,0,4750,0,16,0,0,5,0,0,2383,2377,0,6,0,0,0,0,0,0
rust-yannjor-krabby-actual-normal-change,full,Rust,232,118,6926,3086,2139,783,true,510,7,42,13,5,65,3,1336,14,84,13,1395,65,15,316,559,551,8,0,0,0,0,0,0,147
rust-zed-git-panel-settings,handmade,Rust,71,73,2679,2763,605,627,true,596,0,9,0,0,22,0,1192,0,18,0,0,22,0,0,605,605,0,0,0,0,0,0,0,0
rust-zed-industries-zed-add-argument,small,Rust,6142,6148,219899,220123,53901,53939,true,53819,0,82,0,0,6,5,107638,0,164,0,0,6,32,0,53901,53901,0,0,0,0,0,0,0,0
rust-zed-industries-zed-add-mod,stratified,Rust,5,6,103,125,31,37,true,30,0,1,0,0,0,1,60,0,2,0,0,0,6,0,31,31,0,0,0,0,0,0,0,0
rust-zed-industries-zed-change-mod-and-use,stratified,Rust,5,7,99,160,27,40,true,26,0,1,0,0,0,2,52,0,2,0,0,0,13,0,27,27,0,0,0,0,0,0,0,0
rust-zed-industries-zed-change-mods,stratified,Rust,8,9,164,183,60,53,true,39,0,1,0,1,0,2,78,0,2,0,20,0,13,0,40,40,0,0,0,0,0,0,0,0
rust-zed-workspace-tasks,handmade,Rust,136,330,4568,11735,1077,2998,true,1010,5,35,26,0,42,5,2023,10,70,26,0,42,1904,3,1050,820,11,0,219,0,1,0,0,117
scala-com-lihaoyi-mill-add-a-function-call,full,Scala,38,43,1125,1216,312,330,true,304,0,8,0,0,18,0,608,0,16,0,0,18,0,0,312,311,0,1,0,0,0,0,0,2
scala-com-lihaoyi-mill-add-a-member-to-expression-chains,full,Scala,467,470,16669,16836,3276,3345,true,3198,2,54,1,0,58,0,6450,4,108,1,0,58,0,54,3254,3232,9,0,13,0,9,0,0,3
scala-com-lihaoyi-mill-add-one-argument,full,Scala,42,43,906,930,233,238,true,228,0,5,0,0,1,1,456,0,10,0,0,1,4,0,233,233,0,0,0,0,0,0,0,0
scala-com-lihaoyi-mill-assert-format-string-change,full,Scala,87,87,2933,2958,699,699,true,673,2,24,0,0,0,0,1346,4,48,0,0,0,0,0,699,699,0,0,0,0,0,0,0,0
scala-com-lihaoyi-mill-change-from-one-function-to-other-and-delete-a-function,full,Scala,477,467,17115,16669,3416,3276,true,3232,2,26,0,2,12,0,6470,4,52,0,154,12,0,6,3260,3251,9,0,0,0,2,0,0,5
scala-com-lihaoyi-mill-expand-import-path,full,Scala,254,254,9033,9042,2245,2247,true,2243,0,2,0,0,2,0,4486,0,4,0,0,2,0,0,2245,2245,0,0,0,0,0,0,0,0
scala-com-lihaoyi-mill-new-import-used-to-remove-a-lot-of-code,full,Scala,249,214,8791,6797,2087,1492,true,1265,2,36,45,20,106,2,2533,4,72,45,738,106,81,3,1303,1213,12,74,4,0,1,0,0,53
scala-com-lihaoyi-mill-only-change-failure-strings,full,Scala,83,83,3363,3383,632,632,true,577,3,52,0,0,0,0,1154,6,104,0,0,0,0,0,632,632,0,0,0,0,0,0,0,0
scala-com-lihaoyi-mill-real-small-change,full,Scala,92,108,2769,3198,971,1150,true,928,4,21,14,0,7,4,1862,8,42,14,0,7,188,6,953,951,0,2,0,0,2,0,0,2
scala-com-lihaoyi-mill-small-change,full,Scala,117,117,4366,4371,808,814,true,795,2,9,0,0,2,0,1598,4,18,0,0,2,0,8,806,806,0,0,0,0,2,0,0,4
scala-com-lihaoyi-mill-small-refactoring,full,Scala,74,74,2358,2370,571,576,true,549,1,18,1,0,4,0,1104,2,36,1,0,4,0,6,568,562,6,0,0,0,2,0,0,2
scala-com-lihaoyi-mill-split-import,full,Scala,610,611,20331,20361,5602,5609,true,5597,0,3,1,0,7,0,11197,0,6,1,0,7,0,3,5600,5600,0,0,0,0,1,0,0,1
scala-com-lihaoyi-mill-split-import-2,full,Scala,41,42,1321,1349,328,332,true,321,0,2,4,0,7,0,645,0,4,4,0,7,0,3,323,322,1,0,0,0,1,0,0,8
scala-com-lihaoyi-mill-split-two-asserts-into-six-two-times,full,Scala,54,59,1836,2146,347,510,true,252,0,11,0,0,0,0,835,0,22,0,0,0,0,331,263,263,0,0,0,0,0,0,0,0
scala-com-lihaoyi-mill-version-string-change,full,Scala,342,342,15310,15310,2167,2167,true,2159,0,8,0,0,0,0,4318,0,16,0,0,0,0,0,2167,2167,0,0,0,0,0,0,0,0
scala-sirthias-parboiled-value-change,full,Scala,21,21,896,897,239,239,true,231,2,6,0,0,0,0,462,4,12,0,0,0,0,0,239,239,0,0,0,0,0,0,0,0
scala-xerial-xerial-java-actual-code-change,full,Scala,178,179,5175,5431,1096,1137,true,1047,0,14,3,1,7,2,2162,0,28,3,10,7,23,68,1061,1050,2,5,4,0,12,0,0,4
scala-ymnk-jzlib-add-a-test-case,full,Scala,56,90,1191,2199,333,587,true,328,1,4,0,0,0,8,656,2,8,0,0,0,254,0,333,333,0,0,0,0,0,0,0,0
scala-ymnk-jzlib-add-one-test-case,full,Scala,151,205,3924,5284,1175,1624,true,1172,0,3,0,0,0,1,2344,0,6,0,0,0,449,0,1175,1175,0,0,0,0,0,0,0,0
scala-ymnk-jzlib-interesting-probably-has-no-optimal-solution,full,Scala,41,39,1077,959,240,217,true,202,3,7,8,2,2,0,409,6,14,8,18,2,0,5,212,207,5,0,0,0,1,0,0,0
shellscript-ansible-ansible-a-small-add,stratified,ShellScript,6,8,304,336,38,45,true,36,0,2,0,0,1,1,72,0,4,0,0,1,6,0,38,38,0,0,0,0,0,0,0,0
shellscript-ansible-ansible-add-commadn,stratified,ShellScript,5,7,80,162,18,34,true,17,0,1,0,0,0,1,34,0,2,0,0,0,16,0,18,18,0,0,0,0,0,0,0,0
shellscript-ansible-ansible-add-variable-and-string-expansion,small,ShellScript,89,90,3494,3543,711,730,true,701,1,9,0,0,1,2,1402,2,18,0,0,1,18,0,711,711,0,0,0,0,0,0,0,0
shellscript-ansible-ansible-only-insert,stratified,ShellScript,11,21,372,616,47,88,true,46,0,1,0,0,0,7,92,0,2,0,0,0,41,0,47,47,0,0,0,0,0,0,0,0
shellscript-ansible-ansible-simple-deletion,small,ShellScript,9,7,207,148,47,38,true,37,0,1,0,2,0,0,74,0,2,0,9,0,0,0,38,38,0,0,0,0,0,0,0,0
shellscript-ansible-ansible-small-add,stratified,ShellScript,5,9,68,118,17,26,true,16,0,1,0,0,0,2,32,0,2,0,0,0,9,0,17,17,0,0,0,0,0,0,0,0
shellscript-ansible-ansible-small-change,stratified,ShellScript,21,25,576,684,100,119,true,96,1,3,0,0,0,2,192,2,6,0,0,0,19,0,100,100,0,0,0,0,0,0,0,0
shellscript-docker-docker-bench-security-move-all-functions-by-one-and-add-one-to-the-end,full,ShellScript,1238,1255,44020,44630,9447,9589,true,9245,33,169,0,0,4,1,18490,66,338,0,0,4,138,0,9447,9447,0,0,0,0,0,0,0,334
shellscript-fleetingheart-ksre-multiline-string-change,full,ShellScript,112,113,2383,2391,568,568,true,562,1,5,0,0,0,0,1124,2,10,0,0,0,0,0,568,568,0,0,0,0,0,0,0,0
shellscript-genymobile-scrcpy-add-two-flags,small,ShellScript,106,106,2836,2852,630,632,true,628,0,2,0,0,2,0,1256,0,4,0,0,2,0,0,630,630,0,0,0,0,0,0,0,0
shellscript-genymobile-scrcpy-insert-only,stratified,ShellScript,11,12,279,316,82,90,true,79,0,3,0,0,0,1,158,0,6,0,0,0,8,0,82,82,0,0,0,0,0,0,0,0
shellscript-genymobile-scrcpy-version,stratified,ShellScript,21,21,675,675,114,114,true,109,2,3,0,0,0,0,218,4,6,0,0,0,0,0,114,114,0,0,0,0,0,0,0,0
shellscript-genymobile-scrcpy-version-2,stratified,ShellScript,21,21,679,679,114,114,true,109,2,3,0,0,0,0,218,4,6,0,0,0,0,0,114,114,0,0,0,0,0,0,0,0
shellscript-go-delve-delve-add-if,full,ShellScript,89,94,2157,2234,668,698,true,667,0,1,0,0,0,1,1334,0,2,0,0,0,30,0,668,668,0,0,0,0,0,0,0,0
shellscript-hgst-libzbc-add-variable,full,ShellScript,13,15,335,354,27,34,true,26,0,1,0,0,0,1,52,0,2,0,0,0,7,0,27,27,0,0,0,0,0,0,0,0
shellscript-imapsync-imapsync-add-some-test-cases-and-a-few-other-changes,full,ShellScript,7685,7733,239783,241564,25012,25227,true,25003,1,7,1,0,1,4,50006,2,14,1,0,1,215,0,25011,25011,0,0,0,0,0,0,0,0
shellscript-jesseduffield-lazygit-version,stratified,ShellScript,8,8,183,183,31,31,true,27,1,3,0,0,0,0,54,2,6,0,0,0,0,0,31,31,0,0,0,0,0,0,0,0
shellscript-langchain-ai-langchain-some-interesting-raw-string-to-string-content,small,ShellScript,17,18,399,531,78,105,true,71,0,6,1,0,10,1,142,0,12,1,0,10,18,0,77,64,13,0,0,0,0,0,0,1
shellscript-maxsatula-ocp-small-change,full,ShellScript,12,12,379,383,68,68,true,65,1,2,0,0,0,0,130,2,4,0,0,0,0,0,68,68,0,0,0,0,0,0,0,0
shellscript-microsoft-playwright-version,stratified,ShellScript,3,3,126,126,22,22,true,18,1,3,0,0,0,0,36,2,6,0,0,0,0,0,22,22,0,0,0,0,0,0,0,0
shellscript-mongodb-mongo-small-change,stratified,ShellScript,22,19,446,368,86,79,true,74,1,3,1,2,1,0,148,2,6,1,7,1,0,0,78,78,0,0,0,0,0,0,0,0
shellscript-nextcloud-server-change-invocation-string,small,ShellScript,459,459,14241,14273,3045,3045,true,3034,1,10,0,0,0,0,6068,2,20,0,0,0,0,0,3045,3045,0,0,0,0,0,0,0,0
shellscript-nicolargo-glances-add-shebang,full,ShellScript,2,5,28,50,13,18,true,12,0,1,0,0,1,1,24,0,2,0,0,1,4,0,13,13,0,0,0,0,0,0,0,0
shellscript-nomad-software-vend-huge-multi-line-strings-updated,full,ShellScript,708,692,17711,17241,768,768,true,754,5,9,0,0,0,0,1508,10,18,0,0,0,0,0,768,768,0,0,0,0,0,0,0,0
shellscript-nvm-sh-nvm-add-one-line,stratified,ShellScript,58,59,2364,2410,543,561,true,542,0,1,0,0,0,1,1084,0,2,0,0,0,18,0,543,543,0,0,0,0,0,0,0,0
shellscript-nvm-sh-nvm-upgrade-version-string,small,ShellScript,4387,4387,142060,142060,33122,33122,true,33114,1,7,0,0,0,0,66228,2,14,0,0,0,0,0,33122,33122,0,0,0,0,0,0,0,0
shellscript-openhands-openhands-update-string-value,stratified,ShellScript,4,4,91,88,20,20,true,17,1,2,0,0,0,0,34,2,4,0,0,0,0,0,20,20,0,0,0,0,0,0,0,0
shellscript-openlightingproject-ola-real-small-change,full,ShellScript,314,318,14437,14731,2193,2220,true,2188,0,4,1,0,1,3,4376,0,8,1,0,1,27,0,2192,2192,0,0,0,0,0,0,0,0
shellscript-paddlepaddle-paddleocr-insert-inside-a-string,stratified,ShellScript,5,5,293,305,16,16,true,9,3,4,0,0,0,0,18,6,8,0,0,0,0,0,16,16,0,0,0,0,0,0,0,0
shellscript-pandas-dev-pandas-remove-one-line,stratified,ShellScript,124,123,5305,5245,760,755,true,752,0,3,1,1,0,0,1504,0,6,1,4,0,0,0,755,755,0,0,0,0,0,0,0,2
shellscript-pi-hole-pi-hole-add-comment,stratified,ShellScript,12,13,289,331,56,57,true,55,0,1,0,0,0,1,110,0,2,0,0,0,1,0,56,56,0,0,0,0,0,0,0,0
shellscript-pi-hole-pi-hole-sql-code-in-string-constant,small,ShellScript,1325,1325,53640,53658,8880,8880,true,8860,5,15,0,0,0,0,17720,10,30,0,0,0,0,0,8880,8880,0,0,0,0,0,0,0,0
shellscript-pytorch-pytorch-change-invocation-string,small,ShellScript,319,319,12524,12524,1988,1988,true,1983,1,4,0,0,0,0,3966,2,8,0,0,0,0,0,1988,1988,0,0,0,0,0,0,0,0
shellscript-ropery-ffcast-comment-only-change,full,ShellScript,196,196,6633,6669,1584,1584,true,1581,2,1,0,0,0,0,3162,4,2,0,0,0,0,0,1584,1584,0,0,0,0,0,0,0,0
shellscript-scikit-learn-scikit-learn-string-to-regex,small,ShellScript,138,138,5249,5247,756,752,true,743,0,9,4,0,0,0,1486,0,18,4,0,0,0,0,752,751,1,0,0,0,0,0,0,0
shellscript-scikit-learn-scikit-learn-version,stratified,ShellScript,24,24,584,584,134,134,true,130,1,3,0,0,0,0,260,2,6,0,0,0,0,0,134,134,0,0,0,0,0,0,0,0
shellscript-stgpetrovic-stacuist-pure-add,stratified,ShellScript,4,6,148,241,24,30,true,22,0,2,0,0,0,2,44,0,4,0,0,0,6,0,24,24,0,0,0,0,0,0,0,0
shellscript-stgpetrovic-stacuist-pure-add-2,stratified,ShellScript,6,8,241,370,30,40,true,29,0,1,0,0,0,2,58,0,2,0,0,0,10,0,30,30,0,0,0,0,0,0,0,0
shellscript-torvalds-linux-double-equals-to-equals,small,ShellScript,387,387,9029,9027,1056,1056,true,1047,0,9,0,0,0,0,2094,0,18,0,0,0,0,0,1056,1056,0,0,0,0,0,0,0,0
shellscript-vercel-next-change-command-params,stratified,ShellScript,5,5,216,221,29,29,true,25,1,3,0,0,0,0,50,2,6,0,0,0,0,0,29,29,0,0,0,0,0,0,0,0
swift-apple-swift-argument-parser-if-to-guard,full,Swift,356,351,12050,11979,2059,2042,true,1998,6,26,5,5,12,0,3996,12,52,5,24,12,0,0,2030,2007,0,23,0,0,0,0,0,4
swift-apple-swift-argument-parser-refactor-and-improve-tests,full,Swift,102,118,2921,3352,837,969,true,809,0,20,0,0,22,9,1630,0,40,0,0,22,114,12,829,829,0,0,0,0,3,0,0,63
swift-apple-swift-argument-parser-remove-trimming-lines-function-call,full,Swift,309,306,9370,9125,1748,1623,true,1522,1,78,110,2,11,0,3077,2,156,110,15,11,0,33,1601,1379,0,221,1,0,11,0,0,2
swift-apple-swift-argument-parser-simplify-code,full,Swift,218,212,6737,6433,1960,1857,true,1849,0,6,81,2,0,0,3707,0,12,81,17,0,0,9,1855,1841,0,14,0,0,2,0,0,2
swift-apple-swift-argument-parser-small-change,full,Swift,111,110,3760,3743,955,952,true,919,0,6,0,4,0,2,1838,0,12,0,30,0,27,0,925,925,0,0,0,0,0,0,0,18
swift-logseq-logseq-add-real-feature-keypress-tracking,full,Swift,461,483,16545,17186,3663,3847,true,3652,1,10,0,0,0,3,7304,2,20,0,0,0,184,0,3663,3663,0,0,0,0,0,0,0,0
swift-logseq-logseq-insertions-only,full,Swift,82,142,2375,4528,728,1054,true,722,0,6,0,0,0,7,1444,0,12,0,0,0,326,0,728,728,0,0,0,0,0,0,0,0
swift-nextcloud-ios-actual-control-flow-change,small,Swift,326,326,18552,18615,3700,3701,true,3684,1,11,4,0,3,1,7368,2,22,4,0,3,2,0,3696,3696,0,0,0,0,0,0,0,2
swift-nextcloud-ios-actual-logic-added,small,Swift,171,189,8278,9102,1522,1707,true,1492,0,24,6,0,7,3,2984,0,48,6,0,7,184,0,1516,1516,0,0,0,0,0,0,0,0
swift-nextcloud-ios-add-4-functions,small,Swift,535,646,24623,28792,6382,7083,true,6379,0,3,0,0,4,24,12758,0,6,0,0,4,697,0,6382,6382,0,0,0,0,0,0,0,0
swift-nextcloud-ios-add-one-log-line,stratified,Swift,325,326,18489,18552,3683,3700,true,3671,0,12,0,0,0,1,7342,0,24,0,0,0,17,0,3683,3683,0,0,0,0,0,0,0,0
swift-nextcloud-ios-call-different-function,small,Swift,59,59,1731,1726,446,446,true,433,1,12,0,0,0,0,866,2,24,0,0,0,0,0,446,446,0,0,0,0,0,0,0,0
swift-nextcloud-ios-different-func,stratified,Swift,11,11,299,300,40,40,true,35,1,4,0,0,0,0,70,2,8,0,0,0,0,0,40,40,0,0,0,0,0,0,0,0
swift-nextcloud-ios-move-function-and-refactor-logic,small,Swift,439,419,22819,21580,5157,4934,true,4855,11,45,34,7,20,0,9716,22,90,34,209,20,0,6,4911,4658,27,1,225,1,2,0,0,16
swift-nextcloud-ios-refactor-and-change,small,Swift,297,304,14985,15248,3668,3712,true,3648,1,11,1,1,32,4,7296,2,22,1,7,32,20,0,3660,3506,57,29,68,1,0,0,0,19
swift-swift-emacs-swift-mode-seems-like-test-code,full,Swift,921,929,10464,10544,3117,3139,true,3114,0,3,0,0,0,2,6228,0,6,0,0,0,22,0,3117,3117,0,0,0,0,0,0,0,0
swift-swiftlang-swift-actual-logic-change,small,Swift,327,346,9596,10270,3238,3450,true,3163,6,52,14,0,41,10,6335,12,104,14,0,41,182,9,3221,3177,6,38,0,0,3,0,0,36
swift-swiftlang-swift-add-target-comment,stratified,Swift,26,26,1017,1073,204,204,true,201,2,1,0,0,0,0,402,4,2,0,0,0,0,0,204,204,0,0,0,0,0,0,0,0
swift-swiftlang-swift-add-to-typecheck-comment,stratified,Swift,6,6,435,479,52,52,true,50,1,1,0,0,0,0,100,2,2,0,0,0,0,0,52,52,0,0,0,0,0,0,0,0
swift-swiftlang-swift-add-to-typecheck-comment-1,stratified,Swift,3,3,275,330,31,31,true,29,1,1,0,0,0,0,58,2,2,0,0,0,0,0,31,31,0,0,0,0,0,0,0,0
swift-swiftlang-swift-add-to-typecheck-comment-2,stratified,Swift,3,3,692,759,48,48,true,46,1,1,0,0,0,0,92,2,2,0,0,0,0,0,48,48,0,0,0,0,0,0,0,0
swift-swiftlang-swift-add-to-typecheck-comment-4,stratified,Swift,8,8,287,342,37,37,true,35,1,1,0,0,0,0,70,2,2,0,0,0,0,0,37,37,0,0,0,0,0,0,0,0
swift-swiftlang-swift-add-to-typecheck-comment-5,stratified,Swift,9,9,437,508,46,46,true,44,1,1,0,0,0,0,88,2,2,0,0,0,0,0,46,46,0,0,0,0,0,0,0,0
swift-swiftlang-swift-add-to-typecheck-comment-6,stratified,Swift,4,4,352,407,32,32,true,30,1,1,0,0,0,0,60,2,2,0,0,0,0,0,32,32,0,0,0,0,0,0,0,0
swift-swiftlang-swift-add-to-typecheck-comment-7,stratified,Swift,3,3,464,518,47,47,true,45,1,1,0,0,0,0,90,2,2,0,0,0,0,0,47,47,0,0,0,0,0,0,0,0
swift-swiftlang-swift-comment-change,small,Swift,4,4,605,645,20,20,true,18,1,1,0,0,0,0,36,2,2,0,0,0,0,0,20,20,0,0,0,0,0,0,0,0
swift-swiftlang-swift-comment-change-2,small,Swift,10,10,557,550,84,84,true,80,1,3,0,0,0,0,160,2,6,0,0,0,0,0,84,84,0,0,0,0,0,0,0,0
swift-swiftlang-swift-constraint-comment,stratified,Swift,10,10,598,667,68,68,true,66,1,1,0,0,0,0,132,2,2,0,0,0,0,0,68,68,0,0,0,0,0,0,0,0
swift-swiftlang-swift-delete-and-insert-in-the-typecheck-comment,stratified,Swift,4,4,414,295,32,32,true,30,1,1,0,0,0,0,60,2,2,0,0,0,0,0,32,32,0,0,0,0,0,0,0,0
swift-swiftlang-swift-enable-checks-remove-todo-comment,small,Swift,200,193,13107,12181,1434,1428,true,1415,6,7,6,0,0,0,2830,12,14,6,0,0,0,0,1428,1428,0,0,0,0,0,0,0,2
swift-swiftlang-swift-insert-delete-comment,stratified,Swift,13,14,415,525,84,85,true,81,0,1,2,0,3,0,162,0,2,2,0,3,0,0,82,82,0,0,0,0,0,0,0,0
swift-swiftlang-swift-insert-only,stratified,Swift,12,23,590,1056,41,188,true,38,0,3,0,0,3,11,76,0,6,0,0,3,144,0,41,41,0,0,0,0,0,0,0,0
swift-swiftlang-swift-signature-next-comment,stratified,Swift,15,15,655,701,96,96,true,94,1,1,0,0,0,0,188,2,2,0,0,0,0,0,96,96,0,0,0,0,0,0,0,0
swift-swiftlang-swift-signature-next-comment-2,stratified,Swift,10,10,374,421,36,36,true,34,1,1,0,0,0,0,68,2,2,0,0,0,0,0,36,36,0,0,0,0,0,0,0,0
swift-swiftlang-swift-small-change-mostly-add,stratified,Swift,16,22,584,696,151,174,true,149,1,1,0,0,0,5,298,2,2,0,0,0,23,0,151,151,0,0,0,0,0,0,0,0
swift-swiftlang-swift-target-comment,stratified,Swift,13,13,495,551,92,92,true,89,2,1,0,0,0,0,178,4,2,0,0,0,0,0,92,92,0,0,0,0,0,0,0,0
swift-swiftlang-swift-target-comment-2,stratified,Swift,19,19,500,528,69,69,true,67,1,1,0,0,0,0,134,2,2,0,0,0,0,0,69,69,0,0,0,0,0,0,0,0
swift-swiftlang-swift-update-leading-comment,stratified,Swift,6,6,223,248,17,17,true,15,1,1,0,0,0,0,30,2,2,0,0,0,0,0,17,17,0,0,0,0,0,0,0,0
swift-swiftlang-swift-update-typecheck-comment,stratified,Swift,4,4,499,533,24,24,true,22,1,1,0,0,0,0,44,2,2,0,0,0,0,0,24,24,0,0,0,0,0,0,0,0
swift-tree-sitter-tree-sitter-haskell-remove-a-list-item,full,Swift,60,37,1700,1014,374,261,true,251,0,10,1,1,0,0,502,0,20,1,112,0,0,0,261,261,0,0,0,0,0,0,0,0
swift-zeroc-ice-ice-add-an-if-block-and-variable,full,Swift,207,218,9149,9644,1448,1588,true,1444,0,4,0,0,0,3,2888,0,8,0,0,0,140,0,1448,1448,0,0,0,0,0,0,0,0
tsx-apache-superset-add-test-case,small,TSX,790,798,21832,21994,6447,6532,true,6446,0,1,0,0,0,1,12892,0,2,0,0,0,85,0,6447,6447,0,0,0,0,0,0,0,0
tsx-apache-superset-error-handling-change,small,TSX,391,399,12250,12546,2614,2678,true,2589,0,24,0,0,7,6,5181,0,48,0,0,7,56,3,2613,2610,3,0,0,0,1,0,1,7
tsx-excalidraw-excalidraw-add-type-to-import,stratified,TSX,7,7,195,200,69,70,true,67,0,2,0,0,1,0,134,0,4,0,0,1,0,0,69,69,0,0,0,0,0,0,0,0
tsx-excalidraw-excalidraw-huge-file-with-real-logic-change,small,TSX,9326,9390,291221,293313,64404,64841,true,64242,1,71,39,3,71,13,128544,2,142,39,14,71,433,60,64314,64269,35,9,1,0,17,0,7,245
tsx-excalidraw-excalidraw-import-path-change,small,TSX,45,45,1629,1623,369,369,true,362,2,5,0,0,0,0,724,4,10,0,0,0,0,0,369,369,0,0,0,0,0,0,0,0
tsx-excalidraw-excalidraw-move-from-one-struct-to-other,small,TSX,394,395,11055,11121,2746,2765,true,2706,1,30,9,0,10,1,5412,2,60,9,0,10,18,0,2737,2731,6,0,0,0,0,0,0,2
tsx-greenbone-gsa-add-import-and-use-it,full,TSX,308,311,9176,9234,2999,3003,true,2979,0,20,0,0,2,1,5958,0,40,0,0,2,2,0,2999,2999,0,0,0,0,0,0,0,1
tsx-keybase-client-change-from-one-import-and-call-to-another,full,TSX,178,178,6213,6189,1874,1870,true,1853,2,15,4,0,0,0,3706,4,30,4,0,0,0,0,1870,1869,1,0,0,0,0,0,0,0
tsx-keybase-client-emoji-to-native,full,TSX,237,237,9062,9068,2366,2366,true,2348,1,17,0,0,0,0,4696,2,34,0,0,0,0,0,2366,2366,0,0,0,0,0,0,0,0
tsx-kong-insomnia-classname-strings-changed,full,TSX,100,100,4321,4321,1293,1293,true,1270,2,21,0,0,0,0,2540,4,42,0,0,0,0,0,1293,1293,0,0,0,0,0,0,0,0
tsx-kong-insomnia-if-to-ternary-operator,full,TSX,639,637,26602,26525,6643,6627,true,6569,2,29,38,0,20,0,13150,4,58,38,0,20,0,12,6600,6452,147,0,1,0,2,0,0,5
tsx-kong-insomnia-rewrite-if-using-ternary-twice,full,TSX,574,570,26777,26667,4225,4189,true,4150,0,17,27,0,6,0,8347,0,34,27,0,6,0,47,4167,4115,20,32,0,0,16,0,0,14
tsx-langflow-ai-langflow-add-type-to-import,stratified,TSX,6,6,233,238,58,59,true,56,0,2,0,0,1,0,112,0,4,0,0,1,0,0,58,58,0,0,0,0,0,0,0,0
tsx-langflow-ai-langflow-insert-only,stratified,TSX,9,21,264,476,99,151,true,90,0,9,0,0,52,0,180,0,18,0,0,52,0,0,99,82,0,17,0,0,0,0,0,0
tsx-langflow-ai-langflow-move-function-around-update-string-constant,small,TSX,554,554,17681,17681,3668,3668,true,3655,1,12,0,0,0,0,7310,2,24,0,0,0,0,0,3668,3668,0,0,0,1,0,0,0,0
tsx-langflow-ai-langflow-split-import,stratified,TSX,8,9,231,256,90,99,true,73,0,1,0,0,0,0,187,0,2,0,0,0,0,41,74,74,0,0,0,0,0,0,0,0
tsx-langflow-ai-langflow-split-import-2,stratified,TSX,8,9,223,248,90,99,true,73,0,1,0,0,0,0,187,0,2,0,0,0,0,41,74,74,0,0,0,0,0,0,0,0
tsx-langflow-ai-langflow-split-import-3,stratified,TSX,8,9,288,313,90,99,true,79,0,1,1,0,1,0,185,0,2,1,0,1,0,27,80,80,0,0,0,0,9,0,9,10
tsx-material-remove-import,small,TSX,107,106,3283,3251,1161,1148,true,1147,0,1,0,1,0,0,2294,0,2,0,13,0,0,0,1148,1148,0,0,0,0,0,0,0,0
tsx-microsoft-typescript-delete-only,stratified,TSX,23,22,490,465,137,136,true,134,1,1,1,0,0,0,268,2,2,1,0,0,0,0,136,136,0,0,0,0,0,0,0,0
tsx-microsoft-typescript-libpath-to-lib,stratified,TSX,17,17,304,321,107,107,true,105,1,1,0,0,0,0,210,2,2,0,0,0,0,0,107,107,0,0,0,0,0,0,0,0
tsx-mitmproxy-mitmproxy-array-to-object,full,TSX,13,15,270,277,70,71,true,64,0,3,3,0,4,0,128,0,6,3,0,4,0,0,67,67,0,0,0,0,0,0,0,0
tsx-mui-material-ui-add-attribute,stratified,TSX,10,10,225,239,67,69,true,59,0,8,0,0,2,0,118,0,16,0,0,2,0,0,67,67,0,0,0,0,0,0,0,0
tsx-mui-material-ui-add-to-empty-block,stratified,TSX,1,3,39,65,21,41,true,15,0,6,0,0,0,1,30,0,12,0,0,0,20,0,21,21,0,0,0,0,0,0,0,23
tsx-mui-material-ui-delete-only,stratified,TSX,14,13,347,315,91,78,true,77,0,1,0,1,0,0,154,0,2,0,13,0,0,0,78,78,0,0,0,0,0,0,0,0
tsx-mui-material-ui-move-colour-to-a-new-attribute,small,TSX,158,158,4248,4258,1106,1115,true,1084,0,22,0,0,9,0,2168,0,44,0,0,9,0,0,1106,1100,0,0,6,1,0,0,0,16
tsx-mui-material-ui-move-import,stratified,TSX,25,25,996,975,195,195,true,191,1,3,0,0,0,0,382,2,6,0,0,0,0,0,195,195,0,0,0,1,0,0,0,10
tsx-mui-material-ui-remove-import,stratified,TSX,4,3,113,81,37,24,true,23,0,1,0,1,0,0,46,0,2,0,13,0,0,0,24,24,0,0,0,0,0,0,0,0
tsx-mui-material-ui-remove-import-2,stratified,TSX,6,5,160,128,50,37,true,36,0,1,0,1,0,0,72,0,2,0,13,0,0,0,37,37,0,0,0,0,0,0,0,0
tsx-mui-material-ui-remove-import-3,stratified,TSX,6,5,189,157,45,32,true,31,0,1,0,1,0,0,62,0,2,0,13,0,0,0,32,32,0,0,0,0,0,0,0,0
tsx-mui-material-ui-remove-import-4,stratified,TSX,7,6,246,214,105,92,true,91,0,1,0,1,0,0,182,0,2,0,13,0,0,0,92,92,0,0,0,0,0,0,0,0
tsx-mui-material-ui-remove-one-import,stratified,TSX,53,52,1471,1439,387,374,true,373,0,1,0,1,0,0,746,0,2,0,13,0,0,0,374,374,0,0,0,0,0,0,0,0
tsx-popcorn-official-popcorn-desktop-simple-property-rename,full,TSX,143,143,3704,3758,1492,1492,true,1402,6,84,0,0,0,0,2804,12,168,0,0,0,0,0,1492,1492,0,0,0,0,0,0,0,0
tsx-rektdeckard-departure-mono-import-path,full,TSX,765,765,80958,80962,6202,6202,true,6198,1,3,0,0,0,0,12396,2,6,0,0,0,0,0,6202,6202,0,0,0,0,0,0,0,0
tsx-shadcn-ui-ui-add-attribute,small,TSX,65,65,1360,1382,364,371,true,348,0,16,0,0,0,1,696,0,32,0,0,0,7,0,364,364,0,0,0,0,0,0,0,0
tsx-shadcn-ui-ui-order-of-class-names,stratified,TSX,24,24,558,558,119,119,true,107,1,11,0,0,0,0,214,2,22,0,0,0,0,0,119,119,0,0,0,0,0,0,0,0
tsx-shadcn-ui-ui-real-small-change,small,TSX,38,37,1612,1666,252,239,true,216,4,19,0,1,0,0,432,8,38,0,13,0,0,0,239,239,0,0,0,0,0,0,0,0
tsx-troyeguo-koodo-reader-pure-insert,full,TSX,649,673,20259,21071,5552,5750,true,5537,0,15,0,0,1,2,11074,0,30,0,0,1,197,0,5552,5552,0,0,0,0,0,0,0,0
typescript-add-error-handling,handmade,TypeScript,6,13,131,279,64,121,true,61,0,3,0,0,57,0,122,0,6,0,0,57,0,0,64,34,0,30,0,0,0,0,0,0
typescript-add-generics,handmade,TypeScript,17,18,307,348,98,125,true,69,3,22,4,0,31,0,138,6,44,4,0,31,0,0,94,90,4,0,0,0,0,0,0,1
typescript-add-type-annotations,handmade,TypeScript,10,16,175,279,68,108,true,61,0,7,0,0,14,1,122,0,14,0,0,14,26,0,68,68,0,0,0,0,0,0,0,0
typescript-apache-echarts-envelop-2-lines-with-an-if-block,full,TypeScript,770,772,26943,26994,5026,5038,true,5016,0,10,0,0,5,1,10032,0,20,0,0,5,7,0,5026,4975,0,51,0,0,0,0,0,6
typescript-async-await,handmade,TypeScript,9,12,185,258,87,109,true,46,1,18,5,1,44,0,92,2,36,5,17,44,0,0,65,36,0,0,29,0,0,0,0,2
typescript-excalidraw-excalidraw-add-function,small,TypeScript,1018,1052,25942,26648,8259,8658,true,8258,0,1,0,0,0,2,16516,0,2,0,0,0,399,0,8259,8259,0,0,0,0,0,0,0,0
typescript-excalidraw-excalidraw-add-values-to-lists,small,TypeScript,289,291,11363,11453,3071,3099,true,3058,0,13,0,0,2,2,6116,0,26,0,0,2,26,0,3071,3071,0,0,0,0,0,0,0,0
typescript-lxqt-lxqt-openssh-askpass-change-url,full,TypeScript,25,25,790,790,300,300,true,286,1,13,0,0,0,0,572,2,26,0,0,0,0,0,300,300,0,0,0,0,0,0,0,0
typescript-lxqt-lxqt-panel-not-actually-ts-but-still,full,TypeScript,447,447,17397,17397,6355,6355,true,6315,3,37,0,0,0,0,12630,6,74,0,0,0,0,0,6355,6355,0,0,0,0,0,0,0,0
typescript-microsoft-playwright-add-two-test-cases,small,TypeScript,297,335,9656,11028,2569,3024,true,2568,0,1,0,0,0,2,5136,0,2,0,0,0,455,0,2569,2569,0,0,0,0,0,0,0,0
typescript-microsoft-typescript-add-dot-js-to-import-paths,small,TypeScript,128,128,5190,5199,1404,1404,true,1394,3,7,0,0,0,0,2788,6,14,0,0,0,0,0,1404,1404,0,0,0,0,0,0,0,0
typescript-microsoft-typescript-add-es-target,stratified,TypeScript,8,9,127,147,21,22,true,20,0,1,0,0,1,0,40,0,2,0,0,1,0,0,21,21,0,0,0,0,0,0,0,0
typescript-microsoft-typescript-add-es-target-2,stratified,TypeScript,4,5,89,109,11,12,true,10,0,1,0,0,1,0,20,0,2,0,0,1,0,0,11,11,0,0,0,0,0,0,0,0
typescript-microsoft-typescript-add-es-target-3,stratified,TypeScript,4,5,107,127,24,25,true,23,0,1,0,0,0,1,46,0,2,0,0,0,1,0,24,24,0,0,0,0,0,0,0,0
typescript-microsoft-typescript-add-es-target-4,stratified,TypeScript,6,7,83,103,24,25,true,23,0,1,0,0,1,0,46,0,2,0,0,1,0,0,24,24,0,0,0,0,0,0,0,0
typescript-microsoft-typescript-add-es-target-5,stratified,TypeScript,2,3,21,41,15,16,true,14,0,1,0,0,1,0,28,0,2,0,0,1,0,0,15,15,0,0,0,0,0,0,0,0
typescript-microsoft-typescript-add-es-target-6,stratified,TypeScript,8,9,188,208,49,50,true,48,0,1,0,0,1,0,96,0,2,0,0,1,0,0,49,49,0,0,0,0,0,0,0,0
typescript-microsoft-typescript-add-eslint,stratified,TypeScript,7,8,173,193,50,51,true,49,0,1,0,0,0,1,98,0,2,0,0,0,1,0,50,50,0,0,0,0,0,0,0,0
typescript-microsoft-typescript-add-lib-comment,stratified,TypeScript,17,19,540,554,141,142,true,140,0,1,0,0,1,0,280,0,2,0,0,1,0,0,141,141,0,0,0,0,0,0,0,0
typescript-microsoft-typescript-add-module-and-target-comment,stratified,TypeScript,12,14,187,228,70,72,true,69,0,1,0,0,2,0,138,0,2,0,0,2,0,0,70,70,0,0,0,0,0,0,0,0
typescript-microsoft-typescript-add-one-item,stratified,TypeScript,4266,4267,181717,181777,33533,33546,true,33529,0,4,0,0,1,1,67058,0,8,0,0,1,12,0,33533,33533,0,0,0,0,0,0,0,0
typescript-microsoft-typescript-add-one-line,stratified,TypeScript,11304,11305,581493,581556,88646,88658,true,88640,0,6,0,0,1,1,177280,0,12,0,0,1,11,0,88646,88646,0,0,0,0,0,0,0,0
typescript-microsoft-typescript-add-strict,stratified,TypeScript,2,3,109,128,50,51,true,49,0,1,0,0,1,0,98,0,2,0,0,1,0,0,50,50,0,0,0,0,0,0,0,0
typescript-microsoft-typescript-add-strict-2,stratified,TypeScript,7,8,221,240,152,153,true,151,0,1,0,0,1,0,302,0,2,0,0,1,0,0,152,152,0,0,0,0,0,0,0,0
typescript-microsoft-typescript-add-strict-false,stratified,TypeScript,4,5,36,55,13,14,true,12,0,1,0,0,1,0,24,0,2,0,0,1,0,0,13,13,0,0,0,0,0,0,0,0
typescript-microsoft-typescript-add-target,stratified,TypeScript,27,28,330,350,129,130,true,128,0,1,0,0,1,0,256,0,2,0,0,1,0,0,129,129,0,0,0,0,0,0,0,0
typescript-microsoft-typescript-add-target-2,stratified,TypeScript,23,24,490,510,165,166,true,164,0,1,0,0,1,0,328,0,2,0,0,1,0,0,165,165,0,0,0,0,0,0,0,0
typescript-microsoft-typescript-add-target-3,stratified,TypeScript,12,13,116,136,24,25,true,23,0,1,0,0,0,1,46,0,2,0,0,0,1,0,24,24,0,0,0,0,0,0,0,0
typescript-microsoft-typescript-add-target-4,stratified,TypeScript,80,81,2093,2113,613,614,true,612,0,1,0,0,0,1,1224,0,2,0,0,0,1,0,613,613,0,0,0,0,0,0,0,0
typescript-microsoft-typescript-add-target-comment,small,TypeScript,34,35,2103,2123,318,319,true,317,0,1,0,0,1,0,634,0,2,0,0,1,0,0,318,318,0,0,0,0,0,0,0,0
typescript-microsoft-typescript-add-target-comment-2,stratified,TypeScript,17,18,201,221,73,74,true,72,0,1,0,0,1,0,144,0,2,0,0,1,0,0,73,73,0,0,0,0,0,0,0,0
typescript-microsoft-typescript-comment-change,small,TypeScript,11,11,157,165,51,51,true,49,1,1,0,0,0,0,98,2,2,0,0,0,0,0,51,51,0,0,0,0,0,0,0,0
typescript-microsoft-typescript-expand-target,stratified,TypeScript,14,14,247,255,42,42,true,40,1,1,0,0,0,0,80,2,2,0,0,0,0,0,42,42,0,0,0,0,0,0,0,0
typescript-microsoft-typescript-expand-target-2,stratified,TypeScript,18,18,300,308,81,81,true,79,1,1,0,0,0,0,158,2,2,0,0,0,0,0,81,81,0,0,0,0,0,0,0,0
typescript-microsoft-typescript-expand-target-3,stratified,TypeScript,14,14,260,268,43,43,true,41,1,1,0,0,0,0,82,2,2,0,0,0,0,0,43,43,0,0,0,0,0,0,0,0
typescript-microsoft-typescript-extend-target-comment,stratified,TypeScript,11,11,202,210,50,50,true,48,1,1,0,0,0,0,96,2,2,0,0,0,0,0,50,50,0,0,0,0,0,0,0,0
typescript-n8n-io-n8n-remove-and-add-imports,small,TypeScript,112,114,3101,3066,802,792,true,784,0,4,0,1,4,0,1568,0,8,0,14,4,0,0,788,788,0,0,0,0,0,0,0,0
typescript-refactor-interface,handmade,TypeScript,23,30,404,546,139,187,true,136,0,3,0,0,8,1,272,0,6,0,0,8,40,0,139,139,0,0,0,0,0,0,0,0
typescript-th-ch-youtube-music-add-a-function-and-some-small-changes,full,TypeScript,861,877,24522,24911,6817,6979,true,6794,0,15,1,1,1,2,13588,0,30,1,7,1,169,0,6809,6809,0,0,0,0,0,0,0,0
typescript-typescript-add-target-comment,small,TypeScript,10,11,389,408,135,136,true,134,0,1,0,0,1,0,268,0,2,0,0,1,0,0,135,135,0,0,0,0,0,0,0,0
typescript-typescript-add-target-comment-2,small,TypeScript,10,11,175,194,96,97,true,95,0,1,0,0,1,0,190,0,2,0,0,1,0,0,96,96,0,0,0,0,0,0,0,0
typescript-typescript-add-target-comment-3,small,TypeScript,11,12,174,193,33,34,true,32,0,1,0,0,1,0,64,0,2,0,0,1,0,0,33,33,0,0,0,0,0,0,0,0
typescript-vercel-next-whitespace-only,stratified,TypeScript,1998,1999,76071,76072,8836,8836,true,8836,0,0,0,0,0,0,17672,0,0,0,0,0,0,0,8836,8836,0,0,0,0,0,0,0,0
vimscript-chikamichi-mediawiki-add-one-autocmd,full,Vimscript,6,7,280,344,62,75,true,57,1,4,0,0,0,1,114,2,8,0,0,0,13,0,62,62,0,0,0,0,0,0,0,26
vimscript-chikamichi-mediawiki-remove-3-lines,full,Vimscript,188,185,6342,6223,981,964,true,957,0,7,0,3,0,0,1914,0,14,0,17,0,0,0,964,964,0,0,0,0,0,0,0,0
vimscript-fedorenchik-qt-support-add-two-lines,full,Vimscript,1402,1404,50955,51060,6899,6910,true,6898,0,1,0,0,0,2,13796,0,2,0,0,0,11,0,6899,6899,0,0,0,0,0,0,0,0
vimscript-fholgado-minibufexpl-massive-comment-reduction,full,Vimscript,2338,1801,89330,57769,9995,9459,true,9441,15,1,538,0,2,0,18882,30,2,538,0,2,0,0,9457,9457,0,0,0,0,0,0,0,18
vimscript-idanarye-vim-merginal-add-one-call,full,Vimscript,258,259,10422,10565,2172,2198,true,2171,0,1,0,0,0,1,4342,0,2,0,0,0,26,0,2172,2172,0,0,0,0,0,0,0,0
vimscript-jreybert-vimagit-move-one-line,full,Vimscript,385,385,11839,11838,2394,2394,true,2387,0,7,0,0,0,0,4774,0,14,0,0,0,0,0,2394,2386,0,8,0,0,0,0,0,0
vimscript-junegunn-fzf-condition-canges,small,Vimscript,1103,1103,32592,32616,9111,9120,true,9104,0,5,0,0,3,1,18213,0,10,0,0,3,5,5,9109,9085,20,4,0,0,1,0,0,1
vimscript-m-pilia-vim-mediawiki-add-a-new-functon,full,Vimscript,114,120,3405,3523,810,832,true,809,0,1,0,0,0,2,1618,0,2,0,0,0,22,0,810,810,0,0,0,0,0,0,0,0
vimscript-neovim-neovim-add-a-few-lines,small,Vimscript,50,52,1583,1675,206,213,true,203,1,2,0,0,1,1,406,2,4,0,0,1,6,0,206,206,0,0,0,0,0,0,0,0
vimscript-neovim-neovim-add-a-few-lines-one-after-the-other,small,Vimscript,286,292,8573,8782,1526,1567,true,1523,0,3,0,0,0,5,3046,0,6,0,0,0,41,0,1526,1526,0,0,0,0,0,0,0,0
vimscript-neovim-neovim-add-line-comment,small,Vimscript,1732,1732,47000,47028,7284,7285,true,7281,0,3,0,0,1,0,14562,0,6,0,0,1,0,0,7284,7284,0,0,0,0,0,0,0,0
vimscript-neovim-neovim-add-one-dict-entry,stratified,Vimscript,3347,3348,115058,115116,22155,22167,true,22150,0,5,0,0,1,1,44300,0,10,0,0,1,11,0,22155,22155,0,0,0,0,0,0,0,0
vimscript-neovim-neovim-add-one-dict-item,stratified,Vimscript,3346,3347,115026,115058,22147,22155,true,22142,0,5,0,0,1,1,44284,0,10,0,0,1,7,0,22147,22147,0,0,0,0,0,0,0,0
vimscript-neovim-neovim-add-one-line-to-dict,stratified,Vimscript,3272,3273,112760,112800,21711,21721,true,21706,0,5,0,0,1,1,43412,0,10,0,0,1,9,0,21711,21711,0,0,0,0,0,0,0,0
vimscript-neovim-neovim-add-one-line-to-test,stratified,Vimscript,1079,1080,29370,29388,7243,7245,true,7240,0,3,0,0,0,1,14480,0,6,0,0,0,2,0,7243,7243,0,0,0,0,0,0,0,0
vimscript-neovim-neovim-add-test-case-plus-edit-existing-one,small,Vimscript,6312,6356,207339,208960,39537,39778,true,39524,0,9,4,0,0,4,79048,0,18,4,0,0,245,0,39533,39533,0,0,0,0,0,0,0,0
vimscript-neovim-neovim-add-two-functions-and-modify-a-few-lines,small,Vimscript,792,826,30259,31283,5725,5922,true,5664,7,19,30,0,25,5,11336,14,38,30,0,25,204,8,5690,5688,2,0,0,0,3,0,0,18
vimscript-neovim-neovim-awful-test-case-bunch-of-hex-colours-more-data-than-code,small,Vimscript,426,260,20224,15930,5072,4719,true,1424,7,68,13,1,20,258,8525,14,136,13,7,20,1076,5677,1499,1412,10,77,0,27,0,0,0,1072
vimscript-neovim-neovim-comment-only-insert,stratified,Vimscript,22,22,506,524,84,84,true,82,1,1,0,0,0,0,164,2,2,0,0,0,0,0,84,84,0,0,0,0,0,0,0,0
vimscript-neovim-neovim-date-update-plus-bugfix,stratified,Vimscript,25,25,640,640,101,101,true,96,2,3,0,0,0,0,192,4,6,0,0,0,0,0,101,101,0,0,0,0,0,0,0,0
vimscript-neovim-neovim-expand-author-comment,stratified,Vimscript,10,10,309,327,24,24,true,22,1,1,0,0,0,0,44,2,2,0,0,0,0,0,24,24,0,0,0,0,0,0,0,0
vimscript-neovim-neovim-i-have-no-idea-what-this-diff-does,small,Vimscript,541,542,24217,24310,4989,4993,true,4976,2,11,0,0,4,0,9952,4,22,0,0,4,0,0,4989,4989,0,0,0,0,0,0,0,0
vimscript-neovim-neovim-improved-asserts,small,Vimscript,389,395,10385,10694,2391,2428,true,2369,3,19,0,0,3,2,4738,6,38,0,0,3,34,0,2391,2391,0,0,0,0,0,0,0,0
vimscript-neovim-neovim-insert-only,stratified,Vimscript,24,25,933,993,91,92,true,87,1,3,0,0,1,0,174,2,6,0,0,1,0,0,91,91,0,0,0,0,0,0,0,0
vimscript-neovim-neovim-insert-only-3,stratified,Vimscript,19,23,605,809,61,90,true,60,0,1,0,0,29,0,120,0,2,0,0,29,0,0,61,55,0,6,0,0,0,0,0,0
vimscript-neovim-neovim-only-delete,stratified,Vimscript,28,27,944,909,137,131,true,126,1,4,0,1,0,0,252,2,8,0,6,0,0,0,131,131,0,0,0,0,0,0,0,0
vimscript-neovim-neovim-small-change,stratified,Vimscript,23,24,468,500,75,81,true,71,2,2,0,0,0,1,142,4,4,0,0,0,6,0,75,75,0,0,0,0,0,0,0,0
vimscript-neovim-neovim-small-change-2,stratified,Vimscript,13,18,285,393,41,53,true,37,1,3,0,0,12,0,74,2,6,0,0,12,0,0,41,41,0,0,0,0,0,0,0,0
vimscript-neovim-neovim-test-debian-package-parsing-awful-string-matching,small,Vimscript,132,152,8158,9513,1371,1629,true,1168,2,4,0,0,3,7,2875,4,8,0,0,3,110,539,1174,1173,1,0,0,0,0,0,0,0
vimscript-preservim-tagbar-add-if-statements,full,Vimscript,4120,4129,134971,135154,24439,24490,true,24432,0,7,0,0,0,3,48864,0,14,0,0,0,51,0,24439,24439,0,0,0,0,0,0,0,0
vimscript-protesilaos-tempus-themes-vim-add-terminal-color-scheme,full,Vimscript,207,254,9314,10412,1993,2194,true,1992,0,1,0,0,6,6,3984,0,2,0,0,6,195,0,1993,1974,0,0,19,0,0,0,0,19
vimscript-protesilaos-tempus-themes-vim-change-two-values,full,Vimscript,198,198,8897,8897,1897,1897,true,1893,2,2,0,0,0,0,3786,4,4,0,0,0,0,0,1897,1897,0,0,0,0,0,0,0,0
xml-adoptopenjdk-icedtea-web-update-version-string,full,XML,229,229,9798,9799,1741,1741,true,1733,1,7,0,0,0,0,3466,2,14,0,0,0,0,0,1741,1741,0,0,0,0,0,0,0,0
xml-antlr-antlr3-comment-out-part-of-code-interesting-case,full,XML,49,50,1300,1320,299,253,true,244,1,7,0,1,1,0,488,2,14,0,47,1,0,0,252,252,0,0,0,0,0,0,0,0
xml-eclipse-ee4j-jaxb-istack-commons-update-version-string,full,XML,49,49,1612,1603,298,298,true,290,1,7,0,0,0,0,580,2,14,0,0,0,0,0,298,298,0,0,0,0,0,0,0,0
xml-fasterxml-jackson-dataformat-xml-only-string-value-change,full,XML,169,169,6410,6395,1129,1129,true,1113,3,13,0,0,0,0,2226,6,26,0,0,0,0,0,1129,1129,0,0,0,0,0,0,0,0
xml-gap-packages-toric-remove-two-attributes,full,XML,941,941,29403,29365,6221,6209,true,6196,0,13,0,2,0,0,12392,0,26,0,12,0,0,0,6209,6209,0,0,0,0,0,0,0,34
xml-genymobile-scrcpy-remove-package-attribute,stratified,XML,2,2,119,88,14,8,true,5,0,3,0,1,0,0,10,0,6,0,6,0,0,0,8,8,0,0,0,0,0,0,0,0
xml-godotengine-godot-update-element-value,stratified,XML,568,569,38817,39076,5102,5102,true,5092,1,9,0,0,0,0,10184,2,18,0,0,0,0,0,5102,5102,0,0,0,0,0,0,0,0
xml-gpuopen-drivers-amdvlk-version-update,full,XML,14,14,871,871,201,201,true,182,0,19,0,0,0,0,364,0,38,0,0,0,0,0,201,201,0,0,0,0,0,0,0,0
xml-javacc-javacc-version-update,full,XML,837,837,33658,33658,7352,7352,true,7341,2,9,0,0,0,0,14682,4,18,0,0,0,0,0,7352,7352,0,0,0,0,0,0,0,0
xml-jellyfin-jellyfin-update-attribute-values,stratified,XML,6,6,197,197,78,78,true,69,0,9,0,0,0,0,138,0,18,0,0,0,0,0,78,78,0,0,0,0,0,0,0,0
xml-libreoffice-add-one-menu-item,stratified,XML,776,777,35994,36055,8218,8230,true,8206,1,11,0,0,1,1,16412,2,22,0,0,1,11,0,8218,8218,0,0,0,0,0,0,0,2
xml-libreoffice-unicode,stratified,XML,7,7,564,576,91,91,true,81,3,7,0,0,0,0,162,6,14,0,0,0,0,0,91,91,0,0,0,0,0,0,0,0
xml-lincity-ng-lincity-ng-whitespace-only-change,full,XML,16,16,1336,1333,262,262,true,262,0,0,0,0,0,0,524,0,0,0,0,0,0,0,262,262,0,0,0,0,0,0,0,0
xml-megaglest-megaglest-data-update-url-path,full,XML,113,113,3442,3426,1287,1287,true,1278,0,9,0,0,0,0,2556,0,18,0,0,0,0,0,1287,1287,0,0,0,0,0,0,0,0
xml-microsoft-terminal-add-one-element,stratified,XML,18,19,1401,1477,380,404,true,376,1,3,0,0,1,1,752,2,6,0,0,1,23,0,380,380,0,0,0,0,0,0,0,1
xml-microsoft-terminal-multiline-string-constant-change,small,XML,184,181,7260,7068,833,833,true,827,1,5,0,0,0,0,1654,2,10,0,0,0,0,0,833,833,0,0,0,0,0,0,0,0
xml-mozilla-firefox-firefox-add-a-few-attributes,small,XML,37,37,2429,2613,208,244,true,200,0,8,0,0,0,6,400,0,16,0,0,0,36,0,208,208,0,0,0,0,0,0,0,0
xml-mozilla-firefox-firefox-add-a-few-translations-and-a-few-attributes,small,XML,37,51,2223,3481,208,384,true,199,1,8,0,0,1,33,398,2,16,0,0,1,175,0,208,208,0,0,0,0,0,0,0,69
xml-mozilla-firefox-firefox-update-value,stratified,XML,6,6,746,721,34,34,true,29,0,5,0,0,0,0,58,0,10,0,0,0,0,0,34,34,0,0,0,0,0,0,0,0
xml-nextcloud-android-add-few-translations,small,XML,925,931,74685,75157,16410,16518,true,16407,0,3,0,0,6,6,32814,0,6,0,0,6,102,0,16410,16410,0,0,0,0,0,0,0,0
xml-nextcloud-android-add-one-element,stratified,XML,1181,1182,99756,99827,20815,20833,true,20812,0,3,0,0,1,1,41624,0,6,0,0,1,17,0,20815,20815,0,0,0,0,0,0,0,0
xml-nextcloud-android-add-translation,stratified,XML,1281,1282,109130,109234,22606,22624,true,22603,0,3,0,0,1,1,45206,0,6,0,0,1,17,0,22606,22606,0,0,0,0,0,0,0,0
xml-nextcloud-android-add-translation-2,stratified,XML,1287,1288,107200,107274,22696,22714,true,22693,0,3,0,0,1,1,45386,0,6,0,0,1,17,0,22696,22696,0,0,0,0,0,0,0,0
xml-nextcloud-android-delete-element,small,XML,1214,1213,103928,103862,21396,21378,true,21375,0,3,1,1,0,0,42750,0,6,1,17,0,0,0,21378,21378,0,0,0,0,0,0,0,0
xml-nextcloud-android-delete-element-2,small,XML,1205,1204,101686,101576,21324,21306,true,21303,0,3,1,1,0,0,42606,0,6,1,17,0,0,0,21306,21306,0,0,0,0,0,0,0,0
xml-odoo-odoo-add-attribute,small,XML,479,479,27339,27386,6707,6713,true,6686,0,21,0,0,0,1,13372,0,42,0,0,0,6,0,6707,6707,0,0,0,0,0,0,0,0
xml-odoo-odoo-add-attribute-2,stratified,XML,87,88,4910,4952,675,681,true,666,0,9,0,0,0,1,1332,0,18,0,0,0,6,0,675,675,0,0,0,0,0,0,0,0
xml-odoo-odoo-add-button-roles,small,XML,239,242,15670,15800,2355,2385,true,2296,0,59,0,0,0,5,4592,0,118,0,0,0,30,0,2355,2355,0,0,0,0,0,0,0,109
xml-odoo-odoo-add-two-attributes,small,XML,2164,2166,158127,158282,27365,27377,true,27340,0,25,0,0,0,2,54680,0,50,0,0,0,12,0,27365,27365,0,0,0,0,0,0,0,0
xml-odoo-odoo-change-value,small,XML,174,174,6854,6847,1659,1659,true,1645,1,13,0,0,0,0,3290,2,26,0,0,0,0,0,1659,1659,0,0,0,0,0,0,0,0
xml-odoo-odoo-insert-only,stratified,XML,9,9,204,237,69,75,true,62,0,7,0,0,0,1,124,0,14,0,0,0,6,0,69,69,0,0,0,0,0,0,0,0
xml-paddlepaddle-paddleocr-whitespace-only,stratified,XML,7,7,456,457,99,99,true,99,0,0,0,0,0,0,198,0,0,0,0,0,0,0,99,99,0,0,0,0,0,0,0,0
xml-paddlepaddle-paddleocr-whitespace-only-2,stratified,XML,5,5,272,273,57,57,true,57,0,0,0,0,0,0,114,0,0,0,0,0,0,0,57,57,0,0,0,0,0,0,0,0
xml-paddlepaddle-paddleocr-whitespace-only-3,stratified,XML,7,7,460,461,99,99,true,99,0,0,0,0,0,0,198,0,0,0,0,0,0,0,99,99,0,0,0,0,0,0,0,0
xml-paddlepaddle-paddleocr-whitespace-only-4,stratified,XML,7,7,448,449,99,99,true,99,0,0,0,0,0,0,198,0,0,0,0,0,0,0,99,99,0,0,0,0,0,0,0,0
xml-paddlepaddle-paddleocr-whitespace-only-change,stratified,XML,4,4,175,176,51,51,true,51,0,0,0,0,0,0,102,0,0,0,0,0,0,0,51,51,0,0,0,0,0,0,0,0
xml-veracrypt-veracrypt-version-string,full,XML,1699,1699,331680,331680,40844,40844,true,40837,0,7,0,0,0,0,81674,0,14,0,0,0,0,0,40844,40844,0,0,0,0,0,0,0,0
yaml-ansible-ansible-add-block-sequence,stratified,YAML,2,3,68,123,16,21,true,9,0,7,0,0,0,1,18,0,14,0,0,0,5,0,16,16,0,0,0,0,0,0,0,0
yaml-ansible-ansible-add-item-to-sequence,stratified,YAML,6,7,104,114,38,43,true,31,0,7,0,0,0,1,62,0,14,0,0,0,5,0,38,38,0,0,0,0,0,0,0,0
yaml-ansible-ansible-add-item-to-sequence-2,stratified,YAML,7,8,114,130,43,48,true,36,0,7,0,0,0,1,72,0,14,0,0,0,5,0,43,43,0,0,0,0,0,0,0,0
yaml-ansible-ansible-add-mapping-pair,stratified,YAML,3,4,67,83,25,33,true,21,0,4,0,0,0,1,42,0,8,0,0,0,8,0,25,25,0,0,0,0,0,0,0,0
yaml-ansible-ansible-add-two-sequence-items,small,YAML,38,40,1263,1367,269,279,true,256,0,13,0,0,0,2,512,0,26,0,0,0,10,0,269,269,0,0,0,0,0,0,0,0
yaml-ansible-ansible-change-in-string-scalar,stratified,YAML,2,2,100,99,16,16,true,5,1,10,0,0,0,0,10,2,20,0,0,0,0,0,16,16,0,0,0,0,0,0,0,0
yaml-ansible-ansible-double-quote-scalar-change-possible-treesitter-weakness,small,YAML,2533,2533,82823,82791,17457,17457,true,17441,0,16,0,0,0,0,34882,0,32,0,0,0,0,0,17457,17457,0,0,0,0,0,0,0,0
yaml-ansible-ansible-rename-string-scalar,stratified,YAML,3,3,126,134,17,17,true,9,1,7,0,0,0,0,18,2,14,0,0,0,0,0,17,17,0,0,0,0,0,0,0,0
yaml-ansible-ansible-version,stratified,YAML,2,2,83,83,16,16,true,5,1,10,0,0,0,0,10,2,20,0,0,0,0,0,16,16,0,0,0,0,0,0,0,0
yaml-arkq-bluez-alsa-version-string,full,YAML,170,170,4582,4582,875,875,true,855,1,19,0,0,0,0,1710,2,38,0,0,0,0,0,875,875,0,0,0,0,0,0,0,0
yaml-axios-axios-update-string-value,small,YAML,16,16,347,347,126,126,true,106,1,19,0,0,0,0,212,2,38,0,0,0,0,0,126,126,0,0,0,0,0,0,0,0
yaml-containers-skopeo-remove-one-block-pair,full,YAML,148,145,4709,4578,980,957,true,947,0,10,0,1,0,0,1894,0,20,0,23,0,0,0,957,957,0,0,0,0,0,0,0,0
yaml-draios-sysdig-const-string-url-change,full,YAML,8,8,483,483,77,77,true,66,0,11,0,0,0,0,132,0,22,0,0,0,0,0,77,77,0,0,0,0,0,0,0,0
yaml-draios-sysdig-string-url-change,full,YAML,8,8,1089,1089,97,97,true,78,0,19,0,0,0,0,156,0,38,0,0,0,0,0,97,97,0,0,0,0,0,0,0,0
yaml-draios-sysdig-string-url-change-2,full,YAML,8,8,936,936,97,97,true,82,0,15,0,0,0,0,164,0,30,0,0,0,0,0,97,97,0,0,0,0,0,0,0,0
yaml-draios-sysdig-string-url-change-3,full,YAML,8,8,537,537,77,77,true,66,0,11,0,0,0,0,132,0,22,0,0,0,0,0,77,77,0,0,0,0,0,0,0,0
yaml-draios-sysdig-string-url-change-4,full,YAML,8,8,990,990,97,97,true,80,0,17,0,0,0,0,160,0,34,0,0,0,0,0,97,97,0,0,0,0,0,0,0,0
yaml-gyulyvgc-sniffnet-version,stratified,YAML,9,9,170,171,63,63,true,45,2,16,0,0,0,0,90,4,32,0,0,0,0,0,63,63,0,0,0,0,0,0,0,0
yaml-jekyll-jekyll-true-to-false,stratified,YAML,5,5,161,160,47,47,true,39,1,7,0,0,0,0,78,2,14,0,0,0,0,0,47,47,0,0,0,0,0,0,0,0
yaml-junegunn-fzf-version-upgrade,small,YAML,17,17,292,292,125,125,true,105,1,19,0,0,0,0,210,2,38,0,0,0,0,0,125,125,0,0,0,0,0,0,0,0
yaml-kbudde-rabbitmq_exporter-string-url-change,full,YAML,57,57,1332,1332,390,390,true,370,1,19,0,0,0,0,740,2,38,0,0,0,0,0,390,390,0,0,0,0,0,0,0,0
yaml-manugarg-pacparser-string-url-change,full,YAML,28,28,985,985,211,211,true,190,2,19,0,0,0,0,380,4,38,0,0,0,0,0,211,211,0,0,0,0,0,0,0,0
yaml-mastodon-mastodon-add-block-pair-translation,small,YAML,197,201,9873,10231,1529,1562,true,1513,0,16,0,0,0,1,3026,0,32,0,0,0,33,0,1529,1529,0,0,0,0,0,0,0,0
yaml-mastodon-mastodon-delete-one-pair,stratified,YAML,408,407,30329,30294,3199,3191,true,3175,0,16,0,1,0,0,6350,0,32,0,8,0,0,0,3191,3191,0,0,0,0,0,0,0,0
yaml-mastodon-mastodon-remove-one-translation,stratified,YAML,383,382,23917,23880,3001,2993,true,2977,0,16,0,1,0,0,5954,0,32,0,8,0,0,0,2993,2993,0,0,0,0,0,0,0,0
yaml-mastodon-mastodon-remove-translation,stratified,YAML,1889,1888,89314,89276,15029,15021,true,15008,0,13,0,1,0,0,30016,0,26,0,8,0,0,0,15021,15021,0,0,0,0,0,0,0,0
yaml-mastodon-remove-one-pair,small,YAML,939,938,35862,35836,7416,7408,true,7398,0,10,0,1,0,0,14796,0,20,0,8,0,0,0,7408,7408,0,0,0,0,0,0,0,0
yaml-mozilla-pdf-single-value-update,small,YAML,42,42,950,950,269,269,true,249,1,19,0,0,0,0,498,2,38,0,0,0,0,0,269,269,0,0,0,0,0,0,0,0
yaml-n8n-io-n8n-add-performance-check-to-ci-config,small,YAML,175,188,6701,7260,1036,1102,true,1005,0,31,0,0,4,2,2010,0,62,0,0,4,62,0,1036,1036,0,0,0,0,0,0,0,0
yaml-puppeteer-puppeteer-false-to-true,stratified,YAML,5,5,299,298,47,47,true,39,1,7,0,0,0,0,78,2,14,0,0,0,0,0,47,47,0,0,0,0,0,0,0,0
yaml-python-xmp-toolkit-python-xmp-toolkit-insert-two-values-to-a-slice,full,YAML,59,59,1892,1908,335,345,true,316,0,19,0,0,0,4,632,0,38,0,0,0,10,0,335,335,0,0,0,0,0,0,0,0
yaml-twbs-bootstrap-remove-v-semicolon-from-version-numbers,small,YAML,56,56,1261,1165,605,381,true,315,0,66,224,0,0,0,630,0,132,224,0,0,0,0,381,253,0,0,128,0,0,0,0,0
yaml-twbs-bootstrap-version-pin-with-comment,small,YAML,43,43,776,870,278,280,true,251,2,25,0,0,2,0,502,4,50,0,0,2,0,0,278,278,0,0,0,0,0,0,0,0
