language,size_bucket,repository,commit,path,loc_before,loc_after,loc_combined,bytes_before,bytes_after,ast_nodes_before,ast_nodes_after,status,elapsed_ms
JSON,0-10,AdaCore-prettier-ada,524734e99e9e3de872d8bb5d45388deb3405c88c,testsuite/test_programs/.vscode/settings.json,3,3,6,57,52,14,14,ok,0.127159
JSON,0-10,FedoraQt-adwaita-qt,246e2691218e3406ddf628c3125c8663f085765e,src/style/adwaita.json,1,1,2,42,95,22,32,ok,0.32930600000000004
JSON,0-10,FedoraQt-adwaita-qt,9d89612657a7ddb3d6391f9fa458788d7374d352,src/style/adwaita.json,1,1,2,136,152,42,47,ok,0.6795370000000001
JSON,0-10,FortAwesome-Font-Awesome,b476ed9aeef6ff16accd275eca515d4e08c3e724,svg-full-objects/regular/square-check.json,1,1,2,670,670,62,62,ok,1.253748
JSON,0-10,FortAwesome-Font-Awesome,b476ed9aeef6ff16accd275eca515d4e08c3e724,svg-full-objects/solid/check-square.json,1,1,2,517,505,62,62,ok,1.248628
JSON,0-10,FortAwesome-Font-Awesome,b476ed9aeef6ff16accd275eca515d4e08c3e724,svg-full-objects/solid/check-to-slot.json,1,1,2,768,766,56,56,ok,1.0319070000000001
JSON,0-10,FortAwesome-Font-Awesome,b476ed9aeef6ff16accd275eca515d4e08c3e724,svg-full-objects/solid/clipboard-check.json,1,1,2,705,701,52,52,ok,0.861085
JSON,0-10,FreshRSS-FreshRSS,1c92d55917029d291d00009b674d8552934a69ec,p/themes/Flat/metadata.json,8,8,16,190,185,74,74,ok,1.492996
JSON,0-10,Governikus-AusweisApp,7e84e665cf04f2ee4cbc61694b22ebc5bd57f0c3,src/card/simulator/metadata.json,4,4,8,67,67,24,24,ok,0.27373600000000003
JSON,0-10,Governikus-AusweisApp,e8349193a251350094b1db1153d7673dfc1c9805,src/card/smart/metadata.json,4,4,8,61,63,24,24,ok,0.235341
JSON,0-10,JasonLG1979-gnome-shell-extension-weather-in-the-clock,5625730665ac86a68394802031f8593fd2acb83e,weatherintheclock@JasonLG1979.github.io/metadata.json,8,8,16,291,303,72,72,ok,1.350414
JSON,0-10,JasonLG1979-gnome-shell-extension-weather-in-the-clock,9a40c2535015752fc9e40823c4a1a1affbfda160,weatherintheclock@JasonLG1979.github.io/metadata.json,8,8,16,372,378,82,87,ok,1.891497
JSON,0-10,OmniSharp-omnisharp-roslyn,0ae5d3bbd39288fdd630115dead182d126399d74,global.json,6,6,12,110,110,34,34,ok,0.544493
JSON,0-10,OmniSharp-omnisharp-roslyn,0ae5d3bbd39288fdd630115dead182d126399d74,test-assets/test-projects/Net90Project/global.json,5,5,10,51,51,23,23,ok,0.257809
JSON,0-10,OmniSharp-omnisharp-roslyn,3f73918e388bd3fc7e85fd444000a481f303b381,test-assets/test-projects/global.netfx.json,6,6,12,89,111,34,34,ok,0.586463
JSON,0-10,OmniSharp-omnisharp-roslyn,572dfdda87089ee2acfad31bd037d0c91c3753f3,global.json,6,6,12,106,111,34,34,ok,0.504049
JSON,0-10,OmniSharp-omnisharp-roslyn,acbd1945db63ec2188e611bc5af78e05acd69d61,test-assets/test-projects/Net90Project/global.json,5,5,10,51,52,23,23,ok,0.255771
JSON,0-10,OmniSharp-omnisharp-roslyn,f2cada069abddeed61e5ad510047a3f98fd7362f,test-assets/test-projects/Net70Project/global.json,5,5,10,51,52,23,23,ok,0.268762
JSON,0-10,apache-echarts.git,e09c9d2aad208469035f6ad0a022954e890dde78,test/runTest/actions/bar2.json,1,1,2,2777,2825,2056,2094,timed_out,
JSON,0-10,apache-echarts.git,e09c9d2aad208469035f6ad0a022954e890dde78,test/runTest/actions/drag-out.json,1,1,2,31280,31275,23456,23456,timed_out,
JSON,0-10,aws-session-manager-plugin,41c35d18e918b812deeb5984ee28d8ec1bba25fd,vendor/src/github.com/aws/aws-sdk-go/aws/credentials/ssocreds/testdata/custom_cached_token.json,4,4,8,26,95,13,25,ok,0.248746
JSON,0-10,aws-session-manager-plugin,41c35d18e918b812deeb5984ee28d8ec1bba25fd,vendor/src/github.com/aws/aws/credentials/ssocreds/testdata/b5f90cb535abf87a12eb4c57db2b1e837e229ea0.json,4,4,8,26,95,13,25,ok,0.168179
JSON,0-10,aws-session-manager-plugin,65f138796cbd71079ed9123f7758d26e82980032,vendor/src/github.com/aws/aws-sdk-go/models/apis/account/2021-02-01/defaults-1.json,4,4,8,21,21,13,13,ok,0.141305
JSON,0-10,aws-session-manager-plugin,65f138796cbd71079ed9123f7758d26e82980032,vendor/src/github.com/aws/aws-sdk-go/models/apis/apigatewayv2/2018-11-29/paginators-1.json,4,3,7,53,24,22,13,ok,0.232977
JSON,0-10,bats-core-bats-assert,f59d97bd3cdff25d1689c855023d913bcffa1efc,package.json,8,8,16,175,175,53,53,ok,0.973543
JSON,0-10,beschulz-wav2json,6cb3d587a51926e0490b9dd2bc31a13de292e59f,examples/test2.json,9,9,18,19217,19117,9668,9668,timed_out,
JSON,0-10,cloudflare-cloudflare-python,02d7cbbe9c1ca22e155e45703e1c3403780d6c34,.release-please-manifest.json,3,3,6,18,18,14,14,ok,0.129542
JSON,0-10,cloudflare-cloudflare-python,fc6ca90779cd230dc06445ba42e4c540da186ce0,.release-please-manifest.json,3,3,6,18,18,14,14,ok,0.13186900000000001
JSON,0-10,datreeio-datree,9ba67d42c5ca57d97d456b577f82513ed1249550,pkg/evaluation/printer_test_expected_outputs/json_output.json,1,1,2,2407,2539,710,742,ok,672.7776279999999
JSON,0-10,dirkvdb-ffmpegthumbnailer,8a157a4790c3b2a8dab2e92db6a186d6102a6907,.vscode/settings.json,5,8,13,157,216,36,56,ok,0.598503
JSON,0-10,dotnet-script-dotnet-script,ed4b9c6424a9d9eca6c8ac4785cec12bab2c2f47,global.json,6,6,12,86,85,34,34,ok,0.493403
JSON,0-10,duplicati-duplicati,0d55faf96280275f0bacab3ca2f207f98e70d11d,Duplicati/Server/webroot/ngclient/package.json,9,9,18,186,186,67,67,ok,1.2253800000000001
JSON,0-10,fable-compiler-fable,3ca89a94523a2ebcda03739e908ce7acc7f22cf6,global.json,6,6,12,78,79,34,34,ok,0.571508
JSON,0-10,flightaware-dump1090,b5bcddcc680e38bdbb632ff60cc8ad329f138e9f,public_html/db/3.json,1,1,2,69740,72166,64309,66524,timed_out,
JSON,0-10,flightaware-dump1090,b5bcddcc680e38bdbb632ff60cc8ad329f138e9f,public_html/db/39.json,1,1,2,24240,25167,24245,25174,timed_out,
JSON,0-10,flightaware-dump1090,b5bcddcc680e38bdbb632ff60cc8ad329f138e9f,public_html/db/3C.json,1,1,2,38940,39380,38954,39394,timed_out,
JSON,0-10,flightaware-dump1090,b5bcddcc680e38bdbb632ff60cc8ad329f138e9f,public_html/db/7C2.json,1,1,2,40366,40477,43083,43203,timed_out,
JSON,0-10,flightaware-dump1090,b5bcddcc680e38bdbb632ff60cc8ad329f138e9f,public_html/db/A03.json,1,1,2,38205,38944,39311,40003,timed_out,
JSON,0-10,flightaware-dump1090,b5bcddcc680e38bdbb632ff60cc8ad329f138e9f,public_html/db/A0A.json,1,1,2,31946,32550,32765,33349,timed_out,
JSON,0-10,flightaware-dump1090,b5bcddcc680e38bdbb632ff60cc8ad329f138e9f,public_html/db/A17.json,1,1,2,26543,26982,27319,27754,timed_out,
JSON,0-10,flightaware-dump1090,b5bcddcc680e38bdbb632ff60cc8ad329f138e9f,public_html/db/A38.json,1,1,2,27471,29216,28561,30256,timed_out,
JSON,0-10,flightaware-dump1090,b5bcddcc680e38bdbb632ff60cc8ad329f138e9f,public_html/db/A41.json,1,1,2,22103,24370,22963,25176,timed_out,
JSON,0-10,flightaware-dump1090,b5bcddcc680e38bdbb632ff60cc8ad329f138e9f,public_html/db/A44.json,1,1,2,23037,25551,23663,26083,timed_out,
JSON,0-10,flightaware-dump1090,b5bcddcc680e38bdbb632ff60cc8ad329f138e9f,public_html/db/A4C.json,1,1,2,27254,28754,28428,29869,timed_out,
JSON,0-10,flightaware-dump1090,b5bcddcc680e38bdbb632ff60cc8ad329f138e9f,public_html/db/A5.json,1,1,2,40210,42093,39526,41297,timed_out,
JSON,0-10,flightaware-dump1090,b5bcddcc680e38bdbb632ff60cc8ad329f138e9f,public_html/db/A59.json,1,1,2,22301,22646,22957,23279,timed_out,
JSON,0-10,flightaware-dump1090,b5bcddcc680e38bdbb632ff60cc8ad329f138e9f,public_html/db/A5A.json,1,1,2,22219,22318,23020,23104,timed_out,
JSON,0-10,flightaware-dump1090,b5bcddcc680e38bdbb632ff60cc8ad329f138e9f,public_html/db/A5D.json,1,1,2,20413,20810,21153,21519,timed_out,
JSON,0-10,flightaware-dump1090,b5bcddcc680e38bdbb632ff60cc8ad329f138e9f,public_html/db/A72.json,1,1,2,26252,26778,27089,27611,timed_out,
JSON,0-10,flightaware-dump1090,b5bcddcc680e38bdbb632ff60cc8ad329f138e9f,public_html/db/A7E.json,1,1,2,26434,27352,27309,28189,timed_out,
JSON,0-10,flightaware-dump1090,b5bcddcc680e38bdbb632ff60cc8ad329f138e9f,public_html/db/A96.json,1,1,2,30675,31410,32081,32827,timed_out,
JSON,0-10,flightaware-dump1090,b5bcddcc680e38bdbb632ff60cc8ad329f138e9f,public_html/db/A9F.json,1,1,2,19588,20204,20262,20863,timed_out,
JSON,0-10,flightaware-dump1090,b5bcddcc680e38bdbb632ff60cc8ad329f138e9f,public_html/db/AAA.json,1,1,2,21662,22662,22532,23529,timed_out,
JSON,0-10,flightaware-dump1090,b5bcddcc680e38bdbb632ff60cc8ad329f138e9f,public_html/db/AC2.json,1,1,2,24489,24779,25601,25874,timed_out,
JSON,0-10,flightaware-dump1090,b5bcddcc680e38bdbb632ff60cc8ad329f138e9f,public_html/db/ACE.json,1,1,2,23730,23588,24361,24202,timed_out,
JSON,0-10,flightaware-dump1090,b5bcddcc680e38bdbb632ff60cc8ad329f138e9f,public_html/db/AD2.json,1,1,2,21728,22240,22386,22878,timed_out,
JSON,0-10,flightaware-dump1090,cad808e894e34ff89d098cfe7c08fec390025bda,public_html/db/40.json,1,1,2,76449,78792,72077,74278,timed_out,
JSON,0-10,flightaware-dump1090,cad808e894e34ff89d098cfe7c08fec390025bda,public_html/db/A02.json,1,1,2,37181,38349,38241,39414,timed_out,
JSON,0-10,flightaware-dump1090,cad808e894e34ff89d098cfe7c08fec390025bda,public_html/db/A2C.json,1,1,2,24487,24782,25403,25701,timed_out,
JSON,0-10,flightaware-dump1090,cad808e894e34ff89d098cfe7c08fec390025bda,public_html/db/A32.json,1,1,2,33411,33499,34748,34797,timed_out,
JSON,0-10,flightaware-dump1090,cad808e894e34ff89d098cfe7c08fec390025bda,public_html/db/A35.json,1,1,2,29071,29827,29913,30677,timed_out,
JSON,0-10,flightaware-dump1090,cad808e894e34ff89d098cfe7c08fec390025bda,public_html/db/A38.json,1,1,2,26931,27471,28048,28561,timed_out,
JSON,0-10,flightaware-dump1090,cad808e894e34ff89d098cfe7c08fec390025bda,public_html/db/A4E.json,1,1,2,30495,30892,31719,32119,timed_out,
JSON,0-10,flightaware-dump1090,cad808e894e34ff89d098cfe7c08fec390025bda,public_html/db/A73.json,1,1,2,21302,21285,22477,22446,timed_out,
JSON,0-10,flightaware-dump1090,cad808e894e34ff89d098cfe7c08fec390025bda,public_html/db/A85.json,1,1,2,19355,19298,20108,20048,timed_out,
JSON,0-10,flightaware-dump1090,cad808e894e34ff89d098cfe7c08fec390025bda,public_html/db/A87.json,1,1,2,18732,18673,19457,19386,timed_out,
JSON,0-10,flightaware-dump1090,cad808e894e34ff89d098cfe7c08fec390025bda,public_html/db/AA7.json,1,1,2,22658,22929,23521,23802,timed_out,
JSON,0-10,flightaware-dump1090,cad808e894e34ff89d098cfe7c08fec390025bda,public_html/db/AB1.json,1,1,2,28614,28796,29696,29867,timed_out,
JSON,0-10,flightaware-dump1090,cad808e894e34ff89d098cfe7c08fec390025bda,public_html/db/AD7.json,1,1,2,18568,20982,19370,21678,timed_out,
JSON,0-10,hardinfo2-hardinfo2,b0d6a05950e209c145671e4d79aa90ec7e73bf0d,data/blobs-update-version.json,1,1,2,49,49,25,25,ok,0.252114
JSON,0-10,jrnl-org-jrnl,a2f451f8a4e22f61394b909163b62bbec6df9204,package.json,5,5,10,55,55,23,23,ok,0.24428600000000003
JSON,0-10,jtheoof-swappy,689309b55a8d46ab0265edee9583e7607759339d,package.json,9,9,18,167,167,67,67,ok,1.346109
JSON,0-10,kellyjonbrazil-jc,36de08a6f8da5f703045d7d36d0075d076357d2b,tests/fixtures/generic/apt_get_sqq--sample.json,1,1,2,1403,1435,540,540,ok,103.668194
JSON,0-10,kellyjonbrazil-jc,6e49c87575a01c4e7f065a52478548eb4be1ef53,tests/fixtures/ubuntu-20.10/top-b-allfields.json,1,1,2,249577,306187,107854,136535,timed_out,
JSON,0-10,kellyjonbrazil-jc,6e49c87575a01c4e7f065a52478548eb4be1ef53,tests/fixtures/ubuntu-20.10/top-b-n1-streaming.json,1,1,2,52775,86441,27429,41480,timed_out,
JSON,0-10,kellyjonbrazil-jc,850917ada04eaef9f3f336ad7b5ed8a98d1f95b8,tests/fixtures/centos-7.7/df-h.json,1,1,2,1230,837,591,402,ok,82.474041
JSON,0-10,kellyjonbrazil-jc,d270ddc6cee04425f6aa6cfe9f20f324a0684255,tests/fixtures/osx-10.14.6/traceroute6.json,1,1,2,859,806,413,429,ok,133.686284
JSON,0-10,kellyjonbrazil-jc,ef2a2121b538c67cb0275aab31fd55b44047ee7c,tests/fixtures/centos-7.7/df.json,1,1,2,821,1122,402,514,ok,68.574804
JSON,0-10,knik0-faad2,673a22a3c7c33e96e2ff7aae7c4d2bc190dfbf92,properties.json,4,4,8,107,107,25,25,ok,0.245231
JSON,0-10,libgit2-libgit2,6297b6195ce6ae1c6d055740d26bca623efcf506,script/api-docs/package.json,6,7,13,85,113,34,45,ok,0.622971
JSON,0-10,lukasschwab-jsonfeed,bbcf70b343ca47e15a759452ddf573d0907f5a2e,docs/search.json,1,1,2,54748,50668,33802,33540,timed_out,
JSON,0-10,lxqt-qtermwidget,c53b18eb8f026c67d8d9e0ce9cf7f131fe010d34,lib/qtermwidget.json,8,8,16,189,189,69,69,ok,1.377838
JSON,0-10,matthewmcgarvey-selenium.cr,bfc8735fd61b78738e6166083accbb53c204f84a,docs/index.json,1,1,2,244249,234069,90079,88400,timed_out,
JSON,0-10,mirumee-google-i18n-address,285a23415c8dc6b9d3794d4e9b6fa61a5385905e,i18naddress/data/mx.json,1,1,2,6244,6245,2963,2963,timed_out,
JSON,0-10,mirumee-google-i18n-address,285a23415c8dc6b9d3794d4e9b6fa61a5385905e,i18naddress/data/ua.json,1,1,2,10363,10362,2522,2522,timed_out,
JSON,0-10,mirumee-google-i18n-address,33f37ad580eee2d31a4e693f99eda6c4e765bb43,i18naddress/data/pe.json,1,1,2,237,3194,95,1528,ok,50.212461
JSON,0-10,mirumee-google-i18n-address,33f37ad580eee2d31a4e693f99eda6c4e765bb43,i18naddress/data/ru.json,1,1,2,33049,33036,7499,7499,timed_out,
JSON,0-10,mirumee-google-i18n-address,3d7a5063cbd1d79c4bf8ec69bdb400968b629206,i18naddress/data/jp.json,1,1,2,7886,7879,3727,3727,timed_out,
JSON,0-10,mirumee-google-i18n-address,3d7a5063cbd1d79c4bf8ec69bdb400968b629206,i18naddress/data/mz.json,1,1,2,132,1298,79,706,ok,20.361811
JSON,0-10,mirumee-google-i18n-address,3d7a5063cbd1d79c4bf8ec69bdb400968b629206,i18naddress/data/vn.json,1,1,2,10643,10638,4188,4190,timed_out,
JSON,0-10,mirumee-google-i18n-address,6168082af17e8e5dce9162faf8955ec1f432ad29,i18naddress/data/es.json,1,1,2,6453,26996,3495,13938,timed_out,
JSON,0-10,mirumee-google-i18n-address,7e707c7bfa4b0c48a481c3ae185bfdf80b3c123d,i18naddress/data/au.json,1,1,2,1997,1833,800,800,ok,245.415763
JSON,0-10,mirumee-google-i18n-address,7e707c7bfa4b0c48a481c3ae185bfdf80b3c123d,i18naddress/data/ch.json,1,1,2,8447,253,4604,122,ok,193.02152
JSON,0-10,mirumee-google-i18n-address,bf3323cacb4c109cfc59abfb4d1e003685de04cf,i18naddress/data/ir.json,1,1,2,7312,7312,2131,2131,timed_out,
JSON,0-10,mirumee-google-i18n-address,bf3323cacb4c109cfc59abfb4d1e003685de04cf,i18naddress/data/kh.json,1,1,2,133,193,79,90,ok,2.612288
JSON,0-10,mirumee-google-i18n-address,ca24aa4257bf9b6865c60a1f20dd5faa65bf05f6,i18naddress/data/co.json,1,1,2,237,3837,112,1905,ok,77.33255199999999
JSON,0-10,mirumee-google-i18n-address,e4f58b9c0d762fcc1f01c75570216362c9ede9a9,i18naddress/data/bt.json,1,1,2,189,181,90,90,ok,2.963299
JSON,0-10,mongrel2-mongrel2,9b5ec4a775e4b5d10c775a6247564532b3d0e0b9,docs/site/global.json,8,8,16,215,218,69,69,ok,1.1840119999999998
JSON,0-10,pachoramos-pch-session,14587e95f77a74c1f5b0677e0505771c44a11215,usr/share/gnome-shell/modes/pch-classic.json,4,4,8,481,518,73,78,ok,1.6848589999999999
JSON,0-10,pachoramos-pch-session,40df72745622a4ad9e86a6edc9749695959a4ac9,usr/share/gnome-shell/modes/pch.json,4,4,8,369,420,58,63,ok,1.112579
JSON,0-10,pachoramos-pch-session,9e666df1a5e5693c6cad7239af92f3fc3a3d244c,usr/share/gnome-shell/modes/pch.json,4,4,8,420,369,63,58,ok,1.166636
JSON,0-10,pachoramos-pch-session,c7d8f4b2e6fe032df7286bb266fceaf978ff9151,usr/share/gnome-shell/modes/pch-classic.json,4,4,8,556,505,83,78,ok,1.945965
JSON,0-10,phoronix-test-suite-phoronix-test-suite,9c96e22e1a810605cf701119045e1141a16c86cb,ob-cache/test-profiles/pts/axs2mlperf-1.0.0/generated.json,1,1,2,1655,1660,552,552,ok,186.904898
JSON,0-10,phoronix-test-suite-phoronix-test-suite,9c96e22e1a810605cf701119045e1141a16c86cb,ob-cache/test-profiles/pts/blogbench-1.1.0/generated.json,1,1,2,3118,3086,1214,1214,ok,932.937412
JSON,0-10,phoronix-test-suite-phoronix-test-suite,9c96e22e1a810605cf701119045e1141a16c86cb,ob-cache/test-profiles/pts/cassandra-1.1.1/changelog.json,1,1,2,734,834,200,231,ok,15.603997999999999
JSON,0-10,phoronix-test-suite-phoronix-test-suite,9c96e22e1a810605cf701119045e1141a16c86cb,ob-cache/test-profiles/pts/cl-mem-1.0.1/generated.json,1,1,2,3991,3994,1751,1751,timed_out,
JSON,0-10,phoronix-test-suite-phoronix-test-suite,9c96e22e1a810605cf701119045e1141a16c86cb,ob-cache/test-profiles/pts/compilebench-1.0.3/generated.json,1,1,2,7475,7499,2907,2937,timed_out,
JSON,0-10,phoronix-test-suite-phoronix-test-suite,9c96e22e1a810605cf701119045e1141a16c86cb,ob-cache/test-profiles/pts/compress-zstd-1.5.0/generated.json,1,1,2,17287,17621,6851,6966,timed_out,
JSON,0-10,phoronix-test-suite-phoronix-test-suite,9c96e22e1a810605cf701119045e1141a16c86cb,ob-cache/test-profiles/pts/dav1d-1.5.0/changelog.json,1,1,2,2008,2527,554,709,ok,132.736992
JSON,0-10,phoronix-test-suite-phoronix-test-suite,9c96e22e1a810605cf701119045e1141a16c86cb,ob-cache/test-profiles/pts/dav1d-1.5.0/generated.json,1,1,2,5895,5885,2394,2394,timed_out,
JSON,0-10,phoronix-test-suite-phoronix-test-suite,9c96e22e1a810605cf701119045e1141a16c86cb,ob-cache/test-profiles/pts/deepspeech-1.0.0/generated.json,1,1,2,3653,3653,1286,1286,timed_out,
JSON,0-10,phoronix-test-suite-phoronix-test-suite,9c96e22e1a810605cf701119045e1141a16c86cb,ob-cache/test-profiles/pts/dow3-1.0.1/generated.json,1,1,2,34862,35228,12972,12972,timed_out,
JSON,0-10,phoronix-test-suite-phoronix-test-suite,9c96e22e1a810605cf701119045e1141a16c86cb,ob-cache/test-profiles/pts/encode-ape-1.4.0/generated.json,1,1,2,1372,1372,568,573,ok,196.147043
JSON,0-10,phoronix-test-suite-phoronix-test-suite,9c96e22e1a810605cf701119045e1141a16c86cb,ob-cache/test-profiles/pts/etcpak-1.1.0/generated.json,1,1,2,6508,6683,2332,2372,timed_out,
JSON,0-10,phoronix-test-suite-phoronix-test-suite,9c96e22e1a810605cf701119045e1141a16c86cb,ob-cache/test-profiles/pts/himeno-1.3.0/generated.json,1,1,2,2067,2073,701,701,ok,285.55044499999997
JSON,0-10,phoronix-test-suite-phoronix-test-suite,9c96e22e1a810605cf701119045e1141a16c86cb,ob-cache/test-profiles/pts/idle-power-usage-1.0.0/generated.json,1,1,2,15,1564,13,557,ok,2.112672
JSON,0-10,phoronix-test-suite-phoronix-test-suite,9c96e22e1a810605cf701119045e1141a16c86cb,ob-cache/test-profiles/pts/intel-tensorflow-1.0.0/generated.json,1,1,2,15,19585,13,7606,ok,37.331136
JSON,0-10,phoronix-test-suite-phoronix-test-suite,9c96e22e1a810605cf701119045e1141a16c86cb,ob-cache/test-profiles/pts/interbench-1.0.2/generated.json,1,1,2,31267,31344,13136,13136,timed_out,
JSON,0-10,phoronix-test-suite-phoronix-test-suite,9c96e22e1a810605cf701119045e1141a16c86cb,ob-cache/test-profiles/pts/jpegxl-decode-1.5.0/generated.json,1,1,2,2718,2722,1108,1108,ok,805.0324760000001
JSON,0-10,phoronix-test-suite-phoronix-test-suite,9c96e22e1a810605cf701119045e1141a16c86cb,ob-cache/test-profiles/pts/lammps-1.1.0/changelog.json,1,1,2,948,1051,251,282,ok,23.552183
JSON,0-10,phoronix-test-suite-phoronix-test-suite,9c96e22e1a810605cf701119045e1141a16c86cb,ob-cache/test-profiles/pts/leveldb-1.1.0/generated.json,1,1,2,249,17933,136,6650,ok,426.201524
JSON,0-10,phoronix-test-suite-phoronix-test-suite,9c96e22e1a810605cf701119045e1141a16c86cb,ob-cache/test-profiles/pts/luajit-1.1.0/generated.json,1,1,2,4376,4389,1813,1813,timed_out,
JSON,0-10,phoronix-test-suite-phoronix-test-suite,9c96e22e1a810605cf701119045e1141a16c86cb,ob-cache/test-profiles/pts/minife-1.0.0/generated.json,1,1,2,1564,1550,573,573,ok,195.809268
JSON,0-10,phoronix-test-suite-phoronix-test-suite,9c96e22e1a810605cf701119045e1141a16c86cb,ob-cache/test-profiles/pts/mrbayes-1.4.0/generated.json,1,1,2,1842,1842,726,726,ok,292.788567
JSON,0-10,phoronix-test-suite-phoronix-test-suite,9c96e22e1a810605cf701119045e1141a16c86cb,ob-cache/test-profiles/pts/nero2d-1.1.0/generated.json,1,1,2,1859,1853,748,748,ok,307.18246700000003
JSON,0-10,phoronix-test-suite-phoronix-test-suite,9c96e22e1a810605cf701119045e1141a16c86cb,ob-cache/test-profiles/pts/network-loopback-1.0.3/generated.json,1,1,2,1347,1378,592,597,ok,216.57999
JSON,0-10,phoronix-test-suite-phoronix-test-suite,9c96e22e1a810605cf701119045e1141a16c86cb,ob-cache/test-profiles/pts/node-web-tooling-1.0.1/generated.json,1,1,2,1333,1343,578,578,ok,203.957313
JSON,0-10,phoronix-test-suite-phoronix-test-suite,9c96e22e1a810605cf701119045e1141a16c86cb,ob-cache/test-profiles/pts/openvino-1.0.4/changelog.json,1,1,2,623,1083,158,282,ok,14.936307
JSON,0-10,phoronix-test-suite-phoronix-test-suite,9c96e22e1a810605cf701119045e1141a16c86cb,ob-cache/test-profiles/pts/openvkl-1.1.0/changelog.json,1,1,2,205,425,65,127,ok,2.766665
JSON,0-10,phoronix-test-suite-phoronix-test-suite,9c96e22e1a810605cf701119045e1141a16c86cb,ob-cache/test-profiles/pts/realsr-ncnn-1.0.0/generated.json,1,1,2,3170,3163,1259,1259,ok,976.3340820000001
JSON,0-10,phoronix-test-suite-phoronix-test-suite,9c96e22e1a810605cf701119045e1141a16c86cb,ob-cache/test-profiles/pts/rocksdb-1.1.0/generated.json,1,1,2,10703,10723,3986,3996,timed_out,
JSON,0-10,phoronix-test-suite-phoronix-test-suite,9c96e22e1a810605cf701119045e1141a16c86cb,ob-cache/test-profiles/pts/spark-1.0.1/generated.json,1,1,2,34685,34597,13111,13131,timed_out,
JSON,0-10,phoronix-test-suite-phoronix-test-suite,9c96e22e1a810605cf701119045e1141a16c86cb,ob-cache/test-profiles/pts/startup-time-1.4.1/generated.json,1,1,2,9527,9602,3305,3305,timed_out,
JSON,0-10,phoronix-test-suite-phoronix-test-suite,9c96e22e1a810605cf701119045e1141a16c86cb,ob-cache/test-profiles/pts/svt-av1-2.2.0/generated.json,1,1,2,4249,4259,1729,1729,timed_out,
JSON,0-10,phoronix-test-suite-phoronix-test-suite,9c96e22e1a810605cf701119045e1141a16c86cb,ob-cache/test-profiles/pts/tensorflow-lite-1.0.0/generated.json,1,1,2,9340,9335,3411,3411,timed_out,
JSON,0-10,phoronix-test-suite-phoronix-test-suite,9c96e22e1a810605cf701119045e1141a16c86cb,ob-cache/test-profiles/pts/tjbench-1.2.0/generated.json,1,1,2,1963,1974,713,718,ok,292.085577
JSON,0-10,phoronix-test-suite-phoronix-test-suite,9c96e22e1a810605cf701119045e1141a16c86cb,ob-cache/test-profiles/pts/xplane9-1.3.2/generated.json,1,1,2,6599,6587,3298,3298,timed_out,
JSON,0-10,phoronix-test-suite-phoronix-test-suite,9c96e22e1a810605cf701119045e1141a16c86cb,ob-cache/test-profiles/system/fio-1.9.5/generated.json,1,1,2,31597,32457,13036,13066,timed_out,
JSON,0-10,phoronix-test-suite-phoronix-test-suite,9c96e22e1a810605cf701119045e1141a16c86cb,ob-cache/test-profiles/system/gimp-1.1.3/generated.json,1,1,2,31639,32008,13251,13341,timed_out,
JSON,0-10,phoronix-test-suite-phoronix-test-suite,9c96e22e1a810605cf701119045e1141a16c86cb,ob-cache/test-profiles/system/octave-benchmark-1.0.1/generated.json,1,1,2,10151,16305,4412,7142,timed_out,
JSON,0-10,pirxthepilot-wtfis,d039238c035f363ef1199c657a087b84cdaae4c9,tests/test_data/ip2location_gist.json,1,1,2,741,902,333,399,ok,47.539409
JSON,0-10,vdr-projects-vdr-plugin-vdrmanager,c2ce599d38e1ea8027df0fb7b5b76d0d42432db5,vdrmanager/de.bjusystems.vdrmanager/release/output.json,1,1,2,220,282,116,137,ok,7.534107
JSON,10-30,Baldomo-open-in-mpv,048044e00145fcd1097df661d04592c0ced64185,extension/Chrome/manifest.json,25,25,50,490,490,177,177,ok,9.399077
JSON,10-30,Cyan4973-xxHash,cfba92131c3f3f57955787a5f9475143532e1cf0,clib.json,12,12,24,255,255,96,96,ok,2.3608029999999998
JSON,10-30,Drive-Trust-Alliance-sedutil,70ac2c4a77cd1f610c60a04f0a2d8a1087d39cbe,.vscode/c_cpp_properties.json,14,14,28,357,358,107,112,ok,6.0517970000000005
JSON,10-30,Extensions-Valhalla-gnome-bluetooth-quick-connect,17e9615270c3b740ed726caa080813449e41e2a5,metadata.json,14,11,25,436,406,99,84,ok,2.035328
JSON,10-30,Extensions-Valhalla-gnome-bluetooth-quick-connect,c7b40cbb22077cc0676d33ef0e1547faf19c9377,assets/metadata.json,12,12,24,538,544,104,109,ok,2.852435
JSON,10-30,Extensions-Valhalla-gnome-bluetooth-quick-connect,e58d66fe96d4ba661c839a6989de4f7fab90d5a9,assets/metadata.json,12,12,24,555,561,119,124,ok,3.773705
JSON,10-30,GPUOpen-Drivers-xgl,0387177d6143533c88ff0d5ac045bf3994ee618b,icd/api/appopt/shader_profiles/llpc/gfxIp10_3/generic/WarHammerIII/profile.json,16,16,32,234,237,70,70,ok,3.1930769999999997
JSON,10-30,GPUOpen-Drivers-xgl,5301cf5222c6b2b29dd9e66bd1346b3ea3da1866,icd/Loader/LunarG/Lnx/amd-icd.json,22,22,44,657,657,171,171,ok,11.540712
JSON,10-30,GPUOpen-Drivers-xgl,f6a447e31ae7c4583c765042071f48421269cfce,icd/Loader/LunarG/Lnx/amd-icd.json,22,22,44,657,657,171,171,ok,11.581724
JSON,10-30,Governikus-AusweisApp,0e6ed0e910e9d610146f02e4fcb9786dc5b94df7,ci/presets/bsd.json,12,12,24,153,150,59,59,ok,1.409265
JSON,10-30,HaxeFoundation-haxe-debian,46712500a9a0f434c6af02c17a3f5e842d6800a2,extra/haxelib_src/haxelib.json,11,11,22,320,307,128,133,ok,4.639623
JSON,10-30,HaxeFoundation-haxe-debian,b75902ff217bc50d861423a7b2ab78528a292b57,tests/server/.vscode/tasks.json,13,13,26,153,151,76,76,ok,2.805604
JSON,10-30,IBM-plex,03dea6f4809b5b8b8e3cc3afbedf825379d97900,packages/plex-math/package.json,21,21,42,414,422,142,142,ok,5.886967
JSON,10-30,IBM-plex,03dea6f4809b5b8b8e3cc3afbedf825379d97900,packages/plex-mono/package.json,21,21,42,414,422,142,142,ok,5.7733680000000005
JSON,10-30,IBM-plex,03dea6f4809b5b8b8e3cc3afbedf825379d97900,packages/plex-sans/package.json,21,21,42,414,422,142,142,ok,6.039809999999999
JSON,10-30,IBM-plex,0db68f1c2a44d8274a05694bfddcbdaa8fd45531,packages/plex-sans-devanagari/package.json,21,25,46,447,561,142,173,ok,7.091196999999999
JSON,10-30,IBM-plex,0db68f1c2a44d8274a05694bfddcbdaa8fd45531,packages/plex-sans-hebrew/package.json,21,25,46,435,549,142,173,ok,8.335002
JSON,10-30,IBM-plex,0db68f1c2a44d8274a05694bfddcbdaa8fd45531,packages/plex-sans-kr/package.json,21,25,46,423,537,142,173,ok,8.237955
JSON,10-30,IBM-plex,0db68f1c2a44d8274a05694bfddcbdaa8fd45531,packages/plex-sans-variable/package.json,13,17,30,308,422,92,123,ok,3.288831
JSON,10-30,IBM-plex,0db68f1c2a44d8274a05694bfddcbdaa8fd45531,packages/plex-sans/package.json,21,25,46,414,528,142,173,ok,8.100342999999999
JSON,10-30,IBM-plex,3ddca8c9e7258db38c540d844824a8c848b5a317,packages/plex-mono/package.json,27,27,54,601,593,183,183,ok,10.635306
JSON,10-30,IBM-plex,3ddca8c9e7258db38c540d844824a8c848b5a317,packages/plex-sans-condensed/package.json,27,27,54,631,623,183,183,ok,9.611713
JSON,10-30,IBM-plex,3ddca8c9e7258db38c540d844824a8c848b5a317,packages/plex-sans-jp/package.json,27,27,54,631,623,183,183,ok,9.716231
JSON,10-30,IBM-plex,609642078f330a2ac1feb8b0ae0498149845845d,packages/plex-sans-arabic/package.json,25,26,51,549,595,173,178,ok,9.558296
JSON,10-30,IBM-plex,66f529ace30941a4801eb12d9eec049bc9b335e5,packages/plex-sans-kr/package.json,27,27,54,631,631,183,183,ok,10.437754
JSON,10-30,IBM-plex,99b1c572a0f04dd67f8c08054403d9dc97a2260f,packages/plex-sans-kr/package.json,25,25,50,537,537,173,173,ok,9.397852
JSON,10-30,KRTirtho-spotube,3aca7372af8ae1b62a2ad657341331a5d310d678,.vscode/settings.json,28,29,57,757,816,154,165,ok,8.266386
JSON,10-30,NickvisionApps-Tagger,c051eff0b968864c53c4a34c58c0d32237e25d12,.config/dotnet-tools.json,12,12,24,155,155,62,62,ok,1.653353
JSON,10-30,PRATAP-KUMAR-Control_Blur_Effect_On_Lock_Screen,f5f2017ec0cdbf2f37a99733d466d277cc502dbb,metadata.json,17,18,35,483,500,111,119,ok,3.654686
JSON,10-30,PlotPyStack-guiqwt,372302671af629984eef6ead346449de0122ad44,.vscode/launch.json,23,29,52,798,960,153,175,ok,14.406356
JSON,10-30,RaphaelRochet-applications-overview-tooltip,3b39cbae7dd2c17f1d570cf369028cd1ecac4779,metadata.json,16,12,28,546,498,111,91,ok,2.7341990000000003
JSON,10-30,RaphaelRochet-applications-overview-tooltip,422f1133642fc945f1dd7f7414db19d006256f15,metadata.json,12,12,24,498,498,91,91,ok,2.2598420000000004
JSON,10-30,RaphaelRochet-applications-overview-tooltip,56e69d247d1cb4256588645969e9a9d64e1b9bd5,metadata.json,12,12,24,497,503,96,101,ok,2.644619
JSON,10-30,Seldaek-jsonlint,1748aaf847fc731cfad7725aec413ee46f0cc3a2,composer.json,29,29,58,752,753,249,249,ok,30.267796
JSON,10-30,Seldaek-jsonlint,6492a8f88809445d44ef0cb7c170d8ab520fc683,composer.json,24,29,53,595,755,207,249,ok,17.676623999999997
JSON,10-30,Seldaek-jsonlint,e87c55ce119e59fa1db9a1749ab10e24f5287cf9,composer.json,29,29,58,761,755,249,249,ok,22.076888
JSON,10-30,Skycoder42-QHotkey,c9cfd8fb6f0bf1f848f226306558e6ea1bfb1a89,qpm.json,22,22,44,569,569,170,170,ok,8.879094
JSON,10-30,aerospike-community-amc,684a01dc7280909d1e84d7c4890f930abd64579e,package.json,21,21,42,575,575,190,190,ok,11.705393999999998
JSON,10-30,ai-autoprefixer-rails,26a3bf14310c064d6e4b426a4752a6c28a7c43dc,build/package.json,27,27,54,676,677,236,236,ok,17.967085
JSON,10-30,ai-autoprefixer-rails,289834b84eeec7b9fd1c8e460a3fce9f8e7dc10a,build/package.json,27,27,54,676,676,236,236,ok,18.507165
JSON,10-30,alex1701c-krunner-vscodeprojects,30432a729bd3bc18dfe3555ae60eed3388f82a55,src/vscodeprojectsrunner.json,17,18,35,418,462,120,128,ok,6.426321
JSON,10-30,amireh-lua_cliargs,c20f038d07140272a59498bb59a68025e62539ba,doc/package.json,17,17,34,377,377,142,142,ok,5.626704
JSON,10-30,apache-echarts.git,65efa6645e1a3dd5a5626deda3a550efae02bf3e,test/runTest/marks/calendar-other-coord-sys.json,10,18,28,201,548,68,133,ok,3.3215950000000003
JSON,10-30,apache-echarts.git,65efa6645e1a3dd5a5626deda3a550efae02bf3e,test/runTest/marks/gauge.json,10,18,28,213,458,68,134,ok,3.26566
JSON,10-30,apache-echarts.git,65efa6645e1a3dd5a5626deda3a550efae02bf3e,test/runTest/marks/pie-label-alignTo.json,10,18,28,221,568,69,134,ok,3.301803
JSON,10-30,asmjit-asmjit,2ff454d41555d16d0759e4d0e95ade3c875b615e,.github/workflows/build-config.json,26,25,51,963,909,379,354,ok,66.73479999999999
JSON,10-30,astroband-ruby-xdr,33c99ca3153f4ccfcb013b001677dd0c19ffa6a8,.github/release-please-config.json,21,21,42,585,579,159,159,ok,7.364564
JSON,10-30,aws-session-manager-plugin,85e98e418e220aa0e351d48294df6a6ed51ac326,vendor/src/github.com/aws/aws-sdk-go/models/apis/ce/2017-10-25/paginators-1.json,24,29,53,602,756,180,222,ok,20.564841
JSON,10-30,aws-session-manager-plugin,85e98e418e220aa0e351d48294df6a6ed51ac326,vendor/src/github.com/aws/aws-sdk-go/models/apis/emr-serverless/2021-07-13/paginators-1.json,16,22,38,355,529,118,171,ok,10.525815000000001
JSON,10-30,awslabs-aws-c-auth,3281f8692e6fd10562c4585a4dded5c16b322698,tests/aws-signing-test-suite/v4/post-vanilla/context.json,12,12,24,319,318,91,91,ok,2.2303729999999997
JSON,10-30,beschulz-wav2json,1c8e6a8344830f60d7858903fb6dac142520661d,examples/test1.json,5,10,15,154,217,55,105,ok,2.231524
JSON,10-30,beschulz-wav2json,37e8ceda63cc85bb03e624d269a6dbdf52b3c646,examples/test1.json,9,10,19,408,431,212,220,ok,25.052031
JSON,10-30,beschulz-wav2json,37e8ceda63cc85bb03e624d269a6dbdf52b3c646,examples/test3.json,9,10,19,23149,23172,9668,9676,timed_out,
JSON,10-30,bitcoin-core-secp256k1,3af71987a8f18b96dd21d8a4642df6f9e6e4c9c7,CMakePresets.json,19,18,37,484,418,145,112,ok,10.570497
JSON,10-30,bvschaik-julius,7599749b1cced231b447e2b8f6d99b8c9db4551a,com.github.bvschaik.julius.json,28,27,55,719,642,176,165,ok,12.28304
JSON,10-30,cannatag-ldap3,59ed63eaeb6d020c54e979829642adf3bab62298,_version.json,11,11,22,367,367,102,102,ok,2.499463
JSON,10-30,catppuccin-cursors,fc88cfb1f01d8dc19849d4ccb331e1ade704afa4,release-please-config.json,28,28,56,1165,1190,471,471,ok,123.252183
JSON,10-30,cloudflare-cfssl,a8591c383218ee9869cbc152ebebf2502895cbdb,cli/testdata/csr.json,22,23,45,416,449,137,145,ok,8.928824
JSON,10-30,cwensley-pablodraw,002e496b311fe6202c88d0771fffe8f53bbea43e,.vscode/launch.json,27,27,54,1083,1107,179,179,ok,18.14791
JSON,10-30,dfu-programmer-dfu-programmer,3d264d6ce5a866403a21a37d2eed734b5fa1c2ee,.vscode/c_cpp_properties.json,11,11,22,213,194,83,78,ok,3.2400599999999997
JSON,10-30,dmbaturin-ocaml-tsort,47b7d85234b4178bb6ec3faf887170384d5efc1c,package.json,16,23,39,344,574,118,182,ok,7.409149
JSON,10-30,dotnet-script-dotnet-script,4cfcae0e76ce245be10d4678e95841ae3de71617,omnisharp.json,22,22,44,529,529,127,127,ok,5.515046
JSON,10-30,duplicati-duplicati,43f544b6ac686c2e3da2a3a7a9fe9f84d1ece11b,Duplicati/Server/webroot/ngclient/package-lock.json,22,22,44,587,587,164,164,ok,11.910713999999999
JSON,10-30,elisescu-tty-share,3c3993ca33f0113434ab466550f505a16d5c5092,server/frontend/package.json,22,22,44,511,511,195,195,ok,12.725976
JSON,10-30,energicryptocurrency-energi3,603f4503661ded95cefac35331106b069573caae,package.json,15,15,30,378,378,133,133,ok,5.862191999999999
JSON,10-30,fedoradesign-backgrounds,530b9a2d8ebcc61c57557f9d1e3bec8847496c71,default/f40-metadata.json,13,13,26,277,271,79,79,ok,2.883779
JSON,10-30,ful1e5-Bibata_Cursor,e96ec2e78f86399b5bd4cd85ead9f186618f9431,package.json,25,17,42,2440,1394,230,142,ok,12.259924999999999
JSON,10-30,ful1e5-BreezeX_Cursor,ce23b3500c69767b4e915c7b5476c53230500e2d,bitmapper/package.json,26,26,52,620,620,225,225,ok,14.920542
JSON,10-30,ful1e5-apple_cursor,0a83b95dc44789ae455fcd447b9fb0d64b68688e,bitmapper/package.json,25,25,50,579,579,214,214,ok,13.763039
JSON,10-30,ful1e5-apple_cursor,281bc18402cf625d2a9995641f59ced8ed0c59e4,bitmapper/package.json,15,16,31,301,358,111,122,ok,3.440503
JSON,10-30,ful1e5-apple_cursor,bdbbbd9d77f4242b6d55df348031c06fc0ac2637,bitmapper/packages/core/package.json,22,22,44,509,509,194,194,ok,11.024293
JSON,10-30,gitlab-org-cli,f8fdd33b51fdcaba4e8f355326064492fc8119de,scripts/commit-lint/package.json,15,15,30,342,342,132,132,ok,5.795997
JSON,10-30,gitlab-org-cli,ffaaedff206a88d0a26bf5d8858eaf1e30d30a7d,scripts/commit-lint/package.json,15,15,30,342,342,132,132,ok,5.7916870000000005
JSON,10-30,godotengine-godot.git,e4ba8c550fbafac94c8759b83f493273ab9923e2,thirdparty/icu4c/godot_data.json,11,13,24,235,283,30,33,ok,0.451078
JSON,10-30,googleapis-google-auth-library-python-httplib2,22f9dfc53f0d28e1469e27db94ca823ead7d7de8,.repo-metadata.json,13,13,26,488,545,122,123,ok,11.001617
JSON,10-30,googleapis-google-auth-library-python-httplib2,7f3a229ebaaefb258d9b8e3e315ccd0b98538098,renovate.json,12,12,24,353,387,93,98,ok,10.46621
JSON,10-30,home-sweet-gnome-dash-to-panel,4787d12180462f0c1c90d3f38ece5921e7e31b7a,metadata.json,13,13,26,929,935,127,132,ok,14.000815999999999
JSON,10-30,ietf-tools-idnits,11620ccdf0078c39b218ff891b9e4a3a91f70d75,jsconfig.json,19,19,38,332,334,118,118,ok,7.293296000000001
JSON,10-30,koalalorenzo-python-digitalocean,9717a6957681a6ca3617f6effd188a4b4d8bada3,digitalocean/tests/data/images/slug.json,17,17,34,324,319,107,107,ok,5.171819
JSON,10-30,koalalorenzo-python-digitalocean,d08837ce358936a42fdb520008a475f92de31332,digitalocean/tests/data/tags/single.json,11,20,31,143,281,57,108,ok,3.194138
JSON,10-30,languitar-autosuspend,bd48ca0b18ac2128018e3a5533877de04569fea9,package.json,10,10,20,268,268,78,78,ok,2.3497209999999997
JSON,10-30,lsp-plugins-lsp-plugins,c7742a88d4a5aea6c313ad249731791087b4c0c6,res/i18n/us/files.json,24,27,51,630,702,180,200,ok,14.226755
JSON,10-30,lsp-plugins-lsp-plugins,c7742a88d4a5aea6c313ad249731791087b4c0c6,res/i18n/us/titles.json,17,18,35,370,425,102,113,ok,3.380338
JSON,10-30,main-branch-track_open_instances,0fb9ce2cbac10a4efdf44d47bd0cf316d99fc410,release-please-config.json,22,23,45,615,672,150,161,ok,16.813354
JSON,10-30,neffo-bing-wallpaper-gnome-extension,33a35fc6e21515e0a12efe27699a322aaca48f80,metadata.json,10,10,20,1778,1778,143,143,ok,8.39643
JSON,10-30,neffo-bing-wallpaper-gnome-extension,b60475b3d9b8243985dd9dfd18d32ccfed87a8dd,metadata.json,10,10,20,1844,1844,142,142,ok,7.279257
JSON,10-30,neovim-tree-sitter-vimdoc,9f6191a98702edc1084245abd5523279d4b681fb,tree-sitter.json,26,26,52,584,580,180,180,ok,21.586058
JSON,10-30,nicolargo-glances,50818213b1876314d7817d68c57482911551f941,docker-files/docker-logger.json,22,24,46,959,896,398,398,ok,72.086313
JSON,10-30,nicolargo-glances,50818213b1876314d7817d68c57482911551f941,glances/outputs/static/js/uiconfig.json,24,16,40,362,225,111,111,ok,3.6001060000000003
JSON,10-30,paulmcauley-klassy,5716cf22920abc51232dea9fae0d234b2ea7e696,look-and-feel/org.kde.klassykisweetdarkbottompanel.desktop/metadata.json,18,18,36,574,580,133,133,ok,7.221265
JSON,10-30,php-fig-log,4165cf6c29d0b7f34807590b2718caf483e8b1f7,composer.json,26,26,52,562,562,186,186,ok,12.300258
JSON,10-30,php-fig-log,4f25c9a93cb58545ca71f3b68c13bac2a5d27b53,composer.json,26,26,52,557,555,186,186,ok,12.286043999999999
JSON,10-30,pop-os-shell,5b7afc619721ff866507c72b95d65e15a252a1d9,tsconfig.json,22,24,46,497,567,145,167,ok,8.000874999999999
JSON,10-30,popcorn-official-popcorn-desktop,09d8f92798598f8af3f943de580ba3c58b96fe69,packages/translator/package.json,26,27,53,545,573,212,223,ok,14.838435
JSON,10-30,popcorn-official-popcorn-desktop,0b93901a720dfb75cf354e8feea9cd0b3a174f10,packages/translator/package.json,27,27,54,573,573,223,223,ok,15.52356
JSON,10-30,popcorn-official-popcorn-desktop,96f35d9d5fb176e2416c175a99e8ae28a5b7214f,packages/popcorntime-ui/components.json,20,20,40,480,453,165,165,ok,8.444875
JSON,10-30,popcorn-official-popcorn-desktop,96f35d9d5fb176e2416c175a99e8ae28a5b7214f,packages/typescript-config/base.json,20,20,40,524,492,174,174,ok,10.736493999999999
JSON,10-30,ppvan-psequel,5d889bbe17d15d0641a90aae9768c91d303dbd21,.vscode/settings.json,16,21,37,620,778,115,150,ok,4.707985
JSON,10-30,ppvan-psequel,74b995adc2cde2709ab30e757f1bf5bfc52c4a00,.vscode/settings.json,6,17,23,153,652,41,134,ok,1.363396
JSON,10-30,ppvan-psequel,8d4f87460a4ee4ef14223f8f5931b3a0c236bfbf,.vscode/settings.json,17,12,29,652,354,134,82,ok,3.035742
JSON,10-30,prometheus-prometheus,63fb211946a4c6ae33ac32626eab39027838cace,web/ui/package.json,27,27,54,715,715,224,224,ok,16.164247
JSON,10-30,prometheus-prometheus,73b1fda131d7d4aa94160ad1f788e0f13d7e6a02,web/ui/package.json,27,27,54,720,715,224,224,ok,16.186322
JSON,10-30,prometheus-prometheus,7477dabcdf237f3abc41d7d780f0042f71ac4a6d,web/ui/package.json,27,27,54,715,715,224,224,ok,17.385909
JSON,10-30,prometheus-prometheus,7739353f5d8176ebc4c46668aea5de88518e3302,web/ui/package.json,27,27,54,715,715,224,224,ok,16.946075
JSON,10-30,prometheus-prometheus,7bbce150b4467740e16eada79fbe0fe20e60df81,web/ui/package.json,27,27,54,715,715,224,224,ok,16.129122
JSON,10-30,prometheus-prometheus,decde0b3648ad9ececb868a8b7a3e298db0cbf4b,web/ui/package.json,27,27,54,720,720,224,224,ok,16.868937
JSON,10-30,prometheus-prometheus.git,65b1cd5ae20fb08c372ea25cce8c142ea8196e29,web/ui/package.json,27,27,54,720,715,224,224,ok,16.898979
JSON,10-30,prometheus-prometheus.git,b392caf256d7ed36980992496c8a6274e5557d36,web/ui/package.json,27,27,54,715,715,224,224,ok,16.549474
JSON,10-30,prometheus-prometheus.git,dfb24f4ba0b2d9b2a7006797b0aaf435a94372af,web/ui/package.json,27,27,54,720,720,224,224,ok,18.056085
JSON,10-30,rails-web-console,909140c7f17db04cb362d117ad81f45734e96179,test/templates/package.json,13,13,26,250,251,98,98,ok,2.98219
JSON,10-30,rails-web-console,ecd5d1d85420c651e637b6b0543250855521c9c4,test/templates/package.json,13,13,26,251,252,98,98,ok,3.007599
JSON,10-30,retrontology-sup2srt,8a0f3523161998fc991364d947a53f82a70412e8,.vscode/launch.json,12,13,25,286,343,81,95,ok,3.772482
JSON,10-30,rmagick-rmagick,fd2f372299a2c0882f4b7a68df0d5610af37fdcf,.devcontainer/devcontainer.json,11,11,22,215,215,76,76,ok,2.124173
JSON,10-30,sadko4u-lsp-plugins,c7742a88d4a5aea6c313ad249731791087b4c0c6,res/i18n/default/titles.json,17,18,35,370,425,102,113,ok,2.633668
JSON,10-30,sarugaku-resolvelib,638c3dfc8af1ba2b32b420eef3f58b64839871b7,tests/functional/python/inputs/case/backjump-test-1.json,15,18,33,249,291,114,137,ok,5.423324999999999
JSON,10-30,sarugaku-resolvelib,638c3dfc8af1ba2b32b420eef3f58b64839871b7,tests/functional/python/inputs/case/backjump-test-2.json,17,20,37,271,313,136,159,ok,8.964485
JSON,10-30,skorokithakis-catt,9e557e2c6c607b30df41f2a77e0bec11e2fb1a7d,release-please-config.json,15,11,26,512,277,167,70,ok,6.139907
JSON,10-30,slusarz-dovecot-fts-flatcurve,db9e4160d7030c1933827b089f949b77898dbdf6,package.json,13,13,26,295,296,98,98,ok,4.2817430000000005
JSON,10-30,slusarz-dovecot-fts-flatcurve,f8fdfd3e2228a4f67598565ac74f6f35743ec84c,package.json,13,13,26,296,296,98,98,ok,5.7542729999999995
JSON,10-30,sonnyp-junction,67b09213924fcc4ee253c5f5ea09fd0d40ea932b,.vscode/settings.json,14,14,28,389,390,98,98,ok,3.6529890000000003
JSON,10-30,sonnyp-junction,cbbf8d6a83411e0b35d1527a4c3e855c4c8a90d0,package.json,21,21,42,512,488,170,170,ok,13.086058
JSON,10-30,source-foundry-Hack,5bb8810b1538459bc7cadbd212f252caefa70b36,package.json,14,14,28,387,387,109,109,ok,4.035267999999999
JSON,10-30,source-foundry-Hack,95335158347574b5a2257b6ae4adb38ffb3495c9,package.json,14,14,28,387,387,109,109,ok,3.344932
JSON,10-30,standardml-twelf,3640c702c30592a5567597cbb5fd63638433add9,wiki/package.json,22,22,44,564,565,197,197,ok,13.576374000000001
JSON,10-30,standardnotes-app,a9021bd4a60526880478edae2c2aa89bf2fd1a8c,packages/releases/package.json,26,26,52,646,646,215,215,ok,14.200617000000001
JSON,10-30,steveicarus-iverilog,1c6f0e768ac811421764fcd3120540c90395d270,ivtest/vvp_tests/br_gh1143h.json,6,10,16,118,197,50,80,ok,1.168074
JSON,10-30,stuarthayhurst-alphabetical-grid-extension,332902496d36407c074d0ad2593a92c661bffccb,extension/metadata.json,16,16,32,507,513,132,137,ok,4.965597000000001
JSON,10-30,stuarthayhurst-alphabetical-grid-extension,d7dc2cd9952bc7208beec6f1a166a1647af45a5e,extension/metadata.json,16,16,32,505,501,127,127,ok,4.274102999999999
JSON,10-30,stuarthayhurst-alphabetical-grid-extension,ec2cdbaa618d0eb6c9e0aaea1f24ea286afc696e,extension/metadata.json,16,16,32,501,501,127,127,ok,4.2626
JSON,10-30,symfony-finder,14e58598f6ef38f61870c89f820f6e223d25f9a6,composer.json,28,28,56,698,696,205,205,ok,14.920556999999999
JSON,10-30,tree-sitter-grammars-tree-sitter-query,0555ac0da902abff06076e40501102cee3ba68bd,tree-sitter.json,28,28,56,594,594,180,180,ok,15.505395
JSON,10-30,tree-sitter-grammars-tree-sitter-query,60e253d3c9d6b1131a0f75c85e4bdcc9a48d5b42,tree-sitter.json,28,28,56,594,594,180,180,ok,15.700842
JSON,10-30,tree-sitter-grammars-tree-sitter-vim,3dd4747082d1b717b8978211c06ef7b6cd16125b,tree-sitter.json,26,26,52,575,575,180,180,ok,16.38664
JSON,10-30,troydhanson-uthash,e493aa90a2833b4655927598f169c31cfcdf7861,package.json,28,28,56,407,407,135,135,ok,5.3345270000000005
JSON,10-30,uyha-tree-sitter-cmake,3175c3f5fdccfec8d3e506f6d95b485cbd6f93fb,package.json,23,23,46,420,420,151,151,ok,7.628431
JSON,10-30,uyha-tree-sitter-cmake,3dfc596025431b21e839d392c171f6f97c2a4258,package.json,23,23,46,420,420,151,151,ok,7.677350000000001
JSON,10-30,vaidik-commentjson,9d34d8a58673ac8754e938d5de4071e63fec4ebd,commentjson/tests/inline_has_special_characters-commented.json,9,16,25,184,419,69,108,ok,3.6567269999999996
JSON,10-30,vaidik-commentjson,cae2858401ac659bbb372f0e143657e3f16a1961,commentjson/tests/inline_has_special_characters-commented.json,16,19,35,419,468,108,109,ok,5.930664
JSON,10-30,virtuald-pyhcl,52fa4a904033dbb218a6af8a259540506e6b18c3,tests/fixtures/function.json,13,13,26,308,309,76,74,ok,3.932728
JSON,10-30,yevhen-Nake,5d7bdfd73fdacd9e87a2f52bbd3f6a8ab5464af3,.config/dotnet-tools.json,12,12,24,151,147,62,62,ok,1.514366
JSON,10-30,yorukot-superfile,e6aa7dae46928b72af7167b433e6f79c46fa39d2,website/package.json,24,24,48,641,641,219,219,ok,16.442176
JSON,10-30,yuru7-PlemolJP,f3501a852b9406971c13db2ebbd04ef338d8f8c2,.vscode/launch.json,23,24,47,878,911,157,171,ok,13.199779
JSON,100-300,AdaCore-ada_language_server,38743e231cf32c2d3ef5de8f9250cf1f470d25f9,testsuite/gpr_lsp/completion_attribute_resolve/test.json,293,293,586,8478,8483,1860,1865,timed_out,
JSON,100-300,Beep6581-RawTherapee,2b2263b1815d3e36b4231d164dfcf0812bad4d3e,CMakePresets.json,177,177,354,5878,5878,1349,1349,timed_out,
JSON,100-300,Beep6581-RawTherapee,5e12d3a5d0d27262a5fbf1ea9b6c53b03c27525d,CMakePresets.json,153,178,331,4931,5832,1124,1349,timed_out,
JSON,100-300,FrancescoCeruti-linux-show-player,2f8bddb1caca0a14f16e0b7b736d2014eb36335a,scripts/flatpak/python-modules.json,229,234,463,13599,13913,1636,1672,timed_out,
JSON,100-300,FrancescoCeruti-linux-show-player,85aa9b1d917d99a03bf6add0f098b50f58b0b7c2,scripts/flatpak/org.linuxshowplayer.LinuxShowPlayer.json,202,203,405,7530,7564,1220,1225,timed_out,
JSON,100-300,GPUOpen-Drivers-xgl,b358df5460810b00d0cc779e4d000e4a901d2047,icd/api/appopt/shader_profiles/llpc/gfxIp10_3/Navi21/WolfensteinYoungblood/profile.json,138,127,265,2394,2242,677,627,ok,309.146836
JSON,100-300,Governikus-AusweisApp,522d8b0b1069709d1000c6061b31056d8b433dd3,test/json/supported-readers.json,184,258,442,3429,4738,1162,1620,timed_out,
JSON,100-300,Governikus-AusweisApp,967818e6e1d53be342767522decfcdfed4caa84f,resources/json-schemas/supported-providers.json,197,194,391,3900,3820,1356,1336,timed_out,
JSON,100-300,Governikus-AusweisApp,e119c95900989d84b62cd04fb5459a0ee2c62a9d,resources/json-schemas/supported-readers.json,138,138,276,3293,3165,1157,1162,timed_out,
JSON,100-300,HaxeFoundation-haxe-debian,5a09d7e083d9532659aa868dca8c353e60451598,src-json/warning.json,112,117,229,2433,2587,751,787,ok,209.883463
JSON,100-300,KDAB-KDStateMachineEditor,ad5fbb0a679c725d144f3241039377e0f4f9b86d,CMakePresets.json,116,163,279,3693,5069,880,1189,ok,696.687007
JSON,100-300,KRTirtho-spotube,22a49e56a2397791da735356a1173e741966c376,untranslated_messages.json,203,204,407,3264,3292,893,898,ok,239.88357900000003
JSON,100-300,KRTirtho-spotube,3aca7372af8ae1b62a2ad657341331a5d310d678,untranslated_messages.json,1,209,210,2,3252,4,887,ok,1.08606
JSON,100-300,KRTirtho-spotube,4defeefe7e5947aa00a2afb2a06577ec141cdc52,untranslated_messages.json,1,109,110,2,1658,4,435,ok,0.514371
JSON,100-300,KRTirtho-spotube,a06614bc5c27596056757fe82ab4cfc9772c7ec5,untranslated_messages.json,141,197,338,1542,3110,535,815,ok,132.603505
JSON,100-300,KRTirtho-spotube,dcbe7294b742d43fbff4e89ab4c4825e94421dd9,untranslated_messages.json,136,130,266,1977,1894,576,552,ok,91.630427
JSON,100-300,RocketChat-Rocket.Chat.Electron,643a04a10da2ed8905135a089850394604638f83,package.json,160,160,320,5467,5467,1582,1582,ok,954.9812880000001
JSON,100-300,Rohansi-Mond,64172324c230836fd267a45e50c2c301f9df19e0,Mond.VSCode/package.json,214,214,428,5796,5796,1565,1565,timed_out,
JSON,100-300,TypesettingTools-ffi-experiments,27f353709092aa070da99b11e5d92615568d45fe,DependencyControl.template.json,201,201,402,5220,5270,1487,1487,timed_out,
JSON,100-300,TypesettingTools-ffi-experiments,38f47ff1f9a4ae20002a9abf0bab5990f9397050,DependencyControl.template.json,201,201,402,5220,5220,1487,1487,timed_out,
JSON,100-300,apache-echarts.git,18b5db25e01fd40539fab81c9a67d8278909e7ff,test/runTest/actions/__meta__.json,243,244,487,5364,5393,1931,1939,ok,824.629848
JSON,100-300,apache-echarts.git,71541f85af970bfe78cf397f177d2e23a08a1104,package.json,217,225,442,9456,9912,2131,2219,timed_out,
JSON,100-300,apache-echarts.git,8f7773c4fd2c99bf66cea2514a96e738338f745d,package.json,225,225,450,9912,9928,2219,2219,timed_out,
JSON,100-300,apache-echarts.git,c939973a966e06ca490dedd2098c38ca78238a04,package.json,225,225,450,9912,9913,2219,2219,timed_out,
JSON,100-300,apache-echarts.git,d88a52a20d750c2b0e533c3faa152f321173e376,test/runTest/actions/__meta__.json,227,228,455,5014,5048,1803,1811,ok,715.795736
JSON,100-300,apache-echarts.git,ea0da6344be7aa2207618206ce7f9ea7d1baf4b6,test/runTest/actions/__meta__.json,222,222,444,4867,4867,1763,1763,ok,660.5303759999999
JSON,100-300,aws-serverless-application-model,463d5eb05825626620e3843ba70f4d8afdb7d6dc,tests/translator/output/api_merge_definitions_with_any_method.json,111,111,222,2685,2686,658,658,ok,387.950065
JSON,100-300,aws-serverless-application-model,463d5eb05825626620e3843ba70f4d8afdb7d6dc,tests/translator/output/aws-cn/state_machine_with_api.json,249,249,498,6333,6334,1443,1443,timed_out,
JSON,100-300,aws-serverless-application-model,463d5eb05825626620e3843ba70f4d8afdb7d6dc,tests/translator/output/aws-us-gov/function_with_ignore_globals.json,169,169,338,3844,3845,949,949,ok,902.918774
JSON,100-300,aws-serverless-application-model,463d5eb05825626620e3843ba70f4d8afdb7d6dc,tests/translator/output/aws-us-gov/managed_policies_everything.json,252,252,504,6670,6671,1305,1305,timed_out,
JSON,100-300,aws-serverless-application-model,463d5eb05825626620e3843ba70f4d8afdb7d6dc,tests/translator/output/managed_policies_everything.json,252,252,504,6635,6636,1305,1305,timed_out,
JSON,100-300,aws-serverless-application-model,4ff61a5493e7099f893407737a9862d1d216fe32,tests/translator/output/api_with_custom_domains_edge.json,211,211,422,5221,5221,1260,1260,timed_out,
JSON,100-300,aws-serverless-application-model,4ff61a5493e7099f893407737a9862d1d216fe32,tests/translator/output/api_with_custom_domains_regional_latency_routing_ipv6.json,278,278,556,7427,7427,1687,1687,timed_out,
JSON,100-300,aws-serverless-application-model,4ff61a5493e7099f893407737a9862d1d216fe32,tests/translator/output/aws-cn/connector_appsync_to_lambda.json,176,176,352,4216,4216,950,950,timed_out,
JSON,100-300,aws-serverless-application-model,4ff61a5493e7099f893407737a9862d1d216fe32,tests/translator/output/aws-cn/connector_sfn_to_function.json,192,192,384,4765,4765,1030,1030,timed_out,
JSON,100-300,aws-serverless-application-model,4ff61a5493e7099f893407737a9862d1d216fe32,tests/translator/output/aws-cn/connector_sqs_to_function.json,293,293,586,8044,8044,1544,1544,timed_out,
JSON,100-300,aws-serverless-application-model,4ff61a5493e7099f893407737a9862d1d216fe32,tests/translator/output/aws-cn/http_api_with_custom_domains_regional.json,256,256,512,6591,6591,1557,1557,timed_out,
JSON,100-300,aws-serverless-application-model,4ff61a5493e7099f893407737a9862d1d216fe32,tests/translator/output/aws-cn/http_api_with_custom_domains_regional_latency_routing_ipv6.json,182,182,364,4846,4846,1107,1107,timed_out,
JSON,100-300,aws-serverless-application-model,4ff61a5493e7099f893407737a9862d1d216fe32,tests/translator/output/aws-us-gov/api_with_custom_domains_regional.json,262,262,524,6939,6939,1587,1587,timed_out,
JSON,100-300,aws-serverless-application-model,4ff61a5493e7099f893407737a9862d1d216fe32,tests/translator/output/aws-us-gov/connector_appsync_api_to_lambda.json,110,110,220,2674,2674,612,612,ok,367.11872
JSON,100-300,aws-serverless-application-model,4ff61a5493e7099f893407737a9862d1d216fe32,tests/translator/output/aws-us-gov/embedded_connector_function_to_multi_dest.json,220,220,440,5761,5761,1087,1087,timed_out,
JSON,100-300,aws-serverless-application-model,4ff61a5493e7099f893407737a9862d1d216fe32,tests/translator/output/connector_function_to_multiple_s3.json,260,260,520,6933,6933,1253,1253,timed_out,
JSON,100-300,aws-serverless-application-model,4ff61a5493e7099f893407737a9862d1d216fe32,tests/translator/output/function_with_mq.json,278,278,556,7233,7233,1724,1724,timed_out,
JSON,100-300,aws-serverless-application-model,4ff61a5493e7099f893407737a9862d1d216fe32,tests/translator/output/function_with_mq_using_autogen_role.json,269,269,538,6654,6654,1676,1676,timed_out,
JSON,100-300,aws-serverless-application-model,4ff61a5493e7099f893407737a9862d1d216fe32,tests/translator/output/http_api_with_default_stage_name_and_fail_on_warnings.json,127,127,254,3167,3167,756,756,ok,644.2473990000001
JSON,100-300,aws-serverless-application-model,60a235a55a60f48a9cfb747bb1a2aab133edbb61,tests/translator/output/aws-cn/function_with_function_url_config_and_autopublishalias.json,126,137,263,2943,3250,758,837,ok,569.71936
JSON,100-300,aws-serverless-application-model,625913c2acf39c6200f55c7e25cbabc93200c5ea,tests/translator/output/aws-us-gov/globals_for_function.json,267,273,540,6675,6841,1562,1602,timed_out,
JSON,100-300,aws-serverless-application-model,6641eb3497d495d15147217b8f8e3640a02cc1ec,tests/translator/output/aws-cn/state_machine_with_schedule_role.json,129,129,258,3194,3204,731,731,ok,584.240929
JSON,100-300,aws-serverless-application-model,79cf1865498ed55a63c98d973d9edd6ac18a4aa4,tests/translator/output/aws-cn/function_with_function_url_config_conditions.json,125,113,238,2912,2580,764,674,ok,421.419121
JSON,100-300,aws-serverless-application-model,9ed1d64131d83d013cb9f76473b279009a3be929,tests/translator/output/aws-cn/function_with_function_url_config.json,102,113,215,2378,2676,610,689,ok,381.002182
JSON,100-300,aws-serverless-application-model,9ed1d64131d83d013cb9f76473b279009a3be929,tests/translator/output/aws-cn/function_with_function_url_config_and_autopublishalias.json,126,137,263,2943,3250,758,837,ok,582.08885
JSON,100-300,aws-serverless-application-model,a8c0a70ec5445c2eec8270be69657308f6db43a2,tests/translator/output/aws-cn/s3_with_condition.json,121,123,244,2860,2909,653,668,ok,462.91454300000004
JSON,100-300,aws-serverless-application-model,a8c0a70ec5445c2eec8270be69657308f6db43a2,tests/translator/output/aws-us-gov/function_with_deployment_preference_alarms_intrinsic_if.json,193,195,388,4599,4648,1032,1047,timed_out,
JSON,100-300,aws-serverless-application-model,a8c0a70ec5445c2eec8270be69657308f6db43a2,tests/translator/output/sns_intrinsics.json,172,174,346,4104,4153,919,934,ok,910.138971
JSON,100-300,aws-serverless-application-model,ab1d6995b8f266a70f34d059e7a85990bd9cab5f,tests/translator/output/graphqlapi_lambda_datasource_connector.json,161,161,322,3982,4219,870,870,ok,800.7078349999999
JSON,100-300,aws-session-manager-plugin,85e98e418e220aa0e351d48294df6a6ed51ac326,vendor/src/github.com/aws/aws-sdk-go/models/apis/gamelift/2015-10-01/paginators-1.json,141,147,288,3872,4063,1220,1273,ok,946.07349
JSON,100-300,aws-session-manager-plugin,85e98e418e220aa0e351d48294df6a6ed51ac326,vendor/src/github.com/aws/aws-sdk-go/models/apis/macie2/2020-01-01/paginators-1.json,97,103,200,2723,2900,827,880,ok,431.392391
JSON,100-300,aws-session-manager-plugin,85e98e418e220aa0e351d48294df6a6ed51ac326,vendor/src/github.com/aws/aws-sdk-go/models/apis/personalize-runtime/2018-05-22/docs-2.json,249,261,510,16982,18321,1663,1738,timed_out,
JSON,100-300,balena-io-etcher,2ed779ef371db367e4e413c9d0d08fcd738edb5b,package.json,157,154,311,4719,4658,1352,1337,ok,739.431461
JSON,100-300,balena-io-etcher,aa6d526fea010d181f49dd81ae3bdaefb8d1938e,package.json,154,153,307,4655,4621,1337,1326,ok,721.3723829999999
JSON,100-300,composer-spdx-licenses,560bdcf8deb88ae5d611c80a2de8ea9d0358cc0a,res/spdx-exceptions.json,125,191,316,3000,4630,577,885,ok,138.131544
JSON,100-300,coveooss-json-schema-for-humans,6c5f00e9d74095214a74820800d7389fac1ddcbe,config_schema.json,171,176,347,8110,8384,1320,1359,timed_out,
JSON,100-300,csound-csound,0e904fc1276f8ba6008df97f01486a953fecee93,wasm/browser/package.json,102,102,204,3025,3026,867,867,ok,271.080841
JSON,100-300,dagger-dagger,875f8465253296ffb120f0dd6346415130e79d2d,docs/static/reference/dagger.schema.json,204,216,420,6361,6808,1435,1522,timed_out,
JSON,100-300,dweymouth-supersonic,d61a034afaa5ecda96b8b3bb161757a74c612a45,res/translations/zhHant.json,223,223,446,7849,7859,2434,2434,timed_out,
JSON,100-300,eduvpn-eduvpn-common,37fb11c6e90bed2082beeb82fd3be50a1d2ca3f3,client/locales/it/messages.gotext.json,178,178,356,6317,6313,1294,1294,timed_out,
JSON,100-300,element-hq-element-desktop,17a16d67507741a1f699e10e996c3f44ef4ba3e5,package.json,126,126,252,6033,6033,1274,1274,ok,609.8358470000001
JSON,100-300,element-hq-element-desktop,d5e27e5b1695906611f2a9b9d8df213827d6bb83,package.json,126,126,252,6033,6098,1274,1274,ok,617.886045
JSON,100-300,element-hq-element-desktop,f2a28e33d72c22d9f4be77317a9148efdbb40906,package.json,126,126,252,6098,6098,1274,1274,ok,620.837021
JSON,100-300,emuell-restic-browser,ab8990e868be27a19c8224d6bc1b20b367b251d2,.vscode/tasks.json,106,88,194,2201,2058,641,641,ok,354.012945
JSON,100-300,fable-compiler-fable,e1db9447c00da7d0b3a671657051d7861d9f50a2,.vscode/launch.json,290,290,580,9207,9207,1795,1795,timed_out,
JSON,100-300,jacktrip-jacktrip,0f0fa9dff56638abc3a5953c53b10d8b00d5a747,releases/stable/mac-manifests.json,185,195,380,8247,8676,1397,1475,timed_out,
JSON,100-300,jacktrip-jacktrip,22491255fad6b71a875165d4ddf5943c54410a3f,releases/stable/win-manifests.json,235,245,480,10435,10866,1787,1865,timed_out,
JSON,100-300,jacktrip-jacktrip,a92a67d0c2b9425f3c4b19e555316f9431ade7f7,releases/stable/linux-manifests.json,125,135,260,5392,5809,941,1019,ok,667.194247
JSON,100-300,jacktrip-jacktrip,c06c54d0a9b2996add3fa7cdde8a859e3b1a65be,releases/edge/win-manifests.json,245,255,500,13215,13790,1823,1898,timed_out,
JSON,100-300,jacktrip-jacktrip,e7aa10bfe4e527666fd96c958b6f70d5113de953,releases/stable/win-manifests.json,135,145,280,6124,6557,1007,1085,ok,788.3445260000001
JSON,100-300,jellyfin-jellyfin.git,23929a3e709f4324d49271c02b0b047e1149e860,Emby.Server.Implementations/Localization/Core/zh-HK.json,142,142,284,7824,7824,1543,1543,ok,606.766612
JSON,100-300,jellyfin-jellyfin.git,f21fe9f95ea8f8b0da5f7ce315feab4c0b4925dd,Emby.Server.Implementations/Localization/Core/zh-HK.json,141,142,283,7706,7824,1532,1543,ok,628.258555
JSON,100-300,jmespath-jmespath.rb,65fa47d32cba1ff69a9fb52dc12b4d854d17436a,spec/compliance/literal.json,190,200,390,4851,5207,1349,1428,timed_out,
JSON,100-300,kiwix-kiwix-desktop,15958ae01b611d6c90f2f83412408d1fd44af854,resources/i18n/ar.json,140,146,286,8133,8904,1433,1503,ok,584.025589
JSON,100-300,kiwix-kiwix-desktop,8683057e0ed30cc6487a7ee5fe5dac6bce73a685,resources/i18n/fi.json,126,158,284,4775,5959,1319,1659,ok,556.211709
JSON,100-300,kiwix-kiwix-desktop,8e32d5a3d55e3b3d1a5b8d301afd867595a0ce40,resources/i18n/ko.json,201,201,402,10138,10142,2114,2114,timed_out,
JSON,100-300,kiwix-kiwix-desktop,fd43a7223b7dd5c82dffebae07d13c8f379660da,resources/i18n/nb.json,92,100,192,3485,3763,955,1037,ok,250.33770300000003
JSON,100-300,kiwix-kiwix-desktop,fd43a7223b7dd5c82dffebae07d13c8f379660da,resources/i18n/zh-hans.json,202,212,414,8515,8913,2067,2171,timed_out,
JSON,100-300,kubernetes-kubernetes,1a25b103f5b4e560134a094c45a773a6c1f08256,hack/unwanted-dependencies.json,276,272,548,13694,13470,1883,1852,timed_out,
JSON,100-300,kubernetes-kubernetes,58d00acb621ee2fcec2a5d5419fc5fe5d43d262f,hack/unwanted-dependencies.json,270,266,536,13343,13219,1848,1829,timed_out,
JSON,100-300,kubernetes-kubernetes,8518a8bcfa539f9bf8e9b91b51345d768759bd26,hack/unwanted-dependencies.json,271,276,547,13442,13645,1847,1883,timed_out,
JSON,100-300,kubernetes-kubernetes,cb52554c883c513d3722cfd6570e9532a00871b7,api/discovery/apis__admissionregistration.k8s.io__v1.json,98,138,236,2205,3113,584,820,ok,297.439628
JSON,100-300,kubernetes-kubernetes.git,3c22291a4b0bb2407630d4fa112256aae16398a6,staging/src/k8s.io/api/testdata/HEAD/core.v1.Node.json,176,179,355,4302,4365,1265,1279,timed_out,
JSON,100-300,mathjax-MathJax,5c2a3d130b2eaeac666f99790df11f41b8c11648,sre/mathmaps/af.json,146,146,292,264725,265538,136606,136792,timed_out,
JSON,100-300,mathjax-MathJax,7e9221911968400d398be94d3da1b441dcb243a6,sre/mathmaps/nemeth.json,125,125,250,226890,227271,152719,152771,timed_out,
JSON,100-300,mathjax-MathJax,b1a7162f367d40fcd0bb2f45b3e7317f5654f8a7,sre/mathmaps/nb.json,146,146,292,258141,258143,134253,134253,timed_out,
JSON,100-300,meganz-MEGAsync,bacaf5b1619ef9178c8937576266b54f4163f98b,src/MEGASync/gui/colors/ColorThemedTokens.json,192,192,384,7686,7686,2067,2067,timed_out,
JSON,100-300,miloyip-rapidjson,167efb4fa065d3eb1b31699debc89498d04188d8,bin/unittestschema/address.json,139,139,278,3157,3157,1106,1106,ok,911.347226
JSON,100-300,mongodb-mongo-tools,5f0416f005ab590575c53b2a530950383d3793ed,SARIF.json,127,127,254,3264,3272,821,821,timed_out,
JSON,100-300,motioneye-project-motioneye,2cb1f21de0d3cd74b382a61c10fda30cf9850d3d,motioneye/static/js/motioneye.ru.json,165,164,329,14859,14845,1850,1839,ok,886.100829
JSON,100-300,motioneye-project-motioneye,746ec2cea3a440056b6bef100714bbdb83272b02,motioneye/static/js/motioneye.fr.json,164,165,329,11891,11928,1839,1849,ok,916.988919
JSON,100-300,motioneye-project-motioneye,746ec2cea3a440056b6bef100714bbdb83272b02,motioneye/static/js/motioneye.hu.json,164,165,329,7857,7894,1714,1724,ok,753.821191
JSON,100-300,motioneye-project-motioneye,746ec2cea3a440056b6bef100714bbdb83272b02,motioneye/static/js/motioneye.sv.json,164,165,329,10388,10425,1804,1814,ok,863.8518509999999
JSON,100-300,motioneye-project-motioneye,746ec2cea3a440056b6bef100714bbdb83272b02,motioneye/static/js/motioneye.ta.json,164,165,329,20546,20583,1839,1849,ok,922.087835
JSON,100-300,motioneye-project-motioneye,746ec2cea3a440056b6bef100714bbdb83272b02,motioneye/static/js/motioneye.uk.json,164,165,329,14882,14919,1838,1848,ok,911.310652
JSON,100-300,motioneye-project-motioneye,92d8d9bc544de35ab914b36879ee66a76b0447ec,motioneye/static/js/motioneye.sv.json,165,165,330,7401,10404,1716,1815,ok,853.06288
JSON,100-300,motioneye-project-motioneye,a17eb1e47569a8ea2b54a6ab0c363922cfc911c8,motioneye/static/js/motioneye.fi.json,164,164,328,6607,11186,1676,1838,ok,805.64823
JSON,100-300,motioneye-project-motioneye,b3f0bd98ae9eb60f63aa268cd71a2af15087c447,motioneye/static/js/motioneye.nl.json,165,165,330,11350,11388,1849,1850,ok,892.616866
JSON,100-300,motioneye-project-motioneye,b3f0bd98ae9eb60f63aa268cd71a2af15087c447,motioneye/static/js/motioneye.uk.json,165,165,330,14919,14993,1848,1849,ok,887.94981
JSON,100-300,n8n-io-n8n.git,33bc272656820568ccafc77a1c919a8332d603f1,packages/frontend/editor-ui/package.json,147,145,292,5476,5346,1583,1561,timed_out,
JSON,100-300,nukeop-nuclear,ac3052b26ba58f1457b4264535d6637553b16d53,packages/main/package.json,100,100,200,3040,3040,1003,1003,ok,373.596102
JSON,100-300,octokit-octokit.rb,283cfb237bb7ebba8e30353d53b0c8ba9e7ca8e8,spec/cassettes/Octokit_Client_CodeScanning/_get_code_scanning_alert/gets_a_code_scanning_alert_by_alert_number.json,127,127,254,8276,9676,789,833,ok,663.082178
JSON,100-300,openlawlibrary-pygls,89aa22f807f3f3feaafe4af39426e73d2e03b226,.vscode/extensions/pygls-playground/package.json,149,152,301,5040,5145,1115,1133,timed_out,
JSON,100-300,owasp-modsecurity-ModSecurity,79d55037c00f468bc7edfc9375be3be229c65155,test/test-cases/regression/variable-MATCHED_VARS_NAMES.json,86,208,294,2146,5025,617,1482,ok,503.51495300000005
JSON,100-300,owasp-modsecurity-ModSecurity,bb70ff06a4479b312ab6a9123ca605d33fe08cd3,test/test-cases/regression/variable-MATCHED_VAR.json,86,208,294,1996,4790,597,1466,ok,488.023989
JSON,100-300,plotly-dash,a82e1988e71e2851db1b07c80980c48108e70f91,components/dash-table/package.json,124,124,248,5406,5406,1239,1239,ok,592.170517
JSON,100-300,sequoia-pgp-sequoia-chameleon-gnupg,6682e9d293f383c7c60607821b7f8799ec80edd9,tests/gpg/trust_models/auto/0.json,168,201,369,11489,16201,2670,2998,timed_out,
JSON,100-300,sequoia-pgp-sequoia-chameleon-gnupg,6682e9d293f383c7c60607821b7f8799ec80edd9,tests/gpg/trust_models/auto/4.json,197,230,427,12442,17195,2890,3246,timed_out,
JSON,100-300,sequoia-pgp-sequoia-chameleon-gnupg,6682e9d293f383c7c60607821b7f8799ec80edd9,tests/gpg/trust_models/pgp/0.json,168,201,369,11503,16240,2685,3035,timed_out,
JSON,100-300,sequoia-pgp-sequoia-chameleon-gnupg,e865e80d567cd78d4b8e3f4bedeff39a257c96a4,tests/gpg/print_mds/print_mds.json,160,160,320,13754,13795,1281,1281,ok,951.363006
JSON,100-300,serge1-elfio,8dd199a7a9324b9e8d0e04e670c2222f315575a2,.vscode/tasks.json,105,104,209,2722,2334,638,773,ok,317.788903
JSON,100-300,shiftkey-desktop,0d93c2f9e22b35b2b15c3b3817fbe75c78725718,package.json,174,174,348,7623,7623,1822,1822,timed_out,
JSON,100-300,sonnyp-junction,5f79b38f20aea5a99b845cffe17682eb5f8edec7,re.sonny.Junction.json,99,105,204,2679,2679,611,616,ok,227.297422
JSON,100-300,staltz-manyverse,6cadc76e03f8f2c0815b2341d430e74149241504,package.json,238,238,476,11848,11848,2534,2534,timed_out,
JSON,100-300,staltz-manyverse,82faf9310c042da9e8b58227ac1c083890ea1875,package.json,238,238,476,11828,11828,2534,2534,timed_out,
JSON,100-300,standardnotes-app,a9021bd4a60526880478edae2c2aa89bf2fd1a8c,packages/desktop/package.json,180,180,360,4897,4897,1391,1391,ok,845.003877
JSON,100-300,tree-sitter-tree-sitter-bash,5df623f1c50bb0cce9b9ae85c48ce90459349730,package.json,111,108,219,2326,2190,705,672,ok,208.826553
JSON,100-300,tree-sitter-tree-sitter-c-sharp,0c51feb666e183b266aec03379b8995aa1f620bd,package.json,115,53,168,2387,1193,700,372,ok,92.788959
JSON,100-300,tree-sitter-tree-sitter-embedded-template,5623244614580e8d59b57678d8e6c750ed407d5b,src/grammar.json,201,225,426,3898,4372,1217,1328,timed_out,
JSON,100-300,tree-sitter-tree-sitter-embedded-template,5623244614580e8d59b57678d8e6c750ed407d5b,src/node-types.json,156,156,312,2322,2325,891,891,ok,391.05672400000003
JSON,100-300,tree-sitter-tree-sitter-embedded-template,d21df11b0ecc6fd211dbe11278e92ef67bd17e97,src/node-types.json,156,156,312,2321,2322,891,891,ok,402.540706
JSON,100-300,tree-sitter-tree-sitter-html,b30e4aea714d39a051353b5dac074c1806512047,package.json,114,112,226,2394,2316,720,698,ok,229.73612400000002
JSON,100-300,tree-sitter-tree-sitter-html,e4d834eb4918df01dcad5c27d1b15d56e3bd94cd,package.json,114,114,228,2394,2394,720,720,ok,226.132134
JSON,100-300,tree-sitter-tree-sitter-java,28c799e6029f55e66ce3cd39bbb7bff843a2e1a3,package.json,105,105,210,2150,2150,659,659,ok,184.561384
JSON,100-300,tree-sitter-tree-sitter-javascript,79d4e3373c563d17e6ab2a0ed2e8cea7be68c999,package.json,113,115,228,2364,2394,703,713,ok,222.502732
JSON,100-300,tree-sitter-tree-sitter-javascript,d767b1a276a4e80d7a6be30bada3070740ba4fa2,package.json,116,116,232,2409,2409,718,718,ok,227.66018499999998
JSON,100-300,tree-sitter-tree-sitter-javascript,e88537c2703546f3f0887dd3f16898e1749cdba5,package.json,115,116,231,2394,2409,713,718,ok,225.48296200000001
JSON,100-300,tree-sitter-tree-sitter-jsdoc,b2237872e528b8372ed008068f717db66c16a725,src/node-types.json,238,239,477,3932,3950,1345,1353,timed_out,
JSON,100-300,tree-sitter-tree-sitter-ruby,788a63ca1b7619288980aaafd37d890ee2469421,package.json,113,113,226,2380,2381,716,716,ok,218.24230699999998
JSON,100-300,tree-sitter-tree-sitter-ruby,d9a15fa695a1cfbadb0e6465e797a956082993e3,package.json,111,59,170,2303,1374,694,401,ok,98.078507
JSON,100-300,tree-sitter-tree-sitter-tsq,2bf5d12e074e49a4f87530482c24e5cc36bafdc6,src/grammar.json,257,278,535,5060,5537,1593,1709,timed_out,
JSON,100-300,tree-sitter-tree-sitter-tsq,2bf5d12e074e49a4f87530482c24e5cc36bafdc6,src/node-types.json,175,193,368,2794,3090,989,1089,ok,627.815492
JSON,100-300,tree-sitter-tree-sitter-tsq,e8ea4be97b55c4ed155cde3cd41227a4a2dd9c05,src/node-types.json,262,289,551,4295,4772,1474,1628,timed_out,
JSON,100-300,tree-sitter-tree-sitter-typescript,784672e5ab043b4f35aa5371f622321958665ffa,package.json,100,100,200,3228,3228,681,681,ok,206.189671
JSON,100-300,tree-sitter-tree-sitter-typescript,9951831c5f05be434514dce38b30eef213667601,package.json,165,165,330,4232,4232,1026,1026,ok,515.142093
JSON,100-300,tree-sitter-tree-sitter-typescript,f836f66b9c9bfc5c5d068476c9fdd0d2fa4af65a,package.json,100,165,265,3228,4232,681,1026,ok,330.33971699999995
JSON,1000-3000,Aylur-ags,c8d2b56ba780e2642f36839cc06605df0c0578eb,package-lock.json,1666,1652,3318,68843,68240,13391,13279,timed_out,
JSON,1000-3000,CleverRaven-Cataclysm-DDA,02a59fe7968cb2cb247fde6d8314318392e87c50,data/json/items/armor/head_attachments.json,1100,1097,2197,40430,40364,13656,13632,timed_out,
JSON,1000-3000,CleverRaven-Cataclysm-DDA,977c86c6551e666bf35660cd146be258f1b985ee,data/json/itemgroups/Food/food.json,1736,1734,3470,70805,70621,29483,29411,timed_out,
JSON,1000-3000,CleverRaven-Cataclysm-DDA,977c86c6551e666bf35660cd146be258f1b985ee,data/json/itemgroups/collections_domestic.json,2289,2271,4560,93661,92977,38458,38214,timed_out,
JSON,1000-3000,CleverRaven-Cataclysm-DDA,977c86c6551e666bf35660cd146be258f1b985ee,data/json/npcs/items_generic.json,1148,1146,2294,33412,33362,12800,12780,timed_out,
JSON,1000-3000,Governikus-AusweisApp,43d236bbccfcdef2c7da41579ad47ea4f94e8b7b,resources/updatable-files/supported-providers.json,1278,2134,3412,91077,99216,14016,15117,timed_out,
JSON,1000-3000,Governikus-AusweisApp,43d236bbccfcdef2c7da41579ad47ea4f94e8b7b,resources/updatable-files/supported-readers.json,879,1358,2237,34800,38617,7841,7841,timed_out,
JSON,1000-3000,Governikus-AusweisApp,7e84e665cf04f2ee4cbc61694b22ebc5bd57f0c3,resources/updatable-files/supported-providers.json,2629,2684,5313,129545,132659,19360,19801,timed_out,
JSON,1000-3000,Governikus-AusweisApp,7e84e665cf04f2ee4cbc61694b22ebc5bd57f0c3,resources/updatable-files/supported-readers.json,1830,1914,3744,54706,57529,11278,11817,timed_out,
JSON,1000-3000,Governikus-AusweisApp,ad45f889f8341fcd71190eb05ed02d6fc83e5e55,resources/updatable-files/supported-providers.json,1078,1098,2176,77159,78775,11710,11913,timed_out,
JSON,1000-3000,Governikus-AusweisApp,d83e25b51168cd91e403c0cd0130fd7c31af3403,resources/updatable-files/supported-providers.json,2398,2350,4748,111787,112113,17305,17146,timed_out,
JSON,1000-3000,Governikus-AusweisApp,eea7ef21ed01a1329c33c9b3334fb610b020d621,resources/updatable-files/supported-providers.json,2235,2254,4489,104625,105404,16007,16155,timed_out,
JSON,1000-3000,Governikus-AusweisApp,eea7ef21ed01a1329c33c9b3334fb610b020d621,resources/updatable-files/supported-readers.json,1389,1399,2788,38512,38847,8006,8065,timed_out,
JSON,1000-3000,HaxeFoundation-haxe-debian,b75902ff217bc50d861423a7b2ab78528a292b57,src-json/meta.json,1287,1319,2606,36105,37014,11540,11812,timed_out,
JSON,1000-3000,JuliaLang-juliaup,5944e0050502977a525fa1b7adb0fac6a26d7b38,versiondb/versiondb-aarch64-apple-darwin.json,1609,1624,3233,55953,56478,10712,10812,timed_out,
JSON,1000-3000,JuliaLang-juliaup,5944e0050502977a525fa1b7adb0fac6a26d7b38,versiondb/versiondb-i686-pc-windows-msvc.json,1168,1177,2345,37281,37566,7772,7832,timed_out,
JSON,1000-3000,LPCIC-elpi,0200d99be8fff00dddb5a4b1fa193103e95bea7c,tests/sources/trace.elab.json,1122,1123,2245,29096,29096,6667,6667,timed_out,
JSON,1000-3000,LPCIC-elpi,ea3328a0d4298a9b658c1ef6e329ab916d356895,tests/sources/trace.elab.json,1123,1123,2246,29096,29096,6667,6667,timed_out,
JSON,1000-3000,NickvisionApps-Denaro,95a50148ce048ed9478ab9c0f83586c42052e6db,NickvisionMoney.GNOME/nuget-sources.json,1038,1031,2069,58719,58381,8587,8529,timed_out,
JSON,1000-3000,alexmojaki-executing,fdb436b2cfb6ba230fbf8bc205d138ba9f37a394,tests/sample_results/utils-py-3.12.json,1502,1518,3020,28918,29711,5306,5400,timed_out,
JSON,1000-3000,aws-serverless-application-model,51b69948efa593bc8bfdbfe8efe9093e6336e4af,samtranslator/policy_templates_data/policy_templates.json,2488,2520,5008,72315,73188,12661,12822,timed_out,
JSON,1000-3000,aws-serverless-application-model,bbe98a5ed500cd7ab558508c829f3df63f31c8c9,samtranslator/policy_templates_data/policy_templates.json,2458,2488,4946,71427,72315,12510,12661,timed_out,
JSON,1000-3000,aws-session-manager-plugin,85e98e418e220aa0e351d48294df6a6ed51ac326,vendor/src/github.com/aws/aws-sdk-go/models/apis/amplifyuibuilder/2021-08-11/docs-2.json,1524,1559,3083,78702,80094,11110,11353,timed_out,
JSON,1000-3000,aws-session-manager-plugin,85e98e418e220aa0e351d48294df6a6ed51ac326,vendor/src/github.com/aws/aws-sdk-go/models/apis/apigateway/2015-07-09/docs-2.json,2199,2199,4398,179711,180046,17320,17320,timed_out,
JSON,1000-3000,aws-session-manager-plugin,85e98e418e220aa0e351d48294df6a6ed51ac326,vendor/src/github.com/aws/aws-sdk-go/models/apis/appsync/2017-07-25/docs-2.json,1890,1984,3874,115999,132480,13538,14215,timed_out,
JSON,1000-3000,aws-session-manager-plugin,85e98e418e220aa0e351d48294df6a6ed51ac326,vendor/src/github.com/aws/aws-sdk-go/models/apis/braket/2019-09-01/api-2.json,1390,1391,2781,35282,35326,12293,12307,timed_out,
JSON,1000-3000,aws-session-manager-plugin,85e98e418e220aa0e351d48294df6a6ed51ac326,vendor/src/github.com/aws/aws-sdk-go/models/apis/chime-sdk-media-pipelines/2021-07-15/api-2.json,2754,2757,5511,80806,80925,25586,25634,timed_out,
JSON,1000-3000,aws-session-manager-plugin,85e98e418e220aa0e351d48294df6a6ed51ac326,vendor/src/github.com/aws/aws-sdk-go/models/apis/connectcases/2022-10-03/docs-2.json,1263,1444,2707,54973,66038,8541,9794,timed_out,
JSON,1000-3000,aws-session-manager-plugin,85e98e418e220aa0e351d48294df6a6ed51ac326,vendor/src/github.com/aws/aws-sdk-go/models/apis/discovery/2015-11-01/api-2.json,1758,1759,3517,49825,49851,17316,17330,timed_out,
JSON,1000-3000,aws-session-manager-plugin,85e98e418e220aa0e351d48294df6a6ed51ac326,vendor/src/github.com/aws/aws-sdk-go/models/apis/docdb/2014-10-31/docs-2.json,1817,1833,3650,169456,171468,13583,13700,timed_out,
JSON,1000-3000,aws-session-manager-plugin,85e98e418e220aa0e351d48294df6a6ed51ac326,vendor/src/github.com/aws/aws-sdk-go/models/apis/ecr/2015-09-21/api-2.json,2653,2655,5308,75978,76041,26913,26932,timed_out,
JSON,1000-3000,aws-session-manager-plugin,85e98e418e220aa0e351d48294df6a6ed51ac326,vendor/src/github.com/aws/aws-sdk-go/models/apis/elastictranscoder/2012-09-25/api-2.json,1484,1486,2970,40661,40723,15068,15096,timed_out,
JSON,1000-3000,aws-session-manager-plugin,85e98e418e220aa0e351d48294df6a6ed51ac326,vendor/src/github.com/aws/aws-sdk-go/models/apis/firehose/2015-08-04/docs-2.json,1639,1838,3477,159626,176377,11904,13435,timed_out,
JSON,1000-3000,aws-session-manager-plugin,85e98e418e220aa0e351d48294df6a6ed51ac326,vendor/src/github.com/aws/aws-sdk-go/models/apis/grafana/2020-08-18/docs-2.json,880,1062,1942,56422,71837,6052,7405,timed_out,
JSON,1000-3000,aws-session-manager-plugin,85e98e418e220aa0e351d48294df6a6ed51ac326,vendor/src/github.com/aws/aws-sdk-go/models/apis/ivs-realtime/2020-07-14/docs-2.json,1033,1266,2299,59064,67735,7096,8686,timed_out,
JSON,1000-3000,aws-session-manager-plugin,85e98e418e220aa0e351d48294df6a6ed51ac326,vendor/src/github.com/aws/aws-sdk-go/models/apis/m2/2021-04-28/docs-2.json,1330,1379,2709,73553,76297,9645,10018,timed_out,
JSON,1000-3000,aws-session-manager-plugin,85e98e418e220aa0e351d48294df6a6ed51ac326,vendor/src/github.com/aws/aws-sdk-go/models/apis/marketplace-catalog/2018-09-17/docs-2.json,1514,1540,3054,73430,75799,10044,10218,timed_out,
JSON,1000-3000,aws-session-manager-plugin,85e98e418e220aa0e351d48294df6a6ed51ac326,vendor/src/github.com/aws/aws-sdk-go/models/apis/mediaconnect/2018-11-14/docs-2.json,1638,1700,3338,105775,109102,12784,13249,timed_out,
JSON,1000-3000,aws-session-manager-plugin,85e98e418e220aa0e351d48294df6a6ed51ac326,vendor/src/github.com/aws/aws-sdk-go/models/apis/networkmanager/2019-07-05/docs-2.json,2745,2946,5691,129262,137436,19594,20921,timed_out,
JSON,1000-3000,aws-session-manager-plugin,85e98e418e220aa0e351d48294df6a6ed51ac326,vendor/src/github.com/aws/aws-sdk-go/models/apis/payment-cryptography/2021-09-14/api-2.json,1218,1307,2525,33169,35516,11554,12366,timed_out,
JSON,1000-3000,aws-session-manager-plugin,85e98e418e220aa0e351d48294df6a6ed51ac326,vendor/src/github.com/aws/aws-sdk-go/models/apis/pipes/2015-10-07/docs-2.json,1480,1614,3094,101754,110844,10453,11372,timed_out,
JSON,1000-3000,aws-session-manager-plugin,85e98e418e220aa0e351d48294df6a6ed51ac326,vendor/src/github.com/aws/aws-sdk-go/models/apis/resiliencehub/2020-04-30/docs-2.json,2098,2137,4235,175081,177846,15846,16143,timed_out,
JSON,1000-3000,aws-session-manager-plugin,85e98e418e220aa0e351d48294df6a6ed51ac326,vendor/src/github.com/aws/aws-sdk-go/models/apis/route53domains/2014-05-15/docs-2.json,1111,1119,2230,107260,109699,8023,8131,timed_out,
JSON,1000-3000,aws-session-manager-plugin,85e98e418e220aa0e351d48294df6a6ed51ac326,vendor/src/github.com/aws/aws-sdk-go/models/apis/s3/2006-03-01/examples-1.json,1876,1876,3752,58566,58334,12139,12139,timed_out,
JSON,1000-3000,aws-session-manager-plugin,85e98e418e220aa0e351d48294df6a6ed51ac326,vendor/src/github.com/aws/aws-sdk-go/models/apis/secretsmanager/2017-10-17/api-2.json,1359,1369,2728,36908,37169,13176,13281,timed_out,
JSON,1000-3000,aws-session-manager-plugin,85e98e418e220aa0e351d48294df6a6ed51ac326,vendor/src/github.com/aws/aws-sdk-go/models/apis/sqs/2012-11-05/api-2.json,1281,1293,2574,34185,34591,12457,12563,timed_out,
JSON,1000-3000,aws-session-manager-plugin,85e98e418e220aa0e351d48294df6a6ed51ac326,vendor/src/github.com/aws/aws-sdk-go/models/apis/wisdom/2020-10-19/api-2.json,2915,2919,5834,79077,79749,26602,26640,timed_out,
JSON,1000-3000,boto-botocore,c18b100b81382d0e36bda40bfdef4cab28094111,botocore/data/connectcampaignsv2/2024-04-23/service-2.json,2617,2712,5329,82226,85313,23616,24555,timed_out,
JSON,1000-3000,boto-botocore,c18b100b81382d0e36bda40bfdef4cab28094111,botocore/data/marketplace-agreement/2020-03-01/service-2.json,1041,1103,2144,48800,53399,8005,8476,timed_out,
JSON,1000-3000,breathe-doc-breathe,721a96451cd22b173d82325fcc8cf136357016f9,xml_parser_generator/schema.json,1499,1499,2998,49537,49617,17300,17340,timed_out,
JSON,1000-3000,cheshirekow-cmake_format,0dffe05dfcf671ceb0838f0c1fc0360a4a7486ff,cmake_format/vscode_extension/package-lock.json,2269,948,3217,92412,39811,18739,7861,timed_out,
JSON,1000-3000,cheshirekow-cmake_format,2a4d453f2391e7b648db255993165533d1f6ce58,cmake_format/vscode_extension/package-lock.json,2291,2275,4566,93391,92727,18936,18789,timed_out,
JSON,1000-3000,cheshirekow-cmake_format,904c42da298f7fda932d9ac774517c20e2667fb8,cmakelang/vscode_extension/package-lock.json,1343,1343,2686,56230,56225,11148,11148,timed_out,
JSON,1000-3000,cheshirekow-cmake_format,eff5df1f41c665ea7cac799396042e4f406ef09a,cmakelang/vscode_extension/package-lock.json,1343,1040,2383,56225,45347,11148,8592,timed_out,
JSON,1000-3000,composer-spdx-licenses,056625390d33e3ff2c887488ac642e0fa6dce205,res/spdx-licenses.json,2292,2302,4594,46242,46461,8287,8323,timed_out,
JSON,1000-3000,cucumber-gherkin,a920066d27fe697806b8cd7e77303c7375bbdf6c,javascript/package-lock.json,1414,1414,2828,50871,50871,11293,11293,timed_out,
JSON,1000-3000,emuell-restic-browser,39cb5d785a56395f083ff468beaeba4290e7f800,package-lock.json,1247,1247,2494,44702,44688,9532,9532,timed_out,
JSON,1000-3000,geopandas-xyzservices,711f8ac0addb4e31cd49a2206feb69b46cb5c7b9,provider_sources/leaflet-providers-parsed.json,2606,2606,5212,129992,129992,22221,22221,timed_out,
JSON,1000-3000,gitlab-org-cli,7cf3cd3d86df48cde9db81bc95503051d5928649,scripts/commit-lint/package-lock.json,1591,1610,3201,64123,64945,13035,13192,timed_out,
JSON,1000-3000,gitlab-org-cli,d5dc84ba0c1597e73fd20200096d8b3e4254a2cb,scripts/commit-lint/package-lock.json,1741,1591,3332,70372,64123,14263,13035,timed_out,
JSON,1000-3000,gleam-lang-tree-sitter-gleam,6edd37a2c9192908384151f8f31759b1b616ef79,package-lock.json,2187,1361,3548,80966,47387,17349,10979,timed_out,
JSON,1000-3000,gleitz-howdoi,af00c6ea6e5467ed45a324795015a97d46647565,extension/vscode-howdoi/package-lock.json,2067,2067,4134,80393,80393,17005,17005,timed_out,
JSON,1000-3000,iwalton3-jellyfin-web-jmp,8660f729153ebd674446f0aa30fd0231e1a6a435,src/strings/en-us.json,1647,1648,3295,105863,105940,18102,18113,timed_out,
JSON,1000-3000,iwalton3-jellyfin-web-jmp,a3f9f45c5488fece682d97c5346e17dc1a8e31d7,src/strings/en-us.json,1646,1647,3293,105809,105863,18091,18102,timed_out,
JSON,1000-3000,jesseduffield-lazygit,6edf29b0dc3b1b67d243efef97e3b19748db1e37,pkg/i18n/translations/zh-CN.json,1057,1056,2113,75808,75146,11791,11767,timed_out,
JSON,1000-3000,kubernetes-kubernetes,ad6c155449e38d7cca22230fdb99ae02b65ccb59,staging/src/k8s.io/api/testdata/HEAD/core.v1.Pod.json,2158,2161,4319,58629,58758,14414,14447,timed_out,
JSON,1000-3000,kubernetes-kubernetes.git,078f462a955bb06cbf8de3e0d6fe2e190cf14e49,staging/src/k8s.io/api/testdata/HEAD/apps.v1.StatefulSet.json,2010,2015,4025,62510,62674,13507,13549,timed_out,
JSON,1000-3000,kubernetes-kubernetes.git,078f462a955bb06cbf8de3e0d6fe2e190cf14e49,staging/src/k8s.io/api/testdata/HEAD/apps.v1beta1.Deployment.json,1888,1893,3781,58724,58888,12629,12671,timed_out,
JSON,1000-3000,kubernetes-kubernetes.git,078f462a955bb06cbf8de3e0d6fe2e190cf14e49,staging/src/k8s.io/api/testdata/HEAD/batch.v1.CronJob.json,1961,1966,3927,68201,68385,13153,13195,timed_out,
JSON,1000-3000,kubernetes-kubernetes.git,3b72759d1bcfe0820b27909110f6ab6a6cc99034,api/openapi-spec/v3/apis__node.k8s.io__v1_openapi.json,2640,2640,5280,132886,132884,18622,18622,timed_out,
JSON,1000-3000,kubernetes-kubernetes.git,59e075e8d35dbc16c5db7c302f3836f3f9a144f8,staging/src/k8s.io/api/testdata/HEAD/apps.v1beta1.Deployment.json,1885,1888,3773,58593,58724,12609,12629,timed_out,
JSON,1000-3000,kubernetes-kubernetes.git,59e075e8d35dbc16c5db7c302f3836f3f9a144f8,staging/src/k8s.io/api/testdata/HEAD/batch.v1.CronJob.json,1958,1961,3919,68058,68201,13133,13153,timed_out,
JSON,1000-3000,mastodon-mastodon.git,81ffd1d3c767a81f4cd18518860ccc57b6a1599a,app/javascript/mastodon/locales/de.json,1037,1037,2074,79515,79523,11388,11388,timed_out,
JSON,1000-3000,mongodb-mongo-tools,5f0416f005ab590575c53b2a530950383d3793ed,package-lock.json,1180,1184,2364,42635,42735,9229,9273,timed_out,
JSON,1000-3000,mtsmfm-language_server-protocol-ruby,35e1fbc2e82245eeeea4781468c38dca08eb1f91,package-lock.json,1282,1252,2534,47027,46064,10141,9901,timed_out,
JSON,1000-3000,neovim-tree-sitter-vimdoc,3089b7931809c1efd319f2d487baeb6719fdb6b5,src/grammar.json,1062,1067,2129,22746,22837,6769,6786,timed_out,
JSON,1000-3000,nodejs-llhttp,990aa286f40e2ba23d8e6a3ef17bb2431e08bb67,package-lock.json,2291,2291,4582,67554,67554,17592,17592,timed_out,
JSON,1000-3000,open-webui-open-webui.git,49d57ae82bdbd0497581517101ae13d31b3e3776,src/lib/i18n/locales/ar/translation.json,1756,1778,3534,113895,114674,18836,19062,timed_out,
JSON,1000-3000,open-webui-open-webui.git,49d57ae82bdbd0497581517101ae13d31b3e3776,src/lib/i18n/locales/de-DE/translation.json,1752,1774,3526,123491,124270,19512,19738,timed_out,
JSON,1000-3000,open-webui-open-webui.git,49d57ae82bdbd0497581517101ae13d31b3e3776,src/lib/i18n/locales/en-US/translation.json,1752,1774,3526,64130,64909,17630,17856,timed_out,
JSON,1000-3000,open-webui-open-webui.git,49d57ae82bdbd0497581517101ae13d31b3e3776,src/lib/i18n/locales/es-ES/translation.json,1753,1775,3528,123371,124150,19484,19710,timed_out,
JSON,1000-3000,open-webui-open-webui.git,49d57ae82bdbd0497581517101ae13d31b3e3776,src/lib/i18n/locales/eu-ES/translation.json,1752,1774,3526,90662,91441,18595,18821,timed_out,
JSON,1000-3000,open-webui-open-webui.git,49d57ae82bdbd0497581517101ae13d31b3e3776,src/lib/i18n/locales/fi-FI/translation.json,1752,1774,3526,115447,116226,19431,19657,timed_out,
JSON,1000-3000,open-webui-open-webui.git,49d57ae82bdbd0497581517101ae13d31b3e3776,src/lib/i18n/locales/gl-ES/translation.json,1752,1774,3526,98861,99640,18746,18972,timed_out,
JSON,1000-3000,open-webui-open-webui.git,49d57ae82bdbd0497581517101ae13d31b3e3776,src/lib/i18n/locales/id-ID/translation.json,1751,1773,3524,77084,77863,18181,18407,timed_out,
JSON,1000-3000,open-webui-open-webui.git,49d57ae82bdbd0497581517101ae13d31b3e3776,src/lib/i18n/locales/ka-GE/translation.json,1752,1774,3526,133154,133933,18934,19160,timed_out,
JSON,1000-3000,plotly-dash,2a9477e277bb1b41798d455470de1429d2215d85,components/dash-html-components/scripts/data/attributes.json,1083,1077,2160,30554,30416,5775,5745,timed_out,
JSON,1000-3000,python-jsonschema-check-jsonschema,3f5f1b2a9160694fdf2a34ae635af3d16f5796bb,src/check_jsonschema/builtin_schemas/vendor/buildkite.json,1392,1441,2833,40008,41438,10513,10821,timed_out,
JSON,1000-3000,richardlehane-siegfried,17ba7e5db6a815ed38383d86e6b803674844fc40,cmd/roy/data/sets/pronom-all.json,2318,2357,4675,104862,106586,11590,11785,timed_out,
JSON,1000-3000,richardlehane-siegfried,e9934796452066f89e4f096e21dece243020a461,cmd/roy/data/sets/pronom-types.json,2150,2179,4329,96435,97674,10733,10878,timed_out,
JSON,1000-3000,session-foundation-session-desktop,21c4406c0c574e1fea77f1300667d4fae04938a6,_locales/tr/messages.json,1011,1010,2021,76788,76755,11154,11143,timed_out,
JSON,1000-3000,sherlock-project-sherlock,0d008b109ec15b6c30948afb5d85a08a78e6fadf,sherlock_project/resources/data.json,2826,2819,5645,88397,88204,26152,26088,timed_out,
JSON,1000-3000,sherlock-project-sherlock,0f3df0f4da8b796bb192724e8b8db529669a300b,sherlock_project/resources/data.json,2885,2889,5774,89970,90273,26576,26642,timed_out,
JSON,1000-3000,sherlock-project-sherlock,2ff2836159ac93b77b5f0771b850376f21427773,sherlock_project/resources/data.json,2819,2820,5639,88204,88302,26088,26099,timed_out,
JSON,1000-3000,sherlock-project-sherlock,300d6eda216df098ad8a8859338948ea6c61bf06,sherlock_project/resources/data.json,2866,2859,5725,89802,89557,26599,26533,timed_out,
JSON,1000-3000,sherlock-project-sherlock,3e653c46b07c858811619517b28a17742cb4847a,sherlock_project/resources/data.json,2884,2877,5761,89943,89722,26565,26501,timed_out,
JSON,1000-3000,sherlock-project-sherlock,443d43df21874136d36d79a26aeb1d44c1b1d2d2,sherlock_project/resources/data.json,2969,2975,5944,92786,92955,27349,27402,timed_out,
JSON,1000-3000,sherlock-project-sherlock,7d5bd971421cfef2cca76274e878a13e4e618332,sherlock_project/resources/data.json,2982,2981,5963,93153,93118,27466,27455,timed_out,
JSON,1000-3000,sherlock-project-sherlock,876e58b159e71d13a5b63524c08011108d3473a8,sherlock_project/resources/data.json,2858,2859,5717,89124,89167,26331,26342,timed_out,
JSON,1000-3000,sherlock-project-sherlock,9e3448d9923fecec7504ef67cc5d0f0892494dcb,sherlock_project/resources/data.json,2877,2885,5762,89722,90021,26501,26579,timed_out,
JSON,1000-3000,sherlock-project-sherlock,cd7c52e4fae2dc81bc3fd75d098498e430d8bec9,sherlock_project/resources/data.json,2877,2883,5760,89741,89907,26501,26554,timed_out,
JSON,1000-3000,sherlock-project-sherlock,db4bb5ada66e19a39fa29fb7d5faec283f5319f6,sherlock/resources/data.json,2778,2778,5556,87562,87552,25833,25833,timed_out,
JSON,1000-3000,sherlock-project-sherlock,dc61cdc7a4de06fbaa21347f5bc733a395c85695,sherlock_project/resources/data.json,2857,2858,5715,89096,89125,26326,26337,timed_out,
JSON,1000-3000,sherlock-project-sherlock,e3066a1d7a440411f9c4774dfa20ec09a7b27af7,sherlock_project/resources/data.json,2894,2895,5789,90184,90212,26623,26631,timed_out,
JSON,1000-3000,sherlock-project-sherlock,eccdf80b95620e2bd4f1f6e59cbf234f411af501,sherlock_project/resources/data.json,2884,2890,5774,89816,89988,26557,26610,timed_out,
JSON,1000-3000,sherlock-project-sherlock.git,4544ddc219f5e21fb4e111de62e82e6cfe00eb49,sherlock/resources/data.json,2778,2781,5559,87552,87611,25833,25853,timed_out,
JSON,1000-3000,sherlock-project-sherlock.git,73df548532d53045ed0169c657f4ea585dd8e8bb,sherlock_project/resources/data.json,2826,2829,5655,88624,88684,26215,26223,timed_out,
JSON,1000-3000,sherlock-project-sherlock.git,7a4f19e6b3b2cccd044e2ca73ac689f1e095051a,sherlock_project/resources/data.json,2889,2889,5778,90001,89996,26607,26607,timed_out,
JSON,1000-3000,sherlock-project-sherlock.git,7afdee4c58a789f628b19da7c7553f0ab85c9096,sherlock_project/resources/data.json,2747,2749,5496,85879,85994,25326,25348,timed_out,
JSON,1000-3000,sherlock-project-sherlock.git,84965712f6eb91bcf3eb5bc34d246caa88d50a45,sherlock_project/resources/data.json,2812,2813,5625,88469,88509,26108,26119,timed_out,
JSON,1000-3000,sherlock-project-sherlock.git,8635d68864afc6f099a46c5ff7f6fe5a99415ea1,sherlock_project/resources/data.json,2741,2747,5488,85714,85870,25273,25326,timed_out,
JSON,1000-3000,sherlock-project-sherlock.git,9560355a7c91056b40dae838ef583f28bc6056af,sherlock_project/resources/data.json,2844,2851,5695,88714,88918,26209,26273,timed_out,
JSON,1000-3000,sherlock-project-sherlock.git,c6f9e2eac9082f79e6dcf3c39f5308184cb793ed,sherlock_project/resources/data.json,2813,2813,5626,88509,88505,26119,26119,timed_out,
JSON,1000-3000,sherlock-project-sherlock.git,dc89f1cd27a358a6771877cc0b597b3db822c06c,sherlock_project/resources/data.json,2858,2864,5722,89124,89299,26331,26384,timed_out,
JSON,1000-3000,sherlock-project-sherlock.git,e5cd5e5bfe7df4ebd93e220a69496a4fdfe7b39f,sherlock_project/resources/data.json,2864,2870,5734,89299,89485,26384,26437,timed_out,
JSON,1000-3000,sherlock-project-sherlock.git,ef0b97fb5784104b799876173152fcb8a9c82d9c,sherlock_project/resources/data.json,2897,2897,5794,90293,90328,26704,26704,timed_out,
JSON,1000-3000,sherlock-project-sherlock.git,f0510a169ac3960171841d240dc52de7fe406b02,sherlock_project/resources/data.json,2883,2889,5772,89887,90050,26557,26610,timed_out,
JSON,1000-3000,sherlock-project-sherlock.git,f7075e1b64c4a79c7b768ae076b148c5e5e31c52,sherlock_project/resources/data.json,2799,2806,5605,88106,88319,25991,26055,timed_out,
JSON,1000-3000,slusarz-dovecot-fts-flatcurve,ae368094680714edb3d608b63e02d4c8f5665f17,package-lock.json,1989,1998,3987,70599,70994,14899,14969,timed_out,
JSON,1000-3000,tiffany352-rink-rs,d642411f31f1fdd182edcffd5e19940784558d54,web/package-lock.json,1126,1126,2252,37353,37353,8895,8895,timed_out,
JSON,1000-3000,tree-sitter-tree-sitter-bash,7f54376c8090cc55f41b4f15f984323f255a4ef8,package-lock.json,1461,1461,2922,52471,52471,11383,11383,timed_out,
JSON,1000-3000,tree-sitter-tree-sitter-bash,9938413c12626a83385e03a866ea457c64166fbf,src/node-types.json,2780,2800,5580,48811,49267,15434,15544,timed_out,
JSON,1000-3000,tree-sitter-tree-sitter-bash,cde3bcf10649ef1ab368d0461df16d1137e8d902,package-lock.json,1461,1461,2922,52471,52471,11383,11383,timed_out,
JSON,1000-3000,tree-sitter-tree-sitter-c,3efee11f784605d44623d7dadd6cd12a0f73ea92,package-lock.json,1513,1513,3026,54324,54324,11924,11924,timed_out,
JSON,1000-3000,tree-sitter-tree-sitter-c,6a4ae2e08916fd08e5739250bb64a14392b01c99,package-lock.json,1482,1482,2964,53683,53683,11580,11580,timed_out,
JSON,1000-3000,tree-sitter-tree-sitter-c,ec69f91b23dd8630d68710b911d77127146ff7ef,package-lock.json,1513,1513,3026,54324,54324,11924,11924,timed_out,
JSON,1000-3000,tree-sitter-tree-sitter-css,185475a45c413e9294e5fd5c4165df9ca1eb05dc,src/grammar.json,2196,2268,4464,49055,50775,13231,13662,timed_out,
JSON,1000-3000,tree-sitter-tree-sitter-css,185475a45c413e9294e5fd5c4165df9ca1eb05dc,src/node-types.json,2204,2245,4449,41044,41748,12339,12571,timed_out,
JSON,1000-3000,tree-sitter-tree-sitter-css,dda5cfc5722c429eaba1c910ca32c2c0c5bb1a3f,package-lock.json,1575,1575,3150,55747,55747,12693,12693,timed_out,
JSON,1000-3000,tree-sitter-tree-sitter-embedded-template,d347950a577bf6a27109b2166c04e90a0c85a08e,package-lock.json,1477,1490,2967,53591,54077,11538,11639,timed_out,
JSON,1000-3000,tree-sitter-tree-sitter-go,080eb5e0e49c03131d0153b8d4659d833623ce05,src/node-types.json,2919,2934,5853,50587,50837,16280,16368,timed_out,
JSON,1000-3000,tree-sitter-tree-sitter-html,85214bca316dfff97d1406ea1c49ead1c5005fed,package-lock.json,1490,1469,2959,54098,53215,11639,11472,timed_out,
JSON,1000-3000,tree-sitter-tree-sitter-jsdoc,bc09606fc786ead131a301e4b7524888f2d5c517,package-lock.json,1478,1478,2956,52784,52784,11496,11496,timed_out,
JSON,1000-3000,tree-sitter-tree-sitter-json,2b89c439ffffcae6588e8a84299d0a59c57bab2b,package-lock.json,1465,1465,2930,53100,53100,11448,11448,timed_out,
JSON,1000-3000,tree-sitter-tree-sitter-json,2f22d4a64883ba2a9cdf37988893723a98d31833,package-lock.json,1478,1478,2956,53586,53586,11549,11549,timed_out,
JSON,1000-3000,tree-sitter-tree-sitter-json,8bfdb43f47ad805bb1ce093203cfcbaa8ed2c571,package-lock.json,1461,1461,2922,52471,52471,11383,11383,timed_out,
JSON,1000-3000,tree-sitter-tree-sitter-julia,8fb38abff74652c4faddbf04d2d5bbbc6b4bae25,src/node-types.json,2277,2665,4942,40190,48732,12872,15010,timed_out,
JSON,1000-3000,tree-sitter-tree-sitter-ql,62a1efa28215896aa7b089f1d20dc773edd1e3e7,src/grammar.json,2967,2923,5890,64112,63396,17808,17467,timed_out,
JSON,1000-3000,tree-sitter-tree-sitter-rust,04352146022062c101b8ddd853adf17eadd8cf56,package-lock.json,1474,1474,2948,52704,52704,11468,11468,timed_out,
JSON,1000-3000,tree-sitter-tree-sitter-typescript,31725c1c2e0e1e9cae46b06d5db8744c06840675,package-lock.json,1497,1510,3007,54253,54739,11684,11785,timed_out,
JSON,1000-3000,tree-sitter-tree-sitter-typescript,61e2a7730c8163ca4109f393a6285c9dc1721016,package-lock.json,1509,1509,3018,54720,54720,11777,11777,timed_out,
JSON,1000-3000,tree-sitter-tree-sitter-typescript,9951831c5f05be434514dce38b30eef213667601,package-lock.json,1497,1497,2994,53400,53400,11634,11634,timed_out,
JSON,30-100,Aylur-ags,5997c98b5dadf07e92ece2a19839439d1beb4b1f,package.json,57,57,114,1518,1520,473,473,ok,74.165314
JSON,30-100,Baldomo-open-in-mpv,0c642f39859c783d311131467de979166421c98e,extension/Firefox/manifest.json,36,36,72,663,663,234,234,ok,17.333637
JSON,30-100,Caltech-IPAC-Montage,ac1d1f8ff1f94a4384cb3ae52b271dce46df2c5e,MontageLib/DiffFitExec/mDiffFitExec.json,31,31,62,2018,2018,662,672,ok,226.365039
JSON,30-100,Extensions-Valhalla-gnome-bluetooth-quick-connect,3d71a9651dae8a8c40c799d3df8c79622e829afd,package.json,30,25,55,901,854,258,228,ok,18.16457
JSON,30-100,FiniteSingularity-obs-composite-blur,adaeef80f8216e0852e2dace66abb51606ad6373,buildspec.json,83,83,166,3258,3258,655,655,ok,246.087797
JSON,30-100,GPUOpen-Drivers-xgl,0387177d6143533c88ff0d5ac045bf3994ee618b,icd/api/appopt/shader_profiles/llpc/generic/DiRT4/profile.json,95,95,190,1704,1722,474,474,ok,167.81200700000002
JSON,30-100,GPUOpen-Drivers-xgl,0387177d6143533c88ff0d5ac045bf3994ee618b,icd/api/appopt/shader_profiles/llpc/gfxIp10_1/generic/GhostReconBreakpoint/profile.json,76,76,152,1284,1290,367,367,ok,94.736556
JSON,30-100,GPUOpen-Drivers-xgl,0387177d6143533c88ff0d5ac045bf3994ee618b,icd/api/appopt/shader_profiles/llpc/gfxIp10_1/generic/StrangeBrigade/profile.json,66,66,132,1128,1131,325,325,ok,74.672189
JSON,30-100,GPUOpen-Drivers-xgl,8a67c76eedb8400fb5d3b1e7b6a3894efdc7a3b9,icd/api/appopt/shader_profiles/llpc/gfxIp10_3/Navi21/Rage2/profile.json,40,52,92,633,842,186,244,ok,31.453091000000004
JSON,30-100,GPUOpen-Drivers-xgl,b358df5460810b00d0cc779e4d000e4a901d2047,icd/api/appopt/shader_profiles/llpc/gfxIp9/generic/GhostReconBreakpoint/profile.json,55,55,110,948,951,268,268,ok,51.973024
JSON,30-100,Governikus-AusweisApp,52e0547f544da99019edfdb1bdd99a78393bf087,ci/presets/iOS.json,40,40,80,897,911,258,258,ok,36.138594000000005
JSON,30-100,IBM-plex,1da12f02587b630c07e92692d21492d722f53614,packages/plex-sans-jp/package.json,32,32,64,761,761,219,219,ok,14.211556999999999
JSON,30-100,Icinga-icinga-php-library,ca92d8e26e6d284df2e48433938c72186136bed1,composer.json,46,46,92,1182,1183,338,338,ok,40.612729
JSON,30-100,KhronosGroup-Vulkan-Tools,17e6fb5043bd0435edef55330bcd026047caf62a,scripts/known_good.json,79,79,158,2653,2653,545,545,ok,169.62458999999998
JSON,30-100,LPCIC-elpi,fd3d3db38e7c6f0fc28d1b4afdb2602f2f94c936,tests/sources/trace2.json,46,46,92,5775,5775,3086,3086,timed_out,
JSON,30-100,OmniSharp-omnisharp-roslyn,572dfdda87089ee2acfad31bd037d0c91c3753f3,build.json,50,50,100,1632,1637,305,305,ok,26.264758999999998
JSON,30-100,OpenTabletDriver-OpenTabletDriver,105438443b303be843a8da07db95dbc1205fd103,OpenTabletDriver.Configurations/Configurations/Wacom/PTH-651.json,64,64,128,1566,1565,417,417,ok,83.447341
JSON,30-100,OpenTabletDriver-OpenTabletDriver,1af6a7e272eaee2d98a1b5e8f16a5c8f04ff1b07,OpenTabletDriver.Configurations/Configurations/Wacom/DTH-1320.json,35,35,70,781,777,230,230,ok,22.222421
JSON,30-100,OpenTabletDriver-OpenTabletDriver,2bfe9183f65d5840e5e2f0ac551075e2cee5a3aa,OpenTabletDriver.Configurations/Configurations/Huion/420.json,57,57,114,1263,1213,353,353,ok,61.086579
JSON,30-100,OpenTabletDriver-OpenTabletDriver,7647fccbc0d26404527c2f1379710b930f6b0c0c,OpenTabletDriver.Configurations/Configurations/Wacom/DTK-2200.json,52,42,94,1205,917,336,244,ok,39.051508
JSON,30-100,OpenTabletDriver-OpenTabletDriver,8a6495961d02d53d87f825a857da28fb03895ca5,OpenTabletDriver.Configurations/Configurations/Artisul/M0610 Pro.json,58,47,105,1278,951,371,277,ok,49.616171
JSON,30-100,OpenTabletDriver-OpenTabletDriver,8a6495961d02d53d87f825a857da28fb03895ca5,OpenTabletDriver.Configurations/Configurations/Huion/H610 Pro.json,58,47,105,1320,993,371,277,ok,48.261936
JSON,30-100,OpenTabletDriver-OpenTabletDriver,8a6495961d02d53d87f825a857da28fb03895ca5,OpenTabletDriver.Configurations/Configurations/Huion/Q630M.json,42,35,77,882,678,266,206,ok,24.681019
JSON,30-100,OpenTabletDriver-OpenTabletDriver,8a6495961d02d53d87f825a857da28fb03895ca5,OpenTabletDriver.Configurations/Configurations/Lifetec/LT9570.json,46,37,83,942,679,290,210,ok,28.281061
JSON,30-100,OpenTabletDriver-OpenTabletDriver,8a6495961d02d53d87f825a857da28fb03895ca5,OpenTabletDriver.Configurations/Configurations/Parblo/Ninos M.json,54,43,97,1240,921,357,255,ok,43.081554000000004
JSON,30-100,OpenTabletDriver-OpenTabletDriver,8a6495961d02d53d87f825a857da28fb03895ca5,OpenTabletDriver.Configurations/Configurations/VEIKK/VK1060.json,42,35,77,873,673,269,205,ok,24.317868999999998
JSON,30-100,OpenTabletDriver-OpenTabletDriver,8a6495961d02d53d87f825a857da28fb03895ca5,OpenTabletDriver.Configurations/Configurations/Wacom/DTK-1300.json,38,29,67,835,582,249,167,ok,18.501896
JSON,30-100,OpenTabletDriver-OpenTabletDriver,8a6495961d02d53d87f825a857da28fb03895ca5,OpenTabletDriver.Configurations/Configurations/Wacom/GD-0608-U.json,50,35,85,1206,771,338,202,ok,32.161521
JSON,30-100,OpenTabletDriver-OpenTabletDriver,8a6495961d02d53d87f825a857da28fb03895ca5,OpenTabletDriver.Configurations/Configurations/Wacom/PTH-651.json,65,46,111,1606,1052,438,266,ok,55.559481
JSON,30-100,OpenTabletDriver-OpenTabletDriver,8a6495961d02d53d87f825a857da28fb03895ca5,OpenTabletDriver.Configurations/Configurations/Wacom/PTZ-930.json,58,46,104,1321,962,376,266,ok,48.146733
JSON,30-100,OpenTabletDriver-OpenTabletDriver,8a6495961d02d53d87f825a857da28fb03895ca5,OpenTabletDriver.Configurations/Configurations/XP-Pen/Artist 12 Pro.json,40,33,73,854,654,259,195,ok,22.17254
JSON,30-100,OpenTabletDriver-OpenTabletDriver,8a6495961d02d53d87f825a857da28fb03895ca5,OpenTabletDriver.Configurations/Configurations/XP-Pen/Artist 16 Pro.json,40,33,73,855,655,259,195,ok,22.304132
JSON,30-100,OpenTabletDriver-OpenTabletDriver,8a6495961d02d53d87f825a857da28fb03895ca5,OpenTabletDriver.Configurations/Configurations/XP-Pen/CT640.json,50,37,87,1172,803,338,218,ok,34.271871000000004
JSON,30-100,OpenTabletDriver-OpenTabletDriver,8a6495961d02d53d87f825a857da28fb03895ca5,OpenTabletDriver.Configurations/Configurations/XP-Pen/Deco L.json,40,33,73,857,657,259,195,ok,25.117003
JSON,30-100,OpenTabletDriver-OpenTabletDriver,8a6495961d02d53d87f825a857da28fb03895ca5,OpenTabletDriver.Configurations/Configurations/XP-Pen/Star 05 V3.json,40,33,73,844,644,259,195,ok,22.150043
JSON,30-100,OpenTabletDriver-OpenTabletDriver,90fdcf060d6cebbf4e5e1daa61b63be9a4ddd099,OpenTabletDriver.Configurations/Configurations/Huion/New 1060 Plus (2048).json,56,56,112,1290,1284,351,351,ok,57.223974
JSON,30-100,OpenTabletDriver-OpenTabletDriver,90fdcf060d6cebbf4e5e1daa61b63be9a4ddd099,OpenTabletDriver.Configurations/Configurations/Huion/WH1409 V2.json,41,41,82,868,860,256,256,ok,28.48438
JSON,30-100,OpenTabletDriver-OpenTabletDriver,90fdcf060d6cebbf4e5e1daa61b63be9a4ddd099,OpenTabletDriver.Configurations/Configurations/Wacom/CTE-640.json,50,50,100,1175,1171,327,327,ok,48.907807
JSON,30-100,OpenTabletDriver-OpenTabletDriver,90fdcf060d6cebbf4e5e1daa61b63be9a4ddd099,OpenTabletDriver.Configurations/Configurations/Wacom/PTZ-630.json,56,56,112,1277,1273,356,356,ok,59.171417
JSON,30-100,OpenTabletDriver-OpenTabletDriver,90fdcf060d6cebbf4e5e1daa61b63be9a4ddd099,OpenTabletDriver.Configurations/Configurations/XP-Pen/CT640.json,48,48,96,1130,1124,318,318,ok,49.051966
JSON,30-100,OpenTabletDriver-OpenTabletDriver,90fdcf060d6cebbf4e5e1daa61b63be9a4ddd099,OpenTabletDriver.Configurations/Configurations/XP-Pen/Star G430.json,54,54,108,1233,1229,343,343,ok,55.850346
JSON,30-100,OpenTabletDriver-OpenTabletDriver,ae48e8546b8bf83908724f4ae5e75f0f0719463c,OpenTabletDriver.Configurations/Configurations/Gaomon/M1230.json,56,58,114,1282,1330,351,371,ok,63.270852000000005
JSON,30-100,OpenTabletDriver-OpenTabletDriver,ae48e8546b8bf83908724f4ae5e75f0f0719463c,OpenTabletDriver.Configurations/Configurations/Huion/GC610.json,56,58,114,1269,1317,351,371,ok,61.373526
JSON,30-100,OpenTabletDriver-OpenTabletDriver,ae48e8546b8bf83908724f4ae5e75f0f0719463c,OpenTabletDriver.Configurations/Configurations/Huion/H610 Pro.json,56,58,114,1272,1320,351,371,ok,61.427986
JSON,30-100,OpenTabletDriver-OpenTabletDriver,ae48e8546b8bf83908724f4ae5e75f0f0719463c,OpenTabletDriver.Configurations/Configurations/Huion/Kamvas Pro 16 Plus (4k).json,37,38,75,820,844,237,247,ok,25.7471
JSON,30-100,OpenTabletDriver-OpenTabletDriver,ae48e8546b8bf83908724f4ae5e75f0f0719463c,OpenTabletDriver.Configurations/Configurations/Huion/Kamvas Pro 24 (4K).json,39,40,79,849,873,247,257,ok,27.471366
JSON,30-100,OpenTabletDriver-OpenTabletDriver,ae48e8546b8bf83908724f4ae5e75f0f0719463c,OpenTabletDriver.Configurations/Configurations/Parblo/A610.json,42,43,85,877,901,256,266,ok,29.642611
JSON,30-100,OpenTabletDriver-OpenTabletDriver,ae48e8546b8bf83908724f4ae5e75f0f0719463c,OpenTabletDriver.Configurations/Configurations/Wacom/CTL-680.json,62,65,127,1521,1593,408,438,ok,84.88675599999999
JSON,30-100,OpenTabletDriver-OpenTabletDriver,ae48e8546b8bf83908724f4ae5e75f0f0719463c,OpenTabletDriver.Configurations/Configurations/Wacom/PTH-650.json,62,65,127,1531,1603,408,438,ok,85.41556
JSON,30-100,OpenTabletDriver-OpenTabletDriver,ae48e8546b8bf83908724f4ae5e75f0f0719463c,OpenTabletDriver.Configurations/Configurations/XP-Pen/Deco 01 V2.json,57,59,116,1303,1351,368,388,ok,69.237986
JSON,30-100,OpenTabletDriver-OpenTabletDriver,ae48e8546b8bf83908724f4ae5e75f0f0719463c,OpenTabletDriver.Configurations/Configurations/XP-Pen/Star G430S.json,39,40,79,823,847,250,260,ok,28.252603
JSON,30-100,OpenTabletDriver-OpenTabletDriver,e0352c5e8bef0e2d1dcc914090f1eaba1b616d13,.vscode/launch.json,54,38,92,1955,1630,451,306,ok,74.335418
JSON,30-100,OpenTabletDriver-OpenTabletDriver,f45a722124ce1a1e04db5fe41bcb768f1b852582,OpenTabletDriver.Configurations/Configurations/Wacom/XD-1218-U.json,52,52,104,1225,1225,338,338,ok,52.226417
JSON,30-100,ROCm-rocPRIM,678701d13b9c1464d59843ead73816acb1716008,scripts/autotune/fallback_config.json,53,52,105,1516,1461,327,316,ok,69.47912000000001
JSON,30-100,ValveSoftware-openvr,9ebbda4af0da163b0606c8b88da4cde6bb3b85f0,samples/bin/hellovr_bindings_vive_controller.json,94,94,188,2898,1991,563,563,ok,319.08480299999997
JSON,30-100,Yelp-swagger_spec_validator,b6b5de6ddd8920409e34627537fae52bd7f9afc7,tests/data/v2.0/test_complicated_refs/paths/paths.json,7,38,45,113,880,32,217,ok,3.166353
JSON,30-100,antlr-antlr4,2a7904a595479954ccfb1c78124fc3d7f5bebcb1,runtime/JavaScript/package.json,72,73,145,1769,1834,595,606,ok,134.002069
JSON,30-100,aws-serverless-application-model,79cf1865498ed55a63c98d973d9edd6ac18a4aa4,tests/translator/output/aws-us-gov/function_with_function_url_config_without_cors_config.json,93,82,175,2192,1894,582,503,ok,243.97317099999998
JSON,30-100,aws-session-manager-plugin,85e98e418e220aa0e351d48294df6a6ed51ac326,vendor/src/github.com/aws/aws-sdk-go/models/apis/qconnect/2020-10-19/paginators-1.json,64,70,134,1778,1970,542,595,ok,176.624755
JSON,30-100,bats-core-bats-assert,78fa631d1370562d2cd4a1390989e706158e7bf0,package.json,48,51,99,1207,1247,334,354,ok,35.339605000000006
JSON,30-100,cheshirekow-cmake_format,0b2f636ffb4ec074e58a508822535ae4d2229426,cmakelang/vscode_extension/package.json,89,89,178,3027,3024,630,630,ok,232.88549
JSON,30-100,composer-xdebug-handler,075553375c6c8d4675734a89aee3746ab1826769,composer.json,44,44,88,1125,1128,312,312,ok,34.130575
JSON,30-100,composer-xdebug-handler,b8672dcbdf8c461e8b55c22f9f69d8621d7c6040,composer.json,42,43,85,1043,1074,290,301,ok,30.483073
JSON,30-100,containers-common,6b8a310edcfd0b88c1c1783cc6d247083bde7de0,vendor/go.opentelemetry.io/otel/renovate.json,26,30,56,573,689,175,203,ok,14.551947
JSON,30-100,containers-prometheus-podman-exporter,0166b4de49dcd27b761ce09c9fa77641cd11dddf,vendor/go.opentelemetry.io/otel/renovate.json,26,30,56,573,689,175,203,ok,15.125076
JSON,30-100,cowsql-raft,a14a5cb98896a0fbf38792e91c59b08d8b4ca3eb,amalgamation.json,56,56,112,1046,1049,277,277,ok,23.892501
JSON,30-100,cucumber-tag-expressions,b9e8e62884b9df0b7d21f5f0f476110250b33d10,javascript/package.json,71,71,142,2256,2256,627,627,ok,134.941193
JSON,30-100,dweymouth-supersonic,2d6c4d7d1ec1a12b4e4fe706a92c7f900e347ee3,.devcontainer/devcontainer.json,23,31,54,868,1191,160,195,ok,11.384917
JSON,30-100,exeldro-obs-source-record,759cc6a1afdacbc674957319ef53d1663406fe15,buildspec.json,83,83,166,3714,3714,655,655,ok,248.32182
JSON,30-100,gabmus-razerCommander,0cb34196847f370447fcd27f16f154e979784730,dist/flatpak/org.gabmus.razercommander.json,33,37,70,791,936,193,213,ok,15.666362
JSON,30-100,gabmus-razerCommander,1170586706545f6dc0f88f6452cc59ade43bdfae,dist/flatpak/org.gabmus.razercommander.json,99,92,191,3574,3389,601,581,ok,210.444328
JSON,30-100,geospace-code-pymap3d,d5e998e6725ac38a12fe3d8921cf6644d6665046,codemeta.json,34,29,63,1038,852,272,217,ok,19.306119
JSON,30-100,gleam-lang-tree-sitter-gleam,a885918912b30b4129fa24958c3a73bac0f9234f,package.json,46,49,95,1092,1150,334,354,ok,40.140992
JSON,30-100,google-yapf,9953ac941d9f36a2a73c84b4522ac941b873ddc1,.vscode/settings.default.json,30,33,63,907,974,193,207,ok,12.718287
JSON,30-100,gsl-lite-gsl-lite,6dab3d2c0fbad000081d803d583deee7dead3db8,CMakePresets.json,85,85,170,3829,3869,796,806,ok,404.227504
JSON,30-100,json-parser-json-parser,8594d7ddde3b1865b4718c5eea65fff0e3d6b3e1,bindings/python/example/test.json,88,88,176,3468,3463,829,829,ok,639.512305
JSON,30-100,json-parser-json-parser,8594d7ddde3b1865b4718c5eea65fff0e3d6b3e1,tests/invalid-0003.json,88,88,176,3468,3463,831,831,ok,638.058437
JSON,30-100,kellyjonbrazil-jc,53dd28b65eb729e571fcb8b657abb88900249469,tests/fixtures/windows/windows-10/wg_show.json,94,1,95,2466,1822,625,625,ok,208.25961800000002
JSON,30-100,kubernetes-kops,1f466760579961dc211699ada6b5aa37c91ab32a,vendor/github.com/aws/aws-sdk-go-v2/service/sts/generated.json,43,45,88,1512,1598,257,267,ok,21.881536999999998
JSON,30-100,ladislav-zezula-StormLib,630de2ee1925d1d1b9bf1404e189a5a319ee3c1e,.vscode/launch.json,34,34,68,1160,1165,217,217,ok,27.588053000000002
JSON,30-100,life4-textdistance,43aa2d8fe52c9e5c75fa24c5811ace0a9e5d1170,textdistance/libraries.json,88,80,168,1279,1161,295,269,ok,31.151031
JSON,30-100,life4-textdistance,bbf8713b3668a94be3bcd6bb1cdbaddd6d624ff2,textdistance/libraries.json,80,96,176,1132,1405,269,321,ok,33.587407
JSON,30-100,lsp-plugins-lsp-plugins,c7742a88d4a5aea6c313ad249731791087b4c0c6,res/i18n/us/actions.json,70,71,141,1239,1300,501,512,ok,71.783702
JSON,30-100,marhkb-pods,754cccf69b1e1c0acfd1e9e248218ed31ed371a0,build-aux/com.github.marhkb.Pods.Devel.json,84,84,168,2433,2433,496,496,ok,112.45799600000001
JSON,30-100,marhkb-pods,f7da150c7d24818f5917378bc329b8c4343f343c,build-aux/com.github.marhkb.Pods.Devel.json,84,84,168,2433,2433,496,496,ok,115.455855
JSON,30-100,mathjax-MathJax,264e114bde9a2a822ed7c8d2d4f0a68e442b47c2,package.json,56,56,112,2581,2674,459,459,ok,70.572761
JSON,30-100,mdp-rotp,b38a738eb53c06b67ba0bab0730092d34abbf260,.devcontainer/devcontainer.json,37,41,78,1143,1274,122,151,ok,7.093285000000001
JSON,30-100,mermaid-js-mermaid.git,5324fd8dfdf7a158cf487341d9e35c7fd3bd3b2f,packages/mermaid/src/docs/package.json,41,41,82,1299,1299,390,390,ok,55.761103999999996
JSON,30-100,neovim-tree-sitter-vimdoc,016ad75faa854e4e13bc40c517015183b795eed9,package-lock.json,47,47,94,1541,1553,352,352,ok,61.467735000000005
JSON,30-100,neovim-tree-sitter-vimdoc,3320dbde72cc01d9dd7e51babebd60a72ce04255,package.json,33,57,90,772,1278,236,399,ok,28.715015
JSON,30-100,neovim-tree-sitter-vimdoc,9dd10380ab0dd11720da8c9613319c3d17c8e874,package-lock.json,47,47,94,1553,1541,352,352,ok,60.190374
JSON,30-100,novnc-noVNC,6002d57a88820e500dcfb70042602de86d58736c,app/locale/fr.json,72,82,154,3031,3908,773,899,ok,175.833607
JSON,30-100,plotly-plotly.py,58cb13a13dd885ea3336966a054c01d99d4a54b7,plotly/labextension/package.json,39,39,78,1367,1367,329,329,ok,35.179831
JSON,30-100,popcorn-official-popcorn-desktop,5e575c74a66ca4ec1ddc0c77fa2a89dbc2bb3635,crates/popcorntime-tauri/capabilities/default.json,40,46,86,1078,1217,215,243,ok,20.575776
JSON,30-100,popcorn-official-popcorn-desktop,b357512a1c283d1bcb082b3fe4ed81a955cd4961,apps/desktop/package.json,70,70,140,2046,2046,709,709,ok,184.35563599999998
JSON,30-100,prometheus-prometheus,63fb211946a4c6ae33ac32626eab39027838cace,web/ui/module/codemirror-promql/package.json,64,64,128,1834,1835,538,538,ok,92.124335
JSON,30-100,prometheus-prometheus,7f2e7c86f800230ce13ce022cddaeba7cd2a9cc1,web/ui/module/codemirror-promql/package.json,64,64,128,1835,1835,538,538,ok,99.05951
JSON,30-100,prometheus-prometheus,9ec59baffb547e24f1468a53eb82901e58feabd8,web/ui/mantine-ui/package.json,74,74,148,2375,2375,753,753,ok,220.60078199999998
JSON,30-100,prometheus-prometheus,a2ba619612efe138533a6c2279397134fbdc143d,web/ui/module/codemirror-promql/package.json,64,64,128,1835,1835,538,538,ok,91.821579
JSON,30-100,prometheus-prometheus,decde0b3648ad9ececb868a8b7a3e298db0cbf4b,web/ui/mantine-ui/package.json,74,74,148,2393,2393,753,753,ok,218.61517899999998
JSON,30-100,prometheus-prometheus.git,71eab074ce787043523fa518c470b8a8d9db103a,web/ui/package.json,32,32,64,820,820,266,266,ok,23.376483999999998
JSON,30-100,prusa3d-libbgcode,d8012def0cbffc754fafed3301d81bfdbdc37161,deps/CMakePresets.json,57,57,114,1581,1597,394,394,ok,90.120554
JSON,30-100,richgel999-miniz,6cfbb0d1d8a3345c3c51d170536c021024eabd44,CMakePresets.json,31,31,62,641,641,224,224,ok,23.401431
JSON,30-100,richgel999-miniz,fa8ef4584bf2658e32c2e3abd2e0b3cfcb11076a,CMakePresets.json,31,31,62,642,641,226,224,ok,23.869108
JSON,30-100,rubjo-victor-mono,7bdee392369701996844b80782519fea11da91f3,package.json,77,77,154,2059,2059,658,658,ok,148.047585
JSON,30-100,sonnyp-Tangram,fee6bf5acec8e7ae514e0cde2ee675f09b805cd6,re.sonny.Tangram.json,38,37,75,893,866,272,261,ok,34.084573
JSON,30-100,sorayuki-obs-multi-rtmp,03f4fecf44c1fdb0d35cf267cf77117870de2a39,buildspec.json,48,48,96,1833,1833,366,366,ok,64.274531
JSON,30-100,staltz-manyverse,3c5ae249966a3278e0e137ea0e5a7b48a572a8a0,src/backend/package.json,78,78,156,2198,2198,774,774,ok,229.310734
JSON,30-100,standardnotes-app,5e53ec3ff7bc0ba56209a50c4af5886c1d3eeb3c,packages/mobile/package.json,82,82,164,3643,3643,815,815,ok,253.674709
JSON,30-100,stsquad-emacs_chrome,ccc8890018c23b42ac6c7c7d600b8a59d18f31eb,manifest.json,67,67,134,1476,1470,445,445,ok,89.46744199999999
JSON,30-100,symfony-filesystem,4ccce1620b23004348991d38558842a840b33c8e,composer.json,30,30,60,773,773,227,227,ok,18.201733
JSON,30-100,symfony-finder,1bb60aa99f06979e6078007a812eb7c5ffc8efc2,composer.json,31,31,62,761,766,225,225,ok,17.775962999999997
JSON,30-100,tkashkin-GameHub,3f2a373b0c00dfa961b2b2087396f6f7ca0e95e8,data/share/tweaks/proton.json,67,80,147,1666,2094,528,632,ok,151.789634
JSON,30-100,tree-sitter-grammars-tree-sitter-lua,3fa47ca7aa385c23d6bc4952bd019761fd5f368e,package.json,46,48,94,1043,1019,310,320,ok,32.976951
JSON,30-100,tree-sitter-grammars-tree-sitter-lua,99fc677e6971c425e8d407f59c77ab897e585c92,package.json,61,62,123,1343,1359,421,426,ok,61.712215
JSON,30-100,tree-sitter-grammars-tree-sitter-markdown,071b3b70baad138aa28832cf02d16ca48f2e6f4d,package.json,54,55,109,1225,1249,370,375,ok,42.247711
JSON,30-100,tree-sitter-grammars-tree-sitter-markdown,1c8dea73bc0c996d92dd9ebc30dd388716b1c5db,package.json,75,75,150,1882,1882,506,506,ok,97.72221
JSON,30-100,tree-sitter-grammars-tree-sitter-markdown,afaa4138517363362f54c89330c9d79391e81168,package.json,55,55,110,1249,1249,375,375,ok,41.795792
JSON,30-100,tree-sitter-grammars-tree-sitter-query,892ebd701a79be0412ff1478177030a725d0c7b7,package.json,50,50,100,1071,1071,339,339,ok,34.285094
JSON,30-100,tree-sitter-tree-sitter-c,091093731389448e10822dd140621cfec1ff96b2,tree-sitter.json,44,44,88,846,846,297,297,ok,41.67413
JSON,30-100,tree-sitter-tree-sitter-c,7dd61dc9d1b3022fdd6ac8881841f1bc053b09b6,package.json,53,60,113,1173,1280,372,417,ok,47.742144
JSON,30-100,tree-sitter-tree-sitter-c,ec69f91b23dd8630d68710b911d77127146ff7ef,tree-sitter.json,44,44,88,846,846,297,297,ok,44.108939
JSON,30-100,tree-sitter-tree-sitter-cpp,fd83bb2861bf5552857dede031975094284a5bc2,package.json,54,61,115,1215,1320,383,428,ok,50.68324
JSON,30-100,tree-sitter-tree-sitter-css,1619d4a5876c35640510eb621bf0037b751a218f,package.json,56,66,122,1249,1393,386,451,ok,53.19185
JSON,30-100,tree-sitter-tree-sitter-go,3c3775faa968158a8b4ac190a7fda867fd5fb748,package.json,60,60,120,1284,1284,417,417,ok,62.543763000000006
JSON,30-100,tree-sitter-tree-sitter-go,3e0062a534859b0c2f0ef7dc4fb6d11f8a0903c3,tree-sitter.json,41,41,82,786,786,273,273,ok,35.435061
JSON,30-100,tree-sitter-tree-sitter-go,5f564e3d6c85c1caa311227448a9839532013840,package.json,60,60,120,1284,1284,417,417,ok,57.494975
JSON,30-100,tree-sitter-tree-sitter-haskell,6b5ec205c9d4f23eb36a163f1edc4f2db8c98e4a,package.json,39,40,79,915,916,294,298,ok,29.970329
JSON,30-100,tree-sitter-tree-sitter-html,d742025fa2d8e6100f134a6ea990443aa1f074b3,package.json,53,53,106,1287,1287,354,354,ok,47.645066
JSON,30-100,tree-sitter-tree-sitter-json,4fa51a0a5397cee21951fc7f3a1874fca804f2e0,tree-sitter.json,36,36,72,676,676,237,237,ok,25.660245000000003
JSON,30-100,tree-sitter-tree-sitter-ocaml,db3f1622737c7e29699ecb8351f96c7cdfcc8643,tree-sitter.json,66,66,132,1566,1566,484,484,ok,123.10515199999999
JSON,30-100,tree-sitter-tree-sitter-php,182f034cd19a2f41f751eee0d57378fbfc96ab3a,package.json,78,78,156,1634,1633,509,509,ok,93.792624
JSON,30-100,tree-sitter-tree-sitter-ql,b7cb29dc26f7bad14b3e0e072eeacc387564632d,package.json,45,45,90,1025,1000,316,316,ok,33.228078000000004
JSON,30-100,tree-sitter-tree-sitter-regex,6682a508bccf68d38838f36ec2b3ad7485a88aaf,package.json,53,53,106,1189,1189,372,372,ok,41.392696
JSON,30-100,tree-sitter-tree-sitter-rust,18b0515fca567f5a10aee9978c6d2640e878671a,package.json,64,64,128,1374,1374,442,442,ok,66.28376499999999
JSON,30-100,tree-sitter-tree-sitter-typescript,9230875b05158461ae83001065252d2450efc7e0,package.json,59,59,118,1373,1373,396,396,ok,46.790583
JSON,30-100,trojan-gfw-trojan,cec31d386eb722eb020c434685b08f6c944824cb,tests/LinuxSmokeTest/fake-client.json,30,30,60,653,654,225,225,ok,17.905737000000002
JSON,30-100,vsajip-sarge,8cc897421d13ff800ffa59e0147cc8fe7dbe2a1f,package.json,67,65,132,2392,2291,416,406,ok,114.00569300000001
JSON,30-100,yt-dlg-yt-dlg,7b9038fcfd509ccc9209b66ef2faafbcb3752c20,docs/yt-dlg_mpdev.json,61,60,121,1990,1944,475,462,ok,96.07047
JSON,30-100,zeroc-ice-ice,d192440f33119b623333df6572e82ed399b96c8d,js/package.json,73,73,146,2086,2086,618,618,ok,134.479451
JSON,30-100,zetacomponents-Base,d39f116cfafaf4537e23b84fed7bf70b0f1a8c94,composer.json,47,48,95,1042,1077,250,261,ok,26.274019
JSON,30-100,zetacomponents-ConsoleTools,7c39fe029296e4c302f5f3c6a251ee3f3a7d36df,composer.json,56,56,112,1289,1289,304,304,ok,35.218548000000006
JSON,300-1000,AdaCore-ada_language_server,38743e231cf32c2d3ef5de8f9250cf1f470d25f9,testsuite/gpr_lsp/completion_package_resolve/test.json,458,458,916,12392,12397,2798,2803,timed_out,
JSON,300-1000,AdaCore-ada_language_server,38743e231cf32c2d3ef5de8f9250cf1f470d25f9,testsuite/gpr_lsp/invalid_file_name_support/test.json,456,456,912,12806,12811,2760,2765,timed_out,
JSON,300-1000,AdguardTeam-AdGuardHome,1ab9930aa588e385f5a12d561e5ab078c27ce05b,client/src/__locales/en.json,762,762,1524,52763,52733,8508,8508,timed_out,
JSON,300-1000,CleverRaven-Cataclysm-DDA,02a59fe7968cb2cb247fde6d8314318392e87c50,data/json/items/armor/bespoke_armor/custom_storage.json,681,680,1361,22344,22320,6500,6492,timed_out,
JSON,300-1000,CleverRaven-Cataclysm-DDA,02a59fe7968cb2cb247fde6d8314318392e87c50,data/json/items/armor/combat_exoskeleton.json,567,564,1131,20336,20270,6488,6464,timed_out,
JSON,300-1000,CleverRaven-Cataclysm-DDA,94e17f0b8be1f806c71a82cfbe3b564151ce5422,data/json/items/tool/fire.json,433,424,857,17396,17262,5453,5421,timed_out,
JSON,300-1000,CleverRaven-Cataclysm-DDA,977c86c6551e666bf35660cd146be258f1b985ee,data/json/recipes/food/junkfood.json,698,646,1344,24084,22447,9747,9113,timed_out,
JSON,300-1000,GNS3-gns3-gui,8a5ab6b37475bbf59e215f718cc65603377cc858,gns3/schemas/appliance_v8.json,851,919,1770,21909,23731,5406,6020,timed_out,
JSON,300-1000,GPUOpen-Drivers-xgl,393503c25d5cf32828bc6d954a3a218dbcbfd085,icd/settings/experiments_settings_xgl.json,287,305,592,7705,8323,1879,2001,timed_out,
JSON,300-1000,Governikus-AusweisApp,56b0aaa38a10af035b591fba2b1a222960741663,resources/updatable-files/supported-readers.json,730,757,1487,27693,29871,6187,6548,timed_out,
JSON,300-1000,HaxeFoundation-haxe-debian,4e0f7246027c35cf5c85a195e47fdcf1de47fabc,src-json/define.json,783,790,1573,20824,20965,6550,6608,timed_out,
JSON,300-1000,KDAB-KDDockWidgets,fd2567aed7c116a69065e8051bff5c548d5efc30,CMakePresets.json,761,773,1534,21441,21760,5557,5638,timed_out,
JSON,300-1000,KRTirtho-spotube,91871d0d2632370720db0f00ceb157e3cfd134e2,untranslated_messages.json,677,729,1406,14744,15680,3227,3487,timed_out,
JSON,300-1000,LPCIC-elpi,ea3328a0d4298a9b658c1ef6e329ab916d356895,tests/sources/trace4.elab.json,675,675,1350,17303,17303,3894,3894,timed_out,
JSON,300-1000,LPCIC-elpi,ea3328a0d4298a9b658c1ef6e329ab916d356895,tests/sources/trace_w.json,619,619,1238,97411,97411,42426,42426,timed_out,
JSON,300-1000,LPCIC-elpi,fd3d3db38e7c6f0fc28d1b4afdb2602f2f94c936,tests/sources/trace2.elab.json,545,545,1090,14362,14362,3697,3697,timed_out,
JSON,300-1000,Maratyszcza-PeachPy,bc313953229afa16979d408d488de4e5be044995,codegen/x86_64.json,377,378,755,16875,16907,6181,6191,timed_out,
JSON,300-1000,NickvisionApps-Denaro,4d8e489ffd80be253313b88c9a3e4aecbb2f6aaf,NickvisionMoney.GNOME/nuget-sources.json,954,982,1936,54516,56095,7891,8123,timed_out,
JSON,300-1000,NickvisionApps-Tagger,3b665498bcda81678ca7a12adecd0795767742a0,NickvisionTagger.GNOME/nuget-sources.json,765,765,1530,43659,43659,6325,6325,timed_out,
JSON,300-1000,NickvisionApps-Tagger,af7b57afc2526abaa850d65863e588cfc1ada422,NickvisionTagger.GNOME/nuget-sources.json,765,765,1530,43659,43659,6325,6325,timed_out,
JSON,300-1000,RazrFalcon-svgcleaner,06e743da54c01b71ab6dca9ea804298180df6049,tools/files-testing/data/W3C_SVG_11_TestSuite.json,266,373,639,6912,9538,1534,2151,timed_out,
JSON,300-1000,RazrFalcon-svgcleaner,06e743da54c01b71ab6dca9ea804298180df6049,tools/files-testing/data/oxygen.json,935,303,1238,26558,8295,5245,1660,timed_out,
JSON,300-1000,RocketChat-Rocket.Chat.Electron,0e7d83efb67f62dbea3f0ffc244153c9dcd5c543,src/i18n/fr.i18n.json,385,411,796,17276,17972,3470,3704,timed_out,
JSON,300-1000,RocketChat-Rocket.Chat.Electron,76c69971616f513699900acd723a07d5fb162624,src/i18n/hu.i18n.json,442,454,896,20122,20746,3969,4075,timed_out,
JSON,300-1000,astrada-gapi-ocaml,683f2a4a99ce1effa0411a37b478683848cedd98,src/test/test_data/test_directory_list.json,533,533,1066,18622,18622,4229,4229,timed_out,
JSON,300-1000,aws-serverless-application-model,463d5eb05825626620e3843ba70f4d8afdb7d6dc,tests/translator/output/aws-us-gov/function_with_runtime_config.json,326,326,652,8235,8241,1872,1872,timed_out,
JSON,300-1000,aws-serverless-application-model,463d5eb05825626620e3843ba70f4d8afdb7d6dc,tests/translator/output/state_machine_with_sam_policy_templates.json,491,491,982,16805,16806,2996,2996,timed_out,
JSON,300-1000,aws-serverless-application-model,4ff61a5493e7099f893407737a9862d1d216fe32,tests/translator/output/aws-cn/function_with_tracing.json,541,541,1082,14796,14796,3153,3153,timed_out,
JSON,300-1000,aws-serverless-application-model,4ff61a5493e7099f893407737a9862d1d216fe32,tests/translator/output/aws-us-gov/connector_function_to_table.json,392,392,784,10234,10234,1970,1970,timed_out,
JSON,300-1000,aws-serverless-application-model,4ff61a5493e7099f893407737a9862d1d216fe32,tests/translator/output/aws-us-gov/embedded_connectors_function_to.json,878,878,1756,22986,22986,4262,4262,timed_out,
JSON,300-1000,aws-serverless-application-model,4ff61a5493e7099f893407737a9862d1d216fe32,tests/translator/output/aws-us-gov/function_with_propagate_tags_and_no_tags.json,470,470,940,12358,12358,2855,2855,timed_out,
JSON,300-1000,aws-serverless-application-model,4ff61a5493e7099f893407737a9862d1d216fe32,tests/translator/output/aws-us-gov/function_with_tracing.json,541,541,1082,14928,14928,3153,3153,timed_out,
JSON,300-1000,aws-serverless-application-model,4ff61a5493e7099f893407737a9862d1d216fe32,tests/translator/output/connector_function_to_table.json,392,392,784,10227,10227,1970,1970,timed_out,
JSON,300-1000,aws-session-manager-plugin,85e98e418e220aa0e351d48294df6a6ed51ac326,vendor/src/github.com/aws/aws-sdk-go/models/apis/acm-pca/2017-08-22/docs-2.json,972,979,1951,109933,111752,7159,7210,timed_out,
JSON,300-1000,aws-session-manager-plugin,85e98e418e220aa0e351d48294df6a6ed51ac326,vendor/src/github.com/aws/aws-sdk-go/models/apis/appconfigdata/2021-11-11/endpoint-tests-1.json,563,613,1176,18773,20581,3435,3749,timed_out,
JSON,300-1000,aws-session-manager-plugin,85e98e418e220aa0e351d48294df6a6ed51ac326,vendor/src/github.com/aws/aws-sdk-go/models/apis/batch/2016-08-10/endpoint-rule-set-1.json,400,364,764,21548,16850,2161,1963,timed_out,
JSON,300-1000,aws-session-manager-plugin,85e98e418e220aa0e351d48294df6a6ed51ac326,vendor/src/github.com/aws/aws-sdk-go/models/apis/connectparticipant/2018-09-07/api-2.json,789,792,1581,19757,19842,7134,7158,timed_out,
JSON,300-1000,aws-session-manager-plugin,85e98e418e220aa0e351d48294df6a6ed51ac326,vendor/src/github.com/aws/aws-sdk-go/models/apis/connectparticipant/2018-09-07/endpoint-rule-set-1.json,339,339,678,15357,15357,1830,1830,timed_out,
JSON,300-1000,aws-session-manager-plugin,85e98e418e220aa0e351d48294df6a6ed51ac326,vendor/src/github.com/aws/aws-sdk-go/models/apis/emr-serverless/2021-07-13/docs-2.json,862,984,1846,41909,49004,5885,6803,timed_out,
JSON,300-1000,aws-session-manager-plugin,85e98e418e220aa0e351d48294df6a6ed51ac326,vendor/src/github.com/aws/aws-sdk-go/models/apis/iam/2010-05-08/endpoint-tests-1.json,542,575,1117,18702,19907,3311,3507,timed_out,
JSON,300-1000,aws-session-manager-plugin,85e98e418e220aa0e351d48294df6a6ed51ac326,vendor/src/github.com/aws/aws-sdk-go/models/apis/launch-wizard/2018-05-10/docs-2.json,373,501,874,16029,23759,2500,3417,timed_out,
JSON,300-1000,aws-session-manager-plugin,85e98e418e220aa0e351d48294df6a6ed51ac326,vendor/src/github.com/aws/aws-sdk-go/models/apis/pi/2018-02-27/docs-2.json,720,737,1457,61280,63311,4957,5065,timed_out,
JSON,300-1000,aws-session-manager-plugin,85e98e418e220aa0e351d48294df6a6ed51ac326,vendor/src/github.com/aws/aws-sdk-go/models/apis/polly/2016-06-10/docs-2.json,544,544,1088,32883,32597,3724,3736,timed_out,
JSON,300-1000,aws-session-manager-plugin,85e98e418e220aa0e351d48294df6a6ed51ac326,vendor/src/github.com/aws/aws-sdk-go/models/apis/savingsplans/2019-06-28/endpoint-rule-set-1.json,401,365,766,20442,16136,2150,1952,timed_out,
JSON,300-1000,aws-session-manager-plugin,85e98e418e220aa0e351d48294df6a6ed51ac326,vendor/src/github.com/aws/aws-sdk-go/models/apis/secretsmanager/2017-10-17/endpoint-tests-1.json,678,678,1356,22807,22819,4144,4144,timed_out,
JSON,300-1000,aws-session-manager-plugin,85e98e418e220aa0e351d48294df6a6ed51ac326,vendor/src/github.com/aws/aws-sdk-go/models/apis/secretsmanager/2017-10-17/examples-1.json,629,686,1315,23373,25578,4232,4648,timed_out,
JSON,300-1000,backtracking-ocamlgraph,7f32330ce0ed890f29dca589fb947e0c81437583,ThreatDragonModels/New Threat Model/New Threat Model.json,671,691,1362,20258,20767,4662,4768,timed_out,
JSON,300-1000,backtracking-ocamlgraph,d85fe21a118de098e347830124547e46dc8fdc26,ThreatDragonModels/New Threat Model/New Threat Model.json,696,758,1454,20935,22615,4786,5199,timed_out,
JSON,300-1000,cxong-cdogs-sdl,5c7c00a88619f84e9162c3429cf5e43cd56d18ac,data/.wolf3d/N3Ddata.cdogscpn/map_objects.json,437,453,890,8828,9155,3403,3516,timed_out,
JSON,300-1000,dbcli-pgcli,f46d8446a34084cc2532041619d1f08bda7213e7,pgcli/packages/pgliterals/pgliterals.json,630,630,1260,12982,12998,3885,3889,timed_out,
JSON,300-1000,ejgallego-coq-lsp,d9eb91d2c0db7ba7f798f353e19e5c599921605e,editor/code/package.json,498,503,1001,15035,15255,3341,3380,timed_out,
JSON,300-1000,erlang-otp,9600cd1fd5701ab03b900d46b3165dad5ba411ea,vex/otp-28.openvex.json,478,579,1057,11676,14220,2656,3219,timed_out,
JSON,300-1000,facebook-pyrefly,57d92061f3b2071ef5f16b9ac1d93a326b0cbfa2,pyrefly/lib/report/glean/snapshots/exports_all.json,937,937,1874,19080,19080,5179,5179,timed_out,
JSON,300-1000,google-dnsmasq_exporter,7245dc21212f7d78a49ff05baa0364a386bfd6c8,dnsmasq-mixin/dnsmasq-overview.json,670,613,1283,14593,13359,4696,4300,timed_out,
JSON,300-1000,hengband-hengband,16d8cbe87421109ef3c12de090dbdd12937ab515,schema/MonraceDefinitions.schema.json,758,759,1517,34206,34265,4465,4470,timed_out,
JSON,300-1000,iv-org-invidious,fdf0a25b9e356538310f4103850574e8cbb5c226,locales/en-US.json,508,509,1017,23756,23790,5599,5610,timed_out,
JSON,300-1000,jacktrip-jacktrip,03999cfd8abe7c37e642a7cfaf6670ea11213844,releases/edge/mac-manifests.json,495,525,1020,22777,24082,3758,3992,timed_out,
JSON,300-1000,jacktrip-jacktrip,22491255fad6b71a875165d4ddf5943c54410a3f,releases/edge/mac-manifests.json,545,555,1100,24940,25369,4148,4226,timed_out,
JSON,300-1000,jacktrip-jacktrip,22491255fad6b71a875165d4ddf5943c54410a3f,releases/edge/win-manifests.json,545,555,1100,25043,25474,4148,4226,timed_out,
JSON,300-1000,jacktrip-jacktrip,bd8773f3e0388f9668aad7c6379dce35b2a7c160,releases/edge/mac-manifests.json,465,475,940,21472,21901,3524,3602,timed_out,
JSON,300-1000,jesseduffield-lazygit,6edf29b0dc3b1b67d243efef97e3b19748db1e37,pkg/i18n/translations/ru.json,583,582,1165,52069,51826,6390,6379,timed_out,
JSON,300-1000,jmespath-jmespath.rb,65fa47d32cba1ff69a9fb52dc12b4d854d17436a,spec/compliance/functions.json,825,829,1654,18060,18105,6954,6976,timed_out,
JSON,300-1000,jmespath-jmespath.rb,b9167e552b1734a09b2ff75361abb05b10e0c935,spec/compliance/functions.json,829,833,1662,18105,18198,6976,7012,timed_out,
JSON,300-1000,jtesta-ssh-audit,28a1e239868b0498330ce37fc151ee8a0d51b1ed,test/docker/expected_results/openssh_5.6p1_test3.json,481,491,972,14047,14499,2439,2486,timed_out,
JSON,300-1000,justjanne-powerline-go,8ee88a012e6bc79bc03e5b07a9be957b0663b4dd,themes/default.json,336,340,676,5448,5546,2668,2700,timed_out,
JSON,300-1000,kubevirt-kubevirt,7bdffeb713e16c235d14f4f50bd1e3d9b11f44d3,staging/src/kubevirt.io/api/apitesting/testdata/release-1.7/kubevirt.io.v1.KubeVirt.json,926,963,1889,27994,28959,5486,5694,timed_out,
JSON,300-1000,lsp-plugins-lsp-plugins,454e0d9b7e197defde5f0dd0e4cdf226acdd11bb,res/i18n/ru/lists.json,695,697,1392,19694,19761,6338,6360,timed_out,
JSON,300-1000,lsp-plugins-lsp-plugins,454e0d9b7e197defde5f0dd0e4cdf226acdd11bb,res/i18n/us/lists.json,695,697,1392,14812,14862,6338,6360,timed_out,
JSON,300-1000,lsp-plugins-lsp-plugins,ae617c522d71f7eef427696856bb4d78e1f4196a,res/i18n/ru/lists.json,632,648,1280,18193,18553,5765,5891,timed_out,
JSON,300-1000,lsp-plugins-lsp-plugins,d7f94501a71073191292ad8ca3e449a20aa4110b,res/i18n/default/lists.json,694,695,1389,14795,14812,6327,6338,timed_out,
JSON,300-1000,mongodb-mongo-tools,51d601cb4ba723baf306046771f2c6be53a2f3a0,cyclonedx.sbom.json,967,967,1934,25034,25039,6020,6020,timed_out,
JSON,300-1000,mtsmfm-language_server-protocol-ruby,31423c341ff3a3db5d8f2bd8b622e1b6ff75f3b7,package-lock.json,591,594,1185,18743,19135,4630,4663,timed_out,
JSON,300-1000,neovim-tree-sitter-vimdoc,40931b6235e9b0c38067f0ab4b8cd9e53d88c4bc,package-lock.json,647,647,1294,23692,23680,5098,5098,timed_out,
JSON,300-1000,neovim-tree-sitter-vimdoc,6dab95ab84a006e8adfd6966c5fd9dde48224725,src/node-types.json,599,603,1202,9593,9640,3357,3379,timed_out,
JSON,300-1000,neovim-tree-sitter-vimdoc,98a4a670a9bf491dee7d550f1bfad6c237352507,package-lock.json,647,647,1294,23680,23680,5098,5098,timed_out,
JSON,300-1000,neovim-tree-sitter-vimdoc,9f6191a98702edc1084245abd5523279d4b681fb,package-lock.json,647,647,1294,23692,23680,5098,5098,timed_out,
JSON,300-1000,neovim-tree-sitter-vimdoc,b63be26fa571259b512e1939f01755d9d6e78fbd,src/node-types.json,586,590,1176,9445,9490,3259,3281,timed_out,
JSON,300-1000,neovim-tree-sitter-vimdoc,d2e4b5c172a109966c2ce0378f73df6cede39400,src/node-types.json,598,599,1197,9575,9593,3349,3357,timed_out,
JSON,300-1000,owasp-modsecurity-ModSecurity,102275fd01007ff18ca570a0f4de80d82e0a6435,test/test-cases/regression/auditlog.json,599,726,1325,19821,23646,4944,5962,timed_out,
JSON,300-1000,owasp-modsecurity-ModSecurity,d8574c8c082b7dc0c870a3cd826f3af15b1e170d,test/test-cases/regression/auditlog.json,481,481,962,16069,16072,4003,4005,timed_out,
JSON,300-1000,popcorn-official-popcorn-desktop,09d8f92798598f8af3f943de580ba3c58b96fe69,crates/popcorntime-tauri/dictionaries/de.json,547,548,1095,15105,15114,5677,5688,timed_out,
JSON,300-1000,popcorn-official-popcorn-desktop,108e30a11c47fb6bbf3f392349dd37fc3d1dc8dd,crates/popcorntime-tauri/dictionaries/de.json,536,547,1083,14487,15105,5569,5677,timed_out,
JSON,300-1000,popcorn-official-popcorn-desktop,108e30a11c47fb6bbf3f392349dd37fc3d1dc8dd,crates/popcorntime-tauri/dictionaries/fr.json,536,547,1083,14499,15176,5568,5676,timed_out,
JSON,300-1000,popcorn-official-popcorn-desktop,7719aec2469170de4a6022ee56d86a6696c006a6,crates/popcorntime-tauri/dictionaries/da.json,569,570,1139,14950,14972,5879,5890,timed_out,
JSON,300-1000,popcorn-official-popcorn-desktop,7719aec2469170de4a6022ee56d86a6696c006a6,crates/popcorntime-tauri/dictionaries/de.json,569,570,1139,15856,15880,5880,5891,timed_out,
JSON,300-1000,popcorn-official-popcorn-desktop,7719aec2469170de4a6022ee56d86a6696c006a6,crates/popcorntime-tauri/dictionaries/hi.json,569,570,1139,26903,26929,5879,5890,timed_out,
JSON,300-1000,popcorn-official-popcorn-desktop,7719aec2469170de4a6022ee56d86a6696c006a6,crates/popcorntime-tauri/dictionaries/tr.json,569,570,1139,15572,15592,5879,5890,timed_out,
JSON,300-1000,popcorn-official-popcorn-desktop,79258acba2c536afa7037c1dc73eed553759edf2,crates/popcorntime-tauri/dictionaries/ga.json,548,555,1103,15492,15790,5687,5751,timed_out,
JSON,300-1000,popcorn-official-popcorn-desktop,79258acba2c536afa7037c1dc73eed553759edf2,crates/popcorntime-tauri/dictionaries/nl.json,548,555,1103,14600,14884,5687,5751,timed_out,
JSON,300-1000,popcorn-official-popcorn-desktop,79258acba2c536afa7037c1dc73eed553759edf2,crates/popcorntime-tauri/dictionaries/sv.json,548,555,1103,14529,14807,5687,5751,timed_out,
JSON,300-1000,popcorn-official-popcorn-desktop,9f8b319069a6c3f72c94ecd5cb3df73390b885a4,crates/popcorntime-tauri/dictionaries/fr.json,555,569,1124,15516,15987,5751,5879,timed_out,
JSON,300-1000,popcorn-official-popcorn-desktop,9f8b319069a6c3f72c94ecd5cb3df73390b885a4,crates/popcorntime-tauri/dictionaries/ja.json,555,569,1124,18217,18754,5751,5879,timed_out,
JSON,300-1000,popcorn-official-popcorn-desktop,9f8b319069a6c3f72c94ecd5cb3df73390b885a4,crates/popcorntime-tauri/dictionaries/tr.json,555,569,1124,15123,15572,5751,5879,timed_out,
JSON,300-1000,popcorn-official-popcorn-desktop,c8cbdd0714961e8d228b8ef7618b4c7ceea2add9,crates/popcorntime-tauri/dictionaries/fa.json,507,536,1043,16497,18127,5285,5569,timed_out,
JSON,300-1000,popcorn-official-popcorn-desktop,c8cbdd0714961e8d228b8ef7618b4c7ceea2add9,crates/popcorntime-tauri/dictionaries/sv.json,507,536,1043,12754,13857,5285,5568,timed_out,
JSON,300-1000,ratoaq2-trakit,2774dc42b637a2b8fa5d2d99d5d7b854c459e44b,trakit/data/config.json,860,860,1720,21185,21109,9285,9285,timed_out,
JSON,300-1000,redhat-developer-vscode-xml,530271b96e2a6e6116dafb723315d7822c0fb3e6,package.json,900,902,1802,40542,40585,6593,6603,timed_out,
JSON,300-1000,sadko4u-lsp-plugins,5c51434b1c3193b763e4a414259b5c401709d1f0,res/i18n/default/labels.json,588,589,1177,11932,11951,5201,5212,timed_out,
JSON,300-1000,sadko4u-lsp-plugins,ae617c522d71f7eef427696856bb4d78e1f4196a,res/i18n/ru/labels.json,562,565,1127,14710,14769,4952,4985,timed_out,
JSON,300-1000,sadko4u-lsp-plugins,ae617c522d71f7eef427696856bb4d78e1f4196a,res/i18n/ru/lists.json,632,648,1280,18193,18553,5765,5891,timed_out,
JSON,300-1000,sequoia-pgp-sequoia-chameleon-gnupg,3b1290d98576ff5294760d399d2abf0e44b3fb96,tests/gpg/sign/general_purpose/RSA3k.json,773,773,1546,91564,91981,18565,18636,timed_out,
JSON,300-1000,session-foundation-session-desktop,21c4406c0c574e1fea77f1300667d4fae04938a6,_locales/eo/messages.json,867,866,1733,59817,59776,9552,9541,timed_out,
JSON,300-1000,session-foundation-session-desktop,21c4406c0c574e1fea77f1300667d4fae04938a6,_locales/hu/messages.json,957,956,1913,77400,77351,10549,10538,timed_out,
JSON,300-1000,session-foundation-session-desktop,3b788f46e1d8bafebca8a93a6ac1e245ead94ec8,_locales/el/messages.json,782,783,1565,82298,82366,8599,8610,timed_out,
JSON,300-1000,session-foundation-session-desktop,3b788f46e1d8bafebca8a93a6ac1e245ead94ec8,_locales/es-419/messages.json,959,965,1924,73823,74312,10591,10653,timed_out,
JSON,300-1000,session-foundation-session-desktop,3b788f46e1d8bafebca8a93a6ac1e245ead94ec8,_locales/it/messages.json,959,960,1919,72811,72867,10551,10562,timed_out,
JSON,300-1000,session-foundation-session-desktop,3b788f46e1d8bafebca8a93a6ac1e245ead94ec8,_locales/mk/messages.json,771,773,1544,75996,76194,8495,8517,timed_out,
JSON,300-1000,session-foundation-session-desktop,3b788f46e1d8bafebca8a93a6ac1e245ead94ec8,_locales/my/messages.json,771,773,1544,102372,102660,8475,8497,timed_out,
JSON,300-1000,session-foundation-session-desktop,44247c79b040762d7bc1bfa2c9df9988b89ac2c2,package.json,346,346,692,13323,13323,2925,2925,timed_out,
JSON,300-1000,session-foundation-session-desktop,835610258e9c64cd6f1e0428c24580963386a44b,package.json,347,347,694,13413,13413,2947,2947,timed_out,
JSON,300-1000,syncthing-syncthing,a6bcd027399a717022b653c7b3f92e54a8e15248,gui/default/assets/lang/lang-hu.json,520,560,1080,48613,51866,5769,6229,timed_out,
JSON,300-1000,teeworlds-teeworlds,67f2e939a35400eed0a8aa45a92350ff0fa1b0ce,datasrc/editor/automap/desert_main.json,364,364,728,7565,7564,4656,4654,timed_out,
JSON,300-1000,th-ch-youtube-music,8100804ced0612a649dc747cc308b7793f6ceeec,src/i18n/resources/he.json,477,490,967,17438,17983,3584,3688,timed_out,
JSON,300-1000,th-ch-youtube-music,bef8252314e3a0c10c2f349797d4d445a81fa618,src/i18n/resources/sk.json,797,838,1635,27813,29401,6090,6374,timed_out,
JSON,300-1000,tree-sitter-grammars-tree-sitter-lua,a24dab177e58c9c6832f96b9a73102a0cfbced4a,package-lock.json,37,387,424,1134,13525,271,2965,ok,491.803493
JSON,300-1000,tree-sitter-grammars-tree-sitter-markdown,16ba111856618fa79c118f4e8b4ca9e94b041a89,package-lock.json,387,391,778,13535,13614,2965,2996,timed_out,
JSON,300-1000,tree-sitter-grammars-tree-sitter-query,059c7211b8920f7295d62c3f34dd50a7d04cd410,src/grammar.json,707,716,1423,15210,15487,4331,4387,timed_out,
JSON,300-1000,tree-sitter-grammars-tree-sitter-query,059c7211b8920f7295d62c3f34dd50a7d04cd410,src/node-types.json,441,445,886,7199,7276,2453,2475,timed_out,
JSON,300-1000,tree-sitter-grammars-tree-sitter-query,2b3669919b22f1a6e5bfcf3753caaa63fd14e8ec,src/grammar.json,768,768,1536,16493,16481,4699,4691,timed_out,
JSON,300-1000,tree-sitter-grammars-tree-sitter-query,a6b7c87160eedf9cb5ebd8b48a2b3c3874204bf2,src/node-types.json,494,498,992,8130,8211,2748,2770,timed_out,
JSON,300-1000,tree-sitter-grammars-tree-sitter-query,c74a7084a3cb2d5976f9d97e833b4427a1b2cba1,src/grammar.json,716,762,1478,15487,16458,4387,4657,timed_out,
JSON,300-1000,tree-sitter-grammars-tree-sitter-query,d0d9126a9b80a0bb609acdf960d3f1613fc319db,src/grammar.json,707,707,1414,15210,15212,4331,4331,timed_out,
JSON,300-1000,tree-sitter-grammars-tree-sitter-query,d0d9126a9b80a0bb609acdf960d3f1613fc319db,src/node-types.json,441,441,882,7199,7197,2453,2453,timed_out,
JSON,300-1000,tree-sitter-grammars-tree-sitter-query,e6a775551f6e32cc0efd5b822b2987138c338d9b,src/grammar.json,711,706,1417,15271,15117,4359,4320,timed_out,
JSON,300-1000,tree-sitter-grammars-tree-sitter-query,f767fb0ac5e711b6d44c5e0c8d1f349687a86ce0,package-lock.json,647,647,1294,23678,23678,5098,5098,timed_out,
JSON,300-1000,tree-sitter-grammars-tree-sitter-vim,11b688a1f0e97c0c4e3dbabf4a38016335f4d237,package-lock.json,396,396,792,13723,13723,3025,3025,timed_out,
JSON,300-1000,tree-sitter-tree-sitter-haskell,4bbd8e6246f8ec4cdc05fb45f486edba2713b94d,package-lock.json,371,371,742,12864,12866,2834,2834,timed_out,
JSON,300-1000,tree-sitter-tree-sitter-haskell,558b997049fddcb07fc513528189c57d6129a260,package-lock.json,342,342,684,11724,11724,2605,2605,timed_out,
JSON,300-1000,tree-sitter-tree-sitter-haskell,c30d812bc90827f1a54106a25bc9a6307f5cdcec,package-lock.json,342,342,684,11725,11725,2605,2605,timed_out,
JSON,300-1000,tree-sitter-tree-sitter-jsdoc,b2237872e528b8372ed008068f717db66c16a725,src/grammar.json,579,580,1159,12239,12332,3500,3511,timed_out,
JSON,300-1000,tree-sitter-tree-sitter-json,1c5435cb0d85deb68f0eeb46f1ba6f4176ff4a3b,src/grammar.json,711,535,1246,19524,12984,4001,3055,timed_out,
JSON,300-1000,tree-sitter-tree-sitter-ocaml,26bc61c206e7820f9f804b206f7765ffc55cd039,package-lock.json,376,376,752,12926,12926,2873,2873,timed_out,
JSON,300-1000,tree-sitter-tree-sitter-ocaml,5f7a97e9757d8afe6c0b0b5dd8734cf59f35456e,package-lock.json,377,377,754,12950,12950,2884,2884,timed_out,
JSON,300-1000,tree-sitter-tree-sitter-regex,504ec9df17dfddff94bd27d84c022a1c6bf19b4a,src/grammar.json,720,721,1441,15224,15317,4410,4421,timed_out,
JSON,300-1000,tree-sitter-tree-sitter-regex,a74f5ef949d806fafc1da99f084a85918814d495,src/grammar.json,686,686,1372,14556,14566,4199,4204,timed_out,
JSON,300-1000,tree-sitter-tree-sitter-regex,c11997bdb341d169c530621495d53dddecc86b61,src/grammar.json,772,772,1544,16447,16457,4741,4741,timed_out,
JSON,300-1000,volatilityfoundation-volatility3,0dd082b7fda2d762026a823b38ba004819b039be,volatility3/framework/symbols/windows/consoles/consoles-win10-17763-x64.json,659,659,1318,19997,19987,4465,4465,timed_out,
JSON,300-1000,volatilityfoundation-volatility3,0dd082b7fda2d762026a823b38ba004819b039be,volatility3/framework/symbols/windows/consoles/consoles-win10-22621-x64.json,722,681,1403,22023,20741,4898,4621,timed_out,
JSON,300-1000,volatilityfoundation-volatility3,1d43eb305d993a1306cc3971333d8a28bfee03af,volatility3/framework/symbols/windows/consoles/consoles-win10-17763-3232-x64.json,595,594,1189,18079,18039,4046,4035,timed_out,
JSON,300-1000,volatilityfoundation-volatility3,1d43eb305d993a1306cc3971333d8a28bfee03af,volatility3/framework/symbols/windows/consoles/consoles-win10-20348-2461-x64.json,595,594,1189,18079,18039,4046,4035,timed_out,
JSON,300-1000,webgpu-native-webgpu-headers,8916b3ff82c2302dcf85b763943aef8a0a5f71c1,schema.json,538,578,1116,19449,21678,3499,3835,timed_out,
JSON,300-1000,yne-dzr,41d7a795b1695dddaed73086f4ef5c90278a9363,extension/package.json,380,385,765,7955,8135,2616,2655,timed_out,
JSON,3000+,Beep6581-RawTherapee,1aa65baf44e1a6631526f1ba8e6840e2ed219ddf,rtdata/cammatrices.json,6395,6395,12790,219430,219599,53652,53732,timed_out,
JSON,3000+,Beep6581-RawTherapee,25082b6fc074a143b8d50dd45f261607871e14fd,rtengine/camconst.json,3295,3296,6591,184706,184790,37617,37644,timed_out,
JSON,3000+,Beep6581-RawTherapee,2bc7cea5a18e7ba3a2429ae3384b35481616b2f1,rtengine/camconst.json,3335,3346,6681,186566,187097,38268,38438,timed_out,
JSON,3000+,Beep6581-RawTherapee,408b41dc723d394a289233ec05dee7019b481938,rtengine/camconst.json,3320,3334,6654,186025,186541,38041,38259,timed_out,
JSON,3000+,Beep6581-RawTherapee,6fb8ded886e8fc9b5205f93096c5c3048b314f6a,rtengine/camconst.json,3320,3321,6641,186025,186063,38041,38058,timed_out,
JSON,3000+,Beep6581-RawTherapee,b1e749e2ec58dd0dbe752a3df2364b8bd7e54914,rtengine/camconst.json,3414,3414,6828,190577,190580,39391,39391,timed_out,
JSON,3000+,FreshRSS-FreshRSS,1c92d55917029d291d00009b674d8552934a69ec,package-lock.json,7289,6525,13814,258280,214823,57747,51017,timed_out,
JSON,3000+,GPUOpen-Drivers-xgl,02e867e81626b9566c5cc24f134ec0760e93a94a,icd/settings/settings_xgl.json,8162,8247,16409,235801,238032,52202,52736,timed_out,
JSON,3000+,GPUOpen-Drivers-xgl,194a181da7e2cca5f70ec0f9e65119955b3d2b47,icd/settings/settings_xgl.json,8771,8759,17530,252228,251914,56152,56074,timed_out,
JSON,3000+,GPUOpen-Drivers-xgl,5301cf5222c6b2b29dd9e66bd1346b3ea3da1866,icd/settings/settings_xgl.json,8139,8162,16301,235373,235801,51976,52202,timed_out,
JSON,3000+,GPUOpen-Drivers-xgl,5dd432ade87244461b8cf357b5cb641e7ee7ff15,icd/settings/settings_xgl.json,9171,9309,18480,263067,266666,58605,59507,timed_out,
JSON,3000+,GPUOpen-Drivers-xgl,704390f5aab42b8e951d7a869bd1704bc6c01433,icd/settings/settings_xgl.json,8014,8159,16173,231286,235590,51078,51978,timed_out,
JSON,3000+,GPUOpen-Drivers-xgl,8bf20dd1ca8b6b773ff0a773c09a845a9be42a96,icd/settings/settings_xgl.json,9309,9314,18623,266666,266629,59507,59515,timed_out,
JSON,3000+,GPUOpen-Drivers-xgl,8e7968c48914873b1c98b21cfb079573f9488d79,icd/settings/settings_xgl.json,9326,9384,18710,266934,268562,59593,59971,timed_out,
JSON,3000+,GPUOpen-Drivers-xgl,e9782eb33ce5e5e4ed2e339542a28c1b933624b4,icd/settings/settings_xgl.json,10472,10715,21187,299477,306308,66879,68399,timed_out,
JSON,3000+,GPUOpen-Drivers-xgl,f6a447e31ae7c4583c765042071f48421269cfce,icd/settings/settings_xgl.json,9062,9080,18142,259942,260460,57904,58032,timed_out,
JSON,3000+,JohnnyMorganz-StyLua,74b5f5775b3c4c67dff3095b37820f3b55e5253a,stylua-vscode/package-lock.json,7178,7178,14356,273467,273467,57862,57862,timed_out,
JSON,3000+,ValveSoftware-openvr,64fc05966a109543a1e191a45e1ab3a25a651211,headers/openvr_api.json,4807,4807,9614,199857,199857,75174,75174,timed_out,
JSON,3000+,ValveSoftware-openvr,823135df1783009cb468d0fc4190816254f7687d,headers/openvr_api.json,4916,4917,9833,207621,207704,77725,77750,timed_out,
JSON,3000+,abs-lang-abs,22ef299bb35355c0741a1bce36668cf588b6d967,docs/package-lock.json,11053,11053,22106,432280,432280,91431,91431,timed_out,
JSON,3000+,abs-lang-abs,9c56a36202457547ec32f30fabed50f44225d5bd,docs/package-lock.json,11053,11053,22106,432278,432278,91431,91431,timed_out,
JSON,3000+,abs-lang-abs,cd1e49ba10e7d8a110482651626b4a96341e8f4f,docs/package-lock.json,11021,24437,35458,431380,933235,91168,199039,timed_out,
JSON,3000+,alexmojaki-executing,014d51962c73c15123c98c157eb43e660bf79bef,tests/sample_results/3.4.json,29754,29770,59524,592762,589183,98250,98220,timed_out,
JSON,3000+,alexmojaki-executing,149722abac53a92a685d85ef881970d5f12b7fdd,tests/sample_results/3.9.json,29074,29766,58840,575325,592751,95952,98283,timed_out,
JSON,3000+,alexmojaki-executing,2042dc7fecc7cfbe5523764e207ae4ca9c684021,tests/sample_results/bird-py-2.7.json,30010,8174,38184,608730,133086,98994,26913,timed_out,
JSON,3000+,alexmojaki-executing,fdb436b2cfb6ba230fbf8bc205d138ba9f37a394,tests/sample_results/_parser-py-3.12.json,6154,6198,12352,116636,117590,22765,22941,timed_out,
JSON,3000+,apache-echarts.git,214441e5fd5e901338fe4cd8448ccb0b038500a1,package-lock.json,20579,20580,41159,782643,782627,167561,167570,timed_out,
JSON,3000+,apache-echarts.git,aaa8cf9048e82a2d4130ac3cae3a903bee92ffc2,package-lock.json,20078,20078,40156,758214,758214,162802,162802,timed_out,
JSON,3000+,apache-echarts.git,e5c8871e8b0f902cfe1a126c237b9863d6f9670b,package-lock.json,7515,7515,15030,270516,270516,61818,61818,timed_out,
JSON,3000+,asmjit-asmjit,2e2866d48178b1c28e45e2de00d6cf3eee16ffb1,db/isa_x86.json,4319,4283,8602,517950,518619,133162,132686,timed_out,
JSON,3000+,aws-aws-sdk-cpp,177e3f46d72d4e39ddc69d854daa967f6f9907af,tools/code-generation/smithy/api-descriptions/lambda.json,14889,16485,31374,763408,832043,97871,108201,timed_out,
JSON,3000+,aws-serverless-application-model,3b53f8f34af1478b84a83b528357d99372ebfdd8,schema_source/sam.schema.json,8365,8368,16733,583694,583786,61077,61097,timed_out,
JSON,3000+,aws-serverless-application-model,cd73c0a86cae21a6111116c508b12f054051cd36,schema_source/sam.schema.json,8642,8714,17356,595009,600969,62814,63334,timed_out,
JSON,3000+,aws-session-manager-plugin,85e98e418e220aa0e351d48294df6a6ed51ac326,vendor/src/github.com/aws/aws-sdk-go/models/apis/cloudfront/2020-05-31/api-2.json,8806,8815,17621,246824,247139,80848,80956,timed_out,
JSON,3000+,aws-session-manager-plugin,85e98e418e220aa0e351d48294df6a6ed51ac326,vendor/src/github.com/aws/aws-sdk-go/models/apis/compute-optimizer/2019-11-01/api-2.json,2821,3283,6104,91792,108222,27599,31996,timed_out,
JSON,3000+,aws-session-manager-plugin,85e98e418e220aa0e351d48294df6a6ed51ac326,vendor/src/github.com/aws/aws-sdk-go/models/apis/datazone/2018-05-10/docs-2.json,4441,5120,9561,266082,312804,33680,38827,timed_out,
JSON,3000+,aws-session-manager-plugin,85e98e418e220aa0e351d48294df6a6ed51ac326,vendor/src/github.com/aws/aws-sdk-go/models/apis/kafka/2018-11-14/api-2.json,5670,5723,11393,147249,148656,39125,39508,timed_out,
JSON,3000+,aws-session-manager-plugin,85e98e418e220aa0e351d48294df6a6ed51ac326,vendor/src/github.com/aws/aws-sdk-go/models/apis/mgn/2020-02-26/api-2.json,3852,3854,7706,111635,111680,38424,38434,timed_out,
JSON,3000+,aws-session-manager-plugin,85e98e418e220aa0e351d48294df6a6ed51ac326,vendor/src/github.com/aws/aws-sdk-go/models/apis/pinpoint-sms-voice-v2/2022-03-31/docs-2.json,2713,3020,5733,186382,207676,19727,21972,timed_out,
JSON,3000+,aws-session-manager-plugin,85e98e418e220aa0e351d48294df6a6ed51ac326,vendor/src/github.com/aws/aws-sdk-go/models/apis/resiliencehub/2020-04-30/api-2.json,3586,3647,7233,102587,104363,35308,35911,timed_out,
JSON,3000+,aws-session-manager-plugin,85e98e418e220aa0e351d48294df6a6ed51ac326,vendor/src/github.com/aws/aws-sdk-go/models/apis/s3/2006-03-01/endpoint-rule-set-1.json,8243,8296,16539,610301,615646,41690,42011,timed_out,
JSON,3000+,aws-session-manager-plugin,85e98e418e220aa0e351d48294df6a6ed51ac326,vendor/src/github.com/aws/aws-sdk-go/models/apis/vpc-lattice/2022-11-30/api-2.json,3402,3404,6806,98549,98592,32813,32823,timed_out,
JSON,3000+,aws-session-manager-plugin,85e98e418e220aa0e351d48294df6a6ed51ac326,vendor/src/github.com/aws/aws-sdk-go/models/apis/waf/2015-08-24/api-2.json,3958,3960,7918,102234,102291,35863,35891,timed_out,
JSON,3000+,aws-session-manager-plugin,85e98e418e220aa0e351d48294df6a6ed51ac326,vendor/src/github.com/aws/aws-sdk-go/models/apis/wellarchitected/2020-03-31/api-2.json,4697,4882,9579,130839,136286,45416,47208,timed_out,
JSON,3000+,bitcoin-bitcoin,3cbf7cb3e6ac51492b354732bddbb4f58ce97ed3,src/wycheproof/ecdsa_secp256k1_sha256_bitcoin_test.json,6360,6360,12720,299043,299012,46325,46322,timed_out,
JSON,3000+,bitwarden-clients,993633097100ad5b9affb38fca1d4fe1fb359891,apps/browser/src/_locales/pt_BR/messages.json,5855,5855,11710,183954,183937,40415,40415,timed_out,
JSON,3000+,boto-botocore,5610930446366497d5b9698dbd40d66b8e4179d1,botocore/data/bedrock-runtime/2023-09-30/service-2.json,4283,4284,8567,190348,190368,33126,33131,timed_out,
JSON,3000+,boto-botocore,c18b100b81382d0e36bda40bfdef4cab28094111,botocore/data/marketplace-catalog/2018-09-17/service-2.json,3069,3362,6431,117790,127833,24072,26283,timed_out,
JSON,3000+,boto-botocore,c18b100b81382d0e36bda40bfdef4cab28094111,botocore/data/qconnect/2020-10-19/service-2.json,11318,12686,24004,451629,497792,89200,99506,timed_out,
JSON,3000+,browsh-org-browsh,1d4211ceb045fc40bf0c6f312d9b0a4c06276d74,webext/package-lock.json,17833,17833,35666,693655,693655,143869,143869,timed_out,
JSON,3000+,carpedm20-emoji,10b13c0956d726d9c6679406b6b408e6015c3b2d,emoji/unicode_codes/emoji_de.json,5044,5227,10271,272093,287712,64983,67608,timed_out,
JSON,3000+,carpedm20-emoji,10b13c0956d726d9c6679406b6b408e6015c3b2d,emoji/unicode_codes/emoji_ko.json,5044,5227,10271,274557,291819,64983,67608,timed_out,
JSON,3000+,carpedm20-emoji,10b13c0956d726d9c6679406b6b408e6015c3b2d,emoji/unicode_codes/emoji_tr.json,5044,5227,10271,271815,287699,64983,67608,timed_out,
JSON,3000+,executablebooks-markdown-it-py,4535d77edcb5f51450a266135687eeae8bcc5033,tests/test_cmark_spec/commonmark.json,5218,5218,10436,140423,140487,45769,45779,timed_out,
JSON,3000+,gavinhoward-bc,83e72cbc2de9c4d266bec63513647cb938785ee8,project/github_issues.json,3667,3770,7437,266435,273111,36417,37325,timed_out,
JSON,3000+,geopandas-xyzservices,254bf8621ebb242e7b94e1227c4776e903ec5e17,xyzservices/data/providers.json,18697,18254,36951,830254,811878,133131,130120,timed_out,
JSON,3000+,geopandas-xyzservices,d7eea7e8abd967a5acbb88b9c447b97b73da2a84,xyzservices/data/providers.json,18254,18254,36508,811878,811966,130120,130120,timed_out,
JSON,3000+,gleitz-howdoi,40b1814db3fa7e871e032a47596ea34d71a2ce16,extension/code-editor-integration/package-lock.json,3182,3182,6364,123744,123744,26258,26258,timed_out,
JSON,3000+,go-gitea-gitea,9668913d761ff215e74458e813c6f8bf1d60341d,options/fileicon/material-icon-rules.json,10772,10855,21627,369883,372644,118308,119221,timed_out,
JSON,3000+,golangci-golangci-lint,3a046315754a6083e89e8f30d3507c1542e0b685,jsonschema/golangci.next.jsonschema.json,5138,5145,10283,165126,165338,34846,34889,timed_out,
JSON,3000+,gruntwork-io-terragrunt,9a15bee92fc43b3dec6785948cea797648dabc96,docs-starlight/package-lock.json,7224,7228,14452,218848,219237,56524,56568,timed_out,
JSON,3000+,influxdata-chronograf,2a00a7b94ae12660c3c2e9cd78e6051dcd1b7bb7,server/swagger.json,6838,6838,13676,202998,202998,49490,49490,timed_out,
JSON,3000+,iwalton3-jellyfin-web-jmp,45fe89c26f20a69ff542855494328e2d8d34eb92,package-lock.json,15705,15705,31410,647688,647688,129252,129252,timed_out,
JSON,3000+,jashkenas-coffeescript,feaea21c47e3071cfdefc0bb6f5429d5a3326074,package-lock.json,7297,7259,14556,297084,295503,58880,58578,timed_out,
JSON,3000+,kit-ty-kate-spdx_licenses,1720a670a55b2f708a352a9a7a4d4770c80766d2,src/ids/licenses.json,8533,8771,17304,309895,318777,60494,62163,timed_out,
JSON,3000+,kubernetes-kubernetes,41bb4b6a8b4e0f15ab7ffcc6369c68bc599fb957,api/openapi-spec/v3/apis__storage.k8s.io__v1_openapi.json,11388,11388,22776,598878,598838,78359,78359,timed_out,
JSON,3000+,kubernetes-kubernetes.git,3b72759d1bcfe0820b27909110f6ab6a6cc99034,api/openapi-spec/v3/apis__policy__v1_openapi.json,3452,3452,6904,172657,172655,24128,24128,timed_out,
JSON,3000+,kubernetes-kubernetes.git,59e075e8d35dbc16c5db7c302f3836f3f9a144f8,api/openapi-spec/v3/apis__batch__v1_openapi.json,9867,9875,19742,531156,532037,68587,68657,timed_out,
JSON,3000+,kubevirt-kubevirt,2576f87159746c492ec56b50f02e6559cf305dce,api/openapi-spec/swagger.json,21428,21428,42856,687350,687297,141616,141616,timed_out,
JSON,3000+,kubevirt-kubevirt,fe0d26f394a42d3c19f8802ed0eb07090a682fda,api/openapi-spec/swagger.json,21222,21225,42447,677894,677957,140092,140112,timed_out,
JSON,3000+,microsoft-go-sqlcmd,310b4000ea6f37f5cc184ea4c037940a565b2d51,internal/translations/locales/fr-FR/out.gotext.json,3714,3730,7444,163414,164733,29054,29214,timed_out,
JSON,3000+,microsoft-go-sqlcmd,310b4000ea6f37f5cc184ea4c037940a565b2d51,internal/translations/locales/zh-CN/out.gotext.json,3714,3730,7444,157533,158675,29188,29348,timed_out,
JSON,3000+,microsoft-go-sqlcmd,310b4000ea6f37f5cc184ea4c037940a565b2d51,internal/translations/localized/ja-JP/out.gotext.json,3622,3730,7352,142216,146068,28298,29191,timed_out,
JSON,3000+,microsoft-go-sqlcmd,310b4000ea6f37f5cc184ea4c037940a565b2d51,internal/translations/localized/ru-RU/out.gotext.json,3622,3730,7352,150951,154940,28448,29349,timed_out,
JSON,3000+,microsoft-go-sqlcmd,310b4000ea6f37f5cc184ea4c037940a565b2d51,internal/translations/localized/zh-TW/out.gotext.json,3622,3730,7352,132873,136529,28299,29192,timed_out,
JSON,3000+,plotly-dash,3541ab5a142b6704f3b714d3855386a8e659f17b,components/dash-table/package-lock.json,13705,13705,27410,496005,496005,111794,111794,timed_out,
JSON,3000+,plotly-dash,3541ab5a142b6704f3b714d3855386a8e659f17b,dash/dash-renderer/package-lock.json,19221,19221,38442,758646,758646,155651,155651,timed_out,
JSON,3000+,plotly-dash,9ffb8b0cebb9b9fe4fea4fd3e5f33c419657a2ca,components/dash-html-components/package-lock.json,13811,13811,27622,543132,543132,111891,111891,timed_out,
JSON,3000+,prometheus-prometheus,54e010926b0a270cadb22be1113ad45fe9bcb90a,web/ui/package-lock.json,9587,9587,19174,340949,340914,77107,77107,timed_out,
JSON,3000+,prometheus-prometheus,5b257abc5264a67f649a839e03a3225f94886386,web/ui/package-lock.json,9514,9514,19028,338752,338752,76324,76324,timed_out,
JSON,3000+,prometheus-prometheus,63fb211946a4c6ae33ac32626eab39027838cace,web/ui/package-lock.json,9454,9601,19055,335997,341288,76052,77210,timed_out,
JSON,3000+,prometheus-prometheus,7f2e7c86f800230ce13ce022cddaeba7cd2a9cc1,web/ui/package-lock.json,9601,9601,19202,341288,341288,77210,77210,timed_out,
JSON,3000+,prometheus-prometheus,cd875bd8c9211d7606981223d59ab3adf73432f2,web/ui/package-lock.json,9513,9513,19026,338763,338728,76313,76313,timed_out,
JSON,3000+,prometheus-prometheus.git,1b7fa3e76d33dbf1161134fe4f098483ea5a7a05,web/ui/react-app/package-lock.json,24488,24323,48811,917612,914312,195384,194064,timed_out,
JSON,3000+,redhat-developer-vscode-xml,25566670558166bb95edfeed26d4128625df085c,package-lock.json,6317,6317,12634,229568,229568,50255,50255,timed_out,
JSON,3000+,sherlock-project-sherlock,8e5549862a283bcf532ffaf66d84fc3128e6a29e,sherlock_project/resources/data.json,3140,3146,6286,98664,98821,29054,29107,timed_out,
JSON,3000+,sherlock-project-sherlock,e19cb32009d07f152f32a7fdc351302e60f962f3,sherlock_project/resources/data.json,3238,3244,6482,101838,102021,30009,30062,timed_out,
JSON,3000+,sherlock-project-sherlock.git,331b68d909578653eaa8e0445e3794cf0547c268,sherlock_project/resources/data.json,3187,3195,6382,100080,100349,29488,29563,timed_out,
JSON,3000+,sherlock-project-sherlock.git,472c08680508fd978d661e1f17060723f606c0be,sherlock_project/resources/data.json,3148,3148,6296,98928,98927,29131,29129,timed_out,
JSON,3000+,sherlock-project-sherlock.git,6d2497582e497135166ecbd6638512ae6ba37df7,sherlock_project/resources/data.json,3102,3103,6205,97323,97372,28685,28696,timed_out,
JSON,3000+,sherlock-project-sherlock.git,b837de83584f08e13a16a55aa13adafe50d7c979,sherlock_project/resources/data.json,3134,3141,6275,98480,98709,29001,29065,timed_out,
JSON,3000+,sherlock-project-sherlock.git,e35e5e3af1bdeb6705af23cd015d9d374669b01a,sherlock_project/resources/data.json,3196,3196,6392,100287,100339,29555,29552,timed_out,
JSON,3000+,sonnyp-Commit,611bc976c27e5fa054004dfb4141bb8b76ef8373,package-lock.json,5558,5489,11047,208248,205452,44613,44060,timed_out,
JSON,3000+,sonnyp-junction,cbbf8d6a83411e0b35d1527a4c3e855c4c8a90d0,package-lock.json,6234,6065,12299,233658,221196,50007,49578,timed_out,
JSON,3000+,staltz-manyverse,3c5ae249966a3278e0e137ea0e5a7b48a572a8a0,src/backend/package-lock.json,17342,17342,34684,670944,672804,141884,141884,timed_out,
JSON,3000+,staltz-manyverse,85614fe8e0533048f46539f0f4c76d7b297a14cd,src/backend/package-lock.json,17347,17347,34694,672862,672862,141926,141926,timed_out,
JSON,3000+,standardml-twelf,a1911659c2ced415fc45f3d76a179a7c1be2235d,wiki/package-lock.json,9158,9158,18316,344726,344726,74418,74418,timed_out,
JSON,3000+,tree-sitter-tree-sitter-bash,06019c59af881eba3f05e5f5ca962f65417fd1d8,src/grammar.json,7136,7137,14273,179395,179412,44076,44086,timed_out,
JSON,3000+,tree-sitter-tree-sitter-bash,597a5ed6ed4d932fd44697feec988f977081ae59,src/grammar.json,7135,7136,14271,179302,179395,44065,44076,timed_out,
JSON,3000+,tree-sitter-tree-sitter-c-sharp,80ce1523b27675dff1ecbddf043798271b4a7a1c,src/grammar.json,11927,11989,23916,267734,269499,72475,72801,timed_out,
JSON,3000+,tree-sitter-tree-sitter-cpp,f7264863be9a322e717e2625a72148648887c83b,src/node-types.json,8009,7997,16006,147834,147611,44536,44468,timed_out,
JSON,3000+,tree-sitter-tree-sitter-haskell,23ad72f4b755269004a0a3f3796192705313643d,src/grammar.json,10397,10410,20807,245267,245536,60564,60637,timed_out,
JSON,3000+,tree-sitter-tree-sitter-haskell,e002d60072c73ab09bafedc82d3e35a4349ca6c0,src/node-types.json,15130,14855,29985,292941,287583,83896,82377,timed_out,
JSON,3000+,tree-sitter-tree-sitter-javascript,391a8fcc48a11f63bf18ec9885f6f069e760949a,src/node-types.json,3605,3604,7209,63677,63659,20062,20052,timed_out,
JSON,3000+,tree-sitter-tree-sitter-javascript,c4739fe4a5123ddcfe7fea8238b4576aa2471e73,src/grammar.json,6924,6909,13833,167165,166887,42395,42326,timed_out,
JSON,3000+,tree-sitter-tree-sitter-javascript,c4739fe4a5123ddcfe7fea8238b4576aa2471e73,src/node-types.json,3604,3594,7198,63659,63514,20052,19988,timed_out,
JSON,3000+,tree-sitter-tree-sitter-julia,41eb1c17d2dd76524279afdac61966bae790048b,src/node-types.json,4012,4032,8044,76770,77331,22443,22553,timed_out,
JSON,3000+,tree-sitter-tree-sitter-julia,91ba1c3c9b50f388d4b67518c04bc9a003ed3475,src/node-types.json,3199,3358,6557,60509,62961,17938,18827,timed_out,
JSON,3000+,tree-sitter-tree-sitter-julia,c6207fc15abdfa61bcac7e4d9ab7271e4c2115fe,src/grammar.json,9091,8380,17471,220588,201331,53944,49961,timed_out,
JSON,3000+,tree-sitter-tree-sitter-julia,dc1df907321327284a625be70dcfbfffd54bb19d,src/node-types.json,3945,3957,7902,75469,75622,22079,22145,timed_out,
JSON,3000+,tree-sitter-tree-sitter-julia,fb867fdcccf3c2ecb2058ecc93a990fa722f6f31,src/grammar.json,9372,9388,18760,243807,244271,55471,55571,timed_out,
JSON,3000+,tree-sitter-tree-sitter-ocaml,3ef7c00b29e41e3a0c1d18e82ea37c64d72b93fc,grammars/interface/src/node-types.json,6228,6272,12500,109988,110529,34676,34936,timed_out,
JSON,3000+,tree-sitter-tree-sitter-ocaml,57644edfbba0edb38ac17dba2add4c243fa3539b,grammars/type/src/grammar.json,10729,10733,21462,243861,243930,63499,63524,timed_out,
JSON,3000+,tree-sitter-tree-sitter-ocaml,c242d09d204727eaad1819ba750ddb11952c49de,grammars/interface/src/node-types.json,5536,5537,11073,96680,96698,31161,31169,timed_out,
JSON,3000+,tree-sitter-tree-sitter-ocaml,c242d09d204727eaad1819ba750ddb11952c49de,grammars/type/src/grammar.json,10728,10729,21457,243768,243861,63488,63499,timed_out,
JSON,3000+,tree-sitter-tree-sitter-ocaml,c2e9fad0cf0fccfa696324c4d94806ff4e1ef483,grammars/type/src/node-types.json,6054,6226,12280,106670,109928,33713,34660,timed_out,
JSON,3000+,tree-sitter-tree-sitter-php,be882ba709dee6bb9790c44ca51b273d5c27f2c9,php_only/src/node-types.json,6089,6077,12166,113698,113626,33985,33919,timed_out,
JSON,3000+,tree-sitter-tree-sitter-ql,1c636ed656d6da07885e3769da7a6a2481589212,src/grammar.json,3328,3328,6656,74364,74372,19858,19858,timed_out,
JSON,3000+,tree-sitter-tree-sitter-ql,23194380942e2a325ffcfa94144fe8d738afbe68,src/grammar.json,3017,3021,6038,65859,65936,18133,18158,timed_out,
JSON,3000+,tree-sitter-tree-sitter-ql,4d4748a2d01589f011052dc5c1c68397586013b3,src/grammar.json,3328,3336,6664,74372,74566,19858,19920,timed_out,
JSON,3000+,tree-sitter-tree-sitter-ql,53d7c7c91b9f0307f5f2acb0d841bb2c3a1ec32c,src/node-types.json,5262,5369,10631,98155,100152,29261,29855,timed_out,
JSON,3000+,tree-sitter-tree-sitter-ql,64ae9dd79393730d140eed879bb77735592eabdc,src/grammar.json,3084,3096,6180,68399,68629,18506,18568,timed_out,
JSON,3000+,tree-sitter-tree-sitter-ql,b0f509f06c0b746e6961c1162786e21f9583d198,src/grammar.json,3310,3309,6619,74265,74264,19819,19819,timed_out,
JSON,3000+,tree-sitter-tree-sitter-ql,ec723aa8464b46ae1458366809f616774e471d69,src/node-types.json,5870,5866,11736,111620,111543,32564,32542,timed_out,
JSON,3000+,tree-sitter-tree-sitter-ruby,106c0a3ad24efdc13906729a8234d1392584bd17,src/grammar.json,7494,7534,15028,169260,170076,46164,46406,timed_out,
JSON,3000+,tree-sitter-tree-sitter-ruby,390a15b17648ad6311d1c9f76c5086a918739c1a,src/grammar.json,8377,8381,16758,193328,193401,51804,51829,timed_out,
JSON,3000+,tree-sitter-tree-sitter-ruby,557ec01403bd1fcfea50f1805641ca773cbaaa42,src/grammar.json,8382,8364,16746,193494,192934,51840,51725,timed_out,
JSON,3000+,tree-sitter-tree-sitter-ruby,5c7460942cc21841502a188bc2dbed6a8c267c28,src/grammar.json,8177,8201,16378,187667,188225,50551,50681,timed_out,
JSON,3000+,tree-sitter-tree-sitter-ruby,a7db378f4eaba5f46d5dffe0d28b78aed96dde3a,src/grammar.json,7412,7433,14845,167218,167621,45690,45819,timed_out,
JSON,3000+,tree-sitter-tree-sitter-ruby,f70d9f1f894f5cbba1c4488c0d63f00d371351cb,src/grammar.json,7993,8001,15994,183025,183238,49485,49522,timed_out,
JSON,3000+,tree-sitter-tree-sitter-rust,261b20226c04ef601adbdf185a800512a5f66291,src/grammar.json,9740,9748,19488,224178,224314,58100,58138,timed_out,
JSON,3000+,tree-sitter-tree-sitter-rust,261b20226c04ef601adbdf185a800512a5f66291,src/node-types.json,5554,5552,11106,99070,99023,30974,30968,timed_out,
JSON,3000+,tree-sitter-tree-sitter-rust,5edb201282b79aba611c763d11a84dcde15fcae6,src/node-types.json,5538,5538,11076,98791,98792,30886,30886,timed_out,
JSON,3000+,tree-sitter-tree-sitter-rust,ab86bcd0e74813442401062b24041825b269dda0,src/node-types.json,5399,5426,10825,96249,96688,30114,30268,timed_out,
JSON,3000+,tree-sitter-tree-sitter-typescript,198e2ea43d1c4ddd76ee883f4eae15f4201cd241,tsx/src/node-types.json,6763,6767,13530,123542,123624,37698,37720,timed_out,
JSON,3000+,tree-sitter-tree-sitter-typescript,198e2ea43d1c4ddd76ee883f4eae15f4201cd241,typescript/src/grammar.json,11864,11868,23732,279439,279597,71162,71201,timed_out,
JSON,3000+,tree-sitter-tree-sitter-typescript,784672e5ab043b4f35aa5371f622321958665ffa,tsx/src/grammar.json,11868,11896,23764,279588,280241,71201,71373,timed_out,
JSON,3000+,tree-sitter-tree-sitter-typescript,c3157220abff3a33718cc8bdb975a5a83550cd65,tsx/src/grammar.json,11896,11921,23817,280241,280656,71373,71553,timed_out,
JSON,3000+,webgpu-native-webgpu-headers,922e0406fd196f12244bed4c810dde9d183c1545,webgpu.json,6772,6776,13548,180826,180931,47106,47132,timed_out,
JSON,3000+,xou816-spot,9b443ac55ef3436b60a6d1ca59d8e37c7e8553b5,cargo-sources.json,7145,7015,14160,305771,300187,64297,63127,timed_out,
JSON,3000+,xou816-spot,a1f306c3efda5e0bec746ec2aa2f2d15a40d34bc,cargo-sources.json,5124,5156,10280,225633,219921,41354,46396,timed_out,
JSON,3000+,xou816-spot,ab869a7296018edb9af7912261d3aa6ecf18aff4,cargo-sources.json,6898,7145,14043,294934,305771,62074,64297,timed_out,
TypeScript,0-10,Aylur-ags,4b208a05dfdfc549f736f8b61df43ea8b734787a,lib/src/index.ts,1,1,2,41,37,9,9,ok,0.10330700000000001
TypeScript,0-10,Aylur-ags,9e6912b51d7bc58f35d10b11be1a126b926b56d3,lib/gobject.ts,2,2,4,71,79,23,23,ok,0.289377
TypeScript,0-10,andrewyng-aisuite,20528c7803b89fdc7e670d2a041558ada91ecacc,aisuite-js/src/providers/openai/index.ts,2,4,6,89,182,28,55,ok,0.719088
TypeScript,0-10,andrewyng-aisuite,7e0a6c71878a354a17d6ebd48fb687cdd64867f9,aisuite-js/src/providers/groq/types.ts,4,5,9,70,107,24,32,ok,0.434128
TypeScript,0-10,andrewyng-aisuite,8492fb67f90514f4b128343e5ec555cdf4800918,aisuite-js/src/providers/openai/index.ts,4,2,6,182,89,55,28,ok,1.91354
TypeScript,0-10,andrewyng-aisuite,d76c36bdffc4302763b4a85f297c8b7e25c21ec5,aisuite-js/src/types/common.ts,3,8,11,59,177,16,59,ok,1.0238090000000002
TypeScript,0-10,andrewyng-aisuite,d76c36bdffc4302763b4a85f297c8b7e25c21ec5,aisuite-js/src/types/index.ts,4,5,9,103,137,37,46,ok,1.871649
TypeScript,0-10,antlr-antlr4,67228355c5bfd1ed5ebb89e726992ec43dda7b53,runtime/JavaScript/src/antlr4/error/DiagnosticErrorListener.d.ts,9,3,12,407,136,124,38,ok,5.260123999999999
TypeScript,0-10,antlr-antlr4,c251d2d7c33f6bbc469fd6548d6a73b54ba86557,runtime/JavaScript/src/antlr4/tree/index.d.ts,8,8,16,227,260,64,76,ok,1.278812
TypeScript,0-10,antlr-antlr4,cb850120378d000e97da38afb852aa3c554b81f5,runtime/JavaScript/src/antlr4/misc/index.d.ts,3,4,7,59,84,18,26,ok,0.174331
TypeScript,0-10,brndnmtthws-conky,3c055d05c29e139ad651b34ee3b4d73e649ea03d,web/next-env.d.ts,5,5,10,201,230,5,5,ok,0.058018
TypeScript,0-10,cs01-gdbgui,ad576adae65f7ea9ac7b6fa3c506fa12a3802ea9,gdbgui/src/js/types.d.ts,5,6,11,85,124,40,63,ok,1.900322
TypeScript,0-10,cs01-gdbgui,de08d305f36b3ee29895cf8b7bca84001fa1b4d0,gdbgui/src/js/types.d.ts,5,5,10,82,85,38,40,ok,1.246294
TypeScript,0-10,ebkr-r2modmanPlus,74463a7ddfbfd94776399379549b012abda03a09,src/_managerinf/ManagerInformation.ts,7,7,14,266,266,67,67,ok,3.849943
TypeScript,0-10,elves-elvish,f05014b90862ff64afcea6c0df0d510bde905f19,vscode/src/logging.ts,7,8,15,223,245,66,77,ok,6.791025
TypeScript,0-10,microsoft-TypeScript.git,09e31cf04a195475cc6e1b75bfc9fac126a15c84,tests/cases/fourslash/codeFixUnreachableCode_noSuggestionIfDisabled.ts,7,7,14,127,131,17,17,ok,0.515101
TypeScript,0-10,microsoft-TypeScript.git,09e31cf04a195475cc6e1b75bfc9fac126a15c84,tests/cases/fourslash/codeFixUnusedLabel_noSuggestionIfDisabled.ts,7,7,14,131,135,17,17,ok,0.526026
TypeScript,0-10,mitmproxy-mitmproxy,26074879818ed547d3ca44b02880fb78ee62bbb3,web/src/js/ducks/index.ts,2,3,5,136,167,42,53,ok,2.571163
TypeScript,0-10,nukeop-nuclear,72b1c404993fe118d9a22649349f1ba2c9751086,packages/core/src/plugins/stream/index.ts,7,8,15,442,506,106,121,ok,14.210398000000001
TypeScript,0-10,pop-os-shell,5b7afc619721ff866507c72b95d65e15a252a1d9,src/color_dialog/src/mod.d.ts,3,6,9,91,157,48,73,ok,3.955106
TypeScript,0-10,pop-os-shell,5b7afc619721ff866507c72b95d65e15a252a1d9,src/tags.ts,4,4,8,96,97,37,37,ok,1.3994170000000001
TypeScript,0-10,pop-os-shell,5b7afc619721ff866507c72b95d65e15a252a1d9,src/types.d.ts,5,5,10,146,147,17,17,ok,0.33619699999999997
TypeScript,0-10,popcorn-official-popcorn-desktop,96f35d9d5fb176e2416c175a99e8ae28a5b7214f,packages/popcorntime-ui/src/lib/utils.ts,6,6,12,169,168,68,68,ok,4.179189
TypeScript,0-10,prometheus-prometheus,035952bc8b34661b17a4889afe9437dc8cf97887,web/ui/react-app/src/globals.ts,6,5,11,233,107,53,39,ok,1.518667
TypeScript,0-10,shiftkey-desktop,fa71bab59adc83dd3bc11986670b8bda13bb1f0a,app/src/ui/lib/releases.ts,4,6,10,173,254,26,37,ok,0.73664
TypeScript,0-10,staltz-manyverse,293108efd24c012cc90bdc93af83a0a22aadf5b3,src/backend/versionName.ts,5,5,10,128,128,16,16,ok,0.49961199999999995
TypeScript,0-10,staltz-manyverse,293108efd24c012cc90bdc93af83a0a22aadf5b3,src/frontend/screens/thanks/backers.ts,5,5,10,174,174,35,35,ok,1.4894990000000001
TypeScript,0-10,staltz-manyverse,293108efd24c012cc90bdc93af83a0a22aadf5b3,src/frontend/versionName.ts,5,5,10,126,126,12,12,ok,0.30533
TypeScript,0-10,staltz-manyverse,2b581be04adb16b4ab6ca255c7bf66ecd8d93ef7,src/backend/versionName.ts,5,5,10,128,128,16,16,ok,0.500702
TypeScript,0-10,staltz-manyverse,2b581be04adb16b4ab6ca255c7bf66ecd8d93ef7,src/frontend/versionName.ts,5,5,10,126,126,12,12,ok,0.283533
TypeScript,0-10,staltz-manyverse,65d9940b6eac44ac1ad6810c7d6a252195b5c57c,src/backend/versionName.ts,5,5,10,128,128,16,16,ok,0.505092
TypeScript,0-10,staltz-manyverse,65d9940b6eac44ac1ad6810c7d6a252195b5c57c,src/frontend/versionName.ts,5,5,10,126,126,12,12,ok,0.32896
TypeScript,0-10,staltz-manyverse,6cadc76e03f8f2c0815b2341d430e74149241504,src/backend/versionName.ts,5,5,10,128,128,16,16,ok,0.554617
TypeScript,0-10,staltz-manyverse,6cadc76e03f8f2c0815b2341d430e74149241504,src/frontend/versionName.ts,5,5,10,126,126,12,12,ok,0.41509
TypeScript,0-10,staltz-manyverse,8054b942274e850ad120b48d28db166d55d98e7a,src/backend/versionName.ts,5,5,10,128,128,16,16,ok,0.561079
TypeScript,0-10,staltz-manyverse,8054b942274e850ad120b48d28db166d55d98e7a,src/frontend/screens/thanks/backers.ts,5,5,10,173,174,35,35,ok,1.6927489999999998
TypeScript,0-10,staltz-manyverse,8054b942274e850ad120b48d28db166d55d98e7a,src/frontend/versionName.ts,5,5,10,126,126,12,12,ok,0.318518
TypeScript,0-10,staltz-manyverse,a4177165b2ce7c5b413f3dde1d7dfc0812804712,src/backend/versionName.ts,5,5,10,129,128,16,16,ok,0.811304
TypeScript,0-10,staltz-manyverse,a4177165b2ce7c5b413f3dde1d7dfc0812804712,src/frontend/versionName.ts,5,5,10,127,126,12,12,ok,0.41535299999999997
TypeScript,0-10,staltz-manyverse,cb9d62c2beec96381f5aa7e242acf6f97987c62d,src/backend/versionName.ts,5,5,10,128,129,16,16,ok,0.585561
TypeScript,0-10,staltz-manyverse,cb9d62c2beec96381f5aa7e242acf6f97987c62d,src/frontend/versionName.ts,5,5,10,126,127,12,12,ok,0.362247
TypeScript,0-10,zabbly-incus-ui-canonical,544cac7412ab32182a4b45c3fc7f43772a7b2112,src/types/spice-inputs.d.ts,7,5,12,331,215,92,67,ok,9.666093
TypeScript,10-30,Extensions-Valhalla-gnome-bluetooth-quick-connect,3d71a9651dae8a8c40c799d3df8c79622e829afd,src/utils.ts,17,17,34,393,396,134,134,ok,22.46145
TypeScript,10-30,KRTirtho-spotube,0326630a1970bb63abff185667b67cbead050615,website/src/routes/downloads/older/+page.ts,14,14,28,295,317,114,55,ok,3.1988440000000002
TypeScript,10-30,KRTirtho-spotube,12f3ec1776934326553280ac9a03f9f9d279ff1b,website/src/app.d.ts,22,26,48,547,614,101,123,ok,6.345835
TypeScript,10-30,KRTirtho-spotube,12f3ec1776934326553280ac9a03f9f9d279ff1b,website/src/routes/blog/+page.ts,11,10,21,243,232,113,108,ok,6.740598
TypeScript,10-30,KRTirtho-spotube,6e1cd96903702724b8d7e39926de38992f906bdc,website/src/routes/downloads/older/+page.ts,14,14,28,293,295,112,114,ok,5.875247
TypeScript,10-30,KRTirtho-spotube,ecb43f64ad7089324b7b723bd7da42d1e12940f0,website/vite.config.ts,22,23,45,459,479,117,128,ok,8.44921
TypeScript,10-30,Kong-insomnia,c62a114d28a064c303d0c7114ced1cf68b2a8bc3,packages/insomnia-smoke-test/server/simple-crud.ts,21,21,42,515,525,261,261,ok,61.387263
TypeScript,10-30,Kong-insomnia,c62a114d28a064c303d0c7114ced1cf68b2a8bc3,packages/insomnia-smoke-test/tests/smoke/test-utils.ts,25,25,50,516,517,95,95,ok,3.43441
TypeScript,10-30,Kong-insomnia,c62a114d28a064c303d0c7114ced1cf68b2a8bc3,packages/insomnia-testing/src/generate/util.ts,15,15,30,322,335,162,170,ok,18.051848999999997
TypeScript,10-30,Kong-insomnia,c62a114d28a064c303d0c7114ced1cf68b2a8bc3,packages/insomnia/scripts/verify-bundle-plugins.ts,28,28,56,777,773,209,206,ok,34.419050999999996
TypeScript,10-30,Kong-insomnia,c62a114d28a064c303d0c7114ced1cf68b2a8bc3,packages/insomnia/src/main/importers/importers/insomnia-3.ts,28,28,56,713,705,189,186,ok,14.610804
TypeScript,10-30,Kong-insomnia,c62a114d28a064c303d0c7114ced1cf68b2a8bc3,packages/insomnia/src/sync/git/shallow-clone.ts,29,29,58,804,792,236,233,ok,28.138192
TypeScript,10-30,Kong-insomnia,c62a114d28a064c303d0c7114ced1cf68b2a8bc3,packages/insomnia/src/utils/ndjson.ts,27,27,54,631,613,284,277,ok,72.370513
TypeScript,10-30,Kong-insomnia,c62a114d28a064c303d0c7114ced1cf68b2a8bc3,packages/insomnia/src/utils/string-check.ts,15,15,30,520,512,105,102,ok,5.645694
TypeScript,10-30,OpenHands-OpenHands.git,36cf4e161abc21f6aead27f4934f737e08b2894f,frontend/src/types/runtime-status.ts,19,20,39,649,680,134,141,ok,7.858555
TypeScript,10-30,RocketChat-Rocket.Chat.Electron,b0e794eb01612b1ec15acdc39fc8b1b82c9c4cfc,src/notifications/common.ts,9,23,32,191,481,64,171,ok,4.145872
TypeScript,10-30,Rohansi-Mond,1af09879e91e400878a4f20b1883fbd677891cf1,Mond.VSCode/src/extension.ts,10,12,22,236,348,67,89,ok,1.926355
TypeScript,10-30,Sonarr-Sonarr.git,263f4839ab41d7b121293de9869d61e0f1f4f2e0,frontend/src/Parse/ParseModalContent.css.d.ts,12,14,26,312,358,84,104,ok,3.023893
TypeScript,10-30,andrewyng-aisuite,20528c7803b89fdc7e670d2a041558ada91ecacc,aisuite-js/src/index.ts,13,14,27,311,333,71,75,ok,1.985968
TypeScript,10-30,andrewyng-aisuite,20528c7803b89fdc7e670d2a041558ada91ecacc,aisuite-js/src/providers/index.ts,12,13,25,343,395,93,106,ok,4.559007
TypeScript,10-30,andrewyng-aisuite,7be6adf166ed4d9372e266fac08be1b40796c11f,aisuite-js/src/core/base-asr-provider.ts,24,22,46,507,475,150,136,ok,15.276539
TypeScript,10-30,andrewyng-aisuite,8492fb67f90514f4b128343e5ec555cdf4800918,aisuite-js/src/index.ts,14,17,31,333,369,75,86,ok,3.4537410000000004
TypeScript,10-30,andrewyng-aisuite,8492fb67f90514f4b128343e5ec555cdf4800918,aisuite-js/src/providers/index.ts,13,10,23,395,277,106,77,ok,4.389436
TypeScript,10-30,andrewyng-aisuite,d76c36bdffc4302763b4a85f297c8b7e25c21ec5,aisuite-js/src/index.ts,12,13,25,289,311,69,71,ok,2.648015
TypeScript,10-30,andrewyng-aisuite,d76c36bdffc4302763b4a85f297c8b7e25c21ec5,aisuite-js/src/providers/index.ts,10,12,22,275,343,77,93,ok,2.3895
TypeScript,10-30,antlr-antlr4,25593494e5f761a00ccdbd8727a30f5b953b63cb,runtime/JavaScript/src/antlr4/index.d.cts,21,21,42,601,601,190,190,ok,15.387987
TypeScript,10-30,antlr-antlr4,67228355c5bfd1ed5ebb89e726992ec43dda7b53,runtime/JavaScript/src/antlr4/error/ErrorListener.d.ts,6,15,21,314,940,101,307,ok,19.993796
TypeScript,10-30,antlr-antlr4,ce2557fdbf099d438e8b88e3789218d84dbeffb2,runtime/JavaScript/src/antlr4/error/index.d.ts,9,10,19,352,397,82,91,ok,3.08766
TypeScript,10-30,apache-echarts.git,771c523e4263f018f94b838b54fa4aeade7fa2ec,src/core/ExtendedElement.ts,9,28,37,235,1027,55,56,ok,1.4988860000000002
TypeScript,10-30,balena-io-etcher,4aa4140d65189920938c42c41a6a781c97148c8a,lib/shared/typings/source-selector.ts,23,23,46,609,624,189,192,ok,21.593623
TypeScript,10-30,bitwarden-clients,b7287d46143c2ecbaa5bef28f53d1bcc0f27f7cd,apps/desktop/src/key-management/biometrics/desktop.biometrics.service.ts,24,21,45,1256,1037,236,203,ok,37.967330000000004
TypeScript,10-30,catppuccin-catwalk,33e3d4173bbd02be6496c25ecfbe94a53b236dc9,pkg/deno/catwalk_bg.wasm.d.ts,23,23,46,1541,1546,599,599,ok,129.93074099999998
TypeScript,10-30,catppuccin-catwalk,cab6d75b657201e06cec16cdd57da3d2fda1ea4f,pkg/deno/catwalk_bg.wasm.d.ts,22,23,45,1491,1541,580,599,ok,128.012775
TypeScript,10-30,catppuccin-catwalk,dead315ec0ddde4649dd7bf305f3ccb371df9a74,pkg/deno/catwalk_bg.wasm.d.ts,23,23,46,1541,1541,599,599,ok,126.036592
TypeScript,10-30,catppuccin-whiskers,6765a4aa4373498e35507d7f09442998b4e7d0a7,docs/src/content.config.ts,7,19,26,269,638,83,162,ok,6.099754
TypeScript,10-30,catppuccin-whiskers,e51831ab8a9a7febe17a146d9e02be0d2eeb4177,docs/src/content.config.ts,19,19,38,638,639,162,162,ok,15.785632000000001
TypeScript,10-30,cs01-gdbgui,7644258b1bebba9ce2e387118b0d3c4a47c55280,gdbgui/src/js/processFeatures.ts,24,24,48,636,637,181,181,ok,16.27679
TypeScript,10-30,cs01-gdbgui,ad576adae65f7ea9ac7b6fa3c506fa12a3802ea9,gdbgui/src/js/tests/Util.jest.ts,27,27,54,1227,1224,639,639,ok,436.315852
TypeScript,10-30,element-hq-element-web,5620962e0432972fca48920775408c55ec140b7a,playwright/testcontainers/mas.ts,24,24,48,910,910,78,78,ok,2.4276839999999997
TypeScript,10-30,element-hq-element-web,5620962e0432972fca48920775408c55ec140b7a,playwright/testcontainers/synapse.ts,20,20,40,717,717,66,66,ok,1.618948
TypeScript,10-30,element-hq-element-web,fe1505de5981622a4baec612df0bad896143a2ce,playwright/testcontainers/mas.ts,24,24,48,910,910,78,78,ok,2.441079
TypeScript,10-30,element-hq-element-web,fe1505de5981622a4baec612df0bad896143a2ce,playwright/testcontainers/synapse.ts,20,20,40,717,717,66,66,ok,1.619763
TypeScript,10-30,elisescu-tty-share,3994b813bfdb82e0d32cb7faa352ccaa28431d72,server/frontend/tty-share/main.ts,28,24,52,690,552,238,182,ok,36.093536
TypeScript,10-30,elves-elvish,4d0119430a69a7cc8c40dc46830ac54ce065e5b1,vscode/src/lsp.ts,14,16,30,435,476,148,149,ok,12.283679000000001
TypeScript,10-30,fatedier-frp,01997deb98f159f798fc010e1f06d8c3c7a5089a,web/frps/src/types/client.ts,13,14,27,269,288,86,93,ok,1.851307
TypeScript,10-30,fatedier-frp,01997deb98f159f798fc010e1f06d8c3c7a5089a,web/frps/src/types/proxy.ts,23,22,45,421,397,123,117,ok,3.76859
TypeScript,10-30,firecow-gitlab-ci-local,d0582acce5a6d16e85f4108243c3db9d3afc1f37,tests/test-cases/remote-variables-file/integration.test.ts,28,28,56,1125,1127,267,270,ok,49.404044
TypeScript,10-30,ful1e5-apple_cursor,ca459189df8a04b39ef2bc34e1e8a18ed51a5bb0,bitmapper/src/core/util/toHTML.ts,19,18,37,452,435,50,50,ok,0.918706
TypeScript,10-30,ful1e5-apple_cursor,eca8cb5760fd93f2822e9f7253904734c9fc417b,bitmapper/packages/bigsur/src/config.ts,28,28,56,407,409,135,135,ok,9.40985
TypeScript,10-30,go-task-task,02b13a687a528e2a8fb23756f2bf8040716fcd66,website/.vitepress/theme/index.ts,24,27,51,797,1011,236,262,ok,33.245886
TypeScript,10-30,microsoft-TypeScript.git,ea48dedd7df0ceba4ce18623600f3daf4a3ebf69,tests/cases/compiler/relationComplexityError.ts,16,16,32,371,359,193,179,ok,14.787845
TypeScript,10-30,n8n-io-n8n.git,e1fef800d2fdf59e5264076cbe525fa6f75a0e37,packages/frontend/editor-ui/src/features/ai/chatHub/constants.ts,25,26,51,838,866,206,214,ok,15.172507999999999
TypeScript,10-30,nukeop-nuclear,72b1c404993fe118d9a22649349f1ba2c9751086,packages/app/jest.config.ts,13,18,31,441,641,100,127,ok,7.898967
TypeScript,10-30,nukeop-nuclear,72b1c404993fe118d9a22649349f1ba2c9751086,packages/core/jest.config.ts,10,15,25,247,447,71,98,ok,3.9436519999999997
TypeScript,10-30,pop-os-shell,5b7afc619721ff866507c72b95d65e15a252a1d9,src/floating_exceptions/src/mod.d.ts,3,11,14,91,242,48,98,ok,1.4448569999999998
TypeScript,10-30,pop-os-shell,5b7afc619721ff866507c72b95d65e15a252a1d9,src/grab_op.ts,21,18,39,490,428,158,137,ok,8.29416
TypeScript,10-30,pop-os-shell,5b7afc619721ff866507c72b95d65e15a252a1d9,src/once_cell.ts,13,13,26,239,239,87,88,ok,3.137496
TypeScript,10-30,pop-os-shell,5b7afc619721ff866507c72b95d65e15a252a1d9,src/result.ts,22,22,44,380,383,195,198,ok,15.961204
TypeScript,10-30,popcorn-official-popcorn-desktop,96f35d9d5fb176e2416c175a99e8ae28a5b7214f,packages/popcorntime-ui/src/hooks/use-mobile.ts,21,19,40,584,557,197,197,ok,30.339074
TypeScript,10-30,popcorn-official-popcorn-desktop,96f35d9d5fb176e2416c175a99e8ae28a5b7214f,packages/popcorntime-ui/src/lib/time.ts,11,11,22,312,303,103,103,ok,5.662634
TypeScript,10-30,popcorn-official-popcorn-desktop,96f35d9d5fb176e2416c175a99e8ae28a5b7214f,packages/popcorntime-ui/vite.config.ts,14,14,28,350,345,111,111,ok,6.101876
TypeScript,10-30,popcorn-official-popcorn-desktop,cf6ef3b3cebcb42b070957b7e0eac84ff17c42c7,packages/popcorntime-ui/.storybook/main.ts,25,26,51,617,663,184,194,ok,20.191348
TypeScript,10-30,rektdeckard-departure-mono,01ed44a15859bd93fddc3af1ae326c5ab96f7b47,src/font.ts,20,19,39,452,453,154,155,ok,12.139736
TypeScript,10-30,rektdeckard-departure-mono,01ed44a15859bd93fddc3af1ae326c5ab96f7b47,vite.config.ts,10,7,17,254,243,86,87,ok,3.394917
TypeScript,10-30,rektdeckard-departure-mono,8cb93b414d576c2d9777580364d2a6cec50c06be,src/font.ts,19,19,38,453,460,155,155,ok,13.078438
TypeScript,10-30,rektdeckard-departure-mono,e1412389390cf1889b9d6bf591d093e029cf8652,src/font.ts,19,28,47,460,744,155,282,ok,28.479557
TypeScript,10-30,session-foundation-session-desktop,3163c1a8ba756cdb5498784105c1f06bbb9572e3,ts/node/fs_utility.ts,26,26,52,664,676,202,206,ok,27.424765
TypeScript,10-30,session-foundation-session-desktop,9b32fad0c459cadcbbbbd0f9c3b6497d263ad159,ts/session/utils/job_runners/jobs/JobRunnerType.ts,12,13,25,293,317,85,92,ok,2.987978
TypeScript,10-30,session-foundation-session-desktop,9b32fad0c459cadcbbbbd0f9c3b6497d263ad159,ts/util/attachment/attachmentSizes.ts,13,17,30,274,287,76,58,ok,1.544967
TypeScript,10-30,session-foundation-session-desktop,ddde02a4be0b9ec74907f758756aae2aae7592cd,ts/util/attachment/attachmentSizes.ts,17,19,36,287,278,58,50,ok,1.0223280000000001
TypeScript,10-30,shiftkey-desktop,599cce4e1d77bdb33b36471e392774a3eaf07fc0,app/src/lib/stores/token-store.ts,19,19,38,398,405,143,143,ok,7.299031
TypeScript,10-30,staltz-manyverse,2b26f1baab055f3fd04c7823e073d705955ac83c,src/frontend/screens/central/connections-tab/fab.ts,26,27,53,904,935,213,218,ok,20.877335
TypeScript,10-30,staltz-manyverse,858367331393c07db1f2c1f9951d97b589368df7,src/frontend/screens/central/connections-tab/fab.ts,29,26,55,933,904,225,213,ok,21.413431
TypeScript,10-30,tree-sitter-grammars-tree-sitter-lua,4fbec840c34149b7d5fe10097c93a320ee4af053,bindings/node/index.d.ts,28,27,55,452,436,163,156,ok,13.082563
TypeScript,10-30,tree-sitter-grammars-tree-sitter-query,1bcf24638aa889092a764827a580f9b80f39f089,bindings/node/index.d.ts,28,27,55,452,436,163,156,ok,13.149455000000001
TypeScript,10-30,tree-sitter-tree-sitter-css,4a9aab1668bf13d024710420648ef9a9ee6ccc17,bindings/node/index.d.ts,28,27,55,452,436,163,156,ok,13.068394000000001
TypeScript,10-30,tree-sitter-tree-sitter-embedded-template,ebdf1bbdd68f4ba21b92088f1f23aaa70bfda617,bindings/node/index.d.ts,28,27,55,452,436,163,156,ok,12.925157
TypeScript,10-30,tree-sitter-tree-sitter-go,93c2bb6ff269013aea1c5f7f0957881197a9adac,bindings/node/index.d.ts,28,27,55,452,436,163,156,ok,12.737559000000001
TypeScript,10-30,tree-sitter-tree-sitter-javascript,be1e969d3ece0a8801061f7c2636a0d84cc32ed4,bindings/node/index.d.ts,28,27,55,452,436,163,156,ok,22.904328000000003
TypeScript,10-30,tree-sitter-tree-sitter-jsdoc,63de33bf799bb725f1d83b1c773b5a1c0990a53d,bindings/node/index.d.ts,28,27,55,452,436,163,156,ok,23.077050000000003
TypeScript,10-30,tree-sitter-tree-sitter-julia,d450ed298703044fa3332688ed92829cc607f95c,bindings/node/index.d.ts,28,27,55,452,436,163,156,ok,12.751545
TypeScript,10-30,tree-sitter-tree-sitter-python,12c9edf3404cdb120fb161bf040ba84dd27f85e9,bindings/node/index.d.ts,28,27,55,452,436,163,156,ok,12.925519
TypeScript,10-30,tree-sitter-tree-sitter-regex,cf769a1b4d712590eefbe613c3431e82c1cf04f7,bindings/node/index.d.ts,28,27,55,452,436,163,156,ok,12.717576
TypeScript,10-30,uyha-tree-sitter-cmake,53589ac75de74ee8c327c8a0a49089a394a89037,bindings/node/index.d.ts,28,27,55,452,436,163,156,ok,12.909403
TypeScript,100-300,AdguardTeam-AdGuardHome,b00d9828840a47d6418f3c782cc69db2b07bb035,client/src/i18n.ts,114,290,404,3549,8734,1025,1919,timed_out,
TypeScript,100-300,Aylur-ags,2837aa39f1d4a98b5650ede998875a62557a3470,lib/time.ts,86,143,229,2402,3909,845,1361,ok,677.7942300000001
TypeScript,100-300,Aylur-ags,960f0408ca123b32ed13db637e2ad08b98ac7c24,lib/_app.ts,128,128,256,3888,3868,1257,1257,timed_out,
TypeScript,100-300,Extensions-Valhalla-gnome-bluetooth-quick-connect,3d71a9651dae8a8c40c799d3df8c79622e829afd,src/bluetooth.ts,109,98,207,3522,2795,1179,925,ok,769.8899
TypeScript,100-300,Extensions-Valhalla-gnome-bluetooth-quick-connect,74ed30c3559a038abc48c6db2dd1331d06656745,src/prefs.ts,134,133,267,3986,3922,1113,1098,ok,908.939174
TypeScript,100-300,Extensions-Valhalla-gnome-bluetooth-quick-connect,daaaa36b1a1b61e3b55e7b1912694acdf933f0e7,src/ui.ts,296,280,576,8904,8170,2497,2482,timed_out,
TypeScript,100-300,Kong-insomnia,2f4e3a8e65560efae270d2637ac9d978ce8d7c7b,packages/insomnia-inso/src/scripts/docs.ts,99,139,238,3541,3573,1238,1248,timed_out,
TypeScript,100-300,Kong-insomnia,c62a114d28a064c303d0c7114ced1cf68b2a8bc3,packages/insomnia-inso/src/commands/run-collection/result-report.ts,282,282,564,8601,8620,2524,2531,timed_out,
TypeScript,100-300,Kong-insomnia,c62a114d28a064c303d0c7114ced1cf68b2a8bc3,packages/insomnia-inso/src/db/adapters/insomnia-adapter.ts,138,138,276,3923,3922,903,903,ok,654.015207
TypeScript,100-300,Kong-insomnia,c62a114d28a064c303d0c7114ced1cf68b2a8bc3,packages/insomnia-inso/src/db/index.ts,113,113,226,3310,3302,758,755,ok,291.008092
TypeScript,100-300,Kong-insomnia,c62a114d28a064c303d0c7114ced1cf68b2a8bc3,packages/insomnia-testing/src/run/run.ts,162,162,324,4793,4811,977,979,ok,913.838885
TypeScript,100-300,Kong-insomnia,c62a114d28a064c303d0c7114ced1cf68b2a8bc3,packages/insomnia/src/common/mcp-utils.ts,205,204,409,7842,7818,1625,1610,timed_out,
TypeScript,100-300,Kong-insomnia,c62a114d28a064c303d0c7114ced1cf68b2a8bc3,packages/insomnia/src/common/misc.ts,282,282,564,7981,7970,2589,2585,timed_out,
TypeScript,100-300,Kong-insomnia,c62a114d28a064c303d0c7114ced1cf68b2a8bc3,packages/insomnia/src/datasets/charsets.ts,121,121,242,2274,2273,603,603,ok,120.59350500000001
TypeScript,100-300,Kong-insomnia,c62a114d28a064c303d0c7114ced1cf68b2a8bc3,packages/insomnia/src/main/api.protocol.ts,202,202,404,7274,7284,1847,1858,timed_out,
TypeScript,100-300,Kong-insomnia,c62a114d28a064c303d0c7114ced1cf68b2a8bc3,packages/insomnia/src/main/mcp/oauth-client-provider.ts,191,191,382,7445,7435,1845,1844,timed_out,
TypeScript,100-300,Kong-insomnia,c62a114d28a064c303d0c7114ced1cf68b2a8bc3,packages/insomnia/src/network/grpc/__tests__/write-proto-file.test.ts,213,213,426,7690,7681,2352,2351,timed_out,
TypeScript,100-300,Kong-insomnia,c62a114d28a064c303d0c7114ced1cf68b2a8bc3,packages/insomnia/src/templating/base-extension-worker.ts,264,264,528,9965,9956,2745,2745,timed_out,
TypeScript,100-300,Kong-insomnia,c62a114d28a064c303d0c7114ced1cf68b2a8bc3,packages/insomnia/src/templating/base-extension.ts,195,195,390,5912,5896,1732,1728,timed_out,
TypeScript,100-300,Myriad-Dreamin-tinymist,0714d19e29b85f18061a96544f894f42322b8ad7,editors/vscode/src/util.ts,158,158,316,4154,4153,1340,1340,timed_out,
TypeScript,100-300,RocketChat-Rocket.Chat.Electron,0e7d83efb67f62dbea3f0ffc244153c9dcd5c543,src/store/rootReducer.ts,105,107,212,4238,4299,679,695,ok,155.251782
TypeScript,100-300,RocketChat-Rocket.Chat.Electron,b0e794eb01612b1ec15acdc39fc8b1b82c9c4cfc,src/main.ts,123,126,249,3611,3737,873,903,ok,383.700534
TypeScript,100-300,Sonarr-Sonarr.git,0809a72ce53e54da411a68daf5f9dbd5f8fc04a7,frontend/src/Helpers/Hooks/useAppPage.ts,129,131,260,3714,3747,934,934,ok,810.149656
TypeScript,100-300,Sonarr-Sonarr.git,0809a72ce53e54da411a68daf5f9dbd5f8fc04a7,frontend/src/Store/Selectors/selectSettings.ts,169,171,340,4299,4317,1172,1176,timed_out,
TypeScript,100-300,Sonarr-Sonarr.git,4071278183fd80fdf522c5fe2d766a790766fae6,frontend/src/App/State/AppState.ts,105,103,208,3248,3175,773,757,ok,185.98420199999998
TypeScript,100-300,Sonarr-Sonarr.git,4071278183fd80fdf522c5fe2d766a790766fae6,frontend/src/Episode/useEpisode.ts,109,148,257,2612,3626,760,1012,ok,557.274532
TypeScript,100-300,andrewyng-aisuite,20528c7803b89fdc7e670d2a041558ada91ecacc,aisuite-js/src/client.ts,129,140,269,3672,3919,960,1022,ok,682.268021
TypeScript,100-300,andrewyng-aisuite,ff790be4b26e0f2ad0d8a40a17a4437d277c2a4f,aisuite-js/src/asr-providers/deepgram/provider.ts,121,120,241,3352,3368,882,876,ok,672.19504
TypeScript,100-300,apache-echarts.git,18b5db25e01fd40539fab81c9a67d8278909e7ff,src/scale/Log.ts,224,225,449,6940,7028,1632,1649,timed_out,
TypeScript,100-300,apache-echarts.git,1b1284fff6e0282a195b9c154a3d6cd123cfc925,src/model/mixin/dataFormat.ts,262,260,522,8863,8785,1479,1461,timed_out,
TypeScript,100-300,apache-echarts.git,2362925e5bd2c8ad8e1b1c0f3cfde153a9450806,src/chart/sunburst/SunburstPiece.ts,292,296,588,10945,11205,2523,2550,timed_out,
TypeScript,100-300,apache-echarts.git,26338d20c4f79680cbb3ca005cdeedc92f3cedf9,src/chart/sunburst/SunburstPiece.ts,291,292,583,10832,10945,2488,2523,timed_out,
TypeScript,100-300,apache-echarts.git,3cb583face090b1d1ac5218b981b11bd6a748a7a,test/ut/spec/series/aria-columns-exclude.test.ts,97,100,197,3250,3296,623,593,ok,534.253505
TypeScript,100-300,apache-echarts.git,41ff0b09dc378aa618d094d844f4d07fc81500ed,src/chart/helper/whiskerBoxCommon.ts,164,175,339,5974,6299,1103,1209,timed_out,
TypeScript,100-300,apache-echarts.git,421069f320cfbf024763b4e964021c222e8cc76b,src/component/marker/MarkLineModel.ts,148,148,296,3932,3956,605,622,ok,159.57393100000002
TypeScript,100-300,apache-echarts.git,51ae58df4b191d91680a6e8e12c60b5bbf0884fd,src/chart/helper/EffectLine.ts,258,258,516,8880,8882,2401,2401,timed_out,
TypeScript,100-300,apache-echarts.git,51ae58df4b191d91680a6e8e12c60b5bbf0884fd,src/chart/helper/EffectPolyline.ts,122,122,244,3826,3829,937,937,ok,691.0324909999999
TypeScript,100-300,apache-echarts.git,592cab67005f77aaa76bc6bf498a6b79becfb736,src/chart/treemap/treemapVisual.ts,270,268,538,9335,9226,1916,1886,timed_out,
TypeScript,100-300,apache-echarts.git,5ad87d42fe6f8c0a2f80f06e433c471bf04e3ded,src/util/styleCompat.ts,260,260,520,11854,11855,2721,2721,timed_out,
TypeScript,100-300,apache-echarts.git,71c8da08e5fa06a4666552a8ae36936f64423c95,src/chart/funnel/FunnelView.ts,215,215,430,6771,6771,1432,1432,timed_out,
TypeScript,100-300,apache-echarts.git,71c8da08e5fa06a4666552a8ae36936f64423c95,src/chart/pie/PieView.ts,278,278,556,9412,9412,2231,2231,timed_out,
TypeScript,100-300,apache-echarts.git,8eb93d090a05377e37c1978b78df7579f7a37175,src/chart/helper/whiskerBoxCommon.ts,175,175,350,6337,6333,1232,1232,timed_out,
TypeScript,100-300,apache-echarts.git,a4d803f6c0bffc9d6b3abd385111682d7b5d7de5,src/component/axis/CartesianAxisView.ts,246,253,499,8520,8788,1930,2008,timed_out,
TypeScript,100-300,apache-echarts.git,aaa2a48b92947b0a386e9412f4e708a8841303bb,src/chart/bar/BarSeries.ts,167,169,336,5042,5067,878,885,ok,436.81302700000003
TypeScript,100-300,apache-echarts.git,b0337eec1283446a944d27a9dd1e026d13b611a0,src/chart/bar/BarSeries.ts,169,167,336,5094,5070,896,889,ok,431.38675
TypeScript,100-300,apache-echarts.git,b70e4d2a957ffc43993f574b68bab114447fbb8c,src/i18n/langPT-br.ts,145,145,290,4723,4800,846,846,ok,514.755654
TypeScript,100-300,apache-echarts.git,bfa8c928bec21593c341a60c4a35098678a3b616,src/scale/Ordinal.ts,295,295,590,9536,9543,1418,1419,timed_out,
TypeScript,100-300,apache-echarts.git,e23a40759607432f666313d0df2867c275e4d2ae,src/data/helper/dataValueHelper.ts,263,263,526,9609,9616,1603,1606,timed_out,
TypeScript,100-300,apache-echarts.git,f94f2214f637fe5a680519c0ee2f606424d27432,src/chart/helper/whiskerBoxCommon.ts,175,188,363,6333,7258,1232,1240,timed_out,
TypeScript,100-300,balena-io-etcher,2dfa795129e287f887b9ea02f2eca717575d27ac,lib/gui/app/app.ts,234,238,472,6847,6969,1753,1791,timed_out,
TypeScript,100-300,balena-io-etcher,4aa4140d65189920938c42c41a6a781c97148c8a,forge.sidecar.ts,168,168,336,4645,4650,1290,1291,timed_out,
TypeScript,100-300,balena-io-etcher,4aa4140d65189920938c42c41a6a781c97148c8a,lib/gui/app/models/leds.ts,260,259,519,8073,8168,1986,2009,timed_out,
TypeScript,100-300,balena-io-etcher,4aa4140d65189920938c42c41a6a781c97148c8a,lib/gui/app/models/selection-state.ts,128,128,256,2945,2955,614,616,ok,181.447778
TypeScript,100-300,balena-io-etcher,4aa4140d65189920938c42c41a6a781c97148c8a,lib/shared/drive-constraints.ts,278,278,556,7009,7019,1302,1304,timed_out,
TypeScript,100-300,balena-io-etcher,4aa4140d65189920938c42c41a6a781c97148c8a,lib/shared/messages.ts,193,193,386,4476,4481,1409,1410,timed_out,
TypeScript,100-300,balena-io-etcher,4aa4140d65189920938c42c41a6a781c97148c8a,lib/util/api.ts,291,292,583,7941,7986,1960,1975,timed_out,
TypeScript,100-300,balena-io-etcher,4aa4140d65189920938c42c41a6a781c97148c8a,lib/util/child-writer.ts,201,199,400,5293,5405,1139,1164,timed_out,
TypeScript,100-300,balena-io-etcher,4aa4140d65189920938c42c41a6a781c97148c8a,lib/util/scanner.ts,183,184,367,4669,4704,1167,1180,ok,891.9782819999999
TypeScript,100-300,balena-io-etcher,a661d102bc94bf2707f01958d1e9d260efc06c14,lib/gui/app/models/selection-state.ts,128,128,256,2951,2945,614,614,ok,180.604508
TypeScript,100-300,balena-io-etcher,a661d102bc94bf2707f01958d1e9d260efc06c14,tests/gui/os/window-progress.spec.ts,113,120,233,3434,3505,955,956,timed_out,
TypeScript,100-300,balena-io-etcher,e94767aca7b07e674bd60176ef77c11440131ace,webpack.config.ts,103,112,215,2750,3019,486,556,ok,180.987833
TypeScript,100-300,balena-io-etcher,f3123f3cbe0159c624412ec2f162d01e079d314e,lib/shared/sudo/windows.ts,218,93,311,7852,2894,1335,665,timed_out,
TypeScript,100-300,cheshirekow-cmake_format,752d0453ec4a349f26c36523a1093aa8798342fb,cmake_format/vscode_extension/src/extension.ts,102,102,204,4018,3202,1012,1012,timed_out,
TypeScript,100-300,coolercontrol-coolercontrol,cde7230342339ebde77ddd7b749f5447983cf2b9,coolercontrol-ui/src/models/CCSettings.ts,88,103,191,2999,3716,422,465,ok,99.344953
TypeScript,100-300,cs01-gdbgui,ad576adae65f7ea9ac7b6fa3c506fa12a3802ea9,gdbgui/src/js/Actions.ts,251,252,503,8529,9047,2441,2470,timed_out,
TypeScript,100-300,cs01-gdbgui,ad576adae65f7ea9ac7b6fa3c506fa12a3802ea9,gdbgui/src/js/Util.ts,136,137,273,3412,3609,979,1016,timed_out,
TypeScript,100-300,ejgallego-coq-lsp,cdae1e63d29fce7bc47bb0f38fecf1fe80166e8d,editor/code/src/config.ts,126,128,254,3883,3981,927,942,ok,466.38036300000005
TypeScript,100-300,ejgallego-coq-lsp,d9eb91d2c0db7ba7f798f353e19e5c599921605e,editor/code/src/config.ts,124,126,250,3797,3883,912,927,ok,446.35893599999997
TypeScript,100-300,ejgallego-coq-lsp,fe3c7f3b0d063c2d4db96adeba21eac0bee106d7,editor/code/src/config.ts,130,118,248,4082,3872,957,899,ok,460.892829
TypeScript,100-300,electron-electron.git,e3a0ac06e2d03ce7f9e1b73ace708c9d6840ca63,spec/api-view-spec.ts,95,137,232,2562,4099,1076,1815,timed_out,
TypeScript,100-300,element-hq-element-desktop,c827e806ea0281ec8a22e38e6cf323f43cb4eb3e,src/ipc.ts,227,227,454,8450,8445,2053,2053,timed_out,
TypeScript,100-300,elisescu-tty-share,600f1c11ed063989ffeea6f865f1cdd3445aa942,server/frontend/tty-share/tty-receiver.ts,121,121,242,4621,4633,1120,1120,timed_out,
TypeScript,100-300,elisescu-tty-share,fcefcdfb02c00c2c59122f10bd421bafcee2af77,server/frontend/tty-share/tty-receiver.ts,120,120,240,4499,4557,1111,1112,timed_out,
TypeScript,100-300,elves-elvish,4d0119430a69a7cc8c40dc46830ac54ce065e5b1,vscode/src/styledown.ts,60,122,182,2074,4358,681,1203,ok,561.185369
TypeScript,100-300,emuell-restic-browser,ab8990e868be27a19c8224d6bc1b20b367b251d2,src/components/app-header.ts,103,98,201,2947,2929,405,412,ok,114.481937
TypeScript,100-300,emuell-restic-browser,ab8990e868be27a19c8224d6bc1b20b367b251d2,src/components/location-save-preset-dialog.ts,111,109,220,3314,3305,587,588,ok,280.246375
TypeScript,100-300,emuell-restic-browser,ab8990e868be27a19c8224d6bc1b20b367b251d2,src/components/snapshot-list.ts,193,201,394,5821,5914,1126,1144,timed_out,
TypeScript,100-300,firecow-gitlab-ci-local,d0582acce5a6d16e85f4108243c3db9d3afc1f37,src/variables-from-files.ts,154,161,315,8019,8391,2368,2445,timed_out,
TypeScript,100-300,forgejo-forgejo,1000a0da3afc514e9429034cb870d38e7be77022,tests/e2e/pr-review.test.e2e.ts,187,215,402,9006,10337,2411,2759,timed_out,
TypeScript,100-300,go-gitea-gitea,9668913d761ff215e74458e813c6f8bf1d60341d,web_src/js/features/codeeditor.ts,245,245,490,9232,9212,2615,2609,timed_out,
TypeScript,100-300,hashicorp-vault,5ff894f4940523f8931b60f77fbd92d6da437040,ui/tests/helpers/pki/pki-selectors.ts,217,217,434,9858,9863,1976,1976,timed_out,
TypeScript,100-300,mifi-lossless-cut,e04be986c0292693bd5fcfd5fe14229a695c143a,src/renderer/src/hooks/normalizeWheel.ts,165,167,332,6297,6429,503,543,ok,131.686932
TypeScript,100-300,mitmproxy-mitmproxy,26074879818ed547d3ca44b02880fb78ee62bbb3,web/src/js/ducks/options.ts,99,100,199,2864,2902,820,832,ok,544.58886
TypeScript,100-300,mitmproxy-mitmproxy,26074879818ed547d3ca44b02880fb78ee62bbb3,web/src/js/utils.ts,221,230,451,6345,6530,2185,2278,timed_out,
TypeScript,100-300,mongodb-js-compass,2b70205c706f1454ef9d2694e675305f98628922,packages/compass-components/src/index.ts,254,251,505,9148,9132,1819,1815,timed_out,
TypeScript,100-300,mongodb-js-compass,736f235cf99c04b1e4fd2930e80c2f509d655a2e,packages/compass-e2e-tests/helpers/test-runner-global-fixtures.ts,200,202,402,5725,5867,1325,1335,timed_out,
TypeScript,100-300,nukeop-nuclear,72b1c404993fe118d9a22649349f1ba2c9751086,packages/app/__mocks__/@nuclear/core.ts,95,100,195,2691,2860,960,1030,ok,842.89567
TypeScript,100-300,pop-os-shell,29869118d1b89e5fa2ee97d11f36f20343ecba4c,src/prefs.ts,258,277,535,7935,8594,2650,2866,timed_out,
TypeScript,100-300,pop-os-shell,3692dd4b7f0225435f98e2ebeb49306883a875de,src/geom.ts,98,100,198,3343,3429,1241,1275,ok,730.4282469999999
TypeScript,100-300,pop-os-shell,5b7afc619721ff866507c72b95d65e15a252a1d9,src/executor.ts,102,103,205,2743,2743,854,848,ok,522.512797
TypeScript,100-300,pop-os-shell,5b7afc619721ff866507c72b95d65e15a252a1d9,src/prefs.ts,277,257,534,7873,7890,2599,2641,timed_out,
TypeScript,100-300,pop-os-shell,5b7afc619721ff866507c72b95d65e15a252a1d9,src/utils.ts,192,185,377,5416,5372,1798,1820,timed_out,
TypeScript,100-300,pop-os-shell,cf3c932b55d5c247906efe9d81f988ee092d9f51,src/settings.ts,259,255,514,7285,7173,2055,2099,timed_out,
TypeScript,100-300,popcorn-official-popcorn-desktop,108e30a11c47fb6bbf3f392349dd37fc3d1dc8dd,apps/desktop/src/stores/global.test.ts,178,178,356,5834,5852,2422,2422,timed_out,
TypeScript,100-300,popcorn-official-popcorn-desktop,3a3e87c7bedf20ff5a775c1efadba7a2278b86d1,apps/desktop/src/stores/global.test.ts,199,207,406,6854,6949,2718,2761,timed_out,
TypeScript,100-300,popcorn-official-popcorn-desktop,6156df9128bce60683a6676d27fee04b53340c27,apps/desktop/src/tauri/types.ts,235,235,470,11875,11902,4477,4484,timed_out,
TypeScript,100-300,popcorn-official-popcorn-desktop,b29cef70ceffb2adefe91c6c962ef51000f3ad91,apps/desktop/src/stores/command-center.ts,114,114,228,2274,2288,853,861,ok,628.875769
TypeScript,100-300,popcorn-official-popcorn-desktop,c8cbdd0714961e8d228b8ef7618b4c7ceea2add9,apps/desktop/src/tauri/types.ts,235,245,480,11902,12488,4484,4654,timed_out,
TypeScript,100-300,prometheus-prometheus,02985d2ddd2520b98c18230f2865ca9b0f0adec6,web/ui/mantine-ui/src/promql/utils.test.ts,155,161,316,3755,3917,1099,1129,timed_out,
TypeScript,100-300,prometheus-prometheus,36d054cb2e76b474798d74efd6c1ffb93a47b855,web/ui/mantine-ui/src/state/queryPageSlice.ts,160,162,322,4148,4195,1227,1243,timed_out,
TypeScript,100-300,prometheus-prometheus,e8bfcfcf1a6e0e084574851c135b46cbfd479a8b,web/ui/mantine-ui/src/promql/ast.ts,219,221,440,4121,4161,1271,1287,ok,524.5317210000001
TypeScript,100-300,prometheus-prometheus.git,02985d2ddd2520b98c18230f2865ca9b0f0adec6,web/ui/mantine-ui/src/promql/ast.ts,210,214,424,3935,4019,1207,1235,ok,474.705532
TypeScript,100-300,prometheus-prometheus.git,02985d2ddd2520b98c18230f2865ca9b0f0adec6,web/ui/mantine-ui/src/promql/serialize.ts,174,179,353,5771,5903,1793,1828,timed_out,
TypeScript,100-300,redhat-developer-vscode-xml,0b305851bd4a38396d6c273a7bf24ad0f69b01e3,src/server/java/javaServerStarter.ts,137,137,274,5074,5073,1471,1471,timed_out,
TypeScript,100-300,session-foundation-session-desktop,068ea172892fd77139be0caaf0b6f1681e0a2629,ts/util/i18n/shared.ts,87,110,197,2727,3707,576,731,ok,288.667976
TypeScript,100-300,session-foundation-session-desktop,1ea32bfe4b5dd32f4b4f9f83dac58a6f0738949e,ts/models/messageFactory.ts,161,162,323,5107,5134,849,854,ok,375.59585699999997
TypeScript,100-300,session-foundation-session-desktop,1ea32bfe4b5dd32f4b4f9f83dac58a6f0738949e,ts/session/sending/MessageSentHandler.ts,220,240,460,7426,8048,1360,1411,timed_out,
TypeScript,100-300,session-foundation-session-desktop,1ea32bfe4b5dd32f4b4f9f83dac58a6f0738949e,ts/session/utils/Attachments.ts,179,179,358,4894,4895,1348,1348,timed_out,
TypeScript,100-300,session-foundation-session-desktop,2d08c7ea252c01ad8308764bc2f75c5826fa3524,ts/interactions/avatar-interactions/nts-avatar-interactions.ts,111,111,222,4398,4400,794,794,ok,335.212083
TypeScript,100-300,session-foundation-session-desktop,4958169fdf951012fe9c9d2b0e7bb5f8606f8670,ts/types/message/index.ts,155,171,326,4996,6016,1291,1296,timed_out,
TypeScript,100-300,session-foundation-session-desktop,4def5aa01b5cd4d802c440a5ff1d6b216f15d340,ts/session/utils/User.ts,202,202,404,6572,6497,1420,1413,timed_out,
TypeScript,100-300,session-foundation-session-desktop,4def5aa01b5cd4d802c440a5ff1d6b216f15d340,ts/test/session/unit/libsession_wrapper/libsession_pro_test.ts,209,153,362,6468,4499,1433,1055,timed_out,
TypeScript,100-300,session-foundation-session-desktop,5a68a5d0b5d549f13f55efc5cf032de406f3c4b2,ts/session/apis/snode_api/onsResolve.ts,115,115,230,4045,4068,928,937,ok,810.86956
TypeScript,100-300,session-foundation-session-desktop,5a68a5d0b5d549f13f55efc5cf032de406f3c4b2,ts/test/session/unit/onion/OnionPaths_test.ts,179,271,450,7029,11136,2014,3055,timed_out,
TypeScript,100-300,session-foundation-session-desktop,5d0e72489f274d034659ca58ed1fc5e61f5a4490,ts/webworker/workers/node/image_processor/image_processor.d.ts,142,143,285,6012,6039,663,670,ok,241.53145700000002
TypeScript,100-300,session-foundation-session-desktop,6a6eb145e1f35b2f82599979c85ef9458282e463,ts/session/utils/job_runners/jobs/AvatarReuploadJob.ts,272,273,545,10389,10462,2076,2094,timed_out,
TypeScript,100-300,session-foundation-session-desktop,6c72eee094b77ad7204c264bc794aa66e5b6381e,ts/receiver/types.ts,124,123,247,3581,3527,662,643,ok,217.311434
TypeScript,100-300,session-foundation-session-desktop,9b32fad0c459cadcbbbbd0f9c3b6497d263ad159,ts/session/apis/file_server_api/types.ts,134,119,253,3771,3625,761,647,ok,254.33137900000003
TypeScript,100-300,session-foundation-session-desktop,9b32fad0c459cadcbbbbd0f9c3b6497d263ad159,ts/session/messages/outgoing/visibleMessage/VisibleMessage.ts,187,172,359,5366,4875,1434,1294,timed_out,
TypeScript,100-300,session-foundation-session-desktop,9b32fad0c459cadcbbbbd0f9c3b6497d263ad159,ts/session/utils/User.ts,112,123,235,3682,4028,824,867,ok,383.81959900000004
TypeScript,100-300,session-foundation-session-desktop,9b32fad0c459cadcbbbbd0f9c3b6497d263ad159,ts/state/ducks/user.ts,164,158,322,5389,5140,1305,1260,timed_out,
TypeScript,100-300,session-foundation-session-desktop,9b32fad0c459cadcbbbbd0f9c3b6497d263ad159,ts/test/session/unit/messages/MessageRequestResponse_test.ts,181,179,360,6890,6581,2119,1948,timed_out,
TypeScript,100-300,session-foundation-session-desktop,9b32fad0c459cadcbbbbd0f9c3b6497d263ad159,ts/test/test-utils/utils/stubbing.ts,172,188,360,5411,5720,1692,1814,timed_out,
TypeScript,100-300,session-foundation-session-desktop,b84ba434d2de9fafbdc91614f7f24fb7e5705fc0,ts/session/apis/file_server_api/FileServerApi.ts,238,241,479,7912,7930,1836,1830,timed_out,
TypeScript,100-300,session-foundation-session-desktop,d232d700b28acc54e31c400cc7fe50846981cc5d,ts/util/loggerTimed.ts,253,254,507,8330,8327,884,892,ok,615.7280360000001
TypeScript,100-300,session-foundation-session-desktop,ddde02a4be0b9ec74907f758756aae2aae7592cd,ts/interactions/avatar-interactions/nts-avatar-interactions.ts,115,108,223,4560,4208,778,756,ok,316.248182
TypeScript,100-300,session-foundation-session-desktop,df5cf98a1ac02e0ac6383f6d2f54c2c1c9b6312b,ts/interactions/avatar-interactions/nts-avatar-interactions.ts,115,115,230,4560,4560,778,778,ok,317.108447
TypeScript,100-300,session-foundation-session-desktop,f3cfa9b9e7dc8741c624c283ad1528083e1128e5,ts/util/urlHistory.ts,100,100,200,2766,2767,841,841,ok,416.45695
TypeScript,100-300,shiftkey-desktop,131bc78077c4447d6a782d1fa6d6f61c5e0706d3,script/package-debian.ts,104,104,208,2848,2884,735,735,ok,198.198429
TypeScript,100-300,shiftkey-desktop,50f91c89fc56ef73b7a85e93ddb4885a333de00f,script/package.ts,254,232,486,6955,6710,2012,1942,timed_out,
TypeScript,100-300,shiftkey-desktop,599cce4e1d77bdb33b36471e392774a3eaf07fc0,app/src/ui/lib/install-cli.ts,102,102,204,2391,2398,645,645,ok,244.260212
TypeScript,100-300,shiftkey-desktop,66b16e9d23c94e9e46243de4d70e417b95747956,app/src/lib/shells/linux.ts,232,232,464,6434,6426,1933,1933,timed_out,
TypeScript,100-300,shiftkey-desktop,72a35ad72664077d95b47976d1c69a97a850739d,script/package-debian.ts,104,104,208,2884,2894,735,742,ok,199.98585899999998
TypeScript,100-300,shiftkey-desktop,c535adb5792f662d6a56a167f5f2e9c2894bab72,app/src/lib/helpers/linux.ts,98,105,203,2457,2735,460,547,ok,107.306171
TypeScript,100-300,staltz-manyverse,2b26f1baab055f3fd04c7823e073d705955ac83c,src/frontend/screens/profile/view/index.ts,165,166,331,5517,5551,1266,1271,timed_out,
TypeScript,100-300,staltz-manyverse,4cd487b295f1cb4b8fd4fed2c9723502c4662c50,src/frontend/screens/desktop-frame/index.web.ts,107,110,217,2786,2910,784,809,ok,281.059282
TypeScript,100-300,staltz-manyverse,4cd487b295f1cb4b8fd4fed2c9723502c4662c50,src/frontend/screens/settings/model.ts,123,152,275,3403,4439,899,1103,ok,564.810849
TypeScript,100-300,staltz-manyverse,858367331393c07db1f2c1f9951d97b589368df7,src/frontend/screens/profile/view/index.ts,183,165,348,5935,5517,1360,1266,timed_out,
TypeScript,100-300,staltz-manyverse,ef40d54ae6a633874b9cfec1649d17415259c63d,src/backend/plugins/connUtils.ts,129,137,266,3472,3619,1123,1150,timed_out,
TypeScript,100-300,staltz-manyverse,ef40d54ae6a633874b9cfec1649d17415259c63d,src/backend/ssb.ts,131,152,283,4660,5107,1378,1507,timed_out,
TypeScript,100-300,staltz-manyverse,ef40d54ae6a633874b9cfec1649d17415259c63d,src/frontend/components/ZoomableImage.ts,258,259,517,7011,7012,1930,1929,timed_out,
TypeScript,100-300,tursodatabase-turso,bf97fe529648bbf6a7ebf1a3134ed168a83e7156,simulator-docker-runner/docker-entrypoint.simulator.ts,211,220,431,7246,7448,2353,2439,timed_out,
TypeScript,1000-3000,FortAwesome-Font-Awesome,41cfe644047fc3a4c49c22acc721cacc3e1021fe,js-packages/@fortawesome/fontawesome-common-types/index.d.ts,2555,2555,5110,48705,48782,18237,18279,timed_out,
TypeScript,1000-3000,Heroic-Games-Launcher-HeroicGamesLauncher,f825234a1889f03ae164e6bdd2397a08de3edbbf,src/backend/utils.ts,1694,1697,3391,47823,48079,12782,12812,timed_out,
TypeScript,1000-3000,Kong-insomnia,c62a114d28a064c303d0c7114ced1cf68b2a8bc3,packages/insomnia/src/common/insomnia-v5.ts,1147,1148,2295,40401,40446,8840,8856,timed_out,
TypeScript,1000-3000,Kong-insomnia,c62a114d28a064c303d0c7114ced1cf68b2a8bc3,packages/insomnia/src/main/git-service.ts,2785,2783,5568,83895,83900,21466,21455,timed_out,
TypeScript,1000-3000,Kong-insomnia,c62a114d28a064c303d0c7114ced1cf68b2a8bc3,packages/insomnia/src/network/__tests__/network.test.ts,1129,1129,2258,32535,32534,9048,9052,timed_out,
TypeScript,1000-3000,Kong-insomnia,c62a114d28a064c303d0c7114ced1cf68b2a8bc3,packages/insomnia/src/sync/git/git-vcs.ts,2021,2019,4040,64749,64708,15982,15968,timed_out,
TypeScript,1000-3000,Kong-insomnia,c62a114d28a064c303d0c7114ced1cf68b2a8bc3,packages/insomnia/src/sync/vcs/__tests__/util.test.ts,1021,1021,2042,27439,27425,10049,10047,timed_out,
TypeScript,1000-3000,RocketChat-Rocket.Chat.Electron,76c69971616f513699900acd723a07d5fb162624,src/videoCallWindow/ipc.ts,1067,1013,2080,33633,31672,7481,7054,timed_out,
TypeScript,1000-3000,Z3Prover-z3,8ba77dfc6b58e2cb5bcbbb799fc756798974402c,src/api/js/src/high-level/types.ts,2009,2005,4014,53204,52967,15403,15306,timed_out,
TypeScript,1000-3000,apache-echarts.git,29c0f9df11ee68e745ddf2bf3b82070f43bf93fe,src/util/types.ts,1747,1748,3495,51021,51078,8659,8684,timed_out,
TypeScript,1000-3000,apache-echarts.git,3ec7b26bef97ecad5bd74cfc80106a564faa18f9,src/data/SeriesData.ts,1519,1519,3038,54023,54032,11477,11480,timed_out,
TypeScript,1000-3000,apache-echarts.git,3fe45744a699827b264558245b7f974f58cbd191,src/component/axis/AxisBuilder.ts,1597,1619,3216,57582,58697,11537,11745,timed_out,
TypeScript,1000-3000,apache-echarts.git,47e5928d2e98bef9dc54690d122052307eb2d951,src/chart/bar/BarView.ts,1270,1270,2540,44593,44588,10266,10266,timed_out,
TypeScript,1000-3000,apache-echarts.git,4e73d95af839353ee93e4f115d152bc6808188a8,src/util/types.ts,1755,1764,3519,51317,51610,8704,8712,timed_out,
TypeScript,1000-3000,apache-echarts.git,57b8c9752dd982e5234eacd451a833af1b2c4606,src/chart/treemap/TreemapView.ts,1111,1131,2242,39638,40606,8335,8437,timed_out,
TypeScript,1000-3000,apache-echarts.git,5a575c9dee0eac79018db30b8f6b9a0cf3e7dc11,src/chart/line/LineView.ts,1479,1483,2962,52078,52278,11778,11820,timed_out,
TypeScript,1000-3000,apache-echarts.git,5ad87d42fe6f8c0a2f80f06e433c471bf04e3ded,src/util/types.ts,2069,2069,4138,65886,65887,9937,9937,timed_out,
TypeScript,1000-3000,apache-echarts.git,61afd73df469de680aba36724edd3e4b371630d3,src/chart/line/LineView.ts,1477,1482,2959,51908,52108,11743,11787,timed_out,
TypeScript,1000-3000,apache-echarts.git,6babda73b6ca6ab90f149c67d5b69136025ccc78,src/component/dataZoom/SliderZoomView.ts,1093,1099,2192,38036,38493,9090,9225,timed_out,
TypeScript,1000-3000,apache-echarts.git,86db174f89e2719b7ee3b1d35c4ae26906faa7bc,src/chart/line/LineView.ts,1457,1457,2914,50719,50733,11619,11621,timed_out,
TypeScript,1000-3000,apache-echarts.git,8921fec4ba23f4c6fd7a2b13ae87a54ac593bc15,src/chart/treemap/TreemapView.ts,1131,1128,2259,40606,40365,8437,8358,timed_out,
TypeScript,1000-3000,apache-echarts.git,919bfff97b2c067e6adc2b0285c3a8b1dc24f063,src/data/DataStore.ts,1325,1325,2650,43406,43400,9737,9737,timed_out,
TypeScript,1000-3000,apache-echarts.git,919bfff97b2c067e6adc2b0285c3a8b1dc24f063,src/data/SeriesData.ts,1510,1512,3022,53748,53844,11459,11459,timed_out,
TypeScript,1000-3000,apache-echarts.git,a1498d6b5abe658a299345fd3b72f803c59d9ea2,src/data/DataStore.ts,1313,1377,2690,43204,45280,9574,10026,timed_out,
TypeScript,1000-3000,apache-echarts.git,a29a45ebe0d3ce583285b421a2ded6b417afe349,src/util/types.ts,1756,1756,3512,51356,51384,8722,8723,timed_out,
TypeScript,1000-3000,apache-echarts.git,ae3dbf387fd989110a48ab60428160c08d333bb3,src/component/axis/AxisBuilder.ts,1619,1607,3226,58646,58187,11724,11713,timed_out,
TypeScript,1000-3000,apache-echarts.git,aeb078eb769064e8645477f69b860207bfb8a75d,src/util/types.ts,1754,1755,3509,51278,51312,8693,8704,timed_out,
TypeScript,1000-3000,apache-echarts.git,afe0bc38c293a3b763a1020bf96da743ad6b5e93,src/component/dataZoom/SliderZoomView.ts,1128,1131,2259,39898,39997,9514,9554,timed_out,
TypeScript,1000-3000,apache-echarts.git,b0f77e8800e0f0992e7cc54eb87ec344b2ce1388,src/chart/treemap/TreemapView.ts,1140,1143,2283,40819,40899,8596,8611,timed_out,
TypeScript,1000-3000,apache-echarts.git,b6a041e50a8b62fe7ef49f48a4dc4f8257ceb603,src/component/dataZoom/SliderZoomView.ts,1102,1102,2204,38543,38635,9225,9202,timed_out,
TypeScript,1000-3000,apache-echarts.git,c1727a65fcef3ab6ac72e34856f918386970c19a,src/component/tooltip/TooltipView.ts,1227,1239,2466,43940,44557,9128,9213,timed_out,
TypeScript,1000-3000,apache-echarts.git,c1727a65fcef3ab6ac72e34856f918386970c19a,src/util/types.ts,1748,1754,3502,51078,51278,8684,8693,timed_out,
TypeScript,1000-3000,apache-echarts.git,c3ce6e0fc39ff5fe830f7b5a5e6b1c7eb0168daf,src/component/dataZoom/SliderZoomView.ts,1100,1102,2202,38501,38678,9200,9254,timed_out,
TypeScript,1000-3000,apache-echarts.git,c5a1265682d8dbee1c8e4d21e459756d5e2ad04f,src/component/dataZoom/SliderZoomView.ts,1123,1124,2247,39653,39730,9459,9481,timed_out,
TypeScript,1000-3000,apache-echarts.git,ce500cf22a8413452e3d9da1dbe4df499bbf5dc2,src/chart/treemap/TreemapView.ts,1150,1153,2303,41185,41306,8675,8712,timed_out,
TypeScript,1000-3000,apache-echarts.git,dd53fc9f18fa29f04f8d85cb46791ea9f0936a27,src/chart/line/LineView.ts,1457,1457,2914,50732,50723,11618,11615,timed_out,
TypeScript,1000-3000,apache-echarts.git,dd5d624cd9131b6281542a4b92461820f246b108,src/component/dataZoom/SliderZoomView.ts,1100,1100,2200,38471,38501,9200,9200,timed_out,
TypeScript,1000-3000,apache-echarts.git,dea397da2017a18115a25b087d0f6ff7a1785153,src/chart/line/LineView.ts,1477,1477,2954,51676,51908,11704,11743,timed_out,
TypeScript,1000-3000,apache-echarts.git,e14cc9a04bf01bd53047fe112993d5afd1053752,src/component/tooltip/TooltipView.ts,1222,1227,2449,43766,43958,9099,9133,timed_out,
TypeScript,1000-3000,apache-echarts.git,e8ff528e9a692e4e9bb8dbfda447afa7efccd510,src/util/model.ts,1175,1175,2350,39584,39632,7536,7545,timed_out,
TypeScript,1000-3000,apache-echarts.git,e928a4c2f76e1e6034f7dfd88f1cf5911b738813,src/data/DataStore.ts,1377,1382,2759,45280,45463,10026,10058,timed_out,
TypeScript,1000-3000,apache-echarts.git,f5534bb424e1b9191c598291fe7d8978a220e10e,src/chart/line/LineView.ts,1473,1475,2948,51555,51628,11671,11691,timed_out,
TypeScript,1000-3000,balena-io-etcher,4aa4140d65189920938c42c41a6a781c97148c8a,tests/shared/drive-constraints.spec.ts,1374,1374,2748,34914,34919,9956,9957,timed_out,
TypeScript,1000-3000,bitcoin-bitcoin,b320f5efa1753aead857d4cddd742af16e51d8d1,src/qt/locale/bitcoin_az@latin.ts,1608,1608,3216,67167,67074,20549,20538,timed_out,
TypeScript,1000-3000,bitcoin-bitcoin,b320f5efa1753aead857d4cddd742af16e51d8d1,src/qt/locale/bitcoin_br.ts,899,1017,1916,30694,35820,10403,12157,timed_out,
TypeScript,1000-3000,bitcoin-bitcoin,b320f5efa1753aead857d4cddd742af16e51d8d1,src/qt/locale/bitcoin_bs.ts,1687,1703,3390,71832,72678,21621,21913,timed_out,
TypeScript,1000-3000,bitcoin-bitcoin,b320f5efa1753aead857d4cddd742af16e51d8d1,src/qt/locale/bitcoin_eo.ts,2143,2135,4278,83049,82588,25864,25739,timed_out,
TypeScript,1000-3000,bitcoin-bitcoin,b320f5efa1753aead857d4cddd742af16e51d8d1,src/qt/locale/bitcoin_et.ts,1933,1917,3850,72300,71537,22317,22123,timed_out,
TypeScript,1000-3000,bitcoin-bitcoin,b320f5efa1753aead857d4cddd742af16e51d8d1,src/qt/locale/bitcoin_eu.ts,2294,2289,4583,86711,86596,26851,27021,timed_out,
TypeScript,1000-3000,bitcoin-bitcoin,b320f5efa1753aead857d4cddd742af16e51d8d1,src/qt/locale/bitcoin_gl.ts,2113,2105,4218,86292,85798,26361,26236,timed_out,
TypeScript,1000-3000,bitcoin-bitcoin,b320f5efa1753aead857d4cddd742af16e51d8d1,src/qt/locale/bitcoin_gl_ES.ts,1188,1191,2379,48136,48111,15078,15089,timed_out,
TypeScript,1000-3000,bitcoin-bitcoin,b320f5efa1753aead857d4cddd742af16e51d8d1,src/qt/locale/bitcoin_hi.ts,2808,2659,5467,175591,167650,40063,38180,timed_out,
TypeScript,1000-3000,bitcoin-bitcoin,b320f5efa1753aead857d4cddd742af16e51d8d1,src/qt/locale/bitcoin_id.ts,1848,1961,3809,98426,99908,28445,29237,timed_out,
TypeScript,1000-3000,bitcoin-bitcoin,b320f5efa1753aead857d4cddd742af16e51d8d1,src/qt/locale/bitcoin_is.ts,1266,1274,2540,61174,61848,17337,17631,timed_out,
TypeScript,1000-3000,bitcoin-bitcoin,b320f5efa1753aead857d4cddd742af16e51d8d1,src/qt/locale/bitcoin_ka.ts,2976,2959,5935,151725,150842,37196,37009,timed_out,
TypeScript,1000-3000,bitcoin-bitcoin,b320f5efa1753aead857d4cddd742af16e51d8d1,src/qt/locale/bitcoin_lt.ts,2992,2940,5932,125679,123342,37284,36645,timed_out,
TypeScript,1000-3000,bitcoin-bitcoin,b320f5efa1753aead857d4cddd742af16e51d8d1,src/qt/locale/bitcoin_lv.ts,1507,1495,3002,55669,55129,17821,17682,timed_out,
TypeScript,1000-3000,bitcoin-bitcoin,b320f5efa1753aead857d4cddd742af16e51d8d1,src/qt/locale/bitcoin_mk.ts,1366,1362,2728,57099,56857,16637,16578,timed_out,
TypeScript,1000-3000,bitcoin-bitcoin,b320f5efa1753aead857d4cddd742af16e51d8d1,src/qt/locale/bitcoin_ml.ts,1626,1633,3259,84100,84597,19951,20092,timed_out,
TypeScript,1000-3000,bitcoin-bitcoin,b320f5efa1753aead857d4cddd742af16e51d8d1,src/qt/locale/bitcoin_mt.ts,1071,1074,2145,44943,44901,14168,14173,timed_out,
TypeScript,1000-3000,bitcoin-bitcoin,b320f5efa1753aead857d4cddd742af16e51d8d1,src/qt/locale/bitcoin_ne.ts,1081,1057,2138,60791,59184,14129,13813,timed_out,
TypeScript,1000-3000,bitcoin-bitcoin,b320f5efa1753aead857d4cddd742af16e51d8d1,src/qt/locale/bitcoin_pam.ts,1118,1110,2228,43649,43213,13616,13512,timed_out,
TypeScript,1000-3000,bitcoin-bitcoin,b320f5efa1753aead857d4cddd742af16e51d8d1,src/qt/locale/bitcoin_ps.ts,1893,1892,3785,91305,90961,26209,26144,timed_out,
TypeScript,1000-3000,bitcoin-bitcoin,b320f5efa1753aead857d4cddd742af16e51d8d1,src/qt/locale/bitcoin_si.ts,1310,1306,2616,57163,56875,15890,15834,timed_out,
TypeScript,1000-3000,bitcoin-bitcoin,b320f5efa1753aead857d4cddd742af16e51d8d1,src/qt/locale/bitcoin_sm.ts,2154,2126,4280,100551,99099,29256,28914,timed_out,
TypeScript,1000-3000,bitcoin-bitcoin,b320f5efa1753aead857d4cddd742af16e51d8d1,src/qt/locale/bitcoin_sw.ts,1573,1561,3134,66458,65749,20628,20459,timed_out,
TypeScript,1000-3000,bitcoin-bitcoin,b320f5efa1753aead857d4cddd742af16e51d8d1,src/qt/locale/bitcoin_szl.ts,1712,1667,3379,67453,66521,18821,18426,timed_out,
TypeScript,1000-3000,bitcoin-bitcoin,b320f5efa1753aead857d4cddd742af16e51d8d1,src/qt/locale/bitcoin_ur.ts,2443,2415,4858,117134,115470,31741,31372,timed_out,
TypeScript,1000-3000,bitcoin-bitcoin,b320f5efa1753aead857d4cddd742af16e51d8d1,src/qt/locale/bitcoin_uz.ts,2855,2835,5690,129429,128025,36710,36476,timed_out,
TypeScript,1000-3000,bitcoin-bitcoin,b320f5efa1753aead857d4cddd742af16e51d8d1,src/qt/locale/bitcoin_uz@Cyrl.ts,2864,2828,5692,132000,129881,36779,36303,timed_out,
TypeScript,1000-3000,bitcoin-bitcoin,b320f5efa1753aead857d4cddd742af16e51d8d1,src/qt/locale/bitcoin_yi.ts,1194,1154,2348,67422,65059,17174,16650,timed_out,
TypeScript,1000-3000,bitwarden-clients,95def44097062fe846c44e2bd5d02a17952589c9,libs/key-management/src/key.service.ts,1008,1016,2024,34245,34488,7947,8005,timed_out,
TypeScript,1000-3000,bitwarden-clients,b7287d46143c2ecbaa5bef28f53d1bcc0f27f7cd,apps/desktop/src/app/accounts/settings.component.ts,1042,1036,2078,39837,39572,9444,9396,timed_out,
TypeScript,1000-3000,coolercontrol-coolercontrol,cc91fe39384f092895bcb027b4ad3f099dadaff1,coolercontrol-ui/src/i18n/locales/ar.ts,1037,1050,2087,68864,70241,6934,7011,timed_out,
TypeScript,1000-3000,coolercontrol-coolercontrol,cc91fe39384f092895bcb027b4ad3f099dadaff1,coolercontrol-ui/src/i18n/locales/en.ts,1045,1058,2103,51433,52418,6952,7029,timed_out,
TypeScript,1000-3000,coolercontrol-coolercontrol,cc91fe39384f092895bcb027b4ad3f099dadaff1,coolercontrol-ui/src/i18n/locales/es.ts,1055,1068,2123,57201,58372,6934,7011,timed_out,
TypeScript,1000-3000,coolercontrol-coolercontrol,cc91fe39384f092895bcb027b4ad3f099dadaff1,coolercontrol-ui/src/i18n/locales/hi.ts,1049,1062,2111,92053,94026,6988,7065,timed_out,
TypeScript,1000-3000,coolercontrol-coolercontrol,cc91fe39384f092895bcb027b4ad3f099dadaff1,coolercontrol-ui/src/i18n/locales/ja.ts,1051,1064,2115,63674,64909,7012,7089,timed_out,
TypeScript,1000-3000,coolercontrol-coolercontrol,cc91fe39384f092895bcb027b4ad3f099dadaff1,coolercontrol-ui/src/i18n/locales/ru.ts,1048,1061,2109,77970,79579,6896,6973,timed_out,
TypeScript,1000-3000,coolercontrol-coolercontrol,cc91fe39384f092895bcb027b4ad3f099dadaff1,coolercontrol-ui/src/i18n/locales/zh.ts,1020,1033,2053,49469,50403,6966,7043,timed_out,
TypeScript,1000-3000,firecow-gitlab-ci-local,1630b8a65024c81d5dc22d261bbe00eb10130ca3,src/job.ts,1653,1660,3313,73124,73546,20625,20672,timed_out,
TypeScript,1000-3000,go-gitea-gitea,9668913d761ff215e74458e813c6f8bf1d60341d,eslint.config.ts,1027,1025,2052,44288,44316,10866,10855,timed_out,
TypeScript,1000-3000,google-brotli,3499acbb7ac7818c1b929a8c9c5c5f8a634751da,js/decode.ts,1990,1990,3980,195912,195922,33193,33193,timed_out,
TypeScript,1000-3000,google-brotli,34e43eb020babe4a6eb2ef9b5edfdac8cade4b18,js/decode.ts,1986,1990,3976,195858,195912,33189,33193,timed_out,
TypeScript,1000-3000,google-brotli,34e43eb020babe4a6eb2ef9b5edfdac8cade4b18,js/decode_synth_test.ts,2299,2301,4600,114368,114399,23680,23682,timed_out,
TypeScript,1000-3000,google-gemini-gemini-cli,6a43b3121887e1fe03b3a40cd67c7393c877554e,packages/core/src/telemetry/loggers.test.ts,1889,1890,3779,57365,57401,13269,13280,timed_out,
TypeScript,1000-3000,google-gemini-gemini-cli,6a43b3121887e1fe03b3a40cd67c7393c877554e,packages/core/src/telemetry/types.ts,1823,1825,3648,54947,55113,14638,14681,timed_out,
TypeScript,1000-3000,google-gemini-gemini-cli,7a4280a482026f2127d4b9215f2cef4b58447af5,integration-tests/test-helper.ts,1031,1084,2115,30210,31816,7983,8414,timed_out,
TypeScript,1000-3000,google-gemini-gemini-cli,bbd61f375fa4f3ca2763dcb58cb4f8cf3f0ca370,packages/core/src/telemetry/loggers.test.ts,1890,2089,3979,57401,64051,13280,14733,timed_out,
TypeScript,1000-3000,google-gemini-gemini-cli,bbd61f375fa4f3ca2763dcb58cb4f8cf3f0ca370,packages/core/src/telemetry/types.ts,1825,1859,3684,55113,56247,14681,14966,timed_out,
TypeScript,1000-3000,mongodb-js-compass,736f235cf99c04b1e4fd2930e80c2f509d655a2e,packages/compass-connections/src/stores/connections-store-redux.ts,2348,2350,4698,69917,69941,13648,13650,timed_out,
TypeScript,1000-3000,n8n-io-n8n.git,e1fef800d2fdf59e5264076cbe525fa6f75a0e37,packages/cli/src/modules/chat-hub/chat-hub.service.ts,1695,1802,3497,45725,48443,11487,12024,timed_out,
TypeScript,1000-3000,nodejs-llhttp,570b54cefaa0390bd165c04d3865e859783d4250,src/llhttp/http.ts,1336,1346,2682,46083,46574,13950,14035,timed_out,
TypeScript,1000-3000,nodejs-llhttp,647a48f3eca8ebe2dfdbaf8b7f928708f316d99e,src/llhttp/http.ts,1346,1345,2691,46574,46557,14035,14028,timed_out,
TypeScript,1000-3000,plotly-dash,d541e379b5a83d2815690045ceeb80276d0485d9,dash/dash-renderer/src/actions/callbacks.ts,1002,1004,2006,35287,35319,7628,7632,timed_out,
TypeScript,1000-3000,prometheus-prometheus,02f405692e6f66d50fb98f6ed7c0c513fa359a97,web/ui/module/codemirror-promql/src/complete/hybrid.test.ts,1380,1386,2766,40089,40290,8940,8973,timed_out,
TypeScript,1000-3000,prometheus-prometheus,04a5a488b89ce6ba05b6657b509785d64c328b59,web/ui/module/codemirror-promql/src/complete/hybrid.test.ts,1386,1420,2806,40290,41220,8973,9151,timed_out,
TypeScript,1000-3000,prometheus-prometheus,39e11f50b257066cdc4d72d6df9582f3c3824242,web/ui/mantine-ui/src/promql/serializeAndFormat.test.ts,961,1000,1961,25653,26847,5821,6075,timed_out,
TypeScript,1000-3000,prometheus-prometheus,4fa435fad25598e355c85a3af1dcb3750085d4b8,web/ui/module/codemirror-promql/src/complete/hybrid.test.ts,1446,1457,2903,42039,42540,9466,9657,timed_out,
TypeScript,1000-3000,quotient-im-Quaternion,4ed987786b330376839d2db60fe90eba8cf4ca7b,client/translations/quaternion_de.ts,1787,1773,3560,63680,63228,17199,17138,timed_out,
TypeScript,1000-3000,quotient-im-Quaternion,4ed987786b330376839d2db60fe90eba8cf4ca7b,client/translations/quaternion_en_GB.ts,1787,1773,3560,61117,60695,16374,16270,timed_out,
TypeScript,1000-3000,quotient-im-Quaternion,4ed987786b330376839d2db60fe90eba8cf4ca7b,client/translations/quaternion_en_US.ts,1787,1781,3568,61115,61013,16374,16376,timed_out,
TypeScript,1000-3000,quotient-im-Quaternion,4ed987786b330376839d2db60fe90eba8cf4ca7b,client/translations/quaternion_es.ts,1273,1266,2539,44657,44438,12056,12008,timed_out,
TypeScript,1000-3000,quotient-im-Quaternion,56c75a71f03cb83c8c36358e4f4e616269332229,client/translations/quaternion_de.ts,1785,1822,3607,63652,64914,17246,17203,timed_out,
TypeScript,1000-3000,quotient-im-Quaternion,56c75a71f03cb83c8c36358e4f4e616269332229,client/translations/quaternion_en_GB.ts,1785,1866,3651,61094,63792,16378,16650,timed_out,
TypeScript,1000-3000,quotient-im-Quaternion,56c75a71f03cb83c8c36358e4f4e616269332229,client/translations/quaternion_pl.ts,1559,1545,3104,54383,53843,12689,12575,timed_out,
TypeScript,1000-3000,quotient-im-Quaternion,56c75a71f03cb83c8c36358e4f4e616269332229,client/translations/quaternion_ru.ts,1792,1877,3669,74420,77785,16594,16859,timed_out,
TypeScript,1000-3000,quotient-im-Quaternion,789eb705fb24569c7b2846c49993469c47cc3ccd,client/translations/quaternion_ru.ts,1780,1792,3572,73965,74420,16489,16594,timed_out,
TypeScript,1000-3000,quotient-im-Quaternion,dc81c4a88ac7403ebbb09e2f50c4d68cda54aec6,client/translations/quaternion_es.ts,1266,1262,2528,44395,44182,11774,11728,timed_out,
TypeScript,1000-3000,quotient-im-Quaternion,dc81c4a88ac7403ebbb09e2f50c4d68cda54aec6,client/translations/quaternion_pl.ts,1545,1541,3086,53843,53634,12575,12246,timed_out,
TypeScript,1000-3000,quotient-im-Quaternion,dc81c4a88ac7403ebbb09e2f50c4d68cda54aec6,client/translations/quaternion_ru.ts,1877,1865,3742,77785,77556,16859,16820,timed_out,
TypeScript,1000-3000,session-foundation-session-desktop,04f9a344832fbcae52d163baf1a54f7a6938827e,ts/node/sql.ts,2633,2642,5275,73340,73586,16155,16212,timed_out,
TypeScript,1000-3000,session-foundation-session-desktop,068ea172892fd77139be0caaf0b6f1681e0a2629,ts/mains/main_node.ts,1234,1234,2468,36631,36671,9499,9507,timed_out,
TypeScript,1000-3000,session-foundation-session-desktop,0b6a092ecf2c4c11398770b9bb4d20226537f728,ts/models/message.ts,1426,1434,2860,45622,46019,10386,10508,timed_out,
TypeScript,1000-3000,session-foundation-session-desktop,118c4e01f900e28c974197b28bc969292bd81f29,ts/state/ducks/conversations.ts,1206,1209,2415,39881,40000,7633,7664,timed_out,
TypeScript,1000-3000,session-foundation-session-desktop,150c92425eaac193c328f9d389c5ff89479a1f28,ts/session/apis/snode_api/swarmPolling.ts,1223,1223,2446,45435,45442,10114,10114,timed_out,
TypeScript,1000-3000,session-foundation-session-desktop,1d2be31247fe0227ee4cd43a0d42871a93c7eb7f,ts/session/apis/snode_api/swarmPolling.ts,1260,1270,2530,46108,46460,10243,10317,timed_out,
TypeScript,1000-3000,session-foundation-session-desktop,1ea32bfe4b5dd32f4b4f9f83dac58a6f0738949e,ts/models/message.ts,1426,1432,2858,45622,45859,10386,10433,timed_out,
TypeScript,1000-3000,session-foundation-session-desktop,2841cb377ec0602eeabdb594f440e31edc68c1ce,ts/session/apis/snode_api/swarmPolling.ts,1223,1227,2450,45442,46102,10114,10118,timed_out,
TypeScript,1000-3000,session-foundation-session-desktop,30063b4ca4a27d8c9a4bd1209e4c3a21b6527293,ts/models/message.ts,1587,1595,3182,49828,50046,11757,11819,timed_out,
TypeScript,1000-3000,session-foundation-session-desktop,3887e8d5768a5754033ea0b2f6c390aa4fba2e55,ts/mains/main_node.ts,1211,1223,2434,35924,36228,9272,9365,timed_out,
TypeScript,1000-3000,session-foundation-session-desktop,4def5aa01b5cd4d802c440a5ff1d6b216f15d340,ts/models/message.ts,1572,1587,3159,49303,49828,11626,11757,timed_out,
TypeScript,1000-3000,session-foundation-session-desktop,65f402b325d2aad541409f040856ab2d070d76b7,ts/state/ducks/metaGroups.ts,1816,1816,3632,66456,66459,13960,13960,timed_out,
TypeScript,1000-3000,session-foundation-session-desktop,6c72eee094b77ad7204c264bc794aa66e5b6381e,ts/session/apis/snode_api/onions.ts,1200,1200,2400,38960,38937,6997,6996,timed_out,
TypeScript,1000-3000,session-foundation-session-desktop,6c72eee094b77ad7204c264bc794aa66e5b6381e,ts/session/apis/snode_api/swarmPolling.ts,1224,1223,2447,45521,45435,10133,10114,timed_out,
TypeScript,1000-3000,session-foundation-session-desktop,8aa606c209923cba8b8a9f5a7c18d118b337b74d,ts/session/utils/calling/CallManager.ts,1565,1563,3128,52344,52195,11873,11837,timed_out,
TypeScript,1000-3000,session-foundation-session-desktop,98fb453fef7797d6c64ec694bd5d94052559d81f,ts/node/sql.ts,2645,2645,5290,73700,73706,16247,16247,timed_out,
TypeScript,1000-3000,session-foundation-session-desktop,9b32fad0c459cadcbbbbd0f9c3b6497d263ad159,ts/session/apis/snode_api/onions.ts,1203,1201,2404,39041,39039,7017,7017,timed_out,
TypeScript,1000-3000,session-foundation-session-desktop,9b32fad0c459cadcbbbbd0f9c3b6497d263ad159,ts/state/ducks/metaGroups.ts,1811,1816,3627,66403,66456,13949,13960,timed_out,
TypeScript,1000-3000,session-foundation-session-desktop,ab141a5dc646c9d444c43c48ed36cca118cfa113,ts/session/apis/snode_api/onions.ts,1220,1220,2440,39826,39847,7172,7183,timed_out,
TypeScript,1000-3000,session-foundation-session-desktop,ddde02a4be0b9ec74907f758756aae2aae7592cd,ts/models/message.ts,1548,1548,3096,48215,48259,11360,11378,timed_out,
TypeScript,1000-3000,session-foundation-session-desktop,fd79bf038772f86c43dccbd18bf395cc35ea2455,ts/mains/main_node.ts,1181,1192,2373,34932,35323,9178,9312,timed_out,
TypeScript,1000-3000,signalapp-libsignal,de881ddde46007afce2f1e4f9d40eb669ddfa92e,node/ts/Native.ts,1921,1933,3854,113741,113994,20280,20342,timed_out,
TypeScript,1000-3000,staltz-manyverse,1e3e33db788dcd603d32fa0ee413f0212ff99b58,src/frontend/drivers/ssb/index.ts,1320,1320,2640,36877,36886,12528,12538,timed_out,
TypeScript,1000-3000,staltz-manyverse,293108efd24c012cc90bdc93af83a0a22aadf5b3,src/frontend/libraries.ts,1141,1148,2289,30239,30412,7079,7123,timed_out,
TypeScript,1000-3000,staltz-manyverse,4cd487b295f1cb4b8fd4fed2c9723502c4662c50,src/frontend/drivers/ssb/index.ts,1316,1301,2617,36771,36334,12489,12384,timed_out,
TypeScript,1000-3000,staltz-manyverse,8054b942274e850ad120b48d28db166d55d98e7a,src/frontend/libraries.ts,1148,1141,2289,30403,30239,7123,7079,timed_out,
TypeScript,1000-3000,staltz-manyverse,ef40d54ae6a633874b9cfec1649d17415259c63d,src/frontend/drivers/ssb/index.ts,1301,1320,2621,36334,36877,12384,12528,timed_out,
TypeScript,1000-3000,standardnotes-app,36f973aa3fdd7f79767d4da8e443dd3504e24f8f,packages/web/src/javascripts/Controllers/ItemList/ItemListController.ts,1336,1335,2671,42675,42548,10139,10118,timed_out,
TypeScript,1000-3000,standardnotes-app,99c7cb92b5e5d08000e24908e735ef02f9059990,packages/web/src/javascripts/Controllers/ItemList/ItemListController.ts,1335,1335,2670,42548,42522,10118,10115,timed_out,
TypeScript,1000-3000,standardnotes-app,ff58de30fb4d8093f5056b5c4789163e81edf632,packages/web/src/javascripts/Controllers/ItemList/ItemListController.ts,1335,1339,2674,42522,42608,10115,10137,timed_out,
TypeScript,1000-3000,thelounge-thelounge,3f2697cca6916fba28ccf93c650177fea9cfd443,server/server.ts,1106,1106,2212,29412,29413,9118,9118,timed_out,
TypeScript,30-100,Aylur-ags,2837aa39f1d4a98b5650ede998875a62557a3470,lib/gtk4/jsx-runtime.ts,57,56,113,2394,2341,642,641,ok,262.47641100000004
TypeScript,30-100,Aylur-ags,4b208a05dfdfc549f736f8b61df43ea8b734787a,lib/src/time.ts,86,86,172,2422,2418,845,845,ok,415.48506499999996
TypeScript,30-100,Aylur-ags,960f0408ca123b32ed13db637e2ad08b98ac7c24,lib/gtk3/jsx-runtime.ts,78,78,156,2946,2901,840,840,ok,455.02683
TypeScript,30-100,Aylur-ags,960f0408ca123b32ed13db637e2ad08b98ac7c24,lib/gtk4/jsx-runtime.ts,57,57,114,2439,2394,642,642,ok,262.337769
TypeScript,30-100,Aylur-ags,960f0408ca123b32ed13db637e2ad08b98ac7c24,lib/time.ts,86,86,172,2418,2402,845,845,ok,412.68771599999997
TypeScript,30-100,Extensions-Valhalla-gnome-bluetooth-quick-connect,0cadec7319d642215d107917b9cb1b586ae92d6e,tsup.config.ts,40,42,82,1429,1492,317,354,ok,108.178202
TypeScript,30-100,Extensions-Valhalla-gnome-bluetooth-quick-connect,3d71a9651dae8a8c40c799d3df8c79622e829afd,ambient.d.ts,12,33,45,326,1309,103,383,ok,19.512829999999997
TypeScript,30-100,Heroic-Games-Launcher-HeroicGamesLauncher,a6494f2850e4fe509159749c63125a3072feda5b,src/frontend/helpers/virtualKeyboard.ts,83,86,169,2004,2068,642,667,ok,218.1281
TypeScript,30-100,Heroic-Games-Launcher-HeroicGamesLauncher,c8976738ed7a44518d7a3e6dd95f936ea85cc785,src/frontend/hooks/hasProgress.ts,53,59,112,1536,1678,378,415,ok,93.449198
TypeScript,30-100,KRTirtho-spotube,12f3ec1776934326553280ac9a03f9f9d279ff1b,website/src/lib/posts.ts,41,44,85,921,1021,394,442,ok,151.27332900000002
TypeScript,30-100,Kong-insomnia,2f4e3a8e65560efae270d2637ac9d978ce8d7c7b,packages/insomnia-smoke-test/tests/critical/certificates.test.ts,45,45,90,1985,1985,808,808,ok,631.3427320000001
TypeScript,30-100,Kong-insomnia,2f4e3a8e65560efae270d2637ac9d978ce8d7c7b,packages/insomnia-smoke-test/tests/migration/local-to-cloud-projects.test.ts,78,78,156,3392,3394,535,538,ok,248.94423500000002
TypeScript,30-100,Kong-insomnia,53da0033d85bf5708c5d9778ee550cb9977ac724,packages/insomnia/vite.config.ts,71,94,165,2282,3040,494,693,ok,378.14301900000004
TypeScript,30-100,Kong-insomnia,c62a114d28a064c303d0c7114ced1cf68b2a8bc3,packages/insomnia-inso/src/db/adapters/git-adapter.ts,62,62,124,1781,1773,580,577,ok,396.987349
TypeScript,30-100,Kong-insomnia,c62a114d28a064c303d0c7114ced1cf68b2a8bc3,packages/insomnia-scripting-environment/src/objects/execution.ts,46,46,92,1394,1398,362,362,ok,100.63691
TypeScript,30-100,Kong-insomnia,c62a114d28a064c303d0c7114ced1cf68b2a8bc3,packages/insomnia-smoke-test/server/github-api.ts,48,48,96,1120,1131,390,390,ok,147.08391
TypeScript,30-100,Kong-insomnia,c62a114d28a064c303d0c7114ced1cf68b2a8bc3,packages/insomnia-smoke-test/server/socket-io.ts,31,31,62,868,870,294,299,ok,77.88771799999999
TypeScript,30-100,Kong-insomnia,c62a114d28a064c303d0c7114ced1cf68b2a8bc3,packages/insomnia-testing/src/generate/generate.test.ts,35,35,70,1079,1106,415,420,ok,201.189905
TypeScript,30-100,Kong-insomnia,c62a114d28a064c303d0c7114ced1cf68b2a8bc3,packages/insomnia/src/main/authorize-user-in-default-browser.ts,46,46,92,1371,1363,386,380,ok,103.102814
TypeScript,30-100,Kong-insomnia,c62a114d28a064c303d0c7114ced1cf68b2a8bc3,packages/insomnia/src/main/importers/importers/postman-env.ts,58,58,116,1310,1302,362,359,ok,100.05929900000001
TypeScript,30-100,Kong-insomnia,c62a114d28a064c303d0c7114ced1cf68b2a8bc3,packages/insomnia/src/main/importers/utils.ts,53,53,106,1002,996,318,315,ok,94.111077
TypeScript,30-100,Kong-insomnia,c62a114d28a064c303d0c7114ced1cf68b2a8bc3,packages/insomnia/src/main/ipc/extract-postman-data-dump.ts,79,79,158,2160,2148,600,594,ok,315.456424
TypeScript,30-100,Kong-insomnia,c62a114d28a064c303d0c7114ced1cf68b2a8bc3,packages/insomnia/src/main/ipc/secret-storage.ts,82,82,164,2537,2487,845,821,ok,504.723861
TypeScript,30-100,Kong-insomnia,c62a114d28a064c303d0c7114ced1cf68b2a8bc3,packages/insomnia/src/main/sentry.ts,62,64,126,2343,2353,412,409,ok,172.21102299999998
TypeScript,30-100,Kong-insomnia,c62a114d28a064c303d0c7114ced1cf68b2a8bc3,packages/insomnia/src/models/__tests__/proto-file.test.ts,43,43,86,1189,1205,430,430,ok,263.915875
TypeScript,30-100,Kong-insomnia,c62a114d28a064c303d0c7114ced1cf68b2a8bc3,packages/insomnia/src/network/concurrency.ts,71,71,142,2275,2276,673,673,ok,210.03845600000002
TypeScript,30-100,Kong-insomnia,c62a114d28a064c303d0c7114ced1cf68b2a8bc3,packages/insomnia/src/network/o-auth-2/utils.ts,46,46,92,1660,1617,471,463,ok,216.606095
TypeScript,30-100,Kong-insomnia,c62a114d28a064c303d0c7114ced1cf68b2a8bc3,packages/insomnia/src/network/url-matches-cert-host.ts,45,45,90,1456,1464,424,427,ok,98.071932
TypeScript,30-100,Kong-insomnia,c62a114d28a064c303d0c7114ced1cf68b2a8bc3,packages/insomnia/src/utils/grpc.ts,59,59,118,2817,2793,520,516,ok,147.856318
TypeScript,30-100,Legcord-Legcord,8df00f39911f5b80bc58011b0f8625b41fb4fb58,electron-builder.ts,69,69,138,1981,1914,387,387,ok,98.114963
TypeScript,30-100,Legcord-Legcord,a43b8becf2db5716068cda74e8ea70eeda7070d2,electron-builder.ts,69,69,138,1905,1915,387,387,ok,101.120138
TypeScript,30-100,OpenHands-OpenHands.git,28af600c167df23bb17df4feab61fd041f066bed,frontend/src/types/v1/core/events/conversation-state-event.ts,47,65,112,1386,1747,164,203,ok,10.111581
TypeScript,30-100,RocketChat-Rocket.Chat.Electron,0e7d83efb67f62dbea3f0ffc244153c9dcd5c543,src/servers/common.ts,67,69,136,1835,1948,588,627,ok,240.271718
TypeScript,30-100,RocketChat-Rocket.Chat.Electron,0e7d83efb67f62dbea3f0ffc244153c9dcd5c543,src/urls.ts,40,40,80,1417,1437,352,362,ok,102.655753
TypeScript,30-100,Sonarr-Sonarr.git,0809a72ce53e54da411a68daf5f9dbd5f8fc04a7,frontend/src/App/State/TagsAppState.ts,33,17,50,793,462,202,96,ok,6.096028
TypeScript,30-100,andrewyng-aisuite,20528c7803b89fdc7e670d2a041558ada91ecacc,aisuite-js/src/types/providers.ts,33,34,67,564,614,167,176,ok,7.886525
TypeScript,30-100,andrewyng-aisuite,7be6adf166ed4d9372e266fac08be1b40796c11f,aisuite-js/examples/deepgram.ts,73,73,146,2193,2208,622,621,ok,473.69706
TypeScript,30-100,andrewyng-aisuite,7be6adf166ed4d9372e266fac08be1b40796c11f,aisuite-js/src/providers/deepgram/adapters.ts,91,53,144,2052,1435,557,419,ok,193.29596800000002
TypeScript,30-100,andrewyng-aisuite,7be6adf166ed4d9372e266fac08be1b40796c11f,aisuite-js/src/providers/openai/audio/provider.ts,92,72,164,2732,1896,779,515,ok,260.064863
TypeScript,30-100,andrewyng-aisuite,7e0a6c71878a354a17d6ebd48fb687cdd64867f9,aisuite-js/examples/chat-app/src/services/aisuite-service.ts,56,62,118,1561,1887,500,554,ok,253.63172499999996
TypeScript,30-100,andrewyng-aisuite,7e0a6c71878a354a17d6ebd48fb687cdd64867f9,aisuite-js/src/providers/groq/provider.ts,94,95,189,2564,2672,657,669,ok,367.358574
TypeScript,30-100,andrewyng-aisuite,8492fb67f90514f4b128343e5ec555cdf4800918,aisuite-js/src/asr-providers/openai/adapters.ts,44,44,88,1199,1196,374,374,ok,101.289327
TypeScript,30-100,andrewyng-aisuite,8492fb67f90514f4b128343e5ec555cdf4800918,aisuite-js/src/asr-providers/openai/types.ts,38,38,76,869,872,313,313,ok,36.474262
TypeScript,30-100,andrewyng-aisuite,8492fb67f90514f4b128343e5ec555cdf4800918,aisuite-js/tests/providers/openai_asr_provider.test.ts,86,86,172,2257,2264,706,706,timed_out,
TypeScript,30-100,andrewyng-aisuite,d76c36bdffc4302763b4a85f297c8b7e25c21ec5,aisuite-js/src/core/errors.ts,37,57,94,905,1441,250,383,ok,55.071148
TypeScript,30-100,andrewyng-aisuite,d76c36bdffc4302763b4a85f297c8b7e25c21ec5,aisuite-js/src/types/providers.ts,27,33,60,460,564,137,167,ok,6.266489
TypeScript,30-100,andrewyng-aisuite,ff790be4b26e0f2ad0d8a40a17a4437d277c2a4f,aisuite-js/src/asr-providers/openai/adapters.ts,44,44,88,1196,1185,374,369,ok,103.799665
TypeScript,30-100,apache-echarts.git,5ad87d42fe6f8c0a2f80f06e433c471bf04e3ded,src/component/axis/axisBreakHelper.ts,91,91,182,3186,3186,479,479,ok,114.093301
TypeScript,30-100,apache-echarts.git,771c523e4263f018f94b838b54fa4aeade7fa2ec,src/chart/custom/customSeriesRegister.ts,11,30,41,380,1172,105,106,ok,4.104499000000001
TypeScript,30-100,apache-echarts.git,8eb93d090a05377e37c1978b78df7579f7a37175,src/chart/candlestick/candlestickVisual.ts,89,85,174,3221,3075,580,559,ok,291.048271
TypeScript,30-100,apache-echarts.git,ae3dbf387fd989110a48ab60428160c08d333bb3,src/component/axis/axisBreakHelper.ts,91,91,182,3186,3186,479,479,ok,114.72714500000001
TypeScript,30-100,apache-echarts.git,ff952528ba0ed73dd785b584a6ec89a654511860,src/chart/helper/enableAriaDecalForTree.ts,24,44,68,785,1578,200,201,ok,24.371916
TypeScript,30-100,balena-io-etcher,4aa4140d65189920938c42c41a6a781c97148c8a,lib/gui/app/models/available-drives.ts,33,33,66,1001,1006,142,143,ok,8.828368
TypeScript,30-100,balena-io-etcher,4aa4140d65189920938c42c41a6a781c97148c8a,lib/gui/app/utils/etcher-pro-specific.ts,73,73,146,2066,2071,506,507,ok,199.05868900000002
TypeScript,30-100,balena-io-etcher,4aa4140d65189920938c42c41a6a781c97148c8a,lib/util/source-metadata.ts,93,94,187,2353,2388,711,722,ok,326.804736
TypeScript,30-100,balena-io-etcher,4aa4140d65189920938c42c41a6a781c97148c8a,lib/util/types/types.d.ts,33,33,66,730,745,209,212,ok,16.408216
TypeScript,30-100,balena-io-etcher,4aa4140d65189920938c42c41a6a781c97148c8a,tests/gui/os/windows-network-drives.spec.ts,50,51,101,1407,1436,282,294,ok,72.855536
TypeScript,30-100,balena-io-etcher,f3123f3cbe0159c624412ec2f162d01e079d314e,lib/gui/app/modules/progress-status.ts,89,87,176,2398,2351,697,675,ok,428.90812900000003
TypeScript,30-100,bitwarden-clients,2fd4a92cc57e83442bbbe64629a9a02ee775d7f9,apps/browser/src/autofill/fido2/content/fido2-page-script-append.mv2.spec.ts,66,76,142,2730,3084,702,822,ok,893.786317
TypeScript,30-100,bitwarden-clients,2fd4a92cc57e83442bbbe64629a9a02ee775d7f9,apps/browser/src/autofill/fido2/content/fido2-page-script-delay-append.mv2.ts,35,43,78,1520,1685,222,288,ok,59.656411999999996
TypeScript,30-100,bitwarden-clients,b7287d46143c2ecbaa5bef28f53d1bcc0f27f7cd,apps/desktop/src/key-management/biometrics/renderer-biometrics.service.ts,95,87,182,3425,3152,834,760,ok,331.420598
TypeScript,30-100,bitwarden-clients,b7287d46143c2ecbaa5bef28f53d1bcc0f27f7cd,apps/desktop/src/key-management/preload.ts,84,76,160,3246,2897,880,790,ok,533.347593
TypeScript,30-100,catppuccin-catwalk,cab6d75b657201e06cec16cdd57da3d2fda1ea4f,pkg/deno/catwalk.d.ts,92,97,189,2211,2310,252,267,ok,27.762843999999998
TypeScript,30-100,catppuccin-catwalk,dead315ec0ddde4649dd7bf305f3ccb371df9a74,pkg/deno/catwalk.d.ts,97,97,194,2310,2318,267,266,ok,30.689139
TypeScript,30-100,dfu-programmer-dfu-programmer,2d36a80983fbecde8efe741513bd9428ef735be9,test/usb.ts,58,68,126,1669,1963,580,699,ok,585.520321
TypeScript,30-100,dfu-programmer-dfu-programmer,3a2363d50752fa1391692fb72ba0ff38b0664c35,test/usb.ts,24,38,62,652,1013,185,314,ok,62.825078000000005
TypeScript,30-100,dfu-programmer-dfu-programmer,52f1479ec21a2642d62c64d6d637189e32f00a58,test/standalone.ts,15,46,61,450,1308,153,358,ok,57.76664
TypeScript,30-100,dfu-programmer-dfu-programmer,971bc403a2624f41f60983fb1da75a8f07368069,test/usb.ts,79,79,158,2209,2282,800,804,ok,945.62072
TypeScript,30-100,dfu-programmer-dfu-programmer,cee5f22389fb66315dd78fafb317bf32aa592fa9,test/usb.ts,79,79,158,2282,2295,804,806,ok,958.787785
TypeScript,30-100,dfu-programmer-dfu-programmer,f2a033bb07230d7eb88279a9e3ef54da9b2a5135,test/standalone.ts,46,46,92,1308,1317,358,358,ok,154.317766
TypeScript,30-100,dooit-org-dooit,ba2a7efdbb56297ee7ed9273232cce265e3254da,site/docs/.vitepress/config.mts,73,87,160,2361,2708,662,757,ok,697.4062869999999
TypeScript,30-100,ejgallego-coq-lsp,7f9384b7bd3240d0963be2f906bcbdb6d9fb0521,editor/code/src/petanque.ts,60,60,120,1917,1928,592,592,ok,371.162281
TypeScript,30-100,elalish-manifold,04cb6906713dd4992525d396ae50410076ca7715,bindings/wasm/test/examples/gyroid-module.ts,70,65,135,2157,2066,688,670,ok,350.683763
TypeScript,30-100,elves-elvish,4d0119430a69a7cc8c40dc46830ac54ce065e5b1,vscode/src/extension.ts,29,31,60,843,886,224,225,ok,19.190883999999997
TypeScript,30-100,emuell-restic-browser,ab8990e868be27a19c8224d6bc1b20b367b251d2,src/components/spinner.ts,53,50,103,1232,1229,193,196,ok,15.950727
TypeScript,30-100,fatedier-frp,01997deb98f159f798fc010e1f06d8c3c7a5089a,web/frpc/src/api/frpc.ts,18,79,97,422,1957,171,683,ok,39.336330000000004
TypeScript,30-100,fatedier-frp,01997deb98f159f798fc010e1f06d8c3c7a5089a,web/frpc/src/router/index.ts,21,77,98,462,1743,118,478,ok,31.949552
TypeScript,30-100,fatedier-frp,01997deb98f159f798fc010e1f06d8c3c7a5089a,web/frps/src/utils/client.ts,84,86,170,2253,2309,813,835,ok,362.33904900000005
TypeScript,30-100,fatedier-frp,fbeb6ca43affc8878a074a08d463644aad59cf15,web/frpc/src/api/frpc.ts,79,79,158,1957,1969,683,643,ok,174.149774
TypeScript,30-100,ful1e5-apple_cursor,eca8cb5760fd93f2822e9f7253904734c9fc417b,bitmapper/packages/bigsur/src/index.ts,37,37,74,1032,1024,369,374,ok,115.746687
TypeScript,30-100,githubnext-monaspace,d6c1105392407b56329f823eb61d7030fbe7768c,util/renamer.ts,73,77,150,2089,2195,744,785,ok,364.256456
TypeScript,30-100,go-gitea-gitea,7d6861ac54f6040b73ae3c929be6fb523a392660,web_src/js/features/repo-view-file-tree.ts,37,41,78,1558,1633,404,426,ok,91.455545
TypeScript,30-100,hashicorp-vault,5ff894f4940523f8931b60f77fbd92d6da437040,ui/lib/pki/addon/components/pki-key-parameters.ts,82,63,145,2784,2139,657,447,ok,146.89959
TypeScript,30-100,hashicorp-vault,5ff894f4940523f8931b60f77fbd92d6da437040,ui/lib/pki/addon/components/pki-key-usage.ts,77,74,151,2748,2652,645,647,ok,218.76715299999998
TypeScript,30-100,keybase-client,cc646b96e8c6ce57ee81da6ecf86a00c6984cad2,shared/common-adapters/icon.d.ts,51,53,104,1907,2122,502,588,ok,102.316051
TypeScript,30-100,mongodb-js-compass,91579aee90aabd3433ff40d4b714e915e4c98198,packages/compass-e2e-tests/helpers/commands/resize-window.ts,64,64,128,2238,2231,478,474,ok,235.597105
TypeScript,30-100,n8n-io-n8n.git,33bc272656820568ccafc77a1c919a8332d603f1,packages/frontend/editor-ui/vite/vite-plugin-node-popularity.mts,32,32,64,947,929,252,252,ok,52.348286
TypeScript,30-100,nukeop-nuclear,9164f97f2201933b08699cecd02b0f9a48f4a3ee,packages/core/src/rest/bandcamp.test.ts,31,95,126,1226,3454,488,886,ok,672.519765
TypeScript,30-100,plotly-dash,80c93ad971308ee86dadd3bd82e2e6782a918fdd,dash/dash-renderer/src/utils/clientsideFunctions.ts,63,79,142,1947,2479,526,620,ok,235.428678
TypeScript,30-100,plotly-dash,894fdd7838edb34d1e2e61f3eee7540cb5fdbc7c,dash/dash-renderer/src/dashApi.ts,38,48,86,1184,1416,275,307,ok,42.427369
TypeScript,30-100,plotly-dash,c42d732cea23e8e4d43ef67917ccf351b66cbb9f,dash/dash-renderer/src/utils/clientsideFunctions.ts,93,90,183,2921,2762,691,688,ok,344.67795
TypeScript,30-100,plotly-dash,f7764d9fcf038449124eda037e65000f76e2fce6,dash/dash-renderer/src/utils/clientsideFunctions.ts,91,93,184,2840,2876,699,706,ok,355.76104
TypeScript,30-100,pop-os-shell,4cf9e144abf0c9775d3dabcd6ac35af70a5b96b4,src/keybindings.ts,80,88,168,2253,2643,691,839,ok,445.14614
TypeScript,30-100,pop-os-shell,5b7afc619721ff866507c72b95d65e15a252a1d9,src/arena.ts,43,43,86,938,938,369,370,ok,69.796374
TypeScript,30-100,pop-os-shell,5b7afc619721ff866507c72b95d65e15a252a1d9,src/focus.ts,80,77,157,2887,2825,1068,1049,ok,855.712552
TypeScript,30-100,pop-os-shell,a63fb8335f3db93248d869084bdc6e4fd1794a81,src/scheduler.ts,37,42,79,902,1000,229,241,ok,21.578364999999998
TypeScript,30-100,pop-os-shell,fd30fe9121000064e3f29db1de02e2fbebbf98a9,src/context.ts,32,32,64,1015,1015,353,353,ok,66.976677
TypeScript,30-100,popcorn-official-popcorn-desktop,8f04c57667c8fef9f49cf4eeec295507e3dc569c,apps/desktop/src/hooks/useTauri.ts,60,49,109,1742,1262,723,580,ok,298.174151
TypeScript,30-100,popcorn-official-popcorn-desktop,8f04c57667c8fef9f49cf4eeec295507e3dc569c,apps/desktop/src/test/setup.ts,43,42,85,1089,1056,418,404,ok,116.112572
TypeScript,30-100,popcorn-official-popcorn-desktop,96f35d9d5fb176e2416c175a99e8ae28a5b7214f,packages/popcorntime-i18n/src/index.ts,42,43,85,977,971,280,285,ok,33.355881
TypeScript,30-100,popcorn-official-popcorn-desktop,c8cbdd0714961e8d228b8ef7618b4c7ceea2add9,apps/desktop/src/test/setup.ts,42,42,84,1056,1061,404,404,ok,114.040746
TypeScript,30-100,popcorn-official-popcorn-desktop,c8cbdd0714961e8d228b8ef7618b4c7ceea2add9,packages/popcorntime-i18n/src/types.ts,83,61,144,2289,1671,898,702,ok,518.794895
TypeScript,30-100,prometheus-prometheus,31f046f416c8249d67c4a2e71e805714fa27a268,web/ui/module/codemirror-promql/src/complete/index.ts,56,57,113,2549,2569,388,399,ok,78.544647
TypeScript,30-100,prometheus-prometheus.git,1354bb90be725f865608fcb48b39da63fd910364,web/ui/mantine-ui/src/state/localStorageMiddleware.ts,72,74,146,2038,2109,483,497,ok,179.512574
TypeScript,30-100,prometheus-prometheus.git,4eeeb6ee88e69d79884127775598467f922c7e2a,web/ui/mantine-ui/src/api/responseTypes/query.ts,51,58,109,1135,1287,287,348,ok,44.269982
TypeScript,30-100,prometheus-prometheus.git,516afbea6768af89b8e2d4f32bc8d8690ad9602e,web/ui/mantine-ui/src/api/responseTypes/rules.ts,63,63,126,1603,1615,413,420,ok,70.036506
TypeScript,30-100,prometheus-prometheus.git,e67218a39ecc5cde32a466e6afbfb44f1692441f,web/ui/module/codemirror-promql/src/parser/type.ts,75,81,156,2297,2453,445,483,ok,111.92206300000001
TypeScript,30-100,redhat-developer-vscode-xml,0b305851bd4a38396d6c273a7bf24ad0f69b01e3,src/plugin.ts,59,59,118,1983,1982,579,579,ok,226.468195
TypeScript,30-100,redhat-developer-vscode-xml,18766deafa33fa226a75eaee35d8cad4c19c96f1,src/extension.ts,72,83,155,3088,3872,616,803,ok,278.507116
TypeScript,30-100,rektdeckard-departure-mono,01ed44a15859bd93fddc3af1ae326c5ab96f7b47,src/utils.ts,61,63,124,1680,1690,634,634,ok,382.74138899999997
TypeScript,30-100,rektdeckard-departure-mono,f9fd64ba50743f0e3a95b6bef1f8f77bfe4b3630,src/lib/font.ts,33,33,66,799,798,280,280,ok,60.201153
TypeScript,30-100,session-foundation-session-desktop,068ea172892fd77139be0caaf0b6f1681e0a2629,ts/node/locale.ts,59,60,119,1895,1973,408,427,ok,102.499065
TypeScript,30-100,session-foundation-session-desktop,35632129073639515719c20f536857d6422d9a29,ts/node/sharp_support/sharpSupport.ts,61,61,122,1770,1761,345,342,ok,71.989259
TypeScript,30-100,session-foundation-session-desktop,40ee2ea76a6bec3954524f32855a7492bd94d696,ts/state/onboarding/ducks/modals.ts,60,60,120,2130,2118,463,463,ok,160.471737
TypeScript,30-100,session-foundation-session-desktop,4bd7e89ed41b20da73ba10a7c373b881e9389079,ts/models/proMessageFeature.ts,69,69,138,1996,2000,374,381,ok,67.371204
TypeScript,30-100,session-foundation-session-desktop,4bd7e89ed41b20da73ba10a7c373b881e9389079,ts/state/selectors/proBackendData.ts,69,69,138,1975,1982,556,558,ok,168.358211
TypeScript,30-100,session-foundation-session-desktop,5a68a5d0b5d549f13f55efc5cf032de406f3c4b2,ts/test/session/unit/onion/SeedNodeAPI_test.ts,90,90,180,2971,3066,741,774,ok,713.991157
TypeScript,30-100,session-foundation-session-desktop,5a68a5d0b5d549f13f55efc5cf032de406f3c4b2,ts/test/session/unit/updater/updater_test.ts,30,28,58,1012,969,276,253,ok,73.460284
TypeScript,30-100,session-foundation-session-desktop,6c72eee094b77ad7204c264bc794aa66e5b6381e,ts/receiver/common.ts,34,34,68,1098,1114,255,262,ok,30.503253
TypeScript,30-100,session-foundation-session-desktop,8801eaf7f9bf3a49fa5bafe6b69a9ebd74a7544c,ts/node/global_errors.ts,62,74,136,1851,2337,548,739,ok,316.095935
TypeScript,30-100,session-foundation-session-desktop,9b32fad0c459cadcbbbbd0f9c3b6497d263ad159,ts/data/settings-key.ts,59,57,116,2495,2427,305,293,ok,27.935031
TypeScript,30-100,session-foundation-session-desktop,9b32fad0c459cadcbbbbd0f9c3b6497d263ad159,ts/util/avatar/processAvatarData.ts,66,71,137,2788,3001,358,327,ok,52.848335000000006
TypeScript,30-100,session-foundation-session-desktop,9b32fad0c459cadcbbbbd0f9c3b6497d263ad159,ts/webworker/workers/browser/image_processor_interface.ts,63,59,122,2591,2418,594,552,ok,199.14225499999998
TypeScript,30-100,session-foundation-session-desktop,9c0f0d580ff92989e72fed31f4c212d5d36aa91b,ts/data/settings-key.ts,89,90,179,3698,3736,453,461,ok,80.418433
TypeScript,30-100,session-foundation-session-desktop,9e5726dbdff3d39a55ec35b22ff0c6d2cdb2de22,ts/node/sharp_support/sharpSupport.ts,61,61,122,1770,1770,345,345,ok,75.348001
TypeScript,30-100,session-foundation-session-desktop,a810ac2c807d30611b70754a0e59c1a1a49d4ae2,ts/hooks/useZoomingShortcut.ts,45,48,93,1356,1534,499,525,ok,215.379564
TypeScript,30-100,session-foundation-session-desktop,b575725418971193bd85a2b21b03d427f8a26d0f,ts/components/dialog/cta/types.ts,61,59,120,1834,1822,307,302,ok,38.338015000000006
TypeScript,30-100,session-foundation-session-desktop,b891c448a3fd90e9ada306ba1af9d591be888138,ts/session/utils/job_runners/JobDeserialization.ts,30,55,85,1120,2448,329,650,ok,108.307079
TypeScript,30-100,session-foundation-session-desktop,eddf50a95212570e7745d4eff80459b93c49c74d,ts/data/settings-key.ts,50,59,109,2171,2495,292,305,ok,27.756061
TypeScript,30-100,shiftkey-desktop,48475e30d5effb6625aab2333ef9d63551e7557d,script/package-electron-builder.ts,66,67,133,1431,1482,414,429,ok,59.563342999999996
TypeScript,30-100,shiftkey-desktop,802504571c4e48b65a4f87dd17f0b54a8d5b3079,script/package-electron-builder.ts,68,55,123,1573,1244,439,357,ok,50.686150999999995
TypeScript,30-100,staltz-manyverse,2b26f1baab055f3fd04c7823e073d705955ac83c,src/frontend/components/FloatingActionButton.ts,52,51,103,1385,1357,380,375,ok,76.91917
TypeScript,30-100,staltz-manyverse,4cd487b295f1cb4b8fd4fed2c9723502c4662c50,src/frontend/screens/drawer/intent.ts,57,60,117,1602,1631,546,543,ok,241.67651
TypeScript,30-100,staltz-manyverse,4cd487b295f1cb4b8fd4fed2c9723502c4662c50,src/frontend/screens/global/index.ts,70,88,158,2098,2738,596,777,ok,179.422614
TypeScript,30-100,staltz-manyverse,4cd487b295f1cb4b8fd4fed2c9723502c4662c50,src/frontend/screens/global/ssb.ts,65,44,109,1739,1184,469,349,ok,87.76330899999999
TypeScript,30-100,staltz-manyverse,4cd487b295f1cb4b8fd4fed2c9723502c4662c50,src/frontend/screens/settings/index.ts,76,90,166,2107,2587,666,778,ok,190.115949
TypeScript,30-100,staltz-manyverse,858367331393c07db1f2c1f9951d97b589368df7,src/frontend/components/FloatingActionButton.ts,55,52,107,1457,1385,389,380,ok,79.812904
TypeScript,30-100,staltz-manyverse,858367331393c07db1f2c1f9951d97b589368df7,src/frontend/screens/central/private-tab/fab.ts,39,37,76,1197,1181,303,286,ok,51.050013
TypeScript,30-100,staltz-manyverse,858367331393c07db1f2c1f9951d97b589368df7,src/frontend/screens/central/private-tab/index.ts,52,52,104,1426,1470,451,453,ok,69.342533
TypeScript,30-100,standardml-twelf,5597a0aaaad521d631c0fc631a1055c23c07d970,wiki/src/components/twelf-highlight/twelf-runner.ts,53,51,104,1724,1689,552,553,ok,474.00147300000003
TypeScript,30-100,streetwriters-notesnook,8e1484a029b3cd5c77f2a0c22fed572ddc665cff,packages/editor/src/extensions/list-item/list-item.ts,48,48,96,1450,1449,214,214,ok,52.316611
TypeScript,30-100,streetwriters-notesnook,fc55cbf3d751b982c49883f7b916eca71fe5edd4,apps/web/src/utils/streams/export-stream.ts,78,84,162,2570,2665,558,580,ok,724.3463399999999
TypeScript,300-1000,Aylur-ags,0d3c1da9643eca3ea14acc7a0eb7699aa4a9a6e7,lib/gtk3/app.ts,310,319,629,8784,8944,2318,2344,timed_out,
TypeScript,300-1000,Heroic-Games-Launcher-HeroicGamesLauncher,a6494f2850e4fe509159749c63125a3072feda5b,src/common/types.ts,818,819,1637,18327,18349,4792,4799,timed_out,
TypeScript,300-1000,Heroic-Games-Launcher-HeroicGamesLauncher,a6494f2850e4fe509159749c63125a3072feda5b,src/frontend/helpers/gamepad.ts,559,566,1125,16516,16906,3696,3772,timed_out,
TypeScript,300-1000,Kong-insomnia,c62a114d28a064c303d0c7114ced1cf68b2a8bc3,packages/insomnia-scripting-environment/src/objects/urls.ts,622,622,1244,18609,18605,5927,5941,timed_out,
TypeScript,300-1000,Kong-insomnia,c62a114d28a064c303d0c7114ced1cf68b2a8bc3,packages/insomnia/src/account/crypt.ts,388,388,776,12387,12389,3280,3280,timed_out,
TypeScript,300-1000,Kong-insomnia,c62a114d28a064c303d0c7114ced1cf68b2a8bc3,packages/insomnia/src/account/session.ts,375,375,750,11279,11283,2879,2879,timed_out,
TypeScript,300-1000,Kong-insomnia,c62a114d28a064c303d0c7114ced1cf68b2a8bc3,packages/insomnia/src/common/__tests__/database.test.ts,799,799,1598,22175,22179,6897,6897,timed_out,
TypeScript,300-1000,Kong-insomnia,c62a114d28a064c303d0c7114ced1cf68b2a8bc3,packages/insomnia/src/common/__tests__/import-v5-parser.test.ts,509,507,1016,15704,15644,5956,5915,timed_out,
TypeScript,300-1000,Kong-insomnia,c62a114d28a064c303d0c7114ced1cf68b2a8bc3,packages/insomnia/src/common/har.ts,475,469,944,14020,13950,4062,4037,timed_out,
TypeScript,300-1000,Kong-insomnia,c62a114d28a064c303d0c7114ced1cf68b2a8bc3,packages/insomnia/src/main/importers/importers/postman.test.ts,540,538,1078,16302,16242,4072,4060,timed_out,
TypeScript,300-1000,Kong-insomnia,c62a114d28a064c303d0c7114ced1cf68b2a8bc3,packages/insomnia/src/main/ipc/grpc.ts,559,559,1118,19394,19384,5277,5276,timed_out,
TypeScript,300-1000,Kong-insomnia,c62a114d28a064c303d0c7114ced1cf68b2a8bc3,packages/insomnia/src/main/network/mcp.ts,536,534,1070,19827,19767,4632,4605,timed_out,
TypeScript,300-1000,Kong-insomnia,c62a114d28a064c303d0c7114ced1cf68b2a8bc3,packages/insomnia/src/plugins/misc.ts,392,392,784,11540,11520,3409,3402,timed_out,
TypeScript,300-1000,Kong-insomnia,c62a114d28a064c303d0c7114ced1cf68b2a8bc3,packages/insomnia/src/sync/git/__tests__/git-vcs.test.ts,525,525,1050,17747,17753,5410,5410,timed_out,
TypeScript,300-1000,Kong-insomnia,c62a114d28a064c303d0c7114ced1cf68b2a8bc3,packages/insomnia/src/ui/components/.client/codemirror/extensions/nunjucks-tags.ts,343,342,685,11062,10946,2828,2788,timed_out,
TypeScript,300-1000,Kong-insomnia,c62a114d28a064c303d0c7114ced1cf68b2a8bc3,packages/insomnia/src/ui/hooks/use-insomnia-tab.ts,382,382,764,11487,11467,2878,2876,timed_out,
TypeScript,300-1000,Myriad-Dreamin-tinymist,0714d19e29b85f18061a96544f894f42322b8ad7,tools/typst-dom/src/typst-debug-info.mts,323,323,646,8807,8777,2174,2175,timed_out,
TypeScript,300-1000,Myriad-Dreamin-tinymist,0714d19e29b85f18061a96544f894f42322b8ad7,tools/typst-dom/src/typst-outline.mts,326,329,655,10108,10121,2669,2671,timed_out,
TypeScript,300-1000,RocketChat-Rocket.Chat.Electron,76c69971616f513699900acd723a07d5fb162624,src/ui/main/serverView/index.ts,560,555,1115,15705,15543,4001,3933,timed_out,
TypeScript,300-1000,andrewyng-aisuite,20528c7803b89fdc7e670d2a041558ada91ecacc,aisuite-js/tests/client.test.ts,482,650,1132,14331,19125,4267,5396,timed_out,
TypeScript,300-1000,apache-echarts.git,04d412ad64b72b82570536642fb2c3c7e0020f0a,src/chart/map/MapSeries.ts,358,360,718,11198,11234,2064,2078,timed_out,
TypeScript,300-1000,apache-echarts.git,04d412ad64b72b82570536642fb2c3c7e0020f0a,src/component/helper/MapDraw.ts,935,941,1876,35012,35306,6819,6924,timed_out,
TypeScript,300-1000,apache-echarts.git,04d412ad64b72b82570536642fb2c3c7e0020f0a,src/coord/geo/GeoModel.ts,337,341,678,9188,9250,1822,1841,timed_out,
TypeScript,300-1000,apache-echarts.git,08fb397c3210a115c952e0f238eb5f7ef4395737,src/chart/bar/PictorialBarView.ts,955,957,1912,32137,32229,7502,7535,timed_out,
TypeScript,300-1000,apache-echarts.git,0b06d7f82ea45d0c148547789b8a26af45719c93,src/chart/gauge/GaugeView.ts,727,724,1451,28975,28840,6844,6816,timed_out,
TypeScript,300-1000,apache-echarts.git,0c013fe71e0630b9c4080fec45d2eb655fba8466,src/coord/axisTickLabelBuilder.ts,429,471,900,15664,16994,3272,3658,timed_out,
TypeScript,300-1000,apache-echarts.git,0d3a28962f5230e39cc0edc21abaed2c8b886446,src/coord/scaleRawExtentInfo.ts,315,319,634,11900,12018,1867,1889,timed_out,
TypeScript,300-1000,apache-echarts.git,18b5db25e01fd40539fab81c9a67d8278909e7ff,src/scale/Time.ts,769,770,1539,26859,26943,5006,5026,timed_out,
TypeScript,300-1000,apache-echarts.git,18b5db25e01fd40539fab81c9a67d8278909e7ff,src/util/number.ts,672,673,1345,21091,21213,4053,4015,timed_out,
TypeScript,300-1000,apache-echarts.git,21d51a59a5d1531dad1478b70894ed02f081f3a1,src/coord/cartesian/Grid.ts,983,995,1978,37244,37859,7242,7363,timed_out,
TypeScript,300-1000,apache-echarts.git,243856242ce8f8924405f60792985ec139d42742,src/animation/universalTransition.ts,708,786,1494,26375,29905,5286,5621,timed_out,
TypeScript,300-1000,apache-echarts.git,29c0f9df11ee68e745ddf2bf3b82070f43bf93fe,src/chart/sankey/SankeyView.ts,402,404,806,14282,14425,3377,3423,timed_out,
TypeScript,300-1000,apache-echarts.git,2a234b39612a3094b12e9931e33054926313a198,src/component/visualMap/PiecewiseModel.ts,597,599,1196,20060,20134,4333,4338,timed_out,
TypeScript,300-1000,apache-echarts.git,323eca770f652a8b8769361bce1379834c65c53e,src/layout/barPolar.ts,336,333,669,12111,12025,2541,2532,timed_out,
TypeScript,300-1000,apache-echarts.git,3ec7b26bef97ecad5bd74cfc80106a564faa18f9,src/coord/geo/Region.ts,337,337,674,10186,10173,2672,2665,timed_out,
TypeScript,300-1000,apache-echarts.git,4015f23867894bad70c7b1043b1d2f75f35e3ca8,src/export/option.ts,307,312,619,15153,15361,2200,2218,timed_out,
TypeScript,300-1000,apache-echarts.git,403db5599a4cf7f96b7fe28bf25361d7cf249d72,src/animation/customGraphicTransition.ts,632,632,1264,23327,23347,5419,5425,timed_out,
TypeScript,300-1000,apache-echarts.git,4c3f305c2f705f6491d2bf143e62f74eb2ef8cba,src/theme/dark.ts,329,329,658,7696,7695,1447,1444,timed_out,
TypeScript,300-1000,apache-echarts.git,4f0bb6527492cd5f8ae396377b0fde99b5a989a4,src/chart/treemap/TreemapSeries.ts,598,599,1197,18921,18939,3025,3032,timed_out,
TypeScript,300-1000,apache-echarts.git,592cab67005f77aaa76bc6bf498a6b79becfb736,src/component/visualMap/ContinuousView.ts,965,965,1930,34173,34158,7998,7995,timed_out,
TypeScript,300-1000,apache-echarts.git,59ac414caf982185ef9dfc1a31de1338c2a79f8b,src/component/tooltip/TooltipHTMLContent.ts,569,568,1137,20055,20017,4935,4921,timed_out,
TypeScript,300-1000,apache-echarts.git,5ad87d42fe6f8c0a2f80f06e433c471bf04e3ded,src/util/layout.ts,773,773,1546,27576,27577,5206,5206,timed_out,
TypeScript,300-1000,apache-echarts.git,6e9ef3b50a58332de19cf6f64922c3f1561c2d64,src/chart/bar/PictorialBarView.ts,959,959,1918,32316,32318,7559,7562,timed_out,
TypeScript,300-1000,apache-echarts.git,71c8da08e5fa06a4666552a8ae36936f64423c95,src/chart/bar/PictorialBarView.ts,951,951,1902,31601,31601,7427,7427,timed_out,
TypeScript,300-1000,apache-echarts.git,769bfef7160c770c1e8b218bda5a37fc6ab34834,src/chart/pie/labelLayout.ts,585,585,1170,21333,21343,4997,5005,timed_out,
TypeScript,300-1000,apache-echarts.git,78727051d9d8d16829fec1830df56a0b98453d07,src/component/tooltip/TooltipHTMLContent.ts,538,548,1086,19064,19380,4700,4775,timed_out,
TypeScript,300-1000,apache-echarts.git,796f5910ed172de2a5dfdd57ac64695063831876,src/component/tooltip/TooltipHTMLContent.ts,566,569,1135,19933,20055,4899,4935,timed_out,
TypeScript,300-1000,apache-echarts.git,8cc7ef916b94ac9c709ccc1ae4efc1659252337f,src/coord/geo/GeoModel.ts,352,354,706,9778,9875,1899,1901,timed_out,
TypeScript,300-1000,apache-echarts.git,8dbf8295e6f527db1cac317ce674bc2be5760e73,src/chart/pie/labelLayout.ts,595,594,1189,21570,21523,5014,5004,timed_out,
TypeScript,300-1000,apache-echarts.git,8f3977327e40bfb9a70353d15582c475aa352137,src/coord/geo/Region.ts,337,337,674,10168,10186,2654,2672,timed_out,
TypeScript,300-1000,apache-echarts.git,91739bbe8a5aba007ee99da795ce1fc450baf96c,src/chart/pie/labelLayout.ts,594,594,1188,21523,21589,5004,5022,timed_out,
TypeScript,300-1000,apache-echarts.git,96f4a5f3bfea555ed7ec1480f8f9bd1ff9a6e62a,src/util/time.ts,350,353,703,11375,11508,3456,3529,timed_out,
TypeScript,300-1000,apache-echarts.git,98a78b2c53946c0fc2c83d57b0bb7ad34851702a,src/label/labelStyle.ts,735,735,1470,26683,26695,5568,5573,timed_out,
TypeScript,300-1000,apache-echarts.git,9fb530698d9c27ecd412f18257e37fb2ae3ac7f4,test/ut/spec/api/containPixel.test.ts,426,428,854,13132,13224,2191,2209,timed_out,
TypeScript,300-1000,apache-echarts.git,a2efa574487a744e546b82fbee9229fc80776043,src/util/states.ts,945,917,1862,32104,31169,7207,6940,timed_out,
TypeScript,300-1000,apache-echarts.git,aaa2a48b92947b0a386e9412f4e708a8841303bb,src/layout/barGrid.ts,607,613,1220,23193,23713,4700,4782,timed_out,
TypeScript,300-1000,apache-echarts.git,aaa2a48b92947b0a386e9412f4e708a8841303bb,src/layout/barPolar.ts,329,336,665,11791,12111,2478,2541,timed_out,
TypeScript,300-1000,apache-echarts.git,ae3dbf387fd989110a48ab60428160c08d333bb3,src/label/LabelManager.ts,606,621,1227,20979,21647,4316,4372,timed_out,
TypeScript,300-1000,apache-echarts.git,ae3dbf387fd989110a48ab60428160c08d333bb3,src/label/labelStyle.ts,805,830,1635,30069,30792,6139,6204,timed_out,
TypeScript,300-1000,apache-echarts.git,c1727a65fcef3ab6ac72e34856f918386970c19a,src/util/graphic.ts,674,672,1346,20598,20570,4465,4451,timed_out,
TypeScript,300-1000,apache-echarts.git,c539b1fe3d3a9561242edb4cd5ba2375e43e7d16,src/chart/pie/PieView.ts,317,318,635,11318,11424,2595,2617,timed_out,
TypeScript,300-1000,apache-echarts.git,c86b9ce53295415d5cef071b17997929c7a6f5b4,src/component/legend/LegendView.ts,777,772,1549,27731,27525,6028,5988,timed_out,
TypeScript,300-1000,apache-echarts.git,c8ea8c0dcf1f6e298fc97b7ac856457e823294e3,src/chart/radar/RadarView.ts,276,307,583,10796,11627,2306,2540,timed_out,
TypeScript,300-1000,apache-echarts.git,dfcc8d9440dc8cf02cf5c08b1abd711044f140d6,src/chart/graph/GraphSeries.ts,521,521,1042,14889,14892,2922,2922,timed_out,
TypeScript,300-1000,apache-echarts.git,e8ff528e9a692e4e9bb8dbfda447afa7efccd510,src/chart/chord/ChordSeries.ts,340,342,682,10473,10547,2165,2170,timed_out,
TypeScript,300-1000,apache-echarts.git,e8ff528e9a692e4e9bb8dbfda447afa7efccd510,src/chart/sankey/SankeySeries.ts,366,370,736,10490,10630,2117,2127,timed_out,
TypeScript,300-1000,apache-echarts.git,e8ff528e9a692e4e9bb8dbfda447afa7efccd510,src/component/timeline/TimelineModel.ts,339,344,683,8715,8856,1850,1860,timed_out,
TypeScript,300-1000,apache-echarts.git,ea0da6344be7aa2207618206ce7f9ea7d1baf4b6,src/model/Series.ts,762,762,1524,25736,25759,4990,4998,timed_out,
TypeScript,300-1000,apache-echarts.git,f74ede1e6323d8762ccc793aedfaf5f64cbd302a,src/coord/scaleRawExtentInfo.ts,315,319,634,11900,12012,1867,1889,timed_out,
TypeScript,300-1000,apache-echarts.git,fd51f71d88344533934f2061167169f973231b4a,src/chart/bar/PictorialBarView.ts,955,956,1911,32136,32165,7502,7512,timed_out,
TypeScript,300-1000,apache-echarts.git,fdda0254e2a1594f71a44a2a0c30def700e58acb,src/label/labelStyle.ts,735,735,1470,26660,26683,5551,5568,timed_out,
TypeScript,300-1000,balena-io-etcher,8223130e8dfce180481550d77f022064255601e4,lib/gui/etcher.ts,310,311,621,9639,9692,2429,2446,timed_out,
TypeScript,300-1000,balena-io-etcher,c824a60e5dc9a78b92679fa8915e3ddad4127c05,lib/gui/etcher.ts,311,310,621,9692,9648,2446,2428,timed_out,
TypeScript,300-1000,balena-io-etcher,d498248a0f1416045b836646b72c7b4c588119d3,lib/gui/etcher.ts,308,308,616,9676,9685,2442,2445,timed_out,
TypeScript,300-1000,bitcoin-bitcoin,b320f5efa1753aead857d4cddd742af16e51d8d1,src/qt/locale/bitcoin_bn.ts,929,950,1879,48168,48312,12165,12336,timed_out,
TypeScript,300-1000,bitcoin-bitcoin,b320f5efa1753aead857d4cddd742af16e51d8d1,src/qt/locale/bitcoin_kk.ts,887,883,1770,36584,36307,10529,10470,timed_out,
TypeScript,300-1000,bitcoin-bitcoin,b320f5efa1753aead857d4cddd742af16e51d8d1,src/qt/locale/bitcoin_ku_IQ.ts,855,845,1700,41463,39966,10816,10546,timed_out,
TypeScript,300-1000,bitcoin-bitcoin,b320f5efa1753aead857d4cddd742af16e51d8d1,src/qt/locale/bitcoin_ms.ts,756,748,1504,32067,31505,9973,9839,timed_out,
TypeScript,300-1000,bitcoin-bitcoin,b320f5efa1753aead857d4cddd742af16e51d8d1,src/qt/locale/bitcoin_sq.ts,829,825,1654,30620,30398,9958,9905,timed_out,
TypeScript,300-1000,bitwarden-clients,2fd4a92cc57e83442bbbe64629a9a02ee775d7f9,apps/browser/src/autofill/fido2/background/fido2.background.spec.ts,417,417,834,16605,16609,3942,3942,timed_out,
TypeScript,300-1000,bitwarden-clients,b7287d46143c2ecbaa5bef28f53d1bcc0f27f7cd,apps/desktop/src/services/biometric-message-handler.service.spec.ts,521,506,1027,19289,18735,4785,4632,timed_out,
TypeScript,300-1000,ejgallego-coq-lsp,fe3c7f3b0d063c2d4db96adeba21eac0bee106d7,editor/code/src/client.ts,627,632,1259,19137,19293,4770,4796,timed_out,
TypeScript,300-1000,emuell-restic-browser,583b862bb0da61f0ab18a3470020a33927a0fde7,src/components/location-dialog.ts,369,371,740,11938,11979,2039,2050,timed_out,
TypeScript,300-1000,emuell-restic-browser,583b862bb0da61f0ab18a3470020a33927a0fde7,src/states/app-state.ts,369,369,738,11913,11941,3096,3104,timed_out,
TypeScript,300-1000,emuell-restic-browser,ab8990e868be27a19c8224d6bc1b20b367b251d2,src/components/location-dialog.ts,371,372,743,11979,12080,2050,2068,timed_out,
TypeScript,300-1000,firecow-gitlab-ci-local,aa9934a9040a76a5ff678f15666a310820ceb5a4,src/parser.ts,421,415,836,20255,19890,4740,4658,timed_out,
TypeScript,300-1000,firecow-gitlab-ci-local,aa9934a9040a76a5ff678f15666a310820ceb5a4,src/utils.ts,463,476,939,18369,18811,5090,5229,timed_out,
TypeScript,300-1000,firecow-gitlab-ci-local,d0582acce5a6d16e85f4108243c3db9d3afc1f37,src/argv.ts,358,358,716,11313,11315,3693,3696,timed_out,
TypeScript,300-1000,firecow-gitlab-ci-local,d0582acce5a6d16e85f4108243c3db9d3afc1f37,src/index.ts,352,352,704,14233,14232,3031,3031,timed_out,
TypeScript,300-1000,mixxxdj-mixxx,0ab1b139d3ce384e076ee8428bcdc5cf5e0c8ee5,res/controllers/engine-api.d.ts,345,359,704,16609,17082,965,999,ok,385.045982
TypeScript,300-1000,mongodb-js-compass,736f235cf99c04b1e4fd2930e80c2f509d655a2e,packages/compass-indexes/src/modules/regular-indexes.ts,758,758,1516,21712,21666,4819,4802,timed_out,
TypeScript,300-1000,n8n-io-n8n.git,da2446ead3239cbbb95c5552637aee157831e8c6,packages/@n8n/ai-workflow-builder.ee/src/tools/prompts/main-agent.prompt.ts,548,556,1104,25858,26562,237,237,ok,32.581352
TypeScript,300-1000,n8n-io-n8n.git,e1fef800d2fdf59e5264076cbe525fa6f75a0e37,packages/@n8n/api-types/src/chat-hub.ts,292,303,595,7524,7816,2518,2612,timed_out,
TypeScript,300-1000,n8n-io-n8n.git,e1fef800d2fdf59e5264076cbe525fa6f75a0e37,packages/cli/src/modules/chat-hub/chat-hub-workflow.service.ts,552,561,1113,13183,13265,3590,3604,timed_out,
TypeScript,300-1000,plotly-dash,9d369b6668737b71c09fd46a7ef367dcfc32ff23,dash/dash-renderer/src/actions/patch.ts,328,328,656,8692,8672,2428,2428,timed_out,
TypeScript,300-1000,plotly-dash,a0beaa4699de0dc767c6782aef72d5e7c1240a63,dash/dash-renderer/src/actions/callbacks.ts,977,977,1954,34007,34016,7447,7453,timed_out,
TypeScript,300-1000,plotly-dash,a157deb46926f5e3e1c319f30b6bc84d25a6ab02,dash/dash-renderer/src/actions/patch.ts,328,331,659,8706,8716,2438,2438,timed_out,
TypeScript,300-1000,plotly-dash,d2e1ea1dac3c2e86839f139abd3c92958b950fcc,dash/dash-renderer/src/actions/callbacks.ts,977,978,1955,34016,34475,7453,7617,timed_out,
TypeScript,300-1000,plotly-dash,f7764d9fcf038449124eda037e65000f76e2fce6,dash/dash-renderer/src/actions/callbacks.ts,973,975,1948,33913,33915,7429,7429,timed_out,
TypeScript,300-1000,pop-os-shell,08abba0b05dadb600ac48844a549b777610f9f66,src/stack.ts,634,700,1334,18974,20679,5496,6002,timed_out,
TypeScript,300-1000,pop-os-shell,3ac7848a5941cb88cf17f88011b7286eb758fa0b,src/window.ts,761,771,1532,23993,24490,6467,6531,timed_out,
TypeScript,300-1000,pop-os-shell,3c94a3733cac1c2294acbe19799d7117f6e14782,src/panel_settings.ts,348,358,706,10197,10518,3307,3385,timed_out,
TypeScript,300-1000,pop-os-shell,4cf9e144abf0c9775d3dabcd6ac35af70a5b96b4,src/tiling.ts,896,896,1792,30614,30788,8951,9015,timed_out,
TypeScript,300-1000,pop-os-shell,5b7afc619721ff866507c72b95d65e15a252a1d9,src/auto_tiler.ts,753,760,1513,26537,26757,7720,7795,timed_out,
TypeScript,300-1000,pop-os-shell,a3a1b7bb832838fec2ea875954d33443fc680912,src/config.ts,314,314,628,9086,9086,2736,2736,timed_out,
TypeScript,300-1000,pop-os-shell,d22d2ff059898394eb737c7dc819c7624a970644,src/auto_tiler.ts,760,760,1520,26757,26751,7795,7792,timed_out,
TypeScript,300-1000,popcorn-official-popcorn-desktop,8f04c57667c8fef9f49cf4eeec295507e3dc569c,apps/desktop/src/stores/global.ts,443,492,935,11590,12023,3510,3898,timed_out,
TypeScript,300-1000,popcorn-official-popcorn-desktop,b29cef70ceffb2adefe91c6c962ef51000f3ad91,apps/desktop/src/stores/global.ts,427,432,859,11159,11391,3332,3420,timed_out,
TypeScript,300-1000,prometheus-prometheus,02985d2ddd2520b98c18230f2865ca9b0f0adec6,web/ui/mantine-ui/src/promql/serializeAndFormat.test.ts,778,961,1739,21017,25653,4893,5821,timed_out,
TypeScript,300-1000,prometheus-prometheus.git,02985d2ddd2520b98c18230f2865ca9b0f0adec6,web/ui/mantine-ui/src/promql/serializeAndFormat.test.ts,778,961,1739,21017,25653,4893,5821,timed_out,
TypeScript,300-1000,prometheus-prometheus.git,03d0c18c79f30128fb4feb8e56531bd18ee12b1f,web/ui/module/codemirror-promql/src/client/prometheus.ts,456,451,907,15198,15606,4421,4593,timed_out,
TypeScript,300-1000,prometheus-prometheus.git,ce175905a5ec7e945b99d8420e6075790e6f27e3,web/ui/react-app/src/utils/index.ts,312,312,624,9220,9219,3510,3510,timed_out,
TypeScript,300-1000,prometheus-prometheus.git,e67218a39ecc5cde32a466e6afbfb44f1692441f,web/ui/module/codemirror-promql/src/complete/hybrid.ts,732,732,1464,31529,31528,5958,5958,timed_out,
TypeScript,300-1000,redhat-developer-vscode-xml,0b305851bd4a38396d6c273a7bf24ad0f69b01e3,src/server/binary/binaryServerStarter.ts,457,457,914,16789,16788,3895,3895,timed_out,
TypeScript,300-1000,redhat-developer-vscode-xml,e15a92c2d092af6d8feea6eebe0c67b7437285ce,src/server/binary/binaryServerStarter.ts,457,446,903,16788,16406,3895,3848,timed_out,
TypeScript,300-1000,rektdeckard-departure-mono,c398ca2999e37463df91c8cdb6333337a01f2f14,src/components/editordata.ts,413,462,875,13244,16061,975,996,ok,739.189409
TypeScript,300-1000,session-foundation-session-desktop,10a08887f7910afebbde0746de2e91db6d012669,ts/receiver/contentMessage.ts,890,890,1780,33351,33356,6214,6214,timed_out,
TypeScript,300-1000,session-foundation-session-desktop,150c92425eaac193c328f9d389c5ff89479a1f28,ts/receiver/contentMessage.ts,690,690,1380,25873,25874,4671,4671,timed_out,
TypeScript,300-1000,session-foundation-session-desktop,150c92425eaac193c328f9d389c5ff89479a1f28,ts/receiver/queuedJob.ts,504,504,1008,17633,17634,3547,3547,timed_out,
TypeScript,300-1000,session-foundation-session-desktop,1ea32bfe4b5dd32f4b4f9f83dac58a6f0738949e,ts/receiver/queuedJob.ts,548,553,1101,18071,18312,3797,3841,timed_out,
TypeScript,300-1000,session-foundation-session-desktop,5a68a5d0b5d549f13f55efc5cf032de406f3c4b2,ts/session/onions/onionPath.ts,553,607,1160,20407,21923,4235,4479,timed_out,
TypeScript,300-1000,session-foundation-session-desktop,5a68a5d0b5d549f13f55efc5cf032de406f3c4b2,ts/test/session/unit/onion/OnionErrors_test.ts,670,674,1344,27585,27687,6991,7029,timed_out,
TypeScript,300-1000,session-foundation-session-desktop,6a6eb145e1f35b2f82599979c85ef9458282e463,ts/session/onions/onionPath.ts,611,611,1222,22199,22167,4547,4553,timed_out,
TypeScript,300-1000,session-foundation-session-desktop,771055fa4cc43b19f2a99ef45e278418ce65cfcc,ts/session/apis/snode_api/snodePool.ts,470,471,941,16510,16592,3139,3164,timed_out,
TypeScript,300-1000,session-foundation-session-desktop,771055fa4cc43b19f2a99ef45e278418ce65cfcc,ts/session/onions/onionPath.ts,607,611,1218,21923,22172,4479,4546,timed_out,
TypeScript,300-1000,session-foundation-session-desktop,771055fa4cc43b19f2a99ef45e278418ce65cfcc,ts/test/session/unit/onion/OnionErrors_test.ts,674,679,1353,27687,27966,7029,7069,timed_out,
TypeScript,300-1000,session-foundation-session-desktop,8aa606c209923cba8b8a9f5a7c18d118b337b74d,ts/session/onions/onionSend.ts,680,642,1322,20171,19073,3963,3749,timed_out,
TypeScript,300-1000,session-foundation-session-desktop,93602ab84cfa1ac2b9518e0a402f5e50a07678bf,ts/react.d.ts,407,407,814,11274,11290,2924,2938,timed_out,
TypeScript,300-1000,session-foundation-session-desktop,9b32fad0c459cadcbbbbd0f9c3b6497d263ad159,ts/receiver/queuedJob.ts,547,543,1090,18563,18181,3916,3815,timed_out,
TypeScript,300-1000,session-foundation-session-desktop,9b32fad0c459cadcbbbbd0f9c3b6497d263ad159,ts/session/onions/onionSend.ts,675,680,1355,19939,20171,3913,3963,timed_out,
TypeScript,300-1000,session-foundation-session-desktop,b97a447791dfc25cd6cd6a9ffbf6a8f2c8413f51,ts/localization/localeTools.ts,513,519,1032,16270,16469,4083,4103,timed_out,
TypeScript,300-1000,shiftkey-desktop,131bc78077c4447d6a782d1fa6d6f61c5e0706d3,script/build.ts,436,443,879,13772,13966,3357,3376,timed_out,
TypeScript,300-1000,shiftkey-desktop,738b4465eb4eb090c9cb1b6a77da6535a6c2bff1,app/src/main-process/app-window.ts,531,535,1066,15255,15441,3321,3364,timed_out,
TypeScript,300-1000,shiftkey-desktop,738b4465eb4eb090c9cb1b6a77da6535a6c2bff1,app/src/main-process/main.ts,813,832,1645,23585,24003,5091,5212,timed_out,
TypeScript,300-1000,staltz-manyverse,5b5b8f74a8e155bd4c1b7dd02688c5c71bad7183,src/frontend/screens/search/view.ts,390,416,806,12686,13445,3284,3492,timed_out,
TypeScript,300-1000,staltz-manyverse,6235b2a40fb8f1d1cf74eaeaec4c12d580b090f0,src/frontend/screens/central/top-bar/view.ts,474,475,949,12634,12672,3409,3423,timed_out,
TypeScript,300-1000,staltz-manyverse,8b87edc3a0d867b55c77759d5e37f7e520480b95,typings/i18n-js.d.ts,676,678,1354,31442,31568,4730,4744,timed_out,
TypeScript,300-1000,streetwriters-notesnook,f728ad882693816d830d4a4bc290e632c40386f8,packages/editor/src/extensions/heading/heading.ts,393,396,789,10988,11042,2834,2850,timed_out,
TypeScript,300-1000,th-ch-youtube-music,4fba3ffd92ca4d12962d4bdac22b8d497aefed39,src/plugins/downloader/main/index.ts,861,877,1738,24522,24911,6817,6979,timed_out,
TypeScript,300-1000,tiffany352-rink-rs,a13b9fcbaf1610a69699b374df21bda9a798171d,web/repl/src/index.ts,308,321,629,8704,9002,3181,3377,timed_out,
TypeScript,300-1000,tsl0922-ttyd,b1eaaee2ca70774c6cb045645914ebc27a70dedd,html/src/components/terminal/xterm/index.ts,519,523,1042,17703,17929,4708,4756,timed_out,
TypeScript,300-1000,tsl0922-ttyd,dea883a7fced1030d7ce67db2ea3a524f1b4fda4,html/src/components/terminal/xterm/index.ts,483,519,1002,16398,17703,4369,4708,timed_out,
TypeScript,3000+,Z3Prover-z3,449ce1a012e3ee2082cf0acc63195c6eafefc0df,src/api/js/src/high-level/high-level.ts,3322,3318,6640,108771,108448,36526,36379,timed_out,
TypeScript,3000+,Z3Prover-z3,682865df24f863bc78db3fcd8341889765b7d244,src/api/js/src/high-level/high-level.ts,3318,3315,6633,108448,108326,36379,36331,timed_out,
TypeScript,3000+,Z3Prover-z3,ab227c83b2a98499683b46ff5a05f9b011518830,src/api/js/src/high-level/high-level.ts,3315,3314,6629,108326,108308,36331,36329,timed_out,
TypeScript,3000+,apache-echarts.git,0392fb309f9a065d17f75b9103143394fb3acf80,src/core/echarts.ts,3081,3083,6164,110693,110775,22135,22147,timed_out,
TypeScript,3000+,apache-echarts.git,17b6c77b1357e0458dafee93df5556e800aada88,src/core/echarts.ts,3278,3281,6559,118093,118239,23226,23243,timed_out,
TypeScript,3000+,apache-echarts.git,19c094ad6722cbfdaf82f186a3d0e8c5869e7acc,src/core/echarts.ts,3083,3079,6162,110775,110711,22147,22130,timed_out,
TypeScript,3000+,apache-echarts.git,3c6d9bb7cc2ffc5489ce42fbc6a265479ba016a0,src/core/echarts.ts,3083,3083,6166,110775,110775,22147,22147,timed_out,
TypeScript,3000+,apache-echarts.git,486f24f6db1d030f7407bffbd3bab4068acbb2c6,src/core/echarts.ts,3083,3083,6166,110775,110775,22147,22147,timed_out,
TypeScript,3000+,apache-echarts.git,5ba6aaf81c71c86c17a4382b72fb2a78c7cf55e3,src/core/echarts.ts,3279,3279,6558,117930,117932,23225,23225,timed_out,
TypeScript,3000+,apache-echarts.git,64f8d9c4efea43a6086b4c2dd0414f8b6238dfd8,src/core/echarts.ts,3278,3278,6556,118105,118093,23226,23226,timed_out,
TypeScript,3000+,apache-echarts.git,74203be9f0d1a3d1d9f5bb037c3a4026d08f2269,src/core/echarts.ts,3083,3083,6166,110775,110775,22147,22147,timed_out,
TypeScript,3000+,apache-echarts.git,985c4694ce9244618703538067b440e51b9b5fdc,src/core/echarts.ts,3279,3279,6558,117920,117930,23225,23225,timed_out,
TypeScript,3000+,apache-echarts.git,aaa8cf9048e82a2d4130ac3cae3a903bee92ffc2,src/core/echarts.ts,3069,3069,6138,110249,110249,22000,22000,timed_out,
TypeScript,3000+,apache-echarts.git,ca9ed741e7b34c517202a34a392826ed69bde9ea,src/core/echarts.ts,3083,3083,6166,110775,110775,22147,22147,timed_out,
TypeScript,3000+,apache-echarts.git,cfb3a8a544440588d0d51a2cf622f340f0d6ebd8,src/core/echarts.ts,3071,3071,6142,110238,110238,21990,21990,timed_out,
TypeScript,3000+,apache-echarts.git,e3152db211a0e3d2d58d98307d8e93483b02957c,src/core/echarts.ts,3279,3278,6557,117932,118105,23225,23226,timed_out,
TypeScript,3000+,bitcoin-bitcoin,b320f5efa1753aead857d4cddd742af16e51d8d1,src/qt/locale/bitcoin_bg.ts,3103,3075,6178,148286,147093,39984,39666,timed_out,
TypeScript,3000+,bitcoin-bitcoin,b320f5efa1753aead857d4cddd742af16e51d8d1,src/qt/locale/bitcoin_ca.ts,4432,4363,8795,214024,209682,61360,60217,timed_out,
TypeScript,3000+,bitcoin-bitcoin,b320f5efa1753aead857d4cddd742af16e51d8d1,src/qt/locale/bitcoin_cmn.ts,4782,4695,9477,227740,223032,60966,60015,timed_out,
TypeScript,3000+,bitcoin-bitcoin,b320f5efa1753aead857d4cddd742af16e51d8d1,src/qt/locale/bitcoin_cs.ts,4903,5089,9992,242982,256904,70280,73853,timed_out,
TypeScript,3000+,bitcoin-bitcoin,b320f5efa1753aead857d4cddd742af16e51d8d1,src/qt/locale/bitcoin_da.ts,4288,4101,8389,203069,191941,60679,57463,timed_out,
TypeScript,3000+,bitcoin-bitcoin,b320f5efa1753aead857d4cddd742af16e51d8d1,src/qt/locale/bitcoin_de.ts,5035,4898,9933,259734,253939,74339,72624,timed_out,
TypeScript,3000+,bitcoin-bitcoin,b320f5efa1753aead857d4cddd742af16e51d8d1,src/qt/locale/bitcoin_el.ts,4489,4674,9163,256121,273763,63377,67209,timed_out,
TypeScript,3000+,bitcoin-bitcoin,b320f5efa1753aead857d4cddd742af16e51d8d1,src/qt/locale/bitcoin_es.ts,5117,5077,10194,263008,260470,76093,75405,timed_out,
TypeScript,3000+,bitcoin-bitcoin,b320f5efa1753aead857d4cddd742af16e51d8d1,src/qt/locale/bitcoin_fi.ts,4687,4591,9278,223346,218160,64301,62985,timed_out,
TypeScript,3000+,bitcoin-bitcoin,b320f5efa1753aead857d4cddd742af16e51d8d1,src/qt/locale/bitcoin_fil.ts,3036,2984,6020,137925,134695,38205,37596,timed_out,
TypeScript,3000+,bitcoin-bitcoin,b320f5efa1753aead857d4cddd742af16e51d8d1,src/qt/locale/bitcoin_fr.ts,5113,5075,10188,267803,265393,76413,75767,timed_out,
TypeScript,3000+,bitcoin-bitcoin,b320f5efa1753aead857d4cddd742af16e51d8d1,src/qt/locale/bitcoin_ga.ts,5148,5136,10284,260632,260743,76199,76171,timed_out,
TypeScript,3000+,bitcoin-bitcoin,b320f5efa1753aead857d4cddd742af16e51d8d1,src/qt/locale/bitcoin_ga_IE.ts,5173,5142,10315,263926,261662,76935,76411,timed_out,
TypeScript,3000+,bitcoin-bitcoin,b320f5efa1753aead857d4cddd742af16e51d8d1,src/qt/locale/bitcoin_gu.ts,3102,3073,6175,177586,175276,42930,42501,timed_out,
TypeScript,3000+,bitcoin-bitcoin,b320f5efa1753aead857d4cddd742af16e51d8d1,src/qt/locale/bitcoin_hak.ts,4810,4689,9499,229292,223063,61298,59870,timed_out,
TypeScript,3000+,bitcoin-bitcoin,b320f5efa1753aead857d4cddd742af16e51d8d1,src/qt/locale/bitcoin_he.ts,3741,3669,7410,175359,171040,45203,44468,timed_out,
TypeScript,3000+,bitcoin-bitcoin,b320f5efa1753aead857d4cddd742af16e51d8d1,src/qt/locale/bitcoin_hr.ts,4329,4229,8558,204196,198016,54967,53374,timed_out,
TypeScript,3000+,bitcoin-bitcoin,b320f5efa1753aead857d4cddd742af16e51d8d1,src/qt/locale/bitcoin_hu.ts,5125,5121,10246,260517,260621,68601,68741,timed_out,
TypeScript,3000+,bitcoin-bitcoin,b320f5efa1753aead857d4cddd742af16e51d8d1,src/qt/locale/bitcoin_it.ts,5090,4932,10022,261233,250706,68928,66407,timed_out,
TypeScript,3000+,bitcoin-bitcoin,b320f5efa1753aead857d4cddd742af16e51d8d1,src/qt/locale/bitcoin_ja.ts,5149,5109,10258,277338,274593,66009,65528,timed_out,
TypeScript,3000+,bitcoin-bitcoin,b320f5efa1753aead857d4cddd742af16e51d8d1,src/qt/locale/bitcoin_km.ts,3145,3173,6318,179102,182501,38548,39324,timed_out,
TypeScript,3000+,bitcoin-bitcoin,b320f5efa1753aead857d4cddd742af16e51d8d1,src/qt/locale/bitcoin_ko.ts,4455,4433,8888,217681,216822,58361,58087,timed_out,
TypeScript,3000+,bitcoin-bitcoin,b320f5efa1753aead857d4cddd742af16e51d8d1,src/qt/locale/bitcoin_nb.ts,4106,4038,8144,186583,182540,55288,54316,timed_out,
TypeScript,3000+,bitcoin-bitcoin,b320f5efa1753aead857d4cddd742af16e51d8d1,src/qt/locale/bitcoin_nl.ts,4832,4665,9497,242900,233233,70922,68517,timed_out,
TypeScript,3000+,bitcoin-bitcoin,b320f5efa1753aead857d4cddd742af16e51d8d1,src/qt/locale/bitcoin_pt.ts,5143,4990,10133,262779,253079,71330,68741,timed_out,
TypeScript,3000+,bitcoin-bitcoin,b320f5efa1753aead857d4cddd742af16e51d8d1,src/qt/locale/bitcoin_pt_BR.ts,4744,4620,9364,237484,230535,64776,63228,timed_out,
TypeScript,3000+,bitcoin-bitcoin,b320f5efa1753aead857d4cddd742af16e51d8d1,src/qt/locale/bitcoin_ro.ts,3932,3852,7784,176979,172556,48653,47751,timed_out,
TypeScript,3000+,bitcoin-bitcoin,b320f5efa1753aead857d4cddd742af16e51d8d1,src/qt/locale/bitcoin_ru.ts,2786,3153,5939,167960,187127,41587,46536,timed_out,
TypeScript,3000+,bitcoin-bitcoin,b320f5efa1753aead857d4cddd742af16e51d8d1,src/qt/locale/bitcoin_sk.ts,5142,5108,10250,259612,257689,74450,73934,timed_out,
TypeScript,3000+,bitcoin-bitcoin,b320f5efa1753aead857d4cddd742af16e51d8d1,src/qt/locale/bitcoin_sl.ts,4692,4568,9260,227544,220049,61735,59776,timed_out,
TypeScript,3000+,bitcoin-bitcoin,b320f5efa1753aead857d4cddd742af16e51d8d1,src/qt/locale/bitcoin_sr.ts,4076,4025,8101,211803,208569,54619,53966,timed_out,
TypeScript,3000+,bitcoin-bitcoin,b320f5efa1753aead857d4cddd742af16e51d8d1,src/qt/locale/bitcoin_sr@ijekavianlatin.ts,4072,4021,8093,210339,207115,54556,53903,timed_out,
TypeScript,3000+,bitcoin-bitcoin,b320f5efa1753aead857d4cddd742af16e51d8d1,src/qt/locale/bitcoin_sr@latin.ts,4068,4017,8085,208578,205368,54493,53844,timed_out,
TypeScript,3000+,bitcoin-bitcoin,b320f5efa1753aead857d4cddd742af16e51d8d1,src/qt/locale/bitcoin_sv.ts,4048,3960,8008,184529,179702,25778,24821,timed_out,
TypeScript,3000+,bitcoin-bitcoin,b320f5efa1753aead857d4cddd742af16e51d8d1,src/qt/locale/bitcoin_ta.ts,3182,3137,6319,184259,179939,35129,34663,timed_out,
TypeScript,3000+,bitcoin-bitcoin,b320f5efa1753aead857d4cddd742af16e51d8d1,src/qt/locale/bitcoin_tr.ts,4244,4192,8436,202682,199858,58465,57660,timed_out,
TypeScript,3000+,bitcoin-bitcoin,b320f5efa1753aead857d4cddd742af16e51d8d1,src/qt/locale/bitcoin_uk.ts,5245,5205,10450,306715,303830,70050,69503,timed_out,
TypeScript,3000+,bitcoin-bitcoin,b320f5efa1753aead857d4cddd742af16e51d8d1,src/qt/locale/bitcoin_yue.ts,4786,4665,9451,227885,221640,60979,59314,timed_out,
TypeScript,3000+,bitcoin-bitcoin,b320f5efa1753aead857d4cddd742af16e51d8d1,src/qt/locale/bitcoin_zh-Hans.ts,5014,4962,9976,239461,236361,63828,63040,timed_out,
TypeScript,3000+,bitcoin-bitcoin,b320f5efa1753aead857d4cddd742af16e51d8d1,src/qt/locale/bitcoin_zh-Hant.ts,4814,4693,9507,229426,223181,61351,59913,timed_out,
TypeScript,3000+,bitcoin-bitcoin,b320f5efa1753aead857d4cddd742af16e51d8d1,src/qt/locale/bitcoin_zh_CN.ts,5004,4714,9718,239607,225504,63773,60105,timed_out,
TypeScript,3000+,bitcoin-bitcoin,b320f5efa1753aead857d4cddd742af16e51d8d1,src/qt/locale/bitcoin_zh_HK.ts,4818,4721,9539,229592,224153,61352,60195,timed_out,
TypeScript,3000+,bitcoin-bitcoin,b320f5efa1753aead857d4cddd742af16e51d8d1,src/qt/locale/bitcoin_zh_TW.ts,4946,4908,9854,235371,233298,63023,62496,timed_out,
TypeScript,3000+,electron-electron.git,40b673873534f4c4a7cf3cb633f977610857b773,spec/chromium-spec.ts,4377,4377,8754,171745,171801,47489,47514,timed_out,
TypeScript,3000+,microsoft-TypeScript.git,09e31cf04a195475cc6e1b75bfc9fac126a15c84,src/compiler/binder.ts,4008,3895,7903,199121,193189,32488,31394,timed_out,
TypeScript,3000+,microsoft-TypeScript.git,09e31cf04a195475cc6e1b75bfc9fac126a15c84,src/compiler/types.ts,10652,10653,21305,486646,486759,75375,75385,timed_out,
TypeScript,3000+,microsoft-TypeScript.git,09e31cf04a195475cc6e1b75bfc9fac126a15c84,src/compiler/utilities.ts,12374,12387,24761,510735,511361,99297,99470,timed_out,
TypeScript,3000+,microsoft-TypeScript.git,cc2610fd347127c28609b4fca6fa9d55ee5063c6,src/compiler/program.ts,5155,5155,10310,268128,268160,45380,45380,timed_out,
TypeScript,3000+,pop-os-shell,30bf682bf85a59f19e41621530df0a914e89f1f2,src/extension.ts,3051,3050,6101,105720,105690,26974,26961,timed_out,
TypeScript,3000+,pop-os-shell,3692dd4b7f0225435f98e2ebeb49306883a875de,src/extension.ts,3050,3050,6100,105690,105696,26961,26963,timed_out,
TypeScript,3000+,pop-os-shell,3ac7848a5941cb88cf17f88011b7286eb758fa0b,src/extension.ts,3053,3053,6106,106843,106838,26868,26865,timed_out,
TypeScript,3000+,pop-os-shell,3cb093b8e6a36c48dd5e84533dc874ea74cd8a9e,src/extension.ts,3053,3063,6116,106838,107218,26865,26948,timed_out,
TypeScript,3000+,pop-os-shell,5b7afc619721ff866507c72b95d65e15a252a1d9,src/extension.ts,3050,3047,6097,105756,106698,26977,26836,timed_out,
TypeScript,3000+,pop-os-shell,b5acccefcaa653791d25f70a22c0e04f1858d96e,src/extension.ts,3050,3050,6100,105696,105756,26963,26977,timed_out,
TypeScript,3000+,pop-os-shell,dc8e589e9071dfca0055d90204e14e8665b6d2b4,src/extension.ts,3047,3053,6100,106698,106843,26836,26868,timed_out,
TypeScript,3000+,session-foundation-session-desktop,4bd7e89ed41b20da73ba10a7c373b881e9389079,ts/models/conversation.ts,3302,3305,6607,111751,111834,23526,23556,timed_out,
TypeScript,3000+,session-foundation-session-desktop,5b53ebdd45f2fad436fa3375d3866638732d4913,ts/models/conversation.ts,3274,3278,6552,110711,110807,23409,23438,timed_out,
TypeScript,3000+,session-foundation-session-desktop,6245cf0efa22950c3bc978feba273fd23aca4a3f,ts/models/conversation.ts,3267,3279,6546,110079,110747,23281,23420,timed_out,
TypeScript,3000+,session-foundation-session-desktop,65f402b325d2aad541409f040856ab2d070d76b7,ts/models/conversation.ts,3281,3274,6555,110984,110711,23422,23409,timed_out,
TypeScript,3000+,session-foundation-session-desktop,6c72eee094b77ad7204c264bc794aa66e5b6381e,ts/models/conversation.ts,3309,3302,6611,111932,111751,23568,23526,timed_out,
TypeScript,3000+,session-foundation-session-desktop,7608e53cca5e5d9dbf5860a62ef6257543ebc7ab,ts/models/conversation.ts,3250,3267,6517,109041,110079,23142,23281,timed_out,
TypeScript,3000+,session-foundation-session-desktop,9b32fad0c459cadcbbbbd0f9c3b6497d263ad159,ts/models/conversation.ts,3275,3274,6549,110637,110687,23387,23409,timed_out,
TypeScript,3000+,session-foundation-session-desktop,c71b84142d0542710e7714b3172173bd724f9b60,ts/models/conversation.ts,3275,3282,6557,110637,110934,23387,23400,timed_out,
TypeScript,3000+,shiftkey-desktop,738b4465eb4eb090c9cb1b6a77da6535a6c2bff1,app/src/lib/stores/app-store.ts,8190,8205,16395,254887,255338,49504,49589,timed_out,
TypeScript,3000+,shiftkey-desktop,738b4465eb4eb090c9cb1b6a77da6535a6c2bff1,app/src/ui/dispatcher/dispatcher.ts,3948,3962,7910,118942,119416,21037,21141,timed_out,
TypeScript,3000+,veusz-veusz,314d7d02694720c879331e58deb1e9f90d6741e3,translation/veusz-strings_en.ts,13026,13031,26057,542347,542561,188656,188695,timed_out,
Go,0-10,adnanh-webhook,0fa8bbf710f619c3a1244faf04427923318cf033,vendor/golang.org/x/sys/unix/endian_little.go,9,9,18,274,358,16,16,ok,0.162817
Go,0-10,aerospike-community-amc,4289a1da56d662c4de3e603d7928da6e678e6362,vendor/golang.org/x/sys/windows/mksyscall.go,9,9,18,349,346,9,9,ok,0.110091
Go,0-10,aws-session-manager-plugin,41c35d18e918b812deeb5984ee28d8ec1bba25fd,vendor/src/github.com/aws/aws-sdk-go/aws/version.go,8,8,16,232,233,27,27,ok,0.374038
Go,0-10,aws-session-manager-plugin,41c35d18e918b812deeb5984ee28d8ec1bba25fd,vendor/src/github.com/aws/aws-sdk-go/service/generate.go,5,5,10,238,254,7,7,ok,0.14271
Go,0-10,aws-session-manager-plugin,41c35d18e918b812deeb5984ee28d8ec1bba25fd,vendor/src/github.com/aws/aws-sdk-go/service/s3/s3manager/default_read_seeker_write_to.go,7,8,15,116,136,20,21,ok,0.199576
Go,0-10,aws-session-manager-plugin,41c35d18e918b812deeb5984ee28d8ec1bba25fd,vendor/src/github.com/aws/aws-sdk-go/service/s3/s3manager/default_writer_read_from.go,7,8,15,115,135,20,21,ok,0.215147
Go,0-10,aws-session-manager-plugin,65f138796cbd71079ed9123f7758d26e82980032,vendor/src/github.com/aws/aws-sdk-go/aws/version.go,8,8,16,233,231,27,27,ok,0.327104
Go,0-10,aws-session-manager-plugin,65f138796cbd71079ed9123f7758d26e82980032,vendor/src/golang.org/x/sys/windows/mksyscall.go,7,9,16,329,367,8,9,ok,0.13292600000000002
Go,0-10,aws-session-manager-plugin,85e98e418e220aa0e351d48294df6a6ed51ac326,vendor/src/github.com/aws/aws-sdk-go/aws/version.go,8,8,16,231,232,27,27,ok,0.7537149999999999
Go,0-10,barnybug-cli53,32ef5e5fb3b4b9dc91b360927d92ac520c2e7a14,vendor/github.com/aws/aws-sdk-go/aws/version.go,8,8,16,232,232,27,27,ok,0.684777
Go,0-10,browsh-org-browsh,84f5382eda69e206c49bfaa777b3c1445f3a3a96,interfacer/cmd/browsh/main.go,7,7,14,89,111,30,30,ok,0.9706060000000001
Go,0-10,browsh-org-browsh,cb3ddd533fcdaa5c4caf87154a5b627b26d38ae7,interfacer/src/browsh/version.go,3,3,6,44,44,14,14,ok,0.316126
Go,0-10,canonical-lxd,ed2ee1cb0f4c0f072aa664a3988c15acef799b57,shared/version/flex.go,7,7,14,164,164,23,23,ok,0.611439
Go,0-10,chai2010-protorpc,a7b48100e540030f56c6204c63c249408cdd7c6c,examples/service.pb/proto.go,7,8,15,261,305,8,9,ok,0.225134
Go,0-10,chai2010-protorpc,e1d3ba17383f14ff935f9b822427f2e51fb22c30,protoc-gen-go/link_protorpc.go,7,7,14,265,249,15,15,ok,0.365817
Go,0-10,cheat-cheat,3a6b6e58f0f101f81f1907d670331a93b3fd8fe5,vendor/github.com/Microsoft/go-winio/syscall.go,3,5,8,169,140,5,6,ok,0.152514
Go,0-10,cloudflare-cfssl,1a73d78a1852001b7b9c21f3eceea0e721ea6a6c,vendor/golang.org/x/crypto/internal/poly1305/mac_noasm.go,9,9,18,268,278,19,19,ok,0.494235
Go,0-10,cloudflare-cfssl,b2552cabdf56f79fe67618bea930916d7ad47089,vendor/golang.org/x/tools/internal/event/doc.go,7,7,14,321,298,9,9,ok,0.24228
Go,0-10,containerd-containerd,94dd70f4f0c659526f3b75dc278530dd8d429628,vendor/go.opentelemetry.io/otel/exporters/otlp/otlptrace/version.go,9,9,18,294,294,26,26,ok,0.830111
Go,0-10,containerd-containerd,94dd70f4f0c659526f3b75dc278530dd8d429628,vendor/go.opentelemetry.io/otel/sdk/version.go,9,9,18,251,251,26,26,ok,0.864573
Go,0-10,containerd-containerd,94dd70f4f0c659526f3b75dc278530dd8d429628,vendor/go.opentelemetry.io/otel/version.go,9,9,18,240,240,26,26,ok,1.1850980000000002
Go,0-10,containerd-containerd,fb92a97d43ed8e31a47d980388e16f350ebd5c88,vendor/go.opentelemetry.io/otel/version.go,9,9,18,240,240,26,26,ok,0.8259120000000001
Go,0-10,containerd-containerd,fd1a7a1025b3470a2b7809fdd78e89385b26dccf,vendor/go.opentelemetry.io/otel/version.go,9,9,18,240,240,26,26,ok,0.862568
Go,0-10,containernetworking-plugins,4754510b6767c124dd4b3e0cdc9dd52d48088674,vendor/github.com/onsi/gomega/matchers/support/goraph/node/node.go,8,8,16,93,85,30,27,ok,1.0346279999999999
Go,0-10,containernetworking-plugins,c8096ae06f8fffd4e109a4bd8b06eb23935a9b02,vendor/github.com/onsi/ginkgo/v2/types/version.go,3,3,6,40,40,14,14,ok,0.319294
Go,0-10,containers-common,0ce892d9ad2d7e7f56e4b07b334bd45c746a7baf,vendor/golang.org/x/crypto/internal/poly1305/mac_noasm.go,9,9,18,278,290,19,19,ok,0.525216
Go,0-10,containers-common,28eee2e079ca0da5b6c89c860784f26455131bec,vendor/go.opentelemetry.io/otel/version.go,9,9,18,240,240,26,26,ok,0.820555
Go,0-10,containers-common,51c855a0d00af5aa5dd851991b953c69d097b260,vendor/github.com/onsi/ginkgo/v2/types/version.go,3,3,6,40,40,14,14,ok,0.35503
Go,0-10,containers-common,6119e7a035b623daccbf29759c7e33dd97d9c729,version/version.go,4,4,8,82,86,15,15,ok,0.465456
Go,0-10,containers-common,6b8a310edcfd0b88c1c1783cc6d247083bde7de0,vendor/github.com/docker/docker/api/types/swarm/runtime/gen.go,3,3,6,192,131,6,5,ok,0.187066
Go,0-10,containers-common,6b8a310edcfd0b88c1c1783cc6d247083bde7de0,vendor/github.com/docker/docker/client/client_windows.go,5,5,10,253,209,17,16,ok,0.43154899999999996
Go,0-10,containers-common,a849094a01aae1b15756c2817d952d5af115c4a4,version/version.go,4,4,8,86,82,15,15,ok,0.391093
Go,0-10,containers-common,c36bd11bb65f56c1e5b05bce68eed83b72c0ca0e,vendor/golang.org/x/sys/cpu/cpu_linux_noinit.go,9,9,18,294,306,17,17,ok,0.48116499999999995
Go,0-10,containers-podman-tui,67c9f0eae0646f22995784329f0682daaaffa7b2,vendor/github.com/onsi/ginkgo/v2/types/version.go,3,3,6,40,40,14,14,ok,0.39883799999999997
Go,0-10,containers-prometheus-podman-exporter,0166b4de49dcd27b761ce09c9fa77641cd11dddf,vendor/github.com/docker/docker/api/types/swarm/runtime/gen.go,3,3,6,192,131,6,5,ok,0.19497699999999998
Go,0-10,containers-prometheus-podman-exporter,0166b4de49dcd27b761ce09c9fa77641cd11dddf,vendor/github.com/docker/docker/api/types/volume/volume_update.go,7,7,14,267,213,25,24,ok,0.949851
Go,0-10,containers-prometheus-podman-exporter,0166b4de49dcd27b761ce09c9fa77641cd11dddf,vendor/github.com/docker/docker/client/client_unix.go,7,7,14,271,227,18,17,ok,0.46868000000000004
Go,0-10,containers-prometheus-podman-exporter,0166b4de49dcd27b761ce09c9fa77641cd11dddf,vendor/github.com/docker/docker/client/client_windows.go,5,5,10,253,209,17,16,ok,0.444813
Go,0-10,containers-prometheus-podman-exporter,0166b4de49dcd27b761ce09c9fa77641cd11dddf,vendor/go.opentelemetry.io/otel/version.go,9,9,18,240,240,26,26,ok,0.8482160000000001
Go,0-10,containers-prometheus-podman-exporter,49ed57feedb9571d01a0f2f335c487a3488645b8,vendor/github.com/containers/podman/v5/version/rawversion/version.go,7,7,14,188,188,18,18,ok,0.43523100000000003
Go,0-10,containers-prometheus-podman-exporter,593fada908e777dd1ddd51aff4a7e952ff20bf89,vendor/github.com/onsi/ginkgo/v2/types/version.go,3,3,6,40,40,14,14,ok,0.305623
Go,0-10,containers-prometheus-podman-exporter,aea7a0166caf77be962f30cce9f201b9b7490b17,vendor/github.com/containers/podman/v5/version/rawversion/version.go,7,7,14,188,188,18,18,ok,0.434479
Go,0-10,containers-prometheus-podman-exporter,de9f3faa51a312dd8e37f6c444c4e5f7ad2b7f3c,vendor/github.com/onsi/ginkgo/v2/ginkgo/automaxprocs.go,8,8,16,93,114,17,17,ok,0.448716
Go,0-10,containers-prometheus-podman-exporter,de9f3faa51a312dd8e37f6c444c4e5f7ad2b7f3c,vendor/github.com/onsi/ginkgo/v2/types/version.go,3,3,6,40,40,14,14,ok,0.305442
Go,0-10,containers-skopeo,75bc19e334b85b4901cac5cc2f3bfb458f7b94e2,vendor/github.com/moby/moby/api/types/container/commit.go,7,7,14,216,212,22,22,ok,0.5826
Go,0-10,containers-skopeo,75bc19e334b85b4901cac5cc2f3bfb458f7b94e2,vendor/go.opentelemetry.io/otel/semconv/v1.37.0/doc.go,9,9,18,414,414,12,12,ok,0.31264200000000003
Go,0-10,containers-skopeo,75bc19e334b85b4901cac5cc2f3bfb458f7b94e2,vendor/go.opentelemetry.io/otel/semconv/v1.37.0/exception.go,9,9,18,273,273,20,20,ok,0.579567
Go,0-10,cri-o-cri-o,f76e3f9eaef67ce4ffcbbd9f102b1c24a65093f5,vendor/go.podman.io/image/v5/transports/alltransports/docker_daemon_stub.go,9,9,18,206,197,43,43,ok,2.593373
Go,0-10,cri-o-cri-o,f76e3f9eaef67ce4ffcbbd9f102b1c24a65093f5,vendor/go.podman.io/image/v5/transports/alltransports/storage.go,8,8,16,156,147,17,17,ok,0.571135
Go,0-10,cri-o-cri-o,f76e3f9eaef67ce4ffcbbd9f102b1c24a65093f5,vendor/go.podman.io/image/v5/transports/alltransports/storage_stub.go,9,9,18,205,196,43,43,ok,2.5815479999999997
Go,0-10,cri-o-cri-o,f76e3f9eaef67ce4ffcbbd9f102b1c24a65093f5,vendor/go.podman.io/storage/drivers/register/register_btrfs.go,8,8,16,161,152,17,17,ok,0.517529
Go,0-10,cri-o-cri-o,f76e3f9eaef67ce4ffcbbd9f102b1c24a65093f5,vendor/go.podman.io/storage/drivers/register/register_overlay.go,8,8,16,167,158,17,17,ok,0.476298
Go,0-10,cri-o-cri-o,f76e3f9eaef67ce4ffcbbd9f102b1c24a65093f5,vendor/go.podman.io/storage/drivers/register/register_zfs.go,8,8,16,204,195,17,17,ok,0.504489
Go,0-10,darkhz-bluetuith,e9436977420892b6e9b6ef5376b764f3ca828a4a,ui/app/suspend_windows.go,8,8,16,107,107,27,27,ok,1.0789630000000001
Go,0-10,docker-classicswarm,3320567e1d6cbe84b248f5c236306187279338b3,vendor/github.com/docker/docker/api/common_unix.go,6,6,12,126,160,17,17,ok,0.49674799999999997
Go,0-10,docker-classicswarm,3320567e1d6cbe84b248f5c236306187279338b3,vendor/github.com/docker/docker/api/common_windows.go,8,8,16,380,421,20,21,ok,0.610667
Go,0-10,docker-classicswarm,3320567e1d6cbe84b248f5c236306187279338b3,vendor/github.com/docker/docker/client/client_unix.go,6,9,15,193,301,16,37,ok,0.742796
Go,0-10,docker-classicswarm,3320567e1d6cbe84b248f5c236306187279338b3,vendor/github.com/docker/docker/client/client_windows.go,4,7,11,148,267,15,36,ok,0.738555
Go,0-10,energicryptocurrency-energi3,3d15a94b9ce59c45a2d9e87d8e9d1d4455216833,energi/consensus/metrics.go,7,7,14,159,162,34,34,ok,1.7471970000000001
Go,0-10,energicryptocurrency-energi3,aba41a8000490ac426a87c73576c89a908dbf1b2,crypto/secp256k1/libsecp256k1/src/modules/recovery/dummy.go,7,8,15,206,223,9,10,ok,0.258073
Go,0-10,energicryptocurrency-energi3,bfcc2fa54ffccd0bc4df4c8e267f313d9e4b6abd,energi/consensus/metrics.go,7,7,14,143,159,34,34,ok,1.663915
Go,0-10,exercism-cli,efd43c4e794a1bb7f658ecf0f73ed29bb861ac6d,exercism/doc.go,7,7,14,190,191,5,5,ok,0.16895300000000002
Go,0-10,gcla-termshark,c840f4cd71fe243a4601c992e225cc00cd4e5396,system/extcmds_darwin.go,9,9,18,249,249,45,45,ok,2.2497239999999996
Go,0-10,gcla-termshark,c840f4cd71fe243a4601c992e225cc00cd4e5396,system/extcmds_windows.go,9,9,18,251,251,45,45,ok,2.276193
Go,0-10,genuinetools-img,6cbe66bade1ed0a606166c98065709d3c21ee9fc,vendor/github.com/moby/buildkit/util/binfmt_misc/amd64_check.go,7,7,14,104,98,28,25,ok,1.705547
Go,0-10,genuinetools-img,6cbe66bade1ed0a606166c98065709d3c21ee9fc,vendor/github.com/moby/buildkit/util/binfmt_misc/amd64_check_amd64.go,7,7,14,82,82,20,20,ok,0.672812
Go,0-10,genuinetools-img,6cbe66bade1ed0a606166c98065709d3c21ee9fc,vendor/github.com/moby/buildkit/util/binfmt_misc/arm_check.go,7,7,14,98,92,28,25,ok,1.08328
Go,0-10,genuinetools-img,89fb42e58c5ffc73774f0e9a97824810c15ea775,vendor/github.com/Microsoft/go-winio/syscall.go,3,3,6,162,172,5,5,ok,0.172643
Go,0-10,genuinetools-img,89fb42e58c5ffc73774f0e9a97824810c15ea775,vendor/golang.org/x/sys/unix/endian_little.go,9,9,18,266,274,16,16,ok,0.446509
Go,0-10,github-hub,a1b6bb179a1311738c48a364cde44253c7459a86,version/version.go,4,4,8,85,85,15,15,ok,0.42491
Go,0-10,github-hub,c4dfa597b8d5655d4767b846346baf6ae23767f0,github/reset_console_windows.go,9,9,18,137,140,30,30,ok,1.309478
Go,0-10,github-hub,fb885b37ff46e52b8bc7b7143d39bec804518ffb,vendor/golang.org/x/sys/windows/mksyscall.go,7,9,16,329,349,8,9,ok,0.290114
Go,0-10,go-critic-go-critic,71556172501fe261b83d8a5779415bc951d3cf5a,checkers/testdata/newDeref/negative_tests118.go,8,7,15,105,88,35,34,ok,1.452062
Go,0-10,go-graphite-go-carbon,18603da7bed0e00332adb4fb5afa9caed8c869fc,vendor/golang.org/x/crypto/internal/poly1305/mac_noasm.go,9,9,18,278,290,19,19,ok,0.6229
Go,0-10,go-graphite-go-carbon,18603da7bed0e00332adb4fb5afa9caed8c869fc,vendor/golang.org/x/sys/cpu/cpu_linux_noinit.go,9,9,18,294,306,17,17,ok,0.503615
Go,0-10,go-graphite-go-carbon,2441b0fb1f8e1f0a698bae35f03bfbf15be39c93,vendor/golang.org/x/oauth2/internal/doc.go,6,6,12,243,250,8,8,ok,0.282583
Go,0-10,go-graphite-go-carbon,2441b0fb1f8e1f0a698bae35f03bfbf15be39c93,vendor/google.golang.org/api/internal/version.go,8,8,16,257,257,18,18,ok,0.566869
Go,0-10,go-graphite-go-carbon,48f5d186915d2d7c95e32b91b0538aecb7008e50,vendor/go.opentelemetry.io/otel/semconv/v1.30.0/doc.go,9,9,18,429,414,12,12,ok,0.37365
Go,0-10,go-graphite-go-carbon,48f5d186915d2d7c95e32b91b0538aecb7008e50,vendor/go.opentelemetry.io/otel/semconv/v1.30.0/exception.go,9,9,18,273,273,20,20,ok,0.740089
Go,0-10,go-graphite-go-carbon,48f5d186915d2d7c95e32b91b0538aecb7008e50,vendor/go.opentelemetry.io/otel/semconv/v1.30.0/schema.go,9,9,18,453,453,20,20,ok,0.638342
Go,0-10,go-graphite-go-carbon,48f5d186915d2d7c95e32b91b0538aecb7008e50,vendor/google.golang.org/api/internal/version.go,8,8,16,257,257,18,18,ok,0.5372979999999999
Go,0-10,go-graphite-go-carbon,53b700a11abe9125ee18dceae2259f6f68d8c02b,vendor/google.golang.org/api/internal/version.go,8,8,16,257,257,18,18,ok,0.5106120000000001
Go,0-10,go-graphite-go-carbon,bae5bb93f93381b880712fc860a3d8d686e7ddd6,vendor/google.golang.org/api/internal/version.go,8,8,16,257,257,18,18,ok,0.5122399999999999
Go,0-10,go-graphite-go-carbon,cadc86ec52d9b67be44e51c45d18387e94f9ea14,vendor/go.opentelemetry.io/otel/sdk/version.go,9,9,18,251,251,26,26,ok,0.971601
Go,0-10,go-graphite-go-carbon,cadc86ec52d9b67be44e51c45d18387e94f9ea14,vendor/go.opentelemetry.io/otel/version.go,9,9,18,240,240,26,26,ok,0.984151
Go,0-10,go-graphite-go-carbon,e6ef1586a628346d71439a3656266e7e2cfb924c,vendor/go.opentelemetry.io/otel/version.go,9,9,18,240,240,26,26,ok,0.942742
Go,0-10,gopasspw-gopass,71861e4a8b249024a9cf4bc29a3daeee3a9f6a03,pkg/clipboard/kill_others.go,8,7,15,183,131,21,20,ok,1.047302
Go,0-10,hashicorp-serf,fedf402e75f57009260672875aae207d497295dc,serf/internal/race/race_enabled.go,9,8,17,137,122,15,14,ok,0.42855600000000005
Go,0-10,hillu-local-log4j-vuln-scanner,6d07f80406ac1564849b1fab7ea36d3e0d6bbd1c,scanner/fs_generic.go,5,7,12,87,134,22,39,ok,1.142826
Go,0-10,ipfs-kubo,7c844baceadf991ca49f427f4ac17b0eab4b314f,config/mounts.go,8,9,17,150,173,23,26,ok,0.8308789999999999
Go,0-10,kubernetes-kops,1f466760579961dc211699ada6b5aa37c91ab32a,vendor/github.com/aws/aws-sdk-go-v2/aws/protocol/eventstream/go_module_metadata.go,6,6,12,185,185,16,16,ok,0.460901
Go,0-10,kubernetes-kops,1f466760579961dc211699ada6b5aa37c91ab32a,vendor/github.com/aws/aws-sdk-go-v2/feature/ec2/imds/go_module_metadata.go,6,6,12,180,180,16,16,ok,0.45824499999999996
Go,0-10,kubernetes-kops,1f466760579961dc211699ada6b5aa37c91ab32a,vendor/github.com/aws/aws-sdk-go-v2/internal/endpoints/v2/go_module_metadata.go,6,6,12,184,184,16,16,ok,0.48000099999999996
Go,0-10,kubernetes-kops,1f466760579961dc211699ada6b5aa37c91ab32a,vendor/github.com/aws/aws-sdk-go-v2/service/ec2/go_module_metadata.go,6,6,12,179,179,16,16,ok,0.47312899999999997
Go,0-10,kubernetes-kops,1f466760579961dc211699ada6b5aa37c91ab32a,vendor/github.com/aws/aws-sdk-go-v2/service/eventbridge/go_module_metadata.go,6,6,12,186,187,16,16,ok,0.48384699999999997
Go,0-10,kubernetes-kops,1f466760579961dc211699ada6b5aa37c91ab32a,vendor/github.com/aws/aws-sdk-go-v2/service/iam/go_module_metadata.go,6,6,12,178,178,16,16,ok,0.440783
Go,0-10,kubernetes-kops,1f466760579961dc211699ada6b5aa37c91ab32a,vendor/github.com/aws/aws-sdk-go-v2/service/internal/accept-encoding/go_module_metadata.go,6,6,12,189,189,16,16,ok,0.454532
Go,0-10,kubernetes-kops,1f466760579961dc211699ada6b5aa37c91ab32a,vendor/github.com/aws/aws-sdk-go-v2/service/internal/presigned-url/go_module_metadata.go,6,6,12,188,188,16,16,ok,0.46035899999999996
Go,0-10,kubernetes-kops,1f466760579961dc211699ada6b5aa37c91ab32a,vendor/github.com/aws/aws-sdk-go-v2/service/kms/go_module_metadata.go,6,6,12,178,178,16,16,ok,0.456606
Go,0-10,kubernetes-kops,1f466760579961dc211699ada6b5aa37c91ab32a,vendor/github.com/aws/aws-sdk-go-v2/service/sqs/go_module_metadata.go,6,6,12,179,179,16,16,ok,0.44048299999999996
Go,0-10,kubernetes-kops,1f466760579961dc211699ada6b5aa37c91ab32a,vendor/github.com/aws/smithy-go/go_module_metadata.go,6,6,12,181,181,16,16,ok,0.440664
Go,0-10,kubernetes-kubernetes,275adf8b047da379724c91a9163f8138159ea8e8,vendor/go.opentelemetry.io/otel/exporters/otlp/otlptrace/version.go,9,9,18,294,294,26,26,ok,0.9185979999999999
Go,0-10,kubernetes-kubernetes.git,6034321603be95409028f0173e0c372515008dbb,vendor/github.com/onsi/gomega/matchers/support/goraph/node/node.go,8,8,16,93,85,30,27,ok,1.234357
Go,0-10,magefile-mage,2385abb49a1fa8f1e160556889f4ba9704a2ddb7,mage/testdata/goos_magefiles/magefile_nonwindows.go,5,6,11,66,94,14,15,ok,0.416591
Go,0-10,magefile-mage,2385abb49a1fa8f1e160556889f4ba9704a2ddb7,mage/testdata/goos_magefiles/magefile_windows.go,5,6,11,54,70,14,15,ok,0.417648
Go,0-10,magefile-mage,2385abb49a1fa8f1e160556889f4ba9704a2ddb7,mage/testdata/mageimport/tagged/pkg/mage.go,7,8,15,68,85,15,16,ok,0.450478
Go,0-10,magefile-mage,2385abb49a1fa8f1e160556889f4ba9704a2ddb7,mage/testdata/mixed_lib_files/subdir/magefile.go,5,6,11,46,62,14,15,ok,0.445391
Go,0-10,magefile-mage,2385abb49a1fa8f1e160556889f4ba9704a2ddb7,parse/testdata/subcommand_1.9.go,7,8,15,185,211,18,19,ok,0.639297
Go,0-10,magefile-mage,ae47c82d86aedc61db46f02cb448e62b53a1a194,mage/testdata/mageimport/tagged/magefile.go,8,8,16,122,121,17,17,ok,0.5557169999999999
Go,0-10,nametake-golangci-lint-langserver,9ce1bf46ad4184e7d8faaf15af7f231efe53e25e,testdata/nolintername/main.go,3,4,7,30,53,14,15,ok,0.43940500000000005
Go,0-10,nametake-golangci-lint-langserver,9ce1bf46ad4184e7d8faaf15af7f231efe53e25e,testdata/simple/main.go,3,4,7,30,61,14,15,ok,0.399114
Go,0-10,nomad-software-vend,7cf4fefba220fd314f77fff8a8bfa8d67f978288,vendor/golang.org/x/sys/cpu/cpu_s390x.go,7,9,16,199,217,14,23,ok,0.517309
Go,0-10,nomad-software-vend,b0a4deb27d50bcdc39242e0041236d48a8e7ff51,vendor/golang.org/x/sys/windows/registry/mksyscall.go,7,9,16,279,296,8,9,ok,0.461021
Go,0-10,notaryproject-notary,0c5511a196e566fa73627111f15079bb519e9b12,vendor/golang.org/x/sys/unix/endian_little.go,9,9,18,266,274,16,16,ok,0.469879
Go,0-10,notaryproject-notary,0c5511a196e566fa73627111f15079bb519e9b12,vendor/golang.org/x/sys/windows/mksyscall.go,7,9,16,329,346,8,9,ok,0.297001
Go,0-10,notaryproject-notary,b55ecf723a77e9834d96617e6ca9a553602024b9,proto/generator.go,5,5,10,189,192,7,7,ok,0.219808
Go,0-10,notaryproject-notary,b8a8e90f31818b69fc3cc78f89c89f957b9a5e8c,vendor/golang.org/x/sys/windows/mksyscall.go,7,7,14,330,329,8,8,ok,0.268774
Go,0-10,opsgenie-opsgenie-lamp,717a6f1955304e8c2b3f2b3fea58d27ec3385c90,vendor/golang.org/x/sys/unix/endian_big.go,9,9,18,236,293,16,16,ok,0.448548
Go,0-10,opsgenie-opsgenie-lamp,717a6f1955304e8c2b3f2b3fea58d27ec3385c90,vendor/golang.org/x/sys/unix/endian_little.go,9,9,18,274,307,16,16,ok,0.44387499999999996
Go,0-10,rancher-k3d,b559b034baf85b41e9f827b9577877b414834511,vendor/github.com/docker/docker/api/types/swarm/runtime/gen.go,3,3,6,192,131,6,5,ok,0.244965
Go,0-10,rancher-k3d,b559b034baf85b41e9f827b9577877b414834511,vendor/github.com/docker/docker/api/types/volume/volume_update.go,7,7,14,267,213,25,24,ok,0.887335
Go,0-10,rancher-k3d,b559b034baf85b41e9f827b9577877b414834511,vendor/github.com/docker/docker/client/client_windows.go,5,5,10,253,209,17,16,ok,0.497425
Go,0-10,rancher-k3d,b559b034baf85b41e9f827b9577877b414834511,vendor/github.com/moby/go-archive/archive_other.go,7,7,14,171,122,24,23,ok,0.862594
Go,0-10,rancher-k3d,b559b034baf85b41e9f827b9577877b414834511,vendor/go.opentelemetry.io/otel/exporters/otlp/otlptrace/version.go,9,9,18,294,294,26,26,ok,0.628633
Go,0-10,rancher-k3d,b559b034baf85b41e9f827b9577877b414834511,vendor/go.opentelemetry.io/otel/sdk/instrumentation/library.go,8,9,17,274,272,15,16,ok,0.195824
Go,0-10,rancher-k3d,b559b034baf85b41e9f827b9577877b414834511,vendor/go.opentelemetry.io/otel/sdk/metric/version.go,9,9,18,254,254,26,26,ok,0.385898
Go,0-10,rootless-containers-rootlesskit,41e185f1b38cb51c84baf252c5a0aef110b67014,pkg/version/version.go,3,3,6,49,53,14,14,ok,0.398229
Go,0-10,rootless-containers-rootlesskit,ec104094ffadeca5e5c9617f843c1d7ab7ff2910,pkg/version/version.go,3,3,6,45,49,14,14,ok,0.372226
Go,0-10,stripe-stripe-cli,19bd8c9ecf9e2716c8ccb528108f6c46f009b243,pkg/requests/stripe_version_header.go,9,9,18,322,322,27,27,ok,0.8967750000000001
Go,0-10,trezor-trezord-go,047b1814fa3be0cd767605860fc3e040652a0e44,core/release.go,7,8,15,76,94,20,21,ok,0.710655
Go,0-10,ulikunitz-xz,492fb8161cff03dd43fd938e40ecede6c6ffd8eb,cmd/xb/version.go,3,3,6,38,39,14,14,ok,0.38422100000000003
Go,0-10,ulikunitz-xz,97d4618bded97982c0a1daeae84e54286e32d09c,cmd/xb/version.go,3,3,6,39,39,14,14,ok,0.38632
Go,0-10,ulikunitz-xz,9d122a61c181b044e6b8b9c09979dfe7c513e2db,cmd/gxz/version.go,3,3,6,40,40,14,14,ok,0.431925
Go,0-10,ulikunitz-xz,9d122a61c181b044e6b8b9c09979dfe7c513e2db,cmd/xb/version.go,3,3,6,40,40,14,14,ok,0.38988100000000003
Go,0-10,ulikunitz-xz,b0e6b5a2af126053b434443f09f8b9678a31f02c,cmd/gxz/version.go,3,3,6,39,40,14,14,ok,0.40697900000000004
Go,0-10,ulikunitz-xz,b0e6b5a2af126053b434443f09f8b9678a31f02c,cmd/xb/version.go,3,3,6,39,40,14,14,ok,0.371328
Go,0-10,ulikunitz-xz,c8314b8f21e9c5e25b52da07544cac14db277e89,cmd/xb/version.go,3,3,6,40,40,14,14,ok,0.37749499999999997
Go,0-10,ulikunitz-xz,dc961cc3f7e56a078d703af4033bdbaf0f5fb5b4,cmd/gxz/version.go,3,7,10,39,203,14,17,ok,0.436454
Go,0-10,ulikunitz-xz,dc961cc3f7e56a078d703af4033bdbaf0f5fb5b4,cmd/xb/version.go,3,7,10,39,203,14,17,ok,0.45620099999999997
Go,0-10,ulikunitz-xz,e090a1c4768cc865add00a9bb6f4831092ddd87c,cmd/gxz/version.go,7,3,10,203,38,17,14,ok,0.44756100000000004
Go,0-10,vrothberg-vgrep,343eccf82697e458df438ea6fdb8e4f99cfa60e2,vendor/github.com/jessevdk/go-flags/termsize_nosysioctl.go,7,8,15,92,141,20,21,ok,0.710761
Go,0-10,wagoodman-dive,e65b32c4d7c72b12e96783064aa3c224a5dd7aba,dive/image/resolver.go,6,8,14,118,186,51,74,ok,5.5697719999999995
Go,10-30,NVIDIA-libnvidia-container,27ceffbdc0791d0feaaf16f11147d9d21ec949b9,src/nvcgo/vendor/golang.org/x/sys/unix/ptrace_darwin.go,12,11,23,337,315,50,49,ok,2.871028
Go,10-30,NVIDIA-libnvidia-container,27ceffbdc0791d0feaaf16f11147d9d21ec949b9,src/nvcgo/vendor/golang.org/x/sys/unix/syscall_linux_gccgo_arm.go,21,20,41,622,596,163,162,ok,32.314134
Go,10-30,NVIDIA-libnvidia-container,aa942eac0454224d066065c87ea321ff0d7176a4,src/nvcgo/vendor/golang.org/x/sys/unix/sysvshm_unix_other.go,13,13,26,398,407,54,54,ok,0.9584459999999999
Go,10-30,NVIDIA-libnvidia-container,bbd134bd36b7710d905247461d79846b8ca45703,src/nvcgo/vendor/github.com/google/uuid/node_js.go,12,12,24,499,498,43,43,ok,1.054761
Go,10-30,NVIDIA-nvidia-container-toolkit,e722080d3395af31d916bbab8e07e611a404b7af,vendor/github.com/cyphar/filepath-securejoin/pathrs-lite/doc.go,14,16,30,495,550,14,16,ok,0.193522
Go,10-30,ProtonMail-proton-bridge,082849dc6ca7a2c03f1a8e1ca8f2024abca8a502,internal/services/userevents/event_controller.go,23,23,46,822,822,38,38,ok,1.386309
Go,10-30,ProtonMail-proton-bridge,082849dc6ca7a2c03f1a8e1ca8f2024abca8a502,internal/vault/types_password_archive.go,25,25,50,1188,1188,43,43,ok,1.876309
Go,10-30,ProtonMail-proton-bridge,082849dc6ca7a2c03f1a8e1ca8f2024abca8a502,pkg/keychain/keychain_default.go,28,28,56,1003,1003,61,61,ok,3.795599
Go,10-30,adnanh-webhook,0fa8bbf710f619c3a1244faf04427923318cf033,vendor/golang.org/x/sys/unix/fcntl_darwin.go,18,24,42,587,806,129,198,ok,27.894627000000003
Go,10-30,ahmetb-kubectx,0bcd0d5dd51b29f5139a45e50ddd50de4d0e36c9,cmd/kubectx/version.go,20,20,40,345,344,114,114,ok,4.243342
Go,10-30,aws-session-manager-plugin,41c35d18e918b812deeb5984ee28d8ec1bba25fd,vendor/src/github.com/aws/aws-sdk-go/private/model/api/codegentest/service/restxmlservice/doc.go,26,26,52,1137,1139,28,28,ok,0.244992
Go,10-30,aws-session-manager-plugin,41c35d18e918b812deeb5984ee28d8ec1bba25fd,vendor/src/github.com/aws/aws-sdk-go/private/model/api/codegentest/service/rpcservice/doc.go,26,26,52,1094,1096,28,28,ok,0.249586
Go,10-30,aws-session-manager-plugin,41c35d18e918b812deeb5984ee28d8ec1bba25fd,vendor/src/github.com/aws/aws-sdk-go/service/kafka/doc.go,28,28,56,1164,1166,30,30,ok,0.277587
Go,10-30,aws-session-manager-plugin,41c35d18e918b812deeb5984ee28d8ec1bba25fd,vendor/src/github.com/aws/aws-sdk-go/service/medialive/doc.go,28,28,56,1161,1165,30,30,ok,0.304498
Go,10-30,aws-session-manager-plugin,41c35d18e918b812deeb5984ee28d8ec1bba25fd,vendor/src/github.com/aws/aws-sdk-go/service/qldb/doc.go,28,28,56,1092,1106,30,30,ok,0.358961
Go,10-30,aws-session-manager-plugin,41c35d18e918b812deeb5984ee28d8ec1bba25fd,vendor/src/github.com/aws/aws/session/custom_transport_go1.5.go,22,23,45,417,442,127,128,ok,8.632311999999999
Go,10-30,aws-session-manager-plugin,65f138796cbd71079ed9123f7758d26e82980032,vendor/src/golang.org/x/sys/unix/syscall_linux_amd64_gc.go,13,12,25,297,290,37,36,ok,0.469021
Go,10-30,aws-session-manager-plugin,65f138796cbd71079ed9123f7758d26e82980032,vendor/src/golang.org/x/sys/windows/registry/export_test.go,11,11,22,311,312,55,55,ok,1.2747249999999999
Go,10-30,aws-session-manager-plugin,7b5e24f5c40144269ba30e036f1c757518798429,vendor/src/github.com/stretchr/testify/require/doc.go,28,29,57,876,856,31,32,ok,0.5771
Go,10-30,bookingcom-carbonapi,509470d69b4c8e5a7c63d01fec60780526525378,vendor/google.golang.org/protobuf/internal/flags/flags.go,24,24,48,1100,1087,36,36,ok,1.154546
Go,10-30,bookingcom-carbonapi,f0bc991766d279686f9807e8b315fcb3e086ee76,vendor/gonum.org/v1/gonum/lapack/gonum/doc.go,28,28,56,1599,1601,31,31,ok,1.222425
Go,10-30,bookingcom-carbonapi,fdc03a0345aef5bcf9de440a4ea3a609d33f0b7a,vendor/golang.org/x/sys/unix/syscall_linux_gccgo_arm.go,21,20,41,622,596,163,162,ok,33.877053
Go,10-30,bookingcom-carbonapi,fdc03a0345aef5bcf9de440a4ea3a609d33f0b7a,vendor/golang.org/x/sys/windows/eventlog.go,21,20,41,843,825,46,45,ok,0.858202
Go,10-30,browsh-org-browsh,6ccf2afd07235a1ec65680acedbc1c7ec9df6d7a,interfacer/src/browsh/firefox_unix.go,25,24,49,646,577,173,172,ok,16.896176999999998
Go,10-30,cheat-cheat,bfb071c0b29952a99a32ef97b41fe934331c3c91,internal/display/faint.go,18,21,39,353,556,77,80,ok,2.295661
Go,10-30,climech-grit,d21d89a1a4c4d223ed331f2d4f51cb8d0b823e1a,graph/edge.go,23,24,47,439,448,194,194,ok,15.600299
Go,10-30,cloudflare-cfssl,0cb76cee3fd9110af602ce9b5b930c0a7a056b29,vendor/google.golang.org/protobuf/internal/impl/codec_map_go112.go,11,12,23,282,300,48,49,ok,0.7176549999999999
Go,10-30,cloudflare-cfssl,14f61be73922e6aebb8643da11749396c1b36ba4,vendor/github.com/mattn/go-sqlite3/sqlite3_libsqlite3.go,23,22,45,688,660,18,18,ok,0.13418
Go,10-30,cloudflare-cfssl,1ba4686498a79e057a0a8d259779237e788325ec,vendor/github.com/mattn/go-sqlite3/sqlite3_opt_icu.go,17,19,36,428,559,17,17,ok,0.13884999999999997
Go,10-30,cloudflare-cfssl,33c9f300d59c122b1861ea1bc72efb2f10f51f93,vendor/golang.org/x/crypto/chacha20/chacha_arm64.go,17,17,34,479,462,113,113,ok,3.656862
Go,10-30,cloudflare-cfssl,33c9f300d59c122b1861ea1bc72efb2f10f51f93,vendor/golang.org/x/sys/unix/ptrace_ios.go,18,12,30,420,298,89,44,ok,1.19265
Go,10-30,cloudflare-cfssl,753132f563e75d63f5bb7efaf31677d396c19b11,vendor/github.com/mattn/go-sqlite3/sqlite3_opt_math_functions.go,14,15,29,301,334,17,18,ok,0.136611
Go,10-30,cloudflare-cfssl,84783c60e435f4bc6589cfcbabe1296890452c6c,api/health/health.go,24,24,48,481,476,171,171,ok,16.537711
Go,10-30,cloudflare-cfssl,d124eca11bd1f4b2b9d7101db4db7eef82442bee,vendor/golang.org/x/sys/cpu/cpu_gc_s390x.go,22,21,43,687,674,77,76,ok,1.985548
Go,10-30,cloudflare-cfssl,d124eca11bd1f4b2b9d7101db4db7eef82442bee,vendor/golang.org/x/sys/cpu/cpu_linux_noinit.go,10,9,19,351,282,18,17,ok,0.17837
Go,10-30,cloudflare-cfssl,d124eca11bd1f4b2b9d7101db4db7eef82442bee,vendor/golang.org/x/sys/unix/dev_zos.go,29,28,57,850,830,114,113,ok,5.799663
Go,10-30,cloudflare-cfssl,d124eca11bd1f4b2b9d7101db4db7eef82442bee,vendor/golang.org/x/sys/unix/syscall_linux_gccgo_arm.go,21,20,41,622,596,163,162,ok,15.066586
Go,10-30,cloudflare-cfssl,d13ac5d73889ff76cc769995bfbbde431c0e1341,vendor/golang.org/x/sys/unix/syscall_darwin_libSystem.go,26,26,52,1235,1225,245,245,ok,22.040233999999998
Go,10-30,cloudflare-cfssl,d90536d5434a63ac5e6552745848282619e4f43f,scan/crypto/sha1/sha1block_generic.go,9,10,19,237,284,15,16,ok,0.110167
Go,10-30,cloudflare-cfssl,d90536d5434a63ac5e6552745848282619e4f43f,transport/roots/system/nilref_zero_darwin.go,24,25,49,604,653,69,70,ok,1.339668
Go,10-30,cloudflare-cfssl,ea569c5aa1be8442fc8c98cb55948bad20bcabed,vendor/github.com/mattn/go-sqlite3/sqlite3_windows.go,14,18,32,379,419,17,17,ok,0.130814
Go,10-30,containerd-containerd,a7d26b35ec878e4f0514b6352e889d4c58b859bc,core/images/annotations.go,23,29,52,807,1100,19,31,ok,0.924667
Go,10-30,containers-buildah,e13277552fe54d2a417c2433043bac2326714e7a,vendor/go.opentelemetry.io/contrib/instrumentation/net/http/otelhttp/version.go,10,10,20,360,360,27,27,ok,1.018368
Go,10-30,containers-common,65fcf3f894e51ce754ebb2482552698102a9cf79,vendor/github.com/opencontainers/runtime-tools/validate/capabilities/lastcap.go,16,16,32,333,291,70,66,ok,6.903769
Go,10-30,containers-common,6b8a310edcfd0b88c1c1783cc6d247083bde7de0,vendor/github.com/Microsoft/hcsshim/internal/hcs/schema2/property_type.go,26,27,53,1062,1121,114,123,ok,11.954111999999999
Go,10-30,containers-common,6b8a310edcfd0b88c1c1783cc6d247083bde7de0,vendor/github.com/docker/docker/client/swarm_get_unlock_key.go,21,21,42,566,513,158,157,ok,10.527642
Go,10-30,containers-prometheus-podman-exporter,0166b4de49dcd27b761ce09c9fa77641cd11dddf,vendor/github.com/docker/docker/client/node_remove.go,25,25,50,522,484,175,174,ok,12.130647
Go,10-30,containers-prometheus-podman-exporter,0166b4de49dcd27b761ce09c9fa77641cd11dddf,vendor/github.com/docker/docker/client/plugin_disable.go,23,23,46,535,491,182,181,ok,13.363852000000001
Go,10-30,containers-prometheus-podman-exporter,0166b4de49dcd27b761ce09c9fa77641cd11dddf,vendor/github.com/docker/docker/client/swarm_leave.go,17,17,34,362,318,126,125,ok,5.843236
Go,10-30,containers-prometheus-podman-exporter,0166b4de49dcd27b761ce09c9fa77641cd11dddf,vendor/golang.org/x/crypto/ssh/doc.go,23,24,47,971,1048,8,8,ok,0.062531
Go,10-30,containers-prometheus-podman-exporter,0166b4de49dcd27b761ce09c9fa77641cd11dddf,vendor/google.golang.org/grpc/version.go,22,22,44,683,683,16,16,ok,0.114452
Go,10-30,containers-skopeo,75bc19e334b85b4901cac5cc2f3bfb458f7b94e2,vendor/github.com/moby/moby/api/types/swarm/service_update_response.go,12,16,28,343,517,28,31,ok,0.28346000000000005
Go,10-30,cpuguy83-go-md2man,24be1a1527b034817a9b6f008fbe5212273baac3,md2man/md2man.go,14,14,28,350,353,99,99,ok,5.034947
Go,10-30,cri-o-cri-o,20e6d1b478de2e1593737dda8d5c0a46519387ba,server/sandbox_network_freebsd.go,24,23,47,799,781,109,108,ok,4.684532
Go,10-30,darylhjd-mangadesk,724b4aef099a67428b3e405eb3f03667ca07c9e2,vendor/golang.org/x/sys/windows/mksyscall.go,9,10,19,346,386,9,10,ok,0.113466
Go,10-30,docker-classicswarm,3320567e1d6cbe84b248f5c236306187279338b3,vendor/github.com/docker/docker/client/plugin_set.go,12,12,24,305,332,98,99,ok,10.218027
Go,10-30,docker-distribution,52f0f6c45d5397ebff48778b7c5c8b1dec89e572,vendor/github.com/redis/go-redis/v9/internal/util/safe.go,12,11,23,173,153,60,59,ok,4.587606999999999
Go,10-30,docker-distribution,52f0f6c45d5397ebff48778b7c5c8b1dec89e572,vendor/github.com/redis/go-redis/v9/internal/util/unsafe.go,23,22,45,384,363,130,129,ok,9.096281
Go,10-30,elisescu-tty-share,02af910efe70a7f91e69e5049658a4b9a96a8b05,vendor/golang.org/x/sys/plan9/str.go,26,23,49,615,516,179,147,ok,13.927398
Go,10-30,elisescu-tty-share,02af910efe70a7f91e69e5049658a4b9a96a8b05,vendor/golang.org/x/sys/unix/dev_aix_ppc.go,27,27,54,745,757,113,113,ok,4.903631000000001
Go,10-30,elves-elvish,8527641024a2a53ee3349290bb631e43bc0ce11b,pkg/cli/term/writer_test.go,24,26,50,489,500,235,229,ok,35.954205
Go,10-30,energicryptocurrency-energi3,058f72418ab7e7bcdad258a6499d7c9984c3827b,swarm/network/stream/norace_test.go,25,25,50,1099,1099,31,31,ok,0.381299
Go,10-30,energicryptocurrency-energi3,0ae8147419ec8322984b5e230bb2e0130349377a,mobile/geth_android.go,23,23,46,980,980,32,32,ok,0.27914599999999995
Go,10-30,energicryptocurrency-energi3,aba41a8000490ac426a87c73576c89a908dbf1b2,ethdb/database_js_test.go,25,26,51,934,948,50,51,ok,0.583762
Go,10-30,energicryptocurrency-energi3,aba41a8000490ac426a87c73576c89a908dbf1b2,mobile/geth_android.go,23,24,47,980,999,32,33,ok,0.35414300000000004
Go,10-30,etkecc-agru,8e0980d0a4e8866f8e4427109386c527327c271b,vendor/golang.org/x/sys/unix/fdset.go,29,27,56,781,753,225,211,ok,34.084855999999995
Go,10-30,genuinetools-img,89fb42e58c5ffc73774f0e9a97824810c15ea775,vendor/github.com/Microsoft/hcsshim/internal/schema2/com_port.go,18,17,35,512,511,29,29,ok,0.307714
Go,10-30,genuinetools-img,89fb42e58c5ffc73774f0e9a97824810c15ea775,vendor/github.com/Microsoft/hcsshim/internal/schema2/memory_information_for_vm.go,19,18,37,493,493,40,40,ok,0.494402
Go,10-30,genuinetools-img,89fb42e58c5ffc73774f0e9a97824810c15ea775,vendor/github.com/docker/docker/api/types/container/container_update.go,17,16,33,516,553,33,33,ok,0.35002900000000003
Go,10-30,genuinetools-img,89fb42e58c5ffc73774f0e9a97824810c15ea775,vendor/github.com/docker/docker/pkg/chrootarchive/archive_windows.go,22,29,51,660,1032,101,159,ok,5.252816
Go,10-30,genuinetools-reg,67d1af130d7fd1342d84f9779753b64045a11ae9,registry/tags.go,18,18,36,441,434,145,143,ok,9.351531999999999
Go,10-30,genuinetools-reg,f180c93a3959cd7d7221baa13d45475185dc3f7e,vendor/github.com/docker/docker/api/types/container/container_top.go,21,21,42,688,745,48,49,ok,0.734124
Go,10-30,genuinetools-reg,f180c93a3959cd7d7221baa13d45475185dc3f7e,vendor/github.com/docker/docker/client/checkpoint_list.go,28,28,56,798,804,241,242,ok,33.593132
Go,10-30,genuinetools-reg,f180c93a3959cd7d7221baa13d45475185dc3f7e,vendor/github.com/docker/docker/pkg/mount/mounter_unsupported.go,11,7,18,281,206,70,42,ok,0.970267
Go,10-30,github-hub,8c8c692d44d99c2e6824a2105696c736668f03ce,version/version.go,17,17,34,294,294,104,104,ok,3.695763
Go,10-30,github-hub,fb885b37ff46e52b8bc7b7143d39bec804518ffb,vendor/golang.org/x/sys/unix/dirent.go,17,17,34,620,624,79,79,ok,1.8200619999999998
Go,10-30,gitlab-org-cli,13c7a4f790f181ee78e43c79cebdeeb305b109d7,internal/commands/runnercontroller/token/token.go,20,22,42,566,690,131,155,ok,13.159529
Go,10-30,go-critic-go-critic,0ca763574a40a7441f7f171196c293eba86200ec,checkers/checkers.go,19,19,38,353,354,110,110,ok,6.462573
Go,10-30,go-critic-go-critic,807bf7c46992df237255bd3cdd13ae6f2dcb5926,checkers/testdata/typeDefFirst/negative_tests.go,11,21,32,216,564,70,213,ok,6.9306849999999995
Go,10-30,go-critic-go-critic,aa9f66f6f28114b7b1fb15b7bd76569f881167fd,tools/tools.go,13,13,26,292,278,26,26,ok,0.332171
Go,10-30,go-graphite-go-carbon,c85502160b00a0a9adb4c95aff246feeaa3143d0,vendor/google.golang.org/protobuf/internal/editionssupport/editions.go,18,18,36,661,661,46,46,ok,0.787181
Go,10-30,go-jira-jira,31f7b0397890388947f2312cf42af494c7a6979f,jira.go,19,20,39,319,344,94,95,ok,3.8948
Go,10-30,go-jira-jira,62ccffaf050874ff85dd5308e63dca6af25d3512,jiradata/TransitionsFuncs.go,18,25,43,379,556,103,183,ok,14.659808
Go,10-30,go-jira-jira,78c66dba6f87348e6f56388df0d895575e3711c0,jira.go,19,19,38,319,319,94,94,ok,3.311549
Go,10-30,gopasspw-gopass,71861e4a8b249024a9cf4bc29a3daeee3a9f6a03,pkg/clipboard/unclip_others.go,10,9,19,143,126,34,33,ok,0.41259
Go,10-30,gopasspw-gopass,71861e4a8b249024a9cf4bc29a3daeee3a9f6a03,pkg/pwgen/pwgen_others_test.go,20,19,39,339,320,104,103,ok,7.148797999999999
Go,10-30,gopasspw-gopass-jsonapi,1156be306ae03f8c3d42a56041169f9bcb9ccee2,internal/jsonapi/manifest/manifest_path_linux.go,22,24,46,971,1118,232,259,ok,47.900363
Go,10-30,hashicorp-consul-replicate,4d10383e14ab8a7ee4aef6cf5412abe079a956d8,version/version.go,12,15,27,170,240,54,56,ok,1.102805
Go,10-30,henri-gasc-cliphist,18a1a4641e477515b8d9798262b788b855c8ee9b,vendor/golang.org/x/sys/unix/endian_little.go,10,9,19,470,358,17,16,ok,0.205293
Go,10-30,henri-gasc-cliphist,18a1a4641e477515b8d9798262b788b855c8ee9b,vendor/golang.org/x/sys/unix/syscall_linux_gc_arm.go,14,13,27,434,411,48,47,ok,1.426676
Go,10-30,henri-gasc-cliphist,18a1a4641e477515b8d9798262b788b855c8ee9b,vendor/golang.org/x/sys/unix/sysvshm_linux.go,21,20,41,537,521,108,107,ok,10.290814000000001
Go,10-30,henri-gasc-cliphist,18a1a4641e477515b8d9798262b788b855c8ee9b,vendor/golang.org/x/sys/windows/mksyscall.go,10,9,19,386,367,10,9,ok,0.17745
Go,10-30,henri-gasc-cliphist,e465b6d7439c681831a61523216092cec19b0895,vendor/golang.org/x/sys/unix/ptrace_darwin.go,12,18,30,337,482,50,101,ok,7.472121
Go,10-30,ipfs-kubo,7c844baceadf991ca49f427f4ac17b0eab4b314f,core/commands/mount_nofuse.go,23,24,47,568,621,77,77,ok,7.295765
Go,10-30,ipfs-kubo,7c844baceadf991ca49f427f4ac17b0eab4b314f,fuse/node/mount_windows.go,11,11,22,199,207,45,47,ok,2.7318160000000002
Go,10-30,ipfs-kubo,ccb49de8524e77bbb72733c73c9bec606cf1d005,config/ipns.go,23,26,49,420,510,75,82,ok,7.431865
Go,10-30,ipfs-kubo,ccb49de8524e77bbb72733c73c9bec606cf1d005,config/migration.go,17,19,36,641,971,64,68,ok,1.9339069999999998
Go,10-30,justjanne-powerline-go,a732dc8f02a3408df41f53dae558fef1b92df9ba,segment-root.go,21,21,42,514,506,178,174,ok,29.132709
Go,10-30,justjanne-powerline-go,b24328ddc31ffeae21557864a3cae1d75b890a4c,segment-vgo.go,23,21,44,436,358,173,148,ok,28.637679
Go,10-30,knqyf263-pet,893c676dfbcee71b554b08bc035ff13718f16b8a,cmd/sync.go,23,25,48,459,540,151,172,ok,9.660294
Go,10-30,kubernetes-kubernetes,aa4159c2d2dde5d2e9929974884f12608d7d2d3d,vendor/github.com/prometheus/procfs/cpuinfo_armx.go,20,20,40,716,711,26,26,ok,0.21282399999999999
Go,10-30,kubernetes-kubernetes,f684d90648ad848f7cf02ca2af591af86aca4803,pkg/kubelet/kubelet_network_others.go,22,24,46,662,705,24,37,ok,0.377317
Go,10-30,kubernetes-kubernetes.git,3b72759d1bcfe0820b27909110f6ab6a6cc99034,staging/src/k8s.io/client-go/listers/storagemigration/v1beta1/expansion_generated.go,23,23,46,800,799,16,16,ok,0.160152
Go,10-30,kubernetes-sigs-kind,563b21023794d0507a762f7b0945a3b7b940637f,pkg/apis/config/defaults/image.go,21,21,42,848,848,17,17,ok,0.236855
Go,10-30,kubevirt-kubevirt,141685a86b10341fc238f659798d9bcc20cdddc4,vendor/k8s.io/api/admissionregistration/v1alpha1/doc.go,24,24,48,863,809,12,11,ok,0.336057
Go,10-30,kubevirt-kubevirt,141685a86b10341fc238f659798d9bcc20cdddc4,vendor/k8s.io/api/events/v1beta1/doc.go,24,24,48,776,738,11,10,ok,0.330892
Go,10-30,kubevirt-kubevirt,141685a86b10341fc238f659798d9bcc20cdddc4,vendor/k8s.io/api/rbac/v1beta1/doc.go,24,24,48,786,750,11,10,ok,0.329462
Go,10-30,kubevirt-kubevirt,141685a86b10341fc238f659798d9bcc20cdddc4,vendor/k8s.io/apimachinery/pkg/util/proxy/doc.go,18,18,36,701,654,7,6,ok,0.27099999999999996
Go,10-30,kubevirt-kubevirt,141685a86b10341fc238f659798d9bcc20cdddc4,vendor/k8s.io/apimachinery/pkg/util/sets/doc.go,19,19,38,770,724,8,7,ok,0.265627
Go,10-30,kubevirt-kubevirt,141685a86b10341fc238f659798d9bcc20cdddc4,vendor/k8s.io/client-go/kubernetes/typed/resource/v1alpha3/generated_expansion.go,27,29,56,800,843,38,46,ok,1.75972
Go,10-30,kubevirt-kubevirt,141685a86b10341fc238f659798d9bcc20cdddc4,vendor/k8s.io/client-go/tools/remotecommand/doc.go,20,20,40,801,752,9,8,ok,0.27326100000000003
Go,10-30,liamg-shox,2f9aaa11199b102ac2ad9e1b65fa430bf88f1eb6,cmd/shox/main.go,15,15,30,224,225,94,95,ok,15.326563
Go,10-30,liamg-shox,bb16e33ee0270e0215d8d03399df9b1d6aeb04f8,vendor/golang.org/x/sys/unix/gccgo_linux_amd64.go,20,21,41,429,464,94,95,ok,12.740829
Go,10-30,liamg-shox,bb16e33ee0270e0215d8d03399df9b1d6aeb04f8,vendor/golang.org/x/sys/unix/syscall_unix_gc_ppc64x.go,24,25,49,798,839,249,250,ok,41.019673
Go,10-30,natsukagami-mpd-mpris,95d8d6c9e0c9881a85d889b724aa1a00eaf01d5d,options.go,11,20,31,261,487,59,120,ok,2.1660809999999997
Go,10-30,notaryproject-notary,b55ecf723a77e9834d96617e6ca9a553602024b9,vendor/golang.org/x/sys/unix/aliases.go,14,15,29,372,484,43,44,ok,0.449074
Go,10-30,notaryproject-notary,b55ecf723a77e9834d96617e6ca9a553602024b9,vendor/golang.org/x/sys/unix/endian_little.go,9,10,19,274,470,16,17,ok,0.124247
Go,10-30,notaryproject-notary,b8a8e90f31818b69fc3cc78f89c89f957b9a5e8c,vendor/golang.org/x/sys/windows/race0.go,25,25,50,451,450,93,93,ok,2.957413
Go,10-30,owenthereal-upterm,d842842f14d1102c3b8e09610a69b1635cb51484,cmd/upterm/command/host_windows.go,27,26,53,639,621,115,114,ok,21.607365
Go,10-30,prometheus-prometheus,c26a5390aa791a323ea26ecf1721dc7db875faeb,util/testutil/synctest/disabled.go,29,29,58,893,893,95,95,ok,10.109211
Go,10-30,prometheus-prometheus,d11ee103acd9eb46a28b621828604b2446a0887a,util/testutil/synctest/disabled.go,29,29,58,893,893,95,95,ok,6.293928
Go,10-30,prometheus-prometheus,e14795bbf4fbd1837a9e3428aafb40b4b1dda99d,util/runtime/statfs.go,22,22,44,814,809,40,40,ok,0.7063809999999999
Go,10-30,prometheus-prometheus,e14795bbf4fbd1837a9e3428aafb40b4b1dda99d,util/runtime/vmlimits_default.go,25,25,50,800,795,56,56,ok,1.22752
Go,10-30,rancher-k3d,b559b034baf85b41e9f827b9577877b414834511,tools/vendor/github.com/docker/docker/client/network_disconnect.go,15,18,33,510,532,129,130,ok,10.132249
Go,10-30,rancher-k3d,b559b034baf85b41e9f827b9577877b414834511,vendor/github.com/docker/cli/cli/hints/hints.go,18,20,38,283,393,99,101,ok,7.015287
Go,10-30,rancher-k3d,b559b034baf85b41e9f827b9577877b414834511,vendor/github.com/docker/docker/api/types/swarm/runtime.go,27,27,54,925,872,85,84,ok,1.9205430000000001
Go,10-30,rancher-k3d,b559b034baf85b41e9f827b9577877b414834511,vendor/github.com/docker/docker/client/container_export.go,19,24,43,509,546,133,166,ok,8.925205
Go,10-30,rancher-k3d,b559b034baf85b41e9f827b9577877b414834511,vendor/github.com/docker/docker/client/swarm_get_unlock_key.go,21,21,42,584,513,158,157,ok,10.636063
Go,10-30,rancher-k3d,b559b034baf85b41e9f827b9577877b414834511,vendor/github.com/docker/docker/client/swarm_join.go,14,14,28,337,293,91,90,ok,2.757895
Go,10-30,rancher-k3d,b559b034baf85b41e9f827b9577877b414834511,vendor/google.golang.org/protobuf/internal/genid/wrappers.go,13,13,26,451,438,41,40,ok,0.594518
Go,10-30,richardlehane-siegfried,430b2abfbbe95e465113315b1c8b06d4aa9648bb,pkg/config/userdata_plan9.go,19,21,40,700,718,45,46,ok,0.651412
Go,10-30,tree-sitter-tree-sitter-javascript,a48cee89ea5a4866d8516ab344c1f4b35acf999f,bindings/go/binding_test.go,15,15,30,384,384,88,88,ok,3.16748
Go,10-30,tree-sitter-tree-sitter-ruby,1e89c8953d684c651687744cfe4b39ecb068d939,bindings/go/binding_test.go,15,15,30,350,354,88,88,ok,3.1623799999999997
Go,10-30,tree-sitter-tree-sitter-rust,7de6a3bc1ba213424c137f134d2872975b3b7fbe,bindings/go/binding_test.go,15,15,30,350,354,88,88,ok,3.147324
Go,10-30,ulikunitz-xz,9d122a61c181b044e6b8b9c09979dfe7c513e2db,none-check.go,23,23,46,519,519,177,177,ok,11.616793
Go,10-30,ulikunitz-xz,b0e6b5a2af126053b434443f09f8b9678a31f02c,internal/hash/roller.go,29,29,58,706,706,200,200,ok,21.162488
Go,10-30,vrothberg-vgrep,b46713ebe91060d52de45534795b1cbc02ad3a0a,vendor/golang.org/x/sys/unix/readdirent_getdirentries.go,19,19,38,698,705,93,93,ok,2.801218
Go,10-30,xxxserxxx-gotop,1e59a0a92689469794ea1216536de52018f1336f,logging/logging_other.go,10,12,22,187,179,61,62,ok,1.188953
Go,10-30,xxxserxxx-gotop,3f903c796c26f17bfd7ee1129b94863fcb38ddfd,colorschemes/solarized.go,29,29,58,593,607,219,232,ok,32.266465000000004
Go,10-30,xxxserxxx-gotop,3f903c796c26f17bfd7ee1129b94863fcb38ddfd,colorschemes/vice.go,26,26,52,415,429,212,225,ok,26.012809
Go,10-30,xxxserxxx-gotop,7f9a6caf7140b8c8dc69898f11b4deb6837d0b9a,vendor/golang.org/x/sys/unix/syscall_linux_gc_arm.go,14,13,27,434,411,48,47,ok,0.575352
Go,10-30,yitsushi-totp-cli,8e4177a00da8374aa0fb0f218f0379da3442f5e7,internal/security/unsecure_test.go,22,21,43,434,433,142,142,ok,9.090954
Go,100-300,Barzahlen-cronlocker,e4aee5f18799d350db7ff3f1de2ae5bf00b6fcea,vendor/golang.org/x/sys/unix/syscall_illumos.go,57,186,243,1416,4297,464,1828,ok,529.089062
Go,100-300,Barzahlen-cronlocker,e4aee5f18799d350db7ff3f1de2ae5bf00b6fcea,vendor/golang.org/x/sys/unix/zsysnum_openbsd_amd64.go,218,219,437,18272,18300,1265,1266,ok,345.64669
Go,100-300,DarthSim-overmind,8a5f4e2270b66c37055a7968d9909b00af859494,main.go,227,227,454,8263,8263,2705,2705,timed_out,
Go,100-300,DrmagicE-gmqtt,d192358bcc5caac763a330cedbf4df63c0660661,plugin/auth/grpc_handler.go,151,150,301,3959,3954,1516,1516,timed_out,
Go,100-300,Foxboron-sbctl,638fd003e9d407958d2b4956b627337aa5d833ad,sbctl.go,248,248,496,5545,5545,1864,1864,timed_out,
Go,100-300,LeperGnome-bt,d482b708b27a0e341613723066352adb70da1a1b,cmd/bt/main.go,100,117,217,2438,2548,936,952,ok,454.761044
Go,100-300,ProtonMail-proton-bridge,082849dc6ca7a2c03f1a8e1ca8f2024abca8a502,internal/cookies/jar_test.go,202,202,404,5207,5207,1713,1713,timed_out,
Go,100-300,ProtonMail-proton-bridge,082849dc6ca7a2c03f1a8e1ca8f2024abca8a502,internal/user/user_check_test.go,104,104,208,3538,3538,942,942,ok,521.684168
Go,100-300,ProtonMail-proton-bridge,7d13c997105aa30cac4cc8c317bee5d035349710,internal/services/syncservice/stage_metadata.go,232,236,468,7121,7166,1838,1860,timed_out,
Go,100-300,ProtonMail-proton-bridge,a5e0f85a5834aba212d3a3cf0e0fa562ad6249d3,internal/dialer/dialer_pinning_test.go,167,168,335,5604,5670,1526,1528,timed_out,
Go,100-300,ProtonMail-proton-bridge,cdcdd45bcf6410bb6bdeca7e362feba27aeccea9,internal/services/notifications/service.go,157,156,313,5050,4975,1045,1038,ok,812.4552269999999
Go,100-300,ProtonMail-proton-bridge,da0f51ce5f6eae6416117c829a062b7b8bcae9c5,internal/unleash/service.go,241,242,483,5842,5941,1863,1871,timed_out,
Go,100-300,ProtonMail-proton-bridge,e7713fa7850c475d355fa3698551cd38eea26baa,internal/vault/settings.go,272,281,553,8412,8731,1996,2080,timed_out,
Go,100-300,RadeonOpenCompute-k8s-device-plugin,e5e7a2ebe289540d2e9e68f24e768bc4067dbdd7,internal/pkg/allocator/besteffort_policy.go,148,151,299,4463,4573,999,1032,ok,574.175328
Go,100-300,abs-lang-abs,dcca25b899af73f31ec76abbe27e29adecd54b17,terminal/util.go,109,108,217,2697,2689,852,846,ok,353.952497
Go,100-300,ambientsound-pms,66a4ea7a2a4abb1f869b06750820349de637d9e3,pms/connection.go,155,155,310,3935,3926,1034,1034,ok,603.564758
Go,100-300,aws-session-manager-plugin,41c35d18e918b812deeb5984ee28d8ec1bba25fd,vendor/src/github.com/aws/aws-sdk-go/service/imagebuilder/service.go,104,106,210,3457,3517,616,631,ok,202.954035
Go,100-300,aws-session-manager-plugin,41c35d18e918b812deeb5984ee28d8ec1bba25fd,vendor/src/github.com/aws/aws-sdk-go/service/iotfleethub/service.go,104,106,210,3454,3514,619,634,ok,209.830915
Go,100-300,aws-session-manager-plugin,41c35d18e918b812deeb5984ee28d8ec1bba25fd,vendor/src/github.com/aws/aws-sdk-go/service/mturk/service.go,103,109,212,3357,3523,600,649,ok,210.37027799999998
Go,100-300,aws-session-manager-plugin,41c35d18e918b812deeb5984ee28d8ec1bba25fd,vendor/src/github.com/aws/aws-sdk-go/service/personalizeruntime/service.go,104,106,210,3570,3630,619,634,ok,210.108825
Go,100-300,aws-session-manager-plugin,41c35d18e918b812deeb5984ee28d8ec1bba25fd,vendor/src/github.com/aws/aws-sdk-go/service/pinpointemail/service.go,104,106,210,3480,3540,619,634,ok,205.28133400000002
Go,100-300,aws-session-manager-plugin,41c35d18e918b812deeb5984ee28d8ec1bba25fd,vendor/src/github.com/aws/aws-sdk-go/service/s3/s3crypto/envelope_test.go,108,109,217,2784,2801,613,614,ok,318.07660500000003
Go,100-300,aws-session-manager-plugin,41c35d18e918b812deeb5984ee28d8ec1bba25fd,vendor/src/github.com/aws/aws-sdk-go/service/workdocs/errors.go,196,197,393,8672,8682,603,604,ok,104.29012
Go,100-300,aws-session-manager-plugin,4c4508b702c1ea642a7bdfe46f98257e67e8b07f,src/communicator/mocks/IWebSocketChannel.go,111,147,258,2733,3668,848,1090,ok,552.922924
Go,100-300,barnybug-cli53,91fd2b6bd1579c3c3787d0cb226e84c1e4546250,vendor/github.com/aws/aws-sdk-go/aws/defaults/defaults_test.go,88,116,204,2388,3054,817,1142,ok,806.278844
Go,100-300,bcicen-ctop,746da760fb1d6c1606ae4a36ed3ef0dc23926f13,cursor.go,207,197,404,3944,3789,1687,1618,timed_out,
Go,100-300,bookingcom-carbonapi,1a0c28d23a23a220bc410281bea94c882811b6ae,vendor/google.golang.org/protobuf/internal/impl/api_export.go,177,177,354,5051,5027,1258,1249,ok,788.1030949999999
Go,100-300,bookingcom-carbonapi,509470d69b4c8e5a7c63d01fec60780526525378,vendor/github.com/prometheus/client_golang/prometheus/labels.go,188,189,377,5131,5229,965,962,ok,459.209268
Go,100-300,bookingcom-carbonapi,bbe989121711835f206e57513598ec9a73501599,vendor/go.uber.org/zap/internal/stacktrace/stack.go,176,181,357,5537,5569,940,933,ok,468.700156
Go,100-300,bookingcom-carbonapi,fdc03a0345aef5bcf9de440a4ea3a609d33f0b7a,vendor/golang.org/x/sys/unix/zsysctl_openbsd_amd64.go,281,280,561,12244,12220,7545,7544,timed_out,
Go,100-300,browsh-org-browsh,094d7b837f34731dadffa9182e591651dd67fc48,interfacer/src/browsh/browsh.go,226,229,455,4904,4949,1662,1691,timed_out,
Go,100-300,chmouel-clipman,692c30a8479b3bbf4f4d4a7b1faa6ba06e0a603a,main.go,267,294,561,7839,9046,2889,2942,timed_out,
Go,100-300,cloudflare-cfssl,0cb76cee3fd9110af602ce9b5b930c0a7a056b29,vendor/github.com/prometheus/client_golang/prometheus/expvar_collector.go,119,86,205,4145,2263,604,571,ok,282.451515
Go,100-300,cloudflare-cfssl,0cb76cee3fd9110af602ce9b5b930c0a7a056b29,vendor/google.golang.org/protobuf/internal/impl/legacy_extension.go,176,176,352,7331,7691,2166,2163,timed_out,
Go,100-300,cloudflare-cfssl,14f61be73922e6aebb8643da11749396c1b36ba4,vendor/github.com/prometheus/common/expfmt/encode.go,198,191,389,6953,6723,1551,1536,timed_out,
Go,100-300,cloudflare-cfssl,b2552cabdf56f79fe67618bea930916d7ad47089,vendor/github.com/google/certificate-transparency-go/x509/pem_decrypt.go,240,240,480,6656,6657,1789,1789,timed_out,
Go,100-300,cloudflare-cfssl,b2552cabdf56f79fe67618bea930916d7ad47089,vendor/github.com/prometheus/procfs/crypto.go,153,153,306,3549,3549,1096,1096,ok,745.127652
Go,100-300,cloudflare-cfssl,b2552cabdf56f79fe67618bea930916d7ad47089,vendor/github.com/zmap/zlint/v3/lint/source.go,129,129,258,3885,3885,739,739,ok,264.239402
Go,100-300,cloudflare-cfssl,f930541b691ca9a6edb6f0af04c7ee2e5c5a31f6,vendor/github.com/prometheus/procfs/zoneinfo.go,196,196,392,6384,6419,1726,1730,timed_out,
Go,100-300,containerd-containerd,9f9ce00aa034e4e2773c08a3f3613623f3c5470a,vendor/k8s.io/apimachinery/pkg/util/wait/wait.go,223,228,451,7314,7583,1181,1192,ok,594.59917
Go,100-300,containerd-containerd,a5c84021c8c1d9f6fe992bee23118c7c9ca5e289,core/mount/losetup_linux_test.go,137,168,305,3050,3788,997,1295,ok,858.129281
Go,100-300,containerd-containerd,fb92a97d43ed8e31a47d980388e16f350ebd5c88,vendor/go.opentelemetry.io/otel/sdk/resource/process.go,173,173,346,5604,5572,1157,1149,ok,601.7736970000001
Go,100-300,containers-podman,786012a6709ce68dff577f6d112a9815cc1c0051,cmd/podman/networks/create.go,279,267,546,9241,8667,2591,2481,timed_out,
Go,100-300,containers-prometheus-podman-exporter,8cac5b8cd9cdd93eb32e2cce8e7cb0cb6fe2de68,vendor/github.com/containers/podman/v5/pkg/util/mount_opts.go,237,238,475,7503,7588,1933,1945,timed_out,
Go,100-300,containers-prometheus-podman-exporter,ae744d37664d08bf5633135d0c93b414ad228dde,exporter/exporter.go,267,272,539,6646,6697,1949,1969,timed_out,
Go,100-300,containers-skopeo,75bc19e334b85b4901cac5cc2f3bfb458f7b94e2,vendor/github.com/moby/moby/client/hijack.go,139,172,311,4387,5228,1226,1404,timed_out,
Go,100-300,containers-storage,bc9acfc110a8704616dd92116a3f49ed6c2e70a8,vendor/google.golang.org/protobuf/internal/impl/codec_message.go,217,220,437,7295,7355,2206,2234,timed_out,
Go,100-300,cri-o-cri-o,f76e3f9eaef67ce4ffcbbd9f102b1c24a65093f5,test/mocks/containers/image/v5/types.go,263,263,526,9412,9376,3197,3197,timed_out,
Go,100-300,cri-o-cri-o,f76e3f9eaef67ce4ffcbbd9f102b1c24a65093f5,vendor/go.podman.io/image/v5/docker/docker_transport.go,211,211,422,9786,9750,1468,1468,timed_out,
Go,100-300,darylhjd-mangadesk,724b4aef099a67428b3e405eb3f03667ca07c9e2,vendor/github.com/rivo/tview/button.go,157,158,315,4395,4399,1086,1087,ok,701.723007
Go,100-300,dmarkham-enumer,eb484e644077f42eee1ee752bc3cd71ea67bd53e,endtoend_test.go,175,174,349,4920,4880,1336,1321,timed_out,
Go,100-300,docker-buildx,3858752e0af91006d01dc7e995733bfdefb61273,vendor/golang.org/x/sys/cpu/cpu_arm64.go,194,210,404,4188,4454,1666,1768,timed_out,
Go,100-300,docker-classicswarm,3320567e1d6cbe84b248f5c236306187279338b3,vendor/github.com/docker/go-events/queue.go,111,111,222,2404,2403,649,649,ok,242.14359299999998
Go,100-300,energicryptocurrency-energi3,1829bf0dcb8dd895e86a213fa54937fbc1373660,cmd/puppeth/module_nginx.go,119,119,238,4133,4136,714,714,ok,312.542306
Go,100-300,energicryptocurrency-energi3,1829bf0dcb8dd895e86a213fa54937fbc1373660,trie/hasher.go,218,218,436,6296,6302,1638,1638,timed_out,
Go,100-300,energicryptocurrency-energi3,3d15a94b9ce59c45a2d9e87d8e9d1d4455216833,rpc/websocket.go,210,210,420,6477,6480,1819,1819,timed_out,
Go,100-300,energicryptocurrency-energi3,bfcc2fa54ffccd0bc4df4c8e267f313d9e4b6abd,light/trie.go,243,243,486,6068,6164,2351,2351,timed_out,
Go,100-300,energicryptocurrency-energi3,bfcc2fa54ffccd0bc4df4c8e267f313d9e4b6abd,p2p/simulations/mocker.go,200,200,400,5458,5506,1580,1580,timed_out,
Go,100-300,energicryptocurrency-energi3,bfcc2fa54ffccd0bc4df4c8e267f313d9e4b6abd,swarm/pss/protocol.go,283,283,566,8172,8236,2183,2183,timed_out,
Go,100-300,energicryptocurrency-energi3,bfcc2fa54ffccd0bc4df4c8e267f313d9e4b6abd,trie/secure_trie_test.go,145,145,290,4057,4105,1467,1467,timed_out,
Go,100-300,etkecc-agru,779ab46b31a749b7aa19be31cb1f7cbde5f6265b,roles.go,153,153,306,3915,3815,1325,1327,timed_out,
Go,100-300,fstab-grok_exporter,5dda31958dddbb05f71f2580b1b89d376687ecde,exporter/patterns_test.go,173,173,346,6397,6397,1595,1595,timed_out,
Go,100-300,genuinetools-img,3d1a1675018ecbfe72516e9ae1f2717d4ade6400,vendor/github.com/containerd/containerd/platforms/cpuinfo.go,101,117,218,2531,2857,653,737,ok,308.51591900000005
Go,100-300,genuinetools-img,3d1a1675018ecbfe72516e9ae1f2717d4ade6400,vendor/github.com/docker/docker/api/types/mount/mount.go,130,131,261,4073,4120,432,439,ok,52.950882
Go,100-300,genuinetools-img,6cbe66bade1ed0a606166c98065709d3c21ee9fc,vendor/golang.org/x/sys/unix/zsysnum_openbsd_386.go,207,218,425,14341,18270,1199,1265,ok,313.448008
Go,100-300,genuinetools-img,7ca5779ff289cfb65a488c15c90842fba47e28b7,vendor/github.com/sirupsen/logrus/json_formatter.go,121,125,246,3086,3219,831,850,ok,446.519145
Go,100-300,genuinetools-reg,f180c93a3959cd7d7221baa13d45475185dc3f7e,vendor/github.com/docker/go-connections/sockets/unix_socket.go,106,32,138,2044,610,425,252,ok,53.415576
Go,100-300,gitlab-org-cli,ba8e90efa54a06ef366ecdf6c1987a3e9ab2b61a,internal/commands/ci/get/get.go,219,212,431,6714,6552,2311,2248,timed_out,
Go,100-300,gitlab-org-docker-distribution-pruner,60b4b861f19443cd76838382b8ef5c7a89fa86dc,vendor/gopkg.in/yaml.v2/sorter.go,104,113,217,2476,2641,1212,1304,timed_out,
Go,100-300,gitlab-org-docker-distribution-pruner,f285c96b444d8664a659bead422ac8e56f0cc1b9,s3_storage.go,153,216,369,3190,4505,1324,1908,timed_out,
Go,100-300,go-bindata-go-bindata,2447bc714f98fa927add2740ac7a05fed7f2317b,testdata/out/nocompress-memcopy.go,281,280,561,6860,6860,2468,2467,timed_out,
Go,100-300,go-bindata-go-bindata,5ff08bbcdae83c963b89d61afbc2ec7ae0178562,toc.go,288,288,576,6705,6708,1570,1570,timed_out,
Go,100-300,go-graphite-go-carbon,48f5d186915d2d7c95e32b91b0538aecb7008e50,vendor/cloud.google.com/go/auth/grpctransport/directpath.go,153,177,330,5051,5974,1052,1261,ok,996.383692
Go,100-300,go-graphite-go-carbon,b5d3df43c910845b04bb44777d265964621b099d,carbon/grace.go,258,258,516,5402,5404,2139,2139,timed_out,
Go,100-300,golang-tour,5807c4fa28aba30e78d2ef679bb99cd9fe45c9b9,local.go,216,216,432,5316,5313,1661,1661,timed_out,
Go,100-300,google-go-licenses,e6efe1456f252616461b6ac63e5c3330c7c60f76,save.go,153,155,308,4543,4611,1156,1171,timed_out,
Go,100-300,henri-gasc-cliphist,18a1a4641e477515b8d9798262b788b855c8ee9b,vendor/golang.org/x/sys/unix/syscall_linux_arm64.go,185,186,371,6137,6151,1261,1267,ok,745.7303629999999
Go,100-300,henri-gasc-cliphist,e465b6d7439c681831a61523216092cec19b0895,vendor/golang.org/x/sys/unix/syscall_linux_s390x.go,298,297,595,9589,9531,2983,2982,timed_out,
Go,100-300,hillu-local-log4j-vuln-scanner,a10ce4d1e112805b6dd1a00141ed64266d0152e7,log4j-vuln-finder.go,186,198,384,9277,9779,1965,2124,timed_out,
Go,100-300,influxdata-influx-cli,3285a03e9e28ea7dfad232be3b338291f30a61f5,api/model_legacy_authorization_post_request_all_of.gen.go,225,225,450,6932,7044,1403,1403,ok,936.386439
Go,100-300,influxdata-influx-cli,625273adf9643b15ef314b1035711c7c3ee5afc5,api/model_dbrp_update.gen.go,150,151,301,3953,4263,907,908,ok,375.625298
Go,100-300,ipfs-kubo,36b28a0af240c5da982f9527670b1fe343ca7be4,core/node/bitswap.go,215,216,431,7435,7382,1843,1832,timed_out,
Go,100-300,jmespath-jp,2545b76adc65fa451dd386339d4a75e5e50b0d4e,jp.go,122,121,243,2964,2940,1110,1101,ok,933.092733
Go,100-300,justjanne-powerline-go,d874e3ac2b347c8e0cd660861f5d670f1bbb2f5e,config.go,100,101,201,3374,3419,815,822,ok,280.365287
Go,100-300,kopia-kopia,4526f031bf196c91cd874f5b5cf658ed434e7279,snapshot/policy/scheduling_policy.go,294,294,588,8445,8409,2245,2243,timed_out,
Go,100-300,kubernetes-kops,1f466760579961dc211699ada6b5aa37c91ab32a,vendor/github.com/aws/aws-sdk-go-v2/service/ec2/api_op_ModifyTransitGateway.go,204,171,375,5803,4923,1590,1290,timed_out,
Go,100-300,kubernetes-kops,1f466760579961dc211699ada6b5aa37c91ab32a,vendor/github.com/aws/aws-sdk-go-v2/service/elasticloadbalancingv2/api_op_CreateTrustStore.go,213,180,393,5918,5038,1604,1304,timed_out,
Go,100-300,kubernetes-kops,1f466760579961dc211699ada6b5aa37c91ab32a,vendor/github.com/aws/aws-sdk-go-v2/service/eventbridge/api_op_CreateConnection.go,242,209,451,7358,6478,1655,1355,timed_out,
Go,100-300,kubernetes-kops,1f466760579961dc211699ada6b5aa37c91ab32a,vendor/github.com/aws/aws-sdk-go-v2/service/eventbridge/api_op_ListArchives.go,216,183,399,6222,5342,1584,1284,timed_out,
Go,100-300,kubernetes-kops,1f466760579961dc211699ada6b5aa37c91ab32a,vendor/github.com/aws/aws-sdk-go-v2/service/iam/api_op_UntagUser.go,200,167,367,5550,4670,1569,1269,timed_out,
Go,100-300,kubernetes-kops,1f466760579961dc211699ada6b5aa37c91ab32a,vendor/github.com/aws/aws-sdk-go-v2/service/kms/api_op_PutKeyPolicy.go,290,257,547,10588,9708,1662,1362,timed_out,
Go,100-300,kubernetes-kops,1f466760579961dc211699ada6b5aa37c91ab32a,vendor/github.com/aws/aws-sdk-go-v2/service/ssm/api_op_DeleteAssociation.go,202,169,371,6052,5172,1550,1250,timed_out,
Go,100-300,kubernetes-kops,1f466760579961dc211699ada6b5aa37c91ab32a,vendor/github.com/klauspost/compress/internal/snapref/encode.go,289,291,580,9305,9331,1887,1903,timed_out,
Go,100-300,kubernetes-kubernetes,1fec293a1d9fc53e0e3f1a6a3fe6f8970110c1a7,staging/src/k8s.io/apiextensions-apiserver/examples/client-go/pkg/client/informers/externalversions/factory.go,263,280,543,9291,9916,1507,1614,timed_out,
Go,100-300,kubernetes-kubernetes,1fec293a1d9fc53e0e3f1a6a3fe6f8970110c1a7,staging/src/k8s.io/client-go/informers/core/v1/serviceaccount.go,102,116,218,4196,5350,800,1035,ok,664.404658
Go,100-300,kubernetes-kubernetes,1fec293a1d9fc53e0e3f1a6a3fe6f8970110c1a7,staging/src/k8s.io/client-go/informers/flowcontrol/v1beta2/prioritylevelconfiguration.go,101,115,216,4504,5722,778,1008,ok,622.768277
Go,100-300,kubernetes-kubernetes,1fec293a1d9fc53e0e3f1a6a3fe6f8970110c1a7,staging/src/k8s.io/client-go/informers/scheduling/v1/priorityclass.go,101,115,216,4134,5271,778,1008,ok,624.6205030000001
Go,100-300,kubernetes-kubernetes,a29d099dd40b66931b6eb857bd2f022b07507137,test/images/agnhost/agnhost.go,105,107,212,4500,4636,717,736,ok,209.104414
Go,100-300,kubernetes-kubernetes,ea3bfd9ea0ff70a17ec47396f252750221ae60f1,staging/src/k8s.io/apiserver/pkg/audit/policy/checker.go,239,239,478,6218,6237,1614,1626,timed_out,
Go,100-300,kubernetes-kubernetes,eb343a9049032fd0a9f39da30ba679c5882730e7,staging/src/k8s.io/client-go/applyconfigurations/admissionregistration/v1/validation.go,136,136,272,8165,8165,329,329,ok,36.999022
Go,100-300,kubernetes-kubernetes.git,05f67d834aba4ba2b4a11839e4a24df28b4d57da,pkg/kubelet/cm/types.go,140,141,281,5606,5807,520,593,ok,115.732133
Go,100-300,kubernetes-kubernetes.git,3eab698884a4abd3b14173eef68e3225e49140b0,staging/src/k8s.io/dynamic-resource-allocation/deviceclass/extendedresourcecache/extendedresourcecache_test.go,212,209,421,7178,7067,1656,1631,timed_out,
Go,100-300,kubernetes-kubernetes.git,4bd3d17e4aa8dde25b34aad65840be9de9d9dc6f,staging/src/k8s.io/code-generator/cmd/validation-gen/output_tests/ratcheting/list/doc_test.go,91,101,192,4970,6229,1641,2409,timed_out,
Go,100-300,kubernetes-kubernetes.git,5594d94e6716599981948d21599700d6dfe43b11,staging/src/k8s.io/client-go/informers/batch/v1beta1/cronjob.go,102,102,204,4040,4091,790,800,ok,469.320246
Go,100-300,kubernetes-kubernetes.git,5594d94e6716599981948d21599700d6dfe43b11,staging/src/k8s.io/client-go/informers/node/v1beta1/runtimeclass.go,101,101,202,4031,4082,768,778,ok,459.459797
Go,100-300,kubernetes-kubernetes.git,5594d94e6716599981948d21599700d6dfe43b11,staging/src/k8s.io/code-generator/examples/MixedCase/informers/externalversions/example/v1/clustertesttype.go,101,101,202,4219,4270,768,778,ok,460.88698700000003
Go,100-300,kubernetes-kubernetes.git,5594d94e6716599981948d21599700d6dfe43b11,staging/src/k8s.io/code-generator/examples/crd/informers/externalversions/conflicting/v1/testtype.go,102,102,204,4228,4279,790,800,ok,474.284387
Go,100-300,kubernetes-kubernetes.git,aceb89debc2632c5c9956c8b7ef591426a485447,pkg/scheduler/framework/plugins/nodeunschedulable/node_unschedulable.go,154,157,311,6815,7117,1245,1306,timed_out,
Go,100-300,kubernetes-kubernetes.git,eea7c1403fa88de3f01666c40f19172285548960,pkg/kubelet/cm/dra/state/zz_generated.deepcopy.go,105,111,216,2837,2981,749,818,ok,455.99785199999997
Go,100-300,kubevirt-kubevirt,13e0e73030a7a44daedacd77093d4606636414e6,pkg/util/migrations/migrations.go,127,133,260,3519,3816,1040,1125,ok,842.143601
Go,100-300,kubevirt-kubevirt,141685a86b10341fc238f659798d9bcc20cdddc4,vendor/k8s.io/client-go/kubernetes/typed/authentication/v1/authentication_client.go,112,106,218,3350,3241,623,576,ok,167.039969
Go,100-300,kubevirt-kubevirt,141685a86b10341fc238f659798d9bcc20cdddc4,vendor/k8s.io/client-go/kubernetes/typed/authorization/v1/authorization_client.go,122,116,238,3749,3640,688,641,ok,196.729707
Go,100-300,kubevirt-kubevirt,141685a86b10341fc238f659798d9bcc20cdddc4,vendor/k8s.io/client-go/kubernetes/typed/events/v1beta1/events_client.go,107,101,208,3151,3042,598,551,ok,152.692449
Go,100-300,kubevirt-kubevirt,15058069cab6b1576d978a54017141140ab6ef46,staging/src/kubevirt.io/client-go/prometheusoperator/typed/monitoring/v1/alertmanager.go,71,104,175,2939,4407,577,1007,ok,321.02385100000004
Go,100-300,kubevirt-kubevirt,621e571727540bb0c62d87d1bddc9e378328095c,pkg/virt-api/webhooks/validating-webhook/admitters/pod-eviction-admitter.go,212,239,451,7052,8362,1857,2129,timed_out,
Go,100-300,kubevirt-kubevirt,81eb868bb715070caead240fcc75135931d2c3d5,staging/src/kubevirt.io/client-go/containerizeddataimporter/clientset.go,135,135,270,4320,4329,742,744,ok,276.357558
Go,100-300,kubevirt-kubevirt,b063fc87477f22fcb0e4067c36966126f68dd6df,vendor/k8s.io/apiextensions-apiserver/pkg/client/clientset/clientset/typed/apiextensions/v1/apiextensions_client.go,107,101,208,3301,3192,593,546,ok,148.38080200000002
Go,100-300,minio-mc,ed0b962588f581ebd84d3e2a21a21f24c2b37fc1,cmd/parse_time_test.go,149,148,297,5113,5090,1703,1697,timed_out,
Go,100-300,nomad-software-vend,15bdc7b83f8daeb208faeb2622aa91a2c3f32c03,vendor/golang.org/x/sys/unix/errors_freebsd_amd64.go,233,227,460,9658,9407,1123,1093,ok,274.656594
Go,100-300,nomad-software-vend,15bdc7b83f8daeb208faeb2622aa91a2c3f32c03,vendor/golang.org/x/sys/windows/syscall_test.go,102,81,183,3002,2282,882,679,ok,341.084326
Go,100-300,ollama-ollama,39982a954e056b73fb071212715913a1f0cd4dcc,cmd/config/droid.go,205,207,412,5368,5468,1715,1746,timed_out,
Go,100-300,opencontainers-runc,75188fab732d618549293091ea85be1d398c524c,vendor/github.com/cyphar/filepath-securejoin/pathrs-lite/internal/gopathrs/openat2_linux.go,101,102,203,3201,3221,688,701,ok,336.646775
Go,100-300,prometheus-node_exporter,55756f07a17881fc73c680c8332c1e7770869906,collector/cpu_linux_test.go,203,202,405,4349,4332,1395,1394,timed_out,
Go,100-300,prometheus-node_exporter,55756f07a17881fc73c680c8332c1e7770869906,collector/mdadm_linux.go,249,248,497,5931,5912,1655,1654,timed_out,
Go,100-300,prometheus-prometheus,7d0a39ac934ff30e89074336801c5f6b536c1f3c,tsdb/isolation_test.go,159,150,309,3592,3490,1276,1225,timed_out,
Go,100-300,prometheus-prometheus,e14795bbf4fbd1837a9e3428aafb40b4b1dda99d,cmd/promtool/backfill.go,242,242,484,6567,6562,1801,1801,timed_out,
Go,100-300,prometheus-prometheus,e14795bbf4fbd1837a9e3428aafb40b4b1dda99d,tsdb/chunks/chunk_write_queue_test.go,269,269,538,7280,7275,2059,2059,timed_out,
Go,100-300,prometheus-prometheus,e14795bbf4fbd1837a9e3428aafb40b4b1dda99d,web/api/v1/json_codec_test.go,212,212,424,6560,6555,1887,1887,timed_out,
Go,100-300,prometheus-prometheus,e894a22b88dabaa461fc30c686fe3f368d80dfad,discovery/eureka/eureka_test.go,258,262,520,9797,9873,878,907,ok,489.68382199999996
Go,100-300,prometheus-prometheus.git,cef219c31c3fd2a63c97e9753b8b670bf1da62bc,discovery/discovery.go,164,164,328,5669,5667,792,791,ok,256.849687
Go,100-300,prometheus-prometheus.git,f5fab4757733746a708e7b80324b8929c1b84856,storage/remote/storage.go,229,229,458,6688,6633,1659,1653,timed_out,
Go,100-300,rakyll-hey,356507962d32bdac05dd63f3b8d9341136cb79b1,requester/requester.go,267,268,535,6714,6753,1976,1989,timed_out,
Go,100-300,rakyll-hey,816cc9a681fd9b09c37536fcc8b8370628c293de,requester/requester.go,242,243,485,6075,6091,1811,1817,timed_out,
Go,100-300,rancher-k3d,b559b034baf85b41e9f827b9577877b414834511,tools/vendor/github.com/Microsoft/go-winio/privilege.go,197,196,393,5576,5565,1502,1497,timed_out,
Go,100-300,rancher-k3d,b559b034baf85b41e9f827b9577877b414834511,vendor/google.golang.org/grpc/stream_interfaces.go,152,238,390,5714,10422,987,1063,ok,440.127822
Go,100-300,richardlehane-siegfried,1dacee40397f5f3354595e78d0d029e04f4997f5,internal/siegreader/stream.go,231,233,464,4853,5040,1989,2030,timed_out,
Go,100-300,snapcore-snapd,54bfff17095921bfb684d6d61bbb2b4d3c8d5402,syscheck/dirs_test.go,231,243,474,5839,6374,2093,2279,timed_out,
Go,100-300,timonwong-uwsgi_exporter,f160597fffee661c72413c8f027436037d94dbfd,vendor/github.com/sirupsen/logrus/json_formatter.go,79,121,200,1885,3086,464,831,ok,205.544565
Go,100-300,tricksterproxy-trickster,3616e52f5f9f2c28d1fc82d310a71aaf7a1a2b5c,pkg/timeseries/modeler_gen.go,108,108,216,2348,2348,624,624,ok,270.987312
Go,100-300,tricksterproxy-trickster,6c31fd07f80d448e6ddef26eca6ee595d3ffc51d,pkg/backends/alb/mech/nlm/newest_last_modified.go,188,186,374,4828,4800,1448,1428,timed_out,
Go,100-300,ulikunitz-xz,9d122a61c181b044e6b8b9c09979dfe7c513e2db,lzma/distcodec.go,140,140,280,3726,3726,994,994,ok,608.089369
Go,100-300,xxxserxxx-gotop,7f9a6caf7140b8c8dc69898f11b4deb6837d0b9a,vendor/github.com/shirou/gopsutil/v3/cpu/cpu_darwin.go,119,117,236,2784,2782,1023,992,ok,600.756221
Go,1000-3000,Barzahlen-cronlocker,e4aee5f18799d350db7ff3f1de2ae5bf00b6fcea,vendor/golang.org/x/sys/unix/zsyscall_zos_s390x.go,1809,1255,3064,43808,30586,16160,10872,timed_out,
Go,1000-3000,DrmagicE-gmqtt,b8e6d1779613095fb12cfaf729760cd7a6d87391,server/server.go,1480,1492,2972,41785,41998,14038,14144,timed_out,
Go,1000-3000,Kethsar-ytarchive,618fb8eced10bb375a0dceebcf6fbed2f6fc80ff,Info.go,1466,1466,2932,38543,38557,11570,11570,timed_out,
Go,1000-3000,Kethsar-ytarchive,b02e3b7da03319dee6b9271e4b3d58412ff084a4,main.go,1220,1231,2451,39045,39475,7514,7596,timed_out,
Go,1000-3000,Kethsar-ytarchive,c7a71c84b958adbceca35e667893fd70bc9ecea2,Info.go,1466,1466,2932,38468,38543,11570,11570,timed_out,
Go,1000-3000,NVIDIA-libnvidia-container,27ceffbdc0791d0feaaf16f11147d9d21ec949b9,src/nvcgo/vendor/golang.org/x/sys/unix/zsyscall_aix_ppc64_gc.go,1192,1188,2380,43589,43453,10247,10259,timed_out,
Go,1000-3000,NVIDIA-libnvidia-container,27ceffbdc0791d0feaaf16f11147d9d21ec949b9,src/nvcgo/vendor/golang.org/x/sys/unix/zsyscall_dragonfly_amd64.go,1679,1666,3345,40045,39723,14810,14675,timed_out,
Go,1000-3000,abs-lang-abs,f372798a555269bb6174d1b18ae45b32b8910fe0,parser/parser.go,1079,1092,2171,26085,26510,8854,8899,timed_out,
Go,1000-3000,adnanh-webhook,0fa8bbf710f619c3a1244faf04427923318cf033,vendor/golang.org/x/sys/unix/ztypes_linux_sparc64.go,2807,695,3502,74406,12556,11377,2450,timed_out,
Go,1000-3000,adnanh-webhook,6d2f26d95283a77a97722adb57a2c6a2574576b3,webhook_test.go,828,1138,1966,21374,28934,4919,5075,timed_out,
Go,1000-3000,aerospike-community-amc,4289a1da56d662c4de3e603d7928da6e678e6362,vendor/golang.org/x/sys/unix/zerrors_darwin_amd64.go,1576,1788,3364,64062,74736,9623,11910,timed_out,
Go,1000-3000,aerospike-community-amc,4289a1da56d662c4de3e603d7928da6e678e6362,vendor/golang.org/x/sys/unix/zerrors_freebsd_amd64.go,1748,1935,3683,71260,77270,10395,12493,timed_out,
Go,1000-3000,aerospike-community-amc,4289a1da56d662c4de3e603d7928da6e678e6362,vendor/golang.org/x/sys/unix/zerrors_linux_386.go,1819,790,2609,72312,32579,11175,7082,timed_out,
Go,1000-3000,aerospike-community-amc,4289a1da56d662c4de3e603d7928da6e678e6362,vendor/golang.org/x/sys/unix/zsyscall_darwin_amd64.go,1443,2574,4017,34028,70067,12677,18443,timed_out,
Go,1000-3000,aquasecurity-trivy,96e7083337e0fe3c6c5292e8ecae1852fcb21b44,pkg/commands/app.go,1642,1490,3132,51771,47086,14521,13171,timed_out,
Go,1000-3000,aws-session-manager-plugin,65f138796cbd71079ed9123f7758d26e82980032,vendor/src/github.com/aws/aws-sdk-go/service/ecs/examples_test.go,1472,1474,2946,48143,48241,13713,13744,timed_out,
Go,1000-3000,barnybug-cli53,076edbc61fe1b7e240617935d0a111551e0c4a47,vendor/github.com/aws/aws-sdk-go/aws/request/request_test.go,1121,844,1965,31546,24001,12562,9590,timed_out,
Go,1000-3000,barnybug-cli53,91fd2b6bd1579c3c3787d0cb226e84c1e4546250,vendor/github.com/aws/aws-sdk-go/private/protocol/ec2query/unmarshal_test.go,1599,1869,3468,65999,75117,10509,12538,timed_out,
Go,1000-3000,bookingcom-carbonapi,37db314cacee7e457a50ad43d1575ef6d52d55a8,vendor/golang.org/x/sys/unix/zsyscall_openbsd_amd64.go,2299,2323,4622,58900,59507,16270,16461,timed_out,
Go,1000-3000,bookingcom-carbonapi,37db314cacee7e457a50ad43d1575ef6d52d55a8,vendor/golang.org/x/sys/unix/zsyscall_openbsd_ppc64.go,2299,2323,4622,58900,59507,16270,16461,timed_out,
Go,1000-3000,bookingcom-carbonapi,509470d69b4c8e5a7c63d01fec60780526525378,vendor/google.golang.org/protobuf/internal/genid/descriptor_gen.go,1270,1332,2602,72356,75863,7778,8105,timed_out,
Go,1000-3000,bookingcom-carbonapi,b152cd756b6538ca2cc999d29fa8f720537e2a54,vendor/golang.org/x/sys/unix/zsyscall_netbsd_amd64.go,1860,1849,3709,45203,45015,16593,16495,timed_out,
Go,1000-3000,bookingcom-carbonapi,b152cd756b6538ca2cc999d29fa8f720537e2a54,vendor/golang.org/x/sys/windows/syscall_windows.go,1808,1832,3640,80458,82004,13059,13150,timed_out,
Go,1000-3000,bookingcom-carbonapi,f0bc991766d279686f9807e8b315fcb3e086ee76,vendor/golang.org/x/sys/unix/zsyscall_netbsd_amd64.go,1860,1860,3720,45205,45203,16591,16593,timed_out,
Go,1000-3000,bookingcom-carbonapi,f0bc991766d279686f9807e8b315fcb3e086ee76,vendor/golang.org/x/sys/unix/zsyscall_openbsd_mips64.go,2235,2229,4464,56971,56799,15784,15779,timed_out,
Go,1000-3000,bookingcom-carbonapi,fdc03a0345aef5bcf9de440a4ea3a609d33f0b7a,vendor/golang.org/x/sys/unix/zsyscall_openbsd_arm.go,2231,2299,4530,57187,59072,15820,16358,timed_out,
Go,1000-3000,cheat-cheat,6bf51e758f20e3b383e717ef5458f4c801c3af86,vendor/gopkg.in/yaml.v3/parserc.go,1095,1258,2353,34761,40822,7673,8904,timed_out,
Go,1000-3000,cheat-cheat,95a4e31b6c246cc4e90bf32e4c8ce435bffd93ca,vendor/golang.org/x/sys/unix/zerrors_openbsd_arm64.go,1798,1905,3703,75546,80437,11730,12324,timed_out,
Go,1000-3000,cheat-cheat,95a4e31b6c246cc4e90bf32e4c8ce435bffd93ca,vendor/golang.org/x/sys/unix/zsyscall_solaris_amd64.go,2093,2103,4196,59579,61174,17731,18493,timed_out,
Go,1000-3000,cloudflare-cfssl,0cb76cee3fd9110af602ce9b5b930c0a7a056b29,vendor/golang.org/x/sys/unix/zerrors_freebsd_amd64.go,1942,2040,3982,77533,81371,12524,13036,timed_out,
Go,1000-3000,cloudflare-cfssl,33c9f300d59c122b1861ea1bc72efb2f10f51f93,vendor/golang.org/x/sys/windows/security_windows.go,1444,1435,2879,53493,53537,8972,8883,timed_out,
Go,1000-3000,cloudflare-cfssl,706ae75e7314493ef46bd278f6c4faed08f019b1,vendor/golang.org/x/sys/unix/zsyscall_darwin_amd64.go,2519,2545,5064,67612,68375,18061,18241,timed_out,
Go,1000-3000,cloudflare-cfssl,9243529bd864977a651ddde87af44d25ce027e9c,vendor/golang.org/x/sys/unix/zsyscall_linux.go,2206,2221,4427,55201,55593,20715,20857,timed_out,
Go,1000-3000,cloudflare-cfssl,d124eca11bd1f4b2b9d7101db4db7eef82442bee,vendor/golang.org/x/sys/unix/zsyscall_netbsd_arm64.go,1849,1848,3697,45015,44992,16495,16494,timed_out,
Go,1000-3000,containerd-containerd,6b82f034de52f05124d633b16fa23c548c4ce285,internal/cri/server/list_pod_sandbox_metrics_linux.go,1272,1278,2550,42638,42929,12347,12443,timed_out,
Go,1000-3000,containerd-containerd,7429a7b75b57e1e07e5eee13ffb923d04f4e8227,internal/cri/server/list_pod_sandbox_metrics_linux.go,1201,1209,2410,40357,40584,11597,11679,timed_out,
Go,1000-3000,containerd-containerd,ee7189d1dfe4b7e0b591a69e30b72aa6a9e4ac63,integration/client/container_test.go,2729,2744,5473,57964,58253,23124,23202,timed_out,
Go,1000-3000,containerd-containerd,fb92a97d43ed8e31a47d980388e16f350ebd5c88,vendor/google.golang.org/grpc/internal/transport/http2_server.go,1508,1498,3006,46824,46361,12885,12777,timed_out,
Go,1000-3000,containernetworking-plugins,79c947a7030ffe362459ec7068133fd648703de9,vendor/google.golang.org/protobuf/internal/genid/descriptor_gen.go,1270,1332,2602,72356,75863,7778,8105,timed_out,
Go,1000-3000,containers-buildah,8befe51e04ac67727c12bac4323c0321b95a1bd6,vendor/golang.org/x/crypto/ssh/keys.go,1822,1823,3645,48949,48983,14415,14425,timed_out,
Go,1000-3000,containers-common,49da88059ab7adc6f64f89902fefe7078157cc37,vendor/golang.org/x/sys/windows/security_windows.go,1458,1497,2955,54357,55826,8939,9176,timed_out,
Go,1000-3000,containers-podman,89ddae8b1216f01b3c686edddd3a0e37deef4898,vendor/go.podman.io/storage/layers.go,2698,2916,5614,90997,99127,22879,24411,timed_out,
Go,1000-3000,containers-storage,84f6109cf0208d67f6314f54a799bb594ff18acf,vendor/golang.org/x/sys/windows/syscall_windows.go,1932,1934,3866,86531,86767,13478,13481,timed_out,
Go,1000-3000,cpuguy83-go-md2man,24be1a1527b034817a9b6f008fbe5212273baac3,vendor/github.com/russross/blackfriday/v2/inline.go,1214,1228,2442,25025,25814,8746,8760,timed_out,
Go,1000-3000,darylhjd-mangadesk,59dbb0c02b63c98249bd755b137f20eee2902c5e,vendor/golang.org/x/sys/unix/zsyscall_freebsd_386.go,2016,2016,4032,49467,49467,18105,18105,timed_out,
Go,1000-3000,darylhjd-mangadesk,724b4aef099a67428b3e405eb3f03667ca07c9e2,vendor/golang.org/x/sys/unix/syscall_linux.go,2329,2416,4745,68538,71120,18018,18485,timed_out,
Go,1000-3000,darylhjd-mangadesk,724b4aef099a67428b3e405eb3f03667ca07c9e2,vendor/golang.org/x/sys/unix/zerrors_openbsd_arm.go,1667,1670,3337,69875,69998,10981,10996,timed_out,
Go,1000-3000,docker-classicswarm,31bb6a2b0e68289e1682caa631dbd66e8bfad952,cluster/engine.go,1610,1610,3220,46956,46964,13118,13114,timed_out,
Go,1000-3000,docker-classicswarm,3320567e1d6cbe84b248f5c236306187279338b3,vendor/golang.org/x/sys/unix/zerrors_freebsd_386.go,1743,1793,3536,71049,71501,10370,11777,timed_out,
Go,1000-3000,docker-classicswarm,3320567e1d6cbe84b248f5c236306187279338b3,vendor/golang.org/x/sys/unix/ztypes_linux_arm.go,607,1929,2536,10292,48563,2236,7729,timed_out,
Go,1000-3000,docker-classicswarm,6ba2bfe667746828f42c9b02a37df5f70548eed8,cluster/swarm/cluster.go,1138,1212,2350,31861,33790,10463,10849,timed_out,
Go,1000-3000,elisescu-tty-share,02af910efe70a7f91e69e5049658a4b9a96a8b05,vendor/golang.org/x/sys/unix/zerrors_aix_ppc.go,1384,1385,2769,53671,53693,10530,10531,timed_out,
Go,1000-3000,elisescu-tty-share,02af910efe70a7f91e69e5049658a4b9a96a8b05,vendor/golang.org/x/sys/unix/zerrors_darwin_arm64.go,1784,1892,3676,74565,88622,11890,12426,timed_out,
Go,1000-3000,energicryptocurrency-energi3,0ae8147419ec8322984b5e230bb2e0130349377a,les/handler.go,1260,1260,2520,38406,38406,12397,12397,timed_out,
Go,1000-3000,energicryptocurrency-energi3,46496f75b5c377af770a80ceb493dfd2961540ec,energi/consensus/engine.go,1033,1033,2066,26551,26551,7862,7862,timed_out,
Go,1000-3000,energicryptocurrency-energi3,f2a03a36648aa0ee351013de73ed0ce788c618d9,energi/abi/BlacklistRegistryV1.go,1111,1111,2222,134351,134351,10796,10796,timed_out,
Go,1000-3000,gcla-termshark,949dbf730370b5d73ce833446a019d2e6a948c3d,cmd/termshark/termshark.go,1369,1369,2738,47677,47691,10488,10491,timed_out,
Go,1000-3000,genuinetools-img,6cbe66bade1ed0a606166c98065709d3c21ee9fc,vendor/golang.org/x/sys/unix/zsyscall_freebsd_amd64.go,1935,2015,3950,46949,49194,17224,17989,timed_out,
Go,1000-3000,genuinetools-img,89fb42e58c5ffc73774f0e9a97824810c15ea775,vendor/github.com/golang/protobuf/proto/table_marshal.go,2767,2776,5543,74259,74585,27149,27266,timed_out,
Go,1000-3000,genuinetools-img,89fb42e58c5ffc73774f0e9a97824810c15ea775,vendor/golang.org/x/sys/unix/zerrors_openbsd_386.go,1654,1657,3311,69345,69484,10920,10935,timed_out,
Go,1000-3000,genuinetools-img,89fb42e58c5ffc73774f0e9a97824810c15ea775,vendor/golang.org/x/sys/unix/zsyscall_netbsd_arm64.go,1826,1851,3677,44243,44895,16267,16501,timed_out,
Go,1000-3000,genuinetools-img,89fb42e58c5ffc73774f0e9a97824810c15ea775,vendor/golang.org/x/sys/windows/types_windows.go,1469,1786,3255,39363,51481,6160,7541,timed_out,
Go,1000-3000,genuinetools-reg,7e55384ffa4f3a4f6666901dbd90884c795a644c,vendor/golang.org/x/sys/unix/zerrors_linux_ppc64le.go,2698,2735,5433,120708,122435,17056,17243,timed_out,
Go,1000-3000,genuinetools-reg,7e55384ffa4f3a4f6666901dbd90884c795a644c,vendor/golang.org/x/sys/unix/zerrors_openbsd_amd64.go,1735,1761,3496,72782,73911,11415,11545,timed_out,
Go,1000-3000,genuinetools-reg,f180c93a3959cd7d7221baa13d45475185dc3f7e,vendor/golang.org/x/sys/unix/zerrors_linux_ppc64le.go,2735,2925,5660,122435,131316,17243,18197,timed_out,
Go,1000-3000,gitlab-org-gitlab-runner,cdb4dcc6b8b4ccaa7a9780d6148bc30e3acfcb31,network/gitlab.go,1241,1252,2493,34250,34498,10323,10377,timed_out,
Go,1000-3000,go-graphite-go-carbon,c41a7cc1df7e7ea5981fde3f83836a1fa44e3590,vendor/golang.org/x/net/http2/frame.go,1702,1702,3404,49936,49946,11956,11956,timed_out,
Go,1000-3000,hashicorp-nomad,6c6ce7dbd94efa413c1e539e2160fbb30ed4839e,command/operator_debug.go,2060,2062,4122,60908,60988,17502,17523,timed_out,
Go,1000-3000,henri-gasc-cliphist,18a1a4641e477515b8d9798262b788b855c8ee9b,vendor/golang.org/x/sys/unix/zsyscall_netbsd_amd64.go,1871,1848,3719,45579,44992,16719,16494,timed_out,
Go,1000-3000,influxdata-kapacitor,501d06dcf34a82736c248b48d4bb2fa2ac08c444,services/alert/service.go,1142,1142,2284,29890,29894,10444,10444,timed_out,
Go,1000-3000,kubernetes-kops,1f466760579961dc211699ada6b5aa37c91ab32a,vendor/github.com/aws/aws-sdk-go-v2/service/iam/types/types.go,2114,2236,4350,83718,87984,3282,3497,timed_out,
Go,1000-3000,kubernetes-kubernetes,0cab2771834851dc32f166071822d741f379a44d,pkg/features/kube_features.go,2549,2550,5099,100271,100423,23027,23074,timed_out,
Go,1000-3000,kubernetes-kubernetes,4521c34276bf85a93ec0f3a21b1ab7aa46b2a94d,pkg/controller/devicetainteviction/device_taint_eviction_test.go,2877,2874,5751,115274,115468,35082,35407,timed_out,
Go,1000-3000,kubernetes-kubernetes,61d0dd30fb7865f64cadca142f9a3e8a844e7a2f,pkg/controller/daemon/daemon_controller.go,1553,1557,3110,58039,58208,13563,13581,timed_out,
Go,1000-3000,kubernetes-kubernetes,701db6b6a60fcd7c11be7f0876239de5bcbbf2ee,pkg/apis/resource/v1beta2/zz_generated.validations.go,1852,1852,3704,86774,88142,23250,24048,timed_out,
Go,1000-3000,kubernetes-kubernetes,7d08854616fb2814063b315fd24cabd33b333dba,pkg/apis/resource/v1beta1/zz_generated.validations.go,1792,1853,3645,85093,86864,22824,23311,timed_out,
Go,1000-3000,kubernetes-kubernetes,7de12a329f266ded78b82853b2840fcc1b22536e,staging/src/k8s.io/component-helpers/resource/helpers_test.go,2325,2325,4650,67464,67639,23015,23042,timed_out,
Go,1000-3000,kubernetes-kubernetes,9c6ac550efa6e721c85b0f1074f26f734286fba9,staging/src/k8s.io/client-go/tools/cache/controller_test.go,1262,1453,2715,36073,42751,11672,13788,timed_out,
Go,1000-3000,kubernetes-kubernetes,b96dd6d2f8ec6b39a1615ea5c9656b2fc2261c3c,test/integration/dra/dra_test.go,1741,1745,3486,69717,69883,20189,20166,timed_out,
Go,1000-3000,kubernetes-kubernetes,cb7f56f30dee772aa4e7682bf1c77ed908ff3b48,test/integration/controlplane/transformation/kmsv2_transformation_test.go,1514,1514,3028,60387,60357,14862,14812,timed_out,
Go,1000-3000,kubernetes-kubernetes,d137915f1df2c4273a961728beab41dc8f2f205d,cmd/kubelet/app/server.go,1437,1437,2874,56218,56196,11949,11921,timed_out,
Go,1000-3000,kubernetes-kubernetes.git,0d6d2aa6a5858643b2574e33b5ddd235e4fdb273,pkg/apis/resource/v1/zz_generated.validations.go,1742,1750,3492,80512,80727,21881,21958,timed_out,
Go,1000-3000,kubernetes-kubernetes.git,2072acb3ba53d6e9318eddbf864fc341b0403ee5,staging/src/k8s.io/api/resource/v1/types.go,1927,1932,3859,79255,79384,3570,3575,timed_out,
Go,1000-3000,kubernetes-kubernetes.git,2713803c78d1eb42e49da486fb5e3ffb1e31b060,staging/src/k8s.io/api/resource/v1/types.go,1973,1974,3947,80472,80493,3616,3617,timed_out,
Go,1000-3000,kubernetes-kubernetes.git,2f5f1749e5d49d3b5aec8aa95872333064da5677,staging/src/k8s.io/apiserver/pkg/server/config.go,1207,1207,2414,51704,51738,8891,8896,timed_out,
Go,1000-3000,kubernetes-kubernetes.git,36510ccf56ff0b9e9b4065a8aa3c4ace22679356,pkg/kubelet/cm/devicemanager/manager.go,1222,1223,2445,50000,49921,10909,10901,timed_out,
Go,1000-3000,kubernetes-kubernetes.git,854e67bb51e177b4b9c012928d8271704e9cb80d,pkg/scheduler/framework/plugins/dynamicresources/dynamicresources.go,1366,1377,2743,53400,53937,12001,12122,timed_out,
Go,1000-3000,kubernetes-kubernetes.git,8a6b3caaa0dd81a6fe627d8a6e48be5d69d37c21,staging/src/k8s.io/api/resource/v1/types.go,1948,1952,3900,79716,79788,3591,3595,timed_out,
Go,1000-3000,kubernetes-kubernetes.git,8d3bc085ce4da294001d4730d468036975e2db47,test/integration/dra/dra_test.go,1710,1585,3295,67763,63143,19794,18167,timed_out,
Go,1000-3000,kubernetes-kubernetes.git,d12663248d50a7d5632dc05a29cb7ec80ddd7c95,pkg/features/kube_features.go,2426,2426,4852,95983,95983,22060,22060,timed_out,
Go,1000-3000,kubevirt-kubevirt,141685a86b10341fc238f659798d9bcc20cdddc4,vendor/k8s.io/api/resource/v1alpha3/types.go,1085,1664,2749,43688,66948,2118,3160,timed_out,
Go,1000-3000,kubevirt-kubevirt,196b0a7aa72e44270a7a3f8b2245eb28e2900676,pkg/virt-operator/kubevirt.go,1208,1208,2416,41213,41240,11424,11432,timed_out,
Go,1000-3000,kubevirt-kubevirt,2bc4a273316a29ff1d618eae764a6a9ef672e54e,pkg/virt-controller/watch/migration/migration.go,2382,2391,4773,91440,91685,23961,24080,timed_out,
Go,1000-3000,kubevirt-kubevirt,3ca6d911e310749cc758f9558bf629b66435a5df,pkg/controller/virtinformers.go,1528,1528,3056,63020,63020,17990,17990,timed_out,
Go,1000-3000,kubevirt-kubevirt,663ad38a930cff5c141ec57155cf7aef39fc7768,tests/reporter/kubernetes.go,1417,1417,2834,43088,43044,13941,13939,timed_out,
Go,1000-3000,kubevirt-kubevirt,9c65a6e68e781b639276ebad576bb51c8d1468f8,tests/vm_test.go,1301,1302,2603,60644,60977,19930,19986,timed_out,
Go,1000-3000,kubevirt-kubevirt,9e7e2277a74b3e829df73f8bc3e092cb8241c1ce,tests/vmi_lifecycle_test.go,1757,1762,3519,85798,86130,25993,26074,timed_out,
Go,1000-3000,kubevirt-kubevirt,b51132190a2ab770ec7f6679b5f44ab1b6e7b0d3,pkg/virt-controller/services/template.go,1664,1669,3333,57503,57624,15423,15479,timed_out,
Go,1000-3000,liamg-shox,bb16e33ee0270e0215d8d03399df9b1d6aeb04f8,vendor/golang.org/x/sys/unix/zsyscall_linux_arm.go,2407,612,3019,59873,16268,22394,5963,timed_out,
Go,1000-3000,liamg-shox,bb16e33ee0270e0215d8d03399df9b1d6aeb04f8,vendor/golang.org/x/sys/unix/ztypes_linux_arm.go,2577,691,3268,66039,12580,10352,2444,timed_out,
Go,1000-3000,matrix-org-sliding-sync,c7dd361ca64b1f84472c4842eb550f9dc83a09b2,tests-integration/poller_test.go,1261,1262,2523,43706,43733,11685,11705,timed_out,
Go,1000-3000,matrix-org-sliding-sync,ce15a2800cd7710b81b41a1b62561da9419c6509,state/storage.go,1234,1225,2459,45729,45472,10668,10611,timed_out,
Go,1000-3000,mongodb-mongo-tools,ad30682e03e866a2a81b35c50be0c66489507464,vendor/golang.org/x/net/http2/frame.go,1702,1753,3455,49936,51949,11956,12111,timed_out,
Go,1000-3000,ncabatoff-process-exporter,6cffcd681dada3ea9c4a4554c35bd0d824df040e,vendor/golang.org/x/sys/unix/zsyscall_linux_mipsle.go,2571,758,3329,63923,19672,24051,7212,timed_out,
Go,1000-3000,nomad-software-vend,15bdc7b83f8daeb208faeb2622aa91a2c3f32c03,vendor/golang.org/x/sys/unix/zerrors_netbsd_amd64.go,1769,1763,3532,74080,73834,11597,11567,timed_out,
Go,1000-3000,nomad-software-vend,15bdc7b83f8daeb208faeb2622aa91a2c3f32c03,vendor/golang.org/x/sys/unix/zerrors_netbsd_arm64.go,1769,1763,3532,74080,73834,11597,11567,timed_out,
Go,1000-3000,nomad-software-vend,7cf4fefba220fd314f77fff8a8bfa8d67f978288,vendor/golang.org/x/sys/unix/zerrors_linux_arm64.go,2686,2729,5415,120116,122243,16984,17199,timed_out,
Go,1000-3000,nomad-software-vend,7cf4fefba220fd314f77fff8a8bfa8d67f978288,vendor/golang.org/x/sys/unix/zsyscall_linux_mips.go,2311,2362,4673,56857,58070,21369,21809,timed_out,
Go,1000-3000,nomad-software-vend,b0a4deb27d50bcdc39242e0041236d48a8e7ff51,vendor/golang.org/x/sys/unix/zsyscall_linux_s390x.go,2181,577,2758,52772,14354,19779,5174,timed_out,
Go,1000-3000,notaryproject-notary,0c5511a196e566fa73627111f15079bb519e9b12,vendor/golang.org/x/sys/unix/zerrors_dragonfly_amd64.go,1650,1651,3301,68678,68720,11134,11139,timed_out,
Go,1000-3000,notaryproject-notary,6c96e3b1a6b4c084168055f60f9f4119f5c243a4,vendor/golang.org/x/sys/unix/zsyscall_freebsd_amd64.go,1935,2015,3950,46949,49194,17224,17989,timed_out,
Go,1000-3000,notaryproject-notary,6c96e3b1a6b4c084168055f60f9f4119f5c243a4,vendor/golang.org/x/sys/unix/zsyscall_linux_386.go,2105,2199,4304,51143,53564,19213,20058,timed_out,
Go,1000-3000,notaryproject-notary,6c96e3b1a6b4c084168055f60f9f4119f5c243a4,vendor/golang.org/x/sys/unix/zsyscall_linux_amd64.go,2272,2366,4638,55616,58147,20871,21739,timed_out,
Go,1000-3000,notaryproject-notary,b55ecf723a77e9834d96617e6ca9a553602024b9,vendor/golang.org/x/sys/unix/zerrors_darwin_amd64.go,1784,1892,3676,74565,88622,11890,12426,timed_out,
Go,1000-3000,notaryproject-notary,b55ecf723a77e9834d96617e6ca9a553602024b9,vendor/golang.org/x/sys/unix/zerrors_netbsd_amd64.go,1763,1770,3533,73834,74107,11567,11598,timed_out,
Go,1000-3000,notaryproject-notary,b8a8e90f31818b69fc3cc78f89c89f957b9a5e8c,vendor/golang.org/x/sys/unix/zsyscall_solaris_amd64.go,1630,1697,3327,44500,46616,15505,16270,timed_out,
Go,1000-3000,notaryproject-notary,b8a8e90f31818b69fc3cc78f89c89f957b9a5e8c,vendor/golang.org/x/sys/unix/ztypes_linux_amd64.go,811,1906,2717,15241,48083,3000,7662,timed_out,
Go,1000-3000,ollama-ollama,39982a954e056b73fb071212715913a1f0cd4dcc,cmd/cmd.go,2435,2401,4836,63051,62126,22451,22212,timed_out,
Go,1000-3000,opsgenie-opsgenie-lamp,717a6f1955304e8c2b3f2b3fea58d27ec3385c90,vendor/golang.org/x/sys/unix/zerrors_darwin_arm.go,1783,1788,3571,74500,74724,11885,11910,timed_out,
Go,1000-3000,opsgenie-opsgenie-lamp,717a6f1955304e8c2b3f2b3fea58d27ec3385c90,vendor/golang.org/x/sys/unix/zsyscall_netbsd_386.go,1826,1851,3677,44436,45088,16365,16599,timed_out,
Go,1000-3000,prometheus-prometheus,199d85d5e4ecb2a911319d96b7a39a92610e9f3e,rules/manager_test.go,2771,2771,5542,83820,83838,29484,29493,timed_out,
Go,1000-3000,prometheus-prometheus,204249fcb5cabc82ccfe0a3d49bff94b66226560,model/labels/regexp_test.go,1391,1391,2782,94866,94878,20058,20062,timed_out,
Go,1000-3000,prometheus-prometheus,2aaeefe8e15a8ac81419342c431630c2de0ff0a9,promql/parser/parse.go,1112,1115,2227,32444,32538,9623,9660,timed_out,
Go,1000-3000,prometheus-prometheus,5855d973b0cb16bc312310969f88652e483b0186,promql/functions.go,1960,1959,3919,71573,71531,20247,20235,timed_out,
Go,1000-3000,prometheus-prometheus,594f9d63a5f9635d48d6e26b68b708e21630f9ee,model/textparse/nhcbparse_test.go,1179,1179,2358,36387,36707,9325,9346,timed_out,
Go,1000-3000,prometheus-prometheus,5e46e777547344c15d01fd819aaf03ff6331f0b8,storage/remote/otlptranslator/prometheusremotewrite/histograms_test.go,1371,1372,2743,37817,36946,13937,14006,timed_out,
Go,1000-3000,prometheus-prometheus,68d0d3eee36eae1788e31759e05568377733a997,storage/remote/write_handler_test.go,1071,1117,2188,35793,38045,11391,11980,timed_out,
Go,1000-3000,prometheus-prometheus,72960c076d19d980cf3c933c2f15ffe73ae281a7,scrape/manager_test.go,1595,1591,3186,46002,45790,13071,13003,timed_out,
Go,1000-3000,prometheus-prometheus,8a1086a128f5b02143c2cea4a3301242b6854646,tsdb/db.go,2384,2389,4773,74927,75193,19378,19393,timed_out,
Go,1000-3000,prometheus-prometheus,f070e3535898408901d84f5c9aef386cd5f4ac15,storage/remote/queue_manager_test.go,2651,2652,5303,84127,84191,27697,27703,timed_out,
Go,1000-3000,prometheus-prometheus.git,218558f5431980750a969e7acf0cc7a9fcd0e879,tsdb/agent/db.go,1288,1290,2578,37425,37475,10895,10906,timed_out,
Go,1000-3000,prometheus-prometheus.git,4199c2f45a463b2e7e5550dd59fc2d4b807a3872,promql/functions.go,2027,2176,4203,73936,79575,20844,22124,timed_out,
Go,1000-3000,prometheus-prometheus.git,5244b0e3f778512406166f8946a80eeeef823e01,scrape/manager_test.go,1603,1601,3204,46555,46352,13056,13075,timed_out,
Go,1000-3000,prometheus-prometheus.git,747c5ee2b19a9e6a51acfafae9fa2c77e224803d,discovery/manager_test.go,1614,1612,3226,43442,43392,15838,15790,timed_out,
Go,1000-3000,prometheus-prometheus.git,979aea1d49f3b3470a26ae354002cf1a4b00c83c,storage/remote/otlptranslator/prometheusremotewrite/metrics_to_prw_test.go,1202,1232,2434,39557,41701,12821,12782,timed_out,
Go,1000-3000,prometheus-prometheus.git,a5a6413c1ae75662141fe5dd6af67245d695b1d5,storage/remote/codec_test.go,1122,1123,2245,33577,33807,13384,13428,timed_out,
Go,1000-3000,prometheus-prometheus.git,cef219c31c3fd2a63c97e9753b8b670bf1da62bc,notifier/manager_test.go,1125,1125,2250,29087,29079,9723,9719,timed_out,
Go,1000-3000,prometheus-prometheus.git,f50ff0a40ad4ef24d9bb8e81a6546c8c994a924a,tsdb/agent/db.go,1292,1292,2584,37693,37693,10936,10936,timed_out,
Go,1000-3000,prometheus-prometheus.git,febd7341375fe70534057632a5afaa6ceb64dddb,scrape/manager_test.go,1484,1579,3063,41973,44976,12309,13107,timed_out,
Go,1000-3000,timonwong-uwsgi_exporter,f160597fffee661c72413c8f027436037d94dbfd,vendor/golang.org/x/sys/unix/zsyscall_darwin_amd64.go,1620,2520,4140,38338,68857,14153,18093,timed_out,
Go,1000-3000,timonwong-uwsgi_exporter,f160597fffee661c72413c8f027436037d94dbfd,vendor/golang.org/x/sys/unix/zsyscall_linux_s390x.go,1978,2245,4223,47752,54781,17893,20460,timed_out,
Go,1000-3000,vrothberg-vgrep,e78968436940ffd369c31c245c20f55c0894b934,vendor/golang.org/x/sys/unix/zsyscall_openbsd_mips64.go,2299,2323,4622,58903,59510,16270,16461,timed_out,
Go,30-100,3MFConsortium-lib3mf,b070cdadd8c1964e81d2f590914e5c8e9a2411c7,Autogenerated/Bindings/Go/cfunc.go,44,44,88,1673,1671,14,14,ok,0.106142
Go,30-100,99designs-aws-vault,276270ce0962a81542130321a90bae924c834472,cli/clear.go,77,77,154,1912,1915,606,606,ok,264.35695999999996
Go,30-100,Barzahlen-cronlocker,9c7fd3cba46f988d066050900333978a234fcac5,vendor/golang.org/x/sys/unix/syscall_freebsd_arm64.go,63,68,131,1628,1653,667,646,ok,199.732949
Go,30-100,LeperGnome-bt,a2bccdfb6cb286b0b116df2c5da9f16d9ed9db27,internal/ui/stylesheets.go,59,67,126,2086,2327,728,817,ok,274.390015
Go,30-100,NVIDIA-nvidia-container-toolkit,22aa58562adc32c931efcb44813c466ede81640d,vendor/github.com/cyphar/filepath-securejoin/pathrs-lite/internal/fd/openat2_linux.go,62,62,124,2017,2053,386,345,ok,71.252978
Go,30-100,ProtonMail-proton-bridge,082849dc6ca7a2c03f1a8e1ca8f2024abca8a502,internal/logging/crash_test.go,32,32,64,1181,1181,145,145,ok,8.199634000000001
Go,30-100,ProtonMail-proton-bridge,082849dc6ca7a2c03f1a8e1ca8f2024abca8a502,internal/services/smtp/smtp_debug.go,48,48,96,1297,1297,238,238,ok,35.556128
Go,30-100,ProtonMail-proton-bridge,c9b6cc162b5a986c7051912a3d00c6c772008a9c,internal/bridge/api.go,46,46,92,1537,1551,209,218,ok,16.327609
Go,30-100,aerospike-community-amc,d85ad822a85e189d6de465400c1e83e981945566,common/types.go,50,50,100,943,919,302,302,ok,32.728935
Go,30-100,ambientsound-pms,411c34265c821f5b1f841a426995c4946f0ae0fd,commands/redraw.go,33,35,68,507,580,184,236,ok,21.634218999999998
Go,30-100,ambientsound-pms,820ac9830a3dadc4f67657fdd07c879532665e28,widgets/columnheaders.go,60,60,120,1090,1096,441,441,ok,100.695984
Go,30-100,aquasecurity-docker-bench,07f471848d0c1c3d4ef6074b506688125d99517e,app_test.go,76,74,150,1484,1449,565,559,ok,156.921015
Go,30-100,aws-session-manager-plugin,41c35d18e918b812deeb5984ee28d8ec1bba25fd,vendor/src/github.com/aws/aws-sdk-go/service/appintegrationsservice/doc.go,33,34,67,1580,1730,35,36,ok,0.35055
Go,30-100,aws-session-manager-plugin,41c35d18e918b812deeb5984ee28d8ec1bba25fd,vendor/src/github.com/aws/aws-sdk-go/service/codegurureviewer/doc.go,43,43,86,2304,2322,45,45,ok,0.518026
Go,30-100,aws-session-manager-plugin,41c35d18e918b812deeb5984ee28d8ec1bba25fd,vendor/src/github.com/aws/aws-sdk-go/service/costexplorer/doc.go,41,41,82,1771,1814,43,43,ok,0.47155400000000003
Go,30-100,aws-session-manager-plugin,41c35d18e918b812deeb5984ee28d8ec1bba25fd,vendor/src/github.com/aws/aws-sdk-go/service/efs/doc.go,33,34,67,1675,1715,35,36,ok,0.35470599999999997
Go,30-100,aws-session-manager-plugin,41c35d18e918b812deeb5984ee28d8ec1bba25fd,vendor/src/github.com/aws/aws-sdk-go/service/nimblestudio/doc.go,26,34,60,1123,1498,28,36,ok,0.298965
Go,30-100,aws-session-manager-plugin,41c35d18e918b812deeb5984ee28d8ec1bba25fd,vendor/src/github.com/aws/aws-sdk-go/service/personalizeevents/personalizeeventsiface/interface.go,76,76,152,3389,3320,384,384,ok,60.824301999999996
Go,30-100,aws-session-manager-plugin,41c35d18e918b812deeb5984ee28d8ec1bba25fd,vendor/src/github.com/aws/aws-sdk-go/service/ssm/integ_test.go,65,66,131,1778,1811,605,606,ok,198.70008
Go,30-100,aws-session-manager-plugin,65f138796cbd71079ed9123f7758d26e82980032,vendor/src/golang.org/x/sys/cpu/cpu_arm.go,7,73,80,198,2163,14,961,ok,3.1864
Go,30-100,aws-session-manager-plugin,85e98e418e220aa0e351d48294df6a6ed51ac326,vendor/src/github.com/aws/aws-sdk-go/service/prometheusservice/errors.go,62,63,125,2235,2276,199,200,ok,11.061052
Go,30-100,bookingcom-carbonapi,fdc03a0345aef5bcf9de440a4ea3a609d33f0b7a,vendor/golang.org/x/sys/unix/unveil_openbsd.go,42,51,93,1058,1217,248,265,ok,30.631256999999998
Go,30-100,bouncepaw-mycorrhiza,0f7525a23c18bf1882d5f29c0d39d3d9e1410c10,httpd.go,71,71,142,1508,1552,586,602,ok,222.67654100000001
Go,30-100,cheat-cheat,85f5ae8ec76c06497bcec71265173a2bc2b01d31,internal/config/init_test.go,38,37,75,859,840,255,250,ok,28.060827
Go,30-100,cheat-cheat,a2f538f114ff0e2823ae3174ce203b02321fbe49,internal/installer/run.go,65,66,131,1902,1947,478,486,ok,127.97142000000001
Go,30-100,cheat-cheat,d3250fda79d5c1cd50f750e078dfde7e3f8ebeb1,vendor/github.com/alecthomas/chroma/lexers/k/kotlin.go,98,98,196,44847,3822,9004,1237,timed_out,
Go,30-100,cheat-cheat,d3250fda79d5c1cd50f750e078dfde7e3f8ebeb1,vendor/golang.org/x/sys/unix/syscall_openbsd_mips64.go,35,39,74,874,955,260,295,ok,35.366557
Go,30-100,cloudflare-cfssl,0cb76cee3fd9110af602ce9b5b930c0a7a056b29,vendor/github.com/google/certificate-transparency-go/x509/root_plan9.go,40,40,80,844,844,247,243,ok,31.220101
Go,30-100,cloudflare-cfssl,0cb76cee3fd9110af602ce9b5b930c0a7a056b29,vendor/google.golang.org/protobuf/reflect/protoreflect/value_unsafe.go,98,99,197,2742,2775,861,862,ok,375.887254
Go,30-100,cloudflare-cfssl,9243529bd864977a651ddde87af44d25ce027e9c,vendor/golang.org/x/sys/unix/fcntl.go,36,36,72,1086,1075,248,248,ok,25.637130000000003
Go,30-100,cloudflare-cfssl,9a0778d6d82759913a58e4ecd04270bdc38491b5,transport/kp/key_provider_test.go,89,99,188,1564,1820,615,704,ok,228.843465
Go,30-100,cloudflare-cfssl,abef926615f4d1d3afb7c3e6573158551ad7dd54,vendor/github.com/zmap/zlint/v2/lints/cabf_br/lint_cert_policy_ov_requires_country.go,53,54,107,1914,1987,271,297,ok,35.989421
Go,30-100,cloudflare-cfssl,abef926615f4d1d3afb7c3e6573158551ad7dd54,vendor/github.com/zmap/zlint/v2/lints/cabf_br/lint_ext_san_uniform_resource_identifier_present.go,59,60,119,2197,2275,254,283,ok,31.427616999999998
Go,30-100,cloudflare-cfssl,abef926615f4d1d3afb7c3e6573158551ad7dd54,vendor/github.com/zmap/zlint/v2/lints/cabf_br/lint_signature_algorithm_not_supported.go,50,87,137,1946,2897,356,472,ok,80.48541100000001
Go,30-100,cloudflare-cfssl,abef926615f4d1d3afb7c3e6573158551ad7dd54,vendor/github.com/zmap/zlint/v2/lints/cabf_br/lint_sub_cert_eku_server_auth_client_auth_missing.go,59,59,118,2174,2237,276,304,ok,39.037406
Go,30-100,cloudflare-cfssl,abef926615f4d1d3afb7c3e6573158551ad7dd54,vendor/github.com/zmap/zlint/v2/lints/rfc/lint_subject_empty_without_san.go,69,67,136,2329,2377,306,329,ok,43.756997
Go,30-100,cloudflare-cfssl,b2552cabdf56f79fe67618bea930916d7ad47089,vendor/github.com/zmap/zlint/v3/lints/cabf_br/lint_root_ca_extended_key_usage_present.go,55,55,110,1680,1680,290,290,ok,36.201474
Go,30-100,cloudflare-cfssl,b2552cabdf56f79fe67618bea930916d7ad47089,vendor/github.com/zmap/zlint/v3/lints/cabf_br/lint_subject_contains_noninformational_value.go,80,80,160,2733,2733,448,448,ok,126.913734
Go,30-100,cloudflare-cfssl,b2552cabdf56f79fe67618bea930916d7ad47089,vendor/github.com/zmap/zlint/v3/lints/rfc/lint_tbs_signature_rsa_encryption_parameter_not_null.go,82,82,164,3099,3099,632,632,ok,248.666173
Go,30-100,cloudflare-cfssl,b2552cabdf56f79fe67618bea930916d7ad47089,vendor/github.com/zmap/zlint/v3/lints/rfc/lint_utc_time_does_not_include_seconds.go,83,82,165,2827,2825,464,464,ok,119.311873
Go,30-100,cloudflare-cfssl,b2552cabdf56f79fe67618bea930916d7ad47089,vendor/golang.org/x/sys/unix/gccgo.go,60,60,120,1949,1964,714,714,ok,221.951275
Go,30-100,cloudflare-cfssl,b2552cabdf56f79fe67618bea930916d7ad47089,vendor/google.golang.org/protobuf/proto/size.go,94,97,191,2742,3057,920,986,ok,678.6253869999999
Go,30-100,cloudflare-cfssl,b4650b5dac4b567206399a44ac3edb4d1f86a7a2,vendor/github.com/go-sql-driver/mysql/nulltime.go,71,71,142,1792,1792,345,345,ok,68.46041
Go,30-100,cloudflare-cfssl,c46cc2b2c398d703c60d6a52d80de31d47552805,vendor/github.com/zmap/zlint/v3/lints/cabf_br/lint_ca_crl_sign_not_set.go,57,57,114,1891,1891,295,295,ok,36.935025
Go,30-100,cloudflare-cfssl,c46cc2b2c398d703c60d6a52d80de31d47552805,vendor/github.com/zmap/zlint/v3/lints/cabf_br/lint_san_dns_name_onion_not_ev_cert.go,69,69,138,2424,2424,347,347,ok,60.100009
Go,30-100,cloudflare-cfssl,c46cc2b2c398d703c60d6a52d80de31d47552805,vendor/github.com/zmap/zlint/v3/lints/cabf_br/lint_sub_cert_aia_marked_critical.go,51,51,102,1645,1645,309,309,ok,40.99467
Go,30-100,cloudflare-cfssl,c46cc2b2c398d703c60d6a52d80de31d47552805,vendor/github.com/zmap/zlint/v3/lints/rfc/lint_ext_cert_policy_duplicate.go,63,63,126,2303,2303,365,365,ok,72.157889
Go,30-100,cloudflare-cfssl,c46cc2b2c398d703c60d6a52d80de31d47552805,vendor/github.com/zmap/zlint/v3/lints/rfc/lint_utc_time_does_not_include_seconds.go,82,82,164,2836,2836,459,459,ok,108.70814700000001
Go,30-100,cloudflare-cfssl,c90849d7dc60036d73fb68f738f29eb54099c39e,vendor/github.com/zmap/zlint/v3/lints/cabf_br/lint_cab_dv_conflicts_with_postal.go,55,55,110,1929,1929,311,311,ok,44.649059
Go,30-100,cloudflare-cfssl,c90849d7dc60036d73fb68f738f29eb54099c39e,vendor/github.com/zmap/zlint/v3/lints/cabf_br/lint_dsa_unique_correct_representation.go,60,60,120,1905,1905,409,409,ok,85.867383
Go,30-100,cloudflare-cfssl,c90849d7dc60036d73fb68f738f29eb54099c39e,vendor/github.com/zmap/zlint/v3/lints/cabf_br/lint_ext_san_registered_id_present.go,60,60,120,2281,2281,283,283,ok,34.032743999999994
Go,30-100,cloudflare-cfssl,c90849d7dc60036d73fb68f738f29eb54099c39e,vendor/github.com/zmap/zlint/v3/lints/cabf_br/lint_sub_ca_eku_critical.go,58,58,116,1992,1992,316,316,ok,44.289077000000006
Go,30-100,containerd-containerd,100b78711d4f090c11e65173ce5f854e3132eead,vendor/google.golang.org/grpc/internal/envconfig/xds.go,66,71,137,2753,3017,139,157,ok,5.6580010000000005
Go,30-100,containerd-containerd,11efadd36d0358b7a8bd9c13fa189680fb530bbc,vendor/github.com/vishvananda/netlink/xfrm_linux.go,75,83,158,1483,1624,390,411,ok,68.99574899999999
Go,30-100,containerd-containerd,764dcf77a829c3070d81a9c9c9f3d54517ac02db,pkg/deprecation/deprecation.go,71,71,142,3637,3637,342,342,ok,40.026607999999996
Go,30-100,containerd-containerd,fb92a97d43ed8e31a47d980388e16f350ebd5c88,vendor/go.opentelemetry.io/otel/trace/internal/telemetry/attr.go,58,58,116,1606,1611,386,386,ok,51.004478
Go,30-100,containers-common,6b8a310edcfd0b88c1c1783cc6d247083bde7de0,vendor/github.com/docker/docker/client/service_update.go,90,89,179,3097,3015,782,776,ok,364.617484
Go,30-100,containers-common,c3afda451d9ca11a6c9791defb5b57e5fc52a689,vendor/github.com/vishvananda/netlink/nl/seg6local_linux.go,80,81,161,2013,2034,338,340,ok,40.654216
Go,30-100,containers-prometheus-podman-exporter,0166b4de49dcd27b761ce09c9fa77641cd11dddf,vendor/github.com/docker/docker/client/image_list.go,67,67,134,2023,1979,533,532,ok,149.672098
Go,30-100,containers-prometheus-podman-exporter,5d03c1b64794320f90cd62ce661b0ae2390b9fe7,vendor/golang.org/x/sys/unix/affinity_linux.go,84,93,177,1906,2189,563,613,ok,153.406425
Go,30-100,containers-storage,2a216f8c805f6bef843d5e48f631ea55a24fb8b0,internal/rawfilelock/rawfilelock_windows.go,48,48,96,1013,1008,350,350,ok,62.446871
Go,30-100,cpuguy83-go-md2man,44f94ace7287b4310afd66831f961132546821b1,md2man.go,53,53,106,895,906,383,383,ok,78.46741899999999
Go,30-100,cri-o-cri-o,f76e3f9eaef67ce4ffcbbd9f102b1c24a65093f5,server/container_remove.go,99,99,198,3381,3363,1106,1106,ok,783.639071
Go,30-100,direnv-direnv,cf9222e21053889fcc8a1e6c1ca7257c49d86b04,internal/cmd/shell.go,64,64,128,1524,1542,361,375,ok,51.220808
Go,30-100,direnv-direnv,eeaa05c245b585d739e16e38b6a70f181f48347b,internal/cmd/mod.go,30,30,60,653,642,166,163,ok,10.888521
Go,30-100,dmarkham-enumer,599be04972f61c15333c1e455d8d16a2cc2b52ae,sql.go,42,41,83,736,733,98,97,ok,2.9460129999999998
Go,30-100,doron-cohen-antidot,975d27c2336dd2ec0e94616ed870e594034c2878,internal/rules/export.go,74,73,147,1331,1272,473,465,ok,150.19188
Go,30-100,dundee-gdu,8b8f1e9014fe20a1522a38d3232fb54638dc93a3,pkg/remove/parallel_linux_test.go,67,66,133,1382,1366,564,563,ok,179.725168
Go,30-100,elisescu-tty-share,02af910efe70a7f91e69e5049658a4b9a96a8b05,vendor/golang.org/x/sys/unix/syscall_freebsd_riscv64.go,53,63,116,1539,1632,368,657,ok,100.678628
Go,30-100,elisescu-tty-share,02af910efe70a7f91e69e5049658a4b9a96a8b05,vendor/golang.org/x/sys/windows/types_windows_386.go,22,35,57,477,875,82,122,ok,2.809991
Go,30-100,energicryptocurrency-energi3,058f72418ab7e7bcdad258a6499d7c9984c3827b,energi/consensus/signer.go,49,49,98,1628,1628,315,315,ok,36.085651000000006
Go,30-100,energicryptocurrency-energi3,1829bf0dcb8dd895e86a213fa54937fbc1373660,core/tx_list_test.go,51,51,102,1802,1808,342,342,ok,61.447204
Go,30-100,energicryptocurrency-energi3,1829bf0dcb8dd895e86a213fa54937fbc1373660,core/vm/logger_json.go,88,88,176,2960,2966,717,717,ok,260.788919
Go,30-100,energicryptocurrency-energi3,1829bf0dcb8dd895e86a213fa54937fbc1373660,mobile/vm.go,56,56,112,2059,2062,493,493,ok,87.281789
Go,30-100,energicryptocurrency-energi3,1829bf0dcb8dd895e86a213fa54937fbc1373660,tests/difficulty_test_util.go,69,69,138,2551,2566,373,373,ok,55.424671000000004
Go,30-100,energicryptocurrency-energi3,1829bf0dcb8dd895e86a213fa54937fbc1373660,tests/gen_sttransaction.go,80,80,160,2138,2144,751,751,ok,345.617332
Go,30-100,energicryptocurrency-energi3,3d15a94b9ce59c45a2d9e87d8e9d1d4455216833,eth/downloader/types.go,79,79,158,2585,2588,640,640,ok,146.916001
Go,30-100,energicryptocurrency-energi3,bfcc2fa54ffccd0bc4df4c8e267f313d9e4b6abd,energi/common/proxy.go,64,64,128,2280,2344,345,345,ok,63.295303999999994
Go,30-100,energicryptocurrency-energi3,bfcc2fa54ffccd0bc4df4c8e267f313d9e4b6abd,energi/params/accounts.go,58,58,116,2955,2971,625,625,ok,115.335489
Go,30-100,energicryptocurrency-energi3,bfcc2fa54ffccd0bc4df4c8e267f313d9e4b6abd,light/trie_test.go,82,82,164,2813,2925,773,773,ok,385.574955
Go,30-100,energicryptocurrency-energi3,bfcc2fa54ffccd0bc4df4c8e267f313d9e4b6abd,swarm/storage/feed/cacheentry.go,48,48,96,1410,1426,187,187,ok,17.724663000000003
Go,30-100,etkecc-agru,365f4b0deb126993dea1658b6263420f5a83b838,vendor/github.com/etkecc/go-kit/workpool/workpool.go,91,91,182,1999,1988,544,531,ok,164.158118
Go,30-100,forgejo-forgejo,8ee4a7d658705a957886aec65600f56139fe2860,services/moderation/reporting_test.go,97,97,194,3829,3897,1032,1032,ok,679.26754
Go,30-100,forgejo-forgejo,c39a4368afa7b88d6f31ad8d98c4d7cdd5bf2751,models/db/sql_postgres_with_schema.go,74,59,133,1881,1780,452,370,ok,85.377647
Go,30-100,genuinetools-img,3d1a1675018ecbfe72516e9ae1f2717d4ade6400,vendor/github.com/containerd/containerd/mount/mountinfo_unsupported.go,34,34,68,1095,1117,122,122,ok,4.438618
Go,30-100,genuinetools-img,89fb42e58c5ffc73774f0e9a97824810c15ea775,vendor/github.com/containerd/containerd/archive/time_unix.go,39,39,78,1072,1086,174,176,ok,13.915251999999999
Go,30-100,genuinetools-img,89fb42e58c5ffc73774f0e9a97824810c15ea775,vendor/github.com/containerd/go-cni/helper.go,39,41,80,1182,1197,183,182,ok,15.543015
Go,30-100,genuinetools-img,89fb42e58c5ffc73774f0e9a97824810c15ea775,vendor/google.golang.org/grpc/internal/channelz/types_linux.go,53,53,106,1626,1620,291,291,ok,37.740693
Go,30-100,genuinetools-img,9856fcb98e30a8152a7f5f1445bb3ecc11598e75,client/controller.go,67,86,153,1775,2618,473,636,ok,156.39275999999998
Go,30-100,genuinetools-reg,23cd8e40255e7dea2fbe1bcfde1e611f0c70b127,clair/layerutil.go,95,95,190,2386,2460,872,910,ok,560.275996
Go,30-100,genuinetools-reg,32589e90be7752607de31592d7476b0f2a5e1a99,registry/digest.go,39,40,79,965,1014,333,353,ok,55.420585
Go,30-100,gitlab-org-cli,6f89aa11ab7c625b1f058c97046af8a206817459,internal/commands/ci/retry/retry.go,87,88,175,2202,2240,717,727,ok,512.693076
Go,30-100,go-critic-go-critic,97e2bc38fa410a25dbb6ef64516a19d2f548f64b,checkers/caseOrder_checker.go,88,88,176,2185,2185,675,675,ok,296.587038
Go,30-100,go-enry-go-license-detector,eda024f575c349cb494d43dfac8d74cbfcc4976d,licensedb/analysis.go,77,77,154,1820,1762,599,591,ok,224.59097
Go,30-100,go-graphite-go-carbon,48f5d186915d2d7c95e32b91b0538aecb7008e50,vendor/golang.org/x/time/rate/sometimes.go,67,69,136,2261,2288,271,284,ok,38.516216
Go,30-100,go-jira-jira,7f1a21fd5cef959ac5fe40931618a35c23fbbd2e,jiracmd/rank.go,76,76,152,2340,2341,790,790,ok,417.607928
Go,30-100,google-go-licenses,9a41918e8c1e254f6472bdd8454b6030d445b255,licenses/classifier.go,91,86,177,2197,2100,502,457,ok,107.85311999999999
Go,30-100,google-mtail,6e3f971836e87f8e5f873227899449a96e6cfeb2,internal/mtail/log_rotation_integration_test.go,97,98,195,2716,2736,917,929,ok,946.715458
Go,30-100,gopasspw-gopass,71861e4a8b249024a9cf4bc29a3daeee3a9f6a03,helpers/man/main_test.go,61,60,121,1461,1445,615,614,ok,239.612937
Go,30-100,hashicorp-consul-replicate,14f48c0cb4856cea83029e778afc09b4fc1f523f,flags.go,42,56,98,1171,1579,346,473,ok,61.436434
Go,30-100,jmacd-xdelta-gpl,1e7f716f0854ad67df9a77341a829c84e4e6b1e5,xdelta3/go/src/xdelta/test.go,97,98,195,1776,1794,795,791,ok,390.808158
Go,30-100,justjanne-powerline-go,d520fde89ba2d3d13d27e345e99aa23c958ac2dd,segment-hostname.go,65,65,130,1516,1514,554,554,ok,241.792234
Go,30-100,jzelinskie-faq,8c8d8f7708c5c886a26fc3f9be5a2eaa6b96cb40,pkg/formats/json.go,76,67,143,1683,1387,659,557,ok,181.736329
Go,30-100,jzelinskie-faq,b5e8c4e98db4c8ea37ecce2f8e5c1333b8767b23,pkg/objconv/json.go,96,96,192,1815,1815,769,769,ok,288.651366
Go,30-100,knqyf263-pet,dcaea2b98d157d14938204070a427053ec0edb57,cmd/exec.go,51,52,103,1213,1267,468,481,ok,117.818242
Go,30-100,kubernetes-kops,163c275bf393bc74ce70129284ad3bf2a3e5de21,vendor/golang.org/x/sys/cpu/cpu_openbsd_arm64.go,65,65,130,1702,1705,464,466,ok,118.704336
Go,30-100,kubernetes-kubernetes,8f5f69bc70c30c10a8e3cc6b53c9b4a429c8df73,pkg/scheduler/framework/plugins/noderesources/requested_to_capacity_ratio.go,73,73,146,2628,2649,481,495,ok,174.826413
Go,30-100,kubernetes-kubernetes,a401451df895a20286968e7e2b235ee48d0e0449,test/e2e/suites.go,83,80,163,2785,2669,629,595,ok,242.356138
Go,30-100,kubernetes-kubernetes,d1f11ee8605c799133dc1e289cd43853df351d3f,staging/src/k8s.io/code-generator/cmd/validation-gen/output_tests/tags/item/immutable_transitions/doc.go,40,41,81,1195,1225,82,83,ok,1.918924
Go,30-100,kubernetes-kubernetes,e90b7a8de9654a05d05b4fd83572596d4f7074a7,staging/src/k8s.io/code-generator/cmd/informer-gen/generators/types.go,47,50,97,3611,4012,792,885,ok,216.41795299999998
Go,30-100,kubernetes-kubernetes.git,47fb373c31771fc489663e1d37962ed42ba94e5f,staging/src/k8s.io/code-generator/cmd/validation-gen/output_tests/tags/item/zerorooneof/typedef/zz_generated.validations.go,96,96,192,3776,3838,812,824,ok,646.903832
Go,30-100,kubernetes-kubernetes.git,6034321603be95409028f0173e0c372515008dbb,vendor/github.com/onsi/gomega/matchers/be_sent_matcher.go,73,73,146,1816,1776,636,621,ok,258.684372
Go,30-100,kubernetes-kubernetes.git,649d9c532a54f577e485053db73de97c0cda1399,pkg/scheduler/framework/plugins/feature/feature.go,76,78,154,4287,4438,499,520,ok,98.702174
Go,30-100,kubernetes-kubernetes.git,9cad3f8787606d711ea8890398877fdfab011474,staging/src/k8s.io/kubectl/pkg/cmd/alpha.go,46,52,98,1575,1730,209,253,ok,28.868163
Go,30-100,kubevirt-kubevirt,141685a86b10341fc238f659798d9bcc20cdddc4,vendor/k8s.io/apimachinery/pkg/util/wait/loop.go,95,95,190,2876,2904,388,390,ok,93.67660599999999
Go,30-100,kubevirt-kubevirt,141685a86b10341fc238f659798d9bcc20cdddc4,vendor/k8s.io/client-go/listers/resource/v1alpha3/expansion_generated.go,43,47,90,1566,1712,66,76,ok,0.963531
Go,30-100,kubevirt-kubevirt,2186c6066f4b1d3ade4291d3d389644cd9e7551d,pkg/virt-api/webhooks/ppc64le.go,51,54,105,1769,1820,334,334,ok,59.480858
Go,30-100,kubevirt-kubevirt,81eb868bb715070caead240fcc75135931d2c3d5,staging/src/kubevirt.io/client-go/containerizeddataimporter/typed/core/v1beta1/datavolume.go,71,72,143,2911,2995,577,579,ok,173.189546
Go,30-100,kubevirt-kubevirt,81eb868bb715070caead240fcc75135931d2c3d5,staging/src/kubevirt.io/client-go/kubevirt/typed/migrations/v1alpha1/migrationpolicy.go,71,72,143,3051,3243,572,574,ok,168.412037
Go,30-100,kumina-postfix_exporter,1edadd085720f091c79e850ba4e420cf18f8eb40,main.go,62,72,134,1866,2540,561,683,ok,259.59942800000005
Go,30-100,nametake-golangci-lint-langserver,77933e4abd8bab241c5fb1c25d56761e4ac94611,handler_test.go,59,73,132,1220,1625,441,581,ok,166.582308
Go,30-100,nametake-golangci-lint-langserver,f7f29c796f2754719a50bcffec0f7ea1a7f37248,golangci-lint.go,30,55,85,805,1407,177,338,ok,28.439580999999997
Go,30-100,notaryproject-notary,0c5511a196e566fa73627111f15079bb519e9b12,vendor/golang.org/x/sys/unix/syscall_darwin_amd64.go,63,68,131,1962,2023,389,424,ok,64.48241300000001
Go,30-100,notaryproject-notary,b8a8e90f31818b69fc3cc78f89c89f957b9a5e8c,vendor/golang.org/x/sys/unix/syscall_netbsd_386.go,40,33,73,912,735,338,262,ok,36.694941
Go,30-100,notaryproject-notary,b8a8e90f31818b69fc3cc78f89c89f957b9a5e8c,vendor/golang.org/x/sys/unix/syscall_openbsd_386.go,40,33,73,912,735,338,262,ok,36.111868
Go,30-100,ooni-probe-cli,1df50401b8cfe79ffbed84b4e15145360c140bc9,internal/experiment/webconnectivity/control.go,51,51,102,1871,1875,426,430,ok,98.752875
Go,30-100,opentofu-opentofu,02f48f7b32ae6847bf1cacfc83658cc3c4c6612b,internal/lang/eval/eval_context.go,41,42,83,1657,1707,201,210,ok,12.392529
Go,30-100,prometheus-node_exporter,55756f07a17881fc73c680c8332c1e7770869906,collector/cpu_dragonfly_test.go,42,41,83,1037,1020,178,177,ok,12.848399
Go,30-100,prometheus-node_exporter,55756f07a17881fc73c680c8332c1e7770869906,collector/uname_linux.go,37,36,73,1211,1192,236,235,ok,27.788296
Go,30-100,prometheus-prometheus,48956f60d7cc6e3537b73beed84f1c9c2d8a8ab9,tsdb/chunkenc/xor_test.go,43,42,85,1111,1083,283,263,ok,42.187971999999995
Go,30-100,prometheus-prometheus,e14795bbf4fbd1837a9e3428aafb40b4b1dda99d,model/labels/labels_slicelabels_test.go,85,85,170,2186,2181,560,560,ok,250.282083
Go,30-100,prometheus-prometheus,e14795bbf4fbd1837a9e3428aafb40b4b1dda99d,storage/noop.go,97,97,194,2812,2807,692,692,ok,150.698834
Go,30-100,prometheus-prometheus,e14795bbf4fbd1837a9e3428aafb40b4b1dda99d,util/gate/gate.go,48,48,96,1309,1304,216,216,ok,18.164899000000002
Go,30-100,prometheus-prometheus,e14795bbf4fbd1837a9e3428aafb40b4b1dda99d,util/runutil/runutil.go,37,37,74,1124,1119,149,149,ok,8.440244
Go,30-100,rancher-k3d,b559b034baf85b41e9f827b9577877b414834511,vendor/github.com/docker/cli/opts/duration.go,64,63,127,1492,1471,348,347,ok,50.981294000000005
Go,30-100,rancher-k3d,b559b034baf85b41e9f827b9577877b414834511,vendor/github.com/docker/docker/api/types/swarm/common.go,48,48,96,1362,1309,208,207,ok,12.344828
Go,30-100,rancher-k3d,b559b034baf85b41e9f827b9577877b414834511,vendor/github.com/docker/docker/client/container_prune.go,36,35,71,923,928,270,297,ok,36.497799
Go,30-100,rancher-k3d,b559b034baf85b41e9f827b9577877b414834511,vendor/github.com/docker/docker/client/service_list.go,39,38,77,872,790,290,284,ok,39.757435
Go,30-100,rancher-k3d,b559b034baf85b41e9f827b9577877b414834511,vendor/go.opentelemetry.io/otel/sdk/metric/exemplar/histogram_reservoir.go,46,70,116,1068,2136,281,371,ok,44.666103
Go,30-100,xxxserxxx-gotop,7f9a6caf7140b8c8dc69898f11b4deb6837d0b9a,vendor/github.com/shirou/gopsutil/v3/process/process_bsd.go,80,76,156,2307,2171,757,703,ok,196.11795500000002
Go,30-100,xxxserxxx-gotop,7f9a6caf7140b8c8dc69898f11b4deb6837d0b9a,vendor/golang.org/x/sys/unix/sysvshm_unix.go,52,51,103,1477,1456,291,290,ok,43.396901
Go,30-100,yitsushi-totp-cli,8e4177a00da8374aa0fb0f218f0379da3442f5e7,internal/cmd/set_length.go,80,79,159,1675,1674,587,587,ok,272.418488
Go,300-1000,Barzahlen-cronlocker,e4aee5f18799d350db7ff3f1de2ae5bf00b6fcea,vendor/github.com/hashicorp/consul/api/operator_autopilot.go,232,401,633,6964,12833,1371,2262,timed_out,
Go,300-1000,LeperGnome-bt,422269b4bc70d2c628b2a70c909d9fc6e84e13bc,internal/ui/render.go,363,371,734,9868,10230,3218,3309,timed_out,
Go,300-1000,NVIDIA-libnvidia-container,27ceffbdc0791d0feaaf16f11147d9d21ec949b9,src/nvcgo/vendor/golang.org/x/sys/unix/zsyscall_linux_386.go,497,486,983,12683,12397,4599,4510,timed_out,
Go,300-1000,NVIDIA-libnvidia-container,27ceffbdc0791d0feaaf16f11147d9d21ec949b9,src/nvcgo/vendor/golang.org/x/sys/unix/zsysnum_linux_ppc.go,441,446,887,17367,17587,2167,2196,timed_out,
Go,300-1000,ProtonMail-proton-bridge,082849dc6ca7a2c03f1a8e1ca8f2024abca8a502,internal/bridge/user_test.go,726,726,1452,26801,26801,9114,9114,timed_out,
Go,300-1000,ProtonMail-proton-bridge,63eb67760efe2aafa7cb99fccbdc459ba3e3f5d9,internal/frontend/cli/system.go,367,371,738,10333,10493,3190,3225,timed_out,
Go,300-1000,ProtonMail-proton-bridge,7021b1c2eadf3df950ca65f4c13f5a164aa80fbc,internal/bridge/user.go,684,670,1354,20100,19624,6010,5868,timed_out,
Go,300-1000,ProtonMail-proton-bridge,bbe19bf960fba367cfd22e559c12e3d5f19534f5,internal/services/imapservice/connector.go,685,747,1432,19283,21338,6329,6855,timed_out,
Go,300-1000,ProtonMail-proton-bridge,ff0615167b9e6cb92fa0db5ea360fcaef634ce30,internal/bridge/user.go,679,681,1360,19929,20003,5960,5992,timed_out,
Go,300-1000,abs-lang-abs,1fe7acd9cbb3ec52c89dca8ba3abe5c4617ab47d,terminal/terminal.go,399,556,955,8912,12013,3133,4414,timed_out,
Go,300-1000,aws-session-manager-plugin,41c35d18e918b812deeb5984ee28d8ec1bba25fd,vendor/src/github.com/aws/aws-sdk-go/service/cognitoidentityprovider/errors.go,320,328,648,14922,15353,952,975,ok,276.326918
Go,300-1000,aws-session-manager-plugin,41c35d18e918b812deeb5984ee28d8ec1bba25fd,vendor/src/github.com/aws/aws-sdk-go/service/dynamodb/expression/update.go,391,391,782,13595,13251,1735,1735,timed_out,
Go,300-1000,bcicen-ctop,53a6b36bf5de3dd6ae8e7ddd8de601571e0ea9f6,menus.go,459,467,926,9801,10313,4506,4515,timed_out,
Go,300-1000,bookingcom-carbonapi,1a0c28d23a23a220bc410281bea94c882811b6ae,vendor/google.golang.org/protobuf/internal/filedesc/desc_list_gen.go,356,367,723,8574,8897,4008,4143,timed_out,
Go,300-1000,bookingcom-carbonapi,324b9a0dd56ef8514ed7dc4ef84bf19e843275b3,vendor/google.golang.org/protobuf/reflect/protodesc/desc_init.go,248,304,552,9727,11901,3759,4239,timed_out,
Go,300-1000,bookingcom-carbonapi,6f38e488204cb69fa605e0342fbcead696bcdc5f,vendor/golang.org/x/net/http2/write.go,380,381,761,11168,11219,2745,2753,timed_out,
Go,300-1000,bookingcom-carbonapi,cf84a714a976c3371fab86773bb970580278b0ce,vendor/golang.org/x/net/http2/hpack/tables.go,479,403,882,9677,7719,3575,2487,timed_out,
Go,300-1000,bookingcom-carbonapi,f0bc991766d279686f9807e8b315fcb3e086ee76,vendor/google.golang.org/protobuf/reflect/protoreflect/value_union.go,438,438,876,13157,13157,2463,2463,timed_out,
Go,300-1000,boyter-scc,731dd79c0f963724664bd5dbe362dc6c40ac26b4,vendor/golang.org/x/sys/unix/zerrors_linux_arm64.go,875,878,1753,36519,36644,7507,7522,timed_out,
Go,300-1000,boyter-scc,731dd79c0f963724664bd5dbe362dc6c40ac26b4,vendor/golang.org/x/sys/unix/zerrors_linux_sparc64.go,977,980,1957,41049,41178,8083,8098,timed_out,
Go,300-1000,cheat-cheat,3a6b6e58f0f101f81f1907d670331a93b3fd8fe5,vendor/golang.org/x/sys/unix/syscall_linux_386.go,346,342,688,9967,9679,2946,2942,timed_out,
Go,300-1000,cheat-cheat,4fdec5048782736bad47e49bb3e756b6f2dfce0f,vendor/golang.org/x/sys/unix/zsysnum_linux_arm64.go,317,317,634,10882,10894,1547,1547,ok,512.761523
Go,300-1000,cloudflare-cfssl,0cb76cee3fd9110af602ce9b5b930c0a7a056b29,vendor/google.golang.org/protobuf/internal/impl/message_reflect.go,465,463,928,13634,13923,4772,4769,timed_out,
Go,300-1000,cloudflare-cfssl,14f61be73922e6aebb8643da11749396c1b36ba4,vendor/golang.org/x/sys/unix/zerrors_zos_s390x.go,990,859,1849,40409,35298,8517,7805,timed_out,
Go,300-1000,cloudflare-cfssl,14f61be73922e6aebb8643da11749396c1b36ba4,vendor/golang.org/x/sys/unix/ztypes_linux_sparc64.go,686,695,1381,12425,12556,2419,2450,timed_out,
Go,300-1000,cloudflare-cfssl,14f61be73922e6aebb8643da11749396c1b36ba4,vendor/google.golang.org/protobuf/encoding/prototext/decode.go,772,772,1544,21245,21261,6490,6496,timed_out,
Go,300-1000,cloudflare-cfssl,33c9f300d59c122b1861ea1bc72efb2f10f51f93,vendor/golang.org/x/crypto/ssh/server.go,774,783,1557,25219,25744,5400,5463,timed_out,
Go,300-1000,cloudflare-cfssl,33c9f300d59c122b1861ea1bc72efb2f10f51f93,vendor/golang.org/x/sys/unix/zsysnum_linux_arm.go,414,415,829,16312,16352,2032,2037,ok,933.552421
Go,300-1000,cloudflare-cfssl,9a0778d6d82759913a58e4ecd04270bdc38491b5,bundler/bundler.go,846,855,1701,26851,27342,6850,7002,timed_out,
Go,300-1000,cloudflare-cfssl,9a0778d6d82759913a58e4ecd04270bdc38491b5,initca/initca_test.go,400,441,841,9547,10549,3517,3869,timed_out,
Go,300-1000,cloudflare-cfssl,b27c723cccb13f14dc6b3936415bdd7759ab930b,helpers/testsuite/testing_helpers_test.go,479,478,957,13774,13753,4320,4315,timed_out,
Go,300-1000,cloudflare-cfssl,c9e5b44932223adb111e354e2cc00af434228b54,whitelist/http_test.go,418,418,836,9522,9511,3783,3783,timed_out,
Go,300-1000,cloudflare-cfssl,ca7fd5010640c817483ce6bb80c18ce0046cf05e,vendor/golang.org/x/sys/unix/zerrors_linux_ppc64.go,902,905,1807,37675,37816,7656,7671,timed_out,
Go,300-1000,containerd-containerd,024775dab150249a2346c5d005324a054d594242,core/remotes/docker/resolver.go,891,933,1824,24117,25533,7316,7635,timed_out,
Go,300-1000,containerd-containerd,11efadd36d0358b7a8bd9c13fa189680fb530bbc,vendor/github.com/vishvananda/netlink/filter.go,491,514,1005,9621,9989,2637,2754,timed_out,
Go,300-1000,containerd-containerd,33ee060a350c5dd42b07b60d413cea66eb5adc89,core/metadata/content.go,961,960,1921,23588,23558,8385,8376,timed_out,
Go,300-1000,containerd-containerd,fb92a97d43ed8e31a47d980388e16f350ebd5c88,vendor/go.opentelemetry.io/auto/sdk/internal/telemetry/value.go,452,450,902,11319,11344,3353,3351,timed_out,
Go,300-1000,containernetworking-plugins,79c947a7030ffe362459ec7068133fd648703de9,vendor/golang.org/x/sys/unix/ztypes_linux_ppc.go,712,712,1424,13288,13288,2505,2505,timed_out,
Go,300-1000,containers-buildah,e13277552fe54d2a417c2433043bac2326714e7a,vendor/github.com/godbus/dbus/v5/decoder.go,292,375,667,6617,8937,2810,3324,timed_out,
Go,300-1000,containers-common,28eee2e079ca0da5b6c89c860784f26455131bec,vendor/github.com/containers/storage/pkg/unshare/unshare_linux.go,755,755,1510,23524,23514,7303,7300,timed_out,
Go,300-1000,containers-common,2fe58785af2c5f46850ec9deabb3e504f94ac578,vendor/golang.org/x/sys/unix/ztypes_linux_386.go,689,705,1394,12553,13097,2396,2444,timed_out,
Go,300-1000,containers-skopeo,75bc19e334b85b4901cac5cc2f3bfb458f7b94e2,vendor/go.opentelemetry.io/otel/trace/trace.go,323,365,688,8503,10421,1928,3103,timed_out,
Go,300-1000,containers-storage,4b74dbabbb2e78ad6905bfb042e2a690a86ff176,vendor/golang.org/x/sys/unix/zerrors_linux_mipsle.go,880,882,1762,36930,37018,7590,7600,timed_out,
Go,300-1000,containers-storage,bc9acfc110a8704616dd92116a3f49ed6c2e70a8,vendor/google.golang.org/protobuf/internal/impl/convert.go,495,495,990,15875,15883,5977,5977,timed_out,
Go,300-1000,containers-storage,e559aaaf0b7b3857645911259db35a89f41af591,vendor/golang.org/x/sys/unix/ztypes_linux_sparc64.go,686,702,1388,12425,12969,2419,2467,timed_out,
Go,300-1000,cri-o-cri-o,f76e3f9eaef67ce4ffcbbd9f102b1c24a65093f5,vendor/go.podman.io/image/v5/docker/internal/tarfile/writer.go,397,397,794,14305,14260,3278,3278,timed_out,
Go,300-1000,darkhz-bluetuith,e9436977420892b6e9b6ef5376b764f3ca828a4a,ui/app/views/filepickerview.go,600,601,1201,13565,13566,4661,4661,timed_out,
Go,300-1000,darylhjd-mangadesk,20e3d4206bae4fac79d1f85c8a7d78346fee3a6d,vendor/golang.org/x/sys/unix/syscall_darwin.go,733,740,1473,21366,21688,3906,3988,timed_out,
Go,300-1000,darylhjd-mangadesk,59dbb0c02b63c98249bd755b137f20eee2902c5e,vendor/golang.org/x/sys/unix/syscall_openbsd.go,392,387,779,11355,11231,2049,2019,timed_out,
Go,300-1000,darylhjd-mangadesk,59dbb0c02b63c98249bd755b137f20eee2902c5e,vendor/golang.org/x/sys/unix/zsyscall_linux_riscv64.go,583,572,1155,15410,15090,5582,5460,timed_out,
Go,300-1000,digitalocean-ceph_exporter,238f39a71bb1ca84500db23d89fe7084952120aa,collectors/monitors.go,420,427,847,11552,11870,2943,3108,timed_out,
Go,300-1000,direnv-direnv,6ae847d0f2189f1d8a44caa0c8c4f190cd5e995e,pkg/dotenv/parse_test.go,327,327,654,7904,7896,2710,2698,timed_out,
Go,300-1000,docker-classicswarm,7b26ff1dc6727cc5a01f96d668d05f2271c5fb8d,cluster/engine_test.go,847,823,1670,25819,24621,9801,9476,timed_out,
Go,300-1000,docker-distribution,a2afe23f386e827d1975530aab12010f0be2a774,registry/storage/registry.go,296,314,610,9348,9795,1798,1904,timed_out,
Go,300-1000,docker-distribution,b2cc4fe1c7e0392ac357fdc92066714cb9689715,configuration/configuration_test.go,614,552,1166,20447,17761,5677,5247,timed_out,
Go,300-1000,docker-distribution,f4a500caf68169dccb0b54cb90523e68ee1ac2be,registry/auth/token/token_test.go,648,702,1350,16399,17772,5473,5843,timed_out,
Go,300-1000,drone-drone-cli,dcb1602f907ca7017a4a84e268413624a917dd29,drone/exec/exec.go,366,385,751,8397,8909,2619,2760,timed_out,
Go,300-1000,elisescu-tty-share,02af910efe70a7f91e69e5049658a4b9a96a8b05,vendor/golang.org/x/sys/unix/ztypes_linux_sparc64.go,605,694,1299,10963,12512,2157,2445,timed_out,
Go,300-1000,energicryptocurrency-energi3,1829bf0dcb8dd895e86a213fa54937fbc1373660,console/bridge.go,366,366,732,11771,11780,3313,3313,timed_out,
Go,300-1000,energicryptocurrency-energi3,3d15a94b9ce59c45a2d9e87d8e9d1d4455216833,miner/energi_autocollateral.go,322,322,644,9547,9574,2643,2643,timed_out,
Go,300-1000,energicryptocurrency-energi3,3d15a94b9ce59c45a2d9e87d8e9d1d4455216833,p2p/discv5/ticket.go,884,884,1768,23784,23796,8148,8148,timed_out,
Go,300-1000,energicryptocurrency-energi3,3d15a94b9ce59c45a2d9e87d8e9d1d4455216833,p2p/discv5/topic.go,407,407,814,10018,10024,3378,3378,timed_out,
Go,300-1000,energicryptocurrency-energi3,74b2d9c583ba28e1547a21413da59a18d5ac08c3,whisper/whisperv6/filter_test.go,831,831,1662,21060,21058,7019,7019,timed_out,
Go,300-1000,energicryptocurrency-energi3,77dd77c0562d4379d3740088f45a36818909f956,energi/abi/CheckpointRegistryV3.go,587,587,1174,76153,75411,6029,6029,timed_out,
Go,300-1000,energicryptocurrency-energi3,a09a1a6e5499657ca851e6242930935b9d75236c,energi/service/hardfork.go,383,383,766,11505,11466,2683,2665,timed_out,
Go,300-1000,energicryptocurrency-energi3,a380a405a51db69eb8deb67d37bb7c205e8474ba,energi/consensus/pos.go,633,633,1266,15740,15760,4181,4181,timed_out,
Go,300-1000,energicryptocurrency-energi3,bfcc2fa54ffccd0bc4df4c8e267f313d9e4b6abd,core/genesis.go,754,754,1508,23875,24099,6101,6101,timed_out,
Go,300-1000,energicryptocurrency-energi3,bfcc2fa54ffccd0bc4df4c8e267f313d9e4b6abd,eth/handler.go,883,883,1766,29959,30167,8220,8220,timed_out,
Go,300-1000,energicryptocurrency-energi3,bfcc2fa54ffccd0bc4df4c8e267f313d9e4b6abd,p2p/discover/udp_test.go,630,630,1260,22769,22833,7004,7004,timed_out,
Go,300-1000,etkecc-agru,fc6cee9bb3e1e37232befc70333c73d44db3d59e,vendor/golang.org/x/sys/unix/zsysnum_linux_sparc64.go,407,408,815,14065,14100,2001,2006,ok,914.445128
Go,300-1000,fatedier-frp,fbeb6ca43affc8878a074a08d463644aad59cf15,server/service.go,731,690,1421,23067,21104,6734,6073,timed_out,
Go,300-1000,genuinetools-img,6cbe66bade1ed0a606166c98065709d3c21ee9fc,vendor/github.com/containerd/containerd/archive/tar.go,686,686,1372,18110,18110,5365,5365,timed_out,
Go,300-1000,genuinetools-img,6cbe66bade1ed0a606166c98065709d3c21ee9fc,vendor/golang.org/x/sys/unix/syscall_freebsd.go,535,824,1359,15496,22982,2193,4673,timed_out,
Go,300-1000,genuinetools-img,6cbe66bade1ed0a606166c98065709d3c21ee9fc,vendor/golang.org/x/sys/unix/zsysnum_darwin_arm64.go,436,436,872,18119,18119,2146,2146,timed_out,
Go,300-1000,genuinetools-img,6cbe66bade1ed0a606166c98065709d3c21ee9fc,vendor/golang.org/x/sys/unix/ztypes_solaris_amd64.go,442,442,884,6503,6503,1555,1555,ok,703.721092
Go,300-1000,genuinetools-img,89fb42e58c5ffc73774f0e9a97824810c15ea775,vendor/github.com/docker/docker/api/types/client.go,415,419,834,12283,12437,1236,1246,ok,468.520791
Go,300-1000,genuinetools-img,89fb42e58c5ffc73774f0e9a97824810c15ea775,vendor/github.com/gogo/protobuf/proto/extensions_gogo.go,368,389,757,9474,9969,3343,3564,timed_out,
Go,300-1000,genuinetools-img,89fb42e58c5ffc73774f0e9a97824810c15ea775,vendor/golang.org/x/sys/unix/zsysnum_linux_mipsle.go,377,419,796,13088,17018,1851,2061,ok,867.716577
Go,300-1000,github-git-sizer,2c88cd822342cb625f67ea6663692ba0301a7b56,sizes/output.go,549,549,1098,13978,13978,4119,4119,timed_out,
Go,300-1000,github-hub,9059b59f81c9a16b4ad8ceb5d2891a068c13b16f,commands/release.go,655,666,1321,16210,16509,4569,4676,timed_out,
Go,300-1000,github-hub,fb885b37ff46e52b8bc7b7143d39bec804518ffb,vendor/golang.org/x/sys/unix/ztypes_darwin_arm64.go,499,509,1008,7694,7536,1744,1775,ok,938.102788
Go,300-1000,gitlab-org-cli,ccff6d6bb67c2652b339acee703691fd49a64fcc,internal/commands/auth/login/helper.go,322,322,644,8309,8305,2417,2417,timed_out,
Go,300-1000,go-bindata-go-bindata,0561df6c74e3ba5d838aea16c2f702c9ee1a393d,testdata/out/compress-memcopy.go,312,312,624,7976,7989,2858,2858,timed_out,
Go,300-1000,go-graphite-go-carbon,24fc30d340f01ad36eee14591b4eafadf07ca409,vendor/github.com/prometheus/client_golang/prometheus/promhttp/instrument_server.go,576,576,1152,18973,18972,4064,4063,timed_out,
Go,300-1000,go-graphite-go-carbon,343bb8427c68d50bd0bfa84f3c7596888832d862,vendor/github.com/prometheus/common/expfmt/text_parse.go,901,933,1834,29680,30533,7796,8030,timed_out,
Go,300-1000,go-graphite-go-carbon,343bb8427c68d50bd0bfa84f3c7596888832d862,vendor/github.com/prometheus/common/model/metric.go,465,593,1058,13760,17102,2898,3751,timed_out,
Go,300-1000,google-addlicense,96e712e9b6998477882b3c490ca4b8077952b092,main_test.go,557,557,1114,13298,13299,5387,5387,timed_out,
Go,300-1000,google-fscrypt,e663a3ee2287be77dcd44631b29147a1eddcb4f0,crypto/crypto_test.go,654,656,1310,17269,17272,5485,5487,timed_out,
Go,300-1000,henri-gasc-cliphist,18a1a4641e477515b8d9798262b788b855c8ee9b,vendor/golang.org/x/sys/unix/zsyscall_linux_arm64.go,553,552,1105,14584,14562,5308,5307,timed_out,
Go,300-1000,henri-gasc-cliphist,18a1a4641e477515b8d9798262b788b855c8ee9b,vendor/golang.org/x/sys/unix/ztypes_linux_mips64.go,695,685,1380,12581,12427,2456,2424,timed_out,
Go,300-1000,hnlq715-nginx-vts-exporter,55df7bc0972b5580bc015ed7ab1694dc0df0c824,nginx_vts_exporter.go,416,432,848,19974,20248,6092,6196,timed_out,
Go,300-1000,infinityworks-github-exporter,2abdb353cd16f2c5d691923c00818ef69a6e1520,exporter/prometheus.go,252,302,554,6144,7517,2177,2658,timed_out,
Go,300-1000,kubernetes-kops,1f466760579961dc211699ada6b5aa37c91ab32a,vendor/github.com/aws/aws-sdk-go-v2/service/ec2/api_op_DescribeImportSnapshotTasks.go,527,494,1021,16176,15296,3698,3398,timed_out,
Go,300-1000,kubernetes-kops,1f466760579961dc211699ada6b5aa37c91ab32a,vendor/github.com/aws/aws-sdk-go-v2/service/ec2/api_op_DescribeSecurityGroupVpcAssociations.go,803,770,1573,26512,25632,5398,5098,timed_out,
Go,300-1000,kubernetes-kops,1f466760579961dc211699ada6b5aa37c91ab32a,vendor/github.com/aws/aws-sdk-go-v2/service/ec2/api_op_GetTransitGatewayRouteTablePropagations.go,315,282,597,10096,9216,2262,1962,timed_out,
Go,300-1000,kubernetes-kops,1f466760579961dc211699ada6b5aa37c91ab32a,vendor/github.com/aws/aws-sdk-go-v2/service/s3/api_op_GetObjectAcl.go,349,316,665,12249,11369,2175,1875,timed_out,
Go,300-1000,kubernetes-kops,1f466760579961dc211699ada6b5aa37c91ab32a,vendor/github.com/aws/aws-sdk-go-v2/service/sts/auth.go,351,357,708,10280,10453,3152,3220,timed_out,
Go,300-1000,kubernetes-kubernetes,05ca65743419c4a56a6552b0c48db00d12231405,test/e2e/network/dual_stack.go,826,841,1667,36010,36271,10113,10184,timed_out,
Go,300-1000,kubernetes-kubernetes,6233b2590719fa52155d5f9c8446b472444c379b,pkg/scheduler/backend/queue/active_queue.go,508,528,1036,19329,20022,3693,3841,timed_out,
Go,300-1000,kubernetes-kubernetes,6233b2590719fa52155d5f9c8446b472444c379b,pkg/scheduler/framework/plugins/gangscheduling/gangscheduling_test.go,348,348,696,13667,13659,4836,4836,timed_out,
Go,300-1000,kubernetes-kubernetes,6233b2590719fa52155d5f9c8446b472444c379b,pkg/scheduler/testing/framework/fake_plugins.go,301,327,628,9775,10635,2376,2608,timed_out,
Go,300-1000,kubernetes-kubernetes,656c0893a891c3065f5e85ab077f2eee891b33a0,vendor/sigs.k8s.io/kustomize/kyaml/yaml/match.go,333,365,698,8312,9391,2749,3079,timed_out,
Go,300-1000,kubernetes-kubernetes,8701f481ff6e24257021f07afcec67df2aef27dc,staging/src/k8s.io/client-go/tools/clientcmd/client_config.go,702,704,1406,28190,28498,5950,5952,timed_out,
Go,300-1000,kubernetes-kubernetes,cb7f56f30dee772aa4e7682bf1c77ed908ff3b48,test/integration/endpoints/endpoints_test.go,805,805,1610,24989,24966,8272,8239,timed_out,
Go,300-1000,kubernetes-kubernetes,f684d90648ad848f7cf02ca2af591af86aca4803,pkg/kubelet/kuberuntime/kuberuntime_sandbox.go,387,387,774,13717,13722,3548,3550,timed_out,
Go,300-1000,kubernetes-kubernetes,fdcbb6cba9a04c028b158bf66d505df7431f63fe,staging/src/k8s.io/client-go/tools/cache/fifo.go,299,345,644,9888,11495,1581,1830,timed_out,
Go,300-1000,kubernetes-kubernetes.git,9d48e7d2d4090436d37c843fdb63a6ab2f097e46,cmd/kube-proxy/app/server.go,691,690,1381,24984,24938,6121,6108,timed_out,
Go,300-1000,kubernetes-kubernetes.git,b3eb152db437cd9030afec73dd31ac9e95d6bac0,pkg/apis/resource/v1beta1/zz_generated.validations.go,983,992,1975,46088,46341,11431,11509,timed_out,
Go,300-1000,kubernetes-kubernetes.git,c1a95eb7e2f61d3605086833a4a7857df2b69e27,cmd/kube-controller-manager/app/controllermanager.go,817,817,1634,32514,32513,6412,6412,timed_out,
Go,300-1000,kubevirt-kubevirt,663ad38a930cff5c141ec57155cf7aef39fc7768,tests/storage/reservation.go,394,394,788,15981,15959,4538,4537,timed_out,
Go,300-1000,kubevirt-kubevirt,6970f9a8d3f6e6a9056b3ef9dc229b6e13e82286,pkg/virt-handler/container-disk/mount.go,764,783,1547,24027,24679,6911,6912,timed_out,
Go,300-1000,kubevirt-kubevirt,c5ed56e749781c58984190a2bb5b55bb504cc52a,cmd/virt-launcher/virt-launcher.go,514,516,1030,17548,17649,4149,4164,timed_out,
Go,300-1000,kubevirt-kubevirt,e45f84af45df0f09b855d4bd1d6e20c30e952ad0,pkg/virt-handler/cmd-client/client.go,817,817,1634,26177,26182,7436,7439,timed_out,
Go,300-1000,kubevirt-kubevirt,f3679b819a02df06eef3c0a91f3f1797429d7633,tests/libstorage/pvc.go,389,403,792,11600,11853,3382,3483,timed_out,
Go,300-1000,makeworld-the-better-one-amfora,00541a435d42c96db9c143af55716f517b68cde7,display/handlers.go,516,525,1041,14475,14756,4332,4437,timed_out,
Go,300-1000,matrix-org-sliding-sync,3ca77f2bc054092ffe48f6eb25ae6bbbe63176e7,state/event_table.go,534,555,1089,20534,21045,4238,4243,timed_out,
Go,300-1000,matrix-org-sliding-sync,751b35edbfe0c4fb1e3e330c317e53c0b29cf117,sync3/conn_test.go,397,398,795,11995,12076,4338,4361,timed_out,
Go,300-1000,ncabatoff-process-exporter,6cffcd681dada3ea9c4a4554c35bd0d824df040e,vendor/golang.org/x/sys/unix/syscall_bsd.go,614,648,1262,15551,16231,5758,6074,timed_out,
Go,300-1000,nektos-act,1154f0d9844451ab4f40854fbf085e2907bb39ea,pkg/runner/step_action_remote_test.go,639,641,1280,15510,15746,5682,5776,timed_out,
Go,300-1000,nektos-act,e374ef962fc15812c175ff9ad6c33d77b8684e05,pkg/model/workflow_test.go,535,562,1097,15410,16098,4532,4911,timed_out,
Go,300-1000,nomad-software-vend,b0a4deb27d50bcdc39242e0041236d48a8e7ff51,vendor/golang.org/x/sys/unix/syscall_freebsd.go,817,874,1691,22781,24764,4597,5287,timed_out,
Go,300-1000,notaryproject-notary,b55ecf723a77e9834d96617e6ca9a553602024b9,vendor/github.com/stretchr/testify/assert/assertion_order.go,309,81,390,6746,2803,2210,657,timed_out,
Go,300-1000,notaryproject-notary,b55ecf723a77e9834d96617e6ca9a553602024b9,vendor/golang.org/x/sys/unix/zsyscall_linux_arm64.go,602,603,1205,15885,15832,5763,5726,timed_out,
Go,300-1000,notaryproject-notary,b8a8e90f31818b69fc3cc78f89c89f957b9a5e8c,vendor/golang.org/x/sys/unix/zsysnum_linux_arm.go,362,363,725,12117,12151,1776,1781,ok,685.498252
Go,300-1000,nwg-piotr-nwg-dock-hyprland,e05876d6ec143c18f0c2bbaddf20ea33adad2e63,main.go,738,739,1477,22337,22365,6963,6892,timed_out,
Go,300-1000,nwg-piotr-nwg-look,146ffb29908034b9eca358e7cc2490bce73e6400,main.go,424,424,848,10214,10214,2940,2940,timed_out,
Go,300-1000,prometheus-prometheus,45b9329e684bbb645f72957056a710e82fe6b7ff,model/labels/labels_dedupelabels.go,843,843,1686,24692,24684,7773,7767,timed_out,
Go,300-1000,prometheus-prometheus,747c5ee2b19a9e6a51acfafae9fa2c77e224803d,tsdb/chunkenc/chunk.go,379,379,758,12420,12396,2316,2307,timed_out,
Go,300-1000,prometheus-prometheus,747c5ee2b19a9e6a51acfafae9fa2c77e224803d,tsdb/ooo_head_test.go,310,310,620,11382,11376,3496,3486,timed_out,
Go,300-1000,prometheus-prometheus,99e464c239611882fc606981156b8ebd08af117b,discovery/kubernetes/pod_test.go,629,700,1329,20935,23887,6466,7301,timed_out,
Go,300-1000,prometheus-prometheus,ba14bc49db31a1b0ba3127e6ddf59a9f32a08dff,storage/remote/write.go,338,342,680,10356,11104,2376,2380,timed_out,
Go,300-1000,prometheus-prometheus,c16db58061bc428aea7701f6478ae7494002a4a0,storage/remote/write_handler.go,796,797,1593,32034,32094,8041,8057,timed_out,
Go,300-1000,prometheus-prometheus,e14795bbf4fbd1837a9e3428aafb40b4b1dda99d,promql/quantile_test.go,318,318,636,7301,7296,2022,2022,timed_out,
Go,300-1000,prometheus-prometheus,e14795bbf4fbd1837a9e3428aafb40b4b1dda99d,tsdb/ooo_head_read.go,613,613,1226,20254,20249,6004,6004,timed_out,
Go,300-1000,prometheus-prometheus,e894a22b88dabaa461fc30c686fe3f368d80dfad,discovery/http/http_test.go,456,476,932,11968,12468,4181,4317,timed_out,
Go,300-1000,prometheus-prometheus.git,1c58399160f7745cfb61a7c84c7f5d537890e94c,promql/bench_test.go,703,704,1407,19096,19137,6113,6119,timed_out,
Go,300-1000,prometheus-prometheus.git,2fb680a229ee907e71e332066ed41f84f7714319,storage/interface.go,522,560,1082,22251,24214,2383,2562,timed_out,
Go,300-1000,prometheus-prometheus.git,747c5ee2b19a9e6a51acfafae9fa2c77e224803d,discovery/dns/dns.go,387,387,774,12279,12271,2844,2841,timed_out,
Go,300-1000,prometheus-prometheus.git,747c5ee2b19a9e6a51acfafae9fa2c77e224803d,promql/value.go,605,605,1210,16801,16737,4781,4763,timed_out,
Go,300-1000,tricksterproxy-trickster,3616e52f5f9f2c28d1fc82d310a71aaf7a1a2b5c,pkg/timeseries/timerangequery_gen.go,329,325,654,7920,7810,2827,2793,timed_out,
Go,300-1000,vrothberg-vgrep,3f03566e99400a602cf890df5fd2cfe0aaf8945b,vendor/golang.org/x/sys/unix/zerrors_linux_ppc64.go,932,935,1867,39055,39186,7806,7821,timed_out,
Go,300-1000,vrothberg-vgrep,4ff362ee5a8d1967ad9a69344afce96af08560fe,vendor/golang.org/x/sys/unix/zerrors_linux_loong64.go,837,842,1679,34776,35011,7317,7342,timed_out,
Go,3000+,3MFConsortium-lib3mf,932f2d61d32f461c98ea1f2b9572e660e5eb8e33,Autogenerated/Bindings/Go/lib3mf.go,13780,8332,22112,568609,313175,91673,91684,timed_out,
Go,3000+,ProtonMail-proton-bridge,9552e72ba8637e674d0f38fe3d20164fafc5beaf,internal/frontend/grpc/bridge.pb.go,6638,6738,13376,247788,251388,85384,86665,timed_out,
Go,3000+,adnanh-webhook,0fa8bbf710f619c3a1244faf04427923318cf033,vendor/golang.org/x/sys/unix/zerrors_linux_mips.go,3190,849,4039,162979,35509,19575,7435,timed_out,
Go,3000+,adnanh-webhook,0fa8bbf710f619c3a1244faf04427923318cf033,vendor/golang.org/x/sys/unix/zerrors_linux_mipsle.go,3190,849,4039,162981,35515,19575,7435,timed_out,
Go,3000+,adnanh-webhook,0fa8bbf710f619c3a1244faf04427923318cf033,vendor/golang.org/x/sys/unix/zerrors_linux_riscv64.go,3170,832,4002,161750,34533,19417,7292,timed_out,
Go,3000+,adnanh-webhook,0fa8bbf710f619c3a1244faf04427923318cf033,vendor/golang.org/x/sys/windows/zsyscall_windows.go,4051,4418,8469,142440,196064,50042,65165,timed_out,
Go,3000+,aws-session-manager-plugin,41c35d18e918b812deeb5984ee28d8ec1bba25fd,vendor/src/github.com/aws/aws-sdk-go/private/protocol/restxml/unmarshal_test.go,3512,3555,7067,141657,143151,24933,25486,timed_out,
Go,3000+,aws-session-manager-plugin,41c35d18e918b812deeb5984ee28d8ec1bba25fd,vendor/src/github.com/aws/aws-sdk-go/service/appflow/api.go,11481,18825,30306,383441,673851,62190,92286,timed_out,
Go,3000+,aws-session-manager-plugin,41c35d18e918b812deeb5984ee28d8ec1bba25fd,vendor/src/github.com/aws/aws-sdk-go/service/autoscalingplans/api.go,3292,3540,6832,117257,129858,16442,16690,timed_out,
Go,3000+,aws-session-manager-plugin,41c35d18e918b812deeb5984ee28d8ec1bba25fd,vendor/src/github.com/aws/aws-sdk-go/service/cognitosync/api.go,4755,5187,9942,159070,181201,25474,25906,timed_out,
Go,3000+,aws-session-manager-plugin,41c35d18e918b812deeb5984ee28d8ec1bba25fd,vendor/src/github.com/aws/aws-sdk-go/service/ecr/api.go,10187,14352,24539,348962,514393,54104,70724,timed_out,
Go,3000+,aws-session-manager-plugin,41c35d18e918b812deeb5984ee28d8ec1bba25fd,vendor/src/github.com/aws/aws-sdk-go/service/fis/api.go,4238,5830,10068,135866,201603,24123,30690,timed_out,
Go,3000+,aws-session-manager-plugin,41c35d18e918b812deeb5984ee28d8ec1bba25fd,vendor/src/github.com/aws/aws-sdk-go/service/iotsitewise/api.go,19537,27011,46548,691912,998837,106943,138403,timed_out,
Go,3000+,aws-session-manager-plugin,41c35d18e918b812deeb5984ee28d8ec1bba25fd,vendor/src/github.com/aws/aws-sdk-go/service/kafka/api.go,8720,14409,23129,284578,496129,47486,72547,timed_out,
Go,3000+,aws-session-manager-plugin,41c35d18e918b812deeb5984ee28d8ec1bba25fd,vendor/src/github.com/aws/aws-sdk-go/service/mturk/api.go,10005,10779,20784,352899,392212,52844,53618,timed_out,
Go,3000+,aws-session-manager-plugin,41c35d18e918b812deeb5984ee28d8ec1bba25fd,vendor/src/github.com/aws/aws-sdk-go/service/networkmanager/api.go,8968,24204,33172,292620,836224,47082,118575,timed_out,
Go,3000+,aws-session-manager-plugin,41c35d18e918b812deeb5984ee28d8ec1bba25fd,vendor/src/github.com/aws/aws-sdk-go/service/resourcegroupstaggingapi/api.go,2777,3032,5809,100914,113824,13341,13596,timed_out,
Go,3000+,aws-session-manager-plugin,41c35d18e918b812deeb5984ee28d8ec1bba25fd,vendor/src/github.com/aws/aws-sdk-go/service/servicediscovery/api.go,9018,9857,18875,299108,342022,44822,45685,timed_out,
Go,3000+,aws-session-manager-plugin,65f138796cbd71079ed9123f7758d26e82980032,vendor/src/github.com/aws/aws-sdk-go/service/appmesh/api.go,20395,20395,40790,710268,710238,109155,109155,timed_out,
Go,3000+,aws-session-manager-plugin,65f138796cbd71079ed9123f7758d26e82980032,vendor/src/github.com/aws/aws-sdk-go/service/batch/api.go,13576,13600,27176,524277,525569,60962,61002,timed_out,
Go,3000+,aws-session-manager-plugin,65f138796cbd71079ed9123f7758d26e82980032,vendor/src/github.com/aws/aws-sdk-go/service/cloudwatchevents/api.go,16171,16208,32379,562273,564158,82108,82145,timed_out,
Go,3000+,aws-session-manager-plugin,65f138796cbd71079ed9123f7758d26e82980032,vendor/src/github.com/aws/aws-sdk-go/service/datasync/api.go,17037,18482,35519,605901,659700,83801,90694,timed_out,
Go,3000+,aws-session-manager-plugin,65f138796cbd71079ed9123f7758d26e82980032,vendor/src/github.com/aws/aws-sdk-go/service/elasticache/api.go,22992,25930,48922,876162,989505,103802,117292,timed_out,
Go,3000+,aws-session-manager-plugin,65f138796cbd71079ed9123f7758d26e82980032,vendor/src/github.com/aws/aws-sdk-go/service/identitystore/api.go,6552,6595,13147,225119,228033,33695,33738,timed_out,
Go,3000+,aws-session-manager-plugin,65f138796cbd71079ed9123f7758d26e82980032,vendor/src/github.com/aws/aws-sdk-go/service/m2/api.go,11380,11720,23100,395550,406896,57007,58656,timed_out,
Go,3000+,aws-session-manager-plugin,65f138796cbd71079ed9123f7758d26e82980032,vendor/src/github.com/aws/aws-sdk-go/service/paymentcryptography/api.go,6915,7149,14064,239968,250104,31468,32388,timed_out,
Go,3000+,aws-session-manager-plugin,65f138796cbd71079ed9123f7758d26e82980032,vendor/src/github.com/aws/aws-sdk-go/service/personalize/api.go,19848,20112,39960,705327,716366,97029,98163,timed_out,
Go,3000+,aws-session-manager-plugin,65f138796cbd71079ed9123f7758d26e82980032,vendor/src/github.com/aws/aws-sdk-go/service/pipes/api.go,8227,8920,17147,288450,314048,43817,47049,timed_out,
Go,3000+,aws-session-manager-plugin,65f138796cbd71079ed9123f7758d26e82980032,vendor/src/github.com/aws/aws-sdk-go/service/route53/api.go,21030,21101,42131,821629,824595,90054,90244,timed_out,
Go,3000+,aws-session-manager-plugin,65f138796cbd71079ed9123f7758d26e82980032,vendor/src/github.com/aws/aws-sdk-go/service/securityhub/examples_test.go,2549,3133,5682,92487,115386,23309,29157,timed_out,
Go,3000+,aws-session-manager-plugin,65f138796cbd71079ed9123f7758d26e82980032,vendor/src/github.com/aws/aws-sdk-go/service/sqs/api.go,6491,9329,15820,262302,346886,27071,39765,timed_out,
Go,3000+,aws-session-manager-plugin,65f138796cbd71079ed9123f7758d26e82980032,vendor/src/github.com/aws/aws-sdk-go/service/translate/api.go,7259,7292,14551,256546,257786,35418,35287,timed_out,
Go,3000+,aws-session-manager-plugin,85e98e418e220aa0e351d48294df6a6ed51ac326,vendor/src/github.com/aws/aws-sdk-go/service/cloudwatchrum/api.go,5773,5800,11573,207340,209368,27977,28004,timed_out,
Go,3000+,aws-session-manager-plugin,85e98e418e220aa0e351d48294df6a6ed51ac326,vendor/src/github.com/aws/aws-sdk-go/service/datasync/api.go,18482,18965,37447,659700,680571,90694,92714,timed_out,
Go,3000+,aws-session-manager-plugin,85e98e418e220aa0e351d48294df6a6ed51ac326,vendor/src/github.com/aws/aws-sdk-go/service/emrserverless/api.go,5774,6592,12366,199621,227677,30947,35469,timed_out,
Go,3000+,aws-session-manager-plugin,85e98e418e220aa0e351d48294df6a6ed51ac326,vendor/src/github.com/aws/aws-sdk-go/service/fis/api.go,8000,8139,16139,287344,291837,41987,42680,timed_out,
Go,3000+,aws-session-manager-plugin,85e98e418e220aa0e351d48294df6a6ed51ac326,vendor/src/github.com/aws/aws-sdk-go/service/groundstation/api.go,11659,11709,23368,390333,392991,61776,62014,timed_out,
Go,3000+,aws-session-manager-plugin,85e98e418e220aa0e351d48294df6a6ed51ac326,vendor/src/github.com/aws/aws-sdk-go/service/ivs/api.go,8375,9624,17999,293510,342721,41508,47549,timed_out,
Go,3000+,aws-session-manager-plugin,85e98e418e220aa0e351d48294df6a6ed51ac326,vendor/src/github.com/aws/aws-sdk-go/service/pi/api.go,5154,5204,10358,183224,185624,24921,25064,timed_out,
Go,3000+,aws-session-manager-plugin,85e98e418e220aa0e351d48294df6a6ed51ac326,vendor/src/github.com/aws/aws-sdk-go/service/resourcegroups/api.go,5536,5536,11072,194356,194202,25895,25903,timed_out,
Go,3000+,aws-session-manager-plugin,85e98e418e220aa0e351d48294df6a6ed51ac326,vendor/src/github.com/aws/aws-sdk-go/service/route53resolver/api.go,19821,20227,40048,735329,752481,94370,95248,timed_out,
Go,3000+,aws-session-manager-plugin,85e98e418e220aa0e351d48294df6a6ed51ac326,vendor/src/github.com/aws/aws-sdk-go/service/servicediscovery/api.go,10058,10062,20120,349930,350164,46622,46626,timed_out,
Go,3000+,benhoyt-goawk,6c9439684e81e3557de7bd20f71c4f402b8734df,interp/interp_test.go,2991,3001,5992,115184,115875,37587,37845,timed_out,
Go,3000+,bookingcom-carbonapi,1a0c28d23a23a220bc410281bea94c882811b6ae,vendor/golang.org/x/sys/unix/ztypes_linux.go,5993,6034,12027,255805,256973,26995,27161,timed_out,
Go,3000+,bookingcom-carbonapi,b152cd756b6538ca2cc999d29fa8f720537e2a54,vendor/golang.org/x/net/http2/server.go,3241,3296,6537,102428,104257,23320,23817,timed_out,
Go,3000+,bookingcom-carbonapi,f0bc991766d279686f9807e8b315fcb3e086ee76,vendor/golang.org/x/net/http2/server.go,3238,3241,6479,102328,102428,23337,23320,timed_out,
Go,3000+,bookingcom-carbonapi,f0bc991766d279686f9807e8b315fcb3e086ee76,vendor/golang.org/x/sys/windows/zsyscall_windows.go,4309,4345,8654,191528,193257,63689,64245,timed_out,
Go,3000+,bookingcom-carbonapi,f0bc991766d279686f9807e8b315fcb3e086ee76,vendor/google.golang.org/protobuf/types/descriptorpb/descriptor.pb.go,3957,4350,8307,164723,182806,47067,52030,timed_out,
Go,3000+,bookingcom-carbonapi,fdc03a0345aef5bcf9de440a4ea3a609d33f0b7a,vendor/golang.org/x/net/idna/tables15.0.0.go,5145,5144,10289,304546,304529,142064,142063,timed_out,
Go,3000+,cheat-cheat,3a6b6e58f0f101f81f1907d670331a93b3fd8fe5,vendor/golang.org/x/sys/windows/types_windows.go,3215,3260,6475,101585,102851,12935,13111,timed_out,
Go,3000+,cheat-cheat,7406ebfb5ee15cb2db7a21819608e6a467ea48fd,vendor/golang.org/x/sys/unix/zerrors_linux.go,3107,3457,6564,161038,179545,15937,17687,timed_out,
Go,3000+,cloudflare-cfssl,1a73d78a1852001b7b9c21f3eceea0e721ea6a6c,vendor/golang.org/x/sys/unix/zsyscall_zos_s390x.go,1253,3458,4711,30537,90288,10849,33823,timed_out,
Go,3000+,cloudflare-cfssl,682fa4a997571f4a8d73d90ac3663b846626bcbe,vendor/golang.org/x/sys/windows/zsyscall_windows.go,4345,4341,8686,193257,193198,64245,64209,timed_out,
Go,3000+,cloudflare-cfssl,b2552cabdf56f79fe67618bea930916d7ad47089,vendor/golang.org/x/text/unicode/norm/tables11.0.0.go,7693,7694,15387,385187,385216,169173,169174,timed_out,
Go,3000+,cloudflare-cfssl,fcde786e4e604306415c347527839d9179d6ab22,vendor/golang.org/x/sys/unix/zerrors_linux.go,3457,3473,6930,179545,180356,17687,17765,timed_out,
Go,3000+,containerd-containerd,0dcdc1ffa7504512a715501ec9fff23af3d9bca5,vendor/github.com/vishvananda/netlink/link_linux.go,3967,4011,7978,118685,121007,41309,41744,timed_out,
Go,3000+,containerd-containerd,94dd70f4f0c659526f3b75dc278530dd8d429628,vendor/golang.org/x/net/http2/server.go,3392,3392,6784,107446,107472,24825,24828,timed_out,
Go,3000+,containerd-containerd,a4ddfd7ebfe119bae5d24aa651eb3018a2b38e89,vendor/golang.org/x/sys/windows/types_windows.go,3848,3864,7712,120838,121624,15383,15444,timed_out,
Go,3000+,containerd-containerd,dfc2e35b1de2fe7701de23994c85ddd74ba37d12,vendor/golang.org/x/sys/unix/zerrors_linux.go,3783,4142,7925,196659,215773,19322,21361,timed_out,
Go,3000+,containerd-containerd,dfc2e35b1de2fe7701de23994c85ddd74ba37d12,vendor/golang.org/x/sys/windows/types_windows.go,3864,3940,7804,121624,124143,15444,15734,timed_out,
Go,3000+,containerd-containerd,fb92a97d43ed8e31a47d980388e16f350ebd5c88,vendor/golang.org/x/net/http2/transport.go,3287,3235,6522,96837,95440,24396,23817,timed_out,
Go,3000+,containers-storage,5953c36eee5e4bea9000b644b2f96308c10a8367,tests/tools/vendor/golang.org/x/sys/unix/syscall_zos_s390x.go,1994,3213,5207,54484,88760,16775,28368,timed_out,
Go,3000+,docker-cli,e4f6019e624109efce6a48bee51411e02c0924a6,vendor/golang.org/x/net/http2/server.go,3341,3411,6752,106409,109255,24332,24870,timed_out,
Go,3000+,elisescu-tty-share,02af910efe70a7f91e69e5049658a4b9a96a8b05,vendor/golang.org/x/sys/unix/ztypes_linux.go,2538,5609,8147,73265,238972,10556,25252,timed_out,
Go,3000+,gabrie30-ghorg,18ed8b2baa040e96c3463970fd21b912d4a66c6b,vendor/golang.org/x/sys/unix/zerrors_linux.go,3767,4142,7909,195812,215773,19242,21361,timed_out,
Go,3000+,gcla-termshark,1b73b61e5431602af709b5300d785306c962e164,ui/ui.go,4395,4404,8799,130096,130183,36686,36746,timed_out,
Go,3000+,gcla-termshark,c5bfbef6ede9f5488d4cc92f9db28d5e0874c41c,ui/ui.go,4297,4394,8691,127252,130057,35840,36676,timed_out,
Go,3000+,genuinetools-img,89fb42e58c5ffc73774f0e9a97824810c15ea775,vendor/github.com/gogo/googleapis/google/rpc/error_details.pb.go,4659,4904,9563,114584,120918,42652,44772,timed_out,
Go,3000+,genuinetools-img,89fb42e58c5ffc73774f0e9a97824810c15ea775,vendor/github.com/moby/buildkit/solver/pb/ops.pb.go,9361,9629,18990,216519,222476,83687,84872,timed_out,
Go,3000+,github-hub,fb885b37ff46e52b8bc7b7143d39bec804518ffb,vendor/golang.org/x/sys/unix/zerrors_linux_ppc64.go,2329,3007,5336,101695,134993,13748,18609,timed_out,
Go,3000+,go-graphite-go-carbon,8dca1ed5d5961dcefb4b36facbda3c6c9335353b,vendor/golang.org/x/sys/unix/ztypes_linux.go,6272,6293,12565,265561,266092,28146,28238,timed_out,
Go,3000+,go-graphite-go-carbon,d2b5106f5293eb1bc45a171d7a649ef6a0d4d13d,vendor/google.golang.org/protobuf/types/descriptorpb/descriptor.pb.go,4999,5234,10233,189131,198935,37608,39449,timed_out,
Go,3000+,kubernetes-kops,163c275bf393bc74ce70129284ad3bf2a3e5de21,vendor/golang.org/x/net/http2/transport.go,3235,3303,6538,95440,97467,23817,24414,timed_out,
Go,3000+,kubernetes-kops,1f466760579961dc211699ada6b5aa37c91ab32a,vendor/github.com/aws/aws-sdk-go-v2/service/s3/types/types.go,4923,4995,9918,183703,187579,7443,7535,timed_out,
Go,3000+,kubernetes-kubernetes,43bfd8615dceacac44db58b0a983b5dabd472516,pkg/controller/garbagecollector/garbagecollector_test.go,3059,3060,6119,121952,121959,32658,32669,timed_out,
Go,3000+,kubernetes-kubernetes,65eb0e94c2540db7be075eff3623617868a593f9,pkg/controller/daemon/daemon_controller_test.go,3675,3675,7350,115793,115806,38911,38922,timed_out,
Go,3000+,kubernetes-kubernetes,755a7261ee0281376a69096357141371e1c49866,test/e2e/network/service.go,4546,4539,9085,203413,203236,54823,54771,timed_out,
Go,3000+,kubernetes-kubernetes,aa1e24659ee18378426fa3b83616c7d96e098bbe,staging/src/k8s.io/api/core/v1/types.go,8454,8454,16908,445653,445619,20243,20243,timed_out,
Go,3000+,kubernetes-kubernetes,e94e67337dfe4864665db25b3d3d1957c6234a92,pkg/kubelet/kubelet_test.go,4899,4904,9803,161311,161643,47382,47498,timed_out,
Go,3000+,kubernetes-kubernetes.git,0976b6ada3753543c924943f0d0093adb14f6508,pkg/kubelet/kubelet_pods_test.go,7567,7512,15079,241249,239793,71721,71203,timed_out,
Go,3000+,kubernetes-kubernetes.git,2eb1eeeabf00b29814a5268bdd7c96d62d915934,pkg/kubelet/kuberuntime/kuberuntime_manager_test.go,4439,4439,8878,161171,161172,50408,50408,timed_out,
Go,3000+,kubernetes-kubernetes.git,3b72759d1bcfe0820b27909110f6ab6a6cc99034,staging/src/k8s.io/client-go/applyconfigurations/internal/internal.go,16016,15992,32008,388378,387836,154,154,ok,12.927873
Go,3000+,kubernetes-kubernetes.git,3c22291a4b0bb2407630d4fa112256aae16398a6,pkg/apis/core/v1/zz_generated.conversion.go,9362,9364,18726,515902,516052,150935,151007,timed_out,
Go,3000+,kubernetes-kubernetes.git,3c22291a4b0bb2407630d4fa112256aae16398a6,staging/src/k8s.io/client-go/applyconfigurations/internal/internal.go,16001,16007,32008,388062,388205,154,154,ok,14.795615999999999
Go,3000+,kubernetes-kubernetes.git,4a991bbbd9c2e6866af4633d9c7656494833fa82,pkg/api/pod/util_test.go,6266,6216,12482,189890,188158,59234,58834,timed_out,
Go,3000+,kubernetes-kubernetes.git,5993782d6537bab9edf95590c123f96ea39ca185,vendor/golang.org/x/sys/unix/ztypes_linux.go,6293,6334,12627,266092,267152,28238,28425,timed_out,
Go,3000+,kubernetes-kubernetes.git,59e075e8d35dbc16c5db7c302f3836f3f9a144f8,pkg/apis/core/validation/validation.go,9320,9338,18658,411110,411998,112303,112515,timed_out,
Go,3000+,kubernetes-kubernetes.git,59e075e8d35dbc16c5db7c302f3836f3f9a144f8,pkg/kubelet/kubelet.go,3275,3275,6550,137190,137189,26334,26334,timed_out,
Go,3000+,kubernetes-kubernetes.git,5ac2ffcc1e3f6ab1b4c53697a0214f0634f9a5de,pkg/kubelet/kuberuntime/kuberuntime_manager_test.go,5121,5123,10244,185972,186206,58717,58761,timed_out,
Go,3000+,kubernetes-kubernetes.git,7db53119521a33d9a094c417213c7e104f6b69b2,test/integration/job/job_test.go,4918,5106,10024,168376,174142,51320,53225,timed_out,
Go,3000+,kubernetes-kubernetes.git,8b6f98b06eae38ebf9e8db4bb2f2d8a4f9576470,pkg/api/pod/util_test.go,6263,6266,12529,189739,189890,59194,59234,timed_out,
Go,3000+,kubernetes-kubernetes.git,aac951d902224fadeeb5a8da32363dc2ee559db3,pkg/apis/core/validation/validation_test.go,30036,30070,60106,1018095,1019355,333421,333717,timed_out,
Go,3000+,kubernetes-kubernetes.git,aac951d902224fadeeb5a8da32363dc2ee559db3,pkg/kubelet/kubelet.go,3333,3341,6674,140105,140420,27001,27077,timed_out,
Go,3000+,kubernetes-kubernetes.git,b95439f6d1a6a16e9dcda9c71db10596b3c0c0ea,staging/src/k8s.io/api/core/v1/types.go,8371,8372,16743,441141,441195,20059,20060,timed_out,
Go,3000+,kubevirt-kubevirt,141685a86b10341fc238f659798d9bcc20cdddc4,vendor/k8s.io/client-go/applyconfigurations/internal/internal.go,14297,15447,29744,346125,373887,154,154,ok,12.985584999999999
Go,3000+,kubevirt-kubevirt,324440e61076558207e44ddd83fb247e5d2d0947,pkg/virt-handler/vm_test.go,3109,3139,6248,112924,113992,37500,37841,timed_out,
Go,3000+,kubevirt-kubevirt,5aa76042258715f49bc4059187e63319c3d52b45,pkg/virt-controller/services/template_test.go,5698,5750,11448,196880,198634,64893,65481,timed_out,
Go,3000+,kubevirt-kubevirt,782d346f0b04c513bf4c2ce17ba0643a9441e32a,staging/src/kubevirt.io/api/core/v1/deepcopy_generated.go,6901,6906,13807,203150,203295,59198,59261,timed_out,
Go,3000+,kubevirt-kubevirt,88cee00cd206072f8dfab867d22435ed883081cc,pkg/virt-controller/watch/vm/vm.go,3522,3539,7061,128245,129246,34152,34329,timed_out,
Go,3000+,kubevirt-kubevirt,a6e7f9529c25daf950acc52538ecee66dfe22a94,pkg/virt-api/webhooks/validating-webhook/admitters/vmi-create-admitter_test.go,4192,4183,8375,163494,162858,54832,54710,timed_out,
Go,3000+,kubevirt-kubevirt,b53e1cc80f26ce199372945d66ba10781f88c8a3,pkg/virt-controller/watch/vm/vm.go,3476,3476,6952,127210,127192,33890,33879,timed_out,
Go,3000+,kubevirt-kubevirt,ba26614b529422061316507087de9a08d6ca8748,staging/src/kubevirt.io/api/core/v1/types.go,3644,3650,7294,172858,173192,15114,15133,timed_out,
Go,3000+,nomad-software-vend,15bdc7b83f8daeb208faeb2622aa91a2c3f32c03,vendor/golang.org/x/sys/unix/zerrors_linux_arm64.go,781,3210,3991,32243,163917,7037,19617,timed_out,
Go,3000+,notaryproject-notary,0c5511a196e566fa73627111f15079bb519e9b12,vendor/golang.org/x/sys/unix/zerrors_linux_mips.go,2789,3136,5925,125132,140822,17559,19302,timed_out,
Go,3000+,notaryproject-notary,0c5511a196e566fa73627111f15079bb519e9b12,vendor/golang.org/x/sys/unix/zerrors_linux_mips64le.go,2789,3136,5925,125135,140825,17559,19302,timed_out,
Go,3000+,notaryproject-notary,8fa7c9dc16b8342405f006a84b06225420a8b79f,vendor/golang.org/x/sys/unix/zerrors_linux_386.go,3129,782,3911,140287,32211,19209,7042,timed_out,
Go,3000+,opsgenie-opsgenie-lamp,717a6f1955304e8c2b3f2b3fea58d27ec3385c90,vendor/golang.org/x/sys/unix/zerrors_linux_mips.go,3027,797,3824,135899,33105,18753,7175,timed_out,
Go,3000+,prometheus-prometheus,0d116b09944cf98822b7434ef5a132640ff437cf,promql/engine_test.go,4228,4221,8449,126460,126145,43027,42811,timed_out,
Go,3000+,prometheus-prometheus,0fa1e00dad37bd0caf3c860408ab96cc9a147844,promql/parser/parse_test.go,5892,5944,11836,159257,160761,57827,58421,timed_out,
Go,3000+,prometheus-prometheus,2aaeefe8e15a8ac81419342c431630c2de0ff0a9,promql/parser/parse_test.go,5599,5647,11246,133099,134214,46863,47322,timed_out,
Go,3000+,prometheus-prometheus,30f941c57cd8637676e6a5dcbf5100d052eda39b,tsdb/db_test.go,9606,9606,19212,315115,315190,116063,116090,timed_out,
Go,3000+,prometheus-prometheus,3239723098143242b6ab5419e88e2e9ff75ba14e,tsdb/head_test.go,7332,7332,14664,238560,238563,88728,88728,timed_out,
Go,3000+,prometheus-prometheus,3904b3cd5f69ba5d308c23bd179f74e0c589e123,tsdb/head_test.go,7012,7016,14028,229465,229600,85185,85207,timed_out,
Go,3000+,prometheus-prometheus,3ab867b66a9d0892ade775380b84c4f69ef84728,scrape/scrape_test.go,6736,6788,13524,217499,219179,68656,69168,timed_out,
Go,3000+,prometheus-prometheus,51e0982c915e931ae9a069986aaf90ebea330759,model/histogram/float_histogram_test.go,3715,3716,7431,109359,109446,48547,48544,timed_out,
Go,3000+,prometheus-prometheus,51e0982c915e931ae9a069986aaf90ebea330759,promql/engine.go,4233,4254,8487,141429,142126,39258,39343,timed_out,
Go,3000+,prometheus-prometheus,6ee965c25574dee170d43fd39a535f65655936ba,scrape/scrape_test.go,5902,5902,11804,186050,186074,59335,59344,timed_out,
Go,3000+,prometheus-prometheus,7ab68550dc5991825c5242340341e98129f03291,promql/engine.go,4009,4006,8015,132909,132986,37130,37102,timed_out,
Go,3000+,prometheus-prometheus,7d0a39ac934ff30e89074336801c5f6b536c1f3c,tsdb/head_test.go,7248,7242,14490,238251,238170,87516,87465,timed_out,
Go,3000+,prometheus-prometheus,7e22d2e5c057c21d7e6de9ed0532c33239fd694a,promql/parser/parse_test.go,5647,5892,11539,134214,159263,47322,57837,timed_out,
Go,3000+,prometheus-prometheus,ad7d1aed99b4b33dbf1e1ba390bf267595bdbdaa,promql/engine_test.go,4197,4196,8393,125721,125680,43081,43068,timed_out,
Go,3000+,prometheus-prometheus,b8d19543b8ddaac0c528f73db308a5771d423304,model/histogram/float_histogram_test.go,4185,4234,8419,127729,129124,55463,56021,timed_out,
Go,3000+,prometheus-prometheus,c317f9254e099e1fe5cd7d2884d24fd2cbd4e2da,promql/engine.go,4885,4550,9435,164547,154051,44480,41962,timed_out,
Go,3000+,prometheus-prometheus,df8a9076b97c5309b7780429bfb16d86497acce0,tsdb/head_test.go,7339,7339,14678,238733,238738,88837,88838,timed_out,
Go,3000+,prometheus-prometheus,ead6dc32b9c8bc56fc2114e919b379f40e20bb63,tsdb/head_test.go,7116,7114,14230,231562,231499,87144,87112,timed_out,
Go,3000+,prometheus-prometheus,f0dfb9f8027111c00d86824eb29f0aaa3893771b,scrape/scrape_test.go,5855,5934,11789,182350,185035,58773,59576,timed_out,
Go,3000+,prometheus-prometheus.git,0a40df33fb4e23695a5eff5f387aa7651c5ec8cf,promql/engine.go,4014,4014,8028,133302,133314,37206,37202,timed_out,
Go,3000+,prometheus-prometheus.git,4199c2f45a463b2e7e5550dd59fc2d4b807a3872,promql/engine_test.go,4043,4197,8240,121680,125721,41012,43081,timed_out,
Go,3000+,prometheus-prometheus.git,44df626620f93c02485a03134735e6bb3c8b6a10,promql/engine.go,4254,4273,8527,142126,142926,39343,39544,timed_out,
Go,3000+,prometheus-prometheus.git,457a2381f9b19635590f47ee4ee2ae2a2d45ced5,promql/engine_test.go,4051,4051,8102,122493,122586,41881,41882,timed_out,
Go,3000+,prometheus-prometheus.git,594f9d63a5f9635d48d6e26b68b708e21630f9ee,scrape/scrape_test.go,5902,5902,11804,186081,186076,59346,59343,timed_out,
Go,3000+,prometheus-prometheus.git,5cb0192626f750044cce179b40e279eab12eeb26,tsdb/head_test.go,7117,7116,14233,231563,231562,87144,87144,timed_out,
Go,3000+,prometheus-prometheus.git,6ee965c25574dee170d43fd39a535f65655936ba,scrape/scrape_test.go,5902,5902,11804,186050,186074,59335,59344,timed_out,
Go,3000+,prometheus-prometheus.git,747c5ee2b19a9e6a51acfafae9fa2c77e224803d,promql/engine_test.go,4123,4122,8245,124202,124117,42154,42084,timed_out,
Go,3000+,prometheus-prometheus.git,94d5e0f41cc2adf238e596353578d30b0c8dbf53,promql/engine.go,3979,3979,7958,130972,130972,37038,37038,timed_out,
Go,3000+,prometheus-prometheus.git,ad7d1aed99b4b33dbf1e1ba390bf267595bdbdaa,promql/engine_test.go,4197,4196,8393,125721,125680,43081,43068,timed_out,
Go,3000+,prometheus-prometheus.git,ad7d1aed99b4b33dbf1e1ba390bf267595bdbdaa,scrape/scrape_test.go,5895,5900,11795,185678,185976,59200,59331,timed_out,
Go,3000+,prometheus-prometheus.git,ad7d1aed99b4b33dbf1e1ba390bf267595bdbdaa,tsdb/head_test.go,7348,7339,14687,239092,238733,88938,88837,timed_out,
Go,3000+,prometheus-prometheus.git,ee7d5158a7739ac350127c3e145f1dbb350a54c4,promql/parser/parse_test.go,5304,5597,10901,126653,132856,44577,46841,timed_out,
Go,3000+,rancher-k3d,b559b034baf85b41e9f827b9577877b414834511,vendor/golang.org/x/net/http2/transport.go,3336,3287,6623,95243,96837,25097,24396,timed_out,
Go,3000+,stripe-stripe-cli,4dc7f2355018dd01735d135ee854af8158ec9436,pkg/cmd/resources_cmds.go,6879,7038,13917,506713,521524,119038,121072,timed_out,
Go,3000+,vrothberg-vgrep,93db67f3deb2032d07b8b26e7ac6718da36ca73e,vendor/golang.org/x/sys/unix/zerrors_linux.go,3767,3783,7550,195812,196659,19242,19322,timed_out,
CPP,0-10,CastXML-CastXML,5346ad166a0408c092f1ba189e22510bca499ee1,test/input/CXXLiteral.cxx,3,3,6,74,73,26,26,ok,0.341077
CPP,0-10,Governikus-AusweisApp,68e416cc97afacf487aca0ccc4e892549d51bc0d,src/card/base/SmartCardDefinitions.cpp,9,9,18,185,185,19,19,ok,0.153487
CPP,0-10,Governikus-AusweisApp,68e416cc97afacf487aca0ccc4e892549d51bc0d,src/core/paos/PaosType.cpp,7,7,14,132,132,14,14,ok,0.10723200000000001
CPP,0-10,Governikus-AusweisApp,731b57cd7dc5698432949c905643650e6fc23583,src/card/base/SmartCardDefinitions.cpp,9,9,18,174,174,19,19,ok,0.149079
CPP,0-10,Governikus-AusweisApp,731b57cd7dc5698432949c905643650e6fc23583,src/card/base/pace/EstablishPaceChannelCode.cpp,9,9,18,182,182,19,19,ok,0.17659699999999998
CPP,0-10,Governikus-AusweisApp,731b57cd7dc5698432949c905643650e6fc23583,src/ifd/base/ServerMessageHandler.cpp,9,9,18,191,191,28,28,ok,0.31005699999999997
CPP,0-10,Governikus-AusweisApp,731b57cd7dc5698432949c905643650e6fc23583,src/ifd/base/WebSocketServer.cpp,9,9,18,176,176,28,28,ok,0.290828
CPP,0-10,Governikus-AusweisApp,731b57cd7dc5698432949c905643650e6fc23583,src/ui/json/messages/MsgTypes.cpp,9,9,18,150,150,19,19,ok,0.17220000000000002
CPP,0-10,Governikus-AusweisApp,731b57cd7dc5698432949c905643650e6fc23583,src/workflows/base/paos/PaosType.cpp,7,7,14,121,121,14,14,ok,0.14236500000000002
CPP,0-10,Governikus-AusweisApp,8973008230a77f6bb7b11981ef394dcd0c16bf83,src/card/base/SmartCardDefinitions.cpp,9,9,18,174,174,19,19,ok,0.34100899999999995
CPP,0-10,Governikus-AusweisApp,8973008230a77f6bb7b11981ef394dcd0c16bf83,src/card/base/pace/EstablishPaceChannelCode.cpp,9,9,18,182,182,19,19,ok,0.504487
CPP,0-10,Governikus-AusweisApp,8973008230a77f6bb7b11981ef394dcd0c16bf83,src/ifd/base/WebSocketServer.cpp,9,9,18,176,176,28,28,ok,0.9972749999999999
CPP,0-10,Governikus-AusweisApp,8973008230a77f6bb7b11981ef394dcd0c16bf83,src/ifd/local/LocalWebSocketServer.cpp,9,9,18,191,191,28,28,ok,1.043352
CPP,0-10,Governikus-AusweisApp,8973008230a77f6bb7b11981ef394dcd0c16bf83,src/ifd/remote/RemoteWebSocketServer.cpp,9,9,18,194,194,28,28,ok,0.938817
CPP,0-10,Governikus-AusweisApp,8973008230a77f6bb7b11981ef394dcd0c16bf83,src/ui/json/messages/MsgTypes.cpp,9,9,18,150,150,19,19,ok,0.483683
CPP,0-10,Governikus-AusweisApp,8973008230a77f6bb7b11981ef394dcd0c16bf83,src/workflows/base/paos/PaosType.cpp,7,7,14,121,121,14,14,ok,0.33601600000000004
CPP,0-10,Governikus-AusweisApp,9484181f86afef007dee27d44ce7372004311484,src/card/base/SmartCardDefinitions.cpp,9,9,18,185,185,19,19,ok,0.550451
CPP,0-10,Governikus-AusweisApp,9484181f86afef007dee27d44ce7372004311484,src/core/paos/PaosType.cpp,7,7,14,132,132,14,14,ok,0.373544
CPP,0-10,Governikus-AusweisApp,9484181f86afef007dee27d44ce7372004311484,src/ui/jsonapi/messages/MsgTypes.cpp,9,9,18,161,161,19,19,ok,0.491047
CPP,0-10,Governikus-AusweisApp,a55916cc4c63f5c871f311bbb06e21d183045e5d,src/card/base/SmartCardDefinitions.cpp,9,9,18,185,174,19,19,ok,0.54401
CPP,0-10,Governikus-AusweisApp,a55916cc4c63f5c871f311bbb06e21d183045e5d,src/ifd/base/ServerMessageHandler.cpp,9,9,18,202,191,28,28,ok,0.9701259999999999
CPP,0-10,Governikus-AusweisApp,a55916cc4c63f5c871f311bbb06e21d183045e5d,src/ifd/base/WebSocketServer.cpp,9,9,18,187,176,28,28,ok,1.003867
CPP,0-10,Governikus-AusweisApp,a55916cc4c63f5c871f311bbb06e21d183045e5d,src/ifd/remote/RemoteWebSocketServer.cpp,9,9,18,205,194,28,28,ok,1.0006979999999999
CPP,0-10,Governikus-AusweisApp,a55916cc4c63f5c871f311bbb06e21d183045e5d,src/ui/json/messages/MsgTypes.cpp,9,9,18,161,150,19,19,ok,0.47831399999999996
CPP,0-10,Governikus-AusweisApp,a55916cc4c63f5c871f311bbb06e21d183045e5d,src/workflows/base/paos/PaosType.cpp,7,7,14,132,121,14,14,ok,0.33524200000000004
CPP,0-10,Governikus-AusweisApp,d9ab5b1f992cb0bb68cffd267fdef2a199289ae3,src/card/base/SmartCardDefinitions.cpp,9,9,18,185,185,19,19,ok,0.480657
CPP,0-10,Governikus-AusweisApp,e0710387ce7b818da297bf408aae0a58cfda4672,src/card/base/SmartCardDefinitions.cpp,9,9,18,185,185,19,19,ok,0.471236
CPP,0-10,Governikus-AusweisApp,e0710387ce7b818da297bf408aae0a58cfda4672,src/card/base/pace/EstablishPaceChannelCode.cpp,9,9,18,193,193,19,19,ok,0.527834
CPP,0-10,Governikus-AusweisApp,e0710387ce7b818da297bf408aae0a58cfda4672,src/ifd/base/WebSocketServer.cpp,9,9,18,187,187,28,28,ok,0.9848579999999999
CPP,0-10,Governikus-AusweisApp,e0710387ce7b818da297bf408aae0a58cfda4672,src/ifd/local/LocalWebSocketServer.cpp,9,9,18,202,202,28,28,ok,0.971364
CPP,0-10,Governikus-AusweisApp,e0710387ce7b818da297bf408aae0a58cfda4672,src/ifd/remote/RemoteWebSocketServer.cpp,9,9,18,205,205,28,28,ok,0.9814459999999999
CPP,0-10,Governikus-AusweisApp,e119c95900989d84b62cd04fb5459a0ee2c62a9d,src/card/base/SmartCardDefinitions.cpp,9,9,18,185,185,19,19,ok,0.482074
CPP,0-10,Governikus-AusweisApp,e119c95900989d84b62cd04fb5459a0ee2c62a9d,src/ui/json/messages/MsgTypes.cpp,9,9,18,161,161,19,19,ok,0.469042
CPP,0-10,Governikus-AusweisApp,e119c95900989d84b62cd04fb5459a0ee2c62a9d,src/workflows/base/paos/PaosType.cpp,7,7,14,132,132,14,14,ok,0.355603
CPP,0-10,Ondsel-Development-OndselSolver,428e81c5cec63783114b8cd3c687f9816a2b3308,OndselSolver/ASMTAtPointJoint.cpp,1,3,4,30,52,7,12,ok,0.23607
CPP,0-10,Ondsel-Development-OndselSolver,428e81c5cec63783114b8cd3c687f9816a2b3308,OndselSolver/ASMTInLineJoint.cpp,2,4,6,30,52,7,12,ok,0.238629
CPP,0-10,Ondsel-Development-OndselSolver,4e5c0b1d37a2fd81d2a448c8079cc8965be6c059,OndselSolver/MbdMath.cpp,9,9,18,563,563,8,8,ok,0.22889500000000002
CPP,0-10,Ondsel-Development-OndselSolver,a6308468568515d6eefeda31241a4c793c80e07a,OndselSolver/MbdMath.cpp,9,9,18,560,563,8,8,ok,0.228272
CPP,0-10,OpenCilk-opencilk-project,e8a626b6496c0947be5ddd17e56bb83cab9544b8,clang/test/Cilk/hyper-reference.cpp,7,8,15,169,259,55,101,ok,8.222185999999999
CPP,0-10,ROCm-rocm_bandwidth_test,aa98efc49565196d2cb7f7e196e94ddbf7b6b77c,plugins/tb/transferbench/include/plugin_tb_link.hpp,3,9,12,67,191,23,38,ok,1.440867
CPP,0-10,STEllAR-GROUP-hpx,b4b52ad5d54f52526fa6a6a9dd3af44282e864c2,libs/core/include_local/include/hpx/datapar.hpp,9,9,18,284,286,12,12,ok,0.300673
CPP,0-10,STEllAR-GROUP-hpx,b4b52ad5d54f52526fa6a6a9dd3af44282e864c2,libs/full/include/include/hpx/include/parallel_lexicographical_compare.hpp,9,9,18,309,284,12,12,ok,0.31542099999999995
CPP,0-10,STEllAR-GROUP-hpx,b4b52ad5d54f52526fa6a6a9dd3af44282e864c2,libs/full/include/include/hpx/include/parallel_uninitialized_copy.hpp,9,9,18,311,291,12,12,ok,0.323603
CPP,0-10,STEllAR-GROUP-hpx,b4b52ad5d54f52526fa6a6a9dd3af44282e864c2,libs/full/include/include/hpx/include/parallel_uninitialized_default_construct.hpp,9,9,18,324,291,12,12,ok,0.310788
CPP,0-10,STEllAR-GROUP-hpx,b4b52ad5d54f52526fa6a6a9dd3af44282e864c2,libs/full/include/include/hpx/include/parallel_uninitialized_fill.hpp,9,9,18,311,291,12,12,ok,0.336024
CPP,0-10,STEllAR-GROUP-hpx,b4b52ad5d54f52526fa6a6a9dd3af44282e864c2,libs/full/include/include/hpx/include/parallel_uninitialized_move.hpp,9,9,18,311,291,12,12,ok,0.325145
CPP,0-10,STEllAR-GROUP-hpx,b4b52ad5d54f52526fa6a6a9dd3af44282e864c2,libs/full/include/include/hpx/include/parallel_uninitialized_value_construct.hpp,9,9,18,322,291,12,12,ok,0.316893
CPP,0-10,STEllAR-GROUP-hpx,b735a4f4acb4beb5c341f19d099e9259981e9337,libs/core/include_local/include/hpx/experimental/run_on_all.hpp,9,9,18,287,286,12,12,ok,0.307056
CPP,0-10,STEllAR-GROUP-hpx,b735a4f4acb4beb5c341f19d099e9259981e9337,libs/full/include/include/hpx/include/datapar.hpp,9,9,18,284,286,12,12,ok,0.310861
CPP,0-10,STEllAR-GROUP-hpx,b735a4f4acb4beb5c341f19d099e9259981e9337,libs/full/include/include/hpx/include/parallel_algorithm.hpp,9,9,18,291,291,12,12,ok,0.334665
CPP,0-10,STEllAR-GROUP-hpx,b735a4f4acb4beb5c341f19d099e9259981e9337,libs/full/include/include/hpx/include/parallel_numeric.hpp,9,9,18,289,291,12,12,ok,0.320095
CPP,0-10,STEllAR-GROUP-hpx,ed5225b91a4f48cedecf61c4d1e6405bd269127a,libs/core/include_local/include/hpx/condition_variable.hpp,9,9,18,307,296,12,12,ok,0.339333
CPP,0-10,STEllAR-GROUP-hpx,ed5225b91a4f48cedecf61c4d1e6405bd269127a,libs/core/include_local/include/hpx/unwrap.hpp,9,9,18,285,286,12,12,ok,0.358338
CPP,0-10,audacity-audacity,e2022241c14d0a62198a431f89f224d15d457c85,src/uicomponents/components/timecodemodeselector.cpp,8,8,16,152,156,40,40,ok,1.83842
CPP,0-10,brookiestein-portagecfg,0bf78370e7a5ad36a6ddc4d6798ad85ea38718e7,version.hpp,6,6,12,86,86,13,13,ok,0.39951899999999996
CPP,0-10,brookiestein-portagecfg,26936da1800361943d79d03a773660b53a77e00a,version.hpp,6,6,12,86,86,13,13,ok,0.402303
CPP,0-10,brookiestein-portagecfg,7b0e28e1435d3b9a3afeef6d6c0cd2abdc62cd65,version.hpp,6,6,12,86,86,13,13,ok,0.393013
CPP,0-10,brookiestein-portagecfg,cb44b22e21e74f7e85e955e8b65e148a2d86f488,version.hpp,6,6,12,86,86,13,13,ok,0.371157
CPP,0-10,cosmos72-fstransform,5012b67fdc89fc0ed442a960c30ce6c2c54b38b6,fsremap/src/check.hh,3,3,6,98,98,8,8,ok,0.240115
CPP,0-10,danmar-cppcheck,ad24fc6a8dc920c0b4219117dd2dd65cad1b02e6,test/cli/proj-inline-suppress-unusedFunction/B.hpp,6,6,12,62,69,26,28,ok,1.285946
CPP,0-10,dmlc-dmlc-core,e0d3e419260a191155d21207bb39dfb00f107790,test/unittest_main.cc,8,8,16,214,213,61,61,ok,4.889348
CPP,0-10,fbb-git-icmake,08619482af37864a7a70e26cfa14b8ea8e0827fa,icmake/modmap/compiler/data.cc,5,6,11,101,131,25,42,ok,1.5105069999999998
CPP,0-10,fbb-git-icmake,55e6da2587d9447dc9d5558aa378f2b96146cfc2,icmake/icmake/handler/handler1.cc,7,9,16,99,120,35,36,ok,1.588141
CPP,0-10,fbb-git-icmake,55e6da2587d9447dc9d5558aa378f2b96146cfc2,icmake/icmake/handler/process.cc,7,9,16,115,146,49,51,ok,4.180022
CPP,0-10,fbb-git-icmake,55e6da2587d9447dc9d5558aa378f2b96146cfc2,icmake/icmake/handler/sourcescript.cc,7,9,16,128,160,48,50,ok,3.772221
CPP,0-10,fbb-git-icmake,55e6da2587d9447dc9d5558aa378f2b96146cfc2,icmake/icmake/icmcomp/compile.cc,7,9,16,166,194,67,69,ok,6.043838999999999
CPP,0-10,fbb-git-icmake,67d1882b23bcab0fd32e5d8b1bc8a33f9ae0394f,icmake/modmap/modules/compile.cc,9,9,18,124,138,54,57,ok,2.721737
CPP,0-10,fbb-git-icmake,9b2c278e2f8b2f7c760b828665975f0801acec19,icmake/modmap/modules/compile.cc,9,8,17,138,137,57,57,ok,2.923167
CPP,0-10,fbb-git-icmake,bfd15d50b30d473510ab1d93755fa5f46a500e8b,icmake/icmake/sourcescript/sourcescript1.cc,7,9,16,137,187,48,50,ok,2.080918
CPP,0-10,fbb-git-icmake,f4d5b9606596a775e506ed2a44633099efb86ec4,icmake/modmap/modules/compile.cc,8,8,16,147,159,64,66,ok,4.458384000000001
CPP,0-10,fbb-git-yodl,ec9be1544a10f3e6fbd4bc87a4e6682ec1f507e4,yodl/verbinsert/out/numberedline.cc,6,7,13,142,144,64,65,ok,2.136977
CPP,0-10,gabmus-syndication-domination,7d01993d15a380a7daa30c44e4c460db83450f0f,src/feed_type.hpp,5,5,10,56,61,19,22,ok,0.246963
CPP,0-10,graeme-hill-crossguid,13683c56e559f93d75f8640488aa3335f43443ed,test/Test.hpp,6,6,12,113,115,33,33,ok,0.533883
CPP,0-10,graeme-hill-crossguid,13683c56e559f93d75f8640488aa3335f43443ed,test/TestMain.cpp,7,7,14,119,99,50,38,ok,0.75901
CPP,0-10,graeme-hill-crossguid,235d3095baf9bcbbff7daf724636c17430adaac2,test/Test.hpp,6,6,12,90,93,29,29,ok,0.349587
CPP,0-10,graeme-hill-crossguid,796f47814b51fe15afa4a04959f7476203983440,test/Test.hpp,6,7,13,100,125,26,29,ok,0.303487
CPP,0-10,graeme-hill-crossguid,960d7812125e0fdda3e6b428899f39d47cf641cd,test/Test.hpp,6,6,12,115,90,33,29,ok,0.3762
CPP,0-10,graeme-hill-crossguid,c8a81160e71f51505e0d5bd017bb34a0a793f939,test/TestMain.cpp,7,7,14,82,81,32,32,ok,0.47171
CPP,0-10,higan-emu-higan,a8d19935fac5a9ae2a0a2b00284af937da269d59,higan-ui/emulator/utility.cpp,7,7,14,337,334,128,128,ok,12.910196000000001
CPP,0-10,hyprwm-Hyprpicker,68bc7875fd6e5eb6fa3c3265be89dd9129fc1cd5,src/clipboard/Clipboard.hpp,7,7,14,108,92,33,29,ok,0.6801780000000001
CPP,0-10,icecc-icecream,97e3e73baaf6b5b5e17dccd47c89c2fe8cf4d18a,tests/messages.cpp,6,6,12,109,60,22,21,ok,0.292581
CPP,0-10,ispras-parmasan,40afd328e7cd8af38fa07b31da656e7b46face56,daemon/parmasan/access-record.cpp,9,9,18,112,121,32,35,ok,1.989514
CPP,0-10,ispras-parmasan,91a7c5e3245acdebc8b031cf9f1421bca723fa55,daemon/parmasan/access-record.cpp,9,9,18,117,112,31,32,ok,2.094448
CPP,0-10,ispras-parmasan,a313a554e2e288764b6f83761416c90990a00cee,daemon/parmasan/entry-history.cpp,2,3,5,30,62,7,8,ok,0.25217300000000004
CPP,0-10,ispras-parmasan,a313a554e2e288764b6f83761416c90990a00cee,daemon/parmasan/target.cpp,2,3,5,23,55,7,8,ok,0.258561
CPP,0-10,ispras-parmasan,a313a554e2e288764b6f83761416c90990a00cee,daemon/utils/path-walker.cpp,2,3,5,28,60,7,8,ok,0.242272
CPP,0-10,ispras-parmasan,a313a554e2e288764b6f83761416c90990a00cee,daemon/utils/run-shell.hpp,3,5,8,84,117,32,33,ok,1.73989
CPP,0-10,ispras-parmasan,dc10f185e05d443c0b8dd85a587d55355e43c83f,daemon/parmasan/access-record.cpp,9,9,18,121,112,35,32,ok,2.0277979999999998
CPP,0-10,jpbarrette-curlpp,63d2798a8e561aaa5d574ce26309a19a5a1e0414,src/curlpp/Infos.cpp,5,4,9,125,84,22,16,ok,0.6224810000000001
CPP,0-10,jpbarrette-curlpp,a92484896e5cfe4e5b1c10d179ad65a03ed21ba4,src/curlpp/Infos.cpp,5,5,10,124,125,22,22,ok,0.8425670000000001
CPP,0-10,jpbarrette-curlpp,a92484896e5cfe4e5b1c10d179ad65a03ed21ba4,src/curlpp/Option.cpp,9,9,18,281,282,61,61,ok,5.395515
CPP,0-10,mackyle-blocksruntime,dc811d55b9ff87b7db781a9a366e2c61ce544527,test/asan/TestCases/Posix/assign_large_valloc_to_global.cc,8,9,17,219,287,48,67,ok,4.672156
CPP,0-10,merryhime-oaknut,65285fd8d865e8e51167c0b8b4dbfeabd92b0450,include/oaknut/impl/mnemonics_fpsimd_v8.3.inc.hpp,2,7,9,106,205,3,48,ok,0.455795
CPP,0-10,nemtrif-utfcpp,79ef7e1cdcfef3ed6fa22adc40c12139be25862e,tests/apitests.cpp,6,6,12,170,154,31,31,ok,1.160786
CPP,0-10,nemtrif-utfcpp,79ef7e1cdcfef3ed6fa22adc40c12139be25862e,tests/noexceptionstests.cpp,4,4,8,105,89,19,19,ok,0.60092
CPP,0-10,p-ranav-indicators,04fddb9014d4004b5dd4da2075cd8fc0306338ca,include/indicators/color.hpp,7,6,13,164,128,47,44,ok,2.6300239999999997
CPP,0-10,p-ranav-indicators,276d476d4db88a5d1d2c30c4d301a1ca05b69cf3,include/indicators/color.hpp,6,9,15,128,173,44,48,ok,3.4253690000000003
CPP,0-10,p-ranav-indicators,276d476d4db88a5d1d2c30c4d301a1ca05b69cf3,include/indicators/progress_type.hpp,6,9,15,94,154,23,27,ok,1.025439
CPP,0-10,p-ranav-indicators,4bf1433c210a37cfc8b56b97697d506c3ac11518,include/indicators/color.hpp,6,7,13,163,164,47,47,ok,2.800175
CPP,0-10,p-ranav-indicators,4bf1433c210a37cfc8b56b97697d506c3ac11518,include/indicators/font_style.hpp,7,5,12,133,131,41,41,ok,2.255798
CPP,0-10,p-ranav-indicators,4bf1433c210a37cfc8b56b97697d506c3ac11518,include/indicators/progress_type.hpp,5,6,11,93,94,23,23,ok,0.878749
CPP,0-10,p7zip-project-p7zip,24c904b8256be348419d7b4789f375582cb2f7e1,CPP/7zip/Archive/7z/7zCompressionMode.cpp,3,3,6,49,46,8,8,ok,0.242494
CPP,0-10,p7zip-project-p7zip,24c904b8256be348419d7b4789f375582cb2f7e1,CPP/7zip/Archive/7z/StdAfx.cpp,3,3,6,38,35,8,8,ok,0.248864
CPP,0-10,p7zip-project-p7zip,24c904b8256be348419d7b4789f375582cb2f7e1,CPP/7zip/Archive/Common/ParseProperties.cpp,3,3,6,47,44,8,8,ok,0.251494
CPP,0-10,p7zip-project-p7zip,24c904b8256be348419d7b4789f375582cb2f7e1,CPP/7zip/Archive/DeflateProps.cpp,3,3,6,44,41,8,8,ok,0.25953899999999996
CPP,0-10,p7zip-project-p7zip,24c904b8256be348419d7b4789f375582cb2f7e1,CPP/7zip/Archive/Rar/StdAfx.cpp,3,3,6,38,35,8,8,ok,0.25141300000000005
CPP,0-10,p7zip-project-p7zip,24c904b8256be348419d7b4789f375582cb2f7e1,CPP/7zip/Bundles/Alone/StdAfx.cpp,3,3,6,38,35,8,8,ok,0.239298
CPP,0-10,p7zip-project-p7zip,24c904b8256be348419d7b4789f375582cb2f7e1,CPP/7zip/Bundles/Alone7z/StdAfx.cpp,3,3,6,38,35,8,8,ok,0.25435399999999997
CPP,0-10,p7zip-project-p7zip,24c904b8256be348419d7b4789f375582cb2f7e1,CPP/7zip/Bundles/Fm/StdAfx.cpp,3,3,6,38,35,8,8,ok,0.25141300000000005
CPP,0-10,p7zip-project-p7zip,24c904b8256be348419d7b4789f375582cb2f7e1,CPP/7zip/Bundles/Format7z/StdAfx.cpp,3,3,6,38,35,8,8,ok,0.272906
CPP,0-10,p7zip-project-p7zip,24c904b8256be348419d7b4789f375582cb2f7e1,CPP/7zip/Bundles/Format7zExtract/StdAfx.cpp,3,3,6,38,35,8,8,ok,0.235064
CPP,0-10,p7zip-project-p7zip,24c904b8256be348419d7b4789f375582cb2f7e1,CPP/7zip/Bundles/Format7zExtractR/StdAfx.cpp,3,3,6,38,35,8,8,ok,0.233566
CPP,0-10,p7zip-project-p7zip,24c904b8256be348419d7b4789f375582cb2f7e1,CPP/7zip/Bundles/Format7zF/StdAfx.cpp,3,3,6,38,35,8,8,ok,0.252596
CPP,0-10,p7zip-project-p7zip,24c904b8256be348419d7b4789f375582cb2f7e1,CPP/7zip/Bundles/Format7zR/StdAfx.cpp,3,3,6,38,35,8,8,ok,0.243361
CPP,0-10,p7zip-project-p7zip,24c904b8256be348419d7b4789f375582cb2f7e1,CPP/7zip/Bundles/LzmaCon/StdAfx.cpp,3,3,6,38,35,8,8,ok,0.251059
CPP,0-10,p7zip-project-p7zip,24c904b8256be348419d7b4789f375582cb2f7e1,CPP/7zip/Bundles/SFXSetup/StdAfx.cpp,3,3,6,38,35,8,8,ok,0.250276
CPP,0-10,p7zip-project-p7zip,24c904b8256be348419d7b4789f375582cb2f7e1,CPP/7zip/Bundles/SFXWin/StdAfx.cpp,3,3,6,38,35,8,8,ok,0.237582
CPP,0-10,p7zip-project-p7zip,24c904b8256be348419d7b4789f375582cb2f7e1,CPP/7zip/Common/LockedStream.cpp,3,3,6,44,41,8,8,ok,0.264586
CPP,0-10,p7zip-project-p7zip,24c904b8256be348419d7b4789f375582cb2f7e1,CPP/7zip/Common/MethodId.cpp,3,3,6,40,37,8,8,ok,0.255303
CPP,0-10,p7zip-project-p7zip,24c904b8256be348419d7b4789f375582cb2f7e1,CPP/7zip/UI/Client7z/StdAfx.cpp,3,3,6,38,35,8,8,ok,0.25403699999999996
CPP,0-10,p7zip-project-p7zip,24c904b8256be348419d7b4789f375582cb2f7e1,CPP/7zip/UI/Console/StdAfx.cpp,3,3,6,38,35,8,8,ok,0.254132
CPP,0-10,p7zip-project-p7zip,24c904b8256be348419d7b4789f375582cb2f7e1,CPP/7zip/UI/Explorer/StdAfx.cpp,3,3,6,38,35,8,8,ok,0.25167
CPP,0-10,p7zip-project-p7zip,24c904b8256be348419d7b4789f375582cb2f7e1,CPP/7zip/UI/Far/StdAfx.cpp,3,3,6,38,35,8,8,ok,0.265457
CPP,0-10,p7zip-project-p7zip,24c904b8256be348419d7b4789f375582cb2f7e1,CPP/7zip/UI/FileManager/ProgramLocation.cpp,3,3,6,47,44,8,8,ok,0.23679
CPP,0-10,p7zip-project-p7zip,24c904b8256be348419d7b4789f375582cb2f7e1,CPP/7zip/UI/FileManager/StdAfx.cpp,3,3,6,38,35,8,8,ok,0.237293
CPP,0-10,p7zip-project-p7zip,24c904b8256be348419d7b4789f375582cb2f7e1,CPP/7zip/UI/GUI/StdAfx.cpp,3,3,6,38,35,8,8,ok,0.250104
CPP,0-10,p7zip-project-p7zip,24c904b8256be348419d7b4789f375582cb2f7e1,CPP/Common/CRC.cpp,7,7,14,163,156,41,41,ok,2.844311
CPP,0-10,p7zip-project-p7zip,24c904b8256be348419d7b4789f375582cb2f7e1,CPP/Common/LzFindPrepare.cpp,7,7,14,168,161,41,41,ok,2.698049
CPP,0-10,p7zip-project-p7zip,24c904b8256be348419d7b4789f375582cb2f7e1,CPP/Common/Sha1Prepare.cpp,7,7,14,155,148,41,41,ok,2.693613
CPP,0-10,p7zip-project-p7zip,24c904b8256be348419d7b4789f375582cb2f7e1,CPP/Common/Sha256Prepare.cpp,7,7,14,167,160,41,41,ok,2.730009
CPP,0-10,prusa3d-libbgcode,b4adb49e32f736f53b67f8467d1d0253834e6640,tests/binarize/binarize_tests.cpp,4,9,13,61,129,10,37,ok,0.474827
CPP,0-10,rapidfuzz-rapidfuzz-cpp,65e9022f51de07701d1de0032a8fdd25a2389af5,test/distance/examples/ocr.hpp,6,6,12,147,135,40,40,ok,2.2984519999999997
CPP,0-10,rapidfuzz-rapidfuzz-cpp,f65c3d1cd1af3f501aaf51e9015a0691e0fd4125,test/tests-main.cpp,3,3,6,111,111,11,8,ok,0.29363
CPP,0-10,serge1-elfio,cba0a738231a1f8a15aef7b538838c7b721c84ed,elfio/elfio_version.hpp,1,4,5,29,185,5,8,ok,0.202301
CPP,0-10,shiromino-shiromino,f65fc02a773694c5197b6bdefd30fb0900af2ca3,src/PieceDefinition.cc,7,8,15,140,158,51,57,ok,3.5610709999999997
CPP,0-10,skogler-mapbox_earcut_python,30a81276fbbee85f27092459ae31796e5709facd,include/version.hpp,3,3,6,71,72,13,13,ok,0.40403100000000003
CPP,0-10,tenacityteam-portsmf,1f734937dbaa9b41b7f1c26040d4a00f6d157045,src/allegroserial.cpp,2,2,4,78,85,2,2,ok,0.10562500000000001
CPP,0-10,tenacityteam-portsmf,fcd527d370c07f6f0ce92af135af87ebe187b470,src/allegroserial.cpp,2,2,4,80,78,2,2,ok,0.110016
CPP,0-10,unittest-cpp-unittest-cpp,b47b4f7e8535346e7b3202df562849ac597b2523,tests/Main.cpp,6,6,12,106,105,40,40,ok,2.394172
CPP,0-10,uowuo-abaddon,bc7c5f9ec3f1f19517a556a4c4f9e830ca191c32,src/misc/cairo.hpp,5,7,12,174,204,58,61,ok,8.855189
CPP,0-10,xeco23-WasIstLos,8ca1d1f1c0aa4085400b613993dfe79e3bf997d8,src/util/Helper.hpp,6,6,12,73,73,21,21,ok,0.848927
CPP,0-10,xmoto-xmoto,2a57e645bf4dbd619efbf3f9bbd5be634daa16e2,src/helpers/Time.cpp,9,9,18,260,272,105,105,ok,16.882773
CPP,10-30,CNugteren-CLBlast,ccdab15ba1bffbde41f8424eb6cf85dd43e23440,test/correctness/routines/level1/xrotmg.cpp,23,24,47,1064,881,172,168,ok,25.80507
CPP,10-30,CNugteren-CLBlast,ccdab15ba1bffbde41f8424eb6cf85dd43e23440,test/correctness/routines/level2/xhpr2.cpp,23,26,49,1119,1141,190,186,ok,20.367163
CPP,10-30,Governikus-AusweisApp,68e416cc97afacf487aca0ccc4e892549d51bc0d,src/core/paos/retrieve/Transmit.cpp,19,19,38,259,259,62,62,ok,1.347535
CPP,10-30,Governikus-AusweisApp,68e416cc97afacf487aca0ccc4e892549d51bc0d,src/ui/widget/generic/ListItemTitle.cpp,23,23,46,346,346,87,87,ok,2.63788
CPP,10-30,Governikus-AusweisApp,731b57cd7dc5698432949c905643650e6fc23583,src/card/base/ReaderManagerPluginInfo.cpp,27,27,54,562,562,124,124,ok,6.501663000000001
CPP,10-30,Governikus-AusweisApp,731b57cd7dc5698432949c905643650e6fc23583,test/helper/common/MockReaderConfiguration.cpp,13,13,26,235,235,36,36,ok,0.425797
CPP,10-30,Governikus-AusweisApp,8973008230a77f6bb7b11981ef394dcd0c16bf83,src/card/base/command/DestroyPaceChannelCommand.cpp,19,19,38,420,420,73,73,ok,2.033609
CPP,10-30,Governikus-AusweisApp,9484181f86afef007dee27d44ce7372004311484,src/card/base/ReaderManagerPlugIn.cpp,25,28,53,427,495,77,96,ok,2.4453959999999997
CPP,10-30,Governikus-AusweisApp,9484181f86afef007dee27d44ce7372004311484,test/helper/MockActivationContext.cpp,26,26,52,662,662,132,132,ok,7.039982
CPP,10-30,Governikus-AusweisApp,9484181f86afef007dee27d44ce7372004311484,test/helper/MockReaderConfiguration.cpp,13,13,26,246,246,36,36,ok,0.476614
CPP,10-30,Governikus-AusweisApp,a55916cc4c63f5c871f311bbb06e21d183045e5d,src/workflows/personalization/states/StateStartPaosPersonalization.cpp,26,26,52,668,657,157,157,ok,15.019753
CPP,10-30,Governikus-AusweisApp,e0710387ce7b818da297bf408aae0a58cfda4672,src/ui/json/messages/MsgHandlerInvalid.cpp,24,24,48,563,563,148,148,ok,13.334251
CPP,10-30,Governikus-AusweisApp,e119c95900989d84b62cd04fb5459a0ee2c62a9d,src/card/pcsc/PcscUtils.cpp,20,20,40,484,484,150,150,ok,12.542614
CPP,10-30,Governikus-AusweisApp,e8349193a251350094b1db1153d7673dfc1c9805,src/card/base/ReaderManagerPlugInInfo.cpp,26,25,51,586,512,124,107,ok,5.990915
CPP,10-30,Ondsel-Development-OndselSolver,84cb979354b00ec145d1ae2d7510129f774c2878,OndselSolver/Time.cpp,21,21,42,674,674,62,62,ok,1.20578
CPP,10-30,Ondsel-Development-OndselSolver,85557e1fa484a42bcfd090809e169719f196350f,OndselSolver/DispCompIecJecKec.cpp,24,24,48,857,860,93,93,ok,2.988381
CPP,10-30,QtExcel-QXlsx,db608768a375c9d179263b1f3601c75d37cf0007,TestExcel/documentproperty.cpp,25,25,50,810,810,223,223,ok,18.342778
CPP,10-30,STEllAR-GROUP-hpx,b4b52ad5d54f52526fa6a6a9dd3af44282e864c2,libs/full/include/include/hpx/include/parallel_rotate.hpp,10,10,20,355,347,15,15,ok,0.127968
CPP,10-30,ThePhD-sol2,ce40e894d06fcbe5a019240a10dfe635f8d1ccd0,tests/inclusion/source/function_types_core.cpp,24,24,48,1200,1200,21,21,ok,0.430184
CPP,10-30,ThePhD-sol2,ce40e894d06fcbe5a019240a10dfe635f8d1ccd0,tests/inclusion/source/stack.cpp,24,24,48,1186,1186,21,21,ok,0.696985
CPP,10-30,airdcpp-web-airdcpp-webclient,c8f17407b5516fe47b2cb8bf3bf92bde5ac21f4b,stdinc.cpp,19,19,38,816,816,8,8,ok,0.26050599999999996
CPP,10-30,antlr-antlr4,5435f14134eb699d7484d46d946df817dfe97297,runtime/Cpp/runtime/src/tree/xpath/XPathLexerErrorListener.cpp,16,17,33,562,583,86,89,ok,9.024206
CPP,10-30,antlr-antlr4,af7edc54a7ffd25cb89bf1bc020bc156e08c0b8c,runtime/Cpp/runtime/src/atn/DecisionInfo.cpp,25,27,52,934,971,216,222,ok,44.414612999999996
CPP,10-30,arximboldi-zug,160543f577fd989dbb82818df9f3950fdad78a82,zug/reducing/first.hpp,29,29,58,591,590,93,92,ok,4.802856
CPP,10-30,baduhai-Koi,21fe50353740c50132a21870366ebbe00e7921e5,src/plugins/wallpaper.cpp,22,18,40,820,739,201,193,ok,14.48263
CPP,10-30,blablack-ams-lv2,1e748265d3f5c9928bd11832bdaf7f845663eba3,src/synthdata.hpp,27,27,54,510,510,118,118,ok,5.241714
CPP,10-30,blablack-ams-lv2,df55ff47d7cdb61503da21a049a5e8bf32463fa1,src/lfo.hpp,29,25,54,398,339,115,106,ok,4.172701
CPP,10-30,blablack-ams-lv2,df55ff47d7cdb61503da21a049a5e8bf32463fa1,src/slew.hpp,22,18,40,282,222,81,72,ok,2.1054009999999996
CPP,10-30,blablack-ams-lv2,ebae1710369a093b73d5d223d83ff80aa12083aa,src/hztovc.cpp,23,26,49,519,569,196,220,ok,22.271358000000003
CPP,10-30,bolero-MURAKAMI-Sprout,09181940789f135c292e9c336d8ceffca0b1bec3,libs/random/test/uniform_smallint.cpp,28,28,56,1049,1049,81,81,ok,3.828857
CPP,10-30,bolero-MURAKAMI-Sprout,09181940789f135c292e9c336d8ceffca0b1bec3,sprout/algorithm/shuffle_result.hpp,15,15,30,690,690,19,19,ok,0.176444
CPP,10-30,bolero-MURAKAMI-Sprout,09181940789f135c292e9c336d8ceffca0b1bec3,sprout/compost/analyses/phase_spectrum.hpp,27,27,54,934,934,63,63,ok,2.3896070000000003
CPP,10-30,bolero-MURAKAMI-Sprout,09181940789f135c292e9c336d8ceffca0b1bec3,sprout/config/compiler/cray.hpp,13,13,26,592,592,13,13,ok,0.11568
CPP,10-30,bolero-MURAKAMI-Sprout,09181940789f135c292e9c336d8ceffca0b1bec3,sprout/container/const_reference.hpp,27,27,54,926,926,70,70,ok,4.611708
CPP,10-30,bolero-MURAKAMI-Sprout,09181940789f135c292e9c336d8ceffca0b1bec3,sprout/functional/adaptor.hpp,16,16,32,696,696,22,22,ok,0.297262
CPP,10-30,bolero-MURAKAMI-Sprout,09181940789f135c292e9c336d8ceffca0b1bec3,sprout/functional/polymorphic/cond.hpp,25,25,50,838,838,59,59,ok,2.69321
CPP,10-30,bolero-MURAKAMI-Sprout,09181940789f135c292e9c336d8ceffca0b1bec3,sprout/index_tuple/utility.hpp,16,16,32,716,716,22,22,ok,0.364368
CPP,10-30,bolero-MURAKAMI-Sprout,09181940789f135c292e9c336d8ceffca0b1bec3,sprout/numeric/dft/idft.hpp,15,15,30,650,650,19,19,ok,0.303131
CPP,10-30,bolero-MURAKAMI-Sprout,09181940789f135c292e9c336d8ceffca0b1bec3,sprout/numeric/dft/phase_spectrum.hpp,16,16,32,756,756,22,22,ok,0.463899
CPP,10-30,bolero-MURAKAMI-Sprout,09181940789f135c292e9c336d8ceffca0b1bec3,sprout/operation/pop_back.hpp,15,15,30,660,660,19,19,ok,0.66312
CPP,10-30,bolero-MURAKAMI-Sprout,09181940789f135c292e9c336d8ceffca0b1bec3,sprout/predef/library/c/uc.hpp,29,29,58,969,969,51,51,ok,4.605556
CPP,10-30,bolero-MURAKAMI-Sprout,09181940789f135c292e9c336d8ceffca0b1bec3,sprout/preprocessor/variadic.hpp,15,15,30,675,675,19,19,ok,0.743826
CPP,10-30,bolero-MURAKAMI-Sprout,09181940789f135c292e9c336d8ceffca0b1bec3,sprout/random/random_result_fwd.hpp,25,25,50,854,854,64,64,ok,2.956703
CPP,10-30,bolero-MURAKAMI-Sprout,09181940789f135c292e9c336d8ceffca0b1bec3,sprout/range/algorithm/bogo_sort.hpp,14,14,28,642,642,16,16,ok,0.167944
CPP,10-30,bolero-MURAKAMI-Sprout,09181940789f135c292e9c336d8ceffca0b1bec3,sprout/range/algorithm/pop_heap.hpp,14,14,28,638,638,16,16,ok,0.179557
CPP,10-30,bolero-MURAKAMI-Sprout,09181940789f135c292e9c336d8ceffca0b1bec3,sprout/string.hpp,29,29,58,1145,1145,61,61,ok,1.886101
CPP,10-30,bolero-MURAKAMI-Sprout,09181940789f135c292e9c336d8ceffca0b1bec3,sprout/type_traits.hpp,18,18,36,794,794,28,28,ok,0.6717529999999999
CPP,10-30,bolero-MURAKAMI-Sprout,09181940789f135c292e9c336d8ceffca0b1bec3,sprout/type_traits/add_lvalue_reference.hpp,26,26,52,930,930,68,68,ok,11.594308
CPP,10-30,bolero-MURAKAMI-Sprout,09181940789f135c292e9c336d8ceffca0b1bec3,sprout/utility/any_convertible.hpp,26,26,52,785,785,63,63,ok,10.355631
CPP,10-30,bolero-MURAKAMI-Sprout,09181940789f135c292e9c336d8ceffca0b1bec3,sprout/weed/attr_cnv/mem_ptr.hpp,29,29,58,983,983,117,117,ok,35.557632
CPP,10-30,bolero-MURAKAMI-Sprout,09181940789f135c292e9c336d8ceffca0b1bec3,sprout/weed/parser.hpp,21,21,42,885,885,37,37,ok,0.764411
CPP,10-30,bolero-MURAKAMI-Sprout,09181940789f135c292e9c336d8ceffca0b1bec3,sprout/weed/parser/directive.hpp,17,17,34,785,785,25,25,ok,0.414303
CPP,10-30,bolero-MURAKAMI-Sprout,26299dad18a7e16fcb4873ce7f9f26a3d2ac1925,sprout/compost/analyses/dft.hpp,27,27,54,857,857,63,63,ok,3.630887
CPP,10-30,bolero-MURAKAMI-Sprout,26299dad18a7e16fcb4873ce7f9f26a3d2ac1925,sprout/compost/effects.hpp,29,29,58,1347,1347,61,61,ok,1.85255
CPP,10-30,bolero-MURAKAMI-Sprout,26299dad18a7e16fcb4873ce7f9f26a3d2ac1925,sprout/config/compiler/sgi_mipspro.hpp,13,13,26,613,613,13,13,ok,0.166355
CPP,10-30,bolero-MURAKAMI-Sprout,26299dad18a7e16fcb4873ce7f9f26a3d2ac1925,sprout/container/functions.hpp,18,18,36,819,819,28,28,ok,0.545923
CPP,10-30,bolero-MURAKAMI-Sprout,26299dad18a7e16fcb4873ce7f9f26a3d2ac1925,sprout/cwchar/wmemcpy.hpp,24,24,48,830,830,80,80,ok,12.005549
CPP,10-30,bolero-MURAKAMI-Sprout,26299dad18a7e16fcb4873ce7f9f26a3d2ac1925,sprout/functional/negator.hpp,15,15,30,644,644,19,19,ok,0.526174
CPP,10-30,bolero-MURAKAMI-Sprout,26299dad18a7e16fcb4873ce7f9f26a3d2ac1925,sprout/functional/polymorphic/logical.hpp,16,16,32,775,775,22,22,ok,0.670965
CPP,10-30,bolero-MURAKAMI-Sprout,26299dad18a7e16fcb4873ce7f9f26a3d2ac1925,sprout/index_tuple/utility.hpp,16,16,32,716,716,22,22,ok,0.6664009999999999
CPP,10-30,bolero-MURAKAMI-Sprout,26299dad18a7e16fcb4873ce7f9f26a3d2ac1925,sprout/iterator/operation.hpp,19,19,38,826,826,31,31,ok,1.0858409999999998
CPP,10-30,bolero-MURAKAMI-Sprout,26299dad18a7e16fcb4873ce7f9f26a3d2ac1925,sprout/math/hyperbolic.hpp,19,19,38,758,758,31,31,ok,1.101498
CPP,10-30,bolero-MURAKAMI-Sprout,26299dad18a7e16fcb4873ce7f9f26a3d2ac1925,sprout/operation/pop_front_n.hpp,15,15,30,675,675,19,19,ok,0.523427
CPP,10-30,bolero-MURAKAMI-Sprout,26299dad18a7e16fcb4873ce7f9f26a3d2ac1925,sprout/predef/library/std/modena.hpp,27,27,54,942,942,55,55,ok,3.954129
CPP,10-30,bolero-MURAKAMI-Sprout,26299dad18a7e16fcb4873ce7f9f26a3d2ac1925,sprout/preprocessor.hpp,21,21,42,910,910,37,37,ok,1.488516
CPP,10-30,bolero-MURAKAMI-Sprout,26299dad18a7e16fcb4873ce7f9f26a3d2ac1925,sprout/range/adaptor/various.hpp,25,25,50,1124,1124,49,49,ok,2.437547
CPP,10-30,bolero-MURAKAMI-Sprout,26299dad18a7e16fcb4873ce7f9f26a3d2ac1925,sprout/range/algorithm/replace.hpp,14,14,28,634,634,16,16,ok,0.423029
CPP,10-30,bolero-MURAKAMI-Sprout,26299dad18a7e16fcb4873ce7f9f26a3d2ac1925,sprout/string/to_string.hpp,18,18,36,779,779,28,28,ok,0.906998
CPP,10-30,bolero-MURAKAMI-Sprout,26299dad18a7e16fcb4873ce7f9f26a3d2ac1925,sprout/type_traits/has_member.hpp,28,28,56,1090,1090,104,104,ok,22.07013
CPP,10-30,bolero-MURAKAMI-Sprout,ea06f925655602a39750c2fd4fc88ecb98c9860f,sprout/algorithm/generate_n.hpp,16,16,32,720,720,22,22,ok,0.361342
CPP,10-30,bolero-MURAKAMI-Sprout,ea06f925655602a39750c2fd4fc88ecb98c9860f,sprout/algorithm/string/to_lower_copy.hpp,15,15,30,720,720,19,19,ok,0.289358
CPP,10-30,bolero-MURAKAMI-Sprout,ea06f925655602a39750c2fd4fc88ecb98c9860f,sprout/bit/count.hpp,22,22,44,836,836,40,40,ok,0.882107
CPP,10-30,bolero-MURAKAMI-Sprout,ea06f925655602a39750c2fd4fc88ecb98c9860f,sprout/complex/operators.hpp,15,15,30,635,635,16,16,ok,0.235884
CPP,10-30,bolero-MURAKAMI-Sprout,ea06f925655602a39750c2fd4fc88ecb98c9860f,sprout/compost/ranges/adapted_offset.hpp,27,27,54,922,922,63,63,ok,4.154565
CPP,10-30,bolero-MURAKAMI-Sprout,ea06f925655602a39750c2fd4fc88ecb98c9860f,sprout/container/size_type.hpp,27,27,54,890,890,70,70,ok,6.098107000000001
CPP,10-30,bolero-MURAKAMI-Sprout,ea06f925655602a39750c2fd4fc88ecb98c9860f,sprout/cwchar/wcsncat.hpp,24,24,48,827,827,77,77,ok,6.421576
CPP,10-30,bolero-MURAKAMI-Sprout,ea06f925655602a39750c2fd4fc88ecb98c9860f,sprout/darkroom/objects/polygon.hpp,14,14,28,641,641,16,16,ok,0.258858
CPP,10-30,bolero-MURAKAMI-Sprout,ea06f925655602a39750c2fd4fc88ecb98c9860f,sprout/detail/nil_base.hpp,19,19,38,670,670,34,34,ok,0.9840960000000001
CPP,10-30,bolero-MURAKAMI-Sprout,ea06f925655602a39750c2fd4fc88ecb98c9860f,sprout/iterator/type_traits/category.hpp,17,17,34,856,856,25,25,ok,0.445666
CPP,10-30,bolero-MURAKAMI-Sprout,ea06f925655602a39750c2fd4fc88ecb98c9860f,sprout/math/trigonometric.hpp,20,20,40,795,795,34,34,ok,0.7670990000000001
CPP,10-30,bolero-MURAKAMI-Sprout,ea06f925655602a39750c2fd4fc88ecb98c9860f,sprout/numeric/dft/fit.hpp,17,17,34,736,736,25,25,ok,0.523878
CPP,10-30,bolero-MURAKAMI-Sprout,ea06f925655602a39750c2fd4fc88ecb98c9860f,sprout/operation/pop_front.hpp,15,15,30,665,665,19,19,ok,0.43330199999999996
CPP,10-30,bolero-MURAKAMI-Sprout,ea06f925655602a39750c2fd4fc88ecb98c9860f,sprout/predef/detail/comp_detected.hpp,17,17,34,696,696,21,21,ok,0.885089
CPP,10-30,bolero-MURAKAMI-Sprout,ea06f925655602a39750c2fd4fc88ecb98c9860f,sprout/predef/library/std/cxx.hpp,28,28,56,953,953,51,51,ok,4.154477
CPP,10-30,bolero-MURAKAMI-Sprout,ea06f925655602a39750c2fd4fc88ecb98c9860f,sprout/random/utility.hpp,21,21,42,901,901,37,37,ok,1.9545779999999997
CPP,10-30,bolero-MURAKAMI-Sprout,ea06f925655602a39750c2fd4fc88ecb98c9860f,sprout/range/numeric/dft/fixed.hpp,16,16,32,740,740,22,22,ok,0.855154
CPP,10-30,bolero-MURAKAMI-Sprout,ea06f925655602a39750c2fd4fc88ecb98c9860f,sprout/tuple/tuple/traits.hpp,15,16,31,669,719,19,22,ok,0.77893
CPP,10-30,bolero-MURAKAMI-Sprout,ea06f925655602a39750c2fd4fc88ecb98c9860f,sprout/type_traits/add_cv.hpp,26,26,52,832,832,68,68,ok,2.719383
CPP,10-30,bolero-MURAKAMI-Sprout,ea06f925655602a39750c2fd4fc88ecb98c9860f,sprout/type_traits/has_bit_or.hpp,27,27,54,1037,1037,98,98,ok,7.3980570000000005
CPP,10-30,bolero-MURAKAMI-Sprout,ea06f925655602a39750c2fd4fc88ecb98c9860f,sprout/type_traits/has_less_equal.hpp,27,27,54,1066,1066,100,100,ok,7.756825999999999
CPP,10-30,bolero-MURAKAMI-Sprout,ea06f925655602a39750c2fd4fc88ecb98c9860f,sprout/type_traits/underlying_type.hpp,26,26,52,895,895,68,68,ok,2.923868
CPP,10-30,bolero-MURAKAMI-Sprout,ea06f925655602a39750c2fd4fc88ecb98c9860f,sprout/utility/operation.hpp,18,18,36,753,753,28,28,ok,0.350137
CPP,10-30,bolero-MURAKAMI-Sprout,ea06f925655602a39750c2fd4fc88ecb98c9860f,sprout/weed/traits/type.hpp,19,19,38,864,864,31,31,ok,0.408701
CPP,10-30,canonical-snapd-glib,7ac5736d7142c9de9c3817b26b332fb38daa1991,snapd-qt/plug-ref.cpp,24,23,47,788,779,109,109,ok,5.177992000000001
CPP,10-30,coin-or-Couenne,84c5d6554abe784eef46900e021aee5982204c40,src/expression/operators/CouenneExprIf.hpp,24,24,48,405,404,35,35,ok,0.591295
CPP,10-30,coin-or-Couenne,84c5d6554abe784eef46900e021aee5982204c40,src/problem/fillQuadIndices.cpp,17,17,34,340,339,27,27,ok,0.318676
CPP,10-30,coin-or-Smi,4726ebd2b72f658df6db86c30a1aaca2e9084d1e,Smi/src/SmiDiscreteDistribution.cpp,6,17,23,171,545,57,171,ok,4.964117
CPP,10-30,cosmos72-fstransform,5012b67fdc89fc0ed442a960c30ce6c2c54b38b6,fsremap/src/arch/mem_posix.hh,22,22,44,375,363,29,29,ok,0.570792
CPP,10-30,cosmos72-fstransform,c21358fda3164dc6c708dc69931153c8a618ed53,src/map.cc,13,13,26,287,287,28,28,ok,0.5201169999999999
CPP,10-30,cryfs-cryfs,935b66ffab76f6eef4049d802e74ce94188a7e08,vendor/cryptopp/vendor_cryptopp/TestPrograms/test_arm_sha256.cpp,13,13,26,264,263,92,96,ok,4.353887
CPP,10-30,eclipse-iceoryx-iceoryx,d14297c0fedfc35ef48c17c02c8f1ddd74889bae,iceoryx_hoofs/posix/vocabulary/source/path.cpp,29,28,57,927,974,73,72,ok,3.833421
CPP,10-30,eclipse-iceoryx-iceoryx,d14297c0fedfc35ef48c17c02c8f1ddd74889bae,iceoryx_platform/generic/include/iceoryx_versions.hpp,22,21,43,799,846,30,29,ok,0.478659
CPP,10-30,eclipse-iceoryx-iceoryx,d14297c0fedfc35ef48c17c02c8f1ddd74889bae,iceoryx_platform/qnx/include/iceoryx_platform/grp.hpp,26,25,51,992,1039,65,64,ok,2.758589
CPP,10-30,epoupon-lms,33759def78b5ea69c93c82b78f3ebb931b144ee3,src/libs/subsonic/impl/responses/ItemDate.hpp,29,29,58,888,889,60,50,ok,1.8749500000000001
CPP,10-30,epoupon-lms,b25e3b9b1e66625d8d8e4c3127e2e0b0839a510c,src/libs/audio/impl/ffmpeg/Utils.hpp,28,28,56,908,898,52,52,ok,1.888705
CPP,10-30,fbb-git-icmake,917dd90cc5a1e025adb3ba5f6f14538c6ed5460e,icmake/modmap/modules/modules1.cc,27,29,56,672,749,219,230,ok,24.309905999999998
CPP,10-30,fbb-git-icmake,ee0194a3caf2661f054531f0566f4828f431f6d2,icmake/modmap/support/createsymlink.cc,12,13,25,395,400,138,137,ok,8.718768
CPP,10-30,fktn-k-fkYAML,44a24df46c49ba930cc611df31861a9ee24da22e,docs/examples/ex_basic_node_is_anchor.cpp,24,24,48,861,861,117,117,ok,4.370024
CPP,10-30,fktn-k-fkYAML,4758cbbbf1ce3719cd29e48b657276d38065eca7,docs/examples/ex_basic_node_has_tag_name.cpp,26,26,52,828,829,123,123,ok,5.212089
CPP,10-30,fktn-k-fkYAML,4758cbbbf1ce3719cd29e48b657276d38065eca7,docs/examples/ex_basic_node_is_integer.cpp,17,17,34,596,597,69,69,ok,1.552324
CPP,10-30,fktn-k-fkYAML,4758cbbbf1ce3719cd29e48b657276d38065eca7,test/cmake_find_package_test/project/main.cpp,19,19,38,651,652,100,100,ok,4.488901
CPP,10-30,fktn-k-fkYAML,679ac5dd65a358e2e7b6acf2a1bca9f6c8ee63c4,examples/apis/basic_node/constructor_7.cpp,21,21,42,681,681,96,96,ok,3.044639
CPP,10-30,fktn-k-fkYAML,679ac5dd65a358e2e7b6acf2a1bca9f6c8ee63c4,examples/apis/basic_node/is_string.cpp,17,17,34,597,597,72,72,ok,1.716453
CPP,10-30,fktn-k-fkYAML,679ac5dd65a358e2e7b6acf2a1bca9f6c8ee63c4,examples/apis/macros/versions.cpp,16,16,32,639,639,67,67,ok,1.444795
CPP,10-30,fktn-k-fkYAML,679ac5dd65a358e2e7b6acf2a1bca9f6c8ee63c4,tests/cmake_add_subdirectory_test/project/main.cpp,19,19,38,651,651,100,100,ok,4.065448
CPP,10-30,fktn-k-fkYAML,e34b19f6b250391157e985bacc7a19525687c90f,docs/examples/ex_basic_node_sequence_type.cpp,19,19,38,687,687,91,91,ok,3.2989629999999996
CPP,10-30,fktn-k-fkYAML,e34b19f6b250391157e985bacc7a19525687c90f,docs/examples/ex_basic_node_size.cpp,29,29,58,971,971,194,194,ok,20.642055
CPP,10-30,fktn-k-fkYAML,eced7dbd6f8b2ba9edd7ad54962136f4094460e3,docs/examples/ex_basic_node_contains.cpp,29,29,58,978,978,183,183,ok,13.01234
CPP,10-30,fktn-k-fkYAML,eced7dbd6f8b2ba9edd7ad54962136f4094460e3,docs/examples/ex_basic_node_mapping_type.cpp,19,19,38,697,697,97,97,ok,4.061075
CPP,10-30,fktn-k-fkYAML,eced7dbd6f8b2ba9edd7ad54962136f4094460e3,docs/examples/ex_exception_constructor_noarg.cpp,20,20,40,630,630,84,84,ok,3.021463
CPP,10-30,fulhax-ncpamixer,e896593b18516da348ec0873e7086d1259334231,src/ui/tabs/output.hpp,14,13,27,179,176,49,51,ok,1.0423520000000002
CPP,10-30,higan-emu-higan,7af7ac0c17c6df1dd17861d9cfa886ef3b8e0fab,hiro/qt/header.hpp,23,13,36,579,267,63,37,ok,0.607442
CPP,10-30,inotify-tools-inotify-tools,e9e5b484a92cf833de90fdccdfce92a95560e928,libinotifytools/src/example.cpp,29,28,57,826,809,148,148,ok,10.512798
CPP,10-30,isc-projects-ethq,1fab09988d312966cc6a93ed7e85f0016a987aef,drv_virtio.cc,18,18,36,551,553,49,53,ok,1.198497
CPP,10-30,kitone-subtitleeditor,69096f7b8d0f446fdabd35105ceebd46708e0549,src/gtkmm_utility.cc,23,23,46,914,930,33,33,ok,0.350751
CPP,10-30,mackyle-blocksruntime,7324b65a1ae320b6f179470ce5bae26d4b14f268,lib/ubsan/lit_tests/Integer/no-recover.cpp,21,22,43,1047,1189,108,109,ok,5.425711
CPP,10-30,merryhime-mcl,a86a53843f82e4d6ca2f2e1437824495acad2712,include/mcl/bitsizeof.hpp,14,15,29,255,274,45,48,ok,0.937152
CPP,10-30,miracle-wm-org-miracle-wm,3b884fee32201d8353a0df5bc60680e89da032e4,tests/test_feature_flags.cpp,29,29,58,877,877,53,53,ok,0.868886
CPP,10-30,p7zip-project-p7zip,24c904b8256be348419d7b4789f375582cb2f7e1,CPP/7zip/Archive/Cab/CabHeader.cpp,15,15,30,314,299,75,75,ok,3.055399
CPP,10-30,p7zip-project-p7zip,24c904b8256be348419d7b4789f375582cb2f7e1,CPP/7zip/Archive/Iso/IsoHeader.cpp,12,12,24,205,193,51,51,ok,1.144371
CPP,10-30,p7zip-project-p7zip,24c904b8256be348419d7b4789f375582cb2f7e1,CPP/7zip/Archive/Wim/WimRegister.cpp,29,29,58,693,664,130,130,ok,20.932954
CPP,10-30,p7zip-project-p7zip,24c904b8256be348419d7b4789f375582cb2f7e1,CPP/7zip/Compress/BcjCoder.cpp,24,24,48,428,404,125,125,ok,13.855174
CPP,10-30,p7zip-project-p7zip,24c904b8256be348419d7b4789f375582cb2f7e1,CPP/7zip/Compress/LzmaRegister.cpp,22,22,44,307,285,69,69,ok,2.351273
CPP,10-30,rdiankov-collada-dom,94433cd7445db88420cd239e6a3d87bcbd2883cc,dom/src/dae/daeArray.cpp,23,23,46,484,478,101,101,ok,4.703114
CPP,10-30,ryochan7-sdl2-gamepad-mapper,e45ec5ab5e4b5cc581368bb6248c6489353e1853,registerqmltypes.cpp,23,25,48,992,1022,79,50,ok,1.5333720000000002
CPP,10-30,sebholt-qastools,1577855c8039f4cc61b8bfb720c387674cf4f89c,shared/src/views/device_selection_view_setup.cpp,13,17,30,326,380,44,62,ok,1.537126
CPP,10-30,serge-sans-paille-pythran,83eb4cbb62d46692a4a26d1e260b3f4990b3b00a,pythran/pythonic/include/builtins/file.hpp,23,22,45,496,475,96,96,ok,6.312455
CPP,10-30,serge-sans-paille-pythran,83eb4cbb62d46692a4a26d1e260b3f4990b3b00a,pythran/pythonic/include/numpy/imag.hpp,25,23,48,678,620,181,181,ok,24.343325
CPP,10-30,tree-sitter-grammars-tree-sitter-lua,4fbec840c34149b7d5fe10097c93a320ee4af053,bindings/node/binding.cc,20,19,39,573,520,170,140,ok,11.808183999999999
CPP,10-30,tree-sitter-tree-sitter-java,245b05c6ba900fa708242835f6168ef76f9d951e,bindings/node/binding.cc,20,20,40,575,577,170,170,ok,15.161864000000001
CPP,10-30,unittest-cpp-unittest-cpp,57fc32c1143a5e94da910ed6b6b345d2d278a3b1,UnitTest++/RequiredCheckTestReporter.cpp,29,29,58,682,682,156,156,ok,11.157968
CPP,10-30,voyageur-openglide,2288901e341623b5ea9a02ccd74a83a1b7f53434,platform/sdl/openglext.cpp,27,27,54,737,738,70,70,ok,2.0056890000000003
CPP,100-300,3MFConsortium-lib3mf,53bbc099a3228bfe9ba67826e2bd59a0ac756b9d,Source/Model/Classes/NMR_ModelSliceStack.cpp,202,207,409,5449,5544,1185,1203,ok,955.261965
CPP,100-300,3MFConsortium-lib3mf,64617f43d721e6c619282d692cf20a0b82e22dc2,Source/Common/Platform/NMR_ImportStream_Memory.cpp,233,228,461,6181,5933,1080,1066,ok,647.117413
CPP,100-300,AlexandreRouma-SDRPlusPlus,64315ebc618ffab9293370e22dc69793322b7ee4,decoder_modules/atv_decoder/src/main.cpp,231,243,474,7220,7566,2130,1985,timed_out,
CPP,100-300,ArcticaProject-nx-libs,b40d0b1aa1ba525a6c8ee225500ff81bdced04dc,nxcomp/src/CopyArea.cpp,199,199,398,7237,7234,1462,1462,timed_out,
CPP,100-300,CVC4-CVC4-archived,e37d0c385d698d46f14fb30e5a44de63c686fadb,src/expr/match_trie.cpp,199,199,398,5657,5657,1767,1767,timed_out,
CPP,100-300,CVC4-CVC4-archived,e37d0c385d698d46f14fb30e5a44de63c686fadb,src/prop/theory_proxy.cpp,169,169,338,5267,5262,1332,1332,timed_out,
CPP,100-300,CVC4-CVC4-archived,e37d0c385d698d46f14fb30e5a44de63c686fadb,src/theory/quantifiers/candidate_rewrite_filter.cpp,281,281,562,8777,8794,2180,2180,timed_out,
CPP,100-300,DadSchoorse-vkBasalt,ebaa75f19df5cdb1cf8f6bb0b93a49186a1895e9,src/config.cpp,191,193,384,5931,5933,1485,1485,timed_out,
CPP,100-300,GPUOpen-Drivers-xgl,53c29dbbea25928bebe5ac01fc5792b6f4ad1413,icd/api/color_space_helper.cpp,173,173,346,6409,6409,853,853,ok,643.7612499999999
CPP,100-300,Governikus-AusweisApp,4c9e0be04cbce5392c803dbcdbcbc325fb5ba520,src/ifd/base/TlsServer.cpp,99,105,204,2364,2426,699,727,ok,433.188037
CPP,100-300,Governikus-AusweisApp,522d8b0b1069709d1000c6061b31056d8b433dd3,test/qt/workflows/context/test_AccessRightManager.cpp,231,231,462,8759,8723,2318,2306,timed_out,
CPP,100-300,Governikus-AusweisApp,52e0547f544da99019edfdb1bdd99a78393bf087,src/network/HttpRequest.cpp,269,275,544,5574,5661,1782,1812,timed_out,
CPP,100-300,Governikus-AusweisApp,68e416cc97afacf487aca0ccc4e892549d51bc0d,src/core/context/RemoteServiceContext.cpp,134,135,269,3252,3377,735,770,ok,276.730329
CPP,100-300,Governikus-AusweisApp,68e416cc97afacf487aca0ccc4e892549d51bc0d,src/global/LanguageLoader.cpp,213,213,426,4407,4440,1353,1358,timed_out,
CPP,100-300,Governikus-AusweisApp,68e416cc97afacf487aca0ccc4e892549d51bc0d,src/ui/qml/CertificateDescriptionModel.cpp,167,167,334,5166,5134,1501,1501,timed_out,
CPP,100-300,Governikus-AusweisApp,7e84e665cf04f2ee4cbc61694b22ebc5bd57f0c3,src/ifd/base/messages/IfdStatus.cpp,189,186,375,4275,4190,1339,1315,timed_out,
CPP,100-300,Governikus-AusweisApp,7e84e665cf04f2ee4cbc61694b22ebc5bd57f0c3,src/ifd/local/LocalIfdClient.cpp,186,186,372,4313,4310,1189,1182,timed_out,
CPP,100-300,Governikus-AusweisApp,8973008230a77f6bb7b11981ef394dcd0c16bf83,test/qt/card/base/apdu/test_PacePinStatus.cpp,109,109,218,5622,5620,1661,1661,timed_out,
CPP,100-300,Governikus-AusweisApp,8973008230a77f6bb7b11981ef394dcd0c16bf83,test/qt/ui/scheme/test_UIPlugInScheme.cpp,242,243,485,9357,9514,2995,3028,timed_out,
CPP,100-300,Governikus-AusweisApp,9484181f86afef007dee27d44ce7372004311484,test/qt/card/base/test_ResponseApdu.cpp,173,173,346,5228,5228,1906,1906,timed_out,
CPP,100-300,Governikus-AusweisApp,e119c95900989d84b62cd04fb5459a0ee2c62a9d,src/card/base/CardInfo.cpp,293,299,592,7823,7824,1833,1864,timed_out,
CPP,100-300,Governikus-AusweisApp,fb0491a6cb9618eaff6a91d027c516970c25b960,src/card/base/asn1/ASN1Util.cpp,185,187,372,4150,4226,1284,1300,timed_out,
CPP,100-300,KikoPlayProject-KikoPlay,ebf2080f4900b0d24aa08dc126111109185aa8b7,UI/dialogs/trackersubscribedialog.cpp,118,120,238,5240,5376,1728,1751,timed_out,
CPP,100-300,LibtraceTeam-libprotoident,ed61aea3bc43e1060e964785eb13000a6659925a,lib/udp/lpi_xunlei.cc,169,171,340,5633,5718,1261,1290,timed_out,
CPP,100-300,Libvisual-libvisual,08a18e1c7cf6e21f2dff79072c24bae527535b60,libvisual/tests/video_test/video_load_test.cpp,144,152,296,4688,5073,1249,1345,timed_out,
CPP,100-300,Maratyszcza-NNPACK,633894a8b94ec59a5270380e52ecfb6a16c32a53,test/sgemm/neon.cc,98,137,235,1656,2703,639,954,ok,350.269339
CPP,100-300,MaskRay-ccls,2b6d3753f75ca276bcaa32f950eb3bc63a9ec810,index_tests/templates/template_class_template_func_usage_folded_into_one.cc,95,127,222,2209,2987,93,93,ok,3.956386
CPP,100-300,NVIDIA-cudnn-frontend,9793df569ce413f4b1844a9176f7ae24dd981603,samples/cpp/convolution/conv_dynamic_shape_benchmark.cpp,205,205,410,9802,9772,2605,2600,timed_out,
CPP,100-300,Ondsel-Development-OndselSolver,9b1529f3ed16660a2364edff6b656dfa90ce1b46,OndselSolver/OrbitAngleZIeqcJeqc.cpp,297,297,594,8165,8179,2942,2984,timed_out,
CPP,100-300,OpenNI-OpenNI,98501c4b49e3a887f0b8860bff88473b22eb7282,Source/OpenNI/Linux-x86/Linux-x86Processes.cpp,122,122,244,4677,4719,516,522,ok,146.419539
CPP,100-300,PDAL-PDAL,26536ae891d6b081f611e1ae662b977a0a2e722e,io/SbetReader.cpp,179,179,358,5054,5056,1017,1017,ok,790.0813840000001
CPP,100-300,PowerShell-PowerShell-Native,7b7b889e8a331fd0ea47082d5edbf80402ea51ad,src/powershell-native/nativemsh/pwrshcommon/ConfigFileReader.cpp,138,138,276,5385,5364,958,958,ok,861.4202789999999
CPP,100-300,ROCm-MIOpen,7845e5732d98eaa0e7e8f6913286a5e202a99b4a,src/include/miopen/conv/solver_finders.hpp,189,188,377,6987,6976,1197,1194,timed_out,
CPP,100-300,ROCm-Tensile,6f2dd7c461abb1a3a7bf87f187d2251230624629,Tensile/Source/lib/include/Tensile/Serialization/ContractionSolution.hpp,158,159,317,6740,6758,1480,1495,timed_out,
CPP,100-300,ROCm-hipBLAS,37f44213e12d0dbf5d08b82212a1f127efd25289,clients/gtest/blas2/ger_gtest.cpp,276,276,552,11188,11203,2420,2456,timed_out,
CPP,100-300,ROCm-hipBLAS,37f44213e12d0dbf5d08b82212a1f127efd25289,clients/gtest/blas2/spr_gtest.cpp,153,153,306,6000,6010,1052,1070,timed_out,
CPP,100-300,ROCm-hipSOLVER,421adfd4304ba91d21c4befa3114fbe5e566cf0a,clients/gtest/orgqr_ungqr_gtest.cpp,197,241,438,5458,6556,1001,1209,ok,627.3125859999999
CPP,100-300,ROCm-rocPRIM,22dcaf1a09be27bc65522a1065e537e6f68e085b,test/rocprim/test_block_shuffle.hpp,249,267,516,10482,11091,2264,2309,timed_out,
CPP,100-300,ROCm-rocPRIM,22dcaf1a09be27bc65522a1065e537e6f68e085b,test/rocprim/test_utils_types.hpp,283,284,567,12046,12658,1902,1872,timed_out,
CPP,100-300,ROCm-rocThrust,df75ae8520fad81f1dc9a4b3b66358137c34daa6,test/hipstdpar/test_algorithms.cpp,171,165,336,11042,10643,4722,4722,timed_out,
CPP,100-300,STEllAR-GROUP-hpx,ed5225b91a4f48cedecf61c4d1e6405bd269127a,libs/core/algorithms/include/hpx/parallel/util/detail/sender_util.hpp,192,189,381,8353,8174,1171,1162,timed_out,
CPP,100-300,STEllAR-GROUP-hpx,ed5225b91a4f48cedecf61c4d1e6405bd269127a,libs/full/collectives/include/hpx/collectives/latch.hpp,163,163,326,4947,4948,645,645,ok,294.43370899999996
CPP,100-300,SUSE-clang-extract,ac81bbb8f95e6409da2eeee8ef41cc9d7d970241,libcextract/ClangCompat.hh,105,116,221,3717,4040,651,724,ok,327.445053
CPP,100-300,Slackadays-Clipboard,4bc295fe613d1aa5536f11f08818e2e4f5ee11d7,src/cb/src/locales/en_us.cpp,126,127,253,11150,11271,1221,1246,ok,630.67661
CPP,100-300,Thalhammer-jwt-cpp,461162ca7938ecee8f93e4b7ed8a0927802c554c,tests/JwksTest.cpp,152,161,313,16703,16943,814,932,ok,450.364867
CPP,100-300,ThePhD-sol2,64e3823bd200913d3e92123cbb2e76d9ec377d3e,tests/regression_tests/simple/source/1315 - keep-alive memory.cpp,141,141,282,4850,4840,1210,1210,ok,958.3883589999999
CPP,100-300,TimothyGu-libilbc,444e04be6988fbdcc039d775481ac22481ff9ff4,audio/voip/audio_channel.cc,162,181,343,5468,6102,1061,1185,ok,931.202473
CPP,100-300,Tripwire-tripwire-open-source,728795af3d4d7901ef8e204fbbeee007ed9a8ca4,src/fco/genreswitcher.cpp,265,265,530,7478,7511,1280,1280,ok,927.838544
CPP,100-300,Tripwire-tripwire-open-source,f47e5e7a9d2ba13f81f305e10b25f80695770105,src/fs/fsfactory.cpp,131,133,264,3728,3765,594,606,ok,155.778857
CPP,100-300,Unidata-netcdf-cxx4,f412e60e7f3c94080a7fee0376433f3e27b0a9cc,examples/pres_temp_4D_wr.cpp,168,176,344,5510,5646,953,989,ok,518.744529
CPP,100-300,acfbuerger-fig2sxd,e76e6e52926a14c50e6769b2682c34f9aa6ee997,style_text.cpp,102,109,211,3462,3612,865,924,ok,598.9123079999999
CPP,100-300,aguinet-usbtop,ee64a34365b65e9b7b6618a8a71bd76c8dc0a62b,src/buses.cpp,128,127,255,3821,3815,771,823,ok,460.718278
CPP,100-300,airdcpp-web-airdcpp-webclient,1300e700bcc75d62876d1225f6a4365583f56753,airdcpp/Thread.cpp,155,155,310,3438,3438,880,880,ok,825.8505240000001
CPP,100-300,airdcpp-web-airdcpp-webclient,34c62249c487c0977c8d4e8e8bb5ff47b42745ba,airdcppd/Client.cpp,208,207,415,6141,6197,1519,1525,timed_out,
CPP,100-300,airdcpp-web-airdcpp-webclient,500d3dbe3479d5a094127ca705a77dc126fd2e83,airdcpp/UserQueue.cpp,240,240,480,6996,6996,2299,2299,timed_out,
CPP,100-300,airdcpp-web-airdcpp-webclient,6978e849c2cdc2dcf512aaf0207b1e8aab364132,airdcpp/GroupedSearchResult.cpp,190,190,380,5802,5810,1541,1538,timed_out,
CPP,100-300,airdcpp-web-airdcpp-webclient,6dfd253a9d1192bbce54079dc5bf8a2288c3d79b,airdcppd/Client.cpp,211,211,422,6358,6432,1571,1585,timed_out,
CPP,100-300,airdcpp-web-airdcpp-webclient,758e491c2ec67c9ae5e5b3a10d4cd40d5fed212f,airdcpp/SettingItem.cpp,144,144,288,5680,5680,1412,1412,timed_out,
CPP,100-300,airdcpp-web-airdcpp-webclient,960ee7627e2da15ed2fc2a064cc35bc9fb35977e,api/HistoryApi.cpp,128,128,256,5181,5181,1332,1332,timed_out,
CPP,100-300,airdcpp-web-airdcpp-webclient,c6cb335240d5318ce885e4329573d429d429b139,airdcpp/core/thread/Thread.cpp,163,163,326,3657,3710,906,906,ok,893.762291
CPP,100-300,ampache-browser-ampache_browser,4058dbdd2295168a83c4d3810a2ba8ac599b57ab,src/data/repositories/track_repository.cc,120,130,250,3218,3460,802,869,ok,389.283505
CPP,100-300,ampache-browser-ampache_browser,a90b020b5bae4b2935b2b66ed245d57a67423f60,src/ui/ampache_browser_main_window.cc,118,119,237,4341,4377,1100,1108,ok,754.518613
CPP,100-300,arximboldi-immer,3aa1ed326dc69b524e2610fb06d9abc074b89c68,test/extra/persist/test_array.cpp,174,175,349,5287,5307,1655,1662,timed_out,
CPP,100-300,ashaduri-gsmartcontrol,a5fddf1bb272c3944e3285b9193d860d220a9de2,src/applib/smartctl_json_basic_parser.cpp,234,234,468,9056,9062,2660,2663,timed_out,
CPP,100-300,bcgsc-abyss,ead5be40cc2dec15e0da4167f8c956406c98ec64,RResolver/BloomFilters.cpp,297,297,594,9411,9412,3022,3024,timed_out,
CPP,100-300,beltoforion-muparser,a326a5ee41e073170f2df726a6a065e192fce43e,src/muParser.cpp,255,260,515,8988,9302,1541,1655,timed_out,
CPP,100-300,beltoforion-muparserx,425abe33667d9dca5586976053d78a65dd6031af,parser/mpIOprtBinShortcut.cpp,102,98,200,3716,3428,343,343,ok,49.114278
CPP,100-300,bingmann-sound-of-sorting,c396075fc9b51b408c0a1894c9e335d8554fe8dd,src/wxg/WMain_wxg.cpp,158,158,316,10159,10165,2430,2430,timed_out,
CPP,100-300,bolero-MURAKAMI-Sprout,26299dad18a7e16fcb4873ce7f9f26a3d2ac1925,sprout/math/sigmoid.hpp,203,203,406,7074,7074,1972,1972,timed_out,
CPP,100-300,bolero-MURAKAMI-Sprout,ea06f925655602a39750c2fd4fc88ecb98c9860f,sprout/numeric/fixed/transform_inclusive_scan.hpp,183,183,366,9964,9964,2362,2362,timed_out,
CPP,100-300,calamares-calamares,196f85fa2cddc0f2020d2bdf63ccfcc459c9c2ca,src/modules/preservefiles/PreserveFiles.cpp,120,120,240,3150,3155,790,793,ok,390.274149
CPP,100-300,clMathLibraries-clBLAS,627c6545591d16da159bc6f479070441916f827c,src/library/blas/AutoGemm/UserGemmKernelSources/sgemm_Col_NT_B0_MX096_NX096_KX16_src.cpp,210,210,420,7031,6426,4607,4103,timed_out,
CPP,100-300,colobot-colobot,1774ba782c1e56958bc7ddf39a671dc9fc796e1c,colobot-base/src/common/resources/resourcemanager.cpp,262,263,525,7566,7587,2109,2112,timed_out,
CPP,100-300,colobot-colobot,a16771425a46c0000efca18d29269f4ee1ce8f20,src/ui/controls/check.cpp,158,158,316,3571,3571,770,770,ok,340.473978
CPP,100-300,colobot-colobot,a16771425a46c0000efca18d29269f4ee1ce8f20,test/unit/CBot/CBotToken_test.cpp,124,124,248,3962,3962,887,887,ok,667.246503
CPP,100-300,cosmos72-fstransform,12b0a0769b7327a1a57254a98f38e8c40f3bf122,fsremap/src/io/io_null.cc,147,147,294,3571,3573,455,455,ok,82.793127
CPP,100-300,cosmos72-fstransform,19708c36ff9e1656b63fc35e72dd7b2d64a695da,fsremap/src/tmp_zero.cc,105,123,228,3796,4275,920,986,timed_out,
CPP,100-300,cpputest-cpputest,0883df95b17f0257f9fff33f0fb8caea19e7fe4d,tests/CppUTest/SimpleMutexTest.cpp,104,104,208,3213,3229,379,379,ok,58.000238
CPP,100-300,cryfs-cryfs,935b66ffab76f6eef4049d802e74ce94188a7e08,vendor/cryptopp/vendor_cryptopp/ccm.cpp,139,139,278,4061,4076,1196,1205,ok,961.864263
CPP,100-300,dealii-dealii,dc1212fae310d35f0800dd5d93ee176059e803b4,tests/feinterface/fe_interface_view_03.cc,178,181,359,6348,6578,1380,1355,timed_out,
CPP,100-300,desktop-app-tg_owt,27922585372b9843c6da400ea79fa2fdc4231f6a,src/pc/external_hmac.cc,143,142,285,5081,5035,855,849,ok,323.62983899999995
CPP,100-300,dogecoin-dogecoin,3e18b4c002b7dc27fbf0cc357260a06a5605a258,src/qt/bantablemodel.cpp,187,186,373,4550,4517,1266,1258,timed_out,
CPP,100-300,dolphin-emu-dolphin,590b94975d23e03612c229fb7450e75b80daa17f,Source/Core/Core/HW/WiimoteReal/IOhidapi.cpp,207,211,418,6495,6591,1370,1392,timed_out,
CPP,100-300,epoupon-fileshelter,21f0875352ba002705c7150ac6a59ec9c37d0c9c,src/fileshelter/main/main.cpp,229,229,458,8578,8568,2901,2875,timed_out,
CPP,100-300,epoupon-lms,38efdfaf870c2aee960956895250b74b76ddf5ed,src/libs/services/artwork/impl/ArtworkService.cpp,259,288,547,8675,9855,2218,2509,timed_out,
CPP,100-300,epoupon-lms,39941d90a36a2d8f21d50a0307b4f0a6fd523467,src/lms/ui/MediaPlayer.hpp,134,133,267,4188,4138,745,745,ok,513.6476749999999
CPP,100-300,epoupon-lms,5d2db5c02b0a2a77fc82ecf5f36d61b2a640f9af,src/libs/database/include/database/objects/Image.hpp,119,120,239,4473,4495,1061,1064,timed_out,
CPP,100-300,extraqt-qdocumentview,9e784d8ae43b6d5c24e5a039291b208a7ed586b3,PdfView/PopplerDocument.cpp,231,236,467,6359,6498,1647,1692,timed_out,
CPP,100-300,fhackenberger-ktikz,ff69b1e230954f8c465935b05ce3ae35eeb4692a,app/editreplacewidget.cpp,145,147,292,5308,5550,1316,1353,timed_out,
CPP,100-300,fwbuilder-fwbuilder,9d1cf618ab45e86f8c99b82d2221ee88644e76e5,src/junosacl/junosacl.cpp,194,194,388,4772,4778,1021,1026,ok,577.4617079999999
CPP,100-300,fwbuilder-fwbuilder,bc40683f2a9135c45ec897459142b84c4f42accd,src/libgui/FirewallInstallerJuniper.cpp,266,271,537,8801,9181,1656,1802,timed_out,
CPP,100-300,google-cld3,7814e0e6616be0b9f7bec7695cf124627e74e2f4,src/language_identifier_features.cc,112,109,221,3895,3770,846,833,ok,602.596991
CPP,100-300,gschwind-page,3f4df091f0cd5faf8376d64708a89cba879f88e5,src/view_rebased.hxx,113,114,227,3191,3267,453,474,ok,209.17744199999999
CPP,100-300,hengband-hengband,41eea10fa961bf4ea4af43e90e8ee9b6cb84969c,src/monster/monster-compaction.cpp,162,162,324,4968,4979,1131,1131,ok,788.459388
CPP,100-300,hengband-hengband,d42f929580cc448b17ce551b375cf9e0e4f48e58,src/cmd-action/cmd-travel.cpp,201,201,402,6439,6445,1857,1858,timed_out,
CPP,100-300,intel-compute-runtime,147bd894ecc61c5bb509350210b32c4d9ac4db2a,level_zero/tools/source/debug/debug_handlers.cpp,136,136,272,5891,5873,1456,1453,timed_out,
CPP,100-300,intel-metrics-library,057b9836b9dc3c791fb28217a61d17afe5056a99,instrumentation/metrics_library/ddi/ml_ddi_query.hpp,182,165,347,6741,6017,844,694,ok,668.9705809999999
CPP,100-300,intel-metrics-library,a3bd6075c927b6ce20c7b176088fdd84f94b90b3,instrumentation/metrics_library/codegen/library/ml_export.cpp,259,259,518,9708,9708,1037,1037,timed_out,
CPP,100-300,jgemu-melonds,d1eff4acf568ec989fda7aa8c68d3567d59cce43,src/frontend/qt_sdl/NetplayDialog.cpp,193,193,386,4742,4742,1323,1323,ok,990.376585
CPP,100-300,jpbarrette-curlpp,5c97d52fcd3e779c63eba98df6b08d73cf69e68b,examples/example11.cpp,107,106,213,2845,2818,495,488,ok,144.41986
CPP,100-300,kitone-subtitleeditor,69096f7b8d0f446fdabd35105ceebd46708e0549,plugins/actions/preferences/preferencesplugin.cc,119,119,238,3394,3410,733,733,ok,341.31739500000003
CPP,100-300,ksnip-kImageAnnotator,25ccc68bb51142505a7d2be833828068e03c9cfd,tests/annotations/items/helper/KeyInputHelperTest.cpp,257,259,516,8913,9173,2452,2523,timed_out,
CPP,100-300,lammps-lammps,2e4e7ff034d71ca353af1533134871adade49d88,lib/kokkos/simd/unit_tests/include/TestSIMD_Construction.hpp,181,181,362,6568,6548,1783,1773,timed_out,
CPP,100-300,lammps-lammps,ff3159cc767256add0b356c9a62be9a4c750c826,src/MACHDYN/compute_smd_ulsph_stress.cpp,137,137,274,4713,4714,899,901,ok,566.290466
CPP,100-300,lammps-lammps,ff3159cc767256add0b356c9a62be9a4c750c826,src/compute.cpp,244,244,488,7525,7531,1630,1632,timed_out,
CPP,100-300,libigl-libigl,182e36df247e3bc14ae7d9a5ea8920908fa5cd15,include/igl/collapse_edge.cpp,202,200,402,7482,7434,2855,2845,timed_out,
CPP,100-300,meganz-MEGAsync,c6e396bc813bb6025304d5b2e6150dcb3e53697a,src/MEGASync/transfers/gui/TransferBaseDelegateWidget.cpp,245,252,497,6747,7011,1651,1735,timed_out,
CPP,100-300,metabrainz-libmusicbrainz,13429c466f18a65121b27c6e6abc827a48a0b0c4,examples/search.cc,115,115,230,3927,3927,1069,1069,timed_out,
CPP,100-300,metabrainz-libmusicbrainz,6438998bdc42007c8e51d302ecd213195a246570,src/Attribute.cc,122,123,245,2642,2676,607,613,ok,168.03054600000002
CPP,100-300,metabrainz-libmusicbrainz,b38cd071e806ff976933c49dae7225e8a403565c,src/Rating.cc,144,134,278,2967,2855,737,700,ok,255.00737099999998
CPP,100-300,metabrainz-libmusicbrainz,bef0976b2392e7119bf194e84e9060052b8f3bf3,src/ISRC.cc,161,161,322,3179,3179,824,824,ok,320.003461
CPP,100-300,microsoft-terminal.git,2e78665ee01e25366e329ba0040c89a143a45a44,src/interactivity/win32/SystemConfigurationProvider.cpp,221,221,442,8783,8764,1377,1377,timed_out,
CPP,100-300,milkytracker-MilkyTracker,ad02c50c425fb9431849a55a4efd278551f2dc87,src/tracker/FileIdentificator.cpp,174,176,350,3451,3525,848,877,ok,400.151233
CPP,100-300,mothur-mothur,ef2e737fba43315af6d43f7baed8cca699545e54,source/datastructures/sequence.hpp,114,115,229,2888,2910,633,641,ok,210.469528
CPP,100-300,openscenegraph-OpenSceneGraph,df901fba7acff353feab5f766e2d7a914d804799,src/osgPlugins/gstreamer/GStreamerImageStream.cpp,262,263,525,6732,6763,1644,1653,timed_out,
CPP,100-300,pellegre-libcrafter,0653518de1dbcf6218b6a3ce19cf1b59a57e19f1,libcrafter/crafter/Protocols/DNSAnswer.cpp,277,275,552,8407,8321,1858,1850,timed_out,
CPP,100-300,pgRouting-pgrouting,a6333d91f01564b74907d7c10bcd046f600752f3,src/astar/astar_driver.cpp,162,162,324,4917,4935,1098,1104,ok,818.335291
CPP,100-300,pgadmin-org-pgagent,ad15488f38eee7cfeaa8a41e292da2472aca086f,pgAgent.cpp,244,244,488,6480,6480,1185,1185,timed_out,
CPP,100-300,phatina-simple-mtpfs,76be4031702325260db9be194197b1a8b50f6550,src/simple-mtpfs-type-dir.cpp,165,165,330,3956,3956,1186,1186,ok,694.936921
CPP,100-300,pocoproject-poco,8a4a2955d5813ca3cffec73c365f660b267d4dcb,Crypto/src/CipherKeyImpl.cpp,245,245,490,4806,4854,1509,1517,timed_out,
CPP,100-300,pocoproject-poco,8a4a2955d5813ca3cffec73c365f660b267d4dcb,Foundation/src/SHA1Engine.cpp,291,291,582,8301,8229,2592,2592,timed_out,
CPP,100-300,realnc-SDL_audiolib,32d7821bbc84dd49014fddb447b0c1b67937e37b,src/aulib.cpp,171,197,368,4938,5588,1078,1248,ok,941.059931
CPP,100-300,retrontology-sup2srt,44d05f31202891b829b88d08fe39dcb411aba540,src/sup2srt.cpp,158,158,316,3973,3979,1366,1368,timed_out,
CPP,100-300,rnpgp-sexpp,5ae864610229ad1616b2b96d1d0b9b3cc68ed52c,tests/src/compare-files.cpp,126,126,252,4065,4065,898,901,ok,532.4988010000001
CPP,100-300,rockowitz-ddcui,f48495f9b4f009e89e014b6ed25c672e16aed355,src/nongui/msgbox_queue.cpp,151,150,301,3999,3924,949,993,ok,595.218526
CPP,100-300,rpav-c2ffi,8b5c246b497270a03c9d3155b36056bea796428c,src/Expr.cpp,224,214,438,7171,6667,2038,1833,timed_out,
CPP,100-300,s-yata-marisa-trie,d98750ca4e946b00be97c674cf38574bdda12056,tools/marisa-common-prefix-search.cc,147,148,295,4197,4235,1317,1329,timed_out,
CPP,100-300,sadko4u-lsp-plugins,3441a7f4cc54c4268ad5e8834d5e7f9cde51dde8,src/testing/mtest/core/files/any3d.cpp,111,125,236,3266,4052,1003,1003,ok,822.5772529999999
CPP,100-300,sass-libsass,b9779670b04ed6d72a557377e2ca1e172ad3bd66,src/parser_selectors.cpp,189,189,378,5689,5688,1453,1453,timed_out,
CPP,100-300,sciapp-gr,89e0ac9dc7567b577ef9ed63763bf8f2921abfaa,lib/grm/include/grm/layout.hxx,112,113,225,2974,3000,887,898,ok,675.938364
CPP,100-300,serge-sans-paille-pythran,83eb4cbb62d46692a4a26d1e260b3f4990b3b00a,pythran/pythonic/builtins/str.hpp,107,105,212,2272,2273,615,615,ok,316.748045
CPP,100-300,serge-sans-paille-pythran,83eb4cbb62d46692a4a26d1e260b3f4990b3b00a,pythran/pythonic/include/utils/numpy_traits.hpp,210,204,414,4439,4394,1510,1510,timed_out,
CPP,100-300,sigrokproject-pulseview,1ed73ebd60336c7b12ee1807644dca719cb9835b,pv/widgets/sweeptimingwidget.cpp,197,201,398,4559,4657,1385,1421,timed_out,
CPP,100-300,supermerill-SuperSlicer,c184cc7f3289078ab3856dd71d12d1a8c662253d,src/slic3r/GUI/Search.hpp,271,274,545,8456,8609,1903,1937,timed_out,
CPP,100-300,vprover-vampire,170584c6c488ff6c4943349780c7efdabf2b8aed,Lib/Reflection.hpp,259,258,517,9818,9795,334,331,ok,70.274405
CPP,100-300,wanduow-libprotoident,060243123a774d44f88ee821d5993796d1f16fb1,lib/udp/lpi_h1z1.cc,113,107,220,3208,3058,582,582,ok,200.972251
CPP,100-300,xiota-xboxdrv,584c4e31b14a6336e78f11b73201b0a58d708db5,src/chatpad.hpp,211,207,418,5033,5008,1018,1018,ok,790.1718129999999
CPP,100-300,xiota-xboxdrv,8dc88b52e29f22fc9a23b716fe84b7f5ffc859ca,src/udev_subsystem.cpp,212,212,424,6677,6675,1414,1414,timed_out,
CPP,100-300,xmrig-xmrig,b02519b9f5ecdf721491b1e5263478dced3ee04c,src/crypto/common/VirtualMemory_unix.cpp,283,286,569,7127,7347,1636,1702,timed_out,
CPP,100-300,zaphoyd-websocketpp,4100fc3ce799de8bcd9a808125717484f9671f38,websocketpp/message_buffer/alloc.hpp,105,105,210,3901,3901,313,313,ok,161.725379
CPP,100-300,zaphoyd-websocketpp,7413885f6b95587574a869623537daf15a882ce0,examples/print_client_tls/print_client_tls.cpp,249,249,498,10262,10296,1438,1446,timed_out,
CPP,100-300,zerotier-ZeroTierOne,342fa9d33faddca817757835106b47f765225692,node/SHA512.cpp,276,276,552,11089,10212,3311,3311,timed_out,
CPP,1000-3000,Beep6581-RawTherapee,01e8af8c8992e8182d7bebaf9a1caf4d441b6cc8,rtgui/toolpanelcoord.cc,2040,2045,4085,68832,69035,16549,16587,timed_out,
CPP,1000-3000,Beep6581-RawTherapee,16db6186ddf4f1d8e2cc0c6d744071ce1195163d,rtengine/dcrop.cc,2130,2142,4272,97827,98496,22785,22870,timed_out,
CPP,1000-3000,Beep6581-RawTherapee,16e502f1c50c8c0e10a5e014691e1c812a518c57,src/tables/colordata.cpp,1892,1910,3802,98763,99502,29089,29300,timed_out,
CPP,1000-3000,Beep6581-RawTherapee,3f65a0bdf114774a9d1e6dd2bc1df2a803d4e9d0,rtengine/simpleprocess.cc,2390,2391,4781,102509,102543,24367,24376,timed_out,
CPP,1000-3000,Beep6581-RawTherapee,4291c33fe4df4464f81fcf4d258caa25c3695e04,rtgui/cropwindow.cc,2782,2813,5595,111728,112686,27779,27987,timed_out,
CPP,1000-3000,Beep6581-RawTherapee,4358c2d7a62bd96d061e4f3bbcaced6d3f5a8943,rtgui/framing.cc,1002,1002,2004,32294,32294,8823,8823,timed_out,
CPP,1000-3000,Beep6581-RawTherapee,82129b304d4bb78281a9726ecba447bd086100e5,rtgui/colortoning.cc,1643,1643,3286,68194,68195,19336,19336,timed_out,
CPP,1000-3000,Beep6581-RawTherapee,8e312d9c02241031fa091db50546d16d147b17be,rtengine/dcrop.cc,2064,2121,4185,93818,96970,21936,22761,timed_out,
CPP,1000-3000,Beep6581-RawTherapee,b16287ff6f0781f2e8d0ac14a85425cae3eaef44,rtgui/thumbnail.cc,1412,1412,2824,42478,42570,11067,11096,timed_out,
CPP,1000-3000,Beep6581-RawTherapee,e4087e2fa2f4b0bcee08e1aa903df1a3201c86d2,rtgui/whitebalance.cc,1250,1283,2533,46451,48341,13237,13631,timed_out,
CPP,1000-3000,Beep6581-RawTherapee,f6010c13c6856dedab14c9a61ec9ce2321deeeee,rtgui/preferences.cc,2880,2883,5763,130999,131169,39969,40028,timed_out,
CPP,1000-3000,Blub-netevent,02213efa36ce22383a194172074f86e16ebf32fc,src/daemon.cpp,1396,1396,2792,32803,32828,12448,12461,timed_out,
CPP,1000-3000,CSCsw-ColPack,80efcde77a79ae365a2404244524470c9030cc90,src/BipartiteGraphBicoloring/BipartiteGraphVertexCover.cpp,2055,2041,4096,59973,59349,15238,15238,timed_out,
CPP,1000-3000,CVC4-CVC4-archived,c752258539ddb4c97b4fcbe7481cb1151ad182d0,src/theory/quantifiers/extended_rewrite.cpp,1757,1764,3521,50249,51037,15417,15444,timed_out,
CPP,1000-3000,CVC4-CVC4-archived,e37d0c385d698d46f14fb30e5a44de63c686fadb,src/theory/arrays/theory_arrays.cpp,2317,2317,4634,77987,77987,22474,22474,timed_out,
CPP,1000-3000,Cantera-cantera,918bf931520b5df1363e965d23d36b7a5a859853,src/oneD/Flow1D.cpp,1489,1489,2978,49969,49987,15623,15623,timed_out,
CPP,1000-3000,Cockatrice-Cockatrice,c5fde071e79c162fa20a74d133b97c9488a4cb95,cockatrice/src/interface/widgets/tabs/tab_game.cpp,1505,1500,3005,55244,55076,15187,15166,timed_out,
CPP,1000-3000,DreamSourceLab-DSView,0e3eac9790f8b37c5085d586a267c7a2d61a8018,DSView/pv/mainwindow.cpp,2214,2215,4429,77526,77589,18171,18189,timed_out,
CPP,1000-3000,GPUOpen-Drivers-xgl,0387177d6143533c88ff0d5ac045bf3994ee618b,icd/api/vk_graphics_pipeline.cpp,1586,1589,3175,68706,68924,11435,11483,timed_out,
CPP,1000-3000,GPUOpen-Drivers-xgl,0387177d6143533c88ff0d5ac045bf3994ee618b,icd/settings/settings.cpp,1338,1361,2699,54886,55641,7358,7438,timed_out,
CPP,1000-3000,GPUOpen-Drivers-xgl,194a181da7e2cca5f70ec0f9e65119955b3d2b47,icd/api/vk_graphics_pipeline.cpp,2103,2207,4310,90511,95410,15343,16322,timed_out,
CPP,1000-3000,GPUOpen-Drivers-xgl,6288905587fafc221b60045bceba73cf26e433ad,icd/api/devmode/devmode_mgr.cpp,2651,2654,5305,96687,96810,16889,16916,timed_out,
CPP,1000-3000,GPUOpen-Drivers-xgl,67cd9d1d3016c0522ddf83ba0a0b2bda0de27d4c,icd/api/vk_render_pass.cpp,1138,1138,2276,41990,41990,7186,7186,timed_out,
CPP,1000-3000,GPUOpen-Drivers-xgl,67cd9d1d3016c0522ddf83ba0a0b2bda0de27d4c,icd/imported/gputexdecoder/gpuTexDecoder.cpp,1309,1309,2618,65020,65020,20597,20597,timed_out,
CPP,1000-3000,GPUOpen-Drivers-xgl,7f36d0ea5f628749268897f683f15819b2d26dfe,icd/api/vk_graphics_pipeline.cpp,2060,2041,4101,88538,87882,14933,14813,timed_out,
CPP,1000-3000,GPUOpen-Drivers-xgl,8a67c76eedb8400fb5d3b1e7b6a3894efdc7a3b9,icd/api/vk_pipeline_layout.cpp,1748,1748,3496,72543,72533,10718,10722,timed_out,
CPP,1000-3000,GPUOpen-Drivers-xgl,8e7968c48914873b1c98b21cfb079573f9488d79,icd/api/vk_dispatch.cpp,1066,1078,2144,59042,59794,6104,6184,timed_out,
CPP,1000-3000,Gaius-Augustus-Augustus,1a4f7d6f357befc05608df3947a543f133f1cf9f,src/geneMSA.cc,2404,2404,4808,107369,107367,27457,27457,timed_out,
CPP,1000-3000,Infiltrator-7k-ambition,90514ffb69cbbc761b9c25259f1ecdf6a2c2296c,src/OF_HARB.cpp,1493,1493,2986,39894,40111,9065,9086,timed_out,
CPP,1000-3000,JakubMelka-PDF4QT,c2426eec2cf7b3fd4ef6d9fa8f69b2473835d9d9,Pdf4QtLibWidgets/sources/pdfitemmodels.cpp,1206,1252,2458,34409,36122,8801,9273,timed_out,
CPP,1000-3000,KikoPlayProject-KikoPlay,9a089dd68b3071b1a5a5b1fbb3111011b411c553,UI/mainwindow.cpp,1031,1036,2067,37132,37344,11054,11132,timed_out,
CPP,1000-3000,MegaGlest-megaglest-source,c6823ee04bab371dd7d35b1fe26bcc2ca69b5133,source/shared_lib/sources/xml/xml_parser.cpp,1252,1134,2386,40362,41477,11044,11044,timed_out,
CPP,1000-3000,Nheko-Reborn-mtxclient,d6a0a4ebee83275dbbeb999679a22a7d238326ff,lib/http/client.cpp,1884,1885,3769,72019,72106,21068,21088,timed_out,
CPP,1000-3000,OctoMap-octomap,8178b4f28c72a8c7b84ece25bda7a59df8d14eb8,octovis/src/extern/QGLViewer/camera.cpp,2209,2209,4418,79872,79870,13563,13563,timed_out,
CPP,1000-3000,Ondsel-Development-OndselSolver,a0ed650e0ea5f597f5a2c0c799815174331f3d92,OndselSolver/ASMTAssembly.cpp,1648,1649,3297,51058,51068,19249,19256,timed_out,
CPP,1000-3000,OpenChemistry-avogadrolibs,da80c3ad50243c89d60b365f5950f9c5e22ff79d,avogadro/qtplugins/surfaces/surfaces.cpp,1047,1049,2096,34158,34223,10102,10121,timed_out,
CPP,1000-3000,POV-Ray-povray,5219e71cf09f586faa3cee013468f5083231ecff,vfe/vfesession.cpp,1103,1109,2212,38438,38553,6560,6592,timed_out,
CPP,1000-3000,POV-Ray-povray,67698fd26f088285853b8a62dca56fa6db3d18d0,source/core/scene/object.cpp,1112,1112,2224,28672,28653,6666,6661,timed_out,
CPP,1000-3000,PixarAnimationStudios-OpenSubdiv,57847e625cf3a9fa8b43d0cf6722976093a83812,opensubdiv/far/patchBuilder.cpp,1624,1624,3248,62921,62973,12206,12226,timed_out,
CPP,1000-3000,PowerShell-PowerShell-Native,99ea9db33b65d9f024725f573c85c8f6515e3922,src/powershell-native/nativemsh/pwrshcommon/pwrshcommon.cpp,1574,1578,3152,54588,54724,8253,8273,timed_out,
CPP,1000-3000,QtExcel-QXlsx,0868573fd4ed80041c716d8a471e3c0c703bc1b8,QXlsx/source/xlsxworksheet.cpp,2913,2897,5810,99600,99339,27297,26894,timed_out,
CPP,1000-3000,QtExcel-QXlsx,b1a997655d4d3ffd83f22ed9cf35c6c14771dfd8,QXlsx/source/xlsxworksheet.cpp,2880,2878,5758,98801,98774,26859,26847,timed_out,
CPP,1000-3000,ROCm-clr,e674af3edbb2d9e6ed6d0c0cf50b127dfd2b49c3,rocclr/device/rocm/rocblit.cpp,2829,2830,5659,116427,116467,29714,29724,timed_out,
CPP,1000-3000,ROCm-rocPRIM,400883412d56067a331b881a29e5f906d4cb4e70,rocprim/include/rocprim/device/detail/device_partition.hpp,1120,1180,2300,47583,50107,7271,7721,timed_out,
CPP,1000-3000,ROCm-rocPRIM,678701d13b9c1464d59843ead73816acb1716008,test/rocprim/test_device_select.cpp,1931,1561,3492,73282,59488,14420,11936,timed_out,
CPP,1000-3000,ROCm-rocSOLVER,bc8192600435a586e62014f941fa3586a99598de,library/src/auxiliary/rocauxiliary_stedc.hpp,1365,2677,4042,53674,103896,9712,19221,timed_out,
CPP,1000-3000,STEllAR-GROUP-hpx,4cf24cdba1c81914ae5605a6a191bb1d976ca8ec,libs/core/algorithms/include/hpx/parallel/algorithms/minmax.hpp,1011,1011,2022,45868,45859,6061,6061,timed_out,
CPP,1000-3000,STEllAR-GROUP-hpx,ed5225b91a4f48cedecf61c4d1e6405bd269127a,libs/full/agas/include/hpx/agas/addressing_service.hpp,1222,1221,2443,57872,57823,5845,5842,timed_out,
CPP,1000-3000,Slackadays-Clipboard,e4cf83c082544920346ed1aafe9c62fcf99cb910,src/cbx11/src/x11.cpp,1310,1318,2628,45106,45146,13349,13349,timed_out,
CPP,1000-3000,TASEmulators-fceux,3f1e080672400938563e44bf15a395eb20e9bbea,src/boards/mmc5.cpp,1086,1086,2172,29433,29433,10385,10385,timed_out,
CPP,1000-3000,Tripwire-tripwire-open-source,e04b97132bc5e9c6781eb942c4e1f7f44abaad1c,src/twparser/yyparse.cpp,1486,1486,2972,45705,45705,11283,11283,timed_out,
CPP,1000-3000,airdcpp-web-airdcpp-webclient,6b403d06a6e76d170fb484171c9b0695b418576f,airdcpp/ConnectionManager.cpp,1235,1263,2498,41631,42751,12975,13363,timed_out,
CPP,1000-3000,airdcpp-web-airdcpp-webclient,c6cb335240d5318ce885e4329573d429d429b139,airdcpp/share/ShareManager.cpp,1303,1303,2606,40600,40810,11973,11971,timed_out,
CPP,1000-3000,anope-anope,be965f2618f9ca6f3f15d69dc8875070e2bc50a4,modules/botserv/bs_kick.cpp,1510,1510,3020,42429,43233,14695,14902,timed_out,
CPP,1000-3000,anthwlock-untrunc,cf48206b898cc4ba124598dcbd25f6a6ccf08b77,src/mp4.cpp,2360,2360,4720,68808,68817,24432,24437,timed_out,
CPP,1000-3000,apertium-lttoolbox,2673591053304ff0b28e876ec7bcce266b892f0c,lttoolbox/fst_processor.cc,2539,2539,5078,60146,60164,19457,19465,timed_out,
CPP,1000-3000,aws-aws-sdk-cpp,44d5c9bfdbc0d320ce224d5ff08872e79c06a1a7,generated/src/aws-cpp-sdk-eks/source/EKSClient.cpp,2457,2665,5122,190571,206775,40251,43746,timed_out,
CPP,1000-3000,bcgsc-abyss,cb8c4f20a83889217b1a5809b1b8979563fb02cd,RResolver/RAlgorithmsShort.cpp,1308,1311,2619,39767,39901,13079,13140,timed_out,
CPP,1000-3000,bitcoin-bitcoin,3a646ec4626441c8c2946598f94199a65d9646d6,src/txmempool.cpp,1088,1095,2183,40143,40368,10907,10968,timed_out,
CPP,1000-3000,bitcoin-bitcoin,faa9d10c84bc6b465cbca266468990cc716b4300,src/test/transaction_tests.cpp,1272,1272,2544,61531,61535,16536,16540,timed_out,
CPP,1000-3000,blackhole89-notekit,3dcf7e7ccc324d6039e8d30aa6e691eba9d6fbba,notebook.cpp,1465,1465,2930,44915,44922,13977,13984,timed_out,
CPP,1000-3000,bulletphysics-bullet3,3963f077fc4e36809eed33b65117315d9610e3aa,examples/OpenGLWindow/GLInstancingRenderer.cpp,2778,2787,5565,93644,93838,24381,24458,timed_out,
CPP,1000-3000,cgdb-cgdb,9530cb9e382aa3b993cc989bb74c3100c872deef,cgdb/sources.cpp,1439,1440,2879,41535,41577,9608,9622,timed_out,
CPP,1000-3000,cgdb-cgdb,a7c00e7096d20944fe3eec9823f333616273f522,cgdb/interface.cpp,1838,1838,3676,49942,49948,9394,9396,timed_out,
CPP,1000-3000,coin-or-CHiPPS-BiCePS,4071328a0fff7bdeccbbab34b1241d5a95544f96,Bcps/src/BcpsNodeDesc.cpp,1039,1040,2079,36313,36392,7934,7934,timed_out,
CPP,1000-3000,dolphin-emu-dolphin,458bb05af910323e98a29638377fbe868a4d58c4,Source/Core/Core/Core.cpp,1079,1115,2194,31977,32676,7457,7632,timed_out,
CPP,1000-3000,dolphin-emu-dolphin,dd941bed70ddfad689f095488b71bf783310aec2,Source/Core/Core/AchievementManager.cpp,1644,1645,3289,58547,58625,14512,14536,timed_out,
CPP,1000-3000,duckdb-duckdb,de24a6751a42bce8081672d4cba825ad9a1196c9,tools/shell/shell_renderer.cpp,1361,1560,2921,37303,42384,12726,14635,timed_out,
CPP,1000-3000,epoupon-lms,0ceaf4cfaa97d38e170dd676da8b2bef7611ac2e,src/libs/database/impl/Migration.cpp,1545,1651,3196,68838,72820,8752,8946,timed_out,
CPP,1000-3000,erincatto-Box2D,cfa9ef1b76256f92ec3e26a1a20521e50dddac19,samples/draw.cpp,1420,1420,2840,35864,35860,10182,10182,timed_out,
CPP,1000-3000,extraqt-qdocumentview,e101e48683471829e97882f331e7a07809bedca7,View/ViewImpl.cpp,1107,1426,2533,36620,46569,9277,12319,timed_out,
CPP,1000-3000,facebookincubator-gloo,306281afeccf86f527dff88b537bd08fef150a24,gloo/transport/tcp/pair.cc,1106,1109,2215,32003,32136,7376,7381,timed_out,
CPP,1000-3000,fenrus75-powertop,2b133ed512c6852cf81cb98831bdfd585c0317bf,src/process/do_process.cpp,1230,1230,2460,29851,29773,10959,10959,timed_out,
CPP,1000-3000,fktn-k-fkYAML,248dcba5354d0b9ddf58e3ba033898b07f0cff1e,include/fkYAML/detail/input/input_adapter.hpp,1051,1051,2102,42308,42380,8898,8910,timed_out,
CPP,1000-3000,fktn-k-fkYAML,248dcba5354d0b9ddf58e3ba033898b07f0cff1e,include/fkYAML/node.hpp,1814,1814,3628,85865,86083,15045,15096,timed_out,
CPP,1000-3000,fosnola-libstaroffice,4dc3b5d69479314aea08a19a3e572d88323acd83,src/lib/StarObjectText.cxx,1935,1935,3870,62808,62818,19602,19612,timed_out,
CPP,1000-3000,fosnola-libstaroffice,aa2613747e1ec213fdbd6f60396bd906f8438ccb,src/lib/StarObjectModel.cxx,1270,1304,2574,40971,42256,14172,14601,timed_out,
CPP,1000-3000,freebsd-kyua,624992b2efc751c501b366fcbc41edd31763c20e,engine/scheduler_test.cpp,1246,1246,2492,47377,47338,10845,10836,timed_out,
CPP,1000-3000,fwbuilder-fwbuilder,a8f38647c9e4a2f61e1773d3b90fc1050185850a,src/pflib/NATCompiler_pf.cpp,1378,1378,2756,45210,45357,11139,11139,timed_out,
CPP,1000-3000,gitahead-gitahead,c0754a0e061352c8d8d4434952115796063c9401,src/editor/ScintillaQt.cpp,1154,1155,2309,32285,32344,8924,8943,timed_out,
CPP,1000-3000,godotengine-godot,ad4b910a104f2ab1f8cc2ecd97cc6796a6ab66bc,servers/display/display_server.cpp,2232,2236,4468,109880,110104,27250,27289,timed_out,
CPP,1000-3000,godotengine-godot,b8389cc76bde87c709cf821e48c5c87ad2d74cdb,servers/rendering/renderer_viewport.cpp,1712,1736,3448,67155,68212,15582,15818,timed_out,
CPP,1000-3000,godotengine-godot,c9249346c4e42299aad9f8fd24dce782b4443b52,editor/inspector/editor_resource_picker.cpp,1769,1769,3538,63203,63197,17896,17914,timed_out,
CPP,1000-3000,godotengine-godot,e298af3c7151fc38e7c3e72548b8a9c512b6a3d7,editor/settings/editor_settings_dialog.cpp,1199,1207,2406,50392,50629,12740,12798,timed_out,
CPP,1000-3000,godotengine-godot,f5a290ac462765afca34e64dd39f883511510147,servers/rendering/renderer_rd/storage_rd/particles_storage.cpp,2014,2015,4029,81152,81279,20314,20320,timed_out,
CPP,1000-3000,godotengine-godot.git,ba268416d564b23e04d145894066ce6878f62faf,servers/rendering/renderer_rd/storage_rd/particles_storage.cpp,2007,2014,4021,81154,81152,20228,20314,timed_out,
CPP,1000-3000,gogglesmm-gogglesmm,07150e614037005640ab58a9d44f5eea01c54592,cfox/lib/FXList.cpp,2075,2072,4147,54499,54538,17721,17793,timed_out,
CPP,1000-3000,google-breakpad,85bae784aa5fb59ba63e230a934e7dcc0e00b810,src/client/linux/handler/exception_handler_unittest.cc,1311,1310,2621,44498,44566,10495,10552,timed_out,
CPP,1000-3000,google-flatbuffers,4b823b1b98b65525e412e34db0f8eeb28955d0bd,src/idl_gen_python.cpp,2976,2976,5952,109530,109534,30203,30203,timed_out,
CPP,1000-3000,gqrx-sdr-gqrx,740d80904e240c5db47d72d8170358013c876b9c,src/applications/gqrx/remote_control.cpp,1020,1020,2040,26768,26810,6732,6732,timed_out,
CPP,1000-3000,gqrx-sdr-gqrx,9124f99497523a8b55154f350b3ea65fa95e2635,src/applications/gqrx/remote_control.cpp,1055,1052,2107,27803,27749,6961,6950,timed_out,
CPP,1000-3000,grpc-grpc,185abba8495dc9920e121ff77b682d9db772fc3b,src/core/ext/transport/chttp2/transport/http2_client_transport.cc,2073,2073,4146,93021,92957,15787,15789,timed_out,
CPP,1000-3000,hengband-hengband,e0ebf92d4e0fa45f7d3dd9322e64b4f25a3d9009,src/system/item-entity.cpp,1595,1595,3190,41221,41220,10000,10000,timed_out,
CPP,1000-3000,hyprwm-Aquamarine,79b515fc442d422658c18ca7a887c4c0f9556231,src/backend/drm/Renderer.cpp,1173,1175,2348,45209,45294,11348,11411,timed_out,
CPP,1000-3000,ice-wm-icewm,5ff1f7f0a84897043418c17ae43810c6c86d5af5,src/wmclient.cc,2009,2010,4019,66004,65886,19527,19488,timed_out,
CPP,1000-3000,ice-wm-icewm,670a60c6d2e0861cc4e7cd3aeebe6c5ae49b8e5d,src/icehelp.cc,2860,2860,5720,84285,84299,27117,27121,timed_out,
CPP,1000-3000,imneme-pcg-cpp,f45471eb392d4f3d92bdf00c12e5b3015d9abf84,include/pcg_random.hpp,1951,1951,3902,73449,73454,14159,14159,timed_out,
CPP,1000-3000,jarro2783-cxxopts,5e6d1e29f7546d9d94fe3d193b788b280bf1f37d,test/options.cpp,1159,1193,2352,33679,34534,15172,15509,timed_out,
CPP,1000-3000,jaymzh-iptstate,ba5483d0be144dc6d6454f8252ce54de36c02be6,iptstate.cc,2816,2816,5632,75921,75913,19417,19410,timed_out,
CPP,1000-3000,jgemu-melonds,d1eff4acf568ec989fda7aa8c68d3567d59cce43,src/NDSCart.cpp,2048,2048,4096,57892,57892,17304,17304,timed_out,
CPP,1000-3000,jgemu-nestopia,7065af9b48d8576f9e6278aa54fec2a433e1ae12,src/NstXml.cpp,1322,1324,2646,25257,25289,9130,9142,timed_out,
CPP,1000-3000,kvirc-KVIrc,5882316f4ccd20a768ae296e1d7efcdfed45d0a3,src/kvirc/kvs/KviKvsCoreFunctions_gl.cpp,1144,1144,2288,29848,29860,3661,3671,timed_out,
CPP,1000-3000,kvirc-KVIrc,5882316f4ccd20a768ae296e1d7efcdfed45d0a3,src/kvirc/kvs/object/KviKvsObject.cpp,1850,1850,3700,64753,64765,10885,10895,timed_out,
CPP,1000-3000,lancos-ponyprog,a1b4ecb588ef46d68c1d6c6d0b8fa7c2173b67dd,SrcPony/mpsse_interf.cpp,1226,1240,2466,22629,22755,7261,7316,timed_out,
CPP,1000-3000,lldb-tools-lldb-mi,513f414498fa89dc49e4975165d6a01fce7be592,src/MICmdCmdBreak.cpp,1022,1130,2152,35286,39225,5525,6329,timed_out,
CPP,1000-3000,luau-lang-luau,282ddfade7f3b9b675dd61aa9120076b10aaaf42,tests/TypeFunction.user.test.cpp,2569,2591,5160,75493,76412,10996,11134,timed_out,
CPP,1000-3000,luau-lang-luau,535f92589bdc304c8a2012d6cfad5e7b9faff2f7,tests/IrLowering.test.cpp,2662,2978,5640,58403,67398,5257,6064,timed_out,
CPP,1000-3000,meganz-MEGAsync,7502fa13a57aaeafcba1df60a43243c82770e10b,src/MEGASync/transfers/model/TransferMetaData.cpp,1121,1120,2241,35931,35852,8360,8341,timed_out,
CPP,1000-3000,meganz-MEGAsync,91991339930b4e9ef093ab5884d89ac1b7534e2c,src/MEGASync/platform/win/PlatformImplementation.cpp,1845,1845,3690,64086,64073,16575,16575,timed_out,
CPP,1000-3000,minetest-irrlicht,92252f70d249effc1230c9ad88cb550fe561f587,source/Irrlicht/COGLES2Driver.cpp,2723,2711,5434,86769,86240,24189,24097,timed_out,
CPP,1000-3000,monero-project-monero,c444a7e002036e834bfb4c68f04a121ce1af5825,src/device_trezor/trezor/transport.cpp,1294,1295,2589,40827,40994,11491,11495,timed_out,
CPP,1000-3000,mothur-mothur,67970bc7d7969cc5b4e32e918e4e40c858bfab37,source/commands/makecontigscommand.cpp,2852,2852,5704,152459,152339,40462,40390,timed_out,
CPP,1000-3000,mupen64plus-mupen64plus-video-glide64mk2,b9de7a0ec22cff182b967920d5d916bd1d471b03,src/Glitch64/OGLglitchmain.cpp,2530,2530,5060,73343,73328,18271,18264,timed_out,
CPP,1000-3000,neobrain-nihstro,541e67d5ae387556d7fb6a1d9af5d1a27df884e8,src/assembler.cpp,1199,1200,2399,54736,54793,12027,12045,timed_out,
CPP,1000-3000,pothosware-SoapySDRPlay,9dec6646a782f04a0867af700886d02ec27a6c20,Settings.cpp,1941,1944,3885,67644,67761,15732,15729,timed_out,
CPP,1000-3000,punesemu-puNES,b4c29c2c75df7601eecd81a1c4cd2b739dee89a8,src/gui/wdgNTSCFilter.cpp,1077,1077,2154,39609,39609,12486,12486,timed_out,
CPP,1000-3000,robert7-nixnote2,c5bbdc9b213dca250c9183bb78cbd83c78d70c55,src/gui/ntableview.cpp,1850,1853,3703,72802,72899,21026,21094,timed_out,
CPP,1000-3000,sass-libsass,16f76e2cd6cebf0a31f579a40e635c309109e4db,src/parser.cpp,2965,2965,5930,102542,102545,29713,29711,timed_out,
CPP,1000-3000,sciapp-gr,7fdedd70373d92e9b6b82eeb3f13e1ea3b17f8cf,lib/gks/plugin/aggplugin.cxx,1626,1620,3246,45756,45688,17565,17559,timed_out,
CPP,1000-3000,solarus-games-solarus-quest-editor,95731c0f14eb3e63da1ef8d6bc5a145a0d25df62,src/widgets/main_window.cpp,2501,2525,5026,76903,77404,17415,17449,timed_out,
CPP,1000-3000,supermerill-SuperSlicer,8c8fca7375c8a7c3e6f80367f0ba7f5aba10ff74,src/slic3r/GUI/GUI_Preview.cpp,1079,1079,2158,39278,39326,10057,10069,timed_out,
CPP,1000-3000,supermerill-SuperSlicer,ef5f2087d450d0e2196db44faca86e5affa0597c,src/libslic3r/ClipperUtils.cpp,2565,2567,5132,135594,135841,34070,34141,timed_out,
CPP,1000-3000,svn-all-fast-export-svn2git,fcb62afb4248a7b8b0890a524a02a3cd1a0ddca4,src/svn.cpp,1337,1350,2687,51405,52070,12715,12824,timed_out,
CPP,1000-3000,swiftlang-swift.git,8b0853d92cc3e952313d4f34baa48f386aea5caa,lib/Sema/TypeCheckConstraints.cpp,2434,2428,4862,84358,84184,19673,19637,timed_out,
CPP,1000-3000,teeworlds-teeworlds,2fb9941e72a9fa34490e6730472e383ecb80c8b7,src/game/client/components/menus.cpp,2357,2345,4702,74085,73721,25120,25113,timed_out,
CPP,1000-3000,teeworlds-teeworlds,728e03064deedc9b5836ca3eb50324cb71d984b6,src/game/client/components/menus.cpp,1878,1877,3755,61568,61541,20264,20253,timed_out,
CPP,1000-3000,teeworlds-teeworlds,7d288047c13bb6eea6c2c95f5bdcba014b932bf0,src/game/client/components/menus_browser.cpp,2294,2294,4588,78495,78550,24784,24817,timed_out,
CPP,1000-3000,teeworlds-teeworlds,9b70c3e1bd2c6aa2701ed32cfdc3c17b5861d900,src/game/client/components/menus_browser.cpp,2289,2289,4578,78309,78351,24805,24854,timed_out,
CPP,1000-3000,teeworlds-teeworlds,9ff9e5d9018d7e6e36c798dd02c108cbd2ef39f6,src/game/client/components/menus_settings.cpp,2190,2190,4380,79401,79421,27042,27042,timed_out,
CPP,1000-3000,teeworlds-teeworlds,f4b55aaecd8a827abdc43e45aa57b51edcd294e0,src/game/client/components/menus_browser.cpp,2446,2458,4904,83763,84134,26752,26845,timed_out,
CPP,1000-3000,tristanpenman-valijson,a6de0748bc8bc3610005f238485ffd3c3cb88261,include/valijson/schema_parser.hpp,2309,2310,4619,102059,102079,13486,13489,timed_out,
CPP,1000-3000,tstack-lnav,ca9a2d545673ea5af8a9f48c019f7de270515c14,src/textview_curses.cc,1664,1678,3342,55670,56011,14636,14740,timed_out,
CPP,1000-3000,viewizard-astromenace,9cbd8d87f3768d942fa9d8f36a2df266953f5d4c,src/menu/menu_workshop_weaponry.cpp,1347,1347,2694,54297,54186,11813,11813,timed_out,
CPP,1000-3000,vmc-project-vgm,90fa23e96f7c690dd8e1f9576a2d1b7cd7c0ae31,packages/RootGM/source/volumes/Factory.cxx,1131,1128,2259,35452,35353,9987,9952,timed_out,
CPP,1000-3000,vprover-vampire,0003ea9e872b1be9660acd8454b1d0f6633ba80e,Kernel/InterpretedLiteralEvaluator.cpp,1529,1529,3058,45123,45115,11118,11131,timed_out,
CPP,1000-3000,vprover-vampire,b94f5dc17dab2d74ac05ac735cace8cb3ef6c566,Kernel/Term.cpp,1854,1825,3679,48985,48017,17419,17068,timed_out,
CPP,1000-3000,wxFormBuilder-wxFormBuilder,09d837ee87300eb7d50f982ded3cf5d0e9e43669,src/codegen/codegen.cpp,1170,1169,2339,33533,33555,8429,8429,timed_out,
CPP,1000-3000,xmoto-xmoto,6c953bf4f52fb93a5e327da6a79d0e26199b0aa4,src/gui/basic/GUI.cpp,1882,1889,3771,53858,54002,15481,15511,timed_out,
CPP,1000-3000,xmoto-xmoto,f803f0fa8bb7fad9d8b86ab29d149727887adcc0,src/xmscene/BikePlayer.cpp,1866,1866,3732,69509,69501,15844,15844,timed_out,
CPP,1000-3000,zerotier-ZeroTierOne,3fd42ad2a0150fb922d5e0048cd101402d915b64,controller/CV2.cpp,1200,1226,2426,41958,43733,11778,12463,timed_out,
CPP,1000-3000,zerotier-ZeroTierOne,f5b0fc6a8f776faa63c8b176011867b3e565e43d,controller/EmbeddedNetworkController.cpp,2139,2140,4279,75129,75209,29403,29426,timed_out,
CPP,1000-3000,znixian-OpenOVR,51d76ba7419934eee824c93be9ce55950df1ac26,OpenOVR/Reimpl/BaseInput.cpp,2824,2819,5643,108782,108515,26192,26162,timed_out,
CPP,30-100,3MFConsortium-lib3mf,08afd9cca7fd319a70dc4be2b14b99f89a327d08,Source/Model/Writer/NMR_ModelWriter.cpp,59,58,117,2117,2060,142,142,ok,8.516915
CPP,30-100,3MFConsortium-lib3mf,0d5052756b0af53bf5c4811922ef22ec3b008538,Autogenerated/Bindings/NodeJS/lib3mf_nodeaddon.cc,98,98,196,3439,3314,574,581,ok,144.002509
CPP,30-100,CNugteren-CLBlast,6e2ab6ee967c4a9b3350c7ce4e7d7b736c9e45f6,src/database/kernels/xconvgemm/xconvgemm_16.hpp,75,83,158,4324,4690,1288,1407,timed_out,
CPP,30-100,CNugteren-CLBlast,ccdab15ba1bffbde41f8424eb6cf85dd43e23440,src/routines/level1/xdot.hpp,42,35,77,1561,1340,186,182,ok,29.686744
CPP,30-100,CNugteren-CLBlast,ccdab15ba1bffbde41f8424eb6cf85dd43e23440,src/routines/level2/xspr.cpp,52,41,93,1964,1710,267,263,ok,41.234732
CPP,30-100,CNugteren-CLBlast,ccdab15ba1bffbde41f8424eb6cf85dd43e23440,src/routines/levelx/xgemmstridedbatched.hpp,66,58,124,3741,3468,629,625,ok,422.91470799999996
CPP,30-100,Cockatrice-Cockatrice,c5fde071e79c162fa20a74d133b97c9488a4cb95,cockatrice/src/interface/widgets/general/display/dynamic_font_size_push_button.cpp,80,79,159,2386,2368,612,609,ok,217.542631
CPP,30-100,Governikus-AusweisApp,68e416cc97afacf487aca0ccc4e892549d51bc0d,src/card/bluetooth/messages/BluetoothMessage.cpp,97,97,194,2106,2106,612,612,ok,196.616096
CPP,30-100,Governikus-AusweisApp,68e416cc97afacf487aca0ccc4e892549d51bc0d,src/core/paos/element/ConnectionHandleParser.cpp,78,78,156,1785,1785,495,495,ok,184.058156
CPP,30-100,Governikus-AusweisApp,731b57cd7dc5698432949c905643650e6fc23583,src/ifd/base/messages/IfdDisconnectResponse.cpp,54,54,108,1098,1098,243,243,ok,24.005232000000003
CPP,30-100,Governikus-AusweisApp,731b57cd7dc5698432949c905643650e6fc23583,src/workflows/base/WorkflowRequest.cpp,72,72,144,1550,1550,418,418,ok,88.39725800000001
CPP,30-100,Governikus-AusweisApp,731b57cd7dc5698432949c905643650e6fc23583,src/workflows/base/paos/element/ConnectionHandle.cpp,66,66,132,1057,1057,258,258,ok,22.510656
CPP,30-100,Governikus-AusweisApp,731b57cd7dc5698432949c905643650e6fc23583,test/qt/crypto/test_Randomizer.cpp,85,91,176,1592,1716,514,587,ok,221.637525
CPP,30-100,Governikus-AusweisApp,8973008230a77f6bb7b11981ef394dcd0c16bf83,src/workflows/base/paos/invoke/InitializeFrameworkResponse.cpp,38,38,76,1112,1112,281,281,ok,38.117047
CPP,30-100,Governikus-AusweisApp,8973008230a77f6bb7b11981ef394dcd0c16bf83,test/qt/workflows/test_WorkflowRequest.cpp,63,63,126,1357,1357,394,394,ok,106.769863
CPP,30-100,Governikus-AusweisApp,9484181f86afef007dee27d44ce7372004311484,src/card/bluetooth/BluetoothDebug.cpp,56,56,112,1584,1584,395,395,ok,99.09661
CPP,30-100,Governikus-AusweisApp,9484181f86afef007dee27d44ce7372004311484,test/qt/jsonapi/test_MsgHandler.cpp,90,90,180,1561,1561,559,559,ok,231.41794
CPP,30-100,Governikus-AusweisApp,a55916cc4c63f5c871f311bbb06e21d183045e5d,src/card/base/command/TransmitCommand.cpp,89,89,178,2428,2417,623,623,ok,218.440216
CPP,30-100,Governikus-AusweisApp,a55916cc4c63f5c871f311bbb06e21d183045e5d,test/qt/diagnosis/test_DiagnosisContext.cpp,99,99,198,2811,2800,905,905,ok,663.681604
CPP,30-100,Governikus-AusweisApp,d9ab5b1f992cb0bb68cffd267fdef2a199289ae3,src/workflows/base/states/StateWriteHistory.cpp,84,84,168,2944,2944,858,858,ok,726.403533
CPP,30-100,Governikus-AusweisApp,e0710387ce7b818da297bf408aae0a58cfda4672,src/settings/HistoryInfo.cpp,66,66,132,1261,1261,323,323,ok,40.821079000000005
CPP,30-100,Governikus-AusweisApp,e8349193a251350094b1db1153d7673dfc1c9805,src/workflows/ifd/states/StateStartIfdService.cpp,44,37,81,1234,868,309,234,ok,32.195175
CPP,30-100,Governikus-AusweisApp,eea7ef21ed01a1329c33c9b3334fb610b020d621,src/workflows/base/context/InternalActivationContext.cpp,52,48,100,906,837,202,191,ok,13.61867
CPP,30-100,JasonFerrara-jmtpfs,ec5dfac0f3fd023f7d97da335ce63ccf65280b98,src/MtpFuseContext.cpp,47,50,97,1279,1368,214,255,ok,25.577592
CPP,30-100,LibtraceTeam-libprotoident,060243123a774d44f88ee821d5993796d1f16fb1,lib/udp/lpi_bjnp.cc,71,65,136,1933,1783,206,206,ok,18.46767
CPP,30-100,LibtraceTeam-libprotoident,060243123a774d44f88ee821d5993796d1f16fb1,lib/udp/lpi_noction.cc,60,54,114,1722,1523,125,125,ok,5.475987
CPP,30-100,LibtraceTeam-libprotoident,bd5b926d9fe448f27913f3ec1508003c2d58c883,lib/udp/lpi_kuguo.cc,93,93,186,2649,2649,415,415,ok,96.605531
CPP,30-100,Ondsel-Development-OndselSolver,9b1529f3ed16660a2364edff6b656dfa90ce1b46,OndselSolver/AnyPosICNewtonRaphson.cpp,67,67,134,2086,2094,486,492,ok,157.42360299999999
CPP,30-100,Ondsel-Development-OndselSolver,9b1529f3ed16660a2364edff6b656dfa90ce1b46,OndselSolver/DiagonalMatrix.cpp,96,11,107,2912,592,856,13,ok,3.331032
CPP,30-100,Ondsel-Development-OndselSolver,9e3d6b336b40a414c116fc5fcf18999eac164d7d,OndselSolver/DifferenceOperator.cpp,87,92,179,2324,2396,547,602,ok,193.784403
CPP,30-100,OpenMW-openmw,362c1a7ebe63792e2799e042414ab8441174d061,extern/sol3/sol/string_view.hpp,45,45,90,1735,1735,139,139,ok,10.189521
CPP,30-100,OpenMW-osg,f976e1c364b6cd69e5e18fe2018dc88a5b189972,src/osgWrappers/serializers/osg/Viewport.cpp,31,31,62,800,818,235,242,ok,25.149919
CPP,30-100,OpenMW-osg,f976e1c364b6cd69e5e18fe2018dc88a5b189972,src/osgWrappers/serializers/osgTerrain/GeometryTechnique.cpp,44,44,88,1393,1447,369,390,ok,72.98008300000001
CPP,30-100,Overv-vramfs,289e54a914234b868c7b77dd7526b3d0aa48cbd8,include/memory.hpp,57,75,132,1363,1887,194,284,ok,39.176012
CPP,30-100,PowerShell-PowerShell-Native,7b7b889e8a331fd0ea47082d5edbf80402ea51ad,src/libpsl-native/src/getppid.cpp,48,48,96,973,952,185,185,ok,15.116773
CPP,30-100,ROCm-Tensile,923f07d0571ed4eec6202937a5384c49e032cdfe,Tensile/Source/lib/source/AMDGPU.cpp,82,89,171,2618,2829,383,452,ok,114.886796
CPP,30-100,ROCm-rocBLAS,0201cd03bc89757dc6ed7b2f6dc86e3faa189697,clients/gtest/set_get_atomics_mode_gtest.cpp,85,85,170,3501,3501,398,398,ok,134.982907
CPP,30-100,ROCm-rocRAND,55f88195241d531624b9a06599bd7a0c61f52903,library/src/rng/config/threefry4_32_20_config.hpp,74,76,150,3000,3103,354,376,ok,160.628671
CPP,30-100,ROCm-rocWMMA,0139d9d4232593cadc9d2b602d51aec882ff438b,test/unit/load_store_matrix_coop_sync_test/test/emulation/smoketest-load_store_matrix_coop_sync_a_16.cpp,46,45,91,2033,2017,78,78,ok,1.902152
CPP,30-100,STEllAR-GROUP-hpx,ed5225b91a4f48cedecf61c4d1e6405bd269127a,libs/core/execution/include/hpx/execution/algorithms/detail/is_negative.hpp,83,83,166,2311,2356,477,463,ok,172.75725
CPP,30-100,Tripwire-tripwire-open-source,1fb5f332e6dfd5a2d009323d40665ee81dd9f8c2,src/core/unixexcept.cpp,84,82,166,2525,2495,286,280,ok,46.953466999999996
CPP,30-100,Tripwire-tripwire-open-source,8c73f1cf3b024b9a8dcc0ebc3a0720c3248c65e1,src/twtest/fcospecutil_t.cpp,82,87,169,3117,3214,646,674,ok,216.16732
CPP,30-100,Tripwire-tripwire-open-source,8c73f1cf3b024b9a8dcc0ebc3a0720c3248c65e1,src/twtest/fileutil_t.cpp,73,77,150,2540,2627,269,297,ok,29.577868
CPP,30-100,Tripwire-tripwire-open-source,8c73f1cf3b024b9a8dcc0ebc3a0720c3248c65e1,src/twtest/serializer_t.cpp,73,79,152,2621,2733,190,224,ok,13.936962000000001
CPP,30-100,YafaRay-libYafaRay,f611a9530bba594b7a579b31fd634d05fe05d79a,src/geometry/object/object_primitive.cc,42,42,84,2027,2197,313,376,ok,85.427313
CPP,30-100,airdcpp-web-airdcpp-webclient,1300e700bcc75d62876d1225f6a4365583f56753,airdcpp/ErrorCollector.cpp,74,74,148,2120,2120,472,472,ok,213.35516600000003
CPP,30-100,airdcpp-web-airdcpp-webclient,aec5aac696ea64c85b838aa8692d497360d1edbd,nlohmann/json_fwd.hpp,64,64,128,1747,1757,211,213,ok,28.94342
CPP,30-100,ampache-browser-ampache_browser,f65298104781b437cda027824dca20ac40b3038f,src/data/filters/filter.cc,49,49,98,677,654,234,227,ok,24.697303
CPP,30-100,anope-anope,be965f2618f9ca6f3f15d69dc8875070e2bc50a4,modules/memoserv/ms_staff.cpp,70,66,136,1714,1688,453,440,ok,142.119662
CPP,30-100,antlr-antlr4,01ff8a887cda0ba73fbb99f783c52c37a2dab1bd,runtime/Cpp/runtime/src/atn/LexerSkipAction.cpp,38,39,77,1014,1041,268,274,ok,31.193371000000003
CPP,30-100,arun11299-cpp-jwt,8841837fe43a2caecee39f11f4c4639a7ee81d18,include/jwt/config.hpp,51,51,102,1907,1936,67,81,ok,1.685257
CPP,30-100,arximboldi-lager,22cec49154d85d92c3d8be04e9079eed46e82e08,example/todo/model.cpp,66,73,139,1659,2056,589,567,ok,446.496102
CPP,30-100,arximboldi-lager,44333be5b93265c80969be00f8afef13c27ae3fa,lager/extra/derive.hpp,75,99,174,4226,5804,123,157,ok,5.022641
CPP,30-100,arximboldi-lager,6c63e7b6adf56d1bcf5eb8e6ddbcb724015a2f18,lager/cursor.hpp,83,86,169,1846,2030,423,474,ok,165.969699
CPP,30-100,arximboldi-zug,a69624706d1a432a17c2aba82e4338d3bc025d8f,zug/transducer/write.hpp,90,91,181,2513,2543,632,640,ok,531.992601
CPP,30-100,aws-aws-sdk-cpp,44d5c9bfdbc0d320ce224d5ff08872e79c06a1a7,generated/src/aws-cpp-sdk-connect/source/model/Application.cpp,57,65,122,1917,2202,412,496,ok,278.273351
CPP,30-100,aws-aws-sdk-cpp,44d5c9bfdbc0d320ce224d5ff08872e79c06a1a7,generated/src/aws-cpp-sdk-marketplace-agreement/source/model/ConfigurableUpfrontRateCardItem.cpp,63,63,126,1972,1972,501,501,ok,337.36810099999997
CPP,30-100,badaix-popl,18f4b3100a69b68221f21878471da5b00fde34b4,test/test_main.cpp,36,56,92,969,1421,309,494,ok,91.697744
CPP,30-100,bderrly-braincurses,5e45f38e12bcdbde3b62757a831b4874899ca3f8,braincurses.cpp,74,80,154,1423,1511,475,502,ok,116.527065
CPP,30-100,blablack-ams-lv2,1e748265d3f5c9928bd11832bdaf7f845663eba3,src/advenv_gui_scope.hpp,33,33,66,658,647,114,111,ok,4.325189999999999
CPP,30-100,blablack-ams-lv2,df55ff47d7cdb61503da21a049a5e8bf32463fa1,src/absolute.cpp,34,22,56,545,449,200,181,ok,20.856358
CPP,30-100,bolero-MURAKAMI-Sprout,09181940789f135c292e9c336d8ceffca0b1bec3,sprout/algorithm/fit/copy_n.hpp,47,47,94,1789,1789,293,293,ok,103.73300400000001
CPP,30-100,bolero-MURAKAMI-Sprout,09181940789f135c292e9c336d8ceffca0b1bec3,sprout/functional/bind/literals.hpp,65,65,130,2123,2123,378,378,ok,198.805806
CPP,30-100,bolero-MURAKAMI-Sprout,09181940789f135c292e9c336d8ceffca0b1bec3,sprout/index_tuple/index_range.hpp,53,53,106,2403,2403,472,472,ok,292.39346
CPP,30-100,bolero-MURAKAMI-Sprout,09181940789f135c292e9c336d8ceffca0b1bec3,sprout/iterator/amplitude_spectrum_iterator.hpp,53,53,106,1839,1839,317,317,ok,111.665533
CPP,30-100,bolero-MURAKAMI-Sprout,09181940789f135c292e9c336d8ceffca0b1bec3,sprout/math/exp.hpp,90,90,180,3036,3036,789,789,ok,998.881032
CPP,30-100,bolero-MURAKAMI-Sprout,09181940789f135c292e9c336d8ceffca0b1bec3,sprout/math/quaternion/type_traits.hpp,49,49,98,1595,1595,246,246,ok,57.650986
CPP,30-100,bolero-MURAKAMI-Sprout,09181940789f135c292e9c336d8ceffca0b1bec3,sprout/numeric/dft/fixed/sawtooth.hpp,94,94,188,3675,3675,799,799,ok,989.369583
CPP,30-100,bolero-MURAKAMI-Sprout,09181940789f135c292e9c336d8ceffca0b1bec3,sprout/predef/compiler/kai.hpp,33,33,66,1124,1124,69,69,ok,2.252011
CPP,30-100,bolero-MURAKAMI-Sprout,09181940789f135c292e9c336d8ceffca0b1bec3,sprout/range/algorithm/cxx14/move.hpp,33,33,66,1252,1252,146,146,ok,21.360992
CPP,30-100,bolero-MURAKAMI-Sprout,09181940789f135c292e9c336d8ceffca0b1bec3,sprout/type/algorithm/fold.hpp,75,75,150,2579,2579,598,598,ok,523.3616979999999
CPP,30-100,bolero-MURAKAMI-Sprout,09181940789f135c292e9c336d8ceffca0b1bec3,sprout/type_traits/is_function.hpp,30,30,60,1042,1042,105,105,ok,7.5107289999999995
CPP,30-100,bolero-MURAKAMI-Sprout,26299dad18a7e16fcb4873ce7f9f26a3d2ac1925,sprout/iterator/remove_iterator.hpp,46,46,92,1401,1401,246,246,ok,59.766279999999995
CPP,30-100,bolero-MURAKAMI-Sprout,26299dad18a7e16fcb4873ce7f9f26a3d2ac1925,sprout/math/detail/cosp.hpp,39,39,78,1203,1203,172,172,ok,45.932902999999996
CPP,30-100,bolero-MURAKAMI-Sprout,26299dad18a7e16fcb4873ce7f9f26a3d2ac1925,sprout/numeric/dft/cxx14/square.hpp,38,38,76,1390,1390,203,203,ok,37.479194
CPP,30-100,bolero-MURAKAMI-Sprout,26299dad18a7e16fcb4873ce7f9f26a3d2ac1925,sprout/numeric/dft/dft_element.hpp,47,47,94,1775,1775,288,288,ok,87.377544
CPP,30-100,bolero-MURAKAMI-Sprout,26299dad18a7e16fcb4873ce7f9f26a3d2ac1925,sprout/range/numeric/inner_product.hpp,37,37,74,1533,1533,236,236,ok,58.134978
CPP,30-100,bolero-MURAKAMI-Sprout,ea06f925655602a39750c2fd4fc88ecb98c9860f,sprout/algorithm/cxx14/sample.hpp,82,82,164,3187,3187,621,621,ok,430.894106
CPP,30-100,bolero-MURAKAMI-Sprout,ea06f925655602a39750c2fd4fc88ecb98c9860f,sprout/iterator/remove_if_iterator.hpp,46,46,92,1476,1476,242,242,ok,60.528104
CPP,30-100,bolero-MURAKAMI-Sprout,ea06f925655602a39750c2fd4fc88ecb98c9860f,sprout/math/log1p.hpp,78,78,156,2472,2472,541,541,ok,484.926181
CPP,30-100,bolero-MURAKAMI-Sprout,ea06f925655602a39750c2fd4fc88ecb98c9860f,sprout/math/signbit.hpp,67,67,134,2030,2030,306,306,ok,109.021999
CPP,30-100,bolero-MURAKAMI-Sprout,ea06f925655602a39750c2fd4fc88ecb98c9860f,sprout/range/adaptor/adapted_dropped.hpp,79,79,158,2742,2742,551,551,ok,431.09053400000005
CPP,30-100,bolero-MURAKAMI-Sprout,ea06f925655602a39750c2fd4fc88ecb98c9860f,sprout/type/functional/detail/comparison_op.hpp,36,36,72,1541,1541,56,56,ok,1.378759
CPP,30-100,bolero-MURAKAMI-Sprout,ea06f925655602a39750c2fd4fc88ecb98c9860f,sprout/utility/lvalue_forward.hpp,31,31,62,1200,1200,162,162,ok,21.202793
CPP,30-100,bolero-MURAKAMI-Sprout,ea06f925655602a39750c2fd4fc88ecb98c9860f,sprout/utility/pair/comparison.hpp,47,47,94,1785,1785,555,555,ok,306.216558
CPP,30-100,brookiestein-QBitMPlayer,581486559f79c088f50e6e18a51923569e36e5b4,src/player.hpp,78,74,152,2152,2034,533,523,ok,162.43496299999998
CPP,30-100,brunonymous-tecnoballz,0a4ad7a6da006a5e013f0069b84e918d7df15e67,src/sprite_eye.cc,44,44,88,1186,1186,44,44,ok,0.691094
CPP,30-100,canonical-snapd-glib,7ac5736d7142c9de9c3817b26b332fb38daa1991,snapd-qt/user-information.cpp,43,44,87,1455,1492,256,256,ok,27.985942
CPP,30-100,coolreader-ng-crwx-ng,ddca344ca19639c92eb9cde2dbc12af50b358de9,src/rescont.cpp,91,91,182,3517,3525,591,593,ok,183.091935
CPP,30-100,cosmos72-fstransform,bcb05bb28b7ff41a2887a17709859603a3b4a352,fsremap/src/map.cc,31,31,62,1156,1153,28,28,ok,0.366207
CPP,30-100,cosmos72-fstransform,df6952cc0c80098b62d0a241e2729b56189ac8b1,fsmove/src/zptr.cc,60,35,95,1622,1063,187,26,ok,1.5675839999999999
CPP,30-100,cubocore-libcsys,e7b9cf0261f7072ab0db20cd08f0df7b0105d4a7,csys/file_util.cpp,72,77,149,1755,1649,314,314,ok,49.228101
CPP,30-100,dogecoin-dogecoin,87bd548807991e0e4c43b9df63817afb8c0bff83,src/qt/test/test_main.cpp,74,75,149,1709,1760,413,414,ok,72.22770200000001
CPP,30-100,eclipse-iceoryx-iceoryx,d14297c0fedfc35ef48c17c02c8f1ddd74889bae,iceoryx_hoofs/memory/source/relative_pointer_data.cpp,68,67,135,3274,3321,337,336,ok,54.498371
CPP,30-100,epoupon-lms,360623c569ef4a5e482eb3a7ab2f5514991c805d,src/libs/database/impl/AuthToken.cpp,58,94,152,1914,3446,364,854,ok,242.229039
CPP,30-100,epoupon-lms,39941d90a36a2d8f21d50a0307b4f0a6fd523467,src/libs/database/impl/TransactionChecker.cpp,96,97,193,3024,3059,638,640,ok,257.62113800000003
CPP,30-100,epoupon-lms,39941d90a36a2d8f21d50a0307b4f0a6fd523467,src/libs/database/include/database/IdType.hpp,69,73,142,1986,3147,243,243,ok,45.437127000000004
CPP,30-100,epoupon-lms,39941d90a36a2d8f21d50a0307b4f0a6fd523467,src/libs/subsonic/impl/entrypoints/Bookmarks.cpp,95,96,191,3544,3577,777,778,ok,454.702895
CPP,30-100,epoupon-lms,b25e3b9b1e66625d8d8e4c3127e2e0b0839a510c,src/libs/services/scanner/impl/scanners/artistinfo/ArtistInfoParser.cpp,80,80,160,3018,3013,706,706,ok,475.883017
CPP,30-100,eriklax-xva-img,c5922d27439eaad96269bce5d4e31f3d968d5bf6,src/writefile.cpp,19,38,57,313,1066,150,151,ok,10.5775
CPP,30-100,fktn-k-fkYAML,679ac5dd65a358e2e7b6acf2a1bca9f6c8ee63c4,examples/apis/basic_node/iterator.cpp,36,36,72,1191,1191,206,206,ok,17.579649
CPP,30-100,fktn-k-fkYAML,679ac5dd65a358e2e7b6acf2a1bca9f6c8ee63c4,include/fkYAML/detail/input/block_scalar_header.hpp,35,35,70,1325,1325,79,79,ok,2.824305
CPP,30-100,fktn-k-fkYAML,e34b19f6b250391157e985bacc7a19525687c90f,include/fkYAML/node_value_converter.hpp,54,54,108,2461,2461,346,346,ok,113.680242
CPP,30-100,fktn-k-fkYAML,eced7dbd6f8b2ba9edd7ad54962136f4094460e3,include/fkYAML/detail/types/lexical_token_t.hpp,45,45,90,2247,2247,98,98,ok,4.678761
CPP,30-100,gabime-spdlog,3f03542d2eb4952e3b279d9cad9098d370b7be57,src/bundled_fmtlib_format.cpp,57,48,105,1626,1417,338,320,ok,73.714099
CPP,30-100,godotengine-godot,5482b9e89ec8427a76a462b1fb1af13ca0046a17,tests/scene/test_animation_blend_tree.cpp,84,85,169,4088,4120,576,581,ok,260.305251
CPP,30-100,godotengine-godot,e380a417526c11f15a9ddb3997292409b10da2af,modules/upnp/upnp.cpp,93,95,188,5938,5973,1005,1011,ok,465.34680099999997
CPP,30-100,godotengine-godot,f5a290ac462765afca34e64dd39f883511510147,servers/rendering/dummy/storage/utilities.cpp,88,88,176,4232,4237,664,664,ok,289.825706
CPP,30-100,gogglesmm-gogglesmm,07150e614037005640ab58a9d44f5eea01c54592,cfox/lib/FXScopedThread.cpp,57,57,114,2363,2363,98,98,ok,2.364707
CPP,30-100,higan-emu-higan,972fb95c04b3f9ff3cd76b3351efcf326c751a80,higan/gba/cpu/bus.cpp,85,93,178,3086,3267,1216,1277,timed_out,
CPP,30-100,hyprwm-hyprcursor,0a8e83d35b5b16c091b4de188a6a71ba7fae5d57,libhyprcursor/hyprcursor_c.cpp,74,74,148,2503,2494,647,646,ok,193.006122
CPP,30-100,intel-vpl-gpu-rt,51e4e214b0aa672933f8da4b05b0714310cdd87b,_studio/mfx_lib/encode_hw/hevc/linux/base/hevcehw_base_dirty_rect_lin.cpp,76,77,153,3194,3199,519,519,ok,618.758264
CPP,30-100,jbeder-yaml-cpp,2f86d13775d119edbb69af52e5f566fd65c6953b,test/googletest-1.13.0/googlemock/src/gmock_main.cc,72,72,144,3011,3010,212,212,ok,12.877431
CPP,30-100,jeremy-rifkin-cpptrace,e790561f735e521a0957f3bea5b507d1393d5da9,test/unit/tracing/traced_exception.cpp,78,76,154,3151,3119,987,979,ok,656.945417
CPP,30-100,lancos-ponyprog,521067e39deef62ed2eb664effc890fdce35ceef,SrcPony/lpt_ext_interf.cpp,30,30,60,2054,2057,46,46,ok,0.694636
CPP,30-100,libigl-libigl,182e36df247e3bc14ae7d9a5ea8920908fa5cd15,include/igl/dihedral_angles_intrinsic.cpp,78,77,155,4338,4328,2422,2423,timed_out,
CPP,30-100,mgieseki-dvisvgm,3db2ffb0e4296adcecf0a4e82f2eb5537d5c4b3e,src/FontEngine.hpp,88,88,176,3651,3650,668,668,ok,246.016761
CPP,30-100,miek-inspectrum,531402f4e962892b6c1e87ecd72351cf923955c8,src/cursor.cpp,88,96,184,2725,2822,516,545,ok,188.794184
CPP,30-100,monero-project-monero,341771ac3e65f88a6e78ca805f8dde2ae6ba7924,tests/unit_tests/account.cpp,71,71,142,3425,3425,576,576,ok,135.266469
CPP,30-100,nxengine-nxengine-evo,109ad89f364319a469705c28bfa1f818575c17c0,src/i18n/translate.cpp,66,66,132,1416,1407,574,574,ok,264.310172
CPP,30-100,openbabel-openbabel,fbf096aeb3c769b32dfc655e81ad452224a0398e,src/formats/APIInterface.cpp,60,60,120,1695,1725,251,257,ok,56.456346999999994
CPP,30-100,pothosware-SoapyHackRF,15ff7b7e12b4f633cce00883df2d8f1a0b9a1424,HackRF_Session.cpp,59,58,117,2114,2020,258,245,ok,33.253048
CPP,30-100,protobuf-c-protobuf-c,b28683f8027bf1e886b748b5603eb16d203b5a92,protoc-gen-c/main.cc,52,53,105,2263,2283,250,256,ok,24.536074000000003
CPP,30-100,psmokotnin-osm,c9b0e6f52bfca443c2740f613bac0a44ac5459d4,src/chart/frequencybasedserieshelper.cpp,79,79,158,2515,2530,438,438,ok,191.053143
CPP,30-100,psmokotnin-osm,f5e35a1e924446a22c5682e1091d209842dc1832,src/math/leq.cpp,73,73,146,1841,1832,467,467,ok,168.48733299999998
CPP,30-100,punesemu-puNES,b4c29c2c75df7601eecd81a1c4cd2b739dee89a8,src/gui/wdgSettingsAudio.hpp,59,59,118,1853,1853,286,286,ok,50.963565
CPP,30-100,pydata-numexpr,3538e4adad5d69be017361237a75827760466fe9,numexpr/numexpr_config.hpp,64,67,131,2139,2321,357,418,ok,81.648471
CPP,30-100,quantopian-libpy,9215b76d6c2470e6b70b1102eb00107dec805a13,docs/source/tutorial/libpy_tutorial/arrays.cc,54,60,114,1405,1696,501,606,ok,274.279869
CPP,30-100,sciapp-gr,fdefd83fe716ebe5fd128fe97b721927c802e651,lib/grm/grplot/grplot.cxx,85,85,170,2248,2248,609,609,ok,312.722895
CPP,30-100,sebholt-qastools,d03ec5dc91086bf0cfdfe13d6ebfb53949d755a5,shared/src/mwdg/inputs_setup.cpp,56,62,118,1693,1809,276,305,ok,60.461687
CPP,30-100,serge-sans-paille-pythran,83eb4cbb62d46692a4a26d1e260b3f4990b3b00a,pythran/pythonic/numpy/array_equiv.hpp,51,48,99,1162,1162,377,377,ok,95.947355
CPP,30-100,serge-sans-paille-pythran,83eb4cbb62d46692a4a26d1e260b3f4990b3b00a,pythran/pythonic/numpy/ushort.hpp,64,62,126,1210,1211,284,284,ok,42.996896
CPP,30-100,tastytea-gitea2rss,82261aadfb7bec5f8bf4e15376635b2a7408e959,src/commits.cpp,89,90,179,2666,2697,682,687,ok,559.826489
CPP,30-100,tobiasrautenkranz-geminipart,2f547f8bb18d73c7e0750682da2fdcee9f27c039,src/parsestate.cpp,49,54,103,819,958,245,290,ok,30.670645999999998
CPP,30-100,ultralytics-functions-matlab,736e733115c62f743d44b9b418ba0ce01f0e187f,C/rotateB2Wc.cpp,68,70,138,2893,2965,1363,1364,timed_out,
CPP,30-100,vmc-project-vgm,c842d0c12b8c6ddaac8ec698c1d1803799b749c1,examples/E03/include/RunAction.hh,70,74,144,2851,2789,134,142,ok,6.340163
CPP,30-100,wanduow-libprotoident,04f4423f760b07e3e019e0f6dbd4bd1ed14fc5b4,lib/tcp/lpi_dahua_tcp.cc,81,92,173,2334,2619,377,452,ok,93.839192
CPP,30-100,wanduow-libprotoident,998ae58cefbe5240e86acd8a8ee6d734b90e72d3,lib/tcp/lpi_dogecoin.cc,64,66,130,1808,1861,224,236,ok,26.531571
CPP,30-100,wanduow-libprotoident,fe37f09bcce7cb26def892eb70025c1293bfafd6,lib/tcp/lpi_teamviewer.cc,86,86,172,2490,2504,440,446,ok,122.348323
CPP,30-100,zaphoyd-websocketpp,aaed2c49503d26cc999eae74149b51ace1e6c9bc,examples/echo_server_both/echo_server_both.cpp,86,86,172,3214,3232,782,782,ok,360.399921
CPP,30-100,zeromq-libzmq,dbbd2401772f9c146061fd98d99d46bf76a0c81f,src/udp_engine.hpp,92,92,184,2547,2548,491,491,ok,118.276124
CPP,30-100,zerotier-ZeroTierOne,1982071d46f8d29fbe74e258e8629ae95df3aede,osdep/LinuxEthernetTap.hpp,83,83,166,2277,2277,616,616,ok,286.341274
CPP,300-1000,07th-mod-ponscripter-fork,a39f9b659abdc152925d8bc3ac27a83ef53eeac1,src/PonscripterLabel_text.cpp,753,757,1510,25727,25856,5671,5706,timed_out,
CPP,300-1000,3MFConsortium-lib3mf,4f6e231cdf8213eab445c9d347643d15ad0ab894,Source/API/lib3mf_model.cpp,641,663,1304,21189,21915,5794,6075,timed_out,
CPP,300-1000,Azure-azure-sdk-for-cpp,d90fb78a1f81eaa3edac4e7b5e339293c1ff1579,sdk/storage/azure-storage-queues/inc/azure/storage/queues/rest_client.hpp,660,719,1379,21340,22934,2822,3004,timed_out,
CPP,300-1000,CGAL-cgal,74a4bef8851a0b569cce22201c9765e5e6abb11f,Polyhedron/demo/Polyhedron/Plugins/PCA/Basic_generator_plugin.cpp,903,907,1810,27845,28256,8970,9205,timed_out,
CPP,300-1000,CNugteren-CLBlast,2f300c2c1dcae12e95c9c94bf03a6873e64ed488,src/cupp11.hpp,812,814,1626,30361,30465,7559,7560,timed_out,
CPP,300-1000,GoogleCloudPlatform-google-cloud-cpp,b839b6b1832fc60571ffc6377d9c4e8e4cab01e1,google/cloud/storage/testing/storage_integration_test.cc,308,308,616,11309,11299,2664,2664,timed_out,
CPP,300-1000,Governikus-AusweisApp,56b0aaa38a10af035b591fba2b1a222960741663,src/ui/qml/RemoteServiceModel.cpp,411,411,822,10977,11032,2839,2847,timed_out,
CPP,300-1000,Governikus-AusweisApp,68e416cc97afacf487aca0ccc4e892549d51bc0d,src/network/TlsChecker.cpp,318,318,636,8374,8374,2414,2414,timed_out,
CPP,300-1000,Governikus-AusweisApp,a55916cc4c63f5c871f311bbb06e21d183045e5d,test/qt/workflows/states/test_StateGenericSendReceive.cpp,350,352,702,12590,12785,3397,3443,timed_out,
CPP,300-1000,Governikus-AusweisApp,e119c95900989d84b62cd04fb5459a0ee2c62a9d,test/qt/settings/test_RemoteServiceSettings.cpp,324,324,648,10287,10287,3706,3706,timed_out,
CPP,300-1000,Governikus-AusweisApp,fb0491a6cb9618eaff6a91d027c516970c25b960,test/qt/configuration/test_ProviderConfigurationParser.cpp,342,342,684,11486,11486,3503,3503,timed_out,
CPP,300-1000,KhronosGroup-OpenCOLLADA,42bb94999299dc1d4613346a69f0ccfedf212271,COLLADAMax/src/COLLADAMaxDocumentExporter.cpp,417,417,834,12813,12814,2612,2612,timed_out,
CPP,300-1000,LibtraceTeam-libprotoident,03298707396448bef6daecf60fcc97c4a3b1d6f3,tools/protoident/lpi_protoident.cc,553,554,1107,17002,17006,3655,3655,timed_out,
CPP,300-1000,NVIDIA-cudnn-frontend,0b1577c8c83401237d601d0d0db5210506705396,samples/legacy_samples/helpers.cpp,506,518,1024,18351,18580,4731,4807,timed_out,
CPP,300-1000,OctoMap-octomap,10dc9f444605027dbc2cced322607dc805fde24d,octomap/src/ScanGraph.cpp,625,625,1250,18219,18219,5647,5647,timed_out,
CPP,300-1000,OlafvdSpek-ctemplate,ce0349e3f45b50c6f0aafe6d4a186a355c347859,src/tests/template_test_util.cc,309,309,618,10574,10553,2196,2195,timed_out,
CPP,300-1000,OpenLightingProject-ola,2e0a388a767dcc9dbb1a70d86efc22e4966bf514,common/rdm/QueueingRDMController.cpp,344,344,688,9729,9761,1852,1852,timed_out,
CPP,300-1000,OpenLightingProject-ola,f9160bff80d012f19ac408fde231e175d4467906,common/network/NetworkUtils.cpp,637,638,1275,17541,17668,4182,4195,timed_out,
CPP,300-1000,PurpleI2P-i2pd-tools,06eab112fc70a51ca1d5ff7bcc0921210bce84b3,vanitygen.cpp,421,425,846,11503,11538,4103,4119,timed_out,
CPP,300-1000,ROCm-ROCR-Runtime,1a339feb1fb2114fb525f0b5bb5aef2217be2177,runtime/hsa-runtime/core/driver/kfd/amd_kfd_driver.cpp,566,573,1139,20320,20526,4132,4188,timed_out,
CPP,300-1000,ROCm-hipBLAS,37f44213e12d0dbf5d08b82212a1f127efd25289,clients/include/solver/testing_gels_batched.hpp,385,385,770,14372,14418,3011,3023,timed_out,
CPP,300-1000,ROCm-hipBLAS,875cbc71818380f35fa786bb4e1bc8009091f03a,clients/include/blas2/testing_syr2_batched.hpp,389,389,778,14942,14942,2776,2776,timed_out,
CPP,300-1000,ROCm-hipCUB,a113f98cb4ae231e0b8ee7715481ae169c2fd991,test/hipcub/test_hipcub_device_adjacent_difference.cpp,464,464,928,18906,18928,3459,3469,timed_out,
CPP,300-1000,ROCm-rocBLAS,776a9bbdbe32f60df44518f89fc04a3ab960b1df,library/src/include/handle.hpp,845,875,1720,30205,31333,4400,4512,timed_out,
CPP,300-1000,ROCm-rocPRIM,678701d13b9c1464d59843ead73816acb1716008,rocprim/include/rocprim/device/device_reduce_by_key.hpp,561,573,1134,27261,28485,3037,2968,timed_out,
CPP,300-1000,ROCm-rocPRIM,b504110e07515b5267b0b052ba63087f4547b7c2,rocprim/include/rocprim/warp/warp_reduce.hpp,377,373,750,16961,17046,1478,1532,timed_out,
CPP,300-1000,ROCm-rocSOLVER,a61d2d0eed24a147cfbad9babb3fdf9fcb196b86,clients/common/lapack/testing_getrs.hpp,548,544,1092,21658,21493,4957,4925,timed_out,
CPP,300-1000,ROCm-rpp,50c3df4f13552f4dfbc5ee63266f397d2c16a71b,src/modules/tensor/cpu/kernel/exposure.cpp,843,810,1653,38817,37183,7357,6957,timed_out,
CPP,300-1000,RPi-Distro-RTIMULib,ea4ba34c407d965dcb243637654b2c5adbd553a2,RTIMULib/RTIMUHal.cpp,348,401,749,9201,10656,2257,2666,timed_out,
CPP,300-1000,STEllAR-GROUP-hpx,ed5225b91a4f48cedecf61c4d1e6405bd269127a,libs/core/execution/include/hpx/execution/algorithms/detail/predicates.hpp,433,433,866,14023,14368,3457,3431,timed_out,
CPP,300-1000,TimothyGu-libilbc,f86cf4c2de2fb6fa37a2637b4613c37c9b75f48a,modules/video_coding/video_codec_initializer.cc,296,302,598,11992,12315,2777,2884,timed_out,
CPP,300-1000,Unidata-netcdf-cxx4,077f76345e9f207e07d666eea3f4a276e726675b,cxx4/test_dim.cpp,332,333,665,18262,18274,6579,6590,timed_out,
CPP,300-1000,WayfireWM-wf-config,e0f3debab336f66ce506e751e342088d9628ccd2,src/file.cpp,623,646,1269,16719,17637,4416,4610,timed_out,
CPP,300-1000,ZDoom-ZMusic,336aa418a85917a7497b368cce9cc65d88b96c71,thirdparty/timidityplus/sffile.cpp,724,724,1448,19016,19024,5463,5467,timed_out,
CPP,300-1000,airdcpp-web-airdcpp-webclient,432fae1d4aff7dcfab0d53b9a8bd7d4b833cf045,web-server/WebServerManager.cpp,632,634,1266,17906,17989,5521,5551,timed_out,
CPP,300-1000,airdcpp-web-airdcpp-webclient,58683cebd0e122446ef5d135af6b18c8a9cc6cd7,airdcpp/TransferInfoManager.cpp,417,417,834,13024,13030,3809,3811,timed_out,
CPP,300-1000,airdcpp-web-airdcpp-webclient,8c13f3df28ac63e86438828d9c46d72ca1ddb768,airdcpp/Client.cpp,621,621,1242,17435,17447,5602,5606,timed_out,
CPP,300-1000,airdcpp-web-airdcpp-webclient,8fb2919dfa2082aa108851cb5aed546777434b80,api/QueueApi.cpp,639,648,1287,25130,24890,6835,6746,timed_out,
CPP,300-1000,arborx-ArborX,87611ba79e5bd543733355d683d70b988311f6cd,benchmarks/cluster/ArborX_DBSCANVerification.hpp,489,564,1053,16031,18570,4067,4728,timed_out,
CPP,300-1000,arximboldi-immer,0ff74b79f82893be253002d8a15680a9cbe93403,test/extra/persist/test_circular_dependency_conversion.cpp,713,713,1426,27020,27026,6888,6888,timed_out,
CPP,300-1000,arximboldi-immer,cf20d291e53428a47b0d267d8e4581db271f6fbd,immer/detail/hamts/champ.hpp,761,771,1532,27364,27737,7713,7826,timed_out,
CPP,300-1000,bbidulock-bbkeys,c7561329f41397065a914d29f3b8fe6bb73d342c,src/Netclient.cpp,334,335,669,10076,10096,2574,2577,timed_out,
CPP,300-1000,bibletime-bibletime,29cc816109a2e7fc6a7840b2a7fcf0cd62af9c7a,src/backend/rendering/btinforendering.cpp,474,473,947,17203,17178,3950,3944,timed_out,
CPP,300-1000,bingmann-sound-of-sorting,7e95b3b45cc55d2e1cf0469d31f25c363fb11ef8,src/algorithms/wikisort.cpp,608,608,1216,28850,28850,5564,5564,timed_out,
CPP,300-1000,bolero-MURAKAMI-Sprout,09181940789f135c292e9c336d8ceffca0b1bec3,sprout/detail/io/ios_state.hpp,433,433,866,12876,12876,3403,3403,timed_out,
CPP,300-1000,bolero-MURAKAMI-Sprout,10e239f933d94cfcbb4e592b26714867e2427309,testspr/print.hpp,246,340,586,6747,8875,2057,2671,timed_out,
CPP,300-1000,brezerk-q4wine,74187177123aa19bb802a77e0162635c5c48c795,src/plugins/winetricks.cpp,414,410,824,15709,15549,4742,4680,timed_out,
CPP,300-1000,cinemast-libjson-rpc-cpp,d68d0ff1e3ac7331b71408d6cc160e6749c347a4,src/test/test_server.cpp,416,416,832,17932,17939,7607,7607,timed_out,
CPP,300-1000,cisco-openh264,cf568c83f71a18778f9a16e344effaf40c11b752,test/encoder/EncUT_Sample.cpp,769,769,1538,29872,29962,7671,7707,timed_out,
CPP,300-1000,clangen-musikcube,036fb67f94fb4062df7057d5c972e544e66f40ef,src/plugins/stockencoders/FfmpegEncoder.cpp,697,730,1427,21229,22098,5056,5257,timed_out,
CPP,300-1000,coin-or-Dip,913a46cf54aa04e8cb47fc110323230c957b14b5,Dip/src/DecompMain.cpp,818,818,1636,28490,28489,6811,6811,timed_out,
CPP,300-1000,coin3d-quarter,78b1ce0330509f19a2ce36117ab75b77d4942379,src/Quarter/QuarterWidgetP.cpp,365,373,738,13395,13616,2898,2944,timed_out,
CPP,300-1000,colobot-colobot,02492ff8c2198c3ceec429df6465e84c1357ff25,colobot-base/src/object/auto/autoegg.cpp,350,350,700,8913,8925,2174,2179,timed_out,
CPP,300-1000,communi-libcommuni,3299693ae59a229b5e66de93428841565d7de9bb,src/core/irccommand.cpp,928,929,1857,32361,32384,4473,4479,timed_out,
CPP,300-1000,contour-terminal-contour,02c28ca3f90a1dd9b02829d079304fc3e052c0ab,src/vtrasterizer/TextRenderer.cpp,906,904,1810,36262,36250,6639,6639,timed_out,
CPP,300-1000,dirkvdb-ffmpegthumbnailer,ab9702091071ab350dee139d0c8ea7622a91cc79,libffmpegthumbnailer/videothumbnailer.cpp,436,383,819,12613,12319,3492,3492,timed_out,
CPP,300-1000,dolphin-emu-dolphin,07324ca067078d75517b20d90c353628f7e755b1,Source/Core/Core/IOS/USB/Emulated/Microphone.cpp,376,388,764,10080,10206,2648,2754,timed_out,
CPP,300-1000,dolphin-emu-dolphin,543b85a4513d2d1da8b0220529c28de1a989a51e,Source/Core/DolphinQt/Config/GeckoCodeWidget.cpp,409,405,814,11741,11686,3416,3406,timed_out,
CPP,300-1000,dolphin-emu-dolphin,e599ae37c31b0beb1594b3e664faa0a50db91690,Source/Core/VideoBackends/Vulkan/StateTracker.cpp,739,741,1480,26908,26990,5057,5077,timed_out,
CPP,300-1000,dungeons-of-moria-umoria,16a08c7a451eeda8f46e196ada3c1045f781b5a2,src/wizard.cpp,571,571,1142,17161,17163,5500,5503,timed_out,
CPP,300-1000,dungeons-of-moria-umoria,218da69e48eedc20dcf8b26ce90d5a142b6fee64,src/dungeon_los.cpp,581,578,1159,19412,19262,3664,3662,timed_out,
CPP,300-1000,eclipse-iceoryx-iceoryx,5281316b60618f56fd475a94192e530e3357568e,iceoryx_posh/test/integrationtests/test_posh_experimental_node.cpp,692,750,1442,25909,27442,8027,8630,timed_out,
CPP,300-1000,enzo1982-mp4v2,976e17930898f3ffc482dac748db3435931ece14,src/mp4info.cpp,625,632,1257,20378,20553,4135,4165,timed_out,
CPP,300-1000,epoupon-lms,5ce99411e198766a222c2551a1d3b32975525f9b,src/lms/ui/MediaPlayer.cpp,334,336,670,13510,13554,3629,3644,timed_out,
CPP,300-1000,epoupon-lms,ac5ede2388d85530e20d9517e1edcd6f26b03929,src/lms/ui/admin/ScannerController.cpp,348,354,702,14427,15029,3437,3610,timed_out,
CPP,300-1000,epoupon-lms,c251c2a924c46fe0eda6ba6a34de6dd655715b2d,src/libs/services/scanner/impl/steps/ScanStepAssociateReleaseImages.cpp,300,298,598,12053,12039,2550,2525,timed_out,
CPP,300-1000,epoupon-lms,f657427654ec8305e7eff8b874f0a0c9c5b4ad84,src/libs/services/artwork/impl/ArtworkService.cpp,385,385,770,14223,14227,3709,3709,timed_out,
CPP,300-1000,espressomd-espresso,72e1d874fe6b39401fd839d1a69e6c451c6fac83,src/core/system/System.cpp,577,577,1154,16842,16843,3975,3975,timed_out,
CPP,300-1000,exeldro-obs-source-dock,b91047ca65447d32f9a3de47031c0391bf992f93,volume-meter.cpp,832,832,1664,23447,23431,5912,5912,timed_out,
CPP,300-1000,facebook-folly,6e2511dc1c97a138c259919f7fccc72470e5a1b0,folly/executors/CPUThreadPoolExecutor.cpp,360,360,720,11899,11912,2882,2890,timed_out,
CPP,300-1000,godotengine-godot,8c0f175c94d611595172b7cc2f5c2620fd215d4c,editor/script/script_editor_base.cpp,705,706,1411,28363,28407,7553,7559,timed_out,
CPP,300-1000,godotengine-godot,e380a417526c11f15a9ddb3997292409b10da2af,scene/resources/style_box_flat.cpp,733,734,1467,33639,33673,8891,8897,timed_out,
CPP,300-1000,godotengine-godot,e380a417526c11f15a9ddb3997292409b10da2af,servers/audio/effects/audio_effect_delay.cpp,307,308,615,12089,12123,2811,2817,timed_out,
CPP,300-1000,godotengine-godot,f5a290ac462765afca34e64dd39f883511510147,drivers/gles3/rasterizer_gles3.cpp,494,495,989,19096,19134,3963,3969,timed_out,
CPP,300-1000,godotengine-godot,f5a290ac462765afca34e64dd39f883511510147,drivers/gles3/storage/render_scene_buffers_gles3.cpp,673,673,1346,28010,28031,5912,5912,timed_out,
CPP,300-1000,godotengine-godot,f7b9703cbd4d57626cc582e67c481c2b7a21f793,servers/audio/audio_stream.cpp,877,877,1754,29803,29821,7818,7822,timed_out,
CPP,300-1000,godotengine-godot.git,419fc6e22d6081b156834487a8ae78934c9e8ff9,servers/navigation_2d/navigation_server_2d.cpp,586,678,1264,35167,38531,7558,8469,timed_out,
CPP,300-1000,gogglesmm-gogglesmm,07150e614037005640ab58a9d44f5eea01c54592,cfox/lib/FXPopup.cpp,879,879,1758,24765,24786,7940,7931,timed_out,
CPP,300-1000,gogglesmm-gogglesmm,07cbafbef6b17dcd1ec628d96bb3ed945ac0ff76,cfox/lib/FXDate.cpp,349,349,698,8815,8797,2667,2663,timed_out,
CPP,300-1000,gogglesmm-gogglesmm,c4d2b9565133f2131a3bb2ecb32dec88a3184cf0,gap/plugins/ap_aac.cpp,745,745,1490,20845,20845,5565,5565,timed_out,
CPP,300-1000,google-woff2,62ae7a4c1ec7fb38adbf1294924db5924489889a,src/transform.cc,412,430,842,13101,13696,4010,4174,timed_out,
CPP,300-1000,hengband-hengband,3fd8abe9554a0dd16153ec4b906035869d3536be,src/monster-floor/one-monster-placer.cpp,450,446,896,15969,15867,4191,4159,timed_out,
CPP,300-1000,hengband-hengband,73d925f9d9ded4886d265f2b89b3f5142779e408,src/object-activation/activation-others.cpp,478,478,956,15650,15649,4041,4049,timed_out,
CPP,300-1000,hengband-hengband,865aa6bc64c3aa2d5e4de82029351c655bd77332,src/info-reader/race-info-tokens-table.cpp,438,439,877,19697,19762,5115,5128,timed_out,
CPP,300-1000,hengband-hengband,d5391e9cd185e0ff355ca28de992af5fbb9c00a0,src/floor/wild.cpp,970,970,1940,34431,34416,9061,9062,timed_out,
CPP,300-1000,hengband-hengband,d7eb1b1ffa356eaf3416ae6929100f60191d7d63,src/monster-race/monster-race-hook.cpp,744,730,1474,25261,24806,4854,4782,timed_out,
CPP,300-1000,hengband-hengband,e0ebf92d4e0fa45f7d3dd9322e64b4f25a3d9009,src/knowledge/knowledge-monsters.cpp,472,472,944,17945,17943,4916,4916,timed_out,
CPP,300-1000,hengband-hengband,fbb07e2766de01138a33bf7733f45efb36458a56,src/monster/monster-processor.cpp,704,704,1408,25791,25843,5249,5263,timed_out,
CPP,300-1000,ice-wm-icewm,313f4e34ab6dcfdf7b97a2ad0b37bc9ebce293ad,src/yinputline.cc,852,858,1710,23637,23933,7195,7310,timed_out,
CPP,300-1000,jahnf-Projecteur,2c615035f707e4e4ccdd31b9614d8e23964502f1,src/nativekeyseqedit.cc,508,537,1045,16722,17873,4472,4820,timed_out,
CPP,300-1000,l3ib-nitrogen,3b042a2f696c8a10d1d3dcf3cad7db9427be49d9,src/main.cc,304,306,610,8862,8908,2411,2418,timed_out,
CPP,300-1000,lammps-lammps,3b6dbe6344ac7f3bd15848e4bba9d7edf5acf3c8,src/REAXFF/pair_reaxff.cpp,793,793,1586,23614,23615,8030,8032,timed_out,
CPP,300-1000,lammps-lammps,fe7599e14712ee2079e090702391eeba15d73112,src/KOKKOS/pair_dpd_tstat_kokkos.cpp,404,404,808,12544,12594,4108,4148,timed_out,
CPP,300-1000,lincity-ng-lincity-ng,785eb87cd2690326b63d64f0fa157e8fd5229686,src/lincity/modules/light_industry.cpp,300,300,600,11377,11401,2170,2180,timed_out,
CPP,300-1000,lincity-ng-lincity-ng,f5b0c90e33ba88cb40f4f1eddf0a08a83d20c344,src/lincity-ng/Config.cpp,575,589,1164,19703,20076,5915,6473,timed_out,
CPP,300-1000,machinezone-IXWebSocket,a9351e1f11561c1ae846b3005ea4b0f29b2a8ccc,ixwebsocket/IXSocketServer.cpp,506,508,1014,16491,16593,3450,3494,timed_out,
CPP,300-1000,meganz-MEGAsync,0cc727208650c3bd3e35b36e3731067e1152dfa0,src/MEGAShellExt/dllmain.cpp,330,332,662,10910,10952,1981,1991,timed_out,
CPP,300-1000,meganz-MEGAsync,2a75f75f035398c48ffa5a5a30af7d1b7ed185fb,src/MEGASync/transfers/gui/TransfersSummaryWidget.cpp,764,768,1532,24357,24376,6671,6677,timed_out,
CPP,300-1000,miek-inspectrum,64360eabb4457cef30b92d09e396c0e1e833d4b3,src/plotview.cpp,670,671,1341,20056,20086,5457,5465,timed_out,
CPP,300-1000,miek-inspectrum,f6a46d73a439f48ee5a5d062691cf2a01e10db8d,src/inputsource.cpp,376,384,760,11725,11951,3808,3850,timed_out,
CPP,300-1000,mixxxdj-mixxx,01ff83dd87dde6eedf8b31ca7097c3ae0e29fae4,src/preferences/broadcastprofile.cpp,783,867,1650,25895,30105,6560,7113,timed_out,
CPP,300-1000,moderngl-glcontext,054b35227fa698cbefc0f95af8e83bb43efe9490,glcontext/wgl.cpp,326,341,667,10427,11136,2713,2789,timed_out,
CPP,300-1000,monero-project-monero,6b8dfb8fb9b163b4ad8191e394d909376c9a210c,src/daemon/main.cpp,384,376,760,14293,14046,3196,3128,timed_out,
CPP,300-1000,mupen64plus-mupen64plus-video-rice,00c80807cc1475a193b6105a77c811796ff1457d,src/VectorMath.cpp,316,316,632,7748,7748,1916,1916,timed_out,
CPP,300-1000,ninja-build-ninja,214df86c13862b1d508f4b17c62f50c79fee3980,src/disk_interface_test.cc,368,368,736,10615,10621,3880,3883,timed_out,
CPP,300-1000,opencv-opencv,5e91b461bc2d86775234242c21ec1e5369eb9c74,modules/objdetect/include/opencv2/objdetect/aruco_detector.hpp,489,495,984,25000,25306,1328,1354,timed_out,
CPP,300-1000,p-ranav-argparse,8dead89026466b3818e9c6b6b1d938600db39d8f,test/test_scan.cpp,428,475,903,14135,15496,4728,5237,timed_out,
CPP,300-1000,pekwm-pekwm,2feb3d3cab7e88889238187e08df35cd34507243,src/tk/Action.cc,927,929,1856,25085,25157,8264,8285,timed_out,
CPP,300-1000,pianobooster-PianoBooster,3fd6b85b88920396f93358750da29b1a2653acee,src/TrackList.cpp,517,520,1037,17631,17734,4228,4406,timed_out,
CPP,300-1000,pocoproject-poco,5144cea871fc7148004af84fd9708253ecce319d,MongoDB/src/Database.cpp,454,378,832,12108,10196,4390,3486,timed_out,
CPP,300-1000,psmokotnin-osm,c9b0e6f52bfca443c2740f613bac0a44ac5459d4,src/source/sourcewindowing.cpp,524,524,1048,16543,16594,5430,5430,timed_out,
CPP,300-1000,psmokotnin-osm,e1c2a2d54385be7073a1a777ad52a5513924c0e9,src/sourcelist.cpp,838,838,1676,21020,21030,7078,7084,timed_out,
CPP,300-1000,pytorch-tensorpipe,52791a2fd214b2a9dc5759d36725909c1daa7f2e,tensorpipe/python/tensorpipe.cc,453,453,906,15160,15162,4417,4417,timed_out,
CPP,300-1000,quotient-im-Quaternion,816dc049e811a55ebd07f302f60af69f0e71483a,client/profiledialog.cpp,461,461,922,18027,18025,4913,4913,timed_out,
CPP,300-1000,quotient-im-Quaternion,9f1fcd9fb5ba887e68a5c88a703d683b7fdd11ff,client/profiledialog.cpp,398,460,858,14805,17818,4101,4881,timed_out,
CPP,300-1000,rcsb-mmtf-cpp,6738adb7149a385a8eeb3b03d46c2e2661165130,include/mmtf/structure_data.hpp,869,870,1739,27421,27538,6533,6560,timed_out,
CPP,300-1000,rizinorg-rz-ghidra,4b40d415a44d95862025d5840c69b7e684b62d5d,src/core_ghidra.cpp,643,709,1352,17645,19807,5812,6424,timed_out,
CPP,300-1000,robashaw-libecpint,ae45c2e692138952dd611c8224b6d81698672b34,src/lib/ecpint.cpp,787,786,1573,27020,26996,11679,11673,timed_out,
CPP,300-1000,rockowitz-ddcui,595bd68adb60a1856861187235bae8f21a3c1627,src/main/main.cpp,509,510,1019,17644,17702,3991,4006,timed_out,
CPP,300-1000,rzvncj-xCHM,d593dd343040a458300a61f469dd682b1cf52f81,src/chmhtmlwindow.cpp,425,425,850,11121,11121,3393,3393,timed_out,
CPP,300-1000,sadko4u-lsp-plugins,3441a7f4cc54c4268ad5e8834d5e7f9cde51dde8,src/metadata/expander.cpp,388,402,790,12963,13746,1747,1747,timed_out,
CPP,300-1000,sass-libsass,8fbd1ffa9b7b4faf22ef2a9605bba1b4f1846e81,src/util.cpp,723,723,1446,19992,19980,5917,5917,timed_out,
CPP,300-1000,sciapp-gr,fa97a2d74e5fec611e7d04cc39f0caba50ef2445,lib/gks/qt/gksserver.cxx,297,304,601,9470,9712,2881,2992,timed_out,
CPP,300-1000,sharebrained-portapack-hackrf,bef91cbfc2c263af6652801a174c3ccf17fc8d5e,firmware/chibios-portapack/boards/PORTAPACK_APPLICATION/board.cpp,688,690,1378,36461,36511,8843,8871,timed_out,
CPP,300-1000,sleuthkit-sleuthkit,2aca957d2b29ec6019e309c0145f9715f6c7e14d,tsk/img/ewf.cpp,575,566,1141,19567,19457,4673,4533,timed_out,
CPP,300-1000,sleuthkit-sleuthkit,ac8dc1c290c1b0bd445546272a448e2be1f2b7ff,tsk/img/img_writer.cpp,884,884,1768,31295,31304,6390,6393,timed_out,
CPP,300-1000,symengine-symengine,6733d7d4f01d36a10890c58978f07b2b9810a783,symengine/utilities/teuchos/Teuchos_RCPNode.cpp,724,764,1488,24062,25380,3776,3994,timed_out,
CPP,300-1000,teeworlds-teeworlds,210eaf49c4735bc9d349c5de84dba24f0ee027ed,src/game/client/ui.cpp,912,912,1824,24610,24643,8399,8401,timed_out,
CPP,300-1000,teeworlds-teeworlds,aae91c1b347983a2c39d26e7ac183e2015aa15d1,src/engine/shared/snapshot.cpp,675,679,1354,15416,15501,5400,5431,timed_out,
CPP,300-1000,teeworlds-teeworlds,bae85e5f974e7143a82a9092259134e83d253034,src/game/client/components/menus_callback.cpp,451,452,903,14924,14994,5006,5028,timed_out,
CPP,300-1000,tibirna-qgit,1cb9acfa385e81cb9249e444603d7eff5be64c92,src/commitimpl.cpp,407,407,814,11815,11848,3670,3670,timed_out,
CPP,300-1000,trendmicro-tlsh,bcec3a6f681114b2ae3fabdb17dfea4d10a7c6a8,py_ext/tlshmodule.cpp,584,603,1187,18557,19065,3795,3951,timed_out,
CPP,300-1000,uriparser-uriparser,0164c75910fd4464746ea6fd9dc4216845df78af,test/SetHostIp4.cpp,314,316,630,9090,9543,2682,2682,timed_out,
CPP,300-1000,viewizard-astromenace,b573eef8c16de1ff75659e5a7749cbb914dcaa84,src/assets/texture.cpp,466,469,935,42483,42583,7465,7475,timed_out,
CPP,300-1000,vmc-project-vgm,7aaee3031546e69e91229ba06bc7d45dd5d0ac2c,packages/XmlVGM/source/VExporter.cxx,652,696,1348,18939,20421,4348,4807,timed_out,
CPP,300-1000,wanduow-libprotoident,5b4c0a34e8936908e512655f407d013e1a781db2,lib/proto_manager.cc,487,493,980,13525,13709,3512,3560,timed_out,
CPP,300-1000,xiota-xboxdrv,9cc8c3432cb222b5218d728573c890712e4eca27,src/linux_uinput.cpp,408,408,816,10784,10783,2912,2912,timed_out,
CPP,300-1000,xyb3rt-id3ted,33c4393a8c29000ab414bbbb7b2496c4714854c5,mp3file.cpp,649,654,1303,16716,16878,6107,6177,timed_out,
CPP,300-1000,zealdocs-zeal,a03c4acf51469d138a3e7f9f61af60c07b29b548,src/libs/core/application.cpp,300,308,608,8610,8758,2184,2225,timed_out,
CPP,300-1000,zeromq-zmqpp,3fe54c0791cb8a9068cf5b7f4ecebc9e9dc3428a,src/zmqpp/message.cpp,487,469,956,10175,10397,3689,3757,timed_out,
CPP,300-1000,zerotier-ZeroTierOne,ba2a4a605ca8e66c285f3e829b0eb44c2befd383,controller/DB.cpp,422,471,893,13661,13964,5630,5630,timed_out,
CPP,300-1000,znixian-OpenOVR,a8565a89420e44be71a742c9c71acef335763a57,OpenOVR/Reimpl/BaseInput_Hand.cpp,537,537,1074,19983,19999,5252,5259,timed_out,
CPP,3000+,3MFConsortium-lib3mf,25c7b336e2ec2e3b9740042bef9230fc05498723,Autogenerated/Source/lib3mf_abi.hpp,6459,6638,13097,290001,298059,16464,16925,timed_out,
CPP,3000+,3MFConsortium-lib3mf,3a30defc17ceeff181c775f6247f9bb2cff7fd74,Autogenerated/Source/lib3mf_interfacewrapper.cpp,24549,24549,49098,939590,939605,238458,238458,timed_out,
CPP,3000+,3MFConsortium-lib3mf,7090e79b52c9f923def01c8367cfdf7eac87101f,Autogenerated/Bindings/Cpp/lib3mf_abi.hpp,3711,3711,7422,167824,167824,9389,9389,timed_out,
CPP,3000+,3MFConsortium-lib3mf,b2f8c8fd6ca3636392cfb704e1c6527e6c9b4959,Autogenerated/Bindings/NodeJS/lib3mf_nodewrapper.cc,12940,12968,25908,616880,618332,158400,158776,timed_out,
CPP,3000+,Beep6581-RawTherapee,0d60258a96c5e98e1a4223102e0bcb2fe831b577,rtengine/dcraw.cc,11227,11229,22456,384653,384741,141034,141067,timed_out,
CPP,3000+,Beep6581-RawTherapee,5844a9c623c8c19c58b348a8836d83c396dcc88a,rtengine/improccoordinator.cc,3448,3450,6898,147927,148057,33732,33752,timed_out,
CPP,3000+,Beep6581-RawTherapee,691fe8089601c08986f00d06f3629d7a70312e84,rtgui/wavelet.cc,4506,4503,9009,187610,187367,56863,56788,timed_out,
CPP,3000+,Beep6581-RawTherapee,7afdfc1e2bc17b8c4268397651a344fe7fb9dc15,rtengine/procparams.cc,10630,10634,21264,546721,546984,144717,144802,timed_out,
CPP,3000+,Beep6581-RawTherapee,8d0333120e8caec1364362b5516289bba879d6d1,rtengine/procparams.cc,10846,10836,21682,558673,557766,147802,147530,timed_out,
CPP,3000+,Beep6581-RawTherapee,8d0333120e8caec1364362b5516289bba879d6d1,rtgui/options.cc,3043,3056,6099,141706,142395,34089,34256,timed_out,
CPP,3000+,Beep6581-RawTherapee,ac48cc55d8556403b92d3183c69080b60faabe58,rtengine/iplocallab.cc,18951,18951,37902,843832,843829,239412,239410,timed_out,
CPP,3000+,Beep6581-RawTherapee,b4daf36349dcfc7373da337e38dd5f2f01c08c28,rtengine/dcraw.cc,11227,11227,22454,384469,384597,140998,141014,timed_out,
CPP,3000+,Beep6581-RawTherapee,e5d46032ffbe8b21946019203260ab1aefe9c483,rtgui/paramsedited.cc,8793,8799,17592,388151,388349,132616,132685,timed_out,
CPP,3000+,Beep6581-RawTherapee,f06e756c20117dc194fc942477dc173c9fb11cff,rtengine/procparams.cc,10957,10974,21931,550542,551499,146266,146464,timed_out,
CPP,3000+,FedoraQt-adwaita-qt,1a089c8f0b1e111fd1b077de2180ac125708b327,src/style/adwaitastyle.cpp,7801,7807,15608,298529,298644,74441,74588,timed_out,
CPP,3000+,FedoraQt-adwaita-qt,bf53a97dc1b9a07730cf8e3362989ea7d40cd7a7,src/style/adwaitastyle.cpp,7766,7766,15532,294676,294770,73481,73531,timed_out,
CPP,3000+,GPUOpen-Drivers-xgl,5301cf5222c6b2b29dd9e66bd1346b3ea3da1866,icd/api/vk_physical_device.cpp,9452,9521,18973,434564,437853,63613,64203,timed_out,
CPP,3000+,Haivision-srt,a26a7021a501e8c4bc17c75f3a109cca529cf262,srtcore/core.cpp,12151,12559,24710,484313,499874,79824,82458,timed_out,
CPP,3000+,HowardHinnant-date,510a05429fc16fe1a010babebb7a367e30bcf887,src/tz.cpp,4371,4371,8742,131699,131698,38062,38062,timed_out,
CPP,3000+,KhronosGroup-OpenCL-CLHPP,3807f5ce914fed3fdbbdff10487992f951e9bddc,include/CL/opencl.hpp,11837,12105,23942,401912,412474,71757,73610,timed_out,
CPP,3000+,KhronosGroup-OpenCL-CLHPP,3f452e6d907cc2da3ae54e2971060f319d970f61,include/CL/opencl.hpp,11838,11827,23665,402116,401747,71760,71723,timed_out,
CPP,3000+,KhronosGroup-Vulkan-Headers,2fa203425eb4af9dfc6b03f97ef72b0b5bcb8350,include/vulkan/vulkan_to_string.hpp,10868,10969,21837,605627,610586,106054,106985,timed_out,
CPP,3000+,KhronosGroup-glslang,8dd7112da56b00b2c352ed18aa0a355d5bdf4bdd,SPIRV/GlslangToSpv.cpp,11207,11207,22414,511707,511708,114380,114380,timed_out,
CPP,3000+,KikoPlayProject-KikoPlay,20deeb7aec4dadbc7c6d1a32f72f6677bad05ac8,UI/player.cpp,3372,3390,6762,129084,129642,38959,39164,timed_out,
CPP,3000+,OpenMW-osg,bf279a59fab4c51a21a28b47de496cdebd53f0c4,src/osgViewer/GraphicsWindowWin32.cpp,3171,3171,6342,115166,115167,21172,21172,timed_out,
CPP,3000+,OpenNI-OpenNI,07d8ce36a0b20f7fc4a7bd9cb161b1aa475b1c4d,Source/OpenNI/XnOpenNI.cpp,6571,6627,13198,242676,243850,50316,50591,timed_out,
CPP,3000+,POV-Ray-povray,5219e71cf09f586faa3cee013468f5083231ecff,source/core/shape/truetype.cpp,3182,3192,6374,102311,102561,21920,21963,timed_out,
CPP,3000+,ROCm-amdsmi,b58625cafa74f72d04edf1c86cdc1917549f015f,src/amd_smi/amd_smi.cc,5435,5441,10876,211263,211777,42152,42219,timed_out,
CPP,3000+,ROCm-amdsmi,ca52da194d609b40435524e891ef41e1fe9aad50,rocm_smi/src/rocm_smi.cc,7790,7804,15594,240569,241234,56192,56328,timed_out,
CPP,3000+,ROCm-amdsmi,d24dc7ef898835b7177fa66f1c1bb8652e499d2a,src/amd_smi/amd_smi.cc,6265,6288,12553,246687,247534,50558,50735,timed_out,
CPP,3000+,ROCm-hipBLAS,875cbc71818380f35fa786bb4e1bc8009091f03a,clients/include/hipblas.hpp,12254,5054,17308,842890,354442,86486,46213,timed_out,
CPP,3000+,ShiftMediaProject-modplug,1a41b26014d58a39d295ed2ae8ae73780de553b0,src/load_abc.cpp,4891,4894,9785,135531,135581,52451,52458,timed_out,
CPP,3000+,Wargus-war1gus,3472026e54f1c37b7944000490a015ab5c5ace7e,war1tool.cpp,4059,4059,8118,112476,112476,38944,38944,timed_out,
CPP,3000+,WebAssembly-wabt,ed94ed771c73189d414c6dcb7d74b60a5198ded2,src/wast-parser.cc,4016,4044,8060,120198,121051,36700,36946,timed_out,
CPP,3000+,Xenoveritas-abuse,174715d4a832b6073eb1b48abda2eeacb9af4923,src/level.cpp,3282,3272,6554,77158,77377,26952,27007,timed_out,
CPP,3000+,ZDoom-ZMusic,9c49542b10e3488a84735d93b0e8fa551d0cc8a6,thirdparty/game-music-emu/gme/Ym2612_MAME.cpp,3108,3113,6221,89680,89842,24319,24339,timed_out,
CPP,3000+,asmjit-asmjit,356dddbc5508dd65f466098da26a2e47584eafdb,test/asmjit_test_compiler_x86.cpp,4691,4690,9381,121876,122114,48283,48477,timed_out,
CPP,3000+,asmjit-asmjit,4111caeca42cb092669d27165eec1fd958ffe9a6,test/asmjit_test_assembler_x86.cpp,8551,8553,17104,775795,775928,241806,241842,timed_out,
CPP,3000+,aws-aws-sdk-cpp,44d5c9bfdbc0d320ce224d5ff08872e79c06a1a7,generated/src/aws-cpp-sdk-qconnect/source/QConnectClient.cpp,3874,3957,7831,308996,315339,64109,65508,timed_out,
CPP,3000+,bitcoin-bitcoin,91ac64b0a66fc792eabd0a9bb5bb22459c852c6d,src/validation.cpp,6543,6549,13092,320979,321154,54935,54961,timed_out,
CPP,3000+,bochs-emu-Bochs,08c8ed933916d90371a0d609f9321bc0d1679801,bochs/iodev/display/geforce.cc,6778,6740,13518,254364,252759,80264,79854,timed_out,
CPP,3000+,brettbode-wxmacmolplt,a667160351b92b1d410f839fcdd86d572367cd3a,src/OpenGLGraphics.cpp,4381,4388,8769,136659,136946,42096,42180,timed_out,
CPP,3000+,bulletphysics-bullet3,11b79c38382c3d5c70e3a6e458b9f52f9ddb53a6,examples/SharedMemory/PhysicsServerCommandProcessor.cpp,15837,15837,31674,570187,570205,138994,138994,timed_out,
CPP,3000+,bulletphysics-bullet3,807cf3d387e03d5b47a7bf49f3d12780f6035210,examples/SharedMemory/PhysicsServerCommandProcessor.cpp,15332,15334,30666,550991,550901,133579,133579,timed_out,
CPP,3000+,bulletphysics-bullet3,87605ca4c8f6b11e6b84e522403b11740db33f7f,examples/SharedMemory/PhysicsClientC_API.cpp,6439,6438,12877,261903,261800,63453,63426,timed_out,
CPP,3000+,bulletphysics-bullet3,ee0100abbfebc19de560700bb4ad73064aa4c982,src/BulletSoftBody/btSoftBody.cpp,4757,4757,9514,129004,129010,53261,53261,timed_out,
CPP,3000+,chennes-med,f17a48594d7c668eb68850284c50aeb9c5fe7159,python/medstructelement_int_wrap.cc,26132,26187,52319,1040504,1036075,329918,328119,timed_out,
CPP,3000+,coin-or-Cbc,ba9d01535a6dd7a13b4f5c94b90e5a963906cb58,src/CbcSolver.cpp,13660,13669,27329,591784,592102,129924,129980,timed_out,
CPP,3000+,coin-or-Osi,ffdc3298c3c135b23b7e08ccf33433b05d9cd257,src/OsiMsk/OsiMskSolverInterface.cpp,5506,5506,11012,158237,158243,35591,35609,timed_out,
CPP,3000+,coin-or-SYMPHONY,9b3409f2c4af3152f8f360ac55455c84461f658f,src/Master/master.cpp,8615,8616,17231,275576,275566,81574,81569,timed_out,
CPP,3000+,coin3d-coin,bb82ff16f3440cdd9673cec738ea860e68392e64,src/glue/gl.cpp,5370,5372,10742,185512,185557,31347,31362,timed_out,
CPP,3000+,colobot-colobot,160a4a4f7571d275f6221c854e4fdb0680c21551,src/object/old_object.cpp,3514,3515,7029,101429,101462,24900,24906,timed_out,
CPP,3000+,colobot-colobot,8991d182547dee658342fe352af131d73df83a7f,colobot-base/src/physics/physics.cpp,3827,3828,7655,128847,128878,34229,34235,timed_out,
CPP,3000+,colobot-colobot,a16771425a46c0000efca18d29269f4ee1ce8f20,test/unit/CBot/CBot_test.cpp,3329,3329,6658,96629,96629,16688,16688,timed_out,
CPP,3000+,dcleblanc-SafeInt,758ad7454c926f0a2c2998fc041fe2be0cf9a8a6,SafeInt.hpp,7126,7159,14285,244183,246059,59321,59380,timed_out,
CPP,3000+,dogecoin-dogecoin,7237da74b8c356568644cbe4fba19d994704355b,src/net_processing.cpp,3614,3614,7228,165608,165613,31673,31673,timed_out,
CPP,3000+,dolphin-emu-dolphin,596b29017757aefd90b5c8fb39006f70ec060752,Source/Core/Common/Arm64Emitter.cpp,4411,4411,8822,122819,122824,41757,41759,timed_out,
CPP,3000+,duckdb-duckdb,6c675e4d09c15bd2ca54fd4f32a8072f38118418,tools/shell/shell.cpp,3608,3599,7207,98795,98145,29897,29661,timed_out,
CPP,3000+,duckdb-duckdb,e00f228e519fd6365dfd96438dda4269eb37a025,tools/shell/shell.cpp,3257,3258,6515,89487,89535,26234,26247,timed_out,
CPP,3000+,eclipse-iceoryx-iceoryx,890a64268cf787403544a6047fe6f7252e3f0c9e,iceoryx_hoofs/test/moduletests/test_container_fixed_position_container.cpp,3279,3280,6559,105276,105320,32356,32365,timed_out,
CPP,3000+,eclipse-iceoryx-iceoryx,fe77d354aef3dce709bf9ee080a436a59c91319b,iceoryx_hoofs/test/moduletests/test_container_fixed_position_container.cpp,3277,3279,6556,105244,105276,32384,32388,timed_out,
CPP,3000+,erincatto-Box2D,df9787b59e4480135fbd73d275f007b5d931a83f,samples/sample_collision.cpp,3707,3707,7414,99663,99672,30110,30110,timed_out,
CPP,3000+,facebook-rocksdb,2f583aed8f66e36d5feb7a5923da9440345d1bba,db/version_set.cc,7975,7975,15950,304124,304124,66620,66620,timed_out,
CPP,3000+,fktn-k-fkYAML,0af84d357ef6509491fc806bff0c84897a4d6642,test/unit_test/test_deserializer_class.cpp,3016,3135,6151,122165,126908,40384,41823,timed_out,
CPP,3000+,godotengine-godot,13bb08286e98c025d8bded932be65afb2ca8718e,drivers/gles3/storage/material_storage.cpp,3472,3471,6943,131378,131325,37704,37698,timed_out,
CPP,3000+,godotengine-godot,1b543e85cf1af91f0624c01a27002ad2ef26b6d2,editor/script/script_editor_plugin.cpp,4423,4423,8846,153886,153898,46216,46216,timed_out,
CPP,3000+,godotengine-godot,2de7d5478bf34bcaa2ac4db96356fac284f6049d,main/main.cpp,5345,5343,10688,207944,207907,48252,48240,timed_out,
CPP,3000+,godotengine-godot,4274f8b543b1680d90000278d7c984da718bb7f4,editor/editor_node.cpp,9411,9434,18845,366127,366276,94271,94256,timed_out,
CPP,3000+,godotengine-godot,5482b9e89ec8427a76a462b1fb1af13ca0046a17,tests/scene/test_code_edit.cpp,5710,5715,11425,222021,222105,69479,69489,timed_out,
CPP,3000+,godotengine-godot,5c4500a23610d23c82513f506ad8a7e81a7319d1,editor/docks/scene_tree_dock.cpp,5155,5181,10336,179568,180694,53257,53529,timed_out,
CPP,3000+,godotengine-godot,671864fb05eb9ea23749d1192632b6451a9d3a6d,servers/rendering/rendering_server.cpp,3807,3807,7614,195960,196004,53593,53599,timed_out,
CPP,3000+,godotengine-godot,765362b033011f44ccac7a68dd28147cf21fa135,platform/windows/display_server_windows.cpp,8175,8176,16351,273393,273425,78130,78136,timed_out,
CPP,3000+,godotengine-godot,8c0f175c94d611595172b7cc2f5c2620fd215d4c,modules/openxr/openxr_api.cpp,4080,4081,8161,144392,144416,29752,29758,timed_out,
CPP,3000+,godotengine-godot,e380a417526c11f15a9ddb3997292409b10da2af,editor/script/script_editor_plugin.cpp,4422,4423,8845,153852,153886,46210,46216,timed_out,
CPP,3000+,godotengine-godot,e380a417526c11f15a9ddb3997292409b10da2af,servers/rendering/rendering_server.cpp,3807,3808,7615,196029,196063,53611,53617,timed_out,
CPP,3000+,godotengine-godot,e9ee5798d4e70a0847cb14882a9a8e247b32cfde,core/string/ustring.cpp,5781,5781,11562,139120,139122,48578,48578,timed_out,
CPP,3000+,godotengine-godot,ef933c92352f2447363c73f4f6bcfab7a692345f,editor/shader/visual_shader_editor_plugin.cpp,8533,8535,17068,458124,458218,122895,122915,timed_out,
CPP,3000+,godotengine-godot,f3ba89c381aca5079b33ff1cccb2d1561c63e672,editor/editor_node.cpp,9458,9479,18937,367499,368536,94567,94853,timed_out,
CPP,3000+,godotengine-godot,f7b9703cbd4d57626cc582e67c481c2b7a21f793,scene/gui/popup_menu.cpp,3541,3541,7082,129223,129241,39426,39430,timed_out,
CPP,3000+,godotengine-godot.git,44451e6988b30e3ee27921cfe5665d07c1b8fa47,servers/rendering/rendering_device.cpp,8343,8343,16686,366860,366864,84750,84750,timed_out,
CPP,3000+,godotengine-godot.git,c5aae722eeafb38c7eab259c28642c174cb5cc2f,main/main.cpp,5095,5096,10191,194658,194724,45889,45902,timed_out,
CPP,3000+,godotengine-godot.git,e232484a37d94e701129ffad2ce3cee97e9586db,scene/gui/text_edit.cpp,9301,9300,18601,319549,319523,92743,92736,timed_out,
CPP,3000+,godotengine-godot.git,e6f7161b9485b75bc2a20ec8b896e62f6bf443f7,editor/docks/filesystem_dock.cpp,4488,4488,8976,165609,165687,47055,47065,timed_out,
CPP,3000+,godotengine-godot.git,edceae18a1526948177d3da29ca685d6b6d0f150,editor/script/script_editor_plugin.cpp,4800,4805,9605,164208,164396,49183,49258,timed_out,
CPP,3000+,google-googletest,9706f75b8f91c52a3840cf5d878a7f37ea10ef00,googletest/test/gtest_unittest.cc,7826,7824,15650,266858,266733,63829,63771,timed_out,
CPP,3000+,google-libnop,2e4f60416dac583c97ff8ec00532afc26d54f97e,test/serializer_tests.cpp,3180,7266,10446,89296,231206,33689,93456,timed_out,
CPP,3000+,gschwind-page,10ac24ff40e4f402975423fbdba1257ae66367df,src/page.cxx,3321,3319,6640,99028,98955,27761,27740,timed_out,
CPP,3000+,ice-wm-icewm,3fb954557774b807cd5962ca0a043e05e83f821c,src/icesh.cc,5082,5204,10286,151711,156210,47037,48463,timed_out,
CPP,3000+,ice-wm-icewm,429d528d8e38aaef97cd4351cd710962744def97,src/wmframe.cc,3833,3848,7681,114255,114684,36146,36273,timed_out,
CPP,3000+,ice-wm-icewm,f17c7dd583da6a2a94c8ba2e87dc93780c300147,src/icesh.cc,5082,5082,10164,151699,151711,47033,47037,timed_out,
CPP,3000+,intel-metrics-discovery,065123b50fa20574fa2f663f7b45f6f2bce36cfe,instrumentation/metrics_discovery/codegen/md_metric_sets_TGL_GT1.cpp,9017,9017,18034,758527,758595,143455,143455,timed_out,
CPP,3000+,intel-metrics-discovery,4ff7a8bffd54f01e534015cb020c39e22a3f1012,instrumentation/metrics_discovery/codegen/md_metrics_XEHP_SDV_GT1.cpp,3569,3566,7135,277333,277284,53377,53334,timed_out,
CPP,3000+,intel-metrics-discovery,4ff8df044cbd9b270f2cf9561d1a60f826679f62,instrumentation/metrics_discovery/codegen/md_metric_sets_TGL_GT1.cpp,9041,9017,18058,741488,758527,136369,143455,timed_out,
CPP,3000+,intel-metrics-discovery,75b292eb1309e4ea10dce403065ee8ca5bf29ecc,instrumentation/metrics_discovery/codegen/md_metric_sets_ICL.cpp,12451,12432,24883,1035529,1034465,192431,192241,timed_out,
CPP,3000+,intel-metrics-discovery,75b292eb1309e4ea10dce403065ee8ca5bf29ecc,instrumentation/metrics_discovery/codegen/md_metric_sets_TGL_GT1.cpp,9057,9041,18098,743661,742809,136694,136544,timed_out,
CPP,3000+,intel-metrics-discovery,aaaa928c4e8a373961d34dec099e20b26d9e3dc4,instrumentation/metrics_discovery/codegen/md_metrics_XEHP_SDV_GT1.cpp,3569,3569,7138,277633,277333,53402,53377,timed_out,
CPP,3000+,intel-metrics-discovery,d1862be2ab6969e81646fc1db242887a4291571d,instrumentation/metrics_discovery/codegen/md_metrics_TGL_GT2.cpp,11187,11227,22414,847502,914597,170176,180620,timed_out,
CPP,3000+,jonasmr-microprofile,66eb1c8814c33fd75a2e9cdf4c8f03cbd0e78542,microprofile.cpp,14718,14719,29437,429932,429923,125296,125288,timed_out,
CPP,3000+,js8call-js8call,4a05d00429b214f2e5c6e7cc2b043937aa325109,mainwindow.cpp,11136,11139,22275,382568,382705,104476,104520,timed_out,
CPP,3000+,libretro-nestopia,95e6e43569f3b04cde217279f87742eadef417fd,source/core/NstPpu.cpp,3549,3609,7158,75313,76859,23708,23904,timed_out,
CPP,3000+,libretro-snes9x,2bb772322084db3fd905d3f9dd13139dd7423950,memmap.cpp,4037,4037,8074,97293,97206,31594,31581,timed_out,
CPP,3000+,luau-lang-luau,994b6416f1a2d16ac06c52b4e574bad5d8749053,Analysis/src/ConstraintGenerator.cpp,4829,4823,9652,171915,171711,43400,43368,timed_out,
CPP,3000+,luau-lang-luau,ff6d381e57bcd1799d850d7fabe543c0f0980a5d,tests/TypeInfer.tables.test.cpp,6232,6347,12579,171543,174836,32597,33111,timed_out,
CPP,3000+,meganz-MEGAsync,0ce0776271d0c003e2e77ff9f216f0b66903bf2f,src/MEGASync/MegaApplication.cpp,6596,6596,13192,212106,212107,49752,49752,timed_out,
CPP,3000+,meganz-MEGAsync,1c64bb2bc425ce8fefd87f3acd65b7fdaf0ba0b6,src/MEGASync/control/Preferences/Preferences.cpp,3153,3154,6307,98375,98391,25690,25697,timed_out,
CPP,3000+,meganz-MEGAsync,330e92059cd2686299eb45fc38b4986a304b6695,src/MEGASync/MegaApplication.cpp,6529,6526,13055,210424,210351,49662,49653,timed_out,
CPP,3000+,meganz-MEGAsync,7227a6be2cd245158c71efef14c2f95511bd5c9a,src/MEGASync/transfers/model/TransfersModel.cpp,3024,3060,6084,93844,95374,21203,21290,timed_out,
CPP,3000+,meganz-MEGAsync,dc4b332f6b11b1c7e8d9afb61ef8d81e757738de,src/MEGASync/MegaApplication.cpp,6388,6355,12743,205505,204145,49152,48852,timed_out,
CPP,3000+,milkytracker-MilkyTracker,827d2db044c433aafd64036a0d50202aded74589,src/tracker/SampleEditor.cpp,3989,3999,7988,88835,89035,30550,30631,timed_out,
CPP,3000+,monero-project-monero,446d9622f8ebde6467bf0f1790676549358151ca,external/easylogging++/easylogging++.cc,3557,3565,7122,137553,137731,42647,42752,timed_out,
CPP,3000+,odin-lang-Odin,0f0c40b96dc5d5b6e585c935186b342180747d06,src/llvm_backend_proc.cpp,4416,4416,8832,148109,148121,44370,44370,timed_out,
CPP,3000+,onnx-onnx,626202ab61710047aa59ed8755c1c1502e941b66,onnx/defs/tensor/defs.cc,4102,4106,8208,172345,172409,24928,24910,timed_out,
CPP,3000+,p-ranav-indicators,8e39967c1e1a81a357a431d92875003a943b2ed3,single_include/indicators/indicators.hpp,3430,3427,6857,119643,119486,32014,31959,timed_out,
CPP,3000+,pachterlab-kallisto,2bdd636edc5a2a6f41d297412f2a263ddfbc923b,src/main.cpp,3211,3211,6422,113367,113369,32229,32229,timed_out,
CPP,3000+,pachterlab-kallisto,3ba8f688c032ec4dd1f86f293007d48577bdc76f,src/ProcessReads.cpp,3257,3309,6566,92724,94582,32584,33286,timed_out,
CPP,3000+,pachterlab-kallisto,cc242fc875cc52c617bb3efaa7d9c9d657306a1f,src/main.cpp,3215,3217,6432,113814,113908,32578,32602,timed_out,
CPP,3000+,radioacoustick-Coil64,5a9ef1d3510635ccfbdfe01050e6eaf5dba1c5b7,mainwindow.cpp,5541,5601,11142,292664,295960,94056,95506,timed_out,
CPP,3000+,redeclipse-base,1db64bc954b7bccc854bb2fc68f2a2d1af5df0a4,src/game/client.cpp,4268,4268,8536,173108,173106,52120,52119,timed_out,
CPP,3000+,rizinorg-rz-ghidra,2dd3d2bf7b9eab7018991e7b62ab3376c6faa9ff,src/analysis_ghidra.cpp,3317,3315,6632,90154,90085,29481,29473,timed_out,
CPP,3000+,rizinorg-rz-ghidra,301f5e86fdc4646cf33ec500cc18b758f99a3a3d,src/analysis_ghidra.cpp,3317,3315,6632,90092,89995,29492,29453,timed_out,
CPP,3000+,robert7-nixnote2,599c45f0f9925a1489b860cc7bf7a2954ce7c3e9,src/nixnote.cpp,3678,3677,7355,141522,141081,36840,36767,timed_out,
CPP,3000+,schrodinger-pymol-open-source,57daee0b7ec7535a6fdcb97e4887b7001f26b0b4,layer3/Selector.cpp,11099,11100,22199,334336,334410,100861,100867,timed_out,
CPP,3000+,sciapp-gr,8249c6ed098019db0ac64a87e459d51ad4f08142,lib/grm/grplot/grplot_widget.cxx,3518,3532,7050,123217,123795,35614,35744,timed_out,
CPP,3000+,sciapp-gr,c22b7c67547cbbf1512e6d0e0634d3bf547705f7,lib/grm/src/grm/plot.cxx,5443,5444,10887,204245,204266,53019,53022,timed_out,
CPP,3000+,supermerill-SuperSlicer,0637853131fc189cf358f448d15aae3b8fefcb9a,src/libslic3r/PrintConfig.cpp,12095,12112,24207,595299,596169,140567,140778,timed_out,
CPP,3000+,supermerill-SuperSlicer,2196cbbbeb32b118fcc1c7e24e5cceadda9df83b,src/libslic3r/GCode.cpp,8175,8175,16350,450892,450918,96560,96560,timed_out,
CPP,3000+,supermerill-SuperSlicer,89373280ba531e67fa8fccd521f78383e99186a0,src/libslic3r/GCode.cpp,8109,8147,16256,446908,449210,96015,96311,timed_out,
CPP,3000+,supermerill-SuperSlicer,9c0bd7d618275e357d4a72c9385a920e2d80702f,src/slic3r/GUI/Tab.cpp,6612,6612,13224,299464,299483,67489,67494,timed_out,
CPP,3000+,supermerill-SuperSlicer,b0b39d8ed9a3393ae4ea02ec1d5852a673ca57e8,src/libslic3r/GCode.cpp,8271,8274,16545,456502,456836,97540,97679,timed_out,
CPP,3000+,supermerill-SuperSlicer,ef5f2087d450d0e2196db44faca86e5affa0597c,src/libslic3r/PrintObject.cpp,5156,5171,10327,304090,305178,55903,56034,timed_out,
CPP,3000+,swiftlang-swift.git,819738c83e8e293ad4e1a8c039ac4cfd511fc830,lib/SILOptimizer/Mandatory/AddressLowering.cpp,4675,4675,9350,179384,179392,34536,34536,timed_out,
CPP,3000+,swiftlang-swift.git,d81fbd6c637de4eae35b1269fc9eab9cce036498,lib/Sema/CSApply.cpp,10177,10193,20370,398630,399435,80701,80787,timed_out,
CPP,3000+,swiftlang-swift.git,dd921adc05b6e3222f9be23e4f3c5a93f7aebac5,lib/ClangImporter/ImportDecl.cpp,10895,10902,21797,435505,435832,88565,88627,timed_out,
CPP,3000+,swiftlang-swift.git,e0139bcc0ca8825c1b932e40306ee46daf041ad3,lib/SIL/IR/SILFunctionType.cpp,5387,5404,10791,220754,221302,41884,42017,timed_out,
CPP,3000+,swiftlang-swift.git,f26749245b95927b4d9f8b19c37330be48e3862d,lib/Serialization/Deserialization.cpp,9472,9469,18941,338202,338129,75475,75452,timed_out,
CPP,3000+,teeworlds-teeworlds,008747f60792d93e1263343d453a097e95349510,src/game/editor/editor.cpp,4712,4712,9424,140190,140174,52755,52749,timed_out,
CPP,3000+,teeworlds-teeworlds,3d1e8da706188583b6156da53fe2da601344ce35,src/game/editor/editor.cpp,4456,4458,8914,133164,133198,49388,49398,timed_out,
CPP,3000+,tome2-tome2,1e26568b084104edd2a696e86118a3e71c78d61e,src/object2.cc,6276,6277,12553,130078,130100,31812,31820,timed_out,
CPP,3000+,xmoto-xmoto,19291b9f38787787b81d327c536c991c3a103d1c,src/xmoto/Renderer.cpp,3948,3970,7918,139184,139227,39067,39070,timed_out,
CPP,3000+,zeromq-czmq,0af3c8633059658487dbb30d0ae9372352b67d0e,bindings/nodejs/binding.cc,10067,10099,20166,368798,370162,122219,122625,timed_out,
CPP,3000+,zerotier-ZeroTierOne,9724e04e6e98b8f6d99608c766d9cb2ce9887f6d,service/OneService.cpp,3824,3831,7655,132879,133027,43521,43571,timed_out,
CPP,3000+,zerotier-ZeroTierOne,d3d738f93bce06f26607f83272c38ba6a299484b,service/OneService.cpp,4429,4380,8809,152649,150868,48483,47966,timed_out,
Ruby,0-10,Mange-roadie,9a12ab1cc98303972ee0e5c22130b52bc053fff4,lib/roadie/rspec.rb,2,4,6,73,104,15,16,ok,0.15658
Ruby,0-10,Mange-roadie,9a12ab1cc98303972ee0e5c22130b52bc053fff4,spec/support/have_xpath_matcher.rb,6,8,14,265,296,75,76,ok,3.49183
Ruby,0-10,Mange-roadie-rails,b30c18cee8b9ce87e75486bfa07b4678ce070503,spec/railsapps/rails_61/config/boot.rb,4,6,10,116,218,38,46,ok,0.641998
Ruby,0-10,Mange-roadie-rails,b47c79f7f6434eee735214c9df672387167bac14,spec/railsapps/rails_60/config/boot.rb,3,3,6,91,91,31,31,ok,0.533023
Ruby,0-10,RubyCrypto-ed25519,c1ee0e0cd5807048d2382feba3d6ad8aad850b0c,ext/ed25519_ref10/extconf.rb,9,7,16,192,137,25,43,ok,0.817937
Ruby,0-10,RubyCrypto-ed25519,d3a1984a2825f49fc83329fed5c21f412dd57d85,lib/ed25519/version.rb,5,5,10,70,70,14,14,ok,0.333967
Ruby,0-10,RubyCrypto-ed25519,e3fde6e2cc937313e0adcbf957cddb2f56bc81e1,lib/ed25519/version.rb,5,5,10,70,70,14,14,ok,0.32091200000000003
Ruby,0-10,RubyCrypto-rbnacl,dc447490016fe260070972c0840ee192c6067aab,lib/rbnacl/version.rb,8,8,16,140,140,17,17,ok,0.479037
Ruby,0-10,ai-autoprefixer-rails,01f8d15c4677be4a8707a99db11dc58154e16aef,lib/autoprefixer-rails/version.rb,5,5,10,137,137,23,23,ok,0.740838
Ruby,0-10,ai-autoprefixer-rails,289834b84eeec7b9fd1c8e460a3fce9f8e7dc10a,lib/autoprefixer-rails/version.rb,5,5,10,136,136,23,23,ok,0.8000740000000001
Ruby,0-10,ammar-regexp_parser,484fe0cc42564ca5ff4f18657a3efe09ca113a93,lib/regexp_parser/syntax/versions/2.3.0.rb,4,6,10,160,191,39,40,ok,1.75815
Ruby,0-10,ammar-regexp_parser,484fe0cc42564ca5ff4f18657a3efe09ca113a93,lib/regexp_parser/syntax/versions/2.6.0.rb,4,6,10,160,191,39,40,ok,1.758547
Ruby,0-10,astroband-ruby-xdr,2018b2a5c02edf1b446f8cd27bd626d00a10884b,lib/xdr/version.rb,3,3,6,35,35,13,13,ok,0.310218
Ruby,0-10,bblimke-webmock,9ff63ac7c845a75278e43236e0128e197f597462,lib/webmock/version.rb,5,5,10,107,107,27,27,ok,1.021557
Ruby,0-10,bodrovis-faraday-gzip,12a77e9ccbfcf7a51cf228430ba4dc728b7f393e,lib/faraday/gzip/version.rb,7,7,14,92,92,19,19,ok,0.602502
Ruby,0-10,bodrovis-faraday-gzip,d2b3d7bdf675022d19e3f402b9398cbd9e14ec96,lib/faraday/gzip/version.rb,7,7,14,92,92,19,19,ok,0.6417499999999999
Ruby,0-10,brianmario-charlock_holmes,8c721fba281ae961d2b762173208196b76cd47a9,lib/charlock_holmes/version.rb,3,3,6,46,46,13,13,ok,0.319655
Ruby,0-10,brianmario-charlock_holmes,c8e2a5f6f76597d3452d5c37d0f99b3d6402d51d,lib/charlock_holmes/version.rb,3,3,6,45,46,13,13,ok,0.32646200000000003
Ruby,0-10,brianmario-charlock_holmes,f17671d80b15e9743fa06988f8d87e1d3114592b,lib/charlock_holmes/version.rb,3,3,6,46,46,13,13,ok,0.335309
Ruby,0-10,camertron-arel-helpers,a475858ab0fbc6f72267bf298822c9be7b0c85f4,lib/arel-helpers/version.rb,5,5,10,63,63,14,14,ok,0.353777
Ruby,0-10,camertron-arel-helpers,afffff5449001c5eb567b04cd88e7a1c9c401495,lib/arel-helpers/version.rb,5,5,10,62,62,14,14,ok,0.395582
Ruby,0-10,chef-mixlib-shellout,a1d9c6b884a32ce2dfc82a2a8c285d781e0e989b,lib/mixlib/shellout/version.rb,5,5,10,70,70,21,21,ok,0.8325239999999999
Ruby,0-10,copiousfreetime-launchy,ddfe50a19eb2fc67a9baca7bf17259c9eeb825bf,spec/spec_helper.rb,8,6,14,161,120,44,30,ok,1.291205
Ruby,0-10,crypto-rb-ed25519,32b96969a2811e7c44fc598d38115086674b84c3,lib/ed25519/version.rb,5,5,10,70,70,14,14,ok,0.37123100000000003
Ruby,0-10,crypto-rb-x25519,37b374129d46e846c618bd8a13ae23d714d9d584,lib/x25519/version.rb,5,5,10,69,69,14,14,ok,0.41294600000000004
Ruby,0-10,crypto-rb-x25519,5adb57270ed531823a9bbe4f77f9544b6f9bc6d9,lib/x25519/version.rb,5,5,10,69,70,14,14,ok,0.386902
Ruby,0-10,dblock-syntax,9ca0ee5ba0b577f384e30124adbc4c678f804a5d,lib/syntax/version.rb,9,9,18,117,117,44,44,ok,3.320886
Ruby,0-10,denisdefreyne-adsf,625ca127b0c35d1d726a3742f72dd7e5f77d3b00,adsf-live/lib/adsf/live/version.rb,7,7,14,89,89,19,19,ok,0.667318
Ruby,0-10,doudou-flexmock,0ee7f66145a227cd0238298358738c2bc004de14,lib/flexmock/version.rb,3,3,6,41,41,13,13,ok,0.339652
Ruby,0-10,excon-excon,d630f8139d65327689b957084127b161afb4c062,lib/excon/version.rb,5,5,10,68,68,14,14,ok,0.400931
Ruby,0-10,fbernier-tomlrb,553e7e834a3157304747bf8f31238f46c764aedf,test/minitest_helper.rb,7,6,13,182,158,54,47,ok,2.229858
Ruby,0-10,feed2imap-ruby-feedparser,113ee7ff9469cc7f601da6989fdcebcce1bf20e9,lib/feedparser/version.rb,3,3,6,43,43,13,13,ok,0.31255
Ruby,0-10,feed2imap-ruby-feedparser,aab208304948c469254c05ca01aa4611d1bd2668,lib/feedparser/version.rb,3,3,6,42,42,13,13,ok,0.368627
Ruby,0-10,flavorjones-loofah,5ac17a8f46a2ebf8453b7bc41539c5de06738425,lib/loofah/version.rb,6,6,12,110,110,15,15,ok,0.386123
Ruby,0-10,fxn-zeitwerk,77c971c0f602bd0e5961d22dc7541d863737dbcb,lib/zeitwerk/version.rb,6,6,12,83,83,15,15,ok,0.435706
Ruby,0-10,gjtorikian-html-pipeline,08e55ddeb5868033cc903346eb344c1f4dda1759,lib/html_pipeline/version.rb,5,5,10,79,79,14,14,ok,0.177326
Ruby,0-10,gjtorikian-html-pipeline,694a5c7500390ff21aea2844dfacf7ee616b80d9,lib/html_pipeline/version.rb,5,5,10,79,74,14,14,ok,0.125017
Ruby,0-10,gjtorikian-html-pipeline,74ef05055279717c55d875d56d1f36c53659cdcd,lib/html_pipeline/version.rb,5,5,10,74,74,14,14,ok,0.112236
Ruby,0-10,grosser-gettext_i18n_rails,1738a58cd4b29ae0a7804951fc2f5e05693345c6,lib/gettext_i18n_rails/version.rb,3,3,6,58,58,16,16,ok,0.13753300000000002
Ruby,0-10,grosser-gettext_i18n_rails,32674bbb66bc426486e1f0c2216d07bff8484d90,lib/gettext_i18n_rails/version.rb,3,3,6,58,58,16,16,ok,0.144544
Ruby,0-10,grosser-gettext_i18n_rails,a8de7ddbe0014cb5927436c11beab7d8110e624c,lib/gettext_i18n_rails/version.rb,3,3,6,58,58,16,16,ok,0.152589
Ruby,0-10,grosser-maxitest,297fc065c25814d685dd71e54deac48a197c7596,lib/maxitest/version.rb,3,3,6,40,40,13,13,ok,0.11505
Ruby,0-10,grosser-maxitest,fab6bc8841607a4327342830bdfd100b86326373,lib/maxitest/version.rb,3,3,6,40,40,13,13,ok,0.098057
Ruby,0-10,guard-listen,2a34596185f076e00083fbd10aba3563e16df5df,lib/listen/version.rb,5,5,10,69,69,14,14,ok,0.1191
Ruby,0-10,janlelis-unicode-emoji,349e7b53e350326c33a46b4c138bd09997a33405,lib/unicode/emoji/generated/regex.rb,8,8,16,33276,36972,29,29,ok,0.561251
Ruby,0-10,janlelis-unicode-emoji,349e7b53e350326c33a46b4c138bd09997a33405,lib/unicode/emoji/generated/regex_valid.rb,8,8,16,73868,73888,41,41,ok,2.290626
Ruby,0-10,janlelis-unicode-emoji,349e7b53e350326c33a46b4c138bd09997a33405,lib/unicode/emoji/generated_native/regex_include_mqe.rb,8,8,16,32924,36636,35,35,ok,1.654539
Ruby,0-10,janlelis-unicode-emoji,6ed7c5a4c6097615ad9daa3a6a5ea1b2efaa0a6d,lib/unicode/emoji/generated_native/regex_include_text.rb,8,8,16,32025,32046,48,48,ok,3.077078
Ruby,0-10,janlelis-unicode-emoji,9852eba403da2fb204ed49fc065be0a2db3b7ca8,lib/unicode/emoji/generated_native/regex_valid.rb,8,8,16,69328,67711,56,59,ok,4.533939
Ruby,0-10,janlelis-unicode-emoji,e551fda801cf5f431d1aff43c7378fb7d2ca2119,lib/unicode/emoji/generated_native/regex.rb,8,8,16,31919,31919,35,35,ok,1.638298
Ruby,0-10,janlelis-unicode-emoji,edc34356361f3a3f663eef8f2d9ec528bfbb6ddb,lib/unicode/emoji/generated_native/regex_well_formed.rb,8,8,16,634,630,73,73,ok,7.002028
Ruby,0-10,jaynetics-regexp_property_values,3744f64201c4e1aea9c8014ecc4237fb28ef2d9d,lib/regexp_property_values/version.rb,3,3,6,52,52,13,13,ok,0.248044
Ruby,0-10,jaynetics-regexp_property_values,d4f675a85cee25801786aa80f769db497e5dfb16,lib/regexp_property_values/version.rb,3,3,6,52,52,13,13,ok,0.233363
Ruby,0-10,jekyll-jekyll-coffeescript,30b6921cd5b028a116a7d5349d25b8896346ef28,lib/jekyll-coffeescript/version.rb,7,7,14,99,99,19,19,ok,0.442198
Ruby,0-10,jekyll-jekyll-coffeescript,c00dbed9300488001a86cb088c345085d81eeb94,lib/jekyll-coffeescript/version.rb,7,7,14,106,99,22,19,ok,0.510952
Ruby,0-10,jekyll-jekyll-watch,0335ed8a71bdcc07502ac93a594965035d4ad43b,lib/jekyll-watch/version.rb,7,7,14,92,92,19,19,ok,0.553581
Ruby,0-10,jfelchner-ruby-progressbar,ebc5344fc9d51eccb34928216e461ed33d6d689c,lib/ruby-progressbar/calculators/smoothed_average.rb,9,9,18,216,217,53,53,ok,6.771755
Ruby,0-10,jmespath-jmespath.rb,9e861c736ef88ee99cdd5910f59c9e6c5d5e607a,lib/jmespath/nodes/index.rb,8,6,14,107,76,17,16,ok,0.528458
Ruby,0-10,jmespath-jmespath.rb,ac6e6ccf2c733ae2ede149c0b78e26b7d46f8d00,lib/jmespath/version.rb,3,3,6,40,40,13,13,ok,0.358657
Ruby,0-10,jmespath-jmespath.rb,e3ebb185870365216749bf4b2b7f7df6a0b0c2b8,spec/spec_helper.rb,7,9,16,122,124,40,40,ok,2.1312420000000003
Ruby,0-10,jmespath-jmespath.rb,fef3ed5f5b7489746390a194e081001400daa356,lib/jmespath/nodes/index.rb,6,7,13,76,106,16,17,ok,0.563952
Ruby,0-10,jmhodges-rchardet,1ef3f1eab1c137cd38d6a804ad34e6f61c83f062,lib/rchardet/version.rb,3,3,6,39,39,13,13,ok,0.396186
Ruby,0-10,jmhodges-rchardet,723ce702f875555c451b005b187089faee4269d9,test/test_helper.rb,4,6,10,108,168,29,47,ok,1.516572
Ruby,0-10,jnunemaker-crack,bb3fe5dc911858a148000496bdc1676e3536aaf4,lib/crack/version.rb,3,3,6,37,37,13,13,ok,0.35395400000000005
Ruby,0-10,jnunemaker-httparty,b4aba417a502342b1f6940c711e155b8eb8c3951,lib/httparty/version.rb,3,3,6,41,41,13,13,ok,0.408215
Ruby,0-10,jnunemaker-httparty,c74571f7925c8e142d02c2b7d6ebeedf923b1dd1,lib/httparty/version.rb,5,5,10,72,72,14,14,ok,0.47122800000000004
Ruby,0-10,jquery-ui-rails-jquery-ui-rails,92bd2b97d63f6a2f0f2c2b4cc8f8810562a11ac8,lib/jquery/ui/rails/version.rb,8,8,16,120,120,30,30,ok,1.9250829999999999
Ruby,0-10,jquery-ui-rails-jquery-ui-rails,abce5bed208e706b791f4e37f478ecd313942f7d,lib/jquery/ui/rails/version.rb,8,8,16,120,120,30,30,ok,1.8865589999999999
Ruby,0-10,jquery-ui-rails-jquery-ui-rails,d504a40538fe5f7998439ad2f8fc5c4a1f843f1c,lib/jquery/ui/rails/version.rb,8,8,16,120,120,30,30,ok,1.944371
Ruby,0-10,judofyr-duktape.rb,1e059a8be1e15142e18a576dedcc59a26bcda426,lib/duktape/version.rb,3,3,6,41,41,13,13,ok,0.48055800000000004
Ruby,0-10,judofyr-duktape.rb,a7d58615864bd067978c31f7fd33045e58666c3b,lib/duktape/version.rb,3,3,6,41,41,13,13,ok,0.39490400000000003
Ruby,0-10,judofyr-temple,25e3b93490f6a8288d8221530c67b5e61babfb66,lib/temple/version.rb,3,4,7,39,69,13,14,ok,0.29875399999999996
Ruby,0-10,kigster-colored2,2ec79f405f03b368628eb08bc03635eb73076d52,spec/spec_helper.rb,5,6,11,59,90,19,20,ok,0.335726
Ruby,0-10,liufengyun-hashdiff,a5f7c66fb52cf403662120338a0793481da21a75,lib/hashdiff/version.rb,5,5,10,77,84,14,17,ok,0.256803
Ruby,0-10,lostisland-faraday-httpclient,45f310e01a95dc8d0df9cff354a110f0a9bbdac5,lib/faraday/httpclient/version.rb,7,7,14,98,98,19,19,ok,0.383342
Ruby,0-10,lostisland-faraday-net_http,6572f21a62b58dbe03a914bb66ae8240283b017e,lib/faraday/net_http/version.rb,7,7,14,95,95,19,19,ok,0.466578
Ruby,0-10,lostisland-faraday-retry,e9d0df287a8f4c12e1cfbe046455e148d3caf556,lib/faraday/retry/version.rb,7,7,14,93,93,19,19,ok,0.923849
Ruby,0-10,marcandre-backports,556126fefa16d9f22624b5f8c0f474250bcd6d92,lib/backports/version.rb,3,3,6,156,156,25,25,ok,1.168548
Ruby,0-10,mdp-rotp,62874be71d74380d252c73409dd81da08b021497,lib/rotp/version.rb,3,3,6,43,43,16,16,ok,0.634773
Ruby,0-10,mhib-pairing_heap,ec6c0b8f1269d835112485745550936f218f9996,lib/pairing_heap/version.rb,5,5,10,74,74,14,14,ok,0.43636199999999997
Ruby,0-10,mimemagicrb-mimemagic,01f92d86d15d85cfd0f20dabd025dcbd36a8a60f,lib/mimemagic/version.rb,5,5,10,85,85,15,15,ok,0.448426
Ruby,0-10,mislav-will_paginate,0b93300d43f658bb15071f59486c92af06aca064,lib/will_paginate/version.rb,9,9,18,152,152,46,46,ok,3.8212829999999998
Ruby,0-10,miyucy-brotli,8605fb148e4c544e3d100f9761ce63960f2d6e2c,test/test_helper.rb,8,9,17,184,203,48,55,ok,2.788586
Ruby,0-10,miyucy-brotli,9d66043712482eaa8ad4fda6de2fb81ae08bc522,lib/brotli/version.rb,3,3,6,38,38,13,13,ok,0.354093
Ruby,0-10,moneta-rb-moneta,2d956091da7ad47b099fee8c01f3577ef825ccca,lib/moneta/transforms/tos.rb,7,9,16,114,131,33,32,ok,2.126738
Ruby,0-10,moneta-rb-moneta,bf9f43c5f4d7dde7eba4e6e5b98f7820fdc73d15,spec/moneta/adapters/leveldb/standard_leveldb_spec.rb,7,7,14,241,227,64,61,ok,6.070163
Ruby,0-10,nanoc-nanoc,d37675267fa299b18801d59f03042e3d03b9e9cd,nanoc/lib/nanoc/version.rb,6,6,12,100,100,15,15,ok,0.47627200000000003
Ruby,0-10,net-ssh-net-ssh-gateway,f410815e3afd5ab4cac6ef586a3d633a0f405069,lib/net/ssh/gateway/version.rb,7,7,14,85,85,23,23,ok,0.995751
Ruby,0-10,panorama-ed-memo_wise,a8f044349bb75083997328c9b03fb7bddef6b7ba,lib/memo_wise/version.rb,5,5,10,72,72,14,14,ok,0.41303
Ruby,0-10,piotrmurach-tty-file,1f7b02f02e44bd3adf44e002a581b4029ca84d27,examples/diff.rb,7,7,14,184,214,61,75,ok,4.9075999999999995
Ruby,0-10,piotrmurach-tty-screen,7d5e2de67e5668d3615c73bcd4444df61a49276c,lib/tty/screen/version.rb,7,7,14,106,105,21,21,ok,0.957399
Ruby,0-10,premailer-css_parser,d1ce8bdcf73a5de6ea252b63110da690aeb3daf0,lib/css_parser/version.rb,5,5,10,80,80,17,17,ok,0.626886
Ruby,0-10,puppetlabs-facter,26e685f2cdad4098c3da88481ddd8b0c2ba9eced,lib/facter/version.rb,5,5,10,94,94,22,22,ok,0.859511
Ruby,0-10,puppetlabs-facter,7806985fa77ba50a6e938e5d27ccc0f47658720e,lib/facter/version.rb,5,5,10,94,94,22,22,ok,0.876142
Ruby,0-10,puppetlabs-gettext-setup-gem,afbe66b6be27d5daddfdef1100b9dcae55c3d0b8,lib/generate_metadata_pot.rb,1,3,4,36,67,8,9,ok,0.267687
Ruby,0-10,puppetlabs-puppet-resource_api,0b6f8d57d552ab560899f1fabcdca543cc4286cb,lib/puppet/resource_api/version.rb,7,7,14,99,99,19,19,ok,0.7556839999999999
Ruby,0-10,puppetlabs-r10k,a6099d0caf880cada76c330ad61d795c0e0d23bf,lib/r10k/version.rb,6,6,12,259,259,16,16,ok,0.49688399999999994
Ruby,0-10,puppetlabs-ruby-hocon,40d45c7778d9941624b7b001ba39ae5796422464,lib/hocon/version.rb,5,5,10,61,70,18,18,ok,0.721849
Ruby,0-10,puppetlabs-ruby-hocon,7bb686eed4cf957dc0ea3c6ac7d46a1c2d49371f,lib/hocon/parser.rb,7,7,14,61,73,16,16,ok,0.49525399999999997
Ruby,0-10,puppetlabs-ruby-hocon,f2f3e2356a3c7299a8e55784131bb84015e8d836,lib/hocon/version.rb,5,5,10,70,61,18,18,ok,0.7231470000000001
Ruby,0-10,rails-activemodel-serializers-xml,3c11d27d157d0353949cef617282f5b3c6f5bbb9,test/models/toy.rb,6,2,8,121,35,40,11,ok,0.7702019999999999
Ruby,0-10,rails-sass-rails,26eb5e82d0086dbb9b2ac244692e87d381f969d4,lib/sass/rails/version.rb,5,5,10,59,59,18,18,ok,0.7203790000000001
Ruby,0-10,rails-sass-rails,706526d411d2d78e578c7944e873ece28e65ed42,lib/sass-rails.rb,1,1,2,21,22,8,8,ok,0.252824
Ruby,0-10,rails-sprockets-rails,1bf94e2a90e0bb315511249db6e080088523a747,lib/sprockets/rails/version.rb,5,5,10,64,64,18,18,ok,0.7407320000000001
Ruby,0-10,rails-sprockets-rails,2573168e08dc7007c6c875b58ccdae00e33cafc5,lib/sprockets/rails/version.rb,5,5,10,64,64,18,18,ok,0.6840839999999999
Ruby,0-10,rails-sprockets-rails,4d7dd0c28e4b60a27075382decb7f326ce7b23b1,lib/sprockets/rails/version.rb,5,5,10,64,64,18,18,ok,0.709604
Ruby,0-10,rails-sprockets-rails,8a2ca8cff3941c89829b1a5d9ce06133dc3c6537,lib/sprockets/rails/version.rb,5,5,10,64,64,18,18,ok,0.697621
Ruby,0-10,rails-sprockets-rails,a5cc186302b299d2f5904c7b13f12aaf7ac7f30d,lib/sprockets/rails/version.rb,5,5,10,64,64,18,18,ok,0.767845
Ruby,0-10,rails-sprockets-rails,df5950017d7f2aa6fcbfa3949edfef85c35c28c7,lib/sprockets/rails/version.rb,5,5,10,64,64,18,18,ok,1.020902
Ruby,0-10,rails-thor,518ae0f49bb1c3dc2226607c07da74b591759ed0,lib/thor/version.rb,3,3,6,35,35,13,13,ok,0.552936
Ruby,0-10,rgrove-crass,9f89cf5a2518f77dcecfbf12e5efdbd7699b9120,lib/crass/version.rb,5,5,10,56,56,14,14,ok,0.451919
Ruby,0-10,rgrove-sanitize,63eecfda527912756ed970256fe520f2a60cacb8,lib/sanitize/version.rb,3,5,8,39,70,13,14,ok,0.425671
Ruby,0-10,rr-rr,4563a5cbd88a1bc7670a26fd8cc640d839c6e32a,lib/rr/version.rb,4,4,8,74,74,26,26,ok,1.280422
Ruby,0-10,rspec-rspec-rails,754ed3fcbaa0519a54aa2c572e89088ecb48dd96,lib/rspec/rails/version.rb,9,9,18,206,206,25,25,ok,1.244154
Ruby,0-10,rspec-rspec-rails,b1f0e5fc4a951f071ec3875816eb64c38696158e,spec/rspec/rails/example/job_example_group_spec.rb,8,8,16,223,246,48,50,ok,4.625981
Ruby,0-10,ruby-debug,a86adbb7f7b4f5d88e15b7a0dce05a6cf568b8e1,lib/debug/version.rb,5,5,10,74,74,14,14,ok,0.42641
Ruby,0-10,ruby-forwardable,fd720295c3c87ec5787a2d8ab7e6747d734d8d96,test/lib/helper.rb,4,4,8,112,103,33,33,ok,1.3720830000000002
Ruby,0-10,ruby-git-ruby-git,4a7700dc088f0c85747f6010d415a7952ce44c1e,lib/git/version.rb,7,7,14,140,140,16,16,ok,0.485737
Ruby,0-10,ruby-i18n-i18n,4045d3089c492ff64e6ffade89da0c3b0473119e,lib/i18n/version.rb,5,5,10,68,68,14,14,ok,0.481638
Ruby,0-10,ruby-io-wait,62626dae8c1cb17a7b78db04d909ef54fc3acd42,ext/io/wait/extconf.rb,5,4,9,117,74,32,18,ok,0.930417
Ruby,0-10,ruby-rss,4c8f9187240fa356066f46bcdd9e505b63b321a2,lib/rss/version.rb,4,4,8,66,66,14,14,ok,0.405259
Ruby,0-10,sinatra-sinatra,73f3291d114b5b211e067263eeb9c0e197fe8500,lib/sinatra/version.rb,5,5,10,70,70,14,14,ok,0.453418
Ruby,0-10,socketry-async-rspec,1f4056414b0566d52f50893ef19b67aef90d391e,lib/async/rspec.rb,8,8,16,208,208,25,25,ok,0.819132
Ruby,0-10,socketry-localhost,f5594726c5f3a40380d6bdf9dcca2518d55abca8,lib/localhost/version.rb,8,8,16,150,150,16,16,ok,0.501569
Ruby,0-10,socketry-metrics,461bee3c600638ad290d60cf23dd65dfa6b6d32c,lib/metrics/version.rb,8,8,16,149,149,16,16,ok,0.5086729999999999
Ruby,0-10,socketry-traces,13cf841b468ffa32420170fcb98df939458aebb3,lib/traces/version.rb,8,8,16,148,148,16,16,ok,0.514934
Ruby,0-10,socketry-traces,e7d6f62dea5d2820d5426d0971213cd44f4280e2,lib/traces/version.rb,8,8,16,148,148,16,16,ok,0.514969
Ruby,0-10,solnic-coercible,053ee5c8ccd41a7b14aff81bb308f4f1c1a2cf5f,spec/unit/coercible/coercer/integer/to_integer_spec.rb,9,9,18,171,179,67,69,ok,7.5570580000000005
Ruby,0-10,test-unit-test-unit,9028d9c920b9164d73831c36468ad81b8a0a66da,lib/test/unit/version.rb,5,5,10,58,58,18,18,ok,0.689017
Ruby,0-10,tj-terminal-table,4bcbf46f756482dfbcb548dfad8fef618a5f1d23,lib/terminal-table/version.rb,5,5,10,62,62,18,18,ok,0.699085
Ruby,0-10,typhoeus-ethon,1e1061f2bbd7eab1a19353c3471c8171a9761db9,lib/ethon/version.rb,6,6,12,88,88,15,15,ok,0.512909
Ruby,0-10,typhoeus-ethon,deb0977dd554f4f8ff45f4ab8d3128f9fd49abb4,lib/ethon/version.rb,6,6,12,88,88,15,15,ok,0.47300000000000003
Ruby,0-10,unixcharles-acme-client,443a45d2266463b91b5f1935c16139b6021f3c99,lib/acme/client/version.rb,7,7,14,98,98,22,22,ok,0.674655
Ruby,0-10,unixcharles-acme-client,e8172e17bcbb2da2c705944a1c2d3967628fa41e,lib/acme/client/version.rb,7,7,14,98,98,22,22,ok,0.428346
Ruby,0-10,upserve-docker-api,aca161a2c81666ac3e8809d640ef55970a690aaa,lib/docker/version.rb,7,7,14,155,155,22,22,ok,0.244052
Ruby,0-10,upserve-docker-api,e920cf186cfd68c9fad93c5d2a97a94986e27e51,lib/docker/version.rb,7,7,14,155,155,22,22,ok,0.201217
Ruby,0-10,wallyqs-org-ruby,5a91c9be4f4e65256cb0a787bd7606f7a050c9f9,lib/org-ruby/version.rb,3,3,6,39,39,13,13,ok,0.104748
Ruby,0-10,whomwah-rqrcode,515cbfa8e80ea959d0c3abe6d6176ad2e642a7d5,lib/rqrcode/version.rb,5,5,10,70,70,14,14,ok,0.10286200000000001
Ruby,0-10,whomwah-rqrcode,e5b3ecce01a517217ce19d140ee187bc1bd49c0d,lib/rqrcode.rb,8,8,16,157,157,35,35,ok,0.433499
Ruby,0-10,zdavatz-spreadsheet,694b315a8d910469fb26aded74d975ba8756fbf6,lib/spreadsheet/version.rb,7,7,14,125,125,16,16,ok,0.151846
Ruby,0-10,zdavatz-spreadsheet,d24d4e1d51a55548ac795a03d18e2a3f0bcaabfb,lib/spreadsheet/version.rb,7,7,14,125,125,16,16,ok,0.210717
Ruby,0-10,zdavatz-spreadsheet,e039d562395c478b48ad46eee2c39a15f37b620b,lib/spreadsheet/version.rb,7,7,14,125,125,16,16,ok,0.155424
Ruby,10-30,RubyCrypto-rbnacl,c23f841115a623b95a8f8fc6830d970a3bfd08fa,spec/rbnacl/hmac/sha256_spec.rb,13,13,26,393,393,113,113,ok,5.434392
Ruby,10-30,SpringMT-zstd-ruby,04d74fc816e0735a7cdbc645f29860ee5cd92cea,benchmarks/multi_thread_streaming_comporess.rb,29,26,55,636,578,226,205,ok,18.502105
Ruby,10-30,SpringMT-zstd-ruby,b3cdfeddbd8e2b0f4bedfb8eed5306933d005dd2,spec/zstd-ruby-stream_writer_spec.rb,16,26,42,352,608,130,226,ok,18.074583
Ruby,10-30,ammar-regexp_parser,484fe0cc42564ca5ff4f18657a3efe09ca113a93,lib/regexp_parser/expression/classes/character_set.rb,23,25,48,493,524,94,95,ok,5.505497
Ruby,10-30,astroband-ruby-xdr,c7c8e2726a70a2cbd83ef1d449074c4f29a837ec,lib/xdr/int.rb,14,14,28,328,324,116,113,ok,6.520118
Ruby,10-30,bdurand-lumberjack,3ae0523dae0b7dc0bedcb30147df2020d0c9243a,lib/lumberjack/formatter/inspect_formatter.rb,25,25,50,876,876,52,52,ok,2.1294069999999996
Ruby,10-30,bdurand-lumberjack,3ae0523dae0b7dc0bedcb30147df2020d0c9243a,lib/lumberjack/formatter/tagged_message.rb,16,17,33,435,494,60,61,ok,1.642713
Ruby,10-30,bdurand-lumberjack,d3e50012d2df8ee990363a04ce73729703dfbe47,spec/lumberjack/rack/unit_of_work_spec.rb,24,24,48,948,973,381,386,ok,102.22178899999999
Ruby,10-30,bryanp-llhttp,c8c545ee469ea8027f4f97cc3c812f3d4ff2ebea,mri/lib/llhttp/version.rb,11,11,22,150,150,24,24,ok,0.244423
Ruby,10-30,camertron-arel-helpers,a3a2d66567adeea2915908cc0782bf3a6dbbfe0a,lib/arel-helpers/query_builder.rb,29,29,58,527,573,117,134,ok,7.48587
Ruby,10-30,chef-mixlib-config,948a8adc6e31d30c3d321c2e6aa36c1feee27ee5,lib/mixlib/config/version.rb,25,25,50,761,761,38,38,ok,0.42185999999999996
Ruby,10-30,copiousfreetime-hitimes,4f0d0b59ed366880fe2042854f3f2666c3790845,spec/spec_helper.rb,12,10,22,242,151,69,40,ok,0.802933
Ruby,10-30,copiousfreetime-hitimes,6f73172b5d48d3f78bea19daee560f206d80db65,spec/hitimes_spec.rb,24,26,50,515,546,155,156,ok,13.061389
Ruby,10-30,copiousfreetime-launchy,3ad5f3433b1849945c87b071888a5a80f3ac50bf,spec/mock_application.rb,15,15,30,274,267,76,73,ok,2.356095
Ruby,10-30,cucumber-aruba,a754d199dc47b44f8ddc101bce31a6c8f6549b56,spec/support/configs/rspec.rb,18,16,34,377,341,90,75,ok,2.214132
Ruby,10-30,dry-rb-dry-logic,7010a31d7de0ef4a0d3833d2780c052feb09e530,spec/support/rspec.rb,20,28,48,557,779,57,94,ok,1.977754
Ruby,10-30,dry-rb-dry-logic,9849a61711e6f1b8d2d08eeb824c28a102fcf049,spec/support/warnings.rb,11,10,21,275,246,72,61,ok,1.4005969999999999
Ruby,10-30,dry-rb-dry-struct,9b8b1ba70dd6aad4e1e80ccadd3ec20c30cc5b52,spec/support/rspec.rb,20,28,48,557,779,57,94,ok,3.336969
Ruby,10-30,fakefs-fakefs,3c1a00fe4d9652de1339ca243708af89025c83a4,test/pry_test.rb,22,24,46,375,406,87,88,ok,8.124054000000001
Ruby,10-30,fakefs-fakefs,7a0709482d3b34bdf53f323147bb2903599d2bb1,lib/fakefs/version.rb,12,12,24,154,154,28,28,ok,1.466322
Ruby,10-30,fakefs-fakefs,8fbfac2f26e5608bfb2fdf7dd2d47a6e2830a1d0,lib/fakefs/version.rb,10,10,20,130,130,30,30,ok,1.792589
Ruby,10-30,fakefs-fakefs,f0bad5642d3bad4dd04f9f1ca3f76f4f6e322d53,lib/fakefs/version.rb,10,10,20,130,130,30,30,ok,1.7283929999999998
Ruby,10-30,fbernier-tomlrb,b5b696db58866f31a76639d211614ea60c5e3690,lib/tomlrb/parser.rb,19,21,40,314,345,76,77,ok,10.617708
Ruby,10-30,grosser-gettext_i18n_rails,3333fda2df291b1235e2d53191c4cec673e81982,spec/gettext_i18n_rails/railtie_spec.rb,16,17,33,509,478,105,112,ok,27.723056
Ruby,10-30,guard-rb-inotify,8a9d2b5d3fdd9d7671f0c773e58cefb5631e7ee3,lib/rb-inotify/version.rb,24,24,48,1211,1212,33,33,ok,0.6545070000000001
Ruby,10-30,hashie-hashie,f152e25912d0b93ff08b8964eb757200ad4b6f32,spec/spec_helper.rb,22,24,46,424,523,126,178,ok,15.931384999999999
Ruby,10-30,immutable-ruby-immutable-ruby,a41a3b1d4294a11557a563645d7d061c413f36a1,spec/lib/immutable/deque/enqueue_spec.rb,27,27,54,711,712,292,292,ok,103.405702
Ruby,10-30,immutable-ruby-immutable-ruby,a41a3b1d4294a11557a563645d7d061c413f36a1,spec/lib/immutable/hash/keys_spec.rb,15,15,30,333,334,150,150,ok,15.039568999999998
Ruby,10-30,immutable-ruby-immutable-ruby,a41a3b1d4294a11557a563645d7d061c413f36a1,spec/lib/immutable/hash/to_hash_spec.rb,21,21,42,567,568,195,195,ok,31.813916999999996
Ruby,10-30,immutable-ruby-immutable-ruby,a41a3b1d4294a11557a563645d7d061c413f36a1,spec/lib/immutable/list/inspect_spec.rb,29,29,58,729,730,221,221,ok,40.915963
Ruby,10-30,immutable-ruby-immutable-ruby,a41a3b1d4294a11557a563645d7d061c413f36a1,spec/lib/immutable/set/disjoint_spec.rb,25,25,50,649,650,362,362,ok,120.578642
Ruby,10-30,immutable-ruby-immutable-ruby,a41a3b1d4294a11557a563645d7d061c413f36a1,spec/lib/immutable/vector/unshift_spec.rb,28,28,56,696,697,311,311,ok,86.690275
Ruby,10-30,immutable-ruby-immutable-ruby,cce82625c0ca6f0d2f09f492b0b0372a5e4ebbc6,spec/lib/immutable/list/delete_at_spec.rb,18,18,36,481,481,199,199,ok,29.668901
Ruby,10-30,immutable-ruby-immutable-ruby,cce82625c0ca6f0d2f09f492b0b0372a5e4ebbc6,spec/lib/immutable/list/empty_spec.rb,23,23,46,515,515,181,181,ok,25.725179
Ruby,10-30,immutable-ruby-immutable-ruby,cce82625c0ca6f0d2f09f492b0b0372a5e4ebbc6,spec/lib/immutable/list/last_spec.rb,23,23,46,489,489,179,179,ok,23.991194
Ruby,10-30,immutable-ruby-immutable-ruby,cce82625c0ca6f0d2f09f492b0b0372a5e4ebbc6,spec/lib/immutable/sorted_set/each_spec.rb,28,28,56,677,677,235,235,ok,51.103531000000004
Ruby,10-30,immutable-ruby-immutable-ruby,cce82625c0ca6f0d2f09f492b0b0372a5e4ebbc6,spec/lib/immutable/sorted_set/reverse_each_spec.rb,28,28,56,718,718,232,232,ok,46.84625
Ruby,10-30,immutable-ruby-immutable-ruby,cce82625c0ca6f0d2f09f492b0b0372a5e4ebbc6,spec/lib/immutable/vector/pop_spec.rb,26,26,52,539,539,223,223,ok,41.61522
Ruby,10-30,immutable-ruby-immutable-ruby,cce82625c0ca6f0d2f09f492b0b0372a5e4ebbc6,spec/lib/immutable/vector/shift_spec.rb,27,27,54,567,567,236,236,ok,45.871833
Ruby,10-30,intridea-multi_json,c788287a71dcfa4b13353f09cd573dffbfebd457,spec/multi_json/adapters/jr_jackson_spec.rb,10,7,17,224,210,58,52,ok,0.813353
Ruby,10-30,ioquatix-fiber-storage,f1f24e68f1cb470a1a6c99f263672ccf9b71e69e,gems.rb,17,19,36,279,303,67,74,ok,1.849539
Ruby,10-30,janlelis-unicode-display_width,215328593f2e510923147880ac029b9e8cdc499c,lib/unicode/display_width/constants.rb,10,10,20,278,278,60,60,ok,2.314095
Ruby,10-30,jeremyevans-tilt,b8a863fb78c08e1aa720b3b7435078ad3c451caa,test/coverage_helper.rb,10,10,20,249,283,90,110,ok,6.102252
Ruby,10-30,jeremyw-stamp,e2b314efd5357903c75bd33f0eec27ad856be92c,features/step_definitions/stamp_steps.rb,26,26,52,816,809,265,257,ok,28.125704000000002
Ruby,10-30,jfelchner-ruby-progressbar,1bcaca65ea948eb8e54f9005855eb541b732946b,lib/ruby-progressbar/components/percentage.rb,29,27,56,524,518,102,104,ok,8.111324
Ruby,10-30,liufengyun-hashdiff,24d2e289c3b20ea075869547ea175ba412c0c73c,lib/hashdiff.rb,14,10,24,550,266,69,58,ok,0.8577899999999999
Ruby,10-30,lostisland-faraday-httpclient,c7d0dfb76a90bc9684aaffbb9497a97764ae2f97,lib/faraday/httpclient.rb,13,12,25,311,293,61,54,ok,1.12078
Ruby,10-30,lostisland-faraday-multipart,aa1f1410c25fb338f51269fca9c515750d2a0f8f,lib/faraday/multipart/version.rb,16,16,32,350,350,85,85,ok,5.024741
Ruby,10-30,lostisland-faraday-net_http_persistent,34aa427f16acdf870fa89d7d8164b48d0f26c707,lib/faraday/net_http_persistent.rb,17,17,34,792,792,53,53,ok,1.0986209999999998
Ruby,10-30,mikel-mail,1c5599ed638902c6988aa98070525564fed23706,lib/mail/encodings/unix_to_unix.rb,20,20,40,428,423,133,130,ok,22.39087
Ruby,10-30,mikel-mail,38bd88f04b4868ded8ad7c4de1f411933734270b,spec/mail/fields/resent_message_id_field_spec.rb,23,23,46,1732,1738,221,223,ok,35.704404000000004
Ruby,10-30,mikel-mail,62b82c542288237763eba48277983dc89218ecb5,lib/mail/fields/content_location_field.rb,29,28,57,481,436,92,85,ok,4.1129549999999995
Ruby,10-30,minimagick-minimagick,67378773d5b1ccfafc64a1e9d126116ef90dac18,lib/mini_magick/version.rb,17,17,34,260,260,76,76,ok,3.040644
Ruby,10-30,mislav-will_paginate,5e1315dbc3331c4f8c949a7df8b502367a855793,environments/Gemfile.rails5.0.rb,15,15,30,306,304,110,110,ok,2.689808
Ruby,10-30,miyucy-brotli,7202893b06e94e0fc9c0cab14d543309942c4cf8,test/brotli_test.rb,23,23,46,455,455,136,136,ok,10.004729000000001
Ruby,10-30,moneta-rb-moneta,403f3794556d93b44c48238213aeed36d0eb7a25,spec/moneta/proxies/transformer/transformer_lzma_spec.rb,19,14,33,458,334,113,84,ok,4.131207
Ruby,10-30,moneta-rb-moneta,403f3794556d93b44c48238213aeed36d0eb7a25,spec/moneta/proxies/transformer/transformer_marshal_escape_spec.rb,21,16,37,540,386,134,105,ok,7.470242
Ruby,10-30,moneta-rb-moneta,403f3794556d93b44c48238213aeed36d0eb7a25,spec/moneta/proxies/transformer/transformer_marshal_urlsafe_base64_spec.rb,20,15,35,553,390,127,98,ok,6.712282
Ruby,10-30,moneta-rb-moneta,403f3794556d93b44c48238213aeed36d0eb7a25,spec/moneta/proxies/transformer/transformer_value_marshal_spec.rb,19,14,33,414,287,100,71,ok,3.1978839999999997
Ruby,10-30,moneta-rb-moneta,5aa94b588eb00fc9c8a49014ccdbf8689b6d57ce,spec/moneta/proxies/transformer/transformer_bson_spec.rb,20,20,40,661,647,195,192,ok,23.803502
Ruby,10-30,moneta-rb-moneta,81a6e69ee1f31ebc4e12371dfcd277039ad6ed9d,lib/moneta/transforms/bson.rb,15,24,39,308,585,101,110,ok,8.315273999999999
Ruby,10-30,moneta-rb-moneta,81a6e69ee1f31ebc4e12371dfcd277039ad6ed9d,lib/moneta/transforms/zlib.rb,15,16,31,242,284,70,71,ok,2.939363
Ruby,10-30,moneta-rb-moneta,b6007ad29fe280b3b4c07d67434c00d427a530ea,spec/moneta/adapters/datamapper/standard_datamapper_spec.rb,21,21,42,574,667,151,189,ok,15.899669000000001
Ruby,10-30,moneta-rb-moneta,bf9f43c5f4d7dde7eba4e6e5b98f7820fdc73d15,spec/moneta/proxies/transformer/transformer_marshal_escape_spec.rb,16,16,32,386,372,105,102,ok,5.612537
Ruby,10-30,mvp-uhubctl,d00a167ab4a643313f92653769644fe7dd2bbc5c,Formula/uhubctl.rb,24,24,48,556,556,128,128,ok,6.033837999999999
Ruby,10-30,net-ssh-net-scp,b8e597f8110978c24751184f268973bf22753994,lib/net/scp/version.rb,18,18,36,367,367,69,69,ok,2.635886
Ruby,10-30,njh-ruby-mqtt,271ee631f128e66732ece935e752f13970d4267b,examples/environment_uri.rb,25,24,49,560,541,116,109,ok,3.582987
Ruby,10-30,oauth-xx-oauth-tty,1aa02210e43b7936971ba0007ae514772d464746,spec/oauth/backwards_compatibility_spec.rb,10,8,18,216,203,47,58,ok,0.8993760000000001
Ruby,10-30,oauth-xx-snaky_hash,bf533ccc49ba083ebafff715f9749dfa8363ff55,spec/snaky_hash/serializer_spec.rb,12,15,27,285,346,71,65,ok,2.013898
Ruby,10-30,oetiker-rrdtool-1.x,cbb9a8198920beb9b8ed3e36e6a569668b17cf3e,bindings/ruby/extconf.rb,18,22,40,553,661,129,175,ok,8.177543
Ruby,10-30,panorama-ed-memo_wise,219a2cc2d63d2e9a72408c365e8df2c8677d60ae,spec/dokaz_helpers.rb,10,10,20,208,213,23,24,ok,0.202182
Ruby,10-30,pat-combustion,7a2d1b92cc5e88ca072c7a9ea89a8ee9e4301d60,spec/spec_helper.rb,19,18,37,489,465,115,108,ok,4.767143
Ruby,10-30,patsplat-plist,f1985a877ce3b21c98c0bb77e0845408c35285e9,lib/plist.rb,21,21,42,359,359,58,58,ok,1.054948
Ruby,10-30,pboling-rspec-block_is_expected,15cba4354c6f89e71a480aa00a68d6fba475a1fb,spec/spec_helper.rb,24,22,46,518,494,90,85,ok,5.960166999999999
Ruby,10-30,piotrmurach-pastel,afa4d4cf166a3042c02818338687d3d50e8499f1,spec/unit/undecorate_spec.rb,12,12,24,340,352,111,111,ok,14.323046000000001
Ruby,10-30,piotrmurach-tty-command,4450f49e5c39a8959f4b6aa772160efe6dbdc030,spec/unit/binmode_spec.rb,29,29,58,1000,994,254,251,ok,51.767565000000005
Ruby,10-30,piotrmurach-tty-prompt,93413ca03fd7e0585ec586f7e0093cd4a7aa63b9,spec/unit/inspect_spec.rb,19,19,38,463,462,137,136,ok,12.477764
Ruby,10-30,piotrmurach-tty-prompt,93413ca03fd7e0585ec586f7e0093cd4a7aa63b9,spec/unit/question/modifier/apply_to_spec.rb,24,24,48,757,754,209,211,ok,24.551054
Ruby,10-30,piotrmurach-tty-prompt,93413ca03fd7e0585ec586f7e0093cd4a7aa63b9,spec/unit/quiet_spec.rb,21,20,41,539,537,179,178,ok,18.899870999999997
Ruby,10-30,piotrmurach-tty-which,96bfb10264357afd2470ea38e4bac583113fb430,spec/unit/exist_spec.rb,16,16,32,493,493,190,190,ok,25.303008
Ruby,10-30,prawnpdf-pdf-core,51c87bd26875eda62d91d95cbed8fb575ff56ed0,lib/pdf/core/byte_string.rb,10,12,22,247,262,22,23,ok,0.22933900000000002
Ruby,10-30,prawnpdf-pdf-core,cbf4a5481a87637b155ee323eba5571358c4d841,lib/pdf/core/literal_string.rb,17,17,34,572,573,29,29,ok,0.344611
Ruby,10-30,prawnpdf-prawn,be66ddd0a804a03f6d7979bc773ea0aad0e7ec29,bench/png_type_6_objects.rb,17,17,34,349,350,113,115,ok,4.3814969999999995
Ruby,10-30,prawnpdf-prawn,be66ddd0a804a03f6d7979bc773ea0aad0e7ec29,bench/ttf_text_bench.rb,21,21,42,440,442,154,158,ok,17.365833000000002
Ruby,10-30,prawnpdf-prawn,be66ddd0a804a03f6d7979bc773ea0aad0e7ec29,manual/bounding_box.rb,25,25,50,618,619,74,75,ok,2.1940229999999996
Ruby,10-30,prawnpdf-ttfunk,0a0d447c481b46128178c80ffd25aa229b09ad58,spec/ttfunk/table/cff/name_index_spec.rb,25,23,48,665,703,214,220,ok,27.08152
Ruby,10-30,prawnpdf-ttfunk,e8516116b2950a59b8fa8ea7b781eae3b5204f85,lib/ttfunk/subset/mac_roman.rb,15,17,32,247,362,56,58,ok,1.399899
Ruby,10-30,puppetlabs-ruby-hocon,7bb686eed4cf957dc0ea3c6ac7d46a1c2d49371f,lib/hocon/config_syntax.rb,12,12,24,268,280,32,32,ok,0.377504
Ruby,10-30,qoobaa-magic,a89daab3784a23fc50ea1d0ed6deab2e58d01b89,lib/magic/api.rb,19,19,38,742,752,165,107,ok,9.287248
Ruby,10-30,rack-rack-cache,0077ef9e8e7d7e6ec5b460ba808076f977aaf673,test/request_test.rb,19,19,38,681,681,161,161,ok,15.381311
Ruby,10-30,rack-rackup,6e6e910c65469125f1def4942c7fd3040eaaed7f,test/psych_fix.rb,8,10,18,242,273,33,34,ok,0.438681
Ruby,10-30,rails-activemodel-serializers-xml,5ba2efafd914553967bff5d6e04e7168b524276f,lib/active_model/serializers.rb,28,24,52,559,473,116,97,ok,3.637707
Ruby,10-30,rails-coffee-rails,6009dcee942a29678586c7bf97c4d1c11f9cbb58,lib/coffee/rails/engine.rb,13,21,34,319,614,87,159,ok,10.446695
Ruby,10-30,rails-coffee-rails,eff9c002e45a3921c3a9863e659b952034fb278c,lib/rails/generators/coffee/assets/assets_generator.rb,13,13,26,345,353,85,85,ok,4.574636
Ruby,10-30,rails-coffee-rails,fc8c48c0e0b457ef3108e5af0ea157f0ac5cade4,test/assets_generator_test.rb,15,21,36,425,633,86,126,ok,4.429246
Ruby,10-30,rails-sprockets,4be779f5f73bcf808fe26d4e8968b3f34f96d3a2,test/test_require.rb,19,19,38,559,559,177,177,ok,19.278053
Ruby,10-30,rails-sprockets-rails,05dbab27d54f58a7a505498863dd0d88a6b32389,lib/sprockets/rails/asset_url_processor.rb,15,17,32,440,540,116,129,ok,14.300453
Ruby,10-30,rails-sprockets-rails,f3e2ab38c5bc797b811eb121741e8a61674c4db3,lib/sprockets/rails/sourcemapping_url_processor.rb,22,22,44,760,760,155,153,ok,27.45014
Ruby,10-30,rails-web-console,bb7ec818009c0fadb227446ad7009440d3d678df,lib/web_console/template.rb,24,24,48,774,781,116,109,ok,7.47779
Ruby,10-30,rouge-ruby-rouge,3d57c3866d088bf95d4bc462bdd926adea9dd721,lib/rouge/lexers/viml/keywords.rb,19,19,38,32337,32337,14324,14324,timed_out,
Ruby,10-30,rr-rr,41680c2280dd956041a51bf5b420b435f567a7e6,test/test_stub.rb,7,22,29,233,580,89,217,ok,14.865751999999999
Ruby,10-30,rr-rr,98dedccb9123967c1a63d3838ef623b790b6accd,test/run-test.rb,23,24,47,473,500,166,173,ok,11.916704
Ruby,10-30,ruby-concurrency-ref,4aee4a68fb98fc318292529ac82676b3aa7ce11b,lib/ref/weak_key_map.rb,26,26,52,1104,1097,42,42,ok,0.508684
Ruby,10-30,ruby-concurrency-ref,9b7218468768c305612a5f6decbe6668c61c0d09,test/test_helper.rb,4,10,14,210,190,56,47,ok,0.645876
Ruby,10-30,ruby-net-protocol,765b4f05714ccbf03592290cc87f47054e16a2d8,test/lib/helper.rb,24,24,48,626,617,167,167,ok,22.264514
Ruby,10-30,socketry-async-container,44da6afa91d0772b219d487b27c29e0b4d5a4b6e,bake.rb,12,12,24,366,359,42,42,ok,0.627896
Ruby,10-30,socketry-async-io,1c4f93b2441745446bf40d29f928eecc8b0399da,lib/async/io/version.rb,10,10,20,164,164,21,21,ok,0.19827899999999998
Ruby,10-30,socketry-async-io,97a940281ca37f7446e16ab4d4b7e6f710dee1c7,lib/async/io.rb,26,26,52,506,506,101,101,ok,3.640132
Ruby,10-30,socketry-async-io,e1b0b6cf1390522fbed3fad2dce50e72519b45c2,examples/unix/client.rb,11,15,26,159,263,59,62,ok,1.433734
Ruby,10-30,socketry-async-process,823fc606a31aa62d81e496165dea052e637acf4d,gems.rb,22,25,47,333,378,82,96,ok,2.4161989999999998
Ruby,10-30,socketry-async-rspec,1f4056414b0566d52f50893ef19b67aef90d391e,spec/async/rspec/buffer_spec.rb,18,18,36,378,383,94,94,ok,3.431121
Ruby,10-30,socketry-async-rspec,f13a3c32bc2ede5f6beafb729183ba7a772af3e4,gems/async-v1.rb,7,10,17,105,179,31,33,ok,0.30016
Ruby,10-30,socketry-async-rspec,f13a3c32bc2ede5f6beafb729183ba7a772af3e4,spec/spec_helper.rb,14,18,32,338,447,57,60,ok,1.276521
Ruby,10-30,socketry-console,b0893e32d6dacb6099ded8bcc9b7104c335a9485,lib/console/terminal.rb,21,21,42,417,417,73,73,ok,2.969414
Ruby,10-30,socketry-http-accept,0ac1ae3cc207a603a4f75ddab7aab7ee73a74296,lib/http/accept/parse_error.rb,26,28,54,1210,1242,37,39,ok,0.636368
Ruby,10-30,socketry-http-accept,fcc714f0e98a76b047510d74cc2c2112b9aa6c76,lib/http/accept/version.rb,25,25,50,1189,1189,37,37,ok,0.8046340000000001
Ruby,10-30,socketry-io-endpoint,51b91fad031585156a5d4f043da1682e0e3feac7,lib/io/endpoint/version.rb,10,10,20,166,166,21,21,ok,0.56855
Ruby,10-30,socketry-io-endpoint,749a42a499368cbcdfcdc66744df23a9dec7f299,gems.rb,28,29,57,484,510,108,115,ok,4.327609
Ruby,10-30,socketry-io-endpoint,7d4004a8a5db8bb16f1027ab457f690b6c76a085,lib/io/endpoint/version.rb,10,10,20,161,161,21,21,ok,0.24972999999999998
Ruby,10-30,socketry-localhost,ac2f604e61b6d06ba77485e9aa4921261277f29a,gems.rb,27,28,55,421,452,108,115,ok,7.471528
Ruby,10-30,socketry-metrics,9830b1ecaa3c638ae00bfb3e6bf8691a87f0245e,examples/testing/test.rb,16,16,32,351,351,78,78,ok,8.564639000000001
Ruby,10-30,socketry-multipart-post,dd0567dea6cc2100bdbb418901e5afd5bcc6b9af,gems.rb,22,29,51,335,485,79,107,ok,9.525829
Ruby,10-30,socketry-nio4r,9a5a1186ce4ae91336daf4ffd190a6a80e0a9a3a,spec/spec_helper.rb,17,23,40,379,576,70,75,ok,5.579505999999999
Ruby,10-30,socketry-sus-fixtures-async,269514c5e6606d603db0566715b11034b333a39f,lib/sus/fixtures/async/version.rb,27,27,54,1212,1212,42,42,ok,2.1663419999999998
Ruby,10-30,socketry-sus-fixtures-async,f3a650020b5c8d3b47661c8ff7d6edd353772f0a,lib/sus/fixtures/async/version.rb,12,12,24,189,189,26,26,ok,1.20555
Ruby,10-30,socketry-sus-fixtures-console,0cdc2d60f72215ffa1e63262f654395d01307c23,gems.rb,22,23,45,314,328,75,82,ok,7.530132999999999
Ruby,10-30,socketry-sus-fixtures-time,de911196804132c8f3714127e2299cc2ba0e9127,test/sus/fixtures/time/quantum.rb,19,21,40,440,504,128,140,ok,22.783061
Ruby,10-30,socketry-timers,e41ae1eaf61f9c7eb499719cbf762e95304b2558,spec/spec_helper.rb,25,24,49,541,515,85,83,ok,2.389796
Ruby,10-30,solnic-coercible,053ee5c8ccd41a7b14aff81bb308f4f1c1a2cf5f,spec/unit/coercible/coercer/integer/datetime_format_spec.rb,27,27,54,480,540,146,176,ok,17.602583000000003
Ruby,10-30,solnic-coercible,30b74e7a754739b246f41cecd5e7e76d4c51520a,spec/unit/coercible/coercer/float/to_datetime_spec.rb,17,12,29,422,287,192,98,ok,8.096853
Ruby,10-30,sus-rb-sus-fixtures-openssl,565ab009fe990785f1a98559ab54efeb2dfb950c,lib/sus/fixtures/openssl/version.rb,12,12,24,186,186,26,26,ok,0.289475
Ruby,10-30,sus-rb-sus-fixtures-openssl,76f667ef439281d2c3e9068dc392f21496a29f01,lib/sus/fixtures/openssl.rb,12,12,24,415,416,46,46,ok,0.611162
Ruby,10-30,thoughtbot-shoulda-matchers,9069b5994ac0a2fdc48017d92b582e92d52e7aa8,lib/shoulda/matchers/routing.rb,10,10,20,211,206,54,53,ok,1.775022
Ruby,10-30,typhoeus-ethon,b382aad1083755cc8e2b40886d6b4bc6d77fcb8c,lib/ethon/easy/util.rb,27,28,55,612,642,82,83,ok,10.92686
Ruby,10-30,tzinfo-tzinfo,eac33df8c336ef5ed9263fb4a0a12086a83b5ee3,test/ts_all_zoneinfo.rb,14,14,28,437,450,82,84,ok,4.545956
Ruby,10-30,voxpupuli-hiera-eyaml,6476b466d18386d7d1f7bd7f505322e581b5480f,lib/hiera/backend/eyaml/highlinehelper.rb,18,22,40,374,449,109,130,ok,26.078639
Ruby,10-30,whitequark-ast,304f90fd670b55ee687c57a01ce97d1405db8099,lib/ast.rb,17,17,34,586,613,39,39,ok,0.534128
Ruby,10-30,whomwah-rqrcode_core,6e513ead4e6b955874634ea3b64ed6c2ec89a6ee,lib/rqrcode_core/qrcode.rb,13,13,26,485,485,79,79,ok,1.316333
Ruby,10-30,whomwah-rqrcode_core,89a55d6c42aaaecbba076dd7d49f348716060612,test/rqrcode_core/data.rb,25,23,48,83608,80220,26160,25561,timed_out,
Ruby,10-30,yaauie-cliver,0959c8f4f686403053ee0c63291aa2f58ee0f567,lib/cliver.rb,13,28,41,281,815,74,181,ok,5.940634999999999
Ruby,10-30,yaauie-cliver,5ef970d87347137842b5beca851c219f8ba55381,lib/cliver.rb,15,13,28,303,281,81,74,ok,1.91159
Ruby,10-30,yaauie-cliver,78a3872afb8a4b30ba2e6d4dbe58c21a9743129f,lib/cliver/filter.rb,16,18,34,390,434,91,90,ok,7.67981
Ruby,100-300,Mange-roadie-rails,b8ca827cdaaee914b64cd7c5a1d4b90f93b2b84c,spec/integration_spec.rb,180,181,361,5837,5963,1541,1571,timed_out,
Ruby,100-300,Shopify-liquid,32b50ecafecae41b924f3e3120c6dc587efdd800,lib/liquid/tags/case.rb,162,162,324,4331,4339,780,780,ok,630.382092
Ruby,100-300,Shopify-liquid,32b50ecafecae41b924f3e3120c6dc587efdd800,lib/liquid/tags/for.rb,208,208,416,5956,5958,1133,1133,timed_out,
Ruby,100-300,Shopify-liquid,9bcfd32e65a6b8ef7ef823d4a7b0335953ae6eab,lib/liquid/tags/render.rb,174,194,368,5948,6436,984,1084,timed_out,
Ruby,100-300,SpringMT-zstd-ruby,0a753d2ff7584fe8943ea1250a1062382ef2e29c,spec/zstd-ruby_spec.rb,94,108,202,2455,2980,795,921,ok,731.484868
Ruby,100-300,ammar-regexp_parser,484fe0cc42564ca5ff4f18657a3efe09ca113a93,lib/regexp_parser/expression/methods/tests.rb,143,145,288,5021,5052,781,782,ok,483.21268200000003
Ruby,100-300,bdurand-lumberjack,e782c4615f3317126182705a987fbb5573ae7e26,spec/lumberjack/entry_formatter_spec.rb,202,202,404,8783,8787,2795,2795,timed_out,
Ruby,100-300,bodrovis-faraday-gzip,0b026fc99f2e18d75317116982c76bdc218f0c15,spec/faraday/gzip/middleware_spec.rb,130,136,266,3739,4013,1088,1149,timed_out,
Ruby,100-300,bodrovis-faraday-gzip,c34ec919c5a9cb3ede714e7892e6c97682718004,spec/faraday/gzip/middleware_spec.rb,179,179,358,5372,5382,1583,1583,timed_out,
Ruby,100-300,cchandler-certificate_authority,4b987ac8132b80e3e4f568f7514b6165c806085b,lib/certificate_authority/ocsp_handler.rb,77,136,213,2229,4036,492,819,ok,432.98791800000004
Ruby,100-300,cjheath-treetop,8599abe97064954506dd57560edfcb91c352eef4,lib/treetop/runtime/syntax_node.rb,114,116,230,2901,2966,740,776,ok,894.895756
Ruby,100-300,copiousfreetime-launchy,8703e921951f6a80920a4805a56f73ab2307b080,lib/launchy.rb,175,175,350,4467,4471,888,888,ok,858.51779
Ruby,100-300,copiousfreetime-launchy,cfe22ec4793af11a69f3f61503816a158be9215a,tasks/this.rb,209,209,418,5862,5842,1025,1021,timed_out,
Ruby,100-300,cucumber-aruba,dc41892b8884fb22677424dd2015dcde4a30cadd,spec/aruba/event_bus_spec.rb,118,118,236,3045,3051,745,747,ok,567.50247
Ruby,100-300,eventmachine-eventmachine,7df8ecda9c77335e7ec99c349039ef52c8bec038,tests/test_pool.rb,196,200,396,4242,4546,1033,1085,timed_out,
Ruby,100-300,eventmachine-eventmachine,875be4b8ddbcc177e38a1dff132247a1d62af130,tests/test_httpclient2.rb,132,132,264,3369,3383,894,899,ok,903.1074249999999
Ruby,100-300,eventmachine-eventmachine,becd3c62f624a370ea65a89ee0fb6fa409d9398d,tests/test_pause.rb,107,109,216,2443,2478,505,515,ok,287.07282899999996
Ruby,100-300,eventmachine-eventmachine,f21200d84e82fa3c32d50ca3fc65b8ed78993593,ext/extconf.rb,295,298,593,10163,10292,2262,2275,timed_out,
Ruby,100-300,faye-websocket-extensions-ruby,a8c847876b2242d562e6186b6fd90dd073b9fcd2,lib/websocket/extensions.rb,181,181,362,4772,4785,1280,1279,timed_out,
Ruby,100-300,fbernier-tomlrb,0c2e10c6506093356e803b9271a76b91f7d4c427,test/test_tomlrb.rb,135,139,274,11557,11715,5532,5570,timed_out,
Ruby,100-300,fbernier-tomlrb,714337636d8b4aaf252d34a70f5a63654da3b9d9,test/test_compliance.rb,167,167,334,4317,4335,1425,1435,timed_out,
Ruby,100-300,ffi-ffi,0c4a5714381fc9f1ea33e2d86d20f9646212c30f,spec/ffi/variadic_spec.rb,179,179,358,5689,5690,1879,1879,timed_out,
Ruby,100-300,garybernhardt-selecta,7f8feb8260a1404cc7560f7dafa04ef1c439f5a9,spec/search_spec.rb,121,121,242,4209,4219,1440,1440,timed_out,
Ruby,100-300,grosser-gettext_i18n_rails,23ced48c14416e12abb2e0a1a61fbe9527632f6f,lib/gettext_i18n_rails/tasks.rb,109,107,216,3791,3690,716,682,ok,337.457176
Ruby,100-300,guard-listen,bac8015f98d751d9cf38173edcee13602f1a66d0,spec/lib/listen/cli_spec.rb,116,116,232,3075,3072,980,980,timed_out,
Ruby,100-300,igrigorik-em-websocket,2f6a22896c2c80b2d8c3fae313b7cc9e7b735b14,spec/integration/draft76_spec.rb,241,241,482,6152,6162,1247,1247,timed_out,
Ruby,100-300,igrigorik-em-websocket,44ce03c37264854ac681eada5e2d51f503ea7f44,lib/em-websocket/handshake.rb,141,155,296,3854,4396,693,730,ok,614.036329
Ruby,100-300,igrigorik-em-websocket,c5ab0683970d5e72086a7afee96c4d2b0cc6d528,lib/em-websocket/connection.rb,248,246,494,7960,7933,1144,1137,timed_out,
Ruby,100-300,immutable-ruby-immutable-ruby,474ae0b7c8af6ce62d257a7d21b14a2a260f65a6,lib/immutable/deque.rb,277,284,561,7941,8102,996,1017,timed_out,
Ruby,100-300,immutable-ruby-immutable-ruby,9451e81c5f3fa2db5ae2f69bafa6666fd98ec9bc,lib/immutable/enumerable.rb,161,161,322,5341,5335,905,905,ok,809.80183
Ruby,100-300,immutable-ruby-immutable-ruby,a41a3b1d4294a11557a563645d7d061c413f36a1,spec/lib/immutable/sorted_set/new_spec.rb,137,137,274,4218,4219,1521,1521,timed_out,
Ruby,100-300,intridea-multi_json,c788287a71dcfa4b13353f09cd573dffbfebd457,spec/multi_json_spec.rb,188,190,378,6595,6595,1793,1800,timed_out,
Ruby,100-300,janlelis-unicode-display_width,4ccf6175834ed077f24374de6161c2fee1021e12,lib/unicode/display_width.rb,268,266,534,7823,7758,1599,1589,timed_out,
Ruby,100-300,janlelis-unicode-display_width,a37b7369bb770c5ea822f1210fd0c8fefdd85091,lib/unicode/display_width.rb,220,227,447,6400,6715,1283,1323,timed_out,
Ruby,100-300,janlelis-unicode-emoji,bf1ca9162d9d1bd9f87762151a2ef4f9a7aa3ecd,lib/unicode/emoji.rb,84,106,190,2497,2658,467,469,ok,189.62105300000002
Ruby,100-300,jaynetics-regexp_property_values,8ab497657c1c09a0aa41f7c1a6a02b6509a18e90,lib/regexp_property_values/updater.rb,132,134,266,3621,3659,958,960,timed_out,
Ruby,100-300,jekyll-jekyll-sass-converter,5b443fc2441b914271863eda05f0773fe9c88428,spec/sass_converter_spec.rb,116,115,231,3232,3126,870,808,ok,718.375329
Ruby,100-300,jekyll-jekyll-watch,1fc75827c92ea7e85b29090caa28188b8919357d,lib/jekyll/watcher.rb,131,127,258,3765,3591,852,804,ok,914.330137
Ruby,100-300,jekyll-jekyll-watch,e35953cef2e60d2e0d5ce8571fd2c96afcd2f357,lib/jekyll/watcher.rb,127,127,254,3591,3605,804,806,ok,863.112656
Ruby,100-300,jeremyevans-erubi,e96ab15cbf047d3ef9d6ce2f101e7ecee72e30eb,lib/erubi.rb,285,286,571,10231,10308,1731,1751,timed_out,
Ruby,100-300,jfelchner-ruby-progressbar,c292464e0aaa67123c02c7a4ac12f29c03a08bd2,spec/lib/ruby-progressbar/components/time_spec.rb,299,299,598,7971,7977,1768,1766,timed_out,
Ruby,100-300,jmespath-jmespath.rb,0d308f02818cccb0621e6d23465ae998ab16e890,lib/jmespath/nodes/condition.rb,144,147,291,3775,4016,909,973,timed_out,
Ruby,100-300,jmhodges-rchardet,16ab0a9c6c6ebf56f86d3be6f7a43b117af74f9c,lib/rchardet/universaldetector.rb,166,166,332,5579,5577,1057,1057,timed_out,
Ruby,100-300,jmhodges-rchardet,c2e593c535505c6d628b3666c7a02d9228413bc1,lib/rchardet/universaldetector.rb,166,166,332,5595,5587,1066,1056,timed_out,
Ruby,100-300,jneen-rouge,3332a9cdf1641410faa8eac884210cdee284d91d,lib/rouge/lexers/terraform.rb,121,121,242,2776,2786,733,738,ok,664.786719
Ruby,100-300,judofyr-temple,181ea35a5d862af370f22adf0cb52663b9a151db,spec/generator_spec.rb,167,158,325,6562,6172,2231,2126,timed_out,
Ruby,100-300,jwt-ruby-jwt,b45219d7c98473a1a7603d2bf5961f6b5ea89576,lib/jwt/token.rb,131,131,262,4268,4264,497,498,ok,218.990521
Ruby,100-300,leejarvis-slop,c026ee99247c33130addc01d1399e71b14879f38,test/parser_test.rb,120,126,246,3277,3443,978,1028,ok,814.439288
Ruby,100-300,leejarvis-slop,de796008bba708263b5cf093b48af7a6ebeb1d1a,lib/slop/types.rb,126,131,257,2655,2908,507,521,ok,206.21111100000002
Ruby,100-300,leejarvis-slop,e28fbcf19c9e1b6d8875be680c6bb4f40ab0c21c,lib/slop/types.rb,98,100,198,2020,2074,330,337,ok,88.613707
Ruby,100-300,lostisland-faraday-net_http,1dd1e64a18222091e7f5a1028289b850389163ca,spec/faraday/adapter/net_http_spec.rb,150,194,344,4277,5603,1343,1735,timed_out,
Ruby,100-300,lostisland-faraday-net_http,81236ae1af470942af4d14c1e65cc0d5528372c5,lib/faraday/adapter/net_http.rb,208,202,410,6480,6192,1476,1467,timed_out,
Ruby,100-300,lostisland-faraday-net_http_persistent,cda3e8be28796a936a1e37b3fa0cbf0204593301,lib/faraday/adapter/net_http_persistent.rb,227,228,455,6718,6772,1521,1534,timed_out,
Ruby,100-300,lostisland-sawyer,8830c0c6718fe767532f163dce8ca3fc66cb10a9,lib/sawyer/agent.rb,149,151,300,4305,4355,636,650,ok,358.896673
Ruby,100-300,main-branch-process_executer,da1db9697e5c2be371d308d5790e44dcccf8e40b,lib/process_executer/options/base.rb,239,271,510,8218,8766,594,640,ok,391.469201
Ruby,100-300,mikel-mail,62b82c542288237763eba48277983dc89218ecb5,lib/mail/fields/content_type_field.rb,172,170,342,4521,4439,1161,1147,timed_out,
Ruby,100-300,mikel-mail,6919547758842aa28760eb71d95ef79bc0d971d1,lib/mail/field.rb,289,289,578,9048,9074,1614,1620,timed_out,
Ruby,100-300,mimemagicrb-mimemagic,51bdc8407811a95d301e6a63dd93b30e7430cb80,script/generate-mime.rb,163,163,326,6177,6172,1754,1751,timed_out,
Ruby,100-300,mimemagicrb-mimemagic,6520358f230ce242c50477fe42b3887d0f12690b,test/mimemagic_test.rb,158,190,348,7193,8304,1940,1754,timed_out,
Ruby,100-300,minimagick-minimagick,862ffbbb4435a9363b179397ba02d4be1d1c7751,lib/mini_magick/tool.rb,274,274,548,7123,7127,877,880,ok,708.643416
Ruby,100-300,minimagick-minimagick,bb772cc21008fe6f411ab53bde66988021b36c6c,lib/mini_magick/tool.rb,275,274,549,7226,7143,896,895,ok,687.408099
Ruby,100-300,monora-rgl,8bb36a25050fdfca425215d30bc104ace6bf7c58,lib/rgl/dot.rb,126,147,273,3626,4664,820,997,timed_out,
Ruby,100-300,net-ssh-net-sftp,e645fbb053d2220967088c7aed6e5428d716b282,test/test_download.rb,252,252,504,10038,10044,2220,2220,timed_out,
Ruby,100-300,net-ssh-net-sftp,fed93aea4d60f0ed094c0ed3bae019a2983b7935,test/protocol/01/test_base.rb,210,210,420,8156,8153,2146,2146,timed_out,
Ruby,100-300,net-ssh-net-ssh-gateway,29485b8ccf7c6a9b9afa9d2d7f41b8ec0875be0f,lib/net/ssh/gateway.rb,214,214,428,6633,6633,627,627,ok,235.55026
Ruby,100-300,nurse-strptime,416cef0593062118efa26f3a1118ee05b429a62b,spec/strftime_spec.rb,119,125,244,3258,3416,1646,1741,timed_out,
Ruby,100-300,nurse-strptime,da9052ba2c18145c9027da4ff79f2f00b36ea501,spec/strftime_spec.rb,106,106,212,2756,2753,1420,1420,timed_out,
Ruby,100-300,piotrmurach-necromancer,d5cec11d179fedd258d1b346d938d4fb13df1817,lib/necromancer/conversions.rb,128,129,257,3166,3167,504,504,ok,251.387737
Ruby,100-300,piotrmurach-pastel,179690275c45468a79e3115d6b7b7c5fa4db113b,lib/pastel/color.rb,241,241,482,5671,5683,867,867,ok,929.931446
Ruby,100-300,piotrmurach-tty-command,1340c436e8c111dc9eb94997c5cf818bc8bfd42e,spec/unit/run_spec.rb,185,187,372,5274,5323,1737,1751,timed_out,
Ruby,100-300,prawnpdf-pdf-core,51c87bd26875eda62d91d95cbed8fb575ff56ed0,lib/pdf/core/object_store.rb,108,151,259,2435,3777,455,498,ok,264.495648
Ruby,100-300,prawnpdf-pdf-core,acafb409f49aeaac7f8b833328b733d47542d2f9,lib/pdf/core/stream.rb,135,134,269,3034,3023,420,423,ok,208.077667
Ruby,100-300,prawnpdf-pdf-core,acafb409f49aeaac7f8b833328b733d47542d2f9,spec/pdf/core_pdf_object_spec.rb,210,210,420,7157,7173,2251,2265,timed_out,
Ruby,100-300,prawnpdf-prawn,be66ddd0a804a03f6d7979bc773ea0aad0e7ec29,spec/prawn/stamp_spec.rb,173,166,339,5676,5689,1349,1363,timed_out,
Ruby,100-300,prawnpdf-ttfunk,0a0d447c481b46128178c80ffd25aa229b09ad58,lib/ttfunk/table/cff/encoding.rb,278,277,555,8302,8303,1190,1193,timed_out,
Ruby,100-300,prawnpdf-ttfunk,0a0d447c481b46128178c80ffd25aa229b09ad58,lib/ttfunk/table/cff/fd_selector.rb,193,193,386,5721,5732,967,969,timed_out,
Ruby,100-300,prawnpdf-ttfunk,45a9f1e4bcef14b48f5d33f60c699b43e2ab08a7,lib/ttfunk/table/cff/index.rb,125,126,251,3268,3287,717,717,ok,838.147209
Ruby,100-300,prawnpdf-ttfunk,45a9f1e4bcef14b48f5d33f60c699b43e2ab08a7,lib/ttfunk/table/name.rb,172,173,345,5153,5150,1035,1035,timed_out,
Ruby,100-300,prawnpdf-ttfunk,88b7a198702707b72c4b174871b37b2eaf65ad83,lib/ttfunk/encoded_string.rb,151,151,302,3448,3452,518,518,ok,246.012936
Ruby,100-300,prawnpdf-ttfunk,e8516116b2950a59b8fa8ea7b781eae3b5204f85,lib/ttfunk/subset_collection.rb,83,104,187,2357,3266,385,406,ok,180.27849300000003
Ruby,100-300,prawnpdf-ttfunk,e8516116b2950a59b8fa8ea7b781eae3b5204f85,lib/ttfunk/table/name.rb,173,293,466,5150,7744,1035,1116,timed_out,
Ruby,100-300,puppetlabs-facter,016811658a536f5c9c90d53e56fd7260f470bb8d,spec/facter/resolvers/base_resolver_spec.rb,122,112,234,3273,2982,939,827,ok,873.22709
Ruby,100-300,puppetlabs-facter,27d12ad840fc5dbc4a18dd64438d8083c8129620,spec_integration/facter_to_hash_spec.rb,152,150,302,3916,3884,1029,1022,timed_out,
Ruby,100-300,puppetlabs-facter,2cfe64e667349ed5b3489a21e4431a10d36daef1,spec/facter/resolvers/xen_spec.rb,115,113,228,3232,3147,1054,1030,timed_out,
Ruby,100-300,puppetlabs-puppet-resource_api,342ce0d13f87233affd6683b0eccd48e1977d30e,lib/puppet/resource_api/base_context.rb,179,179,358,5199,5186,1330,1333,timed_out,
Ruby,100-300,puppetlabs-puppet-resource_api,f4fab3daae9028e14854935ac30c8ae015df22b3,spec/acceptance/transport/transport_spec.rb,201,201,402,6774,6742,1467,1531,timed_out,
Ruby,100-300,puppetlabs-r10k,87ee454fa5989d21fb16c5e5030d9f190d682618,lib/r10k/git/shellgit/working_repository.rb,112,112,224,2932,2938,688,693,ok,376.364105
Ruby,100-300,rails-execjs,5cce03a1614a9477ea5c079b336be80206ee013f,lib/execjs/external_runtime.rb,244,244,488,6752,6716,1750,1728,timed_out,
Ruby,100-300,rails-globalid,d935131e99f5f6752f11d50e79cf33c27a400428,lib/global_id/locator.rb,210,206,416,7883,7778,1033,1024,timed_out,
Ruby,100-300,rails-propshaft,11bab84c131419a8e5f639bbe863a57df7c681c1,test/propshaft/manifest_test.rb,50,138,188,2020,4899,454,1101,ok,397.872518
Ruby,100-300,rails-sprockets,6690110b55ed477cf2dd4734184377fccfe704b4,test/test_erb_processor.rb,168,172,340,4886,5060,1152,1214,timed_out,
Ruby,100-300,rails-sprockets-rails,67c74ece6de93109fcf725f6a56daeb0fc3cc6ee,lib/sprockets/railtie.rb,267,270,537,8973,9181,1898,1922,timed_out,
Ruby,100-300,rails-sprockets-rails,d8495d0c862f50f3510116357fbf841069eb1ac9,lib/sprockets/railtie.rb,261,265,526,8889,9055,1861,1903,timed_out,
Ruby,100-300,rgrove-sanitize,63eecfda527912756ed970256fe520f2a60cacb8,lib/sanitize/config/default.rb,123,123,246,5207,5219,856,856,ok,616.587366
Ruby,100-300,rspec-rspec-expectations,84245578b630593cfba35343d12f249ed31f47f4,spec/rspec/matchers/built_in/operators_spec.rb,263,275,538,8117,8395,2348,2446,timed_out,
Ruby,100-300,rspec-rspec-mocks,0e17986425d41e31dd25a576ea23e9a9cdfa3afa,lib/rspec/mocks/configuration.rb,212,212,424,7251,7252,500,500,ok,229.237582
Ruby,100-300,ruby-csv,29723a0a88dee0efe1ba48182acb07d87c3901bf,test/csv/test_csv_filter.rb,98,113,211,2526,2913,664,770,ok,467.60155
Ruby,100-300,ruby-csv,7eea19a639d6c03829b337e5c916804d8e1c10cc,test/csv/test_csv_filter.rb,130,140,270,3585,4018,940,1058,ok,922.918545
Ruby,100-300,ruby-git-ruby-git,8e6a11e5f3749a25e1d56ffbc0332a98846a395b,tests/units/test_status.rb,238,288,526,7110,8764,1979,2390,timed_out,
Ruby,100-300,ruby-i18n-i18n,62818cf5cc752ba6744ad66af1d09de36e3c7c36,test/i18n/exceptions_test.rb,123,117,240,4232,3933,921,872,ok,591.3740240000001
Ruby,100-300,ruby-io-wait,292b47fe1e215be23d386023516afcbbff9f1815,test/io/wait/test_io_wait_uncommon.rb,77,107,184,2085,2745,543,732,ok,350.109652
Ruby,100-300,ruby-ldap-ruby-net-ldap,2702b89bac61d26440a17794297c873acd9044fd,test/test_ldif.rb,104,104,208,3544,3551,958,958,ok,742.835678
Ruby,100-300,ruby-ldap-ruby-net-ldap,2fe7e501f369a6ea775567b10f1e881b13b5fa37,lib/net/ldap/entry.rb,192,199,391,5993,6121,707,719,ok,478.43005500000004
Ruby,100-300,ruby-ldap-ruby-net-ldap,8572cacddae0520a47def01a9fc74818630eb85c,lib/net/ldap/entry.rb,193,193,386,5996,5998,707,707,ok,438.51392300000003
Ruby,100-300,ruby-ldap-ruby-net-ldap,eeb7a6d0ab591bba045d9765ba5313089db67b0a,test/integration/test_bind.rb,145,145,290,4645,4638,1089,1089,timed_out,
Ruby,100-300,ruby-logger,08f9fb3805a499ffd05e43506e1917345d9230cc,lib/logger/log_device.rb,241,242,483,6615,6695,1473,1492,timed_out,
Ruby,100-300,ruby-oembed-ruby-oembed,278228e6b24ac5c900e7914b6a6a1ac2d42e18ad,spec/spec_helper.rb,129,129,258,3508,3480,829,819,ok,461.020237
Ruby,100-300,ruby-rbot-rbot,9e30236e3a94b54aabb1fb03a0769dcd95647b9e,data/rbot/plugins/games/roulette.rb,261,261,522,8099,8101,2353,2353,timed_out,
Ruby,100-300,ruby-repl_type_completor,3b110b18d01fe11d11650a678604e8e9e32820dc,test/repl_type_completor/test_repl_type_completor.rb,267,266,533,11898,11865,2943,2934,timed_out,
Ruby,100-300,ruby-xmlrpc,6a63dc94acde511d1e5c60b6af404f0cac253930,lib/xmlrpc.rb,293,293,586,8183,8183,303,303,ok,22.706645
Ruby,100-300,rubychan-coderay,b5b3430d4635682b767c44469e28a70fe234187e,lib/coderay/scanners/java_script.rb,236,236,472,7954,7952,1641,1641,timed_out,
Ruby,100-300,sigmike-autocutsel,91fec65f10f561c6431c9dcda4e4915c3fd8ee6c,test_autocutsel.rb,123,147,270,2980,3980,730,731,ok,432.301427
Ruby,100-300,sinatra-sinatra,0d33ef8924f70b265cdaa605eca0efd23bf316b1,test/integration_helper.rb,138,142,280,3088,3275,852,870,ok,720.8160359999999
Ruby,100-300,skk-dev-skktools,7ad96ca5623df5d3a4e6b7391e81283c821bd07b,filters/annotation-filter.rb,114,118,232,4151,4249,844,877,ok,357.77407300000004
Ruby,100-300,socketry-async-container,9b080359e68733c080b1972e6fa0c0cd7ae952af,lib/async/container/group.rb,279,284,563,7254,7393,1058,1078,timed_out,
Ruby,100-300,socketry-async-rspec,735212192bd3f917d293e91f8a337452d2bd46c1,spec/async/rspec/reactor_spec.rb,103,105,208,2752,2786,427,432,ok,153.596677
Ruby,100-300,socketry-async-rspec,ced78e1dac1c7e5299a34dd7d558752983a7e530,lib/async/rspec/ssl.rb,224,224,448,7897,7899,1485,1485,timed_out,
Ruby,100-300,socketry-http-accept,c86b85ca050b5cd1ec59c8ed227c0e695fb33071,spec/http/browser_spec.rb,146,146,292,5694,5721,1161,1206,ok,802.054411
Ruby,100-300,socketry-localhost,10790d5045770ec9ca6b81f5c74a897051cff9c5,lib/localhost/authority.rb,236,239,475,6664,6792,1386,1389,timed_out,
Ruby,100-300,socketry-localhost,ecde804bf1b89e5763bde91188afa3df20329829,lib/localhost/authority.rb,218,235,453,5903,6630,1289,1385,timed_out,
Ruby,100-300,socketry-multipart-post,dd0567dea6cc2100bdbb418901e5afd5bcc6b9af,lib/multipart/post/parts.rb,148,148,296,4708,4708,867,867,timed_out,
Ruby,100-300,socketry-rspec-memory,1d8a8675742a71498942f48a66db312ba382ac96,lib/rspec/memory/matchers/limit_allocations.rb,113,119,232,3654,3860,626,681,ok,825.186529
Ruby,100-300,socketry-sus,2509ba9e8790b042b69260af4e241bb7758336fc,lib/sus/mock.rb,127,127,254,2724,2737,720,728,ok,633.923689
Ruby,100-300,socketry-timers,631bdc5699d0dc510897c051cc8b27eaac964d05,test/timers/group.rb,242,252,494,5586,5964,1706,1716,timed_out,
Ruby,100-300,solnic-coercible,569a9ee42a78e2de3d7c2402c7c714f9f81b1304,lib/coercible/coercer/object.rb,169,169,338,4373,4372,379,379,ok,120.698165
Ruby,100-300,thoughtbot-shoulda-matchers,5c79d3bb75730ebf6e2615713972cd9722b102e5,spec/unit/shoulda/matchers/active_record/encrypt_matcher_spec.rb,208,206,414,6387,6295,1416,1408,timed_out,
Ruby,100-300,threedaymonk-htmlentities,8b59e8134895b30b7c7ff511d1156b2c1f91fc16,spec/decoding_spec.rb,100,110,210,2561,2842,692,756,ok,337.892604
Ruby,100-300,threedaymonk-htmlentities,f0a4f65bc38db80287b8020255e4dc34ebc059c5,test/decoding_test.rb,101,101,202,2701,2706,605,605,ok,235.672691
Ruby,100-300,thuehlinger-daemons,57eb34e366c55be20e6acf47b4dff6b8d9b6970a,lib/daemons/cmdline.rb,107,127,234,3123,3874,483,654,ok,537.530873
Ruby,100-300,toretore-barby,9b1dceb04991740e8cde7d4e0210b4848b041650,lib/barby/barcode/code_25.rb,193,193,386,3809,3801,831,831,ok,539.56752
Ruby,100-300,tzinfo-tzinfo,f76bc7fc824a831a159f080ea2fdeade47dc1e38,test/tc_timestamp_with_offset.rb,202,202,404,8091,8093,2503,2503,timed_out,
Ruby,100-300,ueno-ruby-gpgme,60290c62f864254a0e8e843ea0a100f5c8bf82f7,ext/gpgme/extconf.rb,231,231,462,7099,7099,1592,1592,timed_out,
Ruby,100-300,upserve-docker-api,c416cfde3fbfff9064c373ecade4b29fad900315,spec/docker/network_spec.rb,160,162,322,4091,4122,1232,1233,timed_out,
Ruby,100-300,upserve-docker-api,d0bbf85fdbfa31533d9db917b004d7c88a5139ea,spec/docker_spec.rb,271,241,512,8263,7455,2459,2244,timed_out,
Ruby,100-300,varvet-pundit,0b9b3a6e4ed34978aa8bb73782e3c4de1b80666c,lib/pundit/context.rb,127,161,288,4592,5327,481,510,ok,229.800254
Ruby,100-300,varvet-pundit,cabf5b7223e9dd7b52d562d161132d254732ff07,lib/pundit/authorization.rb,231,231,462,7848,7840,589,589,ok,246.091572
Ruby,100-300,wandenberg-nginx-push-stream-module,3d4cc6dc3ab97ac3516246c680a33cb83dd66ab7,misc/spec/subscriber/padding_by_user_agent_spec.rb,207,207,414,8668,8672,2362,2362,timed_out,
Ruby,100-300,wardencommunity-warden,58bcc6f0beb58764b2f07bebd46e919feb16a291,lib/warden/config.rb,112,112,224,3001,3001,537,537,ok,238.114442
Ruby,100-300,wardencommunity-warden,f16a7fed5fbde7af29720a24cb9a5575a40de844,lib/warden/hooks.rb,211,212,423,7922,7952,747,748,ok,719.902671
Ruby,100-300,whitequark-parser,2605e957bc1ce97f573b09f7ea226b0b6d3fcaec,lib/parser/current.rb,146,146,292,3919,3919,697,697,ok,353.129824
Ruby,100-300,yob-pdf-reader,c08babcc90e413ada3c5e34835af6f5096116938,lib/pdf/reader/parser.rb,281,281,562,9797,9799,1523,1523,timed_out,
Ruby,100-300,zeromq-czmq,8f64ff90ac11934c7549dde9ca2d21a16bcfa23d,bindings/ruby/lib/czmq/ffi/zhttp_client.rb,113,114,227,4011,4010,404,404,ok,209.085662
Ruby,1000-3000,asciidoctor-asciidoctor,a232ee4f5943a88cb0f64d05250223896b8f5eb7,lib/asciidoctor/converter/html5.rb,1384,1384,2768,56499,56499,17030,17033,timed_out,
Ruby,1000-3000,asciidoctor-asciidoctor,f8306f119f0624e19487029fec4372d166b5a31b,lib/asciidoctor/parser.rb,2801,2801,5602,119769,119786,20383,20388,timed_out,
Ruby,1000-3000,brandur-json_schema,3fbd3596c77e59149cfb9a89b7bc01bed599e337,test/json_schema/validator_test.rb,1078,1086,2164,33823,34062,7615,7666,timed_out,
Ruby,1000-3000,brendon-acts_as_list,58a4972381f7b16c888392d3b251ae89503712e6,test/test_list.rb,1124,1253,2377,33270,36953,8637,9494,timed_out,
Ruby,1000-3000,brendon-acts_as_list,f6e1d730a57af8ed3f304ad327875d983db50394,test/test_list.rb,1253,1257,2510,36953,37037,9494,9516,timed_out,
Ruby,1000-3000,brianmario-mysql2,0f38974ead068daa5388013cd01f49f74e439805,spec/mysql2/client_spec.rb,1216,1259,2475,42413,43711,10463,10842,timed_out,
Ruby,1000-3000,doudou-flexmock,83dbdbe26bc34a5460ab66b58bf2dbef7e969837,test/should_receive_test.rb,1451,1487,2938,42379,43772,12002,12307,timed_out,
Ruby,1000-3000,doudou-flexmock,dd20b0a69181b7bca5322ed1876de3833fad7cfc,test/should_receive_test.rb,1487,1534,3021,43774,45178,12313,12799,timed_out,
Ruby,1000-3000,drbrain-net-http-persistent,0bd40a2e92688f6f8075bacc2c41ede3e3f035b4,lib/net/http/persistent.rb,1153,1156,2309,30035,30105,3491,3515,timed_out,
Ruby,1000-3000,drbrain-net-http-persistent,2cd8becf48c5910f9bd1d55885d551f311eeb9d6,lib/net/http/persistent.rb,1158,1158,2316,29922,29922,3415,3415,timed_out,
Ruby,1000-3000,drbrain-net-http-persistent,2da29785e7354e349c7a09deb4e44b56efba47b9,lib/net/http/persistent.rb,1234,1234,2468,33281,33281,4183,4183,timed_out,
Ruby,1000-3000,drbrain-net-http-persistent,3bbb99868e10732828bc2077631462b253582237,lib/net/http/persistent.rb,1169,1171,2340,30227,30315,3442,3445,timed_out,
Ruby,1000-3000,drbrain-net-http-persistent,455426e1b8ecbd7997f6aeac0086183e1a3caf9b,test/test_net_http_persistent.rb,1492,1512,3004,34952,35631,8861,8992,timed_out,
Ruby,1000-3000,drbrain-net-http-persistent,53b5b030911f27e9138db632c2fc96379e7d817b,lib/net/http/persistent.rb,1231,1247,2478,33194,33460,4167,4204,timed_out,
Ruby,1000-3000,drbrain-net-http-persistent,5be3611ff3540990013fb54d27482ccc344a557f,lib/net/http/persistent.rb,1191,1189,2380,30890,30867,3571,3568,timed_out,
Ruby,1000-3000,drbrain-net-http-persistent,5f767a8ef4f7124fafefa1ff79e012f48e41f651,test/test_net_http_persistent.rb,1642,1642,3284,38654,38647,10031,10028,timed_out,
Ruby,1000-3000,drbrain-net-http-persistent,81bd02111be6cb3c1aaae503e339663ce49c257c,lib/net/http/persistent.rb,1263,1279,2542,33740,34050,4241,4275,timed_out,
Ruby,1000-3000,drbrain-net-http-persistent,8e1bd116d6e8e20cc3dfb1409247e52d5b8243ec,lib/net/http/persistent.rb,1088,1117,2205,27938,28828,3228,3287,timed_out,
Ruby,1000-3000,drbrain-net-http-persistent,8e1bd116d6e8e20cc3dfb1409247e52d5b8243ec,test/test_net_http_persistent.rb,1441,1457,2898,33516,33921,8537,8630,timed_out,
Ruby,1000-3000,drbrain-net-http-persistent,9cdc7bf8df3a418dc8f00191a49bdd3c94093af0,lib/net/http/persistent.rb,1095,1105,2200,28172,28298,3251,3275,timed_out,
Ruby,1000-3000,drbrain-net-http-persistent,b3fe0b2dadfe8941fd14d571255582d8fee06930,lib/net/http/persistent.rb,1202,1203,2405,31214,31281,3623,3635,timed_out,
Ruby,1000-3000,drbrain-net-http-persistent,b9031bf43d78cfc946fc7f9a55c4931e964fb05c,lib/net/http/persistent.rb,1234,1234,2468,33277,33281,4183,4183,timed_out,
Ruby,1000-3000,drbrain-net-http-persistent,d4a2667af2fa9be9be7da86dbf3cf12ab5a1be85,test/test_net_http_persistent.rb,1575,1589,3164,36562,36920,9438,9502,timed_out,
Ruby,1000-3000,drbrain-net-http-persistent,df819923f2262f6448f1cf39a96d6bbec0ff241e,lib/net/http/persistent.rb,1095,1107,2202,28172,28554,3251,3279,timed_out,
Ruby,1000-3000,drbrain-net-http-persistent,df819923f2262f6448f1cf39a96d6bbec0ff241e,test/test_net_http_persistent.rb,1448,1459,2907,33834,34076,8601,8648,timed_out,
Ruby,1000-3000,drbrain-net-http-persistent,e10cb1774156561bfd45c5984f9d7896f1e6f3a9,test/test_net_http_persistent.rb,1775,1762,3537,40592,40247,10421,10335,timed_out,
Ruby,1000-3000,drbrain-net-http-persistent,e31e0af8e8719d035387b09e2d85d126bd0e50ac,test/test_net_http_persistent.rb,1722,1731,3453,39380,39587,10165,10216,timed_out,
Ruby,1000-3000,eventmachine-eventmachine,03ffbcf378df05772007e44158ddd2b584ecd11e,lib/em/pure_ruby.rb,1300,1311,2611,36234,36530,5867,5911,timed_out,
Ruby,1000-3000,eventmachine-eventmachine,0c0c715f2e61c3187d9efbd85b85cfd2e05bbe31,lib/em/pure_ruby.rb,1388,1390,2778,38987,39072,6340,6363,timed_out,
Ruby,1000-3000,eventmachine-eventmachine,2ca45eee68f6be68b9e9d9a566b695b8f753cd21,lib/em/pure_ruby.rb,1404,1406,2810,39784,39824,6475,6483,timed_out,
Ruby,1000-3000,eventmachine-eventmachine,80aad9cb36a17cbb89c05e207a59055fabbecae0,lib/eventmachine.rb,1602,1603,3205,61971,61984,4866,4867,timed_out,
Ruby,1000-3000,eventmachine-eventmachine,a7eaf1a5188078e7e01be94a67bb290f4cfa6c56,lib/em/pure_ruby.rb,1417,1404,2821,40139,39784,6541,6475,timed_out,
Ruby,1000-3000,eventmachine-eventmachine,cf8329fe1d97b5fde7c1f860ff0cb0f39341159c,lib/em/pure_ruby.rb,1296,1296,2592,36048,36031,5820,5856,timed_out,
Ruby,1000-3000,fakefs-fakefs,7ac06b8d49216a4c993ee62f3e7ee1302ab5fae9,lib/fakefs/file.rb,1085,1084,2169,32444,32427,6256,6254,timed_out,
Ruby,1000-3000,gshutler-useragent,249a8b2676c2aeb0170deb85219b2dc9f71f2bd1,spec/browsers/webkit_user_agent_spec.rb,1203,1243,2446,38407,39658,9102,9406,timed_out,
Ruby,1000-3000,hashie-hashie,0bca9255a6234606cbdd98880ccc241f192cfdae,spec/hashie/mash_spec.rb,1096,1100,2196,35144,35378,11123,11223,timed_out,
Ruby,1000-3000,hashie-hashie,9ba96e03a8b5baa098c7ac6841e4c021b02f1910,spec/hashie/mash_spec.rb,1100,1113,2213,35378,35709,11223,11356,timed_out,
Ruby,1000-3000,immutable-ruby-immutable-ruby,90fcdf2213b441430a9eaa62767bf151c690b2ef,lib/immutable/sorted_set.rb,1494,1500,2994,46203,46450,6627,6633,timed_out,
Ruby,1000-3000,immutable-ruby-immutable-ruby,952d11a357f3ae909e00631efecf847f7b96ac8d,lib/immutable/sorted_set.rb,1503,1504,3007,46627,46638,6673,6674,timed_out,
Ruby,1000-3000,immutable-ruby-immutable-ruby,c3e9ace8eba48585cedd4aaac226f00a43bf853e,lib/immutable/list.rb,1595,1595,3190,48185,48170,6402,6407,timed_out,
Ruby,1000-3000,immutable-ruby-immutable-ruby,cce82625c0ca6f0d2f09f492b0b0372a5e4ebbc6,lib/immutable/vector.rb,1556,1556,3112,51111,51111,6543,6543,timed_out,
Ruby,1000-3000,immutable-ruby-immutable-ruby,ee9abcfe05b3a6cb222ae67c1c8cfbf89421342f,lib/immutable/sorted_set.rb,1492,1494,2986,46173,46203,6625,6627,timed_out,
Ruby,1000-3000,jeremyevans-erubi,5bbda878a26ad43c415fefb909875e16e779f413,test/test.rb,1064,1064,2128,22456,22464,3259,3259,timed_out,
Ruby,1000-3000,jeremyevans-erubi,f3c93cc46aa09396dafa9c422e06ec6ad22e0db2,test/test.rb,1223,1223,2446,26284,26346,3888,3924,timed_out,
Ruby,1000-3000,jeremyevans-sequel,746d3e0039af4699203dd046b4c4a2d27a2b4bbf,lib/sequel/adapters/shared/mssql.rb,1238,1238,2476,45306,45347,8128,8140,timed_out,
Ruby,1000-3000,jeremyevans-sequel,839bec6a457e83d12a3295106fce0b8519d3da58,spec/integration/dataset_test.rb,2361,2417,4778,103416,106020,46231,47491,timed_out,
Ruby,1000-3000,jnunemaker-httparty,3db7a4eb365bd08a169ba510172cfd12be830d1f,spec/httparty/request_spec.rb,1389,1390,2779,54710,54792,15305,15330,timed_out,
Ruby,1000-3000,jnunemaker-httparty,d7a65997fdb7084180029827ce820a8dae3fcd7f,spec/httparty/request_spec.rb,1538,1546,3084,60233,60621,16747,16877,timed_out,
Ruby,1000-3000,maik-xml-simple,7fed4f931845a51d11d84fa18f265f322d0872ad,lib/xmlsimple.rb,1034,1034,2068,30149,30090,6710,6687,timed_out,
Ruby,1000-3000,maik-xml-simple,c84f7d200fd4d940414d7396386ed0a39dbce1fd,lib/xmlsimple.rb,1062,1062,2124,31412,31412,6945,6945,timed_out,
Ruby,1000-3000,mikel-mail,2738cd92c29493a68084d948325406b926b3c6af,lib/mail/message.rb,2148,2148,4296,67213,67225,7026,7026,timed_out,
Ruby,1000-3000,mikel-mail,38b27ba0a786ed4f830847d4e797e452aa4a0b4a,lib/mail/message.rb,2139,2139,4278,67106,67106,7019,7019,timed_out,
Ruby,1000-3000,mikel-mail,38bd88f04b4868ded8ad7c4de1f411933734270b,spec/mail/message_spec.rb,2242,2242,4484,94569,94575,23176,23178,timed_out,
Ruby,1000-3000,mikel-mail,89f55e55877ef65e516cdff11336c8f488fff0af,lib/mail/message.rb,2156,2156,4312,67400,67432,7045,7053,timed_out,
Ruby,1000-3000,mikel-mail,9052e255a610fff59ff6214941d9e76c791b1272,lib/mail/message.rb,2152,2152,4304,67285,67300,7033,7039,timed_out,
Ruby,1000-3000,mikel-mail,a1aba7b991e3d465ab3c2063a3c7965de520f971,spec/mail/message_spec.rb,2329,2260,4589,97765,95262,24339,23388,timed_out,
Ruby,1000-3000,mikel-mail,a20fdd591bd5b1596983f5e1ee6ffed4e0b1f5f9,spec/mail/message_spec.rb,2242,2242,4484,94530,94554,23164,23176,timed_out,
Ruby,1000-3000,mikel-mail,a58bf11afe170524817889b92a55531901c9bc9e,spec/mail/message_spec.rb,2242,2242,4484,94559,94569,23176,23176,timed_out,
Ruby,1000-3000,mikel-mail,b1cce496858214ce9ded2ee529905f5853053b77,spec/mail/message_spec.rb,2240,2246,4486,94551,94623,23183,23185,timed_out,
Ruby,1000-3000,mikel-mail,c08d569105546aa2910dd7b03997b6bae2353ce4,spec/mail/message_spec.rb,2246,2242,4488,94625,94530,23186,23164,timed_out,
Ruby,1000-3000,nahi-httpclient,06070a4f4431758c64ba6d57cbc520bad3ee4d49,lib/httpclient/http.rb,1082,1082,2164,31381,31401,5391,5406,timed_out,
Ruby,1000-3000,nahi-httpclient,7d743bd73782f5c5bdc0622b2e8727acc7d8fcd3,test/test_httpclient.rb,2069,2070,4139,68849,68914,20694,20718,timed_out,
Ruby,1000-3000,nahi-httpclient,9c63b6e134225d4cab570fa1be7b595ee7db9252,test/test_httpclient.rb,2145,2146,4291,71370,71389,21243,21250,timed_out,
Ruby,1000-3000,nahi-httpclient,b40b9ed3b11425435cd0b0701ecaab2ba11339b4,lib/httpclient.rb,1322,1322,2644,44790,44813,5826,5854,timed_out,
Ruby,1000-3000,nahi-httpclient,c2d3f6e474f2f471b10874ac70a7514f7e061e4c,lib/httpclient/http.rb,1082,1082,2164,31379,31377,5388,5388,timed_out,
Ruby,1000-3000,oauth-xx-oauth2,8a2f84850e25600d058da2778af6b7b2cd6e538b,spec/oauth2/access_token_spec.rb,1135,1135,2270,36039,36031,8787,8787,timed_out,
Ruby,1000-3000,oauth-xx-oauth2,9112baa9787e8c2ddcdd2e863656d8f0c0a5cfc3,spec/oauth2/access_token_spec.rb,1135,1150,2285,36031,36487,8787,8892,timed_out,
Ruby,1000-3000,omniauth-omniauth,6f4cdb08f4741a0b3c83dfafd5f93e972be97c0e,spec/omniauth/strategy_spec.rb,1078,1108,2186,38475,39527,11357,11619,timed_out,
Ruby,1000-3000,panorama-ed-memo_wise,ddf5ca70d35737611186785e6e283fa0ae5ef7f4,spec/memo_wise_spec.rb,1014,1051,2065,35842,36727,7543,7715,timed_out,
Ruby,1000-3000,prawnpdf-prawn,be66ddd0a804a03f6d7979bc773ea0aad0e7ec29,spec/prawn/text/box_spec.rb,1134,1114,2248,34188,34143,8547,8629,timed_out,
Ruby,1000-3000,puma-puma,731b97d2a5c7838c9d736462e259e629655b00a1,lib/puma/dsl.rb,1489,1490,2979,48958,49027,4617,4618,timed_out,
Ruby,1000-3000,puppetlabs-puppet-resource_api,2eb46cf4b9036ded36e58225a99d03f469dfef51,spec/puppet/resource_api_spec.rb,2370,2370,4740,75654,75653,18485,18482,timed_out,
Ruby,1000-3000,puppetlabs-puppet-resource_api,4f997925d0293eab85b10cb6efe73e6ff925946f,spec/puppet/resource_api_spec.rb,2364,2364,4728,75639,75586,18517,18517,timed_out,
Ruby,1000-3000,puppetlabs-puppet-resource_api,51ade26edf840d67856fb87d87392f9aae864bd4,spec/puppet/resource_api_spec.rb,2368,2368,4736,75664,75684,18501,18519,timed_out,
Ruby,1000-3000,puppetlabs-puppet-resource_api,54fc228d05116f881e109c962a8e200ca0612efb,spec/puppet/resource_api_spec.rb,2366,2364,4730,75968,75938,18705,18703,timed_out,
Ruby,1000-3000,puppetlabs-puppet-resource_api,89a1612a7700defe705b14ac6393b91b6bd7277f,spec/puppet/resource_api_spec.rb,2333,2340,4673,75967,76144,18807,18838,timed_out,
Ruby,1000-3000,puppetlabs-puppet-resource_api,ef8605fcf1a22822e9dcdf4beaa81ce97b719123,spec/puppet/resource_api_spec.rb,2366,2366,4732,76186,76041,18848,18703,timed_out,
Ruby,1000-3000,rack-rack,6ed79d9a631b2a369ae956a9affb8d4e027662be,test/spec_request.rb,2040,2118,4158,70305,72852,20005,20503,timed_out,
Ruby,1000-3000,rails-marcel,6bf4d97a1d42233c9c61f9bde109527c9814bc50,lib/marcel/tables.rb,2765,2960,5725,152834,172825,49286,58406,timed_out,
Ruby,1000-3000,rails-marcel,85a6e2eabb9d1345274ff0de9ee8cbab558ab7c0,lib/marcel/tables.rb,2960,2962,5922,172848,172926,58423,58449,timed_out,
Ruby,1000-3000,rails-rails,b4dd3fa04273b78ef09fa4f93f6f5dfa5357d970,actionpack/test/dispatch/request_test.rb,1589,1606,3195,57687,58424,12765,12953,timed_out,
Ruby,1000-3000,rails-rails,e61b5e24e47becd0169d3b0e0ef2adfba1a09d1a,activerecord/lib/active_record/connection_adapters/postgresql_adapter.rb,1211,1215,2426,47428,47544,7814,7832,timed_out,
Ruby,1000-3000,rapid7-ruby_smb,7e8c8c89b71674399e16242326532e319c5db6f5,lib/ruby_smb/dcerpc/samr.rb,1020,1026,2046,50902,51207,5278,5287,timed_out,
Ruby,1000-3000,rspec-rspec,69f838717d598851252e4552147345db9747f9d2,rspec-core/spec/rspec/core/formatters/exception_presenter_spec.rb,999,1007,2006,37138,37500,6557,6651,timed_out,
Ruby,1000-3000,rspec-rspec,ed48f826375699063d1fc86d7073323f54d4349d,rspec-support/spec/rspec/support/method_signature_verifier_spec.rb,1136,1136,2272,44434,44473,11284,11290,timed_out,
Ruby,1000-3000,rspec-rspec-expectations,219d6c58fd61129969f6c30315e68f3293d035cc,spec/rspec/matchers/built_in/respond_to_spec.rb,1018,1083,2101,37524,40047,9430,9969,timed_out,
Ruby,1000-3000,rspec-rspec-expectations,81d3a5899ea5b0efccd14ae256cd09ada0b538a7,lib/rspec/matchers.rb,1044,1044,2088,40149,40139,2698,2698,timed_out,
Ruby,1000-3000,ruby-csv,be2189b64c0d6b06b9ac0c80572f98ad846d9752,lib/csv/parser.rb,1302,1302,2604,38147,38130,6532,6532,timed_out,
Ruby,1000-3000,ruby-date,545066ca28b2a6536e6d58a4e2bdb0653ec82caa,test/date/test_date_parse.rb,1323,1325,2648,62129,62177,27506,27525,timed_out,
Ruby,1000-3000,ruby-drb,b360d746f023c6955ee43563077df3c5f023b508,lib/drb/drb.rb,1943,1971,3914,59051,59637,7142,7252,timed_out,
Ruby,1000-3000,ruby-fileutils,48742e2921fe9ae94aa1c75d352ca81c54e6f480,lib/fileutils.rb,2695,2696,5391,81405,81429,10508,10509,timed_out,
Ruby,1000-3000,ruby-fileutils,5f7dc4f690cfe65bd41295807159b78218541c3b,lib/fileutils.rb,2694,2694,5388,81313,81313,10498,10498,timed_out,
Ruby,1000-3000,ruby-fileutils,b487f09eed3079d2eb049d06e880fa9336c61d4b,lib/fileutils.rb,2701,2701,5402,81778,81814,10583,10588,timed_out,
Ruby,1000-3000,ruby-json,672e26e3ee24d07a81d53fc49e9da3f876f034fa,lib/json/common.rb,1142,1143,2285,35371,35367,3997,3998,timed_out,
Ruby,1000-3000,ruby-ldap-ruby-net-ldap,8aaa96b552bcbd559ec6bd88846ccbba7b589db9,lib/net/ldap.rb,1326,1333,2659,54713,54924,3872,3895,timed_out,
Ruby,1000-3000,ruby-ldap-ruby-net-ldap,a752968ce628f27f7ce5ea1ae6dcfad3929804e6,lib/net/ldap.rb,1366,1366,2732,56301,56302,4048,4048,timed_out,
Ruby,1000-3000,ruby-net-ftp,1ddbf08a9cc10ef67c0221a6f9352cca012e551d,lib/net/ftp.rb,1580,1565,3145,45062,44672,7416,7375,timed_out,
Ruby,1000-3000,ruby-net-ftp,3b1c84b0caa3bda40476a3bbabeb1d8a234d25e6,lib/net/ftp.rb,1575,1580,3155,44945,45062,7404,7416,timed_out,
Ruby,1000-3000,ruby-net-http,09bf573dd5bd7111b56c57918c8a3a84b068309b,lib/net/http.rb,2583,2583,5166,88320,88398,7127,7146,timed_out,
Ruby,1000-3000,ruby-net-smtp,a0075eb8a74910bd05566f0a208589263bce7597,lib/net/smtp.rb,1164,1164,2328,36644,36644,4005,4005,timed_out,
Ruby,1000-3000,ruby-net-smtp,bf31db88659bc8462de5921ae7a7ccefd87d98e8,lib/net/smtp.rb,1195,1195,2390,36584,36584,4371,4371,timed_out,
Ruby,1000-3000,ruby-net-smtp,c02ce7965b00533dcafb523ebf418d596d302ab0,lib/net/smtp.rb,1135,1125,2260,35354,35093,3992,3969,timed_out,
Ruby,1000-3000,ruby-net-smtp,d8e0f4b6cdc10510fb2d0c28a1534256c497b47c,lib/net/smtp.rb,1146,1183,2329,34846,36208,4130,4354,timed_out,
Ruby,1000-3000,ruby-rbot-rbot,03d0839fa48fd9424b7a968986e96b7e69e84d25,lib/rbot/ircbot.rb,1418,1421,2839,47645,47758,10250,10264,timed_out,
Ruby,1000-3000,ruby-rbot-rbot,40601fa707c32c349b714abd35bfa9db1c20abe6,data/rbot/plugins/games/quiz.rb,1117,1117,2234,32986,32988,7916,7916,timed_out,
Ruby,1000-3000,ruby-rbot-rbot,40601fa707c32c349b714abd35bfa9db1c20abe6,lib/rbot/irc.rb,2038,2038,4076,56283,56287,9874,9874,timed_out,
Ruby,1000-3000,ruby-rbot-rbot,69128d9428f87b4b6555909e3899d9add756fff5,lib/rbot/ircbot.rb,1414,1414,2828,47793,47798,10276,10276,timed_out,
Ruby,1000-3000,ruby-rbot-rbot,9e30236e3a94b54aabb1fb03a0769dcd95647b9e,data/rbot/plugins/games/uno.rb,1303,1303,2606,37317,37319,9211,9211,timed_out,
Ruby,1000-3000,ruby-rbot-rbot,9e30236e3a94b54aabb1fb03a0769dcd95647b9e,lib/rbot/core/auth.rb,1083,1083,2166,36080,36082,9765,9765,timed_out,
Ruby,1000-3000,ruby-rbot-rbot,bfa60f1846df4cc8d1713c0143477fea791da87c,lib/rbot/ircbot.rb,1418,1418,2836,47645,47645,10250,10250,timed_out,
Ruby,1000-3000,ruby-rbot-rbot,c4e3c9178691e49a44240c07f78183d700f6cb25,lib/rbot/ircbot.rb,1418,1417,2835,47876,47884,10299,10300,timed_out,
Ruby,1000-3000,ruby-rbs,0b8ab6219c5bb3826d70b1a890367f9efee9917c,lib/rbs/types.rb,1594,1594,3188,37826,37758,9103,9052,timed_out,
Ruby,1000-3000,ruby-repl_type_completor,2351b1dd67e5cbe1bb36440e7b2311bb119b31de,lib/repl_type_completor/type_analyzer.rb,1196,1202,2398,45603,45766,10886,10930,timed_out,
Ruby,1000-3000,ruby-repl_type_completor,3f70c8445aa83237429c8961c94b32186f503a08,lib/repl_type_completor/type_analyzer.rb,1172,1178,2350,44590,44740,10677,10734,timed_out,
Ruby,1000-3000,ruby-repl_type_completor,7924ea501236dc5fcf0146c85fcfbd38e59552d4,lib/repl_type_completor/type_analyzer.rb,1178,1190,2368,44740,45367,10734,10837,timed_out,
Ruby,1000-3000,ruby-repl_type_completor,c45dcf1e040f27cc1b6474df183d8c0a1d8cdb15,lib/repl_type_completor/type_analyzer.rb,1190,1191,2381,45424,45476,10853,10866,timed_out,
Ruby,1000-3000,ruby-rss,0bdfb784404ebb52683b501a179086482ea508ff,lib/rss/rss.rb,1356,1356,2712,36179,36180,7144,7145,timed_out,
Ruby,1000-3000,ruby-rss,4b31a05c7379515bc2f8c536430aa34fa549fe2b,lib/rss/rss.rb,1356,1356,2712,36224,36235,7153,7155,timed_out,
Ruby,1000-3000,ruby-rss,7accfa3c3d87af45179fe98297346247b27c26ac,lib/rss/rss.rb,1370,1370,2740,36720,36748,7213,7213,timed_out,
Ruby,1000-3000,ruby-uri,af6714473c84aec556e0caa2645e900be89a70ba,lib/uri/generic.rb,1592,1592,3184,38389,38374,6030,6030,timed_out,
Ruby,1000-3000,ruby-zlib,e445cf3c807a322f40cf6596dc2ce69eceb663ed,test/zlib/test_zlib.rb,1535,1535,3070,43435,43415,13575,13569,timed_out,
Ruby,1000-3000,rubygems-rubygems,bb4d791cb44f6c481fb556c9ab55f7741f7135de,bundler/spec/commands/lock_spec.rb,2826,2876,5702,69810,70704,11611,11738,timed_out,
Ruby,1000-3000,sass-ruby-sass,161bcd71b8222516f7fd49f1832884c2c1fad016,test/sass/script_test.rb,1429,1429,2858,51535,51554,13545,13551,timed_out,
Ruby,1000-3000,sass-ruby-sass,3da4cb3de27ae9fddc087905820bed13d53a7851,test/sass/functions_test.rb,2021,2025,4046,87410,87652,17856,17860,timed_out,
Ruby,1000-3000,sass-ruby-sass,985227ff0161f59b5abdb5b186f8182e8db40324,lib/sass/script/functions.rb,2930,2920,5850,116405,116023,12261,12221,timed_out,
Ruby,1000-3000,sass-ruby-sass,fe81fa39b885ff34298bdf280846f9c6684e87dc,lib/sass/util.rb,1137,1137,2274,37887,37873,6206,6200,timed_out,
Ruby,1000-3000,sinatra-sinatra,025e8c5eada804b192199bf94c2361ef1c8691fe,test/helpers_test.rb,2053,2065,4118,52127,52431,13115,13195,timed_out,
Ruby,1000-3000,sinatra-sinatra,2c7f8db854a5b75fe08102983788548f8eb806b0,test/routing_test.rb,1666,1702,3368,39027,39828,10680,10876,timed_out,
Ruby,1000-3000,sinatra-sinatra,ea0d3fae36d8bba330c1d1f88ef1be2e9e54516a,test/routing_test.rb,1696,1702,3398,39560,39828,10832,10876,timed_out,
Ruby,1000-3000,thoughtbot-shoulda-matchers,5c79d3bb75730ebf6e2615713972cd9722b102e5,spec/unit/shoulda/matchers/active_record/define_enum_for_matcher_spec.rb,1494,1477,2971,54246,53919,8210,8130,timed_out,
Ruby,1000-3000,threedaymonk-htmlentities,3c2a09fa8c0f86dac4398b761df3b6148276b480,lib/htmlentities/mappings/expanded.rb,1073,1072,2145,85943,81861,9515,9513,timed_out,
Ruby,1000-3000,threedaymonk-htmlentities,cd69ae59789fd8f435a2a1ba3a18d65f0c496b74,lib/htmlentities/mappings/expanded.rb,1075,1074,2149,86122,86037,9533,9524,timed_out,
Ruby,1000-3000,topfunky-gruff,52f281c649d9831639d893c31a227fe68fe3249e,lib/gruff/base.rb,1184,1309,2493,36934,41409,5424,5608,timed_out,
Ruby,1000-3000,tzinfo-tzinfo,53f6eb269283973ff1cc95d1f11a7e5a983b9d09,test/data_sources/tc_zoneinfo_data_source.rb,1574,1574,3148,61279,61289,14546,14552,timed_out,
Ruby,1000-3000,tzinfo-tzinfo,9953fc092424d55deaea2dcdf6279943f3495724,test/data_sources/tc_zoneinfo_data_source.rb,1574,1574,3148,61283,61279,14546,14546,timed_out,
Ruby,1000-3000,tzinfo-tzinfo,eac33df8c336ef5ed9263fb4a0a12086a83b5ee3,test/data_sources/tc_zoneinfo_data_source.rb,1569,1574,3143,61329,61283,14580,14546,timed_out,
Ruby,1000-3000,tzinfo-tzinfo,eac33df8c336ef5ed9263fb4a0a12086a83b5ee3,test/tc_timezone.rb,1968,1970,3938,81804,81737,27316,27297,timed_out,
Ruby,1000-3000,tzinfo-tzinfo,f76bc7fc824a831a159f080ea2fdeade47dc1e38,test/data_sources/tc_zoneinfo_data_source.rb,1568,1569,3137,61274,61329,14566,14580,timed_out,
Ruby,1000-3000,tzinfo-tzinfo,f76bc7fc824a831a159f080ea2fdeade47dc1e38,test/tc_timestamp.rb,1306,1306,2612,52336,52338,15190,15190,timed_out,
Ruby,1000-3000,zdavatz-spreadsheet,10b5bc913b1089a7451d69945cf02864d330e374,lib/spreadsheet/excel/reader.rb,1310,1314,2624,58488,58662,6551,6616,timed_out,
Ruby,1000-3000,zdavatz-spreadsheet,af6206e5368121145b51a2d98466e10106625e7c,lib/spreadsheet/excel/reader.rb,1314,1314,2628,58570,58570,6574,6574,timed_out,
Ruby,1000-3000,zdavatz-spreadsheet,d1262ceb08c63801c434426ac4d9321e8da6b0c1,lib/spreadsheet/excel/reader.rb,1314,1310,2624,58570,58488,6574,6551,timed_out,
Ruby,30-100,ClosureTree-with_advisory_lock,71a34316b365a0f3be0e8a046db14289e69efc9c,test/test_helper.rb,52,59,111,1319,1774,317,434,ok,52.188524
Ruby,30-100,ClosureTree-with_advisory_lock,c28a172a5a64594448b6090501fc0b8cbace06f6,test/with_advisory_lock/transaction_test.rb,68,68,136,1993,1992,430,427,ok,187.43933700000002
Ruby,30-100,Mange-roadie,0699ce85fa55176b593dbc665e38f52f365cb635,spec/support/have_styling_matcher.rb,68,63,131,1579,1460,433,404,ok,128.060532
Ruby,30-100,Mange-roadie,9a12ab1cc98303972ee0e5c22130b52bc053fff4,spec/lib/roadie/markup_improver_spec.rb,79,80,159,2932,2945,768,768,ok,820.8304549999999
Ruby,30-100,Mange-roadie,9a12ab1cc98303972ee0e5c22130b52bc053fff4,spec/lib/roadie/url_rewriter_spec.rb,95,96,191,3354,3391,737,733,ok,694.190389
Ruby,30-100,Mange-roadie-rails,1f6f27a434bea396fb0c547876d48730b2b798d2,spec/integration_spec.rb,95,95,190,2853,2893,731,746,ok,551.848983
Ruby,30-100,Mange-roadie-rails,ba54b40b0847f012f44bba84e552c4b531176052,spec/integration_spec.rb,97,97,194,3038,3037,802,801,ok,615.823033
Ruby,30-100,ai-autoprefixer-rails,800de91c68b03cb98566584398d235bbdaf5a952,lib/autoprefixer-rails/railtie.rb,51,55,106,1235,1292,304,318,ok,116.325517
Ruby,30-100,ammar-regexp_parser,484fe0cc42564ca5ff4f18657a3efe09ca113a93,lib/regexp_parser/expression/base.rb,76,78,154,1948,1979,386,387,ok,139.25958
Ruby,30-100,ammar-regexp_parser,484fe0cc42564ca5ff4f18657a3efe09ca113a93,spec/parser/all_spec.rb,32,34,66,905,936,341,342,ok,78.300727
Ruby,30-100,ammar-regexp_parser,484fe0cc42564ca5ff4f18657a3efe09ca113a93,spec/parser/escapes_spec.rb,69,71,140,4356,4391,1388,1392,ok,974.743304
Ruby,30-100,ammar-regexp_parser,484fe0cc42564ca5ff4f18657a3efe09ca113a93,spec/parser/set/ranges_spec.rb,87,89,176,3505,3536,1376,1377,timed_out,
Ruby,30-100,ammar-regexp_parser,484fe0cc42564ca5ff4f18657a3efe09ca113a93,spec/scanner/groups_spec.rb,74,76,150,5805,5836,1688,1689,timed_out,
Ruby,30-100,ammar-regexp_parser,ecbedaabf002a3be7497727bb3f5c2fe6b1c244e,spec/scanner/escapes_spec.rb,89,99,188,6729,7428,1768,1877,timed_out,
Ruby,30-100,bcrypt-ruby-bcrypt-ruby,cf9bae41c926ab83e7aa6fa8669f9d0552727f78,lib/bcrypt/password.rb,96,98,194,3273,3378,374,376,ok,113.20629
Ruby,30-100,bdurand-lumberjack,0d364232104e18b8defcc39ad132817ea88a7ef2,spec/lumberjack/tag_formatter_spec.rb,53,66,119,2273,2905,865,1147,ok,876.603857
Ruby,30-100,bdurand-lumberjack,4ecfceb647079a3839ed5b4f97e05a181115b01e,lib/lumberjack/device.rb,57,57,114,1590,1589,135,135,ok,8.682831
Ruby,30-100,bdurand-lumberjack,9c5ac0e371afc3dd6d288c16906b887e3f049a3b,spec/spec_helper.rb,32,37,69,609,673,205,222,ok,18.012981
Ruby,30-100,bdurand-lumberjack,c5112f7b3fbf6b728c16f9052f2459ee0370f1d8,spec/lumberjack/device/log_file_spec.rb,38,52,90,1238,1636,381,486,ok,140.464204
Ruby,30-100,brianmario-charlock_holmes,e6bf7345ce1d72935342f6de7544975fc8016b58,ext/charlock_holmes/extconf.rb,52,78,130,1716,2468,339,468,ok,61.370485
Ruby,30-100,bryanp-llhttp,26160b82703a80cd80e3630f35fc74f8275faae9,mri/lib/llhttp/parser.rb,48,52,100,1458,1568,117,121,ok,7.835276
Ruby,30-100,cchandler-certificate_authority,fa18067ce520249f5039cbb7d211de0db3b712b4,lib/certificate_authority/certificate_revocation_list.rb,79,79,158,2418,2402,554,546,ok,368.347668
Ruby,30-100,copiousfreetime-hitimes,bf2d89d2e99cd67ca293c74e62e6e621cab8c4be,lib/hitimes/paths.rb,53,53,106,1565,1560,209,206,ok,34.652141
Ruby,30-100,copiousfreetime-launchy,bc36c559c62cb832979974c36914bb966e3a5fe4,lib/launchy/detect/nix_desktop_environment.rb,93,93,186,2577,2588,439,443,ok,177.528896
Ruby,30-100,crypto-rb-x25519,0f3bb431130f8bf8ebff9f8b0af82dd292990a20,spec/x25519_spec.rb,36,36,72,1174,1179,308,304,ok,80.412711
Ruby,30-100,cucumber-cucumber-rails,70bceb6c9e10c38bf067136a6f0303e7b2887086,features/support/cucumber_rails_setup_helper.rb,52,48,100,1839,1698,359,316,ok,100.931617
Ruby,30-100,cucumber-cucumber-rails,70bceb6c9e10c38bf067136a6f0303e7b2887086,spec/generators/cucumber/install_generator_spec.rb,79,77,156,2477,2421,567,553,ok,278.917963
Ruby,30-100,doudou-flexmock,0ee7f66145a227cd0238298358738c2bc004de14,lib/flexmock/test_unit_integration.rb,80,80,160,2019,2019,248,248,ok,48.062156
Ruby,30-100,dry-rb-dry-struct,3abc5188746bb700a69f413c6a1db23ae6f1d117,spec/integration/constructor_spec.rb,63,63,126,1380,1375,519,506,ok,223.018261
Ruby,30-100,e2-nenv,60afe589ea652c224698b6ffdbbf766577c82cda,spec/lib/nenv/environment/loader_spec.rb,59,59,118,1400,1396,490,488,ok,278.340584
Ruby,30-100,elastic-elasticsearch-ruby,19a34a8805881e2e05cc2ca4363de86f467f4dec,elasticsearch-api/lib/elasticsearch/api/actions/indices/delete.rb,97,97,194,5393,5400,352,352,ok,140.07617
Ruby,30-100,elastic-elasticsearch-ruby,1be20b70dce8d3edfd463bf40a4620390ee51b29,elasticsearch-api/lib/elasticsearch/api/actions/connector/sync_job_error.rb,84,83,167,4208,4193,311,310,ok,103.39882
Ruby,30-100,elastic-elasticsearch-ruby,1be20b70dce8d3edfd463bf40a4620390ee51b29,elasticsearch-api/lib/elasticsearch/api/actions/indices/get_all_sample_configuration.rb,69,68,137,3328,3313,185,184,ok,28.662183000000002
Ruby,30-100,evanphx-benchmark-ips,857a95fbbc9325e02dbda5c1be8e0cdacbc59aec,lib/benchmark/ips/share.rb,48,50,98,1021,1054,303,304,ok,97.320508
Ruby,30-100,fakefs-fakefs,7dbd62ff7a6185a1413fffb1a603714ca70c219b,lib/fakefs/fake/symlink.rb,36,36,72,697,654,179,178,ok,22.963835
Ruby,30-100,fbernier-tomlrb,1d15ec3ce7a2e8c7bab0744eee27a5adc7311679,lib/tomlrb/scanner.rb,92,92,184,3422,3367,1055,1055,timed_out,
Ruby,30-100,fbernier-tomlrb,3685056d43724fa83efa1cfcdef42401cbd720f0,lib/tomlrb/scanner.rb,94,94,188,3382,3421,1054,1055,timed_out,
Ruby,30-100,fbernier-tomlrb,9dfa65fcd324de9c402e58ae6b3673acb956dd38,lib/tomlrb/scanner.rb,58,79,137,1961,2677,640,867,ok,551.00369
Ruby,30-100,fbernier-tomlrb,e15d455fe7fa9ec639ee1ee054faacd44cdeb22a,lib/tomlrb/local_date_time.rb,39,39,78,1212,1182,260,245,ok,48.83134
Ruby,30-100,freerange-mocha,52ca0c555a65133c121f13aac04e44267bb9ff07,test/acceptance/mocha_test_result_test.rb,83,91,174,2289,2505,374,405,ok,96.85843399999999
Ruby,30-100,grosser-parallel,3a6989b85ebb292b6b5321a26839ba8a5c3765a1,spec/cases/profile_memory.rb,36,36,72,838,834,316,313,ok,54.445767
Ruby,30-100,gshutler-useragent,78d5e04da3bc43e7e9a6292ee0c02a98ca8d60e0,lib/user_agent/browsers/chrome.rb,73,75,148,1655,1735,379,408,ok,206.842614
Ruby,30-100,gshutler-useragent,86ee05f12136b1b0dafb9055a4bc37e7eec77ba7,spec/browsers/wechat_browser_user_agent_spec.rb,46,69,115,1840,2651,334,481,ok,89.120757
Ruby,30-100,gshutler-useragent,b7648de8df71f4e9cc348b73a3431194c0e3a1c1,lib/user_agent.rb,84,85,169,1876,1939,482,482,ok,163.393403
Ruby,30-100,guard-listen,2693d44a0783de6e267fb8fed40f002002b74d5a,lib/listen/file.rb,93,95,188,3079,3097,440,442,ok,178.350908
Ruby,30-100,guard-listen,306a8bcf4a95a075f84c11cf728e55cb39ac48b4,spec/lib/listen/adapter/polling_spec.rb,83,83,166,2270,2280,731,733,ok,493.97256899999996
Ruby,30-100,guard-listen,7b7a2f586d4363ec6e2e82c72732df92a1476d6e,lib/listen/adapter/windows.rb,96,96,192,2765,2774,526,528,ok,370.85171099999997
Ruby,30-100,guard-listen,7b7a2f586d4363ec6e2e82c72732df92a1476d6e,spec/lib/listen/adapter_spec.rb,69,69,138,2421,2437,729,729,ok,492.74518
Ruby,30-100,hashie-hashie,f152e25912d0b93ff08b8964eb757200ad4b6f32,lib/hashie/extensions/ignore_undeclared.rb,47,46,93,1469,1401,152,144,ok,23.397737
Ruby,30-100,igrigorik-em-websocket,4d6a9e1dbdaff6d7ae0b2b7ee812b4de4b5ec745,spec/integration/draft05_spec.rb,60,61,121,1327,1361,337,345,ok,94.039003
Ruby,30-100,igrigorik-em-websocket,ba1876e8440c8462f85c54897883d4032589c58b,lib/em-websocket/handler.rb,69,73,142,1550,1647,201,220,ok,39.336786
Ruby,30-100,immutable-ruby-immutable-ruby,a41a3b1d4294a11557a563645d7d061c413f36a1,spec/lib/immutable/list/merge_spec.rb,59,59,118,1373,1374,473,473,ok,225.85729600000002
Ruby,30-100,immutable-ruby-immutable-ruby,a41a3b1d4294a11557a563645d7d061c413f36a1,spec/lib/immutable/vector/maximum_spec.rb,33,33,66,793,794,296,296,ok,97.414893
Ruby,30-100,immutable-ruby-immutable-ruby,cce82625c0ca6f0d2f09f492b0b0372a5e4ebbc6,spec/lib/immutable/hash/assoc_spec.rb,51,51,102,1433,1433,481,481,ok,217.82326799999998
Ruby,30-100,immutable-ruby-immutable-ruby,cce82625c0ca6f0d2f09f492b0b0372a5e4ebbc6,spec/lib/immutable/hash/empty_spec.rb,43,43,86,1154,1154,355,355,ok,128.16932
Ruby,30-100,immutable-ruby-immutable-ruby,cce82625c0ca6f0d2f09f492b0b0372a5e4ebbc6,spec/lib/immutable/list/join_spec.rb,63,63,126,1460,1460,500,500,ok,305.325847
Ruby,30-100,immutable-ruby-immutable-ruby,cce82625c0ca6f0d2f09f492b0b0372a5e4ebbc6,spec/lib/immutable/list/one_spec.rb,49,49,98,1268,1268,354,354,ok,143.86246699999998
Ruby,30-100,immutable-ruby-immutable-ruby,cce82625c0ca6f0d2f09f492b0b0372a5e4ebbc6,spec/lib/immutable/list/rotate_spec.rb,36,36,72,1058,1058,382,382,ok,146.819939
Ruby,30-100,immutable-ruby-immutable-ruby,cce82625c0ca6f0d2f09f492b0b0372a5e4ebbc6,spec/lib/immutable/set/clear_spec.rb,33,33,66,728,728,240,240,ok,53.993892
Ruby,30-100,immutable-ruby-immutable-ruby,cce82625c0ca6f0d2f09f492b0b0372a5e4ebbc6,spec/lib/immutable/set/partition_spec.rb,52,52,104,1450,1450,518,518,ok,327.206741
Ruby,30-100,intridea-multi_json,5b546aca6662d1e8fef6ff3280012c73b086143f,spec/multi_json/adapters/oj_spec.rb,40,42,82,1032,1071,301,312,ok,66.244044
Ruby,30-100,janlelis-unicode-display_width,698ea9b0e8c56e3a4a2918628665f6c84f988080,lib/unicode/display_width/emoji_support.rb,43,42,85,1079,1073,140,135,ok,19.405725
Ruby,30-100,jfelchner-ruby-progressbar,1bcaca65ea948eb8e54f9005855eb541b732946b,spec/support/warning_filter.rb,31,31,62,520,522,161,161,ok,16.928395
Ruby,30-100,jmespath-jmespath.rb,e231141a6206b7b47c5aec4ec146bf4fcf2b64d7,lib/jmespath.rb,56,56,112,1712,1703,367,367,ok,77.623335
Ruby,30-100,jnunemaker-crack,bb3354103251cbfbdf878c779133e55031b6cbbc,test/string_test.rb,31,31,62,993,1057,272,312,ok,66.242569
Ruby,30-100,jnunemaker-httparty,894649d7c6fb3416f32ac260e4dc7ce3a0682f19,lib/httparty/exceptions.rb,62,62,124,1987,1988,201,201,ok,20.001952
Ruby,30-100,kirei-fpdns,c97dd1005ff42530b437a70bf2fd92dffce0b046,utils/rails_implementation/config/environments/production.rb,49,49,98,1759,1760,102,93,ok,3.141794
Ruby,30-100,macournoyer-thin,27d384be9c332de5ed1b636bc35a027f54cd1f94,lib/thin/rackup/handler.rb,31,33,64,852,882,216,223,ok,58.921271999999995
Ruby,30-100,macournoyer-thin,85b956cf1cf377e3e53911cd4e717f7392f7f818,lib/thin/version.rb,32,32,64,659,652,161,161,ok,18.553250000000002
Ruby,30-100,macournoyer-thin,da6ea7f931429bf906c236b15becb027df722d57,spec/perf/server_perf_spec.rb,39,39,78,1005,999,316,316,ok,83.60067000000001
Ruby,30-100,macournoyer-thin,da6ea7f931429bf906c236b15becb027df722d57,spec/rack/loader_spec.rb,42,42,84,1200,1224,351,403,ok,85.537505
Ruby,30-100,macournoyer-thin,dbf793af9b98e31c65068aa5dbcc64b4c2ae7565,lib/rack/handler/thin.rb,38,13,51,989,219,258,50,ok,7.409785
Ruby,30-100,masa16-narray,c56dc59527f0681dae7175b2fcab1fe534444f52,test/testmath.rb,48,48,96,831,840,392,396,ok,75.225774
Ruby,30-100,mbleigh-seed-fu,938a07706108de6c215e4375b1ed853d8d92440d,lib/seed-fu/runner.rb,65,62,127,1694,1593,433,400,ok,209.344967
Ruby,30-100,mikel-mail,38bd88f04b4868ded8ad7c4de1f411933734270b,spec/mail/fields/resent_cc_field_spec.rb,55,55,110,1954,1960,480,482,ok,206.73375
Ruby,30-100,mikel-mail,3d000d90bab6c38d2e4cdd1c11324f654c367917,lib/mail/multibyte/utils.rb,61,90,151,1686,2296,280,410,ok,105.867672
Ruby,30-100,mikel-mail,956a73eb7c191128facdffe3a766a331cd126242,lib/mail/network/delivery_methods/test_mailer.rb,44,44,88,1164,1160,117,117,ok,7.387232
Ruby,30-100,mmriis-simpleidn,e6c1cf2d95eb0b41a7bdca18e42a7516b96cee2d,spec/idn_spec.rb,59,59,118,1755,1802,431,513,ok,202.880193
Ruby,30-100,moneta-rb-moneta,0ad5e3b48ed53d3bdab192c1d9ec77e709924768,lib/moneta/transform.rb,84,85,169,2730,2809,270,271,ok,59.573646000000004
Ruby,30-100,moneta-rb-moneta,65869f5d101fe4fa8991e7ab2b291e5ab90f2857,spec/restserver.rb,55,44,99,1073,796,290,233,ok,40.119004
Ruby,30-100,moneta-rb-moneta,e7514db9e6166d12b421b11ec3b8671d4bf58b8a,spec/features/null.rb,66,66,132,2189,2168,779,827,ok,571.711775
Ruby,30-100,naitoh-rbpdf,f36237f8c50c2435e1f1d740e377a8de2cb15211,example/rails/app/controllers/example031_controller.rb,89,90,179,2660,2690,485,486,ok,185.710604
Ruby,30-100,njh-ruby-mqtt,271ee631f128e66732ece935e752f13970d4267b,examples/client_cert.rb,32,30,62,727,674,169,161,ok,7.736902000000001
Ruby,30-100,pat-combustion,a09d720ca23194ffd64e73b4e67bfe79de0a9f92,lib/combustion.rb,97,97,194,3059,3058,711,711,ok,430.913638
Ruby,30-100,piotrmurach-pastel,179690275c45468a79e3115d6b7b7c5fa4db113b,lib/pastel/decorator_chain.rb,48,48,96,835,849,153,153,ok,20.421473
Ruby,30-100,piotrmurach-pastel,afa4d4cf166a3042c02818338687d3d50e8499f1,spec/unit/new_spec.rb,63,63,126,1717,1729,620,620,ok,320.460531
Ruby,30-100,piotrmurach-tty-command,12a21abba642ca2cb07f7bb728e44f08982d1250,spec/unit/pty_spec.rb,62,62,124,1836,1836,670,670,ok,322.27099300000003
Ruby,30-100,piotrmurach-tty-file,cd48cf902041269cf1f28d0b4c21223b3419c96e,lib/tty/file/compare_files.rb,72,70,142,2154,2106,542,536,ok,621.8053540000001
Ruby,30-100,piotrmurach-tty-prompt,76f869a52b1798b36cba6e28764f72c50a06c1e0,lib/tty/prompt/test.rb,36,36,72,704,700,159,156,ok,30.97336
Ruby,30-100,piotrmurach-tty-prompt,93413ca03fd7e0585ec586f7e0093cd4a7aa63b9,spec/unit/selected_choices_spec.rb,73,73,146,1784,1783,813,813,ok,523.714934
Ruby,30-100,ponty-pyscreenshot,a231b96d0efd989b67e8970355308cf551951e2a,Vagrantfile.lubuntu.20.04.rb,87,88,175,3499,3572,216,237,ok,33.669062
Ruby,30-100,prawnpdf-prawn,0b0ce5002e33def20e194698220eee6aa88dd560,manual/graphics/helper.rb,34,41,75,922,997,149,137,ok,7.737319
Ruby,30-100,prawnpdf-prawn,0b0ce5002e33def20e194698220eee6aa88dd560,manual/text/color.rb,24,31,55,588,621,132,126,ok,5.6420699999999995
Ruby,30-100,prawnpdf-prawn,be66ddd0a804a03f6d7979bc773ea0aad0e7ec29,manual/outline/sections_and_pages.rb,74,74,148,2543,2545,301,305,ok,78.06598600000001
Ruby,30-100,prawnpdf-ttfunk,04776ceb0b2e79045f7ba9824a71d3498153c53b,lib/ttfunk/table/loca.rb,43,43,86,1077,1082,245,245,ok,63.349401
Ruby,30-100,prawnpdf-ttfunk,e8516116b2950a59b8fa8ea7b781eae3b5204f85,lib/ttfunk/table/cff/one_based_index.rb,35,44,79,646,991,121,130,ok,13.231439
Ruby,30-100,puppetlabs-facter,3bda38c9cd11a7f24f63fa59e044b09900eeb87e,lib/facter/util/facts/posix/virtual_detector.rb,74,80,154,2131,2348,400,440,ok,360.43753200000003
Ruby,30-100,puppetlabs-puppet-resource_api,f4fab3daae9028e14854935ac30c8ae015df22b3,spec/puppet/resource_api/read_only_parameter_spec.rb,45,45,90,1665,1661,450,450,ok,151.439955
Ruby,30-100,puppetlabs-puppet-resource_api,f4fab3daae9028e14854935ac30c8ae015df22b3,spec/puppet/util/network_device/simple/device_spec.rb,54,54,108,1513,1511,408,408,ok,149.61649599999998
Ruby,30-100,puppetlabs-r10k,cbcd985b711d73d89a0d9c601c02a5bf893dcfa4,integration/pre-suite/10_git_config.rb,48,45,93,1860,1809,484,471,ok,76.424324
Ruby,30-100,puppetlabs-r10k,d2268dc470924fc0a773aeeabf37816426937231,integration/tests/i18n/deploy_module_with_unicode_in_file_name.rb,64,65,129,2427,2510,548,549,ok,129.839422
Ruby,30-100,puppetlabs-ruby-hocon,7bb686eed4cf957dc0ea3c6ac7d46a1c2d49371f,lib/hocon/config_error.rb,67,67,134,1749,1761,414,414,ok,119.232091
Ruby,30-100,qoobaa-magic,42494c5526bbcc86a9e9342bd60ccb4cc1dcfee8,lib/magic.rb,45,69,114,883,1706,227,230,ok,26.710418999999998
Ruby,30-100,rack-rack-test,4fa741f1e4eee0e0f3cf5dd4c6e67a40d304d4e3,spec/rack/test/uploaded_file_spec.rb,93,89,182,2975,2801,718,739,ok,459.75578700000005
Ruby,30-100,rails-propshaft,00b43edcda1da7cf229b11ab6a71c6efccbe48cd,lib/propshaft/railtie.rb,83,82,165,3199,3179,835,828,ok,693.7987009999999
Ruby,30-100,rails-propshaft,fad626fdd46117b9381c0e3763fe0023ec6f60f2,lib/propshaft/railtie.rb,84,84,168,3366,3369,870,870,ok,746.3888370000001
Ruby,30-100,rails-sprockets,df972cff6c295710a6595f9ec5ca84ab789eadd8,lib/sprockets/manifest_utils.rb,47,47,94,1643,1690,189,201,ok,24.900047
Ruby,30-100,rails-web-console,02f51e1818f5872e13a96b88f77f76c91de28649,test/web_console/request_test.rb,68,68,136,1975,1951,486,486,ok,201.430623
Ruby,30-100,rapid7-network_interface,de2e2f6351fe6ac80032cc030b0ff0180f8ddf83,spec/netiface_spec.rb,48,48,96,1834,1863,444,485,ok,323.05695699999995
Ruby,30-100,rouge-ruby-rouge,a4ca56cb433e212eaa18de343d19a859cab56de9,lib/rouge/lexers/isbl.rb,96,61,157,2692,1704,675,440,ok,358.982793
Ruby,30-100,ruby-concurrency-ref,029c1e1e6e1ba5a1a9ee8efe4b878055d1a6825b,lib/ref/weak_reference/pure_ruby.rb,99,81,180,3701,3071,514,395,ok,233.14328
Ruby,30-100,ruby-oembed-ruby-oembed,89a9bb78655726fadebdd9342deb00cffd6a7200,lib/oembed/providers/instagram.rb,41,43,84,1233,1275,189,194,ok,32.708209000000004
Ruby,30-100,ruby-rbot-rbot,56e4713c5c0498838ed77a409e44fbc3251acde2,data/rbot/plugins/chucknorris.rb,74,74,148,2134,2129,517,514,ok,227.348973
Ruby,30-100,ruby-sync,2baa452236e650c9073c29df771c64e96fe7ac67,test/thread/test_sync.rb,68,69,137,1306,1390,381,395,ok,108.68634200000001
Ruby,30-100,skk-dev-skktools,2945d33a92f7d5d7be229b25cea4ad6c91dc9ea4,convert2skk/canna2skk.rb,53,53,106,1582,1563,159,160,ok,13.169694
Ruby,30-100,socketry-async-rspec,cf529025a0088084d44337a912606b844af016e9,spec/async/rspec/reactor_spec.rb,62,64,126,1983,1993,282,285,ok,58.627494
Ruby,30-100,socketry-http-accept,0ac1ae3cc207a603a4f75ddab7aab7ee73a74296,spec/http/frozen_spec.rb,62,62,124,2368,2378,341,342,ok,84.264396
Ruby,30-100,socketry-http-accept,c86b85ca050b5cd1ec59c8ed227c0e695fb33071,spec/http/quoted_string_spec.rb,33,31,64,1454,1412,104,95,ok,3.340815
Ruby,30-100,socketry-io-endpoint,26d43c8101c32f02f10d140efdbe6e23a4a931a1,test/io/endpoint/host_endpoint.rb,70,70,140,1858,1863,538,538,ok,253.74929400000002
Ruby,30-100,socketry-io-endpoint,35649c7b594cf8467fbd453424aca34cb278f0c3,lib/io/endpoint/unix_endpoint.rb,55,59,114,1514,1561,239,252,ok,44.045790000000004
Ruby,30-100,socketry-localhost,758c20fc7bb38bcb3b586d225b7e948576e45490,test/localhost/protocol.rb,71,73,144,1848,1927,441,451,ok,112.373829
Ruby,30-100,socketry-localhost,ed795568e590288ba7abbf563369ece6c755b9ee,test/localhost/protocol.rb,66,67,133,1864,1822,452,434,ok,112.74825600000001
Ruby,30-100,socketry-metrics,156c1a92238a930f34d80872977efcc1250a0aeb,lib/metrics/backend/capture.rb,67,65,132,1205,1180,282,278,ok,90.80988099999999
Ruby,30-100,socketry-metrics,156c1a92238a930f34d80872977efcc1250a0aeb,lib/metrics/backend/console.rb,36,36,72,768,768,147,147,ok,19.16772
Ruby,30-100,socketry-multipart-post,b03a6b76ee64bba9bd3a6df5cce5ce6b28e3cfa0,lib/multipart/post/composite_read_io.rb,78,73,151,2695,2120,265,260,ok,86.838408
Ruby,30-100,socketry-rspec-files,677ad64c51627b009936e45772734105329579f2,lib/rspec/files/leaks.rb,58,94,152,2028,2656,232,399,ok,97.370971
Ruby,30-100,socketry-rspec-files,8993845b304679b07c20234d5b9ee49d2ecfe82b,spec/rspec/files/leaks_spec.rb,62,48,110,1926,939,256,241,ok,33.935030999999995
Ruby,30-100,socketry-sus,05168ff082af8fb95f1a4f74c6bbaf35e3eaffa5,test/sus/identity.rb,68,68,136,1527,1527,460,460,ok,164.100847
Ruby,30-100,socketry-sus-fixtures-async,72a0fae401f60aa907baa1f5dd602a2ea937c653,test/sus/fixtures/async/reactor_context.rb,29,59,88,645,1062,170,310,ok,36.866088
Ruby,30-100,socketry-timers,340e72409780e87cc8d66c248d4bf2eb7f718243,spec/timers/priority_heap_spec.rb,98,98,196,3190,3145,643,613,ok,348.468073
Ruby,30-100,svenfuchs-test_declarative,c5249a9f6c4f19b74b33599d429ebe0b5242f763,test/test_declarative_test.rb,17,44,61,512,1000,161,252,ok,23.533427
Ruby,30-100,thoughtbot-shoulda-matchers,61c5ec5c8064bd4f32ad039c0f98ec40ade66ed8,lib/shoulda/matchers/action_controller/route_params.rb,62,62,124,1410,1411,282,282,ok,101.524455
Ruby,30-100,thoughtbot-shoulda-matchers,9069b5994ac0a2fdc48017d92b582e92d52e7aa8,spec/support/unit/record_with_unrelated_error_builder.rb,90,90,180,1769,1674,275,270,ok,53.182933
Ruby,30-100,tj-terminal-table,50444a5448151fd781e852c6daaa2a559e603ef0,lib/terminal-table/separator.rb,59,59,118,2093,2124,328,322,ok,155.973636
Ruby,30-100,toretore-barby,1634331ea0d523608cc0667133da40512384ae44,lib/barby/outputter/html_outputter.rb,93,93,186,2202,2190,283,271,ok,52.140308000000005
Ruby,30-100,toshia-diva,d82c0d12666b34e852e32f8bb01df1b7b300e2ad,lib/diva/field_generator.rb,31,35,66,841,962,217,249,ok,27.222076
Ruby,30-100,upserve-docker-api,8c9cb3cb2d69516ad8189f136cc848f6861c3bd9,lib/docker/volume.rb,39,44,83,1098,1175,332,358,ok,96.374837
Ruby,30-100,upserve-docker-api,bb7427eac57fcf65f1e5b4d0d7402b2a838fd00a,lib/docker/network.rb,83,83,166,2218,2228,710,710,ok,538.4565580000001
Ruby,30-100,varvet-pundit,34232fec80a62058ee61330ea86c6e2711d30f1f,lib/pundit/cache_store/null_store.rb,27,30,57,600,666,56,59,ok,1.674969
Ruby,30-100,wardencommunity-warden,58bcc6f0beb58764b2f07bebd46e919feb16a291,lib/warden/mixins/common.rb,45,45,90,1289,1289,118,118,ok,12.592502999999999
Ruby,30-100,wardencommunity-warden,749e57e7b31a5fb4361bf8844f644a15e9dba619,spec/warden/session_serializer_spec.rb,53,53,106,1578,1647,467,537,ok,170.444491
Ruby,30-100,yaauie-cliver,a5c026834543da934a42997739dd1024d5c66420,lib/cliver.rb,84,85,169,3228,3259,443,450,ok,119.69297499999999
Ruby,300-1000,JEG2-highline,182bfc1d5fc639bb2367c7a1ad9a40480b2551f2,lib/highline/menu.rb,576,578,1154,19517,19426,1999,2003,timed_out,
Ruby,300-1000,ajaiantilal-i7z,9edc1d0e97dbaf688d6d16898e85a9bb1a5feea7,i7z_rw_registers.rb,382,403,785,11619,12279,2383,2495,timed_out,
Ruby,300-1000,bdurand-lumberjack,1dc52639b289295240acd60a243831c53ee337dd,lib/lumberjack/logger.rb,503,503,1006,17417,17421,2302,2305,timed_out,
Ruby,300-1000,bdurand-lumberjack,4e97e0ede036409881497a355a8fdae8ceca0626,spec/lumberjack/logger_spec.rb,618,610,1228,23659,23316,7110,6997,timed_out,
Ruby,300-1000,bdurand-lumberjack,b63e312968a01d833aa7719b38e4fcd3b0d429ad,spec/lumberjack/logger_spec.rb,620,625,1245,23571,23742,7053,7100,timed_out,
Ruby,300-1000,bdurand-lumberjack,df0ebd529b289474fc904e417f842611a38afcf8,lib/lumberjack/logger.rb,737,737,1474,26587,26541,2920,2917,timed_out,
Ruby,300-1000,brandur-json_schema,b9af415199191136fe8a1a48282808805171c0b2,lib/json_schema/parser.rb,383,385,768,13497,13552,3222,3223,timed_out,
Ruby,300-1000,bwalex-tc-play,e9be54f33f650c5b72d96db522a1f5bb731b1f98,test/features/step_definitions/libtcplay_steps.rb,227,321,548,7735,10902,2495,3112,timed_out,
Ruby,300-1000,evanphx-benchmark-ips,0816c904e95d15ad40f887b7fe00bf71984ab95a,lib/benchmark/ips/job.rb,404,407,811,12297,12552,1703,1717,timed_out,
Ruby,300-1000,fbernier-tomlrb,8db4d412f006d86f6cabbbaec2a46221a3768a27,lib/tomlrb/generated_parser.rb,808,808,1616,20323,20320,4298,4303,timed_out,
Ruby,300-1000,fbernier-tomlrb,b566f78f6af00719ec18d8b84f9226aeb94a943e,lib/tomlrb/generated_parser.rb,821,785,1606,20817,19722,4321,4129,timed_out,
Ruby,300-1000,feed2imap-ruby-feedparser,afc1756db77f397865c77b81f917ab27ed387cba,lib/feedparser/feedparser.rb,415,414,829,12592,12600,3699,3699,timed_out,
Ruby,300-1000,hashicorp-vagrant_cloud,abc4d07b99f1265907d2755a0d51b081097c9a7e,lib/vagrant_cloud/client.rb,547,556,1103,19963,20285,3088,3126,timed_out,
Ruby,300-1000,igrigorik-em-websocket,63eb63abf57de8e66b88adfe28d6683acb3ad515,lib/em-websocket/connection.rb,308,312,620,10034,10176,1318,1357,timed_out,
Ruby,300-1000,igrigorik-em-websocket,63eb63abf57de8e66b88adfe28d6683acb3ad515,spec/integration/draft03_spec.rb,299,301,600,7281,7441,1389,1445,timed_out,
Ruby,300-1000,igrigorik-em-websocket,d6758b550e8bf3a9d930e04fad0f933526929021,lib/em-websocket/connection.rb,312,308,620,10176,10037,1357,1320,timed_out,
Ruby,300-1000,immutable-ruby-immutable-ruby,802d32282288fe6e9a8925243acdf00e8c98b016,lib/immutable/deque.rb,284,302,586,8102,8505,1017,1195,timed_out,
Ruby,300-1000,janko-image_processing,8c85ad9252052f748f517ea61fdb61f2d6e403a5,test/mini_magick_test.rb,545,601,1146,19562,21799,5488,5947,timed_out,
Ruby,300-1000,janko-image_processing,9d72e46bce6546f3e5344c810bdcd62cfc07328c,test/mini_magick_test.rb,601,601,1202,21799,21929,5947,5947,timed_out,
Ruby,300-1000,janko-image_processing,9d72e46bce6546f3e5344c810bdcd62cfc07328c,test/vips_test.rb,501,501,1002,18460,18620,4753,4753,timed_out,
Ruby,300-1000,janlelis-unicode-display_width,dc64170c3b89cc95b0254af97aaeec9c92dd52a8,spec/display_width_spec.rb,367,377,744,12219,13049,3655,3932,timed_out,
Ruby,300-1000,janlelis-unicode-emoji,6ed7c5a4c6097615ad9daa3a6a5ea1b2efaa0a6d,spec/unicode_emoji_spec.rb,639,705,1344,22438,24814,4298,4725,timed_out,
Ruby,300-1000,jeremyevans-erubi,602ab7dedff9e2f4b9dac297f2176fc48b5f21cf,test/test.rb,882,929,1811,19045,19936,3004,3075,timed_out,
Ruby,300-1000,jeremyevans-ruby-warning,f1b697e3cda4b02b6ca72127484977def899d104,test/test_warning.rb,646,664,1310,16139,16648,3453,3546,timed_out,
Ruby,300-1000,jeremyevans-tilt,0134c333a6ab5332e543f8deb04cac3c520eb046,test/tilt_template_test.rb,561,598,1159,18122,19726,4869,5299,timed_out,
Ruby,300-1000,jgarber-redcloth,2f6dab4d6aea5cee778d2f37a135637fe3f1573c,lib/redcloth/formatters/html.rb,345,349,694,6908,7019,2633,2666,timed_out,
Ruby,300-1000,jmespath-jmespath.rb,5703438bfbe126709f146f71bf653f2eb3e41367,lib/jmespath/nodes/function.rb,591,599,1190,16464,17430,3441,3652,timed_out,
Ruby,300-1000,jmespath-jmespath.rb,9e861c736ef88ee99cdd5910f59c9e6c5d5e607a,lib/jmespath/lexer.rb,387,385,772,11042,10792,2442,2432,timed_out,
Ruby,300-1000,jnunemaker-crack,d1067125dc948aeb0b8a8e1029df29da58e81920,test/xml_test.rb,499,509,1008,16036,16287,3250,3297,timed_out,
Ruby,300-1000,liufengyun-hashdiff,3a8ce951455cc6c3e42b6ce6587b02d16cbdbed9,spec/hashdiff/diff_spec.rb,355,355,710,11988,11988,5568,5568,timed_out,
Ruby,300-1000,masa16-narray,42fe01ae6f188c1939f36c387de5e5391ce23760,lib/narray_ext.rb,333,347,680,6741,6987,2557,2629,timed_out,
Ruby,300-1000,mhib-pairing_heap,851b6d10ef7b611902b3cf8339ca80bffcb58082,lib/pairing_heap.rb,503,533,1036,13383,14036,1979,2075,timed_out,
Ruby,300-1000,mikel-mail,38bd88f04b4868ded8ad7c4de1f411933734270b,spec/mail/field_spec.rb,349,349,698,14447,14453,3975,3977,timed_out,
Ruby,300-1000,mikel-mail,3d000d90bab6c38d2e4cdd1c11324f654c367917,lib/mail/multibyte/chars.rb,476,461,937,18114,17599,2512,2453,timed_out,
Ruby,300-1000,mikel-mail,8dd1655dc4628e34d9d654a1526bac7cd9513252,lib/mail/parsers/date_time_parser.rb,890,894,1784,29384,29432,10291,10297,timed_out,
Ruby,300-1000,mislav-will_paginate,bbfb3e538f866cc46f4e9c6bed0552daebc7295b,spec/view_helpers/action_view_spec.rb,481,481,962,13656,13742,3240,3391,timed_out,
Ruby,300-1000,mislav-will_paginate,dc3a25faf91a00e0f9e38233c3810f4d51844f0e,spec/finders/active_record_spec.rb,424,424,848,13325,13326,3656,3661,timed_out,
Ruby,300-1000,moneta-rb-moneta,6f58307ca923dc54460abd5e7565e3524d1f4744,lib/moneta/adapters/activerecord.rb,317,315,632,10137,10083,2308,2305,timed_out,
Ruby,300-1000,monora-stream,1addd95cf28540d02c7801b6a03071b7f3771770,lib/stream.rb,768,768,1536,20250,20250,1921,1921,timed_out,
Ruby,300-1000,moumar-ruby-mp3info,bf9424a7ff73198340132a86e90216dbc67b20c4,lib/mp3info.rb,718,719,1437,22328,22361,5223,5233,timed_out,
Ruby,300-1000,moumar-ruby-mp3info,d1ad01dac4be048eb8480b99c8aae966d0cd76aa,lib/mp3info/id3v2.rb,604,604,1208,18987,18994,4583,4591,timed_out,
Ruby,300-1000,nahi-httpclient,06070a4f4431758c64ba6d57cbc520bad3ee4d49,test/test_auth.rb,496,496,992,19802,19862,4690,4735,timed_out,
Ruby,300-1000,nahi-httpclient,794e582c189d090bdbf6b1b55e3c63d5c12483ce,lib/httpclient/jruby_ssl_socket.rb,557,562,1119,16000,16239,3524,3573,timed_out,
Ruby,300-1000,nahi-httpclient,8c1cf677fa472789abb2e24edcb506091dc0ea5b,lib/httpclient/jruby_ssl_socket.rb,588,592,1180,16841,16984,3728,3767,timed_out,
Ruby,300-1000,nahi-httpclient,c32e243c45f9f5849a3333987f68ca7210c28df9,lib/httpclient/session.rb,941,954,1895,23957,24592,4697,4764,timed_out,
Ruby,300-1000,naitoh-rbpdf,f36237f8c50c2435e1f1d740e377a8de2cb15211,example/rails/app/controllers/example048_controller.rb,299,300,599,9310,9340,561,562,ok,237.674144
Ruby,300-1000,naitoh-rbpdf,f36237f8c50c2435e1f1d740e377a8de2cb15211,test/rbpdf_test.rb,375,376,751,10203,10233,3217,3218,timed_out,
Ruby,300-1000,net-ssh-net-sftp,1126977fcf61dd75745190e56118691bb106c0de,lib/net/sftp/session.rb,952,952,1904,39265,39311,3335,3355,timed_out,
Ruby,300-1000,njh-ruby-mqtt,878639e85827aa25688e9c4ef1511d393549dcfa,spec/mqtt_client_spec.rb,966,979,1945,34105,34529,9622,9761,timed_out,
Ruby,300-1000,njh-ruby-mqtt,bd163ed8bec3d0242b40fba33413bbb7cade1100,lib/mqtt/client.rb,575,617,1192,16844,17632,2596,2763,timed_out,
Ruby,300-1000,octokit-octokit.rb,3b30724efb9ebf3066630c1792d6fb9ee28f20a7,spec/octokit/client/repositories_spec.rb,624,627,1251,23189,23312,5103,5134,timed_out,
Ruby,300-1000,octokit-octokit.rb,843ea2031e102db1c405398fa1cd6a797239493d,spec/octokit/client/repositories_spec.rb,612,646,1258,22642,24113,5026,5304,timed_out,
Ruby,300-1000,octokit-octokit.rb,b1f88125298a8ddb928de207726269461b6e3464,spec/octokit/client/apps_spec.rb,428,436,864,15665,15930,3186,3252,timed_out,
Ruby,300-1000,octokit-octokit.rb,bbbe982e8ad49efa5e0d98e88c0340e839aa4248,spec/octokit/client/repositories_spec.rb,612,622,1234,22642,23107,5026,5095,timed_out,
Ruby,300-1000,omniauth-omniauth,263241968a6903f19e3f18cee2459a321b2bbd8e,lib/omniauth/strategy.rb,572,572,1144,18166,18168,3271,3271,timed_out,
Ruby,300-1000,omniauth-omniauth,3a249afad83e4522bd4761404cbdc89fd56a1079,lib/omniauth/strategy.rb,574,580,1154,18192,18426,3275,3329,timed_out,
Ruby,300-1000,piotrmurach-tty-file,88e968f415bb396d8d4875a49a49baccac7d86af,lib/tty/file.rb,830,850,1680,25276,25948,4240,4417,timed_out,
Ruby,300-1000,piotrmurach-tty-reader,cc38eadf888ac179a77d72c21ebda987cfea3aca,lib/tty/reader/line.rb,261,322,583,5411,7120,822,1030,timed_out,
Ruby,300-1000,piotrmurach-tty-screen,f2b07f4de9469d03b131de40b4c09f18c9b0d954,lib/tty/screen.rb,337,352,689,9071,9466,1772,1794,timed_out,
Ruby,300-1000,prawnpdf-pdf-core,f44e621c7dce432fb2d0ac71153a58d2820c3dc8,lib/pdf/core/text.rb,360,418,778,11224,12675,1318,1558,timed_out,
Ruby,300-1000,prawnpdf-prawn,528a37d7152b378d5e20118988876d77c318c9dd,lib/prawn/font.rb,455,479,934,14283,14883,1792,1842,timed_out,
Ruby,300-1000,prawnpdf-prawn,8a3c911dff98db4914ffc4cf42f18b71dc2d6c17,lib/prawn/images/png.rb,332,334,666,9585,9639,1568,1585,timed_out,
Ruby,300-1000,prawnpdf-prawn,be66ddd0a804a03f6d7979bc773ea0aad0e7ec29,spec/prawn/text/formatted/parser_spec.rb,733,730,1463,17432,17461,4781,4829,timed_out,
Ruby,300-1000,premailer-css_parser,45155dc41500bcb9028cee1a10c2d25d46d87007,lib/css_parser/parser.rb,682,684,1366,22509,22475,4260,4260,timed_out,
Ruby,300-1000,pry-pry,0b01b5cd2b0712a1fcd4ac81ec24b69a56811e23,lib/pry/repl.rb,313,319,632,9658,9870,1488,1516,timed_out,
Ruby,300-1000,pry-pry,57b077e030f8433bcb42ee94a24910ae0587db08,spec/pry_defaults_spec.rb,456,456,912,14235,14269,4416,4413,timed_out,
Ruby,300-1000,puppetlabs-facter,430d5491c8889034ab60a3a11128ea1c67a0d9aa,spec/facter/util/facts/posix/virtual_detector_spec.rb,286,312,598,11728,13415,4214,4843,timed_out,
Ruby,300-1000,puppetlabs-puppet-resource_api,34d001cb70a50e25ab8b4f0debceeb044d12b0af,spec/puppet/resource_api/simple_provider_spec.rb,591,647,1238,20067,21847,6671,7301,timed_out,
Ruby,300-1000,puppetlabs-puppet-resource_api,611e10972c620ffb9f843b0071b5a4daef81717a,spec/puppet/resource_api/data_type_handling_spec.rb,412,412,824,12466,12431,4033,4013,timed_out,
Ruby,300-1000,puppetlabs-puppet-resource_api,a7372ec608d38160bbcb7449b717f59b8f8967c3,spec/puppet/resource_api/data_type_handling_spec.rb,412,412,824,12515,12495,4071,4051,timed_out,
Ruby,300-1000,puppetlabs-ruby-hocon,7bb686eed4cf957dc0ea3c6ac7d46a1c2d49371f,lib/hocon/impl/simple_config_object.rb,581,581,1162,14956,15061,3231,3231,timed_out,
Ruby,300-1000,rack-rack-cache,0077ef9e8e7d7e6ec5b460ba808076f977aaf673,lib/rack/cache/meta_store.rb,445,445,890,12792,12788,2389,2389,timed_out,
Ruby,300-1000,rack-rack-session,abb6b624106ef6cee5a6a13083087da22236f277,lib/rack/session/abstract/id.rb,533,534,1067,15382,15466,2408,2425,timed_out,
Ruby,300-1000,rails-globalid,26cdc63fec8636b95ab947f2dd6311252ea944a6,test/cases/global_locator_test.rb,435,435,870,15383,15384,4332,4332,timed_out,
Ruby,300-1000,rails-globalid,6016b0e7f5d291fe1e9e49cd3d6b005347b0d754,test/cases/global_locator_test.rb,388,389,777,13834,13779,3967,3941,timed_out,
Ruby,300-1000,rails-sprockets,4795c175c83d588571aba53c63246c914ddce280,lib/sprockets/server.rb,295,305,600,9097,9490,1853,1900,timed_out,
Ruby,300-1000,rails-sprockets,4795c175c83d588571aba53c63246c914ddce280,test/test_server.rb,348,358,706,11197,11640,2581,2648,timed_out,
Ruby,300-1000,rails-sprockets,9369c4c3eeac502149ecf4c5d0fbe26aa0a99eb1,lib/sprockets/manifest.rb,338,338,676,10050,10051,1595,1595,timed_out,
Ruby,300-1000,rails-sprockets,9369c4c3eeac502149ecf4c5d0fbe26aa0a99eb1,test/test_manifest.rb,712,712,1424,24580,24580,7811,7811,timed_out,
Ruby,300-1000,rails-sprockets-rails,2506ef0d8110e56f8453f7d5a90aa9f7da9d6a33,lib/sprockets/rails/helper.rb,369,369,738,12631,12633,1986,1987,timed_out,
Ruby,300-1000,rails-sprockets-rails,af647983b6fcb265276f184f037ede929ee99bf1,test/test_railtie.rb,346,354,700,9249,9538,2195,2294,timed_out,
Ruby,300-1000,rails-thor,3a9e1dceca216bd86b78bbd977a4c982a5c66111,lib/thor/actions/file_manipulation.rb,377,403,780,13405,14373,1882,1969,timed_out,
Ruby,300-1000,rails-thor,580234a6473eeac4eb7fa587113c9c820507bf29,lib/thor/shell/basic.rb,517,387,904,15516,11689,2861,1920,timed_out,
Ruby,300-1000,rails-thor,580234a6473eeac4eb7fa587113c9c820507bf29,spec/shell/basic_spec.rb,525,524,1049,20479,20414,5726,5703,timed_out,
Ruby,300-1000,rails-thor,fd3673aaf201be43e4c0df219c8e8aa62cdffc89,lib/thor/runner.rb,335,335,670,9961,9967,2517,2517,timed_out,
Ruby,300-1000,rgrove-sanitize,9a162f3b50482db927f4429cd79bf890f8429325,lib/sanitize/config/relaxed.rb,726,727,1453,20122,20156,1920,1922,timed_out,
Ruby,300-1000,rspec-rspec,faabba8819fc98b6261a39bb8d13738a7c8e9ab4,rspec-mocks/spec/rspec/mocks/stub_spec.rb,569,577,1146,19442,19500,4745,4744,timed_out,
Ruby,300-1000,rspec-rspec-expectations,8338d2ff92aa43faee2356a0b4a7392c022c053d,spec/rspec/expectations/block_snippet_extractor_spec.rb,306,306,612,8774,8783,1893,1897,timed_out,
Ruby,300-1000,rspec-rspec-expectations,b27cceba259d8a010373b2c8e8ad32550dc816e4,spec/rspec/expectations/failure_aggregator_spec.rb,483,482,965,17625,17731,3140,3180,timed_out,
Ruby,300-1000,rspec-rspec-mocks,1558a16fdd1e10724d95761ddd476e293c54ef4f,lib/rspec/mocks/proxy.rb,520,517,1037,17370,17292,2750,2733,timed_out,
Ruby,300-1000,ruby-benchmark,6d878b4c0b96afaa6b234a13bf0ed36910c56913,lib/benchmark.rb,595,595,1190,19198,19198,2119,2119,timed_out,
Ruby,300-1000,ruby-bigdecimal,a6d0db190d468c5657310eb1a694089fb2c8fae9,lib/bigdecimal/math.rb,630,630,1260,20296,20184,4504,4476,timed_out,
Ruby,300-1000,ruby-concurrency-concurrent-ruby,56227a4c3ebdd53b8b0976eb8296ceb7a093496f,spec/concurrent/struct_shared.rb,547,549,1096,17305,17274,5456,5451,timed_out,
Ruby,300-1000,ruby-concurrency-concurrent-ruby,5d700c5f6afc6984bdd606012282ce90e0498d45,lib/concurrent-ruby/concurrent/scheduled_task.rb,331,331,662,11307,11307,804,804,ok,391.495531
Ruby,300-1000,ruby-forwardable,ad126137cfd3c0696bf9ae9785894b3cc569494e,lib/forwardable.rb,319,319,638,9191,9191,909,909,ok,586.5769640000001
Ruby,300-1000,ruby-getoptlong,c55b98045f056e51fb93f65aaf0044b6747a49ef,lib/getoptlong.rb,613,616,1229,15787,15821,1934,1942,timed_out,
Ruby,300-1000,ruby-getoptlong,e549ff05140c4a5f5ccd5b826e8e543f82e96040,lib/getoptlong.rb,613,613,1226,15781,15779,1926,1926,timed_out,
Ruby,300-1000,ruby-gettext-locale,649140a6d1448fac4a294bfd864065afe365827e,test/test_detect_general.rb,312,314,626,8968,9093,2779,2802,timed_out,
Ruby,300-1000,ruby-i18n-i18n,869460a0050956030045257e367d7544230860c3,test/i18n_test.rb,547,551,1098,18801,18926,4462,4495,timed_out,
Ruby,300-1000,ruby-ipaddr,b44d2a1173715adc404e551a713197c99ced7a1e,lib/ipaddr.rb,841,841,1682,22937,22937,4378,4378,timed_out,
Ruby,300-1000,ruby-ipaddr,f45630da3188be980ef2face5c824451819c2d5c,test/test_ipaddr.rb,399,401,800,14405,14542,4643,4693,timed_out,
Ruby,300-1000,ruby-ldap-ruby-net-ldap,af098c54ae177bbb1de1c75dc2a376680cb5adee,test/test_ldap_connection.rb,504,504,1008,17138,17143,4429,4432,timed_out,
Ruby,300-1000,ruby-ldap-ruby-net-ldap,b1eec4387fd56d4cf1e3d844bbfbad8f2a8ed537,lib/net/ldap/connection.rb,716,716,1432,24591,24607,3873,3884,timed_out,
Ruby,300-1000,ruby-ldap-ruby-net-ldap,d2d500b12b25b9bf8714c683b253fc57bbfaddd8,test/test_ldap_connection.rb,504,543,1047,17143,18888,4432,4798,timed_out,
Ruby,300-1000,ruby-net-smtp,f33997e0946fd325a5e20aac8ac308940f62cb26,test/net/smtp/test_smtp.rb,779,796,1575,25243,26062,6822,7024,timed_out,
Ruby,300-1000,ruby-prettyprint,1b1106870c7bc68b566a2bc5487e5ca854221b91,lib/prettyprint.rb,896,894,1790,18768,18760,4028,4027,timed_out,
Ruby,300-1000,ruby-prime,42c0c6ac9d7b22ff171d01f1ffefc4f2cb9cfdf7,lib/prime.rb,561,561,1122,15495,15495,2499,2499,timed_out,
Ruby,300-1000,ruby-rbot-rbot,40601fa707c32c349b714abd35bfa9db1c20abe6,lib/rbot/core/irclog.rb,330,330,660,10617,10618,3090,3090,timed_out,
Ruby,300-1000,ruby-rbot-rbot,9e30236e3a94b54aabb1fb03a0769dcd95647b9e,data/rbot/plugins/search.rb,413,413,826,13902,13904,3485,3485,timed_out,
Ruby,300-1000,ruby-reline,433a93076eee3bc30bb9d6c43df355a414bfbfdd,test/reline/test_unicode.rb,342,342,684,18888,18911,6037,6049,timed_out,
Ruby,300-1000,ruby-repl_type_completor,bd2ca5404a4a692f37c0c6d177b0a137d030222e,test/repl_type_completor/test_type_analyze.rb,701,705,1406,37316,37605,8737,8801,timed_out,
Ruby,300-1000,ruby-rinda,f6d76b3927539e6b2ba5f4533ef6026cb093f639,lib/rinda/rinda.rb,329,329,658,6760,6760,961,961,ok,904.6882790000001
Ruby,300-1000,ruby-typeprof,6e046db17273bf6dc868e3f2c82ef4da93e4d20b,lib/typeprof/core/service.rb,540,543,1083,16582,16657,4360,4383,timed_out,
Ruby,300-1000,ruby-webrick,74303648c8f900a7bb7cdf8dec4337051dafb34a,lib/webrick/httpservlet/filehandler.rb,552,552,1104,17720,17720,3931,3931,timed_out,
Ruby,300-1000,rwv-exifr,38000cd2e3bb76b66e2e9ae33f2f40747d9ea927,lib/exifr/tiff.rb,693,695,1388,20426,20500,4440,4467,timed_out,
Ruby,300-1000,rwv-exifr,b6e34b5f090e6a21e784fac5b6529d15125b7e91,lib/exifr/tiff.rb,679,683,1362,20036,20104,4366,4381,timed_out,
Ruby,300-1000,rwv-exifr,f302e456136076edbdfe7262023bad693a10c31e,lib/exifr/tiff.rb,689,693,1382,20359,20426,4429,4440,timed_out,
Ruby,300-1000,sass-ruby-sass,4944e26640a808ee34886d5cb46400e89c964421,lib/sass/script/lexer.rb,513,518,1031,16757,17193,3341,3463,timed_out,
Ruby,300-1000,socketry-async-container,fc799225c8fecfe67a1cfd58deb3fb15df35b29b,lib/async/container/generic.rb,328,326,654,8989,8897,1514,1494,timed_out,
Ruby,300-1000,socketry-nio4r,9a5a1186ce4ae91336daf4ffd190a6a80e0a9a3a,spec/nio/bytebuffer_spec.rb,354,360,714,10428,10629,2754,2759,timed_out,
Ruby,300-1000,thuehlinger-daemons,fb5075725e934c94dee3ba3e93eb638457023849,lib/daemons/application.rb,482,482,964,12679,12696,1984,1990,timed_out,
Ruby,300-1000,tj-terminal-table,6922824a5edec7b290e114a36889b0056958ed2a,lib/terminal-table/table.rb,372,374,746,10785,10816,2083,2091,timed_out,
Ruby,300-1000,tj-terminal-table,7b62f1cec3d7e48aefafa7d3bdb5e6f487203b32,spec/unicode_table_spec.rb,685,733,1418,25164,27067,4859,5138,timed_out,
Ruby,300-1000,tj-terminal-table,d53ba60b012577c6635b82ce0f067dc858d7cbdc,lib/terminal-table/table.rb,355,376,731,9864,10826,1985,2084,timed_out,
Ruby,300-1000,toretore-barby,54d876de2788c766fe0d7136935206f7be4cc77b,test/code_128_test.rb,441,472,913,16761,20233,4190,4344,timed_out,
Ruby,300-1000,toshia-diva,0e5737fe59f9030b25f8c17bdbaeef1d3cb92cdf,lib/diva/type.rb,248,318,566,5176,7061,1191,1847,timed_out,
Ruby,300-1000,toshia-diva,62c3f495847407f39a5a12da4ec6ab91cc1ecb27,lib/diva/type.rb,318,319,637,7061,7061,1847,1839,timed_out,
Ruby,300-1000,tzinfo-tzinfo,9953fc092424d55deaea2dcdf6279943f3495724,test/data_sources/tc_ruby_data_source.rb,350,350,700,11547,11543,2201,2201,timed_out,
Ruby,300-1000,unixcharles-acme-client,ef4755d80d356352e7c356aa533de98ab0ff0905,lib/acme/client.rb,362,362,724,10628,10640,2739,2741,timed_out,
Ruby,300-1000,upserve-docker-api,0cc5e6cec0b8f3a686d192a66fb8e8ba327776ea,spec/docker/image_spec.rb,732,732,1464,20702,20722,6288,6293,timed_out,
Ruby,300-1000,upserve-docker-api,32fc0c4dc5a8f767ac1ba2f4f2ba543794d0f56b,lib/docker/container.rb,340,350,690,9814,10080,2444,2482,timed_out,
Ruby,300-1000,upserve-docker-api,58afb766ac4b7f6c861cbbdbcb43f569e2f0a3c8,lib/docker/container.rb,369,369,738,10859,10886,2679,2686,timed_out,
Ruby,300-1000,upserve-docker-api,8c9cb3cb2d69516ad8189f136cc848f6861c3bd9,lib/docker/container.rb,363,369,732,10748,10859,2644,2679,timed_out,
Ruby,300-1000,upserve-docker-api,8c9cb3cb2d69516ad8189f136cc848f6861c3bd9,lib/docker/image.rb,341,347,688,11198,11304,2634,2665,timed_out,
Ruby,300-1000,upserve-docker-api,990dcc8afc8ef853b01e308bf948c489bddb1b60,lib/docker/container.rb,370,370,740,10900,10888,2733,2726,timed_out,
Ruby,300-1000,upserve-docker-api,b6d8e813f2876f7c64140c234432bb2a318eb703,spec/docker/container_spec.rb,937,940,1877,25719,25768,8195,8213,timed_out,
Ruby,300-1000,upserve-docker-api,bb7427eac57fcf65f1e5b4d0d7402b2a838fd00a,spec/docker/image_spec.rb,731,731,1462,20671,20685,6294,6294,timed_out,
Ruby,300-1000,varvet-pundit,17616e64aee1692fd3481de1c67345912d73ed35,spec/spec_helper.rb,277,329,606,4625,4849,1097,1004,ok,532.3122559999999
Ruby,300-1000,vcr-vcr,40f12467cf269427d05750b03d8d5bdb49354118,spec/support/shared_example_groups/hook_into_http_library.rb,593,592,1185,22910,22902,5112,5116,timed_out,
Ruby,300-1000,whomwah-rqrcode_core,005391f55bfec93a406b35636c713e1a9d93f745,lib/rqrcode_core/qrcode/qr_code.rb,509,510,1019,15971,16066,3561,3562,timed_out,
Ruby,300-1000,zdavatz-spreadsheet,ccc3ba395c31043e00b42896fc8982ddb44a33ab,lib/spreadsheet/excel/writer/n_worksheet.rb,852,852,1704,34285,34286,3692,3695,timed_out,
Ruby,300-1000,zeromq-czmq,8f64ff90ac11934c7549dde9ca2d21a16bcfa23d,bindings/ruby/lib/czmq/ffi/zconfig.rb,475,476,951,15111,15110,1904,1904,timed_out,
Ruby,3000+,asciidoctor-asciidoctor,0f4e46311197eb9b993f31b57e50f74b95b70924,test/sections_test.rb,4059,4108,8167,113078,114189,15306,15422,timed_out,
Ruby,3000+,asciidoctor-asciidoctor,1a54faff8632003978d679b4e99673070714be69,test/blocks_test.rb,4267,4300,8567,142618,143203,20807,20901,timed_out,
Ruby,3000+,asciidoctor-asciidoctor,4bcff0964214e128e28f125d461b26e79c1a25fb,test/sections_test.rb,4108,4138,8246,114189,114899,15422,15524,timed_out,
Ruby,3000+,asciidoctor-asciidoctor,68e8625ee019e88ffafe54c31da5d8b00d91502f,test/sections_test.rb,4138,4138,8276,114899,114893,15524,15524,timed_out,
Ruby,3000+,asciidoctor-asciidoctor,6a31613f89b0bfbc069c81d833351076770aa68e,test/lists_test.rb,5562,5579,11141,178652,179066,26089,26153,timed_out,
Ruby,3000+,asciidoctor-asciidoctor,b79f298d722219e63921c6ea326d9fe98f3f3e8c,test/lists_test.rb,5631,5676,11307,180518,181469,26395,26547,timed_out,
Ruby,3000+,asciidoctor-asciidoctor,bad4f46a2a2e06df86e00bbff9fade87a74310e6,test/sections_test.rb,4019,4059,8078,112096,113064,15157,15295,timed_out,
Ruby,3000+,asciidoctor-asciidoctor,d8305b9291d348aac41f79f03900305d3d7e47d7,test/lists_test.rb,5579,5631,11210,179066,180518,26153,26395,timed_out,
Ruby,3000+,asciidoctor-asciidoctor,f8306f119f0624e19487029fec4372d166b5a31b,test/sections_test.rb,4059,4059,8118,113064,113078,15295,15306,timed_out,
Ruby,3000+,asciidoctor-asciidoctor,fc0d033577d30adbffba73ce06709292fc2cf3ce,test/sections_test.rb,4138,4196,8334,114893,116266,15524,15706,timed_out,
Ruby,3000+,cjheath-treetop,172f4b5fa9cfac712da10df78db0abca667ed5e6,lib/treetop/compiler/metagrammar.rb,4192,4221,8413,113873,114313,23674,23755,timed_out,
Ruby,3000+,cjheath-treetop,1844127fc6a10837b7a673abcce45579eaeb5c94,lib/treetop/compiler/metagrammar.rb,4191,4191,8382,113814,113821,23709,23709,timed_out,
Ruby,3000+,cjheath-treetop,229d2c8a64cdd5d746bbed55268629c89b23b722,lib/treetop/compiler/metagrammar.rb,4431,4463,8894,121175,121804,25048,25214,timed_out,
Ruby,3000+,cjheath-treetop,5056d84105af4479c492fdf143cb28b5cd85ca94,lib/treetop/compiler/metagrammar.rb,4191,4192,8383,113821,113873,23709,23674,timed_out,
Ruby,3000+,cjheath-treetop,55b71959e8a3b072bd6de19bd0674cfb9e26a832,lib/treetop/compiler/metagrammar.rb,4113,4191,8304,111708,113814,23367,23709,timed_out,
Ruby,3000+,cjheath-treetop,62ca923e47100ee2f05250b2189fc1683c508a48,lib/treetop/compiler/metagrammar.rb,4463,4463,8926,121804,121876,25214,25229,timed_out,
Ruby,3000+,cjheath-treetop,7b6f5bb198a409fc88e21a6d2fb59d699752f766,lib/treetop/compiler/metagrammar.rb,4241,4243,8484,114937,114977,23911,23918,timed_out,
Ruby,3000+,cjheath-treetop,7df506ed886898d0237ba1a19cbe407d52f70f25,lib/treetop/compiler/metagrammar.rb,4243,4431,8674,114977,121175,23918,25048,timed_out,
Ruby,3000+,cjheath-treetop,8b9b9d8fea44e027061bf4a9a26eb139c32be782,lib/treetop/compiler/metagrammar.rb,3984,4096,8080,101582,109066,20213,22797,timed_out,
Ruby,3000+,cjheath-treetop,c3c4b869dfb48bc9ab0b488022337f94779d14d8,lib/treetop/compiler/metagrammar.rb,4463,4463,8926,121876,121889,25229,25236,timed_out,
Ruby,3000+,cjheath-treetop,d4f96d4b7cd08b5d0e7f098ce5605842b484a510,lib/treetop/compiler/metagrammar.rb,4221,4241,8462,114313,114937,23755,23911,timed_out,
Ruby,3000+,cjheath-treetop,d975809e28ef832ea5bed5d7a23e881d98f14f57,lib/treetop/compiler/metagrammar.rb,4099,4113,8212,111049,111708,23241,23367,timed_out,
Ruby,3000+,cjheath-treetop,dc16717a7253a1553931d64c2a89c6f9fb72974b,lib/treetop/compiler/metagrammar.rb,4096,4099,8195,109066,111049,22797,23241,timed_out,
Ruby,3000+,fakefs-fakefs,05c9c8f77368dc00043034c3a584f768269e4330,test/fakefs_test.rb,4568,4656,9224,140063,143736,37118,38377,timed_out,
Ruby,3000+,fakefs-fakefs,288ceadad9ad4ba63a82f7ffbcd1c1617c550b42,test/fakefs_test.rb,4656,4656,9312,143736,143742,38377,38377,timed_out,
Ruby,3000+,fakefs-fakefs,3c1a00fe4d9652de1339ca243708af89025c83a4,test/fakefs_test.rb,4732,4735,9467,146280,146337,39149,39161,timed_out,
Ruby,3000+,fakefs-fakefs,3e89db275194393332cd00399098fde781527454,test/fakefs_test.rb,4663,4720,9383,143986,145854,38397,38984,timed_out,
Ruby,3000+,fakefs-fakefs,4f8ea14e47732beee44cae9102925f05c02b500b,test/fakefs_test.rb,4739,4744,9483,146454,146611,39171,39210,timed_out,
Ruby,3000+,fakefs-fakefs,5cc196da1cac8ba641f7ccaf8857aea2336096ec,test/fakefs_test.rb,4667,4668,9335,144215,144244,38491,38498,timed_out,
Ruby,3000+,fakefs-fakefs,5f9582ffad8a8d954eb4b9729cbc76df789ca9f4,test/fakefs_test.rb,4720,4721,9441,145854,145883,38984,38991,timed_out,
Ruby,3000+,fakefs-fakefs,60a9245ffda915ab2901ee20e147972866225377,test/fakefs_test.rb,4652,4652,9304,143507,143513,38283,38283,timed_out,
Ruby,3000+,fakefs-fakefs,61f88305f9be56e9cb8441fadee9abb04a4ff4d1,test/fakefs_test.rb,4735,4739,9474,146337,146465,39161,39181,timed_out,
Ruby,3000+,fakefs-fakefs,68c6ac6d946c88edf43081479232c216e9ffc711,test/fakefs_test.rb,4564,4652,9216,139834,143507,37024,38283,timed_out,
Ruby,3000+,fakefs-fakefs,82f5a5455da1f6da76af44d8437d03e1874880a0,test/fakefs_test.rb,4779,4785,9564,147937,148073,39588,39617,timed_out,
Ruby,3000+,fakefs-fakefs,852cdd0446771943ff158e8f2625aa55d2202d54,test/fakefs_test.rb,4774,4774,9548,147780,147780,39548,39549,timed_out,
Ruby,3000+,fakefs-fakefs,8ae92918c3f571ee1fbd3465bb831fabbe587a13,test/fakefs_test.rb,4566,4568,9134,139951,140063,37082,37118,timed_out,
Ruby,3000+,fakefs-fakefs,91f88c83ba8df94da3f8ca7883779578855405fd,test/fakefs_test.rb,4652,4663,9315,143513,143986,38283,38397,timed_out,
Ruby,3000+,fakefs-fakefs,a07e980adcd089a317c45a81eb0d4109b8cf1ec3,test/fakefs_test.rb,4725,4732,9457,146112,146280,39085,39149,timed_out,
Ruby,3000+,fakefs-fakefs,a2a2b70d4895c0d2c4ea15de8629ea9c105dd500,test/fakefs_test.rb,4534,4556,9090,138787,139500,36826,36974,timed_out,
Ruby,3000+,fakefs-fakefs,abb1951c59e79bb7e7680a46bc454f861a443290,test/fakefs_test.rb,4739,4774,9513,146454,147780,39171,39548,timed_out,
Ruby,3000+,fakefs-fakefs,ad19a62166a2509c968fd1b1617f6a9cbeec613f,test/fakefs_test.rb,4533,4541,9074,138781,139059,36823,36850,timed_out,
Ruby,3000+,fakefs-fakefs,b28d8a2a0111dde8eaae01709524d9dabfa7da90,test/fakefs_test.rb,4739,4739,9478,146460,146454,39171,39171,timed_out,
Ruby,3000+,fakefs-fakefs,be610550f54c82e893c5b364fa41047bdde32b5b,test/fakefs_test.rb,4739,4739,9478,146465,146460,39181,39171,timed_out,
Ruby,3000+,fakefs-fakefs,c93288fadcd8d09d65db695af19291e75928f4a7,test/fakefs_test.rb,4554,4554,9108,139445,139444,36962,36961,timed_out,
Ruby,3000+,fakefs-fakefs,cd374616b9cb50a83e8e8469209032e61133d52e,test/fakefs_test.rb,4656,4667,9323,143742,144215,38377,38491,timed_out,
Ruby,3000+,fakefs-fakefs,f1b6895eed71090c896d6f46f7222f17291c21b5,test/fakefs_test.rb,4562,4564,9126,139722,139834,36988,37024,timed_out,
Ruby,3000+,fakefs-fakefs,f501ddcedff2206ff0533b1d214716ad0b9a9b35,test/fakefs_test.rb,4556,4555,9111,139500,139451,36974,36965,timed_out,
Ruby,3000+,fakefs-fakefs,f58881451caa658f87f8622eded4a3105bc24f04,test/fakefs_test.rb,4562,4566,9128,139722,139951,36988,37082,timed_out,
Ruby,3000+,fakefs-fakefs,f82e390854933b698ee2899d8ef6a911f3cf1463,test/fakefs_test.rb,4534,4533,9067,138787,138781,36826,36823,timed_out,
Ruby,3000+,garybernhardt-selecta,2171956aec6318cdede79845857cf463e22800e2,benchmark.rb,3593,3593,7186,235572,235578,18072,18072,timed_out,
Ruby,3000+,garybernhardt-selecta,7ac17448bb8f1bb885ce0cc50837c3986b96fc72,benchmark.rb,3623,3593,7216,236144,235562,18335,18072,timed_out,
Ruby,3000+,garybernhardt-selecta,7f8feb8260a1404cc7560f7dafa04ef1c439f5a9,benchmark.rb,3593,3593,7186,235562,235572,18072,18072,timed_out,
Ruby,3000+,garybernhardt-selecta,b6f497c367ea4e0bd404f5ffeeff7b3977b9ccd8,benchmark.rb,3627,3623,7250,236232,236144,18370,18335,timed_out,
Ruby,3000+,garybernhardt-selecta,cfd829fe942e05d1b3759bf7b8ac7404e58112b7,benchmark.rb,50025,3627,53652,986576,236232,250275,18370,timed_out,
Ruby,3000+,jeremyevans-sequel,746d3e0039af4699203dd046b4c4a2d27a2b4bbf,lib/sequel/adapters/shared/postgres.rb,3022,3022,6044,115767,115808,19264,19276,timed_out,
Ruby,3000+,jeremyevans-sequel,746d3e0039af4699203dd046b4c4a2d27a2b4bbf,spec/adapters/postgres_spec.rb,6910,6911,13821,292790,292917,105489,105545,timed_out,
Ruby,3000+,mikel-mail,596f06f7cbbd47b2c80b2d07e45fe41992d28d6b,lib/mail/parsers/envelope_from_parser.rb,3675,3674,7349,139828,139799,51613,51613,timed_out,
Ruby,3000+,mikel-mail,596f06f7cbbd47b2c80b2d07e45fe41992d28d6b,lib/mail/parsers/message_ids_parser.rb,5161,5160,10321,208548,208519,76739,76739,timed_out,
Ruby,3000+,mikel-mail,596f06f7cbbd47b2c80b2d07e45fe41992d28d6b,lib/mail/parsers/received_parser.rb,8782,8781,17563,357484,357455,121053,121053,timed_out,
Ruby,3000+,mikel-mail,8dd1655dc4628e34d9d654a1526bac7cd9513252,lib/mail/parsers/envelope_from_parser.rb,3674,3678,7352,139799,139847,51613,51619,timed_out,
Ruby,3000+,mikel-mail,8dd1655dc4628e34d9d654a1526bac7cd9513252,lib/mail/parsers/message_ids_parser.rb,5160,5164,10324,208519,208567,76739,76745,timed_out,
Ruby,3000+,mikel-mail,8dd1655dc4628e34d9d654a1526bac7cd9513252,lib/mail/parsers/received_parser.rb,8781,8785,17566,357455,357503,121053,121059,timed_out,
Ruby,3000+,mikel-mail,c8657d757688df9d8246a372341ad4a33cf5e834,lib/mail/parsers/envelope_from_parser.rb,3657,3675,7332,113980,139828,51666,51613,timed_out,
Ruby,3000+,mikel-mail,c8657d757688df9d8246a372341ad4a33cf5e834,lib/mail/parsers/message_ids_parser.rb,5176,5161,10337,174975,208548,76774,76739,timed_out,
Ruby,3000+,mikel-mail,c8657d757688df9d8246a372341ad4a33cf5e834,lib/mail/parsers/received_parser.rb,8761,8782,17543,292606,357484,121186,121053,timed_out,
Ruby,3000+,mmriis-simpleidn,7a9e0d9079b62627f39b171b4f2037a0ae859cab,lib/simpleidn/uts46mapping.rb,6261,6528,12789,131521,136627,39371,40701,timed_out,
Ruby,3000+,naitoh-rbpdf,00491b0f68732723bfbffd290eea6d1cb3b69d83,lib/rbpdf.rb,16978,16979,33957,598052,598064,22176,22176,timed_out,
Ruby,3000+,naitoh-rbpdf,011db250d886ed03164d48faead836fcb665cc33,lib/rbpdf.rb,15322,15333,30655,535734,536014,22097,22097,timed_out,
Ruby,3000+,naitoh-rbpdf,039b6fcc5bc8d91ad709512a891ea65d60588124,lib/rbpdf.rb,16976,16981,33957,598159,598509,21947,21947,timed_out,
Ruby,3000+,naitoh-rbpdf,07bb0dbf5bdac1de0679ae0356da61a3a8f51954,lib/rbpdf.rb,15299,15306,30605,535370,535666,22097,22097,timed_out,
Ruby,3000+,naitoh-rbpdf,0b7ce68d3a8a27cd5d59dc450bcb4d1b4d617877,lib/rbpdf.rb,15297,15292,30589,535301,535203,22097,22097,timed_out,
Ruby,3000+,naitoh-rbpdf,10088a66cfeae3268174fc0295e2013925ae790c,lib/rbpdf.rb,16418,16418,32836,576810,576822,22166,22166,timed_out,
Ruby,3000+,naitoh-rbpdf,18b83cb7f8b760c42bfbd59fe9ee6bd95a777566,lib/rbpdf.rb,16541,16540,33081,579682,579657,22176,22176,timed_out,
Ruby,3000+,naitoh-rbpdf,1b74f45942acc63f1a3a2bfe3c08050f60342e98,lib/rbpdf.rb,16993,16993,33986,598473,598543,22176,22176,timed_out,
Ruby,3000+,naitoh-rbpdf,1de82bf19ac00c2505903ff5d9e752598efa012f,lib/rbpdf.rb,15301,15308,30609,535568,535709,22097,22097,timed_out,
Ruby,3000+,naitoh-rbpdf,1f87f9aa4487e6113ef194daec5c175f9a49e675,lib/rbpdf.rb,15320,15320,30640,535674,535668,22097,22097,timed_out,
Ruby,3000+,naitoh-rbpdf,20a97bf26b73a35f2fc10422e6cd9717e083ecce,lib/rbpdf.rb,15297,15297,30594,535301,535305,22097,22097,timed_out,
Ruby,3000+,naitoh-rbpdf,3869259923b6df55fdd49444f874f833ad813730,lib/rbpdf.rb,16541,16975,33516,579684,597988,22176,22176,timed_out,
Ruby,3000+,naitoh-rbpdf,3c3559f360426388345c47138969ebf5138dd9e4,lib/unicode_data.rb,18332,18333,36665,227010,227040,145192,145193,timed_out,
Ruby,3000+,naitoh-rbpdf,414117a49fe888cdc4d98390b07b47d6029d5af1,lib/rbpdf.rb,15341,15341,30682,536317,536327,22104,22104,timed_out,
Ruby,3000+,naitoh-rbpdf,4268cc1af4d2fdad9a6bc85610a1d4d8bd5404b5,lib/rbpdf.rb,15297,15297,30594,535301,535297,22097,22097,timed_out,
Ruby,3000+,naitoh-rbpdf,44206897e6eccdccb7661b5bfc3f5905827090fc,lib/rbpdf.rb,15345,15346,30691,536531,535924,22104,22104,timed_out,
Ruby,3000+,naitoh-rbpdf,445f5f6afa333d9ba57697c120d3d26f677e8e9e,lib/rbpdf.rb,15338,15339,30677,536227,536228,22097,22097,timed_out,
Ruby,3000+,naitoh-rbpdf,480dee8ab891941689905b2c0cdfc79e474148e0,lib/rbpdf.rb,15237,15237,30474,533395,533391,22053,22053,timed_out,
Ruby,3000+,naitoh-rbpdf,49e4064286cdf5bdb783dbd2d71b8793d8e34e49,lib/rbpdf.rb,16970,16970,33940,597881,597881,21909,21909,timed_out,
Ruby,3000+,naitoh-rbpdf,4f56dedced3139e7041f91f006dd7940c0a8a210,lib/rbpdf.rb,15320,15320,30640,535668,535711,22097,22097,timed_out,
Ruby,3000+,naitoh-rbpdf,55bc2f3f7e6e50aa71c9bda221efc180d38ed1ba,lib/rbpdf.rb,16220,16418,32638,568717,576810,22166,22166,timed_out,
Ruby,3000+,naitoh-rbpdf,579c684db7ef762e8467a43ec0912c1eccd1144f,lib/rbpdf.rb,16975,16978,33953,597988,598036,22176,22176,timed_out,
Ruby,3000+,naitoh-rbpdf,583e6387a7d6de6c2eb9e859f4266e76aef19f5a,lib/rbpdf.rb,15340,15341,30681,536311,536307,22097,22097,timed_out,
Ruby,3000+,naitoh-rbpdf,595f9a491e37d4562d32dee1e2fbea64e219c093,lib/rbpdf.rb,15320,15320,30640,535711,535746,22097,22097,timed_out,
Ruby,3000+,naitoh-rbpdf,5a33a28f5e26ed3a6f9f8a3d45c1bf6fe3ef9cd6,lib/rbpdf.rb,15327,15320,30647,535970,535674,22097,22097,timed_out,
Ruby,3000+,naitoh-rbpdf,5b44a386198efc8d26b4213c17329557d369e159,lib/rbpdf.rb,15339,15340,30679,536228,536275,22097,22097,timed_out,
Ruby,3000+,naitoh-rbpdf,6245a32633460439c1370e4ac8d479ad586e6d64,lib/rbpdf.rb,15346,16220,31566,535938,568717,22104,22166,timed_out,
Ruby,3000+,naitoh-rbpdf,6e64dbc8e0dc60c77a780986ca80a51dac793234,lib/rbpdf.rb,15345,15345,30690,536539,536531,22104,22104,timed_out,
Ruby,3000+,naitoh-rbpdf,7799f3e9a5fb90860c7f07e5d00b9139f828614f,lib/rbpdf.rb,15320,15322,30642,535746,535734,22097,22097,timed_out,
Ruby,3000+,naitoh-rbpdf,7aed4e78d2f8792e8a0d17248beaa5be0e658385,lib/rbpdf.rb,16981,16981,33962,598509,598423,21947,21947,timed_out,
Ruby,3000+,naitoh-rbpdf,7e4447b9bb4740ed247a885940b5bdd634d6abd3,lib/rbpdf.rb,15341,15345,30686,536327,536539,22104,22104,timed_out,
Ruby,3000+,naitoh-rbpdf,7ee6e8445e8fefbeb9e85e6500ab6cea08f0158d,lib/rbpdf.rb,15297,15297,30594,535310,535332,22097,22097,timed_out,
Ruby,3000+,naitoh-rbpdf,85c87c88fd8c1e299195bc436e6bb03f246054db,lib/rbpdf.rb,15236,15237,30473,533399,533387,22053,22053,timed_out,
Ruby,3000+,naitoh-rbpdf,8f9c81a397a1cc68f0b0e10c7eb217e2f05d01d0,lib/rbpdf.rb,15237,15297,30534,533391,535301,22053,22097,timed_out,
Ruby,3000+,naitoh-rbpdf,9154a7ad7d07c4e195c16b2476d88d78759e80b2,lib/rbpdf.rb,16540,16541,33081,579657,579684,22176,22176,timed_out,
Ruby,3000+,naitoh-rbpdf,91c8229a329dde5c412dc32957a763a842ba2564,lib/rbpdf.rb,15297,15299,30596,535297,535045,22097,22097,timed_out,
Ruby,3000+,naitoh-rbpdf,9583927f2203c0924e7f8e51a793192851eb8ff8,lib/rbpdf.rb,16979,16993,33972,598064,598473,22176,22176,timed_out,
Ruby,3000+,naitoh-rbpdf,9af692c48567ef6b9af9cae91cb1bcb2d86504c3,lib/rbpdf.rb,15341,15341,30682,536307,536317,22097,22104,timed_out,
Ruby,3000+,naitoh-rbpdf,a31efe9e3a025b9b538ef7e11bb096a612246d66,lib/rbpdf.rb,15237,15237,30474,533387,533395,22053,22053,timed_out,
Ruby,3000+,naitoh-rbpdf,b3b34ed584306b61fce79b68874c04753a1905b1,lib/rbpdf.rb,15309,15325,30634,535746,536226,22097,22097,timed_out,
Ruby,3000+,naitoh-rbpdf,b3b34ed584306b61fce79b68874c04753a1905b1,lib/unicode_data.rb,18333,18362,36695,227040,227534,145193,145204,timed_out,
Ruby,3000+,naitoh-rbpdf,b5a68c1dce08aa744f5e83b0dc7f27bd42f747fd,lib/rbpdf.rb,16978,16978,33956,598036,598052,22176,22176,timed_out,
Ruby,3000+,naitoh-rbpdf,c240b3e07b1553a6d556df37970278ea36c860e8,lib/rbpdf.rb,16529,16529,33058,579252,579309,22171,22171,timed_out,
Ruby,3000+,naitoh-rbpdf,c369b20d72bdfa0f6a187e65907c21d5dae57109,lib/rbpdf.rb,15308,15309,30617,535709,535746,22097,22097,timed_out,
Ruby,3000+,naitoh-rbpdf,cb4f7afe6274499853adb1a0e6bff025e5f88d5f,lib/rbpdf.rb,15333,15338,30671,536014,536227,22097,22097,timed_out,
Ruby,3000+,naitoh-rbpdf,d1ce7b93446420acace9936902b6960af90009e6,lib/rbpdf.rb,16993,16970,33963,598543,597881,22176,21909,timed_out,
Ruby,3000+,naitoh-rbpdf,d7b0c1033cf704484902e3d0eb29e72cf29d5525,lib/rbpdf.rb,15340,15340,30680,536275,536311,22097,22097,timed_out,
Ruby,3000+,naitoh-rbpdf,db7bec4345e4ad7471a7e74c79ebc55431385489,lib/rbpdf.rb,16970,16976,33946,597881,597994,21909,21934,timed_out,
Ruby,3000+,naitoh-rbpdf,df6ffc29e0296928f9994ab346bdcbedc9812fd2,lib/rbpdf.rb,16529,16541,33070,579309,579682,22171,22176,timed_out,
Ruby,3000+,naitoh-rbpdf,e36e90b1c516c6bdce571c98de383d63febd809f,lib/rbpdf.rb,15297,15299,30596,535336,535370,22097,22097,timed_out,
Ruby,3000+,naitoh-rbpdf,e658abce5074d4b23b0de498567d8b0aa8b54c46,lib/rbpdf.rb,15297,15297,30594,535301,535310,22097,22097,timed_out,
Ruby,3000+,naitoh-rbpdf,ee454dd147f16380c306357b885a6d7ae4e803aa,lib/rbpdf.rb,15346,15346,30692,535924,535938,22104,22104,timed_out,
Ruby,3000+,naitoh-rbpdf,eee6ce9fcf2230c8f08537cbf0a792e13fbb4b2d,lib/rbpdf.rb,16977,16977,33954,598116,598169,21949,21949,timed_out,
Ruby,3000+,naitoh-rbpdf,f36237f8c50c2435e1f1d740e377a8de2cb15211,lib/rbpdf.rb,16976,16977,33953,597994,598116,21934,21949,timed_out,
Ruby,3000+,naitoh-rbpdf,f39a5998a4a82fb46d045a0984dcd07aca95ecf2,lib/rbpdf.rb,16418,16529,32947,576822,579252,22166,22171,timed_out,
Ruby,3000+,naitoh-rbpdf,fa96750b1d5647919ae921c78dccba8f0f48ff45,lib/rbpdf.rb,16977,16976,33953,598169,598159,21949,21947,timed_out,
Ruby,3000+,rapid7-ruby_smb,9ba051ea420310f57ae7255875b39f00efab51ef,spec/lib/ruby_smb/dcerpc/ndr_spec.rb,4346,4426,8772,150946,153226,45364,46034,timed_out,
Ruby,3000+,ruby-csv,1ef25f9f0c899b5a3eadae843a83c697bde5edf5,lib/csv.rb,3017,3017,6034,100173,100172,6816,6816,timed_out,
Ruby,3000+,ruby-csv,3a7e7c7ac058f6b8b95829628fd1192d58fbcc95,lib/csv.rb,2974,3011,5985,98160,100027,6719,6756,timed_out,
Ruby,3000+,ruby-csv,7b8c3ca2c6f67a7f83a062d39c0ed56a8073e929,lib/csv.rb,3011,3017,6028,100027,100150,6756,6806,timed_out,
Ruby,3000+,ruby-csv,f394f79fe99ff5179804fc61d01ed574e88411cc,lib/csv.rb,3017,3017,6034,100150,100173,6806,6816,timed_out,
Ruby,3000+,ruby-net-imap,4de513c6b55f6de3ea42c1045e1f60e3b5d0c600,lib/net/imap.rb,3870,3871,7741,161752,161812,9373,9382,timed_out,
Ruby,3000+,ruby-net-imap,69cc3c5369abbddc8361874843841f77106ef92a,lib/net/imap.rb,3870,3870,7740,161704,161752,9364,9373,timed_out,
Ruby,3000+,ruby-net-imap,cfba85f32e0f22157b40969916bfe8a9f8ffe603,lib/net/imap.rb,3870,3870,7740,161695,161704,9364,9364,timed_out,
Ruby,3000+,ruby-resolv,7c5bfe7acdbd050de0a308949e0326206d5e646a,lib/resolv.rb,3499,3499,6998,90501,90511,17595,17596,timed_out,
Ruby,3000+,ruby-resolv,d8b8d36f637d7d286ecb1fbc46d190df5db0d513,lib/resolv.rb,3480,3499,6979,89987,90501,17580,17595,timed_out,
Ruby,3000+,sass-ruby-sass,4944e26640a808ee34886d5cb46400e89c964421,test/sass/engine_test.rb,3499,3499,6998,80625,80626,13060,13060,timed_out,
Ruby,3000+,sass-ruby-sass,8ca207d3f9ee8327e4552a510dd99f8b177af393,test/sass/scss/scss_test.rb,4238,4238,8476,73253,73259,8471,8471,timed_out,
Ruby,3000+,sass-ruby-sass,fe81fa39b885ff34298bdf280846f9c6684e87dc,test/sass/engine_test.rb,3499,3499,6998,80626,80627,13060,13060,timed_out,
Ruby,3000+,thoughtbot-shoulda-matchers,7c46150cf1467cb951df4901c4a8fb3b8d22595a,spec/unit/shoulda/matchers/active_record/association_matcher_spec.rb,3286,3286,6572,122275,122329,21130,21148,timed_out,
Ruby,3000+,thoughtbot-shoulda-matchers,c0b8352200b90642fef2edadfe0c4fb58f6ec0f8,spec/unit/shoulda/matchers/active_record/association_matcher_spec.rb,3286,3613,6899,122329,135332,21148,23683,timed_out,
Ruby,3000+,whitequark-parser,6f54456a30c7918f55df3fad5bd3cbcc4680dae8,test/test_parser.rb,11674,11701,23375,275074,275695,65828,66004,timed_out,
Ruby,3000+,whitequark-parser,75c6ce097c321d44a180d2203403de5063104598,test/test_parser.rb,11600,11650,23250,273342,274409,65428,65713,timed_out,
Ruby,3000+,whitequark-parser,d34616f0b357f7d3f8069a021c71ec33f37472e2,test/test_parser.rb,11650,11674,23324,274409,275074,65713,65828,timed_out,
Ruby,3000+,whitequark-parser,e261316b84b96560ae3a8b921755f5f3f135d6e0,test/test_parser.rb,11701,11720,23421,275695,276071,66004,66081,timed_out,
Ruby,3000+,zeromq-czmq,8f64ff90ac11934c7549dde9ca2d21a16bcfa23d,bindings/ruby/lib/czmq/ffi/zsock.rb,5725,5726,11451,199082,199081,22451,22451,timed_out,
