language,size_bucket,repository,commit,path,old_path
Vimscript,0-10,HerringtonDarkholme-yats.vim,10db07f55db7b922a7e41f9f6ef7b840648d3937,syntax/yats/dom-form.vim,syntax/yats/dom-form.vim
Vimscript,0-10,HerringtonDarkholme-yats.vim,10db07f55db7b922a7e41f9f6ef7b840648d3937,syntax/yats/ecma-402.vim,syntax/yats/ecma-402.vim
Vimscript,0-10,HerringtonDarkholme-yats.vim,10db07f55db7b922a7e41f9f6ef7b840648d3937,syntax/yats/es6-function.vim,syntax/yats/es6-function.vim
Vimscript,0-10,HerringtonDarkholme-yats.vim,10db07f55db7b922a7e41f9f6ef7b840648d3937,syntax/yats/es6-json.vim,syntax/yats/es6-json.vim
Vimscript,0-10,HerringtonDarkholme-yats.vim,10db07f55db7b922a7e41f9f6ef7b840648d3937,syntax/yats/es6-promise.vim,syntax/yats/es6-promise.vim
Vimscript,0-10,HerringtonDarkholme-yats.vim,10db07f55db7b922a7e41f9f6ef7b840648d3937,syntax/yats/es6-proxy.vim,syntax/yats/es6-proxy.vim
Vimscript,0-10,HerringtonDarkholme-yats.vim,10db07f55db7b922a7e41f9f6ef7b840648d3937,syntax/yats/es6-reflect.vim,syntax/yats/es6-reflect.vim
Vimscript,0-10,HerringtonDarkholme-yats.vim,10db07f55db7b922a7e41f9f6ef7b840648d3937,syntax/yats/node.vim,syntax/yats/node.vim
Vimscript,0-10,HerringtonDarkholme-yats.vim,10db07f55db7b922a7e41f9f6ef7b840648d3937,syntax/yats/web-console.vim,syntax/yats/web-console.vim
Vimscript,0-10,HerringtonDarkholme-yats.vim,10db07f55db7b922a7e41f9f6ef7b840648d3937,syntax/yats/web-geo.vim,syntax/yats/web-geo.vim
Vimscript,0-10,HerringtonDarkholme-yats.vim,10db07f55db7b922a7e41f9f6ef7b840648d3937,syntax/yats/web-history.vim,syntax/yats/web-history.vim
Vimscript,0-10,HerringtonDarkholme-yats.vim,10db07f55db7b922a7e41f9f6ef7b840648d3937,syntax/yats/web-network.vim,syntax/yats/web-network.vim
Vimscript,0-10,HerringtonDarkholme-yats.vim,1be1f3afc06108d210a7725217f9a1e50f93808f,syntax/yats/web-console.vim,syntax/yats/web-console.vim
Vimscript,0-10,HerringtonDarkholme-yats.vim,2c1b8ab273e67ff67737602c326dc63481bc0d7e,syntax/yats/es6-promise.vim,syntax/yats/es6-promise.vim
Vimscript,0-10,HerringtonDarkholme-yats.vim,41384068d1b540e0609293e930ae01a9d74ec176,syntax/yats/es6-promise.vim,syntax/yats/es6-promise.vim
Vimscript,0-10,HerringtonDarkholme-yats.vim,9b16b86f7be4603b416ab18a9e57a34e86e7bec2,ftdetect/typescript.vim,ftdetect/typescript.vim
Vimscript,0-10,HerringtonDarkholme-yats.vim,9b16b86f7be4603b416ab18a9e57a34e86e7bec2,ftdetect/typescriptreact.vim,ftdetect/typescriptreact.vim
Vimscript,0-10,HerringtonDarkholme-yats.vim,a5dd9a768b33e843647bddd6e828403cf4ea4476,ftdetect/typescript.vim,ftdetect/typescript.vim
Vimscript,0-10,HerringtonDarkholme-yats.vim,a5dd9a768b33e843647bddd6e828403cf4ea4476,ftdetect/typescriptreact.vim,ftdetect/typescriptreact.vim
Vimscript,0-10,Kuniwak-vint,172b1105b288ac0c85448534d520213d24fe78d3,test/fixture/policy/prohibit_autocmd_with_no_group_invalid.vim,test/fixture/policy/prohibit_autocmd_with_no_group_invalid.vim
Vimscript,0-10,Kuniwak-vint,4b4bc15c1bd1a3d0cd8afe1e900e03f3ccc74a0f,test/fixture/policy/prohibit_unnecessary_double_quote_invalid.vim,test/fixture/policy/prohibit_unnecessary_double_quote_invalid.vim
Vimscript,0-10,ap-vim-css-color,0eb967a977794c9448137046f6d0e710a4da1381,after/syntax/i3.vim,after/syntax/i3.vim
Vimscript,0-10,ap-vim-css-color,0eb967a977794c9448137046f6d0e710a4da1381,after/syntax/i3config.vim,after/syntax/i3config.vim
Vimscript,0-10,ap-vim-css-color,1c4b78f5512980227ca747e76f1f6c904f2eb3dc,after/syntax/kitty.vim,after/syntax/kitty.vim
Vimscript,0-10,ap-vim-css-color,cb72fb4095c588c22cdd2088a5a9d54d62694f8c,after/syntax/csh.vim,after/syntax/csh.vim
Vimscript,0-10,ap-vim-css-color,cb72fb4095c588c22cdd2088a5a9d54d62694f8c,after/syntax/css.vim,after/syntax/css.vim
Vimscript,0-10,ap-vim-css-color,cb72fb4095c588c22cdd2088a5a9d54d62694f8c,after/syntax/fish.vim,after/syntax/fish.vim
Vimscript,0-10,ap-vim-css-color,cb72fb4095c588c22cdd2088a5a9d54d62694f8c,after/syntax/html.vim,after/syntax/html.vim
Vimscript,0-10,ap-vim-css-color,cb72fb4095c588c22cdd2088a5a9d54d62694f8c,after/syntax/kitty.vim,after/syntax/kitty.vim
Vimscript,0-10,ap-vim-css-color,cb72fb4095c588c22cdd2088a5a9d54d62694f8c,after/syntax/less.vim,after/syntax/less.vim
Vimscript,0-10,ap-vim-css-color,cb72fb4095c588c22cdd2088a5a9d54d62694f8c,after/syntax/rasi.vim,after/syntax/rasi.vim
Vimscript,0-10,ap-vim-css-color,cb72fb4095c588c22cdd2088a5a9d54d62694f8c,after/syntax/sass.vim,after/syntax/sass.vim
Vimscript,0-10,ap-vim-css-color,cb72fb4095c588c22cdd2088a5a9d54d62694f8c,after/syntax/scss.vim,after/syntax/scss.vim
Vimscript,0-10,ap-vim-css-color,cb72fb4095c588c22cdd2088a5a9d54d62694f8c,after/syntax/sh.vim,after/syntax/sh.vim
Vimscript,0-10,ap-vim-css-color,cb72fb4095c588c22cdd2088a5a9d54d62694f8c,after/syntax/stylus.vim,after/syntax/stylus.vim
Vimscript,0-10,ap-vim-css-color,cb72fb4095c588c22cdd2088a5a9d54d62694f8c,after/syntax/tcsh.vim,after/syntax/tcsh.vim
Vimscript,0-10,ap-vim-css-color,cb72fb4095c588c22cdd2088a5a9d54d62694f8c,after/syntax/tmux.vim,after/syntax/tmux.vim
Vimscript,0-10,ap-vim-css-color,cb72fb4095c588c22cdd2088a5a9d54d62694f8c,after/syntax/typescript.vim,after/syntax/typescript.vim
Vimscript,0-10,ap-vim-css-color,cb72fb4095c588c22cdd2088a5a9d54d62694f8c,after/syntax/vim.vim,after/syntax/vim.vim
Vimscript,0-10,ap-vim-css-color,cb72fb4095c588c22cdd2088a5a9d54d62694f8c,after/syntax/zsh.vim,after/syntax/zsh.vim
Vimscript,0-10,ap-vim-css-color,d20cc67dc05112ee2acb6e8bfb5b1ed3396792a0,after/syntax/vim.vim,after/syntax/vim.vim
Vimscript,0-10,ap-vim-css-color,d2ccb376ebfeeef842456a7883164ef2c0d1656c,after/syntax/typescript.vim,after/syntax/typescript.vim
Vimscript,0-10,bfrg-vim-jq,5b6f0780c1be0350930d95e8e34536f5d2592aa5,ftdetect/jq.vim,ftdetect/jq.vim
Vimscript,0-10,bfrg-vim-jq,eef571e9e557ecc266377d44a55547980830e340,ftdetect/jq.vim,ftdetect/jq.vim
Vimscript,0-10,bfrg-vim-jq,fb67e341e16028fce4561a349edba25e5fd469b5,ftdetect/jq.vim,ftdetect/jq.vim
Vimscript,0-10,chikamichi-mediawiki.vim,03ed9538a8a623c3fe626d07d5085d040a2cfc65,ftdetect/mediawiki.vim,ftdetect/mediawiki.vim
Vimscript,0-10,chikamichi-mediawiki.vim,376f50afbd94c45e3e0d79e755ecbb1f51f1d47e,ftdetect/mediawiki.vim,ftdetect/mediawiki.vim
Vimscript,0-10,dag-vim2hs,4a3d965e2771279cefc07bcf74cb562468f4bf52,syntax/cabal.vim,syntax/cabal.vim
Vimscript,0-10,dag-vim2hs,877c8513e298337ace76d43f6cc3a89d011a9ba1,syntax/cabal.vim,syntax/cabal.vim
Vimscript,0-10,dag-vim2hs,9264d99f200745bdb6fa7b6adb6f67d91da27bbb,plugin/hpaste.vim,plugin/hpaste.vim
Vimscript,0-10,dag-vim2hs,fd815faf07e2c9297e4f6138e38a36630c2c4ed7,plugin/hpaste.vim,plugin/hpaste.vim
Vimscript,0-10,davidhalter-jedi-vim,2c188fea295c7e6abef7fadb3ae6548e275fa5c2,autoload/health/jedi.vim,autoload/health/jedi.vim
Vimscript,0-10,editorconfig-editorconfig-vim,1d54632f7fcad38df8e428f349bc58b15af4b206,ftdetect/editorconfig.vim,ftdetect/editorconfig.vim
Vimscript,0-10,fedorenchik-qt-support.vim,48a2de2876848705743930f0809e7d4b290b88e1,ftdetect/qmake.vim,ftdetect/qmake.vim
Vimscript,0-10,fedorenchik-qt-support.vim,c353804b35a006531990191ae975b793d2836092,plugin/synmenu.vim,plugin/synmenu.vim
Vimscript,0-10,google-vim-jsonnet,9838a6039408ae43a047694538606d7c001b64af,ftplugin/jsonnet.vim,ftplugin/jsonnet.vim
Vimscript,0-10,kana-vim-vspec,7884a62989318ed6f8973995e0836ffa4ca3f6cf,t/fixtures/invalid.vim,t/fixtures/invalid.vim
Vimscript,0-10,nfnty-vim-nftables,3d8732a7120b943c2f861c423bb30b478393b047,ftdetect/nftables.vim,ftdetect/nftables.vim
Vimscript,0-10,nfnty-vim-nftables,84793c3ec3ce80d28d34b3dec00dc7b1db61e971,ftdetect/nftables.vim,ftdetect/nftables.vim
Vimscript,0-10,nfnty-vim-nftables,90b5bff0a84736269cf76c56bbb218b593170348,ftdetect/nftables.vim,ftdetect/nftables.vim
Vimscript,0-10,nfnty-vim-nftables,fd633e84ab8648b97ba79bf604f997d26110661c,ftdetect/nftables.vim,ftdetect/nftables.vim
Vimscript,0-10,pearofducks-ansible-vim,01d0e7d4b87936d9cfe5a6038a6c9cec409a3c15,ftplugin/ansible.vim,ftplugin/ansible.vim
Vimscript,0-10,pearofducks-ansible-vim,19e6ae0f2258953591d7c674abd7aca3ceb51374,ftplugin/ansible.vim,ftplugin/ansible.vim
Vimscript,0-10,pearofducks-ansible-vim,6aac3bdcd1820810ad833053b5275e913a07ba8a,ftplugin/ansible.vim,ftplugin/ansible.vim
Vimscript,0-10,soywod-iris.vim,d3280c920dab2a9d15e5b015d87576c418e77344,autoload/iris/flag/api.vim,autoload/iris/flag/api.vim
Vimscript,0-10,soywod-iris.vim,d3280c920dab2a9d15e5b015d87576c418e77344,autoload/iris/folder/api.vim,autoload/iris/folder/api.vim
Vimscript,0-10,soywod-iris.vim,d3280c920dab2a9d15e5b015d87576c418e77344,syntax/iris-preview.vim,syntax/iris-preview.vim
Vimscript,0-10,thinca-vim-themis,00af3ae4b74904ac5570cde42a70435648784330,test/fixture/scope.vim,test/fixture/scope.vim
Vimscript,0-10,thinca-vim-themis,62ec8e798c512f9498b26f72c20e48074abedfdd,test/fixture/scope.vim,test/fixture/scope.vim
Vimscript,0-10,tmatilai-gitolite.vim,6cf8c2641a5b3e231c2f1eeacbb41773df63f5db,ftdetect/gitolite.vim,ftdetect/gitolite.vim
Vimscript,0-10,tmux-plugins-vim-tmux,48f886e2f9d4d8143573ae69711a4f95f0c99f2e,ftdetect/tmux.vim,ftdetect/tmux.vim
Vimscript,0-10,tree-sitter-grammars-tree-sitter-vim,07b908dd806dcc137c77f7c89330fdf2fdddce8d,test/highlight/comment.vim,test/highlight/comment.vim
Vimscript,0-10,tree-sitter-grammars-tree-sitter-vim,07b908dd806dcc137c77f7c89330fdf2fdddce8d,test/highlight/eval.vim,test/highlight/eval.vim
Vimscript,0-10,tree-sitter-grammars-tree-sitter-vim,07b908dd806dcc137c77f7c89330fdf2fdddce8d,test/highlight/let_statement.vim,test/highlight/let_statement.vim
Vimscript,0-10,tree-sitter-grammars-tree-sitter-vim,c645023181f5bd292323e19e9ecf1929f669287a,test/highlight/comment.vim,test/highlight/comment.vim
Vimscript,0-10,udalov-kotlin-vim,0a900d06a2a8851715e206fc0c2ff17eb9f63b5a,ftplugin/kotlin.vim,ftplugin/kotlin.vim
Vimscript,0-10,udalov-kotlin-vim,0d4d82fe27f117ec48e20241bf27cbda02009215,ftplugin/kotlin.vim,ftplugin/kotlin.vim
Vimscript,0-10,udalov-kotlin-vim,4188c157147fa1f3104edac7f52b41c8f18c6d8b,ftplugin/kotlin.vim,ftplugin/kotlin.vim
Vimscript,0-10,udalov-kotlin-vim,aea4336a1d66d91f1e87e8ebf2b33fd506bad74e,ftplugin/kotlin.vim,ftplugin/kotlin.vim
Vimscript,0-10,vala-lang-vala.vim,e45abee5be9a3fc30171b03529edb1b93b25b6a0,ftdetect/vala.vim,ftdetect/vala.vim
Vimscript,0-10,vala-lang-vala.vim,f32a548f638299e4e6fe25064029625729a4fa1b,ftdetect/vala.vim,ftdetect/vala.vim
Vimscript,0-10,vim-crystal-vim-crystal,a77f912702a9f3d060ce9c333221ba17c8409cef,ftdetect/crystal.vim,ftdetect/crystal.vim
Vimscript,0-10,vim-crystal-vim-crystal,dc21188ec8c2ee77bb81dffca02e1a29d87cfd9f,ftdetect/crystal.vim,ftdetect/crystal.vim
Vimscript,0-10,vim-scripts-VimClojure,181913d810270d29bb2e93f08a398247751cb158,ftdetect/clojure.vim,ftdetect/clojure.vim
Vimscript,0-10,xolox-vim-misc,038faedc0767141dd4469978bc6575807fa3eb31,autoload/xolox/misc.vim,autoload/xolox/misc.vim
Vimscript,0-10,xolox-vim-misc,14ddee7bb3e4f921276273b3b9e85da1996ee65a,autoload/xolox/misc.vim,autoload/xolox/misc.vim
Vimscript,0-10,xolox-vim-misc,1e4f278321460a1b53d362765666e8d25df4ac14,autoload/xolox/misc.vim,autoload/xolox/misc.vim
Vimscript,0-10,xolox-vim-misc,2a8eaa7f59c2967267e933a481ee36845e124adb,autoload/xolox/misc.vim,autoload/xolox/misc.vim
Vimscript,0-10,xolox-vim-misc,37211f3d9058bc7909adfabc53d11d1f8b595720,autoload/xolox/misc.vim,autoload/xolox/misc.vim
Vimscript,0-10,xolox-vim-misc,3d246a66c42ee77edcc6d849252cdefafb309b4f,autoload/xolox/misc.vim,autoload/xolox/misc.vim
Vimscript,0-10,xolox-vim-misc,3e2619ebffcb46ef3ef29989dcd828e09b6ef532,autoload/xolox/misc.vim,autoload/xolox/misc.vim
Vimscript,0-10,xolox-vim-misc,3e6b8fb6f03f13434543ce1f5d24f6a5d3f34f0b,autoload/xolox/misc.vim,autoload/xolox/misc.vim
Vimscript,0-10,xolox-vim-misc,473381c9b0c3f10d62ebea3a8cece6dade3740c9,autoload/xolox/misc.vim,autoload/xolox/misc.vim
Vimscript,0-10,xolox-vim-misc,5082965f34cc3c88789b0482448dc74c4c957c01,autoload/xolox/misc.vim,autoload/xolox/misc.vim
Vimscript,0-10,xolox-vim-misc,640bc142fbbbe4318f01a5a81a9fb6b548f6c0be,autoload/xolox/misc.vim,autoload/xolox/misc.vim
Vimscript,0-10,xolox-vim-misc,6ce98ee6315bbab040aa7e3c78f72b883c8dbc23,autoload/xolox/misc.vim,autoload/xolox/misc.vim
Vimscript,0-10,xolox-vim-misc,6fe6e2648070af3c81e88c6c81b0d6d0a5f1a2ed,autoload/xolox/misc.vim,autoload/xolox/misc.vim
Vimscript,0-10,xolox-vim-misc,732cc21c735979b11f8900b8a0d8d289f4b44a8b,autoload/xolox/misc.vim,autoload/xolox/misc.vim
Vimscript,0-10,xolox-vim-misc,78a6ee0a73edce1bb1572ce3f146ae73a45b580e,autoload/xolox/misc.vim,autoload/xolox/misc.vim
Vimscript,0-10,xolox-vim-misc,7c7d70f9ff4970ca511e7bc684b2fd023d36f2c4,autoload/xolox/misc.vim,autoload/xolox/misc.vim
Vimscript,0-10,xolox-vim-misc,8076e726cc3953265353667f1fd1eec9d6767af6,autoload/xolox/misc.vim,autoload/xolox/misc.vim
Vimscript,0-10,xolox-vim-misc,8176763212e120b5fb1cfb1ee9bbe31f05bb1b88,autoload/xolox/misc.vim,autoload/xolox/misc.vim
Vimscript,0-10,xolox-vim-misc,81fdec8317a53695fb9d27eaad344da55eb159e6,autoload/xolox/misc.vim,autoload/xolox/misc.vim
Vimscript,0-10,xolox-vim-misc,8a2773d0e93b3931aa767260e38244efaa434d96,autoload/xolox/misc.vim,autoload/xolox/misc.vim
Vimscript,0-10,xolox-vim-misc,8dde3d1a3090979fd97565382a31bba33238c74c,autoload/xolox/misc.vim,autoload/xolox/misc.vim
Vimscript,0-10,xolox-vim-misc,9d1f006e53dcce4ff9eb9e2ed5fff0115c12fb58,autoload/xolox/misc.vim,autoload/xolox/misc.vim
Vimscript,0-10,xolox-vim-misc,ac6fc9367d686b8536c0f261fdc08477431c1226,autoload/xolox/misc.vim,autoload/xolox/misc.vim
Vimscript,0-10,xolox-vim-misc,aea5599d8783446c364c3969b32820b1bef94c1f,autoload/xolox/misc.vim,autoload/xolox/misc.vim
Vimscript,0-10,xolox-vim-misc,c0e7620ccb8164d8465a38c4059fb1c159811920,autoload/xolox/misc.vim,autoload/xolox/misc.vim
Vimscript,0-10,xolox-vim-misc,cf92d5a6a1c1b569ce82f943c3c1294c69dc6c95,autoload/xolox/misc.vim,autoload/xolox/misc.vim
Vimscript,0-10,xolox-vim-misc,d250b06df7255f021b999b74c58f88287c929190,autoload/xolox/misc.vim,autoload/xolox/misc.vim
Vimscript,0-10,xolox-vim-misc,d780f0a2e35e810b93676a78f23a90c11f2f9ca1,autoload/xolox/misc.vim,autoload/xolox/misc.vim
Vimscript,0-10,xolox-vim-misc,e3f28a74c472265c15a593e1c5523b65313feaf4,autoload/xolox/misc.vim,autoload/xolox/misc.vim
Vimscript,0-10,xolox-vim-misc,e5b41ce81a7fbf73f46b0b230947de772a5452f7,autoload/xolox/misc.vim,autoload/xolox/misc.vim
Vimscript,0-10,xolox-vim-misc,ec5942fe1bd83d0dba90a9b841940d0bb858d73c,autoload/xolox/misc.vim,autoload/xolox/misc.vim
Vimscript,0-10,xolox-vim-misc,fc75b64295ec9bb7e4e7835a13a1d7536d0c92fa,autoload/xolox/misc.vim,autoload/xolox/misc.vim
Vimscript,0-10,zah-nim.vim,7d1211cc1588d8970e44435c612405f41ab5a36b,ftdetect/nim.vim,ftdetect/nim.vim
Vimscript,0-10,zah-nim.vim,d37b22898530c8bfb0f2c3c97e6bec169eaf426f,ftdetect/nim.vim,ftdetect/nim.vim
Vimscript,0-10,zah-nim.vim,dcf25798f4a3f75e9538f9915959061edbff97cf,ftdetect/nim.vim,ftdetect/nim.vim
Vimscript,0-10,zah-nim.vim,eecfe9b81fe702bcb445c34eb77af689f2d6a451,ftdetect/nimrod.vim,ftdetect/nimrod.vim
Vimscript,10-30,ConradIrwin-vim-bracketed-paste,895b79ae0f2da153712f43380fe7706fed933430,plugin/bracketed-paste.vim,plugin/bracketed-paste.vim
Vimscript,10-30,ConradIrwin-vim-bracketed-paste,f1ed7e4d0e13d40fdecb4640e0f3770b11a40d9c,plugin/bracketed-paste.vim,plugin/bracketed-paste.vim
Vimscript,10-30,Glench-Vim-Jinja2-Syntax,2493d29ddc464e367e8decd0e826a98248d400ef,ftdetect/jinja.vim,ftdetect/jinja.vim
Vimscript,10-30,Glench-Vim-Jinja2-Syntax,2d1439ca8242e6b328a6250943371d2f26ca5b16,indent/jinja.vim,indent/jinja.vim
Vimscript,10-30,Glench-Vim-Jinja2-Syntax,403d2f09e3e0233adfb8cefb34d1e44695ddaebf,ftdetect/jinja.vim,ftdetect/jinja.vim
Vimscript,10-30,Glench-Vim-Jinja2-Syntax,56296ad60beda3a075aabb93bed1a222dd95cae2,ftdetect/jinja.vim,ftdetect/jinja.vim
Vimscript,10-30,Glench-Vim-Jinja2-Syntax,592585bd1b205d94923bf86048992c25f412458f,ftdetect/jinja.vim,ftdetect/jinja.vim
Vimscript,10-30,Glench-Vim-Jinja2-Syntax,9d4d50825b519feea7fa16c47072e2f29e4627d3,ftdetect/jinja.vim,ftdetect/jinja.vim
Vimscript,10-30,Glench-Vim-Jinja2-Syntax,c7217b0bc763e2f2c31f61b2b489227288be451c,ftdetect/jinja.vim,ftdetect/jinja.vim
Vimscript,10-30,Glench-Vim-Jinja2-Syntax,cd1a519385b707c862aa38697d654610413fc320,ftdetect/jinja.vim,ftdetect/jinja.vim
Vimscript,10-30,Glench-Vim-Jinja2-Syntax,cd275f46e24f4eb5ffbe56e65daaa5b779217178,ftdetect/jinja.vim,ftdetect/jinja.vim
Vimscript,10-30,HerringtonDarkholme-yats.vim,10db07f55db7b922a7e41f9f6ef7b840648d3937,syntax/yats/dom-elem.vim,syntax/yats/dom-elem.vim
Vimscript,10-30,HerringtonDarkholme-yats.vim,10db07f55db7b922a7e41f9f6ef7b840648d3937,syntax/yats/dom-node.vim,syntax/yats/dom-node.vim
Vimscript,10-30,HerringtonDarkholme-yats.vim,10db07f55db7b922a7e41f9f6ef7b840648d3937,syntax/yats/dom-storage.vim,syntax/yats/dom-storage.vim
Vimscript,10-30,HerringtonDarkholme-yats.vim,10db07f55db7b922a7e41f9f6ef7b840648d3937,syntax/yats/es6-map.vim,syntax/yats/es6-map.vim
Vimscript,10-30,HerringtonDarkholme-yats.vim,10db07f55db7b922a7e41f9f6ef7b840648d3937,syntax/yats/es6-math.vim,syntax/yats/es6-math.vim
Vimscript,10-30,HerringtonDarkholme-yats.vim,10db07f55db7b922a7e41f9f6ef7b840648d3937,syntax/yats/es6-number.vim,syntax/yats/es6-number.vim
Vimscript,10-30,HerringtonDarkholme-yats.vim,10db07f55db7b922a7e41f9f6ef7b840648d3937,syntax/yats/es6-object.vim,syntax/yats/es6-object.vim
Vimscript,10-30,HerringtonDarkholme-yats.vim,10db07f55db7b922a7e41f9f6ef7b840648d3937,syntax/yats/es6-regexp.vim,syntax/yats/es6-regexp.vim
Vimscript,10-30,HerringtonDarkholme-yats.vim,10db07f55db7b922a7e41f9f6ef7b840648d3937,syntax/yats/es6-set.vim,syntax/yats/es6-set.vim
Vimscript,10-30,HerringtonDarkholme-yats.vim,10db07f55db7b922a7e41f9f6ef7b840648d3937,syntax/yats/es6-string.vim,syntax/yats/es6-string.vim
Vimscript,10-30,HerringtonDarkholme-yats.vim,10db07f55db7b922a7e41f9f6ef7b840648d3937,syntax/yats/web-fetch.vim,syntax/yats/web-fetch.vim
Vimscript,10-30,HerringtonDarkholme-yats.vim,10db07f55db7b922a7e41f9f6ef7b840648d3937,syntax/yats/web-location.vim,syntax/yats/web-location.vim
Vimscript,10-30,HerringtonDarkholme-yats.vim,10db07f55db7b922a7e41f9f6ef7b840648d3937,syntax/yats/web-navigator.vim,syntax/yats/web-navigator.vim
Vimscript,10-30,HerringtonDarkholme-yats.vim,10db07f55db7b922a7e41f9f6ef7b840648d3937,syntax/yats/web-service-worker.vim,syntax/yats/web-service-worker.vim
Vimscript,10-30,HerringtonDarkholme-yats.vim,34b911e8ef6a8f723c7b6061677cee3f9e20ff91,syntax/yats/es6-object.vim,syntax/yats/es6-object.vim
Vimscript,10-30,HerringtonDarkholme-yats.vim,34b911e8ef6a8f723c7b6061677cee3f9e20ff91,syntax/yats/es6-symbol.vim,syntax/yats/es6-symbol.vim
Vimscript,10-30,HerringtonDarkholme-yats.vim,41384068d1b540e0609293e930ae01a9d74ec176,syntax/yats/es6-string.vim,syntax/yats/es6-string.vim
Vimscript,10-30,HerringtonDarkholme-yats.vim,d3687891bdd333de4d831b6c7859e15d9ed3c4b2,compiler/typescript.vim,compiler/typescript.vim
Vimscript,10-30,Kuniwak-vint,3abb8af56407c31ccd67a722768208730970dd66,test/fixture/policy/prohibit_equal_tilde_operator_invalid.vim,test/fixture/policy/prohibit_equal_tilde_operator_invalid.vim
Vimscript,10-30,Kuniwak-vint,4b4bc15c1bd1a3d0cd8afe1e900e03f3ccc74a0f,test/fixture/policy/prohibit_unnecessary_double_quote_valid.vim,test/fixture/policy/prohibit_unnecessary_double_quote_valid.vim
Vimscript,10-30,Kuniwak-vint,efff450ae8c88935af05d2fb0a4373df52eb48d4,test/fixture/policy/prohibit_implicit_scope_variable_invalid.vim,test/fixture/policy/prohibit_implicit_scope_variable_invalid.vim
Vimscript,10-30,WolfgangMehner-perl-support,4f18248be7819cc1bd875941cd031997a1d2d658,ftplugin/qf.vim,ftplugin/qf.vim
Vimscript,10-30,ap-vim-css-color,23b2648a9b16294c893c320c33ba616c4652add2,after/syntax/javascript.vim,after/syntax/javascript.vim
Vimscript,10-30,ap-vim-css-color,5a31c72cc51cb11118e44fb50ff77fc596348f77,after/syntax/javascript.vim,after/syntax/javascript.vim
Vimscript,10-30,ap-vim-css-color,b11446ca5c0f1d37ba4024cf5f2690b84a2ebfe7,after/syntax/javascript.vim,after/syntax/javascript.vim
Vimscript,10-30,c9s-perlomni.vim,f6ce1eb7d715ebb631a5547a8e260d8733cb9387,plugin/perlomni-data.vim,plugin/perlomni-data.vim
Vimscript,10-30,dag-vim2hs,6646a392c68bdb9f9744b876f68366a39a60265f,autoload/vim2hs/haskell/markdown.vim,autoload/vim2hs/haskell/markdown.vim
Vimscript,10-30,dag-vim2hs,6646a392c68bdb9f9744b876f68366a39a60265f,autoload/vim2hs/jmacro.vim,autoload/vim2hs/jmacro.vim
Vimscript,10-30,dag-vim2hs,d57bd3b58e029164819b4c51a7fe6ae3d35090bb,ftplugin/haskell.vim,ftplugin/haskell.vim
Vimscript,10-30,davidhalter-jedi-vim,48b3e5c0e7cae713fe2dd85e3219e0be9cfcd7bc,test/vspec/choose-venv.vim,test/vspec/choose-venv.vim
Vimscript,10-30,dense-analysis-ale,260c756a9b1d92c09adbbb4b366eb27e7336ddf3,autoload/ale/fixers/biome.vim,autoload/ale/fixers/biome.vim
Vimscript,10-30,dense-analysis-ale,86d8ada5cb1dce635cf2dd8a09ee21a349b7b9c3,autoload/ale/fixers/tombi_format.vim,autoload/ale/fixers/tombi_format.vim
Vimscript,10-30,dense-analysis-ale,86d8ada5cb1dce635cf2dd8a09ee21a349b7b9c3,autoload/ale/fixers/tombi_lint.vim,autoload/ale/fixers/tombi_lint.vim
Vimscript,10-30,dense-analysis-ale,de2d3da73834d36defba03865bed733c2a77ce4a,ale_linters/html/stylelint.vim,ale_linters/html/stylelint.vim
Vimscript,10-30,dense-analysis-ale,de2d3da73834d36defba03865bed733c2a77ce4a,ale_linters/less/stylelint.vim,ale_linters/less/stylelint.vim
Vimscript,10-30,dense-analysis-ale,de2d3da73834d36defba03865bed733c2a77ce4a,ale_linters/scss/stylelint.vim,ale_linters/scss/stylelint.vim
Vimscript,10-30,dense-analysis-ale,de2d3da73834d36defba03865bed733c2a77ce4a,ale_linters/sugarss/stylelint.vim,ale_linters/sugarss/stylelint.vim
Vimscript,10-30,fedorenchik-qt-support.vim,628fac018e06c1e776680d641d1d3cee7f2b1ecc,ftplugin/qmake.vim,ftplugin/qmake.vim
Vimscript,10-30,garbas-vim-snipmate,a9addca9f1b5b6c0b79917a5c0b53305d84d0cd9,autoload/snipmate/util.vim,autoload/snipmate/util.vim
Vimscript,10-30,google-vim-jsonnet,5d44943e4ba4e1c2269368399bdde63961a74aac,ftdetect/jsonnet.vim,ftdetect/jsonnet.vim
Vimscript,10-30,google-vim-jsonnet,6ac3486c47b7d32b9da8dc87307242e65de72cbb,ftplugin/jsonnet.vim,ftplugin/jsonnet.vim
Vimscript,10-30,gregsexton-gitv,03c52579cb7850c4b2523cd48c637a7f3493d390,autoload/gitv/util/line.vim,autoload/gitv/util/line.vim
Vimscript,10-30,gregsexton-gitv,4b7ecf354726a3d31d0ad9090efd27a79c850a35,autoload/gitv/util/line.vim,autoload/gitv/util/line.vim
Vimscript,10-30,gregsexton-gitv,fba7eee30b6a4e52e04efc1258f64352db1810b3,autoload/gitv/util/line.vim,autoload/gitv/util/line.vim
Vimscript,10-30,idanarye-vim-merginal,0e96c3b589bc611fee41bcf02074c4e251588e0f,autoload/merginal/buffers/mergeConflicts.vim,autoload/merginal/buffers/mergeConflicts.vim
Vimscript,10-30,idanarye-vim-merginal,13e8f2801022f8f800a8d42f2f3974a9ee29c31a,plugin/merginal.vim,plugin/merginal.vim
Vimscript,10-30,idanarye-vim-merginal,c0c3d228b8ed0fc7ad3051035a973cc1302dd873,autoload/merginal/buffers/mergeConflicts.vim,autoload/merginal/buffers/mergeConflicts.vim
Vimscript,10-30,kana-vim-vspec,2c467619b3b4052ce7c2c4031d63eefdcc7700cd,bin/vspec-bootstrap.vim,bin/vspec-bootstrap.vim
Vimscript,10-30,kana-vim-vspec,6a6e66fa2822841f19d938ac9daa2c0f6275fff0,t/fixtures/sample.vim,t/fixtures/sample.vim
Vimscript,10-30,kana-vim-vspec,749d50320d980a623c97c797864b892a92638987,bin/vspec-bootstrap.vim,bin/vspec-bootstrap.vim
Vimscript,10-30,kana-vim-vspec,de1d67d96c20c2698c50ce289f2f651b396e27ad,bin/vspec-bootstrap.vim,bin/vspec-bootstrap.vim
Vimscript,10-30,luochen1990-rainbow,ead884a619db22bece111a1519e22779b06ee394,plugin/rainbow_main.vim,plugin/rainbow_main.vim
Vimscript,10-30,m-pilia-vim-mediawiki,f18d06813de9c049d7cbfa701f38612abd2cbb80,autoload/mediawiki.vim,autoload/mediawiki.vim
Vimscript,10-30,mattn-gist-vim,2158eceb210b0a354bc17aa4144554e5d8bb6c79,plugin/gist.vim,plugin/gist.vim
Vimscript,10-30,mattn-gist-vim,8a567b823163d349406dffaff4519e0bac10eade,plugin/gist.vim,plugin/gist.vim
Vimscript,10-30,mattn-gist-vim,c39e5e317d88da71da338c07af492c7a27efcf0a,plugin/gist.vim,plugin/gist.vim
Vimscript,10-30,mattn-gist-vim,e16584ac61b43426435fa4253deb6a63266135db,plugin/gist.vim,plugin/gist.vim
Vimscript,10-30,nfnty-vim-nftables,90b5bff0a84736269cf76c56bbb218b593170348,ftplugin/nftables.vim,ftplugin/nftables.vim
Vimscript,10-30,nfnty-vim-nftables,aad8540ef56f495baa589f646edc1253db990f1a,ftdetect/nftables.vim,ftdetect/nftables.vim
Vimscript,10-30,nfnty-vim-nftables,bc9c2d2252db2235062999f0f7dd2cbaf77b9f55,indent/nftables.vim,indent/nftables.vim
Vimscript,10-30,ranger-ranger,996b941650767cb5baf64d9b3f3e1e2bb0648aaf,examples/vim_file_chooser.vim,examples/vim_file_chooser.vim
Vimscript,10-30,rust-lang-rust.vim,0dabf6a2ecfe671e0cab945ba980ad19bbcfa8ca,autoload/rust/tags.vim,autoload/rust/tags.vim
Vimscript,10-30,rust-lang-rust.vim,c28ed1baa8ca2408078d81c77d47c60521be0c2e,autoload/cargo/quickfix.vim,autoload/cargo/quickfix.vim
Vimscript,10-30,soywod-iris.vim,1965c4e2bef169f15dcb32603d9b1e3484951cff,autoload/iris/folder/ui.vim,autoload/iris/folder/ui.vim
Vimscript,10-30,soywod-iris.vim,202186030b66c3a97489f94d3c3852b5e4027f74,ftplugin/iris-list.vim,ftplugin/iris-list.vim
Vimscript,10-30,soywod-iris.vim,57d3ac2e1785fc4378b8ead7e5c85d2117bd91e7,ftplugin/iris-list.vim,ftplugin/iris-list.vim
Vimscript,10-30,soywod-iris.vim,57d3ac2e1785fc4378b8ead7e5c85d2117bd91e7,plugin/iris.vim,plugin/iris.vim
Vimscript,10-30,soywod-iris.vim,6527200e8010715f9354465c9d129ee19f1a990e,ftplugin/iris-list.vim,ftplugin/iris-list.vim
Vimscript,10-30,soywod-iris.vim,6527200e8010715f9354465c9d129ee19f1a990e,plugin/iris.vim,plugin/iris.vim
Vimscript,10-30,soywod-iris.vim,82360c8c95e134b7a1ebac561e7cb7fd9d094824,autoload/iris/job/neovim.vim,autoload/iris/job/neovim.vim
Vimscript,10-30,soywod-iris.vim,9b499e826203826eb5e15581afd63c135548ad86,autoload/iris/job.vim,autoload/iris/job.vim
Vimscript,10-30,soywod-iris.vim,9b499e826203826eb5e15581afd63c135548ad86,autoload/iris/job/vim8.vim,autoload/iris/job/vim8.vim
Vimscript,10-30,soywod-iris.vim,b68f37f6e059d0d7ed0fceb99a0ebf1045222617,ftplugin/iris-list.vim,ftplugin/iris-list.vim
Vimscript,10-30,soywod-iris.vim,c6eb107da087979c9c868904f83cf574d3b8e795,plugin/iris.vim,plugin/iris.vim
Vimscript,10-30,soywod-iris.vim,d3280c920dab2a9d15e5b015d87576c418e77344,autoload/iris/api_neovim.vim,autoload/iris/api/neovim.vim
Vimscript,10-30,soywod-iris.vim,d3280c920dab2a9d15e5b015d87576c418e77344,autoload/iris/folder/ui.vim,autoload/iris/folder/ui.vim
Vimscript,10-30,soywod-iris.vim,d3280c920dab2a9d15e5b015d87576c418e77344,ftplugin/iris-edit.vim,ftplugin/iris-edit.vim
Vimscript,10-30,soywod-iris.vim,d3280c920dab2a9d15e5b015d87576c418e77344,ftplugin/iris-list.vim,ftplugin/iris-list.vim
Vimscript,10-30,soywod-iris.vim,d3280c920dab2a9d15e5b015d87576c418e77344,syntax/iris-edit.vim,syntax/iris-edit.vim
Vimscript,10-30,soywod-iris.vim,d3280c920dab2a9d15e5b015d87576c418e77344,syntax/iris-list.vim,syntax/iris-list.vim
Vimscript,10-30,soywod-iris.vim,d4dd8c33c3b2d0555d0103eaf7a78a2905887b47,syntax/iris-list.vim,syntax/iris-list.vim
Vimscript,10-30,soywod-iris.vim,f4ccdbc4f93be83dd8eca79f1dfabcec191f69c2,ftplugin/iris-list.vim,ftplugin/iris-list.vim
Vimscript,10-30,soywod-iris.vim,f4ccdbc4f93be83dd8eca79f1dfabcec191f69c2,plugin/iris.vim,plugin/iris.vim
Vimscript,10-30,soywod-iris.vim,f7c417bc453c7ecfb16ef545adaee5454b42311a,ftplugin/iris-list.vim,ftplugin/iris-list.vim
Vimscript,10-30,soywod-iris.vim,f9591d888d3ad888a99266ef9dc3bb1b0c5327c6,ftplugin/iris-list.vim,ftplugin/iris-list.vim
Vimscript,10-30,soywod-iris.vim,f9591d888d3ad888a99266ef9dc3bb1b0c5327c6,ftplugin/iris-preview.vim,ftplugin/iris-preview.vim
Vimscript,10-30,soywod-iris.vim,f9591d888d3ad888a99266ef9dc3bb1b0c5327c6,plugin/iris.vim,plugin/iris.vim
Vimscript,10-30,thinca-vim-themis,00af3ae4b74904ac5570cde42a70435648784330,autoload/themis/helper/scope.vim,autoload/themis/helper/scope.vim
Vimscript,10-30,thinca-vim-themis,62ec8e798c512f9498b26f72c20e48074abedfdd,autoload/themis/helper/scope.vim,autoload/themis/helper/scope.vim
Vimscript,10-30,thinca-vim-themis,78b87728752ccab83bf6a06d65e214d3ada55977,autoload/themis/helper/scope.vim,autoload/themis/helper/scope.vim
Vimscript,10-30,thinca-vim-themis,78b87728752ccab83bf6a06d65e214d3ada55977,ftplugin/vimspec.vim,ftplugin/vimspec.vim
Vimscript,10-30,thinca-vim-themis,97b5c971cbbf40f422d09dd5160e138547a5b386,autoload/themis/helper/scope.vim,autoload/themis/helper/scope.vim
Vimscript,10-30,thinca-vim-themis,9d1f275130e93f083c7c6e78dbe77eb15502e678,ftplugin/vimspec.vim,ftplugin/vimspec.vim
Vimscript,10-30,thinca-vim-themis,bba489b6798f594332fa1a48a28e036321a7b4bc,ftplugin/vimspec.vim,ftplugin/vimspec.vim
Vimscript,10-30,thinca-vim-themis,ed434d240f52cf99311874c18747217d1767366c,ftplugin/vimspec.vim,ftplugin/vimspec.vim
Vimscript,10-30,tmux-plugins-vim-tmux,bc7f39f0564c33cc8ba8df52575e908892fc6982,compiler/tmux.vim,compiler/tmux.vim
Vimscript,10-30,tmux-plugins-vim-tmux,be2c01cd7f4b1a350ae8e715e3249d77cf8c2c32,ftplugin/tmux.vim,ftplugin/tmux.vim
Vimscript,10-30,tmux-plugins-vim-tmux,e9b0d6b687759d963047680a7e62616884d54feb,ftplugin/tmux.vim,ftplugin/tmux.vim
Vimscript,10-30,tomtom-tcomment_vim,2b8c99913d78a2a5b20a00090f243c4fb86e8fce,autoload/tcomment/debug.vim,autoload/tcomment/debug.vim
Vimscript,10-30,tomtom-tcomment_vim,740b94b4099c32df914c325c6a492e6db70b7cda,autoload/tcomment/debug.vim,autoload/tcomment/debug.vim
Vimscript,10-30,tomtom-tcomment_vim,91305baa14281a5fcbccf16fdd6ad0392ddae3c4,autoload/tcomment/format.vim,autoload/tcomment/format.vim
Vimscript,10-30,tree-sitter-grammars-tree-sitter-vim,07b908dd806dcc137c77f7c89330fdf2fdddce8d,test/highlight/filetype_statement.vim,test/highlight/filetype_statement.vim
Vimscript,10-30,tree-sitter-grammars-tree-sitter-vim,07b908dd806dcc137c77f7c89330fdf2fdddce8d,test/highlight/loops.vim,test/highlight/loops.vim
Vimscript,10-30,tree-sitter-grammars-tree-sitter-vim,07b908dd806dcc137c77f7c89330fdf2fdddce8d,test/highlight/source.vim,test/highlight/source.vim
Vimscript,10-30,tree-sitter-grammars-tree-sitter-vim,07b908dd806dcc137c77f7c89330fdf2fdddce8d,test/highlight/statements.vim,test/highlight/statements.vim
Vimscript,10-30,udalov-kotlin-vim,089ed3048a05576b4e9c218b6093ea1272f0b812,ftplugin/kotlin.vim,ftplugin/kotlin.vim
Vimscript,10-30,udalov-kotlin-vim,1ce19a8d731a1b17493fd19e2a8c9a86108e0f8e,ftplugin/kotlin.vim,ftplugin/kotlin.vim
Vimscript,10-30,udalov-kotlin-vim,1fb9b38dd83297f5678c3c1a5a5603f3f8d6e811,ftplugin/kotlin.vim,ftplugin/kotlin.vim
Vimscript,10-30,vala-lang-vala.vim,13e5c48cb2651207f65b671566a13c627b87720b,plugin/vala.vim,plugin/vala.vim
Vimscript,10-30,vala-lang-vala.vim,e45abee5be9a3fc30171b03529edb1b93b25b6a0,ftplugin/vala.vim,plugin/vala.vim
Vimscript,10-30,vim-airline-vim-airline,e40a696db0cb8ae412bceee93c94ff27091151ee,autoload/airline/extensions/obsession.vim,autoload/airline/extensions/obsession.vim
Vimscript,10-30,vim-crystal-vim-crystal,b348dee81480b06c6e530b69b14ab7c4a0a2af8e,plugin/crystal.vim,plugin/crystal.vim
Vimscript,10-30,vim-syntastic-syntastic,a739985ef9fbb9888bdeea2f442d0574a9db0565,syntax_checkers/perl6/perl6.vim,syntax_checkers/perl6/perl6.vim
Vimscript,10-30,vmware-archive-salt-vim,05505d8a9bd537af54ef1d13feaa2270bf619fee,ftdetect/sls.vim,ftdetect/sls.vim
Vimscript,10-30,xolox-vim-misc,5082965f34cc3c88789b0482448dc74c4c957c01,autoload/xolox/misc/str.vim,autoload/xolox/misc/str.vim
Vimscript,10-30,xolox-vim-reload,2cad05a933ade05c8540f787f0bd7d5e76ae5db2,autoload/xolox/misc/compat.vim,autoload/xolox/misc/compat.vim
Vimscript,10-30,xolox-vim-reload,38ded48ec0430c360abcdecd4e23cd21ea2779f8,autoload/xolox/misc/compat.vim,autoload/xolox/misc/compat.vim
Vimscript,10-30,xolox-vim-reload,bc108a798eef89cbfe3c0daaa1729f77a0c18b3e,str.vim,str.vim
Vimscript,10-30,xolox-vim-reload,ed942d165f9e2b49666e5e621663cfbf45d3a5e0,autoload/xolox/misc/complete.vim,autoload/xolox/misc/complete.vim
Vimscript,10-30,xolox-vim-reload,ed942d165f9e2b49666e5e621663cfbf45d3a5e0,autoload/xolox/misc/str.vim,autoload/xolox/misc/str.vim
Vimscript,10-30,xolox-vim-reload,ef2006272479307f86e45a93b55fee4c0f798580,autoload/xolox/misc/compat.vim,autoload/xolox/misc/compat.vim
Vimscript,10-30,xolox-vim-reload,f7ed989081e98df4eceaf21bc23197abeba332ef,autoload/xolox/misc/compat.vim,autoload/xolox/misc/compat.vim
Vimscript,10-30,xolox-vim-session,2cad05a933ade05c8540f787f0bd7d5e76ae5db2,autoload/xolox/misc/compat.vim,autoload/xolox/misc/compat.vim
Vimscript,10-30,xolox-vim-session,bc108a798eef89cbfe3c0daaa1729f77a0c18b3e,str.vim,str.vim
Vimscript,10-30,xolox-vim-session,ed942d165f9e2b49666e5e621663cfbf45d3a5e0,autoload/xolox/misc/complete.vim,autoload/xolox/misc/complete.vim
Vimscript,10-30,xolox-vim-session,ef2006272479307f86e45a93b55fee4c0f798580,autoload/xolox/misc/compat.vim,autoload/xolox/misc/compat.vim
Vimscript,10-30,xolox-vim-session,f7ed989081e98df4eceaf21bc23197abeba332ef,autoload/xolox/misc/compat.vim,autoload/xolox/misc/compat.vim
Vimscript,10-30,zah-nim.vim,d37b22898530c8bfb0f2c3c97e6bec169eaf426f,ftplugin/nim.vim,ftplugin/nim.vim
Vimscript,10-30,zah-nim.vim,dcf25798f4a3f75e9538f9915959061edbff97cf,compiler/nim.vim,compiler/nim.vim
Vimscript,10-30,zah-nim.vim,dfe55309a4961ac9143635e2c6b935214907315d,compiler/nim.vim,compiler/nim.vim
Vimscript,10-30,zah-nim.vim,eecfe9b81fe702bcb445c34eb77af689f2d6a451,compiler/nimrod.vim,compiler/nimrod.vim
Vimscript,100-300,Glench-Vim-Jinja2-Syntax,d6bfac205206bd7cade43f5f3073f07455001977,syntax/jinja.vim,syntax/jinja.vim
Vimscript,100-300,HerringtonDarkholme-yats.vim,10db07f55db7b922a7e41f9f6ef7b840648d3937,syntax/yats/web.vim,syntax/yats/web.vim
Vimscript,100-300,KeitaNakamura-tex-conceal.vim,5c90bb66bf2ab837387e0d3637fbdc1267c150aa,after/syntax/tex.vim,after/syntax/tex.vim
Vimscript,100-300,KeitaNakamura-tex-conceal.vim,b2c840b7dec05030efa678bf10870afc53313735,after/syntax/tex.vim,after/syntax/tex.vim
Vimscript,100-300,KeitaNakamura-tex-conceal.vim,f71c69f3f0fa367e6ec6feb91ddf6136def2f8a2,after/syntax/tex.vim,after/syntax/tex.vim
Vimscript,100-300,PAntoine-vimgitlog,20423d1e716aa70b2103aeb5f32eb57a73a6241d,syntax/gitlog.vim,syntax/gitlog.vim
Vimscript,100-300,WolfgangMehner-perl-support,397d029590aea1c06029cb60b354d66018569dbf,autoload/mmtemplates/config.vim,autoload/mmtemplates/config.vim
Vimscript,100-300,WolfgangMehner-perl-support,80cc242c887eb03aff03830db4119d1d64cba0cd,syntax/template.vim,syntax/template.vim
Vimscript,100-300,Xuyuanp-nerdtree-git-plugin,03ba4761aea53100476a8a0f6c0bae69d83290d1,autoload/gitstatus/util.vim,autoload/gitstatus/util.vim
Vimscript,100-300,Xuyuanp-nerdtree-git-plugin,626316d68f143872285fe69ba9ce054b4cbdfbc1,autoload/gitstatus/util.vim,autoload/gitstatus/util.vim
Vimscript,100-300,Xuyuanp-nerdtree-git-plugin,9e33a3fe8aa90f5ece2439f3b1b3a98fe7e35f85,autoload/gitstatus/listener.vim,autoload/gitstatus/listener.vim
Vimscript,100-300,Xuyuanp-nerdtree-git-plugin,b87a4cf2cdf0770bf4de4226b1063835f58ec5e1,autoload/gitstatus/job.vim,autoload/gitstatus/job.vim
Vimscript,100-300,Xuyuanp-nerdtree-git-plugin,ff9b14f14dceecb6c08cb05053ad649c3b6ac250,autoload/gitstatus/util.vim,autoload/gitstatus/util.vim
Vimscript,100-300,ctrlpvim-ctrlp.vim,6b36e50c157f478bf9ada8cf7ab8aebbde402ae5,autoload/ctrlp/utils.vim,autoload/ctrlp/utils.vim
Vimscript,100-300,davidhalter-jedi-vim,3a1c900a2629cba2f63ee2bc32611f8ce28c8bfb,test/vspec/goto.vim,test/vspec/goto.vim
Vimscript,100-300,diepm-vim-rest-console,bfe626db982b7e1f8790e7cf9d16eff7e75d08b7,syntax/rest.vim,syntax/rest.vim
Vimscript,100-300,dracula-vim,ed78f2f6b1a1a6343033c91770e3bdfef15313d4,after/plugin/dracula.vim,after/plugin/dracula.vim
Vimscript,100-300,editorconfig-editorconfig-vim,0956bc257ca4eaa3e087e0ba2253a3e980805820,autoload/editorconfig_core/ini.vim,autoload/editorconfig_core/ini.vim
Vimscript,100-300,fs111-pydoc.vim,11a06c2fc029e16279ec7e177a219f72e1305eb4,ftplugin/python_pydoc.vim,ftplugin/python_pydoc.vim
Vimscript,100-300,fs111-pydoc.vim,54b7c8bc042febb1f0de03032bb8d2918525b609,ftplugin/python_pydoc.vim,ftplugin/python_pydoc.vim
Vimscript,100-300,fs111-pydoc.vim,b7b8dbd879e2fb83297fc75b8373432e3e729063,ftplugin/python_pydoc.vim,ftplugin/python_pydoc.vim
Vimscript,100-300,garbas-vim-snipmate,7412dfabfd3c898773741c81239794aa748445a6,autoload/snipmate/jumping.vim,autoload/snipmate/jumping.vim
Vimscript,100-300,garbas-vim-snipmate,9709b50f6bb15636d120132f4acfb4621f1edeac,autoload/snipmate/legacy.vim,autoload/snipmate/legacy.vim
Vimscript,100-300,garbas-vim-snipmate,af431f303a8b0649b827ea19ac46aba77b401fb4,autoload/snipmate/jumping.vim,autoload/snipmate/jumping.vim
Vimscript,100-300,google-vim-jsonnet,1e2f99cab48f05268cb9f48e72f3cc1e9a30ce3d,autoload/jsonnet.vim,autoload/jsonnet.vim
Vimscript,100-300,google-vim-jsonnet,824dcfe76568dba38135332fc4729e2b2c4d9b3a,syntax/jsonnet.vim,syntax/jsonnet.vim
Vimscript,100-300,google-vim-jsonnet,c2a3e8ca00e5f0ae0a423fea972b74e574e4e5a1,autoload/jsonnet.vim,autoload/jsonnet.vim
Vimscript,100-300,google-vim-jsonnet,d07c3c9cca5544bfedf3640858d188e92039a30f,autoload/jsonnet.vim,autoload/jsonnet.vim
Vimscript,100-300,idanarye-vim-merginal,45b3cf30726e9384e3cb6282d053f0a2cf0ec36f,autoload/merginal/buffers/diffFiles.vim,autoload/merginal/buffers/diffFiles.vim
Vimscript,100-300,idanarye-vim-merginal,490b2e46796f327db5de8ef0c5ae79d89a14ee38,autoload/merginal/buffers/base.vim,autoload/merginal/buffers/base.vim
Vimscript,100-300,idanarye-vim-merginal,77c31acc40a24d0b85d8d6d42f8afbb3298151a8,autoload/merginal/buffers/historyLog.vim,autoload/merginal/buffers/historyLog.vim
Vimscript,100-300,idanarye-vim-merginal,aed8d23753554076bc98a3bb42fc36a8608aac1d,autoload/merginal/buffers/historyLog.vim,autoload/merginal/buffers/historyLog.vim
Vimscript,100-300,itchyny-lightline.vim,2afc3ab4dda191c75764d3239d1cf56356759dd4,test/link.vim,test/link.vim
Vimscript,100-300,jreybert-vimagit,a9adf1b9fad9d50cb7eb0c6c4fb900a9bc2fa36b,autoload/magit/mapping.vim,autoload/magit/mapping.vim
Vimscript,100-300,junegunn-vader.vim,0463c439c8a6ebf2f098badcf34d09a0c90e44a6,autoload/vader/window.vim,autoload/vader/window.vim
Vimscript,100-300,junegunn-vader.vim,598632636ea1add4079ce423be9bf3319cea6621,autoload/vader/parser.vim,autoload/vader/parser.vim
Vimscript,100-300,junegunn-vim-easy-align,9815a55dbcd817784458df7a18acacc6f82b1241,plugin/easy_align.vim,plugin/easy_align.vim
Vimscript,100-300,luochen1990-rainbow,8c717e40b262d44eac6bb1ae957e434249960314,autoload/rainbow_main.vim,autoload/rainbow_main.vim
Vimscript,100-300,m-pilia-vim-mediawiki,4149c48cb7e2119974797875a44e1e0ec289539e,autoload/mediawiki/fenced_languages.vim,autoload/mediawiki/fenced_languages.vim
Vimscript,100-300,m-pilia-vim-mediawiki,abe44bfdf537475c8c6fa8b6629c4e83441ae84a,syntax/mediawiki.vim,syntax/mediawiki.vim
Vimscript,100-300,m-pilia-vim-mediawiki,e58f44c6a184876299fb6f4d119a25a5c016a842,syntax/mediawiki.vim,syntax/mediawiki.vim
Vimscript,100-300,mattn-webapi-vim,10fef091d71be78a55779cd914586471470b5231,autoload/webapi/http.vim,autoload/webapi/http.vim
Vimscript,100-300,mattn-webapi-vim,5726e8270e2a774c7200ca79868b4128c0c57ad7,autoload/webapi/soap.vim,autoload/webapi/soap.vim
Vimscript,100-300,mechatroner-rainbow_csv,353e91e8618f1b181e1dda04682bc57bf8e2ac2a,test/unit_tests.vim,test/unit_tests.vim
Vimscript,100-300,mileszs-ack.vim,010ea7ac0f861a4db712f0829aa7c0c8d0fc8bab,autoload/ack.vim,autoload/ack.vim
Vimscript,100-300,nvie-vim-flake8,77a27cfaf2a3135b507777e3521ae9227c065d39,autoload/flake8.vim,autoload/flake8.vim
Vimscript,100-300,preservim-nerdcommenter,867618364f51b1d6e995b2d7ccea889bebb6f18d,plugin/nerdcommenter.vim,plugin/nerdcommenter.vim
Vimscript,100-300,preservim-nerdtree,f63fb6984f9cd07cf723c3e2e20f6ccc0aad48c2,lib/nerdtree/key_map.vim,lib/nerdtree/key_map.vim
Vimscript,100-300,protesilaos-tempus-themes-vim,08bdb4f9b7ba749814fe4a468c6623bdf52daa5e,colors/tempus_warp.vim,colors/tempus_warp.vim
Vimscript,100-300,protesilaos-tempus-themes-vim,28a0a9c9d638b16967aaa032268efe0b2c547879,colors/tempus_dawn.vim,colors/tempus_dawn.vim
Vimscript,100-300,protesilaos-tempus-themes-vim,2c03b75426196f238c530e40b2ac8a04d92c436b,colors/tempus_autumn.vim,colors/tempus_autumn.vim
Vimscript,100-300,protesilaos-tempus-themes-vim,2c03b75426196f238c530e40b2ac8a04d92c436b,colors/tempus_fugit.vim,colors/tempus_fugit.vim
Vimscript,100-300,protesilaos-tempus-themes-vim,2c03b75426196f238c530e40b2ac8a04d92c436b,colors/tempus_tempest.vim,colors/tempus_tempest.vim
Vimscript,100-300,protesilaos-tempus-themes-vim,2d482f3366932295af28fe570c7d92fcb55d61ed,colors/tempus_classic.vim,colors/tempus_classic.vim
Vimscript,100-300,protesilaos-tempus-themes-vim,2d482f3366932295af28fe570c7d92fcb55d61ed,colors/tempus_dusk.vim,colors/tempus_dusk.vim
Vimscript,100-300,protesilaos-tempus-themes-vim,4c9ddb343a0f3728c8bc3bd331d891f33a102de4,colors/tempus_classic.vim,colors/tempus_classic.vim
Vimscript,100-300,protesilaos-tempus-themes-vim,4c9ddb343a0f3728c8bc3bd331d891f33a102de4,colors/tempus_fugit.vim,colors/tempus_fugit.vim
Vimscript,100-300,protesilaos-tempus-themes-vim,4c9ddb343a0f3728c8bc3bd331d891f33a102de4,colors/tempus_winter.vim,colors/tempus_winter.vim
Vimscript,100-300,protesilaos-tempus-themes-vim,4cddd4fbc67cbf78256dfd08f09b6e54eb083593,colors/tempus_night.vim,colors/tempus_night.vim
Vimscript,100-300,protesilaos-tempus-themes-vim,7338b6049ebc162ff4b6f1d06ca5c33e2491198e,colors/tempus_fugit.vim,colors/tempus_fugit.vim
Vimscript,100-300,protesilaos-tempus-themes-vim,80c1dcb33a624dbd4648ad1da921cb3dd0a55c0e,colors/tempus_totus.vim,colors/tempus_totus.vim
Vimscript,100-300,protesilaos-tempus-themes-vim,8ca3a9359f6329fca38078c24a1ef2afabd2b016,colors/tempus_autumn.vim,colors/tempus_autumn.vim
Vimscript,100-300,protesilaos-tempus-themes-vim,8ca3a9359f6329fca38078c24a1ef2afabd2b016,colors/tempus_dawn.vim,colors/tempus_dawn.vim
Vimscript,100-300,protesilaos-tempus-themes-vim,8ca3a9359f6329fca38078c24a1ef2afabd2b016,colors/tempus_night.vim,colors/tempus_night.vim
Vimscript,100-300,protesilaos-tempus-themes-vim,8ca3a9359f6329fca38078c24a1ef2afabd2b016,colors/tempus_rift.vim,colors/tempus_rift.vim
Vimscript,100-300,protesilaos-tempus-themes-vim,af6ae1cf1518881316c8923307f463aea98d2c26,colors/tempus_day.vim,colors/tempus_day.vim
Vimscript,100-300,protesilaos-tempus-themes-vim,af6ae1cf1518881316c8923307f463aea98d2c26,colors/tempus_night.vim,colors/tempus_night.vim
Vimscript,100-300,protesilaos-tempus-themes-vim,af6ae1cf1518881316c8923307f463aea98d2c26,colors/tempus_spring.vim,colors/tempus_spring.vim
Vimscript,100-300,protesilaos-tempus-themes-vim,c09b916e11ade23ada966296129580ac9700817f,colors/tempus_dusk.vim,colors/tempus_dusk.vim
Vimscript,100-300,protesilaos-tempus-themes-vim,c09b916e11ade23ada966296129580ac9700817f,colors/tempus_spring.vim,colors/tempus_spring.vim
Vimscript,100-300,protesilaos-tempus-themes-vim,d23b459b6e61d20139418143a96dfb34b58115e7,colors/tempus_autumn.vim,colors/tempus_autumn.vim
Vimscript,100-300,rhysd-vim-clang-format,261d02c305f3ed361c39e3b9ca5d66b5b45df4c7,autoload/clang_format.vim,autoload/clang_format.vim
Vimscript,100-300,rhysd-vim-clang-format,59752976192d0a08c26bb9ce9119076f07c62150,autoload/clang_format.vim,autoload/clang_format.vim
Vimscript,100-300,rickhowe-diffchar.vim,3257c67e9b60e0e7b6e3746522cc43025270d5ed,plugin/diffchar.vim,plugin/diffchar.vim
Vimscript,100-300,rickhowe-diffchar.vim,c6ba9a58e80383719efb35a634358d5b232a8739,plugin/diffchar.vim,plugin/diffchar.vim
Vimscript,100-300,rickhowe-diffchar.vim,c889cc133e8c6a1ba9ff089a6b9a6b94bd345cb4,plugin/diffchar.vim,plugin/diffchar.vim
Vimscript,100-300,rust-lang-rust.vim,b7176e7a1607bb17f2f57cb8b365042f5676b21b,indent/rust.vim,indent/rust.vim
Vimscript,100-300,soywod-iris.vim,1965c4e2bef169f15dcb32603d9b1e3484951cff,autoload/iris/api.vim,autoload/iris/api.vim
Vimscript,100-300,soywod-iris.vim,202186030b66c3a97489f94d3c3852b5e4027f74,autoload/iris/email/ui.vim,autoload/iris/email/ui.vim
Vimscript,100-300,soywod-iris.vim,f9591d888d3ad888a99266ef9dc3bb1b0c5327c6,autoload/iris/ui.vim,autoload/iris/email/ui.vim
Vimscript,100-300,thinca-vim-themis,00af3ae4b74904ac5570cde42a70435648784330,autoload/themis/style/basic.vim,autoload/themis/style/basic.vim
Vimscript,100-300,thinca-vim-themis,126a51ca7c7ba73966393ea8167f75f835a37c06,autoload/themis/command.vim,autoload/themis/command.vim
Vimscript,100-300,thinca-vim-themis,78b87728752ccab83bf6a06d65e214d3ada55977,autoload/themis.vim,autoload/themis.vim
Vimscript,100-300,thinca-vim-themis,78b87728752ccab83bf6a06d65e214d3ada55977,autoload/themis/util.vim,autoload/themis/util.vim
Vimscript,100-300,thinca-vim-themis,81ed6e18ecb9f5b3043debedfe81918538f67b29,autoload/themis/bundle.vim,autoload/themis/bundle.vim
Vimscript,100-300,tmux-plugins-vim-tmux,5c0274e75ebd6310acfe146ed3b6a0a463948830,syntax/tmux.vim,syntax/tmux.vim
Vimscript,100-300,tmux-plugins-vim-tmux,65b9e81a5912c07e8943ee3b15430dbfa4be8253,syntax/tmux.vim,syntax/tmux.vim
Vimscript,100-300,tmux-plugins-vim-tmux,6a4ab8b71299834d303a41f6c58a31be57220c64,syntax/tmux.vim,syntax/tmux.vim
Vimscript,100-300,tmux-plugins-vim-tmux,937bf5cb5750a00b89eace5782dc8f5b710f439a,syntax/tmux.vim,syntax/tmux.vim
Vimscript,100-300,tomasr-molokai,1d5a25926834b5decf5f760151737282852395af,colors/molokai.vim,colors/molokai.vim
Vimscript,100-300,tomasr-molokai,48e49b3d80a74c6ec522106001d0ee34b8684ade,colors/molokai.vim,colors/molokai.vim
Vimscript,100-300,tomtom-tcomment_vim,7da124055304c88b9880bdcd8d33fd91a248d00b,autoload/tcomment/types/default.vim,autoload/tcomment/types/default.vim
Vimscript,100-300,tomtom-tcomment_vim,9dd80eb55729ac2756b55a4b4c6e277b18f4ab86,autoload/tcomment/types/default.vim,autoload/tcomment/types/default.vim
Vimscript,100-300,tomtom-tcomment_vim,b9a075e36e9d8817b15e2edcdb8b6bf51a8d479c,autoload/tcomment/types/default.vim,autoload/tcomment/types/default.vim
Vimscript,100-300,tomtom-tcomment_vim,dd1da14193c10f7f5b91638e438977b48d191aa9,plugin/tcomment.vim,plugin/tcomment.vim
Vimscript,100-300,tomtom-tcomment_vim,ed93a63ff3a7f9e25d7974992e3c590fc80637e5,plugin/tcomment.vim,plugin/tcomment.vim
Vimscript,100-300,tomtom-tlib_vim,b5f9f6c83ade9b5640580bf9792a332dd453dfd0,plugin/02tlib.vim,plugin/02tlib.vim
Vimscript,100-300,tomtom-tlib_vim,c994651a7b00a3baa3f3846e52d2bba6a640c6b4,autoload/tlib/vcs.vim,autoload/tlib/vcs.vim
Vimscript,100-300,tpope-vim-commentary,2c045239ec85dfaa91b2fbe1395ac873f77b2a5f,plugin/commentary.vim,plugin/commentary.vim
Vimscript,100-300,tpope-vim-commentary,9c685131a5facfa0d643feca3a61b41c007d8170,plugin/commentary.vim,plugin/commentary.vim
Vimscript,100-300,tpope-vim-commentary,bc443369b04a923ffb680a47561e71fc889fa4a5,plugin/commentary.vim,plugin/commentary.vim
Vimscript,100-300,tpope-vim-commentary,f8238d70f873969fb41bf6a6b07ca63a4c0b82b1,plugin/commentary.vim,plugin/commentary.vim
Vimscript,100-300,tpope-vim-pathogen,39964dd295c1cb5fd9ad7db151134528679c34a3,autoload/pathogen.vim,autoload/pathogen.vim
Vimscript,100-300,tpope-vim-pathogen,6655e33627845cb63cfc5e926de00f3253716e02,autoload/pathogen.vim,autoload/pathogen.vim
Vimscript,100-300,tpope-vim-rails,0c4f91dcba7da0a1003469cbfd477e98322d9f1e,after/syntax/ruby/rails.vim,after/syntax/ruby/rails.vim
Vimscript,100-300,tpope-vim-rails,855ff28e6c0aacc5e1fdfbf965283bd80cb0d89d,plugin/rails.vim,plugin/rails.vim
Vimscript,100-300,tpope-vim-rails,c3ac2889dc448c5442fa2d1096ac918ea8b38f09,plugin/rails.vim,plugin/rails.vim
Vimscript,100-300,tpope-vim-repeat,5bacc6f8056bc6ad1e247c730bbdbe7aa8a0befd,autoload/repeat.vim,autoload/repeat.vim
Vimscript,100-300,tpope-vim-repeat,5eba0f19c87402643eb8a7e7d20d9d5338fd6d71,autoload/repeat.vim,autoload/repeat.vim
Vimscript,100-300,tpope-vim-repeat,d75a544b786710705f0db0d8d8fd66ca4a5a7239,autoload/repeat.vim,autoload/repeat.vim
Vimscript,100-300,tpope-vim-repeat,e42a430e644f68a8d7da32425158600fb48ab8cd,autoload/repeat.vim,autoload/repeat.vim
Vimscript,100-300,tpope-vim-sensible,16283468becaa6985839f96fea212f8634fbd7d2,plugin/sensible.vim,plugin/sensible.vim
Vimscript,100-300,tpope-vim-sensible,c597927613dbbae52201b34d32f6d6d679221c84,plugin/sensible.vim,plugin/sensible.vim
Vimscript,100-300,tpope-vim-sensible,c6fe4c33b88f62ac46b4d7bc84c7af2e4c5826c1,plugin/sensible.vim,plugin/sensible.vim
Vimscript,100-300,tpope-vim-sensible,d4b12eaf84c4a3079b6228769ee9ad2380bd42b3,plugin/sensible.vim,plugin/sensible.vim
Vimscript,100-300,udalov-kotlin-vim,089ed3048a05576b4e9c218b6093ea1272f0b812,syntax/kotlin.vim,syntax/kotlin.vim
Vimscript,100-300,udalov-kotlin-vim,7e85cc806b72aa5a8895c2dcad01ffb190469b18,syntax/kotlin.vim,syntax/kotlin.vim
Vimscript,100-300,udalov-kotlin-vim,95848f43a7c9bb83634d74ed1b77fc4dea5a2512,syntax/kotlin.vim,syntax/kotlin.vim
Vimscript,100-300,udalov-kotlin-vim,e3273fcba8318b4f9d2bbed2d09c2c3166696f9d,syntax/kotlin.vim,syntax/kotlin.vim
Vimscript,100-300,udalov-kotlin-vim,f338707b2aa658aef4c0d98fd9748240859cf2a9,syntax/kotlin.vim,syntax/kotlin.vim
Vimscript,100-300,vala-lang-vala.vim,343e4081814045ca4134f90ddabf8ea3d5b45f1e,syntax/vala.vim,syntax/vala.vim
Vimscript,100-300,vala-lang-vala.vim,43d1ed7395658faaea178a786dfedc5eaed0d802,syntax/vala.vim,syntax/vala.vim
Vimscript,100-300,vala-lang-vala.vim,9d0668cd770e1ebb3e90a03052c02101330bb278,syntax/vala.vim,syntax/vala.vim
Vimscript,100-300,vim-crystal-vim-crystal,ffa7d2e2b7bdd9e70e3650c1bd88afde06d23921,indent/crystal.vim,indent/crystal.vim
Vimscript,100-300,vim-scripts-VimClojure,9afcf73c891888189fe31185bd45d1de3ac8fc3d,indent/clojure.vim,indent/clojure.vim
Vimscript,100-300,vim-scripts-a.vim,85064bd00b458171248a9875fded6ae820983009,plugin/a.vim,plugin/a.vim
Vimscript,100-300,vim-scripts-frawor,cc2081d7835df5c56295490a534c4c501d0cd046,plugin/frawor/base64.vim,plugin/frawor/base64.vim
Vimscript,100-300,vim-syntastic-syntastic,9f43dcb5a244faba6aedb6879b75a56c7de4b8ff,syntax_checkers/perl6/perl6.vim,syntax_checkers/perl6/perl6.vim
Vimscript,100-300,xolox-vim-misc,fe6a548f96b867852a8e66b93c80c5da83c16586,autoload/xolox/misc/os.vim,autoload/xolox/misc/os.vim
Vimscript,100-300,xolox-vim-reload,46c9fb103fd5e42c76ac759a7e4b9bca43a107bd,autoload/xolox/reload.vim,autoload/xolox/reload.vim
Vimscript,100-300,xolox-vim-reload,ae7b41b5e4a2ceb1d9b40faa27faaf9c98b6c66d,autoload/xolox/reload.vim,autoload/xolox/reload.vim
Vimscript,100-300,xolox-vim-reload,b703505c93f24f27c973b37836257c1cacda011d,autoload.vim,autoload.vim
Vimscript,100-300,xolox-vim-session,58ae953644c868bdb74e70163feacdc1475cdb40,plugin/session.vim,plugin/session.vim
Vimscript,100-300,xolox-vim-session,a7ed49ed589cfe5f84bfeda317d03a874002e1a9,autoload/xolox/misc/path.vim,path.vim
Vimscript,100-300,xolox-vim-session,cf412a9b4201bcdc7373ebf8f682d99734383dfd,plugin/session.vim,plugin/session.vim
Vimscript,100-300,zah-nim.vim,05fdf7eac615a2bb0fa5870668fd65b6f284dd65,syntax/nim.vim,syntax/nim.vim
Vimscript,100-300,zah-nim.vim,10018be3678e1a890129ab9e93eeba01bf5e9120,syntax/nim.vim,syntax/nim.vim
Vimscript,100-300,zah-nim.vim,21731384b8f0675e3d666e98dd6625508c30f3af,autoload/nim.vim,autoload/nim.vim
Vimscript,100-300,zah-nim.vim,5cff46c7d57ee89afd3995a7d637259a0a183054,syntax/nim.vim,syntax/nim.vim
Vimscript,100-300,zah-nim.vim,bb4f890a1569a56fb51ba8a3bebc69f6a6b3a57c,syntax/nim.vim,syntax/nim.vim
Vimscript,100-300,zah-nim.vim,d37b22898530c8bfb0f2c3c97e6bec169eaf426f,indent/nim.vim,indent/nim.vim
Vimscript,100-300,zah-nim.vim,eecfe9b81fe702bcb445c34eb77af689f2d6a451,autoload/nimrod.vim,autoload/nimrod.vim
Vimscript,1000-3000,HerringtonDarkholme-yats.vim,10db07f55db7b922a7e41f9f6ef7b840648d3937,merged/typescriptreact.vim,merged/typescriptreact.vim
Vimscript,1000-3000,HerringtonDarkholme-yats.vim,13c02ef61346c2d13c51e1ad9826ad9a1831aa66,merged/typescript.vim,merged/typescript.vim
Vimscript,1000-3000,HerringtonDarkholme-yats.vim,6005fa473bde80c0b878ad1a7591707717762644,merged/typescriptcommon.vim,merged/typescriptcommon.vim
Vimscript,1000-3000,HerringtonDarkholme-yats.vim,b325c449a2db4d9ee38aa441afa850a815982e8b,merged/typescript.vim,merged/typescript.vim
Vimscript,1000-3000,HerringtonDarkholme-yats.vim,ec3ae7b4bc53d28bfc2096071a2a2022dba4e629,merged/typescript.vim,merged/typescript.vim
Vimscript,1000-3000,HerringtonDarkholme-yats.vim,ff81a444b2c5298b3365dad7999a32d764f6a978,merged/typescriptreact.vim,merged/typescriptreact.vim
Vimscript,1000-3000,airblade-vim-gitgutter,4a7ca061af2b199a9b97041270611439e8fa2b02,test/test_gitgutter.vim,test/test_gitgutter.vim
Vimscript,1000-3000,c9s-perlomni.vim,115bccb690587a3c591fd9aa40a64ae208934696,ftplugin/perl/perlomni.vim,ftplugin/perl/perlomni.vim
Vimscript,1000-3000,c9s-perlomni.vim,2f7bafe854c0206a7da7f6148429db647af3d872,ftplugin/perl/perlomni.vim,ftplugin/perl/perlomni.vim
Vimscript,1000-3000,c9s-perlomni.vim,9653a45aa782358c42ec3c5dfd2014e48cd78bec,ftplugin/perl/perlomni.vim,ftplugin/perl/perlomni.vim
Vimscript,1000-3000,c9s-perlomni.vim,f6e760f92475484162a87eeec20726db1c81c0f3,ftplugin/perl/perlomni.vim,ftplugin/perl/perlomni.vim
Vimscript,1000-3000,ctrlpvim-ctrlp.vim,306bc60a1bed48cee895623d03c87d84d00764b6,autoload/ctrlp.vim,autoload/ctrlp.vim
Vimscript,1000-3000,ctrlpvim-ctrlp.vim,347b3f6c39cb0500a360c2ab6234f1dfdbea2180,autoload/ctrlp.vim,autoload/ctrlp.vim
Vimscript,1000-3000,ctrlpvim-ctrlp.vim,381fc3098ea4300e6e15d89ff01b05904d5d3644,autoload/ctrlp.vim,autoload/ctrlp.vim
Vimscript,1000-3000,ctrlpvim-ctrlp.vim,386012f79bc11ab91ed4e8eb1e9bd521d0543d2c,autoload/ctrlp.vim,autoload/ctrlp.vim
Vimscript,1000-3000,ctrlpvim-ctrlp.vim,4dc9de3ed79e1e8b11238591a47ba5137160498a,autoload/ctrlp.vim,autoload/ctrlp.vim
Vimscript,1000-3000,ctrlpvim-ctrlp.vim,4e662c981451bc66581266b33cba149f3f9ce4df,autoload/ctrlp.vim,autoload/ctrlp.vim
Vimscript,1000-3000,ctrlpvim-ctrlp.vim,856ec96fab7c736052c93b9be9361e223021c671,autoload/ctrlp.vim,autoload/ctrlp.vim
Vimscript,1000-3000,ctrlpvim-ctrlp.vim,a49bd6902f6120653a042880372696757d6dbcfb,autoload/ctrlp.vim,autoload/ctrlp.vim
Vimscript,1000-3000,ctrlpvim-ctrlp.vim,bdbde8d2774dc6e925836892d6cae2a94328a8d7,autoload/ctrlp.vim,autoload/ctrlp.vim
Vimscript,1000-3000,ctrlpvim-ctrlp.vim,bebe7fd22bd4f27dc87dfcbe02354133daefffdb,autoload/ctrlp.vim,autoload/ctrlp.vim
Vimscript,1000-3000,ctrlpvim-ctrlp.vim,c347749336e8a6a24408117627ff493deb385dbb,autoload/ctrlp.vim,autoload/ctrlp.vim
Vimscript,1000-3000,ctrlpvim-ctrlp.vim,c51ecaeef80728f642844b6d6f8be71ad3815ee1,autoload/ctrlp.vim,autoload/ctrlp.vim
Vimscript,1000-3000,ervandew-supertab,4eaabc2916021c068aa05923eeb43e5bfbd50b83,plugin/supertab.vim,plugin/supertab.vim
Vimscript,1000-3000,ervandew-supertab,9f7da6d4988daf863ebc414f221bb12c2614f59e,plugin/supertab.vim,plugin/supertab.vim
Vimscript,1000-3000,ervandew-supertab,a99c63afbe4b08f8763a0e34ccf00cff47d9eea4,plugin/supertab.vim,plugin/supertab.vim
Vimscript,1000-3000,ervandew-supertab,c27cdf6e5be7a73851b3e7778d2dc2f67ef0e269,plugin/supertab.vim,plugin/supertab.vim
Vimscript,1000-3000,fatih-vim-go,3694725e6a89499428cdcf41bf6daa4bd844ac90,autoload/go/lsp.vim,autoload/go/lsp.vim
Vimscript,1000-3000,fatih-vim-go,d2ed7113283d766cb7d295701f8d55f00d01fe6e,autoload/go/debug.vim,autoload/go/debug.vim
Vimscript,1000-3000,fholgado-minibufexpl.vim,00fa5f03fec3a779d8a24ff0e80e061bd8a53a08,plugin/minibufexpl.vim,plugin/minibufexpl.vim
Vimscript,1000-3000,fholgado-minibufexpl.vim,0d67e5818233616fe810fa4c528883bb88b07bad,plugin/minibufexpl.vim,plugin/minibufexpl.vim
Vimscript,1000-3000,fholgado-minibufexpl.vim,1dce4d54fa4da4da5b0a05977c72bb0acaed4a48,plugin/minibufexpl.vim,plugin/minibufexpl.vim
Vimscript,1000-3000,fholgado-minibufexpl.vim,2401e14abee0bb8f8c697b311dac44cd01ab6459,plugin/minibufexpl.vim,plugin/minibufexpl.vim
Vimscript,1000-3000,fholgado-minibufexpl.vim,2d0b66bd478accc2555686dd29341754fdecd458,plugin/minibufexpl.vim,plugin/minibufexpl.vim
Vimscript,1000-3000,fholgado-minibufexpl.vim,311c3bac545f9ed64b6264b33be808840d75b771,plugin/minibufexpl.vim,plugin/minibufexpl.vim
Vimscript,1000-3000,fholgado-minibufexpl.vim,42d2071e82fe6515ef538baeddef4a3477836a5b,plugin/minibufexpl.vim,plugin/minibufexpl.vim
Vimscript,1000-3000,fholgado-minibufexpl.vim,43045ac8bb055cf2079050bd37330b59d1f43bb0,plugin/minibufexpl.vim,plugin/minibufexpl.vim
Vimscript,1000-3000,fholgado-minibufexpl.vim,45532086460dcc0ea5ab0715c5dac516d2aa1317,plugin/minibufexpl.vim,plugin/minibufexpl.vim
Vimscript,1000-3000,fholgado-minibufexpl.vim,4ae25302b0c32595e2cc1967f7da5dbbe4a065bc,plugin/minibufexpl.vim,plugin/minibufexpl.vim
Vimscript,1000-3000,fholgado-minibufexpl.vim,4e4aceceb47eff60c36c71efe8c84c727fb613cb,plugin/minibufexpl.vim,plugin/minibufexpl.vim
Vimscript,1000-3000,fholgado-minibufexpl.vim,50d68b25bffbcc27967848221fbfe0ac2e21d1a6,plugin/minibufexpl.vim,plugin/minibufexpl.vim
Vimscript,1000-3000,fholgado-minibufexpl.vim,54fc581be86e35cdf2cdbf33757e0fc41a14d962,plugin/minibufexpl.vim,plugin/minibufexpl.vim
Vimscript,1000-3000,fholgado-minibufexpl.vim,5a92b6b95075d509e1eaf7bc7310fa9009e30569,plugin/minibufexpl.vim,plugin/minibufexpl.vim
Vimscript,1000-3000,fholgado-minibufexpl.vim,62fb08ca3ef311c7a77adfc8e482bf5bd9ca74d7,plugin/minibufexpl.vim,plugin/minibufexpl.vim
Vimscript,1000-3000,fholgado-minibufexpl.vim,63885710c5f94d3a7f945cb9ac00a52583051cad,plugin/minibufexpl.vim,plugin/minibufexpl.vim
Vimscript,1000-3000,fholgado-minibufexpl.vim,6b965a394096ea796bcf687aa4efc29e1754a088,plugin/minibufexpl.vim,plugin/minibufexpl.vim
Vimscript,1000-3000,fholgado-minibufexpl.vim,6d84253ff28b417bf77cd429123035ff9c06be27,plugin/minibufexpl.vim,plugin/minibufexpl.vim
Vimscript,1000-3000,fholgado-minibufexpl.vim,73a09047b82068c390906216273f507ea1531304,plugin/minibufexpl.vim,plugin/minibufexpl.vim
Vimscript,1000-3000,fholgado-minibufexpl.vim,7ca3023490b80235cb77b12483c9a81f8e0178fc,plugin/minibufexpl.vim,plugin/minibufexpl.vim
Vimscript,1000-3000,fholgado-minibufexpl.vim,7d3557ee64be896ce259098eca297865c745fa48,plugin/minibufexpl.vim,plugin/minibufexpl.vim
Vimscript,1000-3000,fholgado-minibufexpl.vim,81a96b9f6da95efc94be4f0fa2fb98c6aa4b435c,plugin/minibufexpl.vim,plugin/minibufexpl.vim
Vimscript,1000-3000,fholgado-minibufexpl.vim,863820086e0c9a0d8c7c538119d570f77061f6f5,plugin/minibufexpl.vim,plugin/minibufexpl.vim
Vimscript,1000-3000,fholgado-minibufexpl.vim,95cd35749253079daf697b35a3946016a76807b1,plugin/minibufexpl.vim,plugin/minibufexpl.vim
Vimscript,1000-3000,fholgado-minibufexpl.vim,97dc154375a261ee7e4b7ca97eeb1da7e01dfba1,plugin/minibufexpl.vim,plugin/minibufexpl.vim
Vimscript,1000-3000,fholgado-minibufexpl.vim,99014ea78d063dfcab46578925bb17bf58074885,plugin/minibufexpl.vim,plugin/minibufexpl.vim
Vimscript,1000-3000,fholgado-minibufexpl.vim,9c12f71cd37f38fc727e1549a48b383385f02314,plugin/minibufexpl.vim,plugin/minibufexpl.vim
Vimscript,1000-3000,fholgado-minibufexpl.vim,a716faff6d6659862c676c2de224629c10a9154c,plugin/minibufexpl.vim,plugin/minibufexpl.vim
Vimscript,1000-3000,fholgado-minibufexpl.vim,a76acea6fa6cafd9e74c1ebea60386f9e54a3656,plugin/minibufexpl.vim,plugin/minibufexpl.vim
Vimscript,1000-3000,fholgado-minibufexpl.vim,ac4942ea7e7fa0c446ae73a60a33a68e6722bb5a,plugin/minibufexpl.vim,plugin/minibufexpl.vim
Vimscript,1000-3000,fholgado-minibufexpl.vim,af176d37a08761f52ee70347bf2869458dee14fb,plugin/minibufexpl.vim,plugin/minibufexpl.vim
Vimscript,1000-3000,fholgado-minibufexpl.vim,b589bec9e2082015c2fc578811808524bd675b10,plugin/minibufexpl.vim,plugin/minibufexpl.vim
Vimscript,1000-3000,fholgado-minibufexpl.vim,bc9660713b20d6130035fbd755320f4252309c02,plugin/minibufexpl.vim,plugin/minibufexpl.vim
Vimscript,1000-3000,fholgado-minibufexpl.vim,c6c355f3d165b0a688eb6dbf89a62e4c33e7b399,plugin/minibufexpl.vim,plugin/minibufexpl.vim
Vimscript,1000-3000,fholgado-minibufexpl.vim,c7af13177da6b3ac211a5380764294020d55cc45,plugin/minibufexpl.vim,plugin/minibufexpl.vim
Vimscript,1000-3000,fholgado-minibufexpl.vim,ca04a22d8f9c89ec86f3a369e73e3cc6ea139cc5,plugin/minibufexpl.vim,plugin/minibufexpl.vim
Vimscript,1000-3000,fholgado-minibufexpl.vim,cea185b999a07f586cbf4630ef35b0f108a8aba9,plugin/minibufexpl.vim,plugin/minibufexpl.vim
Vimscript,1000-3000,fholgado-minibufexpl.vim,cf89b65bde1ad4793e01a57aaa9de4c4ade1c624,plugin/minibufexpl.vim,plugin/minibufexpl.vim
Vimscript,1000-3000,fholgado-minibufexpl.vim,d29c2e5dfc11c463355ba2afe9172a4364a758ca,plugin/minibufexpl.vim,plugin/minibufexpl.vim
Vimscript,1000-3000,fholgado-minibufexpl.vim,de91b22b25276a88e7c4f3e7319fef7c4fe7d90e,plugin/minibufexpl.vim,plugin/minibufexpl.vim
Vimscript,1000-3000,fholgado-minibufexpl.vim,e9acb6b6414623204da43af4da97258cc7220e9d,plugin/minibufexpl.vim,plugin/minibufexpl.vim
Vimscript,1000-3000,fholgado-minibufexpl.vim,ef5e90cf47e6633f8c704bb42a47dd013aa4515f,plugin/minibufexpl.vim,plugin/minibufexpl.vim
Vimscript,1000-3000,fholgado-minibufexpl.vim,f24cb4963c255d256fbc07807892b23a5662c6d6,plugin/minibufexpl.vim,plugin/minibufexpl.vim
Vimscript,1000-3000,fholgado-minibufexpl.vim,fa669dae356098d487b714b6260a0f618bedcc1d,plugin/minibufexpl.vim,plugin/minibufexpl.vim
Vimscript,1000-3000,gregsexton-gitv,d966db2f82245997cfbb669f55433ad95b7637c1,plugin/gitv.vim,plugin/gitv.vim
Vimscript,1000-3000,jlanzarotta-bufexplorer,171a12b5c6161c6a312e05a660d6d4c570f4ab9a,plugin/bufexplorer.vim,plugin/bufexplorer.vim
Vimscript,1000-3000,jlanzarotta-bufexplorer,17ad5c3e3edd5267f24f800e21ddc55d76a5334d,plugin/bufexplorer.vim,plugin/bufexplorer.vim
Vimscript,1000-3000,jlanzarotta-bufexplorer,24b896bfd3ca5b08c917e9b1efcaed8e306236fd,plugin/bufexplorer.vim,plugin/bufexplorer.vim
Vimscript,1000-3000,jlanzarotta-bufexplorer,3e3813784ecd18b2023896103ae32073de66d376,plugin/bufexplorer.vim,plugin/bufexplorer.vim
Vimscript,1000-3000,jlanzarotta-bufexplorer,4c5991ba8a263ea2ef7a5e7a2b0ebcfe683ae0f6,plugin/bufexplorer.vim,plugin/bufexplorer.vim
Vimscript,1000-3000,jlanzarotta-bufexplorer,61580e3896d716697b801504b45029aa741c1afe,plugin/bufexplorer.vim,plugin/bufexplorer.vim
Vimscript,1000-3000,jlanzarotta-bufexplorer,705a5e62b72d1562f68d0244cfe3d0438ad1233d,plugin/bufexplorer.vim,plugin/bufexplorer.vim
Vimscript,1000-3000,jlanzarotta-bufexplorer,78ce3c6a0dc70def71ca833c9f9081dbcc2ac623,plugin/bufexplorer.vim,plugin/bufexplorer.vim
Vimscript,1000-3000,jlanzarotta-bufexplorer,8970ac0fd2a297a81cf6e70ce9d4cad93d5a13d1,plugin/bufexplorer.vim,plugin/bufexplorer.vim
Vimscript,1000-3000,jlanzarotta-bufexplorer,8b8e32aa6e2fa38e703c51913b8d8088abdf14b2,plugin/bufexplorer.vim,plugin/bufexplorer.vim
Vimscript,1000-3000,jlanzarotta-bufexplorer,90649eeb96926b9f22f4bc83113c660e5d642eb7,plugin/bufexplorer.vim,plugin/bufexplorer.vim
Vimscript,1000-3000,jlanzarotta-bufexplorer,93e5a2c59c6f76ce53ea36cfcca1d299cc8d0d0d,plugin/bufexplorer.vim,plugin/bufexplorer.vim
Vimscript,1000-3000,jlanzarotta-bufexplorer,95133ce38d1bd07705969d6d9d9f0e0fbf9544a6,plugin/bufexplorer.vim,plugin/bufexplorer.vim
Vimscript,1000-3000,jlanzarotta-bufexplorer,a8cc9e4645eac52aef53f32547929057bfc8fa4a,plugin/bufexplorer.vim,plugin/bufexplorer.vim
Vimscript,1000-3000,jlanzarotta-bufexplorer,c4655842d67b2c824ce19bd40676c50d92824f54,plugin/bufexplorer.vim,plugin/bufexplorer.vim
Vimscript,1000-3000,jlanzarotta-bufexplorer,de92b107ca97edfb0e5557d8ef44d0a49e41f66d,plugin/bufexplorer.vim,plugin/bufexplorer.vim
Vimscript,1000-3000,jlanzarotta-bufexplorer,e7146c7545223b74907daf7ecc0e04ce3c5a12b2,plugin/bufexplorer.vim,plugin/bufexplorer.vim
Vimscript,1000-3000,jlanzarotta-bufexplorer,ff60c36653e3f258b786a99c85148810e09a96b1,plugin/bufexplorer.vim,plugin/bufexplorer.vim
Vimscript,1000-3000,jreybert-vimagit,08060ff792ae5f548328af7573c7aa4c0d682bd7,plugin/magit.vim,plugin/magit.vim
Vimscript,1000-3000,jreybert-vimagit,09935b389d8a73937c3b19eb8aafe8dc5cd05306,plugin/magit.vim,plugin/magit.vim
Vimscript,1000-3000,jreybert-vimagit,38c6d126e73bae36cd6dddf66751e32d03fba1ef,plugin/magit.vim,plugin/magit.vim
Vimscript,1000-3000,jreybert-vimagit,5ce98cdab91e5823816123ec0c5a937a879feb42,plugin/magit.vim,plugin/magit.vim
Vimscript,1000-3000,jreybert-vimagit,6a66b2f8dc84643cf0fa50506ff7b74558ef0b37,plugin/magit.vim,plugin/magit.vim
Vimscript,1000-3000,jreybert-vimagit,aabe1b96e3c0479111e55e59bed240efdbe5888b,plugin/magit.vim,plugin/magit.vim
Vimscript,1000-3000,jreybert-vimagit,e3ed11f34b3546dd92fcb9e1a6383880aae6e20d,plugin/magit.vim,plugin/magit.vim
Vimscript,1000-3000,jreybert-vimagit,fbb4d05fbd9a6bfeeaf70cd214f2061ca4cf813c,plugin/magit.vim,plugin/magit.vim
Vimscript,1000-3000,junegunn-vim-easy-align,4fb4c1056c7f016a373ef0a7a97dda11322becd7,autoload/easy_align.vim,autoload/easy_align.vim
Vimscript,1000-3000,junegunn-vim-easy-align,9815a55dbcd817784458df7a18acacc6f82b1241,autoload/easy_align.vim,autoload/easy_align.vim
Vimscript,1000-3000,junegunn-vim-easy-align,a1118be7d97d2126e3f59b4545ebcf693c159045,autoload/easy_align.vim,autoload/easy_align.vim
Vimscript,1000-3000,kana-vim-vspec,37704c0a8540729a2a6dc8ea546013b810a78df0,autoload/vspec.vim,autoload/vspec.vim
Vimscript,1000-3000,mattn-gist-vim,123be362be3ceaf470c2e9df1b253f33ed17cead,autoload/gist.vim,autoload/gist.vim
Vimscript,1000-3000,mattn-gist-vim,1985efd9844762b830b4141b72ffbf85d57f6322,autoload/gist.vim,autoload/gist.vim
Vimscript,1000-3000,mattn-gist-vim,3bc3f58301d09e71ce90cc28865158fde9507725,autoload/gist.vim,autoload/gist.vim
Vimscript,1000-3000,mattn-gist-vim,79333899364f925fa9d5488f1ecc4e371fbc9c5c,autoload/gist.vim,autoload/gist.vim
Vimscript,1000-3000,mattn-gist-vim,c1e6b342b06e86ec9c0eba1b23807b8712df5fb6,autoload/gist.vim,autoload/gist.vim
Vimscript,1000-3000,mattn-gist-vim,f76987b6244bc77b4a4263dd5e37b7e4c9ea59ff,autoload/gist.vim,autoload/gist.vim
Vimscript,1000-3000,mbbill-undotree,4de11de396029e4c1e53883ba2689bf73419c607,autoload/undotree.vim,autoload/undotree.vim
Vimscript,1000-3000,mbbill-undotree,551db5a83e15e7764bfd5caf61fb682d1a59fab4,autoload/undotree.vim,autoload/undotree.vim
Vimscript,1000-3000,mbbill-undotree,5daafb3b9abb7253c9225afbb00489a3777225e2,autoload/undotree.vim,autoload/undotree.vim
Vimscript,1000-3000,mbbill-undotree,8212bb79df0317e614363f159b1f8bb9b4a5a278,autoload/undotree.vim,autoload/undotree.vim
Vimscript,1000-3000,mbbill-undotree,bf2a2e3362c3352868fdea85e8dff130ba3cc044,plugin/undotree.vim,plugin/undotree.vim
Vimscript,1000-3000,mbbill-undotree,c6efe2780a5d0af8be60c08eba417e7891575db2,plugin/undotree.vim,plugin/undotree.vim
Vimscript,1000-3000,mbbill-undotree,d8b4444a75a8318ea5596ad4415c09f187ad1e88,autoload/undotree.vim,autoload/undotree.vim
Vimscript,1000-3000,mechatroner-rainbow_csv,694dd70c8b902fc820eaafe4ceac3243ba9643a3,autoload/rainbow_csv.vim,autoload/rainbow_csv.vim
Vimscript,1000-3000,mechatroner-rainbow_csv,bb2f154fd9c2bedb6513aa533baa7769e57874f2,autoload/rainbow_csv.vim,autoload/rainbow_csv.vim
Vimscript,1000-3000,preservim-tagbar,83933d557409639df53fd2ca21484279b5854c1e,autoload/tagbar/types/uctags.vim,autoload/tagbar/types/uctags.vim
Vimscript,1000-3000,rickhowe-diffchar.vim,433bb55a265b208381df12c1970fb05ea01c5fbb,autoload/diffchar.vim,autoload/diffchar.vim
Vimscript,1000-3000,rickhowe-diffchar.vim,6b4c86f3cb77d01d95c209416673ce53b3541456,autoload/diffchar.vim,autoload/diffchar.vim
Vimscript,1000-3000,rickhowe-diffchar.vim,9139421359b1b5e7c1576e161f9307d832eff67a,autoload/diffchar.vim,autoload/diffchar.vim
Vimscript,1000-3000,rickhowe-diffchar.vim,b36bc6717bf781315f00f351fcd0dd0b8500495d,autoload/diffchar.vim,autoload/diffchar.vim
Vimscript,1000-3000,rickhowe-diffchar.vim,c2b4d8a1863862d47ff58f5b8d6c736327e7da9e,autoload/diffchar.vim,autoload/diffchar.vim
Vimscript,1000-3000,terryma-vim-multiple-cursors,2096919eded01d2824fd47299ff1843d527c2a3c,autoload/multiple_cursors.vim,autoload/multiple_cursors.vim
Vimscript,1000-3000,terryma-vim-multiple-cursors,26bf0cec8ba723c2ed938bbb3d67a1654ff9e12a,autoload/multiple_cursors.vim,autoload/multiple_cursors.vim
Vimscript,1000-3000,terryma-vim-multiple-cursors,600e9979aa3d7133f3124aa22334ce9165698ec3,autoload/multiple_cursors.vim,autoload/multiple_cursors.vim
Vimscript,1000-3000,terryma-vim-multiple-cursors,783aeaaf834cebac3d53bb2eb3c4be806c475b09,autoload/multiple_cursors.vim,autoload/multiple_cursors.vim
Vimscript,1000-3000,terryma-vim-multiple-cursors,dca57a7f3ed0db572fd5a0440d3cebd49f8235fe,autoload/multiple_cursors.vim,autoload/multiple_cursors.vim
Vimscript,1000-3000,terryma-vim-multiple-cursors,dcfddcf3338ae9816e3184b5669ff138b8597e54,autoload/multiple_cursors.vim,autoload/multiple_cursors.vim
Vimscript,1000-3000,terryma-vim-multiple-cursors,e65d432f2977a9c2ea84c2874750f62852c79102,autoload/multiple_cursors.vim,autoload/multiple_cursors.vim
Vimscript,1000-3000,vim-crystal-vim-crystal,651c0dcc6b7c40a39e9a76c36de2776c0e98f2f2,autoload/crystal/indent.vim,autoload/crystal/indent.vim
Vimscript,1000-3000,vim-scripts-VimClojure,da2683b9069e01c133f0c0129386fd6dc053019c,autoload/vimclojure.vim,autoload/vimclojure.vim
Vimscript,1000-3000,vim-scripts-VimClojure,f2ab85555ce254fe2c6cc841488df11af1acda3b,autoload/vimclojure.vim,autoload/vimclojure.vim
Vimscript,1000-3000,vim-scripts-frawor,b9fb7a22718eb62dc48f9715b4ee9d8a2e209326,plugin/frawor/fwc/compiler.vim,plugin/frawor/fwc/compiler.vim
Vimscript,1000-3000,vim-scripts-frawor,da98a024869affd959fbbd696415126a7e973911,plugin/frawor/fwc/intfuncs.vim,plugin/frawor/fwc/intfuncs.vim
Vimscript,1000-3000,wincent-ferret,22cf052269b1143cd579b81c9390880ac712b67f,autoload/ferret/private.vim,autoload/ferret/private.vim
Vimscript,1000-3000,wincent-ferret,3d064304876941e4197db6b4264db6b72bd9f83d,plugin/ferret.vim,plugin/ferret.vim
Vimscript,1000-3000,xolox-vim-session,8254cff8db3595e9a45e560ce2809f08933bc5dc,autoload/xolox/session.vim,autoload/xolox/session.vim
Vimscript,1000-3000,xolox-vim-session,9e9a6088f0554f6940c19889d0b2a8f39d13f2bb,autoload/xolox/session.vim,autoload/xolox/session.vim
Vimscript,1000-3000,xolox-vim-session,de8950635721ed7232b4f6581ea071fcd71f4410,autoload/xolox/session.vim,autoload/xolox/session.vim
Vimscript,30-100,ConradIrwin-vim-bracketed-paste,108f37fc0c02f2c70cfd9701ab2f06cfa9baeb69,plugin/bracketed-paste.vim,plugin/bracketed-paste.vim
Vimscript,30-100,ConradIrwin-vim-bracketed-paste,363f9b62d3aaa8f1cb6ba8abbeadecbef8d5cd42,plugin/bracketed-paste.vim,plugin/bracketed-paste.vim
Vimscript,30-100,ConradIrwin-vim-bracketed-paste,3cca2bdb64b165e1661306c9cea8c4bf225030ea,plugin/bracketed-paste.vim,plugin/bracketed-paste.vim
Vimscript,30-100,Glench-Vim-Jinja2-Syntax,3e85dda4edaae2303c70b3e788586412832af887,indent/jinja.vim,indent/jinja.vim
Vimscript,30-100,HerringtonDarkholme-yats.vim,7cf70a6c9ef0ce6657aede257e9c42a03b8f86a9,syntax/basic/identifiers.vim,syntax/basic/identifiers.vim
Vimscript,30-100,HerringtonDarkholme-yats.vim,ec73e40ba1b714972f034e1f04d27a304a61dda1,syntax/basic/literal.vim,syntax/basic/literal.vim
Vimscript,30-100,Kuniwak-vint,3abb8af56407c31ccd67a722768208730970dd66,test/fixture/policy/prohibit_equal_tilde_operator_valid.vim,test/fixture/policy/prohibit_equal_tilde_operator_valid.vim
Vimscript,30-100,Kuniwak-vint,efff450ae8c88935af05d2fb0a4373df52eb48d4,test/fixture/policy/prohibit_implicit_scope_variable_valid.vim,test/fixture/policy/prohibit_implicit_scope_variable_valid.vim
Vimscript,30-100,Kuniwak-vint,efff450ae8c88935af05d2fb0a4373df52eb48d4,test/fixture/policy/prohibit_unused_variable_valid.vim,test/fixture/policy/prohibit_unused_variable_valid.vim
Vimscript,30-100,WolfgangMehner-perl-support,4f18248be7819cc1bd875941cd031997a1d2d658,ftplugin/pod.vim,ftplugin/pod.vim
Vimscript,30-100,WolfgangMehner-perl-support,80cc242c887eb03aff03830db4119d1d64cba0cd,ftplugin/perl.vim,ftplugin/perl.vim
Vimscript,30-100,WolfgangMehner-perl-support,83bf6bdce1cff77f30bc4107751106ffaeabd781,perl-support/rc/make.vim,ftplugin/make.vim
Vimscript,30-100,Xuyuanp-nerdtree-git-plugin,c5343625306261fe5c866679538bb2d638bcad01,autoload/gitstatus.vim,autoload/gitstatus.vim
Vimscript,30-100,ap-vim-css-color,8bc0a26cb7839c180e27fc9166c2a3265927feff,syntax/colornames/basic.vim,syntax/colornames/basic.vim
Vimscript,30-100,bfrg-vim-jq,007af9056e6e500dad4a6861e89d4a7582a28765,ftplugin/jq.vim,ftplugin/jq.vim
Vimscript,30-100,bfrg-vim-jq,9be961ed8e96a6e07d87d9ffb92cf8539d811302,autoload/jq.vim,autoload/jq.vim
Vimscript,30-100,ctrlpvim-ctrlp.vim,d62bbc513050b0ad70ec0ff285507981069bcbf3,autoload/ctrlp/line.vim,autoload/ctrlp/line.vim
Vimscript,30-100,dag-vim2hs,4403f8c4eea99f0869a8eb438055217514caef94,autoload/vim2hs/jmacro.vim,autoload/vim2hs/jmacro.vim
Vimscript,30-100,dag-vim2hs,6646a392c68bdb9f9744b876f68366a39a60265f,autoload/vim2hs/heist.vim,autoload/vim2hs/heist.vim
Vimscript,30-100,dag-vim2hs,877c8513e298337ace76d43f6cc3a89d011a9ba1,autoload/vim2hs/cabalconfig.vim,autoload/vim2hs/cabalconfig.vim
Vimscript,30-100,davidhalter-jedi-vim,c381156dd4a7e1ad441e7326ff84bce08b4b106a,ftplugin/python/jedi.vim,ftplugin/python/jedi.vim
Vimscript,30-100,dense-analysis-ale,de2d3da73834d36defba03865bed733c2a77ce4a,autoload/ale/handlers/css.vim,autoload/ale/handlers/css.vim
Vimscript,30-100,garbas-vim-snipmate,66555c2a86ba2136459190c06aa2c0f25ad38bb3,autoload/snipmate/util.vim,autoload/snipmate/util.vim
Vimscript,30-100,gregsexton-gitv,41e4ffdbdb02374412d03c5680906ebee84dd5a2,ftplugin/gitv.vim,ftplugin/gitv.vim
Vimscript,30-100,idanarye-vim-merginal,01426cbd6d927d0460f524cfd656924bfe677c50,autoload/merginal/buffers/conflictsBase.vim,autoload/merginal/buffers/conflictsBase.vim
Vimscript,30-100,idanarye-vim-merginal,01426cbd6d927d0460f524cfd656924bfe677c50,autoload/merginal/buffers/rebaseConflicts.vim,autoload/merginal/buffers/rebaseConflicts.vim
Vimscript,30-100,idanarye-vim-merginal,0fab5c23255902f975c52e65fbb6dff9be8ed64d,autoload/merginal/buffers/cherryPickConflicts.vim,autoload/merginal/buffers/cherryPickConflicts.vim
Vimscript,30-100,idanarye-vim-merginal,d5dc4c2ee32d02f93df6e33afd2c80d25d7b1d62,autoload/merginal/buffers/rebaseAmend.vim,autoload/merginal/buffers/rebaseAmend.vim
Vimscript,30-100,itchyny-lightline.vim,cfc00eabc3e17ab90d811870e42d397ac6ab606e,autoload/lightline/colorscheme/selenized_light.vim,autoload/lightline/colorscheme/selenized_light.vim
Vimscript,30-100,itchyny-lightline.vim,cfc00eabc3e17ab90d811870e42d397ac6ab606e,autoload/lightline/colorscheme/selenized_white.vim,autoload/lightline/colorscheme/selenized_white.vim
Vimscript,30-100,jasonccox-vim-wayland-clipboard,ba00ffcc569c4b5eb8546b1e90c6a64f8e16b367,plugin/wayland_clipboard.vim,plugin/wayland_clipboard.vim
Vimscript,30-100,jasonccox-vim-wayland-clipboard,be4c901ea6e749bcbcfcc6758a3212ebdf5d4924,plugin/wayland_clipboard.vim,plugin/wayland_clipboard.vim
Vimscript,30-100,jasonccox-vim-wayland-clipboard,c16b7cfed0c4ec22cc6a7f67dfbdd4d8c4ab1848,plugin/wayland_clipboard.vim,plugin/wayland_clipboard.vim
Vimscript,30-100,jasonccox-vim-wayland-clipboard,c40b52ef340030ba0d6779b896256efd2cb282fb,plugin/wayland_clipboard.vim,plugin/wayland_clipboard.vim
Vimscript,30-100,jreybert-vimagit,08060ff792ae5f548328af7573c7aa4c0d682bd7,syntax/magit.vim,syntax/magit.vim
Vimscript,30-100,jreybert-vimagit,40af0fb34890ef4909e1cfbfcfa7b6bb7f8fcfc5,syntax/magit.vim,syntax/magit.vim
Vimscript,30-100,junegunn-vader.vim,654bbf7abe03152f616dc36e2f28bd419a550237,ftplugin/vader.vim,ftplugin/vader.vim
Vimscript,30-100,kana-vim-vspec,260577ab08c33bb05b65d0174335d015562222c7,bin/vspec-bootstrap.vim,bin/vspec-bootstrap.vim
Vimscript,30-100,kana-vim-vspec,2fba977c94361faf62d8247515fc77cdf28b86af,after/syntax/vim/vspec.vim,after/syntax/vim/vspec.vim
Vimscript,30-100,kana-vim-vspec,339ac241aecc90f0bf45f2e7c9d82092a5fd4255,after/indent/vim.vim,after/indent/vim.vim
Vimscript,30-100,kana-vim-vspec,3e573b70407ad28d367a10c951864dc64d706f73,after/indent/vim.vim,after/indent/vim.vim
Vimscript,30-100,kana-vim-vspec,3e573b70407ad28d367a10c951864dc64d706f73,after/syntax/vim/vspec.vim,after/syntax/vim/vspec.vim
Vimscript,30-100,kana-vim-vspec,4cfd02b18ccd78eee2d170a4d2cb6ec2369afdd1,after/indent/vim.vim,after/indent/vim.vim
Vimscript,30-100,kana-vim-vspec,5496c7453db1c6b1ba1d68dfe482b2c78ba5583a,after/indent/vim.vim,after/indent/vim.vim
Vimscript,30-100,kana-vim-vspec,7b90f72e687210d81fa80213bc61f114ced09f3c,after/syntax/vim/vspec.vim,after/syntax/vim/vspec.vim
Vimscript,30-100,kana-vim-vspec,93c12b613cbf8c5a6e83eaf4597c2954d2023558,after/syntax/vim/vspec.vim,after/syntax/vim/vspec.vim
Vimscript,30-100,kana-vim-vspec,b172708a1eb8dad70268d0a19580cea39b31ea7a,after/syntax/vim/vspec.vim,after/syntax/vim/vspec.vim
Vimscript,30-100,luochen1990-rainbow,38be4dacfb4e8686a9144f4e3d381e9b3b55f31b,plugin/rainbow_main.vim,plugin/rainbow_main.vim
Vimscript,30-100,luochen1990-rainbow,549724c2123c5a06834676963be0d76d5c37abc1,autoload/rainbow_main.vim,autoload/rainbow_main.vim
Vimscript,30-100,luochen1990-rainbow,62454f132cfa6860d7ca892c58eec897e876acb5,autoload/rainbow.vim,autoload/rainbow.vim
Vimscript,30-100,luochen1990-rainbow,84650b7ded90422c344e7e702ebd7f52a5d607e1,plugin/rainbow_main.vim,plugin/rainbow_main.vim
Vimscript,30-100,m-pilia-vim-mediawiki,3c2ee5f51848db43ec9b961d76d8d8b8820e95e6,ftplugin/mediawiki.vim,ftplugin/mediawiki.vim
Vimscript,30-100,m-pilia-vim-mediawiki,a99328e1d4272b7063cb98453d815934e58983eb,autoload/mediawiki.vim,autoload/mediawiki.vim
Vimscript,30-100,mattn-webapi-vim,5726e8270e2a774c7200ca79868b4128c0c57ad7,autoload/webapi/jsonrpc.vim,autoload/webapi/jsonrpc.vim
Vimscript,30-100,mattn-webapi-vim,5de31153b461876bbd2f130ee2baf736a652b2af,example/twitter.vim,example/twitter.vim
Vimscript,30-100,mattn-webapi-vim,fa79250b048a74d57d1364c71e92aafcbf14d720,example/twitter.vim,example/twitter.vim
Vimscript,30-100,mileszs-ack.vim,010ea7ac0f861a4db712f0829aa7c0c8d0fc8bab,plugin/ack.vim,plugin/ack.vim
Vimscript,30-100,mileszs-ack.vim,537fb8183fabaccde6b100c9b43a147eab0db8a4,plugin/ack.vim,plugin/ack.vim
Vimscript,30-100,mileszs-ack.vim,89b2a52e5a9104a2bbc1bf2d1d85f1af94ba20c4,plugin/ack.vim,plugin/ack.vim
Vimscript,30-100,mileszs-ack.vim,db5b0900e89e3f1e25b2157d72e5a5837f55eb57,plugin/ack.vim,plugin/ack.vim
Vimscript,30-100,nfnty-vim-nftables,01c7b97eff12fd4b624e6efa2c0468163db61ebc,syntax/nftables.vim,syntax/nftables.vim
Vimscript,30-100,nfnty-vim-nftables,e1f0592e5b030c7ce239b325efbb4da2bac4c629,syntax/nftables.vim,syntax/nftables.vim
Vimscript,30-100,nfnty-vim-nftables,faaaa13276a85a3a92d438a921dc48df534a5e2c,syntax/nftables.vim,syntax/nftables.vim
Vimscript,30-100,nvie-vim-flake8,03316eab49fddce2fc9cea84588e623a658b35aa,ftplugin/python_flake8.vim,ftplugin/python_flake8.vim
Vimscript,30-100,nvie-vim-flake8,66174e2d85c3aa21c8c12825f9389fdaefbf277e,ftplugin/python_flake8.vim,ftplugin/python_flake8.vim
Vimscript,30-100,nvie-vim-flake8,afc396487bcd8d9895613a50e4ca61114743c5fe,ftplugin/python_flake8.vim,ftplugin/python_flake8.vim
Vimscript,30-100,nvie-vim-flake8,c92a2e54e2dd35e7127ae4939fbbfee50027da3a,ftplugin/python_flake8.vim,ftplugin/python_flake8.vim
Vimscript,30-100,regit-coccigrep,4e569582a5a0691be0aa3d20fee40573c1fcbfaa,editors/cocci-grep.vim,editors/cocci-grep.vim
Vimscript,30-100,rhysd-vim-clang-format,ed2ebdb18670b096773ff27e11964985401014a3,autoload/operator/clang_format.vim,autoload/operator/clang_format.vim
Vimscript,30-100,rickhowe-diffchar.vim,0187321b741b58b67679f24b3151663319558c8f,plugin/diffchar.vim,plugin/diffchar.vim
Vimscript,30-100,rickhowe-diffchar.vim,3a90fa38c1d8d0421e61fca38665b769c36c81d5,plugin/diffchar.vim,plugin/diffchar.vim
Vimscript,30-100,rickhowe-diffchar.vim,841aa8c28e949f765fe93c7efdf49a8d22629915,plugin/diffchar.vim,plugin/diffchar.vim
Vimscript,30-100,soywod-iris.vim,c5a0ba326a3242249a0f05678e03704e269d1b54,autoload/iris/idle.vim,autoload/iris/idle.vim
Vimscript,30-100,soywod-iris.vim,f7c417bc453c7ecfb16ef545adaee5454b42311a,autoload/iris/utils.vim,autoload/iris/utils.vim
Vimscript,30-100,terryma-vim-multiple-cursors,1ec1d604a8b6a90ef018a8b28614f562fff1fe76,plugin/multiple_cursors.vim,plugin/multiple_cursors.vim
Vimscript,30-100,thinca-vim-themis,6da31781a30c8a6de416c684704e515945e5aacc,autoload/themis/module.vim,autoload/themis/module.vim
Vimscript,30-100,thinca-vim-themis,78b87728752ccab83bf6a06d65e214d3ada55977,autoload/themis/reporter/tap.vim,autoload/themis/reporter/tap.vim
Vimscript,30-100,thinca-vim-themis,78b87728752ccab83bf6a06d65e214d3ada55977,autoload/themis/supporter/builtin_assert.vim,autoload/themis/supporter/builtin_assert.vim
Vimscript,30-100,thinca-vim-themis,78b87728752ccab83bf6a06d65e214d3ada55977,autoload/themis/supporter/stats.vim,autoload/themis/supporter/stats.vim
Vimscript,30-100,thinca-vim-themis,9676b303ee40ca294d625b54cf32e54475c3752f,syntax/vimspec.vim,syntax/vimspec.vim
Vimscript,30-100,thinca-vim-themis,97b5c971cbbf40f422d09dd5160e138547a5b386,autoload/themis/module.vim,autoload/themis/module.vim
Vimscript,30-100,thinca-vim-themis,97b5c971cbbf40f422d09dd5160e138547a5b386,autoload/themis/report.vim,autoload/themis/report.vim
Vimscript,30-100,thinca-vim-themis,97b5c971cbbf40f422d09dd5160e138547a5b386,syntax/vimspec.vim,syntax/vimspec.vim
Vimscript,30-100,thinca-vim-themis,9d1f275130e93f083c7c6e78dbe77eb15502e678,autoload/themis/emitter.vim,autoload/themis/emitter.vim
Vimscript,30-100,thinca-vim-themis,9d1f275130e93f083c7c6e78dbe77eb15502e678,autoload/themis/reporter/dot.vim,autoload/themis/reporter/dot.vim
Vimscript,30-100,thinca-vim-themis,9d1f275130e93f083c7c6e78dbe77eb15502e678,autoload/themis/reporter/spec.vim,autoload/themis/reporter/spec.vim
Vimscript,30-100,thinca-vim-themis,9d1f275130e93f083c7c6e78dbe77eb15502e678,syntax/vimspec.vim,syntax/vimspec.vim
Vimscript,30-100,thinca-vim-themis,b9afb4628c13650e7fb58a66512f94695bfb8d97,autoload/themis/emitter.vim,autoload/themis/emitter.vim
Vimscript,30-100,thinca-vim-themis,bba489b6798f594332fa1a48a28e036321a7b4bc,autoload/themis/module.vim,autoload/themis/module.vim
Vimscript,30-100,thinca-vim-themis,bba489b6798f594332fa1a48a28e036321a7b4bc,autoload/themis/option.vim,autoload/themis/option.vim
Vimscript,30-100,thinca-vim-themis,bba489b6798f594332fa1a48a28e036321a7b4bc,autoload/themis/supporter/builtin_assert.vim,autoload/themis/supporter/builtin_assert.vim
Vimscript,30-100,thinca-vim-themis,e2e9d95da2e29b393619954396956888ac5614de,indent/vimspec.vim,indent/vimspec.vim
Vimscript,30-100,thinca-vim-themis,ed434d240f52cf99311874c18747217d1767366c,autoload/themis/reporter/spec.vim,autoload/themis/reporter/spec.vim
Vimscript,30-100,tmatilai-gitolite.vim,1e6f9bbb5f5d26eb96242bd999485afbb712055d,syntax/gitolite.vim,syntax/gitolite.vim
Vimscript,30-100,tmatilai-gitolite.vim,9061b5a4a73fec5ca594ca0788c82c4624303ffc,syntax/gitolite.vim,syntax/gitolite.vim
Vimscript,30-100,tomtom-tcomment_vim,91305baa14281a5fcbccf16fdd6ad0392ddae3c4,autoload/tcomment/cursor.vim,autoload/tcomment/cursor.vim
Vimscript,30-100,tomtom-tcomment_vim,ed93a63ff3a7f9e25d7974992e3c590fc80637e5,autoload/tcomment/deprecated.vim,autoload/tcomment/deprecated.vim
Vimscript,30-100,tomtom-tlib_vim,557c0ca020b344fdccfb241df3ee6a072720fbdc,autoload/tlib/selection.vim,autoload/tlib/selection.vim
Vimscript,30-100,tpope-vim-commentary,4cd983bd6dc84671e1d99cf16f6bb25cbe087942,plugin/commentary.vim,plugin/commentary.vim
Vimscript,30-100,tpope-vim-commentary,d2530d834dc6242ab3d801d0af46a5d9c0670e35,plugin/commentary.vim,plugin/commentary.vim
Vimscript,30-100,tpope-vim-commentary,dc349bb7d30f713d770fc1fa0fe209e6aab82dc8,plugin/commentary.vim,plugin/commentary.vim
Vimscript,30-100,tpope-vim-repeat,1f19cf2a03167514efa1fa25fb3306eee04790b7,autoload/repeat.vim,autoload/repeat.vim
Vimscript,30-100,tpope-vim-sensible,26f8783e08efef27fc01e0df6465b8f94c8bf270,plugin/sensible.vim,plugin/sensible.vim
Vimscript,30-100,tpope-vim-sensible,2fb074e84169e177045e8bdb6ceb7eded3a80e8f,plugin/sensible.vim,plugin/sensible.vim
Vimscript,30-100,tpope-vim-sensible,49ee364222dc2a5a00dddf89fd61880e3e39d46a,plugin/sensible.vim,plugin/sensible.vim
Vimscript,30-100,tpope-vim-sensible,8c4429c70c186f9be47121b126c13095793062a1,plugin/sensible.vim,plugin/sensible.vim
Vimscript,30-100,tree-sitter-grammars-tree-sitter-vim,07b908dd806dcc137c77f7c89330fdf2fdddce8d,test/highlight/highlight_statement.vim,test/highlight/highlight_statement.vim
Vimscript,30-100,vala-lang-vala.vim,ce569e187bf8f9b506692ef08c10b584595f8e2d,syntax_checkers/vala/valac.vim,syntax_checkers/vala/valac.vim
Vimscript,30-100,vim-airline-vim-airline,7c7391a1fc31e197865ad97a9d01e7a435f64a9c,autoload/airline/extensions/nvimlsp.vim,autoload/airline/extensions/nvimlsp.vim
Vimscript,30-100,vim-crystal-vim-crystal,0cdf5ace3996a7040e0b69274f933376eca6799b,ftplugin/crystal.vim,ftplugin/crystal.vim
Vimscript,30-100,vim-crystal-vim-crystal,78226707cb7058d96c49c5ee785b137cf06ac26d,ftplugin/crystal.vim,ftplugin/crystal.vim
Vimscript,30-100,vim-crystal-vim-crystal,8a451cf489cd32cb74d76c49874324d74195e30f,ftplugin/ecrystal.vim,ftplugin/ecrystal.vim
Vimscript,30-100,vim-crystal-vim-crystal,d4d05bdecd4b6c754b954a97b5cc74abdc442682,ftplugin/crystal.vim,ftplugin/crystal.vim
Vimscript,30-100,vim-scripts-VimClojure,da2683b9069e01c133f0c0129386fd6dc053019c,plugin/clojure.vim,plugin/clojure.vim
Vimscript,30-100,vim-scripts-frawor,619c1248f27ad7b918c09c543c35c7509f7e3083,plugin/frawor/lua.vim,plugin/frawor/lua.vim
Vimscript,30-100,vim-scripts-frawor,619c1248f27ad7b918c09c543c35c7509f7e3083,plugin/frawor/python.vim,plugin/frawor/python.vim
Vimscript,30-100,vim-scripts-frawor,619c1248f27ad7b918c09c543c35c7509f7e3083,plugin/frawor/ruby.vim,plugin/frawor/ruby.vim
Vimscript,30-100,vim-scripts-frawor,75281c3cff44fe4274f00b25bcf83ba4c9ad0734,autoload/frawor/python.vim,autoload/frawor/python.vim
Vimscript,30-100,vim-scripts-frawor,a0cbe2a846a152a6f996c281b34e90ae964835da,autoload/frawor.vim,autoload/frawor.vim
Vimscript,30-100,vim-scripts-frawor,a0cbe2a846a152a6f996c281b34e90ae964835da,autoload/frawor/tcl.vim,plugin/frawor/tcl.vim
Vimscript,30-100,vim-scripts-frawor,f9b544beab7cac01c05181e05809cac5a70cd58b,autoload/frawor.vim,autoload/frawor.vim
Vimscript,30-100,vim-scripts-pf.vim,77de033d902eb74ab17d249c94a6f66b6335c5df,syntax/pf.vim,syntax/pf.vim
Vimscript,30-100,vim-scripts-vimbuddy.vim,75b5bc58efd739d39668bbfe0efbc46981e487db,plugin/vimbuddy.vim,plugin/vimbuddy.vim
Vimscript,30-100,vim-syntastic-syntastic,1089ee5212b833d73c96ca93773b9eca1a0f721b,syntax_checkers/haskell/hlint.vim,syntax_checkers/haskell/hlint.vim
Vimscript,30-100,vim-syntastic-syntastic,176f364f1b4acf894cdc248944f2d5506a37cc80,syntax_checkers/verilog/verilator.vim,syntax_checkers/verilog/verilator.vim
Vimscript,30-100,vim-syntastic-syntastic,1a27e74114d300e425b479e3aac528b2b9bcb8ad,plugin/syntastic/balloons.vim,plugin/syntastic/balloons.vim
Vimscript,30-100,vim-syntastic-syntastic,9041bc76b4084dda00933744c0dce4bdf43d15c7,syntax_checkers/c/cppcheck.vim,syntax_checkers/c/cppcheck.vim
Vimscript,30-100,vim-syntastic-syntastic,c89741ef310fd0a380ffb80b80e10f197afd6224,syntax_checkers/sh/sh.vim,syntax_checkers/sh/sh.vim
Vimscript,30-100,vmware-archive-salt-vim,8d60869177fdf8516e4c0d01cb13ed0be20e310f,ftplugin/sls.vim,ftplugin/sls.vim
Vimscript,30-100,vmware-archive-salt-vim,a7026f62e6b3794718915c59f1965e5406d28548,syntax/sls.vim,syntax/sls.vim
Vimscript,30-100,wincent-ferret,ca83e63f41897872460e822381b564c144b44d0d,ftplugin/qf.vim,ftplugin/qf.vim
Vimscript,30-100,xolox-vim-misc,1aed880da7f21530e7533c082519c13e70e111c2,autoload/xolox/misc/list.vim,autoload/xolox/misc/list.vim
Vimscript,30-100,xolox-vim-reload,3e7157509f97e53190fa21b9a0e8683fad5a96ed,reload.vim,reload.vim
Vimscript,30-100,xolox-vim-reload,5fc2712cede6af6ab27911e02142a0b26bae6620,reload.vim,reload.vim
Vimscript,30-100,xolox-vim-reload,ca030c928d37d8400cbd576d13423411f3498c67,buffer.vim,buffer.vim
Vimscript,30-100,xolox-vim-reload,ed942d165f9e2b49666e5e621663cfbf45d3a5e0,autoload/xolox/misc/list.vim,autoload/xolox/misc/list.vim
Vimscript,30-100,xolox-vim-reload,ee4c247df124b38b478f8ca0f19d78fdc95ca042,autoload/xolox/misc/msg.vim,autoload/xolox/misc/msg.vim
Vimscript,30-100,xolox-vim-session,0b1c06ef1d296590b23bbe4da46faeef6541a8ba,option.vim,option.vim
Vimscript,30-100,xolox-vim-session,9cabfbd1d09b41b7b78ebf57a42957ba87ff136f,list.vim,list.vim
Vimscript,30-100,xolox-vim-session,ed942d165f9e2b49666e5e621663cfbf45d3a5e0,autoload/xolox/misc/escape.vim,autoload/xolox/misc/escape.vim
Vimscript,30-100,xolox-vim-session,ed942d165f9e2b49666e5e621663cfbf45d3a5e0,autoload/xolox/misc/msg.vim,autoload/xolox/misc/msg.vim
Vimscript,30-100,xolox-vim-session,ee4c247df124b38b478f8ca0f19d78fdc95ca042,autoload/xolox/misc/msg.vim,autoload/xolox/misc/msg.vim
Vimscript,300-1000,KeitaNakamura-tex-conceal.vim,93ae39d9222b0892684d02324b85ee9d3647bf8e,after/syntax/tex.vim,after/syntax/tex.vim
Vimscript,300-1000,PAntoine-vimgitlog,b17f3dcdc2f224a474cc540500684bece002db8c,plugin/gitlog.vim,plugin/gitlog.vim
Vimscript,300-1000,WolfgangMehner-perl-support,80cc242c887eb03aff03830db4119d1d64cba0cd,autoload/mmtoolbox/make.vim,autoload/mmtoolbox/make.vim
Vimscript,300-1000,WolfgangMehner-perl-support,83bf6bdce1cff77f30bc4107751106ffaeabd781,autoload/perlsupportprofiling.vim,autoload/perlsupportprofiling.vim
Vimscript,300-1000,WolfgangMehner-perl-support,83bf6bdce1cff77f30bc4107751106ffaeabd781,autoload/perlsupportregex.vim,autoload/perlsupportregex.vim
Vimscript,300-1000,Xuyuanp-nerdtree-git-plugin,4524fb465b11881409482636ae716b4965011550,nerdtree_plugin/git_status.vim,nerdtree_plugin/git_status.vim
Vimscript,300-1000,Xuyuanp-nerdtree-git-plugin,481209314e2a4889b015c31c25711cc6966138fa,nerdtree_plugin/git_status.vim,nerdtree_plugin/git_status.vim
Vimscript,300-1000,Xuyuanp-nerdtree-git-plugin,4d21fe51146a9c0a44320b22cdde68ffaa8d6dc8,nerdtree_plugin/git_status.vim,nerdtree_plugin/git_status.vim
Vimscript,300-1000,Xuyuanp-nerdtree-git-plugin,54d7e6087bbb42e847f04f0b2d756f8cca84e7ae,nerdtree_plugin/git_status.vim,nerdtree_plugin/git_status.vim
Vimscript,300-1000,Xuyuanp-nerdtree-git-plugin,c750d534a0fc839efe371b6eac86048dbc5c1211,nerdtree_plugin/git_status.vim,nerdtree_plugin/git_status.vim
Vimscript,300-1000,Xuyuanp-nerdtree-git-plugin,d04ee4740bb802bdfe0675139095e2e049134a22,nerdtree_plugin/git_status.vim,nerdtree_plugin/git_status.vim
Vimscript,300-1000,airblade-vim-gitgutter,28d463f199262e38d7379ac1125b73f32822145a,autoload/gitgutter/diff.vim,autoload/gitgutter/diff.vim
Vimscript,300-1000,airblade-vim-gitgutter,3b5acc05a15c5488c5c8d169bed3ae78bed5e8d1,autoload/gitgutter/utility.vim,autoload/gitgutter/utility.vim
Vimscript,300-1000,airblade-vim-gitgutter,5f525476f3ade40e60aa295a8a2a01c0935b0d61,autoload/gitgutter/hunk.vim,autoload/gitgutter/hunk.vim
Vimscript,300-1000,ap-vim-css-color,7337c35588e9027b516f80f03c3b9621a271e168,autoload/css_color.vim,autoload/css_color.vim
Vimscript,300-1000,dag-vim2hs,6646a392c68bdb9f9744b876f68366a39a60265f,autoload/vim2hs/haskell/syntax.vim,autoload/vim2hs/haskell/syntax.vim
Vimscript,300-1000,dag-vim2hs,dc9b7adc3fa345230fc699a97251e8816b41f578,autoload/vim2hs/haskell/syntax.vim,autoload/vim2hs/haskell/syntax.vim
Vimscript,300-1000,davidhalter-jedi-vim,ff9a0afbda161be84d9a868bf8f9d5759c2c67ab,autoload/jedi.vim,autoload/jedi.vim
Vimscript,300-1000,diepm-vim-rest-console,357dbbcff274f75b8951285d6488ce704f049c17,ftplugin/rest.vim,ftplugin/rest.vim
Vimscript,300-1000,diepm-vim-rest-console,3f6f6c26190f9e956f4c2732a2c8296285ef62b5,ftplugin/rest.vim,ftplugin/rest.vim
Vimscript,300-1000,diepm-vim-rest-console,8b27187e955e1354c23d714210c67da93119d311,ftplugin/rest.vim,ftplugin/rest.vim
Vimscript,300-1000,diepm-vim-rest-console,8cca1882884ebd65cea2144c97dde7e16aed3112,ftplugin/rest.vim,ftplugin/rest.vim
Vimscript,300-1000,diepm-vim-rest-console,ac3f383b0953041145634a58c00ad090b93220dc,ftplugin/rest.vim,ftplugin/rest.vim
Vimscript,300-1000,diepm-vim-rest-console,eac83630508b52d0dbd6f88ef277e581759faa59,ftplugin/rest.vim,ftplugin/rest.vim
Vimscript,300-1000,dracula-vim,4444f9e7b40c972c9b4eef2a1f2207d979281a13,colors/dracula.vim,colors/dracula.vim
Vimscript,300-1000,dracula-vim,d1864ac0734ce51150affa96a35a1e01ade08b79,colors/dracula.vim,colors/dracula.vim
Vimscript,300-1000,editorconfig-editorconfig-vim,37314ccb71f3ba11c6fe003d880788457bb69ed7,plugin/editorconfig.vim,plugin/editorconfig.vim
Vimscript,300-1000,editorconfig-editorconfig-vim,3dcc256d8afe370d832445371a7b40d6a16587a7,plugin/editorconfig.vim,plugin/editorconfig.vim
Vimscript,300-1000,editorconfig-editorconfig-vim,7eec46701ec7a954a6cb0b0e348ad7c13a893425,plugin/editorconfig.vim,plugin/editorconfig.vim
Vimscript,300-1000,editorconfig-editorconfig-vim,daa5573f903917d947f10ae9ca86692e1313b644,plugin/editorconfig.vim,plugin/editorconfig.vim
Vimscript,300-1000,ervandew-supertab,6f9b1f1071f78a19b4640bf558e1b221f797207e,plugin/supertab.vim,plugin/supertab.vim
Vimscript,300-1000,ervandew-supertab,aedb60634613f3f7bd64c81b5dea85336b2f6c40,plugin/supertab.vim,plugin/supertab.vim
Vimscript,300-1000,fatih-vim-go,548f7823ac8e26545229bf5fe17839b623ac26ec,autoload/go/lint_test.vim,autoload/go/lint_test.vim
Vimscript,300-1000,fatih-vim-go,ad8a62a7626891ce7e5ba3f4c982a41c19be39b3,autoload/go/lint.vim,autoload/go/lint.vim
Vimscript,300-1000,garbas-vim-snipmate,17ac70ef00982b7b4865e2ff0efc34a4a5b59cab,autoload/snipMate.vim,autoload/snipMate.vim
Vimscript,300-1000,garbas-vim-snipmate,1dd254ed169a2f6a52842d8492b53519e342872f,autoload/snipMate.vim,autoload/snipMate.vim
Vimscript,300-1000,garbas-vim-snipmate,2d70860ba49afc83cb5902acb99174e3cf08538d,autoload/snipMate.vim,autoload/snipMate.vim
Vimscript,300-1000,garbas-vim-snipmate,6e5d2efda6bfc3243be28e88032b7079381f5bdb,autoload/snipMate.vim,autoload/snipMate.vim
Vimscript,300-1000,garbas-vim-snipmate,97cca36898a85327f122b8596ba8e40c092bd8b6,autoload/snipMate.vim,autoload/snipMate.vim
Vimscript,300-1000,garbas-vim-snipmate,f1432b6022c9815cd89b9197b06e3efdc3596b78,autoload/snipMate.vim,autoload/snipMate.vim
Vimscript,300-1000,jistr-vim-nerdtree-tabs,568749e3f2c2e9c9f07c31e307d1802b8e63ad53,nerdtree_plugin/vim-nerdtree-tabs.vim,nerdtree_plugin/vim-nerdtree-tabs.vim
Vimscript,300-1000,jistr-vim-nerdtree-tabs,569d466f4d4e2cef42f0511316b2a6b02bc6e2d5,nerdtree_plugin/vim-nerdtree-tabs.vim,nerdtree_plugin/vim-nerdtree-tabs.vim
Vimscript,300-1000,jistr-vim-nerdtree-tabs,5d398e0e49df30d721f8eafb5d417208e29ac120,nerdtree_plugin/vim-nerdtree-tabs.vim,nerdtree_plugin/vim-nerdtree-tabs.vim
Vimscript,300-1000,jistr-vim-nerdtree-tabs,929c0564c9a2b954866baf8f8fac1c56a6fe7e32,nerdtree_plugin/vim-nerdtree-tabs.vim,nerdtree_plugin/vim-nerdtree-tabs.vim
Vimscript,300-1000,jistr-vim-nerdtree-tabs,e12dc6ee6b9c77b128dcaf48167d798df1a18f12,nerdtree_plugin/vim-nerdtree-tabs.vim,nerdtree_plugin/vim-nerdtree-tabs.vim
Vimscript,300-1000,jistr-vim-nerdtree-tabs,efc47f8602fa1d9ee49af8ee3c21e1ed767ecbfd,nerdtree_plugin/vim-nerdtree-tabs.vim,nerdtree_plugin/vim-nerdtree-tabs.vim
Vimscript,300-1000,jnurmine-Zenburn,459029cde438ba7642f85f1051bf2fc426c9e708,zenburn.vim,zenburn.vim
Vimscript,300-1000,jnurmine-Zenburn,5303eca6a0d10e0f17c517839f264c30fd982972,colors/zenburn.vim,colors/zenburn.vim
Vimscript,300-1000,jnurmine-Zenburn,a70852d1612efe8d8dc364709cfe1f49023c2658,colors/zenburn.vim,colors/zenburn.vim
Vimscript,300-1000,jnurmine-Zenburn,d442cf8aa541bb7519504ff723c40c0b118b7d64,colors/zenburn.vim,colors/zenburn.vim
Vimscript,300-1000,jnurmine-Zenburn,eec67511855b52c9e6e894915157c682ea72285b,colors/zenburn.vim,colors/zenburn.vim
Vimscript,300-1000,jreybert-vimagit,3340dfd4766503aeefe3fc8048711afb94947408,autoload/magit/git.vim,autoload/magit/git.vim
Vimscript,300-1000,jreybert-vimagit,40af0fb34890ef4909e1cfbfcfa7b6bb7f8fcfc5,autoload/magit/git.vim,autoload/magit/git.vim
Vimscript,300-1000,junegunn-vader.vim,6f7eac469adabe3f16eddb18f7f5bed9f832325b,autoload/vader.vim,autoload/vader.vim
Vimscript,300-1000,junegunn-vader.vim,9d6d5a39d47c39d28896d7c0a6720ebea5ff5376,autoload/vader.vim,autoload/vader.vim
Vimscript,300-1000,junegunn-vader.vim,ab8cc0a6894ac1827defce925ae23481d53a909b,autoload/vader.vim,autoload/vader.vim
Vimscript,300-1000,kana-vim-vspec,55326462518064654c3dca4ef1328e3fea6d560e,autoload/vspec.vim,autoload/vspec.vim
Vimscript,300-1000,kana-vim-vspec,d501b1744acafc809b32018ac9ecbd3793d93193,autoload/vspec.vim,autoload/vspec.vim
Vimscript,300-1000,kana-vim-vspec,ea3ac49c5ffc140fd7edc72cc9145e89f58ea4f7,autoload/vspec.vim,autoload/vspec.vim
Vimscript,300-1000,kana-vim-vspec,fb5cafd00eef1bd2ecfe85d4d2eb92a2e43a6946,autoload/vspec.vim,autoload/vspec.vim
Vimscript,300-1000,lervag-vimtex,5c457a8a4dd57ca942260ff843a5482b064d9d9b,autoload/vimtex/env.vim,autoload/vimtex/env.vim
Vimscript,300-1000,othree-csscomplete.vim,3722b3dc3314268329bc399be620a9dfe8fdd15d,autoload/csscomplete.vim,autoload/csscomplete.vim
Vimscript,300-1000,othree-csscomplete.vim,553bf2ec87a5d143d612022fbb474d20b2aa1bf9,autoload/csscomplete.vim,autoload/csscomplete.vim
Vimscript,300-1000,othree-csscomplete.vim,59c9efc4f5860cc4e81b91cdb5e3227be6201056,autoload/csscomplete.vim,autoload/csscomplete.vim
Vimscript,300-1000,othree-csscomplete.vim,6a823af4ad1c501f6e0913ac4c0af5e6f129f94e,autoload/csscomplete.vim,autoload/csscomplete.vim
Vimscript,300-1000,othree-csscomplete.vim,734b14489627e43c6740d70faddaa42824ffd2ab,autoload/csscomplete.vim,autoload/csscomplete.vim
Vimscript,300-1000,othree-csscomplete.vim,864ff7fe4e8c42bfa8ff4d745074163e155e928d,autoload/csscomplete.vim,autoload/csscomplete.vim
Vimscript,300-1000,othree-csscomplete.vim,9a3be6764df80654038ed012916537ed13b00c84,autoload/csscomplete.vim,autoload/csscomplete.vim
Vimscript,300-1000,othree-csscomplete.vim,ab89f27683d76701e77217b519e3813692f91460,autoload/csscomplete.vim,autoload/csscomplete.vim
Vimscript,300-1000,othree-csscomplete.vim,adba7e2a5a88028ded881ee4c9b0e69cc5282835,autoload/csscomplete.vim,autoload/csscomplete.vim
Vimscript,300-1000,othree-csscomplete.vim,b00a58fb3815bb5b847789581764f193ab738e55,autoload/csscomplete.vim,autoload/csscomplete.vim
Vimscript,300-1000,othree-csscomplete.vim,d1f398654338939adce1ea9955de901826e9bfba,autoload/csscomplete.vim,autoload/csscomplete.vim
Vimscript,300-1000,othree-csscomplete.vim,e9cc812694f7474fd5b63b029325f874b9ec7de2,autoload/csscomplete.vim,autoload/csscomplete.vim
Vimscript,300-1000,preservim-nerdtree,0b3c1dc0fa6389b8b5d4f2e2f589c2448637bdb8,nerdtree_plugin/fs_menu.vim,nerdtree_plugin/fs_menu.vim
Vimscript,300-1000,preservim-nerdtree,0cb04e9245b000daf32f04aae5f606011a6aa3b5,autoload/nerdtree/ui_glue.vim,autoload/nerdtree/ui_glue.vim
Vimscript,300-1000,preservim-nerdtree,0cb04e9245b000daf32f04aae5f606011a6aa3b5,lib/nerdtree/ui.vim,lib/nerdtree/ui.vim
Vimscript,300-1000,preservim-nerdtree,32168889bdbc1e7d1d313e3e41c1cc794b38eac5,lib/nerdtree/tree_dir_node.vim,lib/nerdtree/tree_dir_node.vim
Vimscript,300-1000,preservim-nerdtree,7eee457efae1bf9b96d7a266ac097639720a68fe,nerdtree_plugin/fs_menu.vim,nerdtree_plugin/fs_menu.vim
Vimscript,300-1000,preservim-nerdtree,f63fb6984f9cd07cf723c3e2e20f6ccc0aad48c2,lib/nerdtree/path.vim,lib/nerdtree/path.vim
Vimscript,300-1000,preservim-nerdtree,fefea5d3824ce98ff3fc76c2e78c4bc85c7fb516,lib/nerdtree/creator.vim,lib/nerdtree/creator.vim
Vimscript,300-1000,rhysd-vim-clang-format,5113cf8ccecbfeda26a4d24ca145703039dc92cf,autoload/clang_format.vim,autoload/clang_format.vim
Vimscript,300-1000,rhysd-vim-clang-format,5f8b884fdc78f7bac5cde7790865ca12e09d4842,autoload/clang_format.vim,autoload/clang_format.vim
Vimscript,300-1000,rhysd-vim-clang-format,76d579db0e584c104e2e764f28ece195de132580,autoload/clang_format.vim,autoload/clang_format.vim
Vimscript,300-1000,rhysd-vim-clang-format,94da2a10734bab5a95d93a27e090d59a55d43595,autoload/clang_format.vim,autoload/clang_format.vim
Vimscript,300-1000,rust-lang-rust.vim,29650479cebf6ec8410f1c7be4aac22a740366ca,syntax/rust.vim,syntax/rust.vim
Vimscript,300-1000,rust-lang-rust.vim,6d5f3d85d1b118d3a74e1f11d45a8b4517e44cc0,syntax/rust.vim,syntax/rust.vim
Vimscript,300-1000,thinca-vim-themis,126a51ca7c7ba73966393ea8167f75f835a37c06,autoload/themis/helper/assert.vim,autoload/themis/helper/assert.vim
Vimscript,300-1000,thinca-vim-themis,6c728f1f225d9e7045fa6a1ea3780ba323f20c03,autoload/themis/style/vimspec.vim,autoload/themis/style/vimspec.vim
Vimscript,300-1000,thinca-vim-themis,78a5e5c9e116d310f3d710cdbacb5801764686e1,autoload/themis/helper/assert.vim,autoload/themis/helper/assert.vim
Vimscript,300-1000,thinca-vim-themis,adeacaf35455decf9919ec023895abcd6b4cf5e2,autoload/themis/helper/assert.vim,autoload/themis/helper/assert.vim
Vimscript,300-1000,thinca-vim-themis,b8add73a5913d2eaef839fec3548108d0ca8a59d,autoload/themis/helper/assert.vim,autoload/themis/helper/assert.vim
Vimscript,300-1000,thinca-vim-themis,bafbd9ddb8faecc7cf8a9d6df8ba6dcc6b5f2d8e,autoload/themis/helper/assert.vim,autoload/themis/helper/assert.vim
Vimscript,300-1000,thinca-vim-themis,bba489b6798f594332fa1a48a28e036321a7b4bc,autoload/themis/helper/assert.vim,autoload/themis/helper/assert.vim
Vimscript,300-1000,thinca-vim-themis,c8c4c3b2b6fa1b5a7f05759809aadb90e3b1a8da,autoload/vital/themis.vim,autoload/vital/themis.vim
Vimscript,300-1000,thinca-vim-themis,ed434d240f52cf99311874c18747217d1767366c,autoload/themis/helper/assert.vim,autoload/themis/helper/assert.vim
Vimscript,300-1000,tmux-plugins-vim-tmux,be2c01cd7f4b1a350ae8e715e3249d77cf8c2c32,autoload/tmux.vim,autoload/tmux.vim
Vimscript,300-1000,tomtom-tcomment_vim,0628c96dc7af4fe214f8443938806b88b18797ae,autoload/tcomment.vim,autoload/tcomment.vim
Vimscript,300-1000,tomtom-tcomment_vim,7b98029634c2730879f6750d8860b16001ae3d9e,autoload/tcomment.vim,autoload/tcomment.vim
Vimscript,300-1000,tomtom-tcomment_vim,fa2e38111b26b1148ec8814e06bd96c4ae231fbc,autoload/tcomment.vim,autoload/tcomment.vim
Vimscript,300-1000,tpope-vim-pathogen,17f6f4d585062ffdcf99b4af80aee3c706b4038f,autoload/pathogen.vim,autoload/pathogen.vim
Vimscript,300-1000,tpope-vim-pathogen,84a3dd0d81b733b42f6c97445c38718acf719983,autoload/pathogen.vim,autoload/pathogen.vim
Vimscript,300-1000,tpope-vim-pathogen,af23f56f4250942897588ab3ee0f5b5e8af038d8,autoload/pathogen.vim,autoload/pathogen.vim
Vimscript,300-1000,tpope-vim-pathogen,b4174e4d1a16e7f0c5c6dfca923269a20a9f50c2,autoload/pathogen.vim,autoload/pathogen.vim
Vimscript,300-1000,vim-crystal-vim-crystal,1f3be002fc66d76b8b466dccba14c7d28079c793,syntax/crystal.vim,syntax/crystal.vim
Vimscript,300-1000,vim-crystal-vim-crystal,9507f291a2c0f6e8a5e54a02783fa28b97fba652,autoload/crystal/indent.vim,autoload/crystal/indent.vim
Vimscript,300-1000,vim-crystal-vim-crystal,db697ba298278128a5d1b7039d1b27b6075eafbd,syntax/crystal.vim,syntax/crystal.vim
Vimscript,300-1000,vim-crystal-vim-crystal,dba1582173eb7c65b4d53c1e7ace716eaa7b9aec,autoload/crystal/indent.vim,autoload/crystal/indent.vim
Vimscript,300-1000,vim-crystal-vim-crystal,ed0713804c86a0621f9718aa73deda1f680f3304,syntax/crystal.vim,syntax/crystal.vim
Vimscript,300-1000,vim-scripts-Screen-vim---gnu-screentmux,3933a32a51a89f18863f7a2c4dd2556c1748044e,plugin/screen.vim,plugin/screen.vim
Vimscript,300-1000,vim-scripts-Screen-vim---gnu-screentmux,401aa1ab8f017e59d4973136ef27d1028213b7a4,plugin/screen.vim,plugin/screen.vim
Vimscript,300-1000,vim-scripts-VimClojure,e2407ad8083939cc6db61cdaa9b0b5decc4299db,syntax/clojure.vim,syntax/clojure.vim
Vimscript,300-1000,vim-scripts-a.vim,2cbe946206ec622d9d8cf2c99317f204c4d41885,plugin/a.vim,plugin/a.vim
Vimscript,300-1000,vim-scripts-a.vim,f1f21fe4f122ef76610ba20de07ea44183308206,plugin/a.vim,plugin/a.vim
Vimscript,300-1000,vim-scripts-frawor,0b0f2f50a7353f795eabcdd674160686cf387301,plugin/frawor/os.vim,plugin/frawor/os.vim
Vimscript,300-1000,vim-scripts-frawor,33e9a4ecac842be4c8f171abd564f9d3ecc3be3e,plugin/frawor.vim,plugin/frawor.vim
Vimscript,300-1000,vim-scripts-frawor,4ebf1a6420f9c5673207e5edc692f8af9ed7e023,autoload/frawor/commands.vim,autoload/frawor/commands.vim
Vimscript,300-1000,vim-scripts-frawor,da98a024869affd959fbbd696415126a7e973911,plugin/frawor/os.vim,plugin/frawor/os.vim
Vimscript,300-1000,vim-syntastic-syntastic,22073cac15f678914d0edc214413941de5fe87e7,plugin/syntastic.vim,plugin/syntastic.vim
Vimscript,300-1000,vim-syntastic-syntastic,37ba248e672268096b438a3af4c47a9f30553c0a,plugin/syntastic.vim,plugin/syntastic.vim
Vimscript,300-1000,vim-syntastic-syntastic,3b756bc1066a6df6b54415f2aa7eceaa67ee1ee4,plugin/syntastic.vim,plugin/syntastic.vim
Vimscript,300-1000,vim-syntastic-syntastic,3e31762a26f7c29c0f6344c4215ca9074f4ead8d,plugin/syntastic.vim,plugin/syntastic.vim
Vimscript,300-1000,vim-syntastic-syntastic,5788b1c6df63bc31ae93d6c1a3523e0602c60901,plugin/syntastic.vim,plugin/syntastic.vim
Vimscript,300-1000,vim-syntastic-syntastic,767b4f3b3ed9567c13568b9eff1b302638abedd9,plugin/syntastic.vim,plugin/syntastic.vim
Vimscript,300-1000,wincent-ferret,1eda2dd2c9356bdc3a71543e7437e5ba58239e2f,plugin/ferret.vim,plugin/ferret.vim
Vimscript,300-1000,wincent-ferret,35757c7c9364d940efd8a46877acde04193819c2,plugin/ferret.vim,plugin/ferret.vim
Vimscript,300-1000,wincent-ferret,3b6f255a5e3993456afd50401ee1dc01d07bca4b,plugin/ferret.vim,plugin/ferret.vim
Vimscript,300-1000,wincent-ferret,5b8c1f61022aee8efe409274f92795a448e5a4ca,autoload/ferret/private.vim,autoload/ferret/private.vim
Vimscript,300-1000,wincent-ferret,9ec57fddd3107694709e2b94e21d503cee95a42b,autoload/ferret/private.vim,autoload/ferret/private.vim
Vimscript,300-1000,wincent-ferret,a66adbea44169f7981c78daba2497e4f80ed7c01,autoload/ferret/private.vim,autoload/ferret/private.vim
Vimscript,300-1000,wincent-ferret,db3358f25d2dea3cf65ef28f5cf7b0d5fa2bd857,plugin/ferret.vim,plugin/ferret.vim
Vimscript,300-1000,xolox-vim-session,02babeb9ecb5ccd5e612b374abe3b68b17de7b06,autoload/xolox/session.vim,autoload/xolox/session.vim
Vimscript,300-1000,xolox-vim-session,165ece443db59d51cbf34ed1f33522c3eb693d38,autoload/xolox/session.vim,autoload/xolox/session.vim
Vimscript,300-1000,xolox-vim-session,199f6e8cb200bbf0da5287f5be4a0eca5224dbc1,autoload/xolox/session.vim,autoload/xolox/session.vim
Vimscript,300-1000,xolox-vim-session,5a4db7c490461be864213843d59c0b44186a2427,autoload/xolox/session.vim,autoload/xolox/session.vim
Vimscript,300-1000,xolox-vim-session,64f3cacb64d94998fc63ed463ed41be3a21772fd,autoload/xolox/session.vim,autoload/xolox/session.vim
Vimscript,300-1000,xolox-vim-session,66e75f6cdf0d56659a0a508eed6a834810dcf4a6,autoload/xolox/session.vim,autoload/xolox/session.vim
Vimscript,300-1000,xolox-vim-session,a3ba9f63815eee0c86028d9a265d972d3226b62d,autoload/xolox/session.vim,autoload/xolox/session.vim
Vimscript,300-1000,xolox-vim-session,c06bcb13aaa1561f2bd402df7b4ffb9b14677f8e,autoload/xolox/session.vim,autoload/xolox/session.vim
Vimscript,300-1000,xolox-vim-session,c9fa3e2ef949f8fe477e774e20763632897121c7,autoload/xolox/session.vim,autoload/xolox/session.vim
Vimscript,300-1000,xolox-vim-session,d0a3940e91117839cbad6a23ddbb42f695578cf5,autoload/xolox/session.vim,autoload/xolox/session.vim
Vimscript,300-1000,xolox-vim-session,dd7f73823005ccd0849073e3ab791f53e5e7518d,autoload/xolox/session.vim,autoload/xolox/session.vim
Vimscript,300-1000,xolox-vim-session,f061ad91e4846505b1071b781cbd4af991500d85,autoload/xolox/session.vim,autoload/xolox/session.vim
Vimscript,3000+,PAntoine-vimgitlog,20423d1e716aa70b2103aeb5f32eb57a73a6241d,plugin/gitlog.vim,plugin/gitlog.vim
Vimscript,3000+,PAntoine-vimgitlog,7764625a7838e8beceb11f75c18c5e83fefb763f,plugin/gitlog.vim,plugin/gitlog.vim
Vimscript,3000+,PAntoine-vimgitlog,7ad8408b9cc8846f534ce528cacbae0f92369c88,plugin/gitlog.vim,plugin/gitlog.vim
Vimscript,3000+,WolfgangMehner-perl-support,08739331a235feb6b8e26ba5818b28db8dbe243d,autoload/mmtemplates/core.vim,autoload/mmtemplates/core.vim
Vimscript,3000+,WolfgangMehner-perl-support,397d029590aea1c06029cb60b354d66018569dbf,autoload/mmtemplates/core.vim,autoload/mmtemplates/core.vim
Vimscript,3000+,WolfgangMehner-perl-support,4f18248be7819cc1bd875941cd031997a1d2d658,autoload/mmtemplates/core.vim,autoload/mmtemplates/core.vim
Vimscript,3000+,WolfgangMehner-perl-support,4f18248be7819cc1bd875941cd031997a1d2d658,plugin/perl-support.vim,plugin/perl-support.vim
Vimscript,3000+,WolfgangMehner-perl-support,80cc242c887eb03aff03830db4119d1d64cba0cd,autoload/mmtemplates/core.vim,autoload/mmtemplates/core.vim
Vimscript,3000+,WolfgangMehner-perl-support,83bf6bdce1cff77f30bc4107751106ffaeabd781,plugin/perl-support.vim,plugin/perl-support.vim
Vimscript,3000+,WolfgangMehner-perl-support,a7bab32d930317ff20882a64b9c3a0127650e6c8,autoload/mmtemplates/core.vim,autoload/mmtemplates/core.vim
Vimscript,3000+,WolfgangMehner-perl-support,da93fb9cfc981f8ac4cffab422a9c3eb452b39b7,plugin/perl-support.vim,plugin/perl-support.vim
Vimscript,3000+,WolfgangMehner-perl-support,e14a382c60207355e3f0a4eec716520ab45cf8b6,plugin/perl-support.vim,plugin/perl-support.vim
Vimscript,3000+,WolfgangMehner-perl-support,f3f588155946932a77a049634aa9b548ee681337,autoload/mmtemplates/core.vim,autoload/mmtemplates/core.vim
Vimscript,3000+,WolfgangMehner-perl-support,f3f588155946932a77a049634aa9b548ee681337,plugin/perl-support.vim,plugin/perl-support.vim
Vimscript,3000+,preservim-nerdcommenter,02a3b6455fa07b61b9440a78732f1e9b7876c991,autoload/nerdcommenter.vim,autoload/nerdcommenter.vim
Vimscript,3000+,preservim-nerdcommenter,1caf560df11481f9394e14e6387b0c549d54654d,autoload/nerdcommenter.vim,autoload/nerdcommenter.vim
Vimscript,3000+,preservim-nerdcommenter,1fe9e1cfea9bb0dbc77174d776759ed67899ee50,autoload/nerdcommenter.vim,autoload/nerdcommenter.vim
Vimscript,3000+,preservim-nerdcommenter,20452116894a6a79f01a1e95d98f02cf085e9bd6,autoload/nerdcommenter.vim,autoload/nerdcommenter.vim
Vimscript,3000+,preservim-nerdcommenter,277bdfc6796479639b4c580d2089e2a34962cd1f,autoload/nerdcommenter.vim,autoload/nerdcommenter.vim
Vimscript,3000+,preservim-nerdcommenter,2a0a05ff983aa62d74ba868aadf89deb93dd5454,autoload/nerdcommenter.vim,autoload/nerdcommenter.vim
Vimscript,3000+,preservim-nerdcommenter,2e7a775dd28db52506c0a0978a1fe66bfdb99c2a,autoload/nerdcommenter.vim,autoload/nerdcommenter.vim
Vimscript,3000+,preservim-nerdcommenter,37298c471ebb48023a7282a399faf2c0158f5f16,autoload/nerdcommenter.vim,autoload/nerdcommenter.vim
Vimscript,3000+,preservim-nerdcommenter,3768b28aa4b658af188003dbec0f35ce20eff8eb,autoload/nerdcommenter.vim,autoload/nerdcommenter.vim
Vimscript,3000+,preservim-nerdcommenter,457b3837674c24aa432a5393bb8ccdef405c0106,autoload/nerdcommenter.vim,autoload/nerdcommenter.vim
Vimscript,3000+,preservim-nerdcommenter,576bd64482df3caafadb5852c985421fb0dc32ae,autoload/nerdcommenter.vim,autoload/nerdcommenter.vim
Vimscript,3000+,preservim-nerdcommenter,66c07e4083ab02ed2540ac289cc602c70b858c13,autoload/nerdcommenter.vim,autoload/nerdcommenter.vim
Vimscript,3000+,preservim-nerdcommenter,7bb1f72e802a80e37bdda5f6906c69b5a93de1eb,autoload/nerdcommenter.vim,autoload/nerdcommenter.vim
Vimscript,3000+,preservim-nerdcommenter,867618364f51b1d6e995b2d7ccea889bebb6f18d,autoload/nerdcommenter.vim,autoload/nerdcommenter.vim
Vimscript,3000+,preservim-nerdcommenter,8e8d74faaf824210d871057357da48e9a56aa680,autoload/nerdcommenter.vim,autoload/nerdcommenter.vim
Vimscript,3000+,preservim-nerdcommenter,8e935a6367712a298150a2fd46f20450dbda812a,autoload/nerdcommenter.vim,autoload/nerdcommenter.vim
Vimscript,3000+,preservim-nerdcommenter,91499c76a7358b10945c50173fa8c64dc3c909c8,autoload/nerdcommenter.vim,autoload/nerdcommenter.vim
Vimscript,3000+,preservim-nerdcommenter,9d5c12e126a72f0204688b81ad9d022ff6d7f11a,autoload/nerdcommenter.vim,autoload/nerdcommenter.vim
Vimscript,3000+,preservim-nerdcommenter,a5d1663185bee20bfb120c9ab212144444514982,plugin/NERD_commenter.vim,plugin/NERD_commenter.vim
Vimscript,3000+,preservim-nerdcommenter,ab475e1325ad6eaec15a3113f201a4e4a3ee2811,plugin/NERD_commenter.vim,plugin/NERD_commenter.vim
Vimscript,3000+,preservim-nerdcommenter,ab67976bea6b4ed2d583bb38bcc85c9c63f97c40,autoload/nerdcommenter.vim,autoload/nerdcommenter.vim
Vimscript,3000+,preservim-nerdcommenter,ac512fe1587c36c117163805877934738be1f91f,autoload/nerdcommenter.vim,autoload/nerdcommenter.vim
Vimscript,3000+,preservim-nerdcommenter,b0b09ea46c9f0509556257bd8b838b40f493d6a0,autoload/nerdcommenter.vim,autoload/nerdcommenter.vim
Vimscript,3000+,preservim-nerdcommenter,bd1a29536da12212717eadd922381c9c6f2f7c1c,autoload/nerdcommenter.vim,autoload/nerdcommenter.vim
Vimscript,3000+,preservim-nerdcommenter,c406bba57db1bc4874cab0cbace0c8e001ec666b,autoload/nerdcommenter.vim,autoload/nerdcommenter.vim
Vimscript,3000+,preservim-nerdcommenter,c52b6e731c2b558bc164419d4c369fcc45f0be51,autoload/nerdcommenter.vim,autoload/nerdcommenter.vim
Vimscript,3000+,preservim-nerdcommenter,c5b0f7882089a56d18d05b2b28b960955336fab7,autoload/nerdcommenter.vim,autoload/nerdcommenter.vim
Vimscript,3000+,preservim-nerdcommenter,c6766698d8203263745c455a44b04604abd65542,autoload/nerdcommenter.vim,autoload/nerdcommenter.vim
Vimscript,3000+,preservim-nerdcommenter,c9b1078807fb903dcb805e7925ea3f6a5ac2d433,autoload/nerdcommenter.vim,autoload/nerdcommenter.vim
Vimscript,3000+,preservim-nerdcommenter,d069f7fb562fb9eb6911fe23cda7aca2a387043e,autoload/nerdcommenter.vim,autoload/nerdcommenter.vim
Vimscript,3000+,preservim-nerdcommenter,d2e21d417f6c788b11ae3b90d7ac478930dead36,autoload/nerdcommenter.vim,autoload/nerdcommenter.vim
Vimscript,3000+,preservim-nerdcommenter,d398a0278c889248d4250856508b45994ade91bb,autoload/nerdcommenter.vim,autoload/nerdcommenter.vim
Vimscript,3000+,preservim-nerdcommenter,da948e160d9f54c2967c7927b9c74c5a68c8dc49,autoload/nerdcommenter.vim,autoload/nerdcommenter.vim
Vimscript,3000+,preservim-nerdcommenter,e23f55e7357144d5c273e67156dfee33e011ffb7,autoload/nerdcommenter.vim,autoload/nerdcommenter.vim
Vimscript,3000+,preservim-nerdcommenter,e361a44230860d616f799a337bc58f5218ab6e9c,autoload/nerdcommenter.vim,autoload/nerdcommenter.vim
Vimscript,3000+,preservim-nerdcommenter,ea11ba5a79e1a5fe1faf462dc4afc5b91f13e9ba,autoload/nerdcommenter.vim,autoload/nerdcommenter.vim
Vimscript,3000+,preservim-nerdcommenter,ea6a4f76fa65151bd8e702b83a069514d93a1b34,autoload/nerdcommenter.vim,autoload/nerdcommenter.vim
Vimscript,3000+,preservim-nerdcommenter,ec002e8f5de441d07cf5cd3ac44f41edc5f939d9,autoload/nerdcommenter.vim,autoload/nerdcommenter.vim
Vimscript,3000+,preservim-nerdcommenter,ed591cb2a20b9daa9c6945c40d51a6d279305c00,autoload/nerdcommenter.vim,autoload/nerdcommenter.vim
Vimscript,3000+,preservim-nerdcommenter,f7333809b6e8bd28ddddba8c877c5ac4a8576af6,autoload/nerdcommenter.vim,autoload/nerdcommenter.vim
Vimscript,3000+,preservim-nerdcommenter,f8671f783baeb0739f556d9b6c440ae1767340d6,autoload/nerdcommenter.vim,autoload/nerdcommenter.vim
Vimscript,3000+,preservim-nerdcommenter,fa9b74ff69052a29e8be472ed5a305ef3c7e7a00,autoload/nerdcommenter.vim,autoload/nerdcommenter.vim
Vimscript,3000+,preservim-nerdcommenter,fe74a1b890701eb5f196e9639b2147d5f126d9ae,autoload/nerdcommenter.vim,autoload/nerdcommenter.vim
Vimscript,3000+,preservim-nerdcommenter,fea637c3c298962f4a880fcd12ec848b9b771185,autoload/nerdcommenter.vim,autoload/nerdcommenter.vim
Vimscript,3000+,preservim-tagbar,0243b19920a683df531f19bb7fb80c0ff83927dd,autoload/tagbar.vim,autoload/tagbar.vim
Vimscript,3000+,preservim-tagbar,0815b5455c792a610d28ff3e7981642c9cf05d62,autoload/tagbar.vim,autoload/tagbar.vim
Vimscript,3000+,preservim-tagbar,2137c1437012afc82b5d50404b1404aec8699f7b,autoload/tagbar.vim,autoload/tagbar.vim
Vimscript,3000+,preservim-tagbar,225e6530c2b083e37744b23bac74ae40d7639d68,autoload/tagbar.vim,autoload/tagbar.vim
Vimscript,3000+,preservim-tagbar,23ea1961b97b6d33bb7226d7415d9c3338defa13,autoload/tagbar.vim,autoload/tagbar.vim
Vimscript,3000+,preservim-tagbar,253b6f2628dffe9ac650fc3d7a315b7d7c3e871b,autoload/tagbar.vim,autoload/tagbar.vim
Vimscript,3000+,preservim-tagbar,2da3443f5fb78aa0b9a60bb5b2926d72df734e14,autoload/tagbar.vim,autoload/tagbar.vim
Vimscript,3000+,preservim-tagbar,2ef4ecba94440fcf8a8c692a0f2b36b332f1f0f2,autoload/tagbar.vim,autoload/tagbar.vim
Vimscript,3000+,preservim-tagbar,3188ab1ee81dc9da46f2291a5123531ea00b0ea8,autoload/tagbar.vim,autoload/tagbar.vim
Vimscript,3000+,preservim-tagbar,4a1c46d8dc1e1c26015eff08cc74679e3f24a43b,autoload/tagbar.vim,autoload/tagbar.vim
Vimscript,3000+,preservim-tagbar,5e090da54bf999c657608b6c8ec841ef968d923d,autoload/tagbar.vim,autoload/tagbar.vim
Vimscript,3000+,preservim-tagbar,69659cfc9d081caf31c8d548dd4c19593839317b,autoload/tagbar.vim,autoload/tagbar.vim
Vimscript,3000+,preservim-tagbar,6c3e15ea4a1ef9619c248c2b1eced56a47b61a9e,autoload/tagbar.vim,autoload/tagbar.vim
Vimscript,3000+,preservim-tagbar,84afd8e80217f5757a74522201c4610e79e07611,autoload/tagbar.vim,autoload/tagbar.vim
Vimscript,3000+,preservim-tagbar,88242397b4d2fc03d20db189da84869ffbc31b64,autoload/tagbar.vim,autoload/tagbar.vim
Vimscript,3000+,preservim-tagbar,8e97021f74333fa71b9fbee00071b9942131b7ea,autoload/tagbar.vim,autoload/tagbar.vim
Vimscript,3000+,preservim-tagbar,a0a5714910d29ac3bfe91a2529a9c8cb28de77cc,autoload/tagbar.vim,autoload/tagbar.vim
Vimscript,3000+,preservim-tagbar,a398dca223949bc674a3dd1ccb5a1a9157c732ab,autoload/tagbar.vim,autoload/tagbar.vim
Vimscript,3000+,preservim-tagbar,a577ee4d650476243d91698f2d1228819c5fa0a5,autoload/tagbar.vim,autoload/tagbar.vim
Vimscript,3000+,preservim-tagbar,b6669c7c9de542c53f2d19a806abb7610e9ef813,autoload/tagbar.vim,autoload/tagbar.vim
Vimscript,3000+,preservim-tagbar,ce59bebcf854c429f120ea2223f67dc993e21f9d,autoload/tagbar.vim,autoload/tagbar.vim
Vimscript,3000+,preservim-tagbar,dd2f46af80d614e3305847845c2a4a4b7447017c,autoload/tagbar.vim,autoload/tagbar.vim
Vimscript,3000+,preservim-tagbar,eab609f53554383a6e92ea9d2647e99b439a7a05,autoload/tagbar.vim,autoload/tagbar.vim
Vimscript,3000+,tpope-vim-fugitive,0444df68cd1cdabc7453d6bd84099458327e5513,autoload/fugitive.vim,autoload/fugitive.vim
Vimscript,3000+,tpope-vim-fugitive,09ffa8fc08c27b47790f954396adacfe6c450130,autoload/fugitive.vim,autoload/fugitive.vim
Vimscript,3000+,tpope-vim-fugitive,10fb874d7e1502a98b4ea02ad9307ad34a22bcdf,autoload/fugitive.vim,autoload/fugitive.vim
Vimscript,3000+,tpope-vim-fugitive,110e7ca00ce82f07c3b20c2423974516831f361e,autoload/fugitive.vim,autoload/fugitive.vim
Vimscript,3000+,tpope-vim-fugitive,16ffd9623e3a13e4dab9cdb610baaf14a5f18250,autoload/fugitive.vim,autoload/fugitive.vim
Vimscript,3000+,tpope-vim-fugitive,174230d6a7f2df94705a7ffd8d5413e27ec10a80,autoload/fugitive.vim,autoload/fugitive.vim
Vimscript,3000+,tpope-vim-fugitive,193ba9b393931bad768c1d2eed688b0bcc240858,autoload/fugitive.vim,autoload/fugitive.vim
Vimscript,3000+,tpope-vim-fugitive,19ca61c78c86a2ce6a425aee9b1c6664e5149ea6,autoload/fugitive.vim,autoload/fugitive.vim
Vimscript,3000+,tpope-vim-fugitive,1d18c696c4284e9ce9467a5c04d3adf8af43f994,autoload/fugitive.vim,autoload/fugitive.vim
Vimscript,3000+,tpope-vim-fugitive,2377e16e6641418565b934990cf49068855987c6,autoload/fugitive.vim,autoload/fugitive.vim
Vimscript,3000+,tpope-vim-fugitive,2e88f14a585c014691904ba8fe39e6ea851c9422,autoload/fugitive.vim,autoload/fugitive.vim
Vimscript,3000+,tpope-vim-fugitive,320b18fba2a4f2fe3c8225c778c687e0d2620384,autoload/fugitive.vim,autoload/fugitive.vim
Vimscript,3000+,tpope-vim-fugitive,41beedabc7e948c787ea5696e04c3544c3674e23,autoload/fugitive.vim,autoload/fugitive.vim
Vimscript,3000+,tpope-vim-fugitive,4a745ea72fa93bb15dd077109afbb3d1809383f2,autoload/fugitive.vim,autoload/fugitive.vim
Vimscript,3000+,tpope-vim-fugitive,4f59455d2388e113bd510e85b310d15b9228ca0d,autoload/fugitive.vim,autoload/fugitive.vim
Vimscript,3000+,tpope-vim-fugitive,53d6ba99bcbc8d30780eb264ed4759ad0adb3d12,autoload/fugitive.vim,autoload/fugitive.vim
Vimscript,3000+,tpope-vim-fugitive,549e283d155bf7bf2e896d2750d6af95bc52d836,autoload/fugitive.vim,autoload/fugitive.vim
Vimscript,3000+,tpope-vim-fugitive,5661dea7be3d176773ed217c424c0d0f5717bd31,autoload/fugitive.vim,autoload/fugitive.vim
Vimscript,3000+,tpope-vim-fugitive,5b0347b5231a0f40abc311ccaf7bbf02d3ce3a5a,autoload/fugitive.vim,autoload/fugitive.vim
Vimscript,3000+,tpope-vim-fugitive,61b51c09b7c9ce04e821f6cf76ea4f6f903e3cf4,autoload/fugitive.vim,autoload/fugitive.vim
Vimscript,3000+,tpope-vim-fugitive,69687f28d47008bf434ad72beb4732c0fe4d2571,autoload/fugitive.vim,autoload/fugitive.vim
Vimscript,3000+,tpope-vim-fugitive,85eef8003e378f779c6d96a8b2ad4fba6e4e60f2,autoload/fugitive.vim,autoload/fugitive.vim
Vimscript,3000+,tpope-vim-fugitive,8c8cdf4405cb8bdb70dd9812a33bb52363a87dbc,autoload/fugitive.vim,autoload/fugitive.vim
Vimscript,3000+,tpope-vim-fugitive,8d4e8d45385c63a0bf735fe1164772116bf0da0d,autoload/fugitive.vim,autoload/fugitive.vim
Vimscript,3000+,tpope-vim-fugitive,a0b0c1ddc1ece7eabc846e586b6e35e9c4dabe1d,autoload/fugitive.vim,autoload/fugitive.vim
Vimscript,3000+,tpope-vim-fugitive,a83135b55b018a891e0803199c3d418010a404d8,autoload/fugitive.vim,autoload/fugitive.vim
Vimscript,3000+,tpope-vim-fugitive,b068eaf1e6cbe35d1ac100d435cd7f7b74a5c87d,autoload/fugitive.vim,autoload/fugitive.vim
Vimscript,3000+,tpope-vim-fugitive,c0b03f1cac242d96837326d300f42a660306fc1a,autoload/fugitive.vim,autoload/fugitive.vim
Vimscript,3000+,tpope-vim-fugitive,ce882460cf3db12e99f8bf579cbf99e331f6dd4f,autoload/fugitive.vim,autoload/fugitive.vim
Vimscript,3000+,tpope-vim-fugitive,d3e2b58dec75fc6012fecc82ce0d33a45ed0560e,autoload/fugitive.vim,autoload/fugitive.vim
Vimscript,3000+,tpope-vim-fugitive,d74a7cff4cfcf84f83cc7eccfa365488f3bbabc2,autoload/fugitive.vim,autoload/fugitive.vim
Vimscript,3000+,tpope-vim-fugitive,dac8e5c2d85926df92672bf2afb4fc48656d96c7,autoload/fugitive.vim,autoload/fugitive.vim
Vimscript,3000+,tpope-vim-fugitive,de42a732ee9d452c7563530f1e1623ba5240beef,autoload/fugitive.vim,autoload/fugitive.vim
Vimscript,3000+,tpope-vim-fugitive,ded6eb9da375dbd60f04981e5b66f0d7a2c3bcda,autoload/fugitive.vim,autoload/fugitive.vim
Vimscript,3000+,tpope-vim-fugitive,e0715fe729a13e858207d1d960285b8583bf82d5,autoload/fugitive.vim,autoload/fugitive.vim
Vimscript,3000+,tpope-vim-fugitive,ed9e21fb9bdbda7989c1c9190ca830d36a5df4e2,autoload/fugitive.vim,autoload/fugitive.vim
Vimscript,3000+,tpope-vim-fugitive,eedb203ba789ecfd9bd641cd8575e0b6e56d8985,autoload/fugitive.vim,autoload/fugitive.vim
Vimscript,3000+,tpope-vim-fugitive,f4e8453ce76d4180c8de6684d0b2cd7c7c2d6b55,autoload/fugitive.vim,autoload/fugitive.vim
Vimscript,3000+,tpope-vim-fugitive,fe4ba848ba37ed82c7ebda521becaa1f5a8f87e6,autoload/fugitive.vim,autoload/fugitive.vim
Vimscript,3000+,tpope-vim-rails,03a5c3e85411db1488cdfd1029d2a91f9327c8a2,autoload/rails.vim,autoload/rails.vim
Vimscript,3000+,tpope-vim-rails,12b2f1a9c8d5394a9dc4e63267b2abad38eb1492,autoload/rails.vim,autoload/rails.vim
Vimscript,3000+,tpope-vim-rails,24c31a1d2d0ebf6fd61044deb214e07eb4f408d9,autoload/rails.vim,autoload/rails.vim
Vimscript,3000+,tpope-vim-rails,2b8c4fc831e0de2681beda0a2f48222812920a1d,autoload/rails.vim,autoload/rails.vim
Vimscript,3000+,tpope-vim-rails,2c92a7a75bd923f9df6bbb7ce78b4824aa9ae4c0,autoload/rails.vim,autoload/rails.vim
Vimscript,3000+,tpope-vim-rails,3a155462d1c346e291595400ca238037d02a357f,autoload/rails.vim,autoload/rails.vim
Vimscript,3000+,tpope-vim-rails,3b3796352a6f1a68e54e5f7ae5e0c1b9103fab0e,autoload/rails.vim,autoload/rails.vim
Vimscript,3000+,tpope-vim-rails,582c4f6cf310b2b3044c366c726a90c0010fc45d,autoload/rails.vim,autoload/rails.vim
Vimscript,3000+,tpope-vim-rails,5c0c19a3c051d62acd4ad88421e47d3eb75abd30,autoload/rails.vim,autoload/rails.vim
Vimscript,3000+,tpope-vim-rails,63c240feedf7c933ed9132d6dca150223e32f157,autoload/rails.vim,autoload/rails.vim
Vimscript,3000+,tpope-vim-rails,680ac8fea099c6c556060a92fcb068489bd9fa6b,autoload/rails.vim,autoload/rails.vim
Vimscript,3000+,tpope-vim-rails,68fedd7e384d56978820e6c6b328e48b1a116cd7,autoload/rails.vim,autoload/rails.vim
Vimscript,3000+,tpope-vim-rails,6bc0c7826d68f8c44c8347a3012aa79ade4f0a22,autoload/rails.vim,autoload/rails.vim
Vimscript,3000+,tpope-vim-rails,749644456487ceed7df925a5faab51b6fa093d87,autoload/rails.vim,autoload/rails.vim
Vimscript,3000+,tpope-vim-rails,a6d2bac95b446a5c23eff4638eca164b0d77454a,autoload/rails.vim,autoload/rails.vim
Vimscript,3000+,tpope-vim-rails,a852fc074e3fb5ca8c5384673f6a536823e08781,autoload/rails.vim,autoload/rails.vim
Vimscript,3000+,tpope-vim-rails,bcf8413f6d8a936469264276ad669949b91a9137,autoload/rails.vim,autoload/rails.vim
Vimscript,3000+,tpope-vim-rails,c3ac2889dc448c5442fa2d1096ac918ea8b38f09,autoload/rails.vim,autoload/rails.vim
Vimscript,3000+,tpope-vim-rails,cb9773960222de0e44041f9a3e80a39316a69401,autoload/rails.vim,autoload/rails.vim
Vimscript,3000+,tpope-vim-rails,d38f1bf8575b920042153689492721b80252ae41,autoload/rails.vim,autoload/rails.vim
Vimscript,3000+,tpope-vim-rails,d3954dfe3946c9330dc91b4fbf79ccacb2c626c0,autoload/rails.vim,autoload/rails.vim
Vimscript,3000+,tpope-vim-rails,eb51379ebab26ca3ec45d54f848c310c45ce7692,autoload/rails.vim,autoload/rails.vim
