language,size_bucket,repository,commit,path,old_path
ShellScript,0-10,3MFConsortium-lib3mf,456c4e525974fcc7104c2bb3b2f6e009dbb34f73,CI/script.sh,CI/script.sh
ShellScript,0-10,AdaCore-lal-refactor,3a552de89393fe325d6579aa99892f6fd98395d9,testsuite/tests/delete_entity/base/test.sh,testsuite/tests/delete_entity/base/test.sh
ShellScript,0-10,AdaCore-lal-refactor,794f1dd033a1e29014b93688895a7c6f351ff921,testsuite/tests/auto_import/issue_0008/add_qualifier_of_top_level_decl/test.sh,testsuite/tests/auto_import/issue_0008/add_qualifier_of_top_level_decl/test.sh
ShellScript,0-10,AdaCore-lal-refactor,cdac058d380f996ed6291992951dd58a32846829,testsuite/tests/extract_subprogram/SA11-047/nested_return_statement_that_can_be_extracted/test.sh,testsuite/tests/extract_subprogram/SA11-047/nested_return_statement_that_can_be_extracted/test.sh
ShellScript,0-10,AyatanaIndicators-libayatana-appindicator-glib,772bab763b931f8da2df493a478c9046c1e50ec1,tests/run-xvfb.sh,tests/run-xvfb.sh
ShellScript,0-10,ClementJ18-moddb,24d992b2aafde3bb9e5d5892be3fe5d1ca0ea777,run_tests.sh,run_tests.sh
ShellScript,0-10,ClementJ18-moddb,5ec53217883260a95b196152d47b59e144e2528f,run_tests.sh,run_tests.sh
ShellScript,0-10,ClementJ18-moddb,8eaf5d51b092e222c65a70714866378ece218d48,run_tests.sh,run_tests.sh
ShellScript,0-10,ClementJ18-moddb,d1b79687759ca07841885e267c2976350eee8398,run_tests.sh,run_tests.sh
ShellScript,0-10,ClementJ18-moddb,fdb4988908983d7fe577a1d4af8218d1f87e0da9,run_tests.sh,run_tests.sh
ShellScript,0-10,ClementJ18-moddb,fe811fd8e3742bd0acab3a85f3699d565c722f26,run_lint.sh,run_lint.sh
ShellScript,0-10,Dobiasd-FunctionalPlus,1cd179daa27e644502277ab1c54bee857356e0a7,script/ci_setup_dependencies.sh,script/ci_setup_dependencies.sh
ShellScript,0-10,Erotemic-ubelt,2c37957d39f8d39230f0123746625c8d38419b5d,run_linter.sh,run_linter.sh
ShellScript,0-10,FFMS-ffms2,0ac138f09dbe8682a701045ddcd2d56f0210d6dc,autogen.sh,autogen.sh
ShellScript,0-10,GLibSharp-GtkSharp,7823e2daedeb2299af66c334f13b57fa9739ebce,dbuild.sh,dbuild.sh
ShellScript,0-10,HaxeFoundation-haxe-debian,46712500a9a0f434c6af02c17a3f5e842d6800a2,extra/haxelib_src/src/legacyhaxelib/haxelib.sh,extra/haxelib_src/src/tools/legacyhaxelib/haxelib.sh
ShellScript,0-10,IBM-plex,c5f949677f6f163e8dfe98ca2c326bd48b42fa1b,scripts/zip.sh,scripts/zip.sh
ShellScript,0-10,JayDDee-cpuminer-opt,1ed18bf22e642193fee199355ec525943c80e50d,build.sh,build.sh
ShellScript,0-10,JayDDee-cpuminer-opt,1ed18bf22e642193fee199355ec525943c80e50d,clean-all.sh,clean-all.sh
ShellScript,0-10,MycroftAI-mimic1,64641948c6510fb69b3031d10a6287a9a10dd920,run_testsuite.sh,run_testsuite.sh
ShellScript,0-10,NICMx-Jool,5be6a6b770b0dc9d66fd98c62110ae68564559d6,deconf.sh,deconf.sh
ShellScript,0-10,NICMx-Jool,5be6a6b770b0dc9d66fd98c62110ae68564559d6,test/jool-regression/jool-graybox.sh,test/jool-regression/jool-graybox.sh
ShellScript,0-10,NanoComp-h5utils,81aaadcf7e585f14154974b0cd5a052f86fed878,autogen.sh,autogen.sh
ShellScript,0-10,NigelCunningham-pam-MySQL,3de969a32afbe8ed5c80b3cce2e799ce654b98ab,install.sh,install.sh
ShellScript,0-10,SChernykh-p2pool,d5025965b41ac6d29a5a6ef8f060481f87d9e7b6,scripts/workflows/test-sync-check.sh,scripts/workflows/test-sync-check.sh
ShellScript,0-10,Salamek-huawei-lte-api,e9139f608bd5b4750b8141b0bba838d27814dad4,code-check.sh,code-check.sh
ShellScript,0-10,TokTok-c-toxcore,7c3be23429b004d8df00aec309ed9d5be1b25dcf,other/bootstrap_daemon/websocket/entrypoint.sh,other/bootstrap_daemon/websocket/entrypoint.sh
ShellScript,0-10,Tripwire-tripwire-open-source,184bfe63eb84a60f595cb4cacb423a42478c59e6,touchconfig.sh,touchconfig.sh
ShellScript,0-10,WhyNotHugo-darkman,2ac433b7d1ff4a22e74d27900faac62911ca220d,examples/dark-mode.d/mako.sh,examples/dark-mode.d/mako.sh
ShellScript,0-10,WhyNotHugo-darkman,2ac433b7d1ff4a22e74d27900faac62911ca220d,examples/light-mode.d/mako.sh,examples/light-mode.d/mako.sh
ShellScript,0-10,Yeraze-ytnef,424c0455dbb02f2dab3b672f9a8c7cd5a7943740,ytneflib/autogen.sh,ytneflib/autogen.sh
ShellScript,0-10,arduino-listSerialPortsC,80629d9d09d1841c721bd1d684c53e8c8721cb6e,compile_win.sh,compile_win.sh
ShellScript,0-10,arduino-listSerialPortsC,8c8a4fb53505d19e2c26e45fa5221bdd3d6ee599,compile_win.sh,compile_win.sh
ShellScript,0-10,arduino-listSerialPortsC,ac741f57cef10e5f18691810d06156ba01188ffc,compile_mac.sh,compile_mac.sh
ShellScript,0-10,arximboldi-immer,da6bd91e9c9dff694f8d8f321b8c912d5ff149aa,tools/with-tee.bash,tools/with-tee.bash
ShellScript,0-10,bats-core-bats-core,09c94f5fb3d422cdef86b8ede84935dfb3e23a06,.github/workflows/set_nounset.bash,.github/workflows/set_nounset.bash
ShellScript,0-10,bats-core-bats-support,57d863c679fd8ae0563be538ab81b53712157b9f,load.bash,load.bash
ShellScript,0-10,bats-core-bats-support,6af41847af3cb820d7e8a4a02cdced726d5e7b55,load.bash,load.bash
ShellScript,0-10,bbidulock-icewm-extra-themes,1f349b4c0d3a8efa52ddc1f25a9e866aae60bf0f,dist.sh,dist.sh
ShellScript,0-10,bitcoin-bitcoin,535fa0ad0d2637f845beae92ea9dbbbbbe377c74,ci/configs/sanitize.bash,ci/configs/sanitize.bash
ShellScript,0-10,blackhole89-notekit,d488e2a3b7af36b4268852aeaae3861e504194bf,install-clatexmath.sh,install-clatexmath.sh
ShellScript,0-10,brunoos-luasec,860b2a8b5f60c807753a7e94bd47103d16633923,samples/certs/rootA.sh,samples/certs/rootA.sh
ShellScript,0-10,brunoos-luasec,860b2a8b5f60c807753a7e94bd47103d16633923,samples/certs/rootB.sh,samples/certs/rootB.sh
ShellScript,0-10,brunoos-luasec,860b2a8b5f60c807753a7e94bd47103d16633923,samples/key/genkey.sh,samples/key/genkey.sh
ShellScript,0-10,brunoos-luasec,caeaa5ffdaf4323d05d70dc27c64841880038e20,samples/dhparam/params.sh,samples/dhparam/params.sh
ShellScript,0-10,byrnereese-mkdocs-git-committers-plugin,37ac0665f476f7d14847da44edd20aeca178e434,deploy.sh,deploy.sh
ShellScript,0-10,byrnereese-mkdocs-minify-plugin,64d7e8c1e8dc00a630e98d3b9fad52d5333d11f1,deploy.sh,deploy.sh
ShellScript,0-10,cacalabs-libcaca,2f1ca4a550c2b4baaa05ef667278eb8499388ec7,.travis/before_install.sh,.travis/before_install.sh
ShellScript,0-10,christgau-wsdd,48f4709a79989427588dab6755c3ef5460ead8a2,test/linting/mypy.sh,test/linting/mypy.sh
ShellScript,0-10,codestation-vitamtp,4b77878e694c4de243d91eaa5ee2af35ce8a34cc,version_bump.sh,version_bump.sh
ShellScript,0-10,cowtoolz-webcamize,e97d515169fe05d55b05bc4821a1e868cd15c449,ffplay_test.sh,ffplay_test.sh
ShellScript,0-10,dangass-plum,de7c7fb0fafd2fbdc2da26c6db50c674a8142a7b,boost/install.sh,boost/install.sh
ShellScript,0-10,datadriventests-ddt,2334e14d328440ca69bc02f9fdb9754809b2e44e,build.sh,build.sh
ShellScript,0-10,devnev-libxdg-basedir,f547ed3d1a6ab358fc5607f1161b2f44244c5379,autogen.sh,autogen.sh
ShellScript,0-10,doron-cohen-antidot,b494cef5e089895e413337bfffbd47390fd1d770,tests/integration/testdata/init_bash_with_kvstore.bash,tests/integration/testdata/init_bash_with_kvstore.bash
ShellScript,0-10,dracut-crypt-ssh-dracut-crypt-ssh,6c2f1809a7b1adc08cfaf1fd98ff13ba6549ed4d,modules/60crypt-ssh/dropbear-stop.sh,modules/60crypt-ssh/dropbear-stop.sh
ShellScript,0-10,dunst-project-dunst,628779f84e6685db6d58d13e1add910878e7d84c,get-version.sh,get-version.sh
ShellScript,0-10,eurogiciel-oss-connman-json-client,1722b1b196acb0d8d30f08a4677791f2f66f605f,run-me.sh,run-me.sh
ShellScript,0-10,fract4d-gnofract4d,4feced8cfe0150d9b5325c286722091e8ba71ebc,docker/bin/run_clean.sh,docker/bin/run_clean.sh
ShellScript,0-10,fract4d-gnofract4d,4feced8cfe0150d9b5325c286722091e8ba71ebc,docker/bin/run_pylint.sh,docker/bin/run_pylint.sh
ShellScript,0-10,fwbuilder-fwbuilder,c0428340985b8b4093519978e290779f08cb9948,docker/travis.ubuntu:18.04.sh,docker/travis.ubuntu:18.04.sh
ShellScript,0-10,ggreer-the_silver_searcher,51121a8f5e2e8778e18d6ebb186c67466dacce40,tests/setup.sh,tests/setup.sh
ShellScript,0-10,graeme-hill-crossguid,d30a27bedccf50457c459fbfedaeab6541a42e5c,clean.sh,clean.sh
ShellScript,0-10,greymd-tmux-xpanes,06246668a28ce43af53433389d152e9e1a9b65d0,test/update_yaml.sh,test/update_yaml.sh
ShellScript,0-10,hesperos-napi,98f14fc059cb7401cffe76c94538cea322f15001,tests/napi_integtester/bin/prepare_python.sh,tests/napi_integtester/bin/prepare_python.sh
ShellScript,0-10,janestreet-bin_prot,c099d7b88d1426d02aa7ee6d675204ddb2e76d44,xen/cflags.sh,xen/cflags.sh
ShellScript,0-10,jayme-github-fritzbox_smarthome_exporter,0f7bb2537609d2a861346f996220035decf3da52,docker_push.sh,docker_push.sh
ShellScript,0-10,jayme-github-fritzbox_smarthome_exporter,1ea4081d22b1da96520320beb62c4af5aba400c8,docker_push.sh,docker_push.sh
ShellScript,0-10,jpmens-jo,52d330120256f154c5b20354432ecf0d634411b7,tests/jo.08.sh,tests/jo.08.sh
ShellScript,0-10,jpmens-jo,52d330120256f154c5b20354432ecf0d634411b7,tests/jo.09.sh,tests/jo.09.sh
ShellScript,0-10,jrfonseca-xdot.py,33a961f6636a8198dd528e8399628917db400542,.github/scripts/test.sh,.github/scripts/test.sh
ShellScript,0-10,larsbrinkhoff-httptunnel,823689931a6183588ab159343495a8fec80db734,autogen.sh,autogen.sh
ShellScript,0-10,leahneukirchen-cwm,7ce071fdaaffb16f0c68291fb626025f6be25fa0,update.sh,update.sh
ShellScript,0-10,liamg-shox,d7d844dea1ba978a38bce189a7c07f897af966c4,scripts/build.sh,scripts/build.sh
ShellScript,0-10,libfuse-sshfs,d54c7ecbd618afb4df524e0d96dec7fe7cc2935d,test/appveyor-build.sh,test/appveyor-build.sh
ShellScript,0-10,libgit2-libgit2,cfdf36f989cadba458c733607476631043af27d0,ci/setup-osx-build.sh,ci/setup-osx.sh
ShellScript,0-10,libspatialindex-libspatialindex,2d2c944620a880ceba76f2592f4fa677673ad921,ci/compile.sh,ci/compile.sh
ShellScript,0-10,libspatialindex-libspatialindex,c7ecab79f6158df3d2ffb68bd3a0a357354a864e,test/cleanup-test-output.sh,test/cleanup-test-output.sh
ShellScript,0-10,linux-rdma-qperf,b6d82ba7d0de9b8adfe55174103b78dd391b3422,autogen.sh,autogen.sh
ShellScript,0-10,lldb-tools-lldb-mi,807a5e7b520a5d2b5ac3a82ed60bc891490c5ef8,ci/clang-format.sh,ci/clang-format.sh
ShellScript,0-10,luke-jr-libbase58,2880b80cbd0348f2851c4727a5a71cb7c966e357,tests/decode.sh,tests/decode.sh
ShellScript,0-10,lxi-tools-lxi-tools,36bc0a18bc2b6df8ec736698b48fb2c53421690a,version.sh,version.sh
ShellScript,0-10,madmartin-gentoo-vdr-scripts,379220a0d1de8cfe38315b13221f2111d4d1ed95,usr/share/vdr/rcscript/post-stop-05-plugins.sh,usr/share/vdr/rcscript/post-stop-05-plugins.sh
ShellScript,0-10,madmartin-gentoo-vdr-scripts,a8cf33f718ffc9e84bb6c395a12b3c4adc2f1c92,usr/share/vdr/inc/shutdown-functions.sh,usr/share/vdr/inc/shutdown-functions.sh
ShellScript,0-10,marzer-tomlplusplus,c4369ae1d8955cae20c4ab40b9813ef4b60e48be,fuzzing/build.sh,fuzzing/build.sh
ShellScript,0-10,masterzen-nginx-upload-progress-module,3f17deb45e63dc143c4e598cf0295b2d62af4ac8,test/client.sh,test/client.sh
ShellScript,0-10,matiasdelellis-libmpris2client,5bd710061c1d3742f05d5208cf2ce58ab59df36a,autogen.sh,autogen.sh
ShellScript,0-10,mike01-pypacker,3c0b700b139e88b2e52ff45ec5661611f454cc25,pypacker/native/build.sh,pypacker/native/build.sh
ShellScript,0-10,mixxxdj-mixxx,bec4880f5a50cf94449d44d93adfb486cf5c02b2,tools/macos_arm64-cross_buildenv.sh,tools/macos_arm64-cross_buildenv.sh
ShellScript,0-10,mlichvar-newt,f9b6feaef5976b1c489c9e8da4658dbfba36658c,autogen.sh,autogen.sh
ShellScript,0-10,mps-youtube-yewtube,5005c1a79e09049a57b8427678062f20cf377a72,wheel_recipe.sh,wheel_recipe.sh
ShellScript,0-10,mupen64plus-mupen64plus-ui-python,aea48bf8e53a90e30ca7223b0c4d4536ec1aae2e,dist/redhat/build.sh,dist/redhat/build.sh
ShellScript,0-10,neurobin-shc,699ec9a53b6f322dc448a2292a670e76c89e50fb,test/test.bash,test/test.bash
ShellScript,0-10,notaryproject-notary,7585b5de2a056096b9af8698e6cbb2e5453ca07c,buildscripts/circle-validate-vendor.sh,buildscripts/circle-validate-vendor.sh
ShellScript,0-10,nwg-piotr-nwg-icon-picker,b60e45dea4c9fd4cc23036b950c015e0362bc878,install.sh,install.sh
ShellScript,0-10,openstreetmap-merkaartor,ae93c283224fadf7369540208fc04d3c7ae7a458,ci/travis-linux-script.sh,ci/travis-linux-script.sh
ShellScript,0-10,owl-lisp-owl,6ca43f22af7bdf9e9c0031ca9142ee1a9d5946be,tests/bare.sh,tests/bare.sh
ShellScript,0-10,pmem-pmdk,0933f5bd6c5bf1c0434a8b42ad6efd89b28b4df0,utils/check_license/file-exceptions.sh,utils/check_license/file-exceptions.sh
ShellScript,0-10,ponty-PyVirtualDisplay,d8c04dde6eebe98f8f69fcb35111d589029312e6,format-code.sh,format-code.sh
ShellScript,0-10,ponty-entrypoint2,01cfcab18ebaf66fbfae466b2bbfcd4ffae973b1,format-code.sh,format-code.sh
ShellScript,0-10,ponty-pyscreenshot,a1707efd15d5769d37fcfed46d390d557d7e1b9d,lint.sh,lint.sh
ShellScript,0-10,ponty-pyscreenshot,b88d5da11c5e8c3697d1a2eeb501233b86d1e4bb,format-code.sh,format-code.sh
ShellScript,0-10,ranger-ranger,aebcf5bc82fbb1f478d1ec62a0701774bcdd6b1c,examples/shell_subshell_notice.sh,examples/shell_subshell_notice.sh
ShellScript,0-10,rdicosmo-parmap,2ccdd081ff615a9b84a807c8701b159ca4423a85,oasis_test.sh,oasis_test.sh
ShellScript,0-10,rescrv-libmacaroons,2aca74076d15537cb1c3d834c0bae3bb2235c35d,test/unit/caveat_v2_6.vtest.sh,test/unit/caveat_v2_6.vtest.sh
ShellScript,0-10,rescrv-libmacaroons,2e511f1f85882155b1120e02a8fefdd105961b2d,test/env.sh,test/env.sh
ShellScript,0-10,rescrv-libmacaroons,be76d41d9e4d1e93af34b550a1f41074061efcf1,test/unit/caveat_v1_2.vtest.sh,test/unit/caveat_v1_2.vtest.sh
ShellScript,0-10,reujab-silver,0e639f10eed5d95509c967276518f5718f08873b,src/init.bash,src/init.bash
ShellScript,0-10,reujab-silver,87180ea926028dd4fba9ebafa1f012b62865ab33,src/init.bash,src/init.bash
ShellScript,0-10,rrthomas-libpaper,4557cfe1ba5291d795bc178d71c60c4db042a6db,tests/default-size-lc_paper.sh,tests/default-size-lc_paper.sh
ShellScript,0-10,rspec-rspec-expectations,032c39fa14838e4efb21e02f0e13f112e98112a1,script/cucumber.sh,script/cucumber.sh
ShellScript,0-10,rspec-rspec-expectations,576c434482977962bd1e58ac5d5858de996d13c4,script/cucumber.sh,script/cucumber.sh
ShellScript,0-10,rspec-rspec-mocks,0a0cc49eb651cb7581fd36bbf02a87c3dd41b993,script/cucumber.sh,script/cucumber.sh
ShellScript,0-10,rspec-rspec-mocks,5f2e47cb6ec517bb2dc0ef01b3711c09b873a197,script/cucumber.sh,script/cucumber.sh
ShellScript,0-10,rspec-rspec-mocks,7672ab6b0ecbc2c99224df620e36e97e8dddab87,script/cucumber.sh,script/cucumber.sh
ShellScript,0-10,rspec-rspec-mocks,7d637aacff69277debbb3fce9cc43b143a3bd104,script/cucumber.sh,script/cucumber.sh
ShellScript,0-10,rspec-rspec-mocks,c24a4b4442fb4a9cdd3b1da5cb9387622d55faad,script/cucumber.sh,script/cucumber.sh
ShellScript,0-10,sardemff7-purple-libnotify-plus,fcb35cdb189cf8c64278b0db5f09e236f917a60f,autogen.sh,autogen.sh
ShellScript,0-10,sleinen-samplicator,8503b009ea249d7806c8f6d337a42b173b18cd5d,autogen.sh,autogen.sh
ShellScript,0-10,sleuthkit-sleuthkit,22e2188c5f887b39af5c9aae0edd7f3c6184a087,test/tools/autotools/test_loaddb.sh,test/tools/autotools/test_loaddb.sh
ShellScript,0-10,smplayer-dev-smplayer,4a27de33a4cab71215002f138daab1e3c69ca7ef,get_version.sh,get_version.sh
ShellScript,0-10,solbu-igal2,2439fd5e82f2570c1d2c856ff98682bb1b671889,utilities/igal2.sh,utilities/igal2.sh
ShellScript,0-10,solbu-igal2,52f61ebc2e8b477fba86cc41dbcf2936d01be38b,utilities/igal2.sh,utilities/igal2.sh
ShellScript,0-10,st3w-neo,8723a2efc2ac9b891226e276a984fce485f5b16b,examples/demo2.sh,examples/demo2.sh
ShellScript,0-10,theseer-DirectoryScanner,1442bac2567b90fd9e729c1c5662fabb070921f6,pear.sh,pear.sh
ShellScript,0-10,thierry-martinez-stdcompat,967e9d51259af981022c946a7554700cf0d38470,.github/scripts/build-make-no-magic.sh,.github/scripts/build-make-no-magic.sh
ShellScript,0-10,thierry-martinez-stdcompat,967e9d51259af981022c946a7554700cf0d38470,.github/scripts/build-make.sh,.github/scripts/build-make.sh
ShellScript,0-10,thkukuk-rpcsvc-proto,2527c37f956aa38408e251587556a6c8389af319,autogen.sh,autogen.sh
ShellScript,0-10,thkukuk-rpcsvc-proto,ccb01bf0b1cae9fc9ba2a2c1e7f3455926654743,autogen.sh,autogen.sh
ShellScript,0-10,tiotags-hin9,2cf9c4fdc2bf8faf192be485f6edf4a2383c079b,external/tests/tests/00_server_present.sh,external/tests/tests/00_server_present.sh
ShellScript,0-10,tiotags-hin9,2cf9c4fdc2bf8faf192be485f6edf4a2383c079b,external/tests/tests/10_hammer_compress_deflate.sh,external/tests/tests/10_hammer_compress_deflate.sh
ShellScript,0-10,tiotags-hin9,3236bbc86fe7bc4ac55caa4a056a43cca526394c,external/tests/tests/03_php_large.sh,external/tests/tests/03_php_large.sh
ShellScript,0-10,trezor-trezord-go,ec928e6456bfa60c9a298ae78613f723db256900,release/linux/fpm.before-install.sh,release/linux/fpm.before-install.sh
ShellScript,0-10,uim-sigscheme,234d9b904a570437a293fa1eee60d8e954137a9d,autogen.sh,autogen.sh
ShellScript,0-10,uriparser-uriparser,3341872d227604956ec821e52fa0058ca1851e34,scripts/edit_version.sh,scripts/edit_version.sh
ShellScript,0-10,virtuald-pyhcl,3fb72a63b5b26cadb8feeb9549ce93188e9342af,tests/run_tests.sh,tests/run_tests.sh
ShellScript,0-10,voxpupuli-hiera-eyaml,b3dfa6f2e103e32ac69b9503b5628edc8e080113,features/sandbox/append.sh,features/sandbox/append.sh
ShellScript,0-10,voxpupuli-hiera-eyaml,b3dfa6f2e103e32ac69b9503b5628edc8e080113,features/sandbox/supply_password.sh,features/sandbox/supply_password.sh
ShellScript,0-10,wojtekka-libgadu,a803073b40c96f04a830bae6a1961e5eb01647fa,declspec.sh,declspec.sh
ShellScript,0-10,xiota-xboxdrv,2c78f5d79aadf548023b4b6bfc6d870578ddb293,test/xboxdrv-daemon.sh,test/xboxdrv-daemon.sh
ShellScript,0-10,xmoto-xmoto,96f7185ddd1c2ab6ff172092ac2d6a8e6719bf85,dev-scripts/run.sh,dev-scripts/run.sh
ShellScript,0-10,zchunk-zchunk,e7fc14a78f6e0c437974abadeaf66a891dc11072,autotest/centos-8-stream/prep.sh,autotest/centos-8-stream/prep.sh
ShellScript,10-30,AcademySoftwareFoundation-OpenColorIO,97c37385e1afe1fd78eedef6d0a2bfc9782a8915,share/ci/scripts/macos/install_oiio.sh,share/ci/scripts/macos/install_oiio.sh
ShellScript,10-30,AcademySoftwareFoundation-openvdb,caa3969681d019f782916ce2a7c8d8ccf8509974,ci/install_doxygen.sh,ci/install_doxygen.sh
ShellScript,10-30,Caltech-IPAC-Montage,a7ce422f21246159a538f8279b00521d578e0567,python/MontagePy/make_local.sh,python/MontagePy/make_local.sh
ShellScript,10-30,FrodeSolheim-fs-uae,72234a51fbcf8ecb7f1273e310c8e0afc68ea64b,od-fs/build/env/scripts/env.sh,od-fs/build/env/scripts/env.sh
ShellScript,10-30,Genymobile-scrcpy,fb6381f5b9bb96f3fa823d899f4c32de2ec84ab3,install_release.sh,install_release.sh
ShellScript,10-30,Komet-MediaElch,39000f75b20c8072f92d3aade3d26970f1263f9c,scripts/run_clang_format.sh,scripts/run_clang_format.sh
ShellScript,10-30,LibtraceTeam-wandio,256d3e2010c9170ab7373c7de18f3a1f0e1f80a0,gitlab-build-rpm.sh,gitlab-build-rpm.sh
ShellScript,10-30,MoneroOcean-xmrig,e32731b60bb40f082662e3149f72435ef96e3607,scripts/build.hwloc.sh,scripts/build.hwloc.sh
ShellScript,10-30,NixOS-patchelf,2d18660af71fb26cb39d7e051b96a0f1b1f45484,tests/build-id.sh,tests/build-id.sh
ShellScript,10-30,NixOS-patchelf,301aa6ae340434c3eb540bae31016907d26c0858,tests/build-id.sh,tests/build-id.sh
ShellScript,10-30,NixOS-patchelf,61fdb6e999e8b3f0fd047b2a5649093bff69a4cc,tests/set-rpath.sh,tests/set-rpath.sh
ShellScript,10-30,NixOS-patchelf,be4b84635f806998853825e23d94b14723e37b55,tests/no-gnu-hash.sh,tests/no-gnu-hash.sh
ShellScript,10-30,Numbertext-libnumbertext,77fba6becc2f225819c6ad8609e1c518721273a9,test/test.sh,test/test.sh
ShellScript,10-30,OpenTabletDriver-OpenTabletDriver,72f00a098d313ca573200cc3b7e6f907732a5c51,generate-rules.sh,generate-rules.sh
ShellScript,10-30,Raymo111-i3lock-color,2a54971cd8a0f24d80d8dcc1b18bad98db4c0cc2,install-i3lock-color.sh,install-i3lock-color.sh
ShellScript,10-30,SimonKagstrom-kcov,4464b42fd30c9f492f5fd751db06474b8b717ead,.github/workflows/osx-build.sh,.github/workflows/osx-build.sh
ShellScript,10-30,Simsys-qhexedit2,7bf5c4c3f01489c59d8022b3904e44bc399e15fb,make-library.sh,make-library.sh
ShellScript,10-30,Simsys-qhexedit2,7bf5c4c3f01489c59d8022b3904e44bc399e15fb,make-pyqt6-wheel.sh,make-pyqt6-wheel.sh
ShellScript,10-30,StanfordLegion-legion,e72c750fc6fd45abdc483e9102927d6d07910d81,tools/dump_event_waiters.sh,tools/dump_event_waiters.sh
ShellScript,10-30,Unidata-netcdf-fortran,9aafba645703185e6323a4a77a6e2da7ab015732,nf03_test4/run_f90_par_test.sh,nf03_test4/run_f90_par_test.sh
ShellScript,10-30,WhyNotHugo-darkman,55013399eb4b87766e2e710f2d55462d792b30df,examples/kde-global-theme.sh,examples/darkman/kde-global-theme.sh
ShellScript,10-30,WhyNotHugo-darkman,55013399eb4b87766e2e710f2d55462d792b30df,examples/kde-wallpaper.sh,examples/darkman/kde-wallpaper.sh
ShellScript,10-30,Yeraze-ytnef,19818f382cdfc301ea5ce0762eb50800e1d16528,travis-build.sh,travis-build.sh
ShellScript,10-30,Yeraze-ytnef,871f71dc14ea4aad301848364a30d56b0780707a,travis-build.sh,travis-build.sh
ShellScript,10-30,aerospike-community-amc,5ae514811d19786fcefb39d865a8ba757dc89865,run.sh,run.sh
ShellScript,10-30,akihe-radamsa,bc80eea3310e1668814aa552b8437caa5df231c8,tests/uniq.sh,tests/uniq.sh
ShellScript,10-30,amadvance-advancecomp,82792d7af93c213d7e91b42d6c5212575bf81957,autogen.sh,autogen.sh
ShellScript,10-30,andmarti1424-sc-im,76a7cb0c18ca46a6b72b01cd083d36ac4ea23962,tests/test9.sh,tests/test9.sh
ShellScript,10-30,andmarti1424-sc-im,e555b769436aea3e90c125e095d6baa22c1039b1,tests/run_all_tests.sh,tests/run_all_tests.sh
ShellScript,10-30,apngasm-apngasm,553cce10585283fabc1053977a09ad976aa3e2f0,test/cli/disassemble-test.sh,test/disassemble_test.sh
ShellScript,10-30,apngasm-apngasm,553cce10585283fabc1053977a09ad976aa3e2f0,test/cli/json-test.sh,test/json_test.sh
ShellScript,10-30,arduino-listSerialPortsC,4b238b580b1f002baf3be4e7c20c2e5a5c4e75e9,pack_and_release.sh,pack_and_release.sh
ShellScript,10-30,aresch-rencode,8c4cde72b57c0e4b34b9de57b625457cb22b1ea2,travis/build-wheels.sh,travis/build-wheels.sh
ShellScript,10-30,argtable-argtable3,50a4bee3ccc5a2abdd61efb9f7c3b2d5ce263bfb,.clusterfuzzlite/build.sh,.clusterfuzzlite/build.sh
ShellScript,10-30,atelier-anchor-smiley-sans,67e3821f4b06cbd7155fa6fa69daff4b6f311b76,build.sh,build.sh
ShellScript,10-30,bats-core-bats-assert,6e238d745885924c584fa58c0f23cd65908b32e4,test/test_helper.bash,test/test_helper.bash
ShellScript,10-30,bitcoin-bitcoin,3cbf747c328f1e74641dcefdf3ab19a09d167894,ci/test/00_setup_env_native_fuzz.sh,ci/test/00_setup_env_native_fuzz.sh
ShellScript,10-30,bitcoin-bitcoin,3cbf747c328f1e74641dcefdf3ab19a09d167894,ci/test/00_setup_env_native_valgrind.sh,ci/test/00_setup_env_native_valgrind.sh
ShellScript,10-30,bitcoin-bitcoin,91b5cbaabbca49a8bd9df6da2506070b31482892,ci/test/00_setup_env_mac_cross.sh,ci/test/00_setup_env_mac_cross.sh
ShellScript,10-30,bitcoin-bitcoin,b333cc14d50b449183ed52de012b98bcbbe1dc9c,ci/test/00_setup_env_i686_no_ipc.sh,ci/test/00_setup_env_i686_multiprocess.sh
ShellScript,10-30,bitcoin-libblkmaker,e0d2b2d11994d894f1cf6d10b8f09a7cd36e005d,autogen.sh,autogen.sh
ShellScript,10-30,brezerk-q4wine,a7e4ee6f477a49ceb0cb14f5a56b8a995ebebeb6,cleanup.sh,cleanup.sh
ShellScript,10-30,cern-fts-davix,a23e2c957b5469b36da7ced68c2da26637d3a29b,ci/fedora/packages.sh,ci/fedora/packages.sh
ShellScript,10-30,chef-mixlib-shellout,9a1fb6d1b53c09642a230ca23f8a159bfca63da0,.expeditor/run_linux_tests.sh,.expeditor/run_linux_tests.sh
ShellScript,10-30,dracutdevs-dracut,0b81e8eb67c80500e529ff2f845c10719b2afd87,modules.d/95cifs/cifsroot.sh,modules.d/95cifs/cifsroot.sh
ShellScript,10-30,dvorka-hstr,451758c0c1497a56a5132c62b6c1b532b143e3d9,test/test-bug-176.sh,test/test-bug-176.sh
ShellScript,10-30,dvorka-hstr,451758c0c1497a56a5132c62b6c1b532b143e3d9,test/test-curses-keyb.sh,test/test-curses-keyb.sh
ShellScript,10-30,dvorka-hstr,b6b27657d98cdc4d0a539df4f64c04bab97ae599,test/test-utf8.sh,test/test-utf8.sh
ShellScript,10-30,facebook-bpfilter,6917b217d14bbba4235334eda48dd26fac6fcc6c,tests/e2e/matchers/icmpv6_type.sh,tests/e2e/matchers/icmpv6_type.sh
ShellScript,10-30,gabmus-syndication-domination,459c2f1d0fb8f5a31329bd57fcf686d6a4de52cb,run.sh,run.sh
ShellScript,10-30,garabik-grc,96073d87661f75564f35460454377002906ccf06,install.sh,install.sh
ShellScript,10-30,gnif-mod_rpaf,db4e8a4ec1d73c981e5381adc3466c7829b697a8,apxs.sh,apxs.sh
ShellScript,10-30,google-addlicense,66bad5e5632ad865eeeceb9c9301b555f0b92016,testdata/expected/file1.sh,testdata/expected/file1.sh
ShellScript,10-30,google-minijail,8330e01d0fd55dfe505890eb5f829b77ac4ca8cb,get_googletest.sh,get_googletest.sh
ShellScript,10-30,googleapis-proto-plus-python,280158d7f3fb54fb599b9a8abdbec79db4c692b3,.kokoro/trampoline.sh,.kokoro/trampoline.sh
ShellScript,10-30,greymd-tmux-xpanes,e5aa940fd355e9074e86852234dd4b925abd0fb5,test/test_generator.sh,test/test_generator.sh
ShellScript,10-30,hgst-libzbc,ae872375126497f66898d8d79f7b12e66b158ef1,test/scripts/03_xmr_command_check/114.sh,test/scripts/03_xmr_command_check/114.sh
ShellScript,10-30,hgst-libzbc,ae872375126497f66898d8d79f7b12e66b158ef1,test/scripts/03_xmr_command_check/116.sh,test/scripts/03_xmr_command_check/116.sh
ShellScript,10-30,hgst-libzbc,ae872375126497f66898d8d79f7b12e66b158ef1,test/scripts/03_xmr_command_check/126.sh,test/scripts/03_xmr_command_check/126.sh
ShellScript,10-30,hgst-libzbc,ae872375126497f66898d8d79f7b12e66b158ef1,test/scripts/03_xmr_command_check/260.sh,test/scripts/03_xmr_command_check/260.sh
ShellScript,10-30,hgst-libzbc,ae872375126497f66898d8d79f7b12e66b158ef1,test/scripts/03_xmr_command_check/261.sh,test/scripts/03_xmr_command_check/261.sh
ShellScript,10-30,hgst-libzbc,ae872375126497f66898d8d79f7b12e66b158ef1,test/scripts/03_xmr_command_check/316.sh,test/scripts/03_xmr_command_check/316.sh
ShellScript,10-30,hgst-libzbc,ae872375126497f66898d8d79f7b12e66b158ef1,test/scripts/03_xmr_command_check/324.sh,test/scripts/03_xmr_command_check/324.sh
ShellScript,10-30,hgst-libzbc,ae872375126497f66898d8d79f7b12e66b158ef1,test/scripts/05_xmr_per_activation/419.sh,test/scripts/05_xmr_per_activation/419.sh
ShellScript,10-30,hgst-libzbc,ae872375126497f66898d8d79f7b12e66b158ef1,test/scripts/05_xmr_per_activation/523.sh,test/scripts/05_xmr_per_activation/523.sh
ShellScript,10-30,hgst-libzbc,ae872375126497f66898d8d79f7b12e66b158ef1,test/scripts/05_xmr_per_activation/539.sh,test/scripts/05_xmr_per_activation/539.sh
ShellScript,10-30,inim-repl-inim,422584d3b407163742046c60f1323d83c0adf7c1,setupci.sh,setupci.sh
ShellScript,10-30,inim-repl-inim,c194093ec156752d5e3fc3d8791f050601bcc230,setupci.sh,setupci.sh
ShellScript,10-30,janestreet-ppx_hash,aa63fc9e022055b45ae3864f9598b0514b2c5feb,runtime-lib/bench/bench.sh,runtime-lib/bench/bench.sh
ShellScript,10-30,jaseg-python-mpv,b42f79a4f1be505d95be7fd13333ff96fa624aa4,do_release.sh,do_release.sh
ShellScript,10-30,jbruchon-dev86,32865c8ce37e3cba185dfad54660dbce6bb92f7d,emu86/test-elks.sh,emu86/test-elks.sh
ShellScript,10-30,jbruchon-dev86,77f028bdd5a94e22344e670a5bed37d20e633bd9,mon86/build.sh,mon86/build.sh
ShellScript,10-30,jbruchon-dev86,de516a55c35346eeb9d39b7d0f6a0e48ab0e3f31,emu86/test-elks.sh,emu86/test-elks.sh
ShellScript,10-30,kt315-zookeepercli,e7a6c2cf0c17a7d916bb157421422fcf57077a15,build.sh,build.sh
ShellScript,10-30,kumina-postfix_exporter,63db16cbcb16505aefa220c35ca3d62264aaa704,build_static.sh,build_static.sh
ShellScript,10-30,lassekongo83-zuki-themes,a8db1d53baf5d52ffd5de074a9276f91f8130c00,gnome-shell/src/parse-sass.sh,gnome-shell/src/parse-sass.sh
ShellScript,10-30,lassekongo83-zuki-themes,a8db1d53baf5d52ffd5de074a9276f91f8130c00,gtk/src/Zukitwo-dark/gtk-2.0/render-assets.sh,gtk/src/Zukitwo-dark/gtk-2.0/render-assets.sh
ShellScript,10-30,liamg-shox,cb0425414cd4c5885a986b04044891672faa5f4e,scripts/build.sh,scripts/build.sh
ShellScript,10-30,libfuse-sshfs,803e0e65cf63fdc95c7ad4a519a5db31d27f94d4,test/travis-install.sh,test/travis-install.sh
ShellScript,10-30,libinjection-libinjection,efa9b306deae08d1b39f5529c3d597120a7e71a2,run-gcov-samples.sh,run-gcov-samples.sh
ShellScript,10-30,lidatong-dataclasses-json,6a4c07cec67547e860aa787952efa3edc6101e8d,publish.sh,publish.sh
ShellScript,10-30,logic-rblcheck,927545412ed2734af4e65074059dae623ab55053,utils/test_origip.sh,utils/test_origip.sh
ShellScript,10-30,madmartin-gentoo-vdr-scripts,379220a0d1de8cfe38315b13221f2111d4d1ed95,usr/share/vdr/shutdown/wakeup-rtc.sh,usr/share/vdr/shutdown/wakeup-rtc.sh
ShellScript,10-30,madmartin-gentoo-vdr-scripts,7e95786680baf7b09fbb4edbe22925756f94340c,usr/share/vdr/rcscript/pre-start-45-nptl-check.sh,usr/share/vdr/rcscript/pre-start-45-nptl-check.sh
ShellScript,10-30,madmartin-gentoo-vdr-scripts,7f24ddbb0b68d9a2d1cb6be1a90a97b0b1c2c244,usr/share/vdr/shutdown/wakeup-none.sh,usr/share/vdr/shutdown/wakeup-none.sh
ShellScript,10-30,madmartin-gentoo-vdr-scripts,fa6d9c14cc7cf4f8f0eecefce8b120f9cc2629c6,usr/share/vdr/rcscript/pre-start-50-shutdown.sh,usr/share/vdr/rcscript/pre-start-50-shutdown.sh
ShellScript,10-30,magnars-s.el,e1d985e0aaf027ed520648902b0aa8d000a0ed43,ci.sh,ci.sh
ShellScript,10-30,mickael9-ioq3,1b1d0c55f6cb52b964548fff3a01fa1bb94e54e9,misc/setup/preuninstall.sh,misc/setup/preuninstall.sh
ShellScript,10-30,mongrel2-mongrel2,5e7f8a5cf5f5e0e25fe95670947ad914d05f11e1,docs/manual/inputs/procer_mp3stream_run.sh,docs/manual/inputs/procer_mp3stream_run.sh
ShellScript,10-30,mono-mono-basic,44eb76c83f9091978d64db0fddf4e6085933d445,vbnc/vbnc/setversion.sh,vbnc/vbnc/setversion.sh
ShellScript,10-30,mooltipass-moolticute,36f804758f0e40938cd31a452d80762122c8d3b0,scripts/ci/osx/install.sh,scripts/ci/osx/install.sh
ShellScript,10-30,mooltipass-moolticute,cd22dffbed85c3f8a0b3548b90b12566cd52cffb,scripts/ci/osx/install.sh,scripts/ci/osx/install.sh
ShellScript,10-30,nicolargo-glances,50818213b1876314d7817d68c57482911551f941,uninstall.sh,uninstall.sh
ShellScript,10-30,nwg-piotr-nwg-clipman,a327ec5fd27f6b346deace6b83dd8a2b7ac926ad,install.sh,install.sh
ShellScript,10-30,nwg-piotr-nwg-hello,87648b9840e7b7a8efdbddb00fdc25422fa65e7d,install.sh,install.sh
ShellScript,10-30,ocaml-ocamlbuild,9852d83c04c693537246ef06d5d3154931db5cfd,test/test8/test.sh,test/test8/test.sh
ShellScript,10-30,ocaml-opam-ocaml-mccs,7210b250b66329ea5da80b255a0912397a8c0973,.travis-ci.sh,.travis-ci.sh
ShellScript,10-30,oprypin-pytest-golden,bcefcf0e0749b8c9d9f2757be91698dde2578a71,.tools/release.sh,.tools/release.sh
ShellScript,10-30,pentix-qjournalctl,8d6d0454453345488b3ff4e79e6abd0b2fe830fe,autogen.sh,autogen.sh
ShellScript,10-30,ponty-PyVirtualDisplay,ef00c949f8a1327f61a40e8f9b328743083123bb,tests/vagrant/ubuntu2004.sh,tests/vagrant/ubuntu2004.sh
ShellScript,10-30,ponty-pyscreenshot,a231b96d0efd989b67e8970355308cf551951e2a,tests/vagrant/arch_gnome.sh,tests/vagrant/arch_gnome.sh
ShellScript,10-30,pooler-electrum-ltc,c2b5e3ec15fc201c72ac43eeea515a6c51c2b81d,contrib/build_locale.sh,contrib/build_locale.sh
ShellScript,10-30,projg2-certifi-system-store,6210fcb5cc662b456983276f9188d040176022eb,.github/entry.sh,.github/entry.sh
ShellScript,10-30,proot-me-PRoot,dd57b59200b8b21432da4d0eef678b73124db724,test/test-carehwcp.sh,test/test-carehwcp.sh
ShellScript,10-30,proxytunnel-proxytunnel,8ff6d58f1bca6805ce4a30b6c7025af4485af8e4,buildwin.sh,buildwin.sh
ShellScript,10-30,pythongssapi-python-gssapi,d8858319bf0bf5a629b5d15d66fbc06fafef9a76,ci/run-on-linux.sh,ci/run-on-linux.sh
ShellScript,10-30,rcedgar-muscle,b81d621fe2199c2cba9650ba733f58794dcdf2bb,test_scripts/qscore_BB_seqs.bash,test_scripts/qscore_BB_seqs.bash
ShellScript,10-30,rfjakob-earlyoom,5c452f90863892bdf481c6a8d4ba4aa3962eb6d0,contrib/utf8_membomb.sh,contrib/utf8_membomb.sh
ShellScript,10-30,rgwood-systemctl-tui,da981d1461253fea5e014c8e523f381548e1b231,install.sh,install.sh
ShellScript,10-30,rkd77-elinks,94423905c992ba15f12883b6f1636464143ab492,contrib/win32/build_libdom.sh,contrib/win32/build_libdom.sh
ShellScript,10-30,roc-streaming-roc-toolkit,e6e0dcbc00c14ff3b196c23ef564edb1f675ceed,scripts/ci_checks/linux-arm/arm-linux-gnueabihf-gcc-14.2.sh,scripts/ci_checks/linux-arm/arm-linux-gnueabihf-gcc-7.4.sh
ShellScript,10-30,roc-streaming-roc-toolkit,e6e0dcbc00c14ff3b196c23ef564edb1f675ceed,scripts/ci_checks/linux-x86_64/ubuntu-22.04.sh,scripts/ci_checks/linux-x86_64/ubuntu-22.04.sh
ShellScript,10-30,roc-streaming-roc-toolkit,e6e0dcbc00c14ff3b196c23ef564edb1f675ceed,scripts/ci_checks/linux-x86_64/ubuntu-24.04.sh,scripts/ci_checks/linux-x86_64/ubuntu-24.04.sh
ShellScript,10-30,rootless-containers-slirp4netns,ef2432173632967fb174ae2faf1fb784259dd22e,tests/test-slirp4netns-macaddress.sh,tests/test-slirp4netns-macaddress.sh
ShellScript,10-30,rspec-rspec,51c081d29d7a5f8aa4e78a1949d9bd17fa6f91d9,script/predicate_functions.sh,script/predicate_functions.sh
ShellScript,10-30,rspec-rspec-mocks,0a0cc49eb651cb7581fd36bbf02a87c3dd41b993,script/legacy_setup.sh,script/legacy_setup.sh
ShellScript,10-30,rspec-rspec-mocks,d05d3f86ccdbbdd8e95e73534d8330f4b70438a4,script/legacy_setup.sh,script/legacy_setup.sh
ShellScript,10-30,sezanzeb-input-remapper,230aac3bf5934e3fe91a21a634e881617ef4f317,scripts/ci-install-deps.sh,scripts/ci-install-deps.sh
ShellScript,10-30,sleuthkit-sleuthkit,b790231ac5b75aa832890d4165e2d62d5f4cf934,test/tools/autotools/test_loaddb.sh,test/tools/autotools/test_loaddb.sh
ShellScript,10-30,smplayer-dev-smplayer,87a72a1df6d1905c59993ce3c22600c4310e5ced,create_deb.sh,create_deb.sh
ShellScript,10-30,solvespace-solvespace,01f58b785d394a4f9e206457972218459fb85666,.github/scripts/install-macos.sh,.github/scripts/install-macos.sh
ShellScript,10-30,souffle-lang-souffle,30ec732b478d70a4a41715bdacf0ce4a7149672a,sh/setup/install_macos_deps.sh,sh/setup/install_macos_deps.sh
ShellScript,10-30,stsquad-emacs_chrome,4d6815d220a66e86f4ddd03b7ed68b3539f6ff32,test-travis.sh,test-travis.sh
ShellScript,10-30,sukria-Backup-Manager,03bf891a216fb5e1dbbc7dd88e30930d0459ea76,t/t05-hooks.sh,t/t05-hooks.sh
ShellScript,10-30,sukria-Backup-Manager,071c04e4cbb93cbdfae22b879c3bc8972d714b91,lib/externals.sh,lib/externals.sh
ShellScript,10-30,sukria-Backup-Manager,3494ff4936c116aca70f1a04ac78a6cd475afff6,lib/externals.sh,lib/externals.sh
ShellScript,10-30,sybrenstuvel-python-rsa,78f738d7b06d9f4b39c055c396ebd76538f8c712,update_version.sh,update_version.sh
ShellScript,10-30,thesamesam-recover-broken-vdb,d0bd8ab3ace46f3e06c09be076958c1141d3df75,bin/recover-broken-vdb-scanelf.sh,bin/recover-broken-vdb-scanelf.sh
ShellScript,10-30,thkukuk-libnsl,7d01ff9509f2802d71896fa7d106f2cc90786833,autogen.sh,autogen.sh
ShellScript,10-30,tiotags-hin9,4843c07f40c4ed6ea7b5945b73fa999fb7881564,external/tests/tests/09_downloader.sh,external/tests/tests/09_downloader.sh
ShellScript,10-30,tiotags-hin9,4ec86b038ab1deed42eda18476c0b66c37a2b422,external/tests/tests/09_downloader.sh,external/tests/tests/09_downloader.sh
ShellScript,10-30,tiotags-hin9,78d4970d7dfde779f53e1bef9ed88148c7c477d4,external/tests/tests/10_hammer_fds.sh,external/tests/tests/10_hammer_fds.sh
ShellScript,10-30,tj-git-extras,c49ca70814f4169ee18f9a67ec15f9e3604fc063,tests/test_util.sh,tests/test_util.sh
ShellScript,10-30,tkengo-highway,f8050bb76435ac6b621050038a220afa82dba49e,tools/build.sh,tools/build.sh
ShellScript,10-30,vapier-liblzw,50bba6da1ee240cbb256c2353a816061b005663f,autogen.sh,autogen.sh
ShellScript,10-30,vinceliuice-Vimix-cursors,bcc7a56c2b02ee1a13214e654f97fb7ec2d5b7d9,install.sh,install.sh
ShellScript,10-30,wickedsmoke-faun,2a30cb1469c0823998bae2d7c99395d5b7f8b2e0,jni/build-sdk.sh,jni/build-sdk.sh
ShellScript,10-30,winterheart-broadcom-bt-firmware,ddb24edc5169d064af3f405d6307aa4661a2cc52,generate_files.sh,generate_files.sh
ShellScript,10-30,x42-libltc,a6e6f07a0a8c0b7c59151692f2a3cf19e8438f19,autogen.sh,autogen.sh
ShellScript,10-30,xmrig-xmrig,1fb5be6c1d292c14f0d2562f6cb034087b68e9ce,scripts/build.hwloc.sh,scripts/build.hwloc.sh
ShellScript,10-30,xmrig-xmrig,5552e1f864b290d9b9674dbdf5f5bb8c21744dc7,scripts/build.libressl.sh,scripts/build.libressl.sh
ShellScript,10-30,xmrig-xmrig,fdfbb6084059de78843a6dafe3a29413f71b33b6,scripts/build.hwloc.sh,scripts/build.hwloc.sh
ShellScript,100-300,6gk-fet.sh,6f4f6bc22cb769b266bc57e71d2e1b96a201d269,fet.sh,fet.sh
ShellScript,100-300,Biont-sway-launcher-desktop,3429a175db5eb6a9ca9ab93c808b6ed102ab7393,sway-launcher-desktop.sh,sway-launcher-desktop.sh
ShellScript,100-300,Caltech-IPAC-Montage,dffcaf683961e92c10c4912f1ef35babb209a113,python/MontagePy/make_manylinux.sh,python/MontagePy/make_manylinux.sh
ShellScript,100-300,Cygn-pulseaudio-dlna,28e52b3d18694fad2ea2460b5375a3993c8185ab,scripts/bootstrap.sh,scripts/bootstrap.sh
ShellScript,100-300,Genymobile-scrcpy,10a0974f43cce259ba6c36346e3d962bf06e5259,server/build_without_gradle.sh,server/build_without_gradle.sh
ShellScript,100-300,HewlettPackard-netperf,2d88bcc75d97f462eafe8605f8da0c1f875b7dad,doc/examples/post_proc.sh,doc/examples/post_proc.sh
ShellScript,100-300,HewlettPackard-netperf,306acf05936e9b4113908d78e5e9e6a8a0f1be16,doc/examples/runemomni.sh,doc/examples/runemomni.sh
ShellScript,100-300,JelteF-PyLaTeX,2050b14d8d7ed4fe788c769afec6816e2b703355,testall.sh,testall.sh
ShellScript,100-300,Lab-Brat-gentoo_update,83ece758a5b7322ca53b1891b5d8fe83a6cd2873,gentoo_update/scripts/updater.sh,gentoo_update/scripts/updater.sh
ShellScript,100-300,Lab-Brat-gentoo_update,88342c9eea72b956789da94bdc6767cbe81c6cb6,updater.sh,updater.sh
ShellScript,100-300,LibtraceTeam-libtrace,cd7d7a721be1d6ffbe6e7d649ffe461f30c29fec,test/do-test-build-dpdk.sh,test/do-test-build-dpdk.sh
ShellScript,100-300,LibtraceTeam-wandio,32274fe83e07e7a657fd17adcfc898a4e0e4f145,test/do-basic-tests.sh,test/do-basic-tests.sh
ShellScript,100-300,MycroftAI-mimic1,6f624d495e1cbe5dabfb719c3653a8183fad7d19,run_testsuite.sh,run_testsuite.sh
ShellScript,100-300,NVIDIA-nvidia-container-toolkit,89d2dbd3b6709643e35d6578ed08717801ebd5e3,hack/prepare-release.sh,hack/prepare-release.sh
ShellScript,100-300,RichiH-vcsh,86b95ed35df2654b41ca0c6a74d5686e8647b1d6,completions/vcsh.bash,completions/vcsh.bash
ShellScript,100-300,STEllAR-GROUP-hpx,5540f30f16af2f1646de41fedf7cb2c343a173f0,.jenkins/lsu/entry.sh,.jenkins/lsu/entry.sh
ShellScript,100-300,TheTumultuousUnicornOfDarkness-CPU-X,3e12761c8c03129656e3ee7893c938894ad6154a,scripts/build_appimage.sh,scripts/build_appimage.sh
ShellScript,100-300,Trepan-Debuggers-bashdb,7d0f9751e04fa54f48f0ab4be32ecb8030a4315d,lib/filecache.sh,lib/filecache.sh
ShellScript,100-300,Trepan-Debuggers-bashdb,dd03aabcafb24ea475933acd933e3de337ff17cf,lib/fns.sh,lib/fns.sh
ShellScript,100-300,acoustid-chromaprint,584960fbf785f899d757ccf67222e3cf3f95a963,package/build.sh,package/build.sh
ShellScript,100-300,aircrack-ng-aircrack-ng,6efdb8cc4174af1c80779c3eccd7a662826eae57,docker_package_install.sh,docker_package_install.sh
ShellScript,100-300,analogdevicesinc-libad9361-iio,cb68135c6b3f7b0145ff74fa016fd5f18da49b57,CI/travis/lib.sh,CI/travis/lib.sh
ShellScript,100-300,ananicy-cpp-ananicy-cpp,444a8d6f40bbd2f41489d7333835b55bf00a5afd,pgo.sh,pgo.sh
ShellScript,100-300,apenwarr-redo,1574b11598d4dce42fe174eaf406b6f130db02bb,redoconf/default.do.sh,redoconf/default.do.sh
ShellScript,100-300,arminbiere-kissat,c5cce1b9b35bc74566f192c43620bff03e4a9ff6,scripts/prepare-competition.sh,scripts/prepare-competition.sh
ShellScript,100-300,avsm-ocaml-yaml,d97ce548827417f490c9ad7a1494caa5b16ed279,.azure-pipelines.sh,.azure-pipelines.sh
ShellScript,100-300,bats-core-bats-assert,40aad9873658efe96b9d54658d843a47d250f3b6,src/assert_line.bash,src/assert_line.bash
ShellScript,100-300,bats-core-bats-support,6af41847af3cb820d7e8a4a02cdced726d5e7b55,src/output.bash,src/output.bash
ShellScript,100-300,bitcoin-bitcoin,18f6be09d02bf0f398f28a86cf3de5bc573f7bc1,ci/test/02_run_container.sh,ci/test/02_run_container.sh
ShellScript,100-300,bitcoin-bitcoin,2c990d84a3db2c654b6a8caa6bbe63a3a7732cdf,ci/test/03_test_script.sh,ci/test/03_test_script.sh
ShellScript,100-300,blogc-blogc,2435cfdb859cfed420e963e098ae3e2260be79f9,build-aux/build-debian.sh,build-aux/build-debian.sh
ShellScript,100-300,blogc-blogc,9500dcd91b6486692fa30c23ab7e7eb8eca263bf,build-aux/build-debian.sh,build-aux/build-debian.sh
ShellScript,100-300,bvschaik-julius,21f64a29532fac0aafb82f12eca0f0177a29f8ec,.ci_scripts/install_dependencies.sh,.ci_scripts/install_dependencies.sh
ShellScript,100-300,chaos-pdsh,3c17946e62112fe932e9af9bfdf5af8cb009e6a5,tests/t0001-basic.sh,tests/t0001-basic.sh
ShellScript,100-300,chexum-genromfs,50a05711f2061360eaff729e32588a6201823ed4,selftest/test.sh,selftest/test.sh
ShellScript,100-300,contour-terminal-libunicode,27b50d3055dd7b1470850d566b1ad8f2c6810634,scripts/install-deps.sh,scripts/install-deps.sh
ShellScript,100-300,cpitclaudel-company-coq,f9dba9ddff7da99a93d8a6e26d9b1d813bc96b2f,etc/vm/provision.sh,etc/vm/provision.sh
ShellScript,100-300,dimkr-nss-tls,8c2fe3187504ad12e54e417802efc0209e69267a,ci.sh,ci.sh
ShellScript,100-300,dimkr-nss-tls,aad46fe1c824ce1edd364c4d9da9957b575a97ba,ci.sh,ci.sh
ShellScript,100-300,dimkr-nss-tls,e562212b188e97718a5ba5ee3eeb84090e74bb99,ci.sh,ci.sh
ShellScript,100-300,docker-docker-bench-security,3cfa505ecc45489e2745000d274238ca79cb3635,docker-bench-security.sh,docker-bench-security.sh
ShellScript,100-300,docker-docker-bench-security,4cfb58f67508f4059a3c66a8525fcf4fd84e6139,docker-bench-security.sh,docker-bench-security.sh
ShellScript,100-300,docker-docker-bench-security,8ea918620e5ee59597878b080b3ed0a47945a034,docker-bench-security.sh,docker-bench-security.sh
ShellScript,100-300,docker-docker-bench-security,bfbeda92638bdba6b12d7cb2c3ed90919b01247e,docker-bench-security.sh,docker-bench-security.sh
ShellScript,100-300,dracut-crypt-ssh-dracut-crypt-ssh,7f7d2f8f9e07bb72e5370a663a4a3c27fba08988,modules/60crypt-ssh/module-setup.sh,modules/60crypt-ssh/module-setup.sh
ShellScript,100-300,dracutdevs-dracut,ddf6323145d50d33a897687474c73770328bf757,modules.d/35network-legacy/dhclient-script.sh,modules.d/35network-legacy/dhclient-script.sh
ShellScript,100-300,dracutdevs-dracut,ddf6323145d50d33a897687474c73770328bf757,test/TEST-14-IMSM/test.sh,test/TEST-14-IMSM/test.sh
ShellScript,100-300,dracutdevs-dracut,f9939d0e1f1e17cc5d33cba55717ac063d21a048,test/TEST-12-RAID-DEG/test.sh,test/TEST-12-RAID-DEG/test.sh
ShellScript,100-300,dracutdevs-dracut,f9939d0e1f1e17cc5d33cba55717ac063d21a048,test/TEST-30-ISCSI/test.sh,test/TEST-30-ISCSI/test.sh
ShellScript,100-300,dvorka-hstr,151aaacb2aa34467b382c4895b3186c5474e5e2f,build/debian/make-deb.sh,build/debian/make-deb.sh
ShellScript,100-300,eclipse-iceoryx-iceoryx,d14297c0fedfc35ef48c17c02c8f1ddd74889bae,tools/ci/todo-verificator.sh,tools/ci/todo-verificator.sh
ShellScript,100-300,eth-p-bat-extras,0acf65edde2faada1b30a72b687eecdd694380dc,src/batdiff.sh,src/batdiff.sh
ShellScript,100-300,eth-p-bat-extras,ac4f8710babeda6d1dbdd7fccbb952af376eff33,src/batman.sh,src/batman.sh
ShellScript,100-300,google-AFL,7a1f13274e40b8750103dbcc33cb0cd940478e16,experimental/crash_triage/triage_crashes.sh,experimental/crash_triage/triage_crashes.sh
ShellScript,100-300,guillaumeboehm-Nordzy-cursors,85f559c19f54b84e838159d00dfa37c370e8ac63,tools/batch_theme_rendering.sh,tools/batch_theme_rendering.sh
ShellScript,100-300,hesperos-napi,fbdab941efa8b7671e716ba7f843dadf13d6995f,actions/libnapi_search.sh,actions/libnapi_search.sh
ShellScript,100-300,hgst-libzbc,e818b3978fc8e1280db6949c45cf2d15fb48b17b,test/scripts/04_zbc_test_on_xmr/050.sh,test/scripts/04_zbc_test_on_xmr/050.sh
ShellScript,100-300,hyphanet-contrib,0a7c4690196f607e73973c8dad8e83c6c94564d3,NativeBigInteger/build-all-multi.sh,NativeBigInteger/build-all-multi.sh
ShellScript,100-300,ice-wm-icewm,9ed82ddef52bf1377d2db52a0a439e170e2527c5,rebuild.sh,rebuild.sh
ShellScript,100-300,inotify-tools-inotify-tools,e9e5b484a92cf833de90fdccdfce92a95560e928,build_and_test.sh,build_and_test.sh
ShellScript,100-300,inotify-tools-inotify-tools,f57005c6b22d46c293df39d4c366fda9dfdeb158,build_and_test.sh,build_and_test.sh
ShellScript,100-300,instead-hub-instead,8d60a865ed1b340100cca5f14e7a7c6ad73adfcd,contrib/instead-em-build.sh,contrib/instead-em-build.sh
ShellScript,100-300,instead-hub-instead,bd5ef23cf6ba1f499e6fd1718ad1caf2c8322c55,contrib/instead-em-build.sh,contrib/instead-em-build.sh
ShellScript,100-300,intel-bmap-tools,9212eaa8c0ba857cb599c2992dce7df9bbc14af1,make_a_release.sh,make_a_release.sh
ShellScript,100-300,jacktrip-jacktrip,09ec34010050b01c55f6038aac89cf2b71755326,macos/assemble_app.sh,macos/assemble_app.sh
ShellScript,100-300,jstedfast-gmime,17c0f8307f04115c25cf81e9c8ae3a5d3918b78c,autogen.sh,autogen.sh
ShellScript,100-300,jstkdng-ueberzugpp,6405cd37a6b264cb546060247526709e262c1701,.github/workflows/obs-upload.sh,.github/workflows/obs-upload.sh
ShellScript,100-300,kdudka-nss-pem,95583eebf9318efdcd06424bb75d3be33e32af11,make-srpm.sh,make-srpm.sh
ShellScript,100-300,kubernetes-kubernetes.git,9cad3f8787606d711ea8890398877fdfab011474,test/cmd/kuberc.sh,test/cmd/kuberc.sh
ShellScript,100-300,kubevirt-kubevirt,6537bfcc52a2e48af0f0dc463800fe336a86fed9,automation/repeated_test.sh,automation/repeated_test.sh
ShellScript,100-300,kward-shflags,8c168e58cadd5bf92ed5bfc02c159b9251cf3eea,shflags_private_test.sh,shflags_private_test.sh
ShellScript,100-300,kward-shflags,ffe0a6bb82c8e04f85fca83023646886c66b3dbe,shflags_defines_test.sh,shflags_defines_test.sh
ShellScript,100-300,kward-shunit2,bee9540f69d96c231abdc262b087aac77ce949be,shunit2_failures_test.sh,shunit2_failures_test.sh
ShellScript,100-300,kward-shunit2,c40f7b0ecaf77efe3c821dfc30c8219b81391d8c,shunit2_test_macros.sh,shunit2_test_macros.sh
ShellScript,100-300,liamg-shox,bb16e33ee0270e0215d8d03399df9b1d6aeb04f8,vendor/golang.org/x/sys/unix/mkall.sh,vendor/golang.org/x/sys/unix/mkall.sh
ShellScript,100-300,libtom-libtommath,ed8e8fdb0ad245f5a9de1a678d23109f72ba31c6,testme.sh,testme.sh
ShellScript,100-300,libwbxml-libwbxml,04213ec64f8dc186d73b2ec0dd8bb9a78d55349c,test/tools/launchTests.sh,test/tools/launchTests.sh
ShellScript,100-300,linux-test-project-lcov,b6a0b6e6c86519851da66ba4be56b3a39d67e23d,tests/lcov/demangle/demangle.sh,tests/lcov/demangle/demangle.sh
ShellScript,100-300,microsoft-cpprestsdk,40dad5c67409bd41e7b6a9cd8bbc27c05d4e27c3,Build_android/configure.sh,Build_android/configure.sh
ShellScript,100-300,mike01-pypacker,fe2bbd73f491c41f54db4ab1f739f2dd222f11ee,switch_setup.sh,switch_setup.sh
ShellScript,100-300,mixxxdj-mixxx,bec4880f5a50cf94449d44d93adfb486cf5c02b2,tools/macos_buildenv.sh,tools/macos_buildenv.sh
ShellScript,100-300,myENA-consul-backinator,ed2a60b005f8fa632a573082a788ba055f2b7f26,build/build.sh,build/build.sh
ShellScript,100-300,onekey-sec-sasquatch,338581e076b42f57b13682519b5bac8ac8a0c978,generate-manpages/sqfstar-manpage.sh,generate-manpages/sqfstar-manpage.sh
ShellScript,100-300,openlink-iODBC,3a17214f9e18eeaad47855fe8d1928ea22a84c05,mac/link-inclibs.sh,mac/link-inclibs.sh
ShellScript,100-300,openlink-iODBC,789a2df6b715edf73a145752e40b73e92a7df9fe,mac/link-inclibs.sh,mac/link-inclibs.sh
ShellScript,100-300,openlink-iODBC,ea72910fe933c6b0a330f251825dc4643faf7fc5,autogen.sh,autogen.sh
ShellScript,100-300,openlink-iODBC,f72b82a4c9c7fecb684d0aff3d56558820916056,autogen.sh,autogen.sh
ShellScript,100-300,opsgenie-opsgenie-lamp,717a6f1955304e8c2b3f2b3fea58d27ec3385c90,vendor/golang.org/x/sys/unix/mkall.sh,vendor/golang.org/x/sys/unix/mkall.sh
ShellScript,100-300,oracle-dtrace-utils,d17f79f640453be8e7a2ebf033c20fafee338617,test/unittest/usdt/tst.stapsdt-notes-isenabled.sh,test/unittest/usdt/tst.stapsdt-notes-isenabled.sh
ShellScript,100-300,passff-passff-host,e9c729e07103aeff5f94e7cae7b3b3246dd28857,src/install_host_app.sh,src/install_host_app.sh
ShellScript,100-300,pi-hole-pi-hole.git,20f8c6af3c3b10fa4be6bd23365ecd7b89c93cea,advanced/Scripts/query.sh,advanced/Scripts/query.sh
ShellScript,100-300,pi-hole-pi-hole.git,5002ce8ba76b0e5b9dc04412c63e14b3e429113e,advanced/Scripts/list.sh,advanced/Scripts/list.sh
ShellScript,100-300,pi-hole-pi-hole.git,63623c43538c5591c12771d06a28dae7f53ce347,advanced/Scripts/piholeCheckout.sh,advanced/Scripts/piholeCheckout.sh
ShellScript,100-300,pi-hole-pi-hole.git,6b919f3a2e36f724e8dd2a8f3b4e518d28de20a1,advanced/Scripts/query.sh,advanced/Scripts/query.sh
ShellScript,100-300,pi-hole-pi-hole.git,a48665c7bba428e3e204c9f1bed5d2b8c244336c,advanced/Scripts/piholeCheckout.sh,advanced/Scripts/piholeCheckout.sh
ShellScript,100-300,pooler-electrum-ltc,b5900eae983114b1d893917a3d086d194bb079ad,contrib/android/make_apk.sh,contrib/android/make_apk.sh
ShellScript,100-300,pop-os-icon-theme,cf85aeb35ec68f63e02fba94e7534366833caf6d,src/symlinks/generate-symlinks.sh,src/symlinks/generate-symlinks.sh
ShellScript,100-300,pygame-pygame,4b079c9df2952a3d6c686208f95a5647a8a660b9,buildconfig/manylinux-build/docker_base/sdl_libs/build-sdl2-libs.sh,buildconfig/manylinux-build/docker_base/sdl_libs/build-sdl2-libs.sh
ShellScript,100-300,pythongssapi-python-gssapi,d792186a8b80e4906773b2d39a9815371ce1499c,ci/lib.sh,ci/lib.sh
ShellScript,100-300,rear-rear,e9ce93f096e505968cc728a7eb5a06e25dc8d88b,usr/share/rear/layout/save/GNU/Linux/260_crypt_layout.sh,usr/share/rear/layout/save/GNU/Linux/260_crypt_layout.sh
ShellScript,100-300,redict-hiredict,f0b227bc633e3c382069982c940cd433d5dda247,test.sh,test.sh
ShellScript,100-300,rnpgp-sexpp,60350a4621d16fcd7ab6dd904a78094e9ae89d40,tests/scripts/tests.sh,tests/scripts/tests.sh
ShellScript,100-300,rocky-kshdb,4b4a2e8b4d0725c816745ab0349901318d064d4c,init/term-background.sh,init/term-background.sh
ShellScript,100-300,rocky-kshdb,cd460df018d02adcabbb7a0bc36ea6f33c0b36b9,command/step.sh,command/step.sh
ShellScript,100-300,ropery-ffcast,b92f29de5c57f9fbdeb012ddf58886bfe76a440c,src/subcmd.bash,src/subcmd.bash
ShellScript,100-300,rspec-rspec-mocks,77d8280fc684ec237de9ed226d97206aa24e8d7a,script/predicate_functions.sh,script/predicate_functions.sh
ShellScript,100-300,rspec-rspec-mocks,7d637aacff69277debbb3fce9cc43b143a3bd104,script/functions.sh,script/functions.sh
ShellScript,100-300,sctp-lksctp-tools,03889e53e6c09f7c9b58c4ffa236b62a0d19793b,.travis/linux-build.sh,.travis/linux-build.sh
ShellScript,100-300,sctp-lksctp-tools,d04ef8ebd28bbd33e45432ea0c42883937893d97,.travis/linux-build.sh,.travis/linux-build.sh
ShellScript,100-300,shellspec-shellspec,8aa3df597c48a7ed77b7fad38d1650dfb45d1ac8,lib/libexec/reporter.sh,lib/libexec/reporter.sh
ShellScript,100-300,skim-rs-skim,706620c5b74a2d0ff028c270581efb9229402999,shell/completion.bash,shell/completion.bash
ShellScript,100-300,source-foundry-Hack,ed2cfce9a377e99d7181684399e9b7837d76ec7f,tools/scripts/install/ttfautohint-build.sh,tools/scripts/install/ttfautohint-build.sh
ShellScript,100-300,stefanha-git-publish,cc8f1b2b94a5a7afbca346e50e3face52d2adbca,testing/run_tests.sh,testing/run_tests.sh
ShellScript,100-300,svend-cuetools,dab8521762a4ce83de115404dac8182d72982707,src/tools/cuetag.sh,src/tools/cuetag.sh
ShellScript,100-300,symengine-symengine,5962552d977bd754938cf1689f927c97a3bc2a0e,bin/install_deps.sh,bin/install_deps.sh
ShellScript,100-300,tecnickcom-TCPDF,9e5051e541425a79d526f6f6641ffc7355f2e510,tests/launch.sh,tests/launch.sh
ShellScript,100-300,timescale-timescaledb,e1a9812ada211eb38958547e1a00f4d33fefa974,scripts/test_updates.sh,scripts/test_updates.sh
ShellScript,100-300,todotxt-todo.txt-cli,31d87721506fcbc38347fe5b46391fec06df1e16,tests/t1800-del.sh,tests/t1800-del.sh
ShellScript,100-300,todotxt-todo.txt-cli,5d2727f4ec3bb5654ede97ab97617f0d6cef301b,tests/t1250-listpri.sh,tests/t1250-listpri.sh
ShellScript,100-300,transifex-cli,93721734e729b08838e1dd9faac8f5a63f359244,install.sh,install.sh
ShellScript,100-300,troglobit-uftpd,1b333af72034f17bdfedd99bf9e893635d8f42f0,test/lib.sh,test/lib.sh
ShellScript,100-300,uclouvain-openjpeg,4e3412d0a0777a12fddf0b469fd09771a2678bad,tools/travis-ci/abi-check.sh,tools/travis-ci/abi-check.sh
ShellScript,100-300,uclouvain-openjpeg,e2cf50f68a51f4bbe09c400d8bcfb522e9f2bef2,tools/travis-ci/abi-check.sh,tools/travis-ci/abi-check.sh
ShellScript,100-300,ueber-devel-ueberzug,3b2bcf009734f111c5a9fde7c855f183d62bb086,examples/mastodon.sh,examples/mastodon.sh
ShellScript,100-300,ueber-devel-ueberzug,e3ea6d651fe4ca3382a086df0447b82ddb067b7b,examples/fzfimg.sh,examples/fzfimg.sh
ShellScript,100-300,vdr-projects-vdradmin-am,b1946049bd5e38a3df3ae8b16c62d6ba91ee1637,install.sh,install.sh
ShellScript,100-300,vinceliuice-qogir-icon-theme,0b90905156cdc7079757403aeac7e18708a0ad8e,install.sh,install.sh
ShellScript,100-300,vmware-open-vm-tools,8d1d31386703643fe37e09b1012782670e2672a7,open-vm-tools/services/plugins/serviceDiscovery/get-versions.sh,open-vm-tools/services/plugins/serviceDiscovery/get-versions.sh
ShellScript,100-300,window-maker-wmaker,b179803c1191c7a624a516511fbd7eb25d97697d,script/check-cmdline-options-doc.sh,script/check-cmdline-options-doc.sh
ShellScript,100-300,x42-harvid,71b68daf3264be101cde2345edbe085ec1649748,x-pbuildstatic.sh,x-pbuildstatic.sh
ShellScript,100-300,x42-harvid,bb717fe7d81a113342abbfa00fecd26681c063e6,x-win-pbuild.sh,x-win-pbuild.sh
ShellScript,100-300,xiph-flac,6974998fd499d65d23e8d42a9c12b6ca04d2e10b,test/test_replaygain.sh,test/test_replaygain.sh
ShellScript,100-300,xxxserxxx-gotop,7f9a6caf7140b8c8dc69898f11b4deb6837d0b9a,vendor/golang.org/x/sys/unix/mkall.sh,vendor/golang.org/x/sys/unix/mkall.sh
ShellScript,100-300,yoctoproject-bmaptool,d63a10c2a7c5fb11278ac61b10c7b52d40ab0f46,make_a_release.sh,make_a_release.sh
ShellScript,100-300,yoctoproject-bmaptool,e0d46f9a5c0a05a7e648482f277ecca95d938180,make_a_release.sh,make_a_release.sh
ShellScript,100-300,zeromq-czmq,0da38361d3fc7d6ccca6b57fa78d8fb00b37d93f,bindings/jni/czmq-jni/android/build.sh,bindings/jni/czmq-jni/android/build.sh
ShellScript,100-300,zeromq-czmq,ca4675d2597554b96d6939118a01b522fc828a75,bindings/jni/czmq-jni/android/build.sh,bindings/jni/czmq-jni/android/build.sh
ShellScript,100-300,zevenet-nftlb,fe3cd0b6791c73bac5f38615a202d0021c95dd79,tests/api/api_tests.sh,tests/api/api_tests.sh
ShellScript,100-300,zevv-duc,cd698f4a5cabbd24b1a8dd6887930358407caf9f,test.sh,test.sh
ShellScript,100-300,zevv-duc,e97f4135a385268af324f6e3a1149bea33ba646d,test.sh,test.sh
ShellScript,100-300,zlin-wgetpaste,574ee6aa59157baa5a5da462415d7bd48c108554,test/test.sh,test/test.sh
ShellScript,100-300,zlin-wgetpaste,574ee6aa59157baa5a5da462415d7bd48c108554,test/test_ansi.sh,test/test_ansi.sh
ShellScript,1000-3000,OpenPrinting-cups,524749b0449b49d8967d4f777854259bf22b278a,test/run-stp-tests.sh,test/run-stp-tests.sh
ShellScript,1000-3000,OpenPrinting-cups-browsed,c04963edc5ca15f7c4d46165e9287a1d3f7d8af6,test/run-tests.sh,test/run-tests.sh
ShellScript,1000-3000,POV-Ray-povray,3cdbaee39ec87c2a06d530ee1ec313153227f384,unix/prebuild.sh,unix/prebuild.sh
ShellScript,1000-3000,alphapapa-ts.el,4d29a5d29b22b86524bfdba0c0a46bc75bc046c3,makem.sh,makem.sh
ShellScript,1000-3000,aureliojargas-txt2regex,5461203b1e262892f7bc8ec730523000642d90dd,txt2regex.sh,txt2regex.sh
ShellScript,1000-3000,aureliojargas-txt2regex,be3e0fac9c59be7b978936bfefc9802bae1430b8,txt2regex.sh,txt2regex.sh
ShellScript,1000-3000,boyter-scc,b3bf12dfa593eb6f1f482d50e829b77f42440ebc,test-all.sh,test-all.sh
ShellScript,1000-3000,boyter-scc,b7e69559b69ca473ec3b695a7c0e9d6b850608fc,test-all.sh,test-all.sh
ShellScript,1000-3000,boyter-scc,ee637a248216e7a3e39a6b1d5e2bcc1b618c1a14,test-all.sh,test-all.sh
ShellScript,1000-3000,containers-buildah,6716a3da069bcefe32eafeedf065ef476423c356,tests/helpers.bash,tests/helpers.bash
ShellScript,1000-3000,cosmos72-fstransform,760f0b3ff50a21ab26ca63e79652c9d552d50889,fstransform/fstransform.sh,fstransform/fstransform.sh
ShellScript,1000-3000,direnv-direnv,230a30e043217e0bcb07fc779009c9ba5a95adf8,stdlib.sh,stdlib.sh
ShellScript,1000-3000,docker-docker-bench-security,0ae544dd034f64e618b39dcfac84480f853a034d,tests/5_container_runtime.sh,tests/5_container_runtime.sh
ShellScript,1000-3000,docker-docker-bench-security,0d5874877bdd72b495486a22447ba8437bfca39c,tests/5_container_runtime.sh,tests/5_container_runtime.sh
ShellScript,1000-3000,docker-docker-bench-security,0dc2d2b1e6e32112d061a075da7610082678e63f,tests/5_container_runtime.sh,tests/5_container_runtime.sh
ShellScript,1000-3000,docker-docker-bench-security,98acc66436c9ff7c14bcb72c11a6414a1dba21d6,tests/5_container_runtime.sh,tests/5_container_runtime.sh
ShellScript,1000-3000,docker-docker-bench-security,bd05445528f2db91f17bcd75d0b841d42b54f222,tests/5_container_runtime.sh,tests/5_container_runtime.sh
ShellScript,1000-3000,docker-docker-bench-security,d0443cc817cf17452f41510954e450a320b59c6a,tests/5_container_runtime.sh,tests/5_container_runtime.sh
ShellScript,1000-3000,docker-docker-bench-security,e680ab2465be8f8381fedb0b7dac2c6eef6334a2,tests/5_container_runtime.sh,tests/5_container_runtime.sh
ShellScript,1000-3000,dracutdevs-dracut,0b81e8eb67c80500e529ff2f845c10719b2afd87,dracut.sh,dracut.sh
ShellScript,1000-3000,dracutdevs-dracut,6c80408c8644a0add1907b0593eb83f90d6247b1,dracut.sh,dracut.sh
ShellScript,1000-3000,dracutdevs-dracut,6c9f403f1c219b8e2ff62011bfcc1b5e254b411a,dracut-init.sh,dracut-init.sh
ShellScript,1000-3000,dracutdevs-dracut,ddf6323145d50d33a897687474c73770328bf757,dracut-functions.sh,dracut-functions.sh
ShellScript,1000-3000,firehol-firehol,8e3735fc2a6592caea0bd32ee676a61ccb9d0cc7,contrib/dnsbl-ipset.sh,contrib/dnsbl-ipset.sh
ShellScript,1000-3000,freebsd-kyua,b4962fcef306bc7788e0bf292f7ac1a5e0327ffc,integration/cmd_test_test.sh,integration/cmd_test_test.sh
ShellScript,1000-3000,freebsd-kyua,f7ac5e0f3fa806cb417277f63e738a9e862c64b0,integration/cmd_test_test.sh,integration/cmd_test_test.sh
ShellScript,1000-3000,gtk-gnutella-gtk-gnutella,99bbac808aca0e6e2cd30b6405c8b51ed3f833e1,config_h.SH,config_h.SH
ShellScript,1000-3000,hackerschoice-gsocket,4d14d688a858747e7da3b43aafeeab207ed76fba,deploy/deploy.sh,deploy/deploy.sh
ShellScript,1000-3000,hackerschoice-gsocket,8d5fc5e22ac13c958deaa4ca2afe8e8ea602e048,deploy/deploy.sh,deploy/deploy.sh
ShellScript,1000-3000,hackerschoice-gsocket,b7e8c79454063e5236c897c5002e94d662dde7ce,deploy/deploy.sh,deploy/deploy.sh
ShellScript,1000-3000,hackerschoice-gsocket,da0bc372c7c540bba5d2195ca1c476d7f1f002c4,deploy/deploy.sh,deploy/deploy.sh
ShellScript,1000-3000,hesperos-napi,7da9ad2c8fa265e01f2c1345cac497f37f801c77,tests/unit_tests/libnapi_subotage_test.sh,tests/unit_tests/libnapi_subotage_test.sh
ShellScript,1000-3000,hgst-libzbc,2a5acc451a9d89685c0f6fc28e62194de6316886,test/scripts/zbc_test_lib.sh,test/scripts/zbc_test_lib.sh
ShellScript,1000-3000,icecc-icecream,97e3e73baaf6b5b5e17dccd47c89c2fe8cf4d18a,tests/test.sh,tests/test.sh
ShellScript,1000-3000,ksh93-ksh,ac653c6456f6c364e28b38949f777c2dd4cf184a,src/cmd/ksh93/tests/basic.sh,src/cmd/ksh93/tests/basic.sh
ShellScript,1000-3000,kubernetes-kubernetes,46a9dfe3619dc8ca3118c05ba5f5811cf568a413,cluster/gce/gci/configure.sh,cluster/gce/gci/configure.sh
ShellScript,1000-3000,kubernetes-kubernetes,9f8eca15667dad7d32acac621e570c235e7688d0,hack/lib/golang.sh,hack/lib/golang.sh
ShellScript,1000-3000,kubernetes-kubernetes.git,7ed65b466d796160afe57e02e99ad07df47c33ca,hack/update-codegen.sh,hack/update-codegen.sh
ShellScript,1000-3000,kubernetes-kubernetes.git,feeeb4aa19f488ef4dd34724c67f7412d3228c91,hack/lib/golang.sh,hack/lib/golang.sh
ShellScript,1000-3000,libretro-libretro-super,f25e0bd5565f441c369d9bbdac9b13fa7d584628,rules.d/core-rules.sh,rules.d/core-rules.sh
ShellScript,1000-3000,linbox-team-linbox,2c49fb37477c50410ef8317434a1c86274581f1e,linbox-auto-install.sh,linbox-auto-install.sh
ShellScript,1000-3000,linbox-team-linbox,a0c666b345fead16116ba13430609b02819d277e,linbox-auto-install.sh,linbox-auto-install.sh
ShellScript,1000-3000,lvc-pkgdiff,7a06331007747cd37f8af4848e1ae5ae080336ae,modules/Internals/Tools/rfcdiff-1.41-ROSA.sh,modules/Internals/Tools/rfcdiff-1.41-ROSA.sh
ShellScript,1000-3000,mackyle-topgit,801554a6aa8677aea1b77ce2881c636ea2b0e95c,tg-update.sh,tg-update.sh
ShellScript,1000-3000,netdata-netdata,d641a3bdd39e4a1b852a791cfa7385ef281e8b30,packaging/installer/kickstart.sh,packaging/installer/kickstart.sh
ShellScript,1000-3000,newren-git-filter-repo,5cfd52f02514ce967bb79e15407ad7a9c598da0d,t/t9390-filter-repo.sh,t/t9390-filter-repo.sh
ShellScript,1000-3000,newren-git-filter-repo,85d0e9916674587c597d0083e821841ab4a9b33e,t/t9390-filter-repo.sh,t/t9390-filter-repo.sh
ShellScript,1000-3000,newren-git-filter-repo,aa1fbde384bd0bc2bfb7bf8ba10d610e4d9c5a87,t/t9390-filter-repo.sh,t/t9390-filter-repo.sh
ShellScript,1000-3000,newren-git-filter-repo,c1d8461ee34c6d3f987e0f19191f2105cb2a33c8,t/t9394-filter-repo-sanity-checks-and-bigger-repo-setup.sh,t/t9394-filter-repo-sanity-checks-and-bigger-repo-setup.sh
ShellScript,1000-3000,newren-git-filter-repo,e1b7c3d1eae4b8e724ad81b584d20fffe78dd092,t/t9390-filter-repo.sh,t/t9390-filter-repo.sh
ShellScript,1000-3000,newren-git-filter-repo,ec9b472183a86d845bf4e9400ef7c8a6370d22cb,t/t9390-filter-repo.sh,t/t9390-filter-repo.sh
ShellScript,1000-3000,pi-hole-pi-hole.git,0ae50eab879b3f6c5cfb50c28c47cd8881929c69,advanced/Scripts/piholeDebug.sh,advanced/Scripts/piholeDebug.sh
ShellScript,1000-3000,pi-hole-pi-hole.git,13848f2da1b6bde5603d182767bcbfc0345d17d1,automated install/basic-install.sh,automated install/basic-install.sh
ShellScript,1000-3000,pi-hole-pi-hole.git,13d76abff7212965da856bfcf042675a9a0ee5ab,gravity.sh,gravity.sh
ShellScript,1000-3000,pi-hole-pi-hole.git,189da82614a4d9e3a25e526541fa5719f7047bd5,gravity.sh,gravity.sh
ShellScript,1000-3000,pi-hole-pi-hole.git,1c4a48258fd60edff32c719a353c88c505494c9d,gravity.sh,gravity.sh
ShellScript,1000-3000,pi-hole-pi-hole.git,2088601148b0ab1180892f4cab7269eb619a4173,gravity.sh,gravity.sh
ShellScript,1000-3000,pi-hole-pi-hole.git,254b67bca3cfc9ca97e05c674fed1f1bf8482cc9,advanced/Scripts/piholeDebug.sh,advanced/Scripts/piholeDebug.sh
ShellScript,1000-3000,pi-hole-pi-hole.git,27fb2bbe3a4bd0c13ae841f6f901b529434a37dd,advanced/Scripts/piholeDebug.sh,advanced/Scripts/piholeDebug.sh
ShellScript,1000-3000,pi-hole-pi-hole.git,2a0f72015364979fb1955e02bdb27ed13a62efe4,gravity.sh,gravity.sh
ShellScript,1000-3000,pi-hole-pi-hole.git,2dc5bd15cc1f70ae1fad9b2a0b1be879436f1c33,gravity.sh,gravity.sh
ShellScript,1000-3000,pi-hole-pi-hole.git,340ffbe5e8bde3b94b18870db7de542db8493a02,automated install/basic-install.sh,automated install/basic-install.sh
ShellScript,1000-3000,pi-hole-pi-hole.git,3a35e589f2ead2aa85c146c17f7246401248b602,automated install/basic-install.sh,automated install/basic-install.sh
ShellScript,1000-3000,pi-hole-pi-hole.git,3a592471c69ddfbe68867bc3045b31a1dbc0d6a1,gravity.sh,gravity.sh
ShellScript,1000-3000,pi-hole-pi-hole.git,3bd6a41795430f63c2c08262960c6d6f50fe73e9,gravity.sh,gravity.sh
ShellScript,1000-3000,pi-hole-pi-hole.git,3cb6ea503a1b8f17c077041a37976ebc05cc0e5d,gravity.sh,gravity.sh
ShellScript,1000-3000,pi-hole-pi-hole.git,3f7413d538dae3524b0a5d627668aecd60bcd815,advanced/Scripts/piholeDebug.sh,advanced/Scripts/piholeDebug.sh
ShellScript,1000-3000,pi-hole-pi-hole.git,40da3a40ec649cc8d0c0edb614755eb1a60c2a00,automated install/basic-install.sh,automated install/basic-install.sh
ShellScript,1000-3000,pi-hole-pi-hole.git,4a1bcda6f1b0a7f7e56221ad3ac27b7f509e20a0,gravity.sh,gravity.sh
ShellScript,1000-3000,pi-hole-pi-hole.git,4bf67a3c7923baf112a030a8ae1097ef86c117c5,advanced/Scripts/piholeDebug.sh,advanced/Scripts/piholeDebug.sh
ShellScript,1000-3000,pi-hole-pi-hole.git,4fd0f15d903472e2e56ee3604a16d48d982ab01b,automated install/basic-install.sh,automated install/basic-install.sh
ShellScript,1000-3000,pi-hole-pi-hole.git,5002ce8ba76b0e5b9dc04412c63e14b3e429113e,automated install/basic-install.sh,automated install/basic-install.sh
ShellScript,1000-3000,pi-hole-pi-hole.git,5777497f52c3c87da870e9282bf21e30ffcf5133,automated install/basic-install.sh,automated install/basic-install.sh
ShellScript,1000-3000,pi-hole-pi-hole.git,59ccfd6d139275d8198826937eb0bab47982972d,automated install/basic-install.sh,automated install/basic-install.sh
ShellScript,1000-3000,pi-hole-pi-hole.git,59d21772710b200cb38b5051cfe73423dfa789f1,gravity.sh,gravity.sh
ShellScript,1000-3000,pi-hole-pi-hole.git,59e9bac79482e9d1a54ec4b654372a305ef8e079,gravity.sh,gravity.sh
ShellScript,1000-3000,pi-hole-pi-hole.git,5f1e4680f7e07a2a721367d2c8daf21b25af5e4e,automated install/basic-install.sh,automated install/basic-install.sh
ShellScript,1000-3000,pi-hole-pi-hole.git,66bfa606a7d2b3abb5ddffb673e23db6d5028985,gravity.sh,gravity.sh
ShellScript,1000-3000,pi-hole-pi-hole.git,6e905a7f80d2bcfb0f39095536a47b6b9a368bc2,automated install/basic-install.sh,automated install/basic-install.sh
ShellScript,1000-3000,pi-hole-pi-hole.git,6ff30f729479d6a81afa9361088a5cd283c3773a,gravity.sh,gravity.sh
ShellScript,1000-3000,pi-hole-pi-hole.git,71e262c37f5582d54e5c7d9f05b4f61533ca81a6,gravity.sh,gravity.sh
ShellScript,1000-3000,pi-hole-pi-hole.git,72a52807d1ab42ced45bdf893376cdadee9611c4,gravity.sh,gravity.sh
ShellScript,1000-3000,pi-hole-pi-hole.git,74e52675f187e750bf200fdbd24f511714b2c590,automated install/basic-install.sh,automated install/basic-install.sh
ShellScript,1000-3000,pi-hole-pi-hole.git,8e706e4a162a85662b15b02a9015754a97b663e2,automated install/basic-install.sh,automated install/basic-install.sh
ShellScript,1000-3000,pi-hole-pi-hole.git,8f5296536e682ec169e11e4cb361cd60d39f74b4,automated install/basic-install.sh,automated install/basic-install.sh
ShellScript,1000-3000,pi-hole-pi-hole.git,8faa28d8a01cc5e8b67058502af25ba53a3bfa0f,automated install/basic-install.sh,automated install/basic-install.sh
ShellScript,1000-3000,pi-hole-pi-hole.git,96437dc913e12e531d5d1fedab380e6871c7fd75,automated install/basic-install.sh,automated install/basic-install.sh
ShellScript,1000-3000,pi-hole-pi-hole.git,9bde5de601197a477f3c195571585cf1cdcc3501,advanced/Scripts/piholeDebug.sh,advanced/Scripts/piholeDebug.sh
ShellScript,1000-3000,pi-hole-pi-hole.git,9c4e74ffa7ec1425820c22f0eca463277bfbea7f,gravity.sh,gravity.sh
ShellScript,1000-3000,pi-hole-pi-hole.git,9e258e70058fa86c947ee53e30c934d66547c224,gravity.sh,gravity.sh
ShellScript,1000-3000,pi-hole-pi-hole.git,9faef22061e1815f01bdabe0721dacd9e56fb5bc,gravity.sh,gravity.sh
ShellScript,1000-3000,pi-hole-pi-hole.git,a48665c7bba428e3e204c9f1bed5d2b8c244336c,gravity.sh,gravity.sh
ShellScript,1000-3000,pi-hole-pi-hole.git,a4bdf2454bf6b8676fc199db7d81a699536c9b8b,gravity.sh,gravity.sh
ShellScript,1000-3000,pi-hole-pi-hole.git,a9650ae28736aedd62680f4f705525021185d519,gravity.sh,gravity.sh
ShellScript,1000-3000,pi-hole-pi-hole.git,afa688e3a0e565e797804051bd74888712484ec4,advanced/Scripts/piholeDebug.sh,advanced/Scripts/piholeDebug.sh
ShellScript,1000-3000,pi-hole-pi-hole.git,b2ad878f4ac6742ac018161f9f05077c6dd8cd1d,gravity.sh,gravity.sh
ShellScript,1000-3000,pi-hole-pi-hole.git,be0efa233293f82e524a918dafdbeefa69477b4d,advanced/Scripts/piholeDebug.sh,advanced/Scripts/piholeDebug.sh
ShellScript,1000-3000,pi-hole-pi-hole.git,bfc263ac964570a8b1811f536cd4d32247cc395d,gravity.sh,gravity.sh
ShellScript,1000-3000,pi-hole-pi-hole.git,c6342ed84c6b433019fb3277df662e0c02c22381,automated install/basic-install.sh,automated install/basic-install.sh
ShellScript,1000-3000,pi-hole-pi-hole.git,c96463bda20ca261286c7b4e7dc2a5dbc1103723,automated install/basic-install.sh,automated install/basic-install.sh
ShellScript,1000-3000,pi-hole-pi-hole.git,ca1bab3c1b012533844a8c5c3586886e131bf716,advanced/Scripts/piholeDebug.sh,advanced/Scripts/piholeDebug.sh
ShellScript,1000-3000,pi-hole-pi-hole.git,cd7e5abe25a76c4c7e854fd7e85f133fd9586006,automated install/basic-install.sh,automated install/basic-install.sh
ShellScript,1000-3000,pi-hole-pi-hole.git,d10d59303e48703cb167164b246b1deead4db984,gravity.sh,gravity.sh
ShellScript,1000-3000,pi-hole-pi-hole.git,f6d477f228e530c28748c39da51997c8a28162e6,automated install/basic-install.sh,automated install/basic-install.sh
ShellScript,1000-3000,pi-hole-pi-hole.git,f98b9520e4508b05ebfbff52fdf4e81f892d33bb,automated install/basic-install.sh,automated install/basic-install.sh
ShellScript,1000-3000,rear-rear,4f90866e7e6ee7aa8597750e1fc4aae6c7d6272d,usr/share/rear/lib/layout-functions.sh,usr/share/rear/lib/layout-functions.sh
ShellScript,1000-3000,rear-rear,91f7b06a41205d7ea4560ba10e77f868028d8353,usr/share/rear/lib/global-functions.sh,usr/share/rear/lib/global-functions.sh
ShellScript,1000-3000,rear-rear,9b262a440ecb736ebcb3b65b9b964c5ae469d3df,usr/share/rear/lib/global-functions.sh,usr/share/rear/lib/global-functions.sh
ShellScript,1000-3000,rear-rear,b4d506021d694428391d028905116e956ff62c52,usr/share/rear/lib/global-functions.sh,usr/share/rear/lib/global-functions.sh
ShellScript,1000-3000,rtomayko-git-sh,20eb6f25f79572a4b6b2b1813b5bfe74377add74,git-completion.bash,git-completion.bash
ShellScript,1000-3000,rtomayko-git-sh,ca975034e222557fa032f7f66bf4933fdeb21dd0,git-completion.bash,git-completion.bash
ShellScript,1000-3000,sukria-Backup-Manager,2e043774d6d672f2d60c20a13ed48099c1053862,lib/backup-methods.sh,lib/backup-methods.sh
ShellScript,1000-3000,sukria-Backup-Manager,30676f3fd728a2caa29583a66f3ccc2f3c8474b4,lib/backup-methods.sh,lib/backup-methods.sh
ShellScript,1000-3000,sukria-Backup-Manager,450137a7f9e072f3a607e933552f24b4d9daa450,lib/backup-methods.sh,lib/backup-methods.sh
ShellScript,1000-3000,sukria-Backup-Manager,80ee0375c7544c5098c67a693c11fbbe9f0d98cd,lib/backup-methods.sh,lib/backup-methods.sh
ShellScript,1000-3000,sukria-Backup-Manager,f8866adb298dc7e10dad7a6564006e1386836f01,lib/backup-methods.sh,lib/backup-methods.sh
ShellScript,1000-3000,sukria-Backup-Manager,fd345d0f9229c74c126cb71aef0ac48eaf33562c,lib/backup-methods.sh,lib/backup-methods.sh
ShellScript,1000-3000,todotxt-todo.txt-cli,07821f9cff6a37eddca05a66bb69d8f289c547f1,todo.sh,todo.sh
ShellScript,1000-3000,todotxt-todo.txt-cli,15befbb8f8a0633a7f7639b554dab0c2ee140702,todo.sh,todo.sh
ShellScript,1000-3000,todotxt-todo.txt-cli,353db498141544acce1566ff316bcfc1957093eb,todo.sh,todo.sh
ShellScript,1000-3000,todotxt-todo.txt-cli,60248b7abb628d65ccebbacdeff1bfd8f860d58a,todo.sh,todo.sh
ShellScript,1000-3000,todotxt-todo.txt-cli,7c92f46c25e631a8c2dad3a55f8c0dfa5657dafe,todo.sh,todo.sh
ShellScript,1000-3000,todotxt-todo.txt-cli,8d8ef812a2082ff26777d061f6c0fe9c43037d6a,todo.sh,todo.sh
ShellScript,1000-3000,todotxt-todo.txt-cli,aef7d8b9e580b13d58e39a37f139803f207c464f,todo.sh,todo.sh
ShellScript,1000-3000,todotxt-todo.txt-cli,bc81db2f2b967e04bdb634cb09692844a8a0e2fd,todo.sh,todo.sh
ShellScript,1000-3000,todotxt-todo.txt-cli,c9583196a9a4ad6a0fd35d4800dfddf5c96695ed,todo.sh,todo.sh
ShellScript,1000-3000,todotxt-todo.txt-cli,ca444e40009efc28f50c9a9002e07c4cc1668955,todo.sh,todo.sh
ShellScript,1000-3000,todotxt-todo.txt-cli,ce365df67ce84cd23abfd214238168b5041036c8,todo.sh,todo.sh
ShellScript,1000-3000,todotxt-todo.txt-cli,e15ad8248f73832660d4093088eef7092cc18489,todo.sh,todo.sh
ShellScript,1000-3000,todotxt-todo.txt-cli,ec9613e19ed400fffe7913d96ea8a9dda9e33406,todo.sh,todo.sh
ShellScript,1000-3000,todotxt-todo.txt-cli,ef419f3594c79f329f7f156ade9a2a767a58ee62,todo.sh,todo.sh
ShellScript,1000-3000,xiph-flac,6974998fd499d65d23e8d42a9c12b6ca04d2e10b,test/test_flac.sh,test/test_flac.sh
ShellScript,1000-3000,yuru7-Firge,294e30eaaade02dc4762506b6ad40294607a9ce6,hackgen_generator.sh,hackgen_generator.sh
ShellScript,1000-3000,yuru7-Firge,52c57fe6a9e0504aaad063cc2cb23b68881a0884,firge_generator.sh,firge_generator.sh
ShellScript,1000-3000,yuru7-Firge,fe5791ece8a8263110f8f95f722ddb38dec760d5,hackgen_generator.sh,hackgen_generator.sh
ShellScript,1000-3000,yuru7-HackGen,2e9d9f3a058fd50647340349e191e006a1510316,hackgen_generator.sh,hackgen_generator.sh
ShellScript,1000-3000,yuru7-HackGen,3a949a9a7b016e1c9fdfa355e4f137264c400513,hackgen_generator.sh,hackgen_generator.sh
ShellScript,1000-3000,yuru7-HackGen,6960f16d830ef1b76ccf8d99ed871a6241c28e7d,hackgen_generator.sh,hackgen_generator.sh
ShellScript,1000-3000,yuru7-HackGen,74aeee308b705b0d30b2715baffead0c0f5428a8,hackgen_generator.sh,hackgen_generator.sh
ShellScript,1000-3000,yuru7-HackGen,832492c96e11b714a9519452ea2e341748ddafcb,hackgen_generator.sh,hackgen_generator.sh
ShellScript,1000-3000,yuru7-HackGen,c1f3223c1da42c3352e03511e03556be4d23a874,hackgen_generator.sh,hackgen_generator.sh
ShellScript,1000-3000,zbm-dev-zfsbootmenu,29e07439551f342891ee6023fa305b2d111391ee,zfsbootmenu/lib/zfsbootmenu-core.sh,zfsbootmenu/lib/zfsbootmenu-core.sh
ShellScript,30-100,3MFConsortium-lib3mf,0e895e0acc3df486c6fd8ddb4601713edcfc88d9,SDK/GenerateSDK_github.sh,SDK/GenerateSDK_github.sh
ShellScript,30-100,3MFConsortium-lib3mf,9e0694a01b796b7b1e4b7e642ab0b208e6a14ccd,SDK/GenerateSDK_github.sh,SDK/GenerateSDK_github.sh
ShellScript,30-100,AdaCore-lal-refactor,f44b85a5286e667d705cc25eeed6475753ef4c63,testsuite/tests/delete_entity/base/test.sh,testsuite/tests/delete_entity/base/test.sh
ShellScript,30-100,AlexandreRouma-SDRPlusPlus,51ae5628b3611a8ab38fbe06cd9c8315683dfc4b,docker_builds/debian_sid/do_build.sh,docker_builds/debian_sid/do_build.sh
ShellScript,30-100,AlexandreRouma-SDRPlusPlus,8b8eda301bd525e3beeee4c0e0ef6aa17b50fc67,docker_builds/debian_trixie/do_build.sh,docker_builds/debian_buster/do_build.sh
ShellScript,30-100,Caltech-IPAC-Montage,8a5c4c62397d6eceab5ed4f2d3ae3f6ef1165853,python/MontagePy/linux_wheels/make.sh,python/MontagePy/linux_wheels/make.sh
ShellScript,30-100,Caltech-IPAC-Montage,c9be552bf79e717988ddf4905dc19ab7a13a6392,python/MontagePy/macos_wheels/run_arm64.sh,python/MontagePy/macos_wheels/run.sh
ShellScript,30-100,Dobiasd-FunctionalPlus,c4476cf764a81a79661066850b32535b7a4d6bc5,script/ci.sh,script/ci.sh
ShellScript,30-100,GrokImageCompression-grok,9ae5e4ba45d0eefda7ab8da5aea646231102fbe8,src/lib/core/highway/run_tests.sh,src/lib/core/highway/run_tests.sh
ShellScript,30-100,JelteF-PyLaTeX,9dee695c88857b4894ec110765a4b3c7f84ca853,release.sh,release.sh
ShellScript,30-100,JonathanSalwan-ROPgadget,5e0bf3c1ee0f7ab2a1f6bd2cbffe2ea83a24d0ce,test-suite-binaries/test.sh,test-suite-binaries/test.sh
ShellScript,30-100,KhronosGroup-KTX-Software,422f501ea2da8628267645b5e6a0794119668d43,external/basis_universal/contrib/single_file_transcoder/create_transcoder.sh,external/basis_universal/contrib/single_file_transcoder/create_transcoder.sh
ShellScript,30-100,LibtraceTeam-libtrace,def8c08b7958c61dd5ad84ea17278c7f0e3869e5,rpmpkg-setup.sh,rpmpkg-setup.sh
ShellScript,30-100,LibtraceTeam-wandio,0e292998afa4417395dfb62bed5f44c3d8dc9a0a,rpmpkg-setup.sh,rpmpkg-setup.sh
ShellScript,30-100,LibtraceTeam-wandio,8539143bcfe9ee46844d272483ac55a9b2617c27,rpmpkg-setup.sh,rpmpkg-setup.sh
ShellScript,30-100,LibtraceTeam-wandio,8a84f2f01a03a5606a94cd7de90280cc4b175689,run-tests-rpm.sh,run-tests-rpm.sh
ShellScript,30-100,LibtraceTeam-wandio,f8510a29bd46ab49b65bac9b61f657c1c86585fe,bintray-upload.sh,bintray-upload.sh
ShellScript,30-100,Mbed-TLS-mbedtls,a2cba40df64847f68fe9276734dba3220df7d7bc,scripts/prepare_release.sh,scripts/prepare_release.sh
ShellScript,30-100,MoneroOcean-xmrig,29f9c8cf4c0e384efab394a78864e2faa0f1e19d,scripts/randomx_boost.sh,scripts/randomx_boost.sh
ShellScript,30-100,NICMx-Jool,082f83dd788503e77e9d828603776d03f9530ba2,test/graybox/test-suite/wait.sh,test/graybox/test-suite/wait.sh
ShellScript,30-100,OmniSharp-omnisharp-roslyn,2049b8c8c38960a3e71d15dee606e0c5a9e44bd6,scripts/cake-bootstrap.sh,scripts/cake-bootstrap.sh
ShellScript,30-100,PancakeTAS-lsfg-vk,4260f29bc640ff30d30d2a1d540c02e8a3eebe4e,scripts/package/package.sh,scripts/package/package.sh
ShellScript,30-100,ProtonMail-proton-bridge,7bc7a5e7b3653f5c609a12c3e0e8818a90cc1bc0,utils/govulncheck.sh,utils/govulncheck.sh
ShellScript,30-100,ROCm-Tensile,81b6a9eb66dee5e8b774c2185a4aa877c8e52b72,Tensile/Source/multigpu.sh,Tensile/Source/multigpu.sh
ShellScript,30-100,ROCm-Tensile,81b6a9eb66dee5e8b774c2185a4aa877c8e52b72,tuning_docs/build.sh,tuning_docs/build.sh
ShellScript,30-100,a13xp0p0v-kernel-hardening-checker,6b73f7c4eb8070cb277705df7641c30ec918f992,kernel_hardening_checker/config_files/distros/get_kconfigs.sh,kernel_hardening_checker/config_files/distros/get_kconfigs.sh
ShellScript,30-100,airdcpp-web-airdcpp-webclient,ae47a692e7ed66f40a422a9ea3509597126c7a2e,buildroot/setup-buildroot.sh,buildroot/setup-buildroot.sh
ShellScript,30-100,akopytov-sysbench,cf310c37c21738f8d8f091e68258d4d1ae6d7d47,tests/include/pgsql_common.sh,tests/include/pgsql_common.sh
ShellScript,30-100,archlinux-arch-install-scripts,ee9db7d580f59d868b4fdb1ef739e8a3d66a5541,completion/pacstrap.bash,completion/pacstrap.bash
ShellScript,30-100,archlinux-arch-install-scripts,ef83a837fdd375c5dd6be359d81cae3fc27f0284,completion/pacstrap.bash,completion/pacstrap.bash
ShellScript,30-100,bitcoin-bitcoin,fa0fee44a89c82750a39e9d54bb5a6fc72b77fce,ci/test/02_run_container.sh,ci/test/02_run_container.sh
ShellScript,30-100,browsh-org-browsh,277ede9a606e49373d073f2d007fa7b069be96c9,scripts/docker.bash,scripts/docker.bash
ShellScript,30-100,cathugger-mkp224o,fb5320a5374674a01ab904c1d018a77f3599ced8,contrib/release-scripts/release.sh,contrib/release-scripts/release.sh
ShellScript,30-100,cc65-cc65,a4a24280f26ddb3e319678db7a531320df7125fe,.github/checks/sorted_opcodes.sh,.github/checks/sorted_opcodes.sh
ShellScript,30-100,containerd-containerd,8e6c93b6b057230915b449349836bf198f8ebcfe,script/critest.sh,script/critest.sh
ShellScript,30-100,dangass-plum,35d4494a63cc6e8ef3aae20c20abe2e1f028b546,run_everything.sh,run_everything.sh
ShellScript,30-100,dankamongmen-notcurses,3203f802f8417035c666c04cb7fe11b164ea25df,tools/release.sh,tools/release.sh
ShellScript,30-100,docker-docker-bench-security,d0443cc817cf17452f41510954e450a320b59c6a,tests/99_community_checks.sh,tests/99_community_checks.sh
ShellScript,30-100,dolphin-emu-dolphin,4a520c62a0673d3d4f5dee97b8b8abf8094440e8,Languages/update-source-strings.sh,Languages/update-source-strings.sh
ShellScript,30-100,dracutdevs-dracut,9a18f1335fcab1eb84fedc45e450851d093335aa,test/TEST-50-MULTINIC/server-init.sh,test/TEST-50-MULTINIC/server-init.sh
ShellScript,30-100,dracutdevs-dracut,c0321c90fabb37145db67751c948a58afc123d75,test/TEST-02-SYSTEMD/test.sh,test/TEST-02-SYSTEMD/test.sh
ShellScript,30-100,dromozoa-dromozoa-utf8,cc570b85b1b63232a040d7ca50c0a1620118cb5b,test.sh,test.sh
ShellScript,30-100,dswd-vpncloud,c7c1ebc11b5e68c534efdb88efc83683275c9562,.github/actions/build-static/entrypoint.sh,.github/actions/build-static/entrypoint.sh
ShellScript,30-100,dvorka-hstr,b6b27657d98cdc4d0a539df4f64c04bab97ae599,build/test-memleaks.sh,build/test-memleaks.sh
ShellScript,30-100,edisionnano-QDiskInfo,b66594788421bf7d351de596d09f1f5296bbb271,qdiskinfo-appimage.sh,qdiskinfo-appimage.sh
ShellScript,30-100,emacsmirror-pov-mode,8c5802f42f361e34d332efa4b6fdad94a615b748,setup.sh,setup.sh
ShellScript,30-100,erlang-otp,a87183f1eb847119b6ecc83054bf13c26b8ccfaa,.github/scripts/c-code-path-filters.sh,.github/scripts/c-code-path-filters.sh
ShellScript,30-100,exfatprogs-exfatprogs,4f8f75015507cee9b09df53cfab033b3d22c2678,tests/test_fsck.sh,tests/test_fsck.sh
ShellScript,30-100,facebook-bpfilter,6917b217d14bbba4235334eda48dd26fac6fcc6c,tests/e2e/matchers/meta_dport.sh,tests/e2e/matchers/meta_dport.sh
ShellScript,30-100,freebsd-kyua,39144ebeea537ab4646c11bcf6347685e5509a01,admin/make-release.sh,admin/make-release.sh
ShellScript,30-100,freebsd-kyua,9ebd89aa704929f77a2c5f8cdd9a9e1f71508ad3,admin/travis-build.sh,admin/travis-build.sh
ShellScript,30-100,freebsd-kyua,abe209b58ba7f49d190ec809be99676430b5d5ec,admin/travis-build.sh,admin/travis-build.sh
ShellScript,30-100,gentoo-pram,096e89a56d12bb468f91e9264042fbbf60e68f58,test/02closes-number.sh,test/02closes-number.sh
ShellScript,30-100,genuinetools-img,2e8ff3a3c55b6e0ca48cf1cd2dc8d308561755ac,contrib/e2e-dockerfiles-build-test.sh,contrib/e2e-dockerfiles-build-test.sh
ShellScript,30-100,huertatipografica-Alegreya,3525abd8a96094591f31471bae74b82df17c3caa,sources/build.sh,sources/build.sh
ShellScript,30-100,igbinary-igbinary,5e7bcd2b9e6d0cd571203cc4405e27ed57611f42,ci/install_php_custom.sh,ci/install_php_custom.sh
ShellScript,30-100,igbinary-igbinary,aa44f33e3a523ca39a25a3067f7486190356c486,ci/test_dockerized.sh,ci/test_dockerized.sh
ShellScript,30-100,izzy-Adebar,5c92fd6f5a1119d63bd2de13039f94cd05332d75,tools/root_appbackup.sh,tools/root_appbackup.sh
ShellScript,30-100,jnr-jffi,11ccd12b526d0b0df490456b7d235850ec43b0e1,.github/build-native-debian.sh,.github/build-native-debian.sh
ShellScript,30-100,jnr-jffi,44d9a5f1ee76ff5ad115146c4f38a170b1dd96f9,.github/build-native-debian.sh,.github/build-native-debian.sh
ShellScript,30-100,john30-ebusd,5c61f472f21997fa1c36ecd2990dad7ce01e4bc1,contrib/docker/update.sh,contrib/docker/update.sh
ShellScript,30-100,jreybert-vimagit,16d9775df9392d0b6824783cdb2b8150abe85b1f,test/run.sh,test/run.sh
ShellScript,30-100,kaltura-nginx-vod-module,f37529d634e532837bea491741b5973b37d3ef58,ci_build.sh,ci_build.sh
ShellScript,30-100,kdave-btrfsmaintenance,0f44b6d28412d34bef79552fe58fc3c93ae8efd5,btrfs-trim.sh,btrfs-trim.sh
ShellScript,30-100,kdave-btrfsmaintenance,2c7cb395e2bcff8cd71b5562538f77da768d1eac,btrfs-defrag.sh,btrfs-defrag.sh
ShellScript,30-100,kmatheussen-jack_capture,b30517740ca66ba49e87fdfbbb277269796d7624,gen_setformat_c.sh,gen_setformat_c.sh
ShellScript,30-100,kubernetes-kubernetes,a291714883c2068a4d9489291a555e521f385916,staging/src/k8s.io/sample-apiserver/hack/update-codegen.sh,staging/src/k8s.io/sample-apiserver/hack/update-codegen.sh
ShellScript,30-100,kubevirt-kubevirt,6e965848ce3d89115e6b293d77856032b20c4604,hack/config-default.sh,hack/config-default.sh
ShellScript,30-100,kubevirt-kubevirt,75c1d6dc81701b8d630c0f68c93e0700595718b2,hack/config-default.sh,hack/config-default.sh
ShellScript,30-100,kubevirt-kubevirt,999b8ba7da844de49d544321a40acab8bdded10e,hack/bazel-test.sh,hack/bazel-test.sh
ShellScript,30-100,kubevirt-kubevirt,ad3588cf9f8b2d9e8be6285f2564c3982be33b93,hack/bazel-build-images.sh,hack/bazel-build-images.sh
ShellScript,30-100,kubevirt-kubevirt,e0c37ad2f38191e431d6d1b92189a36ef00c64c0,kubevirtci/cluster-up/hack/common.sh,kubevirtci/cluster-up/hack/common.sh
ShellScript,30-100,kubevirt-kubevirt,e3e123a6be482386f156856f11e56479694d2923,kubevirtci/cluster-up/hack/common.sh,kubevirtci/cluster-up/hack/common.sh
ShellScript,30-100,kubevirt-kubevirt,e9098760e65e0d013d9f478f5c2ad5d39936158f,hack/config-default.sh,hack/config-default.sh
ShellScript,30-100,kupferlauncher-keybinder,68a62c7998df5b4909aa68817beb7c044eaeb8af,autogen.sh,autogen.sh
ShellScript,30-100,kward-shunit2,bee9540f69d96c231abdc262b087aac77ce949be,shunit2_general_test.sh,shunit2_general_test.sh
ShellScript,30-100,laurikari-tre,39d1cd201794e0ac1f5bc77102183390dd7f067d,utils/autogen.sh,utils/autogen.sh
ShellScript,30-100,leetronics-infnoise,5e828af7059e3497410b29c379d524e4a2b387ed,software/build-scripts/build.sh,software/build-scripts/build.sh
ShellScript,30-100,linux-apfs-apfsprogs,e9bd2cd2cf4560fe3929e5f0050e90c1eedeb3ec,mkapfs/test.sh,mkapfs/test.sh
ShellScript,30-100,linux-rdma-opensm,d34622fa597296e3b4088fd3e604dde0611f0d38,gen_chlog.sh,gen_chlog.sh
ShellScript,30-100,lxde-gpicview,cfce58f1b957a5ef94222837190208b0918ad66e,autogen.sh,autogen.sh
ShellScript,30-100,madmartin-gentoo-vdr-scripts,379220a0d1de8cfe38315b13221f2111d4d1ed95,usr/share/vdr/shutdown/wakeup-nvram.sh,usr/share/vdr/shutdown/wakeup-nvram.sh
ShellScript,30-100,madmartin-gentoo-vdr-scripts,7f24ddbb0b68d9a2d1cb6be1a90a97b0b1c2c244,usr/sbin/rtc-wakeup.sh,usr/sbin/rtc-wakeup.sh
ShellScript,30-100,madmartin-gentoo-vdr-scripts,7f24ddbb0b68d9a2d1cb6be1a90a97b0b1c2c244,usr/share/vdr/inc/commands-functions.sh,usr/share/vdr/inc/commands-functions.sh
ShellScript,30-100,madmartin-gentoo-vdr-scripts,7f24ddbb0b68d9a2d1cb6be1a90a97b0b1c2c244,usr/share/vdr/shutdown/pre-shutdown-05-time-calculations.sh,usr/share/vdr/shutdown/pre-shutdown-05-time-calculations.sh
ShellScript,30-100,michiexile-hodie,f261e32f9e45a879b3dd34ce3e1dd0bfe5f83415,test.sh,test.sh
ShellScript,30-100,nickg-xcowsay,f163b260d84a23eaaf08dfaa62dfbcf9f7ce7f98,test.sh,test.sh
ShellScript,30-100,nix-community-acpi_call,f0e3af226f820db83d0d4078d913e11a35d54fe1,test_off.sh,test_off.sh
ShellScript,30-100,notofonts-noto-cjk,a99a4354c68964f6bfac488d01010b1fb6d9178a,gh-release-noto-cjk-sans.sh,gh-release-noto-cjk-sans.sh
ShellScript,30-100,nwg-piotr-nwg-displays,2e6eb986f47d4f769a503c9907a7a30355b1c020,install.sh,install.sh
ShellScript,30-100,nzjrs-osm-gps-map,2759459d73e684c66963088fb7758ae4918b59dc,autogen.sh,autogen.sh
ShellScript,30-100,openlink-iODBC,bc100e72f535fe72a0508a96596dd9a46fe4984b,mac/framework-include.sh,mac/framework-include.sh
ShellScript,30-100,owasp-modsecurity-ModSecurity,a0f45a73b57887a094b23919fbdcdfb9486812fd,build.sh,build.sh
ShellScript,30-100,pi-hole-pi-hole.git,4511daf5607f55244b3476f813ef0cec9dd693e6,advanced/bash-completion/pihole-ftl.bash,advanced/bash-completion/pihole-ftl.bash
ShellScript,30-100,pi-hole-pi-hole.git,9f5e18b1cdf65429aeb40c6ad6aa84cf7ec33e7b,advanced/Templates/pihole-FTL-prestart.sh,advanced/Templates/pihole-FTL-prestart.sh
ShellScript,30-100,ponty-PyVirtualDisplay,ef00c949f8a1327f61a40e8f9b328743083123bb,tests/vagrant/debian10.sh,tests/vagrant/debian10.sh
ShellScript,30-100,ponty-PyVirtualDisplay,f3dca8a4578db37fa005f6c093ba78d36af857a8,tests/vagrant/ubuntu2004.sh,tests/vagrant/ubuntu2004.sh
ShellScript,30-100,ponty-pyscreenshot,0a04b86f62b36c628162b4a5f10dcd4c832931c2,tests/vagrant/ubuntu.server.sh,tests/vagrant/ubuntu.server.sh
ShellScript,30-100,pooler-electrum-ltc,45b8f11c68a170af74106d33f3604b7cbb9734f3,contrib/build-linux/sdist/make_sdist.sh,contrib/build-linux/sdist/make_sdist.sh
ShellScript,30-100,pooler-electrum-ltc,b5900eae983114b1d893917a3d086d194bb079ad,contrib/build-wine/sign.sh,contrib/build-wine/sign.sh
ShellScript,30-100,ppvan-pg_query_vala,2dfdcdf3fdf4e21fd2ae12619520052776cbe817,script.sh,script.sh
ShellScript,30-100,pygame-pygame,726289c9c6ed37d464cd79c8663f1300856624b9,buildconfig/macdependencies/build_mac_deps.sh,buildconfig/macdependencies/build_mac_deps.sh
ShellScript,30-100,pygame-pygame,89fb140825f30571916088a2692fa9d4192593f6,buildconfig/manylinux-build/docker_base/pkg-config/build-pkg-config.sh,buildconfig/manylinux-build/docker_base/pkg-config/build-pkg-config.sh
ShellScript,30-100,python-trio-unasync,1b6fd0cc4417b76d936d6ff26c820665f25f910b,ci.sh,ci.sh
ShellScript,30-100,pythongssapi-python-gssapi,66592c0730ea4bbf9ff8e0422e131d26a0d2e8c5,ci/test.sh,ci/build.sh
ShellScript,30-100,pythongssapi-python-gssapi,c4397dad30c3d06071bc85be3df88f5b4a502131,ci/before-deploy.sh,ci/before-deploy.sh
ShellScript,30-100,ranger-ranger,08e1a5b2279c69aedd06eaec20240c8216b9bdb8,examples/rifle_sxiv.sh,examples/rifle_sxiv.sh
ShellScript,30-100,rear-rear,1253c3f1f4ecc8ab621fa2a60ec8f645834734b8,tools/run-in-docker-build.sh,tools/run-in-docker-build.sh
ShellScript,30-100,redhat-performance-tuned,7a419499b146495da2e6bc2c340c75771e23cf23,tests/beakerlib/bz2071418-TuneD-exits-on-duplicate-config-lines-new/runtest.sh,tests/beakerlib/bz2071418-TuneD-exits-on-duplicate-config-lines-new/runtest.sh
ShellScript,30-100,roc-streaming-roc-toolkit,032093ce4e1daf1c78f7579228cf20f1447a9167,scripts/ci_checks/linux-checks/static-shared.sh,scripts/ci_checks/linux-checks/static-shared.sh
ShellScript,30-100,rocky-kshdb,4b4a2e8b4d0725c816745ab0349901318d064d4c,lib/shell.sh,lib/shell.sh
ShellScript,30-100,rocky-kshdb,f1ed75335a9dd15656d243acb3804c7e6c766a4d,command/show_sub/highlight.sh,command/show_sub/highlight.sh
ShellScript,30-100,rseichter-fangfrisch,491e0256c9917661744d7b2baae0d3a053c2c9b4,contrib/package.sh,contrib/package.sh
ShellScript,30-100,rseichter-fangfrisch,ddee9acbb17b89b7dfd7e6fc71439bd9250b3606,contrib/package.sh,contrib/package.sh
ShellScript,30-100,rtomayko-git-sh,982b147174c192060f97b642830bed5d728755ac,gitshrc-example.bash,gitshrc-example.bash
ShellScript,30-100,ryochan7-sdl2-gamepad-mapper,67294717689b07feae553070f36c91f8e00ae63d,deploy_linux.sh,deploy_linux.sh
ShellScript,30-100,shellspec-shellspec,b5a78fc99523f4ff50bbff00a7e2e81419c00a7a,lib/getoptions_help.sh,lib/getoptions_help.sh
ShellScript,30-100,shellspec-shellspec,b7f4893e7072354ac33fc42dc72b359a4ea75b24,lib/libexec/parallel-executor.sh,lib/libexec/parallel-executor.sh
ShellScript,30-100,shellspec-shellspec,b7f4893e7072354ac33fc42dc72b359a4ea75b24,lib/libexec/reporter/profiler_formatter.sh,lib/libexec/reporter/profiler_formatter.sh
ShellScript,30-100,shellspec-shellspec,b7f4893e7072354ac33fc42dc72b359a4ea75b24,spec/core/dsl/before_after_all_spec.sh,spec/core/dsl/before_after_all_spec.sh
ShellScript,30-100,sivantoledo-taucs,94389912b13d513f9646a0b3aa1f8468b624736c,progs/mktestscript.sh,progs/mktestscript.sh
ShellScript,30-100,sleuthkit-sleuthkit,f44753d701ca2152d57b64e73d4ee67df5490acf,test/tools/tool_differ.sh,test/tools/tool_differ.sh
ShellScript,30-100,sukria-Backup-Manager,b65692bb03035bef7eafc5cb2746d58ea16059cb,t/t11.2-pipe-encrypted.sh,t/t11.2-pipe-encrypted.sh
ShellScript,30-100,sukria-Backup-Manager,ff4c42a58e9b7b444431a74df2258a23f57f0e02,t/testlib.sh,t/testlib.sh
ShellScript,30-100,symengine-symengine.py,38a309c9d6fabed9320bf283579ea0d363095368,bin/install_travis.sh,bin/install_travis.sh
ShellScript,30-100,symengine-symengine.py,82754ab2619b05f99ed245380977b57ff8d67096,bin/install_travis.sh,bin/install_travis.sh
ShellScript,30-100,systemd-systemd-stable,17a103efc3f1fe4b47f330321a29880a960a500c,test/units/testsuite-07.mount-invalid-chars.sh,test/units/testsuite-07.mount-invalid-chars.sh
ShellScript,30-100,tegaki-tegaki,95e6e634c5825e724e02f6478f22fd964cfff0fb,make_release.sh,make_release.sh
ShellScript,30-100,todotxt-todo.txt-cli,2d70a0aadfca885ec49c734ab56d19cd1224ff31,tests/t2100-help.sh,tests/t2100-help.sh
ShellScript,30-100,todotxt-todo.txt-cli,5d2727f4ec3bb5654ede97ab97617f0d6cef301b,tests/t8020-actions-help.sh,tests/t8020-actions-help.sh
ShellScript,30-100,todotxt-todo.txt-cli,bc81db2f2b967e04bdb634cb09692844a8a0e2fd,tests/t6050-completion-addons.sh,tests/t6050-completion-addons.sh
ShellScript,30-100,tpm2-software-tpm2-openssl,87082a3458adec235b935f02dad597a71145279d,test/rsa_genpkey_sign_rawin.sh,test/rsa_genpkey_sign_rawin.sh
ShellScript,30-100,usi-verification-and-security-opensmt,5baade441578721e4cb375c2ee6258e72ba7aee0,ci/run_ci_commands.sh,ci/run_ci_commands.sh
ShellScript,30-100,vanhauser-thc-thc-ipv6,cdb569c6b7e1cfd690f816b750e751e8df507a7c,fragrouter6.sh,fragrouter6.sh
ShellScript,30-100,ventoy-Ventoy,3c05d55b8a2bd358ca380a91d3d5bdcbfed937fa,IMG/cpio/ventoy/hook/crux/disk_hook.sh,IMG/cpio/ventoy/hook/crux/disk_hook.sh
ShellScript,30-100,vinceliuice-Tela-icon-theme,4765da512b881d1ca7776ab33069a7b17ed44a39,release/make-release.sh,release/make-release.sh
ShellScript,30-100,wanduow-wandio,b0ad050e111700de1a1a5044ad43b782f7b9aa0c,rpmpkg-setup.sh,rpmpkg-setup.sh
ShellScript,30-100,wanduow-wandio,b0b577e157b562dddbbab8061902738a072d2ef2,bintray-upload.sh,bintray-upload.sh
ShellScript,30-100,wrpearson-fasta36,3efaac7fc2c3348de2966b2199f62402938aa241,scripts/test_ann_scripts.sh,scripts/test_ann_scripts.sh
ShellScript,30-100,x42-harvid,df617ee64714f58fb21ea8ff4aaeafed654accb3,x-win-bundle.sh,x-win-bundle.sh
ShellScript,30-100,xmrig-xmrig,29f9c8cf4c0e384efab394a78864e2faa0f1e19d,scripts/randomx_boost.sh,scripts/randomx_boost.sh
ShellScript,30-100,yuru7-HackGen,780bb10a81a846c5542741d956f1869e14633ca4,os2_patch.sh,os2_patch.sh
ShellScript,300-1000,Beep6581-RawTherapee,7f5cb995d221963e496bd24fb6125d968c176252,tools/osx/macosx_bundle.sh,tools/osx/macosx_bundle.sh
ShellScript,300-1000,Biont-sway-launcher-desktop,69a1a43f47b40dc3c6ab0edc59d78e7a690b4a7c,sway-launcher-desktop.sh,sway-launcher-desktop.sh
ShellScript,300-1000,Biont-sway-launcher-desktop,e27cabc12c07d182d6d1f119b4e42ce8049dfd6b,sway-launcher-desktop.sh,sway-launcher-desktop.sh
ShellScript,300-1000,Erotemic-xdoctest,c2b8ceda1a40db681a4bf223719a37e098080854,publish.sh,publish.sh
ShellScript,300-1000,FiloSottile-passage,1d41a85fcad3dcca8459052402206262f6c41c09,src/password-store.sh,src/password-store.sh
ShellScript,300-1000,FiloSottile-passage,794ffb033f200bab173e16e2c1175d859ee04de1,src/password-store.sh,src/password-store.sh
ShellScript,300-1000,FiloSottile-passage,fde8baea4c7886237ef5acc26a18a9ecbb97c432,src/password-store.sh,src/password-store.sh
ShellScript,300-1000,GoogleCloudPlatform-google-cloud-cpp,b839b6b1832fc60571ffc6377d9c4e8e4cab01e1,ci/cloudbuild/builds/lib/integration.sh,ci/cloudbuild/builds/lib/integration.sh
ShellScript,300-1000,HewlettPackard-netperf,0dbda2d6d72d130740569c5bdb49f21c00ab5e91,doc/examples/runremrandomniaggdemo.sh,doc/examples/runremrandomniaggdemo.sh
ShellScript,300-1000,MycroftAI-mimic1,a76f333b657feb6b833abcb19961e77e450e3158,run_testsuite.sh,run_testsuite.sh
ShellScript,300-1000,OpenLightingProject-ola,6294ded08a3eed6b9e52698bb187f789018e3c4d,.travis-ci.sh,.travis-ci.sh
ShellScript,300-1000,ROCm-rocFFT,fef98c5ce58110053544d2cb19a0e59dd46112ea,install.sh,install.sh
ShellScript,300-1000,Samsung-netcoredbg,a62245a8cc7276014321d8be72b4afbdfcc9702a,test-suite/sdb_run_tests.sh,test-suite/sdb_run_tests.sh
ShellScript,300-1000,Trepan-Debuggers-bashdb,b527b8849fd873a4d7f67b48ce23a678e519f68e,init/term-background.sh,init/term-background.sh
ShellScript,300-1000,Trepan-Debuggers-bashdb,f93e14ba3f0e3c263a85cb8a09f3a8730f22629e,lib/hook.sh,lib/hook.sh
ShellScript,300-1000,Tripwire-tripwire-open-source,65625c6d0eedde54eef901dc4e988708e496457b,installer/install.sh,installer/install.sh
ShellScript,300-1000,acmesh-official-acme.sh,b65f432ee02b1ad45224e97cf89e5144680b9d41,dnsapi/dns_hetznercloud.sh,dnsapi/dns_hetznercloud.sh
ShellScript,300-1000,ajeetdsouza-zoxide,e3212cdc0883c8402b429d775d4883847752e0e2,install.sh,install.sh
ShellScript,300-1000,amnezia-vpn-amneziawg-tools,e6888dd74ee4215449517f43aba9c11a1633ea4e,src/wg-quick/linux.bash,src/wg-quick/linux.bash
ShellScript,300-1000,apertium-apertium,05683cc048b0bbfadcf6dc38cc78b6ec7b99272d,apertium/apertium-header.sh,apertium/apertium-header.sh
ShellScript,300-1000,arno-iptables-firewall-aif,22a15bca84cbb09d83ce63043541fc2cdd04ccfc,install.sh,install.sh
ShellScript,300-1000,arno-iptables-firewall-aif,3912391775538b061c63182c9dac91438f6d134f,install.sh,install.sh
ShellScript,300-1000,arq5x-bedtools2,a1ffb2cd52c3de0b00bcf6da995b420e28d90298,test/merge/test-merge.sh,test/merge/test-merge.sh
ShellScript,300-1000,ascii-boxes-boxes,83fc460a497c7f441de793cef0ab0908d08679e3,test/testrunner.sh,test/testrunner.sh
ShellScript,300-1000,bats-core-bats-assert,bd7ece6cb495ba2f4cb7360226c6ba4966c1b7f6,src/assert.bash,src/assert.bash
ShellScript,300-1000,bats-core-bats-assert,d1c641a0793744656d283f819215686f4069ee14,src/assert.bash,src/assert.bash
ShellScript,300-1000,bats-core-bats-core,bd1f22d798d43d5e1b65db4f3765595e8985f188,lib/bats-core/test_functions.bash,lib/bats-core/test_functions.bash
ShellScript,300-1000,bcsthsc-overlay-emerge-tool,2e55b0c151a0e2a6276b3427b76d285acc9b7fad,src/oet.sh,oet.sh
ShellScript,300-1000,bitcoin-bitcoin,f06c6e18983139dd63873b3537d2f87b8c6ec752,contrib/guix/libexec/build.sh,contrib/guix/libexec/build.sh
ShellScript,300-1000,bookingcom-carbonapi,1a0c28d23a23a220bc410281bea94c882811b6ae,vendor/golang.org/x/sys/unix/mkerrors.sh,vendor/golang.org/x/sys/unix/mkerrors.sh
ShellScript,300-1000,bookingcom-carbonapi,b152cd756b6538ca2cc999d29fa8f720537e2a54,vendor/golang.org/x/sys/unix/mkerrors.sh,vendor/golang.org/x/sys/unix/mkerrors.sh
ShellScript,300-1000,bookingcom-carbonapi,fdc03a0345aef5bcf9de440a4ea3a609d33f0b7a,vendor/golang.org/x/sys/unix/mkerrors.sh,vendor/golang.org/x/sys/unix/mkerrors.sh
ShellScript,300-1000,cheat-cheat,3a6b6e58f0f101f81f1907d670331a93b3fd8fe5,vendor/golang.org/x/sys/unix/mkerrors.sh,vendor/golang.org/x/sys/unix/mkerrors.sh
ShellScript,300-1000,cheat-cheat,7406ebfb5ee15cb2db7a21819608e6a467ea48fd,vendor/golang.org/x/sys/unix/mkerrors.sh,vendor/golang.org/x/sys/unix/mkerrors.sh
ShellScript,300-1000,chromium-linux-tarballs-chromium-tarballs,458a4cdc7f855740d556ee93ffdb2ba0e1942e2c,package_chromium.sh,package_chromium.sh
ShellScript,300-1000,chutz-mullvad-netns,70ff2b523f0aad7afde13f051bca32dbc7f44a3c,mullvad-netns.bash,mullvad-netns.bash
ShellScript,300-1000,clangen-musikcube,a0433606af616b6d1146d10c964195dd81d244c8,script/build-vendor-libraries.sh,script/build-vendor-libraries.sh
ShellScript,300-1000,cloudflare-cfssl,1a73d78a1852001b7b9c21f3eceea0e721ea6a6c,vendor/golang.org/x/sys/unix/mkerrors.sh,vendor/golang.org/x/sys/unix/mkerrors.sh
ShellScript,300-1000,cloudflare-cfssl,372ef3d8c256e7e423c4ddbe6b5650a36520313a,vendor/golang.org/x/sys/unix/mkerrors.sh,vendor/golang.org/x/sys/unix/mkerrors.sh
ShellScript,300-1000,cloudflare-cfssl,73645931e8ffcb9234a8dadba192fa83fc69c506,vendor/golang.org/x/sys/unix/mkerrors.sh,vendor/golang.org/x/sys/unix/mkerrors.sh
ShellScript,300-1000,cloudflare-cfssl,b97dedebea9d54de82a681a3da3b5a4c58a08a55,vendor/golang.org/x/sys/unix/mkerrors.sh,vendor/golang.org/x/sys/unix/mkerrors.sh
ShellScript,300-1000,containernetworking-plugins,79c947a7030ffe362459ec7068133fd648703de9,vendor/golang.org/x/sys/unix/mkerrors.sh,vendor/golang.org/x/sys/unix/mkerrors.sh
ShellScript,300-1000,containers-storage,5953c36eee5e4bea9000b644b2f96308c10a8367,tests/tools/vendor/golang.org/x/sys/unix/mkerrors.sh,tests/tools/vendor/golang.org/x/sys/unix/mkerrors.sh
ShellScript,300-1000,cytoscape-cytoscape,1e4667f214b4cc1e52607cbf751ecb32bcf28e8c,cy.sh,cy.sh
ShellScript,300-1000,denilsonsa-prettyping,0b0f69aa3eb54506605c9b8ab255a445ba395817,prettyping.sh,prettyping.sh
ShellScript,300-1000,denilsonsa-prettyping,1e923847cf9ebc5f8761433536d6a44315fde92e,prettyping.sh,prettyping.sh
ShellScript,300-1000,denilsonsa-prettyping,69a9d29ced1ba889c95105fbb8cc75c33ce49533,prettyping.sh,prettyping.sh
ShellScript,300-1000,docker-buildx,3858752e0af91006d01dc7e995733bfdefb61273,vendor/golang.org/x/sys/unix/mkerrors.sh,vendor/golang.org/x/sys/unix/mkerrors.sh
ShellScript,300-1000,docker-docker-bench-security,08a7b09d4daaa3dd672ba073a5e9d2e0d0769643,tests/2_docker_daemon_configuration.sh,tests/2_docker_daemon_configuration.sh
ShellScript,300-1000,docker-docker-bench-security,8a934aebf1f6af568070047b9e0d33005c6f5285,tests/1_host_configuration.sh,tests/1_host_configuration.sh
ShellScript,300-1000,dracutdevs-dracut,ddf6323145d50d33a897687474c73770328bf757,modules.d/99base/init.sh,modules.d/99base/init.sh
ShellScript,300-1000,eth-p-bat-extras,6092fa5bad9fa10761ca81af124d1c5c0381a16d,src/prettybat.sh,src/prettybat.sh
ShellScript,300-1000,eth-p-bat-extras,762ac557f4ff38cc8e6863ce5b283d21a03472ba,src/batgrep.sh,src/batgrep.sh
ShellScript,300-1000,eth-p-bat-extras,a0d3a9bd63b14f606497b7ab02b53a84113283e4,src/batpipe.sh,src/batpipe.sh
ShellScript,300-1000,eth-p-bat-extras,bc534e9dd2953e77de322d5c390a5ae97ee1b11c,src/prettybat.sh,src/prettybat.sh
ShellScript,300-1000,exzombie-prll,3fad3ebeb4ce4b81e6cd96dcf41b8d2034151e5d,prll.sh,prll.sh
ShellScript,300-1000,exzombie-prll,ccbbc2c5a78a84d286e17a52ba1422fe1152410a,prll.sh,prll.sh
ShellScript,300-1000,exzombie-prll,cf119022d13c8c62e28136f3d1715d9c40f05a9c,prll.sh,prll.sh
ShellScript,300-1000,fstab-grok_exporter,1dc9a57a8b6aca60d879e13d7cb17add79af0d45,smoke-test.sh,smoke-test.sh
ShellScript,300-1000,ftrvxmtrx-split2flac,86c461d3651a997cd6708bcfabb37c6973e9a083,split2flac.sh,split2flac.sh
ShellScript,300-1000,github-hub,fb885b37ff46e52b8bc7b7143d39bec804518ffb,vendor/golang.org/x/sys/unix/mkerrors.sh,vendor/golang.org/x/sys/unix/mkerrors.sh
ShellScript,300-1000,greymd-tmux-xpanes,5e0af2f0cbdc58c0a0856e8a093159a5631e72ec,test/unit.sh,test/unit.sh
ShellScript,300-1000,greymd-tmux-xpanes,e59217192c4dc591fe75200744e1b84af5fa125d,test/unit.sh,test/unit.sh
ShellScript,300-1000,greymd-tmux-xpanes,e5aa940fd355e9074e86852234dd4b925abd0fb5,test/cases_smoke.sh,test/cases_smoke.sh
ShellScript,300-1000,hesperos-napi,7e39eaa99fa190de1e83b82a290745312955845c,tests/unit_tests/libnapi_fs_test.sh,tests/unit_tests/libnapi_fs_test.sh
ShellScript,300-1000,hesperos-napi,7e39eaa99fa190de1e83b82a290745312955845c,tests/unit_tests/libnapi_tools_test.sh,tests/unit_tests/libnapi_tools_test.sh
ShellScript,300-1000,influxdata-influxdb,8f6d8e6a6234c6459fdf08c28fd4033b9415aa46,install_influxdb.sh,install_influxdb.sh
ShellScript,300-1000,instead-hub-instead,7ef093adb626fae794ab379ff4e8fca9c360aa02,contrib/instead-em-build.sh,contrib/instead-em-build.sh
ShellScript,300-1000,junegunn-fzf,4866c343614cd7f3f996b024dc144ff7b4840cc0,shell/completion.bash,shell/completion.bash
ShellScript,300-1000,kellyjonbrazil-jc,1feb0002313356380ae45ccec988fdca565551fd,completions/jc_zsh_completion.sh,completions/jc_zsh_completion.sh
ShellScript,300-1000,kellyjonbrazil-jc,5ee2eda83e06dbe8880b6f744150046731fedfa9,completions/jc_zsh_completion.sh,completions/jc_zsh_completion.sh
ShellScript,300-1000,kellyjonbrazil-jc,6072ea0ec76efeb3a34635b1321c4b49eced2cd0,completions/jc_zsh_completion.sh,completions/jc_zsh_completion.sh
ShellScript,300-1000,kellyjonbrazil-jc,95672c23b710748ea41fcaa8ca3d0b8815e96f37,completions/jc_zsh_completion.sh,completions/jc_zsh_completion.sh
ShellScript,300-1000,kubernetes-kubernetes.git,321c1e37c0699b85a3f702b34103b18befc325ca,test/e2e/testing-manifests/storage-csi/external-snapshotter/volume-group-snapshots/run_group_snapshot_e2e.sh,test/e2e/testing-manifests/storage-csi/external-snapshotter/volume-group-snapshots/run_group_snapshot_e2e.sh
ShellScript,300-1000,kubernetes-kubernetes.git,39d37a1e92672bcbba8bfbd4166b409bdea9a099,hack/lib/util.sh,hack/lib/util.sh
ShellScript,300-1000,kubernetes-kubernetes.git,e71aa02f96f468a2398f9e54c6d39ab689e2bb29,build/common.sh,build/common.sh
ShellScript,300-1000,kubernetes-kubernetes.git,ff0a5fff382be654a1cb844708d88a3d7839ed88,build/common.sh,build/common.sh
ShellScript,300-1000,kubevirt-kubevirt,42d1a25594209b6914bb21929df8a282fe2df917,automation/test.sh,automation/test.sh
ShellScript,300-1000,kubevirt-kubevirt,7839310fd7b8bac0ce105af3742de81b27b172d9,hack/rpm-deps.sh,hack/rpm-deps.sh
ShellScript,300-1000,kward-shflags,804340a8f37722cbf69f6c0ea50fdeecd3806523,shflags_parsing_test.sh,shflags_parsing_test.sh
ShellScript,300-1000,kward-shflags,e5e39ae9452d923bb40ae655e5c3215c805614de,shflags_parsing_test.sh,shflags_parsing_test.sh
ShellScript,300-1000,kward-shunit2,296ecacbed2c98d0f3541033349da764258e0f11,shunit2_misc_test.sh,shunit2_misc_test.sh
ShellScript,300-1000,lammps-lammps,da148ac331f51d7bcb91016737c36f980a65b914,src/KOKKOS/Install.sh,src/KOKKOS/Install.sh
ShellScript,300-1000,lammps-lammps,db4c6fbaaae72033815811f32777262edc60c91f,lib/kokkos/generate_makefile.bash,lib/kokkos/generate_makefile.bash
ShellScript,300-1000,mackyle-topgit,2e5f2f34b1e0f22a9bff73f26b81fba2be0ceef2,tg-export.sh,tg-export.sh
ShellScript,300-1000,mcrapet-plowshare,e57467d8cd56b039eea0781cafe50cf9391f1f17,src/upload.sh,src/upload.sh
ShellScript,300-1000,megastep-makeself,a5fbefce471fd80f03d5e490acbf44edc2e13397,makeself-header.sh,makeself-header.sh
ShellScript,300-1000,mininet-mininet,c3ba039a9781c6c5f475b7c88ff577185747a1da,util/install.sh,util/install.sh
ShellScript,300-1000,morrownr-8821cu-20210916,589ec21474579414b7097af57748211c74507d91,install-driver.sh,install-driver.sh
ShellScript,300-1000,morrownr-8821cu-20210916,8c45ce6daed7cefc0d81682a9173545d2fc65b13,install-driver.sh,install-driver.sh
ShellScript,300-1000,morrownr-8821cu-20210916,8e300c0885835b079ad1a99cccd960754a4c849f,install-driver.sh,install-driver.sh
ShellScript,300-1000,nagios-plugins-nagios-plugins,ac2df2759b59b503ad3b4a5d5a5760b9463e56cd,plugins-scripts/check_oracle.sh,plugins-scripts/check_oracle.sh
ShellScript,300-1000,ncabatoff-process-exporter,6cffcd681dada3ea9c4a4554c35bd0d824df040e,vendor/golang.org/x/sys/unix/mkerrors.sh,vendor/golang.org/x/sys/unix/mkerrors.sh
ShellScript,300-1000,ocaml-opam,f48404060b5e3dc6679d6b8b3711a9f28e59963f,shell/install.sh,shell/install.sh
ShellScript,300-1000,ossec-ossec-hids,4f1f0a16adf958734d613db3bfb83bf62d73cfbb,src/init/ossec-local.sh,src/init/ossec-local.sh
ShellScript,300-1000,pbiering-ipv6calc,7e236deb376be39d3406cb5bdf4de9788e76faa9,ipv6calc/test_ipv6calc.sh,ipv6calc/test_ipv6calc.sh
ShellScript,300-1000,pi-hole-pi-hole.git,1bea6db50adb3a07ba58808791c7c013bc12a671,advanced/Scripts/api.sh,advanced/Scripts/api.sh
ShellScript,300-1000,pi-hole-pi-hole.git,3f7413d538dae3524b0a5d627668aecd60bcd815,advanced/Scripts/webpage.sh,advanced/Scripts/webpage.sh
ShellScript,300-1000,pi-hole-pi-hole.git,9dd138b03348f24a001d60f27e29c8c62af28871,gravity.sh,gravity.sh
ShellScript,300-1000,poetaman-arttime,ea271aa09d97a110223ca98ce13db9dc6b3b0c76,install.sh,install.sh
ShellScript,300-1000,projg2-uam,4df73b6273d4d42c8c3bf9da677f833417e27185,src/uam-common.sh,src/uam-common.sh
ShellScript,300-1000,projg2-uam,95fb8cb33e9390dbf4fe9cbfc414680bb3c00fc0,src/uam-common.sh,src/uam-common.sh
ShellScript,300-1000,pytorch-FBGEMM,8cb8b2b0458e1ab182bc7e286317077ca8f253c7,.github/scripts/fbgemm_gpu_build.bash,.github/scripts/fbgemm_gpu_build.bash
ShellScript,300-1000,qhull-qhull,4733a95be0298919a646a1d6044c1bee7a552880,eg/qhull-zip.sh,eg/qhull-zip.sh
ShellScript,300-1000,qhull-qhull,e23876c94c95bb7700400c2561ea8b4e5641c931,eg/qhull-zip.sh,eg/qhull-zip.sh
ShellScript,300-1000,ranger-ranger,ba78c45557405e68643ec429b86d63a5aa1a49d1,ranger/data/scope.sh,ranger/data/scope.sh
ShellScript,300-1000,ranger-ranger,cba26909142bb3af8ea74bccc2af83dc0da188bc,ranger/data/scope.sh,ranger/data/scope.sh
ShellScript,300-1000,rear-rear,09dcddd84e569b0610d5bd19fdc0a76203676762,usr/share/rear/lib/filesystems-functions.sh,usr/share/rear/lib/filesystems-functions.sh
ShellScript,300-1000,rear-rear,f8a0fccabbbc06f598884f71aa65b605c70e2590,usr/share/rear/build/default/990_verify_rootfs.sh,usr/share/rear/build/default/990_verify_rootfs.sh
ShellScript,300-1000,rickysarraf-laptop-mode-tools,4d7e31acab412d5ff7abb9fa26109df8eddf28e1,install.sh,install.sh
ShellScript,300-1000,ropery-ffcast,e56688008be0a6a588251f77d7e517f2ae2b5917,src/ffcast.bash,src/ffcast.bash
ShellScript,300-1000,s3fs-fuse-s3fs-fuse,1e91329d3cd6869ad9cda2d95baeeb2d895bb5f3,test/integration-test-common.sh,test/integration-test-common.sh
ShellScript,300-1000,s3fs-fuse-s3fs-fuse,3b1771bf65d6f94b484438042941b8553e227586,.github/workflows/linux-ci-helper.sh,.github/workflows/linux-ci-helper.sh
ShellScript,300-1000,sandstorm-io-capnproto,7f83105845458534e12b41b9eb4139703cb52c46,super-test.sh,super-test.sh
ShellScript,300-1000,shellspec-shellspec,2b7216ba40b7604833b60704a5fddc8967468cf7,lib/core/dsl.sh,lib/core/dsl.sh
ShellScript,300-1000,shellspec-shellspec,5c81f571f726638fe0093dec4f9d3b281be23161,lib/core/dsl.sh,lib/core/dsl.sh
ShellScript,300-1000,shellspec-shellspec,b5a78fc99523f4ff50bbff00a7e2e81419c00a7a,lib/libexec/optparser/parser_definition.sh,lib/libexec/optparser/parser_definition.sh
ShellScript,300-1000,shellspec-shellspec,b7f4893e7072354ac33fc42dc72b359a4ea75b24,spec/core/evaluation_spec.sh,spec/core/evaluation_spec.sh
ShellScript,300-1000,sukria-Backup-Manager,41f722d3c31d6316e5a2727e9c6dd28a3ea47faf,lib/backup-methods.sh,lib/backup-methods.sh
ShellScript,300-1000,tadfisher-pass-otp,0aadd4c82cf190ae8ac9c08e7eb142716ed33a85,otp.bash,otp.bash
ShellScript,300-1000,tadfisher-pass-otp,214eeb0d8d587e41aec35780570ad0cec69b4d3c,otp.bash,otp.bash
ShellScript,300-1000,tadfisher-pass-otp,3827922207864d694f338be2cbb212a73f91caf8,otp.bash,otp.bash
ShellScript,300-1000,tadfisher-pass-otp,3ba564ca9f2c5d894a9ef7ef6b827d95e21d2104,otp.bash,otp.bash
ShellScript,300-1000,tadfisher-pass-otp,6328ba84dba608209cece19dd08a1af76bd57fe8,otp.bash,otp.bash
ShellScript,300-1000,tadfisher-pass-otp,7bb50dbc4b6073f12f40be66a5ee371b9652a646,otp.bash,otp.bash
ShellScript,300-1000,tkashkin-GameHub,14f1b8f68786e0d2cb6487bc9700b81f6065ee0d,scripts/build.sh,scripts/build.sh
ShellScript,300-1000,tkashkin-GameHub,ec79c9c5b7b9a1e6a65f3fb633f3296e454a1b8a,scripts/build.sh,scripts/build.sh
ShellScript,300-1000,troglobit-smcroute,cd79cc382c9cf0e036461d0fd79005bf4f211e1c,test/lib.sh,test/lib.sh
ShellScript,300-1000,troglobit-sysklogd,4ee5428e40b6f9ed5534d1ca79f5f1eee6181b93,test/lib.sh,test/lib.sh
ShellScript,300-1000,troglobit-sysklogd,b72673ec0412f6d9a9eb10b6d40a79f0a833dd17,test/lib.sh,test/lib.sh
ShellScript,300-1000,vinceliuice-qogir-icon-theme,116d1e44757ee0ee2f6bdbbcbc84537a2fcc9fe1,install.sh,install.sh
ShellScript,300-1000,vrothberg-vgrep,4ff362ee5a8d1967ad9a69344afce96af08560fe,vendor/golang.org/x/sys/unix/mkerrors.sh,vendor/golang.org/x/sys/unix/mkerrors.sh
ShellScript,300-1000,window-maker-wmaker,b179803c1191c7a624a516511fbd7eb25d97697d,script/check-wmaker-loaddef-callbacks.sh,script/check-wmaker-loaddef-callbacks.sh
ShellScript,300-1000,wpettersson-xapers,bdaa6083ade225f7eaa3580b9693018e68dac102,test/test-lib.sh,test/test-lib.sh
ShellScript,300-1000,x42-harvid,71b68daf3264be101cde2345edbe085ec1649748,x-osx-bundle.sh,x-osx-bundle.sh
ShellScript,300-1000,zeromq-czmq,53c7420319c1154dd9dd0189b8ba865122cb350b,ci_build.sh,ci_build.sh
ShellScript,300-1000,zeromq-czmq,76f70a95a1ed2dd8179cf9e329d151309837d190,builds/android/android_build_helper.sh,builds/android/android_build_helper.sh
ShellScript,300-1000,zeromq-czmq,a1101b8e3bcfd82d5e1079baeb617572dae5ea3d,builds/android/android_build_helper.sh,builds/android/android_build_helper.sh
ShellScript,300-1000,zerotier-ZeroTierOne,82a9122fc3fd58a1fb07777fc103f6789d9e534f,.github/workflows/validate-1m-linux.sh,.github/workflows/validate-1m-linux.sh
ShellScript,300-1000,zfsonlinux-zfs-auto-snapshot,249e6a4cb3e03ce0b74c88a4f434a540a83df536,src/zfs-auto-snapshot.sh,src/zfs-auto-snapshot.sh
ShellScript,300-1000,zfsonlinux-zfs-auto-snapshot,5fc395c2bbfef26b273f63130e27ce228c67b4f9,src/zfs-auto-snapshot.sh,src/zfs-auto-snapshot.sh
ShellScript,300-1000,zfsonlinux-zfs-auto-snapshot,6c7da10e24904cce51978210d554a79a8e514545,src/zfs-auto-snapshot.sh,src/zfs-auto-snapshot.sh
ShellScript,3000+,AdamMajer-lpe,c76e6054b40d051d3a2f35051d4ffe90adaf2aa0,ltmain.sh,ltmain.sh
ShellScript,3000+,Caltech-IPAC-Montage,72f70b709c26d18f594ecfd654a209670373ec6e,lib/src/freetype-2.13.3/builds/unix/ltmain.sh,lib/src/freetype-2.9.1/builds/unix/ltmain.sh
ShellScript,3000+,DNSSEC-Tools-DNSSEC-Tools,b8154335095d4f2311e4349f9ee5d2a4040e34ae,dnssec-tools/ltmain.sh,dnssec-tools/ltmain.sh
ShellScript,3000+,DNSSEC-Tools-DNSSEC-Tools,b8154335095d4f2311e4349f9ee5d2a4040e34ae,dnssec-tools/validator/ltmain.sh,dnssec-tools/validator/ltmain.sh
ShellScript,3000+,FreeRADIUS-freeradius-client,4eb97b3f844572cf74c80afea232d394219ad847,ltmain.sh,ltmain.sh
ShellScript,3000+,FreeRADIUS-freeradius-client,5bca5a110e526d62710e7a914b540f3a95fda6f3,ltmain.sh,ltmain.sh
ShellScript,3000+,IgnorantGuru-udevil,4f502f7d6b3b8b71d5bdcb8a3ac18711e94e71e9,ltmain.sh,ltmain.sh
ShellScript,3000+,IgnorantGuru-udevil,5041c13c714b0301f6355a78fe07dfd90d879ee9,ltmain.sh,ltmain.sh
ShellScript,3000+,IgnorantGuru-udevil,cbf599db5e5cf6bcf264e013a3e5894d8549d35a,ltmain.sh,ltmain.sh
ShellScript,3000+,OpenIDC-cjose,3b076d886d882ca1b661bdec6b4f2ed020050469,ltmain.sh,ltmain.sh
ShellScript,3000+,OpenNI-OpenNI,98d33a8cb14283c4ba2daa80acaf7b4587501a36,Platform/Android/jni/External/libusb/ltmain.sh,Platform/Android/jni/External/libusb-1.0.8/ltmain.sh
ShellScript,3000+,Yeraze-ytnef,424c0455dbb02f2dab3b672f9a8c7cd5a7943740,ytneflib/ltmain.sh,ytneflib/ltmain.sh
ShellScript,3000+,acmesh-official-acme.sh,0f5093c0b7555c149ae2d7ab01d548dfd7844b2c,acme.sh,acme.sh
ShellScript,3000+,acmesh-official-acme.sh,11995b958ab560b2e8e60c816ba79200163047e9,acme.sh,acme.sh
ShellScript,3000+,acmesh-official-acme.sh,48c48cb344d9f748dbc3c0dab1d7b1a62e5de7ba,acme.sh,acme.sh
ShellScript,3000+,acmesh-official-acme.sh,4a7f35dea7f8a91545976245e89730bc3f3ffeb1,acme.sh,acme.sh
ShellScript,3000+,acmesh-official-acme.sh,57f8221bab028429b0a699464d7f4bf40c61701b,acme.sh,acme.sh
ShellScript,3000+,acmesh-official-acme.sh,6715320e78ea1baa4ec1437166f73215b3fbc2a2,acme.sh,acme.sh
ShellScript,3000+,acmesh-official-acme.sh,80748b9fe0a3e9af6f8db7b97fb9bea69e8d7206,acme.sh,acme.sh
ShellScript,3000+,acmesh-official-acme.sh,d2539c3f1aefb9cf0d7d29f488fb37f28b690188,acme.sh,acme.sh
ShellScript,3000+,acmesh-official-acme.sh,d439933b52a0f251afaaa780acecff85d6eb3c29,acme.sh,acme.sh
ShellScript,3000+,backuppc-rsync-bpc,1d7cad1c98b613ef41d715a59c532586eae4f63a,configure.sh,configure.sh
ShellScript,3000+,backuppc-rsync-bpc,3e91d3c7dd7062db27b2e25816539899fe160bb9,configure.sh,configure.sh
ShellScript,3000+,backuppc-rsync-bpc,89949117baacf7825939e7db26e198942defb53f,configure.sh,configure.sh
ShellScript,3000+,backuppc-rsync-bpc,ad6b5cd6796de3a9307c1062a8a2d9c08006a0aa,configure.sh,configure.sh
ShellScript,3000+,backuppc-rsync-bpc,ce3ce3061c2acc4c78693953d6a1a2cf50145fe2,configure.sh,configure.sh
ShellScript,3000+,canonical-lxd,771f9a07289e94f69dc465a2555cf4f407bd3f98,test/suites/clustering.sh,test/suites/clustering.sh
ShellScript,3000+,canonical-lxd,c78fe217e42ac7b931935522dbcce50f14fad78c,test/suites/clustering.sh,test/suites/clustering.sh
ShellScript,3000+,ceph-gf-complete,137b7ccd758dc06cea8bd54f68be23e5ef85a002,ltmain.sh,ltmain.sh
ShellScript,3000+,ceph-gf-complete,5687b9c2ccdf55449fb5a727a10a0232bd649c28,ltmain.sh,ltmain.sh
ShellScript,3000+,ceph-gf-complete,762926920aa6b0067443e7c085bddf22d03a1d04,ltmain.sh,ltmain.sh
ShellScript,3000+,ceph-gf-complete,8a96cbb37113a851ec63b65a396520a1113529f1,ltmain.sh,ltmain.sh
ShellScript,3000+,ceph-gf-complete,a97563f0e4960a145b2c981b5b09627e3c66a2ad,ltmain.sh,ltmain.sh
ShellScript,3000+,chaos-genders,59b256ce29f27d1858549a95aff57dd09a0d0479,config/ltmain.sh,config/ltmain.sh
ShellScript,3000+,coin-or-CHiPPS-ALPS,1b8a92f3f65bf56ec948fb88e588eaba5c9d8e1a,Alps/ltmain.sh,Alps/ltmain.sh
ShellScript,3000+,coin-or-CHiPPS-BiCePS,8fb265bc9331b11486479441794bfb989b2760ba,Bcps/ltmain.sh,Bcps/ltmain.sh
ShellScript,3000+,coin-or-Couenne,d32fa19142bb0d50890ca44a3eec588bc9932d14,ltmain.sh,ltmain.sh
ShellScript,3000+,coin-or-DyLP,a43a89d7d822b2590b99444b5e7232052334c301,ltmain.sh,ltmain.sh
ShellScript,3000+,coin-or-SYMPHONY,70795b5323f2c3944a5240a65bff873d7bf3c052,ltmain.sh,ltmain.sh
ShellScript,3000+,coin-or-tools-Data-Netlib,3be630eafe443145c0b21b2494e9bc11e6af69c8,ltmain.sh,ltmain.sh
ShellScript,3000+,coin-or-tools-Data-Netlib,4b555d9254f545aed25adaf1070936cee18b41ed,ltmain.sh,ltmain.sh
ShellScript,3000+,coin-or-tools-Data-Netlib,883afeadd54e1a02597b43f87b0e49da628b1678,ltmain.sh,ltmain.sh
ShellScript,3000+,coin-or-tools-Data-Netlib,8bf502f3c0b65193b0d71c9f52741dfd83aebfb5,ltmain.sh,ltmain.sh
ShellScript,3000+,coin-or-tools-Data-Netlib,c65258f199b68b5630ad0616caf8d2a1c44112ac,ltmain.sh,ltmain.sh
ShellScript,3000+,coin-or-tools-Data-Sample,2dd7c5dbb53174a2cbe4d5661a474b80da9e6d8f,ltmain.sh,ltmain.sh
ShellScript,3000+,coin-or-tools-Data-Sample,987680bcb9e874b5a4e527b6ca36713854dda5a9,ltmain.sh,ltmain.sh
ShellScript,3000+,coin-or-tools-Data-Sample,bd242a26d622f72c21bc9597d2b6d2eba1ee98ab,ltmain.sh,ltmain.sh
ShellScript,3000+,dell-dkms,2eec0a6457f5b14e207caa97181618a78fc0811d,run_test.sh,run_test.sh
ShellScript,3000+,dell-dkms,6a12552edefbae331f2132bccc83dea7d1c0a1eb,run_test.sh,run_test.sh
ShellScript,3000+,dell-dkms,6a75f70512140657a0d86d7609c993d6ac146458,run_test.sh,run_test.sh
ShellScript,3000+,dell-dkms,ee8feda8eaadb5bda714fd402fd3d3ee9bdef36d,run_test.sh,run_test.sh
ShellScript,3000+,esnet-iperf,2a2984488d6de8f7a2d1f5938e03ca7be57e227c,config/ltmain.sh,config/ltmain.sh
ShellScript,3000+,esnet-iperf,85b25c2ec8f932dec9b867f9bc60d4d4f6dec705,config/ltmain.sh,config/ltmain.sh
ShellScript,3000+,ginggs-gelemental,880f2b0bdadabf4e5da2b421641578209825873c,ltmain.sh,ltmain.sh
ShellScript,3000+,ginggs-gelemental,9548e3ab4d79a6e23e9c4c33c0056bcc157dae09,ltmain.sh,ltmain.sh
ShellScript,3000+,gnustep-libs-dbuskit,7d4e218ab6ee224ee59ee127b4a3a4ceb70a8eac,ltmain.sh,ltmain.sh
ShellScript,3000+,greymd-tmux-xpanes,3c36c955c9ec83ae852efefd1b38cb516a991c3d,test/cases_all.sh,test/cases_all.sh
ShellScript,3000+,greymd-tmux-xpanes,8db3755395592f1d6c53f6c35150939ff485d013,test/cases_all.sh,test/cases_all.sh
ShellScript,3000+,greymd-tmux-xpanes,961c3408be8e9b84f2228c764c75d90eb1705e69,test/cases_all.sh,test/cases_all.sh
ShellScript,3000+,greymd-tmux-xpanes,980c68fcdb8902860f37f303109dc97a53fa0dc3,test/cases_all.sh,test/cases_all.sh
ShellScript,3000+,greymd-tmux-xpanes,accd87ba48981f639ce328ceb50f906742f09376,test/cases_all.sh,test/cases_all.sh
ShellScript,3000+,greymd-tmux-xpanes,d9fcef89a231554c514e2fea0bb6efc5c3983191,test/cases_all.sh,test/cases_all.sh
ShellScript,3000+,greymd-tmux-xpanes,e5aa940fd355e9074e86852234dd4b925abd0fb5,test/cases_all.sh,test/cases_all.sh
ShellScript,3000+,greymd-tmux-xpanes,ee27a29c978dcf5539ffe0653188df4167511b03,test/cases_all.sh,test/cases_all.sh
ShellScript,3000+,greymd-tmux-xpanes,f4022abd1fee8629eba9cc50a1cd004e3e92bec2,test/cases_all.sh,test/cases_all.sh
ShellScript,3000+,greymd-tmux-xpanes,f8e6fe2115f1d97fef64bfccca9805aefbabb26f,test/cases_all.sh,test/cases_all.sh
ShellScript,3000+,grobian-carbon-c-relay,bd1d0a33efaee2b388b051226aafccc84a16c3dc,ltmain.sh,ltmain.sh
ShellScript,3000+,grondo-edac-utils,edf15c84e3cc9a7476745a683ef4047e14944b2b,config/ltmain.sh,config/ltmain.sh
ShellScript,3000+,hashicorp-vagrant_cloud,22bf85b44916826e0b25c1e548afd6682304eb80,.ci/.ci-utility-files/common.sh,.ci/.ci-utility-files/common.sh
ShellScript,3000+,hashicorp-vagrant_cloud,ce39e12df5ddc32bbe03e6c356dfe892a37f1275,.ci/.ci-utility-files/common.sh,.ci/.ci-utility-files/common.sh
ShellScript,3000+,hashicorp-vagrant_cloud,fe96d2250115af1d6a1fad7f059cc3a5c19736b5,.ci/.ci-utility-files/common.sh,.ci/.ci-utility-files/common.sh
ShellScript,3000+,hunspell-mythes,821f07c4cd10eadb9a11e292b7c6defb1f24239b,ltmain.sh,ltmain.sh
ShellScript,3000+,hunspell-mythes,9bba61f86e432faecc8728c16f38887697e8c049,ltmain.sh,ltmain.sh
ShellScript,3000+,hyperrealm-libconfig,490f387aa43dfe8a871edc26844082420ca00bdc,aux-build/ltmain.sh,aux-build/ltmain.sh
ShellScript,3000+,imapsync-imapsync,1d08afaba6526c2052955c914f5a43eac293daa0,tests.sh,tests.sh
ShellScript,3000+,imapsync-imapsync,2f815205a9ee2ee6572ae378de7e708916110622,tests.sh,tests.sh
ShellScript,3000+,imapsync-imapsync,399651d088c477435e1bf507c6f482f0b44504c2,tests.sh,tests.sh
ShellScript,3000+,imapsync-imapsync,42dd32ab62fd8ef3bf39bf4383ac3af621e472ee,tests.sh,tests.sh
ShellScript,3000+,imapsync-imapsync,f26b2573c37fe877ad121018aa62798f9d073bbc,tests.sh,tests.sh
ShellScript,3000+,jirka-h-haveged,deff543423c05c7f7e06b119f04b0c64c0238782,config/ltmain.sh,config/ltmain.sh
ShellScript,3000+,kubernetes-kubernetes,ae6f08eefd08ad62f3838bf7fab7b936fc515600,cluster/gce/gci/configure-helper.sh,cluster/gce/gci/configure-helper.sh
ShellScript,3000+,kubernetes-kubernetes,ae6f08eefd08ad62f3838bf7fab7b936fc515600,cluster/gce/util.sh,cluster/gce/util.sh
ShellScript,3000+,kubernetes-kubernetes,f7a0c01d6052dcbeea020e55c19b4f02d4a9e81e,cluster/gce/util.sh,cluster/gce/util.sh
ShellScript,3000+,kubernetes-kubernetes.git,96a9fe5f7b13de6d6594bb192b1a5acf0bdb98e5,cluster/gce/gci/configure-helper.sh,cluster/gce/gci/configure-helper.sh
ShellScript,3000+,linux-ras-sysfsutils,0d5456e1c9d969cdad6accef2ae2d4881d5db085,ltmain.sh,ltmain.sh
ShellScript,3000+,linux-ras-sysfsutils,8a58ef1c3914d263eba1c91e8870c8a19016dddb,ltmain.sh,ltmain.sh
ShellScript,3000+,linux-ras-sysfsutils,a94603e8834798216ce24be22475d52ed5647123,ltmain.sh,ltmain.sh
ShellScript,3000+,mackyle-topgit,55f135396898aa1eda2d515e150e6b3a301b742f,tg.sh,tg.sh
ShellScript,3000+,mackyle-topgit,5c8007c6bd5ccc363b9bdf13006f749bf918b527,tg.sh,tg.sh
ShellScript,3000+,mackyle-topgit,71bc6e9f91f87f37206c319a29d30c30b1abda50,tg.sh,tg.sh
ShellScript,3000+,mackyle-topgit,9e6cdcccd1313a3a7a6c235acc0eb1bde619ca1d,tg.sh,tg.sh
ShellScript,3000+,mackyle-topgit,b7cd1459d3df770b31f8bc6f6e9681d9b45fee38,tg.sh,tg.sh
ShellScript,3000+,mcrapet-plowshare,062d8888c80b6f3a4a398068df5133e60196e4fc,src/core.sh,src/core.sh
ShellScript,3000+,mcrapet-plowshare,0e3678d78d8f30c741ecc52e9a9b7679c0849db4,src/core.sh,src/core.sh
ShellScript,3000+,mcrapet-plowshare,16ba51a58350d8ddc76031a8101ffda58a9b1870,src/core.sh,src/core.sh
ShellScript,3000+,mcrapet-plowshare,5951ab24529ecc98b1c6da91d23c42b557308489,src/core.sh,src/core.sh
ShellScript,3000+,mcrapet-plowshare,6be667181c388353819450492f960e050a3b1597,src/core.sh,src/core.sh
ShellScript,3000+,mcrapet-plowshare,8d8c8b5cb16632efff302e400f53939bdbd5c378,src/core.sh,src/core.sh
ShellScript,3000+,mcrapet-plowshare,b781131b025b0a055b33eb6089a64a41b2b95cfb,src/core.sh,src/core.sh
ShellScript,3000+,mcrapet-plowshare,b8165053d5348e22bbc5a03465c1a643e2e207d1,src/core.sh,src/core.sh
ShellScript,3000+,mcrapet-plowshare,b8a437bc705c7c0b9501332b302d7e5c10dd5464,src/core.sh,src/core.sh
ShellScript,3000+,mcrapet-plowshare,d6b50433b01242a13e419321ae296798b7781577,src/core.sh,src/core.sh
ShellScript,3000+,mcrapet-plowshare,e26190bf9b2745d64bb66d7acb9408995ff0fc33,src/core.sh,src/core.sh
ShellScript,3000+,mcrapet-plowshare,e57467d8cd56b039eea0781cafe50cf9391f1f17,src/core.sh,src/core.sh
ShellScript,3000+,mcrapet-plowshare,f230c74b4ff040b0f9452c755b185d1c998007da,src/core.sh,src/core.sh
ShellScript,3000+,mcrapet-plowshare,f765ead337d0f3aff38a6d49f2e22adc3e5c9298,src/core.sh,src/core.sh
ShellScript,3000+,mcrapet-plowshare,fe339db5620a40aa02a59c5a31f39584c8db6e27,src/core.sh,src/core.sh
ShellScript,3000+,ofalk-libdnet,4e4fc687953105b66bcc847a68869126ac3ec918,config/ltmain.sh,config/ltmain.sh
ShellScript,3000+,ofalk-libdnet,989edf8923d406f88f0ac0c5f46b37b839afdd57,config/ltmain.sh,config/ltmain.sh
ShellScript,3000+,ofalk-libdnet,b4b5482feea5cd08c277929c548b3adc0a8e8543,config/ltmain.sh,config/ltmain.sh
ShellScript,3000+,ofalk-libdnet,e0374b52421ef291b14fc12bdfa2d3bf65fec3be,config/ltmain.sh,config/ltmain.sh
ShellScript,3000+,ppvan-libcsv,6abcae9a6ccd3aba1c22a97f10c92a4e94e532ae,ltmain.sh,ltmain.sh
ShellScript,3000+,scottdraves-flam3,2a090163a32b9a4312bbbc87bb5630a8b0ae2e2d,ltmain.sh,ltmain.sh
ShellScript,3000+,scottdraves-flam3,2b2963503dbf6dbd5aa20510d670faec254cd8b8,src/ltmain.sh,src/ltmain.sh
ShellScript,3000+,shevek-libspf2,4288fafce6d121cdc1199f13b468eeef0b693e65,config/ltmain.sh,config/ltmain.sh
ShellScript,3000+,shevek-libspf2,4915c308d57ff3abac9fb241f09c4bed2ab54815,config/ltmain.sh,config/ltmain.sh
ShellScript,3000+,skk-dev-skktools,5083b09a05513202b9546cee40e830608aea1094,ltmain.sh,ltmain.sh
ShellScript,3000+,speed47-spectre-meltdown-checker,0f2edb1a71733c1074550166c5e53abcfaa4d6ca,spectre-meltdown-checker.sh,spectre-meltdown-checker.sh
ShellScript,3000+,speed47-spectre-meltdown-checker,34c6095912d115551f69435a55d6e0445932fdf9,spectre-meltdown-checker.sh,spectre-meltdown-checker.sh
ShellScript,3000+,speed47-spectre-meltdown-checker,388d44edbd3d1c64b59e5115c21061566efcf32f,spectre-meltdown-checker.sh,spectre-meltdown-checker.sh
ShellScript,3000+,speed47-spectre-meltdown-checker,4e29fb5a219da56c53ef719d8284868a06b20478,spectre-meltdown-checker.sh,spectre-meltdown-checker.sh
ShellScript,3000+,speed47-spectre-meltdown-checker,9fed5ceb332d00b0095ec0a8c2034f5affd1b99a,spectre-meltdown-checker.sh,spectre-meltdown-checker.sh
ShellScript,3000+,speed47-spectre-meltdown-checker,a8466b74fe9c786990e3e5c72609ace2ffad6eb0,spectre-meltdown-checker.sh,spectre-meltdown-checker.sh
ShellScript,3000+,speed47-spectre-meltdown-checker,b99be2363c46d5ea1646643cc757298a58113348,spectre-meltdown-checker.sh,spectre-meltdown-checker.sh
ShellScript,3000+,speed47-spectre-meltdown-checker,bae43d837090515c82ce2e45216fcdf9bd94be52,spectre-meltdown-checker.sh,spectre-meltdown-checker.sh
ShellScript,3000+,speed47-spectre-meltdown-checker,bd0c7c94b5dded3b3178620fc8d166f98cdf503d,spectre-meltdown-checker.sh,spectre-meltdown-checker.sh
ShellScript,3000+,speed47-spectre-meltdown-checker,c2c60e0161e45237a73f37b6eb1aaab09e7d055f,spectre-meltdown-checker.sh,spectre-meltdown-checker.sh
ShellScript,3000+,speed47-spectre-meltdown-checker,d70e4c297473feda6463784caaeb692740e41fe6,spectre-meltdown-checker.sh,spectre-meltdown-checker.sh
ShellScript,3000+,unicorn-engine-unicorn,479b0c23947ba61ca13c24c5cda23ee43b1d64e6,symbols.sh,symbols.sh
ShellScript,3000+,wilx-apg,2a023862df5558f38fc637b0f2d425d5df86734b,ltmain.sh,ltmain.sh
ShellScript,3000+,xroche-httrack,5351ca9b465fb594c4a23290b670de70ad864f91,ltmain.sh,ltmain.sh
ShellScript,3000+,xroche-httrack,748c35de7858ead963daf1393ad023d75b7820c2,ltmain.sh,ltmain.sh
ShellScript,3000+,yuru7-HackGen,1ca22abd8c3df970322cb03d74c1e80554901c59,hackgen_generator.sh,hackgen_generator.sh
ShellScript,3000+,yuru7-HackGen,280fad5e6d704ffdd5be7f5eaec73bf8861ccda9,hackgen_generator.sh,hackgen_generator.sh
ShellScript,3000+,yuru7-HackGen,31d2d4fda49b380cf046a232ce91680fdb55550a,hackgen_generator.sh,hackgen_generator.sh
ShellScript,3000+,yuru7-HackGen,7c6a3c1129aa24213e75516f5b95163555901266,hackgen_generator.sh,hackgen_generator.sh
ShellScript,3000+,yuru7-HackGen,9169d0175f0b56fe34ed227457bfce5936aec113,hackgen_generator.sh,hackgen_generator.sh
ShellScript,3000+,yuru7-HackGen,a1e62ba96a6173fafcdb022c8f7c515a91bb11df,hackgen_generator.sh,hackgen_generator.sh
ShellScript,3000+,yuru7-HackGen,a6b62a87f5106073ecd6704ddf4b27a666c256bb,hackgen_generator.sh,hackgen_generator.sh
ShellScript,3000+,yuru7-HackGen,b24f2afcc0c5e0c2e1ace46c42e55542a5b1ffbd,hackgen_generator.sh,hackgen_generator.sh
ShellScript,3000+,yuru7-PlemolJP,7928d424c9fcb29636c9d31810397042747fcf82,plemoljp_generator.sh,plemoljp_generator.sh
ShellScript,3000+,yuru7-PlemolJP,885ca1a142f9faa0ef204bb651471cb6a3f11fa8,plemoljp_generator.sh,plemoljp_generator.sh
