language,size_bucket,repository,commit,path,old_path
XML,0-10,C1710-blobmoji,633f21f777865eb0fddaebf7424c3c2dbafb1106,emojicompat/FileMojiCompat/filemojicompat/src/main/AndroidManifest.xml,emojicompat/FileMojiCompat/filemojicompat/src/main/AndroidManifest.xml
XML,0-10,Governikus-AusweisApp,522d8b0b1069709d1000c6061b31056d8b433dd3,resources/packaging/android/res/values/strings.xml,resources/packaging/android/res/values/strings.xml
XML,0-10,Governikus-AusweisApp,68e416cc97afacf487aca0ccc4e892549d51bc0d,resources/packaging/android/res/values/style.xml,resources/packaging/android/res/values/style.xml
XML,0-10,Governikus-AusweisApp,fb0491a6cb9618eaff6a91d027c516970c25b960,resources/packaging/android/res/values/style.xml,resources/packaging/android/styles.xml
XML,0-10,HaxeFoundation-haxe-debian,46712500a9a0f434c6af02c17a3f5e842d6800a2,extra/haxelib_src/test/libraries/UseGitDep/haxelib.xml,extra/haxelib_src/testing/libraries/libFoo/haxelib.xml
XML,0-10,JetBrains-kotlin,d2a644caf9137db59ce0d3731d2df4670a114d10,.idea/scopes/All_except_testData.xml,.idea/scopes/all_except_testData.xml
XML,0-10,KRTirtho-spotube,08f624ece113da15fdfcc8d1c031b11265a2834f,android/app/src/nightly/res/mipmap-anydpi-v26/ic_launcher.xml,android/app/src/nightly/res/mipmap-anydpi-v26/ic_launcher.xml
XML,0-10,KRTirtho-spotube,4595eb169fd6e222259010e30d0df8723f9c71fb,android/app/src/profile/AndroidManifest.xml,android/app/src/profile/AndroidManifest.xml
XML,0-10,KRTirtho-spotube,5567214588ad39b636e314bc64b55f3a7e74cf2f,android/app/src/nightly/res/mipmap-anydpi-v26/ic_launcher.xml,android/app/src/nightly/res/mipmap-anydpi-v26/ic_launcher.xml
XML,0-10,LukashonakV-cava,0157a547ab931c5f8838dc23e289f5bb0f345b72,cavandroid/app/src/main/res/values/strings.xml,cavandroid/app/src/main/res/values/strings.xml
XML,0-10,LukashonakV-cava,1800ced16ea38ce630cd6de938295c8f85ccf722,cavandroid/app/src/main/res/values/strings.xml,cavandroid/app/src/main/res/values/strings.xml
XML,0-10,LukashonakV-cava,4c0b6b577504eb9d21383ab0f66d037cf06a0512,cavandroid/app/src/main/res/values/strings.xml,cavandroid/app/src/main/res/values/strings.xml
XML,0-10,LukashonakV-cava,aca02dd36b01fc79beea9b436ca62c371e546d86,cavandroid/app/src/main/res/values/strings.xml,cavandroid/app/src/main/res/values/strings.xml
XML,0-10,MegaGlest-megaglest-data,b6c91925b7f3057ffcc604d3ad9bc8ee58576fef,techs/magitech/resources/energy/energy.xml,techs/magitech/resources/energy/energy.xml
XML,0-10,MegaGlest-megaglest-data,b6c91925b7f3057ffcc604d3ad9bc8ee58576fef,techs/magitech/resources/food/food.xml,techs/magitech/resources/food/food.xml
XML,0-10,MegaGlest-megaglest-data,b6c91925b7f3057ffcc604d3ad9bc8ee58576fef,techs/megapack/resources/food/food.xml,techs/megapack/resources/food/food.xml
XML,0-10,MegaGlest-megaglest-data,b6c91925b7f3057ffcc604d3ad9bc8ee58576fef,techs/megapack/resources/housing/housing.xml,techs/megapack/resources/housing/housing.xml
XML,0-10,MegaGlest-megaglest-data,b6c91925b7f3057ffcc604d3ad9bc8ee58576fef,techs/megapack/resources/wood/wood.xml,techs/megapack/resources/wood/wood.xml
XML,0-10,OpenNI-OpenNI,07d8ce36a0b20f7fc4a7bd9cb161b1aa475b1c4d,Platform/Win32/CreateRedist/OpenNi_Config.xml,Platform/Win32/CreateRedist/OpenNi_Config.xml
XML,0-10,OpenNI-OpenNI,98d33a8cb14283c4ba2daa80acaf7b4587501a36,Platform/Win32/CreateRedist/OpenNi_Config.xml,Platform/Win32/CreateRedist/OpenNi_Config.xml
XML,0-10,Salamek-huawei-lte-api,760324354d1b142e4548086032383a5c4eabdef5,.idea/misc.xml,.idea/misc.xml
XML,0-10,alastair-python-musicbrainzngs,8f9f9e179ff589a29fe305b4aedf4ba422f79f16,test/data/work/80737426-8ef3-3a9c-a3a6-9507afb93e93-aliases.xml,test/data/work/80737426-8ef3-3a9c-a3a6-9507afb93e93-aliases.xml
XML,0-10,christgau-wsdd,13d2b0fc6b446db5390fb52be91a0da775a8fd98,etc/firewalld/services/wsdd-http.xml,etc/firewalld/services/wsdd-http.xml
XML,0-10,christgau-wsdd,13d2b0fc6b446db5390fb52be91a0da775a8fd98,etc/firewalld/services/wsdd.xml,etc/firewalld/services/wsdd.xml
XML,0-10,dita-ot-dita-ot,44e96350ea3b3a76f2a09be3a5e51ba892ca2c2f,src/test/resources/TopicBranchFilterModuleTest/exp/t1.xml,src/test/resources/TopicBranchFilterModuleTest/exp/t1.xml
XML,0-10,dolphin-emu-dolphin,1b8a54024c6be2453345d57064ae73647e7a1e44,Source/Android/app/src/main/res/values/bools.xml,Source/Android/app/src/main/res/values/bools.xml
XML,0-10,dom4j-dom4j,177069f0e96a40ddab5ab7f41519ec29e5a39652,.idea/misc.xml,.idea/misc.xml
XML,0-10,dom4j-dom4j,51b808ed8ed8149d2861db3b86a9e68105fe3034,.idea/compiler.xml,.idea/compiler.xml
XML,0-10,dom4j-dom4j,51b808ed8ed8149d2861db3b86a9e68105fe3034,.idea/misc.xml,.idea/misc.xml
XML,0-10,dom4j-dom4j,7db862a0ed1da5ab286f096e2a5cf0dc8e5098ff,.idea/misc.xml,.idea/misc.xml
XML,0-10,dom4j-dom4j,9b141527f6715dc2f3462cb6531ed6529a5d3008,.idea/compiler.xml,.idea/compiler.xml
XML,0-10,dom4j-dom4j,b717be0b3acd23708034197deb5775c158a27732,.idea/compiler.xml,.idea/compiler.xml
XML,0-10,dom4j-dom4j,b717be0b3acd23708034197deb5775c158a27732,.idea/misc.xml,.idea/misc.xml
XML,0-10,dom4j-dom4j,ff2f78cddc4776891ba3f90057aa90b7893e5700,.idea/compiler.xml,.idea/compiler.xml
XML,0-10,dom4j-dom4j,ff2f78cddc4776891ba3f90057aa90b7893e5700,.idea/misc.xml,.idea/misc.xml
XML,0-10,gap-packages-gbnp,cbff0bb196ffb0f7e35453e9e991af0f41fbf473,doc/timing.xml,doc/timing.xml
XML,0-10,getpelican-pelican,7ef5eae6399641b59987bbb408733fc9f6fe3207,pelican/tests/output/basic/feeds/all-fr.atom.xml,pelican/tests/output/basic/feeds/all-fr.atom.xml
XML,0-10,getpelican-pelican,7ef5eae6399641b59987bbb408733fc9f6fe3207,pelican/tests/output/basic/feeds/bar.atom.xml,pelican/tests/output/basic/feeds/bar.atom.xml
XML,0-10,getpelican-pelican,7ef5eae6399641b59987bbb408733fc9f6fe3207,pelican/tests/output/basic/feeds/cat1.atom.xml,pelican/tests/output/basic/feeds/cat1.atom.xml
XML,0-10,getpelican-pelican,7ef5eae6399641b59987bbb408733fc9f6fe3207,pelican/tests/output/custom/feeds/all-fr.atom.xml,pelican/tests/output/custom/feeds/all-fr.atom.xml
XML,0-10,getpelican-pelican,7ef5eae6399641b59987bbb408733fc9f6fe3207,pelican/tests/output/custom/feeds/bar.rss.xml,pelican/tests/output/custom/feeds/bar.rss.xml
XML,0-10,getpelican-pelican,7ef5eae6399641b59987bbb408733fc9f6fe3207,pelican/tests/output/custom/feeds/cat1.atom.xml,pelican/tests/output/custom/feeds/cat1.atom.xml
XML,0-10,getpelican-pelican,7ef5eae6399641b59987bbb408733fc9f6fe3207,pelican/tests/output/custom/feeds/cat1.rss.xml,pelican/tests/output/custom/feeds/cat1.rss.xml
XML,0-10,getpelican-pelican,7ef5eae6399641b59987bbb408733fc9f6fe3207,pelican/tests/output/custom/feeds/yeah.rss.xml,pelican/tests/output/custom/feeds/yeah.rss.xml
XML,0-10,getpelican-pelican,7ef5eae6399641b59987bbb408733fc9f6fe3207,pelican/tests/output/custom_locale/feeds/bar.atom.xml,pelican/tests/output/custom_locale/feeds/bar.atom.xml
XML,0-10,getpelican-pelican,7ef5eae6399641b59987bbb408733fc9f6fe3207,pelican/tests/output/custom_locale/feeds/cat1.atom.xml,pelican/tests/output/custom_locale/feeds/cat1.atom.xml
XML,0-10,getpelican-pelican,7ef5eae6399641b59987bbb408733fc9f6fe3207,pelican/tests/output/custom_locale/feeds/cat1.rss.xml,pelican/tests/output/custom_locale/feeds/cat1.rss.xml
XML,0-10,itstool-itstool,29d6a9ea85c8fb939b4fdaabb92e08eb42bfdefc,tests/ITS-2.0-Testsuite/inputdata/elementswithintext/html/withintext1htmlrules.xml,tests/ITS-2.0-Testsuite/inputdata/elementswithintext/html/withintext1htmlrules.xml
XML,0-10,itstool-itstool,29d6a9ea85c8fb939b4fdaabb92e08eb42bfdefc,tests/ITS-2.0-Testsuite/inputdata/idvalue/html/idvalue2htmlrules.xml,tests/ITS-2.0-Testsuite/inputdata/idvalue/html/idvalue2htmlrules.xml
XML,0-10,itstool-itstool,29d6a9ea85c8fb939b4fdaabb92e08eb42bfdefc,tests/ITS-2.0-Testsuite/inputdata/translate/html/translate1htmlrules.xml,tests/ITS-2.0-Testsuite/inputdata/translate/html/translate1htmlrules.xml
XML,0-10,itstool-itstool,9f85a74071db1fa5ca3a2dd83a3ab187884fb7f7,tests/ITS-2.0-Testsuite/inputdata/elementswithintext/html/withintext1htmlrules.xml,tests/ITS-2.0-Testsuite/inputdata/elementswithintext/html/withintext1htmlrules.xml
XML,0-10,itstool-itstool,9f85a74071db1fa5ca3a2dd83a3ab187884fb7f7,tests/ITS-2.0-Testsuite/inputdata/elementswithintext/html/withintext3htmlrules.xml,tests/ITS-2.0-Testsuite/inputdata/elementswithintext/html/withintext3htmlrules.xml
XML,0-10,itstool-itstool,9f85a74071db1fa5ca3a2dd83a3ab187884fb7f7,tests/ITS-2.0-Testsuite/inputdata/externalresource/html/externalresource2htmlrules.xml,tests/ITS-2.0-Testsuite/inputdata/externalresource/html/externalresource2htmlrules.xml
XML,0-10,itstool-itstool,9f85a74071db1fa5ca3a2dd83a3ab187884fb7f7,tests/ITS-2.0-Testsuite/inputdata/externalresource/xml/externalresource2xmlrules.xml,tests/ITS-2.0-Testsuite/inputdata/externalresource/xml/externalresource2xmlrules.xml
XML,0-10,itstool-itstool,9f85a74071db1fa5ca3a2dd83a3ab187884fb7f7,tests/ITS-2.0-Testsuite/inputdata/externalresource/xml/externalresource3xmlrules.xml,tests/ITS-2.0-Testsuite/inputdata/externalresource/xml/externalresource3xmlrules.xml
XML,0-10,itstool-itstool,9f85a74071db1fa5ca3a2dd83a3ab187884fb7f7,tests/ITS-2.0-Testsuite/inputdata/externalresource/xml/externalresource5xmlrules.xml,tests/ITS-2.0-Testsuite/inputdata/externalresource/xml/externalresource5xmlrules.xml
XML,0-10,itstool-itstool,9f85a74071db1fa5ca3a2dd83a3ab187884fb7f7,tests/ITS-2.0-Testsuite/inputdata/idvalue/html/idvalue2htmlrules.xml,tests/ITS-2.0-Testsuite/inputdata/idvalue/html/idvalue2htmlrules.xml
XML,0-10,itstool-itstool,9f85a74071db1fa5ca3a2dd83a3ab187884fb7f7,tests/ITS-2.0-Testsuite/inputdata/idvalue/xml/idvalue3xmlrules.xml,tests/ITS-2.0-Testsuite/inputdata/idvalue/xml/idvalue3xmlrules.xml
XML,0-10,itstool-itstool,9f85a74071db1fa5ca3a2dd83a3ab187884fb7f7,tests/ITS-2.0-Testsuite/inputdata/idvalue/xml/idvalue4xmlrules.xml,tests/ITS-2.0-Testsuite/inputdata/idvalue/xml/idvalue4xmlrules.xml
XML,0-10,itstool-itstool,9f85a74071db1fa5ca3a2dd83a3ab187884fb7f7,tests/ITS-2.0-Testsuite/inputdata/localefilter/html/locale3htmlrules.xml,tests/ITS-2.0-Testsuite/inputdata/localefilter/html/locale3htmlrules.xml
XML,0-10,itstool-itstool,9f85a74071db1fa5ca3a2dd83a3ab187884fb7f7,tests/ITS-2.0-Testsuite/inputdata/localefilter/xml/locale2xml.xml,tests/ITS-2.0-Testsuite/inputdata/localefilter/xml/locale2xml.xml
XML,0-10,itstool-itstool,9f85a74071db1fa5ca3a2dd83a3ab187884fb7f7,tests/ITS-2.0-Testsuite/inputdata/localefilter/xml/locale3xmlrules.xml,tests/ITS-2.0-Testsuite/inputdata/localefilter/xml/locale3xmlrules.xml
XML,0-10,itstool-itstool,9f85a74071db1fa5ca3a2dd83a3ab187884fb7f7,tests/ITS-2.0-Testsuite/inputdata/localefilter/xml/locale5xml.xml,tests/ITS-2.0-Testsuite/inputdata/localefilter/xml/locale5xml.xml
XML,0-10,itstool-itstool,9f85a74071db1fa5ca3a2dd83a3ab187884fb7f7,tests/ITS-2.0-Testsuite/inputdata/localefilter/xml/locale7xmlrules.xml,tests/ITS-2.0-Testsuite/inputdata/localefilter/xml/locale7xmlrules.xml
XML,0-10,itstool-itstool,9f85a74071db1fa5ca3a2dd83a3ab187884fb7f7,tests/ITS-2.0-Testsuite/inputdata/localizationnote/html/locnote1htmlrules.xml,tests/ITS-2.0-Testsuite/inputdata/localizationnote/html/locnote1htmlrules.xml
XML,0-10,itstool-itstool,9f85a74071db1fa5ca3a2dd83a3ab187884fb7f7,tests/ITS-2.0-Testsuite/inputdata/localizationnote/html/locnote2htmlrules.xml,tests/ITS-2.0-Testsuite/inputdata/localizationnote/html/locnote2htmlrules.xml
XML,0-10,itstool-itstool,9f85a74071db1fa5ca3a2dd83a3ab187884fb7f7,tests/ITS-2.0-Testsuite/inputdata/localizationnote/html/locnote3htmlrules.xml,tests/ITS-2.0-Testsuite/inputdata/localizationnote/html/locnote3htmlrules.xml
XML,0-10,itstool-itstool,9f85a74071db1fa5ca3a2dd83a3ab187884fb7f7,tests/ITS-2.0-Testsuite/inputdata/localizationnote/html/locnote4htmlrules.xml,tests/ITS-2.0-Testsuite/inputdata/localizationnote/html/locnote4htmlrules.xml
XML,0-10,itstool-itstool,9f85a74071db1fa5ca3a2dd83a3ab187884fb7f7,tests/ITS-2.0-Testsuite/inputdata/preservespace/xml/preservespace2xml.xml,tests/ITS-2.0-Testsuite/inputdata/preservespace/xml/preservespace2xml.xml
XML,0-10,itstool-itstool,9f85a74071db1fa5ca3a2dd83a3ab187884fb7f7,tests/ITS-2.0-Testsuite/inputdata/preservespace/xml/preservespace4xml.xml,tests/ITS-2.0-Testsuite/inputdata/preservespace/xml/preservespace4xml.xml
XML,0-10,itstool-itstool,9f85a74071db1fa5ca3a2dd83a3ab187884fb7f7,tests/ITS-2.0-Testsuite/inputdata/preservespace/xml/preservespace6xml.xml,tests/ITS-2.0-Testsuite/inputdata/preservespace/xml/preservespace6xml.xml
XML,0-10,itstool-itstool,9f85a74071db1fa5ca3a2dd83a3ab187884fb7f7,tests/ITS-2.0-Testsuite/inputdata/translate/html/translate1htmlrules.xml,tests/ITS-2.0-Testsuite/inputdata/translate/html/translate1htmlrules.xml
XML,0-10,itstool-itstool,9f85a74071db1fa5ca3a2dd83a3ab187884fb7f7,tests/ITS-2.0-Testsuite/inputdata/translate/html/translate3htmlrules.xml,tests/ITS-2.0-Testsuite/inputdata/translate/html/translate3htmlrules.xml
XML,0-10,itstool-itstool,9f85a74071db1fa5ca3a2dd83a3ab187884fb7f7,tests/ITS-2.0-Testsuite/inputdata/translate/html/translate4htmlrules.xml,tests/ITS-2.0-Testsuite/inputdata/translate/html/translate4htmlrules.xml
XML,0-10,itstool-itstool,9f85a74071db1fa5ca3a2dd83a3ab187884fb7f7,tests/ITS-2.0-Testsuite/inputdata/translate/html/translate6htmlrules.xml,tests/ITS-2.0-Testsuite/inputdata/translate/html/translate6htmlrules.xml
XML,0-10,itstool-itstool,9f85a74071db1fa5ca3a2dd83a3ab187884fb7f7,tests/ITS-2.0-Testsuite/inputdata/translate/xml/translate10xml.xml,tests/ITS-2.0-Testsuite/inputdata/translate/xml/translate10xml.xml
XML,0-10,itstool-itstool,9f85a74071db1fa5ca3a2dd83a3ab187884fb7f7,tests/ITS-2.0-Testsuite/inputdata/translate/xml/translate10xmlrules.xml,tests/ITS-2.0-Testsuite/inputdata/translate/xml/translate10xmlrules.xml
XML,0-10,itstool-itstool,9f85a74071db1fa5ca3a2dd83a3ab187884fb7f7,tests/ITS-2.0-Testsuite/inputdata/translate/xml/translate2xmlrules.xml,tests/ITS-2.0-Testsuite/inputdata/translate/xml/translate2xmlrules.xml
XML,0-10,itstool-itstool,9f85a74071db1fa5ca3a2dd83a3ab187884fb7f7,tests/ITS-2.0-Testsuite/inputdata/translate/xml/translate3xmlrules.xml,tests/ITS-2.0-Testsuite/inputdata/translate/xml/translate3xmlrules.xml
XML,0-10,jakartaee-servlet,d0841f4ffe27ddbedc71dcf34535c12c1b55057f,.mvn/extensions.xml,.mvn/extensions.xml
XML,0-10,jbruchon-jdupes,20d83ca42ec041063c5cad956f94a079195167dd,winres.manifest.xml,winres.manifest.xml
XML,0-10,jbruchon-jdupes,3a50704d4b53f30df099b7700d58789f9379c6e3,winres.manifest.xml,winres.manifest.xml
XML,0-10,jbruchon-jdupes,46b6785a1860b19b7ff169c62139d3aa51f74b0c,winres.manifest.xml,winres.manifest.xml
XML,0-10,jbruchon-libjodycode,0bf769e0fe710c101bd625571296efbd028b6395,winres.manifest.xml,winres.manifest.xml
XML,0-10,lincity-ng-lincity-ng,08f12f733b3afe3cf6bdfe212b0d9c7656588d1e,data/help/el/pbar.xml,data/help/el/pbar.xml
XML,0-10,lincity-ng-lincity-ng,08f12f733b3afe3cf6bdfe212b0d9c7656588d1e,data/help/el/river.xml,data/help/el/river.xml
XML,0-10,lincity-ng-lincity-ng,08f12f733b3afe3cf6bdfe212b0d9c7656588d1e,data/help/sv/pause.xml,data/help/sv/pause.xml
XML,0-10,matrix-org-python-signedjson,cafafc0ea6d1649147931e54e088ee53ee491be5,.idea/misc.xml,.idea/misc.xml
XML,0-10,mediacloud-sentence-splitter,2f1d3e1ce9304cbcbe9e5506787d4489c1613bb0,.idea/misc.xml,.idea/misc.xml
XML,0-10,phar-io-manifest,25e0b0aeb701a4e5ce686010877bd0d20b37ae2e,phive.xml,phive.xml
XML,0-10,phar-io-manifest,b599bec5985034b05d20753aad0282e4de71a586,phive.xml,phive.xml
XML,0-10,phar-io-manifest,ef2cab283147063bf997faa72b6e2e7a072aec1b,phive.xml,phive.xml
XML,0-10,phar-io-version,15a90844ad40f127afd244c0cad228de2a80052a,phive.xml,phive.xml
XML,0-10,phar-io-version,53479d6c1d0d7e3b258032791f776bf037246667,phive.xml,phive.xml
XML,0-10,phar-io-version,963aac7cdeb68d4f0357ed636d27d0f29baa2b86,phive.xml,phive.xml
XML,0-10,relaxng-jing-trang,1e0744d72ca3923d3867eb621e31fb52f0090629,version.xml,version.xml
XML,0-10,relaxng-jing-trang,84ec6ad578d6e0a77342baa5427851f98028bfd8,version.xml,version.xml
XML,0-10,relaxng-jing-trang,a3ec4cd650f48ec00189578f314fbe94893cd92d,version.xml,version.xml
XML,0-10,relaxng-jing-trang,cbc7271a41987a05b83af9d1726cddcb445a7167,version.xml,version.xml
XML,0-10,relaxng-jing-trang,d6d6bdb930a9c8010ebbb3746f3b688406be0de2,version.xml,version.xml
XML,0-10,richardlehane-siegfried,17ba7e5db6a815ed38383d86e6b803674844fc40,cmd/sf/testdata/skeleton-suite/fmt/fmt-1776-signature-id-2117.xml,cmd/sf/testdata/skeleton-suite/fmt/fmt-1776-signature-id-2117.xml
XML,0-10,robert7-nixnote2,64c571d05925e1581b97391ec70b20d673a1c618,.idea/runConfigurations/nixnote2__dev_config_.xml,.idea/runConfigurations/nixnote2__dev_config_.xml
XML,0-10,robert7-nixnote2,64c571d05925e1581b97391ec70b20d673a1c618,.idea/runConfigurations/nixnote2__dflt_config_.xml,.idea/runConfigurations/nixnote2__dflt_config_.xml
XML,0-10,schollii-pypubsub,07350626ea6a6b8a65ca2876bc149b2b1d1aa757,.idea/modules.xml,.idea/modules.xml
XML,0-10,schollii-pypubsub,76a6cb6f027f5b95ea6ff9a1df8ba03129511bee,.idea/vcs.xml,.idea/vcs.xml
XML,0-10,schollii-pypubsub,aaddf37e6ab50754d8a6edc01299052021efdb70,.idea/modules.xml,.idea/modules.xml
XML,0-10,schollii-pypubsub,aaddf37e6ab50754d8a6edc01299052021efdb70,.idea/vcs.xml,.idea/vcs.xml
XML,0-10,scottdraves-electricsheep,2193d358556bb93ad25bc2d2efce85863e8195b6,client_generic/MacBuild/Installer.pmdoc/01electric.xml,client_generic/MacBuild/Installer.pmdoc/01electric.xml
XML,0-10,scottdraves-electricsheep,2193d358556bb93ad25bc2d2efce85863e8195b6,client_generic/MacBuild/Installer.pmdoc/02electric.xml,client_generic/MacBuild/Installer.pmdoc/02electric.xml
XML,0-10,scottdraves-electricsheep,c53a76975a7e43bbdaf42294956748c427f5a5ef,client_generic/MacBuild/Installer.pmdoc/02electric-contents.xml,client_generic/MacBuild/Installer.pmdoc/02electric-contents.xml
XML,0-10,scottdraves-electricsheep,d2f0532d80abab0a6b5bf84f2f5a10953876239c,client_generic/MacBuild/Installer.pmdoc/01electric.xml,client_generic/MacBuild/Installer.pmdoc/01electric.xml
XML,0-10,scottdraves-electricsheep,d2f0532d80abab0a6b5bf84f2f5a10953876239c,client_generic/MacBuild/Installer.pmdoc/02electric.xml,client_generic/MacBuild/Installer.pmdoc/02electric.xml
XML,0-10,sebastianbergmann-code-unit-reverse-lookup,0023f191cd1fdfb292967acec6e8252c28e23aaf,.phive/phars.xml,.phive/phars.xml
XML,0-10,sebastianbergmann-code-unit-reverse-lookup,1b8d012f8754b84ce2bedf23f6a2880d340131cc,.phive/phars.xml,.phive/phars.xml
XML,0-10,sebastianbergmann-code-unit-reverse-lookup,2cac992740ee772e90d58be12bd225eaed1a5c6b,.phive/phars.xml,.phive/phars.xml
XML,0-10,sebastianbergmann-code-unit-reverse-lookup,3a36f10f233ee2d731a212abda5a90a24cb38269,.phive/phars.xml,.phive/phars.xml
XML,0-10,sebastianbergmann-code-unit-reverse-lookup,462af5f869c9b3d1b6ae746504b3cd81edeb3640,.phive/phars.xml,.phive/phars.xml
XML,0-10,sebastianbergmann-code-unit-reverse-lookup,492ffa98c218de3cd4de3f5131313d636d5afc23,.phive/phars.xml,.phive/phars.xml
XML,0-10,sebastianbergmann-code-unit-reverse-lookup,49e0a44d54e3c728fe6126c497c0c88512e0a575,.phive/phars.xml,.phive/phars.xml
XML,0-10,sebastianbergmann-code-unit-reverse-lookup,5c260ec92f79e3f19c5ee136d520fb808f869ce1,.phive/phars.xml,.phive/phars.xml
XML,0-10,sebastianbergmann-code-unit-reverse-lookup,89309907189022d15715106326f0837977efb68f,.phive/phars.xml,.phive/phars.xml
XML,0-10,sebastianbergmann-code-unit-reverse-lookup,92e21c2c5394fe2b4ec6f4257848b9a543df3643,.phive/phars.xml,.phive/phars.xml
XML,0-10,sebastianbergmann-code-unit-reverse-lookup,976d605bc37509624206e4ca77ffe0657c374259,.phive/phars.xml,.phive/phars.xml
XML,0-10,sebastianbergmann-code-unit-reverse-lookup,9ef974aaa044aa77811235ceec1de78a5827e9a3,.phive/phars.xml,.phive/phars.xml
XML,0-10,sebastianbergmann-code-unit-reverse-lookup,a5d4b197dabd362421d775b6bf18b8a6b3660739,.phive/phars.xml,.phive/phars.xml
XML,0-10,sebastianbergmann-code-unit-reverse-lookup,a755ad38d0d184588377ca574b44ef671fed2c21,.phive/phars.xml,.phive/phars.xml
XML,0-10,sebastianbergmann-code-unit-reverse-lookup,c53ba4b40273559450def4e6f2d84a1f142deb80,.phive/phars.xml,.phive/phars.xml
XML,0-10,sebastianbergmann-code-unit-reverse-lookup,cc5524ded616857e8f47b236e189d6b30b32860e,.phive/phars.xml,.phive/phars.xml
XML,0-10,sebastianbergmann-code-unit-reverse-lookup,cd3f95c3041ebf51cb0507c4721a1fc8b1b5138f,.phive/phars.xml,.phive/phars.xml
XML,0-10,sebastianbergmann-code-unit-reverse-lookup,fb446b105b0a3ca1b433578a4c1e34acf0e0bb3a,.phive/phars.xml,.phive/phars.xml
XML,0-10,sebastianbergmann-php-text-template,c3a95542959c824e031efd75a51a91a742b65399,.phive/phars.xml,.phive/phars.xml
XML,0-10,sebastianbergmann-php-timer,297d0ed22e93b061dfa9697636255c6b4570786a,.phive/phars.xml,.phive/phars.xml
XML,0-10,sebastianbergmann-version,2d4ad5a8dde0ff9a005bcaa55cc71d02ec7fa8c7,.phive/phars.xml,.phive/phars.xml
XML,0-10,sebastianbergmann-version,9a3ad557bf9be8d91818931a239610a2c028a785,.phive/phars.xml,.phive/phars.xml
XML,0-10,starfish-app-starfish,e5562e5ffe1c7c4317344799937cef68c674360a,data/gresource.xml,data/gresource.xml
XML,0-10,theseer-Autoload,9a5f7b0ded5377fb30bbd7d9f67d0cfd5a056698,phive.xml,phive.xml
XML,0-10,theseer-Autoload,b8d55bd9b58a5074f3339443d102f022f619b7cb,phive.xml,phive.xml
XML,0-10,theseer-Autoload,bcfe55c51ff5d73410773c09f07dfa260fabdda9,phive.xml,phive.xml
XML,0-10,theseer-Autoload,dab1495b4f3741386a7dabeeca20b25a3af6c707,phive.xml,phive.xml
XML,0-10,theseer-tokenizer,e9ef98ca352abf4eaa7e3fee2585f2bc4b1636d6,phive.xml,phive.xml
XML,0-10,theseer-tokenizer,ff9a4cfb195c3df2f792c3092e11b5d24a2d80f3,phive.xml,phive.xml
XML,0-10,vdr-projects-vdr-plugin-vdrmanager,c2ce599d38e1ea8027df0fb7b5b76d0d42432db5,vdrmanager/de.bjusystems.vdrmanager/src/main/res/values/dimens.xml,vdrmanager/de.bjusystems.vdrmanager/src/main/res/values/dimens.xml
XML,10-30,AdoptOpenJDK-icedtea-web,08253b57aaae3f6fa22ae8fbc99efb028a00b0de,jnlp-api/pom.xml,jnlp-api/pom.xml
XML,10-30,AdoptOpenJDK-icedtea-web,66422421d703566dd4f4b2b098ad25ae536fd369,jnlp-api/pom.xml,jnlp-api/pom.xml
XML,10-30,AdoptOpenJDK-icedtea-web,b8c12ce5f91689d0637c975f26ce44039c022418,jnlp-api/pom.xml,jnlp-api/pom.xml
XML,10-30,Enigma-Game-Enigma,39e7801bd17b1c8fc2c9577daf33b562a330a851,data/schemas/state.xml,data/schemas/state.xml
XML,10-30,FrancescoCeruti-linux-show-player,41d4d1864e49c622b1be4e92936d3eb448dbc4c4,lisp/i18n/ts/fr_FR/synchronizer.ts,lisp/i18n/ts/fr_FR/synchronizer.ts
XML,10-30,GPUOpen-Drivers-AMDVLK,9e6d4d91cab8e549015e951745967017dd6af2ac,build_with_tools.xml,build_with_tools.xml
XML,10-30,MegaGlest-megaglest-data,4511c2b2455d5e79d0a0ebbde4885086fd44df40,techs/megapack/factions/magic/upgrades/energy_sharpening/energy_sharpening.xml,techs/megapack/factions/magic/upgrades/energy_sharpening/energy_sharpening.xml
XML,10-30,MegaGlest-megaglest-data,4511c2b2455d5e79d0a0ebbde4885086fd44df40,techs/megapack/factions/tech/upgrades/shield_level_2/shield_level_2.xml,techs/megapack/factions/tech/upgrades/shield_level_2/shield_level_2.xml
XML,10-30,MegaGlest-megaglest-data,5e53e440d7055e0e924ec24a2f1e4ad501d66270,techs/megapack/factions/norsemen/upgrades/mead/mead.xml,techs/megapack/factions/norsemen/upgrades/mead/mead.xml
XML,10-30,MegaGlest-megaglest-data,a0fe825d484926fd5ee79fba5074e6d22d00e89a,scenarios/beehive_castle/beehive_castle.xml,scenarios/beehive_castle/beehive_castle.xml
XML,10-30,MegaGlest-megaglest-data,a0fe825d484926fd5ee79fba5074e6d22d00e89a,scenarios/tough_duel/tough_duel.xml,scenarios/tough_duel/tough_duel.xml
XML,10-30,MegaGlest-megaglest-data,a0fe825d484926fd5ee79fba5074e6d22d00e89a,techs/megapack/factions/egypt/units/air_pyramid/particle_proj.xml,techs/megapack/factions/egypt/units/air_pyramid/particle_proj.xml
XML,10-30,MegaGlest-megaglest-data,a0fe825d484926fd5ee79fba5074e6d22d00e89a,techs/megapack/factions/egypt/units/priest/particle_proj.xml,techs/megapack/factions/egypt/units/priest/particle_proj.xml
XML,10-30,MegaGlest-megaglest-data,a0fe825d484926fd5ee79fba5074e6d22d00e89a,techs/megapack/factions/indian/units/axe_thrower/particle_proj.xml,techs/megapack/factions/indian/units/axe_thrower/particle_proj.xml
XML,10-30,MegaGlest-megaglest-data,a0fe825d484926fd5ee79fba5074e6d22d00e89a,techs/megapack/factions/indian/units/thunderbird/particle_proj.xml,techs/megapack/factions/indian/units/thunderbird/particle_proj.xml
XML,10-30,MegaGlest-megaglest-data,a0fe825d484926fd5ee79fba5074e6d22d00e89a,techs/megapack/factions/magic/units/battlemage/particle_proj.xml,techs/megapack/factions/magic/units/battlemage/particle_proj.xml
XML,10-30,MegaGlest-megaglest-data,a0fe825d484926fd5ee79fba5074e6d22d00e89a,techs/megapack/factions/magic/units/drake_rider/particle_proj_air.xml,techs/megapack/factions/magic/units/drake_rider/particle_proj_air.xml
XML,10-30,MegaGlest-megaglest-data,a0fe825d484926fd5ee79fba5074e6d22d00e89a,techs/megapack/factions/norsemen/units/thor/particle_proj.xml,techs/megapack/factions/norsemen/units/thor/particle_proj.xml
XML,10-30,MegaGlest-megaglest-data,a0fe825d484926fd5ee79fba5074e6d22d00e89a,techs/megapack/factions/persian/units/flying_carpet/molotov_particle_proj.xml,techs/megapack/factions/persian/units/flying_carpet/molotov_particle_proj.xml
XML,10-30,MegaGlest-megaglest-data,a0fe825d484926fd5ee79fba5074e6d22d00e89a,techs/megapack/factions/romans/units/gladiator/particle_proj.xml,techs/megapack/factions/romans/units/gladiator/particle_proj.xml
XML,10-30,MegaGlest-megaglest-data,a0fe825d484926fd5ee79fba5074e6d22d00e89a,techs/megapack/factions/tech/units/battle_machine/particle_proj.xml,techs/megapack/factions/tech/units/battle_machine/particle_proj.xml
XML,10-30,MegaGlest-megaglest-data,b6c91925b7f3057ffcc604d3ad9bc8ee58576fef,techs/magitech/resources/gold/gold.xml,techs/magitech/resources/gold/gold.xml
XML,10-30,MegaGlest-megaglest-data,b6c91925b7f3057ffcc604d3ad9bc8ee58576fef,techs/megapack/factions/tech/units/battle_machine/particle_splash.xml,techs/megapack/factions/tech/units/battle_machine/particle_splash.xml
XML,10-30,MegaGlest-megaglest-data,b6c91925b7f3057ffcc604d3ad9bc8ee58576fef,techs/megapack/factions/tech/upgrades/advanced_architecture/advanced_architecture.xml,techs/megapack/factions/tech/upgrades/advanced_architecture/advanced_architecture.xml
XML,10-30,MegaGlest-megaglest-data,b6c91925b7f3057ffcc604d3ad9bc8ee58576fef,techs/megapack/factions/tech/upgrades/shield_level_2/shield_level_2.xml,techs/megapack/factions/tech/upgrades/shield_level_2/shield_level_2.xml
XML,10-30,OpenNI-OpenNI,f0e60ef0836f90e94087faa950940f1ab07d034f,Platform/Win32/Driver/Build/dpinst/dpinst.xml,Platform/Win32/Driver/Build/dpinst/dpinst.xml
XML,10-30,PRATAP-KUMAR-Control_Blur_Effect_On_Lock_Screen,7f0e3f40557a5f5bfe0459f77de9cf9867c76218,schemas/org.gnome.shell.extensions.control-blur-effect-on-lockscreen.gschema.xml,schemas/org.gnome.shell.extensions.blur.gschema.xml
XML,10-30,bastibl-gr-ieee802-15-4,4ba907829f42df296750ee5007bfeb40a1bbac96,grc/ieee802_15_4_access_code_removal_b.xml,grc/ieee802_15_4_access_code_removal_b.xml
XML,10-30,bastibl-gr-ieee802-15-4,4ba907829f42df296750ee5007bfeb40a1bbac96,grc/ieee802_15_4_packet_sink.xml,grc/ieee802_15_4_packet_sink.xml
XML,10-30,bastibl-gr-ieee802-15-4,4ba907829f42df296750ee5007bfeb40a1bbac96,grc/ieee802_15_4_zeropadding_removal_b.xml,grc/ieee802_15_4_zeropadding_removal_b.xml
XML,10-30,brezerk-q4wine,6b9831ce41841b1e08fa43f7214f3829b8952171,templates/sample.xml,templates/sample.xml
XML,10-30,cosmos72-fstransform,0d70a424d90e94cc792fdd780418638f06c70b8a,fsmove/.settings/language.settings.xml,fsmove/.settings/language.settings.xml
XML,10-30,dita-ot-dita-ot,bed173b5fe1783f62e1ae4935870e6b196fcecd2,src/test/resources/org/dita/dost/chunk/ChunkModuleTest/exp/split-hierarchy/.job.xml,src/test/resources/org/dita/dost/chunk/ChunkModuleTest/exp/split-hierarchy/.job.xml
XML,10-30,dita-ot-dita-ot,bed173b5fe1783f62e1ae4935870e6b196fcecd2,src/test/resources/org/dita/dost/chunk/ChunkModuleTest/src/managing-links-duplicates/.job.xml,src/test/resources/org/dita/dost/chunk/ChunkModuleTest/src/managing-links-duplicates/.job.xml
XML,10-30,eclipse-aspectj-aspectj,34bddb2153211f3f3af508a7cfb04dca3bfcadb9,bcel-builder/pom.xml,bcel-builder/pom.xml
XML,10-30,eclipse-aspectj-aspectj,6b07f144720d496bad27019298db9f451eb99df6,bcel-builder/pom.xml,bcel-builder/pom.xml
XML,10-30,eclipse-ee4j-jaxb-fi,89604a91951fb6f990191d15ebae4a42f116e107,roundtrip-tests/exclude.xml,code/roundtrip-tests/exclude.xml
XML,10-30,eclipse-ee4j-jaxb-fi,89604a91951fb6f990191d15ebae4a42f116e107,samples/data/content.xml,code/samples/data/content.xml
XML,10-30,eclipse-iceoryx-iceoryx,0b6c557e2c43e43402b525717a269c5a164c4b27,tools/introspection/package.xml,tools/introspection/package.xml
XML,10-30,eclipse-iceoryx-iceoryx,37fcf444e1a0476b64674166b2fd42c92d2ad2b5,iceoryx_hoofs/package.xml,iceoryx_hoofs/package.xml
XML,10-30,eclipse-iceoryx-iceoryx,37fcf444e1a0476b64674166b2fd42c92d2ad2b5,tools/introspection/package.xml,tools/introspection/package.xml
XML,10-30,eclipse-iceoryx-iceoryx,7a6c212adaeac3d18dab4817bacd7cb601c7c218,iceoryx_hoofs/package.xml,iceoryx_hoofs/package.xml
XML,10-30,fedoradesign-backgrounds,530b9a2d8ebcc61c57557f9d1e3bec8847496c71,default/mate-backgrounds-f40.xml,default/mate-backgrounds-f39.xml
XML,10-30,getpelican-pelican,7ef5eae6399641b59987bbb408733fc9f6fe3207,pelican/tests/output/custom_locale/feeds/alexis-metaireau.rss.xml,pelican/tests/output/custom_locale/feeds/alexis-metaireau.rss.xml
XML,10-30,godotengine-godot,6b8eb8ebf1a2e64344ed8bd747638f2732fa6db7,modules/interactive_music/doc_classes/AudioStreamPlaybackPlaylist.xml,modules/interactive_music/doc_classes/AudioStreamPlaybackPlaylist.xml
XML,10-30,godotengine-godot.git,c1ee8e52e448f4052ff8e73fe132de4b601f2512,doc/classes/OptimizedTranslation.xml,doc/classes/OptimizedTranslation.xml
XML,10-30,hyphanet-contrib,0332cb04388710f9aa56dba93653fc3e46d414e8,freenet-ext/ant-task-maven.xml,freenet-ext/ant-task-maven.xml
XML,10-30,itstool-itstool,9f85a74071db1fa5ca3a2dd83a3ab187884fb7f7,tests/ITS-2.0-Testsuite/inputdata/idvalue/xml/idvalue5xml.xml,tests/ITS-2.0-Testsuite/inputdata/idvalue/xml/idvalue5xml.xml
XML,10-30,itstool-itstool,9f85a74071db1fa5ca3a2dd83a3ab187884fb7f7,tests/ITS-2.0-Testsuite/inputdata/localefilter/xml/locale3xml.xml,tests/ITS-2.0-Testsuite/inputdata/localefilter/xml/locale3xml.xml
XML,10-30,itstool-itstool,9f85a74071db1fa5ca3a2dd83a3ab187884fb7f7,tests/ITS-2.0-Testsuite/inputdata/localizationnote/html/locnote6htmlrules.xml,tests/ITS-2.0-Testsuite/inputdata/localizationnote/html/locnote6htmlrules.xml
XML,10-30,itstool-itstool,9f85a74071db1fa5ca3a2dd83a3ab187884fb7f7,tests/ITS-2.0-Testsuite/inputdata/localizationnote/xml/locnote11xmlrules.xml,tests/ITS-2.0-Testsuite/inputdata/localizationnote/xml/locnote11xmlrules.xml
XML,10-30,itstool-itstool,9f85a74071db1fa5ca3a2dd83a3ab187884fb7f7,tests/ITS-2.0-Testsuite/inputdata/preservespace/xml/preservespace5xml.xml,tests/ITS-2.0-Testsuite/inputdata/preservespace/xml/preservespace5xml.xml
XML,10-30,itstool-itstool,9f85a74071db1fa5ca3a2dd83a3ab187884fb7f7,tests/ITS-2.0-Testsuite/inputdata/translate/xml/translate5xml.xml,tests/ITS-2.0-Testsuite/inputdata/translate/xml/translate5xml.xml
XML,10-30,jakartaee-cdi,1ca348440ad0cd96c44a12b58d7690abba80363c,ide-config/pom.xml,ide-config/pom.xml
XML,10-30,jakartaee-tags,29d86a5fa35effd3097f4f3a73ce521d8f2c3748,src/com/sun/ts/tests/jstl/spec/core/iteration/foreach/jstl_core_iter_foreach_web.xml,src/com/sun/ts/tests/jstl/spec/core/iteration/foreach/jstl_core_iter_foreach_web.xml
XML,10-30,jakartaee-tags,35b7999cf4b45f2c96b87191c20269c8d20ee88c,src/com/sun/ts/tests/jstl/spec/core/conditional/cwo/jstl_core_cond_cwo_web.xml,src/com/sun/ts/tests/jstl/spec/core/conditional/cwo/jstl_core_cond_cwo_web.xml
XML,10-30,jakartaee-tags,35b7999cf4b45f2c96b87191c20269c8d20ee88c,src/com/sun/ts/tests/jstl/spec/core/iteration/loopstatus/jstl_core_iter_lstat_web.xml,src/com/sun/ts/tests/jstl/spec/core/iteration/loopstatus/jstl_core_iter_lstat_web.xml
XML,10-30,jakartaee-tags,35b7999cf4b45f2c96b87191c20269c8d20ee88c,src/com/sun/ts/tests/jstl/spec/fmt/i18n/bundle/jstl_fmt_bundle_web.xml,src/com/sun/ts/tests/jstl/spec/fmt/i18n/bundle/jstl_fmt_bundle_web.xml
XML,10-30,jakartaee-tags,a3a9e42707404f1e4d735c932beff78eb57d4d83,src/com/sun/ts/tests/jstl/spec/core/general/remove/jstl_core_gen_rem_web.xml,src/com/sun/ts/tests/jstl/spec/core/general/remove/jstl_core_gen_rem_web.xml
XML,10-30,jakartaee-tags,a3a9e42707404f1e4d735c932beff78eb57d4d83,src/com/sun/ts/tests/jstl/spec/fmt/format/localecontext/jstl_fmt_locctx_web.xml,src/com/sun/ts/tests/jstl/spec/fmt/format/localecontext/jstl_fmt_locctx_web.xml
XML,10-30,jakartaee-tags,a3a9e42707404f1e4d735c932beff78eb57d4d83,src/com/sun/ts/tests/jstl/spec/fmt/i18n/message/jstl_fmt_message_web.xml,src/com/sun/ts/tests/jstl/spec/fmt/i18n/message/jstl_fmt_message_web.xml
XML,10-30,jakartaee-tags,b57ec16b4ffd05a06eaec6b1dcdd52ba7735b675,src/com/sun/ts/tests/jstl/spec/fmt/format/fmtnum/jstl_fmt_fmtnum_web.xml,src/com/sun/ts/tests/jstl/spec/fmt/format/fmtnum/jstl_fmt_fmtnum_web.xml
XML,10-30,jakartaee-tags,b57ec16b4ffd05a06eaec6b1dcdd52ba7735b675,src/com/sun/ts/tests/jstl/spec/fmt/i18n/resourcelookup/jstl_fmt_reslook_web.xml,src/com/sun/ts/tests/jstl/spec/fmt/i18n/resourcelookup/jstl_fmt_reslook_web.xml
XML,10-30,jakartaee-tags,b57ec16b4ffd05a06eaec6b1dcdd52ba7735b675,src/com/sun/ts/tests/jstl/spec/fmt/i18n/setbundle/jstl_fmt_setbundle_web.xml,src/com/sun/ts/tests/jstl/spec/fmt/i18n/setbundle/jstl_fmt_setbundle_web.xml
XML,10-30,jakartaee-tags,b57ec16b4ffd05a06eaec6b1dcdd52ba7735b675,src/com/sun/ts/tests/jstl/spec/fmt/i18n/setlocale/jstl_fmt_setlocale_web.xml,src/com/sun/ts/tests/jstl/spec/fmt/i18n/setlocale/jstl_fmt_setlocale_web.xml
XML,10-30,jakartaee-tags,b57ec16b4ffd05a06eaec6b1dcdd52ba7735b675,src/com/sun/ts/tests/jstl/spec/xml/xconditional/xforeach/jstl_xml_xforeach_web.xml,src/com/sun/ts/tests/jstl/spec/xml/xconditional/xforeach/jstl_xml_xforeach_web.xml
XML,10-30,jakartaee-tags,b57ec16b4ffd05a06eaec6b1dcdd52ba7735b675,src/com/sun/ts/tests/jstl/spec/xml/xtransform/transform/jstl_xml_xform_web.xml,src/com/sun/ts/tests/jstl/spec/xml/xtransform/transform/jstl_xml_xform_web.xml
XML,10-30,jakartaee-tags,ca2bf1e6208b9e0a9069d6be6c3e808b7bde6579,src/com/sun/ts/tests/jstl/spec/core/conditional/iftag/jstl_core_cond_if_web.xml,tcks/apis/tags/src/main/resources/com/sun/ts/tests/jstl/spec/core/conditional/iftag/jstl_core_cond_if_web.xml
XML,10-30,jakartaee-tags,ca2bf1e6208b9e0a9069d6be6c3e808b7bde6579,src/com/sun/ts/tests/jstl/spec/core/general/set/jstl_core_gen_set_web.xml,tcks/apis/tags/src/main/java/com/sun/ts/tests/jstl/spec/core/general/set/jstl_core_gen_set_web.xml
XML,10-30,jakartaee-tags,ca2bf1e6208b9e0a9069d6be6c3e808b7bde6579,src/com/sun/ts/tests/jstl/spec/core/urlresource/redirect/jstl_core_url_redirect_web.xml,tcks/apis/tags/src/main/java/com/sun/ts/tests/jstl/spec/core/urlresource/redirect/jstl_core_url_redirect_web.xml
XML,10-30,jakartaee-tags,ca2bf1e6208b9e0a9069d6be6c3e808b7bde6579,src/com/sun/ts/tests/jstl/spec/fmt/format/settimezone/jstl_fmt_stz_web.xml,tcks/apis/tags/src/main/java/com/sun/ts/tests/jstl/spec/fmt/format/settimezone/jstl_fmt_stz_web.xml
XML,10-30,jakartaee-tags,ca2bf1e6208b9e0a9069d6be6c3e808b7bde6579,src/com/sun/ts/tests/jstl/spec/fmt/i18n/setlocale/jstl_fmt_setlocale_web.xml,tcks/apis/tags/src/main/java/com/sun/ts/tests/jstl/spec/fmt/i18n/setlocale/jstl_fmt_setlocale_web.xml
XML,10-30,jakartaee-tags,ca2bf1e6208b9e0a9069d6be6c3e808b7bde6579,src/com/sun/ts/tests/jstl/spec/xml/xmlcore/types/jstl_xml_types_web.xml,tcks/apis/tags/src/main/java/com/sun/ts/tests/jstl/spec/xml/xmlcore/types/jstl_xml_types_web.xml
XML,10-30,jakartaee-tags,ca2bf1e6208b9e0a9069d6be6c3e808b7bde6579,src/com/sun/ts/tests/jstl/spec/xml/xtransform/param/jstl_xml_xformparam_web.xml,tcks/apis/tags/src/main/java/com/sun/ts/tests/jstl/spec/xml/xtransform/param/jstl_xml_xformparam_web.xml
XML,10-30,jboss-jboss-jms-api_spec,18931caba7a75d341862f65d022b674ca57ef968,pom.xml,pom.xml
XML,10-30,jboss-jboss-jms-api_spec,97f581ed28ce9ebab22e2981cd708f683ab666b5,pom.xml,pom.xml
XML,10-30,jemcek-packETH,9a89250aa1a332c9b58fd4d148ca844a2a9f713a,ui/ui.gresource.xml,ui/ui.gresource.xml
XML,10-30,jgke-connman-gtk,4720e95c5c23a8aec206aa4a945fa877e658912e,net.connman.gtk.gschema.xml,net.connman.gtk.gschema.xml
XML,10-30,jmock-developers-jmock-library,062449db94de47417755ca42cb3d62f9ead1aba4,jmock-imposters/pom.xml,jmock-imposters/pom.xml
XML,10-30,jmock-developers-jmock-library,292177345573f26bffa95781fe127bd668370508,settings.xml,settings.xml
XML,10-30,junit-team-junit4,72382db9c072871bd59d76089744bd3fbe83d970,.github/workflows/settings.xml,.github/workflows/settings.xml
XML,10-30,kurtmckee-feedparser,18ed088fe8fee015c822ba5b599e0187a8419219,feedparser/tests/wellformed/namespace/atomsimplechapterexternal.xml,feedparser/tests/wellformed/namespace/atomsimplechapterexternal.xml
XML,10-30,leonardschardijn-Chirurgien,80991eb9f59b76cdac2c3df5ebc2f5e8d8aca20c,chirurgien/resources/chirurgien.gresource.xml,chirurgien/resources/chirurgien.gresource.xml
XML,10-30,leonardschardijn-Chirurgien,c84aa04470420e10b0dcd2904288d62efa10b72a,chirurgien/resources/chirurgien.gresource.xml,chirurgien/resources/chirurgien.gresource.xml
XML,10-30,lincity-ng-lincity-ng,08f12f733b3afe3cf6bdfe212b0d9c7656588d1e,data/help/el/commune.xml,data/help/el/commune.xml
XML,10-30,lincity-ng-lincity-ng,08f12f733b3afe3cf6bdfe212b0d9c7656588d1e,data/help/el/msb-power.xml,data/help/el/msb-power.xml
XML,10-30,lincity-ng-lincity-ng,08f12f733b3afe3cf6bdfe212b0d9c7656588d1e,data/help/el/msb-ub40.xml,data/help/el/msb-ub40.xml
XML,10-30,lincity-ng-lincity-ng,08f12f733b3afe3cf6bdfe212b0d9c7656588d1e,data/help/el/road.xml,data/help/el/road.xml
XML,10-30,lincity-ng-lincity-ng,08f12f733b3afe3cf6bdfe212b0d9c7656588d1e,data/help/en/fast.xml,data/help/en/fast.xml
XML,10-30,lincity-ng-lincity-ng,08f12f733b3afe3cf6bdfe212b0d9c7656588d1e,data/help/en/pottery.xml,data/help/en/pottery.xml
XML,10-30,lincity-ng-lincity-ng,08f12f733b3afe3cf6bdfe212b0d9c7656588d1e,data/help/en/rail.xml,data/help/en/rail.xml
XML,10-30,lincity-ng-lincity-ng,08f12f733b3afe3cf6bdfe212b0d9c7656588d1e,data/help/nl/msb-coal.xml,data/help/nl/msb-coal.xml
XML,10-30,lincity-ng-lincity-ng,08f12f733b3afe3cf6bdfe212b0d9c7656588d1e,data/help/ru/medium.xml,data/help/ru/medium.xml
XML,10-30,lincity-ng-lincity-ng,08f12f733b3afe3cf6bdfe212b0d9c7656588d1e,data/help/ru/powerline.xml,data/help/ru/powerline.xml
XML,10-30,lincity-ng-lincity-ng,08f12f733b3afe3cf6bdfe212b0d9c7656588d1e,data/help/ru/powerssolar.xml,data/help/ru/powerssolar.xml
XML,10-30,lincity-ng-lincity-ng,08f12f733b3afe3cf6bdfe212b0d9c7656588d1e,data/help/ru/tutorial-scenario.xml,data/help/ru/tutorial-scenario.xml
XML,10-30,lincity-ng-lincity-ng,08f12f733b3afe3cf6bdfe212b0d9c7656588d1e,data/help/ru/windmill.xml,data/help/ru/windmill.xml
XML,10-30,lincity-ng-lincity-ng,08f12f733b3afe3cf6bdfe212b0d9c7656588d1e,data/help/sv/mini-screen.xml,data/help/sv/mini-screen.xml
XML,10-30,lincity-ng-lincity-ng,08f12f733b3afe3cf6bdfe212b0d9c7656588d1e,data/help/sv/msb-cricket.xml,data/help/sv/msb-cricket.xml
XML,10-30,lincity-ng-lincity-ng,08f12f733b3afe3cf6bdfe212b0d9c7656588d1e,data/help/sv/park.xml,data/help/sv/park.xml
XML,10-30,lincity-ng-lincity-ng,08f12f733b3afe3cf6bdfe212b0d9c7656588d1e,data/help/sv/pollution.xml,data/help/sv/pollution.xml
XML,10-30,lincity-ng-lincity-ng,08f12f733b3afe3cf6bdfe212b0d9c7656588d1e,data/help/sv/powerssolar.xml,data/help/sv/powerssolar.xml
XML,10-30,lincity-ng-lincity-ng,08f12f733b3afe3cf6bdfe212b0d9c7656588d1e,data/help/sv/residential.xml,data/help/sv/residential.xml
XML,10-30,linuxmint-cjs,281e5d012241b476f5a8a91f38e9b34ceeaa66f4,test/mock-js-resources.gresource.xml,test/mock-js-resources.gresource.xml
XML,10-30,lxqt-lxqt-openssh-askpass,10aead709b0cca17ff6df901d6735905a8a4299f,translations/lxqt-openssh-askpass_ar.ts,translations/lxqt-openssh-askpass_ar.ts
XML,10-30,lxqt-lxqt-openssh-askpass,10aead709b0cca17ff6df901d6735905a8a4299f,translations/lxqt-openssh-askpass_fi.ts,translations/lxqt-openssh-askpass_fi.ts
XML,10-30,lxqt-lxqt-openssh-askpass,10aead709b0cca17ff6df901d6735905a8a4299f,translations/lxqt-openssh-askpass_nl.ts,translations/lxqt-openssh-askpass_nl.ts
XML,10-30,lxqt-lxqt-openssh-askpass,10aead709b0cca17ff6df901d6735905a8a4299f,translations/lxqt-openssh-askpass_pl.ts,translations/lxqt-openssh-askpass_pl.ts
XML,10-30,lxqt-lxqt-openssh-askpass,10aead709b0cca17ff6df901d6735905a8a4299f,translations/lxqt-openssh-askpass_sv.ts,translations/lxqt-openssh-askpass_sv.ts
XML,10-30,lxqt-lxqt-openssh-askpass,44ff8fa4f8ec862419e56d41fbbefd01db8a9cf9,translations/lxqt-openssh-askpass_cs.ts,translations/lxqt-openssh-askpass_cs.ts
XML,10-30,lxqt-lxqt-openssh-askpass,7b9157addc68c9246ffd450a00f910685c290637,translations/lxqt-openssh-askpass_ja.ts,translations/lxqt-openssh-askpass_ja.ts
XML,10-30,mikaelgrev-miglayout,14eb81495774eca67eb5148fc3d6b0d83296628c,examples/pom.xml,examples/pom.xml
XML,10-30,mikaelgrev-miglayout,14eb81495774eca67eb5148fc3d6b0d83296628c,ideutil/pom.xml,ideutil/pom.xml
XML,10-30,mikaelgrev-miglayout,448e671d951b0cf3d9b925ec54115e243420d747,examples/pom.xml,examples/pom.xml
XML,10-30,mikaelgrev-miglayout,448e671d951b0cf3d9b925ec54115e243420d747,swing/pom.xml,swing/pom.xml
XML,10-30,mikaelgrev-miglayout,4fb63a88a2157acaebda2819c81a2f21b3a3ca84,examples/pom.xml,examples/pom.xml
XML,10-30,mikaelgrev-miglayout,c35cacb84d58873afd14d8f51851be6baf021ea3,swing/pom.xml,swing/pom.xml
XML,10-30,naev-naev,416c03dc635feaa96d04ef85a952d2a70f7d85c9,dat/outfits/utility/cargo_damper.xml,dat/outfits/utility/cargo_damper.xml
XML,10-30,naev-naev,54ce010188adabd166dbfca8143be7ad46cb4aeb,dat/outfits/utility/conduit/charge_conduit.xml,dat/outfits/utility/conduit/charge_conduit.xml
XML,10-30,naev-naev,54ce010188adabd166dbfca8143be7ad46cb4aeb,dat/outfits/utility/conduit/targeting_conduit.xml,dat/outfits/utility/conduit/targeting_conduit.xml
XML,10-30,naev-naev,d31a72bd2f1c30db5c38c9dae293dc79ffc3067b,dat/outfits/utility/targeting_array.xml,dat/outfits/utility/targeting_array.xml
XML,10-30,ongres-stringprep,1911ed12c6dbf26dea688f5a90bdd2da27627df1,codegen/pom.xml,codegen/pom.xml
XML,10-30,pwmt-zathura-pdf-mupdf,b8a23c26942d9aa4749d2ba44925dafa47197d8c,data/org.pwmt.zathura-pdf-mupdf.metainfo.xml,data/org.pwmt.zathura-pdf-mupdf.metainfo.xml
XML,10-30,pwmt-zathura-pdf-poppler,0204dde97b5273a6d1871149c930cff604e9a261,data/org.pwmt.zathura-pdf-poppler.metainfo.xml,data/org.pwmt.zathura-pdf-poppler.metainfo.xml
XML,10-30,redlib-org-redlib,526c0d0797859d8f238036010c75b9b8a835a489,static/opensearch.xml,static/opensearch.xml
XML,10-30,relaxng-jing-trang,f45d16d3362de7da5c24b8e59e1e4210a7b5f40a,datatype-sample/build.xml,datatype-sample/build.xml
XML,10-30,robashaw-libecpint,8c3e80caaae2922c136700db3da1bbe8ff0ac388,doc/doxygen/xml/dir_52981df39a7c57b8ef961c18e6f88235.xml,doc/doxygen/xml/dir_52981df39a7c57b8ef961c18e6f88235.xml
XML,10-30,robashaw-libecpint,8c3e80caaae2922c136700db3da1bbe8ff0ac388,doc/doxygen/xml/dir_c85d3e3c5052e9ad9ce18c6863244a25.xml,doc/doxygen/xml/dir_c85d3e3c5052e9ad9ce18c6863244a25.xml
XML,10-30,robashaw-libecpint,c3c134a28fa512556821ef099d0b8078350d241c,doc/doxygen/xml/dir_52981df39a7c57b8ef961c18e6f88235.xml,doc/doxygen/xml/dir_52981df39a7c57b8ef961c18e6f88235.xml
XML,10-30,schollii-pypubsub,38ed8cf873feaefc0ad8597ba6e7f0158b86b9a1,.idea/runConfigurations/Build_Wheel_and_Source.xml,.idea/runConfigurations/Build_Wheel_and_Source.xml
XML,10-30,sebastianbergmann-version,6b71eef21b94b1830fcc77f089eff59cc0fba8d5,.psalm/baseline.xml,.psalm/baseline.xml
XML,10-30,shrinkwrap-shrinkwrap,76fe54a3d73d13524d0f10678c94b1a1152c13be,build-resources/pom.xml,build-resources/pom.xml
XML,10-30,shrinkwrap-shrinkwrap,bb2fbffc6abe04fb59f444416b9a8a8d148a2227,build-resources/pom.xml,build-resources/pom.xml
XML,10-30,sleuthkit-sleuthkit,4e9fdc975ed0a58e6014af9078d6dbc382cdec8c,bindings/java/ivy.xml,bindings/java/ivy.xml
XML,10-30,vdr-projects-vdr-plugin-vdrmanager,6dcead1f7ad58be52e4c155942b651ad6f2c4e70,vdrmanager/res/menu/epg_search_menu.xml,vdrmanager/res/menu/epg_search_menu.xml
XML,10-30,vdr-projects-vdr-plugin-vdrmanager,96367cf54a15167925a7fe8bdf207e027f32d593,vdrmanager/app/src/main/res/menu/vdrlist.xml,vdrmanager/app/src/main/res/menu/vdrlist.xml
XML,10-30,vdr-projects-vdr-plugin-vdrmanager,d1998147e8d8dee6ed7dc528c3275849e538c3f5,vdrmanager/.idea/gradle.xml,vdrmanager/.idea/gradle.xml
XML,10-30,vim-scripts-VimClojure,1ac65269699c996c5fbe7c06455a3e362e746851,ivy.xml,ivy.xml
XML,10-30,vim-scripts-VimClojure,9afcf73c891888189fe31185bd45d1de3ac8fc3d,ivy.xml,ivy.xml
XML,10-30,wrandelshofer-FastDoubleParser,5102fcb192c1b668dff07a06089c02b26d075968,.idea/misc.xml,.idea/misc.xml
XML,10-30,xeco23-WasIstLos,936a06ee2db11cf5d6070090581ba2707e828e58,resource/gresource.xml,resource/gresource.xml
XML,10-30,zeromq-jeromq,b696726672fef5bc4667a4fb81ffe9db7731ffc9,.circleci/settings.xml,.circleci/settings.xml
XML,100-300,AdaCore-gprconfig_kb,7eeecb577700a7267d3e9d51777d99712fd0e248,db/aarch64-vx7r2.xml,db/aarch64-vx7r2.xml
XML,100-300,AdoptOpenJDK-icedtea-web,08253b57aaae3f6fa22ae8fbc99efb028a00b0de,integration/pom.xml,integration/pom.xml
XML,100-300,ArtifexSoftware-urw-base35-fonts,766d77767fc912742f3e7236f083e2de8fdfc0e9,appstream/de.urwpp.URWBookman.metainfo.xml,appstream/de.urwpp.URWBookman.metainfo.xml
XML,100-300,ArtifexSoftware-urw-base35-fonts,b16c09536346c1d188bb2d4b835a6b835a0e812b,appstream/URWGothic.metainfo.xml,appstream/URWGothic.metainfo.xml
XML,100-300,FasterXML-jackson-annotations,313702efa1fd426f2cb78f7fd429eb9b9bbde27f,pom.xml,pom.xml
XML,100-300,FasterXML-jackson-annotations,3b1d7ad4f4e1db0158e99e2555f7930ada5416dc,pom.xml,pom.xml
XML,100-300,FasterXML-jackson-core,470bba271d335cf146ab2914f974fcf5039dedf4,pom.xml,pom.xml
XML,100-300,FasterXML-jackson-dataformat-xml,310241bb6c1bee9d901440e9a3e73f1ce2513817,pom.xml,pom.xml
XML,100-300,FasterXML-jackson-dataformat-xml,42ae7f054b39737711e275642420b11dc57f930b,pom.xml,pom.xml
XML,100-300,FasterXML-jackson-dataformat-xml,f8523d72c7741ff2d875aed61c7ff6470277d508,pom.xml,pom.xml
XML,100-300,FasterXML-jackson-modules-base,03b0720388a24b7eff442adbcc2b7abc6741aa2c,jaxb/pom.xml,jaxb/pom.xml
XML,100-300,FasterXML-jackson-modules-base,1515a8d317579d67e324d766bb99ad16b8b91590,jakarta-xmlbind/pom.xml,jakarta-xmlbind/pom.xml
XML,100-300,FasterXML-jackson-modules-base,1e06b57c0e6499181275402144fc237b2b8acc89,pom.xml,pom.xml
XML,100-300,FasterXML-jackson-modules-base,4006c5e1d038ab6862489021f55cfd0f924e56bb,afterburner/pom.xml,afterburner/pom.xml
XML,100-300,FasterXML-jackson-modules-base,48c081b9d162b795c7e9933d0d0499a95c515e19,android-record/pom.xml,android-record/pom.xml
XML,100-300,FasterXML-jackson-modules-base,4fc279bc6f190833346e8f7dc1a135eb8a686dfa,mrbean/pom.xml,mrbean/pom.xml
XML,100-300,FasterXML-jackson-modules-base,785802151b99780d68267963538618cad057027e,afterburner/pom.xml,afterburner/pom.xml
XML,100-300,FasterXML-jackson-modules-base,b5613a46af505f0641921de7c08e5abddb0a047d,jaxb/pom.xml,jaxb/pom.xml
XML,100-300,FrancescoCeruti-linux-show-player,0bb31b93b8d456d7d1a0b1ea59621c5b3669fd65,lisp/i18n/ts/cs_CZ/action_cues.ts,lisp/i18n/ts/cs_CZ/action_cues.ts
XML,100-300,FrancescoCeruti-linux-show-player,0bb31b93b8d456d7d1a0b1ea59621c5b3669fd65,lisp/i18n/ts/es_ES/action_cues.ts,lisp/i18n/ts/es_ES/action_cues.ts
XML,100-300,FrancescoCeruti-linux-show-player,0bb31b93b8d456d7d1a0b1ea59621c5b3669fd65,lisp/i18n/ts/nl_NL/cart_layout.ts,lisp/i18n/ts/nl_NL/cart_layout.ts
XML,100-300,FrancescoCeruti-linux-show-player,41d4d1864e49c622b1be4e92936d3eb448dbc4c4,lisp/i18n/ts/fr_FR/midi.ts,lisp/i18n/ts/fr_FR/midi.ts
XML,100-300,FrancescoCeruti-linux-show-player,41d4d1864e49c622b1be4e92936d3eb448dbc4c4,lisp/i18n/ts/zh_TW/cart_layout.ts,lisp/i18n/ts/zh_TW/cart_layout.ts
XML,100-300,MX-Linux-exit-options,1c251196402b0a7a9a6cfa1fe3f6851cb1855ee1,translations/exit-options_fa.ts,translations/exit-options_fa.ts
XML,100-300,MX-Linux-exit-options,97fea35a1118efedf09cdb7386c068d4f8cb6609,translations/exit-options_es_ES.ts,translations/exit-options_es_ES.ts
XML,100-300,MX-Linux-exit-options,97fea35a1118efedf09cdb7386c068d4f8cb6609,translations/exit-options_nl_BE.ts,translations/exit-options_nl_BE.ts
XML,100-300,MegaGlest-megaglest-data,0834a3d3275e1ead9a0ef73232413f2966f01297,techs/megapack/factions/egypt/units/air_pyramid/air_pyramid.xml,techs/megapack/factions/egypt/units/air_pyramid/air_pyramid.xml
XML,100-300,MegaGlest-megaglest-data,4511c2b2455d5e79d0a0ebbde4885086fd44df40,techs/megapack/factions/romans/units/catapult/catapult.xml,techs/megapack/factions/romans/units/catapult/catapult.xml
XML,100-300,MegaGlest-megaglest-data,57f6eab30d91a1f46409409c71521b9fbddc9192,techs/megapack/factions/norsemen/units/battleaxe_berzerk/battleaxe_berzerk.xml,techs/megapack/factions/norsemen/units/battleaxe_berzerk/battleaxe_berzerk.xml
XML,100-300,MegaGlest-megaglest-data,a0fe825d484926fd5ee79fba5074e6d22d00e89a,techs/megapack/factions/magic/units/battlemage/battlemage.xml,techs/megapack/factions/magic/units/battlemage/battlemage.xml
XML,100-300,MegaGlest-megaglest-data,a0fe825d484926fd5ee79fba5074e6d22d00e89a,techs/megapack/factions/persian/units/house/house.xml,techs/megapack/factions/persian/units/house/house.xml
XML,100-300,MegaGlest-megaglest-data,a0fe825d484926fd5ee79fba5074e6d22d00e89a,techs/megapack/factions/romans/units/guard_tower/guard_tower.xml,techs/megapack/factions/romans/units/guard_tower/guard_tower.xml
XML,100-300,acrisci-playerctl,4f5b3757e4bc475f26619ba34d654ac2ae409c79,data/mpris-dbus-interface.xml,data/mpris-dbus-interface.xml
XML,100-300,agordon-fastx_toolkit,9a1a8bcfe295f24eb9b99f35fc41e80e86ee6151,galaxy/tools/fastx_toolkit/fasta_clipping_histogram.xml,galaxy/tools/fastx_toolkit/fasta_clipping_histogram.xml
XML,100-300,apache-velocity-engine,40340e02cbe3c2a63bf37ded582eceb67c620b84,pom.xml,pom.xml
XML,100-300,apache-velocity-engine,c273aacdcfe2bdfc01e64eafd9958a0b7034c6be,velocity-custom-parser-example/pom.xml,velocity-custom-parser-example/pom.xml
XML,100-300,apache-velocity-engine,c541025518393bc65c394071d97bdb23f26f483b,velocity-engine-examples/pom.xml,velocity-engine-examples/pom.xml
XML,100-300,cache2k-cache2k,76bc9200accf508a8c78c2f39d6e8df790414741,test-kotlin/pom.xml,test-kotlin/pom.xml
XML,100-300,cache2k-cache2k,d619ecc6e9e70b81fc53eb1caf05f6c378291741,cache2k-core/pom.xml,cache2k-core/pom.xml
XML,100-300,cglib-cglib,e8a17e928232469327b20007ea23deac9f5a7483,pom.xml,pom.xml
XML,100-300,chris2511-xca,ebafdb028cf62057f9d2abbcaf47fb85de27166c,lang/xca_en.ts,lang/xca_en.ts
XML,100-300,conversant-disruptor,96476d830bf1ca34832e514c6f6eabcdb9430820,pom.xml,pom.xml
XML,100-300,eclipse-aspectj-aspectj,eb56b6e84e24e58f318fb92479f9d9e6fa4c866f,tests/src/test/resources/org/aspectj/systemtest/ajc1611/ajc1611.xml,tests/src/test/resources/org/aspectj/systemtest/ajc1611/ajc1611.xml
XML,100-300,eclipse-aspectj-aspectj,eb56b6e84e24e58f318fb92479f9d9e6fa4c866f,tests/src/test/resources/org/aspectj/systemtest/ajc183/ajc183.xml,tests/src/test/resources/org/aspectj/systemtest/ajc183/ajc183.xml
XML,100-300,eclipse-aspectj-aspectj,eb56b6e84e24e58f318fb92479f9d9e6fa4c866f,tests/src/test/resources/org/aspectj/systemtest/ajc196/ajc196.xml,tests/src/test/resources/org/aspectj/systemtest/ajc196/ajc196.xml
XML,100-300,eclipse-aspectj-aspectj,eb56b6e84e24e58f318fb92479f9d9e6fa4c866f,tests/src/test/resources/org/aspectj/systemtest/design/design.xml,tests/src/test/resources/org/aspectj/systemtest/design/design.xml
XML,100-300,eclipse-ee4j-angus-activation,adde9523a1236a8de1f9ea3bc3b6b8dcba81becb,activation-registry/pom.xml,activation-registry/pom.xml
XML,100-300,eclipse-ee4j-angus-activation,d0a193039daeb12563485b5dcc6e77f37d49f17d,activation-registry/pom.xml,activation-registry/pom.xml
XML,100-300,eclipse-ee4j-angus-activation,d0a193039daeb12563485b5dcc6e77f37d49f17d,docs/pom.xml,docs/pom.xml
XML,100-300,eclipse-ee4j-angus-activation,d5ce0ae29c574ac04dd15a54fc0ea4964b3d0b29,activation-registry/pom.xml,activation-registry/pom.xml
XML,100-300,eclipse-ee4j-jax-rpc-api,15d8a0eda835fecf8ab53801d6339e7f5f6b6ee2,api/pom.xml,api/pom.xml
XML,100-300,eclipse-ee4j-jaxb-ri,0dcfdf5aed904623fb652dcf2d5ee06267e9a756,jaxb-ri/bundles/runtime/pom.xml,jaxb-ri/bundles/runtime/pom.xml
XML,100-300,eclipse-jdt-eclipse.jdt.core,26830a9ac94c9fc1b8d05d7c84569e806ec18d20,org.eclipse.jdt.core.compiler.batch/pom.xml,org.eclipse.jdt.core.compiler.batch/pom.xml
XML,100-300,emacs-lsp-lsp-java,e78199d13695cfa63db8b9711a8f3ce0fafe80fe,install/pom.xml,install/pom.xml
XML,100-300,epoupon-lms,9dd8b4b38166e0ec8c65e125740dcee9d7fbabec,approot/release.xml,approot/release.xml
XML,100-300,fusesource-hawtjni,5bf7ab637e5867d8929ee37b8d0f08ce94031c2f,pom.xml,pom.xml
XML,100-300,fusesource-hawtjni,8ee5b2113069399c79610a1de6e01af7d5ae8c45,hawtjni-generator/pom.xml,hawtjni-generator/pom.xml
XML,100-300,fusesource-hawtjni,fa1fd5dfdd0a1a5a67b61fa7d7ee7126b300c8f0,hawtjni-example/pom.xml,hawtjni-example/pom.xml
XML,100-300,gephi-gephi,95db820db64297febd49e0a5608bca32ef58e763,modules/DesktopLayout/pom.xml,modules/DesktopLayout/pom.xml
XML,100-300,godotengine-godot,cf58747537a8d19a7ca2afd4e8175b2c936fc7d9,doc/classes/ImporterMesh.xml,doc/classes/ImporterMesh.xml
XML,100-300,godotengine-godot.git,1c8ef479b4bb1b155c508273698baa1f6a99283e,doc/classes/MultiMesh.xml,doc/classes/MultiMesh.xml
XML,100-300,godotengine-godot.git,2ed51e00a1f524fa403fd2638eca9a32c0a41680,platform/android/java/editor/src/main/AndroidManifest.xml,platform/android/java/editor/src/main/AndroidManifest.xml
XML,100-300,google-escapevelocity,d87928e5e4d51855492f99559efc6e326cb251fc,pom.xml,pom.xml
XML,100-300,google-escapevelocity,f5b2bfda96497b07245a9e1087e9f48583c8365f,pom.xml,pom.xml
XML,100-300,hyphanet-contrib,0bb17f556dd8f6c95ce66cf36832defc8346b1ec,freenet-ext/build.xml,freenet-ext/build.xml
XML,100-300,hyprwm-hyprland-protocols,6c520135a9ea62cc2a9a2cb9961e30e306f24a3d,protocols/hyprland-ctm-control-v1.xml,protocols/hyprland-ctm-control-v1.xml
XML,100-300,jakartaee-cdi,b0ff848ba44c6a73f86a4596de61c8ac66aee5a4,api/javadoc-pom.xml,api/javadoc-pom.xml
XML,100-300,jakartaee-inject,777bb396cdae9f24a79c87180e4438c77d082279,pom.xml,pom.xml
XML,100-300,jakartaee-interceptors,d56fa2010eecf3a8d1943070b19f1f939ebe1ca1,spec/pom.xml,spec/pom.xml
XML,100-300,jakartaee-jaxb-api,e8bc0662a92d3eb90d4ed1de145ce714a822b861,spec/pom.xml,spec/pom.xml
XML,100-300,jakartaee-jsonp-api,25b528c6550ee82c83e0e8c63f1fc9fc65340b3e,tck/tck-dist/pom.xml,tck/tck-dist/pom.xml
XML,100-300,jakartaee-jsonp-api,2c4ef8049bfffb7657951687401b5dc17dce41a4,tck/pom.xml,tck/pom.xml
XML,100-300,jakartaee-messaging,aa525991c8bba30249e9e1bf4a40dbc4c66c840d,api/pom.xml,api/pom.xml
XML,100-300,jakartaee-rest,954c314e1b2e624af2e39a3fb37810194e625a26,jaxrs-tck/pom.xml,jaxrs-tck/pom.xml
XML,100-300,jflex-de-jflex,34b526f2364bdd786beb235cd7714d788949a1e6,benchmark/pom.xml,benchmark/pom.xml
XML,100-300,jnr-jnr-posix,b59e8c3702245ad02975c6e2c4f201b7a64155a9,pom.xml,pom.xml
XML,100-300,lxqt-liblxqt,012d5c56d91bb6af3c28fa2a4037e37579c92258,translations/liblxqt_hi.ts,translations/liblxqt_hi.ts
XML,100-300,lxqt-liblxqt,012d5c56d91bb6af3c28fa2a4037e37579c92258,translations/liblxqt_ia.ts,translations/liblxqt_ia.ts
XML,100-300,lxqt-lxqt-admin,abe4f7bd01643f7e2b64bc7181b298a41156f595,lxqt-admin-user/translations/lxqt-admin-user_zh_CN.ts,lxqt-admin-user/translations/lxqt-admin-user_zh_CN.ts
XML,100-300,lxqt-lxqt-admin,ce35386c7b037aae31928c151f9038283e9d16cf,lxqt-admin-time/translations/lxqt-admin-time_sk.ts,lxqt-admin-time/translations/lxqt-admin-time_sk.ts
XML,100-300,lxqt-lxqt-admin,ce35386c7b037aae31928c151f9038283e9d16cf,lxqt-admin-user/translations/lxqt-admin-user_bg.ts,lxqt-admin-user/translations/lxqt-admin-user_bg.ts
XML,100-300,lxqt-lxqt-admin,fd7e6544371b55a753aacc74d9a55c3c7b56ca79,lxqt-admin-time/translations/lxqt-admin-time_id.ts,lxqt-admin-time/translations/lxqt-admin-time_id.ts
XML,100-300,lxqt-lxqt-admin,fd7e6544371b55a753aacc74d9a55c3c7b56ca79,lxqt-admin-time/translations/lxqt-admin-time_it.ts,lxqt-admin-time/translations/lxqt-admin-time_it.ts
XML,100-300,lxqt-lxqt-config,517b671105415f8ae857f2034465ed550d7f1b28,lxqt-config-locale/translations/lxqt-config-locale_oc.ts,lxqt-config-locale/translations/lxqt-config-locale_oc.ts
XML,100-300,lxqt-lxqt-globalkeys,3785c3eabfd062f0e2684c5941903bf09cbbc2b8,config/translations/lxqt-config-globalkeyshortcuts_oc.ts,config/translations/lxqt-config-globalkeyshortcuts_oc.ts
XML,100-300,lxqt-lxqt-globalkeys,3785c3eabfd062f0e2684c5941903bf09cbbc2b8,config/translations/lxqt-config-globalkeyshortcuts_si.ts,config/translations/lxqt-config-globalkeyshortcuts_si.ts
XML,100-300,lxqt-lxqt-globalkeys,5dd2ba8780ac74b08a419da922a60d2715421f35,config/translations/lxqt-config-globalkeyshortcuts_cs.ts,config/translations/lxqt-config-globalkeyshortcuts_cs.ts
XML,100-300,lxqt-lxqt-globalkeys,64ca6e6217f848403bd7758f6aa01a0bbf26c7a9,config/translations/lxqt-config-globalkeyshortcuts_lt.ts,config/translations/lxqt-config-globalkeyshortcuts_lt.ts
XML,100-300,lxqt-lxqt-globalkeys,64ca6e6217f848403bd7758f6aa01a0bbf26c7a9,config/translations/lxqt-config-globalkeyshortcuts_sk_SK.ts,config/translations/lxqt-config-globalkeyshortcuts_sk_SK.ts
XML,100-300,lxqt-lxqt-globalkeys,b84c55577ff9e4ff01e1e57b67c8a1d4cb63c705,config/translations/lxqt-config-globalkeyshortcuts_cs.ts,config/translations/lxqt-config-globalkeyshortcuts_cs.ts
XML,100-300,lxqt-lxqt-globalkeys,c06a6f270baed77356c318488045423e3adda5f7,config/translations/lxqt-config-globalkeyshortcuts_eu.ts,config/translations/lxqt-config-globalkeyshortcuts_eu.ts
XML,100-300,lxqt-lxqt-globalkeys,c06a6f270baed77356c318488045423e3adda5f7,config/translations/lxqt-config-globalkeyshortcuts_ko.ts,config/translations/lxqt-config-globalkeyshortcuts_ko.ts
XML,100-300,lxqt-lxqt-globalkeys,c06a6f270baed77356c318488045423e3adda5f7,config/translations/lxqt-config-globalkeyshortcuts_th_TH.ts,config/translations/lxqt-config-globalkeyshortcuts_th_TH.ts
XML,100-300,lxqt-lxqt-notificationd,d9837a74479d3e3dfbe45176a63521c5135a57b0,config/translations/lxqt-config-notificationd_el.ts,config/translations/lxqt-config-notificationd_el.ts
XML,100-300,lxqt-lxqt-notificationd,d9837a74479d3e3dfbe45176a63521c5135a57b0,config/translations/lxqt-config-notificationd_oc.ts,config/translations/lxqt-config-notificationd_oc.ts
XML,100-300,lxqt-lxqt-notificationd,eb0e4ce639fc86e8df0193b0999f9ba50fbc5112,config/translations/lxqt-config-notificationd.ts,config/translations/lxqt-config-notificationd.ts
XML,100-300,lxqt-lxqt-notificationd,eb0e4ce639fc86e8df0193b0999f9ba50fbc5112,config/translations/lxqt-config-notificationd_ast.ts,config/translations/lxqt-config-notificationd_ast.ts
XML,100-300,lxqt-lxqt-notificationd,eb0e4ce639fc86e8df0193b0999f9ba50fbc5112,config/translations/lxqt-config-notificationd_ca.ts,config/translations/lxqt-config-notificationd_ca.ts
XML,100-300,lxqt-lxqt-notificationd,eb0e4ce639fc86e8df0193b0999f9ba50fbc5112,config/translations/lxqt-config-notificationd_fi.ts,config/translations/lxqt-config-notificationd_fi.ts
XML,100-300,lxqt-lxqt-runner,3793e12cbc3bd79972000c1383c4e41148e96a13,translations/lxqt-runner_de.ts,translations/lxqt-runner_de.ts
XML,100-300,lxqt-lxqt-runner,468cc5c617882cdfe1abf42db7b9ca580371a1b4,translations/lxqt-runner_he.ts,translations/lxqt-runner_he.ts
XML,100-300,lxqt-lxqt-sudo,352568298ca0bd9739214ae9981b0be6fa26d0fb,translations/lxqt-sudo_oc.ts,translations/lxqt-sudo_oc.ts
XML,100-300,lxqt-lxqt-sudo,563c3ba453fe2bb7ee92e9621e92d97fdd60f3af,translations/lxqt-sudo_da.ts,translations/lxqt-sudo_da.ts
XML,100-300,lxqt-lxqt-sudo,563c3ba453fe2bb7ee92e9621e92d97fdd60f3af,translations/lxqt-sudo_sv.ts,translations/lxqt-sudo_sv.ts
XML,100-300,lxqt-lxqt-sudo,e9b12cb47c4900e3c40602912699fb08a325f419,translations/lxqt-sudo_oc.ts,translations/lxqt-sudo_oc.ts
XML,100-300,lxqt-lxqt-sudo,ef723747e7f180064d63d0691a4146b95f24bfb5,translations/lxqt-sudo_de.ts,translations/lxqt-sudo_de.ts
XML,100-300,lxqt-lxqt-sudo,ef723747e7f180064d63d0691a4146b95f24bfb5,translations/lxqt-sudo_pt.ts,translations/lxqt-sudo_pt.ts
XML,100-300,lxqt-qtermwidget,019265a34b6189ebcf89352579fb7c4557d6b1e2,lib/translations/qtermwidget_cs.ts,lib/translations/qtermwidget_cs.ts
XML,100-300,lxqt-qtermwidget,69674bccd3d36f7bf8a9126dd5306524adf97e4d,lib/translations/qtermwidget_arn.ts,lib/translations/qtermwidget_arn.ts
XML,100-300,lxqt-qtermwidget,69674bccd3d36f7bf8a9126dd5306524adf97e4d,lib/translations/qtermwidget_de_CH.ts,lib/translations/qtermwidget_de_CH.ts
XML,100-300,marhkb-pods,f8e8984edddc50046558194f7bfa8c9698a927b2,src/resources.gresource.xml,src/resources.gresource.xml
XML,100-300,mikaelgrev-miglayout,06b7ba13809f4615a12c3437a7b7b9694d43b56c,swt/pom.xml,swt/pom.xml
XML,100-300,mikaelgrev-miglayout,14eb81495774eca67eb5148fc3d6b0d83296628c,swt/pom.xml,swt/pom.xml
XML,100-300,mojohaus-animal-sniffer,9f286ebb321b13a7c259246da859468cc823f644,pom.xml,pom.xml
XML,100-300,neilalexander-jnacl,c6f71547d740ce1a94afd6925897b3c6b01ff649,pom.xml,pom.xml
XML,100-300,netplex-json-smart-v2,7ecb1d32fe6bef425084626790b5640be5d88531,json-smart-action/pom.xml,json-smart-action/pom.xml
XML,100-300,openjdk-jmh,2effa2c8310e1d3ad03c8ee02024edca9252b46a,jmh-core-benchmarks/pom.xml,jmh-core-benchmarks/pom.xml
XML,100-300,openjdk-jmh,2effa2c8310e1d3ad03c8ee02024edca9252b46a,jmh-generator-asm/pom.xml,jmh-generator-asm/pom.xml
XML,100-300,palinek-nm-tray,0959a59af6c5165ba1677b8539dfccedf4819471,translations/nm-tray_hr.ts,translations/nm-tray_hr.ts
XML,100-300,qos-ch-cal10n,58045c9ccca07d15dbe63eb6688d6fb2662799b1,pom.xml,pom.xml
XML,100-300,qos-ch-cal10n,a7f1dfd77a48705970218a389982c95eeb11810f,pom.xml,pom.xml
XML,100-300,qtilities-sddm-conf,1552fc7a47bca94780ef25ceb836bba745e90951,resources/translations/sddm-conf_et.ts,resources/translations/sddm-conf_et.ts
XML,100-300,qtilities-sddm-conf,1cc079f85e9edf502dfe630aa1155fe50faf93a8,resources/translations/sddm-conf_lt.ts,resources/translations/sddm-conf_lt.ts
XML,100-300,randomizedtesting-randomizedtesting,8ec006977130ccf1964a4dff16ada47accf81408,junit4-maven-plugin-tests/pom.xml,junit4-maven-plugin-tests/pom.xml
XML,100-300,randomizedtesting-randomizedtesting,d4570a1675953467532409bb054827409cc6c169,junit4-maven-plugin/pom.xml,junit4-maven-plugin/pom.xml
XML,100-300,richardlehane-siegfried,17ba7e5db6a815ed38383d86e6b803674844fc40,cmd/roy/data/pronom/fmt558.xml,cmd/roy/data/pronom/fmt558.xml
XML,100-300,richardlehane-siegfried,17ba7e5db6a815ed38383d86e6b803674844fc40,cmd/roy/data/pronom/fmt561.xml,cmd/roy/data/pronom/fmt561.xml
XML,100-300,robashaw-libecpint,8c3e80caaae2922c136700db3da1bbe8ff0ac388,doc/doxygen/xml/structlibecpint_1_1_gaussian_e_c_p.xml,doc/doxygen/xml/structlibecpint_1_1_gaussian_e_c_p.xml
XML,100-300,sadko4u-lsp-plugins,2e4a3241d961f7687db3ea10f430bf091af8ba0c,res/ui/sampling/single/mono.xml,res/ui/sampling/single/mono.xml
XML,100-300,square-javapoet,142b5ecf285e0fb102fb015394fb1c1c17885b18,pom.xml,pom.xml
XML,100-300,square-javapoet,66953b8bf5b43e84fa775934808dee1f84575e62,pom.xml,pom.xml
XML,100-300,stefanbirkner-fishbowl,0ef001f1fc38822ffbe74679ee3001504eb5f23c,pom.xml,pom.xml
XML,100-300,stefanbirkner-fishbowl,31d262390572ed3ef4f7a97e84236a9232317ba4,pom.xml,pom.xml
XML,100-300,stefanbirkner-system-rules,2361ee6675e549001b9364d1a6cdea21e047bc24,pom.xml,pom.xml
XML,100-300,stefanbirkner-system-rules,4e2328b3d1e91e7dc9d9f76df9d74a7654317687,pom.xml,pom.xml
XML,100-300,stefanbirkner-system-rules,904c94aa5f21651787a3862f2bec8ea638afc218,pom.xml,pom.xml
XML,100-300,swh-ladspa,06433e3c83cb9db556daec92b17571ac503fd5ad,transient_1206.xml,transient_1206.xml
XML,100-300,unbescape-unbescape,7c6f3f034c375a0165fc5cf310e5ead64fdff0b8,pom.xml,pom.xml
XML,100-300,viewizard-astromenace,a0350c3010630ab55b7eceba54329726d1fcabf3,gamedata/script/menu3.xml,gamedata/script/menu3.xml
XML,100-300,xmlunit-xmlunit,81767817499978057fbd9d37a3704823c3cebdb6,xmlunit-bom/pom.xml,xmlunit-bom/pom.xml
XML,100-300,ymnk-jsch-agent-proxy,de83eddf0cd94031ae0ad24ed0ba0cd35ddd4f08,pom.xml,pom.xml
XML,100-300,z3ntu-libopenrazer,5bba51ad4b5ae69064c739be117fdf72b2702dd2,translations/libopenrazer_de.ts,translations/de.ts
XML,1000-3000,3MFConsortium-lib3mf,03bbfe57d3f85a7d17a056f9f4a41de6096910d2,AutomaticComponentToolkit/lib3mf.xml,AutomaticComponentToolkit/lib3mf.xml
XML,1000-3000,AdaCore-gprconfig_kb,9831fae28510b74792ffaf91c0999a07348f54eb,db/linker.xml,db/linker.xml
XML,1000-3000,Faster3ck-Converseen,9b2c90871843d66f5628b457679b21e3bf53fc04,loc/converseen_hu_HU.ts,loc/converseen_hu_HU.ts
XML,1000-3000,MaartenBaert-ssr,d6f717d1c30162708cf15374ae7e2f8bced9c1a0,src/translations/simplescreenrecorder_lt.ts,src/translations/simplescreenrecorder_lt.ts
XML,1000-3000,MightyCreak-diffuse,2c91f77f88804c2a90a6bc14f0a7bdd99395f71a,data/usr/share/gnome/help/diffuse/C/diffuse.xml,data/usr/share/gnome/help/diffuse/C/diffuse.xml
XML,1000-3000,MightyCreak-diffuse,2c91f77f88804c2a90a6bc14f0a7bdd99395f71a,data/usr/share/gnome/help/diffuse/cs/diffuse.xml,data/usr/share/gnome/help/diffuse/cs/diffuse.xml
XML,1000-3000,MightyCreak-diffuse,6a757c45f7f024dfa1f94bb4a213d3d6fc72c6de,data/usr/share/gnome/help/diffuse/cs/diffuse.xml,data/usr/share/gnome/help/diffuse/cs/diffuse.xml
XML,1000-3000,MightyCreak-diffuse,6a757c45f7f024dfa1f94bb4a213d3d6fc72c6de,data/usr/share/gnome/help/diffuse/ru/diffuse.xml,data/usr/share/gnome/help/diffuse/ru/diffuse.xml
XML,1000-3000,brookiestein-QBitMPlayer,b98d9497740c2ae2eaacb77e127177e69deab3a3,resources/i18n/QBitMPlayer_es_MX.ts,resources/i18n/QBitMPlayer_es_MX.ts
XML,1000-3000,dglent-meteo-qt,104c63e7643e0df2952a7ae46a360f4cfb6ec7f3,meteo_qt/translations/meteo-qt_nl.ts,meteo_qt/translations/meteo-qt_nl.ts
XML,1000-3000,dglent-meteo-qt,3b5b30b8ffc36c7e0cc1427c3e92ec2b58b7347a,meteo_qt/translations/meteo-qt_et.ts,meteo_qt/translations/meteo-qt_et.ts
XML,1000-3000,dglent-meteo-qt,6edfc05369d07a5917a4c81c5577deac4702f725,meteo_qt/translations/meteo-qt_da.ts,meteo_qt/translations/meteo-qt_da.ts
XML,1000-3000,dglent-meteo-qt,6edfc05369d07a5917a4c81c5577deac4702f725,meteo_qt/translations/meteo-qt_fr.ts,meteo_qt/translations/meteo-qt_fr.ts
XML,1000-3000,dglent-meteo-qt,8a6b6f88fdabd01179854fa879014b074fcaf2a1,meteo_qt/translations/meteo-qt_tr.ts,meteo_qt/translations/meteo-qt_tr.ts
XML,1000-3000,dglent-meteo-qt,9d5856da534a7862ce3fa1dd4ed094bed46fb760,meteo_qt/translations/meteo-qt_es.ts,meteo_qt/translations/meteo-qt_es.ts
XML,1000-3000,dglent-meteo-qt,a5ccecd42b1324c6ecfb2befdd2fedd4eae9320d,meteo_qt/translations/meteo-qt_he.ts,meteo_qt/translations/meteo-qt_he.ts
XML,1000-3000,dglent-meteo-qt,a5ccecd42b1324c6ecfb2befdd2fedd4eae9320d,meteo_qt/translations/meteo-qt_lt.ts,meteo_qt/translations/meteo-qt_lt.ts
XML,1000-3000,dglent-meteo-qt,b6ab12bf37eb7c3943ed563005066fb6b8bbcef7,meteo_qt/translations/meteo-qt_es.ts,meteo_qt/translations/meteo-qt_es.ts
XML,1000-3000,dglent-meteo-qt,b6ab12bf37eb7c3943ed563005066fb6b8bbcef7,meteo_qt/translations/meteo-qt_fi.ts,meteo_qt/translations/meteo-qt_fi.ts
XML,1000-3000,dglent-meteo-qt,dd212f13db127734b5269e1784fe44a38242982d,meteo_qt/translations/meteo-qt_pl.ts,meteo_qt/translations/meteo-qt_pl.ts
XML,1000-3000,dglent-meteo-qt,e5e5b3331661b5dce6cd81bbf33c2446fbd5d548,meteo_qt/translations/meteo-qt_cs.ts,meteo_qt/translations/meteo-qt_cs.ts
XML,1000-3000,digraphs-Digraphs,4e191faffc8bc494b535db1f37d6bc483f88a60e,doc/prop.xml,doc/prop.xml
XML,1000-3000,eclipse-ee4j-jaxb-fi,89604a91951fb6f990191d15ebae4a42f116e107,samples/data/inv50.xml,code/samples/data/inv50.xml
XML,1000-3000,flacon-flacon,4473f9c0495807b267ef8b496fc18ba7120ac8a4,translations/flacon_el.ts,translations/flacon_el.ts
XML,1000-3000,flacon-flacon,55b78d7ddbf4780251031856f30655c4f15a1a94,translations/flacon_cs.ts,translations/flacon_cs.ts
XML,1000-3000,flacon-flacon,55b78d7ddbf4780251031856f30655c4f15a1a94,translations/flacon_lt.ts,translations/flacon_lt.ts
XML,1000-3000,gap-packages-spinsym,2474ff5b523882ed55e1844902bcab00037cc2e0,doc/chap2.xml,doc/chap2.xml
XML,1000-3000,godotengine-godot.git,1f7e7de82b76ebbf301720c542564b73bec9ccd6,doc/classes/RenderingDevice.xml,doc/classes/RenderingDevice.xml
XML,1000-3000,godotengine-godot.git,5ea0b9d60d36f33c73b6b7673f8e890d86f633cc,doc/classes/EditorSettings.xml,doc/classes/EditorSettings.xml
XML,1000-3000,horst3180-vertex-theme,18f8c55cbad45d4ff9face72310607d6df699f36,common/metacity-1/metacity-theme-3-dark.xml,common/metacity-1/metacity-theme-3-dark.xml
XML,1000-3000,jahlborn-jackcess,0e95bfc67bb567c556dadc27225a8387f3766b54,src/changes/changes.xml,src/changes/changes.xml
XML,1000-3000,java-native-access-jna,1dade6955ddcd931c92e4552c10ddd98d0d32ef7,build.xml,build.xml
XML,1000-3000,jurplel-qView,2f04b4720bef36d1ce5df06b1ef2fe87d2b5b385,i18n/qview_es.ts,i18n/qview_es.ts
XML,1000-3000,jurplel-qView,2f04b4720bef36d1ce5df06b1ef2fe87d2b5b385,i18n/qview_is.ts,i18n/qview_is.ts
XML,1000-3000,jurplel-qView,2f04b4720bef36d1ce5df06b1ef2fe87d2b5b385,i18n/qview_nb_NO.ts,i18n/qview_nb_NO.ts
XML,1000-3000,jurplel-qView,64333bcf8cb82b7a414b4a1e9c94ba6fa73d4ea5,i18n/qview_cs.ts,i18n/qview_cs.ts
XML,1000-3000,jurplel-qView,70ae300ffd8fe8a35086e60113ee086ca87771ad,i18n/qview_id.ts,i18n/qview_id.ts
XML,1000-3000,jurplel-qView,ded039221d4c4b98ff4224f8932e250e680a5019,i18n/qview_et.ts,i18n/qview_et.ts
XML,1000-3000,ksnip-ksnip,2fc56dd195095e67e385264fb44a6b6cc88eb6a7,translations/ksnip_he.ts,translations/ksnip_he.ts
XML,1000-3000,ksnip-ksnip,da2a2c3016b14bc8fd8887c0cd19ae045596cc69,translations/ksnip_ta.ts,translations/ksnip_ta.ts
XML,1000-3000,lvc-japi-compliance-checker,1258ca5d590739a9b72c1e64c55e7146438c8526,modules/RulesSrc.xml,modules/RulesSrc.xml
XML,1000-3000,lxqt-libfm-qt,55f88dc0997f0dcb9568ece589be99c9064cc07d,src/translations/libfm-qt_ar.ts,src/translations/libfm-qt_ar.ts
XML,1000-3000,lxqt-libfm-qt,55f88dc0997f0dcb9568ece589be99c9064cc07d,src/translations/libfm-qt_cy.ts,src/translations/libfm-qt_cy.ts
XML,1000-3000,lxqt-libfm-qt,8a13cdb80a1b119e74e1aac6549de20b15a1a622,src/translations/libfm-qt_ja.ts,src/translations/libfm-qt_ja.ts
XML,1000-3000,lxqt-libfm-qt,8a13cdb80a1b119e74e1aac6549de20b15a1a622,src/translations/libfm-qt_zh_CN.ts,src/translations/libfm-qt_zh_CN.ts
XML,1000-3000,lxqt-libfm-qt,9812d691c84e5a61c97cf78682146d8b700ffdb4,src/translations/libfm-qt_gl.ts,src/translations/libfm-qt_gl.ts
XML,1000-3000,lxqt-libfm-qt,9812d691c84e5a61c97cf78682146d8b700ffdb4,src/translations/libfm-qt_it.ts,src/translations/libfm-qt_it.ts
XML,1000-3000,lxqt-libfm-qt,9812d691c84e5a61c97cf78682146d8b700ffdb4,src/translations/libfm-qt_ja.ts,src/translations/libfm-qt_ja.ts
XML,1000-3000,lxqt-libfm-qt,9812d691c84e5a61c97cf78682146d8b700ffdb4,src/translations/libfm-qt_sl.ts,src/translations/libfm-qt_sl.ts
XML,1000-3000,lxqt-libfm-qt,ac7b529b4d1e66b4bccb309747beb31aee365de7,src/translations/libfm-qt_de.ts,src/translations/libfm-qt_de.ts
XML,1000-3000,lxqt-libfm-qt,f31d40b7da798084eb2da8b8d7816e9c53129953,src/translations/libfm-qt.ts,src/translations/libfm-qt.ts
XML,1000-3000,lxqt-libfm-qt,f31d40b7da798084eb2da8b8d7816e9c53129953,src/translations/libfm-qt_hr.ts,src/translations/libfm-qt_hr.ts
XML,1000-3000,lxqt-libfm-qt,f31d40b7da798084eb2da8b8d7816e9c53129953,src/translations/libfm-qt_lt.ts,src/translations/libfm-qt_lt.ts
XML,1000-3000,lxqt-lximage-qt,5d853fba4af9a364e5d5285ab945cda13f685455,src/translations/lximage-qt_he.ts,src/translations/lximage-qt_he.ts
XML,1000-3000,lxqt-lximage-qt,7d7ed30c9d741104eef09c1716575f5ab699b962,src/translations/lximage-qt_lg.ts,src/translations/lximage-qt_lg.ts
XML,1000-3000,lxqt-lximage-qt,978bf829a0923bc468df99d85a1146a744b04294,src/translations/lximage-qt_tr.ts,src/translations/lximage-qt_tr.ts
XML,1000-3000,lxqt-lximage-qt,ad2bdee50eb0499f6130872618d93cb07de8a1af,src/translations/lximage-qt_sv.ts,src/translations/lximage-qt_sv.ts
XML,1000-3000,lxqt-lximage-qt,f37c06a201126be247ff1f1939895294001cb71c,src/translations/lximage-qt_fi.ts,src/translations/lximage-qt_fi.ts
XML,1000-3000,lxqt-lximage-qt,f37c06a201126be247ff1f1939895294001cb71c,src/translations/lximage-qt_it.ts,src/translations/lximage-qt_it.ts
XML,1000-3000,lxqt-pcmanfm-qt,60f69f3356c1df2c82bbcd0f951efeb45ae0f84f,pcmanfm/translations/pcmanfm-qt_en_GB.ts,pcmanfm/translations/pcmanfm-qt_en_GB.ts
XML,1000-3000,lxqt-pcmanfm-qt,60f69f3356c1df2c82bbcd0f951efeb45ae0f84f,pcmanfm/translations/pcmanfm-qt_ga.ts,pcmanfm/translations/pcmanfm-qt_ga.ts
XML,1000-3000,lxqt-pcmanfm-qt,b1e553476cd3aa03b8409998ebbc327f87328304,pcmanfm/translations/pcmanfm-qt_tr.ts,pcmanfm/translations/pcmanfm-qt_tr.ts
XML,1000-3000,lxqt-qps,17577bb7e345185f6465dd0d9b602535b85228e7,src/translations/qps_cy.ts,src/translations/qps_cy.ts
XML,1000-3000,lxqt-qps,17577bb7e345185f6465dd0d9b602535b85228e7,src/translations/qps_hu.ts,src/translations/qps_hu.ts
XML,1000-3000,lxqt-qps,1d39e7e957f3fe3601a29a0d526eaaf6190ae5db,src/translations/qps_it.ts,src/translations/qps_it.ts
XML,1000-3000,lxqt-qps,1d39e7e957f3fe3601a29a0d526eaaf6190ae5db,src/translations/qps_ja.ts,src/translations/qps_ja.ts
XML,1000-3000,lxqt-qps,2d6bd3165dd69ccc091c843b5e143e029e73ff6e,src/translations/qps_arn.ts,src/translations/qps_arn.ts
XML,1000-3000,lxqt-qps,61ac835cb21a48e14b572813ee77d63de179ee19,src/translations/qps_lt.ts,src/translations/qps_lt.ts
XML,1000-3000,lxqt-qps,61ac835cb21a48e14b572813ee77d63de179ee19,src/translations/qps_si.ts,src/translations/qps_si.ts
XML,1000-3000,lxqt-qps,bff64cb564ccc2cce471c8f23239f04383e7bb9c,src/translations/qps_he.ts,src/translations/qps_he.ts
XML,1000-3000,lxqt-qps,eeb622072b8f0bd2036fdb721b0959613ff2cd47,src/translations/qps_oc.ts,src/translations/qps_oc.ts
XML,1000-3000,lxqt-qps,fb003b219318a8fde9b48b397b4bb39dd45f0278,src/translations/qps_el.ts,src/translations/qps_el.ts
XML,1000-3000,lxqt-qterminal,ed3c4543dcb02f6065f44c6db4b4cb1e06efc2ff,src/translations/qterminal_ar.ts,src/translations/qterminal_ar.ts
XML,1000-3000,lxqt-qterminal,ed3c4543dcb02f6065f44c6db4b4cb1e06efc2ff,src/translations/qterminal_en_GB.ts,src/translations/qterminal_en_GB.ts
XML,1000-3000,lxqt-qterminal,fc6952590839d2c45a5d878598819084b676cb6c,src/translations/qterminal_ru.ts,src/translations/qterminal_ru.ts
XML,1000-3000,pawelsalawa-sqlitestudio,623da89f90d524175086ab3151ea6f93f6ee57b6,SQLiteStudio3/coreSQLiteStudio/translations/coreSQLiteStudio_nl_NL.ts,SQLiteStudio3/coreSQLiteStudio/translations/coreSQLiteStudio_nl_NL.ts
XML,1000-3000,pawelsalawa-sqlitestudio,623da89f90d524175086ab3151ea6f93f6ee57b6,SQLiteStudio3/coreSQLiteStudio/translations/coreSQLiteStudio_sv_SE.ts,SQLiteStudio3/coreSQLiteStudio/translations/coreSQLiteStudio_sv_SE.ts
XML,1000-3000,pawelsalawa-sqlitestudio,623da89f90d524175086ab3151ea6f93f6ee57b6,SQLiteStudio3/coreSQLiteStudio/translations/coreSQLiteStudio_tr_TR.ts,SQLiteStudio3/coreSQLiteStudio/translations/coreSQLiteStudio_tr_TR.ts
XML,1000-3000,pawelsalawa-sqlitestudio,a44584e523a2890ed53a96078c304a9f21212ef5,SQLiteStudio3/coreSQLiteStudio/translations/coreSQLiteStudio_he_IL.ts,SQLiteStudio3/coreSQLiteStudio/translations/coreSQLiteStudio_he_IL.ts
XML,1000-3000,pawelsalawa-sqlitestudio,dbe8f22d7c38d2008f954f776c7a43dfcb9eafa0,SQLiteStudio3/coreSQLiteStudio/translations/coreSQLiteStudio_cs_CZ.ts,SQLiteStudio3/coreSQLiteStudio/translations/coreSQLiteStudio_cs_CZ.ts
XML,1000-3000,pawelsalawa-sqlitestudio,dbe8f22d7c38d2008f954f776c7a43dfcb9eafa0,SQLiteStudio3/coreSQLiteStudio/translations/coreSQLiteStudio_de_DE.ts,SQLiteStudio3/coreSQLiteStudio/translations/coreSQLiteStudio_de_DE.ts
XML,1000-3000,pawelsalawa-sqlitestudio,dbe8f22d7c38d2008f954f776c7a43dfcb9eafa0,SQLiteStudio3/coreSQLiteStudio/translations/coreSQLiteStudio_es_ES.ts,SQLiteStudio3/coreSQLiteStudio/translations/coreSQLiteStudio_es_ES.ts
XML,1000-3000,pawelsalawa-sqlitestudio,dbe8f22d7c38d2008f954f776c7a43dfcb9eafa0,SQLiteStudio3/coreSQLiteStudio/translations/coreSQLiteStudio_vi_VN.ts,SQLiteStudio3/coreSQLiteStudio/translations/coreSQLiteStudio_vi_VN.ts
XML,1000-3000,pbiering-ipv6calc,eb751fa84da8c4e2952b7983be8cf47bc70db341,doc/ipv6calc.xml,doc/ipv6calc.xml
XML,1000-3000,persepolisdm-persepolis,54e863106fb95092287f9efb84a56c0ff9d240d3,resources/locales/ui_fa_IR.ts,resources/locales/ui_fa_IR.ts
XML,1000-3000,persepolisdm-persepolis,54e863106fb95092287f9efb84a56c0ff9d240d3,resources/locales/ui_tr.ts,resources/locales/ui_tr.ts
XML,1000-3000,pianobooster-PianoBooster,17b5ec5a9ec2312c3e4766f0f636f69fefdaa4cf,translations/pianobooster_cs.ts,translations/pianobooster_cs.ts
XML,1000-3000,pianobooster-PianoBooster,17b5ec5a9ec2312c3e4766f0f636f69fefdaa4cf,translations/pianobooster_gu.ts,translations/pianobooster_gu.ts
XML,1000-3000,pianobooster-PianoBooster,17b5ec5a9ec2312c3e4766f0f636f69fefdaa4cf,translations/pianobooster_hu.ts,translations/pianobooster_hu.ts
XML,1000-3000,pianobooster-PianoBooster,17b5ec5a9ec2312c3e4766f0f636f69fefdaa4cf,translations/pianobooster_hy.ts,translations/pianobooster_hy.ts
XML,1000-3000,pianobooster-PianoBooster,17b5ec5a9ec2312c3e4766f0f636f69fefdaa4cf,translations/pianobooster_kk.ts,translations/pianobooster_kk.ts
XML,1000-3000,pianobooster-PianoBooster,17b5ec5a9ec2312c3e4766f0f636f69fefdaa4cf,translations/pianobooster_mn.ts,translations/pianobooster_mn.ts
XML,1000-3000,pianobooster-PianoBooster,17b5ec5a9ec2312c3e4766f0f636f69fefdaa4cf,translations/pianobooster_sr@latin.ts,translations/pianobooster_sr@latin.ts
XML,1000-3000,pianobooster-PianoBooster,1b020468c2a845169fcd132977eea75f4fd2a94f,translations/pianobooster_fa.ts,translations/pianobooster_fa.ts
XML,1000-3000,pianobooster-PianoBooster,1b020468c2a845169fcd132977eea75f4fd2a94f,translations/pianobooster_tt.ts,translations/pianobooster_tt.ts
XML,1000-3000,pianobooster-PianoBooster,2873e0929c594b76e7606ebe95636a7316287ed7,translations/pianobooster_bs.ts,translations/pianobooster_bs.ts
XML,1000-3000,pianobooster-PianoBooster,2873e0929c594b76e7606ebe95636a7316287ed7,translations/pianobooster_ks.ts,translations/pianobooster_ks.ts
XML,1000-3000,pianobooster-PianoBooster,4435be5ba5aa79badc1f5e94d7ec78b289af21fa,translations/pianobooster_ko.ts,translations/pianobooster_ko.ts
XML,1000-3000,pianobooster-PianoBooster,4435be5ba5aa79badc1f5e94d7ec78b289af21fa,translations/pianobooster_mi.ts,translations/pianobooster_mi.ts
XML,1000-3000,pianobooster-PianoBooster,48afae7ba38586cb87676bf204e7a73ed70d9a0b,translations/pianobooster_it.ts,translations/pianobooster_it.ts
XML,1000-3000,pianobooster-PianoBooster,99972708c41c56dd81ea5c7e4623d803d1936d2c,translations/pianobooster_uk.ts,translations/pianobooster_uk.ts
XML,1000-3000,pianobooster-PianoBooster,9f9b2d901a7427abc8c491fd97063027bddc3ff8,translations/pianobooster_pt.ts,translations/pianobooster_pt.ts
XML,1000-3000,pianobooster-PianoBooster,ecfb917004864f383551a662840573b18d1bffb5,translations/pianobooster_sr.ts,translations/pianobooster_sr.ts
XML,1000-3000,pianobooster-PianoBooster,ecfb917004864f383551a662840573b18d1bffb5,translations/pianobooster_tg.ts,translations/pianobooster_tg.ts
XML,1000-3000,pianobooster-PianoBooster,f3f8b0d7e44a01dfd6a7704f86d12ec1ccc8e81c,translations/pianobooster_az.ts,translations/pianobooster_az.ts
XML,1000-3000,pianobooster-PianoBooster,f3f8b0d7e44a01dfd6a7704f86d12ec1ccc8e81c,translations/pianobooster_bn.ts,translations/pianobooster_bn.ts
XML,1000-3000,pianobooster-PianoBooster,f3f8b0d7e44a01dfd6a7704f86d12ec1ccc8e81c,translations/pianobooster_ka.ts,translations/pianobooster_ka.ts
XML,1000-3000,pianobooster-PianoBooster,f3f8b0d7e44a01dfd6a7704f86d12ec1ccc8e81c,translations/pianobooster_ku.ts,translations/pianobooster_ku.ts
XML,1000-3000,pianobooster-PianoBooster,f3f8b0d7e44a01dfd6a7704f86d12ec1ccc8e81c,translations/pianobooster_si.ts,translations/pianobooster_si.ts
XML,1000-3000,pianobooster-PianoBooster,f3f8b0d7e44a01dfd6a7704f86d12ec1ccc8e81c,translations/pianobooster_sq.ts,translations/pianobooster_sq.ts
XML,1000-3000,pianobooster-PianoBooster,f3f8b0d7e44a01dfd6a7704f86d12ec1ccc8e81c,translations/pianobooster_tg.ts,translations/pianobooster_tg.ts
XML,1000-3000,pianobooster-PianoBooster,f3f8b0d7e44a01dfd6a7704f86d12ec1ccc8e81c,translations/pianobooster_vi.ts,translations/pianobooster_vi.ts
XML,1000-3000,psemiletov-tea-qt,b1248be0a6ec707294776b1547563607c8ba24b8,translations/pl.ts,translations/pl.ts
XML,1000-3000,radioacoustick-Coil64,1f304420f12a424133af5e1330eaa93da7650658,lang/Coil64_cs.ts,lang/Coil64_cs.ts
XML,1000-3000,radioacoustick-Coil64,4c16acf4c00b3ab2e2971fb6070cd023387182a7,lang/Coil64_ru.ts,lang/Coil64_ru.ts
XML,1000-3000,sebholt-qastools,6f64e8a4589036392ac0906c70ae2a388cc565aa,i18n/ts/app_ru.ts,i18n/ts/app_ru.ts
XML,1000-3000,tkashkin-GameHub,c93d0c3b7f9a1ae3c4735ef85edeb8692aefe5db,data/com.github.tkashkin.gamehub.changelog.xml,data/com.github.tkashkin.gamehub.changelog.xml
XML,1000-3000,tsujan-FeatherNotes,3ddf90e546c4d0fc34bfc95f079b328ab9a407ef,feathernotes/data/translations/feathernotes_ka.ts,feathernotes/data/translations/feathernotes_ka.ts
XML,1000-3000,tsujan-FeatherNotes,6858d1c1cee0867718bb072567181acf93abc8f4,feathernotes/data/translations/feathernotes_et.ts,feathernotes/data/translations/feathernotes_et.ts
XML,1000-3000,tsujan-FeatherNotes,6858d1c1cee0867718bb072567181acf93abc8f4,feathernotes/data/translations/feathernotes_pt_BR.ts,feathernotes/data/translations/feathernotes_pt_BR.ts
XML,1000-3000,tsujan-FeatherNotes,8786d1cd90dfa240d2462718adb47dae42e8f17f,feathernotes/data/translations/feathernotes_ar_DZ.ts,feathernotes/data/translations/feathernotes_ar_DZ.ts
XML,1000-3000,tsujan-FeatherNotes,8786d1cd90dfa240d2462718adb47dae42e8f17f,feathernotes/data/translations/feathernotes_fa.ts,feathernotes/data/translations/feathernotes_fa.ts
XML,1000-3000,tsujan-FeatherNotes,8786d1cd90dfa240d2462718adb47dae42e8f17f,feathernotes/data/translations/feathernotes_id.ts,feathernotes/data/translations/feathernotes_id.ts
XML,1000-3000,tsujan-FeatherNotes,cbff873207360bdb76d7963c739b1bc1959a0de1,feathernotes/data/translations/feathernotes_bg.ts,feathernotes/data/translations/feathernotes_bg.ts
XML,1000-3000,tsujan-FeatherNotes,cbff873207360bdb76d7963c739b1bc1959a0de1,feathernotes/data/translations/feathernotes_da.ts,feathernotes/data/translations/feathernotes_da.ts
XML,1000-3000,tsujan-FeatherNotes,cbff873207360bdb76d7963c739b1bc1959a0de1,feathernotes/data/translations/feathernotes_ka.ts,feathernotes/data/translations/feathernotes_ka.ts
XML,1000-3000,tsujan-FeatherPad,b1630a2a209206498bcb8893c9e32ae31d47f405,featherpad/data/translations/featherpad_cy.ts,featherpad/data/translations/featherpad_cy.ts
XML,1000-3000,tsujan-FeatherPad,b1630a2a209206498bcb8893c9e32ae31d47f405,featherpad/data/translations/featherpad_it.ts,featherpad/data/translations/featherpad_it.ts
XML,1000-3000,tsujan-Kvantum,24cb3496e3fd8a935997cb9b38e0b5e00c074a22,Kvantum/kvantummanager/data/translations/kvantummanager_az.ts,Kvantum/kvantummanager/data/translations/kvantummanager_az.ts
XML,1000-3000,tsujan-Kvantum,3580d402db878ecd8e917c86bd7827aaeaeaf9d1,Kvantum/kvantummanager/data/translations/kvantummanager_ca.ts,Kvantum/kvantummanager/data/translations/kvantummanager_ca.ts
XML,1000-3000,tsujan-Kvantum,3580d402db878ecd8e917c86bd7827aaeaeaf9d1,Kvantum/kvantummanager/data/translations/kvantummanager_et.ts,Kvantum/kvantummanager/data/translations/kvantummanager_et.ts
XML,1000-3000,tsujan-Kvantum,3580d402db878ecd8e917c86bd7827aaeaeaf9d1,Kvantum/kvantummanager/data/translations/kvantummanager_fi.ts,Kvantum/kvantummanager/data/translations/kvantummanager_fi.ts
XML,1000-3000,tsujan-Kvantum,3580d402db878ecd8e917c86bd7827aaeaeaf9d1,Kvantum/kvantummanager/data/translations/kvantummanager_hr.ts,Kvantum/kvantummanager/data/translations/kvantummanager_hr.ts
XML,1000-3000,tsujan-Kvantum,3580d402db878ecd8e917c86bd7827aaeaeaf9d1,Kvantum/kvantummanager/data/translations/kvantummanager_hu.ts,Kvantum/kvantummanager/data/translations/kvantummanager_hu.ts
XML,1000-3000,tsujan-Kvantum,3580d402db878ecd8e917c86bd7827aaeaeaf9d1,Kvantum/kvantummanager/data/translations/kvantummanager_zh_TW.ts,Kvantum/kvantummanager/data/translations/kvantummanager_zh_TW.ts
XML,1000-3000,tsujan-Kvantum,838fa76de4b2363f29f699477978b44c9f684889,Kvantum/kvantummanager/data/translations/kvantummanager_nb_NO.ts,Kvantum/kvantummanager/data/translations/kvantummanager_nb_NO.ts
XML,1000-3000,tsujan-Kvantum,f9f82c252dc543c0ebbbace510fdec57560343cf,Kvantum/kvantummanager/data/translations/kvantummanager_pt.ts,Kvantum/kvantummanager/data/translations/kvantummanager_pt.ts
XML,1000-3000,tsujan-Kvantum,f9f82c252dc543c0ebbbace510fdec57560343cf,Kvantum/kvantummanager/data/translations/kvantummanager_uk.ts,Kvantum/kvantummanager/data/translations/kvantummanager_uk.ts
XML,1000-3000,veracrypt-VeraCrypt,b1007c61353946ce1343dadc9f38cef05f04425f,Translations/Language.ko.xml,Translations/Language.ko.xml
XML,1000-3000,veracrypt-VeraCrypt,b1007c61353946ce1343dadc9f38cef05f04425f,Translations/Language.ro.xml,Translations/Language.ro.xml
XML,1000-3000,veracrypt-VeraCrypt,b1007c61353946ce1343dadc9f38cef05f04425f,Translations/Language.tr.xml,Translations/Language.tr.xml
XML,1000-3000,veracrypt-VeraCrypt,b952201412be414a23a204477edfa4388f8b2343,Translations/Language.ca.xml,Translations/Language.ca.xml
XML,30-100,0install-0install,643ec4be53566d09d4bebd19339beebcc3ff8acc,ZeroInstall.xml,ZeroInstall.xml
XML,30-100,0install-0install,e0721f04c49b42d849c08eba3bdd12fdc4035cbb,ZeroInstall.xml,ZeroInstall.xml
XML,30-100,AdoptOpenJDK-icedtea-web,2a65c56c56b9bd058097841c2e3ad51530123be9,common/pom.xml,common/pom.xml
XML,30-100,AdoptOpenJDK-icedtea-web,39156c1cbb46fc5c8bbf1d659747a3e430868a60,common/pom.xml,common/pom.xml
XML,30-100,AdoptOpenJDK-icedtea-web,6a19374e1efa33b8544afae338f58904c2adda76,artifact-all-dependencies/pom.xml,artifact-all-dependencies/pom.xml
XML,30-100,AdoptOpenJDK-icedtea-web,886e5ec87b94c54f312546ea43e41edf22899143,test-extensions/pom.xml,test-extensions/pom.xml
XML,30-100,AdoptOpenJDK-icedtea-web,d057ce7fb6e8d4ee55fe50ff2ab57233a9675c9a,common/pom.xml,common/pom.xml
XML,30-100,Arkq-bluez-alsa,954e53dd196656d65dd4d237a22f247bab50af12,src/dbus/org.bluez.xml,src/dbus/org.bluez.xml
XML,30-100,ArtifexSoftware-urw-base35-fonts,3d936c1450a7a99d2250f1a8de4e7bcf5f3d6e02,appstream/URWGothic.metainfo.xml,appstream/URWGothic.metainfo.xml
XML,30-100,FasterXML-jackson-dataformats-text,73226dbe4c631f2ddacc64da9b1f839cff92d9de,yaml/pom.xml,yaml/pom.xml
XML,30-100,FasterXML-jackson-modules-base,090802a305a6ecaae8d4ee5c11e3cac67528e716,android-record/pom.xml,android-record/pom.xml
XML,30-100,FasterXML-jackson-modules-base,090802a305a6ecaae8d4ee5c11e3cac67528e716,no-ctor-deser/pom.xml,no-ctor-deser/pom.xml
XML,30-100,FasterXML-jackson-modules-base,4006c5e1d038ab6862489021f55cfd0f924e56bb,no-ctor-deser/pom.xml,no-ctor-deser/pom.xml
XML,30-100,FasterXML-jackson-modules-base,55bc66684afe4352df6a64508f1a0f467a06b8a3,guice/pom.xml,guice/pom.xml
XML,30-100,FasterXML-jackson-modules-base,5ca9eec420e8019a83b5c267ccd6cda81f97174a,guice/pom.xml,guice/pom.xml
XML,30-100,FasterXML-jackson-modules-base,5ca9eec420e8019a83b5c267ccd6cda81f97174a,no-ctor-deser/pom.xml,no-ctor-deser/pom.xml
XML,30-100,FasterXML-jackson-modules-base,b1731cabcc7ad707027586d1bd70af44c1ed1ae8,no-ctor-deser/pom.xml,no-ctor-deser/pom.xml
XML,30-100,FasterXML-jackson-modules-base,bc6c84d17ee3716a581f9e473eefac57ab42fc25,guice7/pom.xml,guice7/pom.xml
XML,30-100,FasterXML-jackson-modules-base,e3bbd2bbc01176829484256525f70d471407a52c,blackbird/pom.xml,blackbird/pom.xml
XML,30-100,FasterXML-jackson-modules-base,f1fa80145872426253e11e1ab3334527b3e68571,osgi/pom.xml,osgi/pom.xml
XML,30-100,FasterXML-jackson-modules-base,fcf0dff478bacecdef3effea08f15c1521964133,guice/pom.xml,guice/pom.xml
XML,30-100,FrancescoCeruti-linux-show-player,41d4d1864e49c622b1be4e92936d3eb448dbc4c4,lisp/i18n/ts/cs_CZ/replay_gain.ts,lisp/i18n/ts/cs_CZ/replay_gain.ts
XML,30-100,FrancescoCeruti-linux-show-player,41d4d1864e49c622b1be4e92936d3eb448dbc4c4,lisp/i18n/ts/nl_NL/network.ts,lisp/i18n/ts/nl_NL/network.ts
XML,30-100,KRTirtho-spotube,4db9a95a91a08fc142ef577f74fe748ae4655d1e,linux/com.github.KRTirtho.Spotube.appdata.xml,linux/com.github.KRTirtho.Spotube.appdata.xml
XML,30-100,MaartenBaert-ssr,a73533c4f58e8137d5c1fd9ed5309fb2e46b3b9f,data/be.maartenbaert.simplescreenrecorder.metainfo.xml,data/simplescreenrecorder.metainfo.xml
XML,30-100,MaartenBaert-ssr,caf27d80d1bf94335e62301c41f4926247aa1f43,data/be.maartenbaert.simplescreenrecorder.metainfo.xml,data/be.maartenbaert.simplescreenrecorder.metainfo.xml
XML,30-100,MegaGlest-megaglest-data,4511c2b2455d5e79d0a0ebbde4885086fd44df40,techs/megapack/factions/romans/upgrades/sharpen_points/sharpen_points.xml,techs/megapack/factions/romans/upgrades/sharpen_points/sharpen_points.xml
XML,30-100,MegaGlest-megaglest-data,537780f38c1a6a6ccdcf4d23b8eab73b0d6bab52,techs/megapack/factions/tech/tech.xml,techs/megapack/factions/tech/tech.xml
XML,30-100,MegaGlest-megaglest-data,a0a41b23c9e4bcb5b1c4ac5be599519e1daba075,others/appdata/megaglest.appdata.xml,others/appdata/megaglest.appdata.xml
XML,30-100,MegaGlest-megaglest-data,a0fe825d484926fd5ee79fba5074e6d22d00e89a,data/core/menu/menu.xml,data/core/menu/menu.xml
XML,30-100,abego-treelayout,fb5b5326d9fe642b9ca0631c3da739bf775f6374,org.abego.treelayout.demo/pom.xml,org.abego.treelayout.demo/pom.xml
XML,30-100,agordon-fastx_toolkit,95101be40000552fc9c806430bd9a283b0710d2b,galaxy/tools/cshl_custom_fastx_toolkit/fastx_trimmer_from_end.xml,galaxy/tools/cshl_custom_fastx_toolkit/fastx_trimmer_from_end.xml
XML,30-100,agordon-fastx_toolkit,9a1a8bcfe295f24eb9b99f35fc41e80e86ee6151,galaxy/tools/cshl_custom_fastx_toolkit/fastx_trimmer_from_end.xml,galaxy/tools/cshl_custom_fastx_toolkit/fastx_trimmer_from_end.xml
XML,30-100,agordon-fastx_toolkit,9a1a8bcfe295f24eb9b99f35fc41e80e86ee6151,galaxy/tools/fastx_toolkit/fastq_masker.xml,galaxy/tools/fastx_toolkit/fastq_masker.xml
XML,30-100,antlr-antlr3,5419a2500ca7f8993832613b578d30761f0b1b04,antlr3-maven-archetype/pom.xml,antlr3-maven-archetype/pom.xml
XML,30-100,arduino-Arduino,3fd405d86180c1b1cee9d268fda3028e5ac8e10c,build/windows/launcher/config_debug.xml,build/windows/launcher/config_debug.xml
XML,30-100,arkq-bluez-alsa,954e53dd196656d65dd4d237a22f247bab50af12,src/dbus/org.bluealsa.xml,src/dbus/org.bluealsa.xml
XML,30-100,aunkrig-commons,3e8f75536987482be580d059f2334d67d83e8977,commons-io/pom.xml,commons-io/pom.xml
XML,30-100,aunkrig-commons,cca3dc6b940a327245da780cbe44d0d9b7cfe89a,commons-file/pom.xml,commons-file/pom.xml
XML,30-100,aunkrig-commons,cca3dc6b940a327245da780cbe44d0d9b7cfe89a,commons-reflect/pom.xml,commons-reflect/pom.xml
XML,30-100,aunkrig-commons,fb92964dd4c65c1f9ea7b4de9f33552008fc4ee7,commons-net/pom.xml,commons-net/pom.xml
XML,30-100,aunkrig-commons,fb92964dd4c65c1f9ea7b4de9f33552008fc4ee7,commons-reflect/pom.xml,commons-reflect/pom.xml
XML,30-100,brezerk-q4wine,6b9831ce41841b1e08fa43f7214f3829b8952171,templates/app-search.xml,templates/app-search.xml
XML,30-100,cache2k-cache2k,334aced7a6aa6bcbf4060c379050488484bb00fb,build-config/pom.xml,build-config/pom.xml
XML,30-100,cache2k-cache2k,334aced7a6aa6bcbf4060c379050488484bb00fb,cache2k-config/pom.xml,cache2k-config/pom.xml
XML,30-100,cache2k-cache2k,334aced7a6aa6bcbf4060c379050488484bb00fb,cache2k-jmx/pom.xml,cache2k-jmx/pom.xml
XML,30-100,cache2k-cache2k,76bc9200accf508a8c78c2f39d6e8df790414741,cache2k-micrometer/pom.xml,cache2k-micrometer/pom.xml
XML,30-100,cache2k-cache2k,76bc9200accf508a8c78c2f39d6e8df790414741,cache2k-pinpoint/pom.xml,cache2k-pinpoint/pom.xml
XML,30-100,cache2k-cache2k,d619ecc6e9e70b81fc53eb1caf05f6c378291741,cache2k-schema/pom.xml,cache2k-schema/pom.xml
XML,30-100,cglib-cglib,cb1c6fb63de87a6e212fbbfe89a4039b2a0da0cd,cglib-integration-test/pom.xml,cglib-integration-test/pom.xml
XML,30-100,cglib-cglib,e31ca2f1e514b2db3f017b1534b2271439bd0d3b,cglib/pom.xml,cglib/pom.xml
XML,30-100,datreeio-datree,161c511534c0ec0612af6c9c556f20fd7f8302e1,pkg/evaluation/printer_test_expected_outputs/JUnit_output.xml,pkg/evaluation/printer_test_expected_outputs/JUnit_output.xml
XML,30-100,dita-ot-dita-ot,728ee414ffc3fdd86990ca173c5e9994deae74f2,src/main/plugins/org.dita.base/xsl/common/strings-fr-ca.xml,src/main/plugins/org.dita.base/xsl/common/strings-fr-ca.xml
XML,30-100,dita-ot-dita-ot,728ee414ffc3fdd86990ca173c5e9994deae74f2,src/main/plugins/org.dita.base/xsl/common/strings-hr-hr.xml,src/main/plugins/org.dita.base/xsl/common/strings-hr-hr.xml
XML,30-100,dita-ot-dita-ot,728ee414ffc3fdd86990ca173c5e9994deae74f2,src/main/plugins/org.dita.base/xsl/common/strings-sr-latn-me.xml,src/main/plugins/org.dita.base/xsl/common/strings-sr-latn-me.xml
XML,30-100,dita-ot-dita-ot,728ee414ffc3fdd86990ca173c5e9994deae74f2,src/main/plugins/org.dita.pdf2/cfg/common/vars/he.xml,src/main/plugins/org.dita.pdf2/cfg/common/vars/he.xml
XML,30-100,dita-ot-dita-ot,728ee414ffc3fdd86990ca173c5e9994deae74f2,src/main/plugins/org.dita.pdf2/cfg/common/vars/nl.xml,src/main/plugins/org.dita.pdf2/cfg/common/vars/nl.xml
XML,30-100,eclipse-aspectj-aspectj,c06466aa5ec25a76f1e8963f3e0df4fa4ce68168,org.aspectj.ajdt.core/pom.xml,org.aspectj.ajdt.core/pom.xml
XML,30-100,eclipse-aspectj-aspectj,e0d2b60288f20d00071cf5e0134a31b5758bb006,org.aspectj.ajdt.core/pom.xml,org.aspectj.ajdt.core/pom.xml
XML,30-100,eclipse-ee4j-jaxb-fi,8de254a4eb9d21ae7a5054b2b44488ca2fc694f6,utilities/pom.xml,utilities/pom.xml
XML,30-100,eclipse-ee4j-jaxb-fi,b0e3886e512e62cc7135c56a9f28f832c6ff30cf,utilities/pom.xml,utilities/pom.xml
XML,30-100,eclipse-ee4j-jaxb-fi,ebfe587855f63abbacc769cdabae1dfd79497ccb,code/utilities/pom.xml,code/utilities/pom.xml
XML,30-100,eclipse-ee4j-jaxb-fi,ee07099d31902d3b16f92fb29109183457e17063,samples/pom.xml,samples/pom.xml
XML,30-100,eclipse-ee4j-jaxb-ri,0dcfdf5aed904623fb652dcf2d5ee06267e9a756,jaxb-ri/external/rngom/pom.xml,jaxb-ri/external/rngom/pom.xml
XML,30-100,epoupon-lms,57692fd8f4cd1f3c25e2c043007015ecb27767ee,approot/artists.xml,approot/artists.xml
XML,30-100,epoupon-lms,59e85ee424b010e7818b0d3a1d8298343a7d03b2,approot/main.xml,approot/main.xml
XML,30-100,epoupon-lms,c251c2a924c46fe0eda6ba6a34de6dd655715b2d,approot/artist.xml,approot/artist.xml
XML,30-100,frankluebeck-GAPDoc,ef013801182b8882cf1682954b819058fafc5145,3k+1/3k+1.xml,3k+1/3k+1.xml
XML,30-100,frescobaldi-python-ly,c0853b96eccfcfc49e09dd47ce00401ba860b62a,tests/test_xml_files/glissando.xml,tests/test_xml_files/glissando.xml
XML,30-100,fusesource-hawtjni,2952e02d76200e0e1696439b24f5f6d14d78017c,hawtjni-runtime/pom.xml,hawtjni-runtime/pom.xml
XML,30-100,fusesource-hawtjni,5cbc5f9828868a3cbfd3383ac2d1945791e60693,hawtjni-runtime/pom.xml,hawtjni-runtime/pom.xml
XML,30-100,gap-system-gap,2789e8218c8dcd24c46cee21cc496271c51b6b1a,doc/ref/copyright.xml,doc/ref/copyright.xml
XML,30-100,getpelican-pelican,ca32b1b77cd009038f482f309688d44291c6f7da,pelican/tests/output/basic/feeds/all.atom.xml,pelican/tests/output/basic/feeds/all.atom.xml
XML,30-100,godotengine-godot,258dc767c8d76f66b7fba8e37992c34989a91ec0,doc/classes/AudioEffectSpectrumAnalyzerInstance.xml,doc/classes/AudioEffectSpectrumAnalyzerInstance.xml
XML,30-100,godotengine-godot.git,90c0e6acca8e4c58b051cf569013b1cad5533aa2,doc/classes/RDVertexAttribute.xml,doc/classes/RDVertexAttribute.xml
XML,30-100,heftig-rtkit,2842b28010e583a0ea2b4fb95ccb6523935dd2bc,org.freedesktop.RealtimeKit1.xml,org.freedesktop.RealtimeKit1.xml
XML,30-100,jakartaee-common-annotations-api,00379d0527960f7e074cbeb1c03e9321745f5dcc,tck/src/main/assembly/assembly.xml,tck/src/main/assembly/assembly.xml
XML,30-100,jakartaee-inject-tck,5b6c8885e4b3489f3997c45ebb8e0ac90804111b,pom.xml,pom.xml
XML,30-100,jakartaee-inject-tck,fb3ba3c31592cd4ec4a4236e067847def7348cbe,src/assembly/src.xml,src/assembly/src.xml
XML,30-100,jakartaee-messaging,6cf7e05c644b6d7b53412ced79b14e3274b768d7,pom.xml,pom.xml
XML,30-100,jakartaee-tags,a2a0337f07e7ddfc2b8eccc19a323e983fdb794b,tagsdoc/pom.xml,tagsdoc/pom.xml
XML,30-100,java-diff-utils-java-diff-utils,4b3367674af140eedf5be9dd95308fc51c499bef,java-diff-utils/pom.xml,java-diff-utils/pom.xml
XML,30-100,javaruntype-javaruntype,0211dddb123e30045136edc4eb2301383bf2c3a4,src/assembly/dist.xml,src/assembly/dist.xml
XML,30-100,jflex-de-jflex,2b927a2bb8936020a82e1c07345d94a36ace0050,jflex/examples/standalone/pom.xml,jflex/examples/standalone/pom.xml
XML,30-100,jmock-developers-jmock-library,11ce44bf974047232a9c67213a7e995763312062,jmock-example/pom.xml,jmock-example/pom.xml
XML,30-100,jmock-developers-jmock-library,11ce44bf974047232a9c67213a7e995763312062,jmock-legacy/pom.xml,jmock-legacy/pom.xml
XML,30-100,jmock-developers-jmock-library,1a5aa6b4b1260a8ec45fc63c9b27ca71e1e6fd15,jmock-legacy/pom.xml,jmock-legacy/pom.xml
XML,30-100,jmock-developers-jmock-library,2e5ab00f05dfec298b89fe820971bab7c8a10965,testjar/pom.xml,testjar/pom.xml
XML,30-100,jmock-developers-jmock-library,5b6f3614a8fab61421c915e80a9e5e80b3c89dd2,jmock-legacy/pom.xml,jmock-legacy/pom.xml
XML,30-100,jmock-developers-jmock-library,787021e3e8aaacdb7a2ed06e8c9ee0a84afefdb9,jmock-legacy/pom.xml,jmock-legacy/pom.xml
XML,30-100,jmock-developers-jmock-library,a4c964e51ba50b2dcd7d553f9a98b5f52311d517,jmock-example/pom.xml,jmock-example/pom.xml
XML,30-100,lincity-ng-lincity-ng,08f12f733b3afe3cf6bdfe212b0d9c7656588d1e,data/help/el/market.xml,data/help/el/market.xml
XML,30-100,lincity-ng-lincity-ng,583715b453afbad9dfcd6edfa943c133889609cd,data/help/en/residential.xml,data/help/en/residential.xml
XML,30-100,lxqt-lxqt-notificationd,c2ad765b323d255ce6ad733d4f5e687141509098,src/translations/lxqt-notificationd_zh_TW.ts,src/translations/lxqt-notificationd_zh_TW.ts
XML,30-100,lxqt-lxqt-panel,2a6192e7af78aac56c66b951ba302ff3b87cfcd4,plugin-desktopswitch/translations/desktopswitch_eu.ts,plugin-desktopswitch/translations/desktopswitch_eu.ts
XML,30-100,lxqt-lxqt-panel,2a6192e7af78aac56c66b951ba302ff3b87cfcd4,plugin-desktopswitch/translations/desktopswitch_oc.ts,plugin-desktopswitch/translations/desktopswitch_oc.ts
XML,30-100,lxqt-lxqt-panel,2a6192e7af78aac56c66b951ba302ff3b87cfcd4,plugin-desktopswitch/translations/desktopswitch_pl.ts,plugin-desktopswitch/translations/desktopswitch_pl.ts
XML,30-100,lxqt-lxqt-panel,2a6192e7af78aac56c66b951ba302ff3b87cfcd4,plugin-desktopswitch/translations/desktopswitch_ru.ts,plugin-desktopswitch/translations/desktopswitch_ru.ts
XML,30-100,lxqt-lxqt-policykit,a638cdcf4ae2b682cb2831bb338a39f87cedc1e4,translations/lxqt-policykit-agent_da.ts,translations/lxqt-policykit-agent_da.ts
XML,30-100,lxqt-lxqt-policykit,a638cdcf4ae2b682cb2831bb338a39f87cedc1e4,translations/lxqt-policykit-agent_es.ts,translations/lxqt-policykit-agent_es.ts
XML,30-100,lxqt-lxqt-policykit,c7972cb0414481e6d17b3079d462763207ffba01,translations/lxqt-policykit-agent_ja.ts,translations/lxqt-policykit-agent_ja.ts
XML,30-100,lxqt-lxqt-policykit,d56f194c7f067dc75939d62e6fcc102e44928c3a,translations/lxqt-policykit-agent_gl.ts,translations/lxqt-policykit-agent_gl.ts
XML,30-100,mikaelgrev-miglayout,6be77ea8b3857f3d21a1ee7d60a5f0497af365a4,javafx/pom.xml,javafx/pom.xml
XML,30-100,ongres-stringprep,9b8a677d21075c6ae8f591aabdcca66abe06bd4f,nameprep/src/it/jpms-nameprep/pom.xml,nameprep/src/it/jpms-nameprep/pom.xml
XML,30-100,phar-io-manifest,25e0b0aeb701a4e5ce686010877bd0d20b37ae2e,psalm.xml,psalm.xml
XML,30-100,phar-io-manifest,54750ef60c58e43759730615a392c31c80e23176,build/psalm-baseline.xml,build/psalm-baseline.xml
XML,30-100,qos-ch-cal10n,244fa7e59f474de84f700c98338aec4a329f046a,cal10n-api/pom.xml,cal10n-api/pom.xml
XML,30-100,qos-ch-cal10n,c67c69e96c0f7b174f755a44eb4f60f1c8c5bd40,maven-cal10n-plugin-smoke/pom.xml,maven-cal10n-plugin-smoke/pom.xml
XML,30-100,qos-ch-cal10n,f5202f9785d04ef3f4fb049a5b9a3d4995422747,maven-cal10n-plugin/pom.xml,maven-cal10n-plugin/pom.xml
XML,30-100,qos-ch-slf4j,c233ea1932228a7fc580823289f896e97ba8a74d,jul-to-slf4j/pom.xml,jul-to-slf4j/pom.xml
XML,30-100,randomizedtesting-randomizedtesting,d4570a1675953467532409bb054827409cc6c169,randomized-runner/pom.xml,randomized-runner/pom.xml
XML,30-100,raphw-asm-jdk-bridge,565dc43c71b6f452b750ac40149291e1bc55943a,asm-jdk-bridge-test/pom.xml,asm-jdk-bridge-test/pom.xml
XML,30-100,richardlehane-siegfried,17ba7e5db6a815ed38383d86e6b803674844fc40,cmd/roy/data/pronom/fmt181.xml,cmd/roy/data/pronom/fmt181.xml
XML,30-100,richardlehane-siegfried,239702cfdb17d805ea5cf8c46c7bd6586e62095d,cmd/roy/data/pronom/fmt307.xml,cmd/roy/data/pronom/fmt307.xml
XML,30-100,richardlehane-siegfried,239702cfdb17d805ea5cf8c46c7bd6586e62095d,cmd/roy/data/pronom/fmt342.xml,cmd/roy/data/pronom/fmt342.xml
XML,30-100,richardlehane-siegfried,239702cfdb17d805ea5cf8c46c7bd6586e62095d,cmd/roy/data/pronom/fmt539.xml,cmd/roy/data/pronom/fmt539.xml
XML,30-100,richardlehane-siegfried,7cd90a45c0886a0e0d9c7bc5d6dd69fc242049d8,cmd/roy/data/pronom/fmt1092.xml,cmd/roy/data/pronom/fmt1092.xml
XML,30-100,richardlehane-siegfried,7cd90a45c0886a0e0d9c7bc5d6dd69fc242049d8,cmd/roy/data/pronom/fmt1167.xml,cmd/roy/data/pronom/fmt1167.xml
XML,30-100,richardlehane-siegfried,7cd90a45c0886a0e0d9c7bc5d6dd69fc242049d8,cmd/roy/data/pronom/fmt1175.xml,cmd/roy/data/pronom/fmt1175.xml
XML,30-100,richardlehane-siegfried,7cd90a45c0886a0e0d9c7bc5d6dd69fc242049d8,cmd/roy/data/pronom/fmt1831.xml,cmd/roy/data/pronom/fmt1831.xml
XML,30-100,richardlehane-siegfried,7cd90a45c0886a0e0d9c7bc5d6dd69fc242049d8,cmd/roy/data/pronom/fmt1956.xml,cmd/roy/data/pronom/fmt1956.xml
XML,30-100,richardlehane-siegfried,7cd90a45c0886a0e0d9c7bc5d6dd69fc242049d8,cmd/roy/data/pronom/fmt568.xml,cmd/roy/data/pronom/fmt568.xml
XML,30-100,richardlehane-siegfried,7cd90a45c0886a0e0d9c7bc5d6dd69fc242049d8,cmd/roy/data/pronom/x-fmt335.xml,cmd/roy/data/pronom/x-fmt335.xml
XML,30-100,richardlehane-siegfried,7cd90a45c0886a0e0d9c7bc5d6dd69fc242049d8,cmd/roy/data/pronom/x-fmt454.xml,cmd/roy/data/pronom/x-fmt454.xml
XML,30-100,robashaw-libecpint,8c3e80caaae2922c136700db3da1bbe8ff0ac388,doc/doxygen/xml/namespacemakelist.xml,doc/doxygen/xml/namespacemakelist.xml
XML,30-100,schollii-pypubsub,ebb952aced5e2e83af4c8e0c2a35d4a95b4d4ba7,.idea/runConfigurations/py_test_in_suite.xml,.idea/runConfigurations/py_test_in_suite.xml
XML,30-100,shrinkwrap-shrinkwrap,0f0bb7f134ca35ee3b05af77a38b3d6ab942cb51,api/pom.xml,api/pom.xml
XML,30-100,shrinkwrap-shrinkwrap,0f0bb7f134ca35ee3b05af77a38b3d6ab942cb51,depchain/pom.xml,depchain/pom.xml
XML,30-100,shrinkwrap-shrinkwrap,7ec1689a56a9de6eb857bb1647fcbcfcc8371771,dist/pom.xml,dist/pom.xml
XML,30-100,shrinkwrap-shrinkwrap,8fa51a5b9376bfa10f336d6d87bee20e3d7a8df0,build-resources/src/main/resources/code-style/checkstyle.xml,build-resources/src/main/resources/code-style/checkstyle.xml
XML,30-100,sonnyp-Tangram,fee6bf5acec8e7ae514e0cde2ee675f09b805cd6,data/re.sonny.Tangram.gschema.xml,data/re.sonny.Tangram.gschema.xml
XML,30-100,swh-ladspa,9b14f621d56b1c5834c9f40280d8e403d08b41f9,decay_1886.xml,decay_1886.xml
XML,30-100,tibirna-qgit,827615d2aafab70ea78d9a6073eddec713176cdf,qgit.appdata.xml,qgit.appdata.xml
XML,30-100,vdr-projects-vdr-plugin-vdrmanager,53b8a653d0c32e3fc73dad0fc543efb0cc722e22,vdrmanager/.idea/misc.xml,vdrmanager/.idea/misc.xml
XML,30-100,vdr-projects-vdr-plugin-vdrmanager,6dcead1f7ad58be52e4c155942b651ad6f2c4e70,vdrmanager/res/layout/search_epg_list.xml,vdrmanager/res/layout/search_epg_list.xml
XML,30-100,xerial-xerial-java,b8d86b5e3930b511fbac72d093b2de0a05e84634,xerial-core/pom.xml,xerial-core/pom.xml
XML,30-100,xerial-xerial-java,c241ab8212c53e277d193258f2fd44a9a5c9b9c1,xerial-core/pom.xml,xerial-core/pom.xml
XML,30-100,xerial-xerial-java,ef863491b5f642ff68a1589cefc12df62d1219b9,xerial-json/pom.xml,xerial-json/pom.xml
XML,30-100,xmlunit-xmlunit,02aef5d5950d4f113d26b3bc6d32320a0d1ec6f1,xmlunit-jakarta-jaxb-impl/pom.xml,xmlunit-jakarta-jaxb-impl/pom.xml
XML,30-100,xmlunit-xmlunit,6508bc60f8a7d76fbf3f0830d7ba6bd098bdf6c9,xmlunit-matchers/pom.xml,xmlunit-matchers/pom.xml
XML,30-100,ymnk-jsch-agent-proxy,0a7a32f6e2e021a093abf6d0b20a072f4742244d,examples/pom.xml,examples/pom.xml
XML,30-100,ymnk-jsch-agent-proxy,d54f284ab7a2d0864e9bd6ab51ba607e7767d691,jsch-agent-proxy-usocket-jna/pom.xml,jsch-agent-proxy-usocket-jna/pom.xml
XML,300-1000,FasterXML-jackson-core,d7e3877bd67d8e9ccd0fcfac7a5d3e0410eae3c1,pom.xml,pom.xml
XML,300-1000,FrancescoCeruti-linux-show-player,0bb31b93b8d456d7d1a0b1ea59621c5b3669fd65,lisp/i18n/ts/ar_SA/gst_backend.ts,lisp/i18n/ts/ar_SA/gst_backend.ts
XML,300-1000,FrancescoCeruti-linux-show-player,0bb31b93b8d456d7d1a0b1ea59621c5b3669fd65,lisp/i18n/ts/es_ES/gst_backend.ts,lisp/i18n/ts/es_ES/gst_backend.ts
XML,300-1000,FrancescoCeruti-linux-show-player,41d4d1864e49c622b1be4e92936d3eb448dbc4c4,lisp/i18n/ts/cs_CZ/gst_backend.ts,lisp/i18n/ts/cs_CZ/gst_backend.ts
XML,300-1000,JodaOrg-joda-time,806da07a2502235d32672a47a6f5ebb434b40a0a,src/changes/changes.xml,src/changes/changes.xml
XML,300-1000,JonMagon-KDiskMark,a50af96a6d6397ceb179c9eaff5a4f3c872a110a,data/translations/kdiskmark_es_MX.ts,data/translations/kdiskmark_es_MX.ts
XML,300-1000,MegaGlest-megaglest-data,3ebb6ab15fdacd8d08e545f74e9f85a5692eaea3,techs/megapack/factions/indian/units/worker/worker.xml,techs/megapack/factions/indian/units/worker/worker.xml
XML,300-1000,MegaGlest-megaglest-data,4511c2b2455d5e79d0a0ebbde4885086fd44df40,techs/megapack/factions/egypt/units/slave/slave.xml,techs/megapack/factions/egypt/units/slave/slave.xml
XML,300-1000,MegaGlest-megaglest-data,4511c2b2455d5e79d0a0ebbde4885086fd44df40,techs/megapack/factions/tech/units/technician/technician.xml,techs/megapack/factions/tech/units/technician/technician.xml
XML,300-1000,MegaGlest-megaglest-data,49321d0f902bf9fb11ddd600add3c214b94266f4,techs/megapack/factions/indian/units/worker/worker.xml,techs/megapack/factions/indian/units/worker/worker.xml
XML,300-1000,MegaGlest-megaglest-data,a0fe825d484926fd5ee79fba5074e6d22d00e89a,techs/megapack/factions/persian/units/worker/worker.xml,techs/megapack/factions/persian/units/worker/worker.xml
XML,300-1000,Simsys-qhexedit2,3f55b568275c3fd9362937111a99d2f57d7c04d2,example/translations/qhexedit_es.ts,example/translations/qhexedit_es.ts
XML,300-1000,TooTallNate-Java-WebSocket,4a6e1c4a15f347cd51054b2dfaaef4de10ad2abf,pom.xml,pom.xml
XML,300-1000,codehaus-qdox,a385ab3c36981aec1f8c81f4cbaab3cbf8f65cf1,qdox/pom.xml,qdox/pom.xml
XML,300-1000,eclipse-aspectj-aspectj,34bddb2153211f3f3af508a7cfb04dca3bfcadb9,aspectjmatcher/pom.xml,aspectjmatcher/pom.xml
XML,300-1000,eclipse-ee4j-angus-activation,d5b9118ce65a651a11bd5963aa4a17a2d07200b7,pom.xml,pom.xml
XML,300-1000,eclipse-ee4j-jaxb-ri,0dcfdf5aed904623fb652dcf2d5ee06267e9a756,jaxb-ri/xsom/pom.xml,jaxb-ri/xsom/pom.xml
XML,300-1000,eclipse-ee4j-jaxb-stax-ex,4f45564ab9301228a5bf5442f2277b5653d772d2,pom.xml,pom.xml
XML,300-1000,eclipse-ee4j-jaxb-stax-ex,c081cff10aca43419f19339fbdadb5e68e3214c5,pom.xml,pom.xml
XML,300-1000,eclipse-ee4j-jsonp,83d600bdca9f1b2e05599a15768505d7814d67a5,api/pom.xml,api/pom.xml
XML,300-1000,edisionnano-QDiskInfo,36f554c9be1a978d154100e85d0034fb70d889f3,translations/qdiskinfo_pt_PT.ts,translations/qdiskinfo_pt_PT.ts
XML,300-1000,edisionnano-QDiskInfo,c613b1cdbd6cdb179dc7f722b7087546f5b891d6,translations/qdiskinfo_hu_HU.ts,translations/qdiskinfo_hu_HU.ts
XML,300-1000,edisionnano-QDiskInfo,d9fe27795030a67672b47b9482286e35f5a9271e,translations/qdiskinfo_el_GR.ts,translations/qdiskinfo_el_GR.ts
XML,300-1000,edisionnano-QDiskInfo,e5f145cd597f700c5c0272e1d4c201dfa3b1287f,translations/qdiskinfo_uk_UA.ts,translations/qdiskinfo_uk_UA.ts
XML,300-1000,edisionnano-QDiskInfo,e998352834a9b96963bac6a6647d82bad9d9b387,translations/qdiskinfo_de_DE.ts,translations/qdiskinfo_de_DE.ts
XML,300-1000,edisionnano-QDiskInfo,e998352834a9b96963bac6a6647d82bad9d9b387,translations/qdiskinfo_ja_JP.ts,translations/qdiskinfo_ja_JP.ts
XML,300-1000,epoupon-lms,1862cd23c2242a4497c4e67f798a2d4dcbc9e537,approot/messages_it.xml,approot/messages_it.xml
XML,300-1000,epoupon-lms,1d15be1e6c3bed83ba4bb209673335cef94b06c6,approot/messages_fr.xml,approot/messages_fr.xml
XML,300-1000,epoupon-lms,89ebe3157d0e073b7f8ae5a033ad2c35d38e5f6a,approot/messages.xml,approot/messages.xml
XML,300-1000,epoupon-lms,9461b2a9360f15734c0c8e7fa8dd8c88566eac66,approot/messages_it.xml,approot/messages_it.xml
XML,300-1000,epoupon-lms,9edc38b0629b1b43f1ea1f342c840b0d053aed25,approot/messages_it.xml,approot/messages_it.xml
XML,300-1000,epoupon-lms,d108c9ffd25ceedff8bdf93b3dd5cdcba414179d,approot/messages_it.xml,approot/messages_it.xml
XML,300-1000,flaviotordini-musique,327c2a780e4c365435f52b64d5c5ad3d3ee00727,locale/en_GB.ts,locale/en_GB.ts
XML,300-1000,frankluebeck-GAPDoc,ef013801182b8882cf1682954b819058fafc5145,doc/enter.xml,doc/enter.xml
XML,300-1000,fusesource-jansi,fa5bea78126fda63aa9437fe6c38808437674f4d,pom.xml,pom.xml
XML,300-1000,fusesource-jansi-native,8ffc3523ff1ee7fb0b63c646c418ddefb959ae86,pom.xml,pom.xml
XML,300-1000,gap-packages-liealgdb,c47cd5a02f97a58ed74a52c4ca8512b0b42e5321,doc/families.xml,doc/families.xml
XML,300-1000,gap-packages-polymaking,c5a387a199a9475c1af081b2fe073d36715db792,doc/input.xml,doc/input.xml
XML,300-1000,godotengine-godot.git,593c261c42008e7158b2bd3d096e7d86a9a10308,doc/classes/Dictionary.xml,doc/classes/Dictionary.xml
XML,300-1000,godotengine-godot.git,b7f537c863ded968eb5c2e0f12fa8ca93449e5e8,doc/classes/HTTPRequest.xml,doc/classes/HTTPRequest.xml
XML,300-1000,godotengine-godot.git,c5aae722eeafb38c7eab259c28642c174cb5cc2f,modules/openxr/doc_classes/OpenXRExtensionWrapper.xml,modules/openxr/doc_classes/OpenXRExtensionWrapper.xml
XML,300-1000,google-jimfs,ae22f8a80f9ae974ac1402316793a0fd69ee1588,pom.xml,pom.xml
XML,300-1000,google-jimfs,db9c259830949023735441ee6bb00261d0af8fb7,pom.xml,pom.xml
XML,300-1000,hyphanet-contrib,54def6256b84127d139c4f1c04222a28653c75b8,freenet-ext/build.xml,freenet-ext/build.xml
XML,300-1000,igbinary-igbinary,25185d0a3f17fee244692ef54177ab0d4af57e58,package.xml,package.xml
XML,300-1000,igbinary-igbinary,de059f9766973dedb3ef9c62953d6c4e5297c8e9,package.xml,package.xml
XML,300-1000,jai-imageio-jai-imageio-jpeg2000,5de63a237c4b6d5fce36f9314fcb5afdf3e19889,pom.xml,pom.xml
XML,300-1000,jai-imageio-jai-imageio-jpeg2000,b59cc4ae0237b3086a2521ba233e1d2b3e020f17,pom.xml,pom.xml
XML,300-1000,jakartaee-jsonp-api,7ff10875de66b3f893fce22f45b93d95afd71f1f,api/pom.xml,api/pom.xml
XML,300-1000,jakartaee-jsonp-api,b7f9d851b854686ccbc1495ad8c71615265f6b71,api/pom.xml,api/pom.xml
XML,300-1000,javacc-javacc,00eb84716c26a5d9eb5a222fc15ba3ab59660582,pom.xml,pom.xml
XML,300-1000,javacc-javacc,39b5997c156f4a59e644cd9a66cad95bc5ae102e,pom.xml,pom.xml
XML,300-1000,javacc-javacc,7f5253aeb117a41ba5e97f59e67ac0262bfaf95a,pom.xml,pom.xml
XML,300-1000,jawatson-pythonprop,02ab152c0e3273ca3216583b08ccfca434a100ac,docs/user/help/C/voacapgui.xml,docs/user/help/C/voacapgui.xml
XML,300-1000,jmock-developers-jmock-library,3d1237318f715d4a5a412bfc4f10adefda1a8f31,pom.xml,pom.xml
XML,300-1000,jmock-developers-jmock-library,bca145a892ed5a146be51aef31f3ce609465d265,pom.xml,pom.xml
XML,300-1000,jnr-jffi,9d2e0393319eba057607aa2260345a2a2aaeb71c,pom.xml,pom.xml
XML,300-1000,jnr-jnr-ffi,8b3431b88310f6a2629b76ce139500be07a3fca9,pom.xml,pom.xml
XML,300-1000,jopt-simple-jopt-simple,6b12fc5dde23d033091ca8b419ac7bf4ffc1f1e8,pom.xml,pom.xml
XML,300-1000,jopt-simple-jopt-simple,c70a014fcabd62024994e9f459e0a6f4261b9851,pom.xml,pom.xml
XML,300-1000,ksnip-kImageAnnotator,17f5bdd23b6a3129dd0fb04319646138775ea48b,translations/kImageAnnotator_ta.ts,translations/kImageAnnotator_ta.ts
XML,300-1000,ksnip-kImageAnnotator,39f9f228c1ae41dbe7ba9e46bf09a4da91894a2c,translations/kImageAnnotator_pl.ts,translations/kImageAnnotator_pl.ts
XML,300-1000,ksnip-kImageAnnotator,9328ddb563948a8e32d7a19ba8e4d6d93fcc3d62,translations/kImageAnnotator_es.ts,translations/kImageAnnotator_es.ts
XML,300-1000,linuxmint-nemo,77526981c91ae391630892ab39f3fc3abe4eb068,libnemo-private/org.nemo.gschema.xml,libnemo-private/org.nemo.gschema.xml
XML,300-1000,lsp-plugins-lsp-plugins,18cd907db4f06cc415bd5165a1ebc80eab9ad5b0,res/ui/trigger/single/stereo.xml,res/ui/trigger/single/stereo.xml
XML,300-1000,lxqt-lxqt-archiver,847059e540162c33ba4f3fbc42a0e50c4f2089dd,src/translations/lxqt-archiver_hu.ts,src/translations/lxqt-archiver_hu.ts
XML,300-1000,lxqt-lxqt-archiver,847059e540162c33ba4f3fbc42a0e50c4f2089dd,src/translations/lxqt-archiver_uk.ts,src/translations/lxqt-archiver_uk.ts
XML,300-1000,lxqt-lxqt-archiver,99119aecf7c90b9a32d54af598041e275d49537d,src/translations/lxqt-archiver_fr.ts,src/translations/lxqt-archiver_fr.ts
XML,300-1000,lxqt-lxqt-archiver,a5828b3ac807ebbca945633ae174b1c67f8f776b,src/translations/lxqt-archiver_id.ts,src/translations/lxqt-archiver_id.ts
XML,300-1000,lxqt-lxqt-config,517b671105415f8ae857f2034465ed550d7f1b28,lxqt-config-input/translations/lxqt-config-input_oc.ts,lxqt-config-input/translations/lxqt-config-input_oc.ts
XML,300-1000,lxqt-lxqt-config,fa7b89b9cced41e92daeb1a127609b398a58c31c,lxqt-config-input/translations/lxqt-config-input_hr.ts,lxqt-config-input/translations/lxqt-config-input_hr.ts
XML,300-1000,lxqt-lxqt-config,fa7b89b9cced41e92daeb1a127609b398a58c31c,lxqt-config-input/translations/lxqt-config-input_ja.ts,lxqt-config-input/translations/lxqt-config-input_ja.ts
XML,300-1000,lxqt-lxqt-config,fa7b89b9cced41e92daeb1a127609b398a58c31c,lxqt-config-monitor/translations/lxqt-config-monitor_arn.ts,lxqt-config-monitor/translations/lxqt-config-monitor_arn.ts
XML,300-1000,lxqt-lxqt-panel,2a6192e7af78aac56c66b951ba302ff3b87cfcd4,panel/translations/lxqt-panel_bg.ts,panel/translations/lxqt-panel_bg.ts
XML,300-1000,lxqt-lxqt-panel,2a6192e7af78aac56c66b951ba302ff3b87cfcd4,panel/translations/lxqt-panel_eo.ts,panel/translations/lxqt-panel_eo.ts
XML,300-1000,lxqt-lxqt-panel,2a6192e7af78aac56c66b951ba302ff3b87cfcd4,panel/translations/lxqt-panel_sr_RS.ts,panel/translations/lxqt-panel_sr_RS.ts
XML,300-1000,lxqt-lxqt-powermanagement,4eab09efcd32268dd0177f59e29d4885acbfa435,config/translations/lxqt-config-powermanagement_pt_BR.ts,config/translations/lxqt-config-powermanagement_pt_BR.ts
XML,300-1000,lxqt-lxqt-powermanagement,8f4548adbbc02acec6c87be503f1b89c9776520b,config/translations/lxqt-config-powermanagement_it.ts,config/translations/lxqt-config-powermanagement_it.ts
XML,300-1000,lxqt-lxqt-powermanagement,a532da63631491e11e7b8c80b552973e9a44d965,config/translations/lxqt-config-powermanagement_bg.ts,config/translations/lxqt-config-powermanagement_bg.ts
XML,300-1000,lxqt-lxqt-powermanagement,e48e2559128c7e086e81d8d11ed905f050e99513,config/translations/lxqt-config-powermanagement_cs.ts,config/translations/lxqt-config-powermanagement_cs.ts
XML,300-1000,lxqt-lxqt-session,02f6dcc0c2828e80806804b1a8e46e89d5c2d24a,lxqt-config-session/translations/lxqt-config-session_gl.ts,lxqt-config-session/translations/lxqt-config-session_gl.ts
XML,300-1000,lxqt-lxqt-session,02f6dcc0c2828e80806804b1a8e46e89d5c2d24a,lxqt-config-session/translations/lxqt-config-session_pt_BR.ts,lxqt-config-session/translations/lxqt-config-session_pt_BR.ts
XML,300-1000,lxqt-lxqt-session,3ae34b4d675c82cd4bdecf3c662659d8b1bfc0bb,lxqt-config-session/translations/lxqt-config-session_uk.ts,lxqt-config-session/translations/lxqt-config-session_uk.ts
XML,300-1000,lxqt-lxqt-session,472cb74b26230878dc0e3d4026a00fac69c44ea9,lxqt-config-session/translations/lxqt-config-session_fi.ts,lxqt-config-session/translations/lxqt-config-session_fi.ts
XML,300-1000,lxqt-lxqt-session,472cb74b26230878dc0e3d4026a00fac69c44ea9,lxqt-config-session/translations/lxqt-config-session_th_TH.ts,lxqt-config-session/translations/lxqt-config-session_th_TH.ts
XML,300-1000,lxqt-lxqt-session,c3835a271ae994707f6b95219e92ec52ea1fea62,lxqt-config-session/translations/lxqt-config-session_uk.ts,lxqt-config-session/translations/lxqt-config-session_uk.ts
XML,300-1000,lxqt-lxqt-session,e5c6c21ee2fb67cb890ba211bdf9740292da9ee0,lxqt-config-session/translations/lxqt-config-session_sk_SK.ts,lxqt-config-session/translations/lxqt-config-session_sk_SK.ts
XML,300-1000,lxqt-lxqt-session,f5f3b43471d87dec02d41ea1002eea67066eabac,lxqt-config-session/translations/lxqt-config-session_tr.ts,lxqt-config-session/translations/lxqt-config-session_tr.ts
XML,300-1000,lxqt-obconf-qt,09421559b2a6136794fdcefbf5aedf2ca6b9304c,src/translations/obconf-qt_hr.ts,src/translations/obconf-qt_hr.ts
XML,300-1000,lxqt-obconf-qt,1ebd7730593689bf67849fd040c236e47c44ee2a,src/translations/obconf-qt_et.ts,src/translations/obconf-qt_et.ts
XML,300-1000,lxqt-obconf-qt,8b0d6f12f377875ba010fcb97002ab30c13821b0,src/translations/obconf-qt_cs.ts,src/translations/obconf-qt_cs.ts
XML,300-1000,lxqt-pavucontrol-qt,304afb9eb291ba23efd00658990f0d55d303e468,src/translations/pavucontrol-qt_fi.ts,src/translations/pavucontrol-qt_fi.ts
XML,300-1000,lxqt-pavucontrol-qt,3ede9152f99c2984acd0d360f32703bc3bada0a5,src/translations/pavucontrol-qt_pt.ts,src/translations/pavucontrol-qt_pt.ts
XML,300-1000,lxqt-pavucontrol-qt,8bf30a0ad80d02c49dfd0bb5a8c8ef08e1e58628,src/translations/pavucontrol-qt.ts,src/translations/pavucontrol-qt.ts
XML,300-1000,lxqt-pavucontrol-qt,8bf30a0ad80d02c49dfd0bb5a8c8ef08e1e58628,src/translations/pavucontrol-qt_cs.ts,src/translations/pavucontrol-qt_cs.ts
XML,300-1000,lxqt-pavucontrol-qt,8bf30a0ad80d02c49dfd0bb5a8c8ef08e1e58628,src/translations/pavucontrol-qt_hr.ts,src/translations/pavucontrol-qt_hr.ts
XML,300-1000,lxqt-pavucontrol-qt,8bf30a0ad80d02c49dfd0bb5a8c8ef08e1e58628,src/translations/pavucontrol-qt_it.ts,src/translations/pavucontrol-qt_it.ts
XML,300-1000,lxqt-pavucontrol-qt,8bf30a0ad80d02c49dfd0bb5a8c8ef08e1e58628,src/translations/pavucontrol-qt_sk.ts,src/translations/pavucontrol-qt_sk.ts
XML,300-1000,lxqt-pavucontrol-qt,8bf30a0ad80d02c49dfd0bb5a8c8ef08e1e58628,src/translations/pavucontrol-qt_zh_CN.ts,src/translations/pavucontrol-qt_zh_CN.ts
XML,300-1000,lxqt-screengrab,42e3d1ce58af07354dedf2a5b2af07beaac5b78c,translations/screengrab_ar.ts,translations/screengrab_ar.ts
XML,300-1000,lxqt-screengrab,606751ac2c0707fb002d7d7a58e3c6c39ced97a7,translations/screengrab_ast.ts,translations/screengrab_ast.ts
XML,300-1000,lxqt-screengrab,606751ac2c0707fb002d7d7a58e3c6c39ced97a7,translations/screengrab_it.ts,translations/screengrab_it.ts
XML,300-1000,lxqt-screengrab,606751ac2c0707fb002d7d7a58e3c6c39ced97a7,translations/screengrab_pt_BR.ts,translations/screengrab_pt_BR.ts
XML,300-1000,lxqt-screengrab,b1d8d62f3a5d64b5bd644153fab1c1334d93f105,translations/screengrab_da.ts,translations/screengrab_da.ts
XML,300-1000,lxqt-screengrab,b1d8d62f3a5d64b5bd644153fab1c1334d93f105,translations/screengrab_hu.ts,translations/screengrab_hu.ts
XML,300-1000,lxqt-screengrab,b1d8d62f3a5d64b5bd644153fab1c1334d93f105,translations/screengrab_ka.ts,translations/screengrab_ka.ts
XML,300-1000,lxqt-screengrab,b1d8d62f3a5d64b5bd644153fab1c1334d93f105,translations/screengrab_sk.ts,translations/screengrab_sk.ts
XML,300-1000,marschall-memoryfilesystem,b3bf0cbba91241724aafa88f3f56ed5fb849a1b6,pom.xml,pom.xml
XML,300-1000,mcallegari-qlcplus,dc2a8d7c1a1fb5b1f6a854e3e144d4e49f73a506,fixtureeditor/fixtureeditor_pt_BR.ts,fixtureeditor/fixtureeditor_pt_BR.ts
XML,300-1000,mikaelgrev-miglayout,219121bf01b37f113caa660c2a0ae75fe17a897f,pom.xml,pom.xml
XML,300-1000,mixxxdj-mixxx,bc7f4539f3226d0809f4ed8e4a53f96733492ab8,res/controllers/DJ TechTools MIDI Fighter Twister.midi.xml,res/controllers/DJ TechTools MIDI Fighter Twister.midi.xml
XML,300-1000,molke-productions-qloud,0f1aca5b24ff8f1318c152ef7d594b5290cc6dca,src/qloud_fr.ts,src/qloud_fr.ts
XML,300-1000,ongres-scram,1c36b1377a738f107e2a03dc6a002567f2121e7b,scram-parent/pom.xml,scram-parent/pom.xml
XML,300-1000,ongres-stringprep,691a335721ff469d65a3e113546b1e1f0caec437,parent/pom.xml,parent/pom.xml
XML,300-1000,openjdk-jmh,c2931c90fd4079271b69a8a393dfe277634f3e52,jmh-core-it/pom.xml,jmh-core-it/pom.xml
XML,300-1000,osamuaoki-imediff,a31e858d5d6ddc5131bcd6b42c8d6cc820e496f4,usr/share/man/man1/imediff.xml,usr/share/man/man1/imediff.xml
XML,300-1000,paul-hammant-qdox,171a086a880924eb7ca9416819014f10166122ed,pom.xml,pom.xml
XML,300-1000,paul-hammant-qdox,d87f7a4fee751c48c9cb6ee13e817638a55b2b9d,pom.xml,pom.xml
XML,300-1000,pholser-junit-quickcheck,dbc5a19d67c97c5492b7ab7c77035428e44547a9,pom.xml,pom.xml
XML,300-1000,pvanek-qlipper,11ace6b53f47da6b1b35cdabb9606bf8e7a65df2,ts/qlipper_ar.ts,ts/qlipper_ar.ts
XML,300-1000,qos-ch-reload4j,9e3b71a99100a0709ed51af6ab1f5b027659479f,pom.xml,pom.xml
XML,300-1000,qtilities-sddm-conf,1c2cd4e39b796821e3285d31ba0434891aac50e2,resources/translations/sddm-conf_ko.ts,resources/translations/sddm-conf_ko.ts
XML,300-1000,qtilities-sddm-conf,8820b1732b1ea6f5eb94ea121f10c3e71ceff008,resources/translations/sddm-conf_lt.ts,resources/translations/sddm-conf_lt.ts
XML,300-1000,randomizedtesting-randomizedtesting,d4570a1675953467532409bb054827409cc6c169,junit4-ant/pom.xml,junit4-ant/pom.xml
XML,300-1000,relaxng-jing-trang,0b7e49bc7e08557a3e6c3d572f23190f1ebc3258,build.xml,build.xml
XML,300-1000,robashaw-libecpint,8c3e80caaae2922c136700db3da1bbe8ff0ac388,doc/doxygen/xml/generate_8cpp.xml,doc/doxygen/xml/generate_8cpp.xml
XML,300-1000,robashaw-libecpint,8c3e80caaae2922c136700db3da1bbe8ff0ac388,doc/doxygen/xml/index.xml,doc/doxygen/xml/index.xml
XML,300-1000,robashaw-libecpint,c3c134a28fa512556821ef099d0b8078350d241c,doc/doxygen/xml/bessel_8cpp.xml,doc/doxygen/xml/bessel_8cpp.xml
XML,300-1000,robashaw-libecpint,c3c134a28fa512556821ef099d0b8078350d241c,doc/doxygen/xml/classlibecpint_1_1_bessel_function.xml,doc/doxygen/xml/classlibecpint_1_1_bessel_function.xml
XML,300-1000,shibatch-sleef,925e4d6f0f9a745468388a4db2c244aad4018c27,docs/compile.xhtml,docs/compile.xhtml
XML,300-1000,shrinkwrap-shrinkwrap,5d723d367db49624b7392bb9c87a176dde08c6ae,pom.xml,pom.xml
XML,300-1000,swh-ladspa,9b14f621d56b1c5834c9f40280d8e403d08b41f9,delay_1898.xml,delay_1898.xml
XML,300-1000,swh-lv2,7306ab5e074dd262d332fc6fa0d9528e42365348,plugins/delay-swh.lv2/plugin.xml,plugins/delay-swh.lv2/plugin.xml
XML,300-1000,vdr-projects-vdr-plugin-vdrmanager,2692564bfe18978ceb2b5fa4e9237113ae300176,vdrmanager/de.bjusystems.vdrmanager/src/main/res/layout/remote.xml,vdrmanager/de.bjusystems.vdrmanager/src/main/res/layout/remote.xml
XML,300-1000,vdr-projects-vdr-plugin-vdrmanager,d1998147e8d8dee6ed7dc528c3275849e538c3f5,vdrmanager/app/src/main/res/values-fr/strings.xml,vdrmanager/app/src/main/res/values-fr/strings.xml
XML,300-1000,wiki2beamer-wiki2beamer,4ce918ddd1bf9deadb56b345f29b37bb1cd8dbb0,doc/man/wiki2beamer.xml,doc/man/wiki2beamer.xml
XML,300-1000,wiki2beamer-wiki2beamer,7cc8d35c87e5b03183688e6399f927cac5b7b228,doc/man/wiki2beamer.xml,doc/man/wiki2beamer.xml
XML,300-1000,xmlunit-xmlunit,c7219b4fc94e50978bf1f55bdb2895f80847705a,pom.xml,pom.xml
XML,300-1000,xmlunit-xmlunit,c94855f30c917a168320960fa2407368fbcf4155,pom.xml,pom.xml
XML,300-1000,xou816-spot,f60f8a14f61e8e64fdcebd7676847d2d96d5e5e8,data/dev.alextren.Spot.appdata.xml,data/dev.alextren.Spot.appdata.xml
XML,300-1000,zeromq-jeromq,2c7a72d20f2e90dfa7d0b3bdc9c3eab2c68a54f5,pom.xml,pom.xml
XML,300-1000,zim-desktop-wiki-zim-desktop-wiki,3be979a68dbad9a5285d78065ad7d9c8f6f3413a,xdg/org.zim_wiki.Zim.appdata.xml,xdg/org.zim_wiki.Zim.appdata.xml
XML,3000+,GLibSharp-GtkSharp,09c6e50c25e4786be6449268d414df646850e00a,Source/atk/generated/atk-api.xml,Source/atk/generated/atk-api.xml
XML,3000+,GLibSharp-GtkSharp,09c6e50c25e4786be6449268d414df646850e00a,Source/gio/generated/gio-api.xml,Source/gio/generated/gio-api.xml
XML,3000+,Governikus-AusweisApp,130e3a6390d66963c26e6d3f42c87ec710f23a9d,resources/translations/ausweisapp_de.ts,resources/translations/ausweisapp_de.ts
XML,3000+,Governikus-AusweisApp,6ed0917cdae3961ac46184b4f1c0eacfd5a70d41,resources/translations/ausweisapp2_de.ts,resources/translations/ausweisapp2_de.ts
XML,3000+,Governikus-AusweisApp,7e84e665cf04f2ee4cbc61694b22ebc5bd57f0c3,resources/translations/ausweisapp_uk.ts,resources/translations/ausweisapp_uk.ts
XML,3000+,JakubMelka-PDF4QT,9846e27d428fad6dd950920e25adad544629a343,translations/PDF4QT_en.ts,translations/PDF4QT_en.ts
XML,3000+,KhronosGroup-OpenXR-SDK,288d3a7ebc1ad959f62d51da75baa3d27438c499,specification/registry/xr.xml,specification/registry/xr.xml
XML,3000+,KikoPlayProject-KikoPlay,9a089dd68b3071b1a5a5b1fbb3111011b411c553,res/lang/zh_Hans.ts,res/lang/zh_Hans.ts
XML,3000+,MaartenBaert-ssr,4911eac3ec22c26e3315f7d09f82f3103af834e4,src/translations/simplescreenrecorder_it.ts,src/translations/simplescreenrecorder_it.ts
XML,3000+,NilsBrause-waylandpp,c9e2ce154d3c244ecb534929e336097e7641a203,protocols/wayland.xml,protocols/wayland.xml
XML,3000+,Qalculate-qalculate-qt,5a2f5135f01587bd710b121a62d02ab403d5735d,translations/qalculate-qt_ca.ts,translations/qalculate-qt_ca.ts
XML,3000+,akhuettel-engauge-digitizer,6acf9b5f97ad6bac18ff027a12da14b923517b03,translations/engauge_ar.ts,translations/engauge_ar.ts
XML,3000+,akhuettel-engauge-digitizer,6acf9b5f97ad6bac18ff027a12da14b923517b03,translations/engauge_de.ts,translations/engauge_de.ts
XML,3000+,akhuettel-engauge-digitizer,6acf9b5f97ad6bac18ff027a12da14b923517b03,translations/engauge_hi.ts,translations/engauge_hi.ts
XML,3000+,akhuettel-engauge-digitizer,6acf9b5f97ad6bac18ff027a12da14b923517b03,translations/engauge_ja.ts,translations/engauge_ja.ts
XML,3000+,akhuettel-engauge-digitizer,d57d72ee6769f3dac9cc198dba761c4630a7765c,translations/engauge_fa_IR.ts,translations/engauge_fa_IR.ts
XML,3000+,akhuettel-engauge-digitizer,d691c9ebee9795661d78efad455a83bb41493f9e,translations/engauge_pt.ts,translations/engauge_pt.ts
XML,3000+,andrew-bibb-cmst,22638e23d8cf4256572799b15a68b569ca00c903,translations/cmst_en_US.ts,translations/cmst_en_US.ts
XML,3000+,andrew-bibb-cmst,ae0d485684cad5052be51703c520cbeecc636827,translations/cmst_ru_RU.ts,translations/cmst_ru_RU.ts
XML,3000+,andrew-bibb-cmst,fa7bbbf6764728f22791dd2f8936dc73fa9755af,translations/cmst_es_ES.ts,translations/cmst_es_ES.ts
XML,3000+,brezerk-q4wine,a22d6eed33fd10f5f208b4115f6ea416858882d9,src/l10n/q4wine_de.ts,src/l10n/q4wine_de.ts
XML,3000+,brezerk-q4wine,a22d6eed33fd10f5f208b4115f6ea416858882d9,src/l10n/q4wine_zh_TW.ts,src/l10n/q4wine_zh_TW.ts
XML,3000+,brezerk-q4wine,db6e9d8a5a390c38c3e632fd7de90d2b76efaee4,src/l10n/q4wine_fr.ts,src/l10n/q4wine_fr.ts
XML,3000+,calamares-calamares,e804457bd1b6ab31fcad2188093e1de4bed963ed,lang/calamares_fi_FI.ts,lang/calamares_fi_FI.ts
XML,3000+,calamares-calamares,e804457bd1b6ab31fcad2188093e1de4bed963ed,lang/calamares_id.ts,lang/calamares_id.ts
XML,3000+,calamares-calamares,e804457bd1b6ab31fcad2188093e1de4bed963ed,lang/calamares_zh_TW.ts,lang/calamares_zh_TW.ts
XML,3000+,chris2511-xca,bec6623b0a8fc413d800a8d2f3c35a8d029d6b50,lang/xca_pl.ts,lang/xca_pl.ts
XML,3000+,dogecoin-dogecoin,1d00bfe82c3ecc42e01a1e73a2eb1af1aed0f5d5,src/qt/locale/bitcoin_fa.ts,src/qt/locale/bitcoin_fa.ts
XML,3000+,dogecoin-dogecoin,4c34f9591f41c90b66d9eab2475922e69ba4b67e,src/qt/locale/bitcoin_fr_CA.ts,src/qt/locale/bitcoin_fr_CA.ts
XML,3000+,dogecoin-dogecoin,55106f552be67ea01152cd600aa9a9d9177737ba,src/qt/locale/bitcoin_ko_KR.ts,src/qt/locale/bitcoin_ko_KR.ts
XML,3000+,dogecoin-dogecoin,8c2f8579be21e395f4e4d7016067bea634bf0428,src/qt/locale/bitcoin_af.ts,src/qt/locale/bitcoin_af.ts
XML,3000+,dogecoin-dogecoin,8c2f8579be21e395f4e4d7016067bea634bf0428,src/qt/locale/bitcoin_en_GB.ts,src/qt/locale/bitcoin_en_GB.ts
XML,3000+,dogecoin-dogecoin,8c2f8579be21e395f4e4d7016067bea634bf0428,src/qt/locale/bitcoin_id_ID.ts,src/qt/locale/bitcoin_id_ID.ts
XML,3000+,dogecoin-dogecoin,8c2f8579be21e395f4e4d7016067bea634bf0428,src/qt/locale/bitcoin_lt.ts,src/qt/locale/bitcoin_lt.ts
XML,3000+,fooyin-fooyin,d063539ba8aa39166f5c3709928f1a3ff400db51,data/translations/fooyin_ca.ts,data/translations/fooyin_ca.ts
XML,3000+,fooyin-fooyin,d063539ba8aa39166f5c3709928f1a3ff400db51,data/translations/fooyin_fr.ts,data/translations/fooyin_fr.ts
XML,3000+,godotengine-godot.git,263a2bdec6c45dda0a9e0b73d9e6e7e17292c1ba,doc/classes/ProjectSettings.xml,doc/classes/ProjectSettings.xml
XML,3000+,hmatuschek-qdmr,cd8eeede5c4d488af456f8bed4ddf3afa2dd13e0,i18n/en_US.ts,i18n/en_US.ts
XML,3000+,hmatuschek-qdmr,cd8eeede5c4d488af456f8bed4ddf3afa2dd13e0,i18n/fr.ts,i18n/fr.ts
XML,3000+,hydrogen-music-hydrogen,52a684f805f8078e5742bbac0af9ae3e5cda4674,data/i18n/hydrogen_pl.ts,data/i18n/hydrogen_pl.ts
XML,3000+,mavlink-c_library_v2,f7ceb0ed8f570b154ae3d096e7286f880feeb20b,message_definitions/common.xml,message_definitions/common.xml
XML,3000+,meganz-MEGAsync,051ff6ec7cf7fc3cab8a0b35a90361a5cd44d9b2,src/MEGASync/gui/translations/MEGASyncStrings_vi.ts,src/MEGASync/gui/translations/MEGASyncStrings_vi.ts
XML,3000+,meganz-MEGAsync,15bb9dcfad866373720203227b8db2a27aaaca72,src/MEGASync/gui/translations/MEGASyncStrings_de.ts,src/MEGASync/gui/translations/MEGASyncStrings_de.ts
XML,3000+,meganz-MEGAsync,3336cf271bc0b19c299bd0c45bbc01ff0711584d,src/MEGASync/gui/translations/MEGASyncStrings_es.ts,src/MEGASync/gui/translations/MEGASyncStrings_es.ts
XML,3000+,meganz-MEGAsync,34b3ca9832d43e8691b0a78a0ccea785a4259270,src/MEGASync/gui/translations/translation.source.ts,src/MEGASync/gui/translations/translation.source.ts
XML,3000+,meganz-MEGAsync,52b1a0f05924c398a4ec6b5efd95fc6a2fda856f,src/MEGASync/gui/translations/MEGASyncStrings_en.ts,src/MEGASync/gui/translations/MEGASyncStrings_en.ts
XML,3000+,meganz-MEGAsync,5324eec53a76bfdd4d753e0a27410d64d9ad1bc1,src/MEGASync/gui/translations/MEGASyncStrings_vi.ts,src/MEGASync/gui/translations/MEGASyncStrings_vi.ts
XML,3000+,meganz-MEGAsync,5e7d77929cb7ae4b5b576d896341828d278c1cc9,src/MEGASync/gui/translations/MEGASyncStrings_de.ts,src/MEGASync/gui/translations/MEGASyncStrings_de.ts
XML,3000+,meganz-MEGAsync,6dc32757fa6c0883dc83b622bf8ada41409538b2,src/MEGASync/gui/translations/MEGASyncStrings_pl.ts,src/MEGASync/gui/translations/MEGASyncStrings_pl.ts
XML,3000+,meganz-MEGAsync,6dc32757fa6c0883dc83b622bf8ada41409538b2,src/MEGASync/gui/translations/MEGASyncStrings_ru.ts,src/MEGASync/gui/translations/MEGASyncStrings_ru.ts
XML,3000+,meganz-MEGAsync,89d38cd857c6f1428e5158fce40a9acf042511bc,src/MEGASync/gui/translations/MEGASyncStrings_id.ts,src/MEGASync/gui/translations/MEGASyncStrings_id.ts
XML,3000+,meganz-MEGAsync,89d38cd857c6f1428e5158fce40a9acf042511bc,src/MEGASync/gui/translations/MEGASyncStrings_zh_CN.ts,src/MEGASync/gui/translations/MEGASyncStrings_zh_CN.ts
XML,3000+,meganz-MEGAsync,95da0220c2c6a1fc2b13296f86c13a25abc8a35f,src/MEGASync/gui/translations/MEGASyncStrings_es.ts,src/MEGASync/gui/translations/MEGASyncStrings_es.ts
XML,3000+,meganz-MEGAsync,95da0220c2c6a1fc2b13296f86c13a25abc8a35f,src/MEGASync/gui/translations/MEGASyncStrings_pl.ts,src/MEGASync/gui/translations/MEGASyncStrings_pl.ts
XML,3000+,meganz-MEGAsync,95da0220c2c6a1fc2b13296f86c13a25abc8a35f,src/MEGASync/gui/translations/MEGASyncStrings_zh_TW.ts,src/MEGASync/gui/translations/MEGASyncStrings_zh_TW.ts
XML,3000+,meganz-MEGAsync,a2e006f261a19ff5da41df13c97d3314e7e2dbe9,src/MEGASync/gui/translations/translation.source.ts,src/MEGASync/gui/translations/translation.source.ts
XML,3000+,meganz-MEGAsync,a8161872d9cf7d6f12b93eeef10d41c82bce4687,src/MEGASync/gui/translations/MEGASyncStrings_pl.ts,src/MEGASync/gui/translations/MEGASyncStrings_pl.ts
XML,3000+,meganz-MEGAsync,a8161872d9cf7d6f12b93eeef10d41c82bce4687,src/MEGASync/gui/translations/MEGASyncStrings_vi.ts,src/MEGASync/gui/translations/MEGASyncStrings_vi.ts
XML,3000+,meganz-MEGAsync,b87af4d30d6d9e7c47521946d99212610de79433,src/MEGASync/gui/translations/MEGASyncStrings_ro.ts,src/MEGASync/gui/translations/MEGASyncStrings_ro.ts
XML,3000+,meganz-MEGAsync,bc2a3050eb15a002da09827f3f0e7a2b0a39a3ce,src/MEGASync/gui/translations/MEGASyncStrings_ko.ts,src/MEGASync/gui/translations/MEGASyncStrings_ko.ts
XML,3000+,meganz-MEGAsync,c1b0016cf5fb160b4bb541823482045f299745f3,src/MEGASync/gui/translations/MEGASyncStrings_fr.ts,src/MEGASync/gui/translations/MEGASyncStrings_fr.ts
XML,3000+,meganz-MEGAsync,c1b0016cf5fb160b4bb541823482045f299745f3,src/MEGASync/gui/translations/translation.source.ts,src/MEGASync/gui/translations/translation.source.ts
XML,3000+,meganz-MEGAsync,d77b0e0a327a677b1df7367d64796aecc69bce09,src/MEGASync/gui/translations/translation.source.ts,src/MEGASync/gui/translations/translation.source.ts
XML,3000+,meganz-MEGAsync,e0073f2c4edfd209b651fa7aec23fd9cbc14d4ed,src/MEGASync/gui/translations/MEGASyncStrings_en.ts,src/MEGASync/gui/translations/MEGASyncStrings_en.ts
XML,3000+,meganz-MEGAsync,ec6ed7a5ab55cc11d8b8a956036b5aa921a59fd0,src/MEGASync/gui/translations/MEGASyncStrings_fr.ts,src/MEGASync/gui/translations/MEGASyncStrings_fr.ts
XML,3000+,meganz-MEGAsync,ec6ed7a5ab55cc11d8b8a956036b5aa921a59fd0,src/MEGASync/gui/translations/MEGASyncStrings_nl.ts,src/MEGASync/gui/translations/MEGASyncStrings_nl.ts
XML,3000+,mgba-emu-mgba,2359768fbd3bddbdd63c7c8f1d01a56e3b09db91,src/platform/qt/ts/mgba-zh_CN.ts,src/platform/qt/ts/mgba-zh_CN.ts
XML,3000+,mgba-emu-mgba,4b26a2dc67a7814a5004a8c99f2fc8a9031979dd,src/platform/qt/ts/mgba-de.ts,src/platform/qt/ts/mgba-de.ts
XML,3000+,mgba-emu-mgba,4b26a2dc67a7814a5004a8c99f2fc8a9031979dd,src/platform/qt/ts/mgba-it.ts,src/platform/qt/ts/mgba-it.ts
XML,3000+,mgba-emu-mgba,4b26a2dc67a7814a5004a8c99f2fc8a9031979dd,src/platform/qt/ts/mgba-nb_NO.ts,src/platform/qt/ts/mgba-nb_NO.ts
XML,3000+,mixxxdj-mixxx,170987331434fc33becaabe13d6c0446bc107023,res/translations/mixxx_ast.ts,res/translations/mixxx_ast.ts
XML,3000+,mixxxdj-mixxx,170987331434fc33becaabe13d6c0446bc107023,res/translations/mixxx_hi_IN.ts,res/translations/mixxx_hi_IN.ts
XML,3000+,mixxxdj-mixxx,170987331434fc33becaabe13d6c0446bc107023,res/translations/mixxx_my.ts,res/translations/mixxx_my.ts
XML,3000+,mixxxdj-mixxx,2b22c09a44c5e19800af7abc1187a2f9e2413e02,res/linux/org.mixxx.Mixxx.metainfo.xml,res/linux/org.mixxx.Mixxx.metainfo.xml
XML,3000+,mixxxdj-mixxx,4356aefe9409e29d4e2ed7fba3a810c04ee2d47e,res/translations/mixxx_ca.ts,res/translations/mixxx_ca.ts
XML,3000+,mixxxdj-mixxx,4356aefe9409e29d4e2ed7fba3a810c04ee2d47e,res/translations/mixxx_hi_IN.ts,res/translations/mixxx_hi_IN.ts
XML,3000+,mixxxdj-mixxx,719a27884b5e24ec4acdacaf31dcb62f36276b96,res/translations/mixxx_is.ts,res/translations/mixxx_is.ts
XML,3000+,mixxxdj-mixxx,719a27884b5e24ec4acdacaf31dcb62f36276b96,res/translations/mixxx_ru.ts,res/translations/mixxx_ru.ts
XML,3000+,mixxxdj-mixxx,719a27884b5e24ec4acdacaf31dcb62f36276b96,res/translations/mixxx_sn.ts,res/translations/mixxx_sn.ts
XML,3000+,mixxxdj-mixxx,bb171ffbecf54e67f5a995ea8db02ad232d4a739,res/translations/mixxx_es_419.ts,res/translations/mixxx_es_419.ts
XML,3000+,mixxxdj-mixxx,bb171ffbecf54e67f5a995ea8db02ad232d4a739,res/translations/mixxx_zh_CN.ts,res/translations/mixxx_zh_CN.ts
XML,3000+,mixxxdj-mixxx,bb171ffbecf54e67f5a995ea8db02ad232d4a739,res/translations/mixxx_zh_HK.ts,res/translations/mixxx_zh_HK.ts
XML,3000+,mixxxdj-mixxx,d2c4f035282fc8d0543f73897a3a8744d60812d8,res/translations/mixxx_de.ts,res/translations/mixxx_de.ts
XML,3000+,mixxxdj-mixxx,d2c4f035282fc8d0543f73897a3a8744d60812d8,res/translations/mixxx_ko.ts,res/translations/mixxx_ko.ts
XML,3000+,mixxxdj-mixxx,d2c4f035282fc8d0543f73897a3a8744d60812d8,res/translations/mixxx_ru.ts,res/translations/mixxx_ru.ts
XML,3000+,mixxxdj-mixxx,d2c4f035282fc8d0543f73897a3a8744d60812d8,res/translations/mixxx_zh_TW.ts,res/translations/mixxx_zh_TW.ts
XML,3000+,mooltipass-moolticute,7119577e56ded40a36f9aa6e8281a581e7505a59,lang/mc_ko.ts,lang/mc_ko.ts
XML,3000+,mooltipass-moolticute,753b5acd0166543198d8356d459905656c7b9238,lang/mc_ru.ts,lang/mc_ru.ts
XML,3000+,mooltipass-moolticute,f1b6be85115c92fdf50f5a401ef50d0a1600407f,lang/mc_hu.ts,lang/mc_hu.ts
XML,3000+,mpc-qt-mpc-qt,bd1bb95c51e1b3a789e0f2e244113806a29a52bf,translations/mpc-qt_nl.ts,translations/mpc-qt_nl.ts
XML,3000+,mpc-qt-mpc-qt,f32ddf1d99146784eb727acda07f743051e751ed,translations/mpc-qt_ar.ts,translations/mpc-qt_ar.ts
XML,3000+,nextcloud-desktop,2be30ad03c9aaf23b61741e5b9cce1abeafca4fe,translations/client_ga.ts,translations/client_ga.ts
XML,3000+,nextcloud-desktop,60a9dcc5697c2fd03d7521046dabd6b128ae7247,translations/client_eu.ts,translations/client_eu.ts
XML,3000+,nextcloud-desktop,60a9dcc5697c2fd03d7521046dabd6b128ae7247,translations/client_fi.ts,translations/client_fi.ts
XML,3000+,nextcloud-desktop,60a9dcc5697c2fd03d7521046dabd6b128ae7247,translations/client_sl.ts,translations/client_sl.ts
XML,3000+,openstreetmap-merkaartor,29b3388680a03f1daac0037a2b504ea710da879a,translations/merkaartor_es.ts,translations/merkaartor_es.ts
XML,3000+,openstreetmap-merkaartor,29b3388680a03f1daac0037a2b504ea710da879a,translations/merkaartor_et.ts,translations/merkaartor_et.ts
XML,3000+,openstreetmap-merkaartor,38acf93cb110de18e1fc3e0fa7c108c5fd453fff,translations/merkaartor_fi.ts,translations/merkaartor_fi.ts
XML,3000+,openstreetmap-merkaartor,38acf93cb110de18e1fc3e0fa7c108c5fd453fff,translations/merkaartor_ja.ts,translations/merkaartor_ja.ts
XML,3000+,pawelsalawa-sqlitestudio,a44584e523a2890ed53a96078c304a9f21212ef5,SQLiteStudio3/guiSQLiteStudio/translations/guiSQLiteStudio_af_ZA.ts,SQLiteStudio3/guiSQLiteStudio/translations/guiSQLiteStudio_af_ZA.ts
XML,3000+,punesemu-puNES,0e42da45a0d0a0e0cbe9ded90fb6802eb89831b3,src/gui/designer/translations/it_IT.ts,src/gui/designer/translations/it_IT.ts
XML,3000+,radioacoustick-Coil64,362b627b7e301572608de346ae7b7549d0b53da8,lang/Coil64_el.ts,lang/Coil64_el.ts
XML,3000+,radioacoustick-Coil64,362b627b7e301572608de346ae7b7549d0b53da8,lang/Coil64_es.ts,lang/Coil64_es.ts
XML,3000+,radioacoustick-Coil64,362b627b7e301572608de346ae7b7549d0b53da8,lang/Coil64_ru.ts,lang/Coil64_ru.ts
XML,3000+,radioacoustick-Coil64,42cff668475d104835bea380f4dd989c8418aac0,lang/Coil64_it.ts,lang/Coil64_it.ts
XML,3000+,radioacoustick-Coil64,5516e8991905a168f15081a4ac0481eeb8f9ad4a,lang/Coil64_en.ts,lang/Coil64_en.ts
XML,3000+,radioacoustick-Coil64,5516e8991905a168f15081a4ac0481eeb8f9ad4a,lang/Coil64_uk.ts,lang/Coil64_uk.ts
XML,3000+,radioacoustick-Coil64,5a9ef1d3510635ccfbdfe01050e6eaf5dba1c5b7,lang/Coil64_hu.ts,lang/Coil64_hu.ts
XML,3000+,radioacoustick-Coil64,5d94d0da2f6152635c26ae37f0224cf7f8e37cac,lang/Coil64_el.ts,lang/Coil64_el.ts
XML,3000+,radioacoustick-Coil64,5d94d0da2f6152635c26ae37f0224cf7f8e37cac,lang/Coil64_hu.ts,lang/Coil64_hu.ts
XML,3000+,radioacoustick-Coil64,6e1ff7f8cd85278536673b02f1a526b24f55f3cf,lang/Coil64_hu.ts,lang/Coil64_hu.ts
XML,3000+,radioacoustick-Coil64,6e1ff7f8cd85278536673b02f1a526b24f55f3cf,lang/Coil64_pl.ts,lang/Coil64_pl.ts
XML,3000+,radioacoustick-Coil64,85012b6c38a4fcc1ed71bac0d6365ceed66642a8,lang/Coil64_es.ts,lang/Coil64_es.ts
XML,3000+,radioacoustick-Coil64,98a80f788cb613df20b75966b6877be54cb0e858,lang/Coil64_hr.ts,lang/Coil64_hr.ts
XML,3000+,radioacoustick-Coil64,98a80f788cb613df20b75966b6877be54cb0e858,lang/Coil64_ru.ts,lang/Coil64_ru.ts
XML,3000+,radioacoustick-Coil64,a5d9d87f596467e0e879986a2f4768f4c0f57ff4,lang/Coil64_pl.ts,lang/Coil64_pl.ts
XML,3000+,radioacoustick-Coil64,af59e007a0cac584a33e863286a9e1d6b66a97c9,lang/Coil64_vi.ts,lang/Coil64_vi.ts
XML,3000+,radioacoustick-Coil64,b38d24c1e678a56b29a0ab986ffe162bf5c02615,lang/Coil64_it.ts,lang/Coil64_it.ts
XML,3000+,radioacoustick-Coil64,d1dc67a5e835e99e3e33862f99e6d794157cf1c1,lang/Coil64_bg.ts,lang/Coil64_bg.ts
XML,3000+,radioacoustick-Coil64,d1dc67a5e835e99e3e33862f99e6d794157cf1c1,lang/Coil64_es.ts,lang/Coil64_es.ts
XML,3000+,radioacoustick-Coil64,d1dc67a5e835e99e3e33862f99e6d794157cf1c1,lang/Coil64_nl.ts,lang/Coil64_nl.ts
XML,3000+,radioacoustick-Coil64,d54e6866bf0ff4dd3576a7f6954b71e001170c7d,lang/Coil64_bg.ts,lang/Coil64_bg.ts
XML,3000+,radioacoustick-Coil64,d54e6866bf0ff4dd3576a7f6954b71e001170c7d,lang/Coil64_ru.ts,lang/Coil64_ru.ts
XML,3000+,radioacoustick-Coil64,d7a7d5dbc81b70be3ace9972d1ff41da18a3f738,lang/Coil64_fa.ts,lang/Coil64_fa.ts
XML,3000+,radioacoustick-Coil64,d84aed4a7e73412e192ee3d61c632006d9ea3604,lang/Coil64_hr.ts,lang/Coil64_hr.ts
XML,3000+,radioacoustick-Coil64,d84aed4a7e73412e192ee3d61c632006d9ea3604,lang/Coil64_pt.ts,lang/Coil64_pt.ts
XML,3000+,radioacoustick-Coil64,d84aed4a7e73412e192ee3d61c632006d9ea3604,lang/Coil64_tr.ts,lang/Coil64_tr.ts
XML,3000+,richardlehane-siegfried,239702cfdb17d805ea5cf8c46c7bd6586e62095d,cmd/roy/data/container-signature-20240715.xml,cmd/roy/data/container-signature-20240715.xml
XML,3000+,robert7-nixnote2,2c12caef8ff7d1902ba0f3aec658332e1c6e5f59,translations/nixnote2_da.ts,translations/nixnote2_da.ts
XML,3000+,robert7-nixnote2,2c12caef8ff7d1902ba0f3aec658332e1c6e5f59,translations/nixnote2_es.ts,translations/nixnote2_es.ts
XML,3000+,robert7-nixnote2,c2c4dee08b8cbb1ca232c67c2f8a720d1b5e7c0b,translations/nixnote2_zh_CN.ts,translations/nixnote2_zh_CN.ts
XML,3000+,robert7-nixnote2,e4917a5605d5994a7bc9567bf33111b360ef8f8f,translations/nixnote2_cs_CZ.ts,translations/nixnote2_cs_CZ.ts
XML,3000+,robert7-nixnote2,e4917a5605d5994a7bc9567bf33111b360ef8f8f,translations/nixnote2_pl.ts,translations/nixnote2_pl.ts
XML,3000+,smplayer-dev-smplayer,541cfd6aafd045f615555febe54980da4fad6d4c,src/translations/smplayer_id.ts,src/translations/smplayer_id.ts
XML,3000+,smplayer-dev-smplayer,541cfd6aafd045f615555febe54980da4fad6d4c,src/translations/smplayer_uk_UA.ts,src/translations/smplayer_uk_UA.ts
XML,3000+,smplayer-dev-smplayer,85b3efc6818f85e02b787d29990e888a06e22fee,src/translations/smplayer_fr.ts,src/translations/smplayer_fr.ts
XML,3000+,sqlitebrowser-sqlitebrowser,3e3e367a33da2098e52a366314471582562a3005,src/translations/sqlb_pt_BR.ts,src/translations/sqlb_pt_BR.ts
XML,3000+,sqlitebrowser-sqlitebrowser,a793da86142ce5d761b008ab580171a2896b9afb,src/translations/sqlb_pt_BR.ts,src/translations/sqlb_pt_BR.ts
XML,3000+,webcamoid-webcamoid,1fe4aa9d130739a18300dab9923b948ae6b64e03,StandAlone/share/ts/ja.ts,StandAlone/share/ts/ja.ts
XML,3000+,webcamoid-webcamoid,1fe4aa9d130739a18300dab9923b948ae6b64e03,StandAlone/share/ts/tr.ts,StandAlone/share/ts/tr.ts
XML,3000+,webcamoid-webcamoid,f4d2e64dedba7fa00a9dbeb8a22054fa3a5d096d,StandAlone/share/ts/ca.ts,StandAlone/share/ts/ca.ts
XML,3000+,webcamoid-webcamoid,f4d2e64dedba7fa00a9dbeb8a22054fa3a5d096d,StandAlone/share/ts/ja.ts,StandAlone/share/ts/ja.ts
