language,size_bucket,repository,commit,path,old_path
Ruby,0-10,Mange-roadie,9a12ab1cc98303972ee0e5c22130b52bc053fff4,lib/roadie/rspec.rb,lib/roadie/rspec.rb
Ruby,0-10,Mange-roadie,9a12ab1cc98303972ee0e5c22130b52bc053fff4,spec/support/have_xpath_matcher.rb,spec/support/have_xpath_matcher.rb
Ruby,0-10,Mange-roadie-rails,b30c18cee8b9ce87e75486bfa07b4678ce070503,spec/railsapps/rails_61/config/boot.rb,spec/railsapps/rails_61/config/boot.rb
Ruby,0-10,Mange-roadie-rails,b47c79f7f6434eee735214c9df672387167bac14,spec/railsapps/rails_60/config/boot.rb,spec/railsapps/rails_60/config/boot.rb
Ruby,0-10,RubyCrypto-ed25519,c1ee0e0cd5807048d2382feba3d6ad8aad850b0c,ext/ed25519_ref10/extconf.rb,ext/ed25519_ref10/extconf.rb
Ruby,0-10,RubyCrypto-ed25519,d3a1984a2825f49fc83329fed5c21f412dd57d85,lib/ed25519/version.rb,lib/ed25519/version.rb
Ruby,0-10,RubyCrypto-ed25519,e3fde6e2cc937313e0adcbf957cddb2f56bc81e1,lib/ed25519/version.rb,lib/ed25519/version.rb
Ruby,0-10,RubyCrypto-rbnacl,dc447490016fe260070972c0840ee192c6067aab,lib/rbnacl/version.rb,lib/rbnacl/version.rb
Ruby,0-10,ai-autoprefixer-rails,01f8d15c4677be4a8707a99db11dc58154e16aef,lib/autoprefixer-rails/version.rb,lib/autoprefixer-rails/version.rb
Ruby,0-10,ai-autoprefixer-rails,289834b84eeec7b9fd1c8e460a3fce9f8e7dc10a,lib/autoprefixer-rails/version.rb,lib/autoprefixer-rails/version.rb
Ruby,0-10,ammar-regexp_parser,484fe0cc42564ca5ff4f18657a3efe09ca113a93,lib/regexp_parser/syntax/versions/2.3.0.rb,lib/regexp_parser/syntax/versions/2.3.0.rb
Ruby,0-10,ammar-regexp_parser,484fe0cc42564ca5ff4f18657a3efe09ca113a93,lib/regexp_parser/syntax/versions/2.6.0.rb,lib/regexp_parser/syntax/versions/2.6.0.rb
Ruby,0-10,astroband-ruby-xdr,2018b2a5c02edf1b446f8cd27bd626d00a10884b,lib/xdr/version.rb,lib/xdr/version.rb
Ruby,0-10,bblimke-webmock,9ff63ac7c845a75278e43236e0128e197f597462,lib/webmock/version.rb,lib/webmock/version.rb
Ruby,0-10,bodrovis-faraday-gzip,12a77e9ccbfcf7a51cf228430ba4dc728b7f393e,lib/faraday/gzip/version.rb,lib/faraday/gzip/version.rb
Ruby,0-10,bodrovis-faraday-gzip,d2b3d7bdf675022d19e3f402b9398cbd9e14ec96,lib/faraday/gzip/version.rb,lib/faraday/gzip/version.rb
Ruby,0-10,brianmario-charlock_holmes,8c721fba281ae961d2b762173208196b76cd47a9,lib/charlock_holmes/version.rb,lib/charlock_holmes/version.rb
Ruby,0-10,brianmario-charlock_holmes,c8e2a5f6f76597d3452d5c37d0f99b3d6402d51d,lib/charlock_holmes/version.rb,lib/charlock_holmes/version.rb
Ruby,0-10,brianmario-charlock_holmes,f17671d80b15e9743fa06988f8d87e1d3114592b,lib/charlock_holmes/version.rb,lib/charlock_holmes/version.rb
Ruby,0-10,camertron-arel-helpers,a475858ab0fbc6f72267bf298822c9be7b0c85f4,lib/arel-helpers/version.rb,lib/arel-helpers/version.rb
Ruby,0-10,camertron-arel-helpers,afffff5449001c5eb567b04cd88e7a1c9c401495,lib/arel-helpers/version.rb,lib/arel-helpers/version.rb
Ruby,0-10,chef-mixlib-shellout,a1d9c6b884a32ce2dfc82a2a8c285d781e0e989b,lib/mixlib/shellout/version.rb,lib/mixlib/shellout/version.rb
Ruby,0-10,copiousfreetime-launchy,ddfe50a19eb2fc67a9baca7bf17259c9eeb825bf,spec/spec_helper.rb,spec/spec_helper.rb
Ruby,0-10,crypto-rb-ed25519,32b96969a2811e7c44fc598d38115086674b84c3,lib/ed25519/version.rb,lib/ed25519/version.rb
Ruby,0-10,crypto-rb-x25519,37b374129d46e846c618bd8a13ae23d714d9d584,lib/x25519/version.rb,lib/x25519/version.rb
Ruby,0-10,crypto-rb-x25519,5adb57270ed531823a9bbe4f77f9544b6f9bc6d9,lib/x25519/version.rb,lib/x25519/version.rb
Ruby,0-10,dblock-syntax,9ca0ee5ba0b577f384e30124adbc4c678f804a5d,lib/syntax/version.rb,lib/syntax/version.rb
Ruby,0-10,denisdefreyne-adsf,625ca127b0c35d1d726a3742f72dd7e5f77d3b00,adsf-live/lib/adsf/live/version.rb,adsf-live/lib/adsf/live/version.rb
Ruby,0-10,doudou-flexmock,0ee7f66145a227cd0238298358738c2bc004de14,lib/flexmock/version.rb,lib/flexmock/version.rb
Ruby,0-10,excon-excon,d630f8139d65327689b957084127b161afb4c062,lib/excon/version.rb,lib/excon/version.rb
Ruby,0-10,fbernier-tomlrb,553e7e834a3157304747bf8f31238f46c764aedf,test/minitest_helper.rb,test/minitest_helper.rb
Ruby,0-10,feed2imap-ruby-feedparser,113ee7ff9469cc7f601da6989fdcebcce1bf20e9,lib/feedparser/version.rb,lib/feedparser/version.rb
Ruby,0-10,feed2imap-ruby-feedparser,aab208304948c469254c05ca01aa4611d1bd2668,lib/feedparser/version.rb,lib/feedparser/version.rb
Ruby,0-10,flavorjones-loofah,5ac17a8f46a2ebf8453b7bc41539c5de06738425,lib/loofah/version.rb,lib/loofah/version.rb
Ruby,0-10,fxn-zeitwerk,77c971c0f602bd0e5961d22dc7541d863737dbcb,lib/zeitwerk/version.rb,lib/zeitwerk/version.rb
Ruby,0-10,gjtorikian-html-pipeline,08e55ddeb5868033cc903346eb344c1f4dda1759,lib/html_pipeline/version.rb,lib/html_pipeline/version.rb
Ruby,0-10,gjtorikian-html-pipeline,694a5c7500390ff21aea2844dfacf7ee616b80d9,lib/html_pipeline/version.rb,lib/html_pipeline/version.rb
Ruby,0-10,gjtorikian-html-pipeline,74ef05055279717c55d875d56d1f36c53659cdcd,lib/html_pipeline/version.rb,lib/html_pipeline/version.rb
Ruby,0-10,grosser-gettext_i18n_rails,1738a58cd4b29ae0a7804951fc2f5e05693345c6,lib/gettext_i18n_rails/version.rb,lib/gettext_i18n_rails/version.rb
Ruby,0-10,grosser-gettext_i18n_rails,32674bbb66bc426486e1f0c2216d07bff8484d90,lib/gettext_i18n_rails/version.rb,lib/gettext_i18n_rails/version.rb
Ruby,0-10,grosser-gettext_i18n_rails,a8de7ddbe0014cb5927436c11beab7d8110e624c,lib/gettext_i18n_rails/version.rb,lib/gettext_i18n_rails/version.rb
Ruby,0-10,grosser-maxitest,297fc065c25814d685dd71e54deac48a197c7596,lib/maxitest/version.rb,lib/maxitest/version.rb
Ruby,0-10,grosser-maxitest,fab6bc8841607a4327342830bdfd100b86326373,lib/maxitest/version.rb,lib/maxitest/version.rb
Ruby,0-10,guard-listen,2a34596185f076e00083fbd10aba3563e16df5df,lib/listen/version.rb,lib/listen/version.rb
Ruby,0-10,janlelis-unicode-emoji,349e7b53e350326c33a46b4c138bd09997a33405,lib/unicode/emoji/generated/regex.rb,lib/unicode/emoji/generated/regex.rb
Ruby,0-10,janlelis-unicode-emoji,349e7b53e350326c33a46b4c138bd09997a33405,lib/unicode/emoji/generated/regex_valid.rb,lib/unicode/emoji/generated/regex_valid.rb
Ruby,0-10,janlelis-unicode-emoji,349e7b53e350326c33a46b4c138bd09997a33405,lib/unicode/emoji/generated_native/regex_include_mqe.rb,lib/unicode/emoji/generated_native/regex_include_mqe.rb
Ruby,0-10,janlelis-unicode-emoji,6ed7c5a4c6097615ad9daa3a6a5ea1b2efaa0a6d,lib/unicode/emoji/generated_native/regex_include_text.rb,lib/unicode/emoji/generated_native/regex_include_text.rb
Ruby,0-10,janlelis-unicode-emoji,9852eba403da2fb204ed49fc065be0a2db3b7ca8,lib/unicode/emoji/generated_native/regex_valid.rb,lib/unicode/emoji/generated_native/regex_valid.rb
Ruby,0-10,janlelis-unicode-emoji,e551fda801cf5f431d1aff43c7378fb7d2ca2119,lib/unicode/emoji/generated_native/regex.rb,lib/unicode/emoji/generated_native/regex.rb
Ruby,0-10,janlelis-unicode-emoji,edc34356361f3a3f663eef8f2d9ec528bfbb6ddb,lib/unicode/emoji/generated_native/regex_well_formed.rb,lib/unicode/emoji/generated_native/regex_well_formed.rb
Ruby,0-10,jaynetics-regexp_property_values,3744f64201c4e1aea9c8014ecc4237fb28ef2d9d,lib/regexp_property_values/version.rb,lib/regexp_property_values/version.rb
Ruby,0-10,jaynetics-regexp_property_values,d4f675a85cee25801786aa80f769db497e5dfb16,lib/regexp_property_values/version.rb,lib/regexp_property_values/version.rb
Ruby,0-10,jekyll-jekyll-coffeescript,30b6921cd5b028a116a7d5349d25b8896346ef28,lib/jekyll-coffeescript/version.rb,lib/jekyll-coffeescript/version.rb
Ruby,0-10,jekyll-jekyll-coffeescript,c00dbed9300488001a86cb088c345085d81eeb94,lib/jekyll-coffeescript/version.rb,lib/jekyll-coffeescript/version.rb
Ruby,0-10,jekyll-jekyll-watch,0335ed8a71bdcc07502ac93a594965035d4ad43b,lib/jekyll-watch/version.rb,lib/jekyll-watch/version.rb
Ruby,0-10,jfelchner-ruby-progressbar,ebc5344fc9d51eccb34928216e461ed33d6d689c,lib/ruby-progressbar/calculators/smoothed_average.rb,lib/ruby-progressbar/calculators/running_average.rb
Ruby,0-10,jmespath-jmespath.rb,9e861c736ef88ee99cdd5910f59c9e6c5d5e607a,lib/jmespath/nodes/index.rb,lib/jmespath/nodes/index.rb
Ruby,0-10,jmespath-jmespath.rb,ac6e6ccf2c733ae2ede149c0b78e26b7d46f8d00,lib/jmespath/version.rb,lib/jmespath/version.rb
Ruby,0-10,jmespath-jmespath.rb,e3ebb185870365216749bf4b2b7f7df6a0b0c2b8,spec/spec_helper.rb,spec/spec_helper.rb
Ruby,0-10,jmespath-jmespath.rb,fef3ed5f5b7489746390a194e081001400daa356,lib/jmespath/nodes/index.rb,lib/jmespath/nodes/index.rb
Ruby,0-10,jmhodges-rchardet,1ef3f1eab1c137cd38d6a804ad34e6f61c83f062,lib/rchardet/version.rb,lib/rchardet/version.rb
Ruby,0-10,jmhodges-rchardet,723ce702f875555c451b005b187089faee4269d9,test/test_helper.rb,test/test_helper.rb
Ruby,0-10,jnunemaker-crack,bb3fe5dc911858a148000496bdc1676e3536aaf4,lib/crack/version.rb,lib/crack/version.rb
Ruby,0-10,jnunemaker-httparty,b4aba417a502342b1f6940c711e155b8eb8c3951,lib/httparty/version.rb,lib/httparty/version.rb
Ruby,0-10,jnunemaker-httparty,c74571f7925c8e142d02c2b7d6ebeedf923b1dd1,lib/httparty/version.rb,lib/httparty/version.rb
Ruby,0-10,jquery-ui-rails-jquery-ui-rails,92bd2b97d63f6a2f0f2c2b4cc8f8810562a11ac8,lib/jquery/ui/rails/version.rb,lib/jquery/ui/rails/version.rb
Ruby,0-10,jquery-ui-rails-jquery-ui-rails,abce5bed208e706b791f4e37f478ecd313942f7d,lib/jquery/ui/rails/version.rb,lib/jquery/ui/rails/version.rb
Ruby,0-10,jquery-ui-rails-jquery-ui-rails,d504a40538fe5f7998439ad2f8fc5c4a1f843f1c,lib/jquery/ui/rails/version.rb,lib/jquery/ui/rails/version.rb
Ruby,0-10,judofyr-duktape.rb,1e059a8be1e15142e18a576dedcc59a26bcda426,lib/duktape/version.rb,lib/duktape/version.rb
Ruby,0-10,judofyr-duktape.rb,a7d58615864bd067978c31f7fd33045e58666c3b,lib/duktape/version.rb,lib/duktape/version.rb
Ruby,0-10,judofyr-temple,25e3b93490f6a8288d8221530c67b5e61babfb66,lib/temple/version.rb,lib/temple/version.rb
Ruby,0-10,kigster-colored2,2ec79f405f03b368628eb08bc03635eb73076d52,spec/spec_helper.rb,spec/spec_helper.rb
Ruby,0-10,liufengyun-hashdiff,a5f7c66fb52cf403662120338a0793481da21a75,lib/hashdiff/version.rb,lib/hashdiff/version.rb
Ruby,0-10,lostisland-faraday-httpclient,45f310e01a95dc8d0df9cff354a110f0a9bbdac5,lib/faraday/httpclient/version.rb,lib/faraday/httpclient/version.rb
Ruby,0-10,lostisland-faraday-net_http,6572f21a62b58dbe03a914bb66ae8240283b017e,lib/faraday/net_http/version.rb,lib/faraday/net_http/version.rb
Ruby,0-10,lostisland-faraday-retry,e9d0df287a8f4c12e1cfbe046455e148d3caf556,lib/faraday/retry/version.rb,lib/faraday/retry/version.rb
Ruby,0-10,marcandre-backports,556126fefa16d9f22624b5f8c0f474250bcd6d92,lib/backports/version.rb,lib/backports/version.rb
Ruby,0-10,mdp-rotp,62874be71d74380d252c73409dd81da08b021497,lib/rotp/version.rb,lib/rotp/version.rb
Ruby,0-10,mhib-pairing_heap,ec6c0b8f1269d835112485745550936f218f9996,lib/pairing_heap/version.rb,lib/pairing_heap/version.rb
Ruby,0-10,mimemagicrb-mimemagic,01f92d86d15d85cfd0f20dabd025dcbd36a8a60f,lib/mimemagic/version.rb,lib/mimemagic/version.rb
Ruby,0-10,mislav-will_paginate,0b93300d43f658bb15071f59486c92af06aca064,lib/will_paginate/version.rb,lib/will_paginate/version.rb
Ruby,0-10,miyucy-brotli,8605fb148e4c544e3d100f9761ce63960f2d6e2c,test/test_helper.rb,test/test_helper.rb
Ruby,0-10,miyucy-brotli,9d66043712482eaa8ad4fda6de2fb81ae08bc522,lib/brotli/version.rb,lib/brotli/version.rb
Ruby,0-10,moneta-rb-moneta,2d956091da7ad47b099fee8c01f3577ef825ccca,lib/moneta/transforms/tos.rb,lib/moneta/transforms/to_s.rb
Ruby,0-10,moneta-rb-moneta,bf9f43c5f4d7dde7eba4e6e5b98f7820fdc73d15,spec/moneta/adapters/leveldb/standard_leveldb_spec.rb,spec/moneta/adapters/leveldb/standard_leveldb_spec.rb
Ruby,0-10,nanoc-nanoc,d37675267fa299b18801d59f03042e3d03b9e9cd,nanoc/lib/nanoc/version.rb,nanoc/lib/nanoc/version.rb
Ruby,0-10,net-ssh-net-ssh-gateway,f410815e3afd5ab4cac6ef586a3d633a0f405069,lib/net/ssh/gateway/version.rb,lib/net/ssh/gateway/version.rb
Ruby,0-10,panorama-ed-memo_wise,a8f044349bb75083997328c9b03fb7bddef6b7ba,lib/memo_wise/version.rb,lib/memo_wise/version.rb
Ruby,0-10,piotrmurach-tty-file,1f7b02f02e44bd3adf44e002a581b4029ca84d27,examples/diff.rb,examples/diff.rb
Ruby,0-10,piotrmurach-tty-screen,7d5e2de67e5668d3615c73bcd4444df61a49276c,lib/tty/screen/version.rb,lib/tty/screen/version.rb
Ruby,0-10,premailer-css_parser,d1ce8bdcf73a5de6ea252b63110da690aeb3daf0,lib/css_parser/version.rb,lib/css_parser/version.rb
Ruby,0-10,puppetlabs-facter,26e685f2cdad4098c3da88481ddd8b0c2ba9eced,lib/facter/version.rb,lib/facter/version.rb
Ruby,0-10,puppetlabs-facter,7806985fa77ba50a6e938e5d27ccc0f47658720e,lib/facter/version.rb,lib/facter/version.rb
Ruby,0-10,puppetlabs-gettext-setup-gem,afbe66b6be27d5daddfdef1100b9dcae55c3d0b8,lib/generate_metadata_pot.rb,lib/generate_metadata_pot.rb
Ruby,0-10,puppetlabs-puppet-resource_api,0b6f8d57d552ab560899f1fabcdca543cc4286cb,lib/puppet/resource_api/version.rb,lib/puppet/resource_api/version.rb
Ruby,0-10,puppetlabs-r10k,a6099d0caf880cada76c330ad61d795c0e0d23bf,lib/r10k/version.rb,lib/r10k/version.rb
Ruby,0-10,puppetlabs-ruby-hocon,40d45c7778d9941624b7b001ba39ae5796422464,lib/hocon/version.rb,lib/hocon/version.rb
Ruby,0-10,puppetlabs-ruby-hocon,7bb686eed4cf957dc0ea3c6ac7d46a1c2d49371f,lib/hocon/parser.rb,lib/hocon/parser.rb
Ruby,0-10,puppetlabs-ruby-hocon,f2f3e2356a3c7299a8e55784131bb84015e8d836,lib/hocon/version.rb,lib/hocon/version.rb
Ruby,0-10,rails-activemodel-serializers-xml,3c11d27d157d0353949cef617282f5b3c6f5bbb9,test/models/toy.rb,test/models/toy.rb
Ruby,0-10,rails-sass-rails,26eb5e82d0086dbb9b2ac244692e87d381f969d4,lib/sass/rails/version.rb,lib/sass/rails/version.rb
Ruby,0-10,rails-sass-rails,706526d411d2d78e578c7944e873ece28e65ed42,lib/sass-rails.rb,lib/sass-rails.rb
Ruby,0-10,rails-sprockets-rails,1bf94e2a90e0bb315511249db6e080088523a747,lib/sprockets/rails/version.rb,lib/sprockets/rails/version.rb
Ruby,0-10,rails-sprockets-rails,2573168e08dc7007c6c875b58ccdae00e33cafc5,lib/sprockets/rails/version.rb,lib/sprockets/rails/version.rb
Ruby,0-10,rails-sprockets-rails,4d7dd0c28e4b60a27075382decb7f326ce7b23b1,lib/sprockets/rails/version.rb,lib/sprockets/rails/version.rb
Ruby,0-10,rails-sprockets-rails,8a2ca8cff3941c89829b1a5d9ce06133dc3c6537,lib/sprockets/rails/version.rb,lib/sprockets/rails/version.rb
Ruby,0-10,rails-sprockets-rails,a5cc186302b299d2f5904c7b13f12aaf7ac7f30d,lib/sprockets/rails/version.rb,lib/sprockets/rails/version.rb
Ruby,0-10,rails-sprockets-rails,df5950017d7f2aa6fcbfa3949edfef85c35c28c7,lib/sprockets/rails/version.rb,lib/sprockets/rails/version.rb
Ruby,0-10,rails-thor,518ae0f49bb1c3dc2226607c07da74b591759ed0,lib/thor/version.rb,lib/thor/version.rb
Ruby,0-10,rgrove-crass,9f89cf5a2518f77dcecfbf12e5efdbd7699b9120,lib/crass/version.rb,lib/crass/version.rb
Ruby,0-10,rgrove-sanitize,63eecfda527912756ed970256fe520f2a60cacb8,lib/sanitize/version.rb,lib/sanitize/version.rb
Ruby,0-10,rr-rr,4563a5cbd88a1bc7670a26fd8cc640d839c6e32a,lib/rr/version.rb,lib/rr/version.rb
Ruby,0-10,rspec-rspec-rails,754ed3fcbaa0519a54aa2c572e89088ecb48dd96,lib/rspec/rails/version.rb,lib/rspec/rails/version.rb
Ruby,0-10,rspec-rspec-rails,b1f0e5fc4a951f071ec3875816eb64c38696158e,spec/rspec/rails/example/job_example_group_spec.rb,spec/rspec/rails/example/job_example_group_spec.rb
Ruby,0-10,ruby-debug,a86adbb7f7b4f5d88e15b7a0dce05a6cf568b8e1,lib/debug/version.rb,lib/debug/version.rb
Ruby,0-10,ruby-forwardable,fd720295c3c87ec5787a2d8ab7e6747d734d8d96,test/lib/helper.rb,test/lib/helper.rb
Ruby,0-10,ruby-git-ruby-git,4a7700dc088f0c85747f6010d415a7952ce44c1e,lib/git/version.rb,lib/git/version.rb
Ruby,0-10,ruby-i18n-i18n,4045d3089c492ff64e6ffade89da0c3b0473119e,lib/i18n/version.rb,lib/i18n/version.rb
Ruby,0-10,ruby-io-wait,62626dae8c1cb17a7b78db04d909ef54fc3acd42,ext/io/wait/extconf.rb,ext/io/wait/extconf.rb
Ruby,0-10,ruby-rss,4c8f9187240fa356066f46bcdd9e505b63b321a2,lib/rss/version.rb,lib/rss/version.rb
Ruby,0-10,sinatra-sinatra,73f3291d114b5b211e067263eeb9c0e197fe8500,lib/sinatra/version.rb,lib/sinatra/version.rb
Ruby,0-10,socketry-async-rspec,1f4056414b0566d52f50893ef19b67aef90d391e,lib/async/rspec.rb,lib/async/rspec.rb
Ruby,0-10,socketry-localhost,f5594726c5f3a40380d6bdf9dcca2518d55abca8,lib/localhost/version.rb,lib/localhost/version.rb
Ruby,0-10,socketry-metrics,461bee3c600638ad290d60cf23dd65dfa6b6d32c,lib/metrics/version.rb,lib/metrics/version.rb
Ruby,0-10,socketry-traces,13cf841b468ffa32420170fcb98df939458aebb3,lib/traces/version.rb,lib/traces/version.rb
Ruby,0-10,socketry-traces,e7d6f62dea5d2820d5426d0971213cd44f4280e2,lib/traces/version.rb,lib/traces/version.rb
Ruby,0-10,solnic-coercible,053ee5c8ccd41a7b14aff81bb308f4f1c1a2cf5f,spec/unit/coercible/coercer/integer/to_integer_spec.rb,spec/unit/coercible/coercer/integer/to_integer_spec.rb
Ruby,0-10,test-unit-test-unit,9028d9c920b9164d73831c36468ad81b8a0a66da,lib/test/unit/version.rb,lib/test/unit/version.rb
Ruby,0-10,tj-terminal-table,4bcbf46f756482dfbcb548dfad8fef618a5f1d23,lib/terminal-table/version.rb,lib/terminal-table/version.rb
Ruby,0-10,typhoeus-ethon,1e1061f2bbd7eab1a19353c3471c8171a9761db9,lib/ethon/version.rb,lib/ethon/version.rb
Ruby,0-10,typhoeus-ethon,deb0977dd554f4f8ff45f4ab8d3128f9fd49abb4,lib/ethon/version.rb,lib/ethon/version.rb
Ruby,0-10,unixcharles-acme-client,443a45d2266463b91b5f1935c16139b6021f3c99,lib/acme/client/version.rb,lib/acme/client/version.rb
Ruby,0-10,unixcharles-acme-client,e8172e17bcbb2da2c705944a1c2d3967628fa41e,lib/acme/client/version.rb,lib/acme/client/version.rb
Ruby,0-10,upserve-docker-api,aca161a2c81666ac3e8809d640ef55970a690aaa,lib/docker/version.rb,lib/docker/version.rb
Ruby,0-10,upserve-docker-api,e920cf186cfd68c9fad93c5d2a97a94986e27e51,lib/docker/version.rb,lib/docker/version.rb
Ruby,0-10,wallyqs-org-ruby,5a91c9be4f4e65256cb0a787bd7606f7a050c9f9,lib/org-ruby/version.rb,lib/org-ruby/version.rb
Ruby,0-10,whomwah-rqrcode,515cbfa8e80ea959d0c3abe6d6176ad2e642a7d5,lib/rqrcode/version.rb,lib/rqrcode/version.rb
Ruby,0-10,whomwah-rqrcode,e5b3ecce01a517217ce19d140ee187bc1bd49c0d,lib/rqrcode.rb,lib/rqrcode.rb
Ruby,0-10,zdavatz-spreadsheet,694b315a8d910469fb26aded74d975ba8756fbf6,lib/spreadsheet/version.rb,lib/spreadsheet/version.rb
Ruby,0-10,zdavatz-spreadsheet,d24d4e1d51a55548ac795a03d18e2a3f0bcaabfb,lib/spreadsheet/version.rb,lib/spreadsheet/version.rb
Ruby,0-10,zdavatz-spreadsheet,e039d562395c478b48ad46eee2c39a15f37b620b,lib/spreadsheet/version.rb,lib/spreadsheet/version.rb
Ruby,10-30,RubyCrypto-rbnacl,c23f841115a623b95a8f8fc6830d970a3bfd08fa,spec/rbnacl/hmac/sha256_spec.rb,spec/rbnacl/hmac/sha256_spec.rb
Ruby,10-30,SpringMT-zstd-ruby,04d74fc816e0735a7cdbc645f29860ee5cd92cea,benchmarks/multi_thread_streaming_comporess.rb,benchmarks/multi_thread_streaming_comporess.rb
Ruby,10-30,SpringMT-zstd-ruby,b3cdfeddbd8e2b0f4bedfb8eed5306933d005dd2,spec/zstd-ruby-stream_writer_spec.rb,spec/zstd-ruby-stream_writer_spec.rb
Ruby,10-30,ammar-regexp_parser,484fe0cc42564ca5ff4f18657a3efe09ca113a93,lib/regexp_parser/expression/classes/character_set.rb,lib/regexp_parser/expression/classes/character_set.rb
Ruby,10-30,astroband-ruby-xdr,c7c8e2726a70a2cbd83ef1d449074c4f29a837ec,lib/xdr/int.rb,lib/xdr/int.rb
Ruby,10-30,bdurand-lumberjack,3ae0523dae0b7dc0bedcb30147df2020d0c9243a,lib/lumberjack/formatter/inspect_formatter.rb,lib/lumberjack/formatter/inspect_formatter.rb
Ruby,10-30,bdurand-lumberjack,3ae0523dae0b7dc0bedcb30147df2020d0c9243a,lib/lumberjack/formatter/tagged_message.rb,lib/lumberjack/formatter/tagged_message.rb
Ruby,10-30,bdurand-lumberjack,d3e50012d2df8ee990363a04ce73729703dfbe47,spec/lumberjack/rack/unit_of_work_spec.rb,spec/lumberjack/rack/unit_of_work_spec.rb
Ruby,10-30,bryanp-llhttp,c8c545ee469ea8027f4f97cc3c812f3d4ff2ebea,mri/lib/llhttp/version.rb,mri/lib/llhttp/version.rb
Ruby,10-30,camertron-arel-helpers,a3a2d66567adeea2915908cc0782bf3a6dbbfe0a,lib/arel-helpers/query_builder.rb,lib/arel-helpers/query_builder.rb
Ruby,10-30,chef-mixlib-config,948a8adc6e31d30c3d321c2e6aa36c1feee27ee5,lib/mixlib/config/version.rb,lib/mixlib/config/version.rb
Ruby,10-30,copiousfreetime-hitimes,4f0d0b59ed366880fe2042854f3f2666c3790845,spec/spec_helper.rb,spec/spec_helper.rb
Ruby,10-30,copiousfreetime-hitimes,6f73172b5d48d3f78bea19daee560f206d80db65,spec/hitimes_spec.rb,spec/hitimes_spec.rb
Ruby,10-30,copiousfreetime-launchy,3ad5f3433b1849945c87b071888a5a80f3ac50bf,spec/mock_application.rb,spec/mock_application.rb
Ruby,10-30,cucumber-aruba,a754d199dc47b44f8ddc101bce31a6c8f6549b56,spec/support/configs/rspec.rb,spec/support/configs/rspec.rb
Ruby,10-30,dry-rb-dry-logic,7010a31d7de0ef4a0d3833d2780c052feb09e530,spec/support/rspec.rb,spec/support/rspec.rb
Ruby,10-30,dry-rb-dry-logic,9849a61711e6f1b8d2d08eeb824c28a102fcf049,spec/support/warnings.rb,spec/support/warnings.rb
Ruby,10-30,dry-rb-dry-struct,9b8b1ba70dd6aad4e1e80ccadd3ec20c30cc5b52,spec/support/rspec.rb,spec/support/rspec.rb
Ruby,10-30,fakefs-fakefs,3c1a00fe4d9652de1339ca243708af89025c83a4,test/pry_test.rb,test/pry_test.rb
Ruby,10-30,fakefs-fakefs,7a0709482d3b34bdf53f323147bb2903599d2bb1,lib/fakefs/version.rb,lib/fakefs/version.rb
Ruby,10-30,fakefs-fakefs,8fbfac2f26e5608bfb2fdf7dd2d47a6e2830a1d0,lib/fakefs/version.rb,lib/fakefs/version.rb
Ruby,10-30,fakefs-fakefs,f0bad5642d3bad4dd04f9f1ca3f76f4f6e322d53,lib/fakefs/version.rb,lib/fakefs/version.rb
Ruby,10-30,fbernier-tomlrb,b5b696db58866f31a76639d211614ea60c5e3690,lib/tomlrb/parser.rb,lib/tomlrb/parser.rb
Ruby,10-30,grosser-gettext_i18n_rails,3333fda2df291b1235e2d53191c4cec673e81982,spec/gettext_i18n_rails/railtie_spec.rb,spec/gettext_i18n_rails/railtie_spec.rb
Ruby,10-30,guard-rb-inotify,8a9d2b5d3fdd9d7671f0c773e58cefb5631e7ee3,lib/rb-inotify/version.rb,lib/rb-inotify/version.rb
Ruby,10-30,hashie-hashie,f152e25912d0b93ff08b8964eb757200ad4b6f32,spec/spec_helper.rb,spec/spec_helper.rb
Ruby,10-30,immutable-ruby-immutable-ruby,a41a3b1d4294a11557a563645d7d061c413f36a1,spec/lib/immutable/deque/enqueue_spec.rb,spec/lib/immutable/deque/enqueue_spec.rb
Ruby,10-30,immutable-ruby-immutable-ruby,a41a3b1d4294a11557a563645d7d061c413f36a1,spec/lib/immutable/hash/keys_spec.rb,spec/lib/immutable/hash/keys_spec.rb
Ruby,10-30,immutable-ruby-immutable-ruby,a41a3b1d4294a11557a563645d7d061c413f36a1,spec/lib/immutable/hash/to_hash_spec.rb,spec/lib/immutable/hash/to_hash_spec.rb
Ruby,10-30,immutable-ruby-immutable-ruby,a41a3b1d4294a11557a563645d7d061c413f36a1,spec/lib/immutable/list/inspect_spec.rb,spec/lib/immutable/list/inspect_spec.rb
Ruby,10-30,immutable-ruby-immutable-ruby,a41a3b1d4294a11557a563645d7d061c413f36a1,spec/lib/immutable/set/disjoint_spec.rb,spec/lib/immutable/set/disjoint_spec.rb
Ruby,10-30,immutable-ruby-immutable-ruby,a41a3b1d4294a11557a563645d7d061c413f36a1,spec/lib/immutable/vector/unshift_spec.rb,spec/lib/immutable/vector/unshift_spec.rb
Ruby,10-30,immutable-ruby-immutable-ruby,cce82625c0ca6f0d2f09f492b0b0372a5e4ebbc6,spec/lib/immutable/list/delete_at_spec.rb,spec/lib/immutable/list/delete_at_spec.rb
Ruby,10-30,immutable-ruby-immutable-ruby,cce82625c0ca6f0d2f09f492b0b0372a5e4ebbc6,spec/lib/immutable/list/empty_spec.rb,spec/lib/immutable/list/empty_spec.rb
Ruby,10-30,immutable-ruby-immutable-ruby,cce82625c0ca6f0d2f09f492b0b0372a5e4ebbc6,spec/lib/immutable/list/last_spec.rb,spec/lib/immutable/list/last_spec.rb
Ruby,10-30,immutable-ruby-immutable-ruby,cce82625c0ca6f0d2f09f492b0b0372a5e4ebbc6,spec/lib/immutable/sorted_set/each_spec.rb,spec/lib/immutable/sorted_set/each_spec.rb
Ruby,10-30,immutable-ruby-immutable-ruby,cce82625c0ca6f0d2f09f492b0b0372a5e4ebbc6,spec/lib/immutable/sorted_set/reverse_each_spec.rb,spec/lib/immutable/sorted_set/reverse_each_spec.rb
Ruby,10-30,immutable-ruby-immutable-ruby,cce82625c0ca6f0d2f09f492b0b0372a5e4ebbc6,spec/lib/immutable/vector/pop_spec.rb,spec/lib/immutable/vector/pop_spec.rb
Ruby,10-30,immutable-ruby-immutable-ruby,cce82625c0ca6f0d2f09f492b0b0372a5e4ebbc6,spec/lib/immutable/vector/shift_spec.rb,spec/lib/immutable/vector/shift_spec.rb
Ruby,10-30,intridea-multi_json,c788287a71dcfa4b13353f09cd573dffbfebd457,spec/multi_json/adapters/jr_jackson_spec.rb,spec/multi_json/adapters/jr_jackson_spec.rb
Ruby,10-30,ioquatix-fiber-storage,f1f24e68f1cb470a1a6c99f263672ccf9b71e69e,gems.rb,gems.rb
Ruby,10-30,janlelis-unicode-display_width,215328593f2e510923147880ac029b9e8cdc499c,lib/unicode/display_width/constants.rb,lib/unicode/display_width/constants.rb
Ruby,10-30,jeremyevans-tilt,b8a863fb78c08e1aa720b3b7435078ad3c451caa,test/coverage_helper.rb,test/coverage_helper.rb
Ruby,10-30,jeremyw-stamp,e2b314efd5357903c75bd33f0eec27ad856be92c,features/step_definitions/stamp_steps.rb,features/step_definitions/stamp_steps.rb
Ruby,10-30,jfelchner-ruby-progressbar,1bcaca65ea948eb8e54f9005855eb541b732946b,lib/ruby-progressbar/components/percentage.rb,lib/ruby-progressbar/components/percentage.rb
Ruby,10-30,liufengyun-hashdiff,24d2e289c3b20ea075869547ea175ba412c0c73c,lib/hashdiff.rb,lib/hashdiff.rb
Ruby,10-30,lostisland-faraday-httpclient,c7d0dfb76a90bc9684aaffbb9497a97764ae2f97,lib/faraday/httpclient.rb,lib/faraday/httpclient.rb
Ruby,10-30,lostisland-faraday-multipart,aa1f1410c25fb338f51269fca9c515750d2a0f8f,lib/faraday/multipart/version.rb,lib/faraday/multipart/version.rb
Ruby,10-30,lostisland-faraday-net_http_persistent,34aa427f16acdf870fa89d7d8164b48d0f26c707,lib/faraday/net_http_persistent.rb,lib/faraday/net_http_persistent.rb
Ruby,10-30,mikel-mail,1c5599ed638902c6988aa98070525564fed23706,lib/mail/encodings/unix_to_unix.rb,lib/mail/encodings/unix_to_unix.rb
Ruby,10-30,mikel-mail,38bd88f04b4868ded8ad7c4de1f411933734270b,spec/mail/fields/resent_message_id_field_spec.rb,spec/mail/fields/resent_message_id_field_spec.rb
Ruby,10-30,mikel-mail,62b82c542288237763eba48277983dc89218ecb5,lib/mail/fields/content_location_field.rb,lib/mail/fields/content_location_field.rb
Ruby,10-30,minimagick-minimagick,67378773d5b1ccfafc64a1e9d126116ef90dac18,lib/mini_magick/version.rb,lib/mini_magick/version.rb
Ruby,10-30,mislav-will_paginate,5e1315dbc3331c4f8c949a7df8b502367a855793,environments/Gemfile.rails5.0.rb,environments/Gemfile.rails5.0.rb
Ruby,10-30,miyucy-brotli,7202893b06e94e0fc9c0cab14d543309942c4cf8,test/brotli_test.rb,test/brotli_test.rb
Ruby,10-30,moneta-rb-moneta,403f3794556d93b44c48238213aeed36d0eb7a25,spec/moneta/proxies/transformer/transformer_lzma_spec.rb,spec/moneta/proxies/transformer/transformer_lzma_spec.rb
Ruby,10-30,moneta-rb-moneta,403f3794556d93b44c48238213aeed36d0eb7a25,spec/moneta/proxies/transformer/transformer_marshal_escape_spec.rb,spec/moneta/proxies/transformer/transformer_marshal_escape_spec.rb
Ruby,10-30,moneta-rb-moneta,403f3794556d93b44c48238213aeed36d0eb7a25,spec/moneta/proxies/transformer/transformer_marshal_urlsafe_base64_spec.rb,spec/moneta/proxies/transformer/transformer_marshal_urlsafe_base64_spec.rb
Ruby,10-30,moneta-rb-moneta,403f3794556d93b44c48238213aeed36d0eb7a25,spec/moneta/proxies/transformer/transformer_value_marshal_spec.rb,spec/moneta/proxies/transformer/transformer_value_marshal_spec.rb
Ruby,10-30,moneta-rb-moneta,5aa94b588eb00fc9c8a49014ccdbf8689b6d57ce,spec/moneta/proxies/transformer/transformer_bson_spec.rb,spec/moneta/proxies/transformer/transformer_bson_spec.rb
Ruby,10-30,moneta-rb-moneta,81a6e69ee1f31ebc4e12371dfcd277039ad6ed9d,lib/moneta/transforms/bson.rb,lib/moneta/transforms/bson.rb
Ruby,10-30,moneta-rb-moneta,81a6e69ee1f31ebc4e12371dfcd277039ad6ed9d,lib/moneta/transforms/zlib.rb,lib/moneta/transforms/zlib.rb
Ruby,10-30,moneta-rb-moneta,b6007ad29fe280b3b4c07d67434c00d427a530ea,spec/moneta/adapters/datamapper/standard_datamapper_spec.rb,spec/moneta/adapters/datamapper/standard_datamapper_spec.rb
Ruby,10-30,moneta-rb-moneta,bf9f43c5f4d7dde7eba4e6e5b98f7820fdc73d15,spec/moneta/proxies/transformer/transformer_marshal_escape_spec.rb,spec/moneta/proxies/transformer/transformer_marshal_escape_spec.rb
Ruby,10-30,mvp-uhubctl,d00a167ab4a643313f92653769644fe7dd2bbc5c,Formula/uhubctl.rb,Formula/uhubctl.rb
Ruby,10-30,net-ssh-net-scp,b8e597f8110978c24751184f268973bf22753994,lib/net/scp/version.rb,lib/net/scp/version.rb
Ruby,10-30,njh-ruby-mqtt,271ee631f128e66732ece935e752f13970d4267b,examples/environment_uri.rb,examples/environment_uri.rb
Ruby,10-30,oauth-xx-oauth-tty,1aa02210e43b7936971ba0007ae514772d464746,spec/oauth/backwards_compatibility_spec.rb,test/backwards_compatibility_test.rb
Ruby,10-30,oauth-xx-snaky_hash,bf533ccc49ba083ebafff715f9749dfa8363ff55,spec/snaky_hash/serializer_spec.rb,spec/snaky_hash/serializer_spec.rb
Ruby,10-30,oetiker-rrdtool-1.x,cbb9a8198920beb9b8ed3e36e6a569668b17cf3e,bindings/ruby/extconf.rb,bindings/ruby/extconf.rb
Ruby,10-30,panorama-ed-memo_wise,219a2cc2d63d2e9a72408c365e8df2c8677d60ae,spec/dokaz_helpers.rb,spec/dokaz_helpers.rb
Ruby,10-30,pat-combustion,7a2d1b92cc5e88ca072c7a9ea89a8ee9e4301d60,spec/spec_helper.rb,spec/spec_helper.rb
Ruby,10-30,patsplat-plist,f1985a877ce3b21c98c0bb77e0845408c35285e9,lib/plist.rb,lib/plist.rb
Ruby,10-30,pboling-rspec-block_is_expected,15cba4354c6f89e71a480aa00a68d6fba475a1fb,spec/spec_helper.rb,spec/spec_helper.rb
Ruby,10-30,piotrmurach-pastel,afa4d4cf166a3042c02818338687d3d50e8499f1,spec/unit/undecorate_spec.rb,spec/unit/undecorate_spec.rb
Ruby,10-30,piotrmurach-tty-command,4450f49e5c39a8959f4b6aa772160efe6dbdc030,spec/unit/binmode_spec.rb,spec/unit/binmode_spec.rb
Ruby,10-30,piotrmurach-tty-prompt,93413ca03fd7e0585ec586f7e0093cd4a7aa63b9,spec/unit/inspect_spec.rb,spec/unit/inspect_spec.rb
Ruby,10-30,piotrmurach-tty-prompt,93413ca03fd7e0585ec586f7e0093cd4a7aa63b9,spec/unit/question/modifier/apply_to_spec.rb,spec/unit/question/modifier/apply_to_spec.rb
Ruby,10-30,piotrmurach-tty-prompt,93413ca03fd7e0585ec586f7e0093cd4a7aa63b9,spec/unit/quiet_spec.rb,spec/unit/quiet_spec.rb
Ruby,10-30,piotrmurach-tty-which,96bfb10264357afd2470ea38e4bac583113fb430,spec/unit/exist_spec.rb,spec/unit/exist_spec.rb
Ruby,10-30,prawnpdf-pdf-core,51c87bd26875eda62d91d95cbed8fb575ff56ed0,lib/pdf/core/byte_string.rb,lib/pdf/core/byte_string.rb
Ruby,10-30,prawnpdf-pdf-core,cbf4a5481a87637b155ee323eba5571358c4d841,lib/pdf/core/literal_string.rb,lib/pdf/core/literal_string.rb
Ruby,10-30,prawnpdf-prawn,be66ddd0a804a03f6d7979bc773ea0aad0e7ec29,bench/png_type_6_objects.rb,bench/png_type_6_objects.rb
Ruby,10-30,prawnpdf-prawn,be66ddd0a804a03f6d7979bc773ea0aad0e7ec29,bench/ttf_text_bench.rb,bench/ttf_text_bench.rb
Ruby,10-30,prawnpdf-prawn,be66ddd0a804a03f6d7979bc773ea0aad0e7ec29,manual/bounding_box.rb,manual/bounding_box.rb
Ruby,10-30,prawnpdf-ttfunk,0a0d447c481b46128178c80ffd25aa229b09ad58,spec/ttfunk/table/cff/name_index_spec.rb,spec/ttfunk/table/cff/name_index_spec.rb
Ruby,10-30,prawnpdf-ttfunk,e8516116b2950a59b8fa8ea7b781eae3b5204f85,lib/ttfunk/subset/mac_roman.rb,lib/ttfunk/subset/mac_roman.rb
Ruby,10-30,puppetlabs-ruby-hocon,7bb686eed4cf957dc0ea3c6ac7d46a1c2d49371f,lib/hocon/config_syntax.rb,lib/hocon/config_syntax.rb
Ruby,10-30,qoobaa-magic,a89daab3784a23fc50ea1d0ed6deab2e58d01b89,lib/magic/api.rb,lib/magic/api.rb
Ruby,10-30,rack-rack-cache,0077ef9e8e7d7e6ec5b460ba808076f977aaf673,test/request_test.rb,test/request_test.rb
Ruby,10-30,rack-rackup,6e6e910c65469125f1def4942c7fd3040eaaed7f,test/psych_fix.rb,test/psych_fix.rb
Ruby,10-30,rails-activemodel-serializers-xml,5ba2efafd914553967bff5d6e04e7168b524276f,lib/active_model/serializers.rb,lib/active_model/serializers.rb
Ruby,10-30,rails-coffee-rails,6009dcee942a29678586c7bf97c4d1c11f9cbb58,lib/coffee/rails/engine.rb,lib/coffee/rails/engine.rb
Ruby,10-30,rails-coffee-rails,eff9c002e45a3921c3a9863e659b952034fb278c,lib/rails/generators/coffee/assets/assets_generator.rb,lib/rails/generators/coffee/assets/assets_generator.rb
Ruby,10-30,rails-coffee-rails,fc8c48c0e0b457ef3108e5af0ea157f0ac5cade4,test/assets_generator_test.rb,test/assets_generator_test.rb
Ruby,10-30,rails-sprockets,4be779f5f73bcf808fe26d4e8968b3f34f96d3a2,test/test_require.rb,test/test_require.rb
Ruby,10-30,rails-sprockets-rails,05dbab27d54f58a7a505498863dd0d88a6b32389,lib/sprockets/rails/asset_url_processor.rb,lib/sprockets/rails/asset_url_processor.rb
Ruby,10-30,rails-sprockets-rails,f3e2ab38c5bc797b811eb121741e8a61674c4db3,lib/sprockets/rails/sourcemapping_url_processor.rb,lib/sprockets/rails/sourcemapping_url_processor.rb
Ruby,10-30,rails-web-console,bb7ec818009c0fadb227446ad7009440d3d678df,lib/web_console/template.rb,lib/web_console/template.rb
Ruby,10-30,rouge-ruby-rouge,3d57c3866d088bf95d4bc462bdd926adea9dd721,lib/rouge/lexers/viml/keywords.rb,lib/rouge/lexers/viml/keywords.rb
Ruby,10-30,rr-rr,41680c2280dd956041a51bf5b420b435f567a7e6,test/test_stub.rb,test/test_stub.rb
Ruby,10-30,rr-rr,98dedccb9123967c1a63d3838ef623b790b6accd,test/run-test.rb,test/run-test.rb
Ruby,10-30,ruby-concurrency-ref,4aee4a68fb98fc318292529ac82676b3aa7ce11b,lib/ref/weak_key_map.rb,lib/ref/weak_key_map.rb
Ruby,10-30,ruby-concurrency-ref,9b7218468768c305612a5f6decbe6668c61c0d09,test/test_helper.rb,test/test_helper.rb
Ruby,10-30,ruby-net-protocol,765b4f05714ccbf03592290cc87f47054e16a2d8,test/lib/helper.rb,test/lib/helper.rb
Ruby,10-30,socketry-async-container,44da6afa91d0772b219d487b27c29e0b4d5a4b6e,bake.rb,bake.rb
Ruby,10-30,socketry-async-io,1c4f93b2441745446bf40d29f928eecc8b0399da,lib/async/io/version.rb,lib/async/io/version.rb
Ruby,10-30,socketry-async-io,97a940281ca37f7446e16ab4d4b7e6f710dee1c7,lib/async/io.rb,lib/async/io.rb
Ruby,10-30,socketry-async-io,e1b0b6cf1390522fbed3fad2dce50e72519b45c2,examples/unix/client.rb,examples/unix/client.rb
Ruby,10-30,socketry-async-process,823fc606a31aa62d81e496165dea052e637acf4d,gems.rb,gems.rb
Ruby,10-30,socketry-async-rspec,1f4056414b0566d52f50893ef19b67aef90d391e,spec/async/rspec/buffer_spec.rb,spec/async/rspec/buffer_spec.rb
Ruby,10-30,socketry-async-rspec,f13a3c32bc2ede5f6beafb729183ba7a772af3e4,gems/async-v1.rb,gems/async-v1.rb
Ruby,10-30,socketry-async-rspec,f13a3c32bc2ede5f6beafb729183ba7a772af3e4,spec/spec_helper.rb,spec/spec_helper.rb
Ruby,10-30,socketry-console,b0893e32d6dacb6099ded8bcc9b7104c335a9485,lib/console/terminal.rb,lib/console/terminal.rb
Ruby,10-30,socketry-http-accept,0ac1ae3cc207a603a4f75ddab7aab7ee73a74296,lib/http/accept/parse_error.rb,lib/http/accept/parse_error.rb
Ruby,10-30,socketry-http-accept,fcc714f0e98a76b047510d74cc2c2112b9aa6c76,lib/http/accept/version.rb,lib/http/accept/version.rb
Ruby,10-30,socketry-io-endpoint,51b91fad031585156a5d4f043da1682e0e3feac7,lib/io/endpoint/version.rb,lib/io/endpoint/version.rb
Ruby,10-30,socketry-io-endpoint,749a42a499368cbcdfcdc66744df23a9dec7f299,gems.rb,gems.rb
Ruby,10-30,socketry-io-endpoint,7d4004a8a5db8bb16f1027ab457f690b6c76a085,lib/io/endpoint/version.rb,lib/io/endpoint/version.rb
Ruby,10-30,socketry-localhost,ac2f604e61b6d06ba77485e9aa4921261277f29a,gems.rb,gems.rb
Ruby,10-30,socketry-metrics,9830b1ecaa3c638ae00bfb3e6bf8691a87f0245e,examples/testing/test.rb,examples/testing/test.rb
Ruby,10-30,socketry-multipart-post,dd0567dea6cc2100bdbb418901e5afd5bcc6b9af,gems.rb,gems.rb
Ruby,10-30,socketry-nio4r,9a5a1186ce4ae91336daf4ffd190a6a80e0a9a3a,spec/spec_helper.rb,spec/spec_helper.rb
Ruby,10-30,socketry-sus-fixtures-async,269514c5e6606d603db0566715b11034b333a39f,lib/sus/fixtures/async/version.rb,lib/sus/fixtures/async/version.rb
Ruby,10-30,socketry-sus-fixtures-async,f3a650020b5c8d3b47661c8ff7d6edd353772f0a,lib/sus/fixtures/async/version.rb,lib/sus/fixtures/async/version.rb
Ruby,10-30,socketry-sus-fixtures-console,0cdc2d60f72215ffa1e63262f654395d01307c23,gems.rb,gems.rb
Ruby,10-30,socketry-sus-fixtures-time,de911196804132c8f3714127e2299cc2ba0e9127,test/sus/fixtures/time/quantum.rb,test/sus/fixtures/time/quantum.rb
Ruby,10-30,socketry-timers,e41ae1eaf61f9c7eb499719cbf762e95304b2558,spec/spec_helper.rb,spec/spec_helper.rb
Ruby,10-30,solnic-coercible,053ee5c8ccd41a7b14aff81bb308f4f1c1a2cf5f,spec/unit/coercible/coercer/integer/datetime_format_spec.rb,spec/unit/coercible/coercer/integer/datetime_format_spec.rb
Ruby,10-30,solnic-coercible,30b74e7a754739b246f41cecd5e7e76d4c51520a,spec/unit/coercible/coercer/float/to_datetime_spec.rb,spec/unit/coercible/coercer/float/to_datetime_spec.rb
Ruby,10-30,sus-rb-sus-fixtures-openssl,565ab009fe990785f1a98559ab54efeb2dfb950c,lib/sus/fixtures/openssl/version.rb,lib/sus/fixtures/openssl/version.rb
Ruby,10-30,sus-rb-sus-fixtures-openssl,76f667ef439281d2c3e9068dc392f21496a29f01,lib/sus/fixtures/openssl.rb,lib/sus/fixtures/openssl.rb
Ruby,10-30,thoughtbot-shoulda-matchers,9069b5994ac0a2fdc48017d92b582e92d52e7aa8,lib/shoulda/matchers/routing.rb,lib/shoulda/matchers/routing.rb
Ruby,10-30,typhoeus-ethon,b382aad1083755cc8e2b40886d6b4bc6d77fcb8c,lib/ethon/easy/util.rb,lib/ethon/easy/util.rb
Ruby,10-30,tzinfo-tzinfo,eac33df8c336ef5ed9263fb4a0a12086a83b5ee3,test/ts_all_zoneinfo.rb,test/ts_all_zoneinfo.rb
Ruby,10-30,voxpupuli-hiera-eyaml,6476b466d18386d7d1f7bd7f505322e581b5480f,lib/hiera/backend/eyaml/highlinehelper.rb,lib/hiera/backend/eyaml/highlinehelper.rb
Ruby,10-30,whitequark-ast,304f90fd670b55ee687c57a01ce97d1405db8099,lib/ast.rb,lib/ast.rb
Ruby,10-30,whomwah-rqrcode_core,6e513ead4e6b955874634ea3b64ed6c2ec89a6ee,lib/rqrcode_core/qrcode.rb,lib/rqrcode_core/qrcode.rb
Ruby,10-30,whomwah-rqrcode_core,89a55d6c42aaaecbba076dd7d49f348716060612,test/rqrcode_core/data.rb,test/rqrcode_core/data.rb
Ruby,10-30,yaauie-cliver,0959c8f4f686403053ee0c63291aa2f58ee0f567,lib/cliver.rb,lib/cliver.rb
Ruby,10-30,yaauie-cliver,5ef970d87347137842b5beca851c219f8ba55381,lib/cliver.rb,lib/cliver.rb
Ruby,10-30,yaauie-cliver,78a3872afb8a4b30ba2e6d4dbe58c21a9743129f,lib/cliver/filter.rb,lib/cliver/filter.rb
Ruby,100-300,Mange-roadie-rails,b8ca827cdaaee914b64cd7c5a1d4b90f93b2b84c,spec/integration_spec.rb,spec/integration_spec.rb
Ruby,100-300,Shopify-liquid,32b50ecafecae41b924f3e3120c6dc587efdd800,lib/liquid/tags/case.rb,lib/liquid/tags/case.rb
Ruby,100-300,Shopify-liquid,32b50ecafecae41b924f3e3120c6dc587efdd800,lib/liquid/tags/for.rb,lib/liquid/tags/for.rb
Ruby,100-300,Shopify-liquid,9bcfd32e65a6b8ef7ef823d4a7b0335953ae6eab,lib/liquid/tags/render.rb,lib/liquid/tags/render.rb
Ruby,100-300,SpringMT-zstd-ruby,0a753d2ff7584fe8943ea1250a1062382ef2e29c,spec/zstd-ruby_spec.rb,spec/zstd-ruby_spec.rb
Ruby,100-300,ammar-regexp_parser,484fe0cc42564ca5ff4f18657a3efe09ca113a93,lib/regexp_parser/expression/methods/tests.rb,lib/regexp_parser/expression/methods/tests.rb
Ruby,100-300,bdurand-lumberjack,e782c4615f3317126182705a987fbb5573ae7e26,spec/lumberjack/entry_formatter_spec.rb,spec/lumberjack/entry_formatter_spec.rb
Ruby,100-300,bodrovis-faraday-gzip,0b026fc99f2e18d75317116982c76bdc218f0c15,spec/faraday/gzip/middleware_spec.rb,spec/faraday/gzip/middleware_spec.rb
Ruby,100-300,bodrovis-faraday-gzip,c34ec919c5a9cb3ede714e7892e6c97682718004,spec/faraday/gzip/middleware_spec.rb,spec/faraday/gzip/middleware_spec.rb
Ruby,100-300,cchandler-certificate_authority,4b987ac8132b80e3e4f568f7514b6165c806085b,lib/certificate_authority/ocsp_handler.rb,lib/certificate_authority/ocsp_handler.rb
Ruby,100-300,cjheath-treetop,8599abe97064954506dd57560edfcb91c352eef4,lib/treetop/runtime/syntax_node.rb,lib/treetop/runtime/syntax_node.rb
Ruby,100-300,copiousfreetime-launchy,8703e921951f6a80920a4805a56f73ab2307b080,lib/launchy.rb,lib/launchy.rb
Ruby,100-300,copiousfreetime-launchy,cfe22ec4793af11a69f3f61503816a158be9215a,tasks/this.rb,tasks/this.rb
Ruby,100-300,cucumber-aruba,dc41892b8884fb22677424dd2015dcde4a30cadd,spec/aruba/event_bus_spec.rb,spec/aruba/event_bus_spec.rb
Ruby,100-300,eventmachine-eventmachine,7df8ecda9c77335e7ec99c349039ef52c8bec038,tests/test_pool.rb,tests/test_pool.rb
Ruby,100-300,eventmachine-eventmachine,875be4b8ddbcc177e38a1dff132247a1d62af130,tests/test_httpclient2.rb,tests/test_httpclient2.rb
Ruby,100-300,eventmachine-eventmachine,becd3c62f624a370ea65a89ee0fb6fa409d9398d,tests/test_pause.rb,tests/test_pause.rb
Ruby,100-300,eventmachine-eventmachine,f21200d84e82fa3c32d50ca3fc65b8ed78993593,ext/extconf.rb,ext/extconf.rb
Ruby,100-300,faye-websocket-extensions-ruby,a8c847876b2242d562e6186b6fd90dd073b9fcd2,lib/websocket/extensions.rb,lib/websocket/extensions.rb
Ruby,100-300,fbernier-tomlrb,0c2e10c6506093356e803b9271a76b91f7d4c427,test/test_tomlrb.rb,test/test_tomlrb.rb
Ruby,100-300,fbernier-tomlrb,714337636d8b4aaf252d34a70f5a63654da3b9d9,test/test_compliance.rb,test/test_compliance.rb
Ruby,100-300,ffi-ffi,0c4a5714381fc9f1ea33e2d86d20f9646212c30f,spec/ffi/variadic_spec.rb,spec/ffi/variadic_spec.rb
Ruby,100-300,garybernhardt-selecta,7f8feb8260a1404cc7560f7dafa04ef1c439f5a9,spec/search_spec.rb,spec/search_spec.rb
Ruby,100-300,grosser-gettext_i18n_rails,23ced48c14416e12abb2e0a1a61fbe9527632f6f,lib/gettext_i18n_rails/tasks.rb,lib/gettext_i18n_rails/tasks.rb
Ruby,100-300,guard-listen,bac8015f98d751d9cf38173edcee13602f1a66d0,spec/lib/listen/cli_spec.rb,spec/lib/listen/cli_spec.rb
Ruby,100-300,igrigorik-em-websocket,2f6a22896c2c80b2d8c3fae313b7cc9e7b735b14,spec/integration/draft76_spec.rb,spec/integration/draft76_spec.rb
Ruby,100-300,igrigorik-em-websocket,44ce03c37264854ac681eada5e2d51f503ea7f44,lib/em-websocket/handshake.rb,lib/em-websocket/handshake.rb
Ruby,100-300,igrigorik-em-websocket,c5ab0683970d5e72086a7afee96c4d2b0cc6d528,lib/em-websocket/connection.rb,lib/em-websocket/connection.rb
Ruby,100-300,immutable-ruby-immutable-ruby,474ae0b7c8af6ce62d257a7d21b14a2a260f65a6,lib/immutable/deque.rb,lib/immutable/deque.rb
Ruby,100-300,immutable-ruby-immutable-ruby,9451e81c5f3fa2db5ae2f69bafa6666fd98ec9bc,lib/immutable/enumerable.rb,lib/immutable/enumerable.rb
Ruby,100-300,immutable-ruby-immutable-ruby,a41a3b1d4294a11557a563645d7d061c413f36a1,spec/lib/immutable/sorted_set/new_spec.rb,spec/lib/immutable/sorted_set/new_spec.rb
Ruby,100-300,intridea-multi_json,c788287a71dcfa4b13353f09cd573dffbfebd457,spec/multi_json_spec.rb,spec/multi_json_spec.rb
Ruby,100-300,janlelis-unicode-display_width,4ccf6175834ed077f24374de6161c2fee1021e12,lib/unicode/display_width.rb,lib/unicode/display_width.rb
Ruby,100-300,janlelis-unicode-display_width,a37b7369bb770c5ea822f1210fd0c8fefdd85091,lib/unicode/display_width.rb,lib/unicode/display_width.rb
Ruby,100-300,janlelis-unicode-emoji,bf1ca9162d9d1bd9f87762151a2ef4f9a7aa3ecd,lib/unicode/emoji.rb,lib/unicode/emoji.rb
Ruby,100-300,jaynetics-regexp_property_values,8ab497657c1c09a0aa41f7c1a6a02b6509a18e90,lib/regexp_property_values/updater.rb,lib/regexp_property_values/updater.rb
Ruby,100-300,jekyll-jekyll-sass-converter,5b443fc2441b914271863eda05f0773fe9c88428,spec/sass_converter_spec.rb,spec/sass_converter_spec.rb
Ruby,100-300,jekyll-jekyll-watch,1fc75827c92ea7e85b29090caa28188b8919357d,lib/jekyll/watcher.rb,lib/jekyll/watcher.rb
Ruby,100-300,jekyll-jekyll-watch,e35953cef2e60d2e0d5ce8571fd2c96afcd2f357,lib/jekyll/watcher.rb,lib/jekyll/watcher.rb
Ruby,100-300,jeremyevans-erubi,e96ab15cbf047d3ef9d6ce2f101e7ecee72e30eb,lib/erubi.rb,lib/erubi.rb
Ruby,100-300,jfelchner-ruby-progressbar,c292464e0aaa67123c02c7a4ac12f29c03a08bd2,spec/lib/ruby-progressbar/components/time_spec.rb,spec/lib/ruby-progressbar/components/time_spec.rb
Ruby,100-300,jmespath-jmespath.rb,0d308f02818cccb0621e6d23465ae998ab16e890,lib/jmespath/nodes/condition.rb,lib/jmespath/nodes/condition.rb
Ruby,100-300,jmhodges-rchardet,16ab0a9c6c6ebf56f86d3be6f7a43b117af74f9c,lib/rchardet/universaldetector.rb,lib/rchardet/universaldetector.rb
Ruby,100-300,jmhodges-rchardet,c2e593c535505c6d628b3666c7a02d9228413bc1,lib/rchardet/universaldetector.rb,lib/rchardet/universaldetector.rb
Ruby,100-300,jneen-rouge,3332a9cdf1641410faa8eac884210cdee284d91d,lib/rouge/lexers/terraform.rb,lib/rouge/lexers/terraform.rb
Ruby,100-300,judofyr-temple,181ea35a5d862af370f22adf0cb52663b9a151db,spec/generator_spec.rb,spec/generator_spec.rb
Ruby,100-300,jwt-ruby-jwt,b45219d7c98473a1a7603d2bf5961f6b5ea89576,lib/jwt/token.rb,lib/jwt/token.rb
Ruby,100-300,leejarvis-slop,c026ee99247c33130addc01d1399e71b14879f38,test/parser_test.rb,test/parser_test.rb
Ruby,100-300,leejarvis-slop,de796008bba708263b5cf093b48af7a6ebeb1d1a,lib/slop/types.rb,lib/slop/types.rb
Ruby,100-300,leejarvis-slop,e28fbcf19c9e1b6d8875be680c6bb4f40ab0c21c,lib/slop/types.rb,lib/slop/types.rb
Ruby,100-300,lostisland-faraday-net_http,1dd1e64a18222091e7f5a1028289b850389163ca,spec/faraday/adapter/net_http_spec.rb,spec/faraday/adapter/net_http_spec.rb
Ruby,100-300,lostisland-faraday-net_http,81236ae1af470942af4d14c1e65cc0d5528372c5,lib/faraday/adapter/net_http.rb,lib/faraday/adapter/net_http.rb
Ruby,100-300,lostisland-faraday-net_http_persistent,cda3e8be28796a936a1e37b3fa0cbf0204593301,lib/faraday/adapter/net_http_persistent.rb,lib/faraday/adapter/net_http_persistent.rb
Ruby,100-300,lostisland-sawyer,8830c0c6718fe767532f163dce8ca3fc66cb10a9,lib/sawyer/agent.rb,lib/sawyer/agent.rb
Ruby,100-300,main-branch-process_executer,da1db9697e5c2be371d308d5790e44dcccf8e40b,lib/process_executer/options/base.rb,lib/process_executer/options/base.rb
Ruby,100-300,mikel-mail,62b82c542288237763eba48277983dc89218ecb5,lib/mail/fields/content_type_field.rb,lib/mail/fields/content_type_field.rb
Ruby,100-300,mikel-mail,6919547758842aa28760eb71d95ef79bc0d971d1,lib/mail/field.rb,lib/mail/field.rb
Ruby,100-300,mimemagicrb-mimemagic,51bdc8407811a95d301e6a63dd93b30e7430cb80,script/generate-mime.rb,script/generate-mime.rb
Ruby,100-300,mimemagicrb-mimemagic,6520358f230ce242c50477fe42b3887d0f12690b,test/mimemagic_test.rb,test/mimemagic_test.rb
Ruby,100-300,minimagick-minimagick,862ffbbb4435a9363b179397ba02d4be1d1c7751,lib/mini_magick/tool.rb,lib/mini_magick/tool.rb
Ruby,100-300,minimagick-minimagick,bb772cc21008fe6f411ab53bde66988021b36c6c,lib/mini_magick/tool.rb,lib/mini_magick/tool.rb
Ruby,100-300,monora-rgl,8bb36a25050fdfca425215d30bc104ace6bf7c58,lib/rgl/dot.rb,lib/rgl/dot.rb
Ruby,100-300,net-ssh-net-sftp,e645fbb053d2220967088c7aed6e5428d716b282,test/test_download.rb,test/test_download.rb
Ruby,100-300,net-ssh-net-sftp,fed93aea4d60f0ed094c0ed3bae019a2983b7935,test/protocol/01/test_base.rb,test/protocol/01/test_base.rb
Ruby,100-300,net-ssh-net-ssh-gateway,29485b8ccf7c6a9b9afa9d2d7f41b8ec0875be0f,lib/net/ssh/gateway.rb,lib/net/ssh/gateway.rb
Ruby,100-300,nurse-strptime,416cef0593062118efa26f3a1118ee05b429a62b,spec/strftime_spec.rb,spec/strftime_spec.rb
Ruby,100-300,nurse-strptime,da9052ba2c18145c9027da4ff79f2f00b36ea501,spec/strftime_spec.rb,spec/strftime_spec.rb
Ruby,100-300,piotrmurach-necromancer,d5cec11d179fedd258d1b346d938d4fb13df1817,lib/necromancer/conversions.rb,lib/necromancer/conversions.rb
Ruby,100-300,piotrmurach-pastel,179690275c45468a79e3115d6b7b7c5fa4db113b,lib/pastel/color.rb,lib/pastel/color.rb
Ruby,100-300,piotrmurach-tty-command,1340c436e8c111dc9eb94997c5cf818bc8bfd42e,spec/unit/run_spec.rb,spec/unit/run_spec.rb
Ruby,100-300,prawnpdf-pdf-core,51c87bd26875eda62d91d95cbed8fb575ff56ed0,lib/pdf/core/object_store.rb,lib/pdf/core/object_store.rb
Ruby,100-300,prawnpdf-pdf-core,acafb409f49aeaac7f8b833328b733d47542d2f9,lib/pdf/core/stream.rb,lib/pdf/core/stream.rb
Ruby,100-300,prawnpdf-pdf-core,acafb409f49aeaac7f8b833328b733d47542d2f9,spec/pdf/core_pdf_object_spec.rb,spec/pdf/core_pdf_object_spec.rb
Ruby,100-300,prawnpdf-prawn,be66ddd0a804a03f6d7979bc773ea0aad0e7ec29,spec/prawn/stamp_spec.rb,spec/prawn/stamp_spec.rb
Ruby,100-300,prawnpdf-ttfunk,0a0d447c481b46128178c80ffd25aa229b09ad58,lib/ttfunk/table/cff/encoding.rb,lib/ttfunk/table/cff/encoding.rb
Ruby,100-300,prawnpdf-ttfunk,0a0d447c481b46128178c80ffd25aa229b09ad58,lib/ttfunk/table/cff/fd_selector.rb,lib/ttfunk/table/cff/fd_selector.rb
Ruby,100-300,prawnpdf-ttfunk,45a9f1e4bcef14b48f5d33f60c699b43e2ab08a7,lib/ttfunk/table/cff/index.rb,lib/ttfunk/table/cff/index.rb
Ruby,100-300,prawnpdf-ttfunk,45a9f1e4bcef14b48f5d33f60c699b43e2ab08a7,lib/ttfunk/table/name.rb,lib/ttfunk/table/name.rb
Ruby,100-300,prawnpdf-ttfunk,88b7a198702707b72c4b174871b37b2eaf65ad83,lib/ttfunk/encoded_string.rb,lib/ttfunk/encoded_string.rb
Ruby,100-300,prawnpdf-ttfunk,e8516116b2950a59b8fa8ea7b781eae3b5204f85,lib/ttfunk/subset_collection.rb,lib/ttfunk/subset_collection.rb
Ruby,100-300,prawnpdf-ttfunk,e8516116b2950a59b8fa8ea7b781eae3b5204f85,lib/ttfunk/table/name.rb,lib/ttfunk/table/name.rb
Ruby,100-300,puppetlabs-facter,016811658a536f5c9c90d53e56fd7260f470bb8d,spec/facter/resolvers/base_resolver_spec.rb,spec/facter/resolvers/base_resolver_spec.rb
Ruby,100-300,puppetlabs-facter,27d12ad840fc5dbc4a18dd64438d8083c8129620,spec_integration/facter_to_hash_spec.rb,spec_integration/facter_to_hash_spec.rb
Ruby,100-300,puppetlabs-facter,2cfe64e667349ed5b3489a21e4431a10d36daef1,spec/facter/resolvers/xen_spec.rb,spec/facter/resolvers/xen_spec.rb
Ruby,100-300,puppetlabs-puppet-resource_api,342ce0d13f87233affd6683b0eccd48e1977d30e,lib/puppet/resource_api/base_context.rb,lib/puppet/resource_api/base_context.rb
Ruby,100-300,puppetlabs-puppet-resource_api,f4fab3daae9028e14854935ac30c8ae015df22b3,spec/acceptance/transport/transport_spec.rb,spec/acceptance/transport/transport_spec.rb
Ruby,100-300,puppetlabs-r10k,87ee454fa5989d21fb16c5e5030d9f190d682618,lib/r10k/git/shellgit/working_repository.rb,lib/r10k/git/shellgit/working_repository.rb
Ruby,100-300,rails-execjs,5cce03a1614a9477ea5c079b336be80206ee013f,lib/execjs/external_runtime.rb,lib/execjs/external_runtime.rb
Ruby,100-300,rails-globalid,d935131e99f5f6752f11d50e79cf33c27a400428,lib/global_id/locator.rb,lib/global_id/locator.rb
Ruby,100-300,rails-propshaft,11bab84c131419a8e5f639bbe863a57df7c681c1,test/propshaft/manifest_test.rb,test/propshaft/manifest_test.rb
Ruby,100-300,rails-sprockets,6690110b55ed477cf2dd4734184377fccfe704b4,test/test_erb_processor.rb,test/test_erb_processor.rb
Ruby,100-300,rails-sprockets-rails,67c74ece6de93109fcf725f6a56daeb0fc3cc6ee,lib/sprockets/railtie.rb,lib/sprockets/railtie.rb
Ruby,100-300,rails-sprockets-rails,d8495d0c862f50f3510116357fbf841069eb1ac9,lib/sprockets/railtie.rb,lib/sprockets/railtie.rb
Ruby,100-300,rgrove-sanitize,63eecfda527912756ed970256fe520f2a60cacb8,lib/sanitize/config/default.rb,lib/sanitize/config/default.rb
Ruby,100-300,rspec-rspec-expectations,84245578b630593cfba35343d12f249ed31f47f4,spec/rspec/matchers/built_in/operators_spec.rb,spec/rspec/matchers/built_in/operators_spec.rb
Ruby,100-300,rspec-rspec-mocks,0e17986425d41e31dd25a576ea23e9a9cdfa3afa,lib/rspec/mocks/configuration.rb,lib/rspec/mocks/configuration.rb
Ruby,100-300,ruby-csv,29723a0a88dee0efe1ba48182acb07d87c3901bf,test/csv/test_csv_filter.rb,test/csv/test_csv_filter.rb
Ruby,100-300,ruby-csv,7eea19a639d6c03829b337e5c916804d8e1c10cc,test/csv/test_csv_filter.rb,test/csv/test_csv_filter.rb
Ruby,100-300,ruby-git-ruby-git,8e6a11e5f3749a25e1d56ffbc0332a98846a395b,tests/units/test_status.rb,tests/units/test_status.rb
Ruby,100-300,ruby-i18n-i18n,62818cf5cc752ba6744ad66af1d09de36e3c7c36,test/i18n/exceptions_test.rb,test/i18n/exceptions_test.rb
Ruby,100-300,ruby-io-wait,292b47fe1e215be23d386023516afcbbff9f1815,test/io/wait/test_io_wait_uncommon.rb,test/io/wait/test_io_wait_uncommon.rb
Ruby,100-300,ruby-ldap-ruby-net-ldap,2702b89bac61d26440a17794297c873acd9044fd,test/test_ldif.rb,test/test_ldif.rb
Ruby,100-300,ruby-ldap-ruby-net-ldap,2fe7e501f369a6ea775567b10f1e881b13b5fa37,lib/net/ldap/entry.rb,lib/net/ldap/entry.rb
Ruby,100-300,ruby-ldap-ruby-net-ldap,8572cacddae0520a47def01a9fc74818630eb85c,lib/net/ldap/entry.rb,lib/net/ldap/entry.rb
Ruby,100-300,ruby-ldap-ruby-net-ldap,eeb7a6d0ab591bba045d9765ba5313089db67b0a,test/integration/test_bind.rb,test/integration/test_bind.rb
Ruby,100-300,ruby-logger,08f9fb3805a499ffd05e43506e1917345d9230cc,lib/logger/log_device.rb,lib/logger/log_device.rb
Ruby,100-300,ruby-oembed-ruby-oembed,278228e6b24ac5c900e7914b6a6a1ac2d42e18ad,spec/spec_helper.rb,spec/spec_helper.rb
Ruby,100-300,ruby-rbot-rbot,9e30236e3a94b54aabb1fb03a0769dcd95647b9e,data/rbot/plugins/games/roulette.rb,data/rbot/plugins/games/roulette.rb
Ruby,100-300,ruby-repl_type_completor,3b110b18d01fe11d11650a678604e8e9e32820dc,test/repl_type_completor/test_repl_type_completor.rb,test/repl_type_completor/test_repl_type_completor.rb
Ruby,100-300,ruby-xmlrpc,6a63dc94acde511d1e5c60b6af404f0cac253930,lib/xmlrpc.rb,lib/xmlrpc.rb
Ruby,100-300,rubychan-coderay,b5b3430d4635682b767c44469e28a70fe234187e,lib/coderay/scanners/java_script.rb,lib/coderay/scanners/java_script.rb
Ruby,100-300,sigmike-autocutsel,91fec65f10f561c6431c9dcda4e4915c3fd8ee6c,test_autocutsel.rb,test_autocutsel.rb
Ruby,100-300,sinatra-sinatra,0d33ef8924f70b265cdaa605eca0efd23bf316b1,test/integration_helper.rb,test/integration_helper.rb
Ruby,100-300,skk-dev-skktools,7ad96ca5623df5d3a4e6b7391e81283c821bd07b,filters/annotation-filter.rb,filters/annotation-filter.rb
Ruby,100-300,socketry-async-container,9b080359e68733c080b1972e6fa0c0cd7ae952af,lib/async/container/group.rb,lib/async/container/group.rb
Ruby,100-300,socketry-async-rspec,735212192bd3f917d293e91f8a337452d2bd46c1,spec/async/rspec/reactor_spec.rb,spec/async/rspec/reactor_spec.rb
Ruby,100-300,socketry-async-rspec,ced78e1dac1c7e5299a34dd7d558752983a7e530,lib/async/rspec/ssl.rb,lib/async/rspec/ssl.rb
Ruby,100-300,socketry-http-accept,c86b85ca050b5cd1ec59c8ed227c0e695fb33071,spec/http/browser_spec.rb,spec/http/browser_spec.rb
Ruby,100-300,socketry-localhost,10790d5045770ec9ca6b81f5c74a897051cff9c5,lib/localhost/authority.rb,lib/localhost/authority.rb
Ruby,100-300,socketry-localhost,ecde804bf1b89e5763bde91188afa3df20329829,lib/localhost/authority.rb,lib/localhost/authority.rb
Ruby,100-300,socketry-multipart-post,dd0567dea6cc2100bdbb418901e5afd5bcc6b9af,lib/multipart/post/parts.rb,lib/multipart/post/parts.rb
Ruby,100-300,socketry-rspec-memory,1d8a8675742a71498942f48a66db312ba382ac96,lib/rspec/memory/matchers/limit_allocations.rb,lib/rspec/memory/matchers/limit_allocations.rb
Ruby,100-300,socketry-sus,2509ba9e8790b042b69260af4e241bb7758336fc,lib/sus/mock.rb,lib/sus/mock.rb
Ruby,100-300,socketry-timers,631bdc5699d0dc510897c051cc8b27eaac964d05,test/timers/group.rb,test/timers/group.rb
Ruby,100-300,solnic-coercible,569a9ee42a78e2de3d7c2402c7c714f9f81b1304,lib/coercible/coercer/object.rb,lib/coercible/coercer/object.rb
Ruby,100-300,thoughtbot-shoulda-matchers,5c79d3bb75730ebf6e2615713972cd9722b102e5,spec/unit/shoulda/matchers/active_record/encrypt_matcher_spec.rb,spec/unit/shoulda/matchers/active_record/encrypt_matcher_spec.rb
Ruby,100-300,threedaymonk-htmlentities,8b59e8134895b30b7c7ff511d1156b2c1f91fc16,spec/decoding_spec.rb,spec/decoding_spec.rb
Ruby,100-300,threedaymonk-htmlentities,f0a4f65bc38db80287b8020255e4dc34ebc059c5,test/decoding_test.rb,test/decoding_test.rb
Ruby,100-300,thuehlinger-daemons,57eb34e366c55be20e6acf47b4dff6b8d9b6970a,lib/daemons/cmdline.rb,lib/daemons/cmdline.rb
Ruby,100-300,toretore-barby,9b1dceb04991740e8cde7d4e0210b4848b041650,lib/barby/barcode/code_25.rb,lib/barby/barcode/code_25.rb
Ruby,100-300,tzinfo-tzinfo,f76bc7fc824a831a159f080ea2fdeade47dc1e38,test/tc_timestamp_with_offset.rb,test/tc_timestamp_with_offset.rb
Ruby,100-300,ueno-ruby-gpgme,60290c62f864254a0e8e843ea0a100f5c8bf82f7,ext/gpgme/extconf.rb,ext/gpgme/extconf.rb
Ruby,100-300,upserve-docker-api,c416cfde3fbfff9064c373ecade4b29fad900315,spec/docker/network_spec.rb,spec/docker/network_spec.rb
Ruby,100-300,upserve-docker-api,d0bbf85fdbfa31533d9db917b004d7c88a5139ea,spec/docker_spec.rb,spec/docker_spec.rb
Ruby,100-300,varvet-pundit,0b9b3a6e4ed34978aa8bb73782e3c4de1b80666c,lib/pundit/context.rb,lib/pundit/context.rb
Ruby,100-300,varvet-pundit,cabf5b7223e9dd7b52d562d161132d254732ff07,lib/pundit/authorization.rb,lib/pundit/authorization.rb
Ruby,100-300,wandenberg-nginx-push-stream-module,3d4cc6dc3ab97ac3516246c680a33cb83dd66ab7,misc/spec/subscriber/padding_by_user_agent_spec.rb,misc/spec/subscriber/padding_by_user_agent_spec.rb
Ruby,100-300,wardencommunity-warden,58bcc6f0beb58764b2f07bebd46e919feb16a291,lib/warden/config.rb,lib/warden/config.rb
Ruby,100-300,wardencommunity-warden,f16a7fed5fbde7af29720a24cb9a5575a40de844,lib/warden/hooks.rb,lib/warden/hooks.rb
Ruby,100-300,whitequark-parser,2605e957bc1ce97f573b09f7ea226b0b6d3fcaec,lib/parser/current.rb,lib/parser/current.rb
Ruby,100-300,yob-pdf-reader,c08babcc90e413ada3c5e34835af6f5096116938,lib/pdf/reader/parser.rb,lib/pdf/reader/parser.rb
Ruby,100-300,zeromq-czmq,8f64ff90ac11934c7549dde9ca2d21a16bcfa23d,bindings/ruby/lib/czmq/ffi/zhttp_client.rb,bindings/ruby/lib/czmq/ffi/zhttp_client.rb
Ruby,1000-3000,asciidoctor-asciidoctor,a232ee4f5943a88cb0f64d05250223896b8f5eb7,lib/asciidoctor/converter/html5.rb,lib/asciidoctor/converter/html5.rb
Ruby,1000-3000,asciidoctor-asciidoctor,f8306f119f0624e19487029fec4372d166b5a31b,lib/asciidoctor/parser.rb,lib/asciidoctor/parser.rb
Ruby,1000-3000,brandur-json_schema,3fbd3596c77e59149cfb9a89b7bc01bed599e337,test/json_schema/validator_test.rb,test/json_schema/validator_test.rb
Ruby,1000-3000,brendon-acts_as_list,58a4972381f7b16c888392d3b251ae89503712e6,test/test_list.rb,test/test_list.rb
Ruby,1000-3000,brendon-acts_as_list,f6e1d730a57af8ed3f304ad327875d983db50394,test/test_list.rb,test/test_list.rb
Ruby,1000-3000,brianmario-mysql2,0f38974ead068daa5388013cd01f49f74e439805,spec/mysql2/client_spec.rb,spec/mysql2/client_spec.rb
Ruby,1000-3000,doudou-flexmock,83dbdbe26bc34a5460ab66b58bf2dbef7e969837,test/should_receive_test.rb,test/should_receive_test.rb
Ruby,1000-3000,doudou-flexmock,dd20b0a69181b7bca5322ed1876de3833fad7cfc,test/should_receive_test.rb,test/should_receive_test.rb
Ruby,1000-3000,drbrain-net-http-persistent,0bd40a2e92688f6f8075bacc2c41ede3e3f035b4,lib/net/http/persistent.rb,lib/net/http/persistent.rb
Ruby,1000-3000,drbrain-net-http-persistent,2cd8becf48c5910f9bd1d55885d551f311eeb9d6,lib/net/http/persistent.rb,lib/net/http/persistent.rb
Ruby,1000-3000,drbrain-net-http-persistent,2da29785e7354e349c7a09deb4e44b56efba47b9,lib/net/http/persistent.rb,lib/net/http/persistent.rb
Ruby,1000-3000,drbrain-net-http-persistent,3bbb99868e10732828bc2077631462b253582237,lib/net/http/persistent.rb,lib/net/http/persistent.rb
Ruby,1000-3000,drbrain-net-http-persistent,455426e1b8ecbd7997f6aeac0086183e1a3caf9b,test/test_net_http_persistent.rb,test/test_net_http_persistent.rb
Ruby,1000-3000,drbrain-net-http-persistent,53b5b030911f27e9138db632c2fc96379e7d817b,lib/net/http/persistent.rb,lib/net/http/persistent.rb
Ruby,1000-3000,drbrain-net-http-persistent,5be3611ff3540990013fb54d27482ccc344a557f,lib/net/http/persistent.rb,lib/net/http/persistent.rb
Ruby,1000-3000,drbrain-net-http-persistent,5f767a8ef4f7124fafefa1ff79e012f48e41f651,test/test_net_http_persistent.rb,test/test_net_http_persistent.rb
Ruby,1000-3000,drbrain-net-http-persistent,81bd02111be6cb3c1aaae503e339663ce49c257c,lib/net/http/persistent.rb,lib/net/http/persistent.rb
Ruby,1000-3000,drbrain-net-http-persistent,8e1bd116d6e8e20cc3dfb1409247e52d5b8243ec,lib/net/http/persistent.rb,lib/net/http/persistent.rb
Ruby,1000-3000,drbrain-net-http-persistent,8e1bd116d6e8e20cc3dfb1409247e52d5b8243ec,test/test_net_http_persistent.rb,test/test_net_http_persistent.rb
Ruby,1000-3000,drbrain-net-http-persistent,9cdc7bf8df3a418dc8f00191a49bdd3c94093af0,lib/net/http/persistent.rb,lib/net/http/persistent.rb
Ruby,1000-3000,drbrain-net-http-persistent,b3fe0b2dadfe8941fd14d571255582d8fee06930,lib/net/http/persistent.rb,lib/net/http/persistent.rb
Ruby,1000-3000,drbrain-net-http-persistent,b9031bf43d78cfc946fc7f9a55c4931e964fb05c,lib/net/http/persistent.rb,lib/net/http/persistent.rb
Ruby,1000-3000,drbrain-net-http-persistent,d4a2667af2fa9be9be7da86dbf3cf12ab5a1be85,test/test_net_http_persistent.rb,test/test_net_http_persistent.rb
Ruby,1000-3000,drbrain-net-http-persistent,df819923f2262f6448f1cf39a96d6bbec0ff241e,lib/net/http/persistent.rb,lib/net/http/persistent.rb
Ruby,1000-3000,drbrain-net-http-persistent,df819923f2262f6448f1cf39a96d6bbec0ff241e,test/test_net_http_persistent.rb,test/test_net_http_persistent.rb
Ruby,1000-3000,drbrain-net-http-persistent,e10cb1774156561bfd45c5984f9d7896f1e6f3a9,test/test_net_http_persistent.rb,test/test_net_http_persistent.rb
Ruby,1000-3000,drbrain-net-http-persistent,e31e0af8e8719d035387b09e2d85d126bd0e50ac,test/test_net_http_persistent.rb,test/test_net_http_persistent.rb
Ruby,1000-3000,eventmachine-eventmachine,03ffbcf378df05772007e44158ddd2b584ecd11e,lib/em/pure_ruby.rb,lib/em/pure_ruby.rb
Ruby,1000-3000,eventmachine-eventmachine,0c0c715f2e61c3187d9efbd85b85cfd2e05bbe31,lib/em/pure_ruby.rb,lib/em/pure_ruby.rb
Ruby,1000-3000,eventmachine-eventmachine,2ca45eee68f6be68b9e9d9a566b695b8f753cd21,lib/em/pure_ruby.rb,lib/em/pure_ruby.rb
Ruby,1000-3000,eventmachine-eventmachine,80aad9cb36a17cbb89c05e207a59055fabbecae0,lib/eventmachine.rb,lib/eventmachine.rb
Ruby,1000-3000,eventmachine-eventmachine,a7eaf1a5188078e7e01be94a67bb290f4cfa6c56,lib/em/pure_ruby.rb,lib/em/pure_ruby.rb
Ruby,1000-3000,eventmachine-eventmachine,cf8329fe1d97b5fde7c1f860ff0cb0f39341159c,lib/em/pure_ruby.rb,lib/em/pure_ruby.rb
Ruby,1000-3000,fakefs-fakefs,7ac06b8d49216a4c993ee62f3e7ee1302ab5fae9,lib/fakefs/file.rb,lib/fakefs/file.rb
Ruby,1000-3000,gshutler-useragent,249a8b2676c2aeb0170deb85219b2dc9f71f2bd1,spec/browsers/webkit_user_agent_spec.rb,spec/browsers/webkit_user_agent_spec.rb
Ruby,1000-3000,hashie-hashie,0bca9255a6234606cbdd98880ccc241f192cfdae,spec/hashie/mash_spec.rb,spec/hashie/mash_spec.rb
Ruby,1000-3000,hashie-hashie,9ba96e03a8b5baa098c7ac6841e4c021b02f1910,spec/hashie/mash_spec.rb,spec/hashie/mash_spec.rb
Ruby,1000-3000,immutable-ruby-immutable-ruby,90fcdf2213b441430a9eaa62767bf151c690b2ef,lib/immutable/sorted_set.rb,lib/immutable/sorted_set.rb
Ruby,1000-3000,immutable-ruby-immutable-ruby,952d11a357f3ae909e00631efecf847f7b96ac8d,lib/immutable/sorted_set.rb,lib/immutable/sorted_set.rb
Ruby,1000-3000,immutable-ruby-immutable-ruby,c3e9ace8eba48585cedd4aaac226f00a43bf853e,lib/immutable/list.rb,lib/immutable/list.rb
Ruby,1000-3000,immutable-ruby-immutable-ruby,cce82625c0ca6f0d2f09f492b0b0372a5e4ebbc6,lib/immutable/vector.rb,lib/immutable/vector.rb
Ruby,1000-3000,immutable-ruby-immutable-ruby,ee9abcfe05b3a6cb222ae67c1c8cfbf89421342f,lib/immutable/sorted_set.rb,lib/immutable/sorted_set.rb
Ruby,1000-3000,jeremyevans-erubi,5bbda878a26ad43c415fefb909875e16e779f413,test/test.rb,test/test.rb
Ruby,1000-3000,jeremyevans-erubi,f3c93cc46aa09396dafa9c422e06ec6ad22e0db2,test/test.rb,test/test.rb
Ruby,1000-3000,jeremyevans-sequel,746d3e0039af4699203dd046b4c4a2d27a2b4bbf,lib/sequel/adapters/shared/mssql.rb,lib/sequel/adapters/shared/mssql.rb
Ruby,1000-3000,jeremyevans-sequel,839bec6a457e83d12a3295106fce0b8519d3da58,spec/integration/dataset_test.rb,spec/integration/dataset_test.rb
Ruby,1000-3000,jnunemaker-httparty,3db7a4eb365bd08a169ba510172cfd12be830d1f,spec/httparty/request_spec.rb,spec/httparty/request_spec.rb
Ruby,1000-3000,jnunemaker-httparty,d7a65997fdb7084180029827ce820a8dae3fcd7f,spec/httparty/request_spec.rb,spec/httparty/request_spec.rb
Ruby,1000-3000,maik-xml-simple,7fed4f931845a51d11d84fa18f265f322d0872ad,lib/xmlsimple.rb,lib/xmlsimple.rb
Ruby,1000-3000,maik-xml-simple,c84f7d200fd4d940414d7396386ed0a39dbce1fd,lib/xmlsimple.rb,lib/xmlsimple.rb
Ruby,1000-3000,mikel-mail,2738cd92c29493a68084d948325406b926b3c6af,lib/mail/message.rb,lib/mail/message.rb
Ruby,1000-3000,mikel-mail,38b27ba0a786ed4f830847d4e797e452aa4a0b4a,lib/mail/message.rb,lib/mail/message.rb
Ruby,1000-3000,mikel-mail,38bd88f04b4868ded8ad7c4de1f411933734270b,spec/mail/message_spec.rb,spec/mail/message_spec.rb
Ruby,1000-3000,mikel-mail,89f55e55877ef65e516cdff11336c8f488fff0af,lib/mail/message.rb,lib/mail/message.rb
Ruby,1000-3000,mikel-mail,9052e255a610fff59ff6214941d9e76c791b1272,lib/mail/message.rb,lib/mail/message.rb
Ruby,1000-3000,mikel-mail,a1aba7b991e3d465ab3c2063a3c7965de520f971,spec/mail/message_spec.rb,spec/mail/message_spec.rb
Ruby,1000-3000,mikel-mail,a20fdd591bd5b1596983f5e1ee6ffed4e0b1f5f9,spec/mail/message_spec.rb,spec/mail/message_spec.rb
Ruby,1000-3000,mikel-mail,a58bf11afe170524817889b92a55531901c9bc9e,spec/mail/message_spec.rb,spec/mail/message_spec.rb
Ruby,1000-3000,mikel-mail,b1cce496858214ce9ded2ee529905f5853053b77,spec/mail/message_spec.rb,spec/mail/message_spec.rb
Ruby,1000-3000,mikel-mail,c08d569105546aa2910dd7b03997b6bae2353ce4,spec/mail/message_spec.rb,spec/mail/message_spec.rb
Ruby,1000-3000,nahi-httpclient,06070a4f4431758c64ba6d57cbc520bad3ee4d49,lib/httpclient/http.rb,lib/httpclient/http.rb
Ruby,1000-3000,nahi-httpclient,7d743bd73782f5c5bdc0622b2e8727acc7d8fcd3,test/test_httpclient.rb,test/test_httpclient.rb
Ruby,1000-3000,nahi-httpclient,9c63b6e134225d4cab570fa1be7b595ee7db9252,test/test_httpclient.rb,test/test_httpclient.rb
Ruby,1000-3000,nahi-httpclient,b40b9ed3b11425435cd0b0701ecaab2ba11339b4,lib/httpclient.rb,lib/httpclient.rb
Ruby,1000-3000,nahi-httpclient,c2d3f6e474f2f471b10874ac70a7514f7e061e4c,lib/httpclient/http.rb,lib/httpclient/http.rb
Ruby,1000-3000,oauth-xx-oauth2,8a2f84850e25600d058da2778af6b7b2cd6e538b,spec/oauth2/access_token_spec.rb,spec/oauth2/access_token_spec.rb
Ruby,1000-3000,oauth-xx-oauth2,9112baa9787e8c2ddcdd2e863656d8f0c0a5cfc3,spec/oauth2/access_token_spec.rb,spec/oauth2/access_token_spec.rb
Ruby,1000-3000,omniauth-omniauth,6f4cdb08f4741a0b3c83dfafd5f93e972be97c0e,spec/omniauth/strategy_spec.rb,spec/omniauth/strategy_spec.rb
Ruby,1000-3000,panorama-ed-memo_wise,ddf5ca70d35737611186785e6e283fa0ae5ef7f4,spec/memo_wise_spec.rb,spec/memo_wise_spec.rb
Ruby,1000-3000,prawnpdf-prawn,be66ddd0a804a03f6d7979bc773ea0aad0e7ec29,spec/prawn/text/box_spec.rb,spec/prawn/text/box_spec.rb
Ruby,1000-3000,puma-puma,731b97d2a5c7838c9d736462e259e629655b00a1,lib/puma/dsl.rb,lib/puma/dsl.rb
Ruby,1000-3000,puppetlabs-puppet-resource_api,2eb46cf4b9036ded36e58225a99d03f469dfef51,spec/puppet/resource_api_spec.rb,spec/puppet/resource_api_spec.rb
Ruby,1000-3000,puppetlabs-puppet-resource_api,4f997925d0293eab85b10cb6efe73e6ff925946f,spec/puppet/resource_api_spec.rb,spec/puppet/resource_api_spec.rb
Ruby,1000-3000,puppetlabs-puppet-resource_api,51ade26edf840d67856fb87d87392f9aae864bd4,spec/puppet/resource_api_spec.rb,spec/puppet/resource_api_spec.rb
Ruby,1000-3000,puppetlabs-puppet-resource_api,54fc228d05116f881e109c962a8e200ca0612efb,spec/puppet/resource_api_spec.rb,spec/puppet/resource_api_spec.rb
Ruby,1000-3000,puppetlabs-puppet-resource_api,89a1612a7700defe705b14ac6393b91b6bd7277f,spec/puppet/resource_api_spec.rb,spec/puppet/resource_api_spec.rb
Ruby,1000-3000,puppetlabs-puppet-resource_api,ef8605fcf1a22822e9dcdf4beaa81ce97b719123,spec/puppet/resource_api_spec.rb,spec/puppet/resource_api_spec.rb
Ruby,1000-3000,rack-rack,6ed79d9a631b2a369ae956a9affb8d4e027662be,test/spec_request.rb,test/spec_request.rb
Ruby,1000-3000,rails-marcel,6bf4d97a1d42233c9c61f9bde109527c9814bc50,lib/marcel/tables.rb,lib/marcel/tables.rb
Ruby,1000-3000,rails-marcel,85a6e2eabb9d1345274ff0de9ee8cbab558ab7c0,lib/marcel/tables.rb,lib/marcel/tables.rb
Ruby,1000-3000,rails-rails,b4dd3fa04273b78ef09fa4f93f6f5dfa5357d970,actionpack/test/dispatch/request_test.rb,actionpack/test/dispatch/request_test.rb
Ruby,1000-3000,rails-rails,e61b5e24e47becd0169d3b0e0ef2adfba1a09d1a,activerecord/lib/active_record/connection_adapters/postgresql_adapter.rb,activerecord/lib/active_record/connection_adapters/postgresql_adapter.rb
Ruby,1000-3000,rapid7-ruby_smb,7e8c8c89b71674399e16242326532e319c5db6f5,lib/ruby_smb/dcerpc/samr.rb,lib/ruby_smb/dcerpc/samr.rb
Ruby,1000-3000,rspec-rspec,69f838717d598851252e4552147345db9747f9d2,rspec-core/spec/rspec/core/formatters/exception_presenter_spec.rb,rspec-core/spec/rspec/core/formatters/exception_presenter_spec.rb
Ruby,1000-3000,rspec-rspec,ed48f826375699063d1fc86d7073323f54d4349d,rspec-support/spec/rspec/support/method_signature_verifier_spec.rb,rspec-support/spec/rspec/support/method_signature_verifier_spec.rb
Ruby,1000-3000,rspec-rspec-expectations,219d6c58fd61129969f6c30315e68f3293d035cc,spec/rspec/matchers/built_in/respond_to_spec.rb,spec/rspec/matchers/built_in/respond_to_spec.rb
Ruby,1000-3000,rspec-rspec-expectations,81d3a5899ea5b0efccd14ae256cd09ada0b538a7,lib/rspec/matchers.rb,lib/rspec/matchers.rb
Ruby,1000-3000,ruby-csv,be2189b64c0d6b06b9ac0c80572f98ad846d9752,lib/csv/parser.rb,lib/csv/parser.rb
Ruby,1000-3000,ruby-date,545066ca28b2a6536e6d58a4e2bdb0653ec82caa,test/date/test_date_parse.rb,test/date/test_date_parse.rb
Ruby,1000-3000,ruby-drb,b360d746f023c6955ee43563077df3c5f023b508,lib/drb/drb.rb,lib/drb/drb.rb
Ruby,1000-3000,ruby-fileutils,48742e2921fe9ae94aa1c75d352ca81c54e6f480,lib/fileutils.rb,lib/fileutils.rb
Ruby,1000-3000,ruby-fileutils,5f7dc4f690cfe65bd41295807159b78218541c3b,lib/fileutils.rb,lib/fileutils.rb
Ruby,1000-3000,ruby-fileutils,b487f09eed3079d2eb049d06e880fa9336c61d4b,lib/fileutils.rb,lib/fileutils.rb
Ruby,1000-3000,ruby-json,672e26e3ee24d07a81d53fc49e9da3f876f034fa,lib/json/common.rb,lib/json/common.rb
Ruby,1000-3000,ruby-ldap-ruby-net-ldap,8aaa96b552bcbd559ec6bd88846ccbba7b589db9,lib/net/ldap.rb,lib/net/ldap.rb
Ruby,1000-3000,ruby-ldap-ruby-net-ldap,a752968ce628f27f7ce5ea1ae6dcfad3929804e6,lib/net/ldap.rb,lib/net/ldap.rb
Ruby,1000-3000,ruby-net-ftp,1ddbf08a9cc10ef67c0221a6f9352cca012e551d,lib/net/ftp.rb,lib/net/ftp.rb
Ruby,1000-3000,ruby-net-ftp,3b1c84b0caa3bda40476a3bbabeb1d8a234d25e6,lib/net/ftp.rb,lib/net/ftp.rb
Ruby,1000-3000,ruby-net-http,09bf573dd5bd7111b56c57918c8a3a84b068309b,lib/net/http.rb,lib/net/http.rb
Ruby,1000-3000,ruby-net-smtp,a0075eb8a74910bd05566f0a208589263bce7597,lib/net/smtp.rb,lib/net/smtp.rb
Ruby,1000-3000,ruby-net-smtp,bf31db88659bc8462de5921ae7a7ccefd87d98e8,lib/net/smtp.rb,lib/net/smtp.rb
Ruby,1000-3000,ruby-net-smtp,c02ce7965b00533dcafb523ebf418d596d302ab0,lib/net/smtp.rb,lib/net/smtp.rb
Ruby,1000-3000,ruby-net-smtp,d8e0f4b6cdc10510fb2d0c28a1534256c497b47c,lib/net/smtp.rb,lib/net/smtp.rb
Ruby,1000-3000,ruby-rbot-rbot,03d0839fa48fd9424b7a968986e96b7e69e84d25,lib/rbot/ircbot.rb,lib/rbot/ircbot.rb
Ruby,1000-3000,ruby-rbot-rbot,40601fa707c32c349b714abd35bfa9db1c20abe6,data/rbot/plugins/games/quiz.rb,data/rbot/plugins/games/quiz.rb
Ruby,1000-3000,ruby-rbot-rbot,40601fa707c32c349b714abd35bfa9db1c20abe6,lib/rbot/irc.rb,lib/rbot/irc.rb
Ruby,1000-3000,ruby-rbot-rbot,69128d9428f87b4b6555909e3899d9add756fff5,lib/rbot/ircbot.rb,lib/rbot/ircbot.rb
Ruby,1000-3000,ruby-rbot-rbot,9e30236e3a94b54aabb1fb03a0769dcd95647b9e,data/rbot/plugins/games/uno.rb,data/rbot/plugins/games/uno.rb
Ruby,1000-3000,ruby-rbot-rbot,9e30236e3a94b54aabb1fb03a0769dcd95647b9e,lib/rbot/core/auth.rb,lib/rbot/core/auth.rb
Ruby,1000-3000,ruby-rbot-rbot,bfa60f1846df4cc8d1713c0143477fea791da87c,lib/rbot/ircbot.rb,lib/rbot/ircbot.rb
Ruby,1000-3000,ruby-rbot-rbot,c4e3c9178691e49a44240c07f78183d700f6cb25,lib/rbot/ircbot.rb,lib/rbot/ircbot.rb
Ruby,1000-3000,ruby-rbs,0b8ab6219c5bb3826d70b1a890367f9efee9917c,lib/rbs/types.rb,lib/rbs/types.rb
Ruby,1000-3000,ruby-repl_type_completor,2351b1dd67e5cbe1bb36440e7b2311bb119b31de,lib/repl_type_completor/type_analyzer.rb,lib/repl_type_completor/type_analyzer.rb
Ruby,1000-3000,ruby-repl_type_completor,3f70c8445aa83237429c8961c94b32186f503a08,lib/repl_type_completor/type_analyzer.rb,lib/repl_type_completor/type_analyzer.rb
Ruby,1000-3000,ruby-repl_type_completor,7924ea501236dc5fcf0146c85fcfbd38e59552d4,lib/repl_type_completor/type_analyzer.rb,lib/repl_type_completor/type_analyzer.rb
Ruby,1000-3000,ruby-repl_type_completor,c45dcf1e040f27cc1b6474df183d8c0a1d8cdb15,lib/repl_type_completor/type_analyzer.rb,lib/repl_type_completor/type_analyzer.rb
Ruby,1000-3000,ruby-rss,0bdfb784404ebb52683b501a179086482ea508ff,lib/rss/rss.rb,lib/rss/rss.rb
Ruby,1000-3000,ruby-rss,4b31a05c7379515bc2f8c536430aa34fa549fe2b,lib/rss/rss.rb,lib/rss/rss.rb
Ruby,1000-3000,ruby-rss,7accfa3c3d87af45179fe98297346247b27c26ac,lib/rss/rss.rb,lib/rss/rss.rb
Ruby,1000-3000,ruby-uri,af6714473c84aec556e0caa2645e900be89a70ba,lib/uri/generic.rb,lib/uri/generic.rb
Ruby,1000-3000,ruby-zlib,e445cf3c807a322f40cf6596dc2ce69eceb663ed,test/zlib/test_zlib.rb,test/zlib/test_zlib.rb
Ruby,1000-3000,rubygems-rubygems,bb4d791cb44f6c481fb556c9ab55f7741f7135de,bundler/spec/commands/lock_spec.rb,bundler/spec/commands/lock_spec.rb
Ruby,1000-3000,sass-ruby-sass,161bcd71b8222516f7fd49f1832884c2c1fad016,test/sass/script_test.rb,test/sass/script_test.rb
Ruby,1000-3000,sass-ruby-sass,3da4cb3de27ae9fddc087905820bed13d53a7851,test/sass/functions_test.rb,test/sass/functions_test.rb
Ruby,1000-3000,sass-ruby-sass,985227ff0161f59b5abdb5b186f8182e8db40324,lib/sass/script/functions.rb,lib/sass/script/functions.rb
Ruby,1000-3000,sass-ruby-sass,fe81fa39b885ff34298bdf280846f9c6684e87dc,lib/sass/util.rb,lib/sass/util.rb
Ruby,1000-3000,sinatra-sinatra,025e8c5eada804b192199bf94c2361ef1c8691fe,test/helpers_test.rb,test/helpers_test.rb
Ruby,1000-3000,sinatra-sinatra,2c7f8db854a5b75fe08102983788548f8eb806b0,test/routing_test.rb,test/routing_test.rb
Ruby,1000-3000,sinatra-sinatra,ea0d3fae36d8bba330c1d1f88ef1be2e9e54516a,test/routing_test.rb,test/routing_test.rb
Ruby,1000-3000,thoughtbot-shoulda-matchers,5c79d3bb75730ebf6e2615713972cd9722b102e5,spec/unit/shoulda/matchers/active_record/define_enum_for_matcher_spec.rb,spec/unit/shoulda/matchers/active_record/define_enum_for_matcher_spec.rb
Ruby,1000-3000,threedaymonk-htmlentities,3c2a09fa8c0f86dac4398b761df3b6148276b480,lib/htmlentities/mappings/expanded.rb,lib/htmlentities/mappings/expanded.rb
Ruby,1000-3000,threedaymonk-htmlentities,cd69ae59789fd8f435a2a1ba3a18d65f0c496b74,lib/htmlentities/mappings/expanded.rb,lib/htmlentities/mappings/expanded.rb
Ruby,1000-3000,topfunky-gruff,52f281c649d9831639d893c31a227fe68fe3249e,lib/gruff/base.rb,lib/gruff/base.rb
Ruby,1000-3000,tzinfo-tzinfo,53f6eb269283973ff1cc95d1f11a7e5a983b9d09,test/data_sources/tc_zoneinfo_data_source.rb,test/data_sources/tc_zoneinfo_data_source.rb
Ruby,1000-3000,tzinfo-tzinfo,9953fc092424d55deaea2dcdf6279943f3495724,test/data_sources/tc_zoneinfo_data_source.rb,test/data_sources/tc_zoneinfo_data_source.rb
Ruby,1000-3000,tzinfo-tzinfo,eac33df8c336ef5ed9263fb4a0a12086a83b5ee3,test/data_sources/tc_zoneinfo_data_source.rb,test/data_sources/tc_zoneinfo_data_source.rb
Ruby,1000-3000,tzinfo-tzinfo,eac33df8c336ef5ed9263fb4a0a12086a83b5ee3,test/tc_timezone.rb,test/tc_timezone.rb
Ruby,1000-3000,tzinfo-tzinfo,f76bc7fc824a831a159f080ea2fdeade47dc1e38,test/data_sources/tc_zoneinfo_data_source.rb,test/data_sources/tc_zoneinfo_data_source.rb
Ruby,1000-3000,tzinfo-tzinfo,f76bc7fc824a831a159f080ea2fdeade47dc1e38,test/tc_timestamp.rb,test/tc_timestamp.rb
Ruby,1000-3000,zdavatz-spreadsheet,10b5bc913b1089a7451d69945cf02864d330e374,lib/spreadsheet/excel/reader.rb,lib/spreadsheet/excel/reader.rb
Ruby,1000-3000,zdavatz-spreadsheet,af6206e5368121145b51a2d98466e10106625e7c,lib/spreadsheet/excel/reader.rb,lib/spreadsheet/excel/reader.rb
Ruby,1000-3000,zdavatz-spreadsheet,d1262ceb08c63801c434426ac4d9321e8da6b0c1,lib/spreadsheet/excel/reader.rb,lib/spreadsheet/excel/reader.rb
Ruby,30-100,ClosureTree-with_advisory_lock,71a34316b365a0f3be0e8a046db14289e69efc9c,test/test_helper.rb,test/test_helper.rb
Ruby,30-100,ClosureTree-with_advisory_lock,c28a172a5a64594448b6090501fc0b8cbace06f6,test/with_advisory_lock/transaction_test.rb,test/transaction_test.rb
Ruby,30-100,Mange-roadie,0699ce85fa55176b593dbc665e38f52f365cb635,spec/support/have_styling_matcher.rb,spec/support/have_styling_matcher.rb
Ruby,30-100,Mange-roadie,9a12ab1cc98303972ee0e5c22130b52bc053fff4,spec/lib/roadie/markup_improver_spec.rb,spec/lib/roadie/markup_improver_spec.rb
Ruby,30-100,Mange-roadie,9a12ab1cc98303972ee0e5c22130b52bc053fff4,spec/lib/roadie/url_rewriter_spec.rb,spec/lib/roadie/url_rewriter_spec.rb
Ruby,30-100,Mange-roadie-rails,1f6f27a434bea396fb0c547876d48730b2b798d2,spec/integration_spec.rb,spec/integration_spec.rb
Ruby,30-100,Mange-roadie-rails,ba54b40b0847f012f44bba84e552c4b531176052,spec/integration_spec.rb,spec/integration_spec.rb
Ruby,30-100,ai-autoprefixer-rails,800de91c68b03cb98566584398d235bbdaf5a952,lib/autoprefixer-rails/railtie.rb,lib/autoprefixer-rails/railtie.rb
Ruby,30-100,ammar-regexp_parser,484fe0cc42564ca5ff4f18657a3efe09ca113a93,lib/regexp_parser/expression/base.rb,lib/regexp_parser/expression/base.rb
Ruby,30-100,ammar-regexp_parser,484fe0cc42564ca5ff4f18657a3efe09ca113a93,spec/parser/all_spec.rb,spec/parser/all_spec.rb
Ruby,30-100,ammar-regexp_parser,484fe0cc42564ca5ff4f18657a3efe09ca113a93,spec/parser/escapes_spec.rb,spec/parser/escapes_spec.rb
Ruby,30-100,ammar-regexp_parser,484fe0cc42564ca5ff4f18657a3efe09ca113a93,spec/parser/set/ranges_spec.rb,spec/parser/set/ranges_spec.rb
Ruby,30-100,ammar-regexp_parser,484fe0cc42564ca5ff4f18657a3efe09ca113a93,spec/scanner/groups_spec.rb,spec/scanner/groups_spec.rb
Ruby,30-100,ammar-regexp_parser,ecbedaabf002a3be7497727bb3f5c2fe6b1c244e,spec/scanner/escapes_spec.rb,spec/scanner/escapes_spec.rb
Ruby,30-100,bcrypt-ruby-bcrypt-ruby,cf9bae41c926ab83e7aa6fa8669f9d0552727f78,lib/bcrypt/password.rb,lib/bcrypt/password.rb
Ruby,30-100,bdurand-lumberjack,0d364232104e18b8defcc39ad132817ea88a7ef2,spec/lumberjack/tag_formatter_spec.rb,spec/lumberjack/tag_formatter_spec.rb
Ruby,30-100,bdurand-lumberjack,4ecfceb647079a3839ed5b4f97e05a181115b01e,lib/lumberjack/device.rb,lib/lumberjack/device.rb
Ruby,30-100,bdurand-lumberjack,9c5ac0e371afc3dd6d288c16906b887e3f049a3b,spec/spec_helper.rb,spec/spec_helper.rb
Ruby,30-100,bdurand-lumberjack,c5112f7b3fbf6b728c16f9052f2459ee0370f1d8,spec/lumberjack/device/log_file_spec.rb,spec/lumberjack/device/logger_file_spec.rb
Ruby,30-100,brianmario-charlock_holmes,e6bf7345ce1d72935342f6de7544975fc8016b58,ext/charlock_holmes/extconf.rb,ext/charlock_holmes/extconf.rb
Ruby,30-100,bryanp-llhttp,26160b82703a80cd80e3630f35fc74f8275faae9,mri/lib/llhttp/parser.rb,mri/lib/llhttp/parser.rb
Ruby,30-100,cchandler-certificate_authority,fa18067ce520249f5039cbb7d211de0db3b712b4,lib/certificate_authority/certificate_revocation_list.rb,lib/certificate_authority/certificate_revocation_list.rb
Ruby,30-100,copiousfreetime-hitimes,bf2d89d2e99cd67ca293c74e62e6e621cab8c4be,lib/hitimes/paths.rb,lib/hitimes/paths.rb
Ruby,30-100,copiousfreetime-launchy,bc36c559c62cb832979974c36914bb966e3a5fe4,lib/launchy/detect/nix_desktop_environment.rb,lib/launchy/detect/nix_desktop_environment.rb
Ruby,30-100,crypto-rb-x25519,0f3bb431130f8bf8ebff9f8b0af82dd292990a20,spec/x25519_spec.rb,spec/x25519_spec.rb
Ruby,30-100,cucumber-cucumber-rails,70bceb6c9e10c38bf067136a6f0303e7b2887086,features/support/cucumber_rails_setup_helper.rb,features/support/cucumber_rails_setup_helper.rb
Ruby,30-100,cucumber-cucumber-rails,70bceb6c9e10c38bf067136a6f0303e7b2887086,spec/generators/cucumber/install_generator_spec.rb,spec/generators/cucumber/install_generator_spec.rb
Ruby,30-100,doudou-flexmock,0ee7f66145a227cd0238298358738c2bc004de14,lib/flexmock/test_unit_integration.rb,lib/flexmock/test_unit_integration.rb
Ruby,30-100,dry-rb-dry-struct,3abc5188746bb700a69f413c6a1db23ae6f1d117,spec/integration/constructor_spec.rb,spec/integration/constructor_spec.rb
Ruby,30-100,e2-nenv,60afe589ea652c224698b6ffdbbf766577c82cda,spec/lib/nenv/environment/loader_spec.rb,spec/lib/nenv/environment/loader_spec.rb
Ruby,30-100,elastic-elasticsearch-ruby,19a34a8805881e2e05cc2ca4363de86f467f4dec,elasticsearch-api/lib/elasticsearch/api/actions/indices/delete.rb,elasticsearch-api/lib/elasticsearch/api/actions/indices/delete.rb
Ruby,30-100,elastic-elasticsearch-ruby,1be20b70dce8d3edfd463bf40a4620390ee51b29,elasticsearch-api/lib/elasticsearch/api/actions/connector/sync_job_error.rb,elasticsearch-api/lib/elasticsearch/api/actions/connector/sync_job_error.rb
Ruby,30-100,elastic-elasticsearch-ruby,1be20b70dce8d3edfd463bf40a4620390ee51b29,elasticsearch-api/lib/elasticsearch/api/actions/indices/get_all_sample_configuration.rb,elasticsearch-api/lib/elasticsearch/api/actions/indices/get_all_sample_configuration.rb
Ruby,30-100,evanphx-benchmark-ips,857a95fbbc9325e02dbda5c1be8e0cdacbc59aec,lib/benchmark/ips/share.rb,lib/benchmark/ips/share.rb
Ruby,30-100,fakefs-fakefs,7dbd62ff7a6185a1413fffb1a603714ca70c219b,lib/fakefs/fake/symlink.rb,lib/fakefs/fake/symlink.rb
Ruby,30-100,fbernier-tomlrb,1d15ec3ce7a2e8c7bab0744eee27a5adc7311679,lib/tomlrb/scanner.rb,lib/tomlrb/scanner.rb
Ruby,30-100,fbernier-tomlrb,3685056d43724fa83efa1cfcdef42401cbd720f0,lib/tomlrb/scanner.rb,lib/tomlrb/scanner.rb
Ruby,30-100,fbernier-tomlrb,9dfa65fcd324de9c402e58ae6b3673acb956dd38,lib/tomlrb/scanner.rb,lib/tomlrb/scanner.rb
Ruby,30-100,fbernier-tomlrb,e15d455fe7fa9ec639ee1ee054faacd44cdeb22a,lib/tomlrb/local_date_time.rb,lib/tomlrb/local_date_time.rb
Ruby,30-100,freerange-mocha,52ca0c555a65133c121f13aac04e44267bb9ff07,test/acceptance/mocha_test_result_test.rb,test/acceptance/mocha_test_result_test.rb
Ruby,30-100,grosser-parallel,3a6989b85ebb292b6b5321a26839ba8a5c3765a1,spec/cases/profile_memory.rb,spec/cases/profile_memory.rb
Ruby,30-100,gshutler-useragent,78d5e04da3bc43e7e9a6292ee0c02a98ca8d60e0,lib/user_agent/browsers/chrome.rb,lib/user_agent/browsers/chrome.rb
Ruby,30-100,gshutler-useragent,86ee05f12136b1b0dafb9055a4bc37e7eec77ba7,spec/browsers/wechat_browser_user_agent_spec.rb,spec/browsers/wechat_browser_user_agent_spec.rb
Ruby,30-100,gshutler-useragent,b7648de8df71f4e9cc348b73a3431194c0e3a1c1,lib/user_agent.rb,lib/user_agent.rb
Ruby,30-100,guard-listen,2693d44a0783de6e267fb8fed40f002002b74d5a,lib/listen/file.rb,lib/listen/file.rb
Ruby,30-100,guard-listen,306a8bcf4a95a075f84c11cf728e55cb39ac48b4,spec/lib/listen/adapter/polling_spec.rb,spec/lib/listen/adapter/polling_spec.rb
Ruby,30-100,guard-listen,7b7a2f586d4363ec6e2e82c72732df92a1476d6e,lib/listen/adapter/windows.rb,lib/listen/adapter/windows.rb
Ruby,30-100,guard-listen,7b7a2f586d4363ec6e2e82c72732df92a1476d6e,spec/lib/listen/adapter_spec.rb,spec/lib/listen/adapter_spec.rb
Ruby,30-100,hashie-hashie,f152e25912d0b93ff08b8964eb757200ad4b6f32,lib/hashie/extensions/ignore_undeclared.rb,lib/hashie/extensions/ignore_undeclared.rb
Ruby,30-100,igrigorik-em-websocket,4d6a9e1dbdaff6d7ae0b2b7ee812b4de4b5ec745,spec/integration/draft05_spec.rb,spec/integration/draft05_spec.rb
Ruby,30-100,igrigorik-em-websocket,ba1876e8440c8462f85c54897883d4032589c58b,lib/em-websocket/handler.rb,lib/em-websocket/handler.rb
Ruby,30-100,immutable-ruby-immutable-ruby,a41a3b1d4294a11557a563645d7d061c413f36a1,spec/lib/immutable/list/merge_spec.rb,spec/lib/immutable/list/merge_spec.rb
Ruby,30-100,immutable-ruby-immutable-ruby,a41a3b1d4294a11557a563645d7d061c413f36a1,spec/lib/immutable/vector/maximum_spec.rb,spec/lib/immutable/vector/maximum_spec.rb
Ruby,30-100,immutable-ruby-immutable-ruby,cce82625c0ca6f0d2f09f492b0b0372a5e4ebbc6,spec/lib/immutable/hash/assoc_spec.rb,spec/lib/immutable/hash/assoc_spec.rb
Ruby,30-100,immutable-ruby-immutable-ruby,cce82625c0ca6f0d2f09f492b0b0372a5e4ebbc6,spec/lib/immutable/hash/empty_spec.rb,spec/lib/immutable/hash/empty_spec.rb
Ruby,30-100,immutable-ruby-immutable-ruby,cce82625c0ca6f0d2f09f492b0b0372a5e4ebbc6,spec/lib/immutable/list/join_spec.rb,spec/lib/immutable/list/join_spec.rb
Ruby,30-100,immutable-ruby-immutable-ruby,cce82625c0ca6f0d2f09f492b0b0372a5e4ebbc6,spec/lib/immutable/list/one_spec.rb,spec/lib/immutable/list/one_spec.rb
Ruby,30-100,immutable-ruby-immutable-ruby,cce82625c0ca6f0d2f09f492b0b0372a5e4ebbc6,spec/lib/immutable/list/rotate_spec.rb,spec/lib/immutable/list/rotate_spec.rb
Ruby,30-100,immutable-ruby-immutable-ruby,cce82625c0ca6f0d2f09f492b0b0372a5e4ebbc6,spec/lib/immutable/set/clear_spec.rb,spec/lib/immutable/set/clear_spec.rb
Ruby,30-100,immutable-ruby-immutable-ruby,cce82625c0ca6f0d2f09f492b0b0372a5e4ebbc6,spec/lib/immutable/set/partition_spec.rb,spec/lib/immutable/set/partition_spec.rb
Ruby,30-100,intridea-multi_json,5b546aca6662d1e8fef6ff3280012c73b086143f,spec/multi_json/adapters/oj_spec.rb,spec/multi_json/adapters/oj_spec.rb
Ruby,30-100,janlelis-unicode-display_width,698ea9b0e8c56e3a4a2918628665f6c84f988080,lib/unicode/display_width/emoji_support.rb,lib/unicode/display_width/emoji_support.rb
Ruby,30-100,jfelchner-ruby-progressbar,1bcaca65ea948eb8e54f9005855eb541b732946b,spec/support/warning_filter.rb,spec/support/warning_filter.rb
Ruby,30-100,jmespath-jmespath.rb,e231141a6206b7b47c5aec4ec146bf4fcf2b64d7,lib/jmespath.rb,lib/jmespath.rb
Ruby,30-100,jnunemaker-crack,bb3354103251cbfbdf878c779133e55031b6cbbc,test/string_test.rb,test/string_test.rb
Ruby,30-100,jnunemaker-httparty,894649d7c6fb3416f32ac260e4dc7ce3a0682f19,lib/httparty/exceptions.rb,lib/httparty/exceptions.rb
Ruby,30-100,kirei-fpdns,c97dd1005ff42530b437a70bf2fd92dffce0b046,utils/rails_implementation/config/environments/production.rb,utils/rails_implementation/config/environments/production.rb
Ruby,30-100,macournoyer-thin,27d384be9c332de5ed1b636bc35a027f54cd1f94,lib/thin/rackup/handler.rb,lib/thin/rackup/handler.rb
Ruby,30-100,macournoyer-thin,85b956cf1cf377e3e53911cd4e717f7392f7f818,lib/thin/version.rb,lib/thin/version.rb
Ruby,30-100,macournoyer-thin,da6ea7f931429bf906c236b15becb027df722d57,spec/perf/server_perf_spec.rb,spec/perf/server_perf_spec.rb
Ruby,30-100,macournoyer-thin,da6ea7f931429bf906c236b15becb027df722d57,spec/rack/loader_spec.rb,spec/rack/loader_spec.rb
Ruby,30-100,macournoyer-thin,dbf793af9b98e31c65068aa5dbcc64b4c2ae7565,lib/rack/handler/thin.rb,lib/rack/handler/thin.rb
Ruby,30-100,masa16-narray,c56dc59527f0681dae7175b2fcab1fe534444f52,test/testmath.rb,test/testmath.rb
Ruby,30-100,mbleigh-seed-fu,938a07706108de6c215e4375b1ed853d8d92440d,lib/seed-fu/runner.rb,lib/seed-fu/runner.rb
Ruby,30-100,mikel-mail,38bd88f04b4868ded8ad7c4de1f411933734270b,spec/mail/fields/resent_cc_field_spec.rb,spec/mail/fields/resent_cc_field_spec.rb
Ruby,30-100,mikel-mail,3d000d90bab6c38d2e4cdd1c11324f654c367917,lib/mail/multibyte/utils.rb,lib/mail/multibyte/utils.rb
Ruby,30-100,mikel-mail,956a73eb7c191128facdffe3a766a331cd126242,lib/mail/network/delivery_methods/test_mailer.rb,lib/mail/network/delivery_methods/test_mailer.rb
Ruby,30-100,mmriis-simpleidn,e6c1cf2d95eb0b41a7bdca18e42a7516b96cee2d,spec/idn_spec.rb,spec/idn_spec.rb
Ruby,30-100,moneta-rb-moneta,0ad5e3b48ed53d3bdab192c1d9ec77e709924768,lib/moneta/transform.rb,lib/moneta/transform.rb
Ruby,30-100,moneta-rb-moneta,65869f5d101fe4fa8991e7ab2b291e5ab90f2857,spec/restserver.rb,spec/restserver.rb
Ruby,30-100,moneta-rb-moneta,e7514db9e6166d12b421b11ec3b8671d4bf58b8a,spec/features/null.rb,spec/features/null.rb
Ruby,30-100,naitoh-rbpdf,f36237f8c50c2435e1f1d740e377a8de2cb15211,example/rails/app/controllers/example031_controller.rb,example/rails/app/controllers/example031_controller.rb
Ruby,30-100,njh-ruby-mqtt,271ee631f128e66732ece935e752f13970d4267b,examples/client_cert.rb,examples/client_cert.rb
Ruby,30-100,pat-combustion,a09d720ca23194ffd64e73b4e67bfe79de0a9f92,lib/combustion.rb,lib/combustion.rb
Ruby,30-100,piotrmurach-pastel,179690275c45468a79e3115d6b7b7c5fa4db113b,lib/pastel/decorator_chain.rb,lib/pastel/decorator_chain.rb
Ruby,30-100,piotrmurach-pastel,afa4d4cf166a3042c02818338687d3d50e8499f1,spec/unit/new_spec.rb,spec/unit/new_spec.rb
Ruby,30-100,piotrmurach-tty-command,12a21abba642ca2cb07f7bb728e44f08982d1250,spec/unit/pty_spec.rb,spec/unit/pty_spec.rb
Ruby,30-100,piotrmurach-tty-file,cd48cf902041269cf1f28d0b4c21223b3419c96e,lib/tty/file/compare_files.rb,lib/tty/file/compare_files.rb
Ruby,30-100,piotrmurach-tty-prompt,76f869a52b1798b36cba6e28764f72c50a06c1e0,lib/tty/prompt/test.rb,lib/tty/prompt/test.rb
Ruby,30-100,piotrmurach-tty-prompt,93413ca03fd7e0585ec586f7e0093cd4a7aa63b9,spec/unit/selected_choices_spec.rb,spec/unit/selected_choices_spec.rb
Ruby,30-100,ponty-pyscreenshot,a231b96d0efd989b67e8970355308cf551951e2a,Vagrantfile.lubuntu.20.04.rb,Vagrantfile.lubuntu.20.04.rb
Ruby,30-100,prawnpdf-prawn,0b0ce5002e33def20e194698220eee6aa88dd560,manual/graphics/helper.rb,manual/graphics/helper.rb
Ruby,30-100,prawnpdf-prawn,0b0ce5002e33def20e194698220eee6aa88dd560,manual/text/color.rb,manual/text/color.rb
Ruby,30-100,prawnpdf-prawn,be66ddd0a804a03f6d7979bc773ea0aad0e7ec29,manual/outline/sections_and_pages.rb,manual/outline/sections_and_pages.rb
Ruby,30-100,prawnpdf-ttfunk,04776ceb0b2e79045f7ba9824a71d3498153c53b,lib/ttfunk/table/loca.rb,lib/ttfunk/table/loca.rb
Ruby,30-100,prawnpdf-ttfunk,e8516116b2950a59b8fa8ea7b781eae3b5204f85,lib/ttfunk/table/cff/one_based_index.rb,lib/ttfunk/table/cff/one_based_index.rb
Ruby,30-100,puppetlabs-facter,3bda38c9cd11a7f24f63fa59e044b09900eeb87e,lib/facter/util/facts/posix/virtual_detector.rb,lib/facter/util/facts/posix/virtual_detector.rb
Ruby,30-100,puppetlabs-puppet-resource_api,f4fab3daae9028e14854935ac30c8ae015df22b3,spec/puppet/resource_api/read_only_parameter_spec.rb,spec/puppet/resource_api/read_only_parameter_spec.rb
Ruby,30-100,puppetlabs-puppet-resource_api,f4fab3daae9028e14854935ac30c8ae015df22b3,spec/puppet/util/network_device/simple/device_spec.rb,spec/puppet/util/network_device/simple/device_spec.rb
Ruby,30-100,puppetlabs-r10k,cbcd985b711d73d89a0d9c601c02a5bf893dcfa4,integration/pre-suite/10_git_config.rb,integration/pre-suite/10_git_config.rb
Ruby,30-100,puppetlabs-r10k,d2268dc470924fc0a773aeeabf37816426937231,integration/tests/i18n/deploy_module_with_unicode_in_file_name.rb,integration/tests/i18n/deploy_module_with_unicode_in_file_name.rb
Ruby,30-100,puppetlabs-ruby-hocon,7bb686eed4cf957dc0ea3c6ac7d46a1c2d49371f,lib/hocon/config_error.rb,lib/hocon/config_error.rb
Ruby,30-100,qoobaa-magic,42494c5526bbcc86a9e9342bd60ccb4cc1dcfee8,lib/magic.rb,lib/magic.rb
Ruby,30-100,rack-rack-test,4fa741f1e4eee0e0f3cf5dd4c6e67a40d304d4e3,spec/rack/test/uploaded_file_spec.rb,spec/rack/test/uploaded_file_spec.rb
Ruby,30-100,rails-propshaft,00b43edcda1da7cf229b11ab6a71c6efccbe48cd,lib/propshaft/railtie.rb,lib/propshaft/railtie.rb
Ruby,30-100,rails-propshaft,fad626fdd46117b9381c0e3763fe0023ec6f60f2,lib/propshaft/railtie.rb,lib/propshaft/railtie.rb
Ruby,30-100,rails-sprockets,df972cff6c295710a6595f9ec5ca84ab789eadd8,lib/sprockets/manifest_utils.rb,lib/sprockets/manifest_utils.rb
Ruby,30-100,rails-web-console,02f51e1818f5872e13a96b88f77f76c91de28649,test/web_console/request_test.rb,test/web_console/request_test.rb
Ruby,30-100,rapid7-network_interface,de2e2f6351fe6ac80032cc030b0ff0180f8ddf83,spec/netiface_spec.rb,spec/netiface_spec.rb
Ruby,30-100,rouge-ruby-rouge,a4ca56cb433e212eaa18de343d19a859cab56de9,lib/rouge/lexers/isbl.rb,lib/rouge/lexers/isbl.rb
Ruby,30-100,ruby-concurrency-ref,029c1e1e6e1ba5a1a9ee8efe4b878055d1a6825b,lib/ref/weak_reference/pure_ruby.rb,lib/references/weak_reference/pure_ruby.rb
Ruby,30-100,ruby-oembed-ruby-oembed,89a9bb78655726fadebdd9342deb00cffd6a7200,lib/oembed/providers/instagram.rb,lib/oembed/providers/instagram.rb
Ruby,30-100,ruby-rbot-rbot,56e4713c5c0498838ed77a409e44fbc3251acde2,data/rbot/plugins/chucknorris.rb,data/rbot/plugins/chucknorris.rb
Ruby,30-100,ruby-sync,2baa452236e650c9073c29df771c64e96fe7ac67,test/thread/test_sync.rb,test/thread/test_sync.rb
Ruby,30-100,skk-dev-skktools,2945d33a92f7d5d7be229b25cea4ad6c91dc9ea4,convert2skk/canna2skk.rb,convert2skk/canna2skk.rb
Ruby,30-100,socketry-async-rspec,cf529025a0088084d44337a912606b844af016e9,spec/async/rspec/reactor_spec.rb,spec/async/rspec/reactor_spec.rb
Ruby,30-100,socketry-http-accept,0ac1ae3cc207a603a4f75ddab7aab7ee73a74296,spec/http/frozen_spec.rb,spec/http/frozen_spec.rb
Ruby,30-100,socketry-http-accept,c86b85ca050b5cd1ec59c8ed227c0e695fb33071,spec/http/quoted_string_spec.rb,spec/http/quoted_string_spec.rb
Ruby,30-100,socketry-io-endpoint,26d43c8101c32f02f10d140efdbe6e23a4a931a1,test/io/endpoint/host_endpoint.rb,test/io/endpoint/host_endpoint.rb
Ruby,30-100,socketry-io-endpoint,35649c7b594cf8467fbd453424aca34cb278f0c3,lib/io/endpoint/unix_endpoint.rb,lib/io/endpoint/unix_endpoint.rb
Ruby,30-100,socketry-localhost,758c20fc7bb38bcb3b586d225b7e948576e45490,test/localhost/protocol.rb,test/localhost/protocol.rb
Ruby,30-100,socketry-localhost,ed795568e590288ba7abbf563369ece6c755b9ee,test/localhost/protocol.rb,test/localhost/protocol.rb
Ruby,30-100,socketry-metrics,156c1a92238a930f34d80872977efcc1250a0aeb,lib/metrics/backend/capture.rb,lib/metrics/backend/document.rb
Ruby,30-100,socketry-metrics,156c1a92238a930f34d80872977efcc1250a0aeb,lib/metrics/backend/console.rb,lib/metrics/backend/console.rb
Ruby,30-100,socketry-multipart-post,b03a6b76ee64bba9bd3a6df5cce5ce6b28e3cfa0,lib/multipart/post/composite_read_io.rb,lib/multipart/post/composite_read_io.rb
Ruby,30-100,socketry-rspec-files,677ad64c51627b009936e45772734105329579f2,lib/rspec/files/leaks.rb,lib/rspec/files/leaks.rb
Ruby,30-100,socketry-rspec-files,8993845b304679b07c20234d5b9ee49d2ecfe82b,spec/rspec/files/leaks_spec.rb,spec/rspec/files/leaks_spec.rb
Ruby,30-100,socketry-sus,05168ff082af8fb95f1a4f74c6bbaf35e3eaffa5,test/sus/identity.rb,test/sus/identity.rb
Ruby,30-100,socketry-sus-fixtures-async,72a0fae401f60aa907baa1f5dd602a2ea937c653,test/sus/fixtures/async/reactor_context.rb,test/sus/fixtures/async/reactor_context.rb
Ruby,30-100,socketry-timers,340e72409780e87cc8d66c248d4bf2eb7f718243,spec/timers/priority_heap_spec.rb,spec/timers/priority_heap_spec.rb
Ruby,30-100,svenfuchs-test_declarative,c5249a9f6c4f19b74b33599d429ebe0b5242f763,test/test_declarative_test.rb,test/test_declarative_test.rb
Ruby,30-100,thoughtbot-shoulda-matchers,61c5ec5c8064bd4f32ad039c0f98ec40ade66ed8,lib/shoulda/matchers/action_controller/route_params.rb,lib/shoulda/matchers/action_controller/route_params.rb
Ruby,30-100,thoughtbot-shoulda-matchers,9069b5994ac0a2fdc48017d92b582e92d52e7aa8,spec/support/unit/record_with_unrelated_error_builder.rb,spec/support/unit/record_with_unrelated_error_builder.rb
Ruby,30-100,tj-terminal-table,50444a5448151fd781e852c6daaa2a559e603ef0,lib/terminal-table/separator.rb,lib/terminal-table/separator.rb
Ruby,30-100,toretore-barby,1634331ea0d523608cc0667133da40512384ae44,lib/barby/outputter/html_outputter.rb,lib/barby/outputter/html_outputter.rb
Ruby,30-100,toshia-diva,d82c0d12666b34e852e32f8bb01df1b7b300e2ad,lib/diva/field_generator.rb,lib/diva/field_generator.rb
Ruby,30-100,upserve-docker-api,8c9cb3cb2d69516ad8189f136cc848f6861c3bd9,lib/docker/volume.rb,lib/docker/volume.rb
Ruby,30-100,upserve-docker-api,bb7427eac57fcf65f1e5b4d0d7402b2a838fd00a,lib/docker/network.rb,lib/docker/network.rb
Ruby,30-100,varvet-pundit,34232fec80a62058ee61330ea86c6e2711d30f1f,lib/pundit/cache_store/null_store.rb,lib/pundit/cache_store/null_store.rb
Ruby,30-100,wardencommunity-warden,58bcc6f0beb58764b2f07bebd46e919feb16a291,lib/warden/mixins/common.rb,lib/warden/mixins/common.rb
Ruby,30-100,wardencommunity-warden,749e57e7b31a5fb4361bf8844f644a15e9dba619,spec/warden/session_serializer_spec.rb,spec/warden/session_serializer_spec.rb
Ruby,30-100,yaauie-cliver,a5c026834543da934a42997739dd1024d5c66420,lib/cliver.rb,lib/cliver.rb
Ruby,300-1000,JEG2-highline,182bfc1d5fc639bb2367c7a1ad9a40480b2551f2,lib/highline/menu.rb,lib/highline/menu.rb
Ruby,300-1000,ajaiantilal-i7z,9edc1d0e97dbaf688d6d16898e85a9bb1a5feea7,i7z_rw_registers.rb,i7z_rw_registers.rb
Ruby,300-1000,bdurand-lumberjack,1dc52639b289295240acd60a243831c53ee337dd,lib/lumberjack/logger.rb,lib/lumberjack/logger.rb
Ruby,300-1000,bdurand-lumberjack,4e97e0ede036409881497a355a8fdae8ceca0626,spec/lumberjack/logger_spec.rb,spec/lumberjack/logger_spec.rb
Ruby,300-1000,bdurand-lumberjack,b63e312968a01d833aa7719b38e4fcd3b0d429ad,spec/lumberjack/logger_spec.rb,spec/lumberjack/logger_spec.rb
Ruby,300-1000,bdurand-lumberjack,df0ebd529b289474fc904e417f842611a38afcf8,lib/lumberjack/logger.rb,lib/lumberjack/logger.rb
Ruby,300-1000,brandur-json_schema,b9af415199191136fe8a1a48282808805171c0b2,lib/json_schema/parser.rb,lib/json_schema/parser.rb
Ruby,300-1000,bwalex-tc-play,e9be54f33f650c5b72d96db522a1f5bb731b1f98,test/features/step_definitions/libtcplay_steps.rb,test/features/step_definitions/libtcplay_steps.rb
Ruby,300-1000,evanphx-benchmark-ips,0816c904e95d15ad40f887b7fe00bf71984ab95a,lib/benchmark/ips/job.rb,lib/benchmark/ips/job.rb
Ruby,300-1000,fbernier-tomlrb,8db4d412f006d86f6cabbbaec2a46221a3768a27,lib/tomlrb/generated_parser.rb,lib/tomlrb/generated_parser.rb
Ruby,300-1000,fbernier-tomlrb,b566f78f6af00719ec18d8b84f9226aeb94a943e,lib/tomlrb/generated_parser.rb,lib/tomlrb/generated_parser.rb
Ruby,300-1000,feed2imap-ruby-feedparser,afc1756db77f397865c77b81f917ab27ed387cba,lib/feedparser/feedparser.rb,lib/feedparser/feedparser.rb
Ruby,300-1000,hashicorp-vagrant_cloud,abc4d07b99f1265907d2755a0d51b081097c9a7e,lib/vagrant_cloud/client.rb,lib/vagrant_cloud/client.rb
Ruby,300-1000,igrigorik-em-websocket,63eb63abf57de8e66b88adfe28d6683acb3ad515,lib/em-websocket/connection.rb,lib/em-websocket/connection.rb
Ruby,300-1000,igrigorik-em-websocket,63eb63abf57de8e66b88adfe28d6683acb3ad515,spec/integration/draft03_spec.rb,spec/integration/draft03_spec.rb
Ruby,300-1000,igrigorik-em-websocket,d6758b550e8bf3a9d930e04fad0f933526929021,lib/em-websocket/connection.rb,lib/em-websocket/connection.rb
Ruby,300-1000,immutable-ruby-immutable-ruby,802d32282288fe6e9a8925243acdf00e8c98b016,lib/immutable/deque.rb,lib/immutable/deque.rb
Ruby,300-1000,janko-image_processing,8c85ad9252052f748f517ea61fdb61f2d6e403a5,test/mini_magick_test.rb,test/mini_magick_test.rb
Ruby,300-1000,janko-image_processing,9d72e46bce6546f3e5344c810bdcd62cfc07328c,test/mini_magick_test.rb,test/mini_magick_test.rb
Ruby,300-1000,janko-image_processing,9d72e46bce6546f3e5344c810bdcd62cfc07328c,test/vips_test.rb,test/vips_test.rb
Ruby,300-1000,janlelis-unicode-display_width,dc64170c3b89cc95b0254af97aaeec9c92dd52a8,spec/display_width_spec.rb,spec/display_width_spec.rb
Ruby,300-1000,janlelis-unicode-emoji,6ed7c5a4c6097615ad9daa3a6a5ea1b2efaa0a6d,spec/unicode_emoji_spec.rb,spec/unicode_emoji_spec.rb
Ruby,300-1000,jeremyevans-erubi,602ab7dedff9e2f4b9dac297f2176fc48b5f21cf,test/test.rb,test/test.rb
Ruby,300-1000,jeremyevans-ruby-warning,f1b697e3cda4b02b6ca72127484977def899d104,test/test_warning.rb,test/test_warning.rb
Ruby,300-1000,jeremyevans-tilt,0134c333a6ab5332e543f8deb04cac3c520eb046,test/tilt_template_test.rb,test/tilt_template_test.rb
Ruby,300-1000,jgarber-redcloth,2f6dab4d6aea5cee778d2f37a135637fe3f1573c,lib/redcloth/formatters/html.rb,lib/redcloth/formatters/html.rb
Ruby,300-1000,jmespath-jmespath.rb,5703438bfbe126709f146f71bf653f2eb3e41367,lib/jmespath/nodes/function.rb,lib/jmespath/nodes/function.rb
Ruby,300-1000,jmespath-jmespath.rb,9e861c736ef88ee99cdd5910f59c9e6c5d5e607a,lib/jmespath/lexer.rb,lib/jmespath/lexer.rb
Ruby,300-1000,jnunemaker-crack,d1067125dc948aeb0b8a8e1029df29da58e81920,test/xml_test.rb,test/xml_test.rb
Ruby,300-1000,liufengyun-hashdiff,3a8ce951455cc6c3e42b6ce6587b02d16cbdbed9,spec/hashdiff/diff_spec.rb,spec/hash_diff/diff_spec.rb
Ruby,300-1000,masa16-narray,42fe01ae6f188c1939f36c387de5e5391ce23760,lib/narray_ext.rb,lib/narray_ext.rb
Ruby,300-1000,mhib-pairing_heap,851b6d10ef7b611902b3cf8339ca80bffcb58082,lib/pairing_heap.rb,lib/pairing_heap.rb
Ruby,300-1000,mikel-mail,38bd88f04b4868ded8ad7c4de1f411933734270b,spec/mail/field_spec.rb,spec/mail/field_spec.rb
Ruby,300-1000,mikel-mail,3d000d90bab6c38d2e4cdd1c11324f654c367917,lib/mail/multibyte/chars.rb,lib/mail/multibyte/chars.rb
Ruby,300-1000,mikel-mail,8dd1655dc4628e34d9d654a1526bac7cd9513252,lib/mail/parsers/date_time_parser.rb,lib/mail/parsers/date_time_parser.rb
Ruby,300-1000,mislav-will_paginate,bbfb3e538f866cc46f4e9c6bed0552daebc7295b,spec/view_helpers/action_view_spec.rb,spec/view_helpers/action_view_spec.rb
Ruby,300-1000,mislav-will_paginate,dc3a25faf91a00e0f9e38233c3810f4d51844f0e,spec/finders/active_record_spec.rb,spec/finders/active_record_spec.rb
Ruby,300-1000,moneta-rb-moneta,6f58307ca923dc54460abd5e7565e3524d1f4744,lib/moneta/adapters/activerecord.rb,lib/moneta/adapters/activerecord.rb
Ruby,300-1000,monora-stream,1addd95cf28540d02c7801b6a03071b7f3771770,lib/stream.rb,lib/stream.rb
Ruby,300-1000,moumar-ruby-mp3info,bf9424a7ff73198340132a86e90216dbc67b20c4,lib/mp3info.rb,lib/mp3info.rb
Ruby,300-1000,moumar-ruby-mp3info,d1ad01dac4be048eb8480b99c8aae966d0cd76aa,lib/mp3info/id3v2.rb,lib/mp3info/id3v2.rb
Ruby,300-1000,nahi-httpclient,06070a4f4431758c64ba6d57cbc520bad3ee4d49,test/test_auth.rb,test/test_auth.rb
Ruby,300-1000,nahi-httpclient,794e582c189d090bdbf6b1b55e3c63d5c12483ce,lib/httpclient/jruby_ssl_socket.rb,lib/httpclient/jruby_ssl_socket.rb
Ruby,300-1000,nahi-httpclient,8c1cf677fa472789abb2e24edcb506091dc0ea5b,lib/httpclient/jruby_ssl_socket.rb,lib/httpclient/jruby_ssl_socket.rb
Ruby,300-1000,nahi-httpclient,c32e243c45f9f5849a3333987f68ca7210c28df9,lib/httpclient/session.rb,lib/httpclient/session.rb
Ruby,300-1000,naitoh-rbpdf,f36237f8c50c2435e1f1d740e377a8de2cb15211,example/rails/app/controllers/example048_controller.rb,example/rails/app/controllers/example048_controller.rb
Ruby,300-1000,naitoh-rbpdf,f36237f8c50c2435e1f1d740e377a8de2cb15211,test/rbpdf_test.rb,test/rbpdf_test.rb
Ruby,300-1000,net-ssh-net-sftp,1126977fcf61dd75745190e56118691bb106c0de,lib/net/sftp/session.rb,lib/net/sftp/session.rb
Ruby,300-1000,njh-ruby-mqtt,878639e85827aa25688e9c4ef1511d393549dcfa,spec/mqtt_client_spec.rb,spec/mqtt_client_spec.rb
Ruby,300-1000,njh-ruby-mqtt,bd163ed8bec3d0242b40fba33413bbb7cade1100,lib/mqtt/client.rb,lib/mqtt/client.rb
Ruby,300-1000,octokit-octokit.rb,3b30724efb9ebf3066630c1792d6fb9ee28f20a7,spec/octokit/client/repositories_spec.rb,spec/octokit/client/repositories_spec.rb
Ruby,300-1000,octokit-octokit.rb,843ea2031e102db1c405398fa1cd6a797239493d,spec/octokit/client/repositories_spec.rb,spec/octokit/client/repositories_spec.rb
Ruby,300-1000,octokit-octokit.rb,b1f88125298a8ddb928de207726269461b6e3464,spec/octokit/client/apps_spec.rb,spec/octokit/client/apps_spec.rb
Ruby,300-1000,octokit-octokit.rb,bbbe982e8ad49efa5e0d98e88c0340e839aa4248,spec/octokit/client/repositories_spec.rb,spec/octokit/client/repositories_spec.rb
Ruby,300-1000,omniauth-omniauth,263241968a6903f19e3f18cee2459a321b2bbd8e,lib/omniauth/strategy.rb,lib/omniauth/strategy.rb
Ruby,300-1000,omniauth-omniauth,3a249afad83e4522bd4761404cbdc89fd56a1079,lib/omniauth/strategy.rb,lib/omniauth/strategy.rb
Ruby,300-1000,piotrmurach-tty-file,88e968f415bb396d8d4875a49a49baccac7d86af,lib/tty/file.rb,lib/tty/file.rb
Ruby,300-1000,piotrmurach-tty-reader,cc38eadf888ac179a77d72c21ebda987cfea3aca,lib/tty/reader/line.rb,lib/tty/reader/line.rb
Ruby,300-1000,piotrmurach-tty-screen,f2b07f4de9469d03b131de40b4c09f18c9b0d954,lib/tty/screen.rb,lib/tty/screen.rb
Ruby,300-1000,prawnpdf-pdf-core,f44e621c7dce432fb2d0ac71153a58d2820c3dc8,lib/pdf/core/text.rb,lib/pdf/core/text.rb
Ruby,300-1000,prawnpdf-prawn,528a37d7152b378d5e20118988876d77c318c9dd,lib/prawn/font.rb,lib/prawn/font.rb
Ruby,300-1000,prawnpdf-prawn,8a3c911dff98db4914ffc4cf42f18b71dc2d6c17,lib/prawn/images/png.rb,lib/prawn/images/png.rb
Ruby,300-1000,prawnpdf-prawn,be66ddd0a804a03f6d7979bc773ea0aad0e7ec29,spec/prawn/text/formatted/parser_spec.rb,spec/prawn/text/formatted/parser_spec.rb
Ruby,300-1000,premailer-css_parser,45155dc41500bcb9028cee1a10c2d25d46d87007,lib/css_parser/parser.rb,lib/css_parser/parser.rb
Ruby,300-1000,pry-pry,0b01b5cd2b0712a1fcd4ac81ec24b69a56811e23,lib/pry/repl.rb,lib/pry/repl.rb
Ruby,300-1000,pry-pry,57b077e030f8433bcb42ee94a24910ae0587db08,spec/pry_defaults_spec.rb,spec/pry_defaults_spec.rb
Ruby,300-1000,puppetlabs-facter,430d5491c8889034ab60a3a11128ea1c67a0d9aa,spec/facter/util/facts/posix/virtual_detector_spec.rb,spec/facter/util/facts/posix/virtual_detector_spec.rb
Ruby,300-1000,puppetlabs-puppet-resource_api,34d001cb70a50e25ab8b4f0debceeb044d12b0af,spec/puppet/resource_api/simple_provider_spec.rb,spec/puppet/resource_api/simple_provider_spec.rb
Ruby,300-1000,puppetlabs-puppet-resource_api,611e10972c620ffb9f843b0071b5a4daef81717a,spec/puppet/resource_api/data_type_handling_spec.rb,spec/puppet/resource_api/data_type_handling_spec.rb
Ruby,300-1000,puppetlabs-puppet-resource_api,a7372ec608d38160bbcb7449b717f59b8f8967c3,spec/puppet/resource_api/data_type_handling_spec.rb,spec/puppet/resource_api/data_type_handling_spec.rb
Ruby,300-1000,puppetlabs-ruby-hocon,7bb686eed4cf957dc0ea3c6ac7d46a1c2d49371f,lib/hocon/impl/simple_config_object.rb,lib/hocon/impl/simple_config_object.rb
Ruby,300-1000,rack-rack-cache,0077ef9e8e7d7e6ec5b460ba808076f977aaf673,lib/rack/cache/meta_store.rb,lib/rack/cache/meta_store.rb
Ruby,300-1000,rack-rack-session,abb6b624106ef6cee5a6a13083087da22236f277,lib/rack/session/abstract/id.rb,lib/rack/session/abstract/id.rb
Ruby,300-1000,rails-globalid,26cdc63fec8636b95ab947f2dd6311252ea944a6,test/cases/global_locator_test.rb,test/cases/global_locator_test.rb
Ruby,300-1000,rails-globalid,6016b0e7f5d291fe1e9e49cd3d6b005347b0d754,test/cases/global_locator_test.rb,test/cases/global_locator_test.rb
Ruby,300-1000,rails-sprockets,4795c175c83d588571aba53c63246c914ddce280,lib/sprockets/server.rb,lib/sprockets/server.rb
Ruby,300-1000,rails-sprockets,4795c175c83d588571aba53c63246c914ddce280,test/test_server.rb,test/test_server.rb
Ruby,300-1000,rails-sprockets,9369c4c3eeac502149ecf4c5d0fbe26aa0a99eb1,lib/sprockets/manifest.rb,lib/sprockets/manifest.rb
Ruby,300-1000,rails-sprockets,9369c4c3eeac502149ecf4c5d0fbe26aa0a99eb1,test/test_manifest.rb,test/test_manifest.rb
Ruby,300-1000,rails-sprockets-rails,2506ef0d8110e56f8453f7d5a90aa9f7da9d6a33,lib/sprockets/rails/helper.rb,lib/sprockets/rails/helper.rb
Ruby,300-1000,rails-sprockets-rails,af647983b6fcb265276f184f037ede929ee99bf1,test/test_railtie.rb,test/test_railtie.rb
Ruby,300-1000,rails-thor,3a9e1dceca216bd86b78bbd977a4c982a5c66111,lib/thor/actions/file_manipulation.rb,lib/thor/actions/file_manipulation.rb
Ruby,300-1000,rails-thor,580234a6473eeac4eb7fa587113c9c820507bf29,lib/thor/shell/basic.rb,lib/thor/shell/basic.rb
Ruby,300-1000,rails-thor,580234a6473eeac4eb7fa587113c9c820507bf29,spec/shell/basic_spec.rb,spec/shell/basic_spec.rb
Ruby,300-1000,rails-thor,fd3673aaf201be43e4c0df219c8e8aa62cdffc89,lib/thor/runner.rb,lib/thor/runner.rb
Ruby,300-1000,rgrove-sanitize,9a162f3b50482db927f4429cd79bf890f8429325,lib/sanitize/config/relaxed.rb,lib/sanitize/config/relaxed.rb
Ruby,300-1000,rspec-rspec,faabba8819fc98b6261a39bb8d13738a7c8e9ab4,rspec-mocks/spec/rspec/mocks/stub_spec.rb,rspec-mocks/spec/rspec/mocks/stub_spec.rb
Ruby,300-1000,rspec-rspec-expectations,8338d2ff92aa43faee2356a0b4a7392c022c053d,spec/rspec/expectations/block_snippet_extractor_spec.rb,spec/rspec/expectations/block_snippet_extractor_spec.rb
Ruby,300-1000,rspec-rspec-expectations,b27cceba259d8a010373b2c8e8ad32550dc816e4,spec/rspec/expectations/failure_aggregator_spec.rb,spec/rspec/expectations/failure_aggregator_spec.rb
Ruby,300-1000,rspec-rspec-mocks,1558a16fdd1e10724d95761ddd476e293c54ef4f,lib/rspec/mocks/proxy.rb,lib/rspec/mocks/proxy.rb
Ruby,300-1000,ruby-benchmark,6d878b4c0b96afaa6b234a13bf0ed36910c56913,lib/benchmark.rb,lib/benchmark.rb
Ruby,300-1000,ruby-bigdecimal,a6d0db190d468c5657310eb1a694089fb2c8fae9,lib/bigdecimal/math.rb,lib/bigdecimal/math.rb
Ruby,300-1000,ruby-concurrency-concurrent-ruby,56227a4c3ebdd53b8b0976eb8296ceb7a093496f,spec/concurrent/struct_shared.rb,spec/concurrent/struct_shared.rb
Ruby,300-1000,ruby-concurrency-concurrent-ruby,5d700c5f6afc6984bdd606012282ce90e0498d45,lib/concurrent-ruby/concurrent/scheduled_task.rb,lib/concurrent-ruby/concurrent/scheduled_task.rb
Ruby,300-1000,ruby-forwardable,ad126137cfd3c0696bf9ae9785894b3cc569494e,lib/forwardable.rb,lib/forwardable.rb
Ruby,300-1000,ruby-getoptlong,c55b98045f056e51fb93f65aaf0044b6747a49ef,lib/getoptlong.rb,lib/getoptlong.rb
Ruby,300-1000,ruby-getoptlong,e549ff05140c4a5f5ccd5b826e8e543f82e96040,lib/getoptlong.rb,lib/getoptlong.rb
Ruby,300-1000,ruby-gettext-locale,649140a6d1448fac4a294bfd864065afe365827e,test/test_detect_general.rb,test/test_detect_general.rb
Ruby,300-1000,ruby-i18n-i18n,869460a0050956030045257e367d7544230860c3,test/i18n_test.rb,test/i18n_test.rb
Ruby,300-1000,ruby-ipaddr,b44d2a1173715adc404e551a713197c99ced7a1e,lib/ipaddr.rb,lib/ipaddr.rb
Ruby,300-1000,ruby-ipaddr,f45630da3188be980ef2face5c824451819c2d5c,test/test_ipaddr.rb,test/test_ipaddr.rb
Ruby,300-1000,ruby-ldap-ruby-net-ldap,af098c54ae177bbb1de1c75dc2a376680cb5adee,test/test_ldap_connection.rb,test/test_ldap_connection.rb
Ruby,300-1000,ruby-ldap-ruby-net-ldap,b1eec4387fd56d4cf1e3d844bbfbad8f2a8ed537,lib/net/ldap/connection.rb,lib/net/ldap/connection.rb
Ruby,300-1000,ruby-ldap-ruby-net-ldap,d2d500b12b25b9bf8714c683b253fc57bbfaddd8,test/test_ldap_connection.rb,test/test_ldap_connection.rb
Ruby,300-1000,ruby-net-smtp,f33997e0946fd325a5e20aac8ac308940f62cb26,test/net/smtp/test_smtp.rb,test/net/smtp/test_smtp.rb
Ruby,300-1000,ruby-prettyprint,1b1106870c7bc68b566a2bc5487e5ca854221b91,lib/prettyprint.rb,lib/prettyprint.rb
Ruby,300-1000,ruby-prime,42c0c6ac9d7b22ff171d01f1ffefc4f2cb9cfdf7,lib/prime.rb,lib/prime.rb
Ruby,300-1000,ruby-rbot-rbot,40601fa707c32c349b714abd35bfa9db1c20abe6,lib/rbot/core/irclog.rb,lib/rbot/core/irclog.rb
Ruby,300-1000,ruby-rbot-rbot,9e30236e3a94b54aabb1fb03a0769dcd95647b9e,data/rbot/plugins/search.rb,data/rbot/plugins/search.rb
Ruby,300-1000,ruby-reline,433a93076eee3bc30bb9d6c43df355a414bfbfdd,test/reline/test_unicode.rb,test/reline/test_unicode.rb
Ruby,300-1000,ruby-repl_type_completor,bd2ca5404a4a692f37c0c6d177b0a137d030222e,test/repl_type_completor/test_type_analyze.rb,test/repl_type_completor/test_type_analyze.rb
Ruby,300-1000,ruby-rinda,f6d76b3927539e6b2ba5f4533ef6026cb093f639,lib/rinda/rinda.rb,lib/rinda/rinda.rb
Ruby,300-1000,ruby-typeprof,6e046db17273bf6dc868e3f2c82ef4da93e4d20b,lib/typeprof/core/service.rb,lib/typeprof/core/service.rb
Ruby,300-1000,ruby-webrick,74303648c8f900a7bb7cdf8dec4337051dafb34a,lib/webrick/httpservlet/filehandler.rb,lib/webrick/httpservlet/filehandler.rb
Ruby,300-1000,rwv-exifr,38000cd2e3bb76b66e2e9ae33f2f40747d9ea927,lib/exifr/tiff.rb,lib/exifr/tiff.rb
Ruby,300-1000,rwv-exifr,b6e34b5f090e6a21e784fac5b6529d15125b7e91,lib/exifr/tiff.rb,lib/exifr/tiff.rb
Ruby,300-1000,rwv-exifr,f302e456136076edbdfe7262023bad693a10c31e,lib/exifr/tiff.rb,lib/exifr/tiff.rb
Ruby,300-1000,sass-ruby-sass,4944e26640a808ee34886d5cb46400e89c964421,lib/sass/script/lexer.rb,lib/sass/script/lexer.rb
Ruby,300-1000,socketry-async-container,fc799225c8fecfe67a1cfd58deb3fb15df35b29b,lib/async/container/generic.rb,lib/async/container/generic.rb
Ruby,300-1000,socketry-nio4r,9a5a1186ce4ae91336daf4ffd190a6a80e0a9a3a,spec/nio/bytebuffer_spec.rb,spec/nio/bytebuffer_spec.rb
Ruby,300-1000,thuehlinger-daemons,fb5075725e934c94dee3ba3e93eb638457023849,lib/daemons/application.rb,lib/daemons/application.rb
Ruby,300-1000,tj-terminal-table,6922824a5edec7b290e114a36889b0056958ed2a,lib/terminal-table/table.rb,lib/terminal-table/table.rb
Ruby,300-1000,tj-terminal-table,7b62f1cec3d7e48aefafa7d3bdb5e6f487203b32,spec/unicode_table_spec.rb,spec/unicode_table_spec.rb
Ruby,300-1000,tj-terminal-table,d53ba60b012577c6635b82ce0f067dc858d7cbdc,lib/terminal-table/table.rb,lib/terminal-table/table.rb
Ruby,300-1000,toretore-barby,54d876de2788c766fe0d7136935206f7be4cc77b,test/code_128_test.rb,test/code_128_test.rb
Ruby,300-1000,toshia-diva,0e5737fe59f9030b25f8c17bdbaeef1d3cb92cdf,lib/diva/type.rb,lib/diva/type.rb
Ruby,300-1000,toshia-diva,62c3f495847407f39a5a12da4ec6ab91cc1ecb27,lib/diva/type.rb,lib/diva/type.rb
Ruby,300-1000,tzinfo-tzinfo,9953fc092424d55deaea2dcdf6279943f3495724,test/data_sources/tc_ruby_data_source.rb,test/data_sources/tc_ruby_data_source.rb
Ruby,300-1000,unixcharles-acme-client,ef4755d80d356352e7c356aa533de98ab0ff0905,lib/acme/client.rb,lib/acme/client.rb
Ruby,300-1000,upserve-docker-api,0cc5e6cec0b8f3a686d192a66fb8e8ba327776ea,spec/docker/image_spec.rb,spec/docker/image_spec.rb
Ruby,300-1000,upserve-docker-api,32fc0c4dc5a8f767ac1ba2f4f2ba543794d0f56b,lib/docker/container.rb,lib/docker/container.rb
Ruby,300-1000,upserve-docker-api,58afb766ac4b7f6c861cbbdbcb43f569e2f0a3c8,lib/docker/container.rb,lib/docker/container.rb
Ruby,300-1000,upserve-docker-api,8c9cb3cb2d69516ad8189f136cc848f6861c3bd9,lib/docker/container.rb,lib/docker/container.rb
Ruby,300-1000,upserve-docker-api,8c9cb3cb2d69516ad8189f136cc848f6861c3bd9,lib/docker/image.rb,lib/docker/image.rb
Ruby,300-1000,upserve-docker-api,990dcc8afc8ef853b01e308bf948c489bddb1b60,lib/docker/container.rb,lib/docker/container.rb
Ruby,300-1000,upserve-docker-api,b6d8e813f2876f7c64140c234432bb2a318eb703,spec/docker/container_spec.rb,spec/docker/container_spec.rb
Ruby,300-1000,upserve-docker-api,bb7427eac57fcf65f1e5b4d0d7402b2a838fd00a,spec/docker/image_spec.rb,spec/docker/image_spec.rb
Ruby,300-1000,varvet-pundit,17616e64aee1692fd3481de1c67345912d73ed35,spec/spec_helper.rb,spec/spec_helper.rb
Ruby,300-1000,vcr-vcr,40f12467cf269427d05750b03d8d5bdb49354118,spec/support/shared_example_groups/hook_into_http_library.rb,spec/support/shared_example_groups/hook_into_http_library.rb
Ruby,300-1000,whomwah-rqrcode_core,005391f55bfec93a406b35636c713e1a9d93f745,lib/rqrcode_core/qrcode/qr_code.rb,lib/rqrcode_core/qrcode/qr_code.rb
Ruby,300-1000,zdavatz-spreadsheet,ccc3ba395c31043e00b42896fc8982ddb44a33ab,lib/spreadsheet/excel/writer/n_worksheet.rb,lib/spreadsheet/excel/writer/n_worksheet.rb
Ruby,300-1000,zeromq-czmq,8f64ff90ac11934c7549dde9ca2d21a16bcfa23d,bindings/ruby/lib/czmq/ffi/zconfig.rb,bindings/ruby/lib/czmq/ffi/zconfig.rb
Ruby,3000+,asciidoctor-asciidoctor,0f4e46311197eb9b993f31b57e50f74b95b70924,test/sections_test.rb,test/sections_test.rb
Ruby,3000+,asciidoctor-asciidoctor,1a54faff8632003978d679b4e99673070714be69,test/blocks_test.rb,test/blocks_test.rb
Ruby,3000+,asciidoctor-asciidoctor,4bcff0964214e128e28f125d461b26e79c1a25fb,test/sections_test.rb,test/sections_test.rb
Ruby,3000+,asciidoctor-asciidoctor,68e8625ee019e88ffafe54c31da5d8b00d91502f,test/sections_test.rb,test/sections_test.rb
Ruby,3000+,asciidoctor-asciidoctor,6a31613f89b0bfbc069c81d833351076770aa68e,test/lists_test.rb,test/lists_test.rb
Ruby,3000+,asciidoctor-asciidoctor,b79f298d722219e63921c6ea326d9fe98f3f3e8c,test/lists_test.rb,test/lists_test.rb
Ruby,3000+,asciidoctor-asciidoctor,bad4f46a2a2e06df86e00bbff9fade87a74310e6,test/sections_test.rb,test/sections_test.rb
Ruby,3000+,asciidoctor-asciidoctor,d8305b9291d348aac41f79f03900305d3d7e47d7,test/lists_test.rb,test/lists_test.rb
Ruby,3000+,asciidoctor-asciidoctor,f8306f119f0624e19487029fec4372d166b5a31b,test/sections_test.rb,test/sections_test.rb
Ruby,3000+,asciidoctor-asciidoctor,fc0d033577d30adbffba73ce06709292fc2cf3ce,test/sections_test.rb,test/sections_test.rb
Ruby,3000+,cjheath-treetop,172f4b5fa9cfac712da10df78db0abca667ed5e6,lib/treetop/compiler/metagrammar.rb,lib/treetop/compiler/metagrammar.rb
Ruby,3000+,cjheath-treetop,1844127fc6a10837b7a673abcce45579eaeb5c94,lib/treetop/compiler/metagrammar.rb,lib/treetop/compiler/metagrammar.rb
Ruby,3000+,cjheath-treetop,229d2c8a64cdd5d746bbed55268629c89b23b722,lib/treetop/compiler/metagrammar.rb,lib/treetop/compiler/metagrammar.rb
Ruby,3000+,cjheath-treetop,5056d84105af4479c492fdf143cb28b5cd85ca94,lib/treetop/compiler/metagrammar.rb,lib/treetop/compiler/metagrammar.rb
Ruby,3000+,cjheath-treetop,55b71959e8a3b072bd6de19bd0674cfb9e26a832,lib/treetop/compiler/metagrammar.rb,lib/treetop/compiler/metagrammar.rb
Ruby,3000+,cjheath-treetop,62ca923e47100ee2f05250b2189fc1683c508a48,lib/treetop/compiler/metagrammar.rb,lib/treetop/compiler/metagrammar.rb
Ruby,3000+,cjheath-treetop,7b6f5bb198a409fc88e21a6d2fb59d699752f766,lib/treetop/compiler/metagrammar.rb,lib/treetop/compiler/metagrammar.rb
Ruby,3000+,cjheath-treetop,7df506ed886898d0237ba1a19cbe407d52f70f25,lib/treetop/compiler/metagrammar.rb,lib/treetop/compiler/metagrammar.rb
Ruby,3000+,cjheath-treetop,8b9b9d8fea44e027061bf4a9a26eb139c32be782,lib/treetop/compiler/metagrammar.rb,lib/treetop/compiler/metagrammar.rb
Ruby,3000+,cjheath-treetop,c3c4b869dfb48bc9ab0b488022337f94779d14d8,lib/treetop/compiler/metagrammar.rb,lib/treetop/compiler/metagrammar.rb
Ruby,3000+,cjheath-treetop,d4f96d4b7cd08b5d0e7f098ce5605842b484a510,lib/treetop/compiler/metagrammar.rb,lib/treetop/compiler/metagrammar.rb
Ruby,3000+,cjheath-treetop,d975809e28ef832ea5bed5d7a23e881d98f14f57,lib/treetop/compiler/metagrammar.rb,lib/treetop/compiler/metagrammar.rb
Ruby,3000+,cjheath-treetop,dc16717a7253a1553931d64c2a89c6f9fb72974b,lib/treetop/compiler/metagrammar.rb,lib/treetop/compiler/metagrammar.rb
Ruby,3000+,fakefs-fakefs,05c9c8f77368dc00043034c3a584f768269e4330,test/fakefs_test.rb,test/fakefs_test.rb
Ruby,3000+,fakefs-fakefs,288ceadad9ad4ba63a82f7ffbcd1c1617c550b42,test/fakefs_test.rb,test/fakefs_test.rb
Ruby,3000+,fakefs-fakefs,3c1a00fe4d9652de1339ca243708af89025c83a4,test/fakefs_test.rb,test/fakefs_test.rb
Ruby,3000+,fakefs-fakefs,3e89db275194393332cd00399098fde781527454,test/fakefs_test.rb,test/fakefs_test.rb
Ruby,3000+,fakefs-fakefs,4f8ea14e47732beee44cae9102925f05c02b500b,test/fakefs_test.rb,test/fakefs_test.rb
Ruby,3000+,fakefs-fakefs,5cc196da1cac8ba641f7ccaf8857aea2336096ec,test/fakefs_test.rb,test/fakefs_test.rb
Ruby,3000+,fakefs-fakefs,5f9582ffad8a8d954eb4b9729cbc76df789ca9f4,test/fakefs_test.rb,test/fakefs_test.rb
Ruby,3000+,fakefs-fakefs,60a9245ffda915ab2901ee20e147972866225377,test/fakefs_test.rb,test/fakefs_test.rb
Ruby,3000+,fakefs-fakefs,61f88305f9be56e9cb8441fadee9abb04a4ff4d1,test/fakefs_test.rb,test/fakefs_test.rb
Ruby,3000+,fakefs-fakefs,68c6ac6d946c88edf43081479232c216e9ffc711,test/fakefs_test.rb,test/fakefs_test.rb
Ruby,3000+,fakefs-fakefs,82f5a5455da1f6da76af44d8437d03e1874880a0,test/fakefs_test.rb,test/fakefs_test.rb
Ruby,3000+,fakefs-fakefs,852cdd0446771943ff158e8f2625aa55d2202d54,test/fakefs_test.rb,test/fakefs_test.rb
Ruby,3000+,fakefs-fakefs,8ae92918c3f571ee1fbd3465bb831fabbe587a13,test/fakefs_test.rb,test/fakefs_test.rb
Ruby,3000+,fakefs-fakefs,91f88c83ba8df94da3f8ca7883779578855405fd,test/fakefs_test.rb,test/fakefs_test.rb
Ruby,3000+,fakefs-fakefs,a07e980adcd089a317c45a81eb0d4109b8cf1ec3,test/fakefs_test.rb,test/fakefs_test.rb
Ruby,3000+,fakefs-fakefs,a2a2b70d4895c0d2c4ea15de8629ea9c105dd500,test/fakefs_test.rb,test/fakefs_test.rb
Ruby,3000+,fakefs-fakefs,abb1951c59e79bb7e7680a46bc454f861a443290,test/fakefs_test.rb,test/fakefs_test.rb
Ruby,3000+,fakefs-fakefs,ad19a62166a2509c968fd1b1617f6a9cbeec613f,test/fakefs_test.rb,test/fakefs_test.rb
Ruby,3000+,fakefs-fakefs,b28d8a2a0111dde8eaae01709524d9dabfa7da90,test/fakefs_test.rb,test/fakefs_test.rb
Ruby,3000+,fakefs-fakefs,be610550f54c82e893c5b364fa41047bdde32b5b,test/fakefs_test.rb,test/fakefs_test.rb
Ruby,3000+,fakefs-fakefs,c93288fadcd8d09d65db695af19291e75928f4a7,test/fakefs_test.rb,test/fakefs_test.rb
Ruby,3000+,fakefs-fakefs,cd374616b9cb50a83e8e8469209032e61133d52e,test/fakefs_test.rb,test/fakefs_test.rb
Ruby,3000+,fakefs-fakefs,f1b6895eed71090c896d6f46f7222f17291c21b5,test/fakefs_test.rb,test/fakefs_test.rb
Ruby,3000+,fakefs-fakefs,f501ddcedff2206ff0533b1d214716ad0b9a9b35,test/fakefs_test.rb,test/fakefs_test.rb
Ruby,3000+,fakefs-fakefs,f58881451caa658f87f8622eded4a3105bc24f04,test/fakefs_test.rb,test/fakefs_test.rb
Ruby,3000+,fakefs-fakefs,f82e390854933b698ee2899d8ef6a911f3cf1463,test/fakefs_test.rb,test/fakefs_test.rb
Ruby,3000+,garybernhardt-selecta,2171956aec6318cdede79845857cf463e22800e2,benchmark.rb,benchmark.rb
Ruby,3000+,garybernhardt-selecta,7ac17448bb8f1bb885ce0cc50837c3986b96fc72,benchmark.rb,benchmark.rb
Ruby,3000+,garybernhardt-selecta,7f8feb8260a1404cc7560f7dafa04ef1c439f5a9,benchmark.rb,benchmark.rb
Ruby,3000+,garybernhardt-selecta,b6f497c367ea4e0bd404f5ffeeff7b3977b9ccd8,benchmark.rb,benchmark.rb
Ruby,3000+,garybernhardt-selecta,cfd829fe942e05d1b3759bf7b8ac7404e58112b7,benchmark.rb,benchmark.rb
Ruby,3000+,jeremyevans-sequel,746d3e0039af4699203dd046b4c4a2d27a2b4bbf,lib/sequel/adapters/shared/postgres.rb,lib/sequel/adapters/shared/postgres.rb
Ruby,3000+,jeremyevans-sequel,746d3e0039af4699203dd046b4c4a2d27a2b4bbf,spec/adapters/postgres_spec.rb,spec/adapters/postgres_spec.rb
Ruby,3000+,mikel-mail,596f06f7cbbd47b2c80b2d07e45fe41992d28d6b,lib/mail/parsers/envelope_from_parser.rb,lib/mail/parsers/envelope_from_parser.rb
Ruby,3000+,mikel-mail,596f06f7cbbd47b2c80b2d07e45fe41992d28d6b,lib/mail/parsers/message_ids_parser.rb,lib/mail/parsers/message_ids_parser.rb
Ruby,3000+,mikel-mail,596f06f7cbbd47b2c80b2d07e45fe41992d28d6b,lib/mail/parsers/received_parser.rb,lib/mail/parsers/received_parser.rb
Ruby,3000+,mikel-mail,8dd1655dc4628e34d9d654a1526bac7cd9513252,lib/mail/parsers/envelope_from_parser.rb,lib/mail/parsers/envelope_from_parser.rb
Ruby,3000+,mikel-mail,8dd1655dc4628e34d9d654a1526bac7cd9513252,lib/mail/parsers/message_ids_parser.rb,lib/mail/parsers/message_ids_parser.rb
Ruby,3000+,mikel-mail,8dd1655dc4628e34d9d654a1526bac7cd9513252,lib/mail/parsers/received_parser.rb,lib/mail/parsers/received_parser.rb
Ruby,3000+,mikel-mail,c8657d757688df9d8246a372341ad4a33cf5e834,lib/mail/parsers/envelope_from_parser.rb,lib/mail/parsers/envelope_from_parser.rb
Ruby,3000+,mikel-mail,c8657d757688df9d8246a372341ad4a33cf5e834,lib/mail/parsers/message_ids_parser.rb,lib/mail/parsers/message_ids_parser.rb
Ruby,3000+,mikel-mail,c8657d757688df9d8246a372341ad4a33cf5e834,lib/mail/parsers/received_parser.rb,lib/mail/parsers/received_parser.rb
Ruby,3000+,mmriis-simpleidn,7a9e0d9079b62627f39b171b4f2037a0ae859cab,lib/simpleidn/uts46mapping.rb,lib/simpleidn/uts46mapping.rb
Ruby,3000+,naitoh-rbpdf,00491b0f68732723bfbffd290eea6d1cb3b69d83,lib/rbpdf.rb,lib/rbpdf.rb
Ruby,3000+,naitoh-rbpdf,011db250d886ed03164d48faead836fcb665cc33,lib/rbpdf.rb,lib/rbpdf.rb
Ruby,3000+,naitoh-rbpdf,039b6fcc5bc8d91ad709512a891ea65d60588124,lib/rbpdf.rb,lib/rbpdf.rb
Ruby,3000+,naitoh-rbpdf,07bb0dbf5bdac1de0679ae0356da61a3a8f51954,lib/rbpdf.rb,lib/rbpdf.rb
Ruby,3000+,naitoh-rbpdf,0b7ce68d3a8a27cd5d59dc450bcb4d1b4d617877,lib/rbpdf.rb,lib/rbpdf.rb
Ruby,3000+,naitoh-rbpdf,10088a66cfeae3268174fc0295e2013925ae790c,lib/rbpdf.rb,lib/rbpdf.rb
Ruby,3000+,naitoh-rbpdf,18b83cb7f8b760c42bfbd59fe9ee6bd95a777566,lib/rbpdf.rb,lib/rbpdf.rb
Ruby,3000+,naitoh-rbpdf,1b74f45942acc63f1a3a2bfe3c08050f60342e98,lib/rbpdf.rb,lib/rbpdf.rb
Ruby,3000+,naitoh-rbpdf,1de82bf19ac00c2505903ff5d9e752598efa012f,lib/rbpdf.rb,lib/rbpdf.rb
Ruby,3000+,naitoh-rbpdf,1f87f9aa4487e6113ef194daec5c175f9a49e675,lib/rbpdf.rb,lib/rbpdf.rb
Ruby,3000+,naitoh-rbpdf,20a97bf26b73a35f2fc10422e6cd9717e083ecce,lib/rbpdf.rb,lib/rbpdf.rb
Ruby,3000+,naitoh-rbpdf,3869259923b6df55fdd49444f874f833ad813730,lib/rbpdf.rb,lib/rbpdf.rb
Ruby,3000+,naitoh-rbpdf,3c3559f360426388345c47138969ebf5138dd9e4,lib/unicode_data.rb,lib/unicode_data.rb
Ruby,3000+,naitoh-rbpdf,414117a49fe888cdc4d98390b07b47d6029d5af1,lib/rbpdf.rb,lib/rbpdf.rb
Ruby,3000+,naitoh-rbpdf,4268cc1af4d2fdad9a6bc85610a1d4d8bd5404b5,lib/rbpdf.rb,lib/rbpdf.rb
Ruby,3000+,naitoh-rbpdf,44206897e6eccdccb7661b5bfc3f5905827090fc,lib/rbpdf.rb,lib/rbpdf.rb
Ruby,3000+,naitoh-rbpdf,445f5f6afa333d9ba57697c120d3d26f677e8e9e,lib/rbpdf.rb,lib/rbpdf.rb
Ruby,3000+,naitoh-rbpdf,480dee8ab891941689905b2c0cdfc79e474148e0,lib/rbpdf.rb,lib/rbpdf.rb
Ruby,3000+,naitoh-rbpdf,49e4064286cdf5bdb783dbd2d71b8793d8e34e49,lib/rbpdf.rb,lib/rbpdf.rb
Ruby,3000+,naitoh-rbpdf,4f56dedced3139e7041f91f006dd7940c0a8a210,lib/rbpdf.rb,lib/rbpdf.rb
Ruby,3000+,naitoh-rbpdf,55bc2f3f7e6e50aa71c9bda221efc180d38ed1ba,lib/rbpdf.rb,lib/rbpdf.rb
Ruby,3000+,naitoh-rbpdf,579c684db7ef762e8467a43ec0912c1eccd1144f,lib/rbpdf.rb,lib/rbpdf.rb
Ruby,3000+,naitoh-rbpdf,583e6387a7d6de6c2eb9e859f4266e76aef19f5a,lib/rbpdf.rb,lib/rbpdf.rb
Ruby,3000+,naitoh-rbpdf,595f9a491e37d4562d32dee1e2fbea64e219c093,lib/rbpdf.rb,lib/rbpdf.rb
Ruby,3000+,naitoh-rbpdf,5a33a28f5e26ed3a6f9f8a3d45c1bf6fe3ef9cd6,lib/rbpdf.rb,lib/rbpdf.rb
Ruby,3000+,naitoh-rbpdf,5b44a386198efc8d26b4213c17329557d369e159,lib/rbpdf.rb,lib/rbpdf.rb
Ruby,3000+,naitoh-rbpdf,6245a32633460439c1370e4ac8d479ad586e6d64,lib/rbpdf.rb,lib/rbpdf.rb
Ruby,3000+,naitoh-rbpdf,6e64dbc8e0dc60c77a780986ca80a51dac793234,lib/rbpdf.rb,lib/rbpdf.rb
Ruby,3000+,naitoh-rbpdf,7799f3e9a5fb90860c7f07e5d00b9139f828614f,lib/rbpdf.rb,lib/rbpdf.rb
Ruby,3000+,naitoh-rbpdf,7aed4e78d2f8792e8a0d17248beaa5be0e658385,lib/rbpdf.rb,lib/rbpdf.rb
Ruby,3000+,naitoh-rbpdf,7e4447b9bb4740ed247a885940b5bdd634d6abd3,lib/rbpdf.rb,lib/rbpdf.rb
Ruby,3000+,naitoh-rbpdf,7ee6e8445e8fefbeb9e85e6500ab6cea08f0158d,lib/rbpdf.rb,lib/rbpdf.rb
Ruby,3000+,naitoh-rbpdf,85c87c88fd8c1e299195bc436e6bb03f246054db,lib/rbpdf.rb,lib/rbpdf.rb
Ruby,3000+,naitoh-rbpdf,8f9c81a397a1cc68f0b0e10c7eb217e2f05d01d0,lib/rbpdf.rb,lib/rbpdf.rb
Ruby,3000+,naitoh-rbpdf,9154a7ad7d07c4e195c16b2476d88d78759e80b2,lib/rbpdf.rb,lib/rbpdf.rb
Ruby,3000+,naitoh-rbpdf,91c8229a329dde5c412dc32957a763a842ba2564,lib/rbpdf.rb,lib/rbpdf.rb
Ruby,3000+,naitoh-rbpdf,9583927f2203c0924e7f8e51a793192851eb8ff8,lib/rbpdf.rb,lib/rbpdf.rb
Ruby,3000+,naitoh-rbpdf,9af692c48567ef6b9af9cae91cb1bcb2d86504c3,lib/rbpdf.rb,lib/rbpdf.rb
Ruby,3000+,naitoh-rbpdf,a31efe9e3a025b9b538ef7e11bb096a612246d66,lib/rbpdf.rb,lib/rbpdf.rb
Ruby,3000+,naitoh-rbpdf,b3b34ed584306b61fce79b68874c04753a1905b1,lib/rbpdf.rb,lib/rbpdf.rb
Ruby,3000+,naitoh-rbpdf,b3b34ed584306b61fce79b68874c04753a1905b1,lib/unicode_data.rb,lib/unicode_data.rb
Ruby,3000+,naitoh-rbpdf,b5a68c1dce08aa744f5e83b0dc7f27bd42f747fd,lib/rbpdf.rb,lib/rbpdf.rb
Ruby,3000+,naitoh-rbpdf,c240b3e07b1553a6d556df37970278ea36c860e8,lib/rbpdf.rb,lib/rbpdf.rb
Ruby,3000+,naitoh-rbpdf,c369b20d72bdfa0f6a187e65907c21d5dae57109,lib/rbpdf.rb,lib/rbpdf.rb
Ruby,3000+,naitoh-rbpdf,cb4f7afe6274499853adb1a0e6bff025e5f88d5f,lib/rbpdf.rb,lib/rbpdf.rb
Ruby,3000+,naitoh-rbpdf,d1ce7b93446420acace9936902b6960af90009e6,lib/rbpdf.rb,lib/rbpdf.rb
Ruby,3000+,naitoh-rbpdf,d7b0c1033cf704484902e3d0eb29e72cf29d5525,lib/rbpdf.rb,lib/rbpdf.rb
Ruby,3000+,naitoh-rbpdf,db7bec4345e4ad7471a7e74c79ebc55431385489,lib/rbpdf.rb,lib/rbpdf.rb
Ruby,3000+,naitoh-rbpdf,df6ffc29e0296928f9994ab346bdcbedc9812fd2,lib/rbpdf.rb,lib/rbpdf.rb
Ruby,3000+,naitoh-rbpdf,e36e90b1c516c6bdce571c98de383d63febd809f,lib/rbpdf.rb,lib/rbpdf.rb
Ruby,3000+,naitoh-rbpdf,e658abce5074d4b23b0de498567d8b0aa8b54c46,lib/rbpdf.rb,lib/rbpdf.rb
Ruby,3000+,naitoh-rbpdf,ee454dd147f16380c306357b885a6d7ae4e803aa,lib/rbpdf.rb,lib/rbpdf.rb
Ruby,3000+,naitoh-rbpdf,eee6ce9fcf2230c8f08537cbf0a792e13fbb4b2d,lib/rbpdf.rb,lib/rbpdf.rb
Ruby,3000+,naitoh-rbpdf,f36237f8c50c2435e1f1d740e377a8de2cb15211,lib/rbpdf.rb,lib/rbpdf.rb
Ruby,3000+,naitoh-rbpdf,f39a5998a4a82fb46d045a0984dcd07aca95ecf2,lib/rbpdf.rb,lib/rbpdf.rb
Ruby,3000+,naitoh-rbpdf,fa96750b1d5647919ae921c78dccba8f0f48ff45,lib/rbpdf.rb,lib/rbpdf.rb
Ruby,3000+,rapid7-ruby_smb,9ba051ea420310f57ae7255875b39f00efab51ef,spec/lib/ruby_smb/dcerpc/ndr_spec.rb,spec/lib/ruby_smb/dcerpc/ndr_spec.rb
Ruby,3000+,ruby-csv,1ef25f9f0c899b5a3eadae843a83c697bde5edf5,lib/csv.rb,lib/csv.rb
Ruby,3000+,ruby-csv,3a7e7c7ac058f6b8b95829628fd1192d58fbcc95,lib/csv.rb,lib/csv.rb
Ruby,3000+,ruby-csv,7b8c3ca2c6f67a7f83a062d39c0ed56a8073e929,lib/csv.rb,lib/csv.rb
Ruby,3000+,ruby-csv,f394f79fe99ff5179804fc61d01ed574e88411cc,lib/csv.rb,lib/csv.rb
Ruby,3000+,ruby-net-imap,4de513c6b55f6de3ea42c1045e1f60e3b5d0c600,lib/net/imap.rb,lib/net/imap.rb
Ruby,3000+,ruby-net-imap,69cc3c5369abbddc8361874843841f77106ef92a,lib/net/imap.rb,lib/net/imap.rb
Ruby,3000+,ruby-net-imap,cfba85f32e0f22157b40969916bfe8a9f8ffe603,lib/net/imap.rb,lib/net/imap.rb
Ruby,3000+,ruby-resolv,7c5bfe7acdbd050de0a308949e0326206d5e646a,lib/resolv.rb,lib/resolv.rb
Ruby,3000+,ruby-resolv,d8b8d36f637d7d286ecb1fbc46d190df5db0d513,lib/resolv.rb,lib/resolv.rb
Ruby,3000+,sass-ruby-sass,4944e26640a808ee34886d5cb46400e89c964421,test/sass/engine_test.rb,test/sass/engine_test.rb
Ruby,3000+,sass-ruby-sass,8ca207d3f9ee8327e4552a510dd99f8b177af393,test/sass/scss/scss_test.rb,test/sass/scss/scss_test.rb
Ruby,3000+,sass-ruby-sass,fe81fa39b885ff34298bdf280846f9c6684e87dc,test/sass/engine_test.rb,test/sass/engine_test.rb
Ruby,3000+,thoughtbot-shoulda-matchers,7c46150cf1467cb951df4901c4a8fb3b8d22595a,spec/unit/shoulda/matchers/active_record/association_matcher_spec.rb,spec/unit/shoulda/matchers/active_record/association_matcher_spec.rb
Ruby,3000+,thoughtbot-shoulda-matchers,c0b8352200b90642fef2edadfe0c4fb58f6ec0f8,spec/unit/shoulda/matchers/active_record/association_matcher_spec.rb,spec/unit/shoulda/matchers/active_record/association_matcher_spec.rb
Ruby,3000+,whitequark-parser,6f54456a30c7918f55df3fad5bd3cbcc4680dae8,test/test_parser.rb,test/test_parser.rb
Ruby,3000+,whitequark-parser,75c6ce097c321d44a180d2203403de5063104598,test/test_parser.rb,test/test_parser.rb
Ruby,3000+,whitequark-parser,d34616f0b357f7d3f8069a021c71ec33f37472e2,test/test_parser.rb,test/test_parser.rb
Ruby,3000+,whitequark-parser,e261316b84b96560ae3a8b921755f5f3f135d6e0,test/test_parser.rb,test/test_parser.rb
Ruby,3000+,zeromq-czmq,8f64ff90ac11934c7549dde9ca2d21a16bcfa23d,bindings/ruby/lib/czmq/ffi/zsock.rb,bindings/ruby/lib/czmq/ffi/zsock.rb
