language,size_bucket,repository,commit,path,old_path
CSS,0-10,DanRohde-webdavcgi,3bdb1cde73a75720384e026155ae7855b6fc7c7a,lib/perl/WebInterface/Extension/VideoJS/htdocs/contrib/video-js/video-js.min.css,lib/perl/WebInterface/Extension/VideoJS/htdocs/contrib/video-js/video-js.min.css
CSS,0-10,DanRohde-webdavcgi,3cbf4fed2a619b91f36498275066ddbb6a4a281a,lib/perl/WebInterface/Extension/Feedback/htdocs/style.min.css,lib/perl/WebInterface/Extension/Feedback/htdocs/style.min.css
CSS,0-10,DanRohde-webdavcgi,a75c7aebec86004b32a7155071c9f1c854f99c45,htdocs/views/simple/contrib/jquery.fancybox.css,htdocs/views/simple/contrib/jquery.fancybox.css
CSS,0-10,Diego-Ivan-Paper-Clip,5b1354b750013d8775d2cfef8274f5b7354b536a,src/style.css,src/style.css
CSS,0-10,Diego-Ivan-Paper-Clip,8b475fe77415678756cb3ebd7fa1ecc6d61d08f8,src/style.css,src/style.css
CSS,0-10,FortAwesome-Font-Awesome,41cfe644047fc3a4c49c22acc721cacc3e1021fe,css/all.min.css,css/all.min.css
CSS,0-10,FortAwesome-Font-Awesome,41cfe644047fc3a4c49c22acc721cacc3e1021fe,css/brands.min.css,css/brands.min.css
CSS,0-10,FortAwesome-Font-Awesome,41cfe644047fc3a4c49c22acc721cacc3e1021fe,css/fontawesome.min.css,css/fontawesome.min.css
CSS,0-10,FortAwesome-Font-Awesome,41cfe644047fc3a4c49c22acc721cacc3e1021fe,css/regular.min.css,css/regular.min.css
CSS,0-10,FortAwesome-Font-Awesome,41cfe644047fc3a4c49c22acc721cacc3e1021fe,css/solid.min.css,css/solid.min.css
CSS,0-10,FortAwesome-Font-Awesome,41cfe644047fc3a4c49c22acc721cacc3e1021fe,css/svg-with-js.min.css,css/svg-with-js.min.css
CSS,0-10,FortAwesome-Font-Awesome,41cfe644047fc3a4c49c22acc721cacc3e1021fe,css/svg.min.css,css/svg.min.css
CSS,0-10,FortAwesome-Font-Awesome,41cfe644047fc3a4c49c22acc721cacc3e1021fe,css/v4-font-face.min.css,css/v4-font-face.min.css
CSS,0-10,FortAwesome-Font-Awesome,41cfe644047fc3a4c49c22acc721cacc3e1021fe,css/v4-shims.min.css,css/v4-shims.min.css
CSS,0-10,FortAwesome-Font-Awesome,41cfe644047fc3a4c49c22acc721cacc3e1021fe,css/v5-font-face.min.css,css/v5-font-face.min.css
CSS,0-10,FortAwesome-Font-Awesome,41cfe644047fc3a4c49c22acc721cacc3e1021fe,js-packages/@fortawesome/fontawesome-free/css/all.min.css,js-packages/@fortawesome/fontawesome-free/css/all.min.css
CSS,0-10,FortAwesome-Font-Awesome,41cfe644047fc3a4c49c22acc721cacc3e1021fe,js-packages/@fortawesome/fontawesome-free/css/brands.min.css,js-packages/@fortawesome/fontawesome-free/css/brands.min.css
CSS,0-10,FortAwesome-Font-Awesome,41cfe644047fc3a4c49c22acc721cacc3e1021fe,js-packages/@fortawesome/fontawesome-free/css/fontawesome.min.css,js-packages/@fortawesome/fontawesome-free/css/fontawesome.min.css
CSS,0-10,FortAwesome-Font-Awesome,41cfe644047fc3a4c49c22acc721cacc3e1021fe,js-packages/@fortawesome/fontawesome-free/css/regular.min.css,js-packages/@fortawesome/fontawesome-free/css/regular.min.css
CSS,0-10,FortAwesome-Font-Awesome,41cfe644047fc3a4c49c22acc721cacc3e1021fe,js-packages/@fortawesome/fontawesome-free/css/solid.min.css,js-packages/@fortawesome/fontawesome-free/css/solid.min.css
CSS,0-10,FortAwesome-Font-Awesome,41cfe644047fc3a4c49c22acc721cacc3e1021fe,js-packages/@fortawesome/fontawesome-free/css/svg-with-js.min.css,js-packages/@fortawesome/fontawesome-free/css/svg-with-js.min.css
CSS,0-10,FortAwesome-Font-Awesome,41cfe644047fc3a4c49c22acc721cacc3e1021fe,js-packages/@fortawesome/fontawesome-free/css/svg.min.css,js-packages/@fortawesome/fontawesome-free/css/svg.min.css
CSS,0-10,FortAwesome-Font-Awesome,41cfe644047fc3a4c49c22acc721cacc3e1021fe,js-packages/@fortawesome/fontawesome-free/css/v4-font-face.min.css,js-packages/@fortawesome/fontawesome-free/css/v4-font-face.min.css
CSS,0-10,FortAwesome-Font-Awesome,41cfe644047fc3a4c49c22acc721cacc3e1021fe,js-packages/@fortawesome/fontawesome-free/css/v4-shims.min.css,js-packages/@fortawesome/fontawesome-free/css/v4-shims.min.css
CSS,0-10,FortAwesome-Font-Awesome,41cfe644047fc3a4c49c22acc721cacc3e1021fe,js-packages/@fortawesome/fontawesome-free/css/v5-font-face.min.css,js-packages/@fortawesome/fontawesome-free/css/v5-font-face.min.css
CSS,0-10,FortAwesome-Font-Awesome,b476ed9aeef6ff16accd275eca515d4e08c3e724,css/all.min.css,css/all.min.css
CSS,0-10,FortAwesome-Font-Awesome,b476ed9aeef6ff16accd275eca515d4e08c3e724,css/brands.min.css,css/brands.min.css
CSS,0-10,FortAwesome-Font-Awesome,b476ed9aeef6ff16accd275eca515d4e08c3e724,css/fontawesome.min.css,css/fontawesome.min.css
CSS,0-10,FortAwesome-Font-Awesome,b476ed9aeef6ff16accd275eca515d4e08c3e724,css/regular.min.css,css/regular.min.css
CSS,0-10,FortAwesome-Font-Awesome,b476ed9aeef6ff16accd275eca515d4e08c3e724,css/solid.min.css,css/solid.min.css
CSS,0-10,FortAwesome-Font-Awesome,b476ed9aeef6ff16accd275eca515d4e08c3e724,css/svg-with-js.min.css,css/svg-with-js.min.css
CSS,0-10,FortAwesome-Font-Awesome,b476ed9aeef6ff16accd275eca515d4e08c3e724,css/svg.min.css,css/svg.min.css
CSS,0-10,FortAwesome-Font-Awesome,b476ed9aeef6ff16accd275eca515d4e08c3e724,css/v4-font-face.min.css,css/v4-font-face.min.css
CSS,0-10,FortAwesome-Font-Awesome,b476ed9aeef6ff16accd275eca515d4e08c3e724,css/v4-shims.min.css,css/v4-shims.min.css
CSS,0-10,FortAwesome-Font-Awesome,b476ed9aeef6ff16accd275eca515d4e08c3e724,css/v5-font-face.min.css,css/v5-font-face.min.css
CSS,0-10,FortAwesome-Font-Awesome,b476ed9aeef6ff16accd275eca515d4e08c3e724,js-packages/@fortawesome/fontawesome-free/css/all.min.css,js-packages/@fortawesome/fontawesome-free/css/all.min.css
CSS,0-10,FortAwesome-Font-Awesome,b476ed9aeef6ff16accd275eca515d4e08c3e724,js-packages/@fortawesome/fontawesome-free/css/brands.min.css,js-packages/@fortawesome/fontawesome-free/css/brands.min.css
CSS,0-10,FortAwesome-Font-Awesome,b476ed9aeef6ff16accd275eca515d4e08c3e724,js-packages/@fortawesome/fontawesome-free/css/fontawesome.min.css,js-packages/@fortawesome/fontawesome-free/css/fontawesome.min.css
CSS,0-10,FortAwesome-Font-Awesome,b476ed9aeef6ff16accd275eca515d4e08c3e724,js-packages/@fortawesome/fontawesome-free/css/regular.min.css,js-packages/@fortawesome/fontawesome-free/css/regular.min.css
CSS,0-10,FortAwesome-Font-Awesome,b476ed9aeef6ff16accd275eca515d4e08c3e724,js-packages/@fortawesome/fontawesome-free/css/solid.min.css,js-packages/@fortawesome/fontawesome-free/css/solid.min.css
CSS,0-10,FortAwesome-Font-Awesome,b476ed9aeef6ff16accd275eca515d4e08c3e724,js-packages/@fortawesome/fontawesome-free/css/svg-with-js.min.css,js-packages/@fortawesome/fontawesome-free/css/svg-with-js.min.css
CSS,0-10,FortAwesome-Font-Awesome,b476ed9aeef6ff16accd275eca515d4e08c3e724,js-packages/@fortawesome/fontawesome-free/css/svg.min.css,js-packages/@fortawesome/fontawesome-free/css/svg.min.css
CSS,0-10,FortAwesome-Font-Awesome,b476ed9aeef6ff16accd275eca515d4e08c3e724,js-packages/@fortawesome/fontawesome-free/css/v4-font-face.min.css,js-packages/@fortawesome/fontawesome-free/css/v4-font-face.min.css
CSS,0-10,FortAwesome-Font-Awesome,b476ed9aeef6ff16accd275eca515d4e08c3e724,js-packages/@fortawesome/fontawesome-free/css/v4-shims.min.css,js-packages/@fortawesome/fontawesome-free/css/v4-shims.min.css
CSS,0-10,FortAwesome-Font-Awesome,b476ed9aeef6ff16accd275eca515d4e08c3e724,js-packages/@fortawesome/fontawesome-free/css/v5-font-face.min.css,js-packages/@fortawesome/fontawesome-free/css/v5-font-face.min.css
CSS,0-10,FreshRSS-FreshRSS,1c92d55917029d291d00009b674d8552934a69ec,p/themes/Ansum/_logs.css,p/themes/Ansum/_logs.scss
CSS,0-10,FreshRSS-FreshRSS,1c92d55917029d291d00009b674d8552934a69ec,p/themes/Ansum/_logs.rtl.css,p/themes/Mapco/_logs.scss
CSS,0-10,GPUOpen-LibrariesAndSDKs-VulkanMemoryAllocator,16ad2f8f40c2ce79149ee8e010d8f0aef24362dd,docs/html/tabs.css,docs/html/tabs.css
CSS,0-10,GoXLR-on-Linux-goxlr-utility,173584ae19696ce219d28b88dbe9f852ba43b11e,daemon/web-content/assets/index-B-EHT3Xz.css,daemon/web-content/assets/index-C_ZGc9mS.css
CSS,0-10,OpenLightingProject-ola,825b72ee4edd2024943ba2177254dd9756a8ebe7,olad/www/new/css/style.min.css,olad/www/new/css/style.min.css
CSS,0-10,OpenLightingProject-ola,86f34f4d468c564763883f727c609afc7dbe4809,olad/www/new/css/style.min.css,olad/www/new/css/style.min.css
CSS,0-10,OpenLightingProject-ola,8aca62164e4b96169fd942d2b0afd160ff12b489,olad/www/new/css/style.min.css,olad/www/new/css/style.min.css
CSS,0-10,OpenLightingProject-ola,d99a563746c92ce308ba4a371f68a6b9026c919e,olad/www/new/css/style.min.css,olad/www/new/css/style.min.css
CSS,0-10,PRATAP-KUMAR-Control_Blur_Effect_On_Lock_Screen,5e03c3bfbc0d52009c74a08c5c02ffdcb044eb1b,stylesheet.css,stylesheet.css
CSS,0-10,PRATAP-KUMAR-Control_Blur_Effect_On_Lock_Screen,9f91392e818a6f4073ec0575f0b63b46d7889573,stylesheet.css,stylesheet.css
CSS,0-10,PRATAP-KUMAR-Control_Blur_Effect_On_Lock_Screen,f2305e6b8cec126fd84bf1f5c600761ee0089cba,stylesheet.css,stylesheet.css
CSS,0-10,Simsys-qhexedit2,da3252c2609338474d841c1f2577280b5a8ba8d3,doc/html/tabs.css,doc/html/tabs.css
CSS,0-10,WordPress-WordPress.git,376c614964d606f08ac9bbd208040a857b47aba4,wp-includes/css/dist/edit-site/posts-rtl.min.css,wp-includes/css/dist/edit-site/posts-rtl.min.css
CSS,0-10,WordPress-WordPress.git,376c614964d606f08ac9bbd208040a857b47aba4,wp-includes/css/dist/edit-site/posts.min.css,wp-includes/css/dist/edit-site/posts.min.css
CSS,0-10,WordPress-WordPress.git,376c614964d606f08ac9bbd208040a857b47aba4,wp-includes/css/dist/edit-site/style-rtl.min.css,wp-includes/css/dist/edit-site/style-rtl.min.css
CSS,0-10,WordPress-WordPress.git,376c614964d606f08ac9bbd208040a857b47aba4,wp-includes/css/dist/edit-site/style.min.css,wp-includes/css/dist/edit-site/style.min.css
CSS,0-10,abs-lang-abs,0ad677bd6726d0cd9b75175cc66c32db0a80e050,docs/src/.vuepress/dist/assets/css/0.styles.af163b1b.css,docs/src/.vuepress/dist/assets/css/0.styles.05bbccd7.css
CSS,0-10,abs-lang-abs,0dfea659f427aa373950ea3b27b3d8893f7da739,docs/src/.vuepress/dist/assets/css/0.styles.05bbccd7.css,docs/src/.vuepress/dist/assets/css/0.styles.49d5491c.css
CSS,0-10,abs-lang-abs,5ebc6955461899807fc36e27231427648bd32292,docs/src/.vuepress/dist/assets/css/0.styles.05bbccd7.css,docs/src/.vuepress/dist/assets/css/0.styles.af163b1b.css
CSS,0-10,abs-lang-abs,a7ffe55fc9fddab61b45e8b2fe5d82f703e0474e,docs/src/.vuepress/dist/assets/css/0.styles.633dc042.css,docs/src/.vuepress/dist/assets/css/0.styles.c92017dd.css
CSS,0-10,abs-lang-abs,bc96393543fb0b8b7ea46c9290a715d2e072eaf7,docs/src/.vuepress/dist/assets/css/0.styles.7032d271.css,docs/src/.vuepress/dist/assets/css/0.styles.4a657954.css
CSS,0-10,abs-lang-abs,d7c9e4aaf13c4b98154a6d64e7fd0703489f3e0d,docs/src/.vuepress/dist/assets/css/0.styles.0efae2e5.css,docs/src/.vuepress/dist/assets/css/0.styles.633dc042.css
CSS,0-10,abs-lang-abs,ec97a6000be66695b75b4174dbfc9b76408ec7ea,docs/src/.vuepress/dist/assets/css/0.styles.49d5491c.css,docs/src/.vuepress/dist/assets/css/0.styles.0efae2e5.css
CSS,0-10,adapta-project-adapta-gtk-theme,59e461b52902691264c1a41c7469b04fa8a8331a,shell/sass/cinnamon/cinnamon-dark.scss,shell/sass/cinnamon/cinnamon-dark.scss
CSS,0-10,adapta-project-adapta-gtk-theme,59e461b52902691264c1a41c7469b04fa8a8331a,shell/sass/cinnamon/cinnamon.scss,shell/sass/cinnamon/cinnamon.scss
CSS,0-10,adapta-project-adapta-gtk-theme,59e461b52902691264c1a41c7469b04fa8a8331a,shell/sass/gnome-shell/3.24/gnome-shell-dark-eta.scss,shell/sass/gnome-shell/3.24/gnome-shell-dark-eta.scss
CSS,0-10,adapta-project-adapta-gtk-theme,59e461b52902691264c1a41c7469b04fa8a8331a,shell/sass/gnome-shell/3.24/gnome-shell-dark.scss,shell/sass/gnome-shell/3.24/gnome-shell-dark.scss
CSS,0-10,adapta-project-adapta-gtk-theme,59e461b52902691264c1a41c7469b04fa8a8331a,shell/sass/gnome-shell/3.24/gnome-shell-eta.scss,shell/sass/gnome-shell/3.24/gnome-shell-eta.scss
CSS,0-10,adapta-project-adapta-gtk-theme,59e461b52902691264c1a41c7469b04fa8a8331a,shell/sass/gnome-shell/3.24/gnome-shell.scss,shell/sass/gnome-shell/3.24/gnome-shell.scss
CSS,0-10,adapta-project-adapta-gtk-theme,59e461b52902691264c1a41c7469b04fa8a8331a,shell/sass/gnome-shell/3.24/pad-osd.scss,shell/sass/gnome-shell/3.24/pad-osd.scss
CSS,0-10,adapta-project-adapta-gtk-theme,59e461b52902691264c1a41c7469b04fa8a8331a,shell/sass/gnome-shell/3.26/gdm3-dark-eta.scss,shell/sass/gnome-shell/3.26/gdm3-dark-eta.scss
CSS,0-10,adapta-project-adapta-gtk-theme,59e461b52902691264c1a41c7469b04fa8a8331a,shell/sass/gnome-shell/3.26/gdm3-dark.scss,shell/sass/gnome-shell/3.26/gdm3-dark.scss
CSS,0-10,adapta-project-adapta-gtk-theme,59e461b52902691264c1a41c7469b04fa8a8331a,shell/sass/gnome-shell/3.26/gdm3-eta.scss,shell/sass/gnome-shell/3.26/gdm3-eta.scss
CSS,0-10,adapta-project-adapta-gtk-theme,59e461b52902691264c1a41c7469b04fa8a8331a,shell/sass/gnome-shell/3.26/gdm3.scss,shell/sass/gnome-shell/3.26/gdm3.scss
CSS,0-10,adapta-project-adapta-gtk-theme,59e461b52902691264c1a41c7469b04fa8a8331a,shell/sass/gnome-shell/3.26/gnome-shell-dark-eta.scss,shell/sass/gnome-shell/3.26/gnome-shell-dark-eta.scss
CSS,0-10,adapta-project-adapta-gtk-theme,59e461b52902691264c1a41c7469b04fa8a8331a,shell/sass/gnome-shell/3.26/gnome-shell-dark.scss,shell/sass/gnome-shell/3.26/gnome-shell-dark.scss
CSS,0-10,adapta-project-adapta-gtk-theme,59e461b52902691264c1a41c7469b04fa8a8331a,shell/sass/gnome-shell/3.26/gnome-shell-eta.scss,shell/sass/gnome-shell/3.26/gnome-shell-eta.scss
CSS,0-10,adapta-project-adapta-gtk-theme,59e461b52902691264c1a41c7469b04fa8a8331a,shell/sass/gnome-shell/3.26/gnome-shell.scss,shell/sass/gnome-shell/3.26/gnome-shell.scss
CSS,0-10,adapta-project-adapta-gtk-theme,59e461b52902691264c1a41c7469b04fa8a8331a,shell/sass/gnome-shell/3.26/pad-osd.scss,shell/sass/gnome-shell/3.26/pad-osd.scss
CSS,0-10,apenwarr-redo,3dbdfbc06f68c47035b832b3fade26b1b0ff014c,docs/extra_style.css,docs/extra_style.css
CSS,0-10,aria2-aria2,274e5048cb3f2a9e00a4a30e50ef1fc6713f9019,doc/sphinx_themes/sphinx_rtd_theme/static/css/badge_only.css,doc/sphinx_themes/sphinx_rtd_theme/static/css/badge_only.css
CSS,0-10,aria2-aria2,274e5048cb3f2a9e00a4a30e50ef1fc6713f9019,doc/sphinx_themes/sphinx_rtd_theme/static/css/theme.css,doc/sphinx_themes/sphinx_rtd_theme/static/css/theme.css
CSS,0-10,berndporr-iir1,4c139f20d1caf0c1f511f6de282bc795b17f4a2f,docs/tabs.css,docs/tabs.css
CSS,0-10,bgloyer-pacvis,260c3a60a538380f5c1a67f3b02f6729dbca2195,pacvis/static/material.deep_purple-amber.min.css,pacvis/static/material.deep_purple-amber.min.css
CSS,0-10,cvxopt-cvxopt,3b718ee560b3b97d6255c55f0ed7f64cb4b72082,doc/html/_static/css/badge_only.css,doc/html/_static/css/badge_only.css
CSS,0-10,cvxopt-cvxopt,3b718ee560b3b97d6255c55f0ed7f64cb4b72082,doc/html/_static/css/theme.css,doc/html/_static/css/theme.css
CSS,0-10,cvxopt-cvxopt,60fdb838e0bb2d8f32ba51129552c83b55acd2a7,doc/html/_static/css/badge_only.css,doc/html/_static/css/badge_only.css
CSS,0-10,cvxopt-cvxopt,60fdb838e0bb2d8f32ba51129552c83b55acd2a7,doc/html/_static/css/theme.css,doc/html/_static/css/theme.css
CSS,0-10,cvxopt-cvxopt,ab843a35bdf84254aeefe26ba2dddbc9e9eaa5f0,doc/html/_static/css/badge_only.css,doc/html/_static/css/badge_only.css
CSS,0-10,cvxopt-cvxopt,ab843a35bdf84254aeefe26ba2dddbc9e9eaa5f0,doc/html/_static/css/theme.css,doc/html/_static/css/theme.css
CSS,0-10,cvxopt-cvxopt,cc46cbd0cea40cdb8c6e272d3e709c268cd38468,doc/html/_static/css/badge_only.css,doc/html/_static/css/badge_only.css
CSS,0-10,cvxopt-cvxopt,cc46cbd0cea40cdb8c6e272d3e709c268cd38468,doc/html/_static/css/theme.css,doc/html/_static/css/theme.css
CSS,0-10,cvxopt-cvxopt,d5a21cf1da62e4269176384b1ff62edac5579f94,doc/html/_static/css/theme.css,doc/html/_static/css/theme.css
CSS,0-10,deiv-driftnet,e3b316e95560f4b462c3f0e28ddcb0415264452c,src/http_display/static_web/lightbox.min.css,src/http_display/static_web/lightbox.min.css
CSS,0-10,eclipse-paho.mqtt.c,317fb008e1541838d1c29076d2bc5c3e4b6c4f53,docs/MQTTAsync/html/tabs.css,docs/MQTTAsync/html/tabs.css
CSS,0-10,eclipse-paho.mqtt.c,317fb008e1541838d1c29076d2bc5c3e4b6c4f53,docs/MQTTClient/html/tabs.css,docs/MQTTClient/html/tabs.css
CSS,0-10,eclipse-paho.mqtt.c,317fb008e1541838d1c29076d2bc5c3e4b6c4f53,docs/MQTTClient_internal/html/tabs.css,docs/MQTTClient_internal/html/tabs.css
CSS,0-10,eclipse-paho.mqtt.c,3b7ae6348bc917d42c04efa962e4868c09bbde9f,docs/MQTTAsync/html/tabs.css,docs/MQTTAsync/html/tabs.css
CSS,0-10,eclipse-paho.mqtt.c,3b7ae6348bc917d42c04efa962e4868c09bbde9f,docs/MQTTClient/html/tabs.css,docs/MQTTClient/html/tabs.css
CSS,0-10,eclipse-paho.mqtt.c,3b7ae6348bc917d42c04efa962e4868c09bbde9f,docs/MQTTClient_internal/html/tabs.css,docs/MQTTClient_internal/html/tabs.css
CSS,0-10,eclipse-paho.mqtt.c,62782406bcf511ee8e22bc34e826f8c6b8254c7c,docs/MQTTAsync/html/tabs.css,docs/MQTTAsync/html/tabs.css
CSS,0-10,eclipse-paho.mqtt.c,62782406bcf511ee8e22bc34e826f8c6b8254c7c,docs/MQTTClient/html/tabs.css,docs/MQTTClient/html/tabs.css
CSS,0-10,epoupon-fileshelter,e836a557ac17fdeb7e3ff0e6c731e0b38b299fe6,docroot/css/fileshelter.css,docroot/css/fileshelter.css
CSS,0-10,executablebooks-sphinx-design,a3bdfa3742c25a7261a8301dfbb2a09e9700d325,sphinx_design/compiled/style.min.css,sphinx_design/compiled/style.min.css
CSS,0-10,executablebooks-sphinx-panels,19d4c592a86cf34175c0cf41f9e4695a90346ad1,sphinx_panels/_css/panels/index--9266bb789d4a5c7e2eb6fdb4586b44a9.css,sphinx_panels/_css/panels/index--230f6e715ddef5ad8748820af8e820ac.css
CSS,0-10,executablebooks-sphinx-panels,19d4c592a86cf34175c0cf41f9e4695a90346ad1,sphinx_panels/scss/panels/index.scss,sphinx_panels/scss/panels/index.scss
CSS,0-10,executablebooks-sphinx-panels,424d2e4d6d80a7ccf1434b1a3750c173ba80e936,sphinx_panels/_css/panels-main.c949a650a448cc0ae9fd3441c0e17fb0.css,sphinx_panels/_css/panels/index--e17fa3f89fd2b7fefc602d25a511a501.css
CSS,0-10,executablebooks-sphinx-panels,5135ff2cfe1ec9320775a5c93a430b7a03cd4573,sphinx_panels/_css/panels/index--0afa1ebdab0bb23b98b56d34c23d9f57.css,sphinx_panels/_css/panels/index--9266bb789d4a5c7e2eb6fdb4586b44a9.css
CSS,0-10,executablebooks-sphinx-panels,599687222609096dcfcda5ec764b3c94b174fa90,sphinx_panels/_css/panels/index--e17fa3f89fd2b7fefc602d25a511a501.css,sphinx_panels/_css/panels/index--0afa1ebdab0bb23b98b56d34c23d9f57.css
CSS,0-10,hugolabe-Wike,abf38ee886a7edb29827662a3e350347a5075d4e,data/styles/view.min.css,data/styles/view.min.css
CSS,0-10,hugolabe-Wike,b832f1ac0959b01d4095c076fbb64926e7850d89,data/styles/dark.min.css,data/styles/dark.min.css
CSS,0-10,javacc-javacc,58b24f27c51505168fd1cc6a06e64e1237c8068f,docs/assets/css/style.scss,docs/assets/css/style.scss
CSS,0-10,jquery-ui-rails-jquery-ui-rails,774f8b3e2e5ae8b80515128dd0cdb5cde48dfc01,testapp/app/assets/stylesheets/jquery_ui_test.css,testapp/app/assets/stylesheets/jquery_ui_test.css
CSS,0-10,lassekongo83-zuki-themes,0b6eacd73cb5fe1050eea3a85fcbafe74f222a3d,gtk/src/Zukitre/gtk-3.0/gtk-dark.scss,gtk/src/Zukitre/gtk-3.0/gtk-dark.scss
CSS,0-10,lassekongo83-zuki-themes,0b6eacd73cb5fe1050eea3a85fcbafe74f222a3d,gtk/src/Zukitre/gtk-4.0/gtk-dark.scss,gtk/src/Zukitwo/gtk-3.0/gtk-dark.scss
CSS,0-10,lassekongo83-zuki-themes,1959a7467fee90dee7645235c5a385067a02828d,gnome-shell/src/gnome-shell.scss,gnome-shell/src/gnome-shell.scss
CSS,0-10,leethomason-tinyxml2,26985b5785352403dcdf2c2bf2dc6dd9f9ab0d96,docs/tabs.css,docs/tabs.css
CSS,0-10,mozilla-Fira,7b1a51933f1e9dad4b5860165a8928f5e2eee915,fira.scss,fira.scss
CSS,0-10,nana-4-materia-theme,4ae1e56cd325ad472a3ee5b50e6e3ef4d703ec93,src/chrome/chrome-scrollbar-dark/scrollbars.scss,src/chrome/chrome-scrollbar-dark/scrollbars.scss
CSS,0-10,nana-4-materia-theme,4ae1e56cd325ad472a3ee5b50e6e3ef4d703ec93,src/chrome/chrome-scrollbar/scrollbars.scss,src/chrome/chrome-scrollbar/scrollbars.scss
CSS,0-10,nana-4-materia-theme,a5bfb49467831b2573eb3730ce626f3dfa2fcdd1,src/chrome/chrome-scrollbar-dark/scrollbars.scss,src/chrome/chrome-scrollbar-dark/scrollbars.scss
CSS,0-10,nana-4-materia-theme,a5bfb49467831b2573eb3730ce626f3dfa2fcdd1,src/chrome/chrome-scrollbar/scrollbars.scss,src/chrome/chrome-scrollbar/scrollbars.scss
CSS,0-10,nana-4-materia-theme,a5bfb49467831b2573eb3730ce626f3dfa2fcdd1,src/gtk-3.0/sass/apps/_index.scss,src/gtk-3.0/sass/apps/_index.scss
CSS,0-10,neffo-bing-wallpaper-gnome-extension,98639d5c002cea5250a06233d056b6e05eea284e,stylesheet.css,stylesheet.css
CSS,0-10,owntone-owntone-server,443fb684871e005a7e442a08cc4d610208abbe6c,htdocs/assets/index.css,htdocs/assets/index.css
CSS,0-10,rektdeckard-departure-mono,01ed44a15859bd93fddc3af1ae326c5ab96f7b47,src/components/editor.css,src/components/editor.css
CSS,0-10,rektdeckard-departure-mono,e1412389390cf1889b9d6bf591d093e029cf8652,src/components/printout.css,src/components/printout.css
CSS,0-10,ryan-roemer-sphinx-bootstrap-theme,15ed025da348211e45bc2a58e5e2b418a3b6c624,sphinx_bootstrap_theme/bootstrap/static/bootstrap-3.4.1/css/bootstrap-theme.min.css,sphinx_bootstrap_theme/bootstrap/static/bootstrap-3.3.7/css/bootstrap-theme.min.css
CSS,0-10,ryan-roemer-sphinx-bootstrap-theme,f7c86aac96ff11ca7482ec5d48d68bd60a1ac1cc,sphinx_bootstrap_theme/bootstrap/static/bootstrap-3.3.7/css/bootstrap-theme.min.css,sphinx_bootstrap_theme/bootstrap/static/bootstrap-3.3.6/css/bootstrap-theme.min.css
CSS,0-10,tatsuhiro-t-wslay,31539d7f61af60aff5f54a599d9f6e4086a654f0,doc/sphinx/_static/default2.css,doc/sphinx/_static/default2.css
CSS,0-10,xou816-spot,80aa992106baf8f6dc88615704f4975a0fc00076,src/app/components/selection/selection_toolbar.css,src/app/components/selection/selection_toolbar.css
CSS,10-30,AcademySoftwareFoundation-openvdb,37c0c47bc413ed1708dde841fddc8819b5c32162,doc/openvdb.css,doc/openvdb.css
CSS,10-30,Diego-Ivan-Paper-Clip,30970d002ff2b577410f7bfe14f2bec7c7551fba,src/style.css,src/style.css
CSS,10-30,Diego-Ivan-Paper-Clip,8859dcf15c9efb8c2858cd2b0c4543963bbc3ca0,src/style.css,src/style.css
CSS,10-30,Diego-Ivan-Paper-Clip,c58d8d5cc65f91c13c061c780978876d36c5dbfc,src/style.css,src/style.css
CSS,10-30,FortAwesome-Font-Awesome,41cfe644047fc3a4c49c22acc721cacc3e1021fe,css/v4-font-face.css,css/v4-font-face.css
CSS,10-30,FortAwesome-Font-Awesome,41cfe644047fc3a4c49c22acc721cacc3e1021fe,css/v5-font-face.css,css/v5-font-face.css
CSS,10-30,FortAwesome-Font-Awesome,41cfe644047fc3a4c49c22acc721cacc3e1021fe,js-packages/@fortawesome/fontawesome-free/css/v4-font-face.css,js-packages/@fortawesome/fontawesome-free/css/v4-font-face.css
CSS,10-30,FortAwesome-Font-Awesome,41cfe644047fc3a4c49c22acc721cacc3e1021fe,js-packages/@fortawesome/fontawesome-free/scss/fontawesome.scss,js-packages/@fortawesome/fontawesome-free/scss/fontawesome.scss
CSS,10-30,FortAwesome-Font-Awesome,41cfe644047fc3a4c49c22acc721cacc3e1021fe,js-packages/@fortawesome/fontawesome-free/scss/v4-shims.scss,js-packages/@fortawesome/fontawesome-free/scss/v4-shims.scss
CSS,10-30,FortAwesome-Font-Awesome,41cfe644047fc3a4c49c22acc721cacc3e1021fe,scss/fontawesome.scss,scss/fontawesome.scss
CSS,10-30,FortAwesome-Font-Awesome,41cfe644047fc3a4c49c22acc721cacc3e1021fe,scss/v4-shims.scss,scss/v4-shims.scss
CSS,10-30,FortAwesome-Font-Awesome,b476ed9aeef6ff16accd275eca515d4e08c3e724,css/v4-font-face.css,css/v4-font-face.css
CSS,10-30,FortAwesome-Font-Awesome,b476ed9aeef6ff16accd275eca515d4e08c3e724,js-packages/@fortawesome/fontawesome-free/css/v4-font-face.css,js-packages/@fortawesome/fontawesome-free/css/v4-font-face.css
CSS,10-30,FortAwesome-Font-Awesome,b476ed9aeef6ff16accd275eca515d4e08c3e724,js-packages/@fortawesome/fontawesome-free/css/v5-font-face.css,js-packages/@fortawesome/fontawesome-free/css/v5-font-face.css
CSS,10-30,FortAwesome-Font-Awesome,b476ed9aeef6ff16accd275eca515d4e08c3e724,js-packages/@fortawesome/fontawesome-free/scss/fontawesome.scss,js-packages/@fortawesome/fontawesome-free/scss/fontawesome.scss
CSS,10-30,FortAwesome-Font-Awesome,b476ed9aeef6ff16accd275eca515d4e08c3e724,js-packages/@fortawesome/fontawesome-free/scss/v4-shims.scss,js-packages/@fortawesome/fontawesome-free/scss/v4-shims.scss
CSS,10-30,FortAwesome-Font-Awesome,b476ed9aeef6ff16accd275eca515d4e08c3e724,scss/fontawesome.scss,scss/fontawesome.scss
CSS,10-30,FrancescoCeruti-linux-show-player,802d7fe93b184cf799baf54c63ea905c30dac66d,docs/user/_static/css/custom.css,docs/user/_static/css/custom.css
CSS,10-30,FrancescoCeruti-linux-show-player,a8a83eb301a5a312d20df2c7abf39006be457dda,docs/user/_static/css/custom.css,docs/user/_static/css/custom.css
CSS,10-30,FreshRSS-FreshRSS,1c92d55917029d291d00009b674d8552934a69ec,p/themes/Ansum/_reader-view.css,p/themes/Ansum/_reader-view.scss
CSS,10-30,FreshRSS-FreshRSS,1c92d55917029d291d00009b674d8552934a69ec,p/themes/Ansum/_reader-view.rtl.css,p/themes/Mapco/_reader-view.scss
CSS,10-30,FreshRSS-FreshRSS,1c92d55917029d291d00009b674d8552934a69ec,p/themes/Ansum/_stats.css,p/themes/Ansum/_stats.scss
CSS,10-30,FreshRSS-FreshRSS,1c92d55917029d291d00009b674d8552934a69ec,p/themes/Ansum/_stats.rtl.css,p/themes/Mapco/_stats.scss
CSS,10-30,FreshRSS-FreshRSS,1c92d55917029d291d00009b674d8552934a69ec,p/themes/Ansum/_tables.css,p/themes/Ansum/_tables.scss
CSS,10-30,FreshRSS-FreshRSS,1c92d55917029d291d00009b674d8552934a69ec,p/themes/Ansum/_tables.rtl.css,p/themes/Mapco/_tables.scss
CSS,10-30,Gaius-Augustus-Augustus,7b215b1857d8e7501154c92adae5d8bb280b1c37,docs/tutorial-cgp/augustus.css,docs/tutorial-cgp/augustus.css
CSS,10-30,KRTirtho-spotube,032309a2c61fdfd8279475b62bebd71f7cac4985,website/src/styles/global.css,website/src/styles/global.css
CSS,10-30,Legcord-Legcord,b32454b5857dcd1506faeb85eaeb186c74588d43,src/shelter/settings/components/HeroUpdater.module.css,src/shelter/settings/components/HeroUpdater.module.css
CSS,10-30,aboutcode-org-license-expression,7d74b8a3c98761293cd133d543e4d58a525dc7bf,docs/source/_static/theme_overrides.css,docs/source/_static/theme_overrides.css
CSS,10-30,adapta-project-adapta-gtk-theme,42b3ae1afe3a964c77b685df08e05e00ccd32514,gtk/sass/3.20/gtk-dark-eta.scss,gtk/sass/3.20/gtk-dark-eta.scss
CSS,10-30,adapta-project-adapta-gtk-theme,42b3ae1afe3a964c77b685df08e05e00ccd32514,gtk/sass/3.20/gtk-light-eta.scss,gtk/sass/3.20/gtk-light-eta.scss
CSS,10-30,adapta-project-adapta-gtk-theme,42b3ae1afe3a964c77b685df08e05e00ccd32514,gtk/sass/3.20/gtk-mixed-eta.scss,gtk/sass/3.20/gtk-mixed-eta.scss
CSS,10-30,adapta-project-adapta-gtk-theme,42b3ae1afe3a964c77b685df08e05e00ccd32514,gtk/sass/3.24/gtk-mixed-eta.scss,gtk/sass/3.24/gtk-mixed-eta.scss
CSS,10-30,adapta-project-adapta-gtk-theme,42b3ae1afe3a964c77b685df08e05e00ccd32514,gtk/sass/4.0/gtk-light-eta.scss,gtk/sass/4.0/gtk-light-eta.scss
CSS,10-30,adapta-project-adapta-gtk-theme,42b3ae1afe3a964c77b685df08e05e00ccd32514,gtk/sass/4.0/gtk-mixed-eta.scss,gtk/sass/4.0/gtk-mixed-eta.scss
CSS,10-30,adapta-project-adapta-gtk-theme,59e461b52902691264c1a41c7469b04fa8a8331a,gtk/sass/3.20/gtk-dark-eta.scss,gtk/sass/3.20/gtk-dark-eta.scss
CSS,10-30,adapta-project-adapta-gtk-theme,59e461b52902691264c1a41c7469b04fa8a8331a,gtk/sass/3.20/gtk-dark.scss,gtk/sass/3.20/gtk-dark.scss
CSS,10-30,adapta-project-adapta-gtk-theme,59e461b52902691264c1a41c7469b04fa8a8331a,gtk/sass/3.20/gtk-eta.scss,gtk/sass/4.0/gtk-light-eta.scss
CSS,10-30,adapta-project-adapta-gtk-theme,59e461b52902691264c1a41c7469b04fa8a8331a,gtk/sass/3.20/gtk.scss,gtk/sass/xfce-notify/xfce-notify-4.0-light.scss
CSS,10-30,adapta-project-adapta-gtk-theme,59e461b52902691264c1a41c7469b04fa8a8331a,gtk/sass/3.22/gtk-dark-eta.scss,gtk/sass/3.22/gtk-dark-eta.scss
CSS,10-30,adapta-project-adapta-gtk-theme,59e461b52902691264c1a41c7469b04fa8a8331a,gtk/sass/3.22/gtk-eta.scss,gtk/sass/3.20/gtk-light-eta.scss
CSS,10-30,adapta-project-adapta-gtk-theme,59e461b52902691264c1a41c7469b04fa8a8331a,gtk/sass/3.22/gtk.scss,gtk/sass/3.20/gtk-light.scss
CSS,10-30,adapta-project-adapta-gtk-theme,59e461b52902691264c1a41c7469b04fa8a8331a,gtk/sass/3.24/gtk-dark.scss,gtk/sass/3.24/gtk-dark.scss
CSS,10-30,adapta-project-adapta-gtk-theme,59e461b52902691264c1a41c7469b04fa8a8331a,gtk/sass/3.24/gtk-eta.scss,gtk/sass/3.22/gtk-light-eta.scss
CSS,10-30,adapta-project-adapta-gtk-theme,59e461b52902691264c1a41c7469b04fa8a8331a,gtk/sass/3.24/gtk.scss,gtk/sass/3.22/gtk-light.scss
CSS,10-30,adapta-project-adapta-gtk-theme,59e461b52902691264c1a41c7469b04fa8a8331a,gtk/sass/4.0/gtk-dark-eta.scss,gtk/sass/4.0/gtk-dark-eta.scss
CSS,10-30,adapta-project-adapta-gtk-theme,59e461b52902691264c1a41c7469b04fa8a8331a,gtk/sass/4.0/gtk-dark.scss,gtk/sass/4.0/gtk-dark.scss
CSS,10-30,adapta-project-adapta-gtk-theme,59e461b52902691264c1a41c7469b04fa8a8331a,gtk/sass/4.0/gtk-eta.scss,gtk/sass/3.24/gtk-light-eta.scss
CSS,10-30,adapta-project-adapta-gtk-theme,59e461b52902691264c1a41c7469b04fa8a8331a,gtk/sass/4.0/gtk.scss,gtk/sass/3.24/gtk-light.scss
CSS,10-30,adobe-fonts-source-code-pro,efa2b24d9de011e97144ffbb85dfdd6c1da4b46f,source-code-variable.css,source-code-variable.css
CSS,10-30,adobe-fonts-source-sans,039fce30b96f5d025e68f076ba32541abe536815,source-sans-3VF.css,source-sans-3VF.css
CSS,10-30,adobe-fonts-source-sans,411dc97c6b9b60301edaf6cc0fa04053b0f56dd4,source-sans-variable.css,source-sans-variable.css
CSS,10-30,adobe-fonts-source-sans,4bdf42c690a214a0f69410d71a6b889c5c4a695f,source-sans-variable.css,source-sans-variable.css
CSS,10-30,adobe-fonts-source-sans,5b44992cc72686a04adef7e81507060100c6ca77,source-sans-3VF.css,source-sans-variable.css
CSS,10-30,adobe-fonts-source-sans,7c691c2772570a0d3a9e1bffe8a9d6074257d985,source-sans-3VF.css,source-sans-3VF.css
CSS,10-30,adobe-fonts-source-sans,98d63a9d64fbedfdf5281b9c1c540d1e96a8a426,source-sans-3VF.css,source-sans-3VF.css
CSS,10-30,adobe-fonts-source-serif,a9eaef81588dddd479f2275d87b3707ed7ae2847,source-serif-variable.css,source-serif-variable.css
CSS,10-30,adobe-fonts-source-serif,d713003556bcf2dc7eb13593a45b5d48296846bc,source-serif-variable.css,source-serif-variable.css
CSS,10-30,artizirk-wdisplays,3d69ae73d3a4fd18bbe08bceec89f3c73bc34076,resources/style.css,resources/style.css
CSS,10-30,artizirk-wdisplays,4b12ba1d0b60451343011fab786058ee6cf1678e,resources/style.css,resources/style.css
CSS,10-30,backuppc-backuppc,0b9cd468b46fcbbec6686b9d3703e0c200810bef,conf/BackupPC_2020_mod.css,conf/BackupPC_2020_mod.css
CSS,10-30,backuppc-backuppc,ffb679945ed9c366519302242b87d88dabcc3e85,conf/BackupPC_2020_mod.css,conf/BackupPC_2020_mod.css
CSS,10-30,blackhole89-notekit,d234736f1bdd23635c0f4c653661978c6fd259c2,data/stylesheet.css,data/stylesheet.css
CSS,10-30,cowsql-raft,b3bb9e558cfa83f934017445e9da52a5ec2af510,docs/_static/css/custom.css,docs/_static/css/custom.css
CSS,10-30,google-addlicense,66bad5e5632ad865eeeceb9c9301b555f0b92016,testdata/expected/file.css,testdata/expected/file.css
CSS,10-30,google-addlicense,66bad5e5632ad865eeeceb9c9301b555f0b92016,testdata/expected/file.scss,testdata/expected/file.scss
CSS,10-30,horst3180-vertex-theme,3e3d8811b00813de9deccc1319c71f6d34c7471b,common/gtk-3.0/3.18/sass/gtk-light.scss,common/gtk-3.0/3.18/sass/gtk-light.scss
CSS,10-30,horst3180-vertex-theme,3e3d8811b00813de9deccc1319c71f6d34c7471b,common/gtk-3.0/3.18/sass/gtk.scss,common/gtk-3.0/3.18/sass/gtk.scss
CSS,10-30,hugolabe-Wike,abf38ee886a7edb29827662a3e350347a5075d4e,data/gtk/style-dark.css,data/gtk/style-dark.css
CSS,10-30,hugolabe-Wike,abf38ee886a7edb29827662a3e350347a5075d4e,data/gtk/style-sepia.css,data/gtk/style-sepia.css
CSS,10-30,hugolabe-Wike,b0875f8f634cef02a37403c09929553b025be640,data/gtk/style-dark.css,data/gtk/style-dark.css
CSS,10-30,hugolabe-Wike,b0875f8f634cef02a37403c09929553b025be640,data/gtk/style-sepia.css,data/gtk/style-sepia.css
CSS,10-30,hugolabe-Wike,b832f1ac0959b01d4095c076fbb64926e7850d89,data/gtk/style-dark.css,data/gtk/style-dark.css
CSS,10-30,jquery-ui-rails-jquery-ui-rails,0c312b4734cfef822549605210291af57343bf24,app/assets/stylesheets/jquery-ui/all.css,app/assets/stylesheets/jquery-ui/all.css
CSS,10-30,jquery-ui-rails-jquery-ui-rails,0c312b4734cfef822549605210291af57343bf24,app/assets/stylesheets/jquery-ui/autocomplete.css,app/assets/stylesheets/jquery-ui/autocomplete.css
CSS,10-30,jquery-ui-rails-jquery-ui-rails,0c312b4734cfef822549605210291af57343bf24,app/assets/stylesheets/jquery-ui/selectable.css,app/assets/stylesheets/jquery-ui/selectable.css
CSS,10-30,jquery-ui-rails-jquery-ui-rails,0c312b4734cfef822549605210291af57343bf24,app/assets/stylesheets/jquery-ui/sortable.css,app/assets/stylesheets/jquery-ui/sortable.css
CSS,10-30,jquery-ui-rails-jquery-ui-rails,0c312b4734cfef822549605210291af57343bf24,app/assets/stylesheets/jquery-ui/tooltip.css,app/assets/stylesheets/jquery-ui/tooltip.css
CSS,10-30,jquery-ui-rails-jquery-ui-rails,54cc600992f18b676e155e9762167c0af6d2cb62,app/assets/stylesheets/jquery-ui/accordion.css,app/assets/stylesheets/jquery-ui/accordion.css
CSS,10-30,jquery-ui-rails-jquery-ui-rails,54cc600992f18b676e155e9762167c0af6d2cb62,app/assets/stylesheets/jquery-ui/all.css,app/assets/stylesheets/jquery-ui/all.css
CSS,10-30,jquery-ui-rails-jquery-ui-rails,54cc600992f18b676e155e9762167c0af6d2cb62,app/assets/stylesheets/jquery-ui/autocomplete.css,app/assets/stylesheets/jquery-ui/autocomplete.css
CSS,10-30,jquery-ui-rails-jquery-ui-rails,54cc600992f18b676e155e9762167c0af6d2cb62,app/assets/stylesheets/jquery-ui/draggable.css,app/assets/stylesheets/jquery-ui/draggable.css
CSS,10-30,jquery-ui-rails-jquery-ui-rails,54cc600992f18b676e155e9762167c0af6d2cb62,app/assets/stylesheets/jquery-ui/selectable.css,app/assets/stylesheets/jquery-ui/selectable.css
CSS,10-30,jquery-ui-rails-jquery-ui-rails,54cc600992f18b676e155e9762167c0af6d2cb62,app/assets/stylesheets/jquery-ui/sortable.css,app/assets/stylesheets/jquery-ui/sortable.css
CSS,10-30,jquery-ui-rails-jquery-ui-rails,54cc600992f18b676e155e9762167c0af6d2cb62,app/assets/stylesheets/jquery-ui/tooltip.css,app/assets/stylesheets/jquery-ui/tooltip.css
CSS,10-30,jquery-ui-rails-jquery-ui-rails,78b0983b3da01383c77d14a3d7ac812cb8e8eef9,app/assets/stylesheets/jquery-ui/all.css,app/assets/stylesheets/jquery-ui/all.css
CSS,10-30,jquery-ui-rails-jquery-ui-rails,78b0983b3da01383c77d14a3d7ac812cb8e8eef9,app/assets/stylesheets/jquery-ui/draggable.css,app/assets/stylesheets/jquery-ui/draggable.css
CSS,10-30,jquery-ui-rails-jquery-ui-rails,78b0983b3da01383c77d14a3d7ac812cb8e8eef9,app/assets/stylesheets/jquery-ui/tooltip.css,app/assets/stylesheets/jquery-ui/tooltip.css
CSS,10-30,jquery-ui-rails-jquery-ui-rails,d504a40538fe5f7998439ad2f8fc5c4a1f843f1c,app/assets/stylesheets/jquery-ui/draggable.css,app/assets/stylesheets/jquery-ui/draggable.css
CSS,10-30,jquery-ui-rails-jquery-ui-rails,d504a40538fe5f7998439ad2f8fc5c4a1f843f1c,app/assets/stylesheets/jquery-ui/sortable.css,app/assets/stylesheets/jquery-ui/sortable.css
CSS,10-30,jquery-ui-rails-jquery-ui-rails,d504a40538fe5f7998439ad2f8fc5c4a1f843f1c,app/assets/stylesheets/jquery-ui/tooltip.css,app/assets/stylesheets/jquery-ui/tooltip.css
CSS,10-30,jquery-ui-rails-jquery-ui-rails,f3943fe09abfd17a173663f9bc6e50c1fb4d172c,app/assets/stylesheets/jquery-ui/all.css,app/assets/stylesheets/jquery-ui/all.css
CSS,10-30,jquery-ui-rails-jquery-ui-rails,f3943fe09abfd17a173663f9bc6e50c1fb4d172c,app/assets/stylesheets/jquery-ui/autocomplete.css,app/assets/stylesheets/jquery-ui/autocomplete.css
CSS,10-30,jquery-ui-rails-jquery-ui-rails,f3943fe09abfd17a173663f9bc6e50c1fb4d172c,app/assets/stylesheets/jquery-ui/draggable.css,app/assets/stylesheets/jquery-ui/draggable.css
CSS,10-30,jquery-ui-rails-jquery-ui-rails,f3943fe09abfd17a173663f9bc6e50c1fb4d172c,app/assets/stylesheets/jquery-ui/selectable.css,app/assets/stylesheets/jquery-ui/selectable.css
CSS,10-30,jquery-ui-rails-jquery-ui-rails,f3943fe09abfd17a173663f9bc6e50c1fb4d172c,app/assets/stylesheets/jquery-ui/sortable.css,app/assets/stylesheets/jquery-ui/sortable.css
CSS,10-30,jquery-ui-rails-jquery-ui-rails,f3943fe09abfd17a173663f9bc6e50c1fb4d172c,app/assets/stylesheets/jquery-ui/tooltip.css,app/assets/stylesheets/jquery-ui/tooltip.css
CSS,10-30,lainsce-khronos,35a73b85ae48806fa559e917fa41148fca8885f4,data/style-dark.css,data/style-dark.css
CSS,10-30,lainsce-khronos,57ce70b9c65a6c7dd683ea99c579bb486d703e6f,data/style-hc.css,data/style-hc.css
CSS,10-30,lainsce-khronos,8de097e84e5126d341980c6b6dd01c1d2868a193,data/style.css,data/style.css
CSS,10-30,lainsce-khronos,fa89e946cd7628dcb6c6ef77a67e7bdcb9a6e477,data/style-dark.css,data/style-dark.css
CSS,10-30,lassekongo83-zuki-themes,0b6eacd73cb5fe1050eea3a85fcbafe74f222a3d,gnome-shell/src/gnome-shell-sass/widgets/_base.scss,gnome-shell/src/gnome-shell-sass/widgets/_base.scss
CSS,10-30,lassekongo83-zuki-themes,0b6eacd73cb5fe1050eea3a85fcbafe74f222a3d,gnome-shell/src/gnome-shell-sass/widgets/_check-box.scss,gnome-shell/src/gnome-shell-sass/widgets/_check-box.scss
CSS,10-30,lassekongo83-zuki-themes,0b6eacd73cb5fe1050eea3a85fcbafe74f222a3d,gnome-shell/src/gnome-shell-sass/widgets/_overview.scss,gnome-shell/src/gnome-shell-sass/widgets/_overview.scss
CSS,10-30,lassekongo83-zuki-themes,0b6eacd73cb5fe1050eea3a85fcbafe74f222a3d,gnome-shell/src/gnome-shell-sass/widgets/_switches.scss,gnome-shell/src/gnome-shell-sass/widgets/_switches.scss
CSS,10-30,lassekongo83-zuki-themes,0b6eacd73cb5fe1050eea3a85fcbafe74f222a3d,gtk/src/Zukitre/gtk-3.0/gtk-zukitwo.scss,gtk/src/Zukitwo/gtk-3.0/gtk.scss
CSS,10-30,lassekongo83-zuki-themes,0b6eacd73cb5fe1050eea3a85fcbafe74f222a3d,gtk/src/Zukitre/gtk-3.0/gtk.scss,gtk/src/Zukitre/gtk-3.0/gtk.scss
CSS,10-30,lassekongo83-zuki-themes,10ef5d64fae1d148bec2b392e9f99d396b108253,gnome-shell/src/gnome-shell-sass/widgets/_slider.scss,gnome-shell/src/gnome-shell-sass/widgets/_slider.scss
CSS,10-30,lassekongo83-zuki-themes,1959a7467fee90dee7645235c5a385067a02828d,gnome-shell/src/gnome-shell-high-contrast.scss,gnome-shell/src/gnome-shell-high-contrast.scss
CSS,10-30,lassekongo83-zuki-themes,d94308c539309892864e4eb7b58e9c9840fc8d6f,gtk/src/Zukitre/gtk-3.0/gtk-zukitwo-dark.scss,gtk/src/Zukitre/gtk-3.0/gtk-zukitwo-dark.scss
CSS,10-30,lassekongo83-zuki-themes,e9654130d118a4c4bfc0e26e3c39e40de97e8eba,gtk/src/Zukitre/gtk-3.0/gtk-dark.scss,gtk/src/Zukitre/gtk-3.0/gtk-dark.scss
CSS,10-30,lassekongo83-zuki-themes,e9654130d118a4c4bfc0e26e3c39e40de97e8eba,gtk/src/Zukitre/gtk-3.0/gtk.scss,gtk/src/Zukitre/gtk-3.0/gtk.scss
CSS,10-30,lassekongo83-zuki-themes,e9654130d118a4c4bfc0e26e3c39e40de97e8eba,gtk/src/Zukitwo/gtk-3.0/gtk-dark.scss,gtk/src/Zukitwo/gtk-3.0/gtk-dark.scss
CSS,10-30,lassekongo83-zuki-themes,e9654130d118a4c4bfc0e26e3c39e40de97e8eba,gtk/src/Zukitwo/gtk-3.0/gtk.scss,gtk/src/Zukitwo/gtk-3.0/gtk.scss
CSS,10-30,madmaxms-theme-obsidian-2,10938ed7effa7c5be35d53c59c0f88b19f70529f,Obsidian-2/gtk-3.20/apps/mate-applications.css,Obsidian-2/gtk-3.20/apps/mate-applications.css
CSS,10-30,mathjax-MathJax-docs,495f228a03fa426fcf6ced96ee0ecb732320c837,_static/custom.css,_static/custom.css
CSS,10-30,mkdocs-mkdocs,351b87939ddc61bc767e2b869e2a2673fe9af5ae,mkdocs/themes/mkdocs/css/bootstrap.min.css,mkdocs/themes/mkdocs/css/bootstrap.min.css
CSS,10-30,mozilla-Fira,7b1a51933f1e9dad4b5860165a8928f5e2eee915,fira-mono.scss,fira-mono.scss
CSS,10-30,multani-sonata,5f6778f419857795ae9fac458cae2ad012bbe907,sonata/ui/sonata.css,sonata/ui/sonata.css
CSS,10-30,nana-4-materia-theme,93ba661379f2d04c3e66d6e7dae2b917813f080a,src/gnome-shell/sass/components/base/_switch.scss,src/gnome-shell/sass/components/base/_switch.scss
CSS,10-30,nana-4-materia-theme,a5bfb49467831b2573eb3730ce626f3dfa2fcdd1,src/gnome-shell/sass/components/misc/_a11y.scss,src/gnome-shell/sass/components/misc/_a11y.scss
CSS,10-30,nana-4-materia-theme,a5bfb49467831b2573eb3730ce626f3dfa2fcdd1,src/gnome-shell/sass/components/misc/_tile-preview.scss,src/gnome-shell/sass/components/misc/_tile-preview.scss
CSS,10-30,nana-4-materia-theme,a5bfb49467831b2573eb3730ce626f3dfa2fcdd1,src/gnome-shell/sass/components/notification/_hotplug.scss,src/gnome-shell/sass/components/notification/_hotplug.scss
CSS,10-30,nana-4-materia-theme,a5bfb49467831b2573eb3730ce626f3dfa2fcdd1,src/gnome-shell/sass/components/panel/_ripple-box.scss,src/gnome-shell/sass/components/panel/_ripple-box.scss
CSS,10-30,nana-4-materia-theme,a77ea43f431e71371106d50a8b68ec6a8ab15dc7,src/_st-theme.scss,src/_st-theme.scss
CSS,10-30,nana-4-materia-theme,f23912b1b495a9de20d9ab08a8f6afc8bcb911d1,src/_st-theme.scss,src/_st-theme.scss
CSS,10-30,nethappen-blocksync-fast,7372e7e279a63274ea68a99c7ecbb410fb8b1d6f,assets/css/style.scss,assets/css/style.scss
CSS,10-30,nwg-piotr-nwg-launchers,217b2fa7e4b0dc61675b401caabea01ec39c5d04,bar/style.css,bar/style.css
CSS,10-30,postmarketOS-mobile-config-firefox,5b333873f69f1af95392901f87877461e8da432b,src/userChrome/browser.css,src/userChrome/browser.css
CSS,10-30,qos-ch-cal10n,b8324950e6bfc87673f670db82782e83e360d86e,cal10n-site/src/site/pages/css/prettify.css,cal10n-site/src/site/pages/css/prettify.css
CSS,10-30,qwertyquerty-pypresence,3d328b5c51d871ea3cdc3e7357d72a96ec25f5b7,docs/html/_static/custom.css,docs/html/_static/custom.css
CSS,10-30,rektdeckard-departure-mono,01ed44a15859bd93fddc3af1ae326c5ab96f7b47,src/components/countdown.css,src/components/countdown.css
CSS,10-30,rektdeckard-departure-mono,01ed44a15859bd93fddc3af1ae326c5ab96f7b47,src/components/progress.css,src/components/progress.css
CSS,10-30,rektdeckard-departure-mono,28a8f905f01819ea193874336cdf785781515639,src/components/cockpit.css,src/components/cockpit.css
CSS,10-30,rektdeckard-departure-mono,2d66376ce405eb0c62ef6dc9f3c66af9c57caf3d,src/components/deparkanoid.css,src/components/deparkanoid.css
CSS,10-30,rektdeckard-departure-mono,be6c1fb347b0b3973bde7b27391189399248983d,src/components/deparkanoid.css,src/components/deparkanoid.css
CSS,10-30,rektdeckard-departure-mono,be6c1fb347b0b3973bde7b27391189399248983d,src/components/keeb.css,src/components/keeb.css
CSS,10-30,robert7-nixnote2,6c8de0916f177d80c67dc35a7a5454fd608fb789,resources/images/checkbox.css,resources/images/checkbox.css
CSS,10-30,standardml-twelf,11a13a61e17231c3a45553c15bccecffcddd5bee,wiki/src/styles/wiki.css,wiki/src/styles/wiki.css
CSS,10-30,tokiclover-e-gtk-theme,717fa6f7a1de4cda1d82a9def1688e686e45e315,gtk-3.0/gtk-template.css,gtk-3.0/gtk-template.css
CSS,10-30,xou816-spot,80aa992106baf8f6dc88615704f4975a0fc00076,src/app.css,src/app.css
CSS,10-30,xou816-spot,d3f48d8457839e3bf288442d46fa72501ec25846,src/app.css,src/app.css
CSS,100-300,FedoraQt-adwaita-qt,1f0dd5eaf074eb62d63fdf05dca906d678f1301a,src/lib/stylesheet/Adwaita-hc-dark.scss,src/lib/stylesheet/Adwaita-hc-dark.scss
CSS,100-300,MihailJP-Inconsolata-LGC,15d0a5a8a125edf0368749138cb8f2a24a54f4f0,Inconsolata-LGC.css,Inconsolata-LGC.css
CSS,100-300,OneRNG-onerng.github.io,65756c2f529f0583f383f3faac84ed0b16560076,onerng.css,onerng.css
CSS,100-300,OneRNG-onerng.github.io,65756c2f529f0583f383f3faac84ed0b16560076,src/onerng.css,src/onerng.css
CSS,100-300,OneRNG-onerng.github.io,8ba2dab4ec218ce451fa6c1ac2de6e5118e784e6,src/onerng.css,src/onerng.css
CSS,100-300,OneRNG-onerng.github.io,d0d0afa7c783e19ccdb6be1f7572d7cb4f08561f,onerng.css,onerng.css
CSS,100-300,OneRNG-onerng.github.io,d0d0afa7c783e19ccdb6be1f7572d7cb4f08561f,src/onerng.css,src/onerng.css
CSS,100-300,ProtonVPN-proton-vpn-gtk-app,f7f05c3dccb0bb85bf33aaff239ffd4f0b71b4dc,proton/vpn/app/gtk/assets/style/main.css,proton/vpn/app/gtk/assets/style/main.css
CSS,100-300,Quansight-Labs-accessible-pygments,f5a76a0bdc878dc825baa61bc2b8c54d21898dbf,a11y_pygments/a11y_high_contrast_dark/style.css,a11y_pygments/a11y_high_contrast_dark/style.css
CSS,100-300,Quansight-Labs-accessible-pygments,f5a76a0bdc878dc825baa61bc2b8c54d21898dbf,docs/css/github_dark_high_contrast-style.css,docs/css/github_dark_high_contrast-style.css
CSS,100-300,Quansight-Labs-accessible-pygments,f5a76a0bdc878dc825baa61bc2b8c54d21898dbf,docs/css/github_light-style.css,docs/css/github_light-style.css
CSS,100-300,Quansight-Labs-accessible-pygments,f5a76a0bdc878dc825baa61bc2b8c54d21898dbf,docs/css/github_light_high_contrast-style.css,docs/css/github_light_high_contrast-style.css
CSS,100-300,Quansight-Labs-accessible-pygments,f5a76a0bdc878dc825baa61bc2b8c54d21898dbf,docs/css/gotthard_light-style.css,docs/css/gotthard_light-style.css
CSS,100-300,Rohansi-Mond,1de033d8dbe548e4280a6cbf4dac4ff84f25227a,TryMond/wwwroot/css/app.css,TryMond/wwwroot/css/app.css
CSS,100-300,RustSec-rustsec,283a332f3611aea6536e654b2301d95ed6e973c0,admin/src/web/static/css/basic.css,admin/src/web/static/css/basic.css
CSS,100-300,RustSec-rustsec,a3487b002b15c980b61f8d89fd98203f862e444e,admin/src/web/static/css/index.css,admin/src/web/static/css/index.css
CSS,100-300,adapta-project-adapta-gtk-theme,59e461b52902691264c1a41c7469b04fa8a8331a,shell/sass/gnome-shell/3.24/_extension-window-list.scss,shell/sass/gnome-shell/_extension-window-list.scss
CSS,100-300,adapta-project-adapta-gtk-theme,59e461b52902691264c1a41c7469b04fa8a8331a,shell/sass/gnome-shell/3.24/_extension-workspaces-to-dock.scss,shell/sass/gnome-shell/_extension-workspaces-to-dock.scss
CSS,100-300,adobe-fonts-source-serif,291bfff61661f257d216c3936a510949ae693d1c,source-serif-pro.css,source-serif-pro.css
CSS,100-300,bammv-sguil,4404b4a38a8fc0e519974f03c785671843f523af,server/html/css/sguilclient.css,server/html/css/sguilclient.css
CSS,100-300,berndporr-iir1,9ef2a04ac3a44a8762b6a209c18e3bdb00394e5b,docs/search/search.css,docs/search/search.css
CSS,100-300,bgloyer-pacvis,0bcb348c0d3cea0b524c51a98c4eaa4fc00ad5e5,pacvis/static/pacvis.css,pacvis/static/pacvis.css
CSS,100-300,cyrusimap-cyrus-sasl,92d43d0683867f4c295e47b1b061dba6db10eef4,docsrc/_static/cyrus.css,docsrc/_static/cyrus.css
CSS,100-300,daurnimator-lua-psl,f1f51e7e933c10b43a60e0345f57107bee6f7058,doc/site.css,doc/site.css
CSS,100-300,emuell-restic-browser,ab8990e868be27a19c8224d6bc1b20b367b251d2,src/style.css,src/style.css
CSS,100-300,epoupon-lms,9dd8b4b38166e0ec8c65e125740dcee9d7fbabec,docroot/css/lms.css,docroot/css/lms.css
CSS,100-300,executablebooks-sphinx-design,a3bdfa3742c25a7261a8301dfbb2a09e9700d325,style/_dropdown.scss,style/_dropdown.scss
CSS,100-300,executablebooks-sphinx-panels,5135ff2cfe1ec9320775a5c93a430b7a03cd4573,sphinx_panels/scss/panels/_tabs.scss,sphinx_panels/scss/panels/_tabs.scss
CSS,100-300,executablebooks-sphinx-panels,d6f2370564d6b8fb3c15a8fb5705ed9685a32281,sphinx_panels/css/bs-borders.css,sphinx_panels/css/bs-borders.css
CSS,100-300,executablebooks-sphinx-panels,f00b0c474d3b2777cbad4af62d7ecadf38b574ba,sphinx_panels/css/bs-cards.css,sphinx_panels/css/bs-cards.css
CSS,100-300,forgejo-forgejo,36ea60023a51581a36926c3801f28108c9f89072,web_src/css/modules/header.css,web_src/css/modules/header.css
CSS,100-300,gramps-project-gramps,d82eb0f460325702037e1f32ac9bc156f85dce2c,data/css/Web_DropDown-Menus.css,data/css/Web_DropDown-Menus.css
CSS,100-300,home-sweet-gnome-dash-to-panel,04456f981e5a5a8c2a9107121097f81fb22e92b4,stylesheet.css,stylesheet.css
CSS,100-300,horst3180-vertex-theme,9bdc9cb02b3abe5265d4c42044c52da8908f5455,common/gtk-3.0/3.10/gtk-dark.css,common/gtk-3.0/3.10/gtk-dark.css
CSS,100-300,horst3180-vertex-theme,9bdc9cb02b3abe5265d4c42044c52da8908f5455,common/gtk-3.0/3.12/gtk-dark.css,common/gtk-3.0/3.12/gtk-dark.css
CSS,100-300,horst3180-vertex-theme,9cdab24cfa7b1260bda652e0a70e08dc238740b6,common/gtk-3.0/3.10/gtk.css,common/gtk-3.0/3.10/gtk.css
CSS,100-300,hugolabe-Wike,abf38ee886a7edb29827662a3e350347a5075d4e,data/styles/view.css,data/styles/view.css
CSS,100-300,hyphanet-fred,db12389f2ada1c0646aa97a8ebc6656a7439b0b2,src/freenet/clients/http/staticfiles/themes/sky-dark-static/theme.css,src/freenet/clients/http/staticfiles/themes/sky-dark-static/theme.css
CSS,100-300,jpfleury-clearlooks-phenix,016bf333f146dde32ebbcae39c4bc5f758f461ed,gtk-3.0/applications.css,gtk-3.0/applications.css
CSS,100-300,jpfleury-clearlooks-phenix,68ce2ebc0e75ef8da485fb88504e4ded9e94dc56,gtk-3.0/applications.css,gtk-3.0/applications.css
CSS,100-300,jquery-ui-rails-jquery-ui-rails,0c312b4734cfef822549605210291af57343bf24,app/assets/stylesheets/jquery-ui/button.css,app/assets/stylesheets/jquery-ui/button.css
CSS,100-300,jquery-ui-rails-jquery-ui-rails,54cc600992f18b676e155e9762167c0af6d2cb62,app/assets/stylesheets/jquery-ui/core.css,app/assets/stylesheets/jquery-ui/core.css
CSS,100-300,jquery-ui-rails-jquery-ui-rails,78b0983b3da01383c77d14a3d7ac812cb8e8eef9,app/assets/stylesheets/jquery-ui/core.css,app/assets/stylesheets/jquery-ui/core.css
CSS,100-300,jquery-ui-rails-jquery-ui-rails,78b0983b3da01383c77d14a3d7ac812cb8e8eef9,app/assets/stylesheets/jquery-ui/datepicker.css,app/assets/stylesheets/jquery-ui/datepicker.css
CSS,100-300,keplerproject-luafilesystem,a066a03f1cf6f893dafabcd63946d6009ff98945,doc/us/doc.css,doc/us/doc.css
CSS,100-300,kpeeters-tree.hh,ae5ef4e59b55e55fbb9d09b292d19136550dec37,doc/tree.css,doc/tree.css
CSS,100-300,lainsce-khronos,57ce70b9c65a6c7dd683ea99c579bb486d703e6f,data/style.css,data/style.css
CSS,100-300,lainsce-khronos,849df7063da2e7124a78e9988f6e3d33ccaf5068,data/style.css,data/style.css
CSS,100-300,lainsce-khronos,d4db7d78d3e7990d1e35545aee47ed961ea1af95,data/style.css,data/style.css
CSS,100-300,lainsce-khronos,fa89e946cd7628dcb6c6ef77a67e7bdcb9a6e477,data/style.css,data/style.css
CSS,100-300,lassekongo83-zuki-themes,0b6eacd73cb5fe1050eea3a85fcbafe74f222a3d,gnome-shell/src/gnome-shell-sass/_common.scss,gnome-shell/src/gnome-shell-sass/_common.scss
CSS,100-300,lassekongo83-zuki-themes,0b6eacd73cb5fe1050eea3a85fcbafe74f222a3d,gnome-shell/src/gnome-shell-sass/widgets/_message-list.scss,gnome-shell/src/gnome-shell-sass/widgets/_message-list.scss
CSS,100-300,lassekongo83-zuki-themes,a8db1d53baf5d52ffd5de074a9276f91f8130c00,gnome-shell/src/gnome-shell-sass/widgets/_app-grid.scss,gnome-shell/src/gnome-shell-sass/widgets/_app-grid.scss
CSS,100-300,lassekongo83-zuki-themes,a8db1d53baf5d52ffd5de074a9276f91f8130c00,gtk/src/Zukitre/gtk-3.0/_colors-public.scss,gtk/src/Zukitre/gtk-3.0/_colors-public.scss
CSS,100-300,lassekongo83-zuki-themes,a8db1d53baf5d52ffd5de074a9276f91f8130c00,gtk/src/Zukitwo/gtk-3.0/_colors-public.scss,gtk/src/Zukitwo/gtk-3.0/_colors-public.scss
CSS,100-300,lvc-abi-compliance-checker,2ee6178db4cee763c4d605c19318d33b158e35b0,modules/Internals/Styles/Report.css,modules/Internals/Styles/Report.css
CSS,100-300,lvc-abi-compliance-checker,ebf716389fa7aeb4c11a1289db8731a69e1ce8f1,modules/Internals/Styles/Report.css,modules/Internals/Styles/Report.css
CSS,100-300,marhkb-pods,441873ff74c660176643ec62e0143f8e36ca8ff7,data/resources/style.css,data/resources/style.css
CSS,100-300,markuskimius-SDL2_Pango,d71741b1345209eb36e0617be4486265bc441661,docs/html/doxygen.css,docs/html/doxygen.css
CSS,100-300,mkdocs-mkdocs-bootstrap,676d34bcb8ebe0bf947701333d996b3b65c98d88,mkdocs_bootstrap/css/base.css,mkdocs_bootstrap/css/base.css
CSS,100-300,mkdocs-mkdocs-bootstrap,6f0567f1c8c0dd60b4ba663c81cb94d85335ce0d,mkdocs_bootstrap/css/base.css,mkdocs_bootstrap/css/base.css
CSS,100-300,mkdocs-mkdocs-bootswatch,25c26260f551935522dde54e3bfbbf5f6004a96b,mkdocs_bootswatch/slate/css/base.css,mkdocs_bootswatch/slate/css/base.css
CSS,100-300,mkdocs-mkdocs-bootswatch,25c26260f551935522dde54e3bfbbf5f6004a96b,mkdocs_bootswatch/yeti/css/base.css,mkdocs_bootswatch/yeti/css/base.css
CSS,100-300,mkdocs-mkdocs-bootswatch,46c3593c9c551678fab426d534b5666d48f93276,mkdocs_bootswatch/journal/css/base.css,mkdocs_bootswatch/journal/css/base.css
CSS,100-300,mkdocs-mkdocs-bootswatch,46c3593c9c551678fab426d534b5666d48f93276,mkdocs_bootswatch/solar/css/base.css,mkdocs_bootswatch/solar/css/base.css
CSS,100-300,mkdocs-mkdocs-bootswatch,46c3593c9c551678fab426d534b5666d48f93276,mkdocs_bootswatch/spacelab/css/base.css,mkdocs_bootswatch/spacelab/css/base.css
CSS,100-300,mkdocs-mkdocs-bootswatch,46c3593c9c551678fab426d534b5666d48f93276,mkdocs_bootswatch/superhero/css/base.css,mkdocs_bootswatch/superhero/css/base.css
CSS,100-300,mkdocs-mkdocs-bootswatch,56d0fd948ba69a087a7d06a9e394ce5d1145a05d,src/cerulean/css/base.css,src/cerulean/css/base.css
CSS,100-300,mkdocs-mkdocs-bootswatch,57fc9dcb715e35c5836d3d2234f910a9680ef877,mkdocs_bootswatch/slate/css/highlight.css,mkdocs_bootswatch/slate/css/highlight.css
CSS,100-300,mkdocs-mkdocs-bootswatch,69d5163fff80652493207070886aa2df926a64fb,mkdocs_bootswatch/cerulean/css/base.css,mkdocs_bootswatch/cerulean/css/base.css
CSS,100-300,mkdocs-mkdocs-bootswatch,69d5163fff80652493207070886aa2df926a64fb,mkdocs_bootswatch/readable/css/base.css,mkdocs_bootswatch/readable/css/base.css
CSS,100-300,mkdocs-mkdocs-bootswatch,a72001a48c14a4a9bc176df49a06f4f217fae184,mkdocs_bootswatch/cerulean/css/base.css,mkdocs_bootswatch/cerulean/css/base.css
CSS,100-300,mkdocs-mkdocs-bootswatch,a72001a48c14a4a9bc176df49a06f4f217fae184,mkdocs_bootswatch/slate/css/base.css,mkdocs_bootswatch/slate/css/base.css
CSS,100-300,mkdocs-mkdocs-bootswatch,b1be4ad849a8c3742a833efc6622986211a6a1c0,mkdocs_bootswatch/lux/css/base.css,mkdocs_bootswatch/lux/css/base.css
CSS,100-300,mkdocs-mkdocs-bootswatch,b1be4ad849a8c3742a833efc6622986211a6a1c0,mkdocs_bootswatch/materia/css/base.css,mkdocs_bootswatch/materia/css/base.css
CSS,100-300,mkdocs-mkdocs-bootswatch,b1be4ad849a8c3742a833efc6622986211a6a1c0,mkdocs_bootswatch/united/css/base.css,mkdocs_bootswatch/united/css/base.css
CSS,100-300,mkdocs-mkdocs-bootswatch,bedd066f33cf1b7b83ad4bf3a75d9eba336d4755,mkdocs_bootswatch/amelia/css/base.css,mkdocs_bootswatch/amelia/css/base.css
CSS,100-300,mkdocs-mkdocs-bootswatch,bedd066f33cf1b7b83ad4bf3a75d9eba336d4755,mkdocs_bootswatch/cyborg/css/base.css,mkdocs_bootswatch/cyborg/css/base.css
CSS,100-300,mkdocs-mkdocs-bootswatch,bedd066f33cf1b7b83ad4bf3a75d9eba336d4755,mkdocs_bootswatch/flatly/css/highlight.css,mkdocs_bootswatch/flatly/css/highlight.css
CSS,100-300,mkdocs-mkdocs-bootswatch,bedd066f33cf1b7b83ad4bf3a75d9eba336d4755,mkdocs_bootswatch/slate/css/highlight.css,mkdocs_bootswatch/slate/css/highlight.css
CSS,100-300,mkdocs-mkdocs-bootswatch,bedd066f33cf1b7b83ad4bf3a75d9eba336d4755,mkdocs_bootswatch/spacelab/css/highlight.css,mkdocs_bootswatch/spacelab/css/highlight.css
CSS,100-300,mkdocs-mkdocs-bootswatch,bedd066f33cf1b7b83ad4bf3a75d9eba336d4755,src/amelia/css/base.css,src/amelia/css/base.css
CSS,100-300,mkdocs-mkdocs-bootswatch,c42014a0eabd8019c8f65b4d9731ae16a3807ffe,src/amelia/css/base.css,src/amelia/css/base.css
CSS,100-300,mkdocs-mkdocs-bootswatch,c42014a0eabd8019c8f65b4d9731ae16a3807ffe,src/slate/css/base.css,src/slate/css/base.css
CSS,100-300,mkdocs-mkdocs-bootswatch,c42014a0eabd8019c8f65b4d9731ae16a3807ffe,src/spacelab/css/base.css,src/spacelab/css/base.css
CSS,100-300,mkdocs-mkdocs-bootswatch,c42014a0eabd8019c8f65b4d9731ae16a3807ffe,src/united/css/base.css,src/united/css/base.css
CSS,100-300,mkdocs-mkdocs-bootswatch,c42014a0eabd8019c8f65b4d9731ae16a3807ffe,src/yeti/css/base.css,src/yeti/css/base.css
CSS,100-300,mkdocs-mkdocs-bootswatch,df699e19ed302a6e0e221320624794c113d96af5,mkdocs_bootswatch/slate/css/base.css,mkdocs_bootswatch/slate/css/base.css
CSS,100-300,mkdocs-mkdocs-bootswatch,df699e19ed302a6e0e221320624794c113d96af5,mkdocs_bootswatch/united/css/base.css,mkdocs_bootswatch/united/css/base.css
CSS,100-300,mkdocs-mkdocs-bootswatch,e43607720109ebfdc88e395a4909599827456e6c,mkdocs_bootswatch/cosmo/css/base.css,mkdocs_bootswatch/cosmo/css/base.css
CSS,100-300,mkdocs-mkdocs-bootswatch,ed3325cc0778b47e5944dc11f9c55119ca117996,mkdocs_bootswatch/spacelab/css/base.css,mkdocs_bootswatch/spacelab/css/base.css
CSS,100-300,mkdocs-mkdocs-bootswatch,ed3325cc0778b47e5944dc11f9c55119ca117996,mkdocs_bootswatch/united/css/base.css,mkdocs_bootswatch/united/css/base.css
CSS,100-300,mkdocs-mkdocs-bootswatch,f6e757bfcf4f97922f2aa782055bcb0d564b6ff1,mkdocs_bootswatch/cosmo/css/base.css,mkdocs_bootswatch/cosmo/css/base.css
CSS,100-300,mkdocs-mkdocs-bootswatch,fe6565cd67615fa75a878344f9427fec37630c8a,mkdocs_bootswatch/readable/css/base.css,mkdocs_bootswatch/readable/css/base.css
CSS,100-300,mkdocs-mkdocs-bootswatch,fe6565cd67615fa75a878344f9427fec37630c8a,mkdocs_bootswatch/spacelab/css/base.css,mkdocs_bootswatch/spacelab/css/base.css
CSS,100-300,mkdocs-mkdocs-bootswatch,fe6565cd67615fa75a878344f9427fec37630c8a,mkdocs_bootswatch/united/css/base.css,mkdocs_bootswatch/united/css/base.css
CSS,100-300,mkdocs-mkdocs-bootswatch,fe6565cd67615fa75a878344f9427fec37630c8a,src/simplex/css/base.css,src/simplex/css/base.css
CSS,100-300,mkdocs-mkdocs-bootswatch,fe6565cd67615fa75a878344f9427fec37630c8a,src/united/css/base.css,src/united/css/base.css
CSS,100-300,nana-4-materia-theme,1c3adde1ec3c6d82504687c58c18d0eac68fa86a,src/gtk-3.0/sass/apps/_unity.scss,src/gtk-3.0/sass/apps/_unity.scss
CSS,100-300,nana-4-materia-theme,2858108765c96b283c488c08949a31ebc8d2ebc8,src/gnome-shell/sass/components/misc/_keyboard.scss,src/gnome-shell/sass/components/misc/_keyboard.scss
CSS,100-300,nana-4-materia-theme,2c301631bd6d8f4bb6b5fe8bf8d6aaf04a27ed45,src/gnome-shell/sass/components/menu/_message-list.scss,src/gnome-shell/sass/components/menu/_message-list.scss
CSS,100-300,nana-4-materia-theme,4145dea0a9e1661e8605b7e614bbbbfaa371f9dd,src/gnome-shell/sass/_extensions.scss,src/gnome-shell/sass/_extensions.scss
CSS,100-300,nana-4-materia-theme,4145dea0a9e1661e8605b7e614bbbbfaa371f9dd,src/gtk-3.0/sass/apps/_xfce.scss,src/gtk-3.0/sass/apps/_xfce.scss
CSS,100-300,nana-4-materia-theme,6c813cfd721921417a90ed2fe0d0f78b320d35af,src/gtk-4.0/sass/_drawing.scss,src/gtk-4.0/sass/_drawing.scss
CSS,100-300,nana-4-materia-theme,93ba661379f2d04c3e66d6e7dae2b917813f080a,src/gnome-shell/sass/components/menu/_menu.scss,src/gnome-shell/sass/components/menu/_menu.scss
CSS,100-300,nana-4-materia-theme,a5bfb49467831b2573eb3730ce626f3dfa2fcdd1,src/cinnamon/sass/_extends.scss,src/cinnamon/sass/_extends.scss
CSS,100-300,nana-4-materia-theme,a5bfb49467831b2573eb3730ce626f3dfa2fcdd1,src/gnome-shell/sass/components/menu/_message-list.scss,src/gnome-shell/sass/components/menu/_message-list.scss
CSS,100-300,nana-4-materia-theme,a5bfb49467831b2573eb3730ce626f3dfa2fcdd1,src/gnome-shell/sass/components/panel/_panel.scss,src/gnome-shell/sass/components/panel/_panel.scss
CSS,100-300,nana-4-materia-theme,a77ea43f431e71371106d50a8b68ec6a8ab15dc7,src/gnome-shell/sass/components/panel/_panel.scss,src/gnome-shell/sass/components/panel/_panel.scss
CSS,100-300,nana-4-materia-theme,a9b0b4cacca364a56f2c4081b4656b289a941601,src/_theme.scss,src/_theme.scss
CSS,100-300,nana-4-materia-theme,b80b8156c357c8764705a2abf8127672ff888b10,src/gnome-shell/sass/components/overview/_window-picker.scss,src/gnome-shell/sass/components/overview/_window-picker.scss
CSS,100-300,nana-4-materia-theme,db5a8b23f4d9215e6623f812bc5d776858031469,src/_theme-color.scss,src/_theme-color.scss
CSS,100-300,nana-4-materia-theme,f23912b1b495a9de20d9ab08a8f6afc8bcb911d1,src/_theme.scss,src/_theme.scss
CSS,100-300,nana-4-materia-theme,fa2824fab13bdfddef09bebfa2d32180afaf516f,src/gnome-shell/sass/_drawing.scss,src/gnome-shell/sass/_drawing.scss
CSS,100-300,nana-4-materia-theme,fa2824fab13bdfddef09bebfa2d32180afaf516f,src/gnome-shell/sass/components/notification/_notification.scss,src/gnome-shell/sass/components/notification/_notification.scss
CSS,100-300,nana-4-materia-theme,fe2d50097c2d4788787c85e719b44747c679e253,src/gtk-4.0/sass/_drawing.scss,src/gtk-4.0/sass/_drawing.scss
CSS,100-300,numixproject-numix-gtk-theme,9e4844a70bc3eaab792c4992176e063570da4f41,src/gtk-3.20/scss/_global.scss,src/gtk-3.20/scss/_global.scss
CSS,100-300,plotly-dash,894fdd7838edb34d1e2e61f3eee7540cb5fdbc7c,dash/dash-renderer/src/components/error/menu/DebugMenu.css,dash/dash-renderer/src/components/error/menu/DebugMenu.css
CSS,100-300,ppvan-psequel,49c8a0ee6d96f5181eb9342ca9670a3592f661e6,resources/gtk/style.css,resources/gtk/style.css
CSS,100-300,ppvan-psequel,8d4f87460a4ee4ef14223f8f5931b3a0c236bfbf,resources/gtk/style.css,resources/gtk/style.css
CSS,100-300,ppvan-psequel,907a9ee26a4c41bc69ab30c762509a15f3adb753,resources/gtk/style.css,resources/gtk/style.css
CSS,100-300,ppvan-psequel,9fa313b4a675939595654224a5e2d2d74e0d39e4,resources/gtk/style.css,resources/gtk/style.css
CSS,100-300,pradyunsg-sphinx-basic-ng,9bfda645ed6afb0533efccabf396c5041e92418f,src/sphinx_basic_ng/theme/basic-ng/static/skeleton.css,src/sphinx_basic_ng/theme/basic-ng/static/skeleton.css
CSS,100-300,pradyunsg-sphinx-basic-ng,f717d9cbc1cf2e2046985e30a77e185fdd29877f,src/sphinx_basic_ng/theme/basic-ng/static/skeleton.css,src/sphinx_basic_ng/theme/basic-ng/static/skeleton.css
CSS,100-300,projg2-docutils-glep,98780ece36aa1ead998ee406c9568e03d666f48e,docutils_glep/html_writer/glep.css,docutils_glep/html_writer/glep.css
CSS,100-300,projg2-docutils-glep,aeba0949dc7b243b5d9fab5c913283d15dffc5ae,docutils_glep/html_writer/glep.css,docutils_glep/html_writer/glep.css
CSS,100-300,pyqtgraph-pyqtgraph,f84c9e367ba3fc4b4c7f2707054d8dff93e61ac7,doc/source/_static/custom.css,doc/source/_static/custom.css
CSS,100-300,qos-ch-cal10n,59eccd4d3ea2fce114473ea1608d9c5896294d8c,cal10n-site/src/site/pages/css/screen.css,cal10n-site/src/site/pages/css/screen.css
CSS,100-300,rektdeckard-departure-mono,2d66376ce405eb0c62ef6dc9f3c66af9c57caf3d,src/components/tester.css,src/components/tester.css
CSS,100-300,rektdeckard-departure-mono,791fd1d82f74694a48688601ce1d47b6911cb600,src/components/tester.css,src/components/tester.css
CSS,100-300,rsms-inter,97f7b2abcabc92cfa27f82243cf0674e34c3c35e,docs/inter.css,docs/inter.css
CSS,100-300,session-foundation-session-desktop,ed1a5671f9f701f420a918134f54d56eb679cf07,stylesheets/_global.scss,stylesheets/_global.scss
CSS,100-300,shiftkey-desktop,738b4465eb4eb090c9cb1b6a77da6535a6c2bff1,app/styles/ui/window/_title-bar.scss,app/styles/ui/window/_title-bar.scss
CSS,100-300,shimmerproject-Greybird,7e4507d7713b2aaf41f8cfef2a1a9e214a4d8b6f,dark/gtk-3.0/_xfce.scss,dark/gtk-3.0/_xfce.scss
CSS,100-300,shimmerproject-Greybird,7e4507d7713b2aaf41f8cfef2a1a9e214a4d8b6f,light/gtk-3.0/_xfce.scss,light/gtk-3.0/_xfce.scss
CSS,100-300,shimmerproject-Greybird,8117d84c43bb00c846150118892783a041d1de6b,dark/gtk-3.0/_xfce.scss,dark/gtk-3.0/_xfce.scss
CSS,100-300,shimmerproject-Greybird,8fccf605c5dc8895973fb49642a25bc6de774478,light/gtk-3.0/_xfce.scss,light/gtk-3.0/_xfce.scss
CSS,100-300,silnrsi-graphite,81913d6ab251b581fe52dcf1bfd49a973e3ac408,site/_sass/custom/custom.scss,site/_sass/custom/custom.scss
CSS,100-300,standardnotes-app,0c4ce38aa4caf8cbfd23a339e5bffff771e877f7,packages/web/src/javascripts/Components/SuperEditor/Lexical/Theme/lists.scss,packages/web/src/javascripts/Components/SuperEditor/Lexical/Theme/lists.scss
CSS,100-300,tokiclover-e-gtk-theme,717fa6f7a1de4cda1d82a9def1688e686e45e315,gtk-3.0/gtk.css,gtk-3.0/gtk.css
CSS,100-300,usebruno-bruno,59514127d53ba669a1e411d9112a3a24d5ba3ce9,packages/bruno-app/src/styles/globals.css,packages/bruno-app/src/styles/globals.css
CSS,100-300,wg-wrk,7cdede916a53da253c995767a92eec36a245a2cc,deps/luajit/doc/bluequad-print.css,deps/luajit/doc/bluequad-print.css
CSS,1000-3000,Beep6581-RawTherapee,a592b2dfc3c39f663d98f4757acd78ff8bfedf97,rtdata/themes/RawTherapee - Legacy-GTK3-20_.css,rtdata/themes/RawTherapee - Legacy-GTK3-20_.css
CSS,1000-3000,Beep6581-RawTherapee,b0ebab8e08601573c993a58703731ef1d56036ff,rtdata/themes/size.css,rtdata/themes/size.css
CSS,1000-3000,Beep6581-RawTherapee,b5abd46d0cfad8bd0cf9f1d63c46fe138c1b73c0,rtdata/themes/RawTherapee.css,rtdata/themes/RawTherapee.css
CSS,1000-3000,BlueBrain-highfive,c1e8b578bedf891104174d7bc3f58822fc657e91,doc/doxygen-awesome-css/doxygen-awesome.css,doc/doxygen-awesome-css/doxygen-awesome.css
CSS,1000-3000,DanRohde-webdavcgi,8d81365d9fdc58088ae7b65a9ff4d816446fe66f,htdocs/views/simple/style.css,htdocs/views/simple/style.css
CSS,1000-3000,DanRohde-webdavcgi,bae0f537a93aa235b81885abf578bbb3f7ea724c,htdocs/views/simple/style.css,htdocs/views/simple/style.css
CSS,1000-3000,DanRohde-webdavcgi,efd898852476a9b49a214bdc0356ae54a4543bc0,htdocs/views/simple/style.css,htdocs/views/simple/style.css
CSS,1000-3000,FortAwesome-Font-Awesome,41cfe644047fc3a4c49c22acc721cacc3e1021fe,js-packages/@fortawesome/fontawesome-free/css/v4-shims.css,js-packages/@fortawesome/fontawesome-free/css/v4-shims.css
CSS,1000-3000,FortAwesome-Font-Awesome,b476ed9aeef6ff16accd275eca515d4e08c3e724,css/brands.css,css/brands.css
CSS,1000-3000,FreshRSS-FreshRSS,1a3565f26c84ed82ef191effc70c5fa6e054e094,p/themes/Flat/flat.css,p/themes/Flat/flat.css
CSS,1000-3000,FreshRSS-FreshRSS,1a3565f26c84ed82ef191effc70c5fa6e054e094,p/themes/Nord/nord.rtl.css,p/themes/Nord/nord.rtl.css
CSS,1000-3000,FreshRSS-FreshRSS,1c92d55917029d291d00009b674d8552934a69ec,p/themes/Ansum/ansum.rtl.css,p/themes/Ansum/ansum.rtl.css
CSS,1000-3000,FreshRSS-FreshRSS,1c92d55917029d291d00009b674d8552934a69ec,p/themes/Swage/swage.css,p/themes/Swage/swage.css
CSS,1000-3000,GeopJr-Tuba,1b6c21cb8fafbea8dcbacbf0491b135f06a260fe,data/style.css,data/style.css
CSS,1000-3000,GeopJr-Tuba,2165daa3a42da5c7050518084be463570cd9934d,data/style.css,data/style.css
CSS,1000-3000,IBM-plex,6da032fe6714bdfd8438a26ed04b337e2cfb072f,packages/plex-sans-tc/fonts/split/woff/hinted/IBMPlexSansTC-Bold.css,packages/plex-sans-tc/fonts/split/woff/hinted/IBMPlexSansTC-Bold.css
CSS,1000-3000,IBM-plex,6da032fe6714bdfd8438a26ed04b337e2cfb072f,packages/plex-sans-tc/fonts/split/woff/hinted/IBMPlexSansTC-Regular.css,packages/plex-sans-tc/fonts/split/woff/hinted/IBMPlexSansTC-Regular.css
CSS,1000-3000,IBM-plex,6da032fe6714bdfd8438a26ed04b337e2cfb072f,packages/plex-sans-tc/fonts/split/woff/hinted/IBMPlexSansTC-Text.css,packages/plex-sans-tc/fonts/split/woff/hinted/IBMPlexSansTC-Text.css
CSS,1000-3000,IBM-plex,6da032fe6714bdfd8438a26ed04b337e2cfb072f,packages/plex-sans-tc/fonts/split/woff/unhinted/IBMPlexSansTC-ExtraLight.css,packages/plex-sans-tc/fonts/split/woff/unhinted/IBMPlexSansTC-ExtraLight.css
CSS,1000-3000,IBM-plex,6da032fe6714bdfd8438a26ed04b337e2cfb072f,packages/plex-sans-tc/fonts/split/woff/unhinted/IBMPlexSansTC-Light.css,packages/plex-sans-tc/fonts/split/woff/unhinted/IBMPlexSansTC-Light.css
CSS,1000-3000,IBM-plex,6da032fe6714bdfd8438a26ed04b337e2cfb072f,packages/plex-sans-tc/fonts/split/woff/unhinted/IBMPlexSansTC-Regular.css,packages/plex-sans-tc/fonts/split/woff/unhinted/IBMPlexSansTC-Regular.css
CSS,1000-3000,IBM-plex,6da032fe6714bdfd8438a26ed04b337e2cfb072f,packages/plex-sans-tc/fonts/split/woff/unhinted/IBMPlexSansTC-SemiBold.css,packages/plex-sans-tc/fonts/split/woff/unhinted/IBMPlexSansTC-SemiBold.css
CSS,1000-3000,IBM-plex,6da032fe6714bdfd8438a26ed04b337e2cfb072f,packages/plex-sans-tc/fonts/split/woff/unhinted/IBMPlexSansTC-Thin.css,packages/plex-sans-tc/fonts/split/woff/unhinted/IBMPlexSansTC-Thin.css
CSS,1000-3000,IBM-plex,6da032fe6714bdfd8438a26ed04b337e2cfb072f,packages/plex-sans-tc/fonts/split/woff2/hinted/IBMPlexSansTC-Thin.css,packages/plex-sans-tc/fonts/split/woff2/hinted/IBMPlexSansTC-Thin.css
CSS,1000-3000,IBM-plex,6da032fe6714bdfd8438a26ed04b337e2cfb072f,packages/plex-sans-tc/fonts/split/woff2/unhinted/IBMPlexSansTC-ExtraLight.css,packages/plex-sans-tc/fonts/split/woff2/unhinted/IBMPlexSansTC-ExtraLight.css
CSS,1000-3000,IBM-plex,6da032fe6714bdfd8438a26ed04b337e2cfb072f,packages/plex-sans-tc/fonts/split/woff2/unhinted/IBMPlexSansTC-Light.css,packages/plex-sans-tc/fonts/split/woff2/unhinted/IBMPlexSansTC-Light.css
CSS,1000-3000,IBM-plex,6da032fe6714bdfd8438a26ed04b337e2cfb072f,packages/plex-sans-tc/fonts/split/woff2/unhinted/IBMPlexSansTC-Medium.css,packages/plex-sans-tc/fonts/split/woff2/unhinted/IBMPlexSansTC-Medium.css
CSS,1000-3000,IBM-plex,6da032fe6714bdfd8438a26ed04b337e2cfb072f,packages/plex-sans-tc/fonts/split/woff2/unhinted/IBMPlexSansTC-SemiBold.css,packages/plex-sans-tc/fonts/split/woff2/unhinted/IBMPlexSansTC-SemiBold.css
CSS,1000-3000,IBM-plex,6da032fe6714bdfd8438a26ed04b337e2cfb072f,packages/plex-sans-tc/fonts/split/woff2/unhinted/IBMPlexSansTC-Text.css,packages/plex-sans-tc/fonts/split/woff2/unhinted/IBMPlexSansTC-Text.css
CSS,1000-3000,Simsys-qhexedit2,da3252c2609338474d841c1f2577280b5a8ba8d3,doc/html/doxygen.css,doc/html/doxygen.css
CSS,1000-3000,adapta-project-adapta-gtk-theme,4778791ec25cd6495c89c35f0ddd348631203568,gtk/sass/common/_misc.scss,gtk/sass/common/_misc.scss
CSS,1000-3000,adapta-project-adapta-gtk-theme,4c6b944408ca90e300140a0ed752ff835cf46e15,gtk/sass/common/_misc.scss,gtk/sass/common/_misc.scss
CSS,1000-3000,adapta-project-adapta-gtk-theme,59e461b52902691264c1a41c7469b04fa8a8331a,shell/sass/cinnamon/_common.scss,shell/sass/cinnamon/_common.scss
CSS,1000-3000,adapta-project-adapta-gtk-theme,bb6716102d02e2bf972925be904872e1e1521e23,gtk/sass/common/_misc.scss,gtk/sass/common/_misc.scss
CSS,1000-3000,adapta-project-adapta-gtk-theme,ed2477fcb1d06c9e66c5a3b09ad1f3e3b20551be,gtk/sass/common/_misc.scss,gtk/sass/common/_misc.scss
CSS,1000-3000,asciidoctor-asciidoctor,32a85be53827df09a53ccf4504f6076b8314417f,src/stylesheets/asciidoctor.css,src/stylesheets/asciidoctor.css
CSS,1000-3000,berndporr-iir1,4c139f20d1caf0c1f511f6de282bc795b17f4a2f,docs/doxygen.css,docs/doxygen.css
CSS,1000-3000,flightaware-dump1090,67f35a9a5fed8ae9a2c776eb9a98801101ff98f0,public_html/style.css,public_html/style.css
CSS,1000-3000,g-truc-glm,5913e3f486aa5b69ff1866fafd92485c8a90a415,doc/api/doxygen.css,doc/api/doxygen.css
CSS,1000-3000,gramps-project-gramps,d82eb0f460325702037e1f32ac9bc156f85dce2c,data/css/Web_Visually.css,data/css/Web_Visually.css
CSS,1000-3000,horst3180-vertex-theme,858a9e482be7c02bf02032bfe0c4707ae51954fa,common/gnome-shell/3.20/sass/_common.scss,common/gnome-shell/3.20/sass/_common.scss
CSS,1000-3000,horst3180-vertex-theme,9bdc9cb02b3abe5265d4c42044c52da8908f5455,common/gnome-shell/3.16/gnome-shell.css,common/gnome-shell/3.16/gnome-shell.css
CSS,1000-3000,horst3180-vertex-theme,9bdc9cb02b3abe5265d4c42044c52da8908f5455,common/gnome-shell/3.16/sass/_common.scss,common/gnome-shell/3.16/_common.scss
CSS,1000-3000,horst3180-vertex-theme,b74bdd5dfe88535cd8ef1f3b68dd59954a982ee1,common/gnome-shell/3.20/gnome-shell.css,common/gnome-shell/3.20/gnome-shell.css
CSS,1000-3000,ietf-tools-xml2rfc,a7650ffd4d361d8dfef0dbf3d97ecce1f5e0bc22,xml2rfc/data/xml2rfc.css,xml2rfc/data/xml2rfc.css
CSS,1000-3000,ietf-tools-xml2rfc,fd8bca6e7d7f2b98a76d17fd329467999df64944,xml2rfc/data/xml2rfc.css,xml2rfc/data/xml2rfc.css
CSS,1000-3000,iwalton3-jellyfin-web-jmp,fda6d3c9696d94838dfde652b674b378208bf389,src/assets/css/librarybrowser.scss,src/assets/css/librarybrowser.scss
CSS,1000-3000,jnsh-arc-theme,ef0900a99afdc9d85bf9c1f05adc43244731559e,common/cinnamon/5.4/sass/_common.scss,common/cinnamon/5.4/sass/_common.scss
CSS,1000-3000,jpfleury-clearlooks-phenix,0d4036be85ac2b26d65972a9484b0d95e3211214,gtk-3.0/gtk-widgets.css,gtk-3.0/gtk-widgets.css
CSS,1000-3000,jpfleury-clearlooks-phenix,0e6c2a7968af0e24bccb7ad96cd82439c928184f,gtk-3.0/gtk-widgets.css,gtk-3.0/gtk-widgets.css
CSS,1000-3000,jpfleury-clearlooks-phenix,0f5b415daa1cbe75914a3b79eedc975989e05603,gtk-3.0/gtk-widgets.css,gtk-3.0/gtk-widgets.css
CSS,1000-3000,jpfleury-clearlooks-phenix,3e886097fb9713419531976846f8b5ff8a2d1a69,gtk-3.0/gtk-widgets.css,gtk-3.0/gtk-widgets.css
CSS,1000-3000,jpfleury-clearlooks-phenix,5b3ae193b18c5a494c06be31166163c302fae479,gtk-3.0/gtk-widgets.css,gtk-3.0/gtk-widgets.css
CSS,1000-3000,jpfleury-clearlooks-phenix,69e9f3ed0a3e6a0e4eb96c69859db96869006f8b,gtk-3.0/gtk-widgets.css,gtk-3.0/gtk-widgets.css
CSS,1000-3000,jpfleury-clearlooks-phenix,778b1626a3028a0caeeb11861d4002539ab20fde,gtk-3.0/gtk-widgets.css,gtk-3.0/gtk-widgets.css
CSS,1000-3000,jpfleury-clearlooks-phenix,831bae2f8d6d1a90867ff452391c93bcfb996efa,gtk-3.0/gtk-widgets.css,gtk-3.0/gtk-widgets.css
CSS,1000-3000,jpfleury-clearlooks-phenix,87f1672aaa33d95e3d4ad5f7a53dd8e52fa3759a,gtk-3.0/gtk-widgets.css,gtk-3.0/gtk-widgets.css
CSS,1000-3000,jpfleury-clearlooks-phenix,88da99ed7ae3098a1143945eaa4f183dd1d74e50,gtk-3.0/gtk-widgets.css,gtk-3.0/gtk-widgets.css
CSS,1000-3000,jpfleury-clearlooks-phenix,99015c4b872eccfdfb14494e65b82096eadfc8fd,gtk-3.0/gtk-widgets.css,gtk-3.0/gtk-widgets.css
CSS,1000-3000,jpfleury-clearlooks-phenix,9985b2a0d70a2432b3f1a1288d7e3b0cae515c41,gtk-3.0/gtk-widgets.css,gtk-3.0/gtk-widgets.css
CSS,1000-3000,jpfleury-clearlooks-phenix,9998a5548ac004ea3034623ba005682bee3d2799,gtk-3.0/gtk-widgets.css,gtk-3.0/gtk-widgets.css
CSS,1000-3000,jpfleury-clearlooks-phenix,9c38f102f120efc6605c91a2b7e17572b5725a0f,gtk-3.0/gtk-widgets.css,gtk-3.0/gtk-widgets.css
CSS,1000-3000,jpfleury-clearlooks-phenix,ca2dedfc21b3c99a61d9dbddf36d344e68fbad2f,gtk-3.0/gtk-widgets.css,gtk-3.0/gtk-widgets.css
CSS,1000-3000,jpfleury-clearlooks-phenix,d66f107c5afcad496eb73c5c5e39d7369552f149,gtk-3.0/gtk-widgets.css,gtk-3.0/gtk-widgets.css
CSS,1000-3000,jpfleury-clearlooks-phenix,d8d397d0cb3602f94f8c8648edd950daf451923c,gtk-3.0/gtk-widgets.css,gtk-3.0/gtk-widgets.css
CSS,1000-3000,jpfleury-clearlooks-phenix,dd2d7cd38f604502ee89dc52e7a1f3540b527706,gtk-3.0/gtk-widgets.css,gtk-3.0/gtk-widgets.css
CSS,1000-3000,jpfleury-clearlooks-phenix,e1073c489bc37f9edf908c6a2419643f58eb6327,gtk-3.0/gtk-widgets.css,gtk-3.0/gtk-widgets.css
CSS,1000-3000,jpfleury-clearlooks-phenix,e8b1285feba253b271802ca548a32a0c31263f5d,gtk-3.0/gtk-widgets.css,gtk-3.0/gtk-widgets.css
CSS,1000-3000,lassekongo83-zuki-themes,0b6eacd73cb5fe1050eea3a85fcbafe74f222a3d,gtk/src/Zukitre/gtk-3.0/gtk-dark.css,gtk/src/Zukitre/gtk-3.0/gtk-dark.css
CSS,1000-3000,lassekongo83-zuki-themes,0b6eacd73cb5fe1050eea3a85fcbafe74f222a3d,gtk/src/Zukitre/gtk-3.0/gtk-zukitwo-dark.css,gtk/src/Zukitwo/gtk-3.0/gtk-dark.css
CSS,1000-3000,lassekongo83-zuki-themes,0b6eacd73cb5fe1050eea3a85fcbafe74f222a3d,gtk/src/Zukitre/gtk-3.0/gtk-zukitwo.css,gtk/src/Zukitwo/gtk-3.0/gtk.css
CSS,1000-3000,lassekongo83-zuki-themes,0b6eacd73cb5fe1050eea3a85fcbafe74f222a3d,gtk/src/Zukitre/gtk-3.0/gtk.css,gtk/src/Zukitre/gtk-3.0/gtk.css
CSS,1000-3000,lassekongo83-zuki-themes,10ef5d64fae1d148bec2b392e9f99d396b108253,gnome-shell/src/gnome-shell.css,gnome-shell/src/gnome-shell.css
CSS,1000-3000,lassekongo83-zuki-themes,115c867bc2950a35ca420fca8d81523fa8635151,gtk/src/Zukitre/gtk-3.0/gtk-dark.css,gtk/src/Zukitre/gtk-3.0/gtk-dark.css
CSS,1000-3000,lassekongo83-zuki-themes,186d9e928121957407a17ce18d7326eb22cb1435,gtk/src/Zukitwo/gtk-3.0/gtk-dark.css,gtk/src/Zukitwo/gtk-3.0/gtk-dark.css
CSS,1000-3000,lassekongo83-zuki-themes,186d9e928121957407a17ce18d7326eb22cb1435,gtk/src/Zukitwo/gtk-3.0/gtk.css,gtk/src/Zukitwo/gtk-3.0/gtk.css
CSS,1000-3000,lassekongo83-zuki-themes,1959a7467fee90dee7645235c5a385067a02828d,gnome-shell/src/gnome-shell-high-contrast.css,gnome-shell/src/gnome-shell-high-contrast.css
CSS,1000-3000,lassekongo83-zuki-themes,1959a7467fee90dee7645235c5a385067a02828d,gnome-shell/src/gnome-shell-sass/_common.scss,gnome-shell/src/gnome-shell-sass/_common.scss
CSS,1000-3000,lassekongo83-zuki-themes,1959a7467fee90dee7645235c5a385067a02828d,gnome-shell/src/gnome-shell.css,gnome-shell/src/gnome-shell.css
CSS,1000-3000,lassekongo83-zuki-themes,3f9ac3f52ade2c3391415b992f3692378a88eee3,gtk/src/Zukitre/gtk-3.0/gtk-dark.css,gtk/src/Zukitre/gtk-3.0/gtk-dark.css
CSS,1000-3000,lassekongo83-zuki-themes,3f9ac3f52ade2c3391415b992f3692378a88eee3,gtk/src/Zukitre/gtk-3.0/gtk.css,gtk/src/Zukitre/gtk-3.0/gtk.css
CSS,1000-3000,lassekongo83-zuki-themes,486534bafe42536114ed73c934b0cc914d71d13c,gtk/src/Zukitwo/gtk-3.0/gtk-dark.css,gtk/src/Zukitwo/gtk-3.0/gtk-dark.css
CSS,1000-3000,lassekongo83-zuki-themes,486534bafe42536114ed73c934b0cc914d71d13c,gtk/src/Zukitwo/gtk-3.0/gtk.css,gtk/src/Zukitwo/gtk-3.0/gtk.css
CSS,1000-3000,lassekongo83-zuki-themes,4b53ae38ec952d6ae2973598e36d14f5a1949965,gtk/src/Zukitre/gtk-3.0/gtk.css,gtk/src/Zukitre/gtk-3.0/gtk.css
CSS,1000-3000,lassekongo83-zuki-themes,4f6eb0663463c2c1bec5ca8622cc5fc950239218,gtk/src/Zukitre/gtk-3.0/gtk-dark.css,gtk/src/Zukitre/gtk-3.0/gtk-dark.css
CSS,1000-3000,lassekongo83-zuki-themes,4f6eb0663463c2c1bec5ca8622cc5fc950239218,gtk/src/Zukitre/gtk-3.0/gtk.css,gtk/src/Zukitre/gtk-3.0/gtk.css
CSS,1000-3000,lassekongo83-zuki-themes,55a7b48cdd224a89adfd5afa8b91954876e836f5,gtk/src/Zukitre/gtk-3.0/gtk-dark.css,gtk/src/Zukitre/gtk-3.0/gtk-dark.css
CSS,1000-3000,lassekongo83-zuki-themes,55a7b48cdd224a89adfd5afa8b91954876e836f5,gtk/src/Zukitre/gtk-3.0/gtk.css,gtk/src/Zukitre/gtk-3.0/gtk.css
CSS,1000-3000,lassekongo83-zuki-themes,55a7b48cdd224a89adfd5afa8b91954876e836f5,gtk/src/Zukitwo/gtk-3.0/gtk-dark.css,gtk/src/Zukitwo/gtk-3.0/gtk-dark.css
CSS,1000-3000,lassekongo83-zuki-themes,6643f03a0a00b0b33b238fa417c6993a2c32b303,gtk/src/Zukitre/gtk-3.0/gtk-dark.css,gtk/src/Zukitre/gtk-3.0/gtk-dark.css
CSS,1000-3000,lassekongo83-zuki-themes,6643f03a0a00b0b33b238fa417c6993a2c32b303,gtk/src/Zukitre/gtk-3.0/gtk.css,gtk/src/Zukitre/gtk-3.0/gtk.css
CSS,1000-3000,lassekongo83-zuki-themes,6643f03a0a00b0b33b238fa417c6993a2c32b303,gtk/src/Zukitwo/gtk-3.0/gtk-dark.css,gtk/src/Zukitwo/gtk-3.0/gtk-dark.css
CSS,1000-3000,lassekongo83-zuki-themes,7763c4771cb239f1b0d9147c81bdcaf026571840,gtk/src/Zukitre/gtk-3.0/gtk.css,gtk/src/Zukitre/gtk-3.0/gtk.css
CSS,1000-3000,lassekongo83-zuki-themes,7763c4771cb239f1b0d9147c81bdcaf026571840,gtk/src/Zukitwo/gtk-3.0/gtk-dark.css,gtk/src/Zukitwo/gtk-3.0/gtk-dark.css
CSS,1000-3000,lassekongo83-zuki-themes,7763c4771cb239f1b0d9147c81bdcaf026571840,gtk/src/Zukitwo/gtk-3.0/gtk.css,gtk/src/Zukitwo/gtk-3.0/gtk.css
CSS,1000-3000,lassekongo83-zuki-themes,78c00b5fc3cd6c6f62dbdce4499e659a187c7a11,gtk/src/Zukitre/gtk-3.0/gtk.css,gtk/src/Zukitre/gtk-3.0/gtk.css
CSS,1000-3000,lassekongo83-zuki-themes,78c00b5fc3cd6c6f62dbdce4499e659a187c7a11,gtk/src/Zukitwo/gtk-3.0/gtk-dark.css,gtk/src/Zukitwo/gtk-3.0/gtk-dark.css
CSS,1000-3000,lassekongo83-zuki-themes,871b349af92c8b79712b525bdcf7a852aba7f65b,gtk/src/Zukitre/gtk-3.0/gtk.css,gtk/src/Zukitre/gtk-3.0/gtk.css
CSS,1000-3000,lassekongo83-zuki-themes,871b349af92c8b79712b525bdcf7a852aba7f65b,gtk/src/Zukitwo/gtk-3.0/gtk.css,gtk/src/Zukitwo/gtk-3.0/gtk.css
CSS,1000-3000,lassekongo83-zuki-themes,984c908e28a496bd23bfb883eb8dfdf564cbd8ad,gtk/src/Zukitre/gtk-3.0/gtk-dark.css,gtk/src/Zukitre/gtk-3.0/gtk-dark.css
CSS,1000-3000,lassekongo83-zuki-themes,984c908e28a496bd23bfb883eb8dfdf564cbd8ad,gtk/src/Zukitwo/gtk-3.0/gtk-dark.css,gtk/src/Zukitwo/gtk-3.0/gtk-dark.css
CSS,1000-3000,lassekongo83-zuki-themes,984c908e28a496bd23bfb883eb8dfdf564cbd8ad,gtk/src/Zukitwo/gtk-3.0/gtk.css,gtk/src/Zukitwo/gtk-3.0/gtk.css
CSS,1000-3000,lassekongo83-zuki-themes,9cf9db396b6446ee8d613146b6b41c2a34a9cc4f,gtk/src/Zukitre/gtk-3.0/gtk.css,gtk/src/Zukitre/gtk-3.0/gtk.css
CSS,1000-3000,lassekongo83-zuki-themes,9cf9db396b6446ee8d613146b6b41c2a34a9cc4f,gtk/src/Zukitwo/gtk-3.0/gtk-dark.css,gtk/src/Zukitwo/gtk-3.0/gtk-dark.css
CSS,1000-3000,lassekongo83-zuki-themes,a15e361c2fef6f1ccb68e09655a5f941cab5b569,gtk/src/Zukitre/gtk-3.0/gtk-alt-header.css,gtk/src/Zukitre/gtk-3.0/gtk-alt-header.css
CSS,1000-3000,lassekongo83-zuki-themes,a15e361c2fef6f1ccb68e09655a5f941cab5b569,gtk/src/Zukitre/gtk-3.0/gtk.css,gtk/src/Zukitre/gtk-3.0/gtk.css
CSS,1000-3000,lassekongo83-zuki-themes,a15e361c2fef6f1ccb68e09655a5f941cab5b569,gtk/src/Zukitwo/gtk-3.0/gtk.css,gtk/src/Zukitwo/gtk-3.0/gtk.css
CSS,1000-3000,lassekongo83-zuki-themes,ab593febcb73aafc44bebb51f0ae022bc8b1d67c,gtk/src/Zukitwo/gtk-3.0/gtk-dark.css,gtk/src/Zukitwo/gtk-3.0/gtk-dark.css
CSS,1000-3000,lassekongo83-zuki-themes,ab593febcb73aafc44bebb51f0ae022bc8b1d67c,gtk/src/Zukitwo/gtk-3.0/gtk.css,gtk/src/Zukitwo/gtk-3.0/gtk.css
CSS,1000-3000,lassekongo83-zuki-themes,c62152b05916ff794fd08734e9534f9c67b89fa6,gtk/src/Zukitre/gtk-3.0/gtk.css,gtk/src/Zukitre/gtk-3.0/gtk.css
CSS,1000-3000,lassekongo83-zuki-themes,c62152b05916ff794fd08734e9534f9c67b89fa6,gtk/src/Zukitwo/gtk-3.0/gtk.css,gtk/src/Zukitwo/gtk-3.0/gtk.css
CSS,1000-3000,lassekongo83-zuki-themes,c95c711b3e0c4e4e8e0c92f8a10c8dd8032251b1,gtk/src/Zukitre/gtk-3.0/gtk-zukitwo-dark.css,gtk/src/Zukitre/gtk-3.0/gtk-zukitwo-dark.css
CSS,1000-3000,lassekongo83-zuki-themes,c95c711b3e0c4e4e8e0c92f8a10c8dd8032251b1,gtk/src/Zukitre/gtk-3.0/gtk.css,gtk/src/Zukitre/gtk-3.0/gtk.css
CSS,1000-3000,lassekongo83-zuki-themes,c95c711b3e0c4e4e8e0c92f8a10c8dd8032251b1,gtk/src/Zukitre/gtk-4.0/gtk-dark.css,gtk/src/Zukitre/gtk-4.0/gtk-dark.css
CSS,1000-3000,lassekongo83-zuki-themes,c95c711b3e0c4e4e8e0c92f8a10c8dd8032251b1,gtk/src/Zukitre/gtk-4.0/gtk-zukitwo.css,gtk/src/Zukitre/gtk-4.0/gtk-zukitwo.css
CSS,1000-3000,lassekongo83-zuki-themes,cd625c6a2169a353b6a63c64f5f33a212f2453cb,gnome-shell/src/gnome-shell.css,gnome-shell/src/gnome-shell.css
CSS,1000-3000,lassekongo83-zuki-themes,cee2c604abc6c168fac320a9e134061d68072ef4,gtk/src/Zukitwo/gtk-3.0/gtk-dark.css,gtk/src/Zukitwo/gtk-3.0/gtk-dark.css
CSS,1000-3000,lassekongo83-zuki-themes,e9654130d118a4c4bfc0e26e3c39e40de97e8eba,gtk/src/Zukitre/gtk-3.0/gtk-dark.css,gtk/src/Zukitre/gtk-3.0/gtk-dark.css
CSS,1000-3000,lassekongo83-zuki-themes,e9654130d118a4c4bfc0e26e3c39e40de97e8eba,gtk/src/Zukitwo/gtk-3.0/gtk-dark.css,gtk/src/Zukitwo/gtk-3.0/gtk-dark.css
CSS,1000-3000,lassekongo83-zuki-themes,ec87470319ff91e63043860c9c4ec195fd82ce12,gnome-shell/src/gnome-shell.css,gnome-shell/src/gnome-shell.css
CSS,1000-3000,lassekongo83-zuki-themes,f1bc56dd7973e7be4adfd3fa2f349c0cf9051365,gtk/src/Zukitre/gtk-3.0/gtk-dark.css,gtk/src/Zukitre/gtk-3.0/gtk-dark.css
CSS,1000-3000,lassekongo83-zuki-themes,f1bc56dd7973e7be4adfd3fa2f349c0cf9051365,gtk/src/Zukitre/gtk-3.0/gtk.css,gtk/src/Zukitre/gtk-3.0/gtk.css
CSS,1000-3000,lassekongo83-zuki-themes,f1bc56dd7973e7be4adfd3fa2f349c0cf9051365,gtk/src/Zukitwo/gtk-3.0/gtk.css,gtk/src/Zukitwo/gtk-3.0/gtk.css
CSS,1000-3000,lassekongo83-zuki-themes,f7fe452c9386a15ca6a8b039a17ffa2693935647,gtk/src/Zukitre/gtk-3.0/gtk-dark.css,gtk/src/Zukitre/gtk-3.0/gtk-dark.css
CSS,1000-3000,lassekongo83-zuki-themes,f7fe452c9386a15ca6a8b039a17ffa2693935647,gtk/src/Zukitwo/gtk-3.0/gtk-dark.css,gtk/src/Zukitwo/gtk-3.0/gtk-dark.css
CSS,1000-3000,libimobiledevice-libimobiledevice,1fb6b3d1eb64f29ec6d82662a3ca0f9161878017,docs/doxygen/custom.css,docs/doxygen/custom.css
CSS,1000-3000,madmaxms-theme-obsidian-2,100012f5b82070700e3b1124f60161fabacadbdf,Obsidian-2/gnome-shell/gnome-shell.css,Obsidian-2/gnome-shell/gnome-shell.css
CSS,1000-3000,madmaxms-theme-obsidian-2,10938ed7effa7c5be35d53c59c0f88b19f70529f,Obsidian-2/cinnamon/cinnamon.css,Obsidian-2/cinnamon/cinnamon.css
CSS,1000-3000,madmaxms-theme-obsidian-2,19677c6fff1433d01449dc9a49a2e632fa24b84e,Obsidian-2/cinnamon/cinnamon.css,Obsidian-2/cinnamon/cinnamon.css
CSS,1000-3000,madmaxms-theme-obsidian-2,615dfc0d65c36c450b6f334acc671277a4c2cf53,Obsidian-2/cinnamon/cinnamon.css,Obsidian-2/cinnamon/cinnamon.css
CSS,1000-3000,madmaxms-theme-obsidian-2,ce5adad48265d214e04ae7859784f01d68b37376,Obsidian-2/cinnamon/cinnamon.css,Obsidian-2/cinnamon/cinnamon.css
CSS,1000-3000,microsoft-mimalloc,98699c983a7f76fa8520d4658b44da8f37084204,docs/doxygen.css,docs/doxygen.css
CSS,1000-3000,microsoft-mimalloc,e64684c9f941fa3485adef197de67463b0e74435,docs/doxygen.css,docs/doxygen.css
CSS,1000-3000,nana-4-materia-theme,2858108765c96b283c488c08949a31ebc8d2ebc8,src/cinnamon/sass/_common.scss,src/cinnamon/sass/_common.scss
CSS,1000-3000,nana-4-materia-theme,4145dea0a9e1661e8605b7e614bbbbfaa371f9dd,src/gtk-3.0/sass/apps/_gnome.scss,src/gtk-3.0/sass/apps/_gnome.scss
CSS,1000-3000,nana-4-materia-theme,6c813cfd721921417a90ed2fe0d0f78b320d35af,src/gtk-3.0/sass/apps/_gnome.scss,src/gtk-3.0/sass/apps/_gnome.scss
CSS,1000-3000,nana-4-materia-theme,fe2d50097c2d4788787c85e719b44747c679e253,src/cinnamon/sass/_common.scss,src/cinnamon/sass/_common.scss
CSS,1000-3000,nzbgetcom-nzbget.git,1a8e71e8fd3f70500418f284f2ae2e368530a5f8,webui/style.css,webui/style.css
CSS,1000-3000,nzbgetcom-nzbget.git,84fd8b1e2e306e83c279fdbacac3c5d72fcc1c83,webui/style.css,webui/style.css
CSS,1000-3000,ruby-rdoc,17aaa8f32788a278580de0e3f1b43350acab311d,lib/rdoc/generator/template/aliki/css/rdoc.css,lib/rdoc/generator/template/aliki/css/rdoc.css
CSS,1000-3000,ruby-rdoc,f2d18923991c0f4d49213cedd377541b43d0279d,lib/rdoc/generator/template/aliki/css/rdoc.css,lib/rdoc/generator/template/aliki/css/rdoc.css
CSS,1000-3000,texstudio-org-texstudio,1d9c2419650828c61f9ca98ca1c6c4f458063ba9,utilities/manual/build/html/_static/styles/furo.css,utilities/manual/build/html/_static/styles/furo.css
CSS,30-100,FortAwesome-Font-Awesome,b476ed9aeef6ff16accd275eca515d4e08c3e724,js-packages/@fortawesome/fontawesome-free/scss/brands.scss,js-packages/@fortawesome/fontawesome-free/scss/brands.scss
CSS,30-100,FortAwesome-Font-Awesome,b476ed9aeef6ff16accd275eca515d4e08c3e724,js-packages/@fortawesome/fontawesome-free/scss/solid.scss,js-packages/@fortawesome/fontawesome-free/scss/solid.scss
CSS,30-100,FreshRSS-FreshRSS,1a3565f26c84ed82ef191effc70c5fa6e054e094,p/themes/Mapco/_list-view.css,p/themes/Mapco/_list-view.css
CSS,30-100,FreshRSS-FreshRSS,1c92d55917029d291d00009b674d8552934a69ec,p/themes/Ansum/_configuration.css,p/themes/Ansum/_configuration.scss
CSS,30-100,FreshRSS-FreshRSS,1c92d55917029d291d00009b674d8552934a69ec,p/themes/Mapco/_configuration.css,p/themes/Mapco/_configuration.scss
CSS,30-100,FreshRSS-FreshRSS,1c92d55917029d291d00009b674d8552934a69ec,p/themes/Mapco/_list-view.css,p/themes/Mapco/_list-view.scss
CSS,30-100,Gaius-Augustus-Augustus,f3cfb15a7135cb5504bc29d9e51ada2eb4ef0825,docs/tutorial-cgp/augustus.css,docs/tutorial-cgp/augustus.css
CSS,30-100,Heroic-Games-Launcher-HeroicGamesLauncher,47d0caeb38fe690dcd836afe455bee32c1fd3cd7,src/frontend/screens/WebView/index.css,src/frontend/screens/WebView/index.css
CSS,30-100,IBM-plex,1a0ce530bd85af820e76deb84da3cbf99a592b58,IBM-Plex-Mono/fonts/split/woff/IBMPlexMono-ExtraLightItalic.css,IBM-Plex-Mono/fonts/split/woff/IBMPlexMono-ExtraLightItalic.css
CSS,30-100,IBM-plex,1a0ce530bd85af820e76deb84da3cbf99a592b58,IBM-Plex-Mono/fonts/split/woff/IBMPlexMono-Light.css,IBM-Plex-Mono/fonts/split/woff/IBMPlexMono-Light.css
CSS,30-100,IBM-plex,1a0ce530bd85af820e76deb84da3cbf99a592b58,IBM-Plex-Mono/fonts/split/woff/IBMPlexMono-LightItalic.css,IBM-Plex-Mono/fonts/split/woff/IBMPlexMono-LightItalic.css
CSS,30-100,IBM-plex,1a0ce530bd85af820e76deb84da3cbf99a592b58,IBM-Plex-Mono/fonts/split/woff/IBMPlexMono-MediumItalic.css,IBM-Plex-Mono/fonts/split/woff/IBMPlexMono-MediumItalic.css
CSS,30-100,IBM-plex,1a0ce530bd85af820e76deb84da3cbf99a592b58,IBM-Plex-Mono/fonts/split/woff/IBMPlexMono-Regular.css,IBM-Plex-Mono/fonts/split/woff/IBMPlexMono-Regular.css
CSS,30-100,IBM-plex,1a0ce530bd85af820e76deb84da3cbf99a592b58,IBM-Plex-Mono/fonts/split/woff/IBMPlexMono-ThinItalic.css,IBM-Plex-Mono/fonts/split/woff/IBMPlexMono-ThinItalic.css
CSS,30-100,IBM-plex,1a0ce530bd85af820e76deb84da3cbf99a592b58,IBM-Plex-Mono/fonts/split/woff2/IBMPlexMono-Regular.css,IBM-Plex-Mono/fonts/split/woff2/IBMPlexMono-Regular.css
CSS,30-100,IBM-plex,1a0ce530bd85af820e76deb84da3cbf99a592b58,IBM-Plex-Sans/fonts/split/woff/IBMPlexSans-BoldItalic.css,IBM-Plex-Sans/fonts/split/woff/IBMPlexSans-BoldItalic.css
CSS,30-100,IBM-plex,1a0ce530bd85af820e76deb84da3cbf99a592b58,IBM-Plex-Sans/fonts/split/woff/IBMPlexSans-ExtraLight.css,IBM-Plex-Sans/fonts/split/woff/IBMPlexSans-ExtraLight.css
CSS,30-100,IBM-plex,1a0ce530bd85af820e76deb84da3cbf99a592b58,IBM-Plex-Sans/fonts/split/woff/IBMPlexSans-LightItalic.css,IBM-Plex-Sans/fonts/split/woff/IBMPlexSans-LightItalic.css
CSS,30-100,IBM-plex,1a0ce530bd85af820e76deb84da3cbf99a592b58,IBM-Plex-Sans/fonts/split/woff/IBMPlexSans-Thin.css,IBM-Plex-Sans/fonts/split/woff/IBMPlexSans-Thin.css
CSS,30-100,IBM-plex,1a0ce530bd85af820e76deb84da3cbf99a592b58,IBM-Plex-Sans/fonts/split/woff2/IBMPlexSans-ExtraLight.css,IBM-Plex-Sans/fonts/split/woff2/IBMPlexSans-ExtraLight.css
CSS,30-100,IBM-plex,1a0ce530bd85af820e76deb84da3cbf99a592b58,IBM-Plex-Sans/fonts/split/woff2/IBMPlexSans-ExtraLightItalic.css,IBM-Plex-Sans/fonts/split/woff2/IBMPlexSans-ExtraLightItalic.css
CSS,30-100,IBM-plex,1a0ce530bd85af820e76deb84da3cbf99a592b58,IBM-Plex-Sans/fonts/split/woff2/IBMPlexSans-LightItalic.css,IBM-Plex-Sans/fonts/split/woff2/IBMPlexSans-LightItalic.css
CSS,30-100,IBM-plex,1a0ce530bd85af820e76deb84da3cbf99a592b58,IBM-Plex-Sans/fonts/split/woff2/IBMPlexSans-SemiBold.css,IBM-Plex-Sans/fonts/split/woff2/IBMPlexSans-SemiBold.css
CSS,30-100,IBM-plex,1a0ce530bd85af820e76deb84da3cbf99a592b58,IBM-Plex-Sans/fonts/split/woff2/IBMPlexSans-Thin.css,IBM-Plex-Sans/fonts/split/woff2/IBMPlexSans-Thin.css
CSS,30-100,IBM-plex,1a0ce530bd85af820e76deb84da3cbf99a592b58,IBM-Plex-Serif/fonts/split/woff/IBMPlexSerif-Light.css,IBM-Plex-Serif/fonts/split/woff/IBMPlexSerif-Light.css
CSS,30-100,IBM-plex,1a0ce530bd85af820e76deb84da3cbf99a592b58,IBM-Plex-Serif/fonts/split/woff/IBMPlexSerif-LightItalic.css,IBM-Plex-Serif/fonts/split/woff/IBMPlexSerif-LightItalic.css
CSS,30-100,IBM-plex,1a0ce530bd85af820e76deb84da3cbf99a592b58,IBM-Plex-Serif/fonts/split/woff/IBMPlexSerif-Medium.css,IBM-Plex-Serif/fonts/split/woff/IBMPlexSerif-Medium.css
CSS,30-100,IBM-plex,1a0ce530bd85af820e76deb84da3cbf99a592b58,IBM-Plex-Serif/fonts/split/woff2/IBMPlexSerif-ExtraLight.css,IBM-Plex-Serif/fonts/split/woff2/IBMPlexSerif-ExtraLight.css
CSS,30-100,IBM-plex,1a0ce530bd85af820e76deb84da3cbf99a592b58,IBM-Plex-Serif/fonts/split/woff2/IBMPlexSerif-LightItalic.css,IBM-Plex-Serif/fonts/split/woff2/IBMPlexSerif-LightItalic.css
CSS,30-100,IBM-plex,1a0ce530bd85af820e76deb84da3cbf99a592b58,IBM-Plex-Serif/fonts/split/woff2/IBMPlexSerif-Medium.css,IBM-Plex-Serif/fonts/split/woff2/IBMPlexSerif-Medium.css
CSS,30-100,IBM-plex,a4e292151ee177d98a370ae442895d10d79ccb2b,IBM-Plex-Mono/fonts/split/woff/IBMPlexMono-Italic.css,IBM-Plex-Mono/fonts/split/woff/IBMPlexMono-Italic.css
CSS,30-100,IBM-plex,a4e292151ee177d98a370ae442895d10d79ccb2b,IBM-Plex-Mono/fonts/split/woff/IBMPlexMono-Light.css,IBM-Plex-Mono/fonts/split/woff/IBMPlexMono-Light.css
CSS,30-100,IBM-plex,a4e292151ee177d98a370ae442895d10d79ccb2b,IBM-Plex-Mono/fonts/split/woff/IBMPlexMono-LightItalic.css,IBM-Plex-Mono/fonts/split/woff/IBMPlexMono-LightItalic.css
CSS,30-100,IBM-plex,a4e292151ee177d98a370ae442895d10d79ccb2b,IBM-Plex-Mono/fonts/split/woff/IBMPlexMono-MediumItalic.css,IBM-Plex-Mono/fonts/split/woff/IBMPlexMono-MediumItalic.css
CSS,30-100,IBM-plex,a4e292151ee177d98a370ae442895d10d79ccb2b,IBM-Plex-Mono/fonts/split/woff2/IBMPlexMono-Italic.css,IBM-Plex-Mono/fonts/split/woff2/IBMPlexMono-Italic.css
CSS,30-100,IBM-plex,a4e292151ee177d98a370ae442895d10d79ccb2b,IBM-Plex-Sans/fonts/split/woff/IBMPlexSans-Italic.css,IBM-Plex-Sans/fonts/split/woff/IBMPlexSans-Italic.css
CSS,30-100,IBM-plex,a4e292151ee177d98a370ae442895d10d79ccb2b,IBM-Plex-Sans/fonts/split/woff/IBMPlexSans-TextItalic.css,IBM-Plex-Sans/fonts/split/woff/IBMPlexSans-TextItalic.css
CSS,30-100,IBM-plex,a4e292151ee177d98a370ae442895d10d79ccb2b,IBM-Plex-Sans/fonts/split/woff/IBMPlexSans-Thin.css,IBM-Plex-Sans/fonts/split/woff/IBMPlexSans-Thin.css
CSS,30-100,IBM-plex,a4e292151ee177d98a370ae442895d10d79ccb2b,IBM-Plex-Sans/fonts/split/woff2/IBMPlexSans-Medium.css,IBM-Plex-Sans/fonts/split/woff2/IBMPlexSans-Medium.css
CSS,30-100,IBM-plex,a4e292151ee177d98a370ae442895d10d79ccb2b,IBM-Plex-Sans/fonts/split/woff2/IBMPlexSans-Regular.css,IBM-Plex-Sans/fonts/split/woff2/IBMPlexSans-Regular.css
CSS,30-100,IBM-plex,a4e292151ee177d98a370ae442895d10d79ccb2b,IBM-Plex-Serif/fonts/split/woff/IBMPlexSerif-Bold.css,IBM-Plex-Serif/fonts/split/woff/IBMPlexSerif-Bold.css
CSS,30-100,IBM-plex,a4e292151ee177d98a370ae442895d10d79ccb2b,IBM-Plex-Serif/fonts/split/woff/IBMPlexSerif-BoldItalic.css,IBM-Plex-Serif/fonts/split/woff/IBMPlexSerif-BoldItalic.css
CSS,30-100,IBM-plex,a4e292151ee177d98a370ae442895d10d79ccb2b,IBM-Plex-Serif/fonts/split/woff/IBMPlexSerif-Italic.css,IBM-Plex-Serif/fonts/split/woff/IBMPlexSerif-Italic.css
CSS,30-100,IBM-plex,a4e292151ee177d98a370ae442895d10d79ccb2b,IBM-Plex-Serif/fonts/split/woff/IBMPlexSerif-Light.css,IBM-Plex-Serif/fonts/split/woff/IBMPlexSerif-Light.css
CSS,30-100,IBM-plex,a4e292151ee177d98a370ae442895d10d79ccb2b,IBM-Plex-Serif/fonts/split/woff/IBMPlexSerif-LightItalic.css,IBM-Plex-Serif/fonts/split/woff/IBMPlexSerif-LightItalic.css
CSS,30-100,IBM-plex,a4e292151ee177d98a370ae442895d10d79ccb2b,IBM-Plex-Serif/fonts/split/woff/IBMPlexSerif-Text.css,IBM-Plex-Serif/fonts/split/woff/IBMPlexSerif-Text.css
CSS,30-100,IBM-plex,a4e292151ee177d98a370ae442895d10d79ccb2b,IBM-Plex-Serif/fonts/split/woff/IBMPlexSerif-ThinItalic.css,IBM-Plex-Serif/fonts/split/woff/IBMPlexSerif-ThinItalic.css
CSS,30-100,IBM-plex,a4e292151ee177d98a370ae442895d10d79ccb2b,IBM-Plex-Serif/fonts/split/woff2/IBMPlexSerif-ExtraLight.css,IBM-Plex-Serif/fonts/split/woff2/IBMPlexSerif-ExtraLight.css
CSS,30-100,IBM-plex,a4e292151ee177d98a370ae442895d10d79ccb2b,IBM-Plex-Serif/fonts/split/woff2/IBMPlexSerif-Light.css,IBM-Plex-Serif/fonts/split/woff2/IBMPlexSerif-Light.css
CSS,30-100,IBM-plex,a4e292151ee177d98a370ae442895d10d79ccb2b,IBM-Plex-Serif/fonts/split/woff2/IBMPlexSerif-SemiBold.css,IBM-Plex-Serif/fonts/split/woff2/IBMPlexSerif-SemiBold.css
CSS,30-100,IBM-plex,b5b546f086609fe8482b9a3a5950f1597397d2db,IBM-Plex-Mono/fonts/split/woff/IBMPlexMono-Bold.css,IBM-Plex-Mono/fonts/split/woff/IBMPlexMono-Bold.css
CSS,30-100,IBM-plex,b5b546f086609fe8482b9a3a5950f1597397d2db,IBM-Plex-Mono/fonts/split/woff/IBMPlexMono-Light.css,IBM-Plex-Mono/fonts/split/woff/IBMPlexMono-Light.css
CSS,30-100,IBM-plex,b5b546f086609fe8482b9a3a5950f1597397d2db,IBM-Plex-Mono/fonts/split/woff/IBMPlexMono-SemiBold.css,IBM-Plex-Mono/fonts/split/woff/IBMPlexMono-SemiBold.css
CSS,30-100,IBM-plex,b5b546f086609fe8482b9a3a5950f1597397d2db,IBM-Plex-Mono/fonts/split/woff/IBMPlexMono-Text.css,IBM-Plex-Mono/fonts/split/woff/IBMPlexMono-Text.css
CSS,30-100,IBM-plex,b5b546f086609fe8482b9a3a5950f1597397d2db,IBM-Plex-Mono/fonts/split/woff/IBMPlexMono-TextItalic.css,IBM-Plex-Mono/fonts/split/woff/IBMPlexMono-TextItalic.css
CSS,30-100,IBM-plex,b5b546f086609fe8482b9a3a5950f1597397d2db,IBM-Plex-Mono/fonts/split/woff2/IBMPlexMono-Bold.css,IBM-Plex-Mono/fonts/split/woff2/IBMPlexMono-Bold.css
CSS,30-100,IBM-plex,b5b546f086609fe8482b9a3a5950f1597397d2db,IBM-Plex-Mono/fonts/split/woff2/IBMPlexMono-LightItalic.css,IBM-Plex-Mono/fonts/split/woff2/IBMPlexMono-LightItalic.css
CSS,30-100,IBM-plex,b5b546f086609fe8482b9a3a5950f1597397d2db,IBM-Plex-Mono/fonts/split/woff2/IBMPlexMono-SemiBoldItalic.css,IBM-Plex-Mono/fonts/split/woff2/IBMPlexMono-SemiBoldItalic.css
CSS,30-100,IBM-plex,b5b546f086609fe8482b9a3a5950f1597397d2db,IBM-Plex-Mono/fonts/split/woff2/IBMPlexMono-TextItalic.css,IBM-Plex-Mono/fonts/split/woff2/IBMPlexMono-TextItalic.css
CSS,30-100,IBM-plex,b5b546f086609fe8482b9a3a5950f1597397d2db,IBM-Plex-Mono/fonts/split/woff2/IBMPlexMono-ThinItalic.css,IBM-Plex-Mono/fonts/split/woff2/IBMPlexMono-ThinItalic.css
CSS,30-100,IBM-plex,b5b546f086609fe8482b9a3a5950f1597397d2db,IBM-Plex-Sans/fonts/split/woff/IBMPlexSans-Italic.css,IBM-Plex-Sans/fonts/split/woff/IBMPlexSans-Italic.css
CSS,30-100,IBM-plex,b5b546f086609fe8482b9a3a5950f1597397d2db,IBM-Plex-Sans/fonts/split/woff/IBMPlexSans-Light.css,IBM-Plex-Sans/fonts/split/woff/IBMPlexSans-Light.css
CSS,30-100,IBM-plex,b5b546f086609fe8482b9a3a5950f1597397d2db,IBM-Plex-Sans/fonts/split/woff/IBMPlexSans-SemiBoldItalic.css,IBM-Plex-Sans/fonts/split/woff/IBMPlexSans-SemiBoldItalic.css
CSS,30-100,IBM-plex,b5b546f086609fe8482b9a3a5950f1597397d2db,IBM-Plex-Sans/fonts/split/woff/IBMPlexSans-Thin.css,IBM-Plex-Sans/fonts/split/woff/IBMPlexSans-Thin.css
CSS,30-100,IBM-plex,b5b546f086609fe8482b9a3a5950f1597397d2db,IBM-Plex-Sans/fonts/split/woff2/IBMPlexSans-Light.css,IBM-Plex-Sans/fonts/split/woff2/IBMPlexSans-Light.css
CSS,30-100,IBM-plex,b5b546f086609fe8482b9a3a5950f1597397d2db,IBM-Plex-Sans/fonts/split/woff2/IBMPlexSans-Regular.css,IBM-Plex-Sans/fonts/split/woff2/IBMPlexSans-Regular.css
CSS,30-100,IBM-plex,b5b546f086609fe8482b9a3a5950f1597397d2db,IBM-Plex-Serif/fonts/split/woff/IBMPlexSerif-Italic.css,IBM-Plex-Serif/fonts/split/woff/IBMPlexSerif-Italic.css
CSS,30-100,IBM-plex,b5b546f086609fe8482b9a3a5950f1597397d2db,IBM-Plex-Serif/fonts/split/woff/IBMPlexSerif-Text.css,IBM-Plex-Serif/fonts/split/woff/IBMPlexSerif-Text.css
CSS,30-100,IBM-plex,b5b546f086609fe8482b9a3a5950f1597397d2db,IBM-Plex-Serif/fonts/split/woff2/IBMPlexSerif-ExtraLightItalic.css,IBM-Plex-Serif/fonts/split/woff2/IBMPlexSerif-ExtraLightItalic.css
CSS,30-100,IBM-plex,b5b546f086609fe8482b9a3a5950f1597397d2db,IBM-Plex-Serif/fonts/split/woff2/IBMPlexSerif-Italic.css,IBM-Plex-Serif/fonts/split/woff2/IBMPlexSerif-Italic.css
CSS,30-100,IBM-plex,b5b546f086609fe8482b9a3a5950f1597397d2db,IBM-Plex-Serif/fonts/split/woff2/IBMPlexSerif-Regular.css,IBM-Plex-Serif/fonts/split/woff2/IBMPlexSerif-Regular.css
CSS,30-100,KRTirtho-spotube,a2894db6528918e1ae01ce86c8908395a3d5b1fe,website/src/styles/global.css,website/src/styles/global.css
CSS,30-100,PixarAnimationStudios-OpenSubdiv,17530d964d082f9f59fd1b429c5501bb61178329,documentation/css/pygments.css,documentation/css/pygments.css
CSS,30-100,Quansight-Labs-accessible-pygments,751358503021beb0ed8dcc6530613223eb652238,a11y_pygments/github_dark_colorblind/style.css,a11y_pygments/github_dark_colorblind/style.css
CSS,30-100,Quansight-Labs-accessible-pygments,751358503021beb0ed8dcc6530613223eb652238,a11y_pygments/github_light/style.css,a11y_pygments/github_light/style.css
CSS,30-100,Quansight-Labs-accessible-pygments,751358503021beb0ed8dcc6530613223eb652238,docs/css/blinds_light-style.css,docs/css/blinds_light-style.css
CSS,30-100,Quansight-Labs-accessible-pygments,751358503021beb0ed8dcc6530613223eb652238,docs/css/github_dark_high_contrast-style.css,docs/css/github_dark_high_contrast-style.css
CSS,30-100,adobe-fonts-source-serif,7979e7c50514c513d5e5554d6ea3f6083ec01199,demo/style.css,demo/style.css
CSS,30-100,bskinn-sphobjinv,f9aeefc8a8284c919a33a183b19452a9962d1ba4,doc/source/_static/css/custom.css,doc/source/_static/css/custom.css
CSS,30-100,cheshirekow-cmake_format,b20fd1a12ba2b9b245c4c327ffe52bf06cff3c48,cmake_format/templates/style.css,cmake_format/templates/style.css
CSS,30-100,cvxopt-cvxopt,d5a21cf1da62e4269176384b1ff62edac5579f94,doc/html/_static/pygments.css,doc/html/_static/pygments.css
CSS,30-100,dita-ot-dita-ot,5e9065db1bdf92fecd736342a2a18613dbd60938,src/main/plugins/org.dita.html5/sass/domains/_hi-d.scss,src/main/plugins/org.dita.html5/sass/domains/_hi-d.scss
CSS,30-100,eliasdorneles-usolitaire,352ebf5633d7c95ba808c5e3bef02a715894b1b2,usolitaire/textual_app.css,usolitaire/textual_app.css
CSS,30-100,eliasdorneles-usolitaire,e2073be3132e33b4ce2078b8837c318dbeebbf8d,usolitaire/textual_app.css,usolitaire/textual_app.css
CSS,30-100,erlang-otp,a87183f1eb847119b6ecc83054bf13c26b8ccfaa,lib/edoc/priv/stylesheet.css,lib/edoc/priv/stylesheet.css
CSS,30-100,executablebooks-sphinx-panels,5e0a4334f575180c70dfb057f49ee5c5e6d0c792,sphinx_panels/css/sphinx-dropdown.css,sphinx_panels/css/sphinx-dropdown.css
CSS,30-100,facebookresearch-fastText,3697152e0fd772d9185697fdbd4a1d340ca5571d,website/static/fasttext.css,website/static/fasttext.css
CSS,30-100,hugolabe-Wike,b0875f8f634cef02a37403c09929553b025be640,data/styles/sepia.css,data/styles/sepia.css
CSS,30-100,imapsync-imapsync,1d08afaba6526c2052955c914f5a43eac293daa0,X/imapsync_form.css,X/imapsync_form.css
CSS,30-100,jarun-buku,3329fd51059702ecd856c0a25e9afb069953aacc,bukuserver/static/bukuserver/css/bookmark.css,bukuserver/static/bukuserver/css/bookmark.css
CSS,30-100,jquery-ui-rails-jquery-ui-rails,54cc600992f18b676e155e9762167c0af6d2cb62,app/assets/stylesheets/jquery-ui/base.css,app/assets/stylesheets/jquery-ui/base.css
CSS,30-100,jquery-ui-rails-jquery-ui-rails,54cc600992f18b676e155e9762167c0af6d2cb62,app/assets/stylesheets/jquery-ui/selectmenu.css,app/assets/stylesheets/jquery-ui/selectmenu.css
CSS,30-100,jquery-ui-rails-jquery-ui-rails,54cc600992f18b676e155e9762167c0af6d2cb62,app/assets/stylesheets/jquery-ui/slider.css,app/assets/stylesheets/jquery-ui/slider.css
CSS,30-100,jquery-ui-rails-jquery-ui-rails,78b0983b3da01383c77d14a3d7ac812cb8e8eef9,app/assets/stylesheets/jquery-ui/progressbar.css,app/assets/stylesheets/jquery-ui/progressbar.css
CSS,30-100,jquery-ui-rails-jquery-ui-rails,d504a40538fe5f7998439ad2f8fc5c4a1f843f1c,app/assets/stylesheets/jquery-ui/progressbar.css,app/assets/stylesheets/jquery-ui/progressbar.css
CSS,30-100,jquery-ui-rails-jquery-ui-rails,d504a40538fe5f7998439ad2f8fc5c4a1f843f1c,app/assets/stylesheets/jquery-ui/slider.css,app/assets/stylesheets/jquery-ui/slider.css
CSS,30-100,jquery-ui-rails-jquery-ui-rails,f3943fe09abfd17a173663f9bc6e50c1fb4d172c,app/assets/stylesheets/jquery-ui/base.css,app/assets/stylesheets/jquery-ui/base.css
CSS,30-100,jquery-ui-rails-jquery-ui-rails,f3943fe09abfd17a173663f9bc6e50c1fb4d172c,app/assets/stylesheets/jquery-ui/menu.css,app/assets/stylesheets/jquery-ui/menu.css
CSS,30-100,jquery-ui-rails-jquery-ui-rails,f3943fe09abfd17a173663f9bc6e50c1fb4d172c,app/assets/stylesheets/jquery-ui/resizable.css,app/assets/stylesheets/jquery-ui/resizable.css
CSS,30-100,lainsce-khronos,daace3c126a0cebfa19907b71418c98af773dc4d,data/style.css,data/style.css
CSS,30-100,lassekongo83-adw-gtk3,f61de0f41405e246c508b6f85ca5127136c3b51c,src/sass/gtk4/libadwaita-tweaks.scss,src/sass/gtk4/libadwaita-tweaks.scss
CSS,30-100,lassekongo83-zuki-themes,0b6eacd73cb5fe1050eea3a85fcbafe74f222a3d,gnome-shell/src/gnome-shell-sass/widgets/_dash.scss,gnome-shell/src/gnome-shell-sass/widgets/_dash.scss
CSS,30-100,lassekongo83-zuki-themes,e9654130d118a4c4bfc0e26e3c39e40de97e8eba,gtk/src/Zukitwo/gtk-3.0/_colors.scss,gtk/src/Zukitwo/gtk-3.0/_colors.scss
CSS,30-100,lassekongo83-zuki-themes,ec87470319ff91e63043860c9c4ec195fd82ce12,gnome-shell/src/gnome-shell-sass/widgets/_third-party.scss,gnome-shell/src/gnome-shell-sass/widgets/_third-party.scss
CSS,30-100,lvc-pkgdiff,95c88b3405340c46afe8045891fc78f229ff5b5d,modules/Internals/Styles/Index.css,modules/Internals/Styles/Index.css
CSS,30-100,madmaxms-theme-obsidian-2,aa0f05f130c5183e6c3b495e46e1c018882a6174,Obsidian-2/gtk-3.0/colAccents.css,Obsidian-2/gtk-3.0/colAccents.css
CSS,30-100,mozilla-pdf.js,45578aa8f59592dce5e173c7cbcab90cee44708d,web/sidebar.css,web/sidebar.css
CSS,30-100,nana-4-materia-theme,2858108765c96b283c488c08949a31ebc8d2ebc8,src/gnome-shell/sass/components/osd/_osd.scss,src/gnome-shell/sass/components/osd/_osd.scss
CSS,30-100,nana-4-materia-theme,6c813cfd721921417a90ed2fe0d0f78b320d35af,src/gnome-shell/sass/components/base/_scrollbar.scss,src/gnome-shell/sass/components/base/_scrollbar.scss
CSS,30-100,nana-4-materia-theme,7fb467287e1f364f28896e162f824b2a8bb07e4f,src/gnome-shell/sass/components/overview/_dash.scss,src/gnome-shell/sass/components/overview/_dash.scss
CSS,30-100,nana-4-materia-theme,7fb467287e1f364f28896e162f824b2a8bb07e4f,src/gnome-shell/sass/components/overview/_workspace-thumbnails.scss,src/gnome-shell/sass/components/overview/_workspace-thumbnails.scss
CSS,30-100,nana-4-materia-theme,a5bfb49467831b2573eb3730ce626f3dfa2fcdd1,src/chrome/chrome-scrollbar/scrollbars.css,src/chrome/chrome-scrollbar/scrollbars.css
CSS,30-100,nana-4-materia-theme,a5bfb49467831b2573eb3730ce626f3dfa2fcdd1,src/chrome/sass/_scrollbars.scss,src/chrome/sass/_scrollbars.scss
CSS,30-100,nana-4-materia-theme,a5bfb49467831b2573eb3730ce626f3dfa2fcdd1,src/gnome-shell/sass/components/base/_base.scss,src/gnome-shell/sass/components/base/_base.scss
CSS,30-100,nana-4-materia-theme,a5bfb49467831b2573eb3730ce626f3dfa2fcdd1,src/gnome-shell/sass/components/base/_button.scss,src/gnome-shell/sass/components/base/_button.scss
CSS,30-100,nana-4-materia-theme,a5bfb49467831b2573eb3730ce626f3dfa2fcdd1,src/gnome-shell/sass/components/menu/_candidate-popup.scss,src/gnome-shell/sass/components/menu/_candidate-popup.scss
CSS,30-100,nana-4-materia-theme,a5bfb49467831b2573eb3730ce626f3dfa2fcdd1,src/gnome-shell/sass/components/osd/_osd.scss,src/gnome-shell/sass/components/osd/_osd.scss
CSS,30-100,nana-4-materia-theme,f23912b1b495a9de20d9ab08a8f6afc8bcb911d1,src/gnome-shell/sass/components/menu/_candidate-popup.scss,src/gnome-shell/sass/components/menu/_candidate-popup.scss
CSS,30-100,nana-4-materia-theme,fe2d50097c2d4788787c85e719b44747c679e253,src/gnome-shell/sass/components/dialog/_network-dialog.scss,src/gnome-shell/sass/components/dialog/_network-dialog.scss
CSS,30-100,numixproject-numix-gtk-theme,06be2fabb22164dea6cc6ec4ab75117a1f2a3d28,src/gtk-3.20/scss/apps/_gnome-terminal.scss,src/gtk-3.20/scss/apps/_gnome-terminal.scss
CSS,30-100,numixproject-numix-gtk-theme,ad4b345cb19edba96bec72d6dc97ed1b568755a8,src/gtk-3.20/scss/_colors.scss,src/gtk-3.20/scss/_colors.scss
CSS,30-100,numixproject-numix-gtk-theme,f2425ca2fbdb33ed09ae7f2fd20e95b890e9a270,src/gtk-3.20/scss/apps/_panel.scss,src/gtk-3.20/scss/apps/_panel.scss
CSS,30-100,nwg-piotr-nwg-bar,6cc805dc1a453ffdff4d8adb4c754ce7a8c36fdd,config/style.css,config/style.css
CSS,30-100,nwg-piotr-nwg-hello,232f50887463074b9ee9a4ffa9af8186763d2e0b,nwg-hello-default.css,nwg-hello-default.css
CSS,30-100,nwg-piotr-nwg-launchers,8d152bb725c8bd79b71c0c458bce65a51ab80b79,bar/style.css,bar/style.css
CSS,30-100,nwg-piotr-nwg-shell,78e860c6974b82f0043bdc547de83955a09d12a0,nwg_shell/skel/config/nwg-drawer/preset-3.css,nwg_shell/skel/config/nwg-drawer/preset-3.css
CSS,30-100,orobardet-gitlab-ci-linter,c43b60354259be780ebaec1fc7d32fde56efaa04,doc/pages/style.css,doc/pages/style.css
CSS,30-100,pop-os-shell,3c94a3733cac1c2294acbe19799d7117f6e14782,dark.css,dark.css
CSS,30-100,pop-os-shell,3c94a3733cac1c2294acbe19799d7117f6e14782,highcontrast.css,highcontrast.css
CSS,30-100,postmarketOS-mobile-config-firefox,8cbf7c9e309583e7d8e96748d7747c2d53572562,src/userChrome/tabmenu.css,src/userChrome/tabmenu.css
CSS,30-100,ppvan-psequel,4755378d95e774dc2722d6c2e420601b38e2cb7a,res/gtk/style.css,res/gtk/style.css
CSS,30-100,qos-ch-cal10n,b8324950e6bfc87673f670db82782e83e360d86e,cal10n-site/src/site/pages/css/_print.css,cal10n-site/src/site/pages/css/_print.css
CSS,30-100,rektdeckard-departure-mono,791fd1d82f74694a48688601ce1d47b6911cb600,src/components/cockpit.css,src/components/cockpit.css
CSS,30-100,rektdeckard-departure-mono,be6c1fb347b0b3973bde7b27391189399248983d,src/components/cockpit.css,src/components/cockpit.css
CSS,30-100,rimgo-rimgo,248782a2364a1a3791898486ecd526b780b68717,static/tailwind.css,static/tailwind.css
CSS,30-100,shimmerproject-Greybird,3da1600ebf4c729f56e8aff10963dfd9dbccd7fd,light/gtk-3.0/_colors.scss,light/gtk-3.0/_colors.scss
CSS,30-100,shimmerproject-Greybird,4794ba314fbba98a0ac9e8623a2c9c7b6cbbd8d1,light/xfce-notify-4.0/gtk.css,light/xfce-notify-4.0/gtk.css
CSS,30-100,source-foundry-Hack,0bb5f516b79e81648d3e3dba020fee153671a138,build/web/hack-subset.css,build/web/hack-subset.css
CSS,30-100,source-foundry-Hack,10f8656b5d77a191e09262655ea97ee918aa5a54,build/web/hack-subset.css,build/web/hack-subset.css
CSS,30-100,stsquad-emacs_chrome,357bff29bd5fc1e58b03854d16c9695524ae5a5d,css/textareas.css,css/textareas.css
CSS,30-100,trendmicro-tlsh,10f6920114ed8af2a33861f2305e390fa29a93f5,docs/style.css,docs/style.css
CSS,30-100,xou816-spot,d3f48d8457839e3bf288442d46fa72501ec25846,src/app/components/playlist_details/playlist_header.css,src/app/components/playlist_details/playlist_header.css
CSS,300-1000,FortAwesome-Font-Awesome,b476ed9aeef6ff16accd275eca515d4e08c3e724,js-packages/@fortawesome/fontawesome-svg-core/styles.css,js-packages/@fortawesome/fontawesome-svg-core/styles.css
CSS,300-1000,FreshRSS-FreshRSS,1c92d55917029d291d00009b674d8552934a69ec,p/themes/Ansum/_layout.css,p/themes/Ansum/_layout.scss
CSS,300-1000,Heroic-Games-Launcher-HeroicGamesLauncher,47d0caeb38fe690dcd836afe455bee32c1fd3cd7,src/frontend/screens/Game/GamePage/index.css,src/frontend/screens/Game/GamePage/index.css
CSS,300-1000,HypothesisWorks-hypothesis,125b908a0ca622fbded71c1a71f10f1f6dad774d,website/theme/static/style.css,website/theme/static/style.css
CSS,300-1000,HypothesisWorks-hypothesis,538b1e2744bdec6cad7b07b76db51d070555d166,website/theme/static/style.css,website/theme/static/style.css
CSS,300-1000,IBM-plex,6da032fe6714bdfd8438a26ed04b337e2cfb072f,packages/plex-sans-jp/fonts/split/woff/hinted/IBMPlexSansJP-ExtraLight.css,packages/plex-sans-jp/fonts/split/woff/hinted/IBMPlexSansJP-ExtraLight.css
CSS,300-1000,IBM-plex,6da032fe6714bdfd8438a26ed04b337e2cfb072f,packages/plex-sans-jp/fonts/split/woff/hinted/IBMPlexSansJP-Light.css,packages/plex-sans-jp/fonts/split/woff/hinted/IBMPlexSansJP-Light.css
CSS,300-1000,IBM-plex,6da032fe6714bdfd8438a26ed04b337e2cfb072f,packages/plex-sans-jp/fonts/split/woff/hinted/IBMPlexSansJP-Medium.css,packages/plex-sans-jp/fonts/split/woff/hinted/IBMPlexSansJP-Medium.css
CSS,300-1000,IBM-plex,6da032fe6714bdfd8438a26ed04b337e2cfb072f,packages/plex-sans-jp/fonts/split/woff/unhinted/IBMPlexSansJP-SemiBold.css,packages/plex-sans-jp/fonts/split/woff/unhinted/IBMPlexSansJP-SemiBold.css
CSS,300-1000,IBM-plex,6da032fe6714bdfd8438a26ed04b337e2cfb072f,packages/plex-sans-jp/fonts/split/woff/unhinted/IBMPlexSansJP-Text.css,packages/plex-sans-jp/fonts/split/woff/unhinted/IBMPlexSansJP-Text.css
CSS,300-1000,IBM-plex,6da032fe6714bdfd8438a26ed04b337e2cfb072f,packages/plex-sans-jp/fonts/split/woff2/hinted/IBMPlexSansJP-Bold.css,packages/plex-sans-jp/fonts/split/woff2/hinted/IBMPlexSansJP-Bold.css
CSS,300-1000,IBM-plex,6da032fe6714bdfd8438a26ed04b337e2cfb072f,packages/plex-sans-jp/fonts/split/woff2/hinted/IBMPlexSansJP-Light.css,packages/plex-sans-jp/fonts/split/woff2/hinted/IBMPlexSansJP-Light.css
CSS,300-1000,IBM-plex,6da032fe6714bdfd8438a26ed04b337e2cfb072f,packages/plex-sans-jp/fonts/split/woff2/hinted/IBMPlexSansJP-SemiBold.css,packages/plex-sans-jp/fonts/split/woff2/hinted/IBMPlexSansJP-SemiBold.css
CSS,300-1000,IBM-plex,6da032fe6714bdfd8438a26ed04b337e2cfb072f,packages/plex-sans-jp/fonts/split/woff2/unhinted/IBMPlexSansJP-Bold.css,packages/plex-sans-jp/fonts/split/woff2/unhinted/IBMPlexSansJP-Bold.css
CSS,300-1000,IBM-plex,6da032fe6714bdfd8438a26ed04b337e2cfb072f,packages/plex-sans-jp/fonts/split/woff2/unhinted/IBMPlexSansJP-ExtraLight.css,packages/plex-sans-jp/fonts/split/woff2/unhinted/IBMPlexSansJP-ExtraLight.css
CSS,300-1000,IBM-plex,6da032fe6714bdfd8438a26ed04b337e2cfb072f,packages/plex-sans-jp/fonts/split/woff2/unhinted/IBMPlexSansJP-Light.css,packages/plex-sans-jp/fonts/split/woff2/unhinted/IBMPlexSansJP-Light.css
CSS,300-1000,IBM-plex,6da032fe6714bdfd8438a26ed04b337e2cfb072f,packages/plex-sans-jp/fonts/split/woff2/unhinted/IBMPlexSansJP-Medium.css,packages/plex-sans-jp/fonts/split/woff2/unhinted/IBMPlexSansJP-Medium.css
CSS,300-1000,IBM-plex,6da032fe6714bdfd8438a26ed04b337e2cfb072f,packages/plex-sans-kr/fonts/split/woff/hinted/IBMPlexSansKR-Medium.css,packages/plex-sans-kr/fonts/split/woff/hinted/IBMPlexSansKR-Medium.css
CSS,300-1000,IBM-plex,6da032fe6714bdfd8438a26ed04b337e2cfb072f,packages/plex-sans-kr/fonts/split/woff/hinted/IBMPlexSansKR-Regular.css,packages/plex-sans-kr/fonts/split/woff/hinted/IBMPlexSansKR-Regular.css
CSS,300-1000,IBM-plex,6da032fe6714bdfd8438a26ed04b337e2cfb072f,packages/plex-sans-kr/fonts/split/woff/hinted/IBMPlexSansKR-SemiBold.css,packages/plex-sans-kr/fonts/split/woff/hinted/IBMPlexSansKR-SemiBold.css
CSS,300-1000,IBM-plex,6da032fe6714bdfd8438a26ed04b337e2cfb072f,packages/plex-sans-kr/fonts/split/woff/hinted/IBMPlexSansKR-Thin.css,packages/plex-sans-kr/fonts/split/woff/hinted/IBMPlexSansKR-Thin.css
CSS,300-1000,IBM-plex,6da032fe6714bdfd8438a26ed04b337e2cfb072f,packages/plex-sans-kr/fonts/split/woff/unhinted/IBMPlexSansKR-Light.css,packages/plex-sans-kr/fonts/split/woff/unhinted/IBMPlexSansKR-Light.css
CSS,300-1000,IBM-plex,6da032fe6714bdfd8438a26ed04b337e2cfb072f,packages/plex-sans-kr/fonts/split/woff/unhinted/IBMPlexSansKR-Regular.css,packages/plex-sans-kr/fonts/split/woff/unhinted/IBMPlexSansKR-Regular.css
CSS,300-1000,IBM-plex,6da032fe6714bdfd8438a26ed04b337e2cfb072f,packages/plex-sans-kr/fonts/split/woff/unhinted/IBMPlexSansKR-Text.css,packages/plex-sans-kr/fonts/split/woff/unhinted/IBMPlexSansKR-Text.css
CSS,300-1000,IBM-plex,6da032fe6714bdfd8438a26ed04b337e2cfb072f,packages/plex-sans-kr/fonts/split/woff2/hinted/IBMPlexSansKR-Bold.css,packages/plex-sans-kr/fonts/split/woff2/hinted/IBMPlexSansKR-Bold.css
CSS,300-1000,IBM-plex,6da032fe6714bdfd8438a26ed04b337e2cfb072f,packages/plex-sans-kr/fonts/split/woff2/hinted/IBMPlexSansKR-ExtraLight.css,packages/plex-sans-kr/fonts/split/woff2/hinted/IBMPlexSansKR-ExtraLight.css
CSS,300-1000,IBM-plex,6da032fe6714bdfd8438a26ed04b337e2cfb072f,packages/plex-sans-kr/fonts/split/woff2/hinted/IBMPlexSansKR-Medium.css,packages/plex-sans-kr/fonts/split/woff2/hinted/IBMPlexSansKR-Medium.css
CSS,300-1000,IBM-plex,6da032fe6714bdfd8438a26ed04b337e2cfb072f,packages/plex-sans-kr/fonts/split/woff2/hinted/IBMPlexSansKR-Regular.css,packages/plex-sans-kr/fonts/split/woff2/hinted/IBMPlexSansKR-Regular.css
CSS,300-1000,IBM-plex,6da032fe6714bdfd8438a26ed04b337e2cfb072f,packages/plex-sans-kr/fonts/split/woff2/hinted/IBMPlexSansKR-Thin.css,packages/plex-sans-kr/fonts/split/woff2/hinted/IBMPlexSansKR-Thin.css
CSS,300-1000,IBM-plex,98e4aba76f5c6ace4d1a6742797d9463ca39f8c0,packages/plex-sans-jp/fonts/split/woff/hinted/IBMPlexSansJP-ExtraLight.css,packages/plex-sans-jp/fonts/split/woff/hinted/IBMPlexSansJP-ExtraLight.css
CSS,300-1000,IBM-plex,98e4aba76f5c6ace4d1a6742797d9463ca39f8c0,packages/plex-sans-jp/fonts/split/woff/hinted/IBMPlexSansJP-SemiBold.css,packages/plex-sans-jp/fonts/split/woff/hinted/IBMPlexSansJP-SemiBold.css
CSS,300-1000,IBM-plex,98e4aba76f5c6ace4d1a6742797d9463ca39f8c0,packages/plex-sans-jp/fonts/split/woff/unhinted/IBMPlexSansJP-Bold.css,packages/plex-sans-jp/fonts/split/woff/unhinted/IBMPlexSansJP-Bold.css
CSS,300-1000,IBM-plex,98e4aba76f5c6ace4d1a6742797d9463ca39f8c0,packages/plex-sans-jp/fonts/split/woff/unhinted/IBMPlexSansJP-ExtraLight.css,packages/plex-sans-jp/fonts/split/woff/unhinted/IBMPlexSansJP-ExtraLight.css
CSS,300-1000,IBM-plex,98e4aba76f5c6ace4d1a6742797d9463ca39f8c0,packages/plex-sans-jp/fonts/split/woff/unhinted/IBMPlexSansJP-Medium.css,packages/plex-sans-jp/fonts/split/woff/unhinted/IBMPlexSansJP-Medium.css
CSS,300-1000,IBM-plex,98e4aba76f5c6ace4d1a6742797d9463ca39f8c0,packages/plex-sans-jp/fonts/split/woff/unhinted/IBMPlexSansJP-SemiBold.css,packages/plex-sans-jp/fonts/split/woff/unhinted/IBMPlexSansJP-SemiBold.css
CSS,300-1000,IBM-plex,98e4aba76f5c6ace4d1a6742797d9463ca39f8c0,packages/plex-sans-jp/fonts/split/woff2/hinted/IBMPlexSansJP-ExtraLight.css,packages/plex-sans-jp/fonts/split/woff2/hinted/IBMPlexSansJP-ExtraLight.css
CSS,300-1000,IBM-plex,98e4aba76f5c6ace4d1a6742797d9463ca39f8c0,packages/plex-sans-jp/fonts/split/woff2/hinted/IBMPlexSansJP-Light.css,packages/plex-sans-jp/fonts/split/woff2/hinted/IBMPlexSansJP-Light.css
CSS,300-1000,IBM-plex,98e4aba76f5c6ace4d1a6742797d9463ca39f8c0,packages/plex-sans-jp/fonts/split/woff2/hinted/IBMPlexSansJP-Medium.css,packages/plex-sans-jp/fonts/split/woff2/hinted/IBMPlexSansJP-Medium.css
CSS,300-1000,IBM-plex,98e4aba76f5c6ace4d1a6742797d9463ca39f8c0,packages/plex-sans-jp/fonts/split/woff2/hinted/IBMPlexSansJP-Text.css,packages/plex-sans-jp/fonts/split/woff2/hinted/IBMPlexSansJP-Text.css
CSS,300-1000,IBM-plex,98e4aba76f5c6ace4d1a6742797d9463ca39f8c0,packages/plex-sans-jp/fonts/split/woff2/hinted/IBMPlexSansJP-Thin.css,packages/plex-sans-jp/fonts/split/woff2/hinted/IBMPlexSansJP-Thin.css
CSS,300-1000,IBM-plex,98e4aba76f5c6ace4d1a6742797d9463ca39f8c0,packages/plex-sans-jp/fonts/split/woff2/unhinted/IBMPlexSansJP-Bold.css,packages/plex-sans-jp/fonts/split/woff2/unhinted/IBMPlexSansJP-Bold.css
CSS,300-1000,IBM-plex,98e4aba76f5c6ace4d1a6742797d9463ca39f8c0,packages/plex-sans-jp/fonts/split/woff2/unhinted/IBMPlexSansJP-ExtraLight.css,packages/plex-sans-jp/fonts/split/woff2/unhinted/IBMPlexSansJP-ExtraLight.css
CSS,300-1000,IBM-plex,98e4aba76f5c6ace4d1a6742797d9463ca39f8c0,packages/plex-sans-jp/fonts/split/woff2/unhinted/IBMPlexSansJP-Regular.css,packages/plex-sans-jp/fonts/split/woff2/unhinted/IBMPlexSansJP-Regular.css
CSS,300-1000,IBM-plex,98e4aba76f5c6ace4d1a6742797d9463ca39f8c0,packages/plex-sans-jp/fonts/split/woff2/unhinted/IBMPlexSansJP-Thin.css,packages/plex-sans-jp/fonts/split/woff2/unhinted/IBMPlexSansJP-Thin.css
CSS,300-1000,TASEmulators-fceux,79147dd9e7701f2b72bd26064c33487ce84ce059,web/help/css/hnd.content.css,web/help/css/hnd.content.css
CSS,300-1000,backuppc-backuppc,19b9605afa63cdad510605da4570de37e7fadcfa,conf/BackupPC_2020_mod.css,conf/BackupPC_2020_mod.css
CSS,300-1000,backuppc-backuppc,31670fadcb1d53962a314e96e10632c76db626e8,conf/BackupPC_2020_mod.css,conf/BackupPC_2020_mod.css
CSS,300-1000,bouncepaw-mycorrhiza,8f9c5d367726347996ff4cdbac32186b9cdd9773,static/default.css,static/default.css
CSS,300-1000,bouncepaw-mycorrhiza,ce108bc07d8894ab6c345f668ea309cbba17d95f,web/static/default.css,web/static/default.css
CSS,300-1000,cs01-gdbgui,c52b7ee173ec17fb3521efed16076ea100e883a5,gdbgui/static/css/gdbgui.css,gdbgui/static/css/gdbgui.css
CSS,300-1000,cubicle-model-checker-cubicle,c2fba597da83b9ddc1195f1c8710d5330db24735,doc/website/cubicle.css,doc/website/cubicle.css
CSS,300-1000,cvxopt-cvxopt,711bb67bacb67cf36c032fb1b360957e524ab04b,doc/html/_static/basic.css,doc/html/_static/basic.css
CSS,300-1000,cvxopt-cvxopt,b877143e1d0061755b5eb69809a7675f50263a01,doc/html/_static/basic.css,doc/html/_static/basic.css
CSS,300-1000,cvxopt-cvxopt,cc46cbd0cea40cdb8c6e272d3e709c268cd38468,doc/html/_static/basic.css,doc/html/_static/basic.css
CSS,300-1000,cvxopt-cvxopt,d5a21cf1da62e4269176384b1ff62edac5579f94,doc/html/_static/basic.css,doc/html/_static/basic.css
CSS,300-1000,eclipse-paho.mqtt.c,62782406bcf511ee8e22bc34e826f8c6b8254c7c,docs/MQTTAsync/html/navtree.css,docs/MQTTAsync/html/navtree.css
CSS,300-1000,eclipse-paho.mqtt.c,62782406bcf511ee8e22bc34e826f8c6b8254c7c,docs/MQTTAsync/html/search/search.css,docs/MQTTAsync/html/search/search.css
CSS,300-1000,forgejo-forgejo,36ea60023a51581a36926c3801f28108c9f89072,web_src/css/modules/table.css,web_src/css/modules/table.css
CSS,300-1000,getpelican-pelican,87e3b60da73d5089e43fa85f703233553a8b7ca4,pelican/tests/output/custom/theme/css/main.css,pelican/tests/output/custom/theme/css/main.css
CSS,300-1000,getpelican-pelican,f95466c8fec8014a1e5770f79919fed6959a7905,pelican/themes/notmyidea/static/css/main.css,pelican/themes/notmyidea/static/css/main.css
CSS,300-1000,gruntwork-io-terragrunt,30c5e9216c4e87516701d8835a20207ea1b99be1,docs-starlight/src/styles/global.css,docs-starlight/src/styles/global.css
CSS,300-1000,horst3180-vertex-theme,005734ef00da89d193c96dcfe088636b6940affe,common/gtk-3.0/3.20/sass/_applications.scss,common/gtk-3.0/3.20/sass/_applications.scss
CSS,300-1000,horst3180-vertex-theme,293ea5000f40946a1bdd9ca8543d8dc01363ea8d,common/gtk-3.0/3.20/sass/_budgie.scss,common/gtk-3.0/3.20/sass/_budgie.scss
CSS,300-1000,horst3180-vertex-theme,49870173aaa2f4e6ffe9ca6d471d9109cd827b0f,common/gtk-3.0/3.20/sass/_colors.scss,common/gtk-3.0/3.20/sass/_colors.scss
CSS,300-1000,horst3180-vertex-theme,49870173aaa2f4e6ffe9ca6d471d9109cd827b0f,common/gtk-3.0/3.20/sass/_drawing.scss,common/gtk-3.0/3.20/sass/_drawing.scss
CSS,300-1000,horst3180-vertex-theme,5170be73f229fcbfea3d95b05e4973ec43f5e66f,common/gtk-3.0/3.20/sass/_applications.scss,common/gtk-3.0/3.20/sass/_applications.scss
CSS,300-1000,horst3180-vertex-theme,59eec1884d7e079ee65e3059832fe4bf31daa05b,common/gtk-3.0/3.20/sass/_applications.scss,common/gtk-3.0/3.20/sass/_applications.scss
CSS,300-1000,horst3180-vertex-theme,d483a0ec13256f84cd4a5d3df1a62283b6940b17,extra/Firefox/Vertex/chrome/userChrome.css,extra/Firefox/Vertex/chrome/userChrome.css
CSS,300-1000,hyphanet-fred,9f77b50c979f87a99281e254414dc95df95541cf,src/freenet/clients/http/staticfiles/themes/minimalist/theme.css,src/freenet/clients/http/staticfiles/themes/minimalist/theme.css
CSS,300-1000,jdum-odsgenerator,06417f29f3b77e87519eee9baa4f7829f9cd97ec,doc/_static/basic.css,doc/_static/basic.css
CSS,300-1000,jdum-odsgenerator,52c4e5365c1443f5e91ddc938fb788c864632e14,doc/_static/alabaster.css,doc/html/_static/alabaster.css
CSS,300-1000,jdum-odsparsator,49d78526ebf91e9820eac7e8efa80437826046e3,doc/_static/alabaster.css,doc/html/_static/alabaster.css
CSS,300-1000,jdum-odsparsator,49d78526ebf91e9820eac7e8efa80437826046e3,doc/_static/basic.css,doc/html/_static/basic.css
CSS,300-1000,jdum-odsparsator,4ad1908c7d3c13a9d5b13cc263292bd6ef0a0525,doc/_static/alabaster.css,doc/_static/alabaster.css
CSS,300-1000,jpfleury-clearlooks-phenix,6172437b588311dbaa969c0a96b845596a03e7f7,gtk-3.0/gtk.css,gtk-3.0/gtk.css
CSS,300-1000,jpfleury-clearlooks-phenix,99015c4b872eccfdfb14494e65b82096eadfc8fd,gtk-3.0/mate-applications.css,gtk-3.0/mate-applications.css
CSS,300-1000,jpfleury-clearlooks-phenix,eed5d51b1f7e6c8c97b59b4a8876372d7104ab9c,gtk-3.0/gtk-widgets-img.css,gtk-3.0/gtk-widgets-img.css
CSS,300-1000,keshikan-DSEG,325602c275f53a567b7d8bb62fc8df443d7b70c2,css/dseg.css,css/dseg.css
CSS,300-1000,kiwix-kiwix-desktop,959ab5b5a0ee5b57f1c7c1d0af1e2111da7715c9,resources/css/style.css,resources/css/style.css
CSS,300-1000,kkroening-ffmpeg-python,c65c03b8691b7b94a5c87e69dc5923979b079f47,doc/html/_static/basic.css,doc/html/_static/basic.css
CSS,300-1000,lassekongo83-adw-gtk3,4db077e5986a4f3e5e6cf908a6db771c15885430,src/sass/widgets/_scale.scss,src/sass/widgets/_scale.scss
CSS,300-1000,lassekongo83-zuki-themes,0b6eacd73cb5fe1050eea3a85fcbafe74f222a3d,gtk/src/Zukitre/gtk-3.0/_custom.scss,gtk/src/Zukitre/gtk-3.0/_custom.scss
CSS,300-1000,lassekongo83-zuki-themes,0b6eacd73cb5fe1050eea3a85fcbafe74f222a3d,gtk/src/Zukitre/gtk-3.0/_drawing.scss,gtk/src/Zukitre/gtk-3.0/_drawing.scss
CSS,300-1000,lassekongo83-zuki-themes,115c867bc2950a35ca420fca8d81523fa8635151,gtk/src/Zukitwo/gtk-3.0/_custom.scss,gtk/src/Zukitwo/gtk-3.0/_custom.scss
CSS,300-1000,lassekongo83-zuki-themes,4f6eb0663463c2c1bec5ca8622cc5fc950239218,gtk/src/Zukitre/gtk-3.0/_custom.scss,gtk/src/Zukitre/gtk-3.0/_custom.scss
CSS,300-1000,lassekongo83-zuki-themes,4f6eb0663463c2c1bec5ca8622cc5fc950239218,gtk/src/Zukitwo/gtk-3.0/_custom.scss,gtk/src/Zukitwo/gtk-3.0/_custom.scss
CSS,300-1000,lassekongo83-zuki-themes,8172562448743d3ef16a6a975b8cf8664558e2a6,gtk/src/Zukitre/gtk-3.0/_custom.scss,gtk/src/Zukitre/gtk-3.0/_custom.scss
CSS,300-1000,lassekongo83-zuki-themes,871b349af92c8b79712b525bdcf7a852aba7f65b,gtk/src/Zukitre/gtk-3.0/_custom.scss,gtk/src/Zukitre/gtk-3.0/_custom.scss
CSS,300-1000,lassekongo83-zuki-themes,a8db1d53baf5d52ffd5de074a9276f91f8130c00,gtk/src/Zukitre/gtk-3.0/_custom.scss,gtk/src/Zukitre/gtk-3.0/_custom.scss
CSS,300-1000,lassekongo83-zuki-themes,a8db1d53baf5d52ffd5de074a9276f91f8130c00,gtk/src/Zukitwo/gtk-3.0/_custom.scss,gtk/src/Zukitwo/gtk-3.0/_custom.scss
CSS,300-1000,lassekongo83-zuki-themes,ad3305ea3e607ae05ce5764123f272e14a4e8d71,gtk/src/Zukitre/gtk-3.0/_custom.scss,gtk/src/Zukitre/gtk-3.0/_custom.scss
CSS,300-1000,lassekongo83-zuki-themes,f1bc56dd7973e7be4adfd3fa2f349c0cf9051365,gtk/src/Zukitre/gtk-3.0/_drawing.scss,gtk/src/Zukitre/gtk-3.0/_drawing.scss
CSS,300-1000,madmaxms-theme-obsidian-2,190c6fc92439193c71879f9f10a64b03ab550a61,Obsidian-2/gtk-3.0/colours.css,Obsidian-2/gtk-3.0/colours.css
CSS,300-1000,madmaxms-theme-obsidian-2,25212349d7347342b7ee64a79000dd9674e2d8e5,Obsidian-2/gtk-3.0/colours.css,Obsidian-2/gtk-3.0/colours.css
CSS,300-1000,madmaxms-theme-obsidian-2,93ba8ec1ca0809340621f6430ee676f8e739b830,Obsidian-2/gtk-3.0/colours.css,Obsidian-2/gtk-3.0/colours.css
CSS,300-1000,meganz-MEGAsync,32239c5d70393ef39a0ce2d53ac6b5a606013cc2,src/MEGASync/gui/style/WidgetsComponentsStyleSheetsTokens.css,src/MEGASync/gui/style/WidgetsComponentsStyleSheetsTokens.css
CSS,300-1000,meganz-MEGAsync,3e7c3cd6f136bf6db619e6a90e809c0ba5316c75,src/MEGASync/gui/style/WidgetsComponentsStyleSheetsTokens.css,src/MEGASync/gui/style/WidgetsComponentsStyleSheetsTokens.css
CSS,300-1000,meganz-MEGAsync,468a080997ae2e719fcca22b60acfe280fc58ab0,src/MEGASync/gui/style/WidgetsComponentsStyleSheetsSizes.css,src/MEGASync/gui/style/WidgetsComponentsStyleSheetsSizes.css
CSS,300-1000,meganz-MEGAsync,4fe9daa2cdc0b6a8ea3e36b9c0f7d628f4ea0014,src/MEGASync/gui/style/WidgetsComponentsStyleSheetsSizes.css,src/MEGASync/gui/style/WidgetsComponentsStyleSheetsSizes.css
CSS,300-1000,meganz-MEGAsync,4fe9daa2cdc0b6a8ea3e36b9c0f7d628f4ea0014,src/MEGASync/gui/style/WidgetsComponentsStyleSheetsTokens.css,src/MEGASync/gui/style/WidgetsComponentsStyleSheetsTokens.css
CSS,300-1000,meganz-MEGAsync,5a75f85beb2c575956fe40b74bef32171f28c529,src/MEGASync/gui/style/WidgetsComponentsStyleSheetsSizes.css,src/MEGASync/gui/style/WidgetsComponentsStyleSheetsSizes.css
CSS,300-1000,meganz-MEGAsync,acad56aff6774ccbf41d35f0310840e7317648dc,src/MEGASync/gui/style/WidgetsComponentsStyleSheetsTokens.css,src/MEGASync/gui/style/WidgetsComponentsStyleSheetsTokens.css
CSS,300-1000,meganz-MEGAsync,c34f13e524112e2a5881004177c7b464a5a4d70d,src/MEGASync/gui/style/WidgetsComponentsStyleSheetsTokens.css,src/MEGASync/gui/style/WidgetsComponentsStyleSheetsTokens.css
CSS,300-1000,miyucy-brotli,5b24c82c3edfb5fc45623192b2ee671bcf937d29,docs/css/style.css,docs/css/style.css
CSS,300-1000,mkdocs-mkdocs-bootswatch,56d0fd948ba69a087a7d06a9e394ce5d1145a05d,mkdocs_bootswatch/cyborg/css/base.css,mkdocs_bootswatch/cyborg/css/base.css
CSS,300-1000,mkdocs-mkdocs-bootswatch,56d0fd948ba69a087a7d06a9e394ce5d1145a05d,mkdocs_bootswatch/flatly/css/base.css,mkdocs_bootswatch/flatly/css/base.css
CSS,300-1000,mkdocs-mkdocs-bootswatch,56d0fd948ba69a087a7d06a9e394ce5d1145a05d,mkdocs_bootswatch/journal/css/base.css,mkdocs_bootswatch/journal/css/base.css
CSS,300-1000,mkdocs-mkdocs-bootswatch,56d0fd948ba69a087a7d06a9e394ce5d1145a05d,mkdocs_bootswatch/readable/css/base.css,mkdocs_bootswatch/readable/css/base.css
CSS,300-1000,mkdocs-mkdocs-bootswatch,56d0fd948ba69a087a7d06a9e394ce5d1145a05d,mkdocs_bootswatch/simplex/css/base.css,mkdocs_bootswatch/simplex/css/base.css
CSS,300-1000,mkdocs-mkdocs-bootswatch,56d0fd948ba69a087a7d06a9e394ce5d1145a05d,mkdocs_bootswatch/united/css/base.css,mkdocs_bootswatch/united/css/base.css
CSS,300-1000,mkdocs-mkdocs-bootswatch,56d0fd948ba69a087a7d06a9e394ce5d1145a05d,src/readable/css/base.css,src/readable/css/base.css
CSS,300-1000,mkdocs-mkdocs-bootswatch,e43607720109ebfdc88e395a4909599827456e6c,mkdocs_bootswatch/yeti/css/base.css,mkdocs_bootswatch/yeti/css/base.css
CSS,300-1000,nana-4-materia-theme,1c3adde1ec3c6d82504687c58c18d0eac68fa86a,src/gtk-3.0/sass/apps/_mate.scss,src/gtk-3.0/sass/apps/_mate.scss
CSS,300-1000,nana-4-materia-theme,4145dea0a9e1661e8605b7e614bbbbfaa371f9dd,src/gtk-3.0/sass/apps/_mate.scss,src/gtk-3.0/sass/apps/_mate.scss
CSS,300-1000,nana-4-materia-theme,6c813cfd721921417a90ed2fe0d0f78b320d35af,src/gnome-shell/sass/components/menu/_calendar.scss,src/gnome-shell/sass/components/menu/_calendar.scss
CSS,300-1000,nana-4-materia-theme,6c813cfd721921417a90ed2fe0d0f78b320d35af,src/gnome-shell/sass/components/overview/_app-grid.scss,src/gnome-shell/sass/components/overview/_app-grid.scss
CSS,300-1000,nana-4-materia-theme,7fb467287e1f364f28896e162f824b2a8bb07e4f,src/gnome-shell/sass/components/overview/_app-grid.scss,src/gnome-shell/sass/components/overview/_app-grid.scss
CSS,300-1000,nana-4-materia-theme,a5bfb49467831b2573eb3730ce626f3dfa2fcdd1,src/gnome-shell/sass/components/gdm/_login-dialog.scss,src/gnome-shell/sass/components/gdm/_login-dialog.scss
CSS,300-1000,nana-4-materia-theme,a5bfb49467831b2573eb3730ce626f3dfa2fcdd1,src/gtk-3.0/sass/apps/_budgie.scss,src/gtk-3.0/sass/apps/_budgie.scss
CSS,300-1000,nana-4-materia-theme,b80b8156c357c8764705a2abf8127672ff888b10,src/gnome-shell/sass/components/overview/_app-grid.scss,src/gnome-shell/sass/components/overview/_app-grid.scss
CSS,300-1000,nana-4-materia-theme,f23912b1b495a9de20d9ab08a8f6afc8bcb911d1,src/gnome-shell/sass/components/menu/_calendar.scss,src/gnome-shell/sass/components/menu/_calendar.scss
CSS,300-1000,nana-4-materia-theme,f23912b1b495a9de20d9ab08a8f6afc8bcb911d1,src/gtk-3.0/sass/apps/_budgie.scss,src/gtk-3.0/sass/apps/_budgie.scss
CSS,300-1000,nana-4-materia-theme,fa2824fab13bdfddef09bebfa2d32180afaf516f,src/gnome-shell/sass/components/dialog/_dialog.scss,src/gnome-shell/sass/components/dialog/_dialog.scss
CSS,300-1000,nana-4-materia-theme,fa2824fab13bdfddef09bebfa2d32180afaf516f,src/gtk-3.0/sass/apps/_budgie.scss,src/gtk-3.0/sass/apps/_budgie.scss
CSS,300-1000,nana-4-materia-theme,fa2824fab13bdfddef09bebfa2d32180afaf516f,src/gtk-3.0/sass/apps/_mate.scss,src/gtk-3.0/sass/apps/_mate.scss
CSS,300-1000,nana-4-materia-theme,fe2d50097c2d4788787c85e719b44747c679e253,src/gnome-shell/sass/components/overview/_app-grid.scss,src/gnome-shell/sass/components/overview/_app-grid.scss
CSS,300-1000,novnc-noVNC,6010c9da041e64cf49be85dc8d257a83597e9669,app/styles/base.css,app/styles/base.css
CSS,300-1000,numixproject-numix-gtk-theme,0220883625c477e8b9dc93e5eb3ecda045def9c1,src/gtk-3.20/scss/widgets/_menu.scss,src/gtk-3.20/scss/widgets/_menu.scss
CSS,300-1000,numixproject-numix-gtk-theme,c8828c73ce25600bb6b27579ba5c25480ebffbb4,src/gtk-3.20/scss/widgets/_view.scss,src/gtk-3.20/scss/widgets/_view.scss
CSS,300-1000,numixproject-numix-gtk-theme,ec299d4047b2ea4883b080991f20a717737031f5,src/gtk-3.20/scss/widgets/_misc.scss,src/gtk-3.20/scss/widgets/_misc.scss
CSS,300-1000,ohwgiles-laminar,03c5aca6635bcb895288b8702fca3c81fa2ed41a,src/resources/style.css,src/resources/style.css
CSS,300-1000,qwertyquerty-pypresence,6e3a98f74e16022bf93e848f4f5a7a6de5f7efa4,docs/html/_static/alabaster.css,docs/html/_static/alabaster.css
CSS,300-1000,rektdeckard-departure-mono,2d66376ce405eb0c62ef6dc9f3c66af9c57caf3d,src/components/header.css,src/components/header.css
CSS,300-1000,rektdeckard-departure-mono,51884421bad40aed970f400a7da405885f419adc,src/components/header.css,src/components/header.css
CSS,300-1000,rubjo-victor-mono,31f9e3ba717ee011a40fbda72e55e3a508898c4b,src/styles/globals.scss,src/styles/globals.scss
CSS,300-1000,rust-lang-mdBook,ef10e720a511779bc821dc21eec03ef4e8c95c50,crates/mdbook-html/front-end/css/chrome.css,crates/mdbook-html/front-end/css/chrome.css
CSS,300-1000,tokiclover-e-gtk-theme,1faa59e284d423e5352fbaa39d920c8488df3d7f,gtk-3.0/gtk-widgets.css,gtk-3.0/gtk-widgets.css
CSS,300-1000,tokiclover-e-gtk-theme,494dfc792d7524b8624062b48a2b5dbce28f89d6,gtk-3.0/gtk-widgets.css,gtk-3.0/gtk-widgets.css
CSS,300-1000,tokiclover-e-gtk-theme,717fa6f7a1de4cda1d82a9def1688e686e45e315,gtk-3.0/gtk-widgets.css,gtk-3.0/gtk-widgets.css
CSS,300-1000,tokiclover-e-gtk-theme,cdd524a510c89a068ba8d293449c1228244f1746,gtk-3.0/gtk-widgets.css,gtk-3.0/gtk-widgets.css
CSS,300-1000,vdr-projects-vdradmin-am,d921f96574a21479912ed4b3c91a2ab705612501,template/default/style.css,template/default/style.css
CSS,300-1000,zabbly-incus-ui-canonical,da0367dc1602ccb4b1061aae0f68ac316a444bb4,src/sass/styles.scss,src/sass/styles.scss
CSS,3000+,FortAwesome-Font-Awesome,41cfe644047fc3a4c49c22acc721cacc3e1021fe,css/all.css,css/all.css
CSS,3000+,FortAwesome-Font-Awesome,b476ed9aeef6ff16accd275eca515d4e08c3e724,css/fontawesome.css,css/fontawesome.css
CSS,3000+,WordPress-WordPress.git,376c614964d606f08ac9bbd208040a857b47aba4,wp-includes/css/dist/edit-site/style.css,wp-includes/css/dist/edit-site/style.css
CSS,3000+,adapta-project-adapta-gtk-theme,2f9e9319c86f81d3525cc2c3f83b401ae314cb8d,gtk/sass/common/_common.scss,gtk/sass/common/_common.scss
CSS,3000+,adapta-project-adapta-gtk-theme,45c9ff315492d654249812428d571d48739f1e04,gtk/sass/common/_3rd-party.scss,gtk/sass/common/_3rd-party.scss
CSS,3000+,adapta-project-adapta-gtk-theme,4778791ec25cd6495c89c35f0ddd348631203568,gtk/sass/common/_common.scss,gtk/sass/common/_common.scss
CSS,3000+,adapta-project-adapta-gtk-theme,4a73f677e85000f592702fff1ddf1092bf21a5d1,gtk/sass/common/_3rd-party.scss,gtk/sass/common/_3rd-party.scss
CSS,3000+,adapta-project-adapta-gtk-theme,579104f4153f3c2147fd29c3f80371bd5cbcee86,gtk/sass/common/_3rd-party.scss,gtk/sass/common/_3rd-party.scss
CSS,3000+,adapta-project-adapta-gtk-theme,58e174c5cfd1e23bf276a9bbaedbf3ebebb48564,gtk/sass/3.22/_3rd-party.scss,gtk/sass/3.22/_3rd-party.scss
CSS,3000+,adapta-project-adapta-gtk-theme,58e174c5cfd1e23bf276a9bbaedbf3ebebb48564,gtk/sass/4.0/_3rd-party.scss,gtk/sass/4.0/_3rd-party.scss
CSS,3000+,adapta-project-adapta-gtk-theme,6b6d0c15276d65e2b6e574722bd1d8b5da667c90,shell/sass/gnome-shell/_common.scss,shell/sass/gnome-shell/_common.scss
CSS,3000+,adapta-project-adapta-gtk-theme,f261991d15b0894b29a98db8412ba0374e2286f6,gtk/sass/common/_common.scss,gtk/sass/common/_common.scss
CSS,3000+,horst3180-vertex-theme,005734ef00da89d193c96dcfe088636b6940affe,common/gtk-3.0/3.20/gtk.css,common/gtk-3.0/3.20/gtk.css
CSS,3000+,horst3180-vertex-theme,005734ef00da89d193c96dcfe088636b6940affe,common/gtk-3.0/3.20/sass/_common.scss,common/gtk-3.0/3.20/sass/_common.scss
CSS,3000+,horst3180-vertex-theme,01f7c725e8a4edb2ac0aaec916b6c9c8162cd052,common/gtk-3.0/3.18/_common.scss,common/gtk-3.0/3.18/_common.scss
CSS,3000+,horst3180-vertex-theme,01f7c725e8a4edb2ac0aaec916b6c9c8162cd052,common/gtk-3.0/3.18/gtk-contained-dark.css,common/gtk-3.0/3.18/gtk-contained-dark.css
CSS,3000+,horst3180-vertex-theme,20e4425d152544406e1373cc479d74744dca366d,common/gtk-3.0/3.20/gtk-dark.css,common/gtk-3.0/3.20/gtk-dark.css
CSS,3000+,horst3180-vertex-theme,27dd9bc447d901eb925677daf3f95c206b1189cd,common/gtk-3.0/3.20/sass/_common.scss,common/gtk-3.0/3.20/sass/_common.scss
CSS,3000+,horst3180-vertex-theme,293ea5000f40946a1bdd9ca8543d8dc01363ea8d,common/gtk-3.0/3.20/gtk-light.css,common/gtk-3.0/3.20/gtk-light.css
CSS,3000+,horst3180-vertex-theme,29b71013befb3e9790f609a9272c3a1b413c3574,common/gtk-3.0/3.20/gtk.css,common/gtk-3.0/3.20/gtk.css
CSS,3000+,horst3180-vertex-theme,34224b6ba5a51e43ec2ad2fe29302bca8e714601,common/gtk-3.0/3.20/gtk-dark.css,common/gtk-3.0/3.20/gtk-dark.css
CSS,3000+,horst3180-vertex-theme,34224b6ba5a51e43ec2ad2fe29302bca8e714601,common/gtk-3.0/3.20/sass/_common.scss,common/gtk-3.0/3.20/sass/_common.scss
CSS,3000+,horst3180-vertex-theme,3e3d8811b00813de9deccc1319c71f6d34c7471b,common/gtk-3.0/3.18/gtk-light.css,common/gtk-3.0/3.18/gtk-light.css
CSS,3000+,horst3180-vertex-theme,412d426a2f2fa5e9e5bbe0abe81862981b872112,common/gtk-3.0/3.20/gtk-dark.css,common/gtk-3.0/3.20/gtk-dark.css
CSS,3000+,horst3180-vertex-theme,412d426a2f2fa5e9e5bbe0abe81862981b872112,common/gtk-3.0/3.20/gtk-light.css,common/gtk-3.0/3.20/gtk-light.css
CSS,3000+,horst3180-vertex-theme,412d426a2f2fa5e9e5bbe0abe81862981b872112,common/gtk-3.0/3.20/sass/_common.scss,common/gtk-3.0/3.20/sass/_common.scss
CSS,3000+,horst3180-vertex-theme,49870173aaa2f4e6ffe9ca6d471d9109cd827b0f,common/gtk-3.0/3.20/gtk.css,common/gtk-3.0/3.20/gtk.css
CSS,3000+,horst3180-vertex-theme,5170be73f229fcbfea3d95b05e4973ec43f5e66f,common/gtk-3.0/3.18/gtk.css,common/gtk-3.0/3.18/gtk.css
CSS,3000+,horst3180-vertex-theme,5170be73f229fcbfea3d95b05e4973ec43f5e66f,common/gtk-3.0/3.20/gtk-dark.css,common/gtk-3.0/3.20/gtk-dark.css
CSS,3000+,horst3180-vertex-theme,5170be73f229fcbfea3d95b05e4973ec43f5e66f,common/gtk-3.0/3.20/gtk.css,common/gtk-3.0/3.20/gtk.css
CSS,3000+,horst3180-vertex-theme,57a5c9805808e5e16233a393a01e2ded8bffd9b0,common/gtk-3.0/3.14/gtk-light.css,common/gtk-3.0/3.14/gtk-light.css
CSS,3000+,horst3180-vertex-theme,57a5c9805808e5e16233a393a01e2ded8bffd9b0,common/gtk-3.0/3.14/gtk.css,common/gtk-3.0/3.14/gtk.css
CSS,3000+,horst3180-vertex-theme,57a5c9805808e5e16233a393a01e2ded8bffd9b0,common/gtk-3.0/3.16/gtk-light.css,common/gtk-3.0/3.16/gtk-light.css
CSS,3000+,horst3180-vertex-theme,57a5c9805808e5e16233a393a01e2ded8bffd9b0,common/gtk-3.0/3.20/gtk-dark.css,common/gtk-3.0/3.20/gtk-dark.css
CSS,3000+,horst3180-vertex-theme,59eec1884d7e079ee65e3059832fe4bf31daa05b,common/gtk-3.0/3.20/gtk-light.css,common/gtk-3.0/3.20/gtk-light.css
CSS,3000+,horst3180-vertex-theme,68e486d4dfc568dc3bcb094b94efd285754c964d,common/gtk-3.0/3.16/_common.scss,common/gtk-3.0/3.16/_common.scss
CSS,3000+,horst3180-vertex-theme,68e486d4dfc568dc3bcb094b94efd285754c964d,common/gtk-3.0/3.18/_common.scss,common/gtk-3.0/3.18/_common.scss
CSS,3000+,horst3180-vertex-theme,68e486d4dfc568dc3bcb094b94efd285754c964d,common/gtk-3.0/3.18/gtk-contained.css,common/gtk-3.0/3.18/gtk-contained.css
CSS,3000+,horst3180-vertex-theme,6c6cfdbaadb04fb2ccf3c8cf11ffcee84873af2f,common/gtk-3.0/3.20/gtk-dark.css,common/gtk-3.0/3.20/gtk-dark.css
CSS,3000+,horst3180-vertex-theme,6c6cfdbaadb04fb2ccf3c8cf11ffcee84873af2f,common/gtk-3.0/3.20/gtk-light.css,common/gtk-3.0/3.20/gtk-light.css
CSS,3000+,horst3180-vertex-theme,6c6cfdbaadb04fb2ccf3c8cf11ffcee84873af2f,common/gtk-3.0/3.20/gtk.css,common/gtk-3.0/3.20/gtk.css
CSS,3000+,horst3180-vertex-theme,728847af1164377d2ea9c43c89b14694b4e1b8fb,common/gtk-3.0/3.20/sass/_common.scss,common/gtk-3.0/3.20/sass/_common.scss
CSS,3000+,horst3180-vertex-theme,7875c4feb28cfbbdb00aab3357e780587b6a0cb0,common/gtk-3.0/3.18/gtk-contained-light.css,common/gtk-3.0/3.18/gtk-contained-light.css
CSS,3000+,horst3180-vertex-theme,7875c4feb28cfbbdb00aab3357e780587b6a0cb0,common/gtk-3.0/3.18/gtk-contained.css,common/gtk-3.0/3.18/gtk-contained.css
CSS,3000+,horst3180-vertex-theme,8a3b2aaadc6d7c36d739e11ce3041ccc7e2cdb6a,common/gtk-3.0/3.20/gtk-light.css,common/gtk-3.0/3.20/gtk-light.css
CSS,3000+,horst3180-vertex-theme,8a3b2aaadc6d7c36d739e11ce3041ccc7e2cdb6a,common/gtk-3.0/3.20/gtk.css,common/gtk-3.0/3.20/gtk.css
CSS,3000+,horst3180-vertex-theme,8a3b2aaadc6d7c36d739e11ce3041ccc7e2cdb6a,common/gtk-3.0/3.20/sass/_common.scss,common/gtk-3.0/3.20/sass/_common.scss
CSS,3000+,horst3180-vertex-theme,992ef96b71cc63f94565e30a3c2a92bc04266f06,common/gtk-3.0/3.20/gtk-dark.css,common/gtk-3.0/3.20/gtk-dark.css
CSS,3000+,horst3180-vertex-theme,992ef96b71cc63f94565e30a3c2a92bc04266f06,common/gtk-3.0/3.20/gtk-light.css,common/gtk-3.0/3.20/gtk-light.css
CSS,3000+,horst3180-vertex-theme,9bdc9cb02b3abe5265d4c42044c52da8908f5455,common/gtk-3.0/3.14/gtk.css,common/gtk-3.0/3.14/gtk.css
CSS,3000+,horst3180-vertex-theme,9bdc9cb02b3abe5265d4c42044c52da8908f5455,common/gtk-3.0/3.16/gtk-dark.css,common/gtk-3.0/3.16/gtk-dark.css
CSS,3000+,horst3180-vertex-theme,9bdc9cb02b3abe5265d4c42044c52da8908f5455,common/gtk-3.0/3.18/gtk-dark.css,common/gtk-3.0/3.18/gtk-dark.css
CSS,3000+,horst3180-vertex-theme,9bdc9cb02b3abe5265d4c42044c52da8908f5455,common/gtk-3.0/3.18/gtk-light.css,common/gtk-3.0/3.18/gtk-contained-light.css
CSS,3000+,horst3180-vertex-theme,9cdab24cfa7b1260bda652e0a70e08dc238740b6,common/gtk-3.0/3.14/gtk-dark.css,common/gtk-3.0/3.14/gtk-dark.css
CSS,3000+,horst3180-vertex-theme,9cdab24cfa7b1260bda652e0a70e08dc238740b6,common/gtk-3.0/3.14/gtk-light.css,common/gtk-3.0/3.14/gtk-contained-light.css
CSS,3000+,horst3180-vertex-theme,9cdab24cfa7b1260bda652e0a70e08dc238740b6,common/gtk-3.0/3.18/gtk-light.css,common/gtk-3.0/3.18/gtk-contained-light.css
CSS,3000+,horst3180-vertex-theme,9cdab24cfa7b1260bda652e0a70e08dc238740b6,common/gtk-3.0/3.18/gtk.css,common/gtk-3.0/3.18/gtk.css
CSS,3000+,horst3180-vertex-theme,9e4607bebabdf2242c5e15d467a80543e481913f,common/gtk-3.0/3.20/gtk-dark.css,common/gtk-3.0/3.20/gtk-dark.css
CSS,3000+,horst3180-vertex-theme,9e4607bebabdf2242c5e15d467a80543e481913f,common/gtk-3.0/3.20/gtk-light.css,common/gtk-3.0/3.20/gtk-light.css
CSS,3000+,horst3180-vertex-theme,9e53fa100e22b2dc9e864bb8b165cd97ded9ca5b,common/gtk-3.0/3.20/gtk-dark.css,common/gtk-3.0/3.20/gtk-dark.css
CSS,3000+,horst3180-vertex-theme,a1fe98437983f65408cafb91766542a53c1de9d1,common/gtk-3.0/3.18/gtk-light.css,common/gtk-3.0/3.18/gtk-light.css
CSS,3000+,horst3180-vertex-theme,aae1d562fa88a9dd2365722f348bacc64497db1e,common/gtk-3.0/3.20/gtk-dark.css,common/gtk-3.0/3.20/gtk-dark.css
CSS,3000+,horst3180-vertex-theme,aae1d562fa88a9dd2365722f348bacc64497db1e,common/gtk-3.0/3.20/gtk-light.css,common/gtk-3.0/3.20/gtk-light.css
CSS,3000+,horst3180-vertex-theme,aae1d562fa88a9dd2365722f348bacc64497db1e,common/gtk-3.0/3.20/sass/_common.scss,common/gtk-3.0/3.20/sass/_common.scss
CSS,3000+,horst3180-vertex-theme,ba0f5b05b926803b3f8071de0e41b8cb558510d1,common/gtk-3.0/3.20/gtk-dark.css,common/gtk-3.0/3.20/gtk-dark.css
CSS,3000+,horst3180-vertex-theme,ba0f5b05b926803b3f8071de0e41b8cb558510d1,common/gtk-3.0/3.20/sass/_common.scss,common/gtk-3.0/3.20/sass/_common.scss
CSS,3000+,jnsh-arc-theme,02f9f8ccb739bf014371dbe6f10687a86ee0ced8,common/gnome-shell/43/sass/_common.scss,common/gnome-shell/43/sass/_common.scss
CSS,3000+,jnsh-arc-theme,1a8d0194baa56fa867bfed80dcbe36776f30b1fd,common/gnome-shell/43/sass/_common.scss,common/gnome-shell/43/sass/_common.scss
CSS,3000+,jnsh-arc-theme,201eecf8558ac079ec7374f9b7b6d2a7de49e78e,common/gnome-shell/43/sass/_common.scss,common/gnome-shell/43/sass/_common.scss
CSS,3000+,jnsh-arc-theme,26e5951d352e5fb1824643359d45a3c49951dcee,common/gnome-shell/45/sass/_common.scss,common/gnome-shell/45/sass/_common.scss
CSS,3000+,jnsh-arc-theme,2cc90ed7fda85aae375f616e95a8f1241a7ebc17,common/gnome-shell/44/sass/_common.scss,common/gnome-shell/44/sass/_common.scss
CSS,3000+,jnsh-arc-theme,5f7e93f07193d258d14fc6fc747d1566422f6836,common/gnome-shell/45/sass/_common.scss,common/gnome-shell/45/sass/_common.scss
CSS,3000+,jnsh-arc-theme,62d238730b958af5d06016bbb72fa7a99d44ae30,common/gnome-shell/45/sass/_common.scss,common/gnome-shell/45/sass/_common.scss
CSS,3000+,jnsh-arc-theme,710249a76dc9e069a2ff4e0cfdacb48ff1c7f437,common/gnome-shell/44/sass/_common.scss,common/gnome-shell/44/sass/_common.scss
CSS,3000+,jnsh-arc-theme,b23790532e01ea0f2113abe7627b8966f7d6d30a,common/gnome-shell/43/sass/_common.scss,common/gnome-shell/43/sass/_common.scss
CSS,3000+,jnsh-arc-theme,ccb9cf35ae34bc02810f1c1bec627f4285eeed13,common/gnome-shell/44/sass/_common.scss,common/gnome-shell/44/sass/_common.scss
CSS,3000+,jnsh-arc-theme,d52a853a4b03d30d56b7bfaabd3ef0b6d1f6e56b,common/gnome-shell/45/sass/_common.scss,common/gnome-shell/45/sass/_common.scss
CSS,3000+,jnsh-arc-theme,daf27b88e9995e2117e7a46ee902bcb9d89eb33a,common/gnome-shell/44/sass/_common.scss,common/gnome-shell/44/sass/_common.scss
CSS,3000+,jnsh-arc-theme,ded6216572184596d78af2d06f25ec40dcb7b903,common/gnome-shell/43/sass/_common.scss,common/gnome-shell/43/sass/_common.scss
CSS,3000+,lassekongo83-zuki-themes,486534bafe42536114ed73c934b0cc914d71d13c,gtk/src/Zukitre/gtk-3.0/_common.scss,gtk/src/Zukitre/gtk-3.0/_common.scss
CSS,3000+,lassekongo83-zuki-themes,4b53ae38ec952d6ae2973598e36d14f5a1949965,gtk/src/Zukitre/gtk-3.0/_common.scss,gtk/src/Zukitre/gtk-3.0/_common.scss
CSS,3000+,lassekongo83-zuki-themes,4b53ae38ec952d6ae2973598e36d14f5a1949965,gtk/src/Zukitwo/gtk-3.0/_common.scss,gtk/src/Zukitwo/gtk-3.0/_common.scss
CSS,3000+,lassekongo83-zuki-themes,6643f03a0a00b0b33b238fa417c6993a2c32b303,gtk/src/Zukitre/gtk-3.0/_common.scss,gtk/src/Zukitre/gtk-3.0/_common.scss
CSS,3000+,lassekongo83-zuki-themes,7763c4771cb239f1b0d9147c81bdcaf026571840,gtk/src/Zukitre/gtk-3.0/_common.scss,gtk/src/Zukitre/gtk-3.0/_common.scss
CSS,3000+,lassekongo83-zuki-themes,984c908e28a496bd23bfb883eb8dfdf564cbd8ad,gtk/src/Zukitre/gtk-3.0/_common.scss,gtk/src/Zukitre/gtk-3.0/_common.scss
CSS,3000+,lassekongo83-zuki-themes,a13b8c96be09b24541c3dad9f04638573e461ee3,gtk/src/Zukitre/gtk-3.0/_common.scss,gtk/src/Zukitre/gtk-3.0/_common.scss
CSS,3000+,lassekongo83-zuki-themes,a8db1d53baf5d52ffd5de074a9276f91f8130c00,gtk/src/Zukitwo/gtk-3.0/_common.scss,gtk/src/Zukitwo/gtk-3.0/_common.scss
CSS,3000+,lassekongo83-zuki-themes,bc6555a5a86aa96a0d44d0a5076873ce4106c2f2,gtk/src/Zukitwo/gtk-3.0/_common.scss,gtk/src/Zukitwo/gtk-3.0/_common.scss
CSS,3000+,lassekongo83-zuki-themes,c95c711b3e0c4e4e8e0c92f8a10c8dd8032251b1,gtk/src/Zukitre/gtk-4.0/_common.scss,gtk/src/Zukitre/gtk-4.0/_common.scss
CSS,3000+,lassekongo83-zuki-themes,e9654130d118a4c4bfc0e26e3c39e40de97e8eba,gtk/src/Zukitre/gtk-3.0/_common.scss,gtk/src/Zukitre/gtk-3.0/_common.scss
CSS,3000+,lassekongo83-zuki-themes,f1bc56dd7973e7be4adfd3fa2f349c0cf9051365,gtk/src/Zukitwo/gtk-3.0/_common.scss,gtk/src/Zukitwo/gtk-3.0/_common.scss
CSS,3000+,madmaxms-theme-obsidian-2,100012f5b82070700e3b1124f60161fabacadbdf,Obsidian-2/gtk-3.0/gtk.css,Obsidian-2/gtk-3.0/gtk.css
CSS,3000+,madmaxms-theme-obsidian-2,100012f5b82070700e3b1124f60161fabacadbdf,Obsidian-2/gtk-3.20/gtk.css,Obsidian-2/gtk-3.20/gtk.css
CSS,3000+,madmaxms-theme-obsidian-2,190c6fc92439193c71879f9f10a64b03ab550a61,Obsidian-2/gtk-3.0/gtk.css,Obsidian-2/gtk-3.0/gtk.css
CSS,3000+,madmaxms-theme-obsidian-2,238ea4f3920457da4bad625b78659fe62c32ef4d,Obsidian-2/gtk-3.0/gtk.css,Obsidian-2/gtk-3.0/gtk.css
CSS,3000+,madmaxms-theme-obsidian-2,25212349d7347342b7ee64a79000dd9674e2d8e5,Obsidian-2/gtk-3.22/gtk.css,Obsidian-2/gtk-3.22/gtk.css
CSS,3000+,madmaxms-theme-obsidian-2,446429467d0d7bafdadf382d78211dad22daf4f4,Obsidian-2/cinnamon/cinnamon.css,Obsidian-2/cinnamon/cinnamon.css
CSS,3000+,madmaxms-theme-obsidian-2,446429467d0d7bafdadf382d78211dad22daf4f4,Obsidian-2/gtk-4.0/gtk.css,Obsidian-2/gtk-4.0/gtk.css
CSS,3000+,madmaxms-theme-obsidian-2,4582521f44bdfb2397f9ef5c0c899c195a252b9b,Obsidian-2/gtk-3.0/gtk.css,Obsidian-2/gtk-3.0/gtk.css
CSS,3000+,madmaxms-theme-obsidian-2,4582521f44bdfb2397f9ef5c0c899c195a252b9b,Obsidian-2/gtk-3.20/gtk.css,Obsidian-2/gtk-3.20/gtk.css
CSS,3000+,madmaxms-theme-obsidian-2,461df0449e7774a3e8a3bf478c242069e0469d36,Obsidian-2/gtk-3.0/gtk.css,Obsidian-2/gtk-3.0/gtk.css
CSS,3000+,madmaxms-theme-obsidian-2,4a502f87d9c4fdd076c5de759914ed950df87206,Obsidian-2/gtk-3.0/gtk.css,Obsidian-2/gtk-3.0/gtk.css
CSS,3000+,madmaxms-theme-obsidian-2,57e536591ca72ee31c7de28b2935494a46e654f1,Obsidian-2/gtk-3.20/gtk.css,Obsidian-2/gtk-3.20/gtk.css
CSS,3000+,madmaxms-theme-obsidian-2,5b3d5675fb21120ccca8f3246fef448e6354a112,Obsidian-2/gnome-shell/gnome-shell.css,Obsidian-2/gnome-shell/gnome-shell.css
CSS,3000+,madmaxms-theme-obsidian-2,615dfc0d65c36c450b6f334acc671277a4c2cf53,Obsidian-2/gnome-shell/gnome-shell.css,Obsidian-2/gnome-shell/gnome-shell.css
CSS,3000+,madmaxms-theme-obsidian-2,63e12b9ceb7d1505eb56107ad644337d3adcfb01,Obsidian-2/gtk-3.20/gtk.css,Obsidian-2/gtk-3.20/gtk.css
CSS,3000+,madmaxms-theme-obsidian-2,674abd0356556d73e7539cf2b702464c9e5b1c4c,Obsidian-2/gtk-3.20/gtk.css,Obsidian-2/gtk-3.20/gtk.css
CSS,3000+,madmaxms-theme-obsidian-2,7c1206e457898410c6a0e4b1ccedf90ee30392f7,Obsidian-2/gnome-shell/gnome-shell.css,Obsidian-2/gnome-shell/gnome-shell.css
CSS,3000+,madmaxms-theme-obsidian-2,8501ebb3ffb869bf182efb115780e7df1088c1d8,Obsidian-2/gtk-3.0/gtk.css,Obsidian-2/gtk-3.0/gtk.css
CSS,3000+,madmaxms-theme-obsidian-2,8501ebb3ffb869bf182efb115780e7df1088c1d8,Obsidian-2/gtk-3.22/gtk.css,Obsidian-2/gtk-3.22/gtk.css
CSS,3000+,madmaxms-theme-obsidian-2,8c492cb19c5286baf081bd0b3f9a80a152a952c1,Obsidian-2/gtk-3.20/gtk.css,Obsidian-2/gtk-3.20/gtk.css
CSS,3000+,madmaxms-theme-obsidian-2,9865e589dbbf32669e21f23503e82a14e44ae625,Obsidian-2/gnome-shell/gnome-shell.css,Obsidian-2/gnome-shell/gnome-shell.css
CSS,3000+,madmaxms-theme-obsidian-2,9865e589dbbf32669e21f23503e82a14e44ae625,Obsidian-2/gtk-3.0/gtk.css,Obsidian-2/gtk-3.0/gtk.css
CSS,3000+,madmaxms-theme-obsidian-2,aa0f05f130c5183e6c3b495e46e1c018882a6174,Obsidian-2/gtk-4.0/gtk-dark.css,Obsidian-2/gtk-4.0/gtk-dark.css
CSS,3000+,madmaxms-theme-obsidian-2,aa0f05f130c5183e6c3b495e46e1c018882a6174,Obsidian-2/gtk-4.0/gtk.css,Obsidian-2/gtk-4.0/gtk.css
CSS,3000+,madmaxms-theme-obsidian-2,abd6842eab56f0886d30c5dde346c60a903db392,Obsidian-2/gtk-3.22/gtk.css,Obsidian-2/gtk-3.22/gtk.css
CSS,3000+,madmaxms-theme-obsidian-2,c4d6a5b187cb414849566e7cc39cddf13e655af6,Obsidian-2/gnome-shell/gnome-shell.css,Obsidian-2/gnome-shell/gnome-shell.css
CSS,3000+,madmaxms-theme-obsidian-2,c4d6a5b187cb414849566e7cc39cddf13e655af6,Obsidian-2/gtk-3.0/gtk.css,Obsidian-2/gtk-3.0/gtk.css
CSS,3000+,madmaxms-theme-obsidian-2,c4d6a5b187cb414849566e7cc39cddf13e655af6,Obsidian-2/gtk-3.20/gtk.css,Obsidian-2/gtk-3.20/gtk.css
CSS,3000+,madmaxms-theme-obsidian-2,d67b39a2cd052a6d91d5ba4bc5f4499693c575e8,Obsidian-2/gnome-shell/gnome-shell.css,Obsidian-2/gnome-shell/gnome-shell.css
CSS,3000+,madmaxms-theme-obsidian-2,d72fab404b8d06e7f3d25548c03d980895beea46,Obsidian-2/gnome-shell/gnome-shell.css,Obsidian-2/gnome-shell/gnome-shell.css
CSS,3000+,madmaxms-theme-obsidian-2,d72fab404b8d06e7f3d25548c03d980895beea46,Obsidian-2/gtk-3.0/gtk.css,Obsidian-2/gtk-3.0/gtk.css
CSS,3000+,madmaxms-theme-obsidian-2,d72fab404b8d06e7f3d25548c03d980895beea46,Obsidian-2/gtk-3.20/gtk.css,Obsidian-2/gtk-3.20/gtk.css
CSS,3000+,madmaxms-theme-obsidian-2,d72fab404b8d06e7f3d25548c03d980895beea46,Obsidian-2/gtk-4.0/gtk-dark.css,Obsidian-2/gtk-4.0/gtk-dark.css
CSS,3000+,madmaxms-theme-obsidian-2,ed5e9cd8d504b42b633137bdae79605b7886539d,Obsidian-2/gnome-shell/gnome-shell.css,Obsidian-2/gnome-shell/gnome-shell.css
CSS,3000+,madmaxms-theme-obsidian-2,ed5e9cd8d504b42b633137bdae79605b7886539d,Obsidian-2/gtk-3.20/gtk-dark.css,Obsidian-2/gtk-3.20/gtk-dark.css
CSS,3000+,madmaxms-theme-obsidian-2,ed5e9cd8d504b42b633137bdae79605b7886539d,Obsidian-2/gtk-4.0/gtk.css,Obsidian-2/gtk-4.0/gtk.css
CSS,3000+,madmaxms-theme-obsidian-2,f94e460cdc32599273ef37d01efc31a488f83be3,Obsidian-2/gtk-3.22/gtk.css,Obsidian-2/gtk-3.22/gtk.css
CSS,3000+,nana-4-materia-theme,4145dea0a9e1661e8605b7e614bbbbfaa371f9dd,src/gtk-4.0/sass/_common.scss,src/gtk-4.0/sass/_common.scss
CSS,3000+,nana-4-materia-theme,57bf58b218352bfff4c806500358556c044deff4,src/gtk-3.0/sass/_common.scss,src/gtk-3.0/sass/_common.scss
CSS,3000+,nana-4-materia-theme,a9b0b4cacca364a56f2c4081b4656b289a941601,src/gtk-3.0/sass/_common.scss,src/gtk-3.0/sass/_common.scss
CSS,3000+,nana-4-materia-theme,fe2d50097c2d4788787c85e719b44747c679e253,src/gtk-3.0/sass/_common.scss,src/gtk-3.0/sass/_common.scss
CSS,3000+,ryan-roemer-sphinx-bootstrap-theme,f7c86aac96ff11ca7482ec5d48d68bd60a1ac1cc,sphinx_bootstrap_theme/bootstrap/static/bootstrap-3.3.7/css/bootstrap.css,sphinx_bootstrap_theme/bootstrap/static/bootstrap-3.3.6/css/bootstrap.css
CSS,3000+,shimmerproject-Greybird,0be935f52444542bbc419aaad26a132552f9acc6,light/gtk-3.0/_common.scss,light/gtk-3.0/_common.scss
CSS,3000+,shimmerproject-Greybird,173428b45854b3b00d5a163aaee5f411792a2c26,light/gtk-3.0/_common.scss,light/gtk-3.0/_common.scss
CSS,3000+,shimmerproject-Greybird,2d394db68b7481ecd558a1070581459dbf01c32d,light/gtk-3.0/_common.scss,light/gtk-3.0/_common.scss
CSS,3000+,shimmerproject-Greybird,454f139017058975b800c40a5daf22e36136d322,light/gtk-3.0/_common.scss,light/gtk-3.0/_common.scss
CSS,3000+,shimmerproject-Greybird,5fb9d3372ea17c7bfebec7dc95c62eeed9d1b334,light/gtk-3.0/_common.scss,light/gtk-3.0/_common.scss
CSS,3000+,shimmerproject-Greybird,63c247b24e538dc9fd294476079c31e8cdeb2825,gtk-3.0/gtk-contained-dark.css,gtk-3.0/gtk-contained-dark.css
CSS,3000+,shimmerproject-Greybird,99f40ce5605c02406a6d71fc0889dce9c90873df,gtk-3.0/_common.scss,gtk-3.0/_common.scss
CSS,3000+,shimmerproject-Greybird,d53750afa735f2b7d1ff190ecadcceddd971f5d8,gtk-3.0/_common.scss,gtk-3.0/_common.scss
CSS,3000+,shimmerproject-Greybird,ede9f55e3f2ea64248f01801c394e70e85a8f824,light/gtk-3.0/_common.scss,light/gtk-3.0/_common.scss
