language,size_bucket,repository,commit,path,old_path
Java,0-10,HaxeFoundation-haxe-debian,4d0638a13ecc7c698da0717b1d6831c3e9f9bc03,tests/unit/native_java/src/haxe/test/TEnum.java,tests/unit/native_java/src/haxe/test/TEnum.java
Java,0-10,LMAX-Exchange-disruptor,63f9abca5228380202b44b44c2b166205179b1d1,src/main/java/module-info.java,src/main/java/module-info.java
Java,0-10,LMAX-Exchange-disruptor,f87cba54661cf95ce325a4f0c669c2081036d597,src/main/java/com/lmax/disruptor/EventHandlerIdentity.java,src/main/java/com/lmax/disruptor/EventHandlerIdentity.java
Java,0-10,bigbass1997-NotEnoughProduction,af4f440a8af15272abbf607e1b108277f82dee10,core/src/main/java/com/bigbass/nep/gui/listeners/ScrollwheelInputAdapter.java,core/src/main/java/com/bigbass/nep/panel/ScrollwheelInputAdapter.java
Java,0-10,bigbass1997-NotEnoughProduction,af4f440a8af15272abbf607e1b108277f82dee10,core/src/main/java/com/bigbass/nep/recipes/IRecipe.java,core/src/main/java/com/bigbass/nep/recipes/IRecipe.java
Java,0-10,bigbass1997-NotEnoughProduction,d7148269c4651638ea2aa85bb6263c5d26950285,core/src/main/java/com/bigbass/nep/gui/listeners/HoverListener.java,core/src/main/java/com/bigbass/nep/gui/listeners/ContainerHoverListener.java
Java,0-10,bndtools-bnd,2865fe13eb939a9a887b3e18af0fb87b8a283a1e,biz.aQute.bndlib/src/aQute/bnd/osgi/package-info.java,biz.aQute.bndlib/src/aQute/bnd/osgi/package-info.java
Java,0-10,cniweb-ant-contrib,123270fa9f876f60ad1f8ee09fdb697822d70f43,ant-contrib/src/main/java/net/sf/antcontrib/net/IvyAdapter.java,ant-contrib/src/main/java/net/sf/antcontrib/net/IvyAdapter.java
Java,0-10,cniweb-ant-contrib,123270fa9f876f60ad1f8ee09fdb697822d70f43,ant-contrib/src/taskdocs/java/net/sf/antcontrib/taskdocs/TaskDoclet.java,ant-contrib/src/taskdocs/java/net/sf/antcontrib/taskdocs/TaskDoclet.java
Java,0-10,dzaima-BQN,4d5ab8189dc94c3f759e5b0ec38100e7431854e6,src/BQN/tools/JFn.java,src/BQN/tools/JFn.java
Java,0-10,eclipse-aspectj-aspectj,eb56b6e84e24e58f318fb92479f9d9e6fa4c866f,tests/bugs162/pr242797/case3/Type1.java,tests/bugs162/pr242797/case3/Type1.java
Java,0-10,eclipse-aspectj-aspectj,eb56b6e84e24e58f318fb92479f9d9e6fa4c866f,tests/bugs162/pr242797/case3/Type2.java,tests/bugs162/pr242797/case3/Type2.java
Java,0-10,eclipse-aspectj-aspectj,eb56b6e84e24e58f318fb92479f9d9e6fa4c866f,tests/harness/ErrorTest.java,tests/harness/ErrorTest.java
Java,0-10,eclipse-aspectj-aspectj,eb56b6e84e24e58f318fb92479f9d9e6fa4c866f,tests/java5/pertypewithin/H.java,tests/java5/pertypewithin/H.java
Java,0-10,fordfrog-apgdiff,c6c336e48fb6285b996f8f3bb178459ff332284c,src/main/java/cz/startnet/utils/pgdiff/loader/package-info.java,src/main/java/cz/startnet/utils/pgdiff/loader/package-info.java
Java,0-10,fordfrog-apgdiff,c6c336e48fb6285b996f8f3bb178459ff332284c,src/main/java/cz/startnet/utils/pgdiff/package-info.java,src/main/java/cz/startnet/utils/pgdiff/package-info.java
Java,0-10,fordfrog-apgdiff,c6c336e48fb6285b996f8f3bb178459ff332284c,src/main/java/cz/startnet/utils/pgdiff/parsers/package-info.java,src/main/java/cz/startnet/utils/pgdiff/parsers/package-info.java
Java,0-10,fordfrog-apgdiff,c6c336e48fb6285b996f8f3bb178459ff332284c,src/main/java/cz/startnet/utils/pgdiff/schema/package-info.java,src/main/java/cz/startnet/utils/pgdiff/schema/package-info.java
Java,0-10,javaruntype-javaruntype,0211dddb123e30045136edc4eb2301383bf2c3a4,src/test/java/org/javaruntype/type/testtypes/TEnum.java,src/test/java/org/javaruntype/type/testtypes/TEnum.java
Java,0-10,javaruntype-javaruntype,0211dddb123e30045136edc4eb2301383bf2c3a4,src/test/java/org/javaruntype/type/testtypes/TType4.java,src/test/java/org/javaruntype/type/testtypes/TType4.java
Java,0-10,javaruntype-javaruntype,0211dddb123e30045136edc4eb2301383bf2c3a4,src/test/java/org/javaruntype/type/testtypes/TTypeInt.java,src/test/java/org/javaruntype/type/testtypes/TTypeInt.java
Java,0-10,jmock-developers-jmock-library,21d00fc5812b6f31309b4c6acdefd1c50fe39943,jmock/src/main/java/org/jmock/api/ExpectationCollector.java,jmock/src/main/java/org/jmock/internal/ExpectationCollector.java
Java,0-10,jmock-developers-jmock-library,21d00fc5812b6f31309b4c6acdefd1c50fe39943,jmock/src/main/java/org/jmock/api/ThreadingPolicy.java,jmock/src/main/java/org/jmock/api/ThreadingPolicy.java
Java,0-10,jmock-developers-jmock-library,21d00fc5812b6f31309b4c6acdefd1c50fe39943,jmock/src/main/java/org/jmock/internal/ExpectationBuilder.java,jmock/src/main/java/org/jmock/internal/ExpectationBuilder.java
Java,0-10,jmock-developers-jmock-library,41cec5fe95850eb006995a71992bca411478dd87,jmock/src/main/java/org/jmock/api/ThreadingPolicy.java,jmock/src/main/java/org/jmock/api/ThreadingPolicy.java
Java,0-10,jmock-developers-jmock-library,50bfeef85754254b9fdfdea9145a4873df10bda5,testjar/src/main/java/org/jmock/testjar/ClassFromOtherClassLoader.java,testjar/src/main/java/ClassFromOtherClassLoader.java
Java,0-10,jmock-developers-jmock-library,790d06009c1d709605dcf2a606649afe9caac307,jmock-imposters/src/main/java/org/jmock/imposters/package-info.java,jmock-imposters/src/main/java/org/jmock/lib/imposters/package-info.java
Java,0-10,jmock-developers-jmock-library,b63ad56cee68db4074047e9a019733a2bd5d2059,jmock-junit5/src/test/java/org/jmock/junit5/testdata/jmock/acceptance/BaseClassWithMockery.java,jmock-junit5/src/test/java/org/jmock/junit5/testdata/jmock/acceptance/BaseClassWithMockery.java
Java,0-10,jmock-developers-jmock-library,cec7f698e02d3f8dbb55a0dc035fcc8f86818c8e,jmock-junit5/src/test/java/org/jmock/junit5/extensions/package-info.java,jmock-junit5/src/main/java/org/jmock/junit5/services/package-info.java
Java,0-10,jmock-developers-jmock-library,cec7f698e02d3f8dbb55a0dc035fcc8f86818c8e,jmock-junit5/src/test/java/org/jmock/junit5/testdata/BaseClassWithMockery.java,jmock-junit5/src/test/java/org/jmock/junit5/testdata/BaseClassWithMockery.java
Java,0-10,jmock-developers-jmock-library,faa2f1c6b558a67563d8c9333388271041c2f1a6,jmock/src/main/java/org/jmock/api/ThreadingPolicy.java,jmock/src/main/java/org/jmock/api/ThreadingPolicy.java
Java,0-10,jopt-simple-jopt-simple,2d0c0c22e511e73310fe68a2b976d99576744a97,net.sf.joptsimple/src/main/java/module-info.java,net.sf.joptsimple/src/main/java/module-info.java
Java,0-10,jopt-simple-jopt-simple,b3bce5947c7833a9995638a72d8cf163e038bee7,net.sf.joptsimple.tests/src/test/java/module-info.java,net.sf.joptsimple.tests/src/test/java/module-info.java
Java,0-10,jopt-simple-jopt-simple,bda404a5bba5e41338d2b17d0507499c0cb9f26a,src/main/java/module-info.java,net.sf.joptsimple/src/main/java/module-info.java
Java,0-10,jopt-simple-jopt-simple,bda404a5bba5e41338d2b17d0507499c0cb9f26a,src/test/java/net/sf/joptsimple/examples/Level.java,net.sf.joptsimple.tests/src/test/java/tests/joptsimple/examples/Level.java
Java,0-10,jopt-simple-jopt-simple,ccb14f9899300b40780ffca6f3b1ebd0f0d9f071,net.sf.joptsimple/src/main/java/module-info.java,net.sf.joptsimple/src/main/java/module-info.java
Java,0-10,jopt-simple-jopt-simple,d33a77619babd9068e3a55f7fb4000d020be6e10,net.sf.joptsimple.tests/src/test/java/tests/joptsimple/examples/Level.java,net.sf.joptsimple.tests/src/test/java/joptsimple/examples/Level.java
Java,0-10,jtwig-jtwig-core,88774b111f66442e34043e758b1fa25d53496bca,src/main/java/org/jtwig/model/tree/visitor/NodeVisitor.java,src/main/java/org/jtwig/model/tree/visitor/NodeVisitor.java
Java,0-10,junit-pioneer-junit-pioneer,ce8599db45d1e94ee6c1b807796fe049de28eccf,.infra/spotless/eclipse-public-license-2.0.java,.infra/spotless/eclipse-public-license-2.0.java
Java,0-10,netplex-json-smart-v2,5efc9abca40632b3a95cce9222f2ae5fc8767bfb,accessors-smart/src/test/java/net/minidev/asm/bean/BBoolPub.java,accessors-smart/src/test/java/net/minidev/asm/bean/BBoolPub.java
Java,0-10,netplex-json-smart-v2,5efc9abca40632b3a95cce9222f2ae5fc8767bfb,accessors-smart/src/test/java/net/minidev/asm/bean/BBooleanPub.java,accessors-smart/src/test/java/net/minidev/asm/bean/BBooleanPub.java
Java,0-10,netplex-json-smart-v2,5efc9abca40632b3a95cce9222f2ae5fc8767bfb,accessors-smart/src/test/java/net/minidev/asm/bean/BEnumPub.java,accessors-smart/src/test/java/net/minidev/asm/bean/BEnumPub.java
Java,0-10,netplex-json-smart-v2,5efc9abca40632b3a95cce9222f2ae5fc8767bfb,accessors-smart/src/test/java/net/minidev/asm/bean/BLongPub.java,accessors-smart/src/test/java/net/minidev/asm/bean/BLongPub.java
Java,0-10,netplex-json-smart-v2,5efc9abca40632b3a95cce9222f2ae5fc8767bfb,accessors-smart/src/test/java/net/minidev/asm/bean/BObjectPub.java,accessors-smart/src/test/java/net/minidev/asm/bean/BObjectPub.java
Java,0-10,netplex-json-smart-v2,5efc9abca40632b3a95cce9222f2ae5fc8767bfb,accessors-smart/src/test/java/net/minidev/asm/bean/BStrPub.java,accessors-smart/src/test/java/net/minidev/asm/bean/BStrPub.java
Java,0-10,netplex-json-smart-v2,5efc9abca40632b3a95cce9222f2ae5fc8767bfb,accessors-smart/src/test/java/net/minidev/asm/bean/TEnum.java,accessors-smart/src/test/java/net/minidev/asm/bean/TEnum.java
Java,0-10,netplex-json-smart-v2,5efc9abca40632b3a95cce9222f2ae5fc8767bfb,json-smart/src/main/java/net/minidev/json/reader/JsonWriterI.java,json-smart/src/main/java/net/minidev/json/reader/JsonWriterI.java
Java,0-10,qos-ch-cal10n,0025d64a12a1a4628d598ff1957fabe5c78378c0,cal10n-api/src/test/java/ch/qos/cal10n/CAL10NTestConstants.java,cal10n-api/src/test/java/ch/qos/cal10n/Cal10nTestConstants.java
Java,0-10,qos-ch-cal10n,b8324950e6bfc87673f670db82782e83e360d86e,cal10n-api/src/test/java/ch/qos/cal10n/Cal10nTestConstants.java,cal10n-api/src/test/java/ch/qos/cal10n/Cal10nTestConstants.java
Java,0-10,raphw-asm-jdk-bridge,44cf3508999f4ab4fa10829b149d0cc1d9354c7b,asm-jdk-bridge/src/main/java-9/module-info.java,asm-jdk-bridge/src/main/java-9/module-info.java
Java,0-10,raphw-asm-jdk-bridge,a8f2307174ebba94373a1b5785fa17e7111a4831,asm-jdk-bridge/src/main/java-9/module-info.java,asm-jdk-bridge/src/main/java-9/module-info.java
Java,0-10,wrandelshofer-FastDoubleParser,fe4942f5d6a412957308d98cc31f5c0e78da08d0,fastdoubleparserdemo-dev/src/main/java/ch.randelshofer.fastdoubleparserdemo/module-info.java,fastdoubleparserdemo-dev/src/main/java/ch.randelshofer.fastdoubleparserdemo/module-info.java
Java,0-10,zeroc-ice-ice,59049d585865f74326e1ff85103de4f9491106f6,java/src/com.zeroc.glacier2/src/main/java/com/zeroc/Glacier2/package-info.java,java/src/com.zeroc.glacier2/src/main/java/com/zeroc/Glacier2/package-info.java
Java,10-30,FasterXML-jackson-dataformat-xml,e003de077cde130682d4f59add150a8e7f675ab3,src/test-jdk17/java/com/fasterxml/jackson/dataformat/xml/records/tofix/XmlRecordDeser735Test.java,src/test-jdk17/java/com/fasterxml/jackson/dataformat/xml/records/failing/XmlRecordDeser734Test.java
Java,10-30,FasterXML-jackson-modules-base,37aad8d04ad636d9515d3183ed2362869f5d37b3,jakarta-xmlbind/src/test/java/com/fasterxml/jackson/module/jakarta/xmlbind/adapters/MapType.java,jakarta-xmlbind/src/test/java/com/fasterxml/jackson/module/jakarta/xmlbind/adapters/MapType.java
Java,10-30,Governikus-AusweisApp,731b57cd7dc5698432949c905643650e6fc23583,src/android/BootstrapHelper.java,src/android/BootstrapHelper.java
Java,10-30,JetBrains-java-annotations,42bb869f44c3a3ea12666dc09d1ed1db7857d592,multiplatform-annotations/src/jvmMain/moduleInfo/module-info.java,multiplatform-annotations/src/jvmMain/moduleInfo/module-info.java
Java,10-30,JodaOrg-joda-convert,589981173e546bb81114eb0d11d2cafb2c83df9a,src/test/java/org/joda/convert/DistanceWithFactoryFactory.java,src/test/java/org/joda/convert/DistanceWithFactoryFactory.java
Java,10-30,MiniDNS-minidns,4433a70a91537075f2d30a4240c8bcb1356c9325,minidns-core/src/main/java/org/minidns/dnslabel/UnderscoreLabel.java,minidns-core/src/main/java/org/minidns/dnslabel/UnderscoreLabel.java
Java,10-30,MiniDNS-minidns,7c325183d00bcb205ef96b792de7cb6f23765ff9,minidns-client/src/main/java/org/minidns/dnsqueryresult/StandardDnsQueryResult.java,minidns-client/src/main/java/org/minidns/dnsqueryresult/StandardDnsQueryResult.java
Java,10-30,MiniDNS-minidns,7c325183d00bcb205ef96b792de7cb6f23765ff9,minidns-core/src/main/java/org/minidns/dnslabel/FakeALabel.java,minidns-core/src/main/java/org/minidns/dnslabel/FakeALabel.java
Java,10-30,MiniDNS-minidns,7c325183d00bcb205ef96b792de7cb6f23765ff9,minidns-dnssec/src/main/java/org/minidns/dnssec/SignatureVerifier.java,minidns-dnssec/src/main/java/org/minidns/dnssec/SignatureVerifier.java
Java,10-30,MiniDNS-minidns,7c325183d00bcb205ef96b792de7cb6f23765ff9,minidns-dnssec/src/test/java/org/minidns/dnssec/algorithms/AlgorithmTest.java,minidns-dnssec/src/test/java/org/minidns/dnssec/algorithms/AlgorithmTest.java
Java,10-30,MiniDNS-minidns,8b7fd1f81993febaf4067299a1aca3eb8f4c07d2,minidns-client/src/main/java/org/minidns/dnsqueryresult/CachedDnsQueryResult.java,minidns-client/src/main/java/org/minidns/dnsqueryresult/CachedDnsQueryResult.java
Java,10-30,MiniDNS-minidns,8b7fd1f81993febaf4067299a1aca3eb8f4c07d2,minidns-core/src/main/java/org/minidns/dnslabel/ALabel.java,minidns-core/src/main/java/org/minidns/dnslabel/ALabel.java
Java,10-30,MiniDNS-minidns,8b7fd1f81993febaf4067299a1aca3eb8f4c07d2,minidns-core/src/main/java/org/minidns/dnslabel/UnderscoreLabel.java,minidns-core/src/main/java/org/minidns/dnslabel/UnderscoreLabel.java
Java,10-30,MiniDNS-minidns,8b7fd1f81993febaf4067299a1aca3eb8f4c07d2,minidns-core/src/main/java/org/minidns/idna/IdnaTransformator.java,minidns-core/src/main/java/org/minidns/idna/IdnaTransformator.java
Java,10-30,MiniDNS-minidns,8b7fd1f81993febaf4067299a1aca3eb8f4c07d2,minidns-core/src/main/java/org/minidns/util/CollectionsUtil.java,minidns-core/src/main/java/org/minidns/util/CollectionsUtil.java
Java,10-30,MiniDNS-minidns,8b7fd1f81993febaf4067299a1aca3eb8f4c07d2,minidns-core/src/main/java/org/minidns/util/PlatformDetection.java,minidns-core/src/main/java/org/minidns/util/PlatformDetection.java
Java,10-30,MiniDNS-minidns,8b7fd1f81993febaf4067299a1aca3eb8f4c07d2,minidns-core/src/main/java/org/minidns/util/SuccessCallback.java,minidns-core/src/main/java/org/minidns/util/SuccessCallback.java
Java,10-30,MiniDNS-minidns,8b7fd1f81993febaf4067299a1aca3eb8f4c07d2,minidns-integration-test/src/test/java/org/minidns/integrationtest/IntegrationTestTest.java,minidns-integration-test/src/test/java/org/minidns/integrationtest/IntegrationTestTest.java
Java,10-30,MiniDNS-minidns,8b7fd1f81993febaf4067299a1aca3eb8f4c07d2,minidns-repl/src/test/java/org/minidns/minidnsrepl/ReplTest.java,minidns-repl/src/test/java/org/minidns/minidnsrepl/ReplTest.java
Java,10-30,MiniDNS-minidns,c45a1cbec889cb0c3f54281c82dec3e9adc14fdc,minidns-client/src/main/java/org/minidns/dnsqueryresult/DirectCachedDnsQueryResult.java,minidns-client/src/main/java/org/minidns/dnsqueryresult/DirectCachedDnsQueryResult.java
Java,10-30,MiniDNS-minidns,c45a1cbec889cb0c3f54281c82dec3e9adc14fdc,minidns-core/src/main/java/org/minidns/util/Hex.java,minidns-core/src/main/java/org/minidns/util/Hex.java
Java,10-30,MiniDNS-minidns,c45a1cbec889cb0c3f54281c82dec3e9adc14fdc,minidns-dnssec/src/main/java/org/minidns/dnssec/DigestCalculator.java,minidns-dnssec/src/main/java/org/minidns/dnssec/DigestCalculator.java
Java,10-30,MiniDNS-minidns,e0a137f1dcc6fbcbce0d0d35c502bc3ec9f2c765,minidns-android21/src/test/java/org/minidns/dnsserverlookup/android21/AndroidUsingLinkPropertiesTest.java,minidns-android21/src/test/java/org/minidns/dnsserverlookup/android21/AndroidUsingLinkPropertiesTest.java
Java,10-30,MiniDNS-minidns,e0a137f1dcc6fbcbce0d0d35c502bc3ec9f2c765,minidns-client/src/main/java/org/minidns/dnsqueryresult/StandardDnsQueryResult.java,minidns-client/src/main/java/org/minidns/dnsqueryresult/StandardDnsQueryResult.java
Java,10-30,MiniDNS-minidns,e0a137f1dcc6fbcbce0d0d35c502bc3ec9f2c765,minidns-core/src/main/java/org/minidns/dnslabel/FakeALabel.java,minidns-core/src/main/java/org/minidns/dnslabel/FakeALabel.java
Java,10-30,MiniDNS-minidns,e0a137f1dcc6fbcbce0d0d35c502bc3ec9f2c765,minidns-core/src/main/java/org/minidns/dnslabel/OtherNonLdhLabel.java,minidns-core/src/main/java/org/minidns/dnslabel/OtherNonLdhLabel.java
Java,10-30,MiniDNS-minidns,e0a137f1dcc6fbcbce0d0d35c502bc3ec9f2c765,minidns-dnssec/src/main/java/org/minidns/dnssec/DnssecValidatorInitializationException.java,minidns-dnssec/src/main/java/org/minidns/dnssec/DnssecValidatorInitializationException.java
Java,10-30,MiniDNS-minidns,e0a137f1dcc6fbcbce0d0d35c502bc3ec9f2c765,minidns-hla/src/main/java/org/minidns/hla/srv/SrvProto.java,minidns-hla/src/main/java/org/minidns/hla/srv/SrvProto.java
Java,10-30,OpenNI-OpenNI,07d8ce36a0b20f7fc4a7bd9cb161b1aa475b1c4d,Wrappers/OpenNI.java/src/org/OpenNI/IObservable.java,Wrappers/OpenNI.java/src/org/OpenNI/IObservable.java
Java,10-30,OpenNI-OpenNI,07d8ce36a0b20f7fc4a7bd9cb161b1aa475b1c4d,Wrappers/OpenNI.java/src/org/OpenNI/IObserver.java,Wrappers/OpenNI.java/src/org/OpenNI/IObserver.java
Java,10-30,TNG-junit-dataprovider,78f055c977d76739bd96e230e030120f0cb00888,core/src/main/java/com/tngtech/junit/dataprovider/placeholder/SimpleClassNamePlaceholder.java,core/src/main/java/com/tngtech/junit/dataprovider/placeholder/SimpleClassNamePlaceholder.java
Java,10-30,TheThirdOne-rars,3207ee48ae1aa038196204f25421eba4b168a669,src/rars/riscv/instructions/FCVTDS.java,src/rars/riscv/instructions/FCVTDS.java
Java,10-30,bigbass1997-NotEnoughProduction,4cde8b69d6cc5269cf2c891d575bbe839ad4e4ba,core/src/main/java/com/bigbass/nep/recipes/ItemProgrammedCircuit.java,core/src/main/java/com/bigbass/nep/recipes/ItemProgrammedCircuit.java
Java,10-30,bigbass1997-NotEnoughProduction,6164c7a65375886ed7b433fea0eed18f2d02a738,lwjgl3/src/main/java/com/bigbass/nep/lwjgl3/Lwjgl3Launcher.java,lwjgl3/src/main/java/com/bigbass/nep/lwjgl3/Lwjgl3Launcher.java
Java,10-30,cacalabs-libcaca,f32c24a10d9e3fa7bc00e681fcad5ae0ce1bfe8c,java/org/zoy/caca/TimeoutException.java,java/org/zoy/caca/TimeoutException.java
Java,10-30,cbeust-jcommander,97faa5623715f322af720900048b79519b10cccc,src/main/java/com/beust/jcommander/internal/Console.java,src/main/java/com/beust/jcommander/internal/Console.java
Java,10-30,cglib-cglib,2c851592ed0dd7f2c3a2bec9940a6018ce905e7d,cglib/src/main/java/net/sf/cglib/transform/AbstractClassTransformer.java,cglib/src/main/java/net/sf/cglib/transform/AbstractClassTransformer.java
Java,10-30,cglib-cglib,74bb895a31e836cb557089eb0f3909104f83b21e,cglib/src/main/java/net/sf/cglib/transform/ClassTransformer.java,cglib/src/main/java/net/sf/cglib/transform/ClassTransformer.java
Java,10-30,cliftonlabs-json-simple,71ce334f75ae0b9437a077814c0de56bfd95667e,src/main/java/org/json/simple/Jsonable.java,src/main/java/org/json/simple/Jsonable.java
Java,10-30,cliftonlabs-json-simple,9f1dfbea99f54d73ec34d3ff93b96231670373c5,src/main/java/com/github/cliftonlabs/json_simple/JsonKey.java,src/main/java/com/github/cliftonlabs/json_simple/JsonKey.java
Java,10-30,cniweb-ant-contrib,123270fa9f876f60ad1f8ee09fdb697822d70f43,ant-contrib/src/main/java/net/sf/antcontrib/net/httpclient/ClearCookiesTask.java,ant-contrib/src/main/java/net/sf/antcontrib/net/httpclient/ClearCookiesTask.java
Java,10-30,deltj-TempestSDR,8673924ea2f34ad69ddbee01b8966ebae0eb4cfe,JavaGUI/src/martin/tempest/sources/TSDRlibrtlsdrSource.java,JavaGUI/src/martin/tempest/sources/TSDRlibrtlsdrSource.java
Java,10-30,eclipse-aspectj-aspectj,eb56b6e84e24e58f318fb92479f9d9e6fa4c866f,tests/bugs162/pr242797/case3/GenericMethodImpl2.java,tests/bugs162/pr242797/case3/GenericMethodImpl2.java
Java,10-30,eclipse-aspectj-aspectj,eb56b6e84e24e58f318fb92479f9d9e6fa4c866f,tests/new/access/psub/A.java,tests/new/access/psub/A.java
Java,10-30,eclipse-ee4j-jax-ws-api,47e553dfc2a3a341444451ab13cf8c7315847e31,api/src/main/java/jakarta/xml/ws/handler/LogicalHandler.java,api/src/main/java/jakarta/xml/ws/handler/LogicalHandler.java
Java,10-30,eclipse-ee4j-jaxb-fi,67c85beb1a682c735e7977e448c9f8e461aef2c6,roundtrip-tests/src/main/java/module-info.java,roundtrip-tests/src/main/java/module-info.java
Java,10-30,eclipse-ee4j-jaxb-fi,6c73c4a81e32f26762f178cbdbd15b3073eae3c5,FIME/src/com/sun/xml/fime/algorithm/IntegerEncodingAlgorithm.java,FIME/src/com/sun/xml/fime/algorithm/IntegerEncodingAlgorithm.java
Java,10-30,eclipse-ee4j-jaxb-stax-ex,911523a139a11ee894c3db30f842dc0b625ecc52,src/main/java/org/jvnet/staxex/BinaryText.java,src/main/java/org/jvnet/staxex/BinaryText.java
Java,10-30,hamcrest-JavaHamcrest,3929ae3b89d8f5a2a56c9ab6d9d43e7f9dfd51c6,hamcrest/src/main/java/org/hamcrest/internal/NullSafety.java,hamcrest/src/main/java/org/hamcrest/internal/NullSafety.java
Java,10-30,hyphanet-fred,7d70133fc17b60e3b1f11c4b6729a8f160036874,src/freenet/node/useralerts/AbstractNodeToNodeFileOfferUserAlert.java,src/freenet/node/useralerts/AbstractNodeToNodeFileOfferUserAlert.java
Java,10-30,jakartaee-common-annotations-api,cf80fa2de9bbf0e49e2deb1e1b85903d21adbfe6,api/src/main/java/jakarta/annotation/package-info.java,api/src/main/java/javax/annotation/package-info.java
Java,10-30,jakartaee-common-annotations-api,cf80fa2de9bbf0e49e2deb1e1b85903d21adbfe6,api/src/main/java/jakarta/annotation/security/package-info.java,api/src/main/java/javax/annotation/security/package-info.java
Java,10-30,jakartaee-inject-tck,9c5ffa2920d5448a7d11721abf94e8afa9c45bd7,example/src/test/java/SampleBootstrapTCK.java,example/src/test/java/SampleBootstrapTCK.java
Java,10-30,javaruntype-javaruntype,0211dddb123e30045136edc4eb2301383bf2c3a4,src/test/java/org/javaruntype/type/testtypes/TType.java,src/test/java/org/javaruntype/type/testtypes/TType.java
Java,10-30,javaruntype-javaruntype,0211dddb123e30045136edc4eb2301383bf2c3a4,src/test/java/org/javaruntype/type/testtypes/TType2.java,src/test/java/org/javaruntype/type/testtypes/TType2.java
Java,10-30,jflex-de-jflex,2b927a2bb8936020a82e1c07345d94a36ace0050,jflex/src/main/java/jflex/exceptions/MacroException.java,jflex/src/main/java/jflex/exceptions/MacroException.java
Java,10-30,jflex-de-jflex,34b526f2364bdd786beb235cd7714d788949a1e6,jflex/src/main/java/jflex/exceptions/CharClassException.java,jflex/src/main/java/jflex/exceptions/CharClassException.java
Java,10-30,jflex-de-jflex,6f26880988fe0d9eb2770b1372d188be90ca9bed,jflex/src/main/java/jflex/exceptions/CharClassException.java,jflex/src/main/java/jflex/exceptions/CharClassException.java
Java,10-30,jflex-de-jflex,cf0a5eb2a9e78cc438d0bc95d20fe5d8f11b2209,jflex/src/main/java/jflex/base/IntPair.java,jflex/src/main/java/jflex/base/IntPair.java
Java,10-30,jline-jline2,5d3842724cdfd102cd817756e5d608f01e15d4b2,src/main/java/jline/console/completer/CompletionHandler.java,src/main/java/jline/console/completer/CompletionHandler.java
Java,10-30,jline-jline2,5d3842724cdfd102cd817756e5d608f01e15d4b2,src/main/java/jline/console/package-info.java,src/main/java/jline/console/package-info.java
Java,10-30,jline-jline2,f9b8398fa92b7de099ab9dd27b83b86239cc0516,src/main/java/jline/Terminal2.java,src/main/java/jline/Terminal2.java
Java,10-30,jline-jline2,f9b8398fa92b7de099ab9dd27b83b86239cc0516,src/main/java/jline/internal/package-info.java,src/main/java/jline/internal/package-info.java
Java,10-30,jline-jline2,f9b8398fa92b7de099ab9dd27b83b86239cc0516,src/main/java/jline/package-info.java,src/main/java/jline/package-info.java
Java,10-30,jmock-developers-jmock-library,50c9893cec970642a9b1ce627bf47e1edd5ce563,jmock-junit5/src/test/java/org/jmock/junit5/testdata/JUnit5TestThatDoesSatisfyExpectations.java,jmock-junit5/src/test/java/org/jmock/junit5/testdata/JUnit5TestThatDoesSatisfyExpectations.java
Java,10-30,jmock-developers-jmock-library,8baa307e1d14862d6dd79337632e6292982d3c62,jmock-junit4/src/main/java/org/jmock/integration/junit4/JUnit4Mockery.java,jmock-junit4/src/main/java/org/jmock/integration/junit4/JUnit4Mockery.java
Java,10-30,jmock-developers-jmock-library,b63ad56cee68db4074047e9a019733a2bd5d2059,jmock-junit5/src/test/java/org/jmock/junit5/testdata/jmock/acceptance/JUnit5TestThatCreatesTwoMockeries.java,jmock-junit5/src/test/java/org/jmock/junit5/testdata/jmock/acceptance/JUnit5TestThatCreatesTwoMockeries.java
Java,10-30,jmock-developers-jmock-library,b63ad56cee68db4074047e9a019733a2bd5d2059,jmock-junit5/src/test/java/org/jmock/junit5/testdata/jmock/acceptance/JUnit5TestThatDoesNotSatisfyExpectations.java,jmock-junit5/src/test/java/org/jmock/junit5/testdata/jmock/acceptance/JUnit5TestThatDoesNotSatisfyExpectations.java
Java,10-30,jmock-developers-jmock-library,cec7f698e02d3f8dbb55a0dc035fcc8f86818c8e,jmock-junit5/src/test/java/org/jmock/junit5/extensions/ExpectationThrows.java,jmock-junit5/src/main/java/org/jmock/junit5/services/ExpectationThrows.java
Java,10-30,jmock-developers-jmock-library,cec7f698e02d3f8dbb55a0dc035fcc8f86818c8e,jmock-junit5/src/test/java/org/jmock/junit5/testdata/DerivedJUnit5TestThatDoesNotSatisfyExpectations.java,jmock-junit5/src/test/java/org/jmock/junit5/testdata/DerivedJUnit4TestThatDoesNotSatisfyExpectations.java
Java,10-30,jmock-developers-jmock-library,cec7f698e02d3f8dbb55a0dc035fcc8f86818c8e,jmock-junit5/src/test/java/org/jmock/junit5/testdata/JUnit5TestThatAutoInstantiatesMocks.java,jmock-junit5/src/test/java/org/jmock/junit5/testdata/JUnit5TestThatAutoInstantiatesMocks.java
Java,10-30,jmock-developers-jmock-library,febec3f731b9013a229a0be2717476d42737a86a,jmock-junit4/src/main/java/org/jmock/integration/junit4/JUnit4Mockery.java,jmock-junit4/src/main/java/org/jmock/integration/junit4/JUnit4Mockery.java
Java,10-30,jmock-developers-jmock-library,febec3f731b9013a229a0be2717476d42737a86a,jmock-junit5/src/test/java/org/jmock/junit5/testdata/JUnit5TestThatDoesNotSatisfyExpectations.java,jmock-junit5/src/test/java/org/jmock/junit5/testdata/JUnit5TestThatDoesNotSatisfyExpectations.java
Java,10-30,jnr-jnr-constants,05d38264436cf174a7dcbc612d038a18ad3938ce,src/main/java/jnr/constants/platform/openbsd/SocketLevel.java,src/main/java/jnr/constants/platform/openbsd/SocketLevel.java
Java,10-30,jnr-jnr-constants,0ed8bb1272c67bb38e10be36881859ef0f6ee535,src/main/java/jnr/constants/platform/Sock.java,src/main/java/jnr/constants/platform/Sock.java
Java,10-30,jnr-jnr-ffi,8a69449679efb955e1a25b845b51a3c0d6fbad4e,src/test/java/jnr/ffi/numeric/utils/NumberUtils.java,src/test/java/jnr/ffi/number/utils/NumberUtils.java
Java,10-30,jnr-jnr-x86asm,4a55a49f349a72e6ee431f46ad4eea7a774260a2,src/com/kenai/jnr/x86asm/CPU.java,src/com/kenai/jnr/x86asm/CPU.java
Java,10-30,jopt-simple-jopt-simple,2d0c0c22e511e73310fe68a2b976d99576744a97,net.sf.joptsimple.tests/src/test/java/tests/joptsimple/examples/AlternativeLongOptionsTest.java,net.sf.joptsimple.tests/src/test/java/tests/joptsimple/examples/AlternativeLongOptionsTest.java
Java,10-30,jopt-simple-jopt-simple,2d0c0c22e511e73310fe68a2b976d99576744a97,net.sf.joptsimple.tests/src/test/java/tests/joptsimple/examples/ShortOptionsClusteringTest.java,net.sf.joptsimple.tests/src/test/java/tests/joptsimple/examples/ShortOptionsClusteringTest.java
Java,10-30,jopt-simple-jopt-simple,bda404a5bba5e41338d2b17d0507499c0cb9f26a,src/test/java/net/sf/joptsimple/examples/ExceptionExample.java,net.sf.joptsimple.tests/src/test/java/tests/joptsimple/examples/ExceptionExample.java
Java,10-30,jopt-simple-jopt-simple,bda404a5bba5e41338d2b17d0507499c0cb9f26a,src/test/java/net/sf/joptsimple/examples/LongOptionsWithArgumentPositioningTest.java,net.sf.joptsimple.tests/src/test/java/tests/joptsimple/examples/LongOptionsWithArgumentPositioningTest.java
Java,10-30,jopt-simple-jopt-simple,bda404a5bba5e41338d2b17d0507499c0cb9f26a,src/test/java/net/sf/joptsimple/examples/ShortOptionsTest.java,net.sf.joptsimple.tests/src/test/java/tests/joptsimple/examples/ShortOptionsTest.java
Java,10-30,jopt-simple-jopt-simple,ccb14f9899300b40780ffca6f3b1ebd0f0d9f071,net.sf.joptsimple.tests/src/test/java/tests/joptsimple/examples/LongOptionsTest.java,net.sf.joptsimple.tests/src/test/java/tests/joptsimple/examples/LongOptionsTest.java
Java,10-30,jopt-simple-jopt-simple,ccb14f9899300b40780ffca6f3b1ebd0f0d9f071,net.sf.joptsimple.tests/src/test/java/tests/joptsimple/examples/LongOptionsWithArgumentPositioningTest.java,net.sf.joptsimple.tests/src/test/java/tests/joptsimple/examples/LongOptionsWithArgumentPositioningTest.java
Java,10-30,jopt-simple-jopt-simple,ccb14f9899300b40780ffca6f3b1ebd0f0d9f071,net.sf.joptsimple.tests/src/test/java/tests/joptsimple/examples/OptionArgumentValueTypeTest.java,net.sf.joptsimple.tests/src/test/java/tests/joptsimple/examples/OptionArgumentValueTypeTest.java
Java,10-30,jopt-simple-jopt-simple,d33a77619babd9068e3a55f7fb4000d020be6e10,net.sf.joptsimple.tests/src/test/java/tests/joptsimple/examples/LongOptionsTest.java,net.sf.joptsimple.tests/src/test/java/joptsimple/examples/LongOptionsTest.java
Java,10-30,jopt-simple-jopt-simple,d33a77619babd9068e3a55f7fb4000d020be6e10,net.sf.joptsimple.tests/src/test/java/tests/joptsimple/examples/ShortOptionsClusteringTest.java,net.sf.joptsimple.tests/src/test/java/joptsimple/examples/ShortOptionsClusteringTest.java
Java,10-30,json-path-JsonPath,af031cdbb2253ab759c957de2b21dbeef561e987,json-path/src/test/java/com/jayway/jsonpath/internal/function/KeySetFunctionTest.java,json-path/src/test/java/com/jayway/jsonpath/internal/function/KeySetFunctionTest.java
Java,10-30,jtwig-jtwig-core,213b5f4afaaa55f877e13e15b4543acac151e58a,src/main/java/org/jtwig/functions/impl/structural/BlockFunction.java,src/main/java/org/jtwig/functions/impl/structural/BlockFunction.java
Java,10-30,jtwig-jtwig-core,88774b111f66442e34043e758b1fa25d53496bca,src/main/java/org/jtwig/model/tree/ImportNode.java,src/main/java/org/jtwig/model/tree/ImportNode.java
Java,10-30,jtwig-jtwig-core,88774b111f66442e34043e758b1fa25d53496bca,src/main/java/org/jtwig/model/tree/Node.java,src/main/java/org/jtwig/model/tree/Node.java
Java,10-30,jtwig-jtwig-core,88774b111f66442e34043e758b1fa25d53496bca,src/main/java/org/jtwig/model/tree/VerbatimNode.java,src/main/java/org/jtwig/model/tree/VerbatimNode.java
Java,10-30,jtwig-jtwig-core,8b6af218efbafc91983d7c33ca7d2ff0b3179410,src/main/java/org/jtwig/property/selection/cache/SelectionPropertyResolverCache.java,src/main/java/org/jtwig/property/selection/cache/SelectionPropertyResolverCache.java
Java,10-30,jtwig-jtwig-core,8d6f9354c139bcea02f6e07ecaaa2335b49612ea,src/main/java/org/jtwig/functions/impl/structural/NodeRenderHelper.java,src/main/java/org/jtwig/functions/impl/structural/NodeRenderHelper.java
Java,10-30,jtwig-jtwig-core,99b2b594f800b3e2411e3c18ae9052e8d5546a05,src/main/java/org/jtwig/render/node/renderer/OverrideBlockNodeRender.java,src/main/java/org/jtwig/render/node/renderer/OverrideBlockNodeRender.java
Java,10-30,jtwig-jtwig-core,c1a088e67b43ce3ed26b051e3405d36a71454014,src/main/java/org/jtwig/property/selection/cache/SelectionPropertyResolverCache.java,src/main/java/org/jtwig/property/selection/cache/SelectionPropertyResolverCache.java
Java,10-30,jtwig-jtwig-core,ec8b01c233cccd4335551d8ffe5a7680990d8821,src/main/java/org/jtwig/render/context/model/BlockReference.java,src/main/java/org/jtwig/render/context/model/BlockReference.java
Java,10-30,jtwig-jtwig-reflection,d8e4fcb63a920e17e83877b5acaaf93f20e47547,src/test/java/org/jtwig/reflection/integration/example/TestArgumentResolver.java,src/test/java/org/jtwig/reflection/integration/example/TestArgumentResolver.java
Java,10-30,junit-pioneer-junit-pioneer,31e7e03410d6d54265bc13d831267ad6f7ae83a4,src/main/java/org/junitpioneer/jupiter/json/package-info.java,src/main/java/org/junitpioneer/jupiter/json/package-info.java
Java,10-30,junit-pioneer-junit-pioneer,31e7e03410d6d54265bc13d831267ad6f7ae83a4,src/main/java/org/junitpioneer/jupiter/resource/package-info.java,src/main/java/org/junitpioneer/jupiter/resource/package-info.java
Java,10-30,junit-team-junit4,318e5a7861940cf0cf796bffb033e148d049b524,src/test/java/org/junit/runners/AllRunnersTests.java,src/test/java/org/junit/runners/AllRunnersTests.java
Java,10-30,junit-team-junit5,22af4a22e03d8a674fb3c7e4540cce29caf5c12f,junit-jupiter-params/src/main/java/org/junit/jupiter/params/provider/NullEnum.java,junit-jupiter-params/src/main/java/org/junit/jupiter/params/provider/NullEnum.java
Java,10-30,lz4-lz4-java,55bede61a72803574c638a1ef1a70eadc6cefa6e,src/java/net/jpountz/lz4/LZ4Decompressor.java,src/java/net/jpountz/lz4/LZ4Decompressor.java
Java,10-30,neilalexander-jnacl,7c5720b17bfcdabbd3a56f0f3a3cdd849d2f8c3e,crypto/verify_16.java,crypto/verify_16.java
Java,10-30,netplex-json-smart-v1,3e1df230bcafe62593d896a34d5f36ebd8e7405e,json-smart/src/test/java/net/minidev/json/test/MustThrows.java,json-smart/src/test/java/net/minidev/json/test/MustThrows.java
Java,10-30,netplex-json-smart-v2,5efc9abca40632b3a95cce9222f2ae5fc8767bfb,accessors-smart/src/main/java/net/minidev/asm/ex/NoSuchFieldException.java,accessors-smart/src/main/java/net/minidev/asm/ex/NoSuchFieldException.java
Java,10-30,netplex-json-smart-v2,5efc9abca40632b3a95cce9222f2ae5fc8767bfb,accessors-smart/src/test/java/net/minidev/asm/TestDateConvertCustom.java,accessors-smart/src/test/java/net/minidev/asm/TestDateConvertCustom.java
Java,10-30,netplex-json-smart-v2,5efc9abca40632b3a95cce9222f2ae5fc8767bfb,json-smart/src/test/java/net/minidev/json/test/JSONSimpleTest.java,json-smart/src/test/java/net/minidev/json/test/JSONSimpleTest.java
Java,10-30,netplex-json-smart-v2,5efc9abca40632b3a95cce9222f2ae5fc8767bfb,json-smart/src/test/java/net/minidev/json/test/TestGitHubIssue.java,json-smart/src/test/java/net/minidev/json/test/TestGitHubIssue.java
Java,10-30,netplex-json-smart-v2,5efc9abca40632b3a95cce9222f2ae5fc8767bfb,json-smart/src/test/java/net/minidev/json/testMapping/TestDate.java,json-smart/src/test/java/net/minidev/json/testMapping/TestDate.java
Java,10-30,netplex-json-smart-v2,684702c9618f8ab002ba4876beeb7689b035e5e9,json-smart-action/src/main/java/net/minidev/json/actions/path/DotDelimiter.java,json-smart-action/src/main/java/net/minidev/json/actions/path/DotDelimiter.java
Java,10-30,paul-hammant-qdox,51e94d015de48f415183d176d86c12d1a78de0f1,src/test/java/com/thoughtworks/qdox/model/impl/DefaultJavaPackageTest.java,src/test/java/com/thoughtworks/qdox/model/impl/DefaultJavaPackageTest.java
Java,10-30,qos-ch-cal10n,0025d64a12a1a4628d598ff1957fabe5c78378c0,cal10n-api/src/main/java/ch/qos/cal10n/CAL10NConstants.java,cal10n-api/src/main/java/ch/qos/cal10n/Cal10nConstants.java
Java,10-30,qos-ch-cal10n,bbe225290e7073d10a0cd87140002c4e422c6ac3,cal10n-api/src/main/java/ch/qos/cal10n/Cal10nConstants.java,cal10n-api/src/main/java/ch/qos/cal10n/Cal10nConstants.java
Java,10-30,qos-ch-cal10n,c67c69e96c0f7b174f755a44eb4f60f1c8c5bd40,maven-cal10n-plugin-smoke/src/main/java/ch/qos/cal10n/smoke/Countries.java,maven-cal10n-plugin-smoke/src/main/java/ch/qos/cal10n/smoke/Countries.java
Java,10-30,qos-ch-reload4j,6a5047bef1af4987bf2562dec47a6ddcb7eb4733,src/main/java/org/apache/log4j/ProvisionNode.java,src/main/java/org/apache/log4j/ProvisionNode.java
Java,10-30,qos-ch-reload4j,6a5047bef1af4987bf2562dec47a6ddcb7eb4733,src/test/java/org/apache/log4j/util/UnexpectedFormatException.java,src/test/java/org/apache/log4j/util/UnexpectedFormatException.java
Java,10-30,relaxng-jing-trang,43ff278430bf000f2f1f159accf9901f083a9830,mod/pattern/src/main/com/thaiopensource/relaxng/match/MatchablePattern.java,mod/pattern/src/main/com/thaiopensource/relaxng/match/MatchablePattern.java
Java,10-30,relaxng-jing-trang,afe87fd0348dfb9b9679714003a4bc9c7465044e,mod/schematron/src/main/com/thaiopensource/validate/schematron/NewSaxonSchemaReaderFactory.java,mod/schematron/src/main/com/thaiopensource/validate/schematron/NewSaxonSchemaReaderFactory.java
Java,10-30,ronmamo-reflections,1f05c178131b252b787e0c89f43feab3b370295b,src/main/java/org/reflections/scanners/FieldAnnotationsScanner.java,src/main/java/org/reflections/scanners/FieldAnnotationsScanner.java
Java,10-30,ronmamo-reflections,1f05c178131b252b787e0c89f43feab3b370295b,src/main/java/org/reflections/scanners/TypeAnnotationsScanner.java,src/main/java/org/reflections/scanners/TypeAnnotationsScanner.java
Java,10-30,ronmamo-reflections,5ff7a1d366e8656dfa0f2f476991b558b037e919,src/main/java/org/reflections/scanners/MethodAnnotationsScanner.java,src/main/java/org/reflections/scanners/MethodAnnotationsScanner.java
Java,10-30,ronmamo-reflections,5ff7a1d366e8656dfa0f2f476991b558b037e919,src/main/java/org/reflections/scanners/ResourcesScanner.java,src/main/java/org/reflections/scanners/ResourcesScanner.java
Java,10-30,ronmamo-reflections,937c8f359debb21e7babe92300a8fcc64ff3c6d8,src/main/java/org/reflections/scanners/ResourcesScanner.java,src/main/java/org/reflections/scanners/ResourcesScanner.java
Java,10-30,ronmamo-reflections,937c8f359debb21e7babe92300a8fcc64ff3c6d8,src/main/java/org/reflections/scanners/Scanner.java,src/main/java/org/reflections/scanners/Scanner.java
Java,10-30,ruby-concurrency-ref,029c1e1e6e1ba5a1a9ee8efe4b878055d1a6825b,ext/java/org/jruby/ext/ref/ReferencesService.java,ext/java/org/jruby/ext/references/ReferenceService.java
Java,10-30,shrinkwrap-shrinkwrap,e39f7fe0dfd162920c438d06f52c708192744934,api/src/main/java/org/jboss/shrinkwrap/api/exporter/ZipStoredExporter.java,api/src/main/java/org/jboss/shrinkwrap/api/exporter/ZipStoredExporter.java
Java,10-30,shrinkwrap-shrinkwrap,e39f7fe0dfd162920c438d06f52c708192744934,impl-base/src/test/java/org/jboss/shrinkwrap/impl/base/test/dummy/DummyInterfaceForTest.java,impl-base/src/test/java/org/jboss/shrinkwrap/impl/base/test/dummy/DummyInterfaceForTest.java
Java,10-30,stleary-JSON-java,c4c2beb87450bf382b25b928f1610b0ac22b5412,src/main/java/org/json/InstanceCreator.java,src/main/java/org/json/InstanceCreator.java
Java,10-30,stleary-JSON-java,c4c2beb87450bf382b25b928f1610b0ac22b5412,src/test/java/org/json/junit/data/CustomClassA.java,src/test/java/org/json/junit/data/CustomClassA.java
Java,10-30,typetools-checker-framework,d86a94736e34f80fa9ae7405e32dc64c400e2029,checker/tests/nullness/CopyOfArray.java,checker/tests/nullness/CopyOfArray.java
Java,10-30,unicode-org-icu,275b3696dcce018027775a40f18294ddfb735d2e,icu4j/main/charset/src/main/java/com/ibm/icu/charset/CharsetCESU8.java,icu4j/main/charset/src/main/java/com/ibm/icu/charset/CharsetCESU8.java
Java,10-30,unicode-org-icu,275b3696dcce018027775a40f18294ddfb735d2e,icu4j/tools/taglets/src/main/java/com/ibm/icu/dev/tool/docs/ICUCategoryTaglet.java,icu4j/tools/taglets/src/main/java/com/ibm/icu/dev/tool/docs/ICUCategoryTaglet.java
Java,10-30,unicode-org-icu,275b3696dcce018027775a40f18294ddfb735d2e,icu4j/tools/taglets/src/main/java/com/ibm/icu/dev/tool/docs/ICUNoteTaglet.java,icu4j/tools/taglets/src/main/java/com/ibm/icu/dev/tool/docs/ICUNoteTaglet.java
Java,10-30,wrandelshofer-FastDoubleParser,4f8a1831d5d7ea2f643dae33e4aa8451a7674a91,fastdoubleparser-dev/src/main/java/ch.randelshofer.fastdoubleparser/ch/randelshofer/fastdoubleparser/chr/CharTrieOfNone.java,fastdoubleparser-dev/src/main/java/ch.randelshofer.fastdoubleparser/ch/randelshofer/fastdoubleparser/chr/CharTrieOfNone.java
Java,10-30,wrandelshofer-FastDoubleParser,4f8a1831d5d7ea2f643dae33e4aa8451a7674a91,fastdoubleparser-dev/src/test/java/ch.randelshofer.fastdoubleparser/ch/randelshofer/fastdoubleparser/MiniTest.java,fastdoubleparser-dev/src/test/java/ch.randelshofer.fastdoubleparser/ch/randelshofer/fastdoubleparser/MiniTest.java
Java,10-30,wrandelshofer-FastDoubleParser,56e89d06715df31f0fb36ea4ece7d2da2e217eb7,fastdoubleparser-dev/src/main/java/ch.randelshofer.fastdoubleparser/ch/randelshofer/fastdoubleparser/chr/ConsecutiveCharDigitSet.java,fastdoubleparser-dev/src/main/java/ch.randelshofer.fastdoubleparser/ch/randelshofer/fastdoubleparser/chr/ConsecutiveCharDigitSet.java
Java,10-30,wrandelshofer-FastDoubleParser,afca0b42b313acaa11ef73656473c0d1a99d276b,fastdoubleparser-dev/src/main/java/ch.randelshofer.fastdoubleparser/ch/randelshofer/fastdoubleparser/chr/CharSetOfNone.java,fastdoubleparser-dev/src/main/java/ch.randelshofer.fastdoubleparser/ch/randelshofer/fastdoubleparser/chr/CharSetOfNone.java
Java,10-30,wrandelshofer-FastDoubleParser,afca0b42b313acaa11ef73656473c0d1a99d276b,fastdoubleparserdemo-java11/src/main/java/ch.randelshofer.fastdoubleparserdemo/ch/randelshofer/fastdoubleparserdemo/DecimalFormatMain.java,fastdoubleparserdemo-java8/src/main/java/ch.randelshofer.fastdoubleparserdemo/DecimalFormatMain.java
Java,10-30,zeroc-ice-ice,59049d585865f74326e1ff85103de4f9491106f6,java/src/com.zeroc.ice/src/main/java/com/zeroc/Ice/TimeoutException.java,java/src/com.zeroc.ice/src/main/java/com/zeroc/Ice/TimeoutException.java
Java,10-30,zeromq-jeromq,7a9c5a16f72331634520d6804212fefc2f1ca66e,src/main/java/zmq/io/net/pgm/EpgmNetworkProtocolProvider.java,src/main/java/zmq/io/net/pgm/EpgmNetworkProtocolProvider.java
Java,10-30,zeromq-jeromq,fe63a1f11516aa78a679605c47db42f3846e9084,src/test/java/zmq/TermEndpointIpcTest.java,src/test/java/zmq/TermEndpointIpcTest.java
Java,100-300,CVC4-CVC4-archived,7d16d25dc9c527848eddac8414db22fe63b38e59,test/java/BitVectorsAndArrays.java,test/java/BitVectorsAndArrays.java
Java,100-300,FasterXML-jackson-modules-base,3a8700bbf2d7dc4fe84ead87aeda9863ea2eb2da,afterburner/src/test/java/com/fasterxml/jackson/module/afterburner/ser/JsonIncludeTest.java,afterburner/src/test/java/com/fasterxml/jackson/module/afterburner/ser/JsonIncludeTest.java
Java,100-300,Genymobile-scrcpy,7e66062086aaf085f9315a89f60b170bb105dc72,server/src/main/java/com/genymobile/scrcpy/opengl/OpenGLRunner.java,server/src/main/java/com/genymobile/scrcpy/opengl/OpenGLRunner.java
Java,100-300,JCTools-JCTools,173423c1ddb3a072566597386121f3684cb2c9b7,jctools-core/src/main/java/org/jctools/queues/atomic/AtomicReferenceArrayQueue.java,jctools-core/src/main/java/org/jctools/queues/atomic/AtomicReferenceArrayQueue.java
Java,100-300,LMAX-Exchange-disruptor,4b1774b3ebf7bbf12368b7bd83e0dd985e92363e,src/test/java/com/lmax/disruptor/MaxBatchSizeEventProcessorTest.java,src/test/java/com/lmax/disruptor/MaxBatchSizeEventProcessorTest.java
Java,100-300,LMAX-Exchange-disruptor,60134897b3fab19324eeec30d20a58e27d39d469,src/perftest/java/com/lmax/disruptor/sequenced/OneToOneSequencedLongArrayThroughputTest.java,src/perftest/java/com/lmax/disruptor/sequenced/OneToOneSequencedLongArrayThroughputTest.java
Java,100-300,LMAX-Exchange-disruptor,60134897b3fab19324eeec30d20a58e27d39d469,src/perftest/java/com/lmax/disruptor/sequenced/PingPongSequencedLatencyTest.java,src/perftest/java/com/lmax/disruptor/sequenced/PingPongSequencedLatencyTest.java
Java,100-300,MiniDNS-minidns,4433a70a91537075f2d30a4240c8bcb1356c9325,minidns-client/src/main/java/org/minidns/cache/ExtendedLruCache.java,minidns-client/src/main/java/org/minidns/cache/ExtendedLruCache.java
Java,100-300,MiniDNS-minidns,7c325183d00bcb205ef96b792de7cb6f23765ff9,minidns-hla/src/main/java/org/minidns/hla/ResolverResult.java,minidns-hla/src/main/java/org/minidns/hla/ResolverResult.java
Java,100-300,MiniDNS-minidns,8b7fd1f81993febaf4067299a1aca3eb8f4c07d2,minidns-core/src/main/java/org/minidns/dnslabel/DnsLabel.java,minidns-core/src/main/java/org/minidns/dnslabel/DnsLabel.java
Java,100-300,MiniDNS-minidns,e0a137f1dcc6fbcbce0d0d35c502bc3ec9f2c765,minidns-core/src/test/java/org/minidns/util/InetAddressUtilTest.java,minidns-core/src/test/java/org/minidns/util/InetAddressUtilTest.java
Java,100-300,OWASP-owasp-java-encoder,6d7be6f8e6021f102e6a2f4ecc1dd9ec8040d21c,core/src/main/java/org/owasp/encoder/Encoders.java,core/src/main/java/org/owasp/encoder/Encoders.java
Java,100-300,OpenNI-OpenNI,98d33a8cb14283c4ba2daa80acaf7b4587501a36,Wrappers/OpenNI.java/src/org/OpenNI/NodeType.java,Wrappers/OpenNI.java/src/org/OpenNI/NodeType.java
Java,100-300,OpenNI-OpenNI,98d33a8cb14283c4ba2daa80acaf7b4587501a36,Wrappers/OpenNI.java/src/org/OpenNI/OutputMetaData.java,Wrappers/OpenNI.java/src/org/OpenNI/OutputMetaData.java
Java,100-300,OpenNMS-jrobin,557adcb7da69df1a3a251b03cbba0e7109c23a25,src/main/java/org/jrobin/core/Robin.java,src/main/java/org/jrobin/core/Robin.java
Java,100-300,OpenNMS-jrobin,557adcb7da69df1a3a251b03cbba0e7109c23a25,src/main/java/org/jrobin/core/RrdSafeFileBackend.java,src/main/java/org/jrobin/core/RrdSafeFileBackend.java
Java,100-300,OpenNMS-jrobin,557adcb7da69df1a3a251b03cbba0e7109c23a25,src/main/java/org/jrobin/data/CubicSplineInterpolator.java,src/main/java/org/jrobin/data/CubicSplineInterpolator.java
Java,100-300,TheThirdOne-rars,3d684ef62c5261f97b16d268b40743fa91f91d26,src/rars/Globals.java,src/rars/Globals.java
Java,100-300,TheThirdOne-rars,b3941b11f1274e058d323b8175a1101f75a93a95,src/rars/ErrorList.java,src/rars/ErrorList.java
Java,100-300,TooTallNate-Java-WebSocket,1ed042e60a0b455acbc1207c414eb7ce8736e45a,src/test/java/org/java_websocket/issues/Issue661Test.java,src/test/java/org/java_websocket/issues/Issue661Test.java
Java,100-300,TooTallNate-Java-WebSocket,1ed042e60a0b455acbc1207c414eb7ce8736e45a,src/test/java/org/java_websocket/issues/Issue765Test.java,src/test/java/org/java_websocket/issues/Issue765Test.java
Java,100-300,antlr-antlr3,753ea54cbc2b979a907a8bd29ab71846f1bfa7cf,runtime/Java/src/main/java/org/antlr/runtime/misc/LookaheadStream.java,runtime/Java/src/main/java/org/antlr/runtime/misc/LookaheadStream.java
Java,100-300,apache-velocity-engine,ca1e9e1c9bf3c63575995e8976932c3f987985b4,velocity-engine-core/src/main/java/org/apache/velocity/runtime/parser/node/ASTComparisonNode.java,velocity-engine-core/src/main/java/org/apache/velocity/runtime/parser/node/ASTComparisonNode.java
Java,100-300,arduino-Arduino,9f8d19244a020c84d791549ccddcb0ad3d4d741f,arduino-core/src/processing/app/helpers/BoardCloudResolver.java,arduino-core/src/processing/app/helpers/BoardCloudResolver.java
Java,100-300,aunkrig-commons,55391b17be4280f8907b4cb3f650f344a9990713,commons-util/src/main/java/de/unkrig/commons/util/logging/filter/ByExpressionFilter.java,commons-util/src/main/java/de/unkrig/commons/util/logging/filter/ByExpressionFilter.java
Java,100-300,aunkrig-commons,f300b19a9aa5f9fe87c633e8dcfea19aa1716104,commons-text/src/test/java/test/pattern/GlobTest.java,commons-text/src/test/java/test/pattern/GlobTest.java
Java,100-300,beanshell-beanshell,04a2e119adfed2153035f4c73a495086c4e96c5a,src/main/java/bsh/BlockNameSpace.java,src/main/java/bsh/BlockNameSpace.java
Java,100-300,beanshell-beanshell,3a0fdbba6f362fb6a3cd920f846296a590d6d36b,src/test/java/bsh/InvocableTest.java,src/test/java/bsh/InvocableTest.java
Java,100-300,beanshell-beanshell,5ab21ed00f86f43ba0397a843041f3b79a993cff,src/main/java/bsh/BSHBinaryExpression.java,src/main/java/bsh/BSHBinaryExpression.java
Java,100-300,beanshell-beanshell,cd1e8bbf449a82dc99330d39e5ac93067837eb84,src/test/java/bsh/TestUtil.java,src/test/java/bsh/TestUtil.java
Java,100-300,cniweb-ant-contrib,123270fa9f876f60ad1f8ee09fdb697822d70f43,ant-contrib/src/main/java/net/sf/antcontrib/design/InstructionVisitor.java,ant-contrib/src/main/java/net/sf/antcontrib/design/InstructionVisitor.java
Java,100-300,dita-ot-dita-ot,5307067a6337a5394666b63dba50576b29312431,src/test/java/org/dita/dost/writer/NormalizeTableFilterTest.java,src/test/java/org/dita/dost/writer/NormalizeTableFilterTest.java
Java,100-300,dita-ot-dita-ot,8634c3ee516dd9458c9110431f941ca61fb79ace,src/main/java/org/dita/dost/invoker/ArgumentParser.java,src/main/java/org/dita/dost/invoker/ArgumentParser.java
Java,100-300,dita-ot-dita-ot,89db8534b41c7d0f38490fd4967d44e15464ef7f,src/test/java/org/dita/dost/platform/FeaturesTest.java,src/test/java/org/dita/dost/platform/FeaturesTest.java
Java,100-300,dita-ot-dita-ot,a60153fe82e0f26c842879b424558c00f52e88fd,src/test/java/org/dita/dost/module/CleanPreprocessModuleTest.java,src/test/java/org/dita/dost/module/CleanPreprocessModuleTest.java
Java,100-300,dzaima-BQN,4d5ab8189dc94c3f759e5b0ec38100e7431854e6,src/BQN/Main.java,src/BQN/Main.java
Java,100-300,eclipse-aspectj-aspectj,eb56b6e84e24e58f318fb92479f9d9e6fa4c866f,org.aspectj.ajdt.core/src/main/java/org/aspectj/ajdt/internal/compiler/parser/DeclarationFactory.java,org.aspectj.ajdt.core/src/main/java/org/aspectj/ajdt/internal/compiler/parser/DeclarationFactory.java
Java,100-300,eclipse-ee4j-jaxb-fi,4136590b06e993d4823cdad21a46895bcdba7556,fastinfoset/src/main/java/com/sun/xml/fastinfoset/util/ContiguousCharArrayArray.java,fastinfoset/src/main/java/com/sun/xml/fastinfoset/util/ContiguousCharArrayArray.java
Java,100-300,eclipse-ee4j-jaxb-fi,4136590b06e993d4823cdad21a46895bcdba7556,fastinfoset/src/main/java/com/sun/xml/fastinfoset/util/FixedEntryStringIntMap.java,fastinfoset/src/main/java/com/sun/xml/fastinfoset/util/FixedEntryStringIntMap.java
Java,100-300,eclipse-ee4j-jaxb-fi,67c85beb1a682c735e7977e448c9f8e461aef2c6,utilities/src/main/java/com/sun/xml/fastinfoset/vocab/frequency/VocabularyGenerator.java,utilities/src/main/java/com/sun/xml/fastinfoset/vocab/frequency/VocabularyGenerator.java
Java,100-300,eclipse-ee4j-jaxb-fi,89604a91951fb6f990191d15ebae4a42f116e107,fastinfoset/src/main/java/com/sun/xml/fastinfoset/EncodingConstants.java,code/fastinfoset/src/main/java/com/sun/xml/fastinfoset/EncodingConstants.java
Java,100-300,eclipse-ee4j-jaxb-fi,89604a91951fb6f990191d15ebae4a42f116e107,fastinfoset/src/test/java/encoding/EncodingTest.java,code/fastinfoset/src/test/java/encoding/EncodingTest.java
Java,100-300,eclipse-ee4j-jaxb-fi,89604a91951fb6f990191d15ebae4a42f116e107,fastinfoset/src/test/java/stax/StringTest.java,code/fastinfoset/src/test/java/stax/StringTest.java
Java,100-300,eclipse-ee4j-jaxb-fi,91b45e5c28bb0aeb91f778aee0060edf5fb1a139,fastinfoset/src/main/java/com/sun/xml/fastinfoset/vocab/ParserVocabulary.java,fastinfoset/src/main/java/com/sun/xml/fastinfoset/vocab/ParserVocabulary.java
Java,100-300,eclipse-ee4j-jaxb-istack-commons,d80a798a4d4350f1f0d8afd91209edd935d0521a,istack-commons/tools/src/main/java/com/sun/istack/tools/ProtectedTask.java,istack-commons/tools/src/main/java/com/sun/istack/tools/ProtectedTask.java
Java,100-300,eclipse-ee4j-jsonp,79f57be1aa42c7982cebbff51dafcb3a660ace9b,tck/tck-tests/src/main/java/ee/jakarta/tck/jsonp/api/common/PointerRFCObject.java,tck/tck-tests/src/main/java/jakarta/jsonp/tck/api/common/PointerRFCObject.java
Java,100-300,eclipse-ee4j-jsonp,79f57be1aa42c7982cebbff51dafcb3a660ace9b,tck/tck-tests/src/main/java/ee/jakarta/tck/jsonp/api/mergetests/MergeReplaceValue.java,tck/tck-tests/src/main/java/jakarta/jsonp/tck/api/mergetests/MergeReplaceValue.java
Java,100-300,eclipse-ee4j-jsonp,916079616839fa381a28f915da5525851e162aca,tck/tck-common/src/main/java/ee/jakarta/tck/jsonp/util/FileUTFConverter.java,tck/tck-common/src/main/java/ee/jakarta/tck/jsonp/util/FileUTFConverter.java
Java,100-300,fordfrog-apgdiff,0889f0d82841a7bf631598ec94db803bbf2c57a5,src/main/java/cz/startnet/utils/pgdiff/schema/PgIndex.java,src/main/java/cz/startnet/utils/pgdiff/schema/PgIndex.java
Java,100-300,fordfrog-apgdiff,b8b14a753e9e77721623fc84646583c632dc29c7,src/main/java/cz/startnet/utils/pgdiff/PgDiffConstraints.java,src/main/java/cz/startnet/utils/pgdiff/PgDiffConstraints.java
Java,100-300,fordfrog-apgdiff,cc7650c3768e334f2cbc65d7311418e1a2101bf3,src/main/java/cz/startnet/utils/pgdiff/schema/PgColumnPrivilege.java,src/main/java/cz/startnet/utils/pgdiff/schema/PgColumnPrivilege.java
Java,100-300,fordfrog-apgdiff,ec88dbfc2a7dbc62900fbcd976ffffef8ffef563,src/main/java/cz/startnet/utils/pgdiff/PgDiffFunctions.java,src/main/java/cz/startnet/utils/pgdiff/PgDiffFunctions.java
Java,100-300,google-TestParameterInjector,42f012ec3225700fbe8e1bea19ac9c96ae567dcd,junit5/src/main/java/com/google/testing/junit/testparameterinjector/junit5/GenericParameterContext.java,junit5/src/main/java/com/google/testing/junit/testparameterinjector/junit5/GenericParameterContext.java
Java,100-300,google-guava,4f58ce4ffc1f61786c0985dfd0991a76b2760eb0,android/guava/src/com/google/common/cache/ForwardingCache.java,android/guava/src/com/google/common/cache/ForwardingCache.java
Java,100-300,google-guice,6a3557ec28b2cb54574fddb6e25ee93f97ae4ecf,core/src/com/google/inject/internal/aop/AbstractGlueGenerator.java,core/src/com/google/inject/internal/aop/AbstractGlueGenerator.java
Java,100-300,hamcrest-JavaHamcrest,7b0aa987faf77e2c7660272804df7cffc3c26eab,hamcrest/src/main/java/org/hamcrest/collection/IsArrayContainingInAnyOrder.java,hamcrest/src/main/java/org/hamcrest/collection/IsArrayContainingInAnyOrder.java
Java,100-300,hunterhacker-jdom,b7cb36b2305a894355c092ebb698fcdd50b1d67d,core/src/java/org/jdom2/DescendantIterator.java,core/src/java/org/jdom2/DescendantIterator.java
Java,100-300,hyphanet-fred,121a1aa3c11ff57847fea0780efacbb16af0ebd2,src/freenet/crypt/MultiHashInputStream.java,src/freenet/crypt/MultiHashInputStream.java
Java,100-300,hyphanet-fred,5ad394b38bd69ca33fbc5e77279e0e475d2eb6b8,src/freenet/keys/InsertableClientSSK.java,src/freenet/keys/InsertableClientSSK.java
Java,100-300,hyphanet-fred,62203888dc207a2184bf876841875470167438b8,src/freenet/node/DNSRequester.java,src/freenet/node/DNSRequester.java
Java,100-300,hyphanet-fred,7aea306656e2c6da9666ed11a4649043cd7e8199,src/freenet/clients/fcp/FCPConnectionInputHandler.java,src/freenet/clients/fcp/FCPConnectionInputHandler.java
Java,100-300,hyphanet-fred,89c6521ab798cf04894d822e240bda176132a2c0,test/freenet/client/filter/TagVerifierTest.java,test/freenet/client/filter/TagVerifierTest.java
Java,100-300,hyphanet-fred,b97037feacad4a0f1ab14f63903ea33389cf2ea2,src/freenet/node/useralerts/DownloadFeedUserAlert.java,src/freenet/node/useralerts/DownloadFeedUserAlert.java
Java,100-300,hyphanet-fred,f7fa0c490f2a7d8a20ec8c23cbb95229a59298fb,src/freenet/node/MessageItem.java,src/freenet/node/MessageItem.java
Java,100-300,jai-imageio-jai-imageio-jpeg2000,6a3167f5d73d4e0cc797bb65307aefa1cc5d8949,src/main/java/jj2000/j2k/codestream/reader/CBlkInfo.java,src/main/java/jj2000/j2k/codestream/reader/CBlkInfo.java
Java,100-300,jai-imageio-jai-imageio-jpeg2000,6a3167f5d73d4e0cc797bb65307aefa1cc5d8949,src/main/java/jj2000/j2k/roi/encoder/ROIMaskGenerator.java,src/main/java/jj2000/j2k/roi/encoder/ROIMaskGenerator.java
Java,100-300,jai-imageio-jai-imageio-jpeg2000,9caa2ffad981c7d14614c92b0e8fa767de295af5,src/main/java/com/github/jaiimageio/jpeg2000/impl/ComponentMappingBox.java,src/main/java/com/sun/media/imageioimpl/plugins/jpeg2000/ComponentMappingBox.java
Java,100-300,jakartaee-jsonp-api,79f57be1aa42c7982cebbff51dafcb3a660ace9b,tck/tck-tests/src/main/java/ee/jakarta/tck/jsonp/api/jsonreaderfactorytests/ClientTests.java,tck/tck-tests/src/main/java/jakarta/jsonp/tck/api/jsonreaderfactorytests/ClientTests.java
Java,100-300,jakartaee-jsonp-api,79f57be1aa42c7982cebbff51dafcb3a660ace9b,tck/tck-tests/src/main/java/ee/jakarta/tck/jsonp/api/jsonvaluetests/Value.java,tck/tck-tests/src/main/java/jakarta/jsonp/tck/api/jsonvaluetests/Value.java
Java,100-300,jakartaee-mail-api,e041fc2bbc5e0ad66b2ddf7abeab0b1a8566d2ae,api/src/main/java/jakarta/mail/BodyPart.java,api/src/main/java/jakarta/mail/BodyPart.java
Java,100-300,jakartaee-messaging,01deb841a2e031206e7e7966590439feefeaef2f,api/src/main/java/jakarta/jms/ConnectionMetaData.java,api/src/main/java/javax/jms/ConnectionMetaData.java
Java,100-300,jakartaee-messaging,78df5e4ff0d48f72a301807e6a33daeabb66ffeb,api/src/main/java/jakarta/jms/TopicRequestor.java,api/src/main/java/jakarta/jms/TopicRequestor.java
Java,100-300,jakartaee-rest,392cb2ca91b84b7c0d15e289e3456d4930792d48,jaxrs-api/src/main/java/jakarta/ws/rs/client/Client.java,jaxrs-api/src/main/java/jakarta/ws/rs/client/Client.java
Java,100-300,jakartaee-rest,ebced83761f9ffa59bdfc34c6ad2c4fddd71bbe7,jaxrs-api/src/main/java/jakarta/ws/rs/client/FactoryFinder.java,jaxrs-api/src/main/java/jakarta/ws/rs/client/FactoryFinder.java
Java,100-300,jakartaee-servlet,7ad63fe9d29b0703b44157e96e2ba98c60d0b53d,tck/tck-runtime/src/main/java/servlet/tck/api/jakarta_servlet/srlistener/TestServlet.java,tck/tck-runtime/src/main/java/servlet/tck/api/jakarta_servlet/srlistener/TestServlet.java
Java,100-300,jakartaee-servlet,7ad63fe9d29b0703b44157e96e2ba98c60d0b53d,tck/tck-runtime/src/main/java/servlet/tck/pluggability/api/jakarta_servlet/servlet/ServletTests.java,tck/tck-runtime/src/main/java/servlet/tck/pluggability/api/jakarta_servlet/servlet/ServletTests.java
Java,100-300,jakartaee-tags,5969c7fd0f5d32c98fc2b42d9efc1d1881c7c450,src/com/sun/ts/tests/jstl/spec/core/urlresource/param/JSTLClient.java,src/com/sun/ts/tests/jstl/spec/core/urlresource/param/JSTLClient.java
Java,100-300,jakartaee-tags,8721cc2c6ba405482cf923332f5225839681347a,src/com/sun/ts/tests/jstl/spec/xml/xmlcore/xout/JSTLClient.java,src/com/sun/ts/tests/jstl/spec/xml/xmlcore/xout/JSTLClient.java
Java,100-300,jakartaee-tags,ca2bf1e6208b9e0a9069d6be6c3e808b7bde6579,src/com/sun/ts/tests/jstl/spec/sql/query/ResultSetQueryTag.java,tcks/apis/tags/src/main/java/com/sun/ts/tests/jstl/spec/sql/query/ResultSetQueryTag.java
Java,100-300,jakartaee-tags,e43ae45e307e8269d4e32116a2ceb2765008fb7d,tck/src/main/java/com/sun/ts/tests/jstl/spec/core/urlresource/url/JSTLClientIT.java,tck/src/main/java/com/sun/ts/tests/jstl/spec/core/urlresource/url/JSTLClientIT.java
Java,100-300,jakartaee-tags,e43ae45e307e8269d4e32116a2ceb2765008fb7d,tck/src/main/java/com/sun/ts/tests/jstl/spec/etu/config/JSTLClientIT.java,tck/src/main/java/com/sun/ts/tests/jstl/spec/etu/config/JSTLClientIT.java
Java,100-300,jakartaee-tags,e43ae45e307e8269d4e32116a2ceb2765008fb7d,tck/src/main/java/com/sun/ts/tests/jstl/spec/sql/query/ResultSetQueryTag.java,tck/src/main/java/com/sun/ts/tests/jstl/spec/sql/query/ResultSetQueryTag.java
Java,100-300,java-diff-utils-java-diff-utils,d15ecbb5683a29d94910fb3d2d08148398809346,java-diff-utils-jgit/src/main/java/com/github/difflib/algorithm/jgit/HistogramDiff.java,java-diff-utils-jgit/src/main/java/com/github/difflib/algorithm/jgit/HistogramDiff.java
Java,100-300,javaruntype-javaruntype,0211dddb123e30045136edc4eb2301383bf2c3a4,src/main/java/org/javaruntype/type/SuperTypeParameter.java,src/main/java/org/javaruntype/type/SuperTypeParameter.java
Java,100-300,jboss-javassist-javassist,4520f0398769cfe6d7b436843041e676ebd5c2f9,src/test/javassist/LineNumberTest.java,src/test/javassist/LineNumberTest.java
Java,100-300,jboss-javassist-javassist,b4279f68174129f8b7b6180e6782641884daf013,src/main/javassist/convert/TransformAccessArrayField.java,src/main/javassist/convert/TransformAccessArrayField.java
Java,100-300,jboss-jboss-jms-api_spec,125958c88891b32bb63cf464b41c56eebd79e3e7,src/main/java/javax/jms/MessageNotWriteableRuntimeException.java,src/main/java/javax/jms/MessageNotWriteableRuntimeException.java
Java,100-300,jboss-jboss-jms-api_spec,d990aeb8ee23abf01b8ca41c3a636e910b9c98e2,src/main/java/javax/jms/TopicPublisher.java,src/main/java/javax/jms/TopicPublisher.java
Java,100-300,jboss-jboss-jms-api_spec,d990aeb8ee23abf01b8ca41c3a636e910b9c98e2,src/main/java/javax/jms/XAQueueConnectionFactory.java,src/main/java/javax/jms/XAQueueConnectionFactory.java
Java,100-300,jflex-de-jflex,10f14c0b33848ee24cf7a00cca4dcb839d3a8d1f,jflex/src/main/java/jflex/gui/OptionsDialog.java,jflex/src/main/java/jflex/gui/OptionsDialog.java
Java,100-300,jflex-de-jflex,6f26880988fe0d9eb2770b1372d188be90ca9bed,jflex/src/main/java/jflex/gui/OptionsDialog.java,jflex/src/main/java/jflex/gui/OptionsDialog.java
Java,100-300,jflex-de-jflex,6f26880988fe0d9eb2770b1372d188be90ca9bed,jflex/src/main/java/jflex/state/StateSetEnumerator.java,jflex/src/main/java/jflex/state/StateSetEnumerator.java
Java,100-300,jline-jline2,f9b8398fa92b7de099ab9dd27b83b86239cc0516,src/main/java/jline/console/KillRing.java,src/main/java/jline/console/KillRing.java
Java,100-300,jnr-jnr-a64asm,efc7951a946c5e31475d54b52666f2ef144912b3,src/main/java/jnr/a64asm/Asm.java,src/main/java/jnr/a64asm/Asm.java
Java,100-300,jnr-jnr-netdb,42a5c7514459c1b64aa25de2cf007ecc55e772b9,src/main/java/jnr/netdb/NativeServicesDB.java,src/main/java/jnr/netdb/NativeServicesDB.java
Java,100-300,jopt-simple-jopt-simple,08df7ca213039c5aae51eb408209c6d355590a0c,src/main/java/joptsimple/internal/Strings.java,src/main/java/joptsimple/internal/Strings.java
Java,100-300,jopt-simple-jopt-simple,1eba8564ab41ea92266c7b4afaff8d7bcf392861,net.sf.joptsimple/src/main/java/joptsimple/util/EnumConverter.java,net.sf.joptsimple/src/main/java/joptsimple/util/EnumConverter.java
Java,100-300,jopt-simple-jopt-simple,234cf0897d658d55d4d0eb02006d5365b9a25f79,src/main/java/joptsimple/OptionSpecTokenizer.java,src/main/java/joptsimple/OptionSpecTokenizer.java
Java,100-300,jopt-simple-jopt-simple,2d0c0c22e511e73310fe68a2b976d99576744a97,net.sf.joptsimple.tests/src/test/java/tests/joptsimple/ClusterVersusLongOptionWithOptionalArgumentTest.java,net.sf.joptsimple.tests/src/test/java/tests/joptsimple/ClusterVersusLongOptionWithOptionalArgumentTest.java
Java,100-300,jopt-simple-jopt-simple,c5e1935737e4a54a0dc5bb404d60053a78d0850e,net.sf.joptsimple.tests/src/test/java/tests/joptsimple/ArgumentAcceptingOptionSpecTest.java,net.sf.joptsimple.tests/src/test/java/tests/joptsimple/ArgumentAcceptingOptionSpecTest.java
Java,100-300,jopt-simple-jopt-simple,c5e1935737e4a54a0dc5bb404d60053a78d0850e,net.sf.joptsimple/src/main/java/joptsimple/OptionDescriptor.java,net.sf.joptsimple/src/main/java/joptsimple/OptionDescriptor.java
Java,100-300,jopt-simple-jopt-simple,d33a77619babd9068e3a55f7fb4000d020be6e10,net.sf.joptsimple.tests/src/test/java/tests/joptsimple/ShortOptionsRequiredArgumentTest.java,net.sf.joptsimple.tests/src/test/java/joptsimple/ShortOptionsRequiredArgumentTest.java
Java,100-300,jtwig-jtwig-core,9750ba4395f52c19fa579992c66ac41cf1360703,src/test/java/org/jtwig/integration/node/EmbedTest.java,src/test/java/org/jtwig/integration/node/EmbedTest.java
Java,100-300,junit-pioneer-junit-pioneer,0f17b7167445ef1bafe4130b5e0aed8f29350a7d,src/test/java/org/junitpioneer/jupiter/converter/NumberToByteArrayConversionTests.java,src/test/java/org/junitpioneer/jupiter/converter/NumberToByteArrayConversionTests.java
Java,100-300,junit-pioneer-junit-pioneer,4cba07cb8250340894c1f99f2eabc33996c0fed3,src/main/java/org/junitpioneer/jupiter/cartesian/CartesianTestExtension.java,src/main/java/org/junitpioneer/jupiter/cartesian/CartesianTestExtension.java
Java,100-300,junit-team-junit4,b83dc2e8c4ff06cf233cd347f1280bb417482985,src/test/java/org/junit/internal/runners/statements/FailOnTimeoutTest.java,src/test/java/org/junit/internal/runners/statements/FailOnTimeoutTest.java
Java,100-300,lz4-lz4-java,55bede61a72803574c638a1ef1a70eadc6cefa6e,src/java/net/jpountz/lz4/LZ4DecompressorWithLength.java,src/java/net/jpountz/lz4/LZ4DecompressorWithLength.java
Java,100-300,neilalexander-jnacl,7c5720b17bfcdabbd3a56f0f3a3cdd849d2f8c3e,crypto/hsalsa20.java,crypto/hsalsa20.java
Java,100-300,netplex-json-smart-v2,684702c9618f8ab002ba4876beeb7689b035e5e9,json-smart/src/main/java/net/minidev/json/writer/CompessorMapper.java,json-smart/src/main/java/net/minidev/json/writer/CompessorMapper.java
Java,100-300,open-telemetry-opentelemetry-java,92d23b2b2342e16fb9eec7ef461600f4825ef5e8,exporters/sender/okhttp/src/main/java/io/opentelemetry/exporter/sender/okhttp/internal/OkHttpGrpcSender.java,exporters/sender/okhttp/src/main/java/io/opentelemetry/exporter/sender/okhttp/internal/OkHttpGrpcSender.java
Java,100-300,openjdk-jmh,791c409d31d3cbe8c3c05416fef1be52cfc2a1f7,jmh-core/src/main/java/org/openjdk/jmh/runner/AbstractResourceReader.java,jmh-core/src/main/java/org/openjdk/jmh/runner/AbstractResourceReader.java
Java,100-300,openjdk-jol,2d958ff579c4fedfb906126dc4498dacb2dc2695,jol-core/src/main/java/org/openjdk/jol/vm/sa/UniverseTask.java,jol-core/src/main/java/org/openjdk/jol/vm/sa/UniverseTask.java
Java,100-300,oracle-visualvm,734d41683cbba3925cb9773e2f1879c0d2a1cd00,visualvm/libs.profiler/lib.profiler.ui/src/org/graalvm/visualvm/lib/ui/locks/LiveLocksViewUpdater.java,visualvm/libs.profiler/lib.profiler.ui/src/org/graalvm/visualvm/lib/ui/locks/LiveLocksViewUpdater.java
Java,100-300,oracle-visualvm,734d41683cbba3925cb9773e2f1879c0d2a1cd00,visualvm/libs.profiler/lib.profiler.ui/src/org/graalvm/visualvm/lib/ui/swing/ProfilerTreeTableModel.java,visualvm/libs.profiler/lib.profiler.ui/src/org/graalvm/visualvm/lib/ui/swing/ProfilerTreeTableModel.java
Java,100-300,paul-hammant-qdox,14768aba44a702ed80c646cc8606a0ef9e0d7419,src/main/java/com/thoughtworks/qdox/model/expression/ExpressionVisitor.java,src/main/java/com/thoughtworks/qdox/model/expression/ExpressionVisitor.java
Java,100-300,paul-hammant-qdox,51e94d015de48f415183d176d86c12d1a78de0f1,src/test/java/com/thoughtworks/qdox/model/JavaConstructorTest.java,src/test/java/com/thoughtworks/qdox/model/JavaConstructorTest.java
Java,100-300,pdftk-java-pdftk,34e9f5fc7c200a6b10f996b163c4320d55f0ccfd,java/com/gitlab/pdftk_java/com/lowagie/text/pdf/PdfNumber.java,java/com/gitlab/pdftk_java/com/lowagie/text/pdf/PdfNumber.java
Java,100-300,pdftk-java-pdftk,85ddd6c5e7f54e419bdcf7494e145afe29ad56f7,java/com/gitlab/pdftk_java/com/lowagie/text/pdf/crypto/AESCipher.java,java/com/gitlab/pdftk_java/com/lowagie/text/pdf/crypto/AESCipher.java
Java,100-300,qos-ch-cal10n,2b19a47037479020fc3879a930818fd6fdc48e6c,cal10n-api/src/main/java/ch/qos/cal10n/util/TokenStream.java,cal10n-api/src/main/java/ch/qos/cal10n/util/TokenStream.java
Java,100-300,qos-ch-cal10n,2b19a47037479020fc3879a930818fd6fdc48e6c,cal10n-api/src/test/java/ch/qos/cal10n/MessageConveyorTest.java,cal10n-api/src/test/java/ch/qos/cal10n/MessageConveyorTest.java
Java,100-300,qos-ch-reload4j,6a5047bef1af4987bf2562dec47a6ddcb7eb4733,src/main/java/org/apache/log4j/net/SocketNode.java,src/main/java/org/apache/log4j/net/SocketNode.java
Java,100-300,ronmamo-reflections,1f05c178131b252b787e0c89f43feab3b370295b,src/main/java/org/reflections/util/FilterBuilder.java,src/main/java/org/reflections/util/FilterBuilder.java
Java,100-300,shrinkwrap-shrinkwrap,143939b6eede3580b6acbbc806c3190b9737850e,impl-base/src/test/java/org/jboss/shrinkwrap/impl/base/importer/ZipContentAssertionDelegate.java,impl-base/src/test/java/org/jboss/shrinkwrap/impl/base/importer/ZipContentAssertionDelegate.java
Java,100-300,shrinkwrap-shrinkwrap,3f8a1a6d344651428c709a63ebb52d35343c5387,api/src/main/java/org/jboss/shrinkwrap/api/classloader/ShrinkWrapClassLoader.java,api/src/main/java/org/jboss/shrinkwrap/api/classloader/ShrinkWrapClassLoader.java
Java,100-300,shrinkwrap-shrinkwrap,42211a1695181aaa816b3d3b8af02fb0116fc6c5,impl-base/src/main/java/org/jboss/shrinkwrap/impl/base/asset/AssetUtil.java,impl-base/src/main/java/org/jboss/shrinkwrap/impl/base/asset/AssetUtil.java
Java,100-300,shrinkwrap-shrinkwrap,42211a1695181aaa816b3d3b8af02fb0116fc6c5,impl-base/src/test/java/org/jboss/shrinkwrap/impl/base/nio2/file/FileSystemTestCase.java,impl-base/src/test/java/org/jboss/shrinkwrap/impl/base/nio2/file/FileSystemTestCase.java
Java,100-300,shrinkwrap-shrinkwrap,7c5a5916ae60bd5143d9038bf083dbd2879d9c6f,impl-base/src/test/java/org/jboss/shrinkwrap/impl/base/spec/WebArchiveImplTestCase.java,impl-base/src/test/java/org/jboss/shrinkwrap/impl/base/spec/WebArchiveImplTestCase.java
Java,100-300,shrinkwrap-shrinkwrap,e39f7fe0dfd162920c438d06f52c708192744934,impl-base/src/main/java/org/jboss/shrinkwrap/impl/base/path/PathUtil.java,impl-base/src/main/java/org/jboss/shrinkwrap/impl/base/path/PathUtil.java
Java,100-300,shrinkwrap-shrinkwrap,e39f7fe0dfd162920c438d06f52c708192744934,impl-base/src/test/java/org/jboss/shrinkwrap/impl/base/PreserveOrderOfEntriesTestCase.java,impl-base/src/test/java/org/jboss/shrinkwrap/impl/base/PreserveOrderOfEntriesTestCase.java
Java,100-300,shrinkwrap-shrinkwrap,e4236f5ae58486e9bfabd122ece2013f76f95f31,impl-base/src/main/java/org/jboss/shrinkwrap/impl/base/serialization/ZipSerializableViewImpl.java,impl-base/src/main/java/org/jboss/shrinkwrap/impl/base/serialization/ZipSerializableViewImpl.java
Java,100-300,stathissideris-ditaa,3f5b87da6530b7896c35ea78c7d445a1e772c84d,src/org/stathissideris/ascii2image/graphics/ShapePoint.java,src/org/stathissideris/ascii2image/graphics/ShapePoint.java
Java,100-300,stathissideris-ditaa,426d37539fa286ad922849f33b6515f3fa047393,src/org/stathissideris/ascii2image/graphics/OffScreenSVGRenderer.java,src/org/stathissideris/ascii2image/graphics/OffScreenSVGRenderer.java
Java,100-300,stefanbirkner-system-rules,769778568851817c3cf6a3e36635f65fa2464e7c,src/test/java/org/junit/contrib/java/lang/system/EnvironmentVariablesTest.java,src/test/java/org/junit/contrib/java/lang/system/EnvironmentVariablesTest.java
Java,100-300,unbescape-unbescape,9ff17a7ec2fead90cedba65800b3ccb37e33629e,src/main/java/org/unbescape/css/CssStringEscapeLevel.java,src/main/java/org/unbescape/css/CssStringEscapeLevel.java
Java,100-300,uniVocity-univocity-parsers,54bf2671e790139732ef69c964c710879ca9a788,src/main/java/com/univocity/parsers/common/DefaultContext.java,src/main/java/com/univocity/parsers/common/DefaultContext.java
Java,100-300,wrandelshofer-FastDoubleParser,b2fc12e725e66a1f5da38da86fc5b1d8a930bb62,fastdoubleparser-dev/src/main/java/ch.randelshofer.fastdoubleparser/ch/randelshofer/fastdoubleparser/JavaDoubleParser.java,fastdoubleparser-dev/src/main/java/ch.randelshofer.fastdoubleparser/ch/randelshofer/fastdoubleparser/JavaDoubleParser.java
Java,100-300,wrandelshofer-FastDoubleParser,d376c9645f7e8c27438b46c9011b1813261aca0f,fastdoubleparser-dev/src/test/java/ch.randelshofer.fastdoubleparser/ch/randelshofer/fastdoubleparser/ConfigurableDoubleParserTest.java,fastdoubleparser-dev/src/test/java/ch.randelshofer.fastdoubleparser/ch/randelshofer/fastdoubleparser/ConfigurableDoubleParserTest.java
Java,100-300,xmlark-msv,513eee8a3c80131994f08b79b720f3e0fa1335b2,msv/src/main/java/com/sun/msv/reader/trex/TREXBaseReader.java,msv/src/main/java/com/sun/msv/reader/trex/TREXBaseReader.java
Java,100-300,xmlunit-xmlunit,62184626c17893514d51347492e1ed58981fa519,xmlunit-core/src/test/java/org/xmlunit/builder/InputTest.java,xmlunit-core/src/test/java/org/xmlunit/builder/InputTest.java
Java,100-300,ymnk-jsch-agent-proxy,80994c3d449338474155dc224736e01219b9ccee,src/main/java/com/jcraft/jsch/agentproxy/connector/PageantConnector.java,src/main/java/com/jcraft/jsch/agentproxy/connector/PageantConnector.java
Java,100-300,ymnk-jsch-agent-proxy,9aaba35173a665f9b3037477ebfd473ce51fee03,src/main/java/com/jcraft/jsch/agentproxy/AgentProxy.java,src/main/java/com/jcraft/jsch/agentproxy/AgentProxy.java
Java,100-300,zeromq-jeromq,9340f6e93a7b352bda7491a70244f98c98c03211,src/main/java/zmq/io/net/tcp/TcpUtils.java,src/main/java/zmq/io/net/tcp/TcpUtils.java
Java,1000-3000,ATLauncher-ATLauncher,cc87a19bd42e0a978fe0bf20885fbcc427a5139a,src/main/java/com/atlauncher/App.java,src/main/java/com/atlauncher/App.java
Java,1000-3000,AdoptOpenJDK-icedtea-web,3ee1bf036117b5d47047915bbc1783028d207e4b,core/src/main/java/net/sourceforge/jnlp/Parser.java,core/src/main/java/net/sourceforge/jnlp/Parser.java
Java,1000-3000,FasterXML-jackson-core,70c99ba8eccf6f8ad2754bccb113daac823f03ba,src/main/java/com/fasterxml/jackson/core/json/UTF8DataInputJsonParser.java,src/main/java/com/fasterxml/jackson/core/json/UTF8DataInputJsonParser.java
Java,1000-3000,FasterXML-stax2-api,d45f079fa4d7fec55e06cbd87c85f2f99cc24dce,src/main/java/org/codehaus/stax2/ri/dom/DOMWrappingReader.java,src/main/java/org/codehaus/stax2/ri/dom/DOMWrappingReader.java
Java,1000-3000,MiniDNS-minidns,7c325183d00bcb205ef96b792de7cb6f23765ff9,minidns-core/src/main/java/org/minidns/dnsmessage/DnsMessage.java,minidns-core/src/main/java/org/minidns/dnsmessage/DnsMessage.java
Java,1000-3000,MiniDNS-minidns,e0a137f1dcc6fbcbce0d0d35c502bc3ec9f2c765,minidns-core/src/main/java/org/minidns/dnsmessage/DnsMessage.java,minidns-core/src/main/java/org/minidns/dnsmessage/DnsMessage.java
Java,1000-3000,OWASP-owasp-java-encoder,604a78f9b926391bd3768ac4545a7c7396b90cca,core/src/main/java/org/owasp/encoder/Encode.java,core/src/main/java/org/owasp/encoder/Encode.java
Java,1000-3000,OpenNMS-jrobin,0049251a89ac17630d60e1c7d03d03304e90a124,src/org/jrobin/graph/RrdGraphDef.java,src/org/jrobin/graph/RrdGraphDef.java
Java,1000-3000,TheThirdOne-rars,27a7c1ff3e94db8374d945d5c66280200b30456d,src/rars/assembler/Assembler.java,src/rars/assembler/Assembler.java
Java,1000-3000,TooTallNate-Java-WebSocket,7780dbe883b055aa38cad12b4fe389ab05a54ffc,src/main/java/org/java_websocket/server/WebSocketServer.java,src/main/java/org/java_websocket/server/WebSocketServer.java
Java,1000-3000,TooTallNate-Java-WebSocket,c717bc74e60f7bc9ed83426f66198eb8bc6394c5,src/main/java/org/java_websocket/server/WebSocketServer.java,src/main/java/org/java_websocket/server/WebSocketServer.java
Java,1000-3000,TooTallNate-Java-WebSocket,d9537d69917bb368cbaf8927171eb7d25f534308,src/main/java/org/java_websocket/server/WebSocketServer.java,src/main/java/org/java_websocket/server/WebSocketServer.java
Java,1000-3000,antlr-antlr3,1ab689cbac8ce1556be803a9c302fa3523a689fa,tool/src/test/java/org/antlr/test/TestDFAConversion.java,tool/src/test/java/org/antlr/test/TestDFAConversion.java
Java,1000-3000,antlr-stringtemplate3,129080f9c0cffeed0d7688a7356a6d62afde6326,src/org/antlr/stringtemplate/StringTemplate.java,src/org/antlr/stringtemplate/StringTemplate.java
Java,1000-3000,antlr-stringtemplate3,d783ad7547816cb556d3ef79828d2c398584b6fd,src/org/antlr/stringtemplate/StringTemplate.java,src/org/antlr/stringtemplate/StringTemplate.java
Java,1000-3000,apache-velocity-engine,d01540079096b68e99c3d67a1578433d3a8fb8d1,velocity-engine-core/src/main/java/org/apache/velocity/util/ExtProperties.java,velocity-engine-core/src/main/java/org/apache/velocity/util/ExtProperties.java
Java,1000-3000,aunkrig-commons,19c7cccd75b676fc3f0a8abd91313c901e88ecf8,commons-util/src/main/java/de/unkrig/commons/util/CommandLineOptions.java,commons-util/src/main/java/de/unkrig/commons/util/CommandLineOptions.java
Java,1000-3000,beanshell-beanshell,e84255d75ba0a6eedc6c284ecc551cd229b4ceb8,src/main/java/bsh/Interpreter.java,src/main/java/bsh/Interpreter.java
Java,1000-3000,beanshell-beanshell,fd7f91bd764bff0ffa1f46b48b44b0cec119bdc2,src/main/java/bsh/Reflect.java,src/main/java/bsh/Reflect.java
Java,1000-3000,ben-manes-concurrentlinkedhashmap,311ad9b150ec286ed7c3e2e31124733ba3aaf60a,src/main/java/com/googlecode/concurrentlinkedhashmap/ConcurrentLinkedHashMap.java,src/main/java/com/googlecode/concurrentlinkedhashmap/ConcurrentLinkedHashMap.java
Java,1000-3000,ben-manes-concurrentlinkedhashmap,3a8bd92b2bacb017f142beeed3276121e07fd128,src/main/java/com/googlecode/concurrentlinkedhashmap/ConcurrentLinkedHashMap.java,src/main/java/com/googlecode/concurrentlinkedhashmap/ConcurrentLinkedHashMap.java
Java,1000-3000,ben-manes-concurrentlinkedhashmap,bc41b17335f2f3b3922a5c55d34a697d6ea674af,src/main/java/com/googlecode/concurrentlinkedhashmap/ConcurrentLinkedHashMap.java,src/main/java/com/googlecode/concurrentlinkedhashmap/ConcurrentLinkedHashMap.java
Java,1000-3000,cache2k-cache2k,5f646a3197c2404ef93a889025012621c4d850a1,cache2k-core/src/test/java/org/cache2k/test/core/expiry/SlowExpiryTest.java,cache2k-core/src/test/java/org/cache2k/test/core/expiry/SlowExpiryTest.java
Java,1000-3000,cache2k-cache2k,eef98fcfccd5c719d416b0998399b1b60b9a1a14,cache2k-core/src/test/java/org/cache2k/test/core/BasicCacheOperationsWithoutCustomizationsTest.java,cache2k-core/src/test/java/org/cache2k/test/core/BasicCacheOperationsWithoutCustomizationsTest.java
Java,1000-3000,cbeust-jcommander,12a74b58a12d1209af68ce9915cc15086a4e6a50,src/test/java/com/beust/jcommander/JCommanderTest.java,src/test/java/com/beust/jcommander/JCommanderTest.java
Java,1000-3000,cbeust-jcommander,78c7bf3691f5f31ec8ccc8459e7dfc207e330b00,src/main/java/com/beust/jcommander/JCommander.java,src/main/java/com/beust/jcommander/JCommander.java
Java,1000-3000,cbeust-jcommander,ea04ce6e3e789e8be07da675e7af989fcdb47a46,src/test/java/com/beust/jcommander/JCommanderTest.java,src/test/java/com/beust/jcommander/JCommanderTest.java
Java,1000-3000,codehaus-qdox,2a76c30de6a9bb8548ca9d466a78534b8def0fa7,qdox/src/test/java/com/thoughtworks/qdox/JavaProjectBuilderTest.java,qdox/src/test/java/com/thoughtworks/qdox/JavaProjectBuilderTest.java
Java,1000-3000,codehaus-qdox,5721db5a54946f2bda0b779802428df77780f0cf,qdox/src/test/java/com/thoughtworks/qdox/JavaProjectBuilderTest.java,qdox/src/test/java/com/thoughtworks/qdox/JavaProjectBuilderTest.java
Java,1000-3000,cutelyaware-magiccube4d,09aac53cae56809808ce9e108a6e59c156268f4f,src/com/superliminal/magiccube4d/MC4DSwing.java,src/com/superliminal/magiccube4d/MC4DSwing.java
Java,1000-3000,cutelyaware-magiccube4d,0da758930a11224f2cfed57afaf72552a84f28ca,src/com/superliminal/magiccube4d/PolytopePuzzleDescription.java,src/com/superliminal/magiccube4d/PolytopePuzzleDescription.java
Java,1000-3000,cutelyaware-magiccube4d,14bab2143e0dbd5b54bd2088a2ef4cc354ae90a8,src/com/superliminal/magiccube4d/MC4DSwing.java,src/com/superliminal/magiccube4d/MC4DSwing.java
Java,1000-3000,cutelyaware-magiccube4d,216a117faced24e6ff7f51c09eb66cb650ac81ce,src/com/superliminal/magiccube4d/MC4DSwing.java,src/com/superliminal/magiccube4d/MC4DSwing.java
Java,1000-3000,cutelyaware-magiccube4d,4029fbbecf188f462ee0ef9ba06e89fb84a5ae13,src/com/superliminal/magiccube4d/MC4DSwing.java,src/com/superliminal/magiccube4d/MC4DSwing.java
Java,1000-3000,cutelyaware-magiccube4d,4a61c8810a2d9a59adf8d7de42d90ea5368f5630,src/com/superliminal/magiccube4d/PolytopePuzzleDescription.java,src/com/superliminal/magiccube4d/PolytopePuzzleDescription.java
Java,1000-3000,cutelyaware-magiccube4d,7ea0514ad3b1a431c27095ee38a14ba32fe18b06,src/com/superliminal/magiccube4d/PolytopePuzzleDescription.java,src/com/superliminal/magiccube4d/PolytopePuzzleDescription.java
Java,1000-3000,cutelyaware-magiccube4d,953122ba968b95950ea2661fecbfc1637657507c,src/com/superliminal/magiccube4d/MC4DSwing.java,src/com/superliminal/magiccube4d/MC4DSwing.java
Java,1000-3000,cutelyaware-magiccube4d,a3fe032dcef8fe4eb1c0fd04541386373ce29c2d,src/com/donhatchsw/util/Arrays.java,src/com/donhatchsw/util/Arrays.java
Java,1000-3000,cutelyaware-magiccube4d,b9ee75be7f5a784a45d0306a7a434856737f9a3c,src/com/superliminal/magiccube4d/History.java,src/com/superliminal/magiccube4d/History.java
Java,1000-3000,cutelyaware-magiccube4d,c2b8791e99e6c02e36dd22444f21801680ee1947,src/com/superliminal/magiccube4d/MC4DSwing.java,src/com/superliminal/magiccube4d/MC4DSwing.java
Java,1000-3000,cutelyaware-magiccube4d,e2fe26f5235bb8945750a2131d8ae172d2435fd6,src/com/superliminal/magiccube4d/PolytopePuzzleDescription.java,src/com/superliminal/magiccube4d/PolytopePuzzleDescription.java
Java,1000-3000,cutelyaware-magiccube4d,e4fbd08e43a5a835a0225207cc1b5063cef4004e,src/com/superliminal/magiccube4d/MC4DSwing.java,src/com/superliminal/magiccube4d/MC4DSwing.java
Java,1000-3000,dita-ot-dita-ot,4892d583aeb9cefed76cac472dc4ffcf96c25986,src/main/java/org/dita/dost/chunk/ChunkModule.java,src/main/java/org/dita/dost/chunk/ChunkModule.java
Java,1000-3000,dita-ot-dita-ot,8798c69e8876d309cec447a916321cd15112d3ec,src/main/java/org/dita/dost/util/XMLUtils.java,src/main/java/org/dita/dost/util/XMLUtils.java
Java,1000-3000,dita-ot-dita-ot,a40a895a6d7d1280f9a75fe932d09de940027651,src/main/java/org/dita/dost/chunk/ChunkModule.java,src/main/java/org/dita/dost/chunk/ChunkModule.java
Java,1000-3000,dita-ot-dita-ot,ea16127d679680cf8ba14d20d397f255d8bafaab,src/main/java/org/dita/dost/util/Constants.java,src/main/java/org/dita/dost/util/Constants.java
Java,1000-3000,dom4j-dom4j,7ee15913df9f74a52b836ca3417dfa37f9fb5a01,src/main/java/org/dom4j/io/XMLWriter.java,src/main/java/org/dom4j/io/XMLWriter.java
Java,1000-3000,dzaima-BQN,23e5f70bb17326a4443ca2cf0843a519b23883ea,src/BQN/Comp.java,src/BQN/Comp.java
Java,1000-3000,dzaima-BQN,41dc26f5e9b1adca618a77e6774953c7288cbce0,src/BQN/Comp.java,src/BQN/Comp.java
Java,1000-3000,dzaima-BQN,fbb04120bdc900e2b1a85ce7eb11ae25753e2edc,src/BQN/Comp.java,src/BQN/Comp.java
Java,1000-3000,eclipse-aspectj-aspectj,b48e5d71a9f8141ca4fb275a7e4bb99b389c5d37,weaver/src/main/java/org/aspectj/weaver/bcel/BcelWorld.java,weaver/src/main/java/org/aspectj/weaver/bcel/BcelWorld.java
Java,1000-3000,eclipse-aspectj-aspectj,eb56b6e84e24e58f318fb92479f9d9e6fa4c866f,taskdefs/src/main/java/org/aspectj/tools/ant/taskdefs/AjcTask.java,taskdefs/src/main/java/org/aspectj/tools/ant/taskdefs/AjcTask.java
Java,1000-3000,eclipse-aspectj-aspectj,eb56b6e84e24e58f318fb92479f9d9e6fa4c866f,weaver/src/main/java/org/aspectj/weaver/bcel/BcelTypeMunger.java,weaver/src/main/java/org/aspectj/weaver/bcel/BcelTypeMunger.java
Java,1000-3000,eclipse-ee4j-jaxb-fi,0caaf1f616fb8f6eabfec451bcefacbaa633a583,fastinfoset/src/main/java/com/sun/xml/fastinfoset/sax/SAXDocumentParser.java,fastinfoset/src/main/java/com/sun/xml/fastinfoset/sax/SAXDocumentParser.java
Java,1000-3000,eclipse-ee4j-jaxb-fi,67c85beb1a682c735e7977e448c9f8e461aef2c6,fastinfoset/src/main/java/com/sun/xml/fastinfoset/dom/DOMDocumentParser.java,fastinfoset/src/main/java/com/sun/xml/fastinfoset/dom/DOMDocumentParser.java
Java,1000-3000,eclipse-ee4j-jsonp,916079616839fa381a28f915da5525851e162aca,tck/tck-tests/src/main/java/ee/jakarta/tck/jsonp/api/jsonobjecttests/ClientTests.java,tck/tck-tests/src/main/java/ee/jakarta/tck/jsonp/api/jsonobjecttests/ClientTests.java
Java,1000-3000,eclipse-jdt-eclipse.jdt.core,4f93d443bbaf21c8a97cca3554c8d2ed165e8af0,org.eclipse.jdt.core.compiler.batch/src/org/eclipse/jdt/internal/compiler/lookup/TypeVariableBinding.java,org.eclipse.jdt.core.compiler.batch/src/org/eclipse/jdt/internal/compiler/lookup/TypeVariableBinding.java
Java,1000-3000,eclipse-jdt-eclipse.jdt.core,4f93d443bbaf21c8a97cca3554c8d2ed165e8af0,org.eclipse.jdt.core.compiler.batch/src/org/eclipse/jdt/internal/compiler/lookup/WildcardBinding.java,org.eclipse.jdt.core.compiler.batch/src/org/eclipse/jdt/internal/compiler/lookup/WildcardBinding.java
Java,1000-3000,eclipse-jdt-eclipse.jdt.core,a6af724bba7dffe7c31fb18e1b3c1b16b107607a,org.eclipse.jdt.core.compiler.batch/src/org/eclipse/jdt/internal/compiler/ast/Expression.java,org.eclipse.jdt.core.compiler.batch/src/org/eclipse/jdt/internal/compiler/ast/Expression.java
Java,1000-3000,elharo-xom,c50b94fe9e26b7edb881590d5706257e817a0569,src/nu/xom/tests/BaseURITest.java,src/nu/xom/tests/BaseURITest.java
Java,1000-3000,google-error-prone,8669adb446b2238d7b0d47e65a8a243fd47a61d9,core/src/test/java/com/google/errorprone/bugpatterns/ParameterNameTest.java,core/src/test/java/com/google/errorprone/bugpatterns/ParameterNameTest.java
Java,1000-3000,google-guava,caf8221758831fc44839c46aa1ef6bb9c0742abb,guava/src/com/google/common/math/LongMath.java,guava/src/com/google/common/math/LongMath.java
Java,1000-3000,google-guice,9e4df6fd6c83be6a59cc50bd2a300796751e6cc8,core/src/com/google/inject/internal/InjectorImpl.java,core/src/com/google/inject/internal/InjectorImpl.java
Java,1000-3000,google-guice,9e4df6fd6c83be6a59cc50bd2a300796751e6cc8,core/test/com/google/inject/internal/OptionalBinderTest.java,core/test/com/google/inject/internal/OptionalBinderTest.java
Java,1000-3000,google-guice,c5e7d93796cb703e3d156f7385dcc6ee5c3482f5,core/test/com/google/inject/ScopesTest.java,core/test/com/google/inject/ScopesTest.java
Java,1000-3000,hamcrest-JavaHamcrest,1e4230f1424a85cbc5e64cce1dbf08acb7fa0aa8,hamcrest/src/main/java/org/hamcrest/Matchers.java,hamcrest/src/main/java/org/hamcrest/Matchers.java
Java,1000-3000,hunterhacker-jdom,5497a5a66db770644619318c8be86d563134f9a8,test/src/java/org/jdom2/test/cases/xpath/AbstractTestXPathCompiled.java,test/src/java/org/jdom2/test/cases/xpath/AbstractTestXPathCompiled.java
Java,1000-3000,hunterhacker-jdom,5c2227fd3d1c7702d39fe66cfb6ed0eeaae88dfd,test/src/java/org/jdom2/test/cases/xpath/AbstractTestXPathCompiled.java,test/src/java/org/jdom2/test/cases/xpath/AbstractTestXPathCompiled.java
Java,1000-3000,hunterhacker-jdom,64ab66c5a27672035c26df031888301dc6ba3372,contrib/src/java/org/jdom2/contrib/perf/SavingVerifier.java,contrib/src/java/org/jdom2/contrib/perf/SavingVerifier.java
Java,1000-3000,hunterhacker-jdom,74bc93196de06f60054f3e25189857655d8ac965,test/src/java/org/jdom2/test/cases/output/AbstractTestOutputter.java,test/src/java/org/jdom2/test/cases/output/AbstractTestOutputter.java
Java,1000-3000,hunterhacker-jdom,7c5f9aa334a3785959c9730ed94fbf359e7a9c4f,test/src/java/org/jdom2/test/cases/output/AbstractTestOutputter.java,test/src/java/org/jdom2/test/cases/output/AbstractTestOutputter.java
Java,1000-3000,hunterhacker-jdom,884c0acdf744c9b23ce0693ad6a18db835ae29b3,core/src/java/org/jdom2/ContentList.java,core/src/java/org/jdom2/ContentList.java
Java,1000-3000,hunterhacker-jdom,b7cb36b2305a894355c092ebb698fcdd50b1d67d,core/src/java/org/jdom2/Element.java,core/src/java/org/jdom2/Element.java
Java,1000-3000,hyphanet-fred,905fba5965955931e2453799a66b5a9d0bef6008,src/freenet/pluginmanager/PluginManager.java,src/freenet/pluginmanager/PluginManager.java
Java,1000-3000,hyphanet-fred,f1a9c2ebe02870622b8215cb6bc5f28542228b49,src/freenet/keys/FreenetURI.java,src/freenet/keys/FreenetURI.java
Java,1000-3000,hyphanet-fred,f7fa0c490f2a7d8a20ec8c23cbb95229a59298fb,src/freenet/node/NewPacketFormat.java,src/freenet/node/NewPacketFormat.java
Java,1000-3000,jahlborn-jackcess,79748ba95ce14c464cc5db208619802a7223a361,src/main/java/com/healthmarketscience/jackcess/impl/ColumnImpl.java,src/main/java/com/healthmarketscience/jackcess/impl/ColumnImpl.java
Java,1000-3000,jahlborn-jackcess,8d0b754be066dcb98cd884b2f637996e4ffa6b21,src/main/java/com/healthmarketscience/jackcess/impl/DatabaseImpl.java,src/main/java/com/healthmarketscience/jackcess/impl/DatabaseImpl.java
Java,1000-3000,jahlborn-jackcess,8d0b754be066dcb98cd884b2f637996e4ffa6b21,src/main/java/com/healthmarketscience/jackcess/impl/IndexData.java,src/main/java/com/healthmarketscience/jackcess/impl/IndexData.java
Java,1000-3000,jai-imageio-jai-imageio-core,c44bfb5501ec0f628d428a5aaf1e06112efbe750,src/main/java/com/github/jaiimageio/impl/plugins/gif/GIFImageWriter.java,src/main/java/com/github/jaiimageio/impl/plugins/gif/GIFImageWriter.java
Java,1000-3000,jai-imageio-jai-imageio-core,c44bfb5501ec0f628d428a5aaf1e06112efbe750,src/main/java/com/github/jaiimageio/impl/plugins/png/CLibPNGMetadata.java,src/main/java/com/github/jaiimageio/impl/plugins/png/CLibPNGMetadata.java
Java,1000-3000,jai-imageio-jai-imageio-jpeg2000,6a3167f5d73d4e0cc797bb65307aefa1cc5d8949,src/main/java/jj2000/j2k/codestream/reader/FileBitstreamReaderAgent.java,src/main/java/jj2000/j2k/codestream/reader/FileBitstreamReaderAgent.java
Java,1000-3000,jai-imageio-jai-imageio-jpeg2000,9caa2ffad981c7d14614c92b0e8fa767de295af5,src/main/java/com/github/jaiimageio/jpeg2000/impl/RenderedImageSrc.java,src/main/java/com/sun/media/imageioimpl/plugins/jpeg2000/RenderedImageSrc.java
Java,1000-3000,jai-imageio-jai-imageio-jpeg2000,9caa2ffad981c7d14614c92b0e8fa767de295af5,src/main/java/jj2000/j2k/wavelet/analysis/ForwWTFull.java,src/main/java/jj2000/j2k/wavelet/analysis/ForwWTFull.java
Java,1000-3000,jakartaee-jsonp-api,79f57be1aa42c7982cebbff51dafcb3a660ace9b,tck/tck-tests/src/main/java/ee/jakarta/tck/jsonp/api/jsonarraytests/ClientTests.java,tck/tck-tests/src/main/java/jakarta/jsonp/tck/api/jsonarraytests/ClientTests.java
Java,1000-3000,jakartaee-mail-api,b4f14b3eea776887d60d75acafb2f7036e9a31db,api/src/main/java/jakarta/mail/internet/MimeMessage.java,api/src/main/java/jakarta/mail/internet/MimeMessage.java
Java,1000-3000,jakartaee-rest,709626fd92350d837ab46adb69bfa2ef4b5babdc,jaxrs-tck/src/main/java/ee/jakarta/tck/ws/rs/api/client/clientrequestcontext/JAXRSClientIT.java,jaxrs-tck/src/main/java/ee/jakarta/tck/ws/rs/api/client/clientrequestcontext/JAXRSClientIT.java
Java,1000-3000,jakartaee-tags,3b2b20172476687fee8bc9367481910a18afec43,impl/src/main/java/org/apache/taglibs/standard/lang/jstl/parser/ELParser.java,impl/src/main/java/org/apache/taglibs/standard/lang/jstl/parser/ELParser.java
Java,1000-3000,jakartaee-tags,bbb93b55c86a1140d92cdf722910ea49cb320fbb,jstl/src/main/java/com/sun/ts/tests/jstl/spec/etu/functions/JSTLClientIT.java,jstl/src/main/java/com/sun/ts/tests/jstl/spec/etu/functions/JSTLClient.java
Java,1000-3000,javaee-javahelp,45fe58ec226ac2081af05693ee314383c70c13a4,jhMaster/JavaHelp/src/new/javax/help/WindowPresentation.java,jhMaster/JavaHelp/src/new/javax/help/WindowPresentation.java
Java,1000-3000,javaparser-javaparser,7fc897c54c4e278a075384cdf6678b141d9ade80,javaparser-core/src/main/java/com/github/javaparser/ast/visitor/GenericListVisitorAdapter.java,javaparser-core/src/main/java/com/github/javaparser/ast/visitor/GenericListVisitorAdapter.java
Java,1000-3000,javaruntype-javaruntype,0211dddb123e30045136edc4eb2301383bf2c3a4,src/main/java/org/javaruntype/type/Types.java,src/main/java/org/javaruntype/type/Types.java
Java,1000-3000,javaruntype-javaruntype,72fda15b8eee8c3e5fb31f9f02a9b694e9559b2d,src/main/java/org/javaruntype/type/TypeUtil.java,src/main/java/org/javaruntype/type/TypeUtil.java
Java,1000-3000,jboss-javassist-javassist,0824a7a04e2f5ca8acc355c2379cf625dadc8943,src/main/javassist/compiler/Parser.java,src/main/javassist/compiler/Parser.java
Java,1000-3000,jboss-javassist-javassist,4fd9442a6e3bc2c783daef205a9400596c858dce,src/main/javassist/CtClassType.java,src/main/javassist/CtClassType.java
Java,1000-3000,jboss-javassist-javassist,74f80bdfea6b83a5d8d49a10a9c46cfaca3ca876,src/main/javassist/CtClass.java,src/main/javassist/CtClass.java
Java,1000-3000,jboss-javassist-javassist,9dbf9e030b98245226a6ea4e9a005b2b62f6036c,src/test/javassist/JvstTest.java,src/test/javassist/JvstTest.java
Java,1000-3000,jboss-javassist-javassist,b4279f68174129f8b7b6180e6782641884daf013,src/main/javassist/CtClassType.java,src/main/javassist/CtClassType.java
Java,1000-3000,jboss-javassist-javassist,b4279f68174129f8b7b6180e6782641884daf013,src/main/javassist/CtField.java,src/main/javassist/CtField.java
Java,1000-3000,jboss-javassist-javassist,b4279f68174129f8b7b6180e6782641884daf013,src/main/javassist/compiler/CodeGen.java,src/main/javassist/compiler/CodeGen.java
Java,1000-3000,jboss-javassist-javassist,b4279f68174129f8b7b6180e6782641884daf013,src/main/javassist/compiler/Parser.java,src/main/javassist/compiler/Parser.java
Java,1000-3000,jboss-jboss-jms-api_spec,d990aeb8ee23abf01b8ca41c3a636e910b9c98e2,src/main/java/javax/jms/MessageProducer.java,src/main/java/javax/jms/MessageProducer.java
Java,1000-3000,jline-jline2,f9b8398fa92b7de099ab9dd27b83b86239cc0516,src/test/java/jline/console/ViMoveModeTest.java,src/test/java/jline/console/ViMoveModeTest.java
Java,1000-3000,jnr-jnr-ffi,152a43003bf82fb364ead716b07810eb7f246276,src/main/java/jnr/ffi/Struct.java,src/main/java/jnr/ffi/Struct.java
Java,1000-3000,junit-pioneer-junit-pioneer,4cba07cb8250340894c1f99f2eabc33996c0fed3,src/test/java/org/junitpioneer/jupiter/cartesian/CartesianTestExtensionTests.java,src/test/java/org/junitpioneer/jupiter/cartesian/CartesianTestExtensionTests.java
Java,1000-3000,lightbend-config,5029d9325c7a3f0f26d0aaafa42bee49768ca227,config/src/main/java/com/typesafe/config/ConfigFactory.java,config/src/main/java/com/typesafe/config/ConfigFactory.java
Java,1000-3000,lightbend-config,fe85a7d9e7c0eaaa7e8547d2a7e941c6e40a7783,config/src/main/java/com/typesafe/config/ConfigFactory.java,config/src/main/java/com/typesafe/config/ConfigFactory.java
Java,1000-3000,marschall-memoryfilesystem,67248f09b1ad66847a99a7bf47361898b5419a3a,src/main/java/com/github/marschall/memoryfilesystem/MemoryFileSystem.java,src/main/java/com/github/marschall/memoryfilesystem/MemoryFileSystem.java
Java,1000-3000,marschall-memoryfilesystem,9016236d057678fa93cf63dbf360ccaa157c2e11,src/main/java/com/github/marschall/memoryfilesystem/MemoryFileSystem.java,src/main/java/com/github/marschall/memoryfilesystem/MemoryFileSystem.java
Java,1000-3000,marschall-memoryfilesystem,ebb0799298e289c7db7a23272f7d2acc838b1087,src/main/java/com/github/marschall/memoryfilesystem/MemoryFileSystem.java,src/main/java/com/github/marschall/memoryfilesystem/MemoryFileSystem.java
Java,1000-3000,mikaelgrev-miglayout,23ece50f91478c20562ee8d9ed6c6dd6dde2cb9a,javafx/src/main/java/org/tbee/javafx/scene/layout/MigPane.java,javafx/src/main/java/org/tbee/javafx/scene/layout/MigPane.java
Java,1000-3000,mikaelgrev-miglayout,ef184b881d7801bde964d2525f90dde48c5360e9,javafx/src/main/java/org/tbee/javafx/scene/layout/MigPane.java,javafx/src/main/java/org/tbee/javafx/scene/layout/MigPane.java
Java,1000-3000,mozilla-rhino,b3c7a63993bf915b1587508c1fbbdbc26cbe8b5f,rhino/src/main/java/org/mozilla/javascript/JavaAdapter.java,rhino/src/main/java/org/mozilla/javascript/JavaAdapter.java
Java,1000-3000,mvel-mvel,a04c449f9f27992e3d2483b33deaeabe18c80886,src/main/java/org/mvel2/optimizers/impl/refl/ReflectiveAccessorOptimizer.java,src/main/java/org/mvel2/optimizers/impl/refl/ReflectiveAccessorOptimizer.java
Java,1000-3000,openjdk-jdk25u,2ed77bee88c4f17f58e01d80237472dd14613494,src/java.desktop/share/classes/sun/font/ExtendedTextSourceLabel.java,src/java.desktop/share/classes/sun/font/ExtendedTextSourceLabel.java
Java,1000-3000,openjdk-jdk25u,96dc209747e695784f75c6de0cb4039df3b9208a,src/java.base/share/classes/java/text/CompactNumberFormat.java,src/java.base/share/classes/java/text/CompactNumberFormat.java
Java,1000-3000,oracle-visualvm,734d41683cbba3925cb9773e2f1879c0d2a1cd00,visualvm/libs.profiler/lib.profiler.ui/src/org/graalvm/visualvm/lib/ui/cpu/CCTDisplay.java,visualvm/libs.profiler/lib.profiler.ui/src/org/graalvm/visualvm/lib/ui/cpu/CCTDisplay.java
Java,1000-3000,pdftk-java-pdftk,c14a79e469a71af9a1e4b89339fc6646ca9cad03,java/com/gitlab/pdftk_java/com/lowagie/text/pdf/CFFFontSubset.java,java/com/gitlab/pdftk_java/com/lowagie/text/pdf/CFFFontSubset.java
Java,1000-3000,pdftk-java-pdftk,f24704ee0b1d97abb0b2ce36b190d2d53c8600bc,java/com/gitlab/pdftk_java/com/lowagie/text/pdf/PdfStamperImp.java,java/com/gitlab/pdftk_java/com/lowagie/text/pdf/PdfStamperImp.java
Java,1000-3000,qos-ch-reload4j,05f811c256161897c166c2ec019b204d9c8f89d7,src/main/java/org/apache/log4j/xml/DOMConfigurator.java,src/main/java/org/apache/log4j/xml/DOMConfigurator.java
Java,1000-3000,qos-ch-reload4j,64d01945774f1deb3fe8c7394555e4ea7b6bb5fe,src/main/java/org/apache/log4j/LogMF.java,src/main/java/org/apache/log4j/LogMF.java
Java,1000-3000,raphw-asm-jdk-bridge,134058caf6237c6156636d5deeb7347e3968ee87,asm-jdk-bridge/src/main/java-24/codes/rafael/asmjdkbridge/JdkClassWriter.java,asm-jdk-bridge/src/main/java-24/codes/rafael/asmjdkbridge/JdkClassWriter.java
Java,1000-3000,raphw-asm-jdk-bridge,c253750805e9e7cadce3cfbcd952d812c472c1d9,asm-jdk-bridge/src/main/java-24/codes/rafael/asmjdkbridge/JdkClassWriter.java,asm-jdk-bridge/src/main/java-24/codes/rafael/asmjdkbridge/JdkClassWriter.java
Java,1000-3000,raphw-asm-jdk-bridge,c5fb02f05e26355e5434767b4991df1639067680,asm-jdk-bridge/src/main/java-24/codes/rafael/asmjdkbridge/JdkClassWriter.java,asm-jdk-bridge/src/main/java-24/codes/rafael/asmjdkbridge/JdkClassWriter.java
Java,1000-3000,remkop-picocli,7f14deb5662e856a6adf77b9765f3bf7125fd43f,src/main/java/picocli/AutoComplete.java,src/main/java/picocli/AutoComplete.java
Java,1000-3000,shrinkwrap-shrinkwrap,01b6fcb090783ee7f022fff7f0703033634bcd62,impl-base/src/test/java/org/jboss/shrinkwrap/impl/base/test/DynamicContainerTestBase.java,impl-base/src/test/java/org/jboss/shrinkwrap/impl/base/test/DynamicContainerTestBase.java
Java,1000-3000,shrinkwrap-shrinkwrap,42211a1695181aaa816b3d3b8af02fb0116fc6c5,impl-base/src/main/java/org/jboss/shrinkwrap/impl/base/io/tar/bzip/BZip2CompressorOutputStream.java,impl-base/src/main/java/org/jboss/shrinkwrap/impl/base/io/tar/bzip/BZip2CompressorOutputStream.java
Java,1000-3000,shrinkwrap-shrinkwrap,7e7f6dbe7d7601bf6c9c120ddbcd688114d01a02,impl-base/src/main/java/org/jboss/shrinkwrap/impl/base/io/tar/bzip/BlockSort.java,impl-base/src/main/java/org/jboss/shrinkwrap/impl/base/io/tar/bzip/BlockSort.java
Java,1000-3000,shrinkwrap-shrinkwrap,f2cd18baaf7ca42763c7e87ee2e14a59ff95c5e9,impl-base/src/main/java/org/jboss/shrinkwrap/impl/base/io/tar/bzip/BZip2CompressorInputStream.java,impl-base/src/main/java/org/jboss/shrinkwrap/impl/base/io/tar/bzip/BZip2CompressorInputStream.java
Java,1000-3000,sleuthkit-sleuthkit,2fe745eeafa212486e163447c374e6bb4190c880,bindings/java/src/org/sleuthkit/datamodel/CaseDbAccessManager.java,bindings/java/src/org/sleuthkit/datamodel/CaseDbAccessManager.java
Java,1000-3000,sleuthkit-sleuthkit,fdf4e6e108fd009108c24cadd2ed52ebcb543969,bindings/java/src/org/sleuthkit/datamodel/TimelineManager.java,bindings/java/src/org/sleuthkit/datamodel/TimelineManager.java
Java,1000-3000,ultimate-pa-smtinterpol,da69e7bc6a09e3f9437d8dd1202fca4400287ca9,SMTInterpol/src/de/uni_freiburg/informatik/ultimate/smtinterpol/proof/MinimalProofChecker.java,SMTInterpol/src/de/uni_freiburg/informatik/ultimate/smtinterpol/proof/MinimalProofChecker.java
Java,1000-3000,unbescape-unbescape,97f0141578dee6ba552e27c0156de3bb2011776e,src/main/java/org/unbescape/properties/PropertiesEscape.java,src/main/java/org/unbescape/properties/PropertiesEscape.java
Java,1000-3000,unbescape-unbescape,97f0141578dee6ba552e27c0156de3bb2011776e,src/main/java/org/unbescape/uri/UriEscape.java,src/main/java/org/unbescape/uri/UriEscape.java
Java,1000-3000,unbescape-unbescape,97f0141578dee6ba552e27c0156de3bb2011776e,src/main/java/org/unbescape/xml/XmlEscapeUtil.java,src/main/java/org/unbescape/xml/XmlEscapeUtil.java
Java,1000-3000,unbescape-unbescape,d04f4b2919ab145c37cbdcc9803be51ef3c73d0e,src/main/java/org/unbescape/xml/XmlEscape.java,src/main/java/org/unbescape/xml/XmlEscape.java
Java,1000-3000,unicode-org-icu,275b3696dcce018027775a40f18294ddfb735d2e,icu4j/demos/src/main/java/com/ibm/icu/dev/demo/translit/CaseIterator.java,icu4j/demos/src/main/java/com/ibm/icu/dev/demo/translit/CaseIterator.java
Java,1000-3000,vdr-projects-vdr-plugin-vdrmanager,c2ce599d38e1ea8027df0fb7b5b76d0d42432db5,vdrmanager/de.bjusystems.vdrmanager/src/main/java/de/bjusystems/vdrmanager/gui/Utils.java,vdrmanager/de.bjusystems.vdrmanager/src/main/java/de/bjusystems/vdrmanager/gui/Utils.java
Java,1000-3000,waywardgeek-sonic,67ed70ffedf1736bc11205edfce7f329c3d221b3,Sonic.java,Sonic.java
Java,1000-3000,wrandelshofer-FastDoubleParser,fe4942f5d6a412957308d98cc31f5c0e78da08d0,fastdoubleparser-dev/src/main/java/ch.randelshofer.fastdoubleparser/ch/randelshofer/fastdoubleparser/FastDoubleMath.java,fastdoubleparser-dev/src/main/java/ch.randelshofer.fastdoubleparser/ch/randelshofer/fastdoubleparser/FastDoubleMath.java
Java,1000-3000,ymnk-jzlib,e91208801a2b8144df8550b95bdc79ff7d804244,src/main/java/com/jcraft/jzlib/Deflate.java,src/main/java/com/jcraft/jzlib/Deflate.java
Java,1000-3000,zeromq-jeromq,fe63a1f11516aa78a679605c47db42f3846e9084,src/main/java/org/zeromq/ZPoller.java,src/main/java/org/zeromq/ZPoller.java
Java,30-100,FasterXML-jackson-core,db9bab8ccbbc164adef895bc5ba6e1704cdd4452,src/test/java/tools/jackson/core/unittest/tofix/ParserErrorHandling105Test.java,src/test/java/tools/jackson/core/unittest/tofix/ParserErrorHandling105Test.java
Java,30-100,FasterXML-jackson-dataformat-xml,f9b2ff47834091a9bafe8eb7955b63444bb71983,src/test/java/com/fasterxml/jackson/dataformat/xml/deser/XmlNumberParsingGetType1433Test.java,src/test/java/com/fasterxml/jackson/dataformat/xml/deser/XmlNumberParsingGetType1433Test.java
Java,30-100,Genymobile-scrcpy,e11399aff0562a45e397beb9a98743be1c411710,server/src/main/java/com/genymobile/scrcpy/wrappers/DisplayWindowListener.java,server/src/main/java/com/genymobile/scrcpy/wrappers/DisplayWindowListener.java
Java,30-100,Governikus-AusweisApp,9484181f86afef007dee27d44ce7372004311484,src/network/WifiInfo.java,src/network/WifiInfo.java
Java,30-100,Governikus-AusweisApp,e0710387ce7b818da297bf408aae0a58cfda4672,src/android/LogHandler.java,src/android/LogHandler.java
Java,30-100,JetBrains-java-annotations,3a169680e3e0103aa35bd815e2ec93917a41e9ec,common/src/main/java/org/intellij/lang/annotations/Language.java,common/src/main/java/org/intellij/lang/annotations/Language.java
Java,30-100,JodaOrg-joda-convert,009692bf3213f30845f4a0ab381ff36497b1d9d6,src/main/java/org/joda/convert/TypedAdapter.java,src/main/java/org/joda/convert/TypedAdapter.java
Java,30-100,JodaOrg-joda-convert,586372f0944903f7174611a85a20264e533afb58,src/main/java/org/joda/convert/TypeTokenStringConverter.java,src/main/java/org/joda/convert/TypeTokenStringConverter.java
Java,30-100,LMAX-Exchange-disruptor,35f2b934999e5a19dfa64771f2b15bab5d99f716,src/examples/java/com/lmax/disruptor/examples/longevent/LongEventProducer.java,src/examples/java/com/lmax/disruptor/examples/longevent/LongEventProducer.java
Java,30-100,MiniDNS-minidns,8b7fd1f81993febaf4067299a1aca3eb8f4c07d2,minidns-dnssec/src/main/java/org/minidns/dane/ExpectingTrustManager.java,minidns-dnssec/src/main/java/org/minidns/dane/ExpectingTrustManager.java
Java,30-100,MiniDNS-minidns,e0a137f1dcc6fbcbce0d0d35c502bc3ec9f2c765,minidns-core/src/main/java/org/minidns/edns/UnknownEdnsOption.java,minidns-core/src/main/java/org/minidns/edns/UnknownEdnsOption.java
Java,30-100,MiniDNS-minidns,e0a137f1dcc6fbcbce0d0d35c502bc3ec9f2c765,minidns-core/src/main/java/org/minidns/idna/DefaultIdnaTransformator.java,minidns-core/src/main/java/org/minidns/idna/DefaultIdnaTransformator.java
Java,30-100,MiniDNS-minidns,e0a137f1dcc6fbcbce0d0d35c502bc3ec9f2c765,minidns-dnssec/src/main/java/org/minidns/dane/ExpectingTrustManager.java,minidns-dnssec/src/main/java/org/minidns/dane/ExpectingTrustManager.java
Java,30-100,MiniDNS-minidns,e0a137f1dcc6fbcbce0d0d35c502bc3ec9f2c765,minidns-dnssec/src/test/java/org/minidns/dnssec/algorithms/DigestTest.java,minidns-dnssec/src/test/java/org/minidns/dnssec/algorithms/DigestTest.java
Java,30-100,OpenNI-OpenNI,07d8ce36a0b20f7fc4a7bd9cb161b1aa475b1c4d,Wrappers/OpenNI.java/src/org/OpenNI/SceneMap.java,Wrappers/OpenNI.java/src/org/OpenNI/SceneMap.java
Java,30-100,TNG-junit-dataprovider,78f055c977d76739bd96e230e030120f0cb00888,core/src/main/java/com/tngtech/junit/dataprovider/placeholder/ArgumentPlaceholder.java,core/src/main/java/com/tngtech/junit/dataprovider/placeholder/ArgumentPlaceholder.java
Java,30-100,TNG-junit-dataprovider,dc0abb02174462dba0f07fc3d05cab74faf4bbc6,junit-jupiter/src/integTest/java/com/tngtech/test/junit/dataprovider/custom/converter/CustomStringConverterAcceptanceTest.java,junit-jupiter/src/integTest/java/com/tngtech/test/junit/dataprovider/custom/converter/CustomStringConverterAcceptanceTest.java
Java,30-100,TooTallNate-Java-WebSocket,1ed042e60a0b455acbc1207c414eb7ce8736e45a,src/test/java/org/java_websocket/client/ConnectBlockingTest.java,src/test/java/org/java_websocket/client/ConnectBlockingTest.java
Java,30-100,TooTallNate-Java-WebSocket,1ed042e60a0b455acbc1207c414eb7ce8736e45a,src/test/java/org/java_websocket/exceptions/InvalidHandshakeExceptionTest.java,src/test/java/org/java_websocket/exceptions/InvalidHandshakeExceptionTest.java
Java,30-100,cbeust-jcommander,1dcfb1c503b71eec561a2da44fe328946737782d,src/test/java/com/beust/jcommander/ParametersNotEmptyTest.java,src/test/java/com/beust/jcommander/ParametersNotEmptyTest.java
Java,30-100,chaos-genders,19af80b21908483dc38047a33f4fd2dffc94e7ba,src/extensions/java/gov/llnl/lc/chaos/GendersExceptionInternal.java,src/extensions/java/gov/llnl/lc/chaos/GendersExceptionInternal.java
Java,30-100,chaos-genders,19af80b21908483dc38047a33f4fd2dffc94e7ba,src/extensions/java/gov/llnl/lc/chaos/GendersExceptionParse.java,src/extensions/java/gov/llnl/lc/chaos/GendersExceptionParse.java
Java,30-100,cniweb-ant-contrib,123270fa9f876f60ad1f8ee09fdb697822d70f43,ant-contrib/src/main/java/net/sf/antcontrib/net/httpclient/Params.java,ant-contrib/src/main/java/net/sf/antcontrib/net/httpclient/Params.java
Java,30-100,cutelyaware-magiccube4d,35afd9a5b9430dd119dcafc9433c1ecbce579694,src/com/superliminal/magiccube4d/MC4DApplet.java,src/com/superliminal/magiccube4d/MC4DApplet.java
Java,30-100,dita-ot-dita-ot,0c7f26e8ed78a69794ecb2dbc54ecb0758ae7405,src/main/java/org/dita/dost/platform/Plugin.java,src/main/java/org/dita/dost/platform/Plugin.java
Java,30-100,dita-ot-dita-ot,1fc6b36446b276f254371f9d10149f32437d7df1,src/main/java/org/dita/dost/util/DitaUtils.java,src/main/java/org/dita/dost/util/DitaUtils.java
Java,30-100,dita-ot-dita-ot,57d701d6a3af55f9d4c093a3c94c36679a2eae53,src/main/java/org/dita/dost/invoker/InitArguments.java,src/main/java/org/dita/dost/invoker/InitArguments.java
Java,30-100,dita-ot-dita-ot,a7b98c182e6ce0c67c933285fd927dcb2f7683f4,src/test/java/org/dita/dost/store/StreamStoreTest.java,src/test/java/org/dita/dost/store/StreamStoreTest.java
Java,30-100,dita-ot-dita-ot,d09a32d1fd38084e11b7115e576af26d6ce03033,src/test/java/org/dita/dost/ant/UriBasenameTaskTest.java,src/test/java/org/dita/dost/util/UriBasenameTaskTest.java
Java,30-100,eclipse-aspectj-aspectj,415f472e6227adcb2c4db3ea9e6a3c600cf34324,tests/src/test/java/org/aspectj/systemtest/ajc1924/Bugs1924Tests.java,tests/src/test/java/org/aspectj/systemtest/ajc1924/Bugs1924Tests.java
Java,30-100,eclipse-aspectj-aspectj,eb56b6e84e24e58f318fb92479f9d9e6fa4c866f,tests/new/SourceLocationCall.java,tests/new/SourceLocationCall.java
Java,30-100,eclipse-ee4j-jaxb-fi,0caaf1f616fb8f6eabfec451bcefacbaa633a583,fastinfoset/src/main/java/org/jvnet/fastinfoset/FastInfosetException.java,fastinfoset/src/main/java/org/jvnet/fastinfoset/FastInfosetException.java
Java,30-100,eclipse-ee4j-jaxb-fi,6c73c4a81e32f26762f178cbdbd15b3073eae3c5,roundtrip-tests/src/main/java/com/sun/xml/fastinfoset/roundtriptests/rtt/SAXStAXDiffRtt.java,roundtrip-tests/src/main/java/com/sun/xml/fastinfoset/roundtriptests/rtt/SAXStAXDiffRtt.java
Java,30-100,eclipse-ee4j-jaxb-fi,89604a91951fb6f990191d15ebae4a42f116e107,samples/src/main/java/samples/stax/StAXEventReadingSample.java,code/samples/src/main/java/samples/stax/StAXEventReadingSample.java
Java,30-100,eclipse-ee4j-jaxb-fi,91b45e5c28bb0aeb91f778aee0060edf5fb1a139,fastinfoset/src/main/java/com/sun/xml/fastinfoset/stax/events/CommentEvent.java,fastinfoset/src/main/java/com/sun/xml/fastinfoset/stax/events/CommentEvent.java
Java,30-100,eclipse-ee4j-jsonp,916079616839fa381a28f915da5525851e162aca,tck/tck-common/src/main/java/ee/jakarta/tck/jsonp/common/MyBufferedReader.java,tck/tck-common/src/main/java/ee/jakarta/tck/jsonp/common/MyBufferedReader.java
Java,30-100,erlang-otp,a87183f1eb847119b6ecc83054bf13c26b8ccfaa,lib/jinterface/java_src/com/ericsson/otp/erlang/OtpServerSocketTransport.java,lib/jinterface/java_src/com/ericsson/otp/erlang/OtpServerSocketTransport.java
Java,30-100,fordfrog-apgdiff,c6c336e48fb6285b996f8f3bb178459ff332284c,src/main/java/cz/startnet/utils/pgdiff/parsers/CreateIndexParser.java,src/main/java/cz/startnet/utils/pgdiff/parsers/CreateIndexParser.java
Java,30-100,fusesource-hawtjni,1c4a17b31bf988f99df6da7085f86829b935c342,hawtjni-runtime/src/main/java/org/fusesource/hawtjni/runtime/FieldFlag.java,hawtjni-runtime/src/main/java/org/fusesource/hawtjni/runtime/FieldFlag.java
Java,30-100,fusesource-jansi,609a87472544847ce903537bdd033da2a4c0605b,src/main/java/org/fusesource/jansi/AnsiType.java,src/main/java/org/fusesource/jansi/AnsiType.java
Java,30-100,fusesource-jansi,609a87472544847ce903537bdd033da2a4c0605b,src/test/java/org/fusesource/jansi/AnsiConsoleExample.java,src/test/java/org/fusesource/jansi/AnsiConsoleExample.java
Java,30-100,fusesource-jansi,6911f2193a6360e4facc8e87f9cf4471d15cc4fb,src/test/java/org/fusesource/jansi/io/AnsiOutputStreamTest.java,src/test/java/org/fusesource/jansi/io/AnsiOutputStreamTest.java
Java,30-100,google-guice,17aa84c3ce2bdb7cb81acd7d9cde92e4f53359cb,core/src/com/google/inject/internal/InitializableFactory.java,core/src/com/google/inject/internal/InitializableFactory.java
Java,30-100,google-guice,33232b41cca24b939c58e29388d733e215927307,core/src/com/google/inject/internal/InitializableFactory.java,core/src/com/google/inject/internal/InitializableFactory.java
Java,30-100,google-guice,6a3557ec28b2cb54574fddb6e25ee93f97ae4ecf,core/src/com/google/inject/internal/aop/UnsafeGetter.java,core/src/com/google/inject/internal/aop/UnsafeGetter.java
Java,30-100,hamcrest-JavaHamcrest,581d6ba465a4505f35bbfd45424961f1da979e3a,hamcrest/src/test/java/org/hamcrest/collection/IsArrayTest.java,hamcrest/src/test/java/org/hamcrest/collection/IsArrayTest.java
Java,30-100,hamcrest-JavaHamcrest,581d6ba465a4505f35bbfd45424961f1da979e3a,hamcrest/src/test/java/org/hamcrest/collection/IsIterableContainingInOrderTest.java,hamcrest/src/test/java/org/hamcrest/collection/IsIterableContainingInOrderTest.java
Java,30-100,hamcrest-JavaHamcrest,581d6ba465a4505f35bbfd45424961f1da979e3a,hamcrest/src/test/java/org/hamcrest/core/IsAnythingTest.java,hamcrest/src/test/java/org/hamcrest/core/IsAnythingTest.java
Java,30-100,hamcrest-JavaHamcrest,581d6ba465a4505f35bbfd45424961f1da979e3a,hamcrest/src/test/java/org/hamcrest/object/IsCompatibleTypeTest.java,hamcrest/src/test/java/org/hamcrest/object/IsCompatibleTypeTest.java
Java,30-100,hamcrest-JavaHamcrest,581d6ba465a4505f35bbfd45424961f1da979e3a,hamcrest/src/test/java/org/hamcrest/text/IsEqualCompressingWhiteSpaceTest.java,hamcrest/src/test/java/org/hamcrest/text/IsEqualCompressingWhiteSpaceTest.java
Java,30-100,hunterhacker-jdom,64ab66c5a27672035c26df031888301dc6ba3372,contrib/src/java/org/jdom2/contrib/ids/doc-files/TestIds.java,contrib/src/java/org/jdom2/contrib/ids/doc-files/TestIds.java
Java,30-100,jai-imageio-jai-imageio-core,3f103ea0a0168dfe29c7d0cafa0ad6bdf9791af3,src/test/java/com/github/jaiimageio/PnmWriteTest.java,src/test/java/com/github/jaiimageio/PnmWriteTest.java
Java,30-100,jai-imageio-jai-imageio-core,c44bfb5501ec0f628d428a5aaf1e06112efbe750,src/main/java/com/github/jaiimageio/impl/plugins/clib/InputStreamAdapter.java,src/main/java/com/github/jaiimageio/impl/plugins/clib/InputStreamAdapter.java
Java,30-100,jai-imageio-jai-imageio-core,c44bfb5501ec0f628d428a5aaf1e06112efbe750,src/main/java/com/github/jaiimageio/impl/plugins/tiff/TIFFEXIFJPEGCompressor.java,src/main/java/com/github/jaiimageio/impl/plugins/tiff/TIFFEXIFJPEGCompressor.java
Java,30-100,jakartaee-common-annotations-api,3c79c0a85b39a5d776df52fcc47bf0fb46eb1f36,api/src/main/java/jakarta/annotation/Priority.java,api/src/main/java/jakarta/annotation/Priority.java
Java,30-100,jakartaee-common-annotations-api,505e0c1cd8d9e83492c5cf1975639cb5356fb806,api/src/main/java/jakarta/annotation/security/DeclareRoles.java,api/src/main/java/jakarta/annotation/security/DeclareRoles.java
Java,30-100,jakartaee-messaging,78df5e4ff0d48f72a301807e6a33daeabb66ffeb,api/src/main/java/jakarta/jms/JMSConnectionFactory.java,api/src/main/java/jakarta/jms/JMSConnectionFactory.java
Java,30-100,jakartaee-messaging,7c670c6a3e784b2498af7345b347149ed16f252f,api/src/main/java/jakarta/jms/TransactionRolledBackException.java,api/src/main/java/jakarta/jms/TransactionRolledBackException.java
Java,30-100,jakartaee-servlet,7ad63fe9d29b0703b44157e96e2ba98c60d0b53d,tck/tck-runtime/src/main/java/servlet/tck/api/jakarta_servlet/scattributelistener40/SCAttributeListener40.java,tck/tck-runtime/src/main/java/servlet/tck/api/jakarta_servlet/scattributelistener40/SCAttributeListener40.java
Java,30-100,jakartaee-servlet,7ad63fe9d29b0703b44157e96e2ba98c60d0b53d,tck/tck-runtime/src/main/java/servlet/tck/api/jakarta_servlet/srlistener/SRListener.java,tck/tck-runtime/src/main/java/servlet/tck/api/jakarta_servlet/srlistener/SRListener.java
Java,30-100,jakartaee-servlet,7ad63fe9d29b0703b44157e96e2ba98c60d0b53d,tck/tck-runtime/src/main/java/servlet/tck/api/jakarta_servlet_http/httpsessionactivationlistener40/TestServlet.java,tck/tck-runtime/src/main/java/servlet/tck/api/jakarta_servlet_http/httpsessionactivationlistener40/TestServlet.java
Java,30-100,jakartaee-tags,5969c7fd0f5d32c98fc2b42d9efc1d1881c7c450,src/com/sun/ts/tests/jstl/spec/etu/tlv/permitted/JSTLClient.java,src/com/sun/ts/tests/jstl/spec/etu/tlv/permitted/JSTLClient.java
Java,30-100,jakartaee-tags,9d35d212b20db64a5b8f62aa248fd7f359dfd55c,api/src/main/java/jakarta/servlet/jsp/jstl/core/LoopTag.java,api/src/main/java/jakarta/servlet/jsp/jstl/core/LoopTag.java
Java,30-100,jakartaee-tags,bf2c2efc48f9a9486c5b991beb1495870e4aec4f,src/com/sun/ts/tests/jstl/spec/core/general/remove/JSTLClient.java,src/com/sun/ts/tests/jstl/spec/core/general/remove/JSTLClient.java
Java,30-100,javaruntype-javaruntype,0211dddb123e30045136edc4eb2301383bf2c3a4,src/main/java/org/javaruntype/typedef/InnerTypeDefVariable.java,src/main/java/org/javaruntype/typedef/InnerTypeDefVariable.java
Java,30-100,jboss-javassist-javassist,d5a7881381080fa4953b24c069675ca435598b95,src/main/javassist/compiler/ast/Expr.java,src/main/javassist/compiler/ast/Expr.java
Java,30-100,jboss-jboss-jms-api_spec,07a6ee22b0361941dc6511d52a441162e47f5a3d,src/main/java/javax/jms/JMSSecurityException.java,src/main/java/javax/jms/JMSSecurityException.java
Java,30-100,jboss-jboss-jms-api_spec,125958c88891b32bb63cf464b41c56eebd79e3e7,src/main/java/javax/jms/InvalidClientIDException.java,src/main/java/javax/jms/InvalidClientIDException.java
Java,30-100,jboss-jboss-jms-api_spec,d990aeb8ee23abf01b8ca41c3a636e910b9c98e2,src/main/java/javax/jms/DeliveryMode.java,src/main/java/javax/jms/DeliveryMode.java
Java,30-100,jboss-jboss-jms-api_spec,d990aeb8ee23abf01b8ca41c3a636e910b9c98e2,src/main/java/javax/jms/MessageNotReadableException.java,src/main/java/javax/jms/MessageNotReadableException.java
Java,30-100,jflex-de-jflex,2b927a2bb8936020a82e1c07345d94a36ace0050,jflex/src/test/java/jflex/chars/IntervalGen.java,jflex/src/test/java/jflex/chars/IntervalGen.java
Java,30-100,jflex-de-jflex,6f26880988fe0d9eb2770b1372d188be90ca9bed,jflex/src/test/java/jflex/skeleton/SkeletonTest.java,jflex/src/test/java/jflex/skeleton/SkeletonTest.java
Java,30-100,jmock-developers-jmock-library,05045a75e1b5fc60d15e267ba1f740b7efb9662a,jmock-junit5/src/test/java/org/jmock/junit5/acceptance/JUnit5TestRunnerTests.java,jmock-junit5/src/test/java/org/jmock/junit5/acceptance/JUnit5TestRunnerTests.java
Java,30-100,jnr-jnr-a64asm,efc7951a946c5e31475d54b52666f2ef144912b3,src/main/java/jnr/a64asm/Logger.java,src/main/java/jnr/a64asm/Logger.java
Java,30-100,jnr-jnr-a64asm,efc7951a946c5e31475d54b52666f2ef144912b3,src/main/java/jnr/a64asm/SysRegister.java,src/main/java/jnr/a64asm/SysRegister.java
Java,30-100,jnr-jnr-constants,b93c1da47bfc75bfc5d7c95d952c1956e8cf77b6,src/main/java/jnr/constants/platform/freebsd/ProtocolFamily.java,src/main/java/jnr/constants/platform/freebsd/ProtocolFamily.java
Java,30-100,jnr-jnr-netdb,b39241416e1fef756e0d008f56d08208f9043428,src/jnr/netdb/NetDBParser.java,src/jnr/netdb/NetDBParser.java
Java,30-100,jnr-jnr-x86asm,777d99dc896976ebf236a33418787d1b7f4cfb29,src/main/java/jnr/x86asm/ERROR_CODE.java,src/main/java/com/kenai/jnr/x86asm/ERROR_CODE.java
Java,30-100,jnr-jnr-x86asm,777d99dc896976ebf236a33418787d1b7f4cfb29,src/main/java/jnr/x86asm/Operand.java,src/main/java/com/kenai/jnr/x86asm/Operand.java
Java,30-100,jopt-simple-jopt-simple,234cf0897d658d55d4d0eb02006d5365b9a25f79,src/main/java/joptsimple/OptionArgumentConversionException.java,src/main/java/joptsimple/OptionArgumentConversionException.java
Java,30-100,jopt-simple-jopt-simple,234cf0897d658d55d4d0eb02006d5365b9a25f79,src/main/java/joptsimple/util/KeyValuePair.java,src/main/java/joptsimple/util/KeyValuePair.java
Java,30-100,jopt-simple-jopt-simple,234cf0897d658d55d4d0eb02006d5365b9a25f79,src/test/java/joptsimple/OptionSetValuesOfOptionStringImmutabilityTest.java,src/test/java/joptsimple/OptionSetValuesOfOptionStringImmutabilityTest.java
Java,30-100,jopt-simple-jopt-simple,234cf0897d658d55d4d0eb02006d5365b9a25f79,src/test/java/joptsimple/WAsShortOptionTest.java,src/test/java/joptsimple/WAsShortOptionTest.java
Java,30-100,jopt-simple-jopt-simple,2d0c0c22e511e73310fe68a2b976d99576744a97,net.sf.joptsimple.tests/src/test/java/tests/joptsimple/examples/ShortOptionsWithArgumentPositioningTest.java,net.sf.joptsimple.tests/src/test/java/tests/joptsimple/examples/ShortOptionsWithArgumentPositioningTest.java
Java,30-100,jopt-simple-jopt-simple,bda404a5bba5e41338d2b17d0507499c0cb9f26a,src/test/java/net/sf/joptsimple/OptionParserOptionExceptionTest.java,net.sf.joptsimple.tests/src/test/java/tests/joptsimple/OptionParserOptionExceptionTest.java
Java,30-100,jopt-simple-jopt-simple,bda404a5bba5e41338d2b17d0507499c0cb9f26a,src/test/java/net/sf/joptsimple/WExtensionNoArgumentTest.java,net.sf.joptsimple.tests/src/test/java/tests/joptsimple/WExtensionNoArgumentTest.java
Java,30-100,jopt-simple-jopt-simple,bda404a5bba5e41338d2b17d0507499c0cb9f26a,src/test/java/net/sf/joptsimple/examples/DefaultValuesForOptionArgumentsTest.java,net.sf.joptsimple.tests/src/test/java/tests/joptsimple/examples/DefaultValuesForOptionArgumentsTest.java
Java,30-100,jopt-simple-jopt-simple,c5e1935737e4a54a0dc5bb404d60053a78d0850e,net.sf.joptsimple.tests/src/test/java/tests/joptsimple/ClusterVersusLongOptionTest.java,net.sf.joptsimple.tests/src/test/java/tests/joptsimple/ClusterVersusLongOptionTest.java
Java,30-100,jopt-simple-jopt-simple,ccb14f9899300b40780ffca6f3b1ebd0f0d9f071,net.sf.joptsimple.tests/src/test/java/tests/joptsimple/KeyValuePairTest.java,net.sf.joptsimple.tests/src/test/java/tests/joptsimple/util/KeyValuePairTest.java
Java,30-100,jopt-simple-jopt-simple,ccb14f9899300b40780ffca6f3b1ebd0f0d9f071,net.sf.joptsimple.tests/src/test/java/tests/joptsimple/examples/LongOptionsWithArgumentsTest.java,net.sf.joptsimple.tests/src/test/java/tests/joptsimple/examples/LongOptionsWithArgumentsTest.java
Java,30-100,jopt-simple-jopt-simple,d33a77619babd9068e3a55f7fb4000d020be6e10,net.sf.joptsimple.tests/src/test/java/tests/joptsimple/RequiredIfAnyTest.java,net.sf.joptsimple.tests/src/test/java/joptsimple/RequiredIfAnyTest.java
Java,30-100,jopt-simple-jopt-simple,dd45f8b1393d6a21c050995193d9407624bd9e1c,src/test/java/joptsimple/OptionSetValuesOfSpecImmutabilityTest.java,src/test/java/joptsimple/OptionSetValuesOfSpecImmutabilityTest.java
Java,30-100,jopt-simple-jopt-simple,fbcd61626db0b7492faa7779917fe2564acb7c08,src/test/java/net/sf/joptsimple/Issue76Test.java,src/test/java/net/sf/joptsimple/Issue76Test.java
Java,30-100,json-path-JsonPath,b14341ac5e9e7ebd6d930f210b19c7c7927c98b0,json-path/src/main/java/com/jayway/jsonpath/internal/path/ArrayPathToken.java,json-path/src/main/java/com/jayway/jsonpath/internal/path/ArrayPathToken.java
Java,30-100,jtwig-jtwig-core,1c0de5f89f7ea81cfd9e4a557ace4fbd9f801d27,src/main/java/org/jtwig/parser/parboiled/expression/BinaryOperationSuffixExpressionParser.java,src/main/java/org/jtwig/parser/parboiled/expression/BinaryOperationSuffixExpressionParser.java
Java,30-100,jtwig-jtwig-reflection,d8e4fcb63a920e17e83877b5acaaf93f20e47547,src/main/java/org/jtwig/reflection/model/java/JavaMethod.java,src/main/java/org/jtwig/reflection/model/java/JavaMethod.java
Java,30-100,junit-pioneer-junit-pioneer,275313479411ac51bfd3790be4254736518d8a7a,src/test/java/module-info.java,src/test/java/module-info.java
Java,30-100,junit-pioneer-junit-pioneer,31e7e03410d6d54265bc13d831267ad6f7ae83a4,src/main/java/org/junitpioneer/jupiter/DefaultTimeZone.java,src/main/java/org/junitpioneer/jupiter/DefaultTimeZone.java
Java,30-100,junit-pioneer-junit-pioneer,31e7e03410d6d54265bc13d831267ad6f7ae83a4,src/main/java/org/junitpioneer/jupiter/WritesDefaultLocale.java,src/main/java/org/junitpioneer/jupiter/WritesDefaultLocale.java
Java,30-100,junit-pioneer-junit-pioneer,31e7e03410d6d54265bc13d831267ad6f7ae83a4,src/main/java/org/junitpioneer/jupiter/cartesian/CartesianParameterArgumentsProvider.java,src/main/java/org/junitpioneer/jupiter/cartesian/CartesianParameterArgumentsProvider.java
Java,30-100,junit-pioneer-junit-pioneer,31e7e03410d6d54265bc13d831267ad6f7ae83a4,src/test/java/org/junitpioneer/testkit/assertion/AbstractPioneerAssert.java,src/test/java/org/junitpioneer/testkit/assertion/AbstractPioneerAssert.java
Java,30-100,junit-team-junit4,8d9690a8be8d2c320f73b0f6074fdd8478eab0ae,src/test/java/junit/tests/runner/TextRunnerTest.java,src/test/java/junit/tests/runner/TextRunnerTest.java
Java,30-100,league-lzmajio,5777f791385788796e271823d7bd75cd30a1b337,BlockingIntQueue.java,BlockingIntQueue.java
Java,30-100,league-lzmajio,5b8a92a38c1e8ed10ddad444152ca52f45fec423,EncoderThread.java,EncoderThread.java
Java,30-100,league-lzmajio,af2fbc2c273fa3f0413f657e0d074573e3161337,EncoderThread.java,EncoderThread.java
Java,30-100,league-lzmajio,af2fbc2c273fa3f0413f657e0d074573e3161337,LzmaInputStream.java,LzmaInputStream.java
Java,30-100,league-lzmajio,d9e2fe2aedb2051ac5e2400a7139ad0285924815,net/contrapunctus/lzma/BlockingIntQueue.java,net/contrapunctus/lzma/BlockingIntQueue.java
Java,30-100,netplex-json-smart-v1,62d0ce1e5eaa7dbc37fea1373a58c4fff966c4ad,json-smart/src/test/java/net/minidev/json/test/TestString.java,json-smart/src/test/java/net/minidev/json/test/TestString.java
Java,30-100,netplex-json-smart-v1,938a867fb1ef9b6e6a2107e40e41d2eed7fd4334,json-smart/src/test/java/net/minidev/json/test/TestMisc.java,json-smart/src/test/java/net/minidev/json/test/TestMisc.java
Java,30-100,netplex-json-smart-v2,5efc9abca40632b3a95cce9222f2ae5fc8767bfb,accessors-smart/src/test/java/net/minidev/asm/bean/BLongPubAc.java,accessors-smart/src/test/java/net/minidev/asm/bean/BLongPubAc.java
Java,30-100,netplex-json-smart-v2,5efc9abca40632b3a95cce9222f2ae5fc8767bfb,json-smart/src/test/java/net/minidev/json/test/writer/TestWriteFeatures.java,json-smart/src/test/java/net/minidev/json/test/writer/TestWriteFeatures.java
Java,30-100,netplex-json-smart-v2,684702c9618f8ab002ba4876beeb7689b035e5e9,json-smart-action/src/main/java/net/minidev/json/actions/traverse/LocatePathsJsonAction.java,json-smart-action/src/main/java/net/minidev/json/actions/traverse/LocatePathsJsonAction.java
Java,30-100,openjdk-jol,5ec187a6d38443604221a63abec39c545d4d1674,jol-core/src/main/java/org/openjdk/jol/vm/VM.java,jol-core/src/main/java/org/openjdk/jol/vm/VM.java
Java,30-100,paul-hammant-qdox,51e94d015de48f415183d176d86c12d1a78de0f1,src/test/java/com/thoughtworks/qdox/model/expression/RemainderTest.java,src/test/java/com/thoughtworks/qdox/model/expression/RemainderTest.java
Java,30-100,paul-hammant-qdox,51e94d015de48f415183d176d86c12d1a78de0f1,src/test/java/com/thoughtworks/qdox/model/impl/DefaultDocletTagTest.java,src/test/java/com/thoughtworks/qdox/model/impl/DefaultDocletTagTest.java
Java,30-100,paul-hammant-qdox,51e94d015de48f415183d176d86c12d1a78de0f1,src/test/java/com/thoughtworks/qdox/parser/ParseExceptionTest.java,src/test/java/com/thoughtworks/qdox/parser/ParseExceptionTest.java
Java,30-100,pholser-junit-quickcheck,fa9530f536392623083cc50e6e3ea2aaecb4b4ec,generators/src/main/java/com/pholser/junit/quickcheck/generator/java/util/function/PredicateGenerator.java,generators/src/main/java/com/pholser/junit/quickcheck/generator/java/util/function/PredicateGenerator.java
Java,30-100,pholser-junit-quickcheck,fa9530f536392623083cc50e6e3ea2aaecb4b4ec,guava/src/main/java/com/pholser/junit/quickcheck/guava/generator/PredicateGenerator.java,guava/src/main/java/com/pholser/junit/quickcheck/guava/generator/PredicateGenerator.java
Java,30-100,ronmamo-reflections,a566ac6d69008b16296d623c490d5a8b6179f96f,src/test/java/org/reflections/UsageTestModel.java,src/test/java/org/reflections/UsageTestModel.java
Java,30-100,shrinkwrap-shrinkwrap,01b6fcb090783ee7f022fff7f0703033634bcd62,impl-base/src/test/java/org/jboss/shrinkwrap/impl/base/nio2/file/ShrinkWrapFileSystemsTestCase.java,impl-base/src/test/java/org/jboss/shrinkwrap/impl/base/nio2/file/ShrinkWrapFileSystemsTestCase.java
Java,30-100,shrinkwrap-shrinkwrap,5f49a550fc6ce24f3c8b71a125c3cbdb34e4fb96,impl-base/src/test/java/org/jboss/shrinkwrap/impl/base/TestIOUtil.java,impl-base/src/test/java/org/jboss/shrinkwrap/impl/base/TestIOUtil.java
Java,30-100,shrinkwrap-shrinkwrap,7c5a5916ae60bd5143d9038bf083dbd2879d9c6f,impl-base/src/test/java/org/jboss/shrinkwrap/impl/base/URLPackageScannerTestCase.java,impl-base/src/test/java/org/jboss/shrinkwrap/impl/base/URLPackageScannerTestCase.java
Java,30-100,shrinkwrap-shrinkwrap,7e7f6dbe7d7601bf6c9c120ddbcd688114d01a02,api/src/test/java/org/jboss/shrinkwrap/api/asset/ApiTestUtils.java,api/src/test/java/org/jboss/shrinkwrap/api/asset/ApiTestUtils.java
Java,30-100,shrinkwrap-shrinkwrap,e39f7fe0dfd162920c438d06f52c708192744934,api/src/main/java/org/jboss/shrinkwrap/api/ArchivePath.java,api/src/main/java/org/jboss/shrinkwrap/api/ArchivePath.java
Java,30-100,shrinkwrap-shrinkwrap,e39f7fe0dfd162920c438d06f52c708192744934,api/src/main/java/org/jboss/shrinkwrap/api/ExtensionLoader.java,api/src/main/java/org/jboss/shrinkwrap/api/ExtensionLoader.java
Java,30-100,shrinkwrap-shrinkwrap,e39f7fe0dfd162920c438d06f52c708192744934,impl-base/src/test/java/org/jboss/shrinkwrap/impl/base/importer/SecurityActions.java,impl-base/src/test/java/org/jboss/shrinkwrap/impl/base/importer/SecurityActions.java
Java,30-100,shrinkwrap-shrinkwrap,e39f7fe0dfd162920c438d06f52c708192744934,impl-base/src/test/java/org/jboss/shrinkwrap/impl/base/nio2/file/FileAttributesViewTestCase.java,impl-base/src/test/java/org/jboss/shrinkwrap/impl/base/nio2/file/FileAttributesViewTestCase.java
Java,30-100,stathissideris-ditaa,76981bbd052f8d7b2c07646dd1f2d82989526a1f,web/src/org/ditaa/web/Pair.java,web/src/org/ditaa/web/Pair.java
Java,30-100,stefanbirkner-fishbowl,60c8a6d6a338ab7dfebcc67a8ded220ffd752fb8,src/test/java/com/github/stefanbirkner/fishbowl/FishbowlTest.java,src/test/java/com/github/stefanbirkner/fishbowl/FishbowlTest.java
Java,30-100,stefanbirkner-system-rules,9f8ef1d878173263ead4abc44fd77bb80004c4ab,src/test/java/org/junit/contrib/java/lang/system/ProvideSecurityManagerTest.java,src/test/java/org/junit/contrib/java/lang/system/ProvideSecurityManagerTest.java
Java,30-100,unbescape-unbescape,9ff17a7ec2fead90cedba65800b3ccb37e33629e,src/main/java/org/unbescape/json/JsonEscapeType.java,src/main/java/org/unbescape/json/JsonEscapeType.java
Java,30-100,unbescape-unbescape,9ff17a7ec2fead90cedba65800b3ccb37e33629e,src/main/java/org/unbescape/xml/XmlEscapeType.java,src/main/java/org/unbescape/xml/XmlEscapeType.java
Java,30-100,unicode-org-icu,275b3696dcce018027775a40f18294ddfb735d2e,icu4j/main/core/src/main/java/com/ibm/icu/lang/UCharacterDirection.java,icu4j/main/core/src/main/java/com/ibm/icu/lang/UCharacterDirection.java
Java,30-100,unicode-org-icu,275b3696dcce018027775a40f18294ddfb735d2e,icu4j/main/framework/src/test/java/com/ibm/icu/dev/test/TestLog.java,icu4j/main/framework/src/test/java/com/ibm/icu/dev/test/TestLog.java
Java,30-100,vdr-projects-vdr-plugin-vdrmanager,559f24829ce27087a4d36ed52432dafaed7b5717,vdrmanager/app/src/main/java/de/bjusystems/vdrmanager/gui/SvdrpProgressDialog.java,vdrmanager/app/src/main/java/de/bjusystems/vdrmanager/gui/SvdrpProgressDialog.java
Java,30-100,wrandelshofer-FastDoubleParser,4f8a1831d5d7ea2f643dae33e4aa8451a7674a91,fastdoubleparser-dev/src/main/java/ch.randelshofer.fastdoubleparser/ch/randelshofer/fastdoubleparser/chr/CharTrieOfOneSingleChar.java,fastdoubleparser-dev/src/main/java/ch.randelshofer.fastdoubleparser/ch/randelshofer/fastdoubleparser/chr/CharTrieOfOneSingleChar.java
Java,30-100,wrandelshofer-FastDoubleParser,4f8a1831d5d7ea2f643dae33e4aa8451a7674a91,fastdoubleparser-dev/src/test/java/ch.randelshofer.fastdoubleparser/ch/randelshofer/fastdoubleparser/JmhJavaBigDecimalFromByteArrayScalability.java,fastdoubleparser-dev/src/test/java/ch.randelshofer.fastdoubleparser/ch/randelshofer/fastdoubleparser/JmhJavaBigDecimalFromByteArrayScalability.java
Java,30-100,wrandelshofer-FastDoubleParser,4f8a1831d5d7ea2f643dae33e4aa8451a7674a91,fastdoubleparser-dev/src/test/java/ch.randelshofer.fastdoubleparser/ch/randelshofer/fastdoubleparser/JmhJavaBigDecimalFromCharSequenceScalability.java,fastdoubleparser-dev/src/test/java/ch.randelshofer.fastdoubleparser/ch/randelshofer/fastdoubleparser/JmhJavaBigDecimalFromCharSequenceScalability.java
Java,30-100,wrandelshofer-FastDoubleParser,4f8a1831d5d7ea2f643dae33e4aa8451a7674a91,fastdoubleparser-dev/src/test/java/ch.randelshofer.fastdoubleparser/ch/randelshofer/fastdoubleparser/JmhJsonDoubleFromCharArray.java,fastdoubleparser-dev/src/test/java/ch.randelshofer.fastdoubleparser/ch/randelshofer/fastdoubleparser/JmhJsonDoubleFromCharArray.java
Java,30-100,wrandelshofer-FastDoubleParser,56e89d06715df31f0fb36ea4ece7d2da2e217eb7,fastdoubleparser-dev/src/main/java/ch.randelshofer.fastdoubleparser/ch/randelshofer/fastdoubleparser/bte/ByteToIntMap.java,fastdoubleparser-dev/src/main/java/ch.randelshofer.fastdoubleparser/ch/randelshofer/fastdoubleparser/bte/ByteToIntMap.java
Java,30-100,xmlark-msv,7f6059f1186c9db023b9cb3724055712d173d258,msv/src/test/java/com/sun/msv/integrationtest/JarOdf13FailingIT.java,msv/src/test/java/com/sun/msv/integrationtest/JarOdf13FailingIT.java
Java,30-100,zerotier-ZeroTierOne,1c5897895bb0f2c8b054dfc2465c9cc5548fb954,java/src/com/zerotier/sdk/VirtualNetworkFrameListener.java,java/src/com/zerotier/sdk/VirtualNetworkFrameListener.java
Java,300-1000,AdoptOpenJDK-icedtea-web,6acfce4095f64c54aec3675ebd0c916cc352d396,core/src/main/java/net/sourceforge/jnlp/JNLPFile.java,core/src/main/java/net/sourceforge/jnlp/JNLPFile.java
Java,300-1000,AdoptOpenJDK-icedtea-web,a2ab17bce49d17dbd76f85b040903f42fe737f15,core/src/main/java/net/sourceforge/jnlp/JNLPFile.java,core/src/main/java/net/sourceforge/jnlp/JNLPFile.java
Java,300-1000,AdoptOpenJDK-icedtea-web,b57b044cc6ff004d9aff847fc4ba5439d5cc3603,core/src/main/java/net/adoptopenjdk/icedteaweb/resources/downloader/BaseResourceDownloader.java,core/src/main/java/net/adoptopenjdk/icedteaweb/resources/downloader/BaseResourceDownloader.java
Java,300-1000,AdoptOpenJDK-icedtea-web,cfde1db5edecc8bc28194446c58436389b2ce049,core/src/main/java/net/sourceforge/jnlp/config/DeploymentConfiguration.java,core/src/main/java/net/sourceforge/jnlp/config/DeploymentConfiguration.java
Java,300-1000,AsamK-signal-cli,c2ac74a6be5a1571eea4eaf867e601017a2d7d07,lib/src/main/java/org/asamk/signal/manager/helper/SyncHelper.java,lib/src/main/java/org/asamk/signal/manager/helper/SyncHelper.java
Java,300-1000,FasterXML-jackson-databind,93afe52d819a2284cb65b15ce75458d81dcfbcba,src/main/java/tools/jackson/databind/deser/SettableBeanProperty.java,src/main/java/tools/jackson/databind/deser/SettableBeanProperty.java
Java,300-1000,MiniDNS-minidns,2ba5d41b4883e7127b7a360aae9928cddad607fc,minidns-dnssec/src/test/java/org/minidns/dnssec/DnssecWorld.java,minidns-dnssec/src/test/java/org/minidns/dnssec/DnssecWorld.java
Java,300-1000,MiniDNS-minidns,793c0d1d4296725a8fbb63af997392f50cebeb61,minidns-client/src/test/java/org/minidns/DnsWorld.java,minidns-client/src/test/java/org/minidns/DnsWorld.java
Java,300-1000,MiniDNS-minidns,7c325183d00bcb205ef96b792de7cb6f23765ff9,minidns-core/src/test/java/org/minidns/dnsmessage/DnsMessageTest.java,minidns-core/src/test/java/org/minidns/dnsmessage/DnsMessageTest.java
Java,300-1000,OpenNMS-jrobin,ae71d0aa51e13fd617da7ad2253aa69c08d664ae,src/org/jrobin/graph/RrdGraphDefTemplate.java,src/org/jrobin/graph/RrdGraphDefTemplate.java
Java,300-1000,OpenNMS-jrobin,ccac96ffaf9fe91bbc31dca24d02a7a75a3ce0ce,src/org/jrobin/cmd/RrdGraphCmd.java,src/org/jrobin/cmd/RrdGraphCmd.java
Java,300-1000,TheThirdOne-rars,27669aa433570ab373c88723188d25e6701cf456,src/rars/venus/settings/SettingsEditorAction.java,src/rars/venus/settings/SettingsEditorAction.java
Java,300-1000,TooTallNate-Java-WebSocket,1ed042e60a0b455acbc1207c414eb7ce8736e45a,src/test/java/org/java_websocket/drafts/Draft_6455Test.java,src/test/java/org/java_websocket/drafts/Draft_6455Test.java
Java,300-1000,abego-treelayout,fb5b5326d9fe642b9ca0631c3da739bf775f6374,org.abego.treelayout/src/main/java/org/abego/treelayout/TreeLayout.java,org.abego.treelayout/src/main/java/org/abego/treelayout/TreeLayout.java
Java,300-1000,aunkrig-commons,b7697531ebacc6748f17b88365e2f16227b887aa,commons-text/src/main/java/de/unkrig/commons/text/pattern/Glob.java,commons-text/src/main/java/de/unkrig/commons/text/pattern/Glob.java
Java,300-1000,aunkrig-jdisasm,2b00258f24dc51621747416cc8c02a940dd7a1da,jdisasm/src/main/java/de/unkrig/jdisasm/BytecodeDisassembler.java,jdisasm/src/main/java/de/unkrig/jdisasm/BytecodeDisassembler.java
Java,300-1000,bcgit-bc-java,65dcde7a77fb687950fbe9a54d903b6f961cd2fd,pkix/src/main/java/org/bouncycastle/cms/DefaultCMSSignatureAlgorithmNameGenerator.java,pkix/src/main/java/org/bouncycastle/cms/DefaultCMSSignatureAlgorithmNameGenerator.java
Java,300-1000,beanshell-beanshell,02c5f044999ef6a6f3d2cbbac7f478a27236460c,src/main/java/bsh/Operators.java,src/main/java/bsh/Operators.java
Java,300-1000,beanshell-beanshell,0bf8c14018a246c574146594e4b468ddbf801313,src/main/java/bsh/BSHAllocationExpression.java,src/main/java/bsh/BSHAllocationExpression.java
Java,300-1000,beanshell-beanshell,3a0fdbba6f362fb6a3cd920f846296a590d6d36b,src/test/java/bsh/ReflectTest.java,src/test/java/bsh/ReflectTest.java
Java,300-1000,beanshell-beanshell,87b844571360abdaf8029290446dc7d882717e97,src/main/java/bsh/classpath/ClassManagerImpl.java,src/main/java/bsh/classpath/ClassManagerImpl.java
Java,300-1000,beanshell-beanshell,8b12fe4cd7ce39759001f361e2d641c139610b2b,src/main/java/bsh/util/ReferenceCache.java,src/main/java/bsh/util/ReferenceCache.java
Java,300-1000,beanshell-beanshell,97947022e45c8be7896c63767b4f4f5ed74fe70f,src/main/java/bsh/BshClassManager.java,src/main/java/bsh/BshClassManager.java
Java,300-1000,beanshell-beanshell,c989eac25d2a48d4c35b482bd0d28b911bb00fde,src/main/java/bsh/BSHAllocationExpression.java,src/main/java/bsh/BSHAllocationExpression.java
Java,300-1000,ben-manes-concurrentlinkedhashmap,661322090c84f67045373c728aba8b97ceb68a0e,src/test/java/com/googlecode/concurrentlinkedhashmap/ConcurrentMapTest.java,src/test/java/com/googlecode/concurrentlinkedhashmap/ConcurrentMapTest.java
Java,300-1000,cache2k-cache2k,f7b647e54dbe7c84f4d142ae5a623a1188ddf9a4,cache2k-core/src/test/java/org/cache2k/core/timing/TimerTest.java,cache2k-core/src/test/java/org/cache2k/core/timing/TimerTest.java
Java,300-1000,cglib-cglib,5942bcd657f35a699f05fadfdf720a5c6a3af2b5,cglib/src/main/java/net/sf/cglib/core/KeyFactory.java,cglib/src/main/java/net/sf/cglib/core/KeyFactory.java
Java,300-1000,cliftonlabs-json-simple,061f3ea64dbcf8f4f80f02ee770e7979cdc087ca,src/test/java/com/github/cliftonlabs/json_simple/JsonObjectTest.java,src/test/java/com/github/cliftonlabs/json_simple/JsonObjectTest.java
Java,300-1000,cliftonlabs-json-simple,b31833d650ac0454e7f0432ea0053cadd16268ba,src/main/java/com/github/cliftonlabs/json_simple/JsonObject.java,src/main/java/com/github/cliftonlabs/json_simple/JsonObject.java
Java,300-1000,cliftonlabs-json-simple,cfe8a1cf81dc50ea44a8cbeb8233d4a74010b827,src/main/java/com/github/cliftonlabs/json_simple/JsonObject.java,src/main/java/com/github/cliftonlabs/json_simple/JsonObject.java
Java,300-1000,cutelyaware-magiccube4d,b8c3cefe86d00aaccd3e1c5a831aa131d6aa4357,src/com/superliminal/magiccube4d/PuzzleManager.java,src/com/superliminal/magiccube4d/PuzzleManager.java
Java,300-1000,cutelyaware-magiccube4d,c2b8791e99e6c02e36dd22444f21801680ee1947,src/com/superliminal/magiccube4d/MC4DView.java,src/com/superliminal/magiccube4d/MC4DView.java
Java,300-1000,dita-ot-dita-ot,1ce2a3a0c09dd0c01d9d9fc46600970718ffcf72,src/test/java/org/dita/dost/AbstractIntegrationTest.java,src/test/java/org/dita/dost/AbstractIntegrationTest.java
Java,300-1000,dita-ot-dita-ot,334f7e1dd3534c41a19783a90dd5ca79a083c4de,src/main/java/org/dita/dost/reader/GenListModuleReader.java,src/main/java/org/dita/dost/reader/GenListModuleReader.java
Java,300-1000,dita-ot-dita-ot,345bf47dd7a0076d5b53f7b6010e1664fa17dad0,src/main/java/org/dita/dost/chunk/ChunkModule.java,src/main/java/org/dita/dost/chunk/ChunkModule.java
Java,300-1000,dita-ot-dita-ot,34ea3e166a3b11517b3c422b70fe09fd0212c458,src/main/java/org/dita/dost/store/StreamStore.java,src/main/java/org/dita/dost/store/StreamStore.java
Java,300-1000,dita-ot-dita-ot,3ad88fa5454d0b26b5071c3c78eac004aeefb3a4,src/test/java/org/dita/dost/util/XMLUtilsTest.java,src/test/java/org/dita/dost/util/XMLUtilsTest.java
Java,300-1000,dita-ot-dita-ot,a598a76eb37f671a3af3d06e2a95a4827cdf2b87,src/main/java/org/dita/dost/reader/GenListModuleReader.java,src/main/java/org/dita/dost/reader/GenListModuleReader.java
Java,300-1000,dita-ot-dita-ot,dc257d4c01902e0c3cc464721553b12b42cd0cb6,src/main/java/org/dita/dost/writer/AbstractChunkTopicParser.java,src/main/java/org/dita/dost/writer/AbstractChunkTopicParser.java
Java,300-1000,dita-ot-dita-ot,e7b6b07f006a00a918302ee6ddaa1c3899116960,src/main/java/org/dita/dost/module/reader/TopicReaderModule.java,src/main/java/org/dita/dost/module/reader/TopicReaderModule.java
Java,300-1000,dita-ot-dita-ot,edc7c857d4b1aa6c36446bb939b1c8b1bf1995ba,src/main/java/org/dita/dost/util/FileUtils.java,src/main/java/org/dita/dost/util/FileUtils.java
Java,300-1000,dolphin-emu-dolphin,c3be0495719104fa0bc7a450aac1a6ae5d4711b9,Source/Android/app/src/main/java/org/dolphinemu/dolphinemu/NativeLibrary.java,Source/Android/app/src/main/java/org/dolphinemu/dolphinemu/NativeLibrary.java
Java,300-1000,dom4j-dom4j,8db3742e13860c6767971867458073e8dd0fa1d1,src/main/java/org/dom4j/xpp/ProxyXmlStartTag.java,src/main/java/org/dom4j/xpp/ProxyXmlStartTag.java
Java,300-1000,eclipse-aspectj-aspectj,b9e22803ad2772a704547aa46f45eeb1cd66c3ef,org.aspectj.ajdt.core/src/main/java/org/aspectj/ajdt/internal/compiler/lookup/EclipseResolvedMember.java,org.aspectj.ajdt.core/src/main/java/org/aspectj/ajdt/internal/compiler/lookup/EclipseResolvedMember.java
Java,300-1000,eclipse-ee4j-jax-ws-api,47e553dfc2a3a341444451ab13cf8c7315847e31,api/src/main/java/jakarta/xml/ws/Service.java,api/src/main/java/jakarta/xml/ws/Service.java
Java,300-1000,eclipse-ee4j-jaxb-fi,0caaf1f616fb8f6eabfec451bcefacbaa633a583,fastinfoset/src/test/java/algorithm/AlgorithmTest.java,fastinfoset/src/test/java/algorithm/AlgorithmTest.java
Java,300-1000,eclipse-ee4j-jaxb-fi,6c73c4a81e32f26762f178cbdbd15b3073eae3c5,utilities/src/main/java/com/sun/xml/analysis/frequency/SchemaProcessor.java,utilities/src/main/java/com/sun/xml/analysis/frequency/SchemaProcessor.java
Java,300-1000,eclipse-ee4j-jaxb-fi,89604a91951fb6f990191d15ebae4a42f116e107,utilities/src/main/java/com/sun/xml/fastinfoset/streambuffer/TypedSAXBufferCreator.java,code/utilities/src/main/java/com/sun/xml/fastinfoset/streambuffer/TypedSAXBufferCreator.java
Java,300-1000,eclipse-ee4j-jaxb-fi,b5d30644dd29a5d701193bdf0eb544a18043b36e,fastinfoset/src/main/java/com/sun/xml/fastinfoset/stax/factory/StAXEventFactory.java,fastinfoset/src/main/java/com/sun/xml/fastinfoset/stax/factory/StAXEventFactory.java
Java,300-1000,erlang-otp,a87183f1eb847119b6ecc83054bf13c26b8ccfaa,lib/jinterface/java_src/com/ericsson/otp/erlang/OtpSelf.java,lib/jinterface/java_src/com/ericsson/otp/erlang/OtpSelf.java
Java,300-1000,fordfrog-apgdiff,073d57b578c38f15c867b2dc74f52b9b8419ef82,src/test/java/cz/startnet/utils/pgdiff/PgDiffTest.java,src/test/java/cz/startnet/utils/pgdiff/PgDiffTest.java
Java,300-1000,fordfrog-apgdiff,0889f0d82841a7bf631598ec94db803bbf2c57a5,src/main/java/cz/startnet/utils/pgdiff/schema/PgTrigger.java,src/main/java/cz/startnet/utils/pgdiff/schema/PgTrigger.java
Java,300-1000,fordfrog-apgdiff,67e09cddfde3f158b54b29bbc3d1a8ac4443869d,src/main/java/cz/startnet/utils/pgdiff/schema/PgTable.java,src/main/java/cz/startnet/utils/pgdiff/schema/PgTable.java
Java,300-1000,fordfrog-apgdiff,87f4241808ae4355957f8fddcae94074f5625016,src/test/java/cz/startnet/utils/pgdiff/PgDiffTest.java,src/test/java/cz/startnet/utils/pgdiff/PgDiffTest.java
Java,300-1000,fordfrog-apgdiff,8bd05587017a3c4a785509015135d4aee217159b,src/main/java/cz/startnet/utils/pgdiff/schema/PgColumn.java,src/main/java/cz/startnet/utils/pgdiff/schema/PgColumn.java
Java,300-1000,fordfrog-apgdiff,962df910beac418ad17378a5df02eb533b161330,src/test/java/cz/startnet/utils/pgdiff/PgDiffTest.java,src/test/java/cz/startnet/utils/pgdiff/PgDiffTest.java
Java,300-1000,fordfrog-apgdiff,9e4548fdf9bf97af1fe7e10574526a3150cdf395,src/main/java/cz/startnet/utils/pgdiff/schema/PgView.java,src/main/java/cz/startnet/utils/pgdiff/schema/PgView.java
Java,300-1000,fordfrog-apgdiff,ad190a6ce30268cded706a8c406dbe511e8e6d1f,src/main/java/cz/startnet/utils/pgdiff/loader/PgDumpLoader.java,src/main/java/cz/startnet/utils/pgdiff/loader/PgDumpLoader.java
Java,300-1000,fusesource-hawtjni,f0e3ace6422e5c5413445229ac79d27f68b1485b,hawtjni-example/src/main/java/test/Example.java,hawtjni-example/src/main/java/test/Example.java
Java,300-1000,fusesource-jansi,609a87472544847ce903537bdd033da2a4c0605b,src/main/java/org/fusesource/jansi/io/AnsiOutputStream.java,src/main/java/org/fusesource/jansi/io/AnsiOutputStream.java
Java,300-1000,godotengine-godot,a447ac95ec170ee117c2eae55f1bfff0d0cf0dce,platform/android/java/lib/src/main/java/org/godotengine/godot/input/GodotEditText.java,platform/android/java/lib/src/main/java/org/godotengine/godot/input/GodotEditText.java
Java,300-1000,google-TestParameterInjector,827bdb609db2ec1df80db5f65ae518dc724bfa31,junit5/src/main/java/com/google/testing/junit/testparameterinjector/junit5/TestParametersMethodProcessor.java,junit5/src/main/java/com/google/testing/junit/testparameterinjector/junit5/TestParametersMethodProcessor.java
Java,300-1000,google-TestParameterInjector,d7c969b73c74d8555f5ca55fc7a331ed9af6e45e,junit4/src/main/java/com/google/testing/junit/testparameterinjector/TestParameterMethodProcessor.java,junit4/src/main/java/com/google/testing/junit/testparameterinjector/TestParameterMethodProcessor.java
Java,300-1000,google-guice,2138d2403f73e80fd66c9ff495d3bd5862af96ab,core/src/com/google/inject/internal/ProviderMethod.java,core/src/com/google/inject/internal/ProviderMethod.java
Java,300-1000,google-guice,b8dc8844eade27d0c547325c170eddec3e0f7aa9,core/src/com/google/inject/internal/ProviderMethod.java,core/src/com/google/inject/internal/ProviderMethod.java
Java,300-1000,hunterhacker-jdom,b7cb36b2305a894355c092ebb698fcdd50b1d67d,contrib/src/java/org/jdom2/contrib/schema/Schema.java,contrib/src/java/org/jdom2/contrib/schema/Schema.java
Java,300-1000,hyphanet-fred,59f0b6c3703938fa87ea89f9802938c2f52b038f,src/freenet/node/TextModeClientInterfaceServer.java,src/freenet/node/TextModeClientInterfaceServer.java
Java,300-1000,hyphanet-fred,5dcc512ab7c56bafb4cce99164e321e945d4a781,test/freenet/client/filter/ContentFilterTest.java,test/freenet/client/filter/ContentFilterTest.java
Java,300-1000,hyphanet-fred,bc33e6deb4ad7d303ab9cb46b07a52e438f2e03a,src/freenet/node/Version.java,src/freenet/node/Version.java
Java,300-1000,jai-imageio-jai-imageio-core,c44bfb5501ec0f628d428a5aaf1e06112efbe750,src/main/java/com/github/jaiimageio/impl/plugins/tiff/TIFFFaxCompressor.java,src/main/java/com/github/jaiimageio/impl/plugins/tiff/TIFFFaxCompressor.java
Java,300-1000,jai-imageio-jai-imageio-core,c44bfb5501ec0f628d428a5aaf1e06112efbe750,src/main/java/com/github/jaiimageio/impl/plugins/wbmp/WBMPImageWriter.java,src/main/java/com/github/jaiimageio/impl/plugins/wbmp/WBMPImageWriter.java
Java,300-1000,jai-imageio-jai-imageio-jpeg2000,6a3167f5d73d4e0cc797bb65307aefa1cc5d8949,src/main/java/jj2000/j2k/io/BEBufferedRandomAccessFile.java,src/main/java/jj2000/j2k/io/BEBufferedRandomAccessFile.java
Java,300-1000,jai-imageio-jai-imageio-jpeg2000,6a3167f5d73d4e0cc797bb65307aefa1cc5d8949,src/main/java/jj2000/j2k/util/ISRandomAccessIO.java,src/main/java/jj2000/j2k/util/ISRandomAccessIO.java
Java,300-1000,jakartaee-jsonp-api,916079616839fa381a28f915da5525851e162aca,tck/tck-tests/src/main/java/ee/jakarta/tck/jsonp/api/jsonvaluetests/Structure.java,tck/tck-tests/src/main/java/ee/jakarta/tck/jsonp/api/jsonvaluetests/Structure.java
Java,300-1000,jakartaee-servlet,7ad63fe9d29b0703b44157e96e2ba98c60d0b53d,tck/tck-runtime/src/main/java/servlet/tck/spec/security/secform/SecFormTests.java,tck/tck-runtime/src/main/java/servlet/tck/spec/security/secform/SecFormTests.java
Java,300-1000,jakartaee-tags,5969c7fd0f5d32c98fc2b42d9efc1d1881c7c450,src/com/sun/ts/tests/jstl/common/wrappers/TckConnectionWrapper.java,src/com/sun/ts/tests/jstl/common/wrappers/TckConnectionWrapper.java
Java,300-1000,jakartaee-tags,bbb93b55c86a1140d92cdf722910ea49cb320fbb,jstl/src/main/java/com/sun/ts/tests/jstl/spec/fmt/format/parsedate/JSTLClientIT.java,jstl/src/main/java/com/sun/ts/tests/jstl/spec/fmt/format/parsedate/JSTLClient.java
Java,300-1000,jboss-javassist-javassist,c04c375e813597eaeb305a641f58a89fe665ea54,src/test/javassist/JvstTest5.java,src/test/javassist/JvstTest5.java
Java,300-1000,jboss-jboss-jms-api_spec,7f587b4e8127ee246df78ee88de38c7f8364eaed,src/main/java/javax/jms/StreamMessage.java,src/main/java/javax/jms/StreamMessage.java
Java,300-1000,jflex-de-jflex,34b526f2364bdd786beb235cd7714d788949a1e6,jflex/src/main/java/jflex/core/RegExps.java,jflex/src/main/java/jflex/core/RegExps.java
Java,300-1000,jflex-de-jflex,34b526f2364bdd786beb235cd7714d788949a1e6,jflex/src/main/java/jflex/logging/Out.java,jflex/src/main/java/jflex/logging/Out.java
Java,300-1000,jline-jline2,df0187e6fd9a0601054b832e1bdd274dfa37bc3b,src/main/java/jline/internal/NonBlockingInputStream.java,src/main/java/jline/internal/NonBlockingInputStream.java
Java,300-1000,jmock-developers-jmock-library,21d00fc5812b6f31309b4c6acdefd1c50fe39943,jmock/src/main/java/org/jmock/Mockery.java,jmock/src/main/java/org/jmock/Mockery.java
Java,300-1000,jnr-jnr-ffi,b5c093422dc3f11ae653745421311aa04f3c2fb0,src/main/java/jnr/ffi/provider/jffi/DefaultInvokerFactory.java,src/main/java/jnr/ffi/provider/jffi/DefaultInvokerFactory.java
Java,300-1000,jnr-jnr-x86asm,4312982d636e8cfb80d5f9ae34c5abbd59f7d04d,src/main/java/jnr/x86asm/InstructionDescription.java,src/main/java/jnr/x86asm/InstructionDescription.java
Java,300-1000,jnr-jnr-x86asm,5828d80a0cc7d5dcaac292f5acd142eac08bc2c0,src/com/kenai/jnr/x86asm/InstructionDescription.java,src/com/kenai/jnr/x86asm/InstructionDescription.java
Java,300-1000,jopt-simple-jopt-simple,b54cb980e4eff8a31378c652267a5fd8e0155f1d,src/main/java/joptsimple/OptionSet.java,src/main/java/joptsimple/OptionSet.java
Java,300-1000,jopt-simple-jopt-simple,bda404a5bba5e41338d2b17d0507499c0cb9f26a,src/main/java/net/sf/joptsimple/ArgumentAcceptingOptionSpec.java,net.sf.joptsimple/src/main/java/joptsimple/ArgumentAcceptingOptionSpec.java
Java,300-1000,json-path-JsonPath,af031cdbb2253ab759c957de2b21dbeef561e987,json-path/src/test/java/com/jayway/jsonpath/DeepScanTest.java,json-path/src/test/java/com/jayway/jsonpath/DeepScanTest.java
Java,300-1000,jtwig-jtwig-core,d350d8a6b97c362c3da2868d88cb472d9e9896f5,src/test/java/org/jtwig/environment/EnvironmentConfigurationBuilderTest.java,src/test/java/org/jtwig/environment/EnvironmentConfigurationBuilderTest.java
Java,300-1000,junit-team-junit4,ba3799facea95317bfd09ab802d0725b984ac2e3,src/test/java/org/junit/experimental/categories/CategoryTest.java,src/test/java/org/junit/experimental/categories/CategoryTest.java
Java,300-1000,lz4-lz4-java,55bede61a72803574c638a1ef1a70eadc6cefa6e,src/java/net/jpountz/lz4/LZ4FrameOutputStream.java,src/java/net/jpountz/lz4/LZ4FrameOutputStream.java
Java,300-1000,neilalexander-jnacl,66729bf11c9df3d4334e1569d561023c1b87a5d2,crypto/curve25519.java,crypto/curve25519.java
Java,300-1000,netplex-json-smart-v1,3db4106ff2c9c1e9b919b49aeba52eabdfff7220,json-smart/src/main/java/net/minidev/json/parser/JSONParserBase.java,json-smart/src/main/java/net/minidev/json/parser/JSONParserBase.java
Java,300-1000,netplex-json-smart-v1,70a6bb24ab1c352ce83cacf94c92bba5d36261cb,json-smart/src/main/java/net/minidev/json/reader/JsonWriter.java,json-smart/src/main/java/net/minidev/json/reader/JsonWriter.java
Java,300-1000,netplex-json-smart-v1,cc33a61dd934b21204153db3a4898ea4399f1cb1,json-smart/src/main/java/net/minidev/json/reader/JsonWriter.java,json-smart/src/main/java/net/minidev/json/reader/JsonWriter.java
Java,300-1000,netplex-json-smart-v2,5efc9abca40632b3a95cce9222f2ae5fc8767bfb,accessors-smart/src/main/java/net/minidev/asm/DefaultConverter.java,accessors-smart/src/main/java/net/minidev/asm/DefaultConverter.java
Java,300-1000,netplex-json-smart-v2,5efc9abca40632b3a95cce9222f2ae5fc8767bfb,json-smart/src/main/java/net/minidev/json/JStylerObj.java,json-smart/src/main/java/net/minidev/json/JStylerObj.java
Java,300-1000,openjdk-jmh,4cd4c159b70c126dd69a1ff63465641f28095afa,jmh-core/src/main/java/org/openjdk/jmh/infra/Blackhole.java,jmh-core/src/main/java/org/openjdk/jmh/infra/Blackhole.java
Java,300-1000,openjdk-jol,153c1559cdf6b43b63ea1b0085cd09694ac82c4a,jol-core/src/main/java/org/openjdk/jol/layouters/HotSpotLayouter.java,jol-core/src/main/java/org/openjdk/jol/layouters/HotSpotLayouter.java
Java,300-1000,openjdk-jol,5ec187a6d38443604221a63abec39c545d4d1674,jol-core/src/main/java/org/openjdk/jol/info/GraphLayout.java,jol-core/src/main/java/org/openjdk/jol/info/GraphLayout.java
Java,300-1000,oracle-visualvm,6ab518a451635a0159360ad2e4a502986e2dec85,visualvm/libs.profiler/lib.profiler.ui/src/org/graalvm/visualvm/lib/ui/memory/LivenessResultsPanel.java,visualvm/libs.profiler/lib.profiler.ui/src/org/graalvm/visualvm/lib/ui/memory/LivenessResultsPanel.java
Java,300-1000,oracle-visualvm,6ab518a451635a0159360ad2e4a502986e2dec85,visualvm/libs.profiler/profiler.snaptracer/src/org/graalvm/visualvm/lib/profiler/snaptracer/impl/timeline/TimelineSupport.java,visualvm/libs.profiler/profiler.snaptracer/src/org/graalvm/visualvm/lib/profiler/snaptracer/impl/timeline/TimelineSupport.java
Java,300-1000,oracle-visualvm,cceb2ef352bff62d45810379a461709d467eaded,visualvm/libs.profiler/lib.profiler.ui/src/org/graalvm/visualvm/lib/ui/cpu/CPUTreeTableView.java,visualvm/libs.profiler/lib.profiler.ui/src/org/graalvm/visualvm/lib/ui/cpu/CPUTreeTableView.java
Java,300-1000,oracle-visualvm,cceb2ef352bff62d45810379a461709d467eaded,visualvm/libs.profiler/lib.profiler.ui/src/org/graalvm/visualvm/lib/ui/memory/LiveReverseMemCallGraphPanel.java,visualvm/libs.profiler/lib.profiler.ui/src/org/graalvm/visualvm/lib/ui/memory/LiveReverseMemCallGraphPanel.java
Java,300-1000,oracle-visualvm,fbe9aca7a3fb039da7aa26d83038f1533524486e,visualvm/jfr.jdk11/src/org/graalvm/visualvm/jfr/jdk11/model/impl/DisplayableSupport.java,visualvm/jfr.jdk11/src/org/graalvm/visualvm/jfr/jdk11/model/impl/DisplayableSupport.java
Java,300-1000,oracle-visualvm,fbe9aca7a3fb039da7aa26d83038f1533524486e,visualvm/libs.profiler/lib.profiler.ui/src/org/graalvm/visualvm/lib/ui/swing/renderer/LabelRenderer.java,visualvm/libs.profiler/lib.profiler.ui/src/org/graalvm/visualvm/lib/ui/swing/renderer/LabelRenderer.java
Java,300-1000,pdftk-java-pdftk,202a9d96eb2aa40fc55c2d71817656715b6f4128,java/com/gitlab/pdftk_java/com/lowagie/text/pdf/PdfChunk.java,java/com/gitlab/pdftk_java/com/lowagie/text/pdf/PdfChunk.java
Java,300-1000,pdftk-java-pdftk,f5a7e3e86af59ff8c9e441e9d892b95b7d316a5f,java/com/gitlab/pdftk_java/com/lowagie/text/pdf/Type1Font.java,java/com/gitlab/pdftk_java/com/lowagie/text/pdf/Type1Font.java
Java,300-1000,qos-ch-reload4j,6a5047bef1af4987bf2562dec47a6ddcb7eb4733,src/main/java/org/apache/log4j/Hierarchy.java,src/main/java/org/apache/log4j/Hierarchy.java
Java,300-1000,qos-ch-reload4j,6a5047bef1af4987bf2562dec47a6ddcb7eb4733,src/main/java/org/apache/log4j/NDC.java,src/main/java/org/apache/log4j/NDC.java
Java,300-1000,qos-ch-reload4j,789a2b07685be8abca60b0661442bf20166960e0,src/main/java/org/apache/log4j/EnhancedPatternLayout.java,src/main/java/org/apache/log4j/EnhancedPatternLayout.java
Java,300-1000,ronmamo-reflections,1f05c178131b252b787e0c89f43feab3b370295b,src/main/java/org/reflections/ReflectionUtils.java,src/main/java/org/reflections/ReflectionUtils.java
Java,300-1000,ronmamo-reflections,5ff7a1d366e8656dfa0f2f476991b558b037e919,src/main/java/org/reflections/Reflections.java,src/main/java/org/reflections/Reflections.java
Java,300-1000,ronmamo-reflections,82b5dbc608d1a559417e3806874e5cbd06882701,src/main/java/org/reflections/Reflections.java,src/main/java/org/reflections/Reflections.java
Java,300-1000,ronmamo-reflections,f5d5018b26b8240139914a0f620c1495cf7c57a2,src/main/java/org/reflections/Reflections.java,src/main/java/org/reflections/Reflections.java
Java,300-1000,rundeck-rundeck-cli,70553c2301a92a6fb0848fbf432ea90fb879c469,rd-cli-tool/src/main/java/org/rundeck/client/tool/commands/Jobs.java,rd-cli-tool/src/main/java/org/rundeck/client/tool/commands/Jobs.java
Java,300-1000,shrinkwrap-shrinkwrap,7c5a5916ae60bd5143d9038bf083dbd2879d9c6f,impl-base/src/test/java/org/jboss/shrinkwrap/impl/base/exporter/StreamExporterTestBase.java,impl-base/src/test/java/org/jboss/shrinkwrap/impl/base/exporter/StreamExporterTestBase.java
Java,300-1000,sparklemotion-nokogiri,746e804e954a7e127b9d59165cabbcb54b3726bd,ext/java/nokogiri/internals/c14n/NameSpaceSymbTable.java,ext/java/nokogiri/internals/c14n/NameSpaceSymbTable.java
Java,300-1000,stathissideris-ditaa,d1533a112139e2a78d38e4bb62b07cd9c9c1732c,src/org/stathissideris/ascii2image/graphics/BitmapRenderer.java,src/org/stathissideris/ascii2image/graphics/BitmapRenderer.java
Java,300-1000,stefanbirkner-system-rules,1f754f4b4b7946ebd7208efb64d9eb2943961bfb,src/test/java/org/junit/contrib/java/lang/system/internal/NoExitSecurityManagerTest.java,src/test/java/org/junit/contrib/java/lang/system/internal/NoExitSecurityManagerTest.java
Java,300-1000,stefanbirkner-system-rules,9f8ef1d878173263ead4abc44fd77bb80004c4ab,src/test/java/org/junit/contrib/java/lang/system/SystemErrRuleTest.java,src/test/java/org/junit/contrib/java/lang/system/SystemErrRuleTest.java
Java,300-1000,stefanbirkner-system-rules,ee586f1d64fd72871e0f3c7c86e9442c0f5c0877,src/test/java/org/junit/contrib/java/lang/system/internal/NoExitSecurityManagerTest.java,src/test/java/org/junit/contrib/java/lang/system/internal/NoExitSecurityManagerTest.java
Java,300-1000,unbescape-unbescape,9ff17a7ec2fead90cedba65800b3ccb37e33629e,src/main/java/org/unbescape/xml/XmlEscapeSymbols.java,src/main/java/org/unbescape/xml/XmlEscapeSymbols.java
Java,300-1000,unicode-org-icu,275b3696dcce018027775a40f18294ddfb735d2e,icu4j/main/core/src/main/java/com/ibm/icu/impl/ICULocaleService.java,icu4j/main/core/src/main/java/com/ibm/icu/impl/ICULocaleService.java
Java,300-1000,vdr-projects-vdr-plugin-vdrmanager,2692564bfe18978ceb2b5fa4e9237113ae300176,vdrmanager/de.bjusystems.vdrmanager/src/main/java/de/bjusystems/vdrmanager/remote/RemoteActivity.java,vdrmanager/de.bjusystems.vdrmanager/src/main/java/de/bjusystems/vdrmanager/remote/RemoteActivity.java
Java,300-1000,vdr-projects-vdr-plugin-vdrmanager,5ab0feb9daf73aced88e946ef6bc5b5a38fa99b0,vdrmanager/de.bjusystems.vdrmanager/src/main/java/de/bjusystems/vdrmanager/data/Preferences.java,vdrmanager/de.bjusystems.vdrmanager/src/main/java/de/bjusystems/vdrmanager/data/Preferences.java
Java,300-1000,vdr-projects-vdr-plugin-vdrmanager,c2ce599d38e1ea8027df0fb7b5b76d0d42432db5,vdrmanager/de.bjusystems.vdrmanager/src/main/java/de/bjusystems/vdrmanager/gui/VdrManagerActivity.java,vdrmanager/de.bjusystems.vdrmanager/src/main/java/de/bjusystems/vdrmanager/gui/VdrManagerActivity.java
Java,300-1000,wrandelshofer-FastDoubleParser,5c97216dd7f10eecd7c698aaf1cde02f62187be2,fastdoubleparser-dev/src/main/java/ch.randelshofer.fastdoubleparser/ch/randelshofer/fastdoubleparser/AbstractJavaFloatingPointBitsFromByteArray.java,fastdoubleparser-dev/src/main/java/ch.randelshofer.fastdoubleparser/ch/randelshofer/fastdoubleparser/AbstractJavaFloatingPointBitsFromByteArray.java
Java,300-1000,wrandelshofer-FastDoubleParser,75d8ee1839216c6ceab0212388809b51625ebf39,fastdoubleparserdemo-dev/src/main/java/ch.randelshofer.fastdoubleparserdemo/ch/randelshofer/fastdoubleparserdemo/Main.java,fastdoubleparserdemo-dev/src/main/java/ch.randelshofer.fastdoubleparserdemo/ch/randelshofer/fastdoubleparserdemo/Main.java
Java,300-1000,wrandelshofer-FastDoubleParser,7a3ae60486be581d1b3f3ffdf5961dced1a22e9e,fastdoubleparser-dev/src/main/java/ch.randelshofer.fastdoubleparser/ch/randelshofer/fastdoubleparser/AbstractJavaFloatingPointBitsFromByteArray.java,fastdoubleparser-dev/src/main/java/ch.randelshofer.fastdoubleparser/ch/randelshofer/fastdoubleparser/AbstractJavaFloatingPointBitsFromByteArray.java
Java,300-1000,wrandelshofer-FastDoubleParser,7a3ae60486be581d1b3f3ffdf5961dced1a22e9e,fastdoubleparser-dev/src/main/java/ch.randelshofer.fastdoubleparser/ch/randelshofer/fastdoubleparser/AbstractJavaFloatingPointBitsFromCharSequence.java,fastdoubleparser-dev/src/main/java/ch.randelshofer.fastdoubleparser/ch/randelshofer/fastdoubleparser/AbstractJavaFloatingPointBitsFromCharSequence.java
Java,300-1000,wrandelshofer-FastDoubleParser,fe4942f5d6a412957308d98cc31f5c0e78da08d0,fastdoubleparser-dev/src/main/java/ch.randelshofer.fastdoubleparser/ch/randelshofer/fastdoubleparser/AbstractConfigurableFloatingPointBitsFromCharSequence.java,fastdoubleparser-dev/src/main/java/ch.randelshofer.fastdoubleparser/ch/randelshofer/fastdoubleparser/AbstractConfigurableFloatingPointBitsFromCharSequence.java
Java,300-1000,xerial-xerial-java,0b0e405de1bf93a5c3843c251d44e1b7767ba1f1,xerial-core/src/main/java/org/xerial/util/io/BufferedScanner.java,xerial-core/src/main/java/org/xerial/util/io/BufferedScanner.java
Java,300-1000,xerial-xerial-java,859b6fc6e0ff64621b8dcf9cf580da3009bea528,xerial-core/src/main/java/org/xerial/json/JSONPullParser.java,xerial-core/src/main/java/org/xerial/json/JSONPullParser.java
Java,300-1000,xerial-xerial-java,b355003e30b2a537050c0403951ff748944574e1,xerial-json/src/main/java/org/xerial/json/JSONPullParser.java,xerial-json/src/main/java/org/xerial/json/JSONPullParser.java
Java,300-1000,xmlark-msv,c381853eae1eb335bf1b8354de6699be78ae1211,msv/src/main/java/com/sun/msv/driver/textui/Driver.java,msv/src/main/java/com/sun/msv/driver/textui/Driver.java
Java,300-1000,ymnk-jzlib,4e8004f655b38ade7086f0bcbee61b536a9da8f8,src/main/java/com/jcraft/jzlib/Inflate.java,src/main/java/com/jcraft/jzlib/Inflate.java
Java,300-1000,zeroc-ice-ice,59049d585865f74326e1ff85103de4f9491106f6,java/src/com.zeroc.ice/src/main/java/com/zeroc/Ice/ProxyOutgoingAsyncBase.java,java/src/com.zeroc.ice/src/main/java/com/zeroc/Ice/ProxyOutgoingAsyncBase.java
Java,300-1000,zeromq-jeromq,c1e3aad1217dcb1c48238fc5f6feb7cff55cabc0,src/main/java/org/zeromq/ZMsg.java,src/main/java/org/zeromq/ZMsg.java
Java,300-1000,zeromq-jeromq,e5dbd6b6e79524ff8b7dc9af4f038ba737ed92bf,src/test/java/guide/mdbroker.java,src/test/java/guide/mdbroker.java
Java,300-1000,zeromq-jeromq,fe63a1f11516aa78a679605c47db42f3846e9084,src/test/java/org/zeromq/ZMonitorTest.java,src/test/java/org/zeromq/ZMonitorTest.java
Java,3000+,ATLauncher-ATLauncher,2aa0323822b95cb12c8aea5480b95a33f6dc87e4,src/main/java/com/atlauncher/workers/InstanceInstaller.java,src/main/java/com/atlauncher/workers/InstanceInstaller.java
Java,3000+,ATLauncher-ATLauncher,a05e192758802bdde36e4c9cd775d93df5fb25b8,src/main/java/com/atlauncher/workers/InstanceInstaller.java,src/main/java/com/atlauncher/workers/InstanceInstaller.java
Java,3000+,TurboVNC-turbovnc,e3bc459268cbdfcee8ac52aaabac7bfad4092825,java/com/turbovnc/vncviewer/CConn.java,java/com/turbovnc/vncviewer/CConn.java
Java,3000+,antlr-stringtemplate3,0d6683e79a478e8aa7316c2087c189a016cc4e20,src/org/antlr/stringtemplate/test/TestStringTemplate.java,src/org/antlr/stringtemplate/test/TestStringTemplate.java
Java,3000+,antlr-stringtemplate3,194d01362170ff0c097eccb3c9b873e1fd48d30d,test/org/antlr/stringtemplate/test/TestStringTemplate.java,test/org/antlr/stringtemplate/test/TestStringTemplate.java
Java,3000+,antlr-stringtemplate3,2819661e651ce395375353c2273350e5f375a361,src/org/antlr/stringtemplate/test/TestStringTemplate.java,src/org/antlr/stringtemplate/test/TestStringTemplate.java
Java,3000+,antlr-stringtemplate3,2b0db96d50201f1f5afe0a4d6c7a5c51d52dcab5,src/org/antlr/stringtemplate/test/TestStringTemplate.java,src/org/antlr/stringtemplate/test/TestStringTemplate.java
Java,3000+,antlr-stringtemplate3,2e104fac46992912e4ceb760dce4188f8a7f683e,src/org/antlr/stringtemplate/test/TestStringTemplate.java,src/org/antlr/stringtemplate/test/TestStringTemplate.java
Java,3000+,antlr-stringtemplate3,42dd07a17e23683c337f8c0963342b703353bde4,test/org/antlr/stringtemplate/test/TestStringTemplate.java,test/org/antlr/stringtemplate/test/TestStringTemplate.java
Java,3000+,antlr-stringtemplate3,73132a0ef80183f964ec3e32ef1780687419bfa3,src/org/antlr/stringtemplate/test/TestStringTemplate.java,src/org/antlr/stringtemplate/test/TestStringTemplate.java
Java,3000+,antlr-stringtemplate3,77d5700d97f1087bd5c525d5ae25b7a5308272b1,test/org/antlr/stringtemplate/test/TestStringTemplate.java,test/org/antlr/stringtemplate/test/TestStringTemplate.java
Java,3000+,antlr-stringtemplate3,7a429870a05923d8e63658571dcab8d79d788466,src/org/antlr/stringtemplate/test/TestStringTemplate.java,src/org/antlr/stringtemplate/test/TestStringTemplate.java
Java,3000+,antlr-stringtemplate3,bb0a5791c6d93626a74d163afc57f750806efa00,test/org/antlr/stringtemplate/test/TestStringTemplate.java,test/org/antlr/stringtemplate/test/TestStringTemplate.java
Java,3000+,antlr-stringtemplate3,f9f8c84d04ac44a669fc51d5956ee2e2fabf6ec0,test/org/antlr/stringtemplate/test/TestStringTemplate.java,test/org/antlr/stringtemplate/test/TestStringTemplate.java
Java,3000+,bndtools-bnd,f90f5b04420418b06619c03cfab2e02f49036bcd,biz.aQute.bndlib/src/aQute/bnd/build/Project.java,biz.aQute.bndlib/src/aQute/bnd/build/Project.java
Java,3000+,brettwooldridge-SparseBitSet,5bc391305c7398a3be4d255dfd1f5fffbf310b6d,src/main/java/com/zaxxer/sparsebits/SparseBitSet.java,src/main/java/com/zaxxer/sparsebits/SparseBitSet.java
Java,3000+,brettwooldridge-SparseBitSet,cc7b16f6328df8ce5c8ef74c92e8c72b193de2fa,src/main/java/com/zaxxer/sparsebits/SparseBitSet.java,src/main/java/com/zaxxer/sparsebits/SparseBitSet.java
Java,3000+,cutelyaware-magiccube4d,8ff98f0366783f333e3df86da2c965b979786ebc,src/com/donhatchsw/util/CSG.java,src/com/donhatchsw/util/CSG.java
Java,3000+,cutelyaware-magiccube4d,a3fe032dcef8fe4eb1c0fd04541386373ce29c2d,src/com/donhatchsw/util/CSG.java,src/com/donhatchsw/util/CSG.java
Java,3000+,cutelyaware-magiccube4d,a937f3115bab0d23837b86009ad7b86ad5a2a9fd,src/com/donhatchsw/util/VecMath.java,src/com/donhatchsw/util/VecMath.java
Java,3000+,cutelyaware-magiccube4d,eeb38798e8629b232c031b3de13f7a71af94eeb7,src/com/donhatchsw/util/CSG.java,src/com/donhatchsw/util/CSG.java
Java,3000+,eclipse-aspectj-aspectj,796f794c85150db35c32197248b97bda4a3949af,org.aspectj.ajdt.core/src/main/java/org/aspectj/org/eclipse/jdt/core/dom/AjASTConverter.java,org.aspectj.ajdt.core/src/main/java/org/aspectj/org/eclipse/jdt/core/dom/AjASTConverter.java
Java,3000+,eclipse-aspectj-aspectj,eb56b6e84e24e58f318fb92479f9d9e6fa4c866f,tests/src/test/java/org/aspectj/systemtest/incremental/tools/MultiProjectIncrementalTests.java,tests/src/test/java/org/aspectj/systemtest/incremental/tools/MultiProjectIncrementalTests.java
Java,3000+,eclipse-ee4j-jsonp,79f57be1aa42c7982cebbff51dafcb3a660ace9b,tck/tck-tests/src/main/java/ee/jakarta/tck/jsonp/api/jsonreadertests/ClientTests.java,tck/tck-tests/src/main/java/jakarta/jsonp/tck/api/jsonreadertests/ClientTests.java
Java,3000+,eclipse-jdt-eclipse.jdt.core,a6af724bba7dffe7c31fb18e1b3c1b16b107607a,org.eclipse.jdt.core.compiler.batch/src/org/eclipse/jdt/internal/compiler/lookup/Scope.java,org.eclipse.jdt.core.compiler.batch/src/org/eclipse/jdt/internal/compiler/lookup/Scope.java
Java,3000+,elharo-xom,5057f8dd595ebaa6791e82da618e4e0a2e78584e,src/nu/xom/tests/BuilderTest.java,src/nu/xom/tests/BuilderTest.java
Java,3000+,google-j2objc,711f8f6b3c0ab5d9f2313f814fbe9c4041d4a46f,translator/src/test/java/com/google/devtools/j2objc/gen/StatementGeneratorTest.java,translator/src/test/java/com/google/devtools/j2objc/gen/StatementGeneratorTest.java
Java,3000+,google-j2objc,f1ba4eed64cfccbc8c7790e585c98c9d7edcc1d7,translator/src/test/java/com/google/devtools/j2objc/gen/StatementGeneratorTest.java,translator/src/test/java/com/google/devtools/j2objc/gen/StatementGeneratorTest.java
Java,3000+,hunterhacker-jdom,35c93b74f8fece42a9e174f2be331e2c8e00ec8b,test/src/java/org/jdom2/test/cases/TestElement.java,test/src/java/org/jdom2/test/cases/TestElement.java
Java,3000+,hunterhacker-jdom,9b36948e376dd8dd4f39b3f42255955a2e5002bf,test/src/java/org/jdom2/test/cases/TestElement.java,test/src/java/org/jdom2/test/cases/TestElement.java
Java,3000+,hyphanet-fred,0b520d1a1e6b524397ccec0aa94854d03c1129a8,src/freenet/client/filter/CSSTokenizerFilter.java,src/freenet/client/filter/CSSTokenizerFilter.java
Java,3000+,hyphanet-fred,0df4cb302cf4f7e9c5abf1d54c8ee4b75b1858c0,src/freenet/node/PeerNode.java,src/freenet/node/PeerNode.java
Java,3000+,hyphanet-fred,2e8481f4b45b6ebd86c621c17668b3767cabcada,src/freenet/node/PeerNode.java,src/freenet/node/PeerNode.java
Java,3000+,hyphanet-fred,300cd072f02b533f8b7cefd761fd9fb9d6916e56,src/freenet/client/filter/CSSTokenizerFilter.java,src/freenet/client/filter/CSSTokenizerFilter.java
Java,3000+,hyphanet-fred,44d057ba3fe8e7707528ba9231311482fabc35a1,src/freenet/client/filter/CSSTokenizerFilter.java,src/freenet/client/filter/CSSTokenizerFilter.java
Java,3000+,hyphanet-fred,52051bee50583e5c15dbc1b9ad6b7c6291a5befe,src/freenet/node/NodeStats.java,src/freenet/node/NodeStats.java
Java,3000+,hyphanet-fred,578dad3a4a38a7f8408545a552182879df7e5ac5,src/freenet/node/Node.java,src/freenet/node/Node.java
Java,3000+,hyphanet-fred,58545eb3eccbfaa40781e718f4e073f8df38de7b,src/freenet/node/PeerNode.java,src/freenet/node/PeerNode.java
Java,3000+,hyphanet-fred,59f0b6c3703938fa87ea89f9802938c2f52b038f,src/freenet/node/Node.java,src/freenet/node/Node.java
Java,3000+,hyphanet-fred,5ad394b38bd69ca33fbc5e77279e0e475d2eb6b8,src/freenet/node/Node.java,src/freenet/node/Node.java
Java,3000+,hyphanet-fred,5dfe3075644b436531fde1f98355f97e4fc57eb2,src/freenet/client/filter/CSSTokenizerFilter.java,src/freenet/client/filter/CSSTokenizerFilter.java
Java,3000+,hyphanet-fred,77623ef7861c1008193ede4cf0f1bf49ba56d8c2,src/freenet/client/filter/CSSTokenizerFilter.java,src/freenet/client/filter/CSSTokenizerFilter.java
Java,3000+,hyphanet-fred,77b70625276b7ed6073031d78da8b59d105c6726,src/freenet/client/filter/HTMLFilter.java,src/freenet/client/filter/HTMLFilter.java
Java,3000+,hyphanet-fred,77b70625276b7ed6073031d78da8b59d105c6726,src/freenet/node/Node.java,src/freenet/node/Node.java
Java,3000+,hyphanet-fred,7bde2d4bb931ac7781180123d49d4242a3350f35,src/freenet/node/Node.java,src/freenet/node/Node.java
Java,3000+,hyphanet-fred,89c6521ab798cf04894d822e240bda176132a2c0,src/freenet/client/filter/HTMLFilter.java,src/freenet/client/filter/HTMLFilter.java
Java,3000+,hyphanet-fred,a33d4434d769626b30ac4ea67a0923daa96837be,src/freenet/node/Node.java,src/freenet/node/Node.java
Java,3000+,hyphanet-fred,b4d5b8328cae532a52b4a83afc165f4b3975e16b,src/freenet/client/filter/CSSTokenizerFilter.java,src/freenet/client/filter/CSSTokenizerFilter.java
Java,3000+,hyphanet-fred,b5860bb0baa7d667e38460d8d5c06763946a0b42,src/freenet/client/filter/HTMLFilter.java,src/freenet/client/filter/HTMLFilter.java
Java,3000+,hyphanet-fred,bb82179932f96eca1fbd6fbd6e27bf41cc851803,src/freenet/node/Node.java,src/freenet/node/Node.java
Java,3000+,hyphanet-fred,bf35aa000093727c8c4ebea885aae33b2f2895b3,src/freenet/node/Node.java,src/freenet/node/Node.java
Java,3000+,hyphanet-fred,c0b666deb69519d90be9a2af1b3087e5e7b70b5e,src/freenet/client/filter/HTMLFilter.java,src/freenet/client/filter/HTMLFilter.java
Java,3000+,hyphanet-fred,cb162b7aaddce289f7500cd0d038f4eea6357c8f,src/freenet/client/filter/CSSTokenizerFilter.java,src/freenet/client/filter/CSSTokenizerFilter.java
Java,3000+,hyphanet-fred,cb4221eda85848263c765ee2ff62a385b7b791a1,src/freenet/node/PeerNode.java,src/freenet/node/PeerNode.java
Java,3000+,hyphanet-fred,e0122a71702ce9da4565d720033c6d64a0b37612,src/freenet/node/PeerNode.java,src/freenet/node/PeerNode.java
Java,3000+,hyphanet-fred,e750a636fb80219bdbc3ce912ea3e53788098567,src/freenet/node/PeerNode.java,src/freenet/node/PeerNode.java
Java,3000+,hyphanet-fred,ee550115d66fb22194d4687c2e0073ed67e754f7,src/freenet/client/filter/CSSTokenizerFilter.java,src/freenet/client/filter/CSSTokenizerFilter.java
Java,3000+,hyphanet-fred,f7fa0c490f2a7d8a20ec8c23cbb95229a59298fb,src/freenet/node/NodeStats.java,src/freenet/node/NodeStats.java
Java,3000+,hyphanet-fred,fdc6f6f5ebaddf35f7a16fa0ff10a66acf689b5e,src/freenet/node/NodeStats.java,src/freenet/node/NodeStats.java
Java,3000+,hyphanet-fred,ff1d448c0d111f48146af7bfafde468643304fed,src/freenet/client/filter/HTMLFilter.java,src/freenet/client/filter/HTMLFilter.java
Java,3000+,jai-imageio-jai-imageio-core,a661e7d9627390d536813032c8cda9b355a7f030,src/main/java/com/github/jaiimageio/impl/plugins/tiff/TIFFImageWriter.java,src/main/java/com/github/jaiimageio/impl/plugins/tiff/TIFFImageWriter.java
Java,3000+,jai-imageio-jai-imageio-core,b2b062078a308e783454fbba0b058af765132aa8,src/main/java/com/github/jaiimageio/impl/plugins/tiff/TIFFImageWriter.java,src/main/java/com/github/jaiimageio/impl/plugins/tiff/TIFFImageWriter.java
Java,3000+,jai-imageio-jai-imageio-core,c44bfb5501ec0f628d428a5aaf1e06112efbe750,src/main/java/com/github/jaiimageio/impl/plugins/tiff/TIFFImageWriter.java,src/main/java/com/github/jaiimageio/impl/plugins/tiff/TIFFImageWriter.java
Java,3000+,jai-imageio-jai-imageio-jpeg2000,8ff1ebc0ea198f77b831d31af8c471d17fa806c6,src/main/java/jj2000/j2k/entropy/encoder/StdEntropyCoder.java,src/main/java/jj2000/j2k/entropy/encoder/StdEntropyCoder.java
Java,3000+,java-native-access-jna,0e01083072b2cd58cee42d0712a4c8eb7c2c2925,contrib/platform/src/com/sun/jna/platform/win32/WinNT.java,contrib/platform/src/com/sun/jna/platform/win32/WinNT.java
Java,3000+,java-native-access-jna,feb9c33bd1349d6cf90bb1d607ac98b39b63a137,contrib/platform/src/com/sun/jna/platform/win32/WinNT.java,contrib/platform/src/com/sun/jna/platform/win32/WinNT.java
Java,3000+,javacc-javacc,861f6ad0c2ffae5d135114a00e48d6bd6c50e545,src/main/java/org/javacc/parser/NfaState.java,src/main/java/org/javacc/parser/NfaState.java
Java,3000+,jline-jline2,0e2590c1a5c600fb51b78e57925f98be8a021bc1,src/main/java/jline/console/ConsoleReader.java,src/main/java/jline/console/ConsoleReader.java
Java,3000+,jline-jline2,317ba4c84905764b3ef0fc623fcc6cec67eb29a1,src/main/java/jline/console/ConsoleReader.java,src/main/java/jline/console/ConsoleReader.java
Java,3000+,jline-jline2,3f35df5f75f048e896d44c5529a98a24541d079d,src/main/java/jline/console/ConsoleReader.java,src/main/java/jline/console/ConsoleReader.java
Java,3000+,jline-jline2,5d3842724cdfd102cd817756e5d608f01e15d4b2,src/main/java/jline/console/ConsoleReader.java,src/main/java/jline/console/ConsoleReader.java
Java,3000+,jline-jline2,7733222ef5c81cc0e4b6141ee076edf43749ff07,src/main/java/jline/console/ConsoleReader.java,src/main/java/jline/console/ConsoleReader.java
Java,3000+,jline-jline2,8beae1a471aef17e4c721021ea4be3be918da37f,src/main/java/jline/console/ConsoleReader.java,src/main/java/jline/console/ConsoleReader.java
Java,3000+,jline-jline2,c5492c8f76dceddf4a1b595a7eb108c9ccb6820d,src/main/java/jline/console/ConsoleReader.java,src/main/java/jline/console/ConsoleReader.java
Java,3000+,jline-jline2,c98fbcab077eb06b17d1fc95110714d110b5dba5,src/main/java/jline/console/ConsoleReader.java,src/main/java/jline/console/ConsoleReader.java
Java,3000+,jline-jline2,dafaea0a365af22b0b5baaeaf00a873087d7711a,src/main/java/jline/console/ConsoleReader.java,src/main/java/jline/console/ConsoleReader.java
Java,3000+,jline-jline2,e8f200ccd344de36ec94fb9606db7709b171cb33,src/main/java/jline/console/ConsoleReader.java,src/main/java/jline/console/ConsoleReader.java
Java,3000+,jline-jline2,f610cf247fd05613bf095b456ace47e724fcebca,src/main/java/jline/console/ConsoleReader.java,src/main/java/jline/console/ConsoleReader.java
Java,3000+,jnr-jnr-x86asm,777d99dc896976ebf236a33418787d1b7f4cfb29,src/main/java/jnr/x86asm/SerializerIntrinsics.java,src/main/java/com/kenai/jnr/x86asm/SerializerIntrinsics.java
Java,3000+,jnr-jnr-x86asm,ab2e98398f3192dbc436335a4b73c3f8146d8d57,src/com/kenai/jnr/x86asm/SerializerIntrinsics.java,src/com/kenai/jnr/x86asm/SerializerIntrinsics.java
Java,3000+,mikaelgrev-miglayout,1396476ffc6100c5352db5cc83134861593360a5,demo/src/main/java/net/miginfocom/demo/SwingDemo.java,demo/src/main/java/net/miginfocom/demo/SwingDemo.java
Java,3000+,mockito-mockito,e6682a3805b45117a2743f7cd833926ec91406eb,mockito-core/src/main/java/org/mockito/Mockito.java,mockito-core/src/main/java/org/mockito/Mockito.java
Java,3000+,mozilla-rhino,1afb694729c12b0207090d0a7179a2866050cf09,rhino/src/main/java/org/mozilla/javascript/Parser.java,rhino/src/main/java/org/mozilla/javascript/Parser.java
Java,3000+,mvel-mvel,62c0dddd67c0bbd1b9d4b47da8d5b90b6b9a5781,src/main/java/org/mvel2/optimizers/impl/asm/ASMAccessorOptimizer.java,src/main/java/org/mvel2/optimizers/impl/asm/ASMAccessorOptimizer.java
Java,3000+,mvel-mvel,b418c20592a9e2fcc18895f876f1ea1ac5881ac8,src/test/java/org/mvel2/tests/core/CoreConfidenceTests.java,src/test/java/org/mvel2/tests/core/CoreConfidenceTests.java
Java,3000+,ongres-stringprep,2e1d83057860448d263d20e3facd33808cf8ddab,stringprep/src/main/java/com/ongres/stringprep/Tables.java,stringprep/src/main/java/com/ongres/stringprep/Tables.java
Java,3000+,paul-hammant-qdox,51e94d015de48f415183d176d86c12d1a78de0f1,src/test/java/com/thoughtworks/qdox/parser/ParserTest.java,src/test/java/com/thoughtworks/qdox/parser/ParserTest.java
Java,3000+,pdftk-java-pdftk,202a9d96eb2aa40fc55c2d71817656715b6f4128,java/com/gitlab/pdftk_java/com/lowagie/text/pdf/PdfDocument.java,java/com/gitlab/pdftk_java/com/lowagie/text/pdf/PdfDocument.java
Java,3000+,pdftk-java-pdftk,236db8121e96f98c954d8e91c3f4ed1bcd519d8b,java/com/gitlab/pdftk_java/com/lowagie/text/pdf/PdfReader.java,java/com/gitlab/pdftk_java/com/lowagie/text/pdf/PdfReader.java
Java,3000+,pdftk-java-pdftk,34e9f5fc7c200a6b10f996b163c4320d55f0ccfd,java/com/gitlab/pdftk_java/com/lowagie/text/pdf/PdfReader.java,java/com/gitlab/pdftk_java/com/lowagie/text/pdf/PdfReader.java
Java,3000+,pdftk-java-pdftk,58c31ba95822237b87c1d8fad4b45adcd55feb0f,java/com/gitlab/pdftk_java/com/lowagie/text/pdf/PdfReader.java,java/com/gitlab/pdftk_java/com/lowagie/text/pdf/PdfReader.java
Java,3000+,pdftk-java-pdftk,f5a7e3e86af59ff8c9e441e9d892b95b7d316a5f,java/com/gitlab/pdftk_java/com/lowagie/text/pdf/PdfDocument.java,java/com/gitlab/pdftk_java/com/lowagie/text/pdf/PdfDocument.java
Java,3000+,protocolbuffers-protobuf,de8f3be728ccbee7a7714f297377738884d7db66,java/core/src/main/java/com/google/protobuf/MessageSchema.java,java/core/src/main/java/com/google/protobuf/MessageSchema.java
Java,3000+,protocolbuffers-protobuf.git,de8f3be728ccbee7a7714f297377738884d7db66,java/core/src/main/java/com/google/protobuf/MessageSchema.java,java/core/src/main/java/com/google/protobuf/MessageSchema.java
Java,3000+,remkop-picocli,7f14deb5662e856a6adf77b9765f3bf7125fd43f,src/test/java/picocli/CommandLineTest.java,src/test/java/picocli/CommandLineTest.java
Java,3000+,ruby-concurrency-concurrent-ruby,5d700c5f6afc6984bdd606012282ce90e0498d45,ext/concurrent-ruby/com/concurrent_ruby/ext/jsr166e/ConcurrentHashMapV8.java,ext/concurrent-ruby/com/concurrent_ruby/ext/jsr166e/ConcurrentHashMapV8.java
Java,3000+,sleuthkit-sleuthkit,16dcd47441a3fa2f439c4e8fc204ddc676718776,bindings/java/src/org/sleuthkit/datamodel/SleuthkitCase.java,bindings/java/src/org/sleuthkit/datamodel/SleuthkitCase.java
Java,3000+,sleuthkit-sleuthkit,4868be923d8ef6d24eecee294da74a88f87c73df,bindings/java/src/org/sleuthkit/datamodel/SleuthkitCase.java,bindings/java/src/org/sleuthkit/datamodel/SleuthkitCase.java
Java,3000+,sleuthkit-sleuthkit,6752df2199eaeb1e051138d34cf6064fa1daa4fb,bindings/java/src/org/sleuthkit/datamodel/SleuthkitCase.java,bindings/java/src/org/sleuthkit/datamodel/SleuthkitCase.java
Java,3000+,sleuthkit-sleuthkit,9058a02fa896103161e093187b5e5e7f6a2a90e3,bindings/java/src/org/sleuthkit/datamodel/SleuthkitCase.java,bindings/java/src/org/sleuthkit/datamodel/SleuthkitCase.java
Java,3000+,sleuthkit-sleuthkit,97493a1ff336ceba583a23b16a81088e8419adb7,bindings/java/src/org/sleuthkit/datamodel/SleuthkitCase.java,bindings/java/src/org/sleuthkit/datamodel/SleuthkitCase.java
Java,3000+,sleuthkit-sleuthkit,99c8530f6e89f4def943391a80d00a06c790a615,bindings/java/src/org/sleuthkit/datamodel/SleuthkitCase.java,bindings/java/src/org/sleuthkit/datamodel/SleuthkitCase.java
Java,3000+,stleary-JSON-java,0521928463bbb65c4ca9c4921131469c28ec5308,src/main/java/org/json/JSONObject.java,src/main/java/org/json/JSONObject.java
Java,3000+,stleary-JSON-java,20f520000014ac6e65d0de5b7f7dad93c0e706ba,src/main/java/org/json/JSONObject.java,src/main/java/org/json/JSONObject.java
Java,3000+,stleary-JSON-java,20f520000014ac6e65d0de5b7f7dad93c0e706ba,src/test/java/org/json/junit/JSONObjectTest.java,src/test/java/org/json/junit/JSONObjectTest.java
Java,3000+,stleary-JSON-java,2184ef34d15e983c28e96a19947e34d71effdc5e,src/test/java/org/json/junit/JSONObjectTest.java,src/test/java/org/json/junit/JSONObjectTest.java
Java,3000+,stleary-JSON-java,2550c692cfe32d840431434f531a7735d438c17a,src/main/java/org/json/JSONObject.java,src/main/java/org/json/JSONObject.java
Java,3000+,stleary-JSON-java,42800c208a969d9151af50b64dcdfb7a6cacd9df,src/main/java/org/json/JSONObject.java,src/main/java/org/json/JSONObject.java
Java,3000+,stleary-JSON-java,5063d314a553f79e89a7473e1bc9b3d6438168a6,src/main/java/org/json/JSONObject.java,src/main/java/org/json/JSONObject.java
Java,3000+,stleary-JSON-java,53cfa742a740e278e0928245bf8a20110c6b2ac4,src/main/java/org/json/JSONObject.java,src/main/java/org/json/JSONObject.java
Java,3000+,stleary-JSON-java,7465da858c921a9e8e791bdaa54df35ea89697da,src/test/java/org/json/junit/JSONObjectTest.java,src/test/java/org/json/junit/JSONObjectTest.java
Java,3000+,stleary-JSON-java,7b0d1942b4c172361475bd92c197eea1f13ae5ce,src/main/java/org/json/JSONObject.java,src/main/java/org/json/JSONObject.java
Java,3000+,stleary-JSON-java,7d28955216c9dde9e4617a0abb9b95def69680a0,src/main/java/org/json/JSONObject.java,src/main/java/org/json/JSONObject.java
Java,3000+,stleary-JSON-java,7fc41a6c0ee191c0d201fd95252328238a4555fd,src/main/java/org/json/JSONObject.java,src/main/java/org/json/JSONObject.java
Java,3000+,stleary-JSON-java,83a0e34be5bb572276873bdfd3f5b31da5bc4a48,src/main/java/org/json/JSONObject.java,src/main/java/org/json/JSONObject.java
Java,3000+,stleary-JSON-java,8ccf5d7525487226d7a2362f67a36ca606aa6614,src/main/java/org/json/JSONObject.java,src/main/java/org/json/JSONObject.java
Java,3000+,stleary-JSON-java,9adea9e12de03ec5d548967e7d3bee3ca02f76d7,src/main/java/org/json/JSONObject.java,src/main/java/org/json/JSONObject.java
Java,3000+,stleary-JSON-java,a7c193090a36aecb78a80bfc150260a09f6ec338,src/main/java/org/json/JSONObject.java,src/main/java/org/json/JSONObject.java
Java,3000+,stleary-JSON-java,dadc3e59dc3ae44f678a1d5f1554edb93a5adb80,src/main/java/org/json/JSONObject.java,src/main/java/org/json/JSONObject.java
Java,3000+,stleary-JSON-java,e762629bcc37e4e543e6f53655430b0224a58e28,src/main/java/org/json/JSONObject.java,src/main/java/org/json/JSONObject.java
Java,3000+,stleary-JSON-java,ebc13d66853323ca439749560b5f883f2ca6b583,src/main/java/org/json/JSONObject.java,src/main/java/org/json/JSONObject.java
Java,3000+,stleary-JSON-java,ebd9a17a3bb33d6d0a4b31364a7812fd49708d77,src/main/java/org/json/JSONObject.java,src/main/java/org/json/JSONObject.java
Java,3000+,stleary-JSON-java,f2acf8af6932ad8a46339b8024ee009919c1b7cf,src/main/java/org/json/JSONObject.java,src/main/java/org/json/JSONObject.java
Java,3000+,stleary-JSON-java,f2af220cb47f804f63cd07d67d3c408d24ca29e0,src/main/java/org/json/JSONObject.java,src/main/java/org/json/JSONObject.java
Java,3000+,stleary-JSON-java,f2af220cb47f804f63cd07d67d3c408d24ca29e0,src/test/java/org/json/junit/JSONObjectTest.java,src/test/java/org/json/junit/JSONObjectTest.java
Java,3000+,stleary-JSON-java,fbb6b3158eb186189a1b35e9902f24d0ad8cddbc,src/main/java/org/json/JSONObject.java,src/main/java/org/json/JSONObject.java
Java,3000+,stleary-JSON-java,fd1eee9c3bd20f4ce63b6a1daae58f1c03b5e695,src/test/java/org/json/junit/JSONObjectTest.java,src/test/java/org/json/junit/JSONObjectTest.java
Java,3000+,stleary-JSON-java,fdaeb486edac31c5dd4ae24259ded6b1b4831270,src/main/java/org/json/JSONObject.java,src/main/java/org/json/JSONObject.java
Java,3000+,stleary-JSON-java,fdaeb486edac31c5dd4ae24259ded6b1b4831270,src/test/java/org/json/junit/JSONObjectTest.java,src/test/java/org/json/junit/JSONObjectTest.java
Java,3000+,tokiwa-software-fuzion,664da7327dd800d3601580c871b53571046fbee4,src/dev/flang/fuir/analysis/dfa/DFA.java,src/dev/flang/fuir/analysis/dfa/DFA.java
Java,3000+,tokiwa-software-fuzion,c7be272eef9b625ae62d4ba27e4da92e670e0e9a,src/dev/flang/fuir/analysis/dfa/DFA.java,src/dev/flang/fuir/analysis/dfa/DFA.java
Java,3000+,ultimate-pa-smtinterpol,4d08f425b098fe6c26f1b3f7818961e7a0a4afbc,SMTInterpol/src/de/uni_freiburg/informatik/ultimate/smtinterpol/proof/ProofSimplifier.java,SMTInterpol/src/de/uni_freiburg/informatik/ultimate/smtinterpol/proof/ProofSimplifier.java
Java,3000+,ultimate-pa-smtinterpol,ae7e68ef06942f25e7493682fbb36f25a2641a0d,SMTInterpol/src/de/uni_freiburg/informatik/ultimate/smtinterpol/proof/ProofSimplifier.java,SMTInterpol/src/de/uni_freiburg/informatik/ultimate/smtinterpol/proof/ProofSimplifier.java
Java,3000+,unicode-org-icu,275b3696dcce018027775a40f18294ddfb735d2e,icu4j/main/core/src/main/java/com/ibm/icu/lang/UCharacter.java,icu4j/main/core/src/main/java/com/ibm/icu/lang/UCharacter.java
Java,3000+,vdr-projects-vdr-plugin-vdrmanager,c2ce599d38e1ea8027df0fb7b5b76d0d42432db5,vdrmanager/de.bjusystems.vdrmanager/build/generated/source/r/debug/de/bjusystems/vdrmanager/R.java,vdrmanager/de.bjusystems.vdrmanager/build/generated/source/r/debug/de/bjusystems/vdrmanager/R.java
Java,3000+,zeromq-jeromq,70f33ddb1421c28baa8c44dbd177352d121e01c0,src/main/java/org/zeromq/ZMQ.java,src/main/java/org/zeromq/ZMQ.java
Java,3000+,zeromq-jeromq,84a17bb61c4272f05832a7fbb5883058766f1a67,src/main/java/org/zeromq/ZMQ.java,src/main/java/org/zeromq/ZMQ.java
Java,3000+,zeromq-jeromq,953ec0faed033607eac74df14e99da9e040b3183,src/main/java/org/zeromq/ZMQ.java,src/main/java/org/zeromq/ZMQ.java
Java,3000+,zeromq-jeromq,b4bdc985f4b9f20dd2e2ac9b160a97c506e169e6,jeromq-core/src/main/java/org/zeromq/ZMQ.java,jeromq-core/src/main/java/org/zeromq/ZMQ.java
Java,3000+,zeromq-jeromq,bf67e51e0ca868d34e3f5a288adc4494aed42be2,src/main/java/org/zeromq/ZMQ.java,src/main/java/org/zeromq/ZMQ.java
Java,3000+,zeromq-jeromq,bf83c1def4e71b90cb3e9dadbe163220a2896132,src/main/java/org/zeromq/ZMQ.java,src/main/java/org/zeromq/ZMQ.java
Java,3000+,zeromq-jeromq,d39421ec4b221cf3c1306ca4830fccef04c8f672,src/main/java/org/zeromq/ZMQ.java,src/main/java/org/zeromq/ZMQ.java
