language,size_bucket,repository,commit,path,old_path
C,0-10,BuGlessRB-procmail,98ca67898b3f38ea09f1a0d1119d0794c044f9b6,src/acommon.h,src/acommon.h
C,0-10,DNSSEC-Tools-DNSSEC-Tools,b67bd2e6dea339cdd4b8749b139b5e1e76e60919,dnssec-tools/validator/apps/dnssec-check/DnssecCheckVersion.h,dnssec-tools/validator/apps/dnssec-check/DnssecCheckVersion.h
C,0-10,DadSchoorse-vkBasalt,ee98003229465f9872e983a43a83b8cddc054fce,src/stb_image.c,src/stb_image.c
C,0-10,FiniteSingularity-obs-composite-blur,9e42bb1674124ea9f6a1e43cf265543ee395f108,src/version.h,src/version.h
C,0-10,FiniteSingularity-obs-composite-blur,cd5546fd48ad028d7f18da5ea6fae1fc1e38ebe7,src/version.h,src/version.h
C,0-10,GPUOpen-LibrariesAndSDKs-AMF,ba07d1b3c7c7ee0d846125cffc1d6d78a020c45a,Thirdparty/ffmpeg/ffmpeg/ffmpeg-7.0/arm64/release/include/libavutil/ffversion.h,Thirdparty/ffmpeg/ffmpeg/ffmpeg-6.0/arm64/release/include/libavutil/ffversion.h
C,0-10,GPUOpen-LibrariesAndSDKs-AMF,ba07d1b3c7c7ee0d846125cffc1d6d78a020c45a,Thirdparty/ffmpeg/ffmpeg/ffmpeg-7.0/x64/release/include/libavutil/ffversion.h,Thirdparty/ffmpeg/ffmpeg/ffmpeg-6.0/x64/release/include/libavutil/ffversion.h
C,0-10,Gargaj-Bonzomatic,ffed48262808d6313b3b5debc17b61d593b7bfb1,src/Timer.h,src/Timer.h
C,0-10,GillesDebunne-libQGLViewer,4dd550201ef6b26da4d6549824ec3ab12ee175ed,examples/manipulatedFrame/manipulatedFrame.h,examples/manipulatedFrame/manipulatedFrame.h
C,0-10,KhronosGroup-OpenCOLLADA,42bb94999299dc1d4613346a69f0ccfedf212271,COLLADABaseUtils/include/COLLADABUVersionInfo.h,COLLADABaseUtils/include/COLLADABUVersionInfo.h
C,0-10,LBCrion-sfwbar,a0f5ac779b76bcf779f2f9e8592a396885e965b7,src/ipc/sway.h,src/ipc/sway.h
C,0-10,LukashonakV-cava,85c97d6845e0d9e67adb230fc3d0fb3e3859cbbe,output/raw.h,output/raw.h
C,0-10,OpenCilk-opencilk-project,e8a626b6496c0947be5ddd17e56bb83cab9544b8,clang/test/Cilk/hyper-param-bad.c,clang/test/Cilk/hyper-param-bad.c
C,0-10,PortMidi-portmidi,c455d2d42abc1206e0b9e2f5b76ad1b8c8ff7c1e,pm_linux/pmlinuxalsa.h,pm_linux/pmlinuxalsa.h
C,0-10,Reference-ScaLAPACK-scalapack,8ab1b6ed1ed7630a4c166d548fd7a3bc62784bb2,BLACS/SRC/BI_cMPI_amn.c,BLACS/SRC/BI_cMPI_amn.c
C,0-10,Reference-ScaLAPACK-scalapack,8ab1b6ed1ed7630a4c166d548fd7a3bc62784bb2,BLACS/SRC/BI_cMPI_sum.c,BLACS/SRC/BI_cMPI_sum.c
C,0-10,Reference-ScaLAPACK-scalapack,8ab1b6ed1ed7630a4c166d548fd7a3bc62784bb2,BLACS/SRC/BI_iMPI_amn.c,BLACS/SRC/BI_iMPI_amn.c
C,0-10,SUSE-clang-extract,8344124f604e2ef9202177f5b9ed61962a37c4dc,testsuite/includes/rewrite-4.c,testsuite/includes/rewrite-4.c
C,0-10,Samsung-netcoredbg,83214c3993c052a0ccb8854b913e028c5e365bc6,src/version.h,src/version.h
C,0-10,Trepan-Debuggers-remake,20f1931b4f90b9a4bd3ca999f75c29a53ddb68e7,libdebugger/command/help/shell.h,libdebugger/command/help/shell.h
C,0-10,Trepan-Debuggers-remake,89a0a172a19054643eae949150ebb1b8b31d8941,src/debugger/command/help/load.h,src/debugger/command/help/load.h
C,0-10,VirtualGL-virtualgl,efff6ac62cab008da11221ca91f15d2735e509e9,server/fltk/src/mediumarrow.h,server/fltk/src/mediumarrow.h
C,0-10,Yoshimi-yoshimi,06331b4e7397609449fd08e10addfa18796278a9,src/Misc/ConfBuild.h,src/Misc/ConfBuild.h
C,0-10,Yoshimi-yoshimi,3be4b474d9041c8798a59fb116c37eb0f3a6259b,src/Misc/ConfBuild.h,src/Misc/ConfBuild.h
C,0-10,Yoshimi-yoshimi,8badb9f5673c2052c9b6fa234423c8f96a36515c,src/Misc/ConfBuild.h,src/Misc/ConfBuild.h
C,0-10,Yoshimi-yoshimi,a0fdeef81567d54a30a268a8505d202aeda204f5,src/Misc/ConfBuild.h,src/Misc/ConfBuild.h
C,0-10,ampl-asl,adf176e687946b61b9c3efddeb8468bc0dfa5dfa,src/solvers/asldate.c,src/solvers/asldate.c
C,0-10,arminbiere-kissat,8174f940565b02716cf37acb04f0bad8dcd334ff,src/learn.h,src/learn.h
C,0-10,asmjit-asmjit,2ff454d41555d16d0759e4d0e95ade3c875b615e,src/asmjit/asmjit-scope-end.h,src/asmjit/asmjit-scope-end.h
C,0-10,baduhai-Koi,e3fe42ef25073f206741db10cad31d43aa289f3f,src/plugins/colorscheme.h,src/plugins/colorscheme.h
C,0-10,bhaak-vilistextum,6331152c439cecaf53e035569d40e5839e993d58,src/latin1.h,src/latin1.h
C,0-10,bhaak-vilistextum,6331152c439cecaf53e035569d40e5839e993d58,src/microsoft.h,src/microsoft.h
C,0-10,bmc-daemonize,728b6988297d5280d659abe98f318ba3a1b38543,version.h,version.h
C,0-10,canonical-dqlite,a7dbde52b7f3a8ecf8a68982df7bd5a0f163c3ed,test/raft/unit/main_core.c,test/raft/unit/main_core.c
C,0-10,cc65-cc65,34bb14bc6ec813b5530795851608c7d91c12b4fb,libsrc/rp6502/stdin_opt.c,libsrc/rp6502/stdin_opt.c
C,0-10,chewing-ibus-chewing,ff28714e2854a038dcdfc83750c067ca5e7d8010,test/test-util.h,test/test-util.h
C,0-10,cvxopt-cvxopt,96d58ae35084bd243bf8aa26b38390f3ca4f70e2,src/C/SuiteSparse_cvxopt_extra/umfpack/amd_i_dump.c,src/C/SuiteSparse_cvxopt_extra/umfpack/amd_i_dump.c
C,0-10,cvxopt-cvxopt,96d58ae35084bd243bf8aa26b38390f3ca4f70e2,src/C/SuiteSparse_cvxopt_extra/umfpack/amd_l_defaults.c,src/C/SuiteSparse_cvxopt_extra/umfpack/amd_l_defaults.c
C,0-10,cvxopt-cvxopt,96d58ae35084bd243bf8aa26b38390f3ca4f70e2,src/C/SuiteSparse_cvxopt_extra/umfpack/amd_l_post_tree.c,src/C/SuiteSparse_cvxopt_extra/umfpack/amd_l_post_tree.c
C,0-10,cvxopt-cvxopt,96d58ae35084bd243bf8aa26b38390f3ca4f70e2,src/C/SuiteSparse_cvxopt_extra/umfpack/amd_l_preprocess.c,src/C/SuiteSparse_cvxopt_extra/umfpack/amd_l_preprocess.c
C,0-10,cvxopt-cvxopt,96d58ae35084bd243bf8aa26b38390f3ca4f70e2,src/C/SuiteSparse_cvxopt_extra/umfpack/umf_di_init_front.c,src/C/SuiteSparse_cvxopt_extra/umfpack/umf_di_init_front.c
C,0-10,cvxopt-cvxopt,96d58ae35084bd243bf8aa26b38390f3ca4f70e2,src/C/SuiteSparse_cvxopt_extra/umfpack/umf_di_kernel.c,src/C/SuiteSparse_cvxopt_extra/umfpack/umf_di_kernel.c
C,0-10,cvxopt-cvxopt,96d58ae35084bd243bf8aa26b38390f3ca4f70e2,src/C/SuiteSparse_cvxopt_extra/umfpack/umf_di_lhsolve.c,src/C/SuiteSparse_cvxopt_extra/umfpack/umf_di_lhsolve.c
C,0-10,cvxopt-cvxopt,96d58ae35084bd243bf8aa26b38390f3ca4f70e2,src/C/SuiteSparse_cvxopt_extra/umfpack/umf_di_mem_init_memoryspace.c,src/C/SuiteSparse_cvxopt_extra/umfpack/umf_di_mem_init_memoryspace.c
C,0-10,cvxopt-cvxopt,96d58ae35084bd243bf8aa26b38390f3ca4f70e2,src/C/SuiteSparse_cvxopt_extra/umfpack/umf_di_store_lu_drop.c,src/C/SuiteSparse_cvxopt_extra/umfpack/umf_di_store_lu_drop.c
C,0-10,cvxopt-cvxopt,96d58ae35084bd243bf8aa26b38390f3ca4f70e2,src/C/SuiteSparse_cvxopt_extra/umfpack/umf_di_uhsolve.c,src/C/SuiteSparse_cvxopt_extra/umfpack/umf_di_uhsolve.c
C,0-10,cvxopt-cvxopt,96d58ae35084bd243bf8aa26b38390f3ca4f70e2,src/C/SuiteSparse_cvxopt_extra/umfpack/umf_di_usolve.c,src/C/SuiteSparse_cvxopt_extra/umfpack/umf_di_usolve.c
C,0-10,cvxopt-cvxopt,96d58ae35084bd243bf8aa26b38390f3ca4f70e2,src/C/SuiteSparse_cvxopt_extra/umfpack/umf_dl_lhsolve.c,src/C/SuiteSparse_cvxopt_extra/umfpack/umf_dl_lhsolve.c
C,0-10,cvxopt-cvxopt,96d58ae35084bd243bf8aa26b38390f3ca4f70e2,src/C/SuiteSparse_cvxopt_extra/umfpack/umf_dl_local_search.c,src/C/SuiteSparse_cvxopt_extra/umfpack/umf_dl_local_search.c
C,0-10,cvxopt-cvxopt,96d58ae35084bd243bf8aa26b38390f3ca4f70e2,src/C/SuiteSparse_cvxopt_extra/umfpack/umf_dl_ltsolve.c,src/C/SuiteSparse_cvxopt_extra/umfpack/umf_dl_ltsolve.c
C,0-10,cvxopt-cvxopt,96d58ae35084bd243bf8aa26b38390f3ca4f70e2,src/C/SuiteSparse_cvxopt_extra/umfpack/umf_dl_mem_free_tail_block.c,src/C/SuiteSparse_cvxopt_extra/umfpack/umf_dl_mem_free_tail_block.c
C,0-10,cvxopt-cvxopt,96d58ae35084bd243bf8aa26b38390f3ca4f70e2,src/C/SuiteSparse_cvxopt_extra/umfpack/umf_dl_store_lu.c,src/C/SuiteSparse_cvxopt_extra/umfpack/umf_dl_store_lu.c
C,0-10,cvxopt-cvxopt,96d58ae35084bd243bf8aa26b38390f3ca4f70e2,src/C/SuiteSparse_cvxopt_extra/umfpack/umf_dl_transpose.c,src/C/SuiteSparse_cvxopt_extra/umfpack/umf_dl_transpose.c
C,0-10,cvxopt-cvxopt,96d58ae35084bd243bf8aa26b38390f3ca4f70e2,src/C/SuiteSparse_cvxopt_extra/umfpack/umf_zi_build_tuples.c,src/C/SuiteSparse_cvxopt_extra/umfpack/umf_zi_build_tuples.c
C,0-10,cvxopt-cvxopt,96d58ae35084bd243bf8aa26b38390f3ca4f70e2,src/C/SuiteSparse_cvxopt_extra/umfpack/umf_zi_create_element.c,src/C/SuiteSparse_cvxopt_extra/umfpack/umf_zi_create_element.c
C,0-10,cvxopt-cvxopt,96d58ae35084bd243bf8aa26b38390f3ca4f70e2,src/C/SuiteSparse_cvxopt_extra/umfpack/umf_zi_extend_front.c,src/C/SuiteSparse_cvxopt_extra/umfpack/umf_zi_extend_front.c
C,0-10,cvxopt-cvxopt,96d58ae35084bd243bf8aa26b38390f3ca4f70e2,src/C/SuiteSparse_cvxopt_extra/umfpack/umf_zi_get_memory.c,src/C/SuiteSparse_cvxopt_extra/umfpack/umf_zi_get_memory.c
C,0-10,cvxopt-cvxopt,96d58ae35084bd243bf8aa26b38390f3ca4f70e2,src/C/SuiteSparse_cvxopt_extra/umfpack/umf_zi_init_front.c,src/C/SuiteSparse_cvxopt_extra/umfpack/umf_zi_init_front.c
C,0-10,cvxopt-cvxopt,96d58ae35084bd243bf8aa26b38390f3ca4f70e2,src/C/SuiteSparse_cvxopt_extra/umfpack/umf_zi_kernel_wrapup.c,src/C/SuiteSparse_cvxopt_extra/umfpack/umf_zi_kernel_wrapup.c
C,0-10,cvxopt-cvxopt,96d58ae35084bd243bf8aa26b38390f3ca4f70e2,src/C/SuiteSparse_cvxopt_extra/umfpack/umf_zi_lsolve.c,src/C/SuiteSparse_cvxopt_extra/umfpack/umf_zi_lsolve.c
C,0-10,cvxopt-cvxopt,96d58ae35084bd243bf8aa26b38390f3ca4f70e2,src/C/SuiteSparse_cvxopt_extra/umfpack/umf_zi_mem_alloc_head_block.c,src/C/SuiteSparse_cvxopt_extra/umfpack/umf_zi_mem_alloc_head_block.c
C,0-10,cvxopt-cvxopt,96d58ae35084bd243bf8aa26b38390f3ca4f70e2,src/C/SuiteSparse_cvxopt_extra/umfpack/umf_zi_mem_alloc_tail_block.c,src/C/SuiteSparse_cvxopt_extra/umfpack/umf_zi_mem_alloc_tail_block.c
C,0-10,cvxopt-cvxopt,96d58ae35084bd243bf8aa26b38390f3ca4f70e2,src/C/SuiteSparse_cvxopt_extra/umfpack/umf_zl_assemble_fixq.c,src/C/SuiteSparse_cvxopt_extra/umfpack/umf_zl_assemble_fixq.c
C,0-10,cvxopt-cvxopt,96d58ae35084bd243bf8aa26b38390f3ca4f70e2,src/C/SuiteSparse_cvxopt_extra/umfpack/umf_zl_valid_symbolic.c,src/C/SuiteSparse_cvxopt_extra/umfpack/umf_zl_valid_symbolic.c
C,0-10,cvxopt-cvxopt,96d58ae35084bd243bf8aa26b38390f3ca4f70e2,src/C/SuiteSparse_cvxopt_extra/umfpack/umfpack_dl_numeric.c,src/C/SuiteSparse_cvxopt_extra/umfpack/umfpack_dl_numeric.c
C,0-10,cvxopt-cvxopt,96d58ae35084bd243bf8aa26b38390f3ca4f70e2,src/C/SuiteSparse_cvxopt_extra/umfpack/umfpack_zi_free_numeric.c,src/C/SuiteSparse_cvxopt_extra/umfpack/umfpack_zi_free_numeric.c
C,0-10,cvxopt-cvxopt,96d58ae35084bd243bf8aa26b38390f3ca4f70e2,src/C/SuiteSparse_cvxopt_extra/umfpack/umfpack_zi_symbolic.c,src/C/SuiteSparse_cvxopt_extra/umfpack/umfpack_zi_symbolic.c
C,0-10,cvxopt-cvxopt,96d58ae35084bd243bf8aa26b38390f3ca4f70e2,src/C/SuiteSparse_cvxopt_extra/umfpack/umfpack_zl_numeric.c,src/C/SuiteSparse_cvxopt_extra/umfpack/umfpack_zl_numeric.c
C,0-10,dnkl-wbg,685705f8259b7e2b21522d5b4d01e7e75e20b8e7,svg.h,svg.h
C,0-10,dnkl-wbg,d6c4779f8b8c7dd74cfffea3d27ecc6cc50ab53a,svg.h,svg.h
C,0-10,edenhill-kcat,63bf9d04c857b988869f24311151ef5216ddb3a7,win32/win32_config.h,win32/win32_config.h
C,0-10,ericmandel-funtools,1711cbfe10dc9eea67aaf85a4b8ec847633f1f5a,filter/imregions_c.h,filter/imregions_c.h
C,0-10,folkertvanheusden-multitail,6d7f7e380a59886152d568daf9e93061b21c040c,selbox.h,selbox.h
C,0-10,folkertvanheusden-multitail,75472dd5c88b43855529204e330cd3469625ca8e,misc.h,misc.h
C,0-10,google-cronutils,74c915dbe7401cc10c7f0a031ec0b37fa8648af4,subprocess.h,subprocess.h
C,0-10,grke-burp,e6c2f22a026efafbd1bab79247a8a0b1cd62616c,src/client/restore_switch.h,src/client/protocol1/restore.h
C,0-10,gwenhael-le-moine-x48ng,15f667011b709b8eb465b7820a170e8a283f2109,src/ui4x/gtk.h,src/ui4x/gtk.h
C,0-10,gwenhael-le-moine-x48ng,15f667011b709b8eb465b7820a170e8a283f2109,src/ui4x/ncurses.h,src/ui4x/ncurses.h
C,0-10,hengband-hengband,1ce9fd40e649e7572a34ae662e20fb93224c9971,src/monster-race/race-sex.h,src/monster-race/race-sex.h
C,0-10,hengband-hengband,1d89df794b9b922cb4ccb7ef1730844c2069770a,src/inventory/floor-item-getter.h,src/inventory/floor-item-getter.h
C,0-10,hengband-hengband,52797a794b83a967a77a139219b501a4b1d9cd71,src/io/command-repeater.h,src/io/command-repeater.h
C,0-10,hengband-hengband,73d925f9d9ded4886d265f2b89b3f5142779e408,src/target/target-setter.h,src/target/target-setter.h
C,0-10,hengband-hengband,9c323362f913bbf7da9d8b8f088dd3231ee5f0ec,src/room/room-generator.h,src/room/room-generator.h
C,0-10,hengband-hengband,b9ac733492b8f31d1d00ada58272d3c0c5599da0,src/market/melee-arena.h,src/market/melee-arena.h
C,0-10,hengband-hengband,e0a9c3f970223413d97cfe1e569423ceaed3c04b,src/monster-floor/monster-direction.h,src/monster-floor/monster-direction.h
C,0-10,hengband-hengband,e0ebf92d4e0fa45f7d3dd9322e64b4f25a3d9009,src/effect/effect-monster-switcher.h,src/effect/effect-monster-switcher.h
C,0-10,hengband-hengband,e0ebf92d4e0fa45f7d3dd9322e64b4f25a3d9009,src/realm/realm-song.h,src/realm/realm-song.h
C,0-10,hengband-hengband,e0ebf92d4e0fa45f7d3dd9322e64b4f25a3d9009,src/target/grid-selector.h,src/target/grid-selector.h
C,0-10,intel-msr-tools,095c6340527985684522a87b95b72eb321651b0e,version.h,version.h
C,0-10,intel-msr-tools,617fe056218b7ae3b67ac73ce739c3df8942ea40,version.h,version.h
C,0-10,ispras-parmasan-remake,20f1931b4f90b9a4bd3ca999f75c29a53ddb68e7,libdebugger/command/help/run.h,libdebugger/command/help/run.h
C,0-10,ispras-parmasan-remake,20f1931b4f90b9a4bd3ca999f75c29a53ddb68e7,libdebugger/command/help/step.h,libdebugger/command/help/step.h
C,0-10,janmojzis-tinyssh,0516dcb58a069948f6eacbf0a86c9f30f7b356c7,cryptoint/int32_optblocker.c,cryptoint/int32_optblocker.c
C,0-10,janmojzis-tinyssh,0516dcb58a069948f6eacbf0a86c9f30f7b356c7,cryptoint/uintN_optblocker.c,cryptoint/uintN_optblocker.c
C,0-10,jbeder-yaml-cpp,2f86d13775d119edbb69af52e5f566fd65c6953b,test/googletest-1.13.0/googlemock/include/gmock/internal/custom/gmock-generated-actions.h,test/gtest-1.11.0/googlemock/include/gmock/internal/custom/gmock-generated-actions.h
C,0-10,jeremyevans-aqualung,da90e7b4e6299da5563f0115bafaa435f2d336fe,src/version.h,src/version.h
C,0-10,jonasmr-microprofile,c0f406d42969d0fd97dcbc695082aca45c7c798d,demo/dynamic_instrument/microprofile.config.h,demo/dynamic_instrument/microprofile.config.h
C,0-10,lammps-lammps,0ee5c4eef7d85f5c6b5233e0ae5f260487223284,src/version.h,src/version.h
C,0-10,lammps-lammps,45ba47e0d05de44f6f543af6870c4fa3177a7d75,src/version.h,src/version.h
C,0-10,lammps-lammps,92e2485a5f8d3a77957b9ff447ea148433fa760a,src/version.h,src/version.h
C,0-10,lcdproc-lcdproc,0442872840a93766a5e52e80ba604b4326c5ed3b,server/drivers/hd44780-ugpio.h,server/drivers/hd44780-gpio.h
C,0-10,libtom-tomsfastmath,bbcb19f50198ae55e40eb3b7ef137c8338df3f7c,src/bin/fp_unsigned_bin_size.c,src/bin/fp_unsigned_bin_size.c
C,0-10,libusb-libusb,42536252eeb98236035ceb4c8e5b73f1ab148131,libusb/version_nano.h,libusb/version_nano.h
C,0-10,marcusbritanicus-libarchive-qt,6c01b4a937364e900a538aeef6b5599da12c97d3,lib/lz4dec.h,lib/lz4dec.h
C,0-10,mattthias-slurm,18a356585980ae3e269bf9b5d7aeb0ef58d9bafe,config.h,config.h
C,0-10,michaelforney-samurai,fbf9c827b0873d8e6f27fc74a58566fe6cb1737d,tool.h,tool.h
C,0-10,mobile-shell-mosh,3acaa1c4d378e78497c218134b980442b60f3c6c,src/tests/base64_vector.h,src/tests/base64_vector.h
C,0-10,mongrel2-mongrel2,18384d2e19934f9e4de628453b46979f07a5d305,src/version.h,src/version.h
C,0-10,mongrel2-mongrel2,5d42a1ddfe0e490b2866ea3f91ca95b101fd39c2,src/version.h,src/version.h
C,0-10,mongrel2-mongrel2,9b0226cf6fe034baefb783f4f80b7fd67177d362,src/logrotate.h,src/logrotate.h
C,0-10,msgpack-msgpack-c,b36e75a42e41230fa582c669b6cd6f25e39be48b,include/msgpack/version_master.h,include/msgpack/version_master.h
C,0-10,muennich-physlock,bb59872fc21dd8c77dcfba7f6eec0541298b0d88,session_login.c,session_login.c
C,0-10,ncopa-pingu,3b19b4240b6d130e005426dab85c446092982118,src/netlink.h,src/netlink.h
C,0-10,nimble-code-Spin,c400fb339f505e0c9defc695604ede9cfe777f77,Src/version.h,Src/version.h
C,0-10,opensvc-multipath-tools,3757ed625663e5489cc13e0832cecd75724c259b,libmultipath/dmparser.h,libmultipath/dmparser.h
C,0-10,p7zip-project-p7zip,24c904b8256be348419d7b4789f375582cb2f7e1,C/Util/7zipInstall/resource.h,C/Util/7zipInstall/resource.h
C,0-10,p7zip-project-p7zip,24c904b8256be348419d7b4789f375582cb2f7e1,CPP/7zip/Archive/Common/StdAfx.h,CPP/7zip/Archive/Common/StdAfx.h
C,0-10,p7zip-project-p7zip,24c904b8256be348419d7b4789f375582cb2f7e1,CPP/7zip/Bundles/Alone7z/StdAfx.h,CPP/7zip/Bundles/Alone7z/StdAfx.h
C,0-10,p7zip-project-p7zip,24c904b8256be348419d7b4789f375582cb2f7e1,CPP/7zip/Bundles/Format7zExtract/StdAfx.h,CPP/7zip/Bundles/Format7zExtract/StdAfx.h
C,0-10,p7zip-project-p7zip,24c904b8256be348419d7b4789f375582cb2f7e1,CPP/7zip/Bundles/Format7zR/StdAfx.h,CPP/7zip/Bundles/Format7zR/StdAfx.h
C,0-10,p7zip-project-p7zip,24c904b8256be348419d7b4789f375582cb2f7e1,CPP/7zip/Compress/ImplodeHuffmanDecoder.h,CPP/7zip/Compress/ImplodeHuffmanDecoder.h
C,0-10,p7zip-project-p7zip,24c904b8256be348419d7b4789f375582cb2f7e1,CPP/7zip/UI/FileManager/BrowseDialogRes.h,CPP/7zip/UI/FileManager/BrowseDialogRes.h
C,0-10,p7zip-project-p7zip,24c904b8256be348419d7b4789f375582cb2f7e1,CPP/7zip/UI/FileManager/LangPageRes.h,CPP/7zip/UI/FileManager/LangPageRes.h
C,0-10,p7zip-project-p7zip,24c904b8256be348419d7b4789f375582cb2f7e1,CPP/7zip/UI/FileManager/ProgramLocation.h,CPP/7zip/UI/FileManager/ProgramLocation.h
C,0-10,p7zip-project-p7zip,24c904b8256be348419d7b4789f375582cb2f7e1,CPP/Common/StdAfx.h,CPP/Common/StdAfx.h
C,0-10,pianobooster-PianoBooster,0156e0e6201a52ce5163a4792168d24f98e5029d,src/version.h,src/version.h
C,0-10,pysam-developers-pysam,c4c0f8d5d50f8b8ed2ab39353029f480d0b7de17,pysam/version.h,pysam/version.h
C,0-10,rogerbinns-apsw,9957d7d9233594151aaec8280d28295135282ac3,src/apswversion.h,src/apswversion.h
C,0-10,rpodgorny-unionfs-fuse,1682b698d6247669f3e2cfbbe26e4ea235e6cae4,src/version.h,src/version.h
C,0-10,sarnold-urt,c9fd502861a83320132ceda2bca52745e65d89e4,patchlevel.h,patchlevel.h
C,0-10,scottdraves-electricsheep,47a7cb13e3deab85cb90a364303b88823af09d3b,client_generic/MacBuild/proximus.h,client_generic/MacBuild/proximus.h
C,0-10,svend-cuetools,25d4acc24bb86b3adb0e34f28c31298c234fb03d,src/lib/cue.h,src/lib/cue.h
C,0-10,tenacityteam-portsmf,fcd527d370c07f6f0ce92af135af87ebe187b470,src/algrd_internal.h,src/algrd_internal.h
C,0-10,tkengo-highway,7cffef6c1cc43904ad29bfae85aab2a2802671a5,include/help.h,include/help.h
C,0-10,tomaspinho-rtl8821ce,9b66ef4b2bbc037d7997f510eac9fc0760e7f01a,include/rtw_version.h,include/rtw_version.h
C,0-10,ueber-devel-ueberzug,24cb0a7be15f28837ffaf724c8799c21236dc4d5,ueberzug/X/window.h,ueberzug/X/window.h
C,0-10,unittest-cpp-unittest-cpp,b47b4f7e8535346e7b3202df562849ac597b2523,UnitTest++/TimeHelpers.h,UnitTest++/TimeHelpers.h
C,0-10,usrbinnc-netcat-cpi-kernel-module,1839efa6b23c9f55927d6a8a46e1cf6d2c918fcc,tracks/trk1.c,tracks/trk1.c
C,0-10,usrbinnc-netcat-cpi-kernel-module,6ab66df71e1b0190f838fce55aaaf907f113d03a,tracks/trk3.c,tracks/trk3.c
C,0-10,usrbinnc-netcat-cpi-kernel-module,6eff381b08c5555decc2815db533c16d23a28433,tracks/trk4.h,tracks/trk4.h
C,0-10,wmww-gtk4-layer-shell,a9be312299a2efefe91764e9f29f10c91572f90d,src/stubbed-surface.h,src/stubbed-surface.h
C,0-10,yrutschle-sslh,24c3bb07a078b02f73e5ae24c6a4f7934f1751e7,version.h,version.h
C,10-30,AMDmi3-cavezofphear,0becb2df6df900e4f2584cd56211dca8713a2adf,src/chk.h,src/chk.h
C,10-30,Arkq-bluez-alsa,ddd2a9d807b5679aea693ecb7082143313fb4d32,src/sco.h,src/sco.h
C,10-30,BuGlessRB-procmail,5281aac102d92966c5963ea8694d95e4f1103747,patchlevel.h,patchlevel.h
C,10-30,CGNS-CGNS,ec28e23d88d10d1969bd884aadc0aa52de42751a,src/cgio_internal_type.h,src/cgio_internal_type.h
C,10-30,CVC4-CVC4-archived,e37d0c385d698d46f14fb30e5a44de63c686fadb,src/proof/simplify_boolean_node.h,src/proof/simplify_boolean_node.h
C,10-30,Doom-Utils-deutex,718bad32e9e31463b4f9689f0d90e7ea891bbfee,src/endianio.h,src/endianio.h
C,10-30,Drive-Trust-Alliance-sedutil,45e1aed270bf9e541a20ca1a444213c61013e426,LinuxPBA/UnlockSEDs.h,LinuxPBA/UnlockSEDs.h
C,10-30,Ferdi265-wl-mirror,4aa35d2f7368d810755bbc9866dfcbdfb260ef56,include/wlm/mirror-backends.h,include/wlm/mirror-backends.h
C,10-30,Gargaj-Bonzomatic,ffed48262808d6313b3b5debc17b61d593b7bfb1,src/FFT.h,src/FFT.h
C,10-30,GillesDebunne-libQGLViewer,4dd550201ef6b26da4d6549824ec3ab12ee175ed,examples/frustumCulling/box.h,examples/frustumCulling/box.h
C,10-30,Governikus-AusweisApp,68e416cc97afacf487aca0ccc4e892549d51bc0d,src/card/base/ReadBinaryBuilder.h,src/card/base/ReadBinaryBuilder.h
C,10-30,Governikus-AusweisApp,68e416cc97afacf487aca0ccc4e892549d51bc0d,src/card/bluetooth/messages/BluetoothMessageSetTransportProtocolResponse.h,src/card/bluetooth/messages/BluetoothMessageSetTransportProtocolResponse.h
C,10-30,Governikus-AusweisApp,68e416cc97afacf487aca0ccc4e892549d51bc0d,src/core/paos/RequestType.h,src/core/paos/RequestType.h
C,10-30,Governikus-AusweisApp,68e416cc97afacf487aca0ccc4e892549d51bc0d,src/ui/widget/generic/ListItemIconRight.h,src/ui/widget/generic/ListItemIconRight.h
C,10-30,Governikus-AusweisApp,8973008230a77f6bb7b11981ef394dcd0c16bf83,src/card/base/apdu/PacePinStatus.h,src/card/base/apdu/PacePinStatus.h
C,10-30,Governikus-AusweisApp,a55916cc4c63f5c871f311bbb06e21d183045e5d,src/workflows/base/states/StateUnfortunateCardPosition.h,src/workflows/base/states/StateUnfortunateCardPosition.h
C,10-30,Governikus-AusweisApp,a55916cc4c63f5c871f311bbb06e21d183045e5d,test/helper/common/MockReaderConfiguration.h,test/helper/common/MockReaderConfiguration.h
C,10-30,Governikus-AusweisApp,d9ab5b1f992cb0bb68cffd267fdef2a199289ae3,src/ui/qml/PlatformHelper.h,src/ui/qml/PlatformHelper.h
C,10-30,Governikus-AusweisApp,e119c95900989d84b62cd04fb5459a0ee2c62a9d,src/card/base/Apdu.h,src/card/base/Apdu.h
C,10-30,Governikus-AusweisApp,e119c95900989d84b62cd04fb5459a0ee2c62a9d,src/ui/json/messages/MsgHandlerCertificate.h,src/ui/json/messages/MsgHandlerCertificate.h
C,10-30,Governikus-AusweisApp,e119c95900989d84b62cd04fb5459a0ee2c62a9d,src/ui/json/messages/MsgHandlerLog.h,src/ui/json/messages/MsgHandlerLog.h
C,10-30,Governikus-AusweisApp,e8349193a251350094b1db1153d7673dfc1c9805,src/workflows/base/states/StateCleanUpReaderManager.h,src/workflows/base/states/StateCleanUpReaderManager.h
C,10-30,Governikus-AusweisApp,fb0491a6cb9618eaff6a91d027c516970c25b960,src/card/base/asn1/SignatureChecker.h,src/card/base/asn1/SignatureChecker.h
C,10-30,JayDDee-cpuminer-opt,042d13d1e10395764c6607f9b038d588536d638a,algo/shavite/shavite-hash-4way.h,algo/shavite/shavite-hash-4way.h
C,10-30,KhronosGroup-OpenCOLLADA,003a81f353f15ace38d2bcf782efdd77a6fefa27,COLLADABaseUtils/include/COLLADABUVersionInfo.h,COLLADABaseUtils/include/COLLADABUVersionInfo.h
C,10-30,KikoPlayProject-KikoPlay,9a089dd68b3071b1a5a5b1fbb3111011b411c553,UI/dialogs/mpvconfediror.h,UI/dialogs/mpvconfediror.h
C,10-30,MaartenBaert-ssr,a263b55e93554dcc0d8d9e9a96cfdc393cf677d5,src/AV/FastScaler_Convert.h,src/AV/FastScaler_Convert.h
C,10-30,NICMx-FORT-validator,7f3094d8d50c32df208ed81e54a1da78e33167d9,src/rpp.h,src/rpp.h
C,10-30,NICMx-Jool,518790de38d8b043326c93b76d770d6f84f26c7c,src/mod/common/kernel_hook.h,src/mod/common/kernel_hook.h
C,10-30,Ondsel-Development-OndselSolver,3952f459457e339a0987ad2b271f3823b67323e7,OndselSolver/ASMTTime.h,OndselSolver/ASMTTime.h
C,10-30,Ondsel-Development-OndselSolver,85557e1fa484a42bcfd090809e169719f196350f,OndselSolver/ASMTCompoundJoint.h,OndselSolver/ASMTCompoundJoint.h
C,10-30,Ondsel-Development-OndselSolver,85557e1fa484a42bcfd090809e169719f196350f,OndselSolver/DifferentiatedGeneralSpline.h,OndselSolver/DifferentiatedGeneralSpline.h
C,10-30,Ondsel-Development-OndselSolver,e0241dd6d2688c3da3af5c145cd756c102b4c383,OndselSolver/GearJoint.h,OndselSolver/GearJoint.h
C,10-30,QtExcel-QXlsx,db608768a375c9d179263b1f3601c75d37cf0007,chartsquestions/mainwindow.h,chartsquestions/mainwindow.h
C,10-30,ROCm-rocThrust,df75ae8520fad81f1dc9a4b3b66358137c34daa6,thrust/system/detail/sequential/sequence.h,thrust/system/detail/sequential/sequence.h
C,10-30,ROCm-rocThrust,df75ae8520fad81f1dc9a4b3b66358137c34daa6,thrust/system/tbb/detail/iter_swap.h,thrust/system/tbb/detail/iter_swap.h
C,10-30,Reference-LAPACK-lapack,88aa2049753b067cda0cd6690ec86931243554c8,CBLAS/src/cblas_dscal.c,CBLAS/src/cblas_dscal.c
C,10-30,Reference-LAPACK-lapack,88aa2049753b067cda0cd6690ec86931243554c8,CBLAS/src/cblas_zscal.c,CBLAS/src/cblas_zscal.c
C,10-30,Reference-LAPACK-lapack,ce3f662e12866126702cea88ee46efcb44e9dc43,CBLAS/src/cblas_csscal.c,CBLAS/src/cblas_csscal.c
C,10-30,Reference-ScaLAPACK-scalapack,8ab1b6ed1ed7630a4c166d548fd7a3bc62784bb2,REDIST/TESTING/redist.h,REDIST/TESTING/redist.h
C,10-30,SUSE-clang-extract,cd62a5cd7bc8e3840381a25ece97ff6c6eca1a10,testsuite/small/typedef-6.c,testsuite/small/typedef-6.c
C,10-30,SpringMT-zstd-ruby,0a753d2ff7584fe8943ea1250a1062382ef2e29c,ext/zstdruby/main.c,ext/zstdruby/main.c
C,10-30,Trepan-Debuggers-remake,bfec9340e6dd03dd2f6569cd1bcb45b006dbf32e,src/debugger/command/help/source.h,src/debugger/command/help/source.h
C,10-30,Tripwire-tripwire-open-source,728795af3d4d7901ef8e204fbbeee007ed9a8ca4,src/cryptlib/zbits.h,src/cryptlib/zbits.h
C,10-30,adnano-wmenu,e8782db9c840e42827dafa4ec1ca9849f91b9b59,pango.h,pango.h
C,10-30,aligrudi-fbpdf,d57bb2d99b52f114f51db60dc6abad65eeb87786,doc.h,doc.h
C,10-30,antlr-antlr4,ec1b5f3e3e36493f0d23a769b87f950919d57757,runtime/Cpp/runtime/src/atn/LoopEndState.h,runtime/Cpp/runtime/src/atn/LoopEndState.h
C,10-30,antlr-antlr4,ec1b5f3e3e36493f0d23a769b87f950919d57757,runtime/Cpp/runtime/src/tree/ErrorNode.h,runtime/Cpp/runtime/src/tree/ErrorNode.h
C,10-30,appneta-tcpreplay,2500a21230bd335c96280634b542f51961930f45,src/tcpedit/parse_args.h,src/tcpedit/parse_args.h
C,10-30,atheme-atheme,76ff922ab17f2ac5e999d3777e8f161e1aae2023,include/atheme/auth.h,include/atheme/auth.h
C,10-30,atsb-dav-text,7534cd67505bbcb21b9b21293261b1f6a4550eb7,keyboard.h,keyboard.h
C,10-30,bastibl-gr-ieee802-15-4,881b70112ea8d58dbdcd90994b95d42eaf215bad,include/ieee802_15_4/api.h,include/ieee802_15_4/api.h
C,10-30,blogc-blogc,0bbc18869720ad042b668742ca48e5cb8a37491a,src/blogc-git-receiver/settings.h,src/blogc-git-receiver/settings.h
C,10-30,cacalabs-libcaca,2731717beed624aa4b15b0abfe6fe8c8c1ed7fe2,caca/codec/codec.h,caca/codec/codec.h
C,10-30,canonical-snapd-glib,7ac5736d7142c9de9c3817b26b332fb38daa1991,snapd-glib/requests/snapd-get-snap-conf.h,snapd-glib/requests/snapd-get-snap-conf.h
C,10-30,cdidier-irssi-xmpp,c129ed14fb7f7540f0207299dc9ac838e0e5aae0,src/core/loudmouth-tools.h,src/core/loudmouth-tools.h
C,10-30,chaos-scrub,90016be81199b41192c8c3ebd1feb9ee03b2ef1e,src/fillfile.h,src/fillfile.h
C,10-30,cisco-openh264,d12e51a39cde56940f241f6df2e61d1d43e7e260,codec/api/wels/codec_ver.h,codec/api/wels/codec_ver.h
C,10-30,colobot-colobot,d36a74fe771163958a6a21600ac0e3f0ef565cd4,colobot-base/src/object/mission_type.h,colobot-base/src/object/mission_type.h
C,10-30,darkk-redsocks,91a5b80a31251d1c43cc6f9589bdbfe0231ae5e5,main.h,main.h
C,10-30,dcreager-libcork,1d677e4ce8b9d50b8e5bebe949d55665cd392d90,include/libcork/ds.h,include/libcork/ds.h
C,10-30,dev47apps-droidcam-linux-client,9a8968a40abbd967dd6788ce79f4233bd3840cb4,src/connection.h,src/connection.h
C,10-30,eden-emulator-discord-rpc,c59fd6df20c6904ab39f026e87af1dd90fcac7ff,src/connection.h,src/connection.h
C,10-30,emersion-libscfg,179656ec72f3eab5a31e0a24eeaedb02a662068b,include/scfg.h,include/scfg.h
C,10-30,ericmandel-funtools,09c796ffe89cd56e5cbc80e885e2950fcdfcd3e4,util/xfileio.h,util/xfileio.h
C,10-30,erlang-otp,a87183f1eb847119b6ecc83054bf13c26b8ccfaa,erts/emulator/test/dirty_nif_SUITE_data/on_halt_b.c,erts/emulator/test/dirty_nif_SUITE_data/on_halt_b.c
C,10-30,exfatprogs-exfatprogs,b19fb3d641ef8ba4a138798601b4e4697b209dce,include/version.h,include/version.h
C,10-30,fcambus-logswan,e4ca22d542bc36a4027d09f1b307949c6d54b8d9,src/continents.h,src/continents.h
C,10-30,flameshot-org-flameshot,535032b17336fd3b6cb2f2322907a038926b9988,src/utils/screenshotsaver.h,src/utils/screenshotsaver.h
C,10-30,flashrom-flashrom,c09a2f538757cdee47ad9aebb13f60ea1618060a,include/hwaccess_x86_msr.h,include/hwaccess_x86_msr.h
C,10-30,flightaware-tclx,2fe04c5c5e8810a1456d3db951b63c8754604c3f,compat/rename.c,compat/rename.c
C,10-30,hengband-hengband,66a850fea8df02fdcf257c1a49abc59033a5393d,src/floor/tunnel-generator.h,src/floor/tunnel-generator.h
C,10-30,hengband-hengband,7ad02fd3721ecbf22d4e288478fca90acd8c229e,src/main/angband-headers.h,src/main/angband-headers.h
C,10-30,hengband-hengband,c99e754361a9f131f775e5b274b61a9afc30cb20,src/monster-race/monster-race-hook.h,src/monster-race/monster-race-hook.h
C,10-30,hengband-hengband,fbb07e2766de01138a33bf7733f45efb36458a56,src/monster/monster-util.h,src/monster/monster-util.h
C,10-30,hpc-libcircle,040c139ebe87b62989b276cceafaabe0f83a527c,libcircle/lib.h,libcircle/lib.h
C,10-30,iptraf-ng-iptraf-ng,7dfc35e2c4f2a3cf609d2256038c1dd035e924f6,src/promisc.h,src/promisc.h
C,10-30,jbj-magicrescue,af0dbc9050c60eca06462e42baa10d837cd31c35,find_dbm.h,find_dbm.h
C,10-30,jbruchon-dev86,8db4754561f24ee4c201d9da087c64ac35249523,ld/globvar.h,ld/globvar.h
C,10-30,jbruchon-jdupes,3a50704d4b53f30df099b7700d58789f9379c6e3,version.h,version.h
C,10-30,jmcnamara-libxlsxwriter,f29cf40d386f01c5a255d55b77edcc6456907a20,test/functional/src/test_header_image14.c,test/functional/src/test_header_image14.c
C,10-30,jmcnamara-libxlsxwriter,f29cf40d386f01c5a255d55b77edcc6456907a20,test/functional/src/test_header_image16.c,test/functional/src/test_header_image16.c
C,10-30,jmcnamara-libxlsxwriter,f29cf40d386f01c5a255d55b77edcc6456907a20,test/functional/src/test_image57.c,test/functional/src/test_image57.c
C,10-30,jmcnamara-libxlsxwriter,f29cf40d386f01c5a255d55b77edcc6456907a20,test/functional/src/test_macro01.c,test/functional/src/test_macro01.c
C,10-30,jmcnamara-libxlsxwriter,f29cf40d386f01c5a255d55b77edcc6456907a20,test/functional/src/test_print_area05.c,test/functional/src/test_print_area05.c
C,10-30,jmcnamara-libxlsxwriter,f29cf40d386f01c5a255d55b77edcc6456907a20,test/functional/src/test_repeat03.c,test/functional/src/test_repeat03.c
C,10-30,jmcnamara-libxlsxwriter,f29cf40d386f01c5a255d55b77edcc6456907a20,test/functional/src/test_row_col_format17.c,test/functional/src/test_row_col_format17.c
C,10-30,jmcnamara-libxlsxwriter,f29cf40d386f01c5a255d55b77edcc6456907a20,test/unit/drawing/main.c,test/unit/drawing/main.c
C,10-30,k9spud-appswipe,54a74b72751858fce736b7990699508e6483ee2d,backend/main.h,backend/main.h
C,10-30,kactus2-kactus2dev,bdd5f57a7d11cdcc82e1acfca329b50a838f18c1,version.h,version.h
C,10-30,kode54-dumb,050b1485b6ab2d60e5680733a21309fba2e837ae,dumb/src/it/readany2.c,dumb/src/it/readany2.c
C,10-30,librsync-librsync,32c8169a4a5a91302d23095b3c5b5285862668cd,src/whole.h,src/whole.h
C,10-30,libtom-libtommath,18355de6259488dea58a2d608c9aa2fa1f3cbd58,bn_mp_to_signed_bin_n.c,bn_mp_to_signed_bin_n.c
C,10-30,libtom-libtommath,abdb03340255ff6759f2da2d400c50e4601156d6,bn_mp_from_sbin.c,bn_mp_read_signed_bin.c
C,10-30,libtom-libtompoly,06939429e333cae260a227e7903bfc1718a3cc69,pb_mod.c,pb_mod.c
C,10-30,mackyle-blocksruntime,fa1379cfb53d13726f6eee9b222f0c7ee38d7a37,testprefix.h,testprefix.h
C,10-30,mavlink-c_library_v2,0e8a488cfa788afbf2c7569f62e023e0b6cf4bfd,ASLUAV/version.h,ASLUAV/version.h
C,10-30,mavlink-c_library_v2,0e8a488cfa788afbf2c7569f62e023e0b6cf4bfd,minimal/version.h,minimal/version.h
C,10-30,mavlink-c_library_v2,f7ceb0ed8f570b154ae3d096e7286f880feeb20b,loweheiser/version.h,loweheiser/version.h
C,10-30,mavlink-c_library_v2,f7ceb0ed8f570b154ae3d096e7286f880feeb20b,minimal/version.h,minimal/version.h
C,10-30,mavlink-c_library_v2,f7ceb0ed8f570b154ae3d096e7286f880feeb20b,test/version.h,test/version.h
C,10-30,mchehab-zbar,5b3c33d5c87f58633b550d592f6eb8e4fd580b1e,iphone/examples/ReaderSample/ReaderSample/ReaderSampleViewController.h,iphone/examples/ReaderSample/ReaderSample/ReaderSampleViewController.h
C,10-30,michaelwillis-dragonfly-reverb,465bfa2586a06ec9bd8684a84f402a275e8b65aa,common/DragonflyVersion.h,common/DragonflyVersion.h
C,10-30,miracle-wm-org-miracle-wm,3b884fee32201d8353a0df5bc60680e89da032e4,src/constants.h,src/constants.h
C,10-30,neocturne-fastd,318c944f40c90e048e370b2f75598bfcd79a1790,src/verify.h,src/verify.h
C,10-30,nucleic-kiwi,728f5661fdd021c68dac1b914b3c8610a46b2e7e,kiwi/kiwi.h,kiwi/kiwi.h
C,10-30,ooxi-violetland,207fa0c3d07a8900449f228ac9fa7c8c803b5576,src/game/bullets/GrenadeBullet.h,src/game/bullets/GrenadeBullet.h
C,10-30,p7zip-project-p7zip,24c904b8256be348419d7b4789f375582cb2f7e1,CPP/7zip/Bundles/SFXWin/StdAfx.h,CPP/7zip/Bundles/SFXWin/StdAfx.h
C,10-30,p7zip-project-p7zip,24c904b8256be348419d7b4789f375582cb2f7e1,CPP/Windows/ResourceString.h,CPP/Windows/ResourceString.h
C,10-30,pgadmin-org-pgagent,59f4a6fd4eb45a4b2504d3b962664b609ebc870f,include/misc.h,include/misc.h
C,10-30,phatina-simple-mtpfs,76be4031702325260db9be194197b1a8b50f6550,src/simple-mtpfs-libmtp.h,src/simple-mtpfs-libmtp.h
C,10-30,pine64-blisp,ed2c9b80b8e48cfd40e8a64fe8e503fa15cbc963,tools/blisp/src/util.h,tools/blisp/src/util.h
C,10-30,projg2-libtinynotify,e69e78e16d812e08aa7d41ccee4ac2958d051f0d,lib/event_.h,lib/event_.h
C,10-30,punesemu-puNES,b4c29c2c75df7601eecd81a1c4cd2b739dee89a8,src/core/input/zapper.h,src/core/input/zapper.h
C,10-30,punesemu-puNES,b4c29c2c75df7601eecd81a1c4cd2b739dee89a8,src/core/mappers/mapper_052.h,src/core/mappers/mapper_052.h
C,10-30,punesemu-puNES,b4c29c2c75df7601eecd81a1c4cd2b739dee89a8,src/core/mappers/mapper_076.h,src/core/mappers/mapper_076.h
C,10-30,punesemu-puNES,b4c29c2c75df7601eecd81a1c4cd2b739dee89a8,src/core/mappers/mapper_182.h,src/core/mappers/mapper_182.h
C,10-30,punesemu-puNES,b4c29c2c75df7601eecd81a1c4cd2b739dee89a8,src/core/mappers/mapper_322.h,src/core/mappers/mapper_322.h
C,10-30,punesemu-puNES,b4c29c2c75df7601eecd81a1c4cd2b739dee89a8,src/core/mappers/mapper_396.h,src/core/mappers/mapper_396.h
C,10-30,punesemu-puNES,b4c29c2c75df7601eecd81a1c4cd2b739dee89a8,src/core/mappers/mapper_541.h,src/core/mappers/mapper_541.h
C,10-30,quadrantsec-sagan,05429522aca41a826e55b2c5ca845de75a694573,src/aetas.h,src/aetas.h
C,10-30,quadrantsec-sagan,05429522aca41a826e55b2c5ca845de75a694573,src/json-content.h,src/json-content.h
C,10-30,quadrantsec-sagan,05429522aca41a826e55b2c5ca845de75a694573,src/processors/dynamic-rules.h,src/processors/dynamic-rules.h
C,10-30,rizinorg-rz-ghidra,32b82ed1d60755ad74433c706ca1a54ee7389dab,src/rz_ghidra.h,src/rz_ghidra.h
C,10-30,ryochan7-sdl2-gamepad-mapper,3715a8e715ad85ab4b2e9b3cad68846bc014c6cf,applogger.h,applogger.h
C,10-30,samhocevar-zzuf,b426e7104d1f13ad8ddd86285e7244e92b8e4cd4,src/libzzuf/sys.h,src/libzzuf/sys.h
C,10-30,sciapp-gr,a084b76654644b8f58bef7de5c0aa1d6c33e792a,lib/grm/grplot/qtterm/receiver_thread.h,lib/grm/grplot/qtterm/receiver_thread.h
C,10-30,signalapp-libsignal-protocol-c,3bdd5ca9b2bdcd0112816de4cf57adafc1a1fd5a,src/curve25519/ed25519/main/main.c,src/curve25519/ed25519/main/main.c
C,10-30,silnrsi-teckit,1cdd65f7d656084fbe93afa158fb79f527bb0726,source/version_defs.h,source/version_defs.h
C,10-30,swh-timemachine,0bddb47e2a1d6585a5b80f6775007e3808cb142c,src/meters.h,src/meters.h
C,10-30,swiftlang-swift.git,8a1338dfb2cfa4650caa0c7e5a6c941c0176025b,test/Inputs/custom-modules/availability-domains/Seas.h,test/Inputs/custom-modules/availability-domains/Seas.h
C,10-30,teeworlds-teeworlds,1fdde35a61e24a20bb72794a30d79af690f2e06e,src/engine/shared/linereader.h,src/engine/shared/linereader.h
C,10-30,tiwai-vkeybd,b5c00c15d59380b283067c6eb83aab49c537af1d,fskip.c,fskip.c
C,10-30,tomclegg-mp3cat,534eb79a0510bf9030459496b8f06cf3eabb5c4d,write_buf.h,write_buf.h
C,10-30,tpm2-software-tpm2-tss,a1c863e29c32ade602a092a49fe133b09127220f,src/tss2-sys/api/Tss2_Sys_Abort.c,src/tss2-sys/api/Tss2_Sys_Abort.c
C,10-30,tpm2-software-tpm2-tss,a1c863e29c32ade602a092a49fe133b09127220f,src/util/tpm2b.h,src/util/tpm2b.h
C,10-30,tpm2-software-tpm2-tss,a1c863e29c32ade602a092a49fe133b09127220f,test/fuzz/tcti/tss2_tcti_fuzzing.h,test/fuzz/tcti/tss2_tcti_fuzzing.h
C,10-30,tracebox-tracebox,3e133e940cd073049e0b2f27f910c37bc432893a,src/tracebox/lua/lua_tcptimestamp.h,src/tracebox/lua/lua_tcptimestamp.h
C,10-30,unbit-uwsgi,54c2988ddd6df428cf7a6bd52254e77251cf917b,plugins/php/common.h,plugins/php/common.h
C,10-30,vmware-open-vm-tools,f216c7024d2fa815147eca47014bed66d2d43894,open-vm-tools/lib/include/buildNumber.h,open-vm-tools/lib/include/buildNumber.h
C,10-30,z3ntu-RazerGenie,fc7513c7f75935399eec5586ce517db1a838ea61,src/devicewidget/performancewidget.h,src/devicewidget/performancewidget.h
C,10-30,zmedico-diffball,baea02b24b19d5803f91596ff152d89f33a78e23,include/diffball/udiff.h,include/diffball/udiff.h
C,100-300,AOMediaCodec-SVT-AV1,20f7c344122d5256166af103b10dcfa395dc6899,Source/API/EbDebugMacros.h,Source/API/EbDebugMacros.h
C,100-300,ArcticaProject-nx-libs,4875a15ca61358a1c95b156b2279fce092451278,nx-X11/lib/src/WMProps.c,nx-X11/lib/src/WMProps.c
C,100-300,Autodesk-AutomaticComponentToolkit,8090e0cac6c0bd3b2f357e73e9392ade61d62b88,Examples/Primes/LibPrimes_component/Bindings/CppDynamic/libprimes_types.h,Examples/Primes/LibPrimes_component/Bindings/CppDynamic/libprimes_types.h
C,100-300,Beep6581-RawTherapee,16e502f1c50c8c0e10a5e014691e1c812a518c57,internal/losslessjpeg.h,internal/losslessjpeg.h
C,100-300,Beep6581-RawTherapee,5844a9c623c8c19c58b348a8836d83c396dcc88a,rtgui/tools/colorappearance.h,rtgui/tools/colorappearance.h
C,100-300,CSCsw-ColPack,d3808600732906c78d2d94a577b57e01c244f488,src/BipartiteGraphPartialColoring/BipartiteGraphPartialColoringInterface.h,BipartiteGraphPartialColoring/BipartiteGraphPartialColoringInterface.h
C,100-300,CopernicaMarketingSoftware-AMQP-CPP,fa1181aa637eee5a1d82bd96ad4672a683459d50,include/amqpcpp/deferredcancel.h,include/amqpcpp/deferredcancel.h
C,100-300,FFMS-ffms2,606742288d39b33aa3e458e418af4de14e86c5e4,src/core/indexing.h,src/core/indexing.h
C,100-300,FiniteSingularity-obs-composite-blur,ba677b8b83668242b7a8e49e971702b08d245128,src/blur/pixelate.c,src/blur/pixelate.c
C,100-300,GPUOpen-LibrariesAndSDKs-AMF,afed28d37aca1938da2eedc50599bb3535a987ec,amf/public/include/core/Surface.h,amf/public/include/core/Surface.h
C,100-300,GPUOpen-LibrariesAndSDKs-HIPRT,99a2f8ffee5ac1969e9b4e6b24f15a59e88e247a,hiprt/impl/InstanceList.h,hiprt/impl/InstanceList.h
C,100-300,Governikus-AusweisApp,68e416cc97afacf487aca0ccc4e892549d51bc0d,src/ui/qml/HistoryModel.h,src/ui/qml/HistoryModel.h
C,100-300,Governikus-AusweisApp,731b57cd7dc5698432949c905643650e6fc23583,src/card/base/pace/PaceHandler.h,src/card/base/pace/PaceHandler.h
C,100-300,Governikus-AusweisApp,8973008230a77f6bb7b11981ef394dcd0c16bf83,src/card/base/Card.h,src/card/base/Card.h
C,100-300,J-Lentz-iwgtk,bc95e36f2d932159a5c1603824604ab1e9dcf288,src/known_network.c,src/known_network.c
C,100-300,Jukic-cmdock,53c80d4410c4739a58466aab13686b26d7581899,include/RbtBaseFileSink.h,include/RbtBaseFileSink.h
C,100-300,KhronosGroup-OpenCOLLADA,5e7fee872cca71873286b9999f34643f12990fe6,COLLADAMaya/include/COLLADAMayaExportOptions.h,COLLADAMaya/include/COLLADAMayaExportOptions.h
C,100-300,Legrandin-pycryptodome,f979abfa24baaac5a0a3e65aa490c6dfedc6c1c8,src/ARC4.c,src/ARC4.c
C,100-300,NICMx-Jool,5afde37abf68df63c4beda091dfbeb2967d3ce80,src/mod/common/db/bib/pkt_queue.c,src/mod/common/db/bib/pkt_queue.c
C,100-300,Ondsel-Development-OndselSolver,9b1529f3ed16660a2364edff6b656dfa90ce1b46,OndselSolver/Part.h,OndselSolver/Part.h
C,100-300,P-H-C-phc-winner-argon2,ec465c85fd58376943ce51062813110ce2587b28,src/bench.c,src/bench.c
C,100-300,POV-Ray-povray,5219e71cf09f586faa3cee013468f5083231ecff,source/backend/render/radiositytask.h,source/backend/render/radiositytask.h
C,100-300,POV-Ray-povray,77d267d2031d5f0ac4087cda69cd082729a6e75f,source/base/stringutilities.h,source/base/stringutilities.h
C,100-300,PixlOne-logiops,21ae951f3fc425325c55137eccd1cca3ffac248a,src/logid/backend/hidpp10/ReceiverMonitor.h,src/logid/backend/hidpp10/ReceiverMonitor.h
C,100-300,PointCloudLibrary-pcl,6d73e3af1aebd93a0614f467a410b636e5284079,apps/point_cloud_editor/include/pcl/apps/point_cloud_editor/commandQueue.h,apps/point_cloud_editor/include/pcl/apps/point_cloud_editor/commandQueue.h
C,100-300,ROCm-rocThrust,bc24ef2613e282d57d96dcf4263e2fa2cab171e4,thrust/detail/functional/operators/logical_operators.h,thrust/detail/functional/operators/logical_operators.h
C,100-300,ROCm-rocThrust,df75ae8520fad81f1dc9a4b3b66358137c34daa6,thrust/system/cuda/memory.h,thrust/system/cuda/memory.h
C,100-300,SDL-Hercules-390-SoftFloat,913e6ed8f78af539ecc01917885daeb667d94f19,source/extF80_to_i64_r_minMag.c,source/extF80_to_i64_r_minMag.c
C,100-300,TimothyGu-libilbc,444e04be6988fbdcc039d775481ac22481ff9ff4,audio/voip/audio_channel.h,audio/voip/audio_channel.h
C,100-300,XboxDev-extract-xiso,f416b0f73a214adb5e41092b70a83e8835aa7693,libftp-5.0.1.modified.by.in/Ftpfopen.c,libftp-5.0.1.modified.by.in/Ftpfopen.c
C,100-300,accellera-official-systemc,dafc5d281177ffc872c496f06025ec0499bf580e,src/tlm_core/tlm_1/tlm_req_rsp/tlm_adapters/tlm_adapters.h,src/tlm_core/tlm_1/tlm_req_rsp/tlm_adapters/tlm_adapters.h
C,100-300,airdcpp-web-airdcpp-webclient,500d3dbe3479d5a094127ca705a77dc126fd2e83,airdcpp/DirectoryListingManager.h,airdcpp/DirectoryListingManager.h
C,100-300,airdcpp-web-airdcpp-webclient,500d3dbe3479d5a094127ca705a77dc126fd2e83,airdcpp/modules/AutoSearch.h,airdcpp/modules/AutoSearch.h
C,100-300,airdcpp-web-airdcpp-webclient,d58c32eb02eb981eac0223da5ab62f1c368a65b2,airdcpp/UploadManager.h,airdcpp/UploadManager.h
C,100-300,alexandervdm-gummi,8ae28f1241f9ea678f9df38f00e00449a3adae94,src/main.c,src/main.c
C,100-300,ansilove-libansilove,5a181a168f9db5ff4a9815587b6823a4f5c97d34,src/loaders/icedraw.c,src/loaders/icedraw.c
C,100-300,ansilove-libansilove,d673800496ff0eee9c39c1f66a530eebcf64e361,src/loaders/binary.c,src/loaders/binary.c
C,100-300,ar--incron,1347c850246c78ba8f7d3ccab807a3c4ece8d8c6,executor.h,executor.h
C,100-300,astromatic-scamp,1bca8f46e18ee8d558df2512ac046463c45125a9,src/samples.h,src/samples.h
C,100-300,awslabs-aws-c-common,b54e18936ae55d2f528b45dc7269880d3c98312d,source/external/libcbor/cbor/bytestrings.c,source/external/libcbor/cbor/bytestrings.c
C,100-300,azelpg-azpainter,cfb91c0a0020698129f619cf6ca31fccded2d829,mlk/src/gui/x11/mlk_x11_xinput2.c,mlk/src/gui/x11/mlk_x11_xinput2.c
C,100-300,baruch-gpart,cb2e9e61cff1a40c18a68e59ab66b304a7a6f07c,src/gm_bsddl.h,src/gm_bsddl.h
C,100-300,bassdr-alsaequal,c201991c9b432b5236449aed498b36e66385b16b,pcm_equal.c,pcm_equal.c
C,100-300,brunonymous-tecnoballz,0a4ad7a6da006a5e013f0069b84e918d7df15e67,include/handler_popup_menu.h,include/handler_popup_menu.h
C,100-300,cacalabs-libcaca,bd2cff9e94cd71807f692aab89a40266009e52a7,caca/driver/conio.c,caca/driver/conio.c
C,100-300,cburstedde-p4est,bb3e91319e0435284428234e2abe35c23404293a,src/p4est_geometry.h,src/p4est_geometry.h
C,100-300,cdidier-irssi-xmpp,4964beea51c769851d62ecb6dbfeae95ff48a260,src/core/xep/ping.c,src/core/xep/ping.c
C,100-300,cowsql-cowsql,f729091556a267ac90625c38975e52b1754fe8b9,test/unit/lib/test_byte.c,test/unit/lib/test_byte.c
C,100-300,cryfs-cryfs,935b66ffab76f6eef4049d802e74ce94188a7e08,vendor/cryptopp/vendor_cryptopp/keccak.h,vendor/cryptopp/vendor_cryptopp/keccak.h
C,100-300,cryptodev-linux-cryptodev-linux,dafa42cadc86b5fa25faf033a116ea77b6698391,zc.c,zc.c
C,100-300,dcreager-libcork,1d677e4ce8b9d50b8e5bebe949d55665cd392d90,include/libcork/ds/buffer.h,include/libcork/ds/buffer.h
C,100-300,dmtx-libdmtx,b65ff367ad90ab29568a5719b2ec07a2c2a6d8e8,dmtxbytelist.c,dmtxbytelist.c
C,100-300,dolphin-emu-dolphin,a8b40a218c659eca91572a3b9a0d5c38bf87301a,Externals/libiconv/lib/mac_cyrillic.h,Externals/libiconv-1.14/lib/mac_cyrillic.h
C,100-300,erincatto-Box2D,30b6000505d793dac913f3c6cac1923069f35111,src/array.h,src/array.h
C,100-300,esnet-iperf,e919e8c21baf653930952a2a2e9ad10bb691e625,src/tcp_info.c,src/tcp_info.c
C,100-300,exfatprogs-exfatprogs,b2205767a814bd250ee9730798335316139b2283,include/libexfat.h,include/libexfat.h
C,100-300,fredrik-johansson-arb,e189290d343125cab2c53df32a8439e12f5a4819,arb/mul.c,arb/mul.c
C,100-300,garglk-garglk,ffee9a2a2f83751744b00e5c07449daade1a7ae3,terps/bocfel/zterp.h,terps/bocfel/zterp.h
C,100-300,gnuradio-volk,baa9c71bc1a62c27e641517e42b9652c10cf9096,kernels/volk/volk_32f_reciprocal_32f.h,kernels/volk/volk_32f_reciprocal_32f.h
C,100-300,godotengine-godot,371485758a25fccb8f06908f0359a720a2dc880f,modules/jolt_physics/spaces/jolt_space_3d.h,modules/jolt_physics/spaces/jolt_space_3d.h
C,100-300,godotengine-godot,a447ac95ec170ee117c2eae55f1bfff0d0cf0dce,servers/display/accessibility_server.h,servers/display/accessibility_server.h
C,100-300,godotengine-godot,b815c88decbcbebd2c78fedeb4e103ba8fd2ad5f,drivers/metal/rendering_shader_container_metal.h,drivers/metal/rendering_shader_container_metal.h
C,100-300,gogglesmm-gogglesmm,c4d2b9565133f2131a3bb2ecb32dec88a3184cf0,gap/ap_socket.h,gap/ap_socket.h
C,100-300,google-cld3,2eb44173068fc9e02dd55e9a032a210d418c9fd7,src/fml_parser.h,src/fml_parser.h
C,100-300,google-glog,ec455f2cc1408bbc335cd3feadc8955440ab84f6,src/stacktrace_unwind-inl.h,src/stacktrace_unwind-inl.h
C,100-300,google-liblc3,125c68269617f63efac9c05745637633f6a581c8,tools/elc3.c,tools/elc3.c
C,100-300,google-zopfli,7113f4e96bd26df27c46d590df95e517b966f10d,src/zopflipng/zopflipng_lib.h,src/zopflipng/zopflipng_lib.h
C,100-300,greatscottgadgets-ubertooth,150a339bd2a284ece60a9e11616b401bddb29026,firmware/btbr/src/btphy/ll.c,firmware/btbr/src/btphy/ll.c
C,100-300,hboetes-mg,c05a7ef9b01493a75edefd600b08009f481e6839,help.c,help.c
C,100-300,hengband-hengband,cc55833bf40210446e431cf2b20cb63ae1db9759,src/system/dungeon/dungeon-definition.h,src/system/dungeon/dungeon-definition.h
C,100-300,hfst-hfst-ospell,14b1b2c57cae3c6c9757d989d61e395f67a13200,ZHfstOspellerXmlMetadata.h,ZHfstOspellerXmlMetadata.h
C,100-300,houseroad-foxi,c39033c71128e443b533ae67f9d4369957b56ced,foxi/onnxifi_dummy.c,foxi/onnxifi_dummy.c
C,100-300,hroptatyr-dateutils,3f588e49e9afe9633fad347029de25749dcaded0,lib/date-core-private.h,lib/date-core-private.h
C,100-300,i-rinat-apulse,0dea4a105340dad09db5744f5e207bf70c2b6d69,src/apulse-proplist.c,src/apulse-proplist.c
C,100-300,intel-metrics-library,e2d02d00770720096d3c97aaeae5eefbe3642d88,instrumentation/metrics_library/codegen/traits/ml_traits_include.h,instrumentation/metrics_library/codegen/traits/ml_traits_include.h
C,100-300,joewing-jwm,eadb9cd5a6cedaf3b55b20e9a453f65cb57fb155,src/clock.c,src/clock.c
C,100-300,jonas-tig,ea692774c5ae6daebbdb37ee3109b07dd14dadcc,src/map.c,src/map.c
C,100-300,lammps-lammps,706d89cc09dc377b70dd6cd6c8b96999bcca0ae5,src/KOKKOS/fix_langevin_kokkos.h,src/KOKKOS/fix_langevin_kokkos.h
C,100-300,lefcha-imapfilter,7e70efd854130fc48ad4ab4cc045e14895137f52,src/imapfilter.h,src/imapfilter.h
C,100-300,leogx9r-ryzen_smu,edbe38adedfbe3769dfc12611a1140022b06139c,smu.h,smu.h
C,100-300,leonardschardijn-Chirurgien,92b034bb8768691358cf8c1125eec9dc844c2a4c,chirurgien/formats/jpeg/jpeg-sos-marker.c,chirurgien/formats/jpeg/jpeg-sos-marker.c
C,100-300,liberfa-erfa,448a4ec82368959635f3132d2725ee72242af9bd,src/xys00a.c,src/xys00a.c
C,100-300,liberfa-erfa,56ad25bbd69a26b82689fc85d829f126480eae4d,src/taiut1.c,src/taiut1.c
C,100-300,liberfa-erfa,b1c4e0ccd11f3adb66508ba6c16e5ed214154af2,src/lteqec.c,src/lteqec.c
C,100-300,liberfa-erfa,ec968fb295d3cf0572c4f024bf3c5357d9258b7b,src/gc2gd.c,src/gc2gd.c
C,100-300,libnet-libnet,3be3dbefe93be4cacebf5c660f149160390887b9,src/libnet_raw.c,src/libnet_raw.c
C,100-300,libnet-libnet,53bdabdd6761773e1fc466e1f5250a29704b5503,src/libnet_link_pf.c,src/libnet_link_pf.c
C,100-300,libtom-tomsfastmath,a251347c50165d564f5a9a798e1d3f8b86ef1bb1,src/misc/fp_ident.c,src/misc/fp_ident.c
C,100-300,lsp-plugins-lsp-plugins,3441a7f4cc54c4268ad5e8834d5e7f9cde51dde8,include/core/util/Delay.h,include/core/util/Delay.h
C,100-300,lsp-plugins-lsp-plugins,3441a7f4cc54c4268ad5e8834d5e7f9cde51dde8,include/dsp/arch/x86/sse/fastconv/papply.h,include/dsp/arch/x86/sse/fastconv/papply.h
C,100-300,lsp-plugins-lsp-plugins,3441a7f4cc54c4268ad5e8834d5e7f9cde51dde8,include/ui/tk/widgets/LSPHyperlink.h,include/ui/tk/widgets/LSPHyperlink.h
C,100-300,lxqt-liblxqt,35bdb43a95792cc898ffc09d137ce71554efda67,lxqtnotification.h,lxqtnotification.h
C,100-300,mattdm-icebreaker,4f43031dc390f9cd523ac610543f00a6729a5e65,hiscore.c,hiscore.c
C,100-300,mavlink-c_library_v2,0e8a488cfa788afbf2c7569f62e023e0b6cf4bfd,AVSSUAS/AVSSUAS.h,AVSSUAS/AVSSUAS.h
C,100-300,miguelmarco-libhomfly,5b62760928fb22b7543f9964fe51e914e7bdfa33,lib/bound.c,lib/bound.c
C,100-300,mixxxdj-mixxx,6d228ac4fd795f82c46dbfe8a540f5aa7dec6a28,src/widget/wbasewidget.h,src/widget/wbasewidget.h
C,100-300,monero-project-monero,341771ac3e65f88a6e78ca805f8dde2ae6ba7924,src/rpc/zmq_pub.h,src/rpc/zmq_pub.h
C,100-300,mongrel2-mongrel2,68f93308c087898e0ea73e8fbdb2cff2172fb42e,src/polarssl/entropy_poll.c,src/polarssl/entropy_poll.c
C,100-300,mtytel-helm,0454059b9508dc81815048d5ce402e996f09f9fc,JUCE/modules/juce_audio_basics/midi/juce_MidiBuffer.h,JUCE/modules/juce_audio_basics/midi/juce_MidiBuffer.h
C,100-300,mtytel-helm,0454059b9508dc81815048d5ce402e996f09f9fc,JUCE/modules/juce_gui_basics/positioning/juce_RelativePointPath.h,JUCE/modules/juce_gui_basics/positioning/juce_RelativePointPath.h
C,100-300,nhorman-rng-tools,93e8d7edb32ec534bd43fc5c169dc06866d9cfeb,rngd_entsource.h,rngd_entsource.h
C,100-300,nils-ohlmeier-sipsak,0eb6017087cdd6bf042d386a582fd02a066fd290,src/transport.h,src/transport.h
C,100-300,ofiwg-libfabric,d4b22240fb44d1f2c9bb71d11a74b6190e1224b5,prov/lnx/src/lnx_mr.c,prov/lnx/src/lnx_mr.c
C,100-300,openlink-iODBC,32c16fc1f62405b13daba4482859d8fff0a48eb3,iodbc/trace/Columns.c,iodbc/trace/Columns.c
C,100-300,openlink-iODBC,4a74e3a3a4715d0a102588c09d866c81363e9745,iodbcadm/gtk/gui.h,iodbcadm/gtk/gui.h
C,100-300,openlink-iODBC,ea72910fe933c6b0a330f251825dc4643faf7fc5,iodbcinst/SQLGetInstalledDrivers.c,iodbcinst/SQLGetInstalledDrivers.c
C,100-300,openresty-echo-nginx-module,7740e11558b530b66b469c657576f5280b7cdb1b,src/ngx_http_echo_module.h,src/ngx_http_echo_module.h
C,100-300,oracle-bpftune,5c29d5493f0bee0bed92867d6e7a0da11bf4b2b2,src/udp_buffer_tuner.bpf.c,src/udp_buffer_tuner.bpf.c
C,100-300,owasp-modsecurity-ModSecurity-nginx,3f4b57df10ce43b1f1c722141f7621dc64838be8,src/ngx_http_modsecurity_common.h,src/ngx_http_modsecurity_common.h
C,100-300,pali-igmpproxy,7b0f4bd1c7f616787714371bf50c101f3f0d0be4,src/request.c,src/request.c
C,100-300,pali-igmpproxy,b07c23293008d4ad2a79bc3468e8d77ebff6edc1,src/request.c,src/request.c
C,100-300,pezmaster31-bamtools,1ad57867df0a3c5ce663cee4dd693145c1cb72d4,src/api/internal/bam/BamMultiMerger_p.h,src/api/internal/bam/BamMultiMerger_p.h
C,100-300,pianobooster-PianoBooster,394864415034f29b08533a021655b5ba63d0c0ad,src/Chord.h,src/Chord.h
C,100-300,pn2200-g3data,a7ce1c846cf917f9b35ab2eba408c1e92629d525,g3data/main.c,g3data/main.c
C,100-300,prikhi-lightdm-mini-greeter,cff8927dc020528cb67e8ece3f64b53221f497a5,src/config.c,src/config.c
C,100-300,psmokotnin-osm,8ae4407f4ac689ec9617e6927cdf7922e7f0fd12,src/source/source_abstract.h,src/source/source_abstract.h
C,100-300,pytorch-tensorpipe,52791a2fd214b2a9dc5759d36725909c1daa7f2e,tensorpipe/common/error.h,tensorpipe/common/error.h
C,100-300,pytorch-tensorpipe,52791a2fd214b2a9dc5759d36725909c1daa7f2e,tensorpipe/common/ringbuffer_role.h,tensorpipe/common/ringbuffer_role.h
C,100-300,qbasicer-qzdl,907316593452a5e21762b04b1e51172615a7ba2b,include/zdlcommon.h,include/zdlcommon.h
C,100-300,quantopian-libpy,b5f5a83253023553d3008914c352b50c6bb051aa,tests/test_utils.h,tests/test_utils.h
C,100-300,radioacoustick-Coil64,2fb152211ea578e6398f14d859b961ec5874d476,resolves.h,resolves.h
C,100-300,rdiankov-collada-dom,94433cd7445db88420cd239e6a3d87bcbd2883cc,dom/include/1.4/dom/domLibrary_animation_clips.h,dom/include/1.4/dom/domLibrary_animation_clips.h
C,100-300,relianoid-nftlb,69fe01aea06f1fafed8bbc0b59a0b4db00ad013c,zcutils/src/zcu_network.c,zcutils/src/zcu_network.c
C,100-300,sadko4u-lsp-plugins,3441a7f4cc54c4268ad5e8834d5e7f9cde51dde8,include/dsp/arch/native/pmath/minmax.h,include/dsp/arch/native/pmath/minmax.h
C,100-300,sahib-glyr,8db01d6f8d26c71df25f487a4fb814389f7b4026,spec/capi/check_api.c,spec/capi/check_api.c
C,100-300,sctp-lksctp-tools,1896c7127111189e39c3824a76527561477e80e4,src/func_tests/test_1_to_1_recvmsg.c,src/func_tests/test_1_to_1_recvmsg.c
C,100-300,sctp-lksctp-tools,a72de3e2c6d951ccf6b5669b298dda6a65be7a4c,src/func_tests/test_assoc_abort.c,src/func_tests/test_assoc_abort.c
C,100-300,stoeckmann-xwallpaper,dda77403fecae0bb285de4c03a0c5ac5fa799ed7,load_png.c,load_png.c
C,100-300,systemd-casync,e955f760b5a69f9e725659c8f143d0fbb209dd16,src/time-util.c,src/time-util.c
C,100-300,teeworlds-teeworlds,b895efa520d1047258737484a558d2af6e5bab06,src/engine/server/server.h,src/engine/server/server.h
C,100-300,tevador-polyseed,fa96a089287d6c7e04e09a8daf714717262419e1,include/polyseed.h,include/polyseed.h
C,100-300,tiotags-hin9,89c17ec35e24e3c75e2589f070bb4a83852c2567,external/examples/upload_file.c,external/examples/upload_file.c
C,100-300,tiotags-hin9,b44f3b41f96dfc5ba4dece4ceb726da267f1766d,src/http/utils/http_utils.c,src/http/utils/http_utils.c
C,100-300,tiotags-hin9,fa699acdddd88b6c2f5286b387dc6a58e127cdd5,external/basic/vfs/path.c,external/basic/vfs/path.c
C,100-300,tkengo-highway,34a9852e66950655eeedf12f354535c3ec7e0fd9,src/util.c,src/util.c
C,100-300,tree-sitter-tree-sitter-jsdoc,0c5d665d04bc4ab5efda348bae3e7e34f20f264a,src/tree_sitter/parser.h,src/tree_sitter/parser.h
C,100-300,vdr-projects-vdr-plugin-dvdswitch,a6193931be12663aa381e5a7d0b14613e613ddd8,commands.h,commands.h
C,100-300,vdr-projects-vdr-plugin-ffnetdev,0b8bf3d58c09daa4ef7ec5bc9e02efad001af097,tool_socket.h,tools/socket.h
C,100-300,vdr-projects-vdr-plugin-ttxtsubs,97501a96193c7e08f4e45721fbcc051407656db8,teletext.c,teletext.c
C,100-300,xmoto-xmoto,f803f0fa8bb7fad9d8b86ab29d149727887adcc0,src/xmscene/Bike.h,src/xmscene/Bike.h
C,100-300,zevenet-nftlb,c7b9ae659ca215fe9302aea89a35d3aa98bc8123,zcutils/src/zcu_log.c,src/tools.c
C,100-300,zmedico-diffball,baea02b24b19d5803f91596ff152d89f33a78e23,libcfile/bz2.c,libcfile/bz2.c
C,1000-3000,AKuHAK-hdl-dump,85e1149a8d21072b5416d718ca4930aeef2053c3,hdl_dump.c,hdl_dump.c
C,1000-3000,AyatanaIndicators-libayatana-appindicator-glib,864b830e2e7b85d8763142326f84bc7b38acde97,src/app-indicator.c,src/app-indicator.c
C,1000-3000,Blosc-c-blosc,35f236c60ad96812fd3ebfa17c38ee914db3528b,internal-complibs/zstd-1.5.6/legacy/zstd_v01.c,internal-complibs/zstd-1.5.5/legacy/zstd_v01.c
C,1000-3000,CNugteren-CLBlast,2a081972b20911ddf76a6b40df717c7d0c181268,include/clblast_c.h,include/clblast_c.h
C,1000-3000,Doom-Utils-deutex,718bad32e9e31463b4f9689f0d90e7ea891bbfee,src/ident.c,src/ident.c
C,1000-3000,EnergyMech-energymech,b4c6efaf0e4e980c5f054422a83340c250d1f694,src/net.c,src/net.c
C,1000-3000,GPUOpen-LibrariesAndSDKs-AMF,c48e50ad6c8723c006b2c145d8fa49ecc0651022,Thirdparty/ffmpeg/ffmpeg-6.0/win32/release/include/config_components.h,Thirdparty/ffmpeg/ffmpeg-5.1.2/win32/release/include/config_components.h
C,1000-3000,GPUOpen-LibrariesAndSDKs-HIPRT,e4db2d7613d19ab64d6eb126b0a32aefe82369b9,hiprt/impl/BvhNode.h,hiprt/impl/BvhNode.h
C,1000-3000,JNRowe-bfm,0da7ba79f9420c30add396200675bb7801dbd4de,bubblemon.c,bubblemon.c
C,1000-3000,JNRowe-bfm,fa8a29255ada462fcaae2e50b44cf08100ca0268,bubblemon.c,bubblemon.c
C,1000-3000,KhronosGroup-OpenCL-Headers,6137cfbbc7938cd43069d45c622022572fb87113,CL/cl_platform.h,CL/cl_platform.h
C,1000-3000,LLNL-sundials,4251c3499acf5ec5707be7e66b5029933bc030f6,src/cvodes/cvodes_impl.h,src/cvodes/cvodes_impl.h
C,1000-3000,LuaJIT-LuaJIT,f80b349d5490aa289b2925d297f3f3c618977570,src/lj_asm_arm.h,src/lj_asm_arm.h
C,1000-3000,LukashonakV-cava,c5d36aa55b3e3382fbd120468c127baa6d321794,cava.c,cava.c
C,1000-3000,NVIDIA-cudnn-frontend,9793df569ce413f4b1844a9176f7ae24dd981603,include/cudnn_frontend/graph_interface.h,include/cudnn_frontend/graph_interface.h
C,1000-3000,NVIDIA-egl-wayland2,b37bd166b487e9c867cdb95f718ac80bdffcb946,src/base/platform-base.c,src/base/platform-base.c
C,1000-3000,OpenPrinting-libcupsfilters,5894f700c14467a77fefdf78a29360a0d14704e3,cupsfilters/pwgtopdf.c,cupsfilters/pwgtopdf.c
C,1000-3000,OpenPrinting-libppd,0ca86faf3b0f661a725abb33117a2e16611c240c,ppd/ppd-ipp.c,ppd/ppd-ipp.c
C,1000-3000,Syllo-nvtop,9784d78c1dd968ea552f3023d88ae8175dc8f7f8,src/interface.c,src/interface.c
C,1000-3000,VirtualGL-virtualgl,9be3ac21c66d0704b980dd4a6f8023724e6a365a,demos/glinfo_common.c,demos/glinfo_common.c
C,1000-3000,Yeraze-ytnef,1a7f49fff2971dc423671c2c391b13f13bb7e357,lib/ytnef.c,lib/ytnef.c
C,1000-3000,adaptivecomputing-torque,500a9faa1c0e2ad7e839d663d5219a0eac062278,src/lib/Libattr/attr_node_func.c,src/lib/Libattr/attr_node_func.c
C,1000-3000,adaptivecomputing-torque,8b51b91c32064073d62dcc655924407b76e62f03,src/server/req_delete.c,src/server/req_delete.c
C,1000-3000,alanxz-rabbitmq-c,d279b3e154fbee3d8cd19d86cac56c22b353e8ee,librabbitmq/amqp_socket.c,librabbitmq/amqp_socket.c
C,1000-3000,alonbl-gnupg-pkcs11-scd,0ffac54e0f61c640299fa7d2cd51c257676b02d1,gnupg-pkcs11-scd/scdaemon.c,gnupg-pkcs11-scd/scdaemon.c
C,1000-3000,amzn-amzn-drivers,6bba280e869536baa6e114b3c7a5bcfeda941971,kernel/linux/ena/ena_ethtool.c,kernel/linux/ena/ena_ethtool.c
C,1000-3000,appneta-tcpreplay,0c418ffc4a34c864c09b8778cc0503fb60487775,src/tcpedit/edit_packet.c,src/tcpedit/edit_packet.c
C,1000-3000,archiecobbs-s3backer,ddc4fbdfca298711b271abec1c4702be85e78e25,util.c,util.c
C,1000-3000,arkq-bluez-alsa,954e53dd196656d65dd4d237a22f247bab50af12,utils/aplay/aplay.c,utils/aplay/aplay.c
C,1000-3000,arut-nginx-rtmp-module,359d76b55593308a269f8824a7928be0f15b37b6,dash/ngx_rtmp_dash_module.c,dash/ngx_rtmp_dash_module.c
C,1000-3000,arut-nginx-rtmp-module,546c42efeb910fb6b7b592293f5737324ddd606a,hls/ngx_rtmp_hls_module.c,hls/ngx_rtmp_hls_module.c
C,1000-3000,astromatic-swarp,0b1ab086f9dd26265b76956511eac3e60a0d62ef,src/field.c,src/field.c
C,1000-3000,azelpg-azpainter,a11645269a5299bffcae9e1033d509e7e35f643c,mlk/src/widget/mlk_widgettextedit.c,mlk/src/widget/mlk_widgettextedit.c
C,1000-3000,baskerville-bspwm,d1aaed5c425248e645426f68b2281b0ca5dced7f,src/tree.c,src/tree.c
C,1000-3000,baskerville-sxhkd,8787bec80f9ed5479e43e0723e8a821e98e1004c,parse.c,parse.c
C,1000-3000,brimworks-lua-zlib,51429a9b37b8b13955b1c6b2c2f1cf64c2739791,lua_zlib.c,lua_zlib.c
C,1000-3000,canonical-snapd-glib,646a504dfc145047ec03dfb28137ba933bec16fa,snapd-glib/snapd-snap.c,snapd-glib/snapd-snap.c
C,1000-3000,cc65-cc65,1b85ab698545c14f14da2b975984f4c9270ced2f,src/ca65/scanner.c,src/ca65/scanner.c
C,1000-3000,chriso-bitset,061fa031d5b4b5e5a5cfce1a5c2633cc2d95218c,test/test.c,test/test.c
C,1000-3000,ckb-next-ckb-next,21033160af00f347bbd7a9524586b6dff446ec27,src/daemon/keymap.c,src/daemon/keymap.c
C,1000-3000,cryptodev-linux-cryptodev-linux,55c6315058fc0dd189ffd116f2cc27ba4fa84cb6,ioctl.c,ioctl.c
C,1000-3000,dcantrell-pyparted,a6b0f08de20ec1ec7247747f42793fe92a6695ce,src/pydisk.c,src/pydisk.c
C,1000-3000,dealii-dealii,7b31164d97d6a49c145e3561a21ce584de9a3eb4,include/deal.II/matrix_free/tools.h,include/deal.II/matrix_free/tools.h
C,1000-3000,distcc-distcc,08c1c9a28c9b6dbaeffb91c77ad25bcae81209bb,src/util.c,src/util.c
C,1000-3000,ebassi-graphene,1a4430f448e0fcc8188cfe9323f1a688d0486eae,include/graphene-simd4x4f.h,include/graphene-simd4x4f.h
C,1000-3000,eclipse-paho.mqtt.c,4b9103bc312e561461178d8bd6c7a00de20b4c8c,src/MQTTProtocolClient.c,src/MQTTProtocolClient.c
C,1000-3000,epsilonrt-mbpoll,1187de0b603880cb608773f5f9344781a53c4a77,src/mbpoll.c,src/mbpoll.c
C,1000-3000,erincatto-Box2D,867a0dc1767e51ac557b0a0e82edbda0503ad9fe,src/shape.c,src/shape.c
C,1000-3000,erincatto-Box2D,df9787b59e4480135fbd73d275f007b5d931a83f,src/dynamic_tree.c,src/dynamic_tree.c
C,1000-3000,eurogiciel-oss-connman-json-client,b0c7b58734a568f2136f2316614ff148c964c4be,engine.c,engine.c
C,1000-3000,exeldro-obs-source-record,64ec585badacb956c910f83b0e69696559dd0e42,source-record.c,source-record.c
C,1000-3000,exfatprogs-exfatprogs,171d2c1999a02219a8fa63500ed3e9f888edb282,lib/libexfat.c,lib/libexfat.c
C,1000-3000,exfatprogs-exfatprogs,b5c03150f40abfe8b2066fc5738414430ca41db1,lib/libexfat.c,lib/libexfat.c
C,1000-3000,fgont-ipv6toolkit,5bd7a3974f35badbff1ac824215294aa95b394e9,tools/udp6.c,tools/udp6.c
C,1000-3000,fgont-ipv6toolkit,93c4259c4d5e8e2f495559a834c8322951c9c013,tools/tcp6.c,tools/tcp6.c
C,1000-3000,flightaware-TclXML,d38e00edc33ea09d29cc0a79ab859abd7bd765c5,docObj.c,docObj.c
C,1000-3000,flowgrind-flowgrind,74960147c4c130096361f3534a9dd859e7b09a0e,src/flowgrind.c,src/flowgrind.c
C,1000-3000,folkertvanheusden-HTTPing,8d85775f42cb334f666ab46ce73c42e8770390d5,main.c,main.c
C,1000-3000,gansm-finalcut,32a5345ec20cd32fde3eed795d98a56f96d7bbad,examples/xpmimage.h,examples/xpmimage.h
C,1000-3000,greatscottgadgets-ubertooth,f51831bfb1cb04687cfc6ad382c941dab5e51661,firmware/bluetooth_rxtx/bluetooth_rxtx.c,firmware/bluetooth_rxtx/bluetooth_rxtx.c
C,1000-3000,gtk-gnutella-gtk-gnutella,2c347268c5702940c0415399423fa55e2c5c428c,src/lib/cq.c,src/lib/cq.c
C,1000-3000,gtk-gnutella-gtk-gnutella,4b1456f1a1beb827b6fff3835d771a3a9f932685,src/lib/cq.c,src/lib/cq.c
C,1000-3000,h2o-h2o,4f90e6853b814cb99f99b1d89b7974af947660c5,lib/handler/file.c,lib/handler/file.c
C,1000-3000,h2o-picotls,15a903bdcb6700c9e6872b95767f913d68eeb0d9,lib/openssl.c,lib/openssl.c
C,1000-3000,hashcat-princeprocessor,f1eeed72fcd496b8adf52e9f133b16f10fe08e4a,src/pp.c,src/pp.c
C,1000-3000,hashcat-princeprocessor,f662d8d2b798da608695531169c9fb9fc67bab6f,src/pp.c,src/pp.c
C,1000-3000,hroptatyr-dateutils,40106e9e226573f45564a660ee21bd1d288a7777,lib/dt-core.c,lib/dt-core.c
C,1000-3000,htacg-tidy-html5,0fe913eb7665a5321f18bb52650bcdac174aae96,src/tidylib.c,src/tidylib.c
C,1000-3000,icing-mod_h2,97cc1f915c2727d6d0b59afa1b1f73bd45229402,mod_http2/h2_util.c,mod_http2/h2_util.c
C,1000-3000,imageworks-Field3D,6819e8a542f3b4f1ac784e31a47877cb3e77c633,export/SparseFile.h,export/SparseFile.h
C,1000-3000,intel-metrics-discovery,908b71e32f4a159d0360199574a4e0d10ac36a5a,inc/common/instrumentation/api/metrics_discovery_api.h,inc/common/instrumentation/api/metrics_discovery_api.h
C,1000-3000,intel-metrics-library,3fd6eb0544fadcec2ac762aedee7c2d5d6479feb,instrumentation/metrics_library/codegen/traits/linux/ml_debug_helper.h,instrumentation/metrics_library/codegen/traits/linux/ml_debug_helper.h
C,1000-3000,jbruchon-dev86,57019a71f1d94636176fe9b50737e7cfb7797340,emu86/op-class.c,emu86/op-class.c
C,1000-3000,jemcek-packETH,7f7340a512db313f8ce20f46ba50c61382071594,src/loadpacket.c,src/loadpacket.c
C,1000-3000,jerryscript-project-jerryscript,aa7861daf2cb6ba45d12cc8c10a6dd86a7485275,jerry-core/include/jerryscript-core.h,jerry-core/include/jerryscript-core.h
C,1000-3000,jgemu-mgba,9ce366215bbedf2a49f666b99cfe4ca0e8039fa9,src/gb/core.c,src/gb/core.c
C,1000-3000,jorisvink-kore,f47f8d3f5e31b789a3a22ea439d10e1dbba8cf3c,src/config.c,src/config.c
C,1000-3000,jpirko-libteam,23ab49c4df0c06eb629ce2e3bb4c4dd7c527975a,teamd/teamd_runner_lacp.c,teamd/teamd_runner_lacp.c
C,1000-3000,kamel5-extrecmenung,3e70d93e3232a815f29f3ea2063759d91657b726,mymenu.c,mymenu.c
C,1000-3000,kfish-xsel,87f992933e27c95b140ea8504ea6ccaa6d47e2ad,xsel.c,xsel.c
C,1000-3000,kristapsdz-lowdown,cf38ce47223e063a0a32c137c1ba7746d2a71474,nroff.c,nroff.c
C,1000-3000,labwc-labwc,9f5ff391ccf37a3ad5be33a08f8ff9df161c7ba9,src/view.c,src/view.c
C,1000-3000,lbonn-rofi,0c3cbd0cfb71ed25b271471efa8b338dbe9036a6,source/xrmoptions.c,source/xrmoptions.c
C,1000-3000,lecram-rover,486a1459319a656b0b4b218c6451e629858d6060,rover.c,rover.c
C,1000-3000,libesmtp-libESMTP,d9fee2a3626b0697182bb333e4062421d2d9a521,protocol.c,protocol.c
C,1000-3000,libharu-libharu,555d4c0acc65324223e75d764b77124d22fcd59e,src/hpdf_fontdef_tt.c,src/hpdf_fontdef_tt.c
C,1000-3000,libmpack-libmpack-lua,4a4d8df31232ec2dd58c3e436fcddd7dfe0c90d0,lmpack.c,lmpack.c
C,1000-3000,libtom-libtomcrypt,6daff83d8239ace38aaad6062a450c277ebe2b7c,tests/ecc_test.c,tests/ecc_test.c
C,1000-3000,linux-rdma-qperf,83bc16e5fcc86100c828ac8ca320d094f1f44826,src/rdma.c,src/rdma.c
C,1000-3000,lsp-plugins-lsp-plugins,3441a7f4cc54c4268ad5e8834d5e7f9cde51dde8,include/dsp/arch/arm/neon-d32/graphics.h,include/dsp/arch/arm/neon-d32/graphics.h
C,1000-3000,lz4-lz4,2719f42eb5085a3e0ede720470f96c2dd2569550,lib/lz4hc.c,lib/lz4hc.c
C,1000-3000,lz4-lz4,41b00256a022512ab405905899ad5b926e0cd020,lib/lz4.c,lib/lz4.c
C,1000-3000,masneyb-gftp,6b541328ad64106d670ec3e7b91ba99d49f40342,src/gtk/gftp-gtk.c,src/gtk/gftp-gtk.c
C,1000-3000,mdbtools-mdbtools,a31a95056d1304efa4a8a97164d9a8936946052f,src/libmdb/backend.c,src/libmdb/backend.c
C,1000-3000,measurement-factory-dnstop,7325c4b3e6a1d6c97d447321265d87b3aa0f1f5d,dnstop.c,dnstop.c
C,1000-3000,mickael9-ioq3,5bf60a95041bce7b1f42fdf1a4550b57bf83da47,code/SDL2/include/SDL_hints.h,code/SDL2/include/SDL_hints.h
C,1000-3000,morrownr-8821cu-20210916,01cc26136310c09c4b2249f83271dc14c41fd8f3,include/ieee80211.h,include/ieee80211.h
C,1000-3000,morrownr-8821cu-20210916,43111f19724a9ca4e351769e0c3db88fbb6f84f5,os_dep/linux/usb_intf.c,os_dep/linux/usb_intf.c
C,1000-3000,mydumper-mydumper,600a0f25d95a2e9dc1f470fe313fc57acd3395b7,src/mydumper/mydumper_start_dump.c,src/mydumper/mydumper_start_dump.c
C,1000-3000,nils-ohlmeier-sipsak,e03190b0872b4088ed5d305f870eb57a755b6c75,src/shoot.c,src/shoot.c
C,1000-3000,npitre-cramfs-tools,a09c564bfd68b80ecaed47c03ad4d82b51a44a03,mkcramfs.c,mkcramfs.c
C,1000-3000,numactl-numactl,3361a63f7a81714b710398df628d6511cf3e9d50,libnuma.c,libnuma.c
C,1000-3000,o9000-tint2,372b51a4fad521b1135983a971f5ac21022df992,src/panel.c,src/panel.c
C,1000-3000,obsproject-obs-studio,d84ff0eb6fa7b32ba9629d3d27c92b391b0310cc,libobs/obs-video.c,libobs/obs-video.c
C,1000-3000,openbios-fcode-utils,d89219a0ac7adc28541a7afa1f4a7be0661fd73d,toke/flowcontrol.c,toke/flowcontrol.c
C,1000-3000,openlink-iODBC,321fe6a8a9a7e306efc1b24c7c0f5adc40b35a0b,include/sql.h,include/sql.h
C,1000-3000,openlink-iODBC,4a74e3a3a4715d0a102588c09d866c81363e9745,iodbc/execute.c,iodbc/execute.c
C,1000-3000,openlink-iODBC,7aaa55874140f5709a8df6135a57ea3af22998c4,iodbc/prepare.c,iodbc/prepare.c
C,1000-3000,openlink-iODBC,a030990ab353fcca7cb35a1e964256af8291fa3f,iodbcadm/gtk/administrator.c,iodbcadm/gtk/administrator.c
C,1000-3000,opensvc-multipath-tools,299f7478cfde3762ea545a5fa42dd5c3173b4282,libmultipath/configure.c,libmultipath/configure.c
C,1000-3000,opensvc-multipath-tools,496fcba5322ad9c7633e2d064bbe97431199e017,libmultipath/hwtable.c,libmultipath/hwtable.c
C,1000-3000,opensvc-multipath-tools,6f4cfc61e2daa26c91984bab1e380bda4ea2d9bd,libmultipath/print.c,libmultipath/print.c
C,1000-3000,opensvc-multipath-tools,a7e24015497695ca6185d5d46319b44f92acf831,multipath/main.c,multipath/main.c
C,1000-3000,openucx-ucx,03245a77a6f7ce6e6de3980e30a86e8cc2e31114,src/uct/ib/base/ib_iface.c,src/uct/ib/base/ib_iface.c
C,1000-3000,p2rkw-xf86-input-mtrack,857205a668271c6aaf80f5e1d081bb046fb602d8,src/gestures.c,src/gestures.c
C,1000-3000,phaag-nfdump,1c3ebb5b420902f42847057d95cf1081f6c82701,src/libnffile/flist.c,src/libnffile/flist.c
C,1000-3000,philj56-tofi,c6f539e065ca1a6f9a9048ce211132891afbbe6b,src/main.c,src/main.c
C,1000-3000,phmarek-fsvs,30a11603a580422c1f27644e48366008492b1577,src/ignore.c,src/ignore.c
C,1000-3000,ptpd-ptpd,18e9ffc63ebc582164c78c9750140fed6fcd2290,src/dep/snmp.c,src/dep/snmp.c
C,1000-3000,roberthawdon-dfshow,43e583cf6f8208ad4a16e7f8ce6b1c81cb765c71,src/showmenus.c,src/showmenus.c
C,1000-3000,ruby-json,7ddf3499d0c7b8112fdb814965845105c05a1e2e,ext/json/ext/parser/parser.c,ext/json/ext/parser/parser.c
C,1000-3000,sadko4u-lsp-plugins,0d04a2e308b00e30b9543294f01dc2f452ff563d,include/container/lv2/wrapper.h,include/container/lv2/wrapper.h
C,1000-3000,samhocevar-zzuf,947a5c4af0e109f7694aef05cbd67623e1cf2a7d,src/zzuf.c,src/zzuf.c
C,1000-3000,snapcore-snapd-glib,7ac5736d7142c9de9c3817b26b332fb38daa1991,snapd-glib/requests/snapd-json.c,snapd-glib/requests/snapd-json.c
C,1000-3000,stargo-micropolis,6f214ac0ef5899987197c2e4c9baa0b51a04c197,src/sim/w_sprite.c,src/sim/w_sprite.c
C,1000-3000,stephane-libmodbus,b15e4b064fa4ab94ad36e05f0ab2482707cc32a5,src/modbus-rtu.c,src/modbus-rtu.c
C,1000-3000,swaywm-swayidle,61d653fb7a752910f71efb3e7d08d75b266cf3ea,main.c,main.c
C,1000-3000,swiftlang-swift.git,66d15a18135457fddc4e3c8d8f06df2a3792a0f3,lib/ClangImporter/ImporterImpl.h,lib/ClangImporter/ImporterImpl.h
C,1000-3000,trusteddomainproject-OpenDMARC,9da59ec79d47f93d267b5e5ac4f5cda6542be89a,libopendmarc/opendmarc_spf.c,libopendmarc/opendmarc_spf.c
C,1000-3000,tux4kids-t4kcommon,26a8ee5001629ed08fbc8563117b2e9982cb3aa8,src/t4k_menu.c,src/t4k_menu.c
C,1000-3000,twekkel-htpdate,820f4b890309f3092637355464c3e35aad4245e2,htpdate.c,htpdate.c
C,1000-3000,twitter-twemproxy,abb362355eac054102a336bc18e4bb11a02dcc07,src/nc_conf.c,src/nc_conf.c
C,1000-3000,unbit-uwsgi,b6308cae818dab78da5f51eae8c903b6e2122b7a,plugins/python/python_plugin.c,plugins/python/python_plugin.c
C,1000-3000,vdr-projects-vdr-plugin-dvd,22b1ccf82a7884f5f59be049aca41e2566877ead,player-dvd.c,player-dvd.c
C,1000-3000,vdr-projects-vdr-plugin-osdteletext,d93d854c69ae2b75481ae06d43e92cd63b6e077d,osdteletext.c,osdteletext.c
C,1000-3000,vermaseren-form,01a66ec6c0959ee569b43a8cc16ada1da98519dd,sources/ftypes.h,sources/ftypes.h
C,1000-3000,vmware-open-vm-tools,c35063e1280f549342a993453cadff3cc12b8ca6,open-vm-tools/lib/include/x86cpuid.h,open-vm-tools/lib/include/x86cpuid.h
C,1000-3000,waywardgeek-sonic,9c77a22b4b5ab9f9891635a071e7295824ea6db0,sonic.c,sonic.c
C,1000-3000,wfeldt-libx86emu,0b1ef0a0daefcfb9efe27a87a70cf0d22b840e69,decode.c,decode.c
C,1000-3000,xkbcommon-libxkbcommon,acdf07c87a6d6969bb1dde966e860b92fde98490,tools/introspection.c,tools/introspection.c
C,1000-3000,yshui-picom,7a4fdd8214f3a1ea2b28efc2a4f44ff07d738ff1,src/x.c,src/x.c
C,1000-3000,zerotier-ZeroTierOne,0e5651f353b99302dd3571ef9dcebbffe52056df,include/ZeroTierOne.h,include/ZeroTierOne.h
C,30-100,3MFConsortium-lib3mf,ca53e4d3d73b835ab9c0c00274a736eecf4f732f,Include/Model/Reader/v093/NMR_ModelReaderNode093_Texture.h,Include/Model/Reader/v093/NMR_ModelReaderNode093_Texture.h
C,30-100,3MFConsortium-lib3mf,e0bc2937d525638dd8fda946b081ceb47f4aa2ef,Libraries/libzip/Source/zip_entry.c,Source/Libraries/libzip/zip_entry.c
C,30-100,3MFConsortium-lib3mf,ef1e79d13f63dfb6ab378dfda017711181eb84cb,Source/Libraries/libzip/zip_dir_add.c,Source/Libraries/libzip/zip_dir_add.c
C,30-100,AKuHAK-hdl-dump,3e04e5c31c3e413641b4228a886471313389cc08,svr/pktdrv/svr.h,svr/pktdrv/svr.h
C,30-100,ArcticaProject-nx-libs,390887b7487e5a769b2fe2a038404ed47e5c8e91,nx-X11/programs/Xserver/hw/nxagent/Keystroke.h,nx-X11/programs/Xserver/hw/nxagent/Keystroke.h
C,30-100,BelledonneCommunications-bcg729,2c3ff1ae1af9b1571e3e8644c067965def39b747,src/gainQuantization.h,src/gainQuantization.h
C,30-100,Cockatrice-Cockatrice,c5fde071e79c162fa20a74d133b97c9488a4cb95,cockatrice/src/interface/widgets/dialogs/dlg_tip_of_the_day.h,cockatrice/src/interface/widgets/dialogs/dlg_tip_of_the_day.h
C,30-100,Doom-Utils-deutex,473929651005626b9382fa341a596f8d52672e8e,src/tools.h,src/tools.h
C,30-100,FedoraQt-QGnomePlatform,4d4282f2bf1b89c1bdbcafb2bd7214051545ab37,src/common/hintprovider.h,src/common/hintprovider.h
C,30-100,GPUOpen-Drivers-xgl,f6a447e31ae7c4583c765042071f48421269cfce,icd/res/ver.h,icd/res/ver.h
C,30-100,GPUOpen-LibrariesAndSDKs-AMF,16f7d73e0b45c473e903e46981ed0b91efc4c091,amf/public/include/components/FRC.h,amf/public/include/components/FRC.h
C,30-100,GPUOpen-LibrariesAndSDKs-AMF,a118570647cfa579af8875c3955a314c3ddd7058,Thirdparty/ffmpeg/ffmpeg-5.1.2/arm64/release/include/libswresample/audioconvert.h,Thirdparty/ffmpeg/ffmpeg-4.3.2/arm64/release/include/libswresample/audioconvert.h
C,30-100,Governikus-AusweisApp,0e6ed0e910e9d610146f02e4fcb9786dc5b94df7,src/ui/qml/AuthModel.h,src/ui/qml/AuthModel.h
C,30-100,Governikus-AusweisApp,522d8b0b1069709d1000c6061b31056d8b433dd3,src/ui/qml/CertificateDescriptionModel.h,src/ui/qml/CertificateDescriptionModel.h
C,30-100,Governikus-AusweisApp,52e0547f544da99019edfdb1bdd99a78393bf087,src/network/PortFile.h,src/network/PortFile.h
C,30-100,Governikus-AusweisApp,68e416cc97afacf487aca0ccc4e892549d51bc0d,src/core/CertificateChecker.h,src/core/CertificateChecker.h
C,30-100,Governikus-AusweisApp,68e416cc97afacf487aca0ccc4e892549d51bc0d,src/core/states/remote_service/StateEstablishPaceChannelResponse.h,src/core/states/remote_service/StateEstablishPaceChannelResponse.h
C,30-100,Governikus-AusweisApp,68e416cc97afacf487aca0ccc4e892549d51bc0d,src/ui/widget/ReaderDeviceDialog.h,src/ui/widget/ReaderDeviceDialog.h
C,30-100,Governikus-AusweisApp,7e84e665cf04f2ee4cbc61694b22ebc5bd57f0c3,src/ifd/base/IfdConnector.h,src/ifd/base/IfdConnector.h
C,30-100,Governikus-AusweisApp,9484181f86afef007dee27d44ce7372004311484,src/ui/widget/CredentialDialog.h,src/ui/widget/CredentialDialog.h
C,30-100,Governikus-AusweisApp,e0710387ce7b818da297bf408aae0a58cfda4672,src/network/DatagramHandler.h,src/network/DatagramHandler.h
C,30-100,Governikus-AusweisApp,e0710387ce7b818da297bf408aae0a58cfda4672,src/ui/qml/PinResetInformationModel.h,src/ui/qml/PinResetInformationModel.h
C,30-100,Governikus-AusweisApp,e8349193a251350094b1db1153d7673dfc1c9805,src/card/nfc/NfcReaderManagerPlugIn.h,src/card/nfc/NfcReaderManagerPlugIn.h
C,30-100,Governikus-AusweisApp,fb0491a6cb9618eaff6a91d027c516970c25b960,src/core/states/remote_service/StateStartRemoteService.h,src/core/states/remote_service/StateStartRemoteService.h
C,30-100,JayDDee-cpuminer-opt,160608cce564c17f255d153f4e56a9c521504662,algo/lyra2/lyra2z330.c,algo/lyra2/lyra2z330.c
C,30-100,Jukic-cmdock,5e2797d6b6c3caa39d903d91a6d66b208f6634c5,include/RbtResources.h,include/RbtResources.h
C,30-100,Moonbase59-loudgain,804f481e6c459648390727ccac749889571c02cb,src/printf.h,src/printf.h
C,30-100,Ondsel-Development-OndselSolver,3d6a23a67828bc648c1dbac42ba542da3d79d658,OndselSolver/AbsConstraint.h,OndselSolver/AbsConstraint.h
C,30-100,Ondsel-Development-OndselSolver,85557e1fa484a42bcfd090809e169719f196350f,OndselSolver/TranslationConstraintIJ.h,OndselSolver/TranslationConstraintIJ.h
C,30-100,PixarAnimationStudios-OpenSubdiv,17530d964d082f9f59fd1b429c5501bb61178329,examples/farViewer/gl_fontutils.h,examples/farViewer/gl_fontutils.h
C,30-100,ProtonMail-proton-bridge,e5db9b1ccc275a8d79c991d6b6f1482e3ba4483c,internal/frontend/bridge-gui/bridge-gui-tester/GRPCQtProxy.h,internal/frontend/bridge-gui/bridge-gui-tester/GRPCQtProxy.h
C,30-100,ROCm-rocThrust,df75ae8520fad81f1dc9a4b3b66358137c34daa6,thrust/system/detail/sequential/trivial_copy.h,thrust/system/detail/sequential/trivial_copy.h
C,30-100,SrainApp-srain,9fddfc82d2ba1ba3dd3c845f936813a81b853f3d,src/filter/log_filter.c,src/filter/log_filter.c
C,30-100,TimothyGu-libilbc,3111783aa12b10719e242ec324f95d2340d9cef4,modules/audio_coding/codecs/ilbc/augmented_cb_corr.h,modules/audio_coding/codecs/ilbc/augmented_cb_corr.h
C,30-100,TokTok-c-toxcore,206ea35304bd95f108cc3b6e88c439c9bf9d874e,toxcore/ping.h,toxcore/ping.h
C,30-100,Tripwire-tripwire-open-source,f1525a267a00242837678da853df4c72ca8df178,src/db/db.h,src/db/db.h
C,30-100,aanatoly-fbpanel,3b5ab39027d9c6d242b961de06b0a2b115e5fbe6,panel/gtkbgbox.h,panel/gtkbgbox.h
C,30-100,adaptivecomputing-torque,2bf3dbc43e5d5a31ac4946be00ddc0f7f0b4aa2b,src/test/svr_resccost/test_uut.c,src/test/svr_resccost/test_uut.c
C,30-100,airdcpp-web-airdcpp-webclient,500d3dbe3479d5a094127ca705a77dc126fd2e83,airdcpp/Semaphore.h,airdcpp/Semaphore.h
C,30-100,airdcpp-web-airdcpp-webclient,6978e849c2cdc2dcf512aaf0207b1e8aab364132,airdcpp/AppUtil.h,airdcpp/AppUtil.h
C,30-100,airdcpp-web-airdcpp-webclient,9544073e5a4f2117cfa10cade4d3c2b852858e2d,airdcpp/SearchInstanceListener.h,airdcpp/SearchInstanceListener.h
C,30-100,airdcpp-web-airdcpp-webclient,afd5996faa71146dad546eb3cfc19ac218e82868,api/TransferUtils.h,api/TransferUtils.h
C,30-100,airdcpp-web-airdcpp-webclient,c771ae2363775f083f28f14b56ca2946a02b1ebb,airdcpp/StringSearch.h,airdcpp/StringSearch.h
C,30-100,alyptik-cepl,526521e8464021ed202cb9bab6884f11945d0590,src/readline.c,src/readline.c
C,30-100,antlr-antlr4,ea9cf6afeb0ae052ed40272a318b3da6de42895a,runtime/Cpp/runtime/src/ConsoleErrorListener.h,runtime/Cpp/runtime/src/ConsoleErrorListener.h
C,30-100,appneta-tcpreplay,1fd4d0944e10cbe6e152629860edd6afa70c7bc7,libopts/stdnoreturn.in.h,libopts/stdnoreturn.in.h
C,30-100,atheme-libmowgli-2,09c1ec87f032af666f9d569cd60a99671524a337,src/libmowgli/ext/program_opts.h,src/libmowgli/ext/program_opts.h
C,30-100,azelpg-azpainter,9f39eb08caa68efef7a717627f2e5abd6f5dd5b0,src/include/dialogs.h,src/include/dialogs.h
C,30-100,azelpg-azpainter,cfb91c0a0020698129f619cf6ca31fccded2d829,mlk/include/mlk_iniread.h,mlk/include/mlk_iniread.h
C,30-100,azelpg-azpainter,d0e14bf6e7d0fc717ce6b2b9dafe11205142b76d,mlk/include/mlk_colorprev.h,mlk/include/mlk_colorprev.h
C,30-100,bastibl-gr-ieee802-15-4,19dfad743df689087d677f7c143d2d8df69ec4d8,include/ieee802_15_4/dqpsk_mapper_ff.h,include/ieee802_15_4/dqpsk_mapper_ff.h
C,30-100,benmwebb-dopewars,7a3ecb9c6b642383aa48123c42911a8f5e8b39c3,src/gui_client/optdialog.h,src/gui_client/optdialog.h
C,30-100,brunonymous-tecnoballz,b75f558c1b4588491a0add69f42b1ec76e227129,include/sprite_wall.h,include/sprite_wall.h
C,30-100,cburstedde-p4est,1edc2f3bc4f6603c0a511432aa1d7dd1df3d2466,example/search/search_replicated3.c,example/search/search_partition3.c
C,30-100,cdidier-irssi-xmpp,c129ed14fb7f7540f0207299dc9ac838e0e5aae0,src/core/xep/muc-nicklist.h,src/core/xep/muc-nicklist.h
C,30-100,chaos-genders,b2e52acf299d0e587e0e536b49f1d7d4d8fbb5ab,src/libgenders/genders_parsing.h,src/libgenders/genders_parsing.h
C,30-100,chaos-scrub,90016be81199b41192c8c3ebd1feb9ee03b2ef1e,test/tsig.c,test/tsig.c
C,30-100,chennes-med,f17a48594d7c668eb68850284c50aeb9c5fe7159,src/ci/MEDfieldGeometryType.c,src/ci/MEDfieldGeometryType.c
C,30-100,chennes-med,f17a48594d7c668eb68850284c50aeb9c5fe7159,src/hdfi/MEDobjetsOuverts.c,src/hdfi/MEDobjetsOuverts.c
C,30-100,colobot-colobot,a16771425a46c0000efca18d29269f4ee1ce8f20,src/CBot/CBotInstr/CBotExprLitString.h,src/CBot/CBotInstr/CBotExprLitString.h
C,30-100,colobot-colobot,a16771425a46c0000efca18d29269f4ee1ce8f20,src/object/auto/autojostle.h,src/object/auto/autojostle.h
C,30-100,cubocore-libcprime,6489e96befd300302a3b731b7dddb9fc455a833c,cprime/variables.h,cprime/variables.h
C,30-100,davisp-jiffy,2de97923ed20638ef810e13014d2bda22d723c16,c_src/jiffy.h,c_src/jiffy.h
C,30-100,dogecoin-dogecoin,0d39941515ea7baf55b339a9a0cc3b03e5fb685f,src/validationinterface.h,src/validationinterface.h
C,30-100,dolphin-emu-dolphin,8efc4086f0cfaa412923422bfe15ca8124831205,Source/Core/DolphinQt/Settings/OnScreenDisplayPane.h,Source/Core/DolphinQt/Settings/OnScreenDisplayPane.h
C,30-100,fcambus-bdf2sfd,8035eef06bbc6efd49a4c017bc889e45e5295006,src/seccomp.h,src/seccomp.h
C,30-100,fmang-oshu,ce26e0bb9d17a48eb43020f7b2f4d8cc57e12ee6,include/game/osu.h,include/game/osu.h
C,30-100,godotengine-godot,abdde1b69d1a74c44043b4304950c857799b499c,modules/upnp/upnp_device.h,modules/upnp/upnp_device.h
C,30-100,gogglesmm-gogglesmm,07150e614037005640ab58a9d44f5eea01c54592,cfox/include/FXDDSImage.h,cfox/include/FXDDSImage.h
C,30-100,gogglesmm-gogglesmm,07150e614037005640ab58a9d44f5eea01c54592,cfox/include/FXRandom.h,cfox/include/FXRandom.h
C,30-100,grke-burp,20d3da94680b21bd359debb71b93c04ea930ddbb,src/cmd.h,src/cmd.h
C,30-100,gtk-gnutella-gtk-gnutella,b6bbded9735f4053f5e3b52af28eae71227a4b53,src/ui/gtk/filter.h,src/ui/gtk/filter.h
C,30-100,hengband-hengband,6f36465c079703ced9b1c583e6ea8703490b7b2b,src/wizard/wizard-spells.h,src/wizard/wizard-spells.h
C,30-100,hengband-hengband,f282becdb15f68734f0242787b2b8072bce1ef8a,src/system/angband-version.h,src/system/angband-version.h
C,30-100,i-rinat-apulse,dc009c9b395d5cdb59fdba20aa91e34402c7fbae,src/util.h,src/util.h
C,30-100,igbinary-igbinary,f67efc4a93e368d7b5b542b7902570a4954b5422,src/php7/igbinary.h,src/php7/igbinary.h
C,30-100,irssi-irssi,f2b97631e1209d60e77f2a918809c88bd37fdd04,src/irc/core/sasl.h,src/irc/core/sasl.h
C,30-100,jacktrip-jacktrip,80b49e825fd974b5792e9fecb060307c222467a9,src/vs/vsApi.h,src/vs/vsApi.h
C,30-100,jasmin-j-vdr-plugin-ddci2,8d145b92f3d2ade964480cf252c71c40aee07806,ddci2.h,ddci2.h
C,30-100,jgemu-jg,7aed016775af8033cdec25ef02f7f0dfe0982bfc,jg_vectrex.h,jg_vectrex.h
C,30-100,kismetwireless-lorcon,7dbf24ee6f7c277240c0fbd988b6902850577772,pylorcon2/PyLorcon2.h,pylorcon2/PyLorcon2.h
C,30-100,kode54-dumb,74414b91d904eb3c7c9fa084695178c1387cd7d0,src/it/loadamf.c,src/it/loadamf.c
C,30-100,liberfa-erfa,b1c4e0ccd11f3adb66508ba6c16e5ed214154af2,src/cpv.c,src/cpv.c
C,30-100,liberfa-erfa,b2039ecdb4a114dc38fe0a5644123971d3435abb,src/sxpv.c,src/sxpv.c
C,30-100,libimobiledevice-libimobiledevice-glue,2373fca9f98a718f3fb9d3cc0c109c21acf8ecf2,include/libimobiledevice-glue/socket.h,include/libimobiledevice-glue/socket.h
C,30-100,libtom-libtommath,782cda79bf1cc150b258f63c974799b909ae01ad,etc/drprime.c,etc/drprime.c
C,30-100,libtom-tomsfastmath,3bfaf74033cc770006b1e18c941ac83a5bfe1f8f,src/mul/fp_mul_comba_8.c,src/mul/fp_mul_comba_8.c
C,30-100,linux-ras-sysfsutils,4d24e25d6c04956481962e43fe5f93af8dadda7e,test/get_driver.c,test/get_driver.c
C,30-100,lsp-plugins-lsp-plugins,3441a7f4cc54c4268ad5e8834d5e7f9cde51dde8,include/ui/plugins/para_equalizer_ui.h,include/ui/plugins/para_equalizer_ui.h
C,30-100,lsp-plugins-lsp-plugins,3441a7f4cc54c4268ad5e8834d5e7f9cde51dde8,include/ui/tk/util/LSPUrlSink.h,include/ui/tk/util/LSPUrlSink.h
C,30-100,luceneplusplus-LucenePlusPlus,ac4abb3d6bfbcf08116a33f6c654e2f5104d8047,include/lucene++/PhraseQueue.h,include/lucene++/PhraseQueue.h
C,30-100,mattdm-icebreaker,4f43031dc390f9cd523ac610543f00a6729a5e65,win32_compatibility.c,win32_compatibility.c
C,30-100,metabrainz-libmusicbrainz,ef8deae7c758a46f78ef87a11a99460272cea718,include/musicbrainz5/List.h,include/musicbrainz5/List.h
C,30-100,miguelmarco-libhomfly,c7ef66bb143b5c22b4646e128b2556558aa24c4b,lib/order.h,lib/order.h
C,30-100,mothur-mothur,068759a9434d7ea88f1b712c71555aaf67721e33,source/commands/uniqueseqscommand.h,source/commands/uniqueseqscommand.h
C,30-100,mtytel-helm,0454059b9508dc81815048d5ce402e996f09f9fc,JUCE/modules/juce_gui_basics/widgets/juce_ImageComponent.h,JUCE/modules/juce_gui_basics/widgets/juce_ImageComponent.h
C,30-100,nwg-piotr-nwg-launchers,0bbe029067d528b0fc9bc7e6abde2f9b436625fd,common/charconv-compat.h,common/charconv-compat.h
C,30-100,ooxi-violetland,207fa0c3d07a8900449f228ac9fa7c8c803b5576,src/system/ControlStyle.h,src/system/ControlStyle.h
C,30-100,openbabel-openbabel,fbf096aeb3c769b32dfc655e81ad452224a0398e,src/ops/opisomorph.h,src/ops/opisomorph.h
C,30-100,openbios-fcode-utils,d89219a0ac7adc28541a7afa1f4a7be0661fd73d,detok/detok.h,detok/detok.h
C,30-100,openlink-iODBC,bc100e72f535fe72a0508a96596dd9a46fe4984b,iodbc/trace/SetStmtOption.c,iodbc/trace/SetStmtOption.c
C,30-100,openlink-iODBC,ea72910fe933c6b0a330f251825dc4643faf7fc5,iodbcadm/Info.c,iodbcadm/Info.c
C,30-100,opensvc-multipath-tools,852a1dfd9488395e9a907ff882a630f11d10935c,libmultipath/discovery.h,libmultipath/discovery.h
C,30-100,opensvc-multipath-tools,ea91463429610dc447be4759e36e87965ca01de2,libmultipath/prioritizers/rdac.c,libmultipath/prioritizers/rdac.c
C,30-100,pezmaster31-bamtools,a0c743f9d1a26a8603a030d6bf75473083afb122,src/api/SamReadGroup.h,src/api/SamReadGroup.h
C,30-100,pgmodeler-pgmodeler,7a459b433137226f3f737388bea33c1ac9726c9a,libs/libcore/src/pgsqltypes/identitytype.h,libs/libcore/src/pgsqltypes/identitytype.h
C,30-100,pgmodeler-pgmodeler,7a459b433137226f3f737388bea33c1ac9726c9a,libs/libparsers/src/csvdocument.h,libs/libparsers/src/csvdocument.h
C,30-100,phatina-simple-mtpfs,76be4031702325260db9be194197b1a8b50f6550,src/simple-mtpfs-type-dir.h,src/simple-mtpfs-type-dir.h
C,30-100,ptpd-ptpd,68d892c12578dfcbf627e328dc51fe8d84692f29,src/ptp_timers.h,src/ptp_timers.h
C,30-100,punesemu-puNES,b4c29c2c75df7601eecd81a1c4cd2b739dee89a8,src/core/mappers/mapper_138.c,src/core/mappers/mapper_138.c
C,30-100,punesemu-puNES,b4c29c2c75df7601eecd81a1c4cd2b739dee89a8,src/core/mappers/mapper_147.c,src/core/mappers/mapper_147.c
C,30-100,pwmt-zathura-pdf-poppler,1415b49d2125fcde3a73570f58ed87c6d96d2029,attachments.c,attachments.c
C,30-100,quadrantsec-sagan,05429522aca41a826e55b2c5ca845de75a694573,src/xbit.h,src/xbit.h
C,30-100,quadrantsec-sagan,f11d8b8971205c97ed5e13b20dd0a4defeac4327,src/ignore-list.h,src/ignore-list.h
C,30-100,radioacoustick-Coil64,42cff668475d104835bea380f4dd989c8418aac0,mthread_calculate.h,mthread_calculate.h
C,30-100,rafaelmartins-cgisysinfo,354a18f8c600cff1ba14ae40d5a6edb7315ac39b,src/main.c,src/main.c
C,30-100,relianoid-nftlb,a69e95d49a1439b227bcada9ee7eceb59ffc3756,include/addresses.h,include/addresses.h
C,30-100,rescrv-libmacaroons,01907f7389da4d44593bc7952fa4476af8c23abd,varint.c,varint.c
C,30-100,resurrecting-open-source-projects-packit,bee394232b08cb628a54d494f42d5aae1b4d052e,src/exit.h,src/exit.h
C,30-100,resurrecting-open-source-projects-packit,bee394232b08cb628a54d494f42d5aae1b4d052e,src/print_capture.h,src/print_capture.h
C,30-100,rofafor-vdr-plugin-rssreader,d14f59468db47da5cc14c00274ab3f7f64011e75,config.c,config.c
C,30-100,s3fs-fuse-s3fs-fuse,3fd5b3e628dd8752d636d64202462cb0ab9a0b17,src/s3fs.h,src/s3fs.h
C,30-100,sadko4u-lsp-plugins,3441a7f4cc54c4268ad5e8834d5e7f9cde51dde8,include/dsp/common/fastconv.h,include/dsp/common/fastconv.h
C,30-100,sahib-glyr,349e88825039655fa98c67b4cad7bd4bb3060040,lib/intern/photos/picsearch.c,lib/intern/photos/picsearch.c
C,30-100,sahib-glyr,921b5bb55a075ae325e078bcc2ad81b92201c832,lib/config.h,lib/config.h
C,30-100,sahib-glyr,e26d3213dba00a514fdfee998e1bc0f194708f93,lib/register_plugins.h,lib/register_plugins.h
C,30-100,sciapp-gr,31a868267423312e00183d74c5a47a214d51f20e,lib/gks/gksquartz.h,lib/gks/gksquartz.h
C,30-100,shiromino-shiromino,f72779d7630604dab39b31291fd741db9e4af14e,src/Debug.h,src/Debug.h
C,30-100,smbolton-hexter,7aa38f449b203a164a1abefc1be349df885f35e3,src/gui_interface.h,src/gui_interface.h
C,30-100,smbolton-hexter,7aa38f449b203a164a1abefc1be349df885f35e3,src/hexter_types.h,src/hexter_types.h
C,30-100,smplayer-dev-smplayer,b62faa90efb6c6be8e0938a42e70fbfb3916feb6,src/filesettingsbase.h,src/filesettingsbase.h
C,30-100,snapcore-snapd-glib,7ac5736d7142c9de9c3817b26b332fb38daa1991,snapd-glib/requests/snapd-post-change.h,snapd-glib/requests/snapd-post-change.h
C,30-100,svend-cuetools,00764bc468edb2d72e5bcc532039e6c24f721aea,src/lib/cuefile.c,src/lib/cuefile.c
C,30-100,syslog-ng-syslog-ng,8ad73c5ed8d9cddbbfe3b3ea4f3cfdad5b6116e3,lib/logproto/logproto-http-server.h,lib/logproto/logproto-http-server.h
C,30-100,twitter-twemproxy,d627f53d0e1f1b48779df4457c5cb191b017eaac,src/nc_array.h,src/nc_array.h
C,30-100,vanhauser-thc-thc-ipv6,f48342bb08a0ef70cc72eecb548c4d4ae4f804f7,fps.h,fps.h
C,30-100,vdr-projects-vdr-plugin-duplicates,1f68da4ab12ed7473208285fe7f98c8d0231a79b,recording.h,recording.h
C,30-100,vdr-projects-vdr-plugin-menuorg,edcd570a06ed28ffa661fd5e127b6f1729c098a6,src/RecursiveMenuSetup.h,src/RecursiveMenuSetup.h
C,30-100,whoozle-android-file-transfer-linux,a43083ccb9cc2439ac57041337bfe12e7cf8d525,mtp/ptp/EventCode.h,mtp/ptp/EventCode.h
C,30-100,wirbel-at-vdr-portal-vdr-plugin-femon,2bcf1bbadc44a2885d40050434f2ff8e210e4616,log.h,log.h
C,30-100,wmww-gtk4-layer-shell,f8b99b42e927258e344abfd24d8c9e5c5783cdaa,src/xdg-surface-server.h,src/xdg-surface-server.h
C,30-100,zmedico-diffball,17d753ef7ed94877de3d035bef8fa9b142552681,libcfile/internal.h,libcfile/internal.h
C,300-1000,Aorimn-dislocker,95e2483dfedfdc4dbd74652702504626a0e4eec7,include/dislocker/metadata/datums.h,include/dislocker/metadata/datums.h
C,300-1000,Blosc-c-blosc,5052e00173260c03f474d7405bf68a5718d6cc81,internal-complibs/zlib-1.3.1/test/example.c,internal-complibs/zlib-1.2.13/test/example.c
C,300-1000,CVC4-CVC4-archived,e37d0c385d698d46f14fb30e5a44de63c686fadb,test/unit/expr/node_black.h,test/unit/expr/node_black.h
C,300-1000,ClassiCube-ClassiCube,01ff9ecdc3bb57769f44b0d33b80ca091da34ade,src/Graphics_SoftMin.c,src/Graphics_SoftMin.c
C,300-1000,Dr-Noob-cpufetch,40374121b8b1397112c925b024e8a61c062357aa,src/common/udev.c,src/common/udev.c
C,300-1000,FiniteSingularity-obs-composite-blur,3dad1901da42ce26a2b9f4a127f0b79de946e704,src/obs-composite-blur-filter.h,src/obs-composite-blur-filter.h
C,300-1000,FrodeSolheim-fs-uae,4895aba32185d71de47d8041cf8f741ded113176,od-fs/fsemu/fsemu-input.c,od-fs/fsemu/fsemu-input.c
C,300-1000,GPUOpen-Drivers-xgl,c4ca1f6077c7fecc8df2ad2ed8719fb943b4e4b1,icd/api/include/compiler_solution.h,icd/api/include/compiler_solution.h
C,300-1000,GPUOpen-Drivers-xgl,e9782eb33ce5e5e4ed2e339542a28c1b933624b4,icd/api/include/vk_formats.h,icd/api/include/vk_formats.h
C,300-1000,JayDDee-cpuminer-opt,4e3f1b926fda35d197617d215d02ef7d971c67fe,algo/x16/x16r-gate.h,algo/x16/x16r-gate.h
C,300-1000,JayDDee-cpuminer-opt,fc696dbbe5e5555c5859c59228f92e0a798bd916,algo/groestl/sph_groestl.h,algo/groestl/sph_groestl.h
C,300-1000,KhronosGroup-OpenCL-ICD-Loader,ee329edc23258a53f9b5799446f7417d853ee143,loader/icd_dispatch.c,loader/icd_dispatch.c
C,300-1000,LukashonakV-cava,d2a8762c6faf4ff25b572501d182cfb49bc52038,input/winscap.c,input/winscap.c
C,300-1000,Mange-rtl8192eu-linux-driver,97bac22d5bb8e901ec290152c97a75e20acb69c9,include/rtw_io.h,include/rtw_io.h
C,300-1000,NICMx-Jool,6597088eaeda507c045fe71bbb04742c798ae3da,src/usr/argp/main.c,src/usr/argp/main.c
C,300-1000,OpenVisualCloud-SVT-VP9,7ff45ce33b74eaee443dce4b4748909d732458d2,Source/Lib/Codec/EbPictureControlSet.h,Source/Lib/Codec/EbPictureControlSet.h
C,300-1000,OpenVisualCloud-SVT-VP9,897b015de085a85d298e8ea421663fe0083857dd,Source/Lib/Codec/EbPictureOperators.h,Source/Lib/Codec/EbPictureOperators.h
C,300-1000,Pulse-Eight-platform,f9126b8d4672fc6138126e38d1271fcb01060d54,src/windows/inttypes.h,src/windows/inttypes.h
C,300-1000,ROCm-hipSPARSE,91972f96b47c867efa740eef8d84fe74fa9e2050,library/include/internal/generic/hipsparse_spsv.h,library/include/internal/generic/hipsparse_spsv.h
C,300-1000,SDL-Hercules-390-telnet,2d9f219a3fc21413ed651f54b483d65f87ede4ef,include/telnet.h,include/telnet.h
C,300-1000,TimothyGu-libilbc,cd064edf2c6c104a4e1fd87b34fd24cfa6dbe401,ilbc.h,ilbc.h
C,300-1000,Yubico-yubikey-personalization,aa9bfa87f1a645186eaca996ada8b007c76ac4cf,ykcore/ykcore.c,ykcore/ykcore.c
C,300-1000,airdcpp-web-airdcpp-webclient,a5848aca0439f91c3ba3a27324d5fade2e7624e6,airdcpp/File.h,airdcpp/File.h
C,300-1000,alevt-alevt,0d61a74053e6fd2df352746d1c745d6d25be8b40,vbi.c,vbi.c
C,300-1000,amadvance-advancecomp,13d34c012b90c750845a727c53d49fd5c8abdc84,libdeflate/hc_matchfinder.h,libdeflate/hc_matchfinder.h
C,300-1000,anrieff-libcpuid,8bd070d3ac8f7ffde0bff340bc2f5bb600138d2c,libcpuid/recog_intel.c,libcpuid/recog_intel.c
C,300-1000,appneta-tcpreplay,ba4cd31243d4e2ad582dab1847098a1efcd21c06,src/tcpedit/tcpedit.c,src/tcpedit/tcpedit.c
C,300-1000,arsv-u2ps,246d24e62e8cbc018ce3307253ee389ea86eafb6,u2ps_opts.c,u2ps_opts.c
C,300-1000,azelpg-azpainter,9f39eb08caa68efef7a717627f2e5abd6f5dd5b0,src/widget/dlg_envopt_btt.c,src/widget/dlg_envopt_btt.c
C,300-1000,bitcoin-bitcoin,e2c1bd3d713ffe0b8eede711e84f64e0fe4ae836,src/kernel/bitcoinkernel.h,src/kernel/bitcoinkernel.h
C,300-1000,bitcoin-core-secp256k1,1b6e081538cc9a171157ec858c4aac19deb7d6cc,include/secp256k1.h,include/secp256k1.h
C,300-1000,bulletphysics-bullet3,60882931494f9d2378c095ed85f70bb271edfedc,examples/ThirdPartyLibs/Eigen/src/Core/Redux.h,examples/ThirdPartyLibs/Eigen/src/Core/Redux.h
C,300-1000,canonical-dqlite,a7dbde52b7f3a8ecf8a68982df7bd5a0f163c3ed,src/raft/uv_snapshot.c,src/raft/uv_snapshot.c
C,300-1000,canonical-snapd-glib,646a504dfc145047ec03dfb28137ba933bec16fa,examples/snap-glib.c,examples/snap-glib.c
C,300-1000,causes--nbwmon,6fd8d7d124368a4453f395a1e24a6fe67e1eae3e,nbwmon.c,nbwmon.c
C,300-1000,cc65-cc65,c0a1b1b887af536612987847c9344a1226bf4397,src/cc65/coptcmp.c,src/cc65/coptcmp.c
C,300-1000,cdidier-irssi-xmpp,b8a89918a4c8dd4f41c64ed08ec3e453a8680a15,src/fe-common/xmpp-completion.c,src/fe-common/xmpp-completion.c
C,300-1000,cowsql-raft,604c139b6d40982b4ae16cdee01b8611c30fc7dc,src/progress.c,src/progress.c
C,300-1000,dcreager-libcork,a89596ce224438c136ef0336a81c51262cad9cd3,src/libcork/core/allocator.c,src/libcork/core/allocator.c
C,300-1000,deathkiller-jazz2-native,76b894d5ed8b42e3f7e3c2150388fd7dd484fb39,Sources/Shared/IO/FileSystem.h,Sources/Shared/IO/FileSystem.h
C,300-1000,dmtx-dmtx-utils,c0a1d52b5e0824d6581046700dd2232dbab6b568,dmtxread/dmtxread.c,dmtxread/dmtxread.c
C,300-1000,dolphin-emu-dolphin,ddced1a070848d935bd1d140eed549a4cae89566,Source/Core/Core/AchievementManager.h,Source/Core/Core/AchievementManager.h
C,300-1000,duncanthrax-scream,34aa1a569842880e3ff9636ec5ca01d25bab382a,Receivers/unix/jack.c,Receivers/unix/jack.c
C,300-1000,dunst-project-dunst,1eecbefa477485a11009254fd7b4361033b2ccff,dunstify.c,dunstify.c
C,300-1000,ericmandel-funtools,bfda2d1dbae17345f079b78a0983c5e101391222,funcalc.c,funcalc.c
C,300-1000,esnet-iperf,7bdd5b0e2d401908f512ced6cfcc329d8ed0e815,src/iperf.h,src/iperf.h
C,300-1000,esnet-iperf,9d78f79903d126bc0270365eafdfdf6acfc2b9bc,src/iperf_error.c,src/iperf_error.c
C,300-1000,exfatprogs-exfatprogs,9eef8de0210aa4505a56e8f89aab1c8bbbb8ee47,mkfs/mkfs.c,mkfs/mkfs.c
C,300-1000,firnsy-barnyard2,0d5ad30834d954476834db70ce7bd98812d95c81,src/map.c,src/map.c
C,300-1000,foo86-dcadec,3a8b58ed575418ebb528bd10851c15edb3785622,libdcadec/dca_stream.c,libdcadec/dca_stream.c
C,300-1000,fredbcode-Vrrpd,3157f90f77084b42fcf39f77b45fc44a26c7f268,atropos.c,atropos.c
C,300-1000,fredrik-johansson-arb,e96a9b9959071a28999fdc29b6923577570cf616,acb_dirichlet/platt_multieval.c,acb_dirichlet/platt_multieval.c
C,300-1000,freequaos-schedtool,c9ec39cea21363e249533643c20d6b9e0fdaa8a0,schedtool.c,schedtool.c
C,300-1000,ggreer-the_silver_searcher,630125a9242ae20721959563fbd500635820b8a1,src/ignore.c,src/ignore.c
C,300-1000,giuspen-cherrytree,21d61c4c9e7e1dded30f771377ed9c7699bc7674,src/ct/ct_misc_utils.h,src/ct/ct_misc_utils.h
C,300-1000,gnosek-fcgiwrap,d4c32ed0330c44f4edc5355112cafc4e1dc3aaad,fcgiwrap.c,fcgiwrap.c
C,300-1000,godotengine-godot,0ce92073aef12f77f064baf85afbb129811cc720,servers/rendering/renderer_rd/forward_clustered/scene_shader_forward_clustered.h,servers/rendering/renderer_rd/forward_clustered/scene_shader_forward_clustered.h
C,300-1000,godotengine-godot,b8389cc76bde87c709cf821e48c5c87ad2d74cdb,drivers/metal/rendering_device_driver_metal.h,drivers/metal/rendering_device_driver_metal.h
C,300-1000,godotengine-godot.git,b54d575636dec680954cd69d9d74bcdfa65c3819,thirdparty/freetype/src/pfr/pfrobjs.c,thirdparty/freetype/src/pfr/pfrobjs.c
C,300-1000,google-AFL,ac2b6ac3a74e24a41fe9560cee5c37b4e33d125c,afl-as.c,afl-as.c
C,300-1000,greatscottgadgets-ubertooth,c95fc9d9bdc27545cd6c5fa2545ed5a9463c0fc5,firmware/common/ubertooth.c,firmware/common/ubertooth.c
C,300-1000,gtk-gnutella-gtk-gnutella,b82f5a57ef9bb063302a4c2a16c31ba3e3fa535e,src/lib/sha1.c,src/lib/sha1.c
C,300-1000,gtownsend-icon,0b203919a69b997850da0a5010fe0ce890c54e5a,src/xpm/parse.c,src/xpm/parse.c
C,300-1000,hercules-team-augeas,8018934a58e904f3da0197db38c674da17e86ae3,src/internal.h,src/internal.h
C,300-1000,hyperrealm-libconfig,be4da0c2fd5d08cefb628af67b68d32907fc972a,tests/tests.c,tests/tests.c
C,300-1000,i-rinat-apulse,1ded2b10c6ffd6227e5fdceccd53a0493943fedf,src/apulse-common.c,src/apulse-common.c
C,300-1000,ice-wm-icewm,579fed7ebff7b9afcf25e81a71332e45f616283b,src/ywindow.h,src/ywindow.h
C,300-1000,icholy-ttygif,26738a0211093fad313ad826cd8e90b9bd3449f1,ttygif.c,ttygif.c
C,300-1000,imageworks-pystring,1080f1a199e246f02c8610b9cb45caef83829244,pystring.h,pystring.h
C,300-1000,iniparser-iniparser,861c4a858021eb26ead05ce7f92ae0008ff345df,src/iniparser.c,src/iniparser.c
C,300-1000,iptraf-ng-iptraf-ng,96b7a5e17dce341b083ae802501d5c1c1966a0a9,src/ifstats.c,src/ifstats.c
C,300-1000,irssi-irssi,455dcb18ecfa125469bf913655c5a9c1b31a7dd5,src/core/network-openssl.c,src/core/network-openssl.c
C,300-1000,ivmai-bdwgc,70759f1615fa69aeea1257b440d8eba6070c7895,mark_rts.c,mark_rts.c
C,300-1000,jacktrip-jacktrip,0525f7e6664d3c3941a0760770ba0c6ab6335a4e,src/gui/virtualstudio.h,src/gui/virtualstudio.h
C,300-1000,jax-ml-ml_dtypes,0512cac8c17222e4e36e17a2c1101696906815ef,ml_dtypes/include/intn.h,ml_dtypes/include/intn.h
C,300-1000,jca02266-lha,cac04476fbf56b8b99ea857ffde147e682f06ab8,src/lhext.c,src/lhext.c
C,300-1000,jd-sysrqd,e9479f8035ce8455e4737a60bb12e244dc809a10,sysrqd.c,sysrqd.c
C,300-1000,kernelslacker-x86info,ddb2fd64cc45b9fc5b8c94b3ec6c0ec7ff3901a9,vendors/amd/identify.c,vendors/amd/identify.c
C,300-1000,kode54-dumb,03827e669c3ded9f6aaabe1f24eb281f761f7a34,src/it/readmod.c,src/it/readmod.c
C,300-1000,kode54-dumb,050b1485b6ab2d60e5680733a21309fba2e837ae,dumb/include/dumb.h,dumb/include/dumb.h
C,300-1000,larsbrinkhoff-terminal-simulator,94f8bbd4400cbfaca4fee92053247b82bb105546,vt100/sdl.c,vt100/sdl.c
C,300-1000,larsbrinkhoff-terminal-simulator,c04a12bb2b9c873a8344b657fb62a421b3074a63,vt100/pusart.c,vt100/pusart.c
C,300-1000,leahneukirchen-cwm,ba75c139531d2a52dfa43a0302d9c8886ed1a820,calmwm.h,calmwm.h
C,300-1000,leetronics-infnoise,4dcf1d81dd8f59d3f0b6a44a1fe8b058257236c0,software/infnoise.c,software/infnoise.c
C,300-1000,liberfa-erfa,0e14fd6dcb2763590ac255422c2e5247606ea669,src/nut80.c,src/nut80.c
C,300-1000,libinjection-libinjection,76e2b7135259b79cdad966309109cee126314775,src/libinjection_xss.c,src/libinjection_xss.c
C,300-1000,librsync-librsync,b9b02490d2be2b83fbe36764c5064c5fc84614c8,src/librsync.h,src/librsync.h
C,300-1000,linbox-team-givaro,b0cf33e1d4437530c7e4b3db90b6c80057a7f2f3,src/kernel/field/gfqext.h,src/kernel/field/gfqext.h
C,300-1000,linbox-team-givaro,cd5e1ef6a06899cc75b9cf593317924dbebd1c61,src/kernel/gmp++/gmp++_int_compare.C,src/kernel/gmp++/gmp++_int_compare.C
C,300-1000,linux-apfs-apfsprogs,86b270b6a6a70a492b318fbe649b3f27d8505227,apfsck/extents.c,apfsck/extents.c
C,300-1000,lvc-vtable-dumper,343522bf3a042cd374bdf2357e01630c6da1da2e,dump-vtable.c,dump-vtable.c
C,300-1000,marvinkreis-rofi-file-browser-extended,65aee04e94cf93f226a24dbde7dc5149b431ba9f,src/filebrowser.c,src/filebrowser.c
C,300-1000,mavlink-c_library_v2,0e8a488cfa788afbf2c7569f62e023e0b6cf4bfd,common/mavlink_msg_smart_battery_info.h,common/mavlink_msg_smart_battery_info.h
C,300-1000,maxsatula-ocp,b22ec2651da1319b6c8599f2ac66a75d7d9479b6,src/transfercompr.c,src/transfercompr.c
C,300-1000,mickael9-ioq3,a740ba47dd2410396cc2405e7a224a82bbf44684,code/renderergl1/tr_marks.c,code/renderergl1/tr_marks.c
C,300-1000,microsoft-mimalloc,0ae310327f83abd3b354bf03b819f3595be0daf2,src/prim/windows/prim.c,src/prim/windows/prim.c
C,300-1000,microsoft-mimalloc,d7431402c5ef192a5d9c277abdc2fb4640abc4c1,src/prim/unix/prim.c,src/prim/unix/prim.c
C,300-1000,mupen64plus-mupen64plus-rsp-hle,4e116a85a1fe1c12cbed30116a4a98175916839f,src/plugin.c,src/plugin.c
C,300-1000,mupen64plus-mupen64plus-video-glide64mk2,8601df82e00486e3865f41e7cee09625f63e2118,src/Glitch64/glitchmain.h,src/Glitch64/glitchmain.h
C,300-1000,nfs-ganesha-ntirpc,ff4499f9dc63294e0a6cc66ed5912835f7548d45,src/clnt_generic.c,src/clnt_generic.c
C,300-1000,openlink-iODBC,32c16fc1f62405b13daba4482859d8fff0a48eb3,iodbcinst/SQLInstallDriver.c,iodbcinst/SQLInstallDriver.c
C,300-1000,openstack-liberasurecode,688a64c5168ad525d981f5213ae1861354a89c61,src/backends/rs_vand/liberasurecode_rs_vand.c,src/backends/rs_vand/liberasurecode_rs_vand.c
C,300-1000,opensvc-multipath-tools,c78cf64a9e8e979d392a52b46d8f1accf97eeaf8,libdmmp/libdmmp.c,libdmmp/libdmmp.c
C,300-1000,pali-igmpproxy,55dad7387e8e49c5e0fe5c68138d7dcc60992d9d,src/igmpproxy.c,src/igmpproxy.c
C,300-1000,pali-udftools,76496bb66e69e02462ca16741692c5aec697f22a,cdrwtool/main.c,cdrwtool/main.c
C,300-1000,philj56-tofi,1eb6137572ab6c257ab6ab851d5d742167c18120,src/input.c,src/input.c
C,300-1000,postgrespro-rum,331863cd4ab4c9ff0c31f8407d0bf1e0292d90e4,src/ruminsert.c,src/ruminsert.c
C,300-1000,projg2-libtinynotify,bada2fa3532de32a041f371385426f47844f6335,lib/tinynotify.c,lib/tinynotify.c
C,300-1000,proot-me-PRoot,d8bf141fea07993793ba07eadad6fc9ff38fec18,src/syscall/exit.c,src/syscall/exit.c
C,300-1000,ptesarik-libkdumpfile,3796453174045b424cfba5a2c44d1e612e71e14e,tests/xlat-os.c,tests/xlat-os.c
C,300-1000,quotient-im-libQuotient,689584cd9bbe50f1ab28fff403c4127f9744d286,Quotient/jobs/jobhandle.h,Quotient/jobs/jobhandle.h
C,300-1000,rdesktop-rdesktop,c6d8b933c85f71ec27d8566904615c6ef2438b45,iso.c,iso.c
C,300-1000,redict-hiredict,31a5c3c445f3b1f15b3f7bdf1a430b9987ef17fc,src/net.c,net.c
C,300-1000,rockowitz-ddcui,7c2f0d61492ed2d6e682273294573685c5adf102,src/c_util/error_info.c,src/c_util/error_info.c
C,300-1000,rwpenney-cryptmount,3de6019b873692ccb92b83acd05ee4939efe2edf,armour.c,armour.c
C,300-1000,samtools-samtools,d9cf1aa81a19ada3202ff1416601102d1233b826,sam_view.c,sam_view.c
C,300-1000,sctp-lksctp-tools,1896c7127111189e39c3824a76527561477e80e4,src/func_tests/test_basic.c,src/func_tests/test_basic.c
C,300-1000,shelter-reschroot,a7e401ba2b4929d39017ee6eef5221e0b3e2097e,doc/historical/sbuild-chroot-helper.c,doc/historical/sbuild-chroot-helper.c
C,300-1000,sleuthkit-sleuthkit,b03fdc0b456d169c9c6df26140147d0dd94a55a8,bindings/java/jni/dataModel_SleuthkitJNI.h,bindings/java/jni/dataModel_SleuthkitJNI.h
C,300-1000,snapcore-snapd-glib,7ac5736d7142c9de9c3817b26b332fb38daa1991,tests/test-qt.h,tests/test-qt.h
C,300-1000,stressapptest-stressapptest,2ea87b7996f4f433d5d946eaf8f0d2f6fd18c144,src/worker.h,src/worker.h
C,300-1000,stressapptest-stressapptest,77bd46a6712b7feeb9c04be29590b402fbc34e91,src/os.h,src/os.h
C,300-1000,stressapptest-stressapptest,eea0aac32a3f522ea51d389f44dcd8abcfc5a6e0,src/sat.h,src/sat.h
C,300-1000,strophe-libstrophe,d8fd6e6d146205a73bc7b01c7fdf9f6511a8f767,strophe.h,strophe.h
C,300-1000,structureio-OpenNI2,b8aae20cf480dcca7ee3f6b3b203bb9123b9a4f8,ThirdParty/PSCommon/XnLib/Include/XnOS.h,ThirdParty/PSCommon/XnLib/Include/XnOS.h
C,300-1000,symengine-symengine,088aa01bf4ba020e22b7492086abdc08b37a5f7f,symengine/cwrapper.h,symengine/cwrapper.h
C,300-1000,syslog-ng-syslog-ng,b64f0c4699f1216c175d3015e9a1fa3db8aa082c,modules/kafka/kafka-source-worker.c,modules/kafka/kafka-source-worker.c
C,300-1000,systemd-systemd-bootchart,6fbc82c34060ec62e91715fd7b647c3966452a11,src/bootchart.c,src/bootchart.c
C,300-1000,teeworlds-teeworlds,695d3de64f1bbe077292ffdd065833941c391339,src/game/client/gameclient.h,src/game/client/gameclient.h
C,300-1000,texane-stlink,e7f41b2965d95eff75114c6f89f13c24cb7357a2,src/st-trace/trace.c,src/st-trace/trace.c
C,300-1000,theZiz-aha,835b3a085fe8f07879b00bca939d0f1a7fe4bd1d,aha.c,aha.c
C,300-1000,theabolton-whysynth,947fa82a04b284b43603b0c9cbb79a81201863ee,src/common_data.c,src/common_data.c
C,300-1000,thkukuk-yp-tools,18eeea0e4f5f198e25336d35ff50f43a4d8190bf,nss_nis6/nis-service.c,nss_nis6/nis-service.c
C,300-1000,trusteddomainproject-OpenDMARC,3973149736c06dbf61a6e7f8ad156565fe293f0d,libopendmarc/opendmarc_spf_dns.c,libopendmarc/opendmarc_spf_dns.c
C,300-1000,typingArtist-vdr-plugin-remote,94eddfbd41f41a6b4c66353eaa633c8fdd9383e2,ttystatus.c,ttystatus.c
C,300-1000,uNetworking-uSockets,f19f98e928eae2c3f0fa8fded8a5aac11fc2650a,src/libusockets.h,src/libusockets.h
C,300-1000,unicorn-engine-unicorn,479b0c23947ba61ca13c24c5cda23ee43b1d64e6,qemu/target/i386/excp_helper.c,qemu/target/i386/excp_helper.c
C,300-1000,uriparser-uriparser,0164c75910fd4464746ea6fd9dc4216845df78af,src/UriShorten.c,src/UriShorten.c
C,300-1000,vanhauser-thc-thc-ipv6,f48342bb08a0ef70cc72eecb548c4d4ae4f804f7,thc-ipv6.h,thc-ipv6.h
C,300-1000,wojtekka-6tunnel,345593eac8c534b911dc2d4bfbe1e546373d686a,6tunnel.c,6tunnel.c
C,300-1000,xiph-libao,7ca4a73510c5a8ae5253c213417c2eb2146e3695,src/plugins/pulse/ao_pulse.c,src/plugins/pulse/ao_pulse.c
C,300-1000,zmedico-diffball,2ea401713ce487a4fe22673124596f532eb423cf,libdiffball/hash.c,libdiffball/hash.c
C,3000+,3MFConsortium-lib3mf,3a30defc17ceeff181c775f6247f9bb2cff7fd74,Autogenerated/Bindings/CDynamic/lib3mf_dynamic.h,Autogenerated/Bindings/CDynamic/lib3mf_dynamic.h
C,3000+,AcademySoftwareFoundation-openvdb,aba9a149eb73e6d8e685c137fbc9b37deda55d1a,nanovdb/nanovdb/NanoVDB.h,nanovdb/nanovdb/NanoVDB.h
C,3000+,ArcticaProject-nx-libs,5323e2ceac684f0f688e81fd1dcda29a30204dc4,nx-X11/programs/Xserver/hw/nxagent/Screen.c,nx-X11/programs/Xserver/hw/nxagent/Screen.c
C,3000+,ArcticaProject-nx-libs,70fde4c748a0466343d308c79ecd4853499b58f1,nx-X11/programs/Xserver/hw/nxagent/Clipboard.c,nx-X11/programs/Xserver/hw/nxagent/Clipboard.c
C,3000+,ArcticaProject-nx-libs,e9a0f94d058c4297e279bae98fbb7fc0ed5ed4c4,nx-X11/programs/Xserver/hw/nxagent/compext/Compext.c,nx-X11/programs/Xserver/hw/nxagent/compext/Compext.c
C,3000+,Atoptool-atop,9f40a3330aa326a15d5497b59e4b81386f7814e9,showgeneric.c,showgeneric.c
C,3000+,ColinIanKing-powerstat,ba65074e0f65bb2573f57380db4a7196739e37d9,powerstat.c,powerstat.c
C,3000+,GNS3-dynamips,06e14e0f67bc1d5cf767de78bbe8221057969e95,stable/mips64_x86_trans.c,stable/mips64_x86_trans.c
C,3000+,GPUOpen-LibrariesAndSDKs-AMF,ba07d1b3c7c7ee0d846125cffc1d6d78a020c45a,Thirdparty/ffmpeg/ffmpeg/ffmpeg-7.0/arm64/release/include/libavcodec/avcodec.h,Thirdparty/ffmpeg/ffmpeg/ffmpeg-6.0/arm64/release/include/libavcodec/avcodec.h
C,3000+,GPUOpen-LibrariesAndSDKs-AMF,ba07d1b3c7c7ee0d846125cffc1d6d78a020c45a,amf/public/src/components/Capture/DeckLinkMedia/DeckLinkAPI_h.h,amf/public/src/components/Capture/DeckLinkMedia/DeckLinkAPI_h.h
C,3000+,GPUOpen-LibrariesAndSDKs-AMF,c48e50ad6c8723c006b2c145d8fa49ecc0651022,amf/public/src/components/Capture/DeckLinkMedia/DeckLinkAPI_h.h,amf/public/src/components/Capture/DeckLinkMedia/DeckLinkAPI_h.h
C,3000+,GPUOpen-LibrariesAndSDKs-VulkanMemoryAllocator,9c711eeb4cd2bb6ff6c6a7445b537b722852e2ac,include/vk_mem_alloc.h,include/vk_mem_alloc.h
C,3000+,GPUOpen-LibrariesAndSDKs-VulkanMemoryAllocator,fc2cea529d799e15815a54882a4a2fa646c014d2,include/vk_mem_alloc.h,include/vk_mem_alloc.h
C,3000+,HewlettPackard-netperf,0dbda2d6d72d130740569c5bdb49f21c00ab5e91,src/netlib.c,src/netlib.c
C,3000+,HewlettPackard-netperf,bcd199bddc18e501729dd25f592aabd2243946fd,src/nettest_bsd.c,src/nettest_bsd.c
C,3000+,Joshua-Ashton-vkroots,d413079fc9d5a176e36294d06100e31383f28566,vkroots.h,vkroots.h
C,3000+,KhronosGroup-OpenXR-SDK,858912260ca616f4c23f7fb61c89228c353eb124,include/openxr/openxr_reflection.h,include/openxr/openxr_reflection.h
C,3000+,KhronosGroup-Vulkan-Tools,17e6fb5043bd0435edef55330bcd026047caf62a,icd/generated/function_declarations.h,icd/generated/function_declarations.h
C,3000+,Mange-rtl8192eu-linux-driver,34ec2383872e3eabb32a94dd75d05477c4357c36,core/rtw_recv.c,core/rtw_recv.c
C,3000+,Mange-rtl8192eu-linux-driver,3555bdb25800fe9fb280c64663ab2e3a46762d63,os_dep/linux/ioctl_linux.c,os_dep/linux/ioctl_linux.c
C,3000+,Mange-rtl8192eu-linux-driver,81a5bb2aa201c053562cf62fc44dc6d37b9688d7,core/rtw_mlme_ext.c,core/rtw_mlme_ext.c
C,3000+,NVIDIA-egl-wayland,448034502fdabc4ec60fb94051f981c5a901103b,src/wayland-eglsurface.c,src/wayland-eglsurface.c
C,3000+,NagiosEnterprises-ndoutils,8ce650f99bd0321ded0b4da094cd56eb2cc13783,src/ndomod.c,src/ndomod.c
C,3000+,OpenVisualCloud-SVT-VP9,1b08a141204b500e64458c1a92f95b3898013674,Source/Lib/VPX/vp9_rdopt.c,Source/Lib/VPX/vp9_rdopt.c
C,3000+,ROCm-amdsmi,85e37bb6ce4ac36ee9dbcc8ed2866c7b134d4b6c,include/amd_smi/amdsmi.h,include/amd_smi/amdsmi.h
C,3000+,SRI-CSL-yices2,7bf641924bf44ac7eb064d30c97e8869926873b3,src/include/yices.h,src/include/yices.h
C,3000+,SourceArcade-flashprog,1da029331d6dade08ed181f8b2c87d3cf02a0489,flashchips.c,flashchips.c
C,3000+,Terraspace-UASM,eb3adcb0454e15a3a572ae013cbc8fce6def5d9b,parser.c,parser.c
C,3000+,Thalhammer-jwt-cpp,5a4c6ebc1723aa85b70e50d5017f06ee5e7aa6b1,include/jwt-cpp/jwt.h,include/jwt-cpp/jwt.h
C,3000+,Trepan-Debuggers-remake,18925e67bf81f954a06ce6a719f8ed4e5b0fbdec,src/main.c,src/main.c
C,3000+,ValveSoftware-openvr,4c85abcb7f7f1f02adaf3812018c99fc593bc341,headers/openvr_driver.h,headers/openvr_driver.h
C,3000+,ValveSoftware-openvr,d35c04ca3d7ddb762afa4a1c6c4a9d5de992cda7,headers/openvr.h,headers/openvr.h
C,3000+,VectorCamp-vectorscan,eecad13b13d40dd8cebae7257e4d35503cfa4f1f,src/rose/program_runtime.c,src/rose/program_runtime.c
C,3000+,ZDoom-ZMusic,56d2cd68cc1d3f7305b6547e4c3e9a928049cce5,thirdparty/libxmp/src/loaders/vorbis.c,thirdparty/libxmp/src/loaders/vorbis.c
C,3000+,aabc-ipt-netflow,57a30fb545ca8f7cae55ed4a7bdbf41bcc90552d,ipt_NETFLOW.c,ipt_NETFLOW.c
C,3000+,abacus-gene-paml,571ee8798916447efb77db371b98f1b14362d558,src/tools.c,src/tools.c
C,3000+,adaptivecomputing-torque,11f83eae1eb4d32daa82fc631b0ff9d13f554b19,src/resmom/mom_main.c,src/resmom/mom_main.c
C,3000+,adaptivecomputing-torque,169dae61fe2460afca25933f0d0b51ff9314573d,src/resmom/parse_config.c,src/resmom/parse_config.c
C,3000+,adaptivecomputing-torque,e3fce8277a98465d97dcf225c3bff00db79dec38,src/cmds/qsub_functions.c,src/cmds/qsub_functions.c
C,3000+,adaptivecomputing-torque,f8bb66c2d33fd43f08747b0fb1a5d6612eefd995,src/cmds/qstat.c,src/cmds/qstat.c
C,3000+,amadvance-advancemame,a414e480e4666e9f9be0d00922551b1ef12dd121,src/drivers/neogeo.c,src/drivers/neogeo.c
C,3000+,andmarti1424-sc-im,51439e8de3aedcae8a7e8c44454e7b2fe8b0df70,src/cmds/cmds.c,src/cmds/cmds.c
C,3000+,awslabs-aws-c-mqtt,c1ab0e25c07b0d54bfed4bff04ad00114fe0db44,source/v5/mqtt5_client.c,source/v5/mqtt5_client.c
C,3000+,bitcoin-core-secp256k1,37d2c60beca394e8f4733c65f5d558eb302cac06,src/tests.c,src/tests.c
C,3000+,bitlbee-bitlbee-facebook,3e698f675edcbc29fc8747eccdd22cfce48e3c28,facebook/facebook-api.c,facebook/facebook-api.c
C,3000+,canonical-snapd-glib,e0379d30bbb2c9a4928d4ddc0d08664f25be1f7b,tests/test-glib.c,tests/test-glib.c
C,3000+,cburstedde-p4est,692659f9a16e4801045c89f59d47b48ff523fa4b,src/p4est_connectivity.c,src/p4est_connectivity.c
C,3000+,cddlib-cddlib,825d2ea34f8c4b2d7607c66d47fc5d4f8f015f11,lib-src/cddlp.c,lib-src/cddlp.c
C,3000+,civetweb-civetweb,a87a7aaffd182ee5b5f158f74f5825728e162306,src/civetweb.c,src/civetweb.c
C,3000+,civetweb-civetweb,e92dbe12bfe0ff449a2f5a2f1984bb2c2dfb14bc,src/civetweb.c,src/civetweb.c
C,3000+,clsync-clsync,2eedf682f255ea57485abe881bfd63754a93fc2a,main.c,main.c
C,3000+,coin-or-SYMPHONY,75c2777d4dc961c26da42196cdc6725dad4f4373,src/LP/lp_wrapper.c,src/LP/lp_wrapper.c
C,3000+,conserver-conserver,9d2e25ed67e99819cf1b50a18707ea89637ea33a,conserver/group.c,conserver/group.c
C,3000+,containers-fuse-overlayfs,9810b85aad8c34c8913011041b0f98fd6242569c,main.c,main.c
C,3000+,cowsql-cowsql,fa8fe3ab1d6345db62ce4a0a45528b6e0a59f841,src/vfs.c,src/vfs.c
C,3000+,cvxopt-cvxopt,cc46cbd0cea40cdb8c6e272d3e709c268cd38468,src/C/sparse.c,src/C/sparse.c
C,3000+,davisking-dlib,7889cf3a2ad7e89ecfd067e7c99bc21ec7ee4b65,dlib/dnn/layers.h,dlib/dnn/layers.h
C,3000+,dealii-dealii,ace070a29fec7bc52d647df6ef9e92a1390f21f1,include/deal.II/fe/fe_interface_values.h,include/deal.II/fe/fe_interface_values.h
C,3000+,dottedmag-x2x,a96c38d6cf7ac1f8dee5913c1ab3e3cdb4131833,x2x.c,x2x.c
C,3000+,eclipse-paho.mqtt.c,6b1fee426e13cbbdd4339a0fc481f6a17ed2fdb4,src/MQTTAsyncUtils.c,src/MQTTAsyncUtils.c
C,3000+,esheldon-fitsio,12f2375b4d8c8ef81fc68b874a84169d56d43072,fitsio/fitsio_pywrap.c,fitsio/fitsio_pywrap.c
C,3000+,esnet-iperf,aeed006dcf65ef3eb31bcb090d442514fcf58188,src/iperf_api.c,src/iperf_api.c
C,3000+,esnet-iperf,d77d64e2e305aed345c638976423c4957a33ab13,src/iperf_api.c,src/iperf_api.c
C,3000+,esnet-iperf,daea2dc307cb2b1e2c76ebe4d00659d321e13442,src/iperf_api.c,src/iperf_api.c
C,3000+,exeldro-obs-move-transition,0aa1f9816b7452c9433d4d9409c5d4fa7001fad2,nvidia-move-filter.c,nvidia-move-filter.c
C,3000+,fabiangreffrath-crispy-doom,4fd19a0f991e4977e4ac65f7cca3321be0da1a40,src/hexen/sv_save.c,src/hexen/sv_save.c
C,3000+,fabiangreffrath-crispy-doom,d5bbfe287f2e26fce01e0ee183b44f7ba10268a0,src/hexen/mn_menu.c,src/hexen/mn_menu.c
C,3000+,fltk-nanosvg,34a6c493e78105e3900fa59a8946f4e6c120f4fc,src/nanosvg.h,src/nanosvg.h
C,3000+,fte-team-fteqw,7044287d4936c910f2197588cf0201c4ae59a428,engine/client/clq2_ents.c,engine/client/clq2_ents.c
C,3000+,godotengine-godot,7ac0eef82801fce2e069262c1a6149e2251bcfa2,thirdparty/libpng/pngread.c,thirdparty/libpng/pngread.c
C,3000+,godotengine-godot.git,230adb7511b5298d67970f14990ae53f8be96e17,thirdparty/d3d12ma/D3D12MemAlloc.h,thirdparty/d3d12ma/D3D12MemAlloc.h
C,3000+,gogo-protobuf,e656a9777c0cf3a08386bc474363c84e2887f523,ruby/ext/google/protobuf_c/ruby-upb.h,ruby/ext/google/protobuf_c/ruby-upb.h
C,3000+,gtk-gnutella-gtk-gnutella,436515f33880efdee810eee51d09c41a12577942,src/core/uploads.c,src/core/uploads.c
C,3000+,gtk-gnutella-gtk-gnutella,8150d308171743e2b5522651742fd69cfcf57b82,src/core/share.c,src/core/share.c
C,3000+,gtk-gnutella-gtk-gnutella,acab6b53f3ba7140ecc4d90b3368ae4d89909a5c,src/core/share.c,src/core/share.c
C,3000+,h2o-h2o,9514d1dac4775145a4d75c6b89de156bfe55bbe0,src/main.c,src/main.c
C,3000+,hypre-space-hypre,677cf0f6b5f1678a8378db8687defb050139fdf5,src/parcsr_ls/mup_fixed.c,src/parcsr_ls/mup_fixed.c
C,3000+,intel-libva-utils,30da35aaa3f4ca3ebd5ee6268b6394b20ee01d19,encode/av1encode.c,encode/av1encode.c
C,3000+,ipmitool-ipmitool,4d4f29f0b60b395941c3e7768ce43ccb890da5f7,lib/ipmi_sel.c,lib/ipmi_sel.c
C,3000+,jeremyevans-aqualung,e49f31ba779c938fa6dd3eaf848c68735e3386f5,src/build_store.c,src/build_store.c
C,3000+,jerryscript-project-jerryscript,5480cc39730b0355fc1898dfcac645affc69a133,jerry-core/ecma/operations/ecma-objects.c,jerry-core/ecma/operations/ecma-objects.c
C,3000+,jmacd-xdelta-gpl,bf0c8992055b4e66488a2b8de56c353c573268ac,xdelta3/xdelta3-main.h,xdelta3/xdelta3-main.h
C,3000+,jmacd-xdelta-gpl,bf0c8992055b4e66488a2b8de56c353c573268ac,xdelta3/xdelta3.c,xdelta3/xdelta3.c
C,3000+,jmacd-xdelta-gpl,ee2d187cc451a277606e4a3452fdc510ac14b19a,xdelta3/xdelta3.c,xdelta3/xdelta3.c
C,3000+,jonasmr-microprofile,9f23527012543849cdbcb1c3319c2f5139e02a03,microprofile_html.h,microprofile_html.h
C,3000+,jorisvink-kore,4bd456a334bcf9679fe0f4e762d9c3a86915727d,src/python.c,src/python.c
C,3000+,kode54-dumb,15c9b0d47b302f09348e69c9b5d22e505d916909,src/it/itrender.c,src/it/itrender.c
C,3000+,leanprover-lean4,057b70b443d99c08be8b0f193cfa0690b42d0185,stage0/stdlib/Lean/Data/Lsp/Ipc.c,stage0/stdlib/Lean/Data/Lsp/Ipc.c
C,3000+,leanprover-lean4,057b70b443d99c08be8b0f193cfa0690b42d0185,stage0/stdlib/Lean/Meta/Tactic/Grind/Intro.c,stage0/stdlib/Lean/Meta/Tactic/Grind/Intro.c
C,3000+,lewdlime-abcm2ps,18bafb48eeaec5d398c3f0eb4d6956b63d8344de,parse.c,parse.c
C,3000+,libgit2-libgit2,933b62eedf127f31f2371e37a711f11b4896c239,src/libgit2/merge.c,src/libgit2/merge.c
C,3000+,libsixel-libsixel,50e784c52bf36e8584d445aa0da1dcc3508d0c6a,src/stb_image.h,src/stb_image.h
C,3000+,linux-rdma-opensm,f5c21ce6dd5964feb0b1bd638a5e7a82dd7bac69,osmtest/osmtest.c,osmtest/osmtest.c
C,3000+,linux-rdma-rdma-core,7b1a686bc3c7107d774ba18f9f177977c0859090,librdmacm/cma.c,librdmacm/cma.c
C,3000+,miloyip-rapidjson,55eca66f3921124436af6ac8b1e16ba7c4048060,include/rapidjson/schema.h,include/rapidjson/schema.h
C,3000+,mlmmj-mlmmj,f70a843ef39fee32b51aae659577cd32e227453d,tests/mlmmj.c,tests/mlmmj.c
C,3000+,mreineck-pocketfft,4a86cda27099a4ef5f8db43176642801fa35419b,pocketfft_hdronly.h,pocketfft_hdronly.h
C,3000+,mreineck-pocketfft,5e872190dcdfec1945b3cbf22b0b937ccbf9d129,pocketfft_hdronly.h,pocketfft_hdronly.h
C,3000+,mreineck-pocketfft,764893f3f232d778608025d1256a1c814ce0139e,pocketfft_hdronly.h,pocketfft_hdronly.h
C,3000+,mupen64plus-mupen64plus-core,1639bb0df1c9db512fde2269bd67c7923157ef9d,src/device/r4300/new_dynarec/new_dynarec.c,src/device/r4300/new_dynarec/new_dynarec.c
C,3000+,neovim-tree-sitter-vimdoc,b711df784dd43d0a8ed8ddbfca0ddcc3239d94b4,src/parser.c,src/parser.c
C,3000+,nfc-tools-libnfc,7ad18a21203eca6817538c79da93e35b45ce2c4b,libnfc/chips/pn53x.c,libnfc/chips/pn53x.c
C,3000+,nzjrs-osm-gps-map,ab0cc3d20fc0e4e68587bfbee279c4efa2284e2f,src/osm-gps-map-widget.c,src/osm-gps-map-widget.c
C,3000+,o9000-tint2,dba0e66646d7d7fb12bbf7874b6aa9c1c1ef4b19,src/tint2conf/properties.c,src/tint2conf/properties.c
C,3000+,onekey-sec-sasquatch,9dee7011652fd6bb1bf841dcd89c5522f7481fbe,squashfs-tools/mksquashfs.c,squashfs-tools/mksquashfs.c
C,3000+,openlink-iODBC,81595889aa78ebc9c942a3820d1116472c86a5f1,iodbc/connect.c,iodbc/connect.c
C,3000+,osm-c-tools-osmctools,dec496223d4f197a6c012a34e0998bf9ae64e402,src/osmfilter.c,src/osmfilter.c
C,3000+,osm-c-tools-osmctools,ea56c2001a9d3fb70dfc208dfb0d7de45db2554d,src/osmfilter.c,src/osmfilter.c
C,3000+,pbiering-ipv6calc,82b79aa18e44cef48c63bbcfd84b8f769ce71bf6,databases/lib/libipv6calc_db_wrapper.c,databases/lib/libipv6calc_db_wrapper.c
C,3000+,pganalyze-libpg_query,82b52b252600bc59ce3215d54c848568dd3932cc,src/postgres_deparse.c,src/postgres_deparse.c
C,3000+,raduprv-Eternal-Lands,1717d9ba78e2f123a2b5462c95ea7bb8b589a7b9,widgets.c,widgets.c
C,3000+,samtools-bcftools,e412f746215c5c17b3bd89c5adb4ac758377f21c,filter.c,filter.c
C,3000+,samtools-bcftools,edc6dfa381bacaf3a97a0c24edf83c1a58705214,csq.c,csq.c
C,3000+,sane-project-backends,31a09f5500c9adfb4ff708fc124fe201a402c0db,backend/hp3900_rts8822.c,backend/hp3900_rts8822.c
C,3000+,sciapp-gr,e2cfb2f67cbc4b08d08f2aec043c9a038e1e25f2,lib/gr/mathtex2.c,lib/gr/mathtex2.c
C,3000+,sciapp-gr,ea4db4a940655e23b142b1bf261c83b5d6c32596,lib/gr/gr.c,lib/gr/gr.c
C,3000+,scottdraves-flam3,d52cd965e79a7aada78d905e423c4b4049c844cc,flam3.c,flam3.c
C,3000+,sctplab-usrsctp,3e0636a2f8cf37f8a6a9414fe8f75b987090d174,usrsctplib/netinet/sctputil.c,usrsctplib/netinet/sctputil.c
C,3000+,sctplab-usrsctp,848eca82f92273af9a79687a90343a2ebcf3481d,usrsctplib/netinet/sctp_input.c,usrsctplib/netinet/sctp_input.c
C,3000+,sctplab-usrsctp,a3a535e59124adc3b13e515fe11b3af73a53b359,usrsctplib/netinet/sctp_input.c,usrsctplib/netinet/sctp_input.c
C,3000+,sflow-sflowtool,ae764d9c186cfab1428389a878e5135016e9f97a,src/sflowtool.c,src/sflowtool.c
C,3000+,shibatch-sleef,29fe495d83bef3afd6bee9d00fad7ba9cf4a748e,src/libm/sleefsimddp.c,src/libm/sleefsimddp.c
C,3000+,stamatak-standard-RAxML,ff50eb199472e5a37b854132d21d40dbe194708c,axml.c,axml.c
C,3000+,swiftlang-swift.git,819738c83e8e293ad4e1a8c039ac4cfd511fc830,include/swift/SIL/SILCloner.h,include/swift/SIL/SILCloner.h
C,3000+,tats-w3m,e8287f36b0ffe63099608059396b7fd141d35d9e,table.c,table.c
C,3000+,texane-stlink,c2e898c9228e2b13378987354f602745e1ca7b1c,src/common.c,src/common.c
C,3000+,tpm2-software-tpm2-tss,a1c863e29c32ade602a092a49fe133b09127220f,src/tss2-fapi/tpm_json_serialize.c,src/tss2-fapi/tpm_json_serialize.c
C,3000+,tree-sitter-grammars-tree-sitter-query,8a43889f89fd0667289936341bff3a77bafade17,src/parser.c,src/parser.c
C,3000+,twitter-twemproxy,4b81d66ce66803a696547830a7aab18e3984da75,src/proto/nc_redis.c,src/proto/nc_redis.c
C,3000+,twitter-twemproxy,621e7d6eff9878bab4e2db45874821c78d44c579,src/proto/nc_redis.c,src/proto/nc_redis.c
C,3000+,uclouvain-openjpeg,2f267202d5bd5cc340c60d342c9a7a72db1c8efc,thirdparty/libtiff/tif_getimage.c,thirdparty/libtiff/tif_getimage.c
C,3000+,unbit-uwsgi,64f3d63cd187168f4a21a97016dc27bd7ccd84b4,plugins/lua/lua_plugin.c,plugins/lua/lua_plugin.c
C,3000+,unbit-uwsgi,92672880d75fc6fb2f6ef53ac1449135d283282e,core/uwsgi.c,core/uwsgi.c
C,3000+,vanhauser-thc-thc-ipv6,865f8675428175709fc156f3772a748538322325,thc-ipv6-lib.c,thc-ipv6-lib.c
C,3000+,vermaseren-form,a4053435f160669bf3fe39165be3efa8a1e31621,sources/pre.c,sources/pre.c
C,3000+,virustotal-yara-python,b8fd598edfe6a7907f095159a3e5727d6b93703b,yara-python.c,yara-python.c
C,3000+,vmware-open-vm-tools,e7e74316e2dc30c2f406ff31b63e34d7f8c6915b,open-vm-tools/lib/hgfsServer/hgfsServerParameters.c,open-vm-tools/lib/hgfsServer/hgfsServerParameters.c
C,3000+,vstakhov-libucl,fe533ef3b20a9e6e2c929cea4d16598827fd82a1,src/ucl_util.c,src/ucl_util.c
C,3000+,wb2osz-direwolf,4535fdba66b936e6a8fc6a75502b5e39c471026f,src/config.c,src/config.c
C,3000+,wb2osz-direwolf,6b76e1d98d8dff040cc280d56b9055f33369b554,src/ax25_link.c,src/ax25_link.c
C,3000+,wrpearson-fasta36,92f2fb618ee65584e9093e707945866296bc8d8a,src/scaleswn.c,src/scaleswn.c
C,3000+,xroche-httrack,80b8e33d65c5b9207b9ec506b731fc3e26ccea4b,src/htscoremain.c,src/htscoremain.c
