language,size_bucket,repository,commit,path,loc_before,loc_after,loc_combined,bytes_before,bytes_after,ast_nodes_before,ast_nodes_after,status,elapsed_ms
JSON,large,LadybirdBrowser-ladybird.git,81cb968beba4960f5405821735e1b79c2ca3318a,Libraries/LibWeb/CSS/Enums.json,1145,1152,2297,18383,18483,5592,5626,timed_out,
JSON,large,Lidarr-Lidarr.git,0be9d639d97cbabbb9712ff5d895efb5206835ba,src/NzbDrone.Core/Localization/Core/bg.json,840,841,1681,78935,78996,9221,9232,timed_out,
JSON,large,Lidarr-Lidarr.git,0be9d639d97cbabbb9712ff5d895efb5206835ba,src/NzbDrone.Core/Localization/Core/hu.json,1244,1248,2492,89628,89975,13695,13739,timed_out,
JSON,large,Lidarr-Lidarr.git,b8121759a76119b9c1d03c0fb94a7d3a51202477,src/NzbDrone.Core/Localization/Core/en.json,1375,1377,2752,84627,84772,15110,15132,timed_out,
JSON,large,Lidarr-Lidarr.git,f8664bf2f1a4b8f84339d3d6fe461adac8c6b776,src/NzbDrone.Core/Localization/Core/nl.json,924,924,1848,61385,61392,10157,10157,timed_out,
JSON,large,Radarr-Radarr.git,2dac2dd35bed9ae6ff56689fff64f5ff07a95dd5,src/NzbDrone.Core/Localization/Core/hr.json,384,383,767,20785,20690,4205,4194,timed_out,
JSON,large,Radarr-Radarr.git,2dac2dd35bed9ae6ff56689fff64f5ff07a95dd5,src/NzbDrone.Core/Localization/Core/sv.json,1119,1118,2237,66684,66642,12319,12308,timed_out,
JSON,large,Radarr-Radarr.git,4d22bf1cebb48521db4ea57cfa1b894d6371eab4,src/NzbDrone.Core/Localization/Core/cs.json,1370,1371,2741,93818,93887,15055,15066,timed_out,
JSON,large,Radarr-Radarr.git,4d22bf1cebb48521db4ea57cfa1b894d6371eab4,src/NzbDrone.Core/Localization/Core/hr.json,383,385,768,20690,20782,4194,4216,timed_out,
JSON,large,Radarr-Radarr.git,4d22bf1cebb48521db4ea57cfa1b894d6371eab4,src/NzbDrone.Core/Localization/Core/ro.json,1177,1179,2356,74835,74902,12928,12950,timed_out,
JSON,large,Sonarr-Sonarr.git,ac5b9b14eeb87b8c95db3ed1d43742fc1076c63d,src/NzbDrone.Core/Localization/Core/it.json,1071,1070,2141,68036,67997,11766,11755,timed_out,
JSON,large,apache-superset.git,0d9db04df05ceda84eb2bbd8ae8c0459f53d9649,superset-frontend/package.json,419,419,838,18045,18045,4383,4383,timed_out,
JSON,large,excalidraw-excalidraw.git,51ad8951d4d804190647eafcb448d58516047ade,packages/excalidraw/locales/az-AZ.json,664,665,1329,16822,16852,6091,6101,timed_out,
JSON,large,excalidraw-excalidraw.git,51ad8951d4d804190647eafcb448d58516047ade,packages/excalidraw/locales/el-GR.json,664,665,1329,42078,42108,6433,6443,timed_out,
JSON,large,excalidraw-excalidraw.git,51ad8951d4d804190647eafcb448d58516047ade,packages/excalidraw/locales/fa-IR.json,664,665,1329,36044,36074,6458,6468,timed_out,
JSON,large,excalidraw-excalidraw.git,51ad8951d4d804190647eafcb448d58516047ade,packages/excalidraw/locales/he-IL.json,664,665,1329,32476,32506,6453,6463,timed_out,
JSON,large,excalidraw-excalidraw.git,51ad8951d4d804190647eafcb448d58516047ade,packages/excalidraw/locales/it-IT.json,664,665,1329,29196,31429,6460,6525,timed_out,
JSON,large,excalidraw-excalidraw.git,51ad8951d4d804190647eafcb448d58516047ade,packages/excalidraw/locales/kab-KAB.json,664,665,1329,23528,23558,6278,6288,timed_out,
JSON,large,excalidraw-excalidraw.git,51ad8951d4d804190647eafcb448d58516047ade,packages/excalidraw/locales/pa-IN.json,664,665,1329,32389,32419,6265,6275,timed_out,
JSON,large,excalidraw-excalidraw.git,51ad8951d4d804190647eafcb448d58516047ade,packages/excalidraw/locales/ru-RU.json,664,665,1329,40675,44323,6441,6506,timed_out,
JSON,large,excalidraw-excalidraw.git,51ad8951d4d804190647eafcb448d58516047ade,packages/excalidraw/locales/ta-IN.json,664,665,1329,48495,48525,6420,6430,timed_out,
JSON,large,excalidraw-excalidraw.git,8013eb5e1628293ee671e431c52184dc576fe293,packages/excalidraw/locales/en.json,652,663,1315,27628,28017,6396,6504,timed_out,
JSON,large,excalidraw-excalidraw.git,b5fc873323e16f181860a4e731c731b4e40badd1,packages/excalidraw/locales/de-DE.json,665,665,1330,29984,30022,6468,6474,timed_out,
JSON,large,excalidraw-excalidraw.git,d1f39823f1218b5663ffcba8b9ca0cf2098b6ea6,packages/excalidraw/locales/ar-SA.json,525,664,1189,29198,33503,5156,6460,timed_out,
JSON,large,excalidraw-excalidraw.git,d1f39823f1218b5663ffcba8b9ca0cf2098b6ea6,packages/excalidraw/locales/bg-BG.json,525,664,1189,24283,29932,5034,6330,timed_out,
JSON,large,excalidraw-excalidraw.git,d1f39823f1218b5663ffcba8b9ca0cf2098b6ea6,packages/excalidraw/locales/bn-BD.json,525,664,1189,27117,27771,4948,6172,timed_out,
JSON,large,excalidraw-excalidraw.git,d1f39823f1218b5663ffcba8b9ca0cf2098b6ea6,packages/excalidraw/locales/fi-FI.json,525,664,1189,21931,23889,5070,6327,timed_out,
JSON,large,excalidraw-excalidraw.git,d1f39823f1218b5663ffcba8b9ca0cf2098b6ea6,packages/excalidraw/locales/fr-FR.json,525,664,1189,26970,32932,5171,6512,timed_out,
JSON,large,excalidraw-excalidraw.git,d1f39823f1218b5663ffcba8b9ca0cf2098b6ea6,packages/excalidraw/locales/it-IT.json,525,664,1189,25591,29196,5174,6460,timed_out,
JSON,large,excalidraw-excalidraw.git,d1f39823f1218b5663ffcba8b9ca0cf2098b6ea6,packages/excalidraw/locales/kaa.json,525,664,1189,13679,15829,4874,6068,timed_out,
JSON,large,excalidraw-excalidraw.git,d1f39823f1218b5663ffcba8b9ca0cf2098b6ea6,packages/excalidraw/locales/km-KH.json,525,664,1189,40177,39309,5107,6295,timed_out,
JSON,large,excalidraw-excalidraw.git,d1f39823f1218b5663ffcba8b9ca0cf2098b6ea6,packages/excalidraw/locales/nb-NO.json,525,664,1189,23636,27583,5155,6464,timed_out,
JSON,large,excalidraw-excalidraw.git,f12ae80ba1e1364952c6c6c440ac4212acd06eab,packages/excalidraw/locales/az-AZ.json,665,715,1380,16852,17917,6101,6535,timed_out,
JSON,large,excalidraw-excalidraw.git,f12ae80ba1e1364952c6c6c440ac4212acd06eab,packages/excalidraw/locales/bn-IN.json,665,715,1380,27801,28866,6182,6616,timed_out,
JSON,large,excalidraw-excalidraw.git,f12ae80ba1e1364952c6c6c440ac4212acd06eab,packages/excalidraw/locales/da-DK.json,665,715,1380,16428,17493,6123,6557,timed_out,
JSON,large,excalidraw-excalidraw.git,f12ae80ba1e1364952c6c6c440ac4212acd06eab,packages/excalidraw/locales/de-DE.json,665,715,1380,30022,31033,6474,6907,timed_out,
JSON,large,excalidraw-excalidraw.git,f12ae80ba1e1364952c6c6c440ac4212acd06eab,packages/excalidraw/locales/el-GR.json,665,715,1380,42108,43050,6443,6876,timed_out,
JSON,large,excalidraw-excalidraw.git,f12ae80ba1e1364952c6c6c440ac4212acd06eab,packages/excalidraw/locales/fa-IR.json,665,715,1380,36074,37036,6468,6901,timed_out,
JSON,large,excalidraw-excalidraw.git,f12ae80ba1e1364952c6c6c440ac4212acd06eab,packages/excalidraw/locales/fi-FI.json,665,715,1380,23919,24927,6337,6770,timed_out,
JSON,large,excalidraw-excalidraw.git,f12ae80ba1e1364952c6c6c440ac4212acd06eab,packages/excalidraw/locales/hu-HU.json,665,715,1380,22533,25320,6244,6780,timed_out,
JSON,large,excalidraw-excalidraw.git,f12ae80ba1e1364952c6c6c440ac4212acd06eab,packages/excalidraw/locales/ja-JP.json,665,715,1380,32319,33312,6449,6882,timed_out,
JSON,large,excalidraw-excalidraw.git,f12ae80ba1e1364952c6c6c440ac4212acd06eab,packages/excalidraw/locales/kk-KZ.json,665,715,1380,16412,17477,6030,6464,timed_out,
JSON,large,excalidraw-excalidraw.git,f12ae80ba1e1364952c6c6c440ac4212acd06eab,packages/excalidraw/locales/ku-TR.json,665,715,1380,32886,33852,6326,6759,timed_out,
JSON,large,excalidraw-excalidraw.git,f12ae80ba1e1364952c6c6c440ac4212acd06eab,packages/excalidraw/locales/mr-IN.json,665,715,1380,50370,51254,6471,6904,timed_out,
JSON,large,excalidraw-excalidraw.git,f12ae80ba1e1364952c6c6c440ac4212acd06eab,packages/excalidraw/locales/nb-NO.json,665,715,1380,27613,28633,6474,6907,timed_out,
JSON,large,excalidraw-excalidraw.git,f12ae80ba1e1364952c6c6c440ac4212acd06eab,packages/excalidraw/locales/pa-IN.json,665,715,1380,32419,33334,6275,6708,timed_out,
JSON,large,excalidraw-excalidraw.git,f12ae80ba1e1364952c6c6c440ac4212acd06eab,packages/excalidraw/locales/pl-PL.json,665,715,1380,31427,32437,6529,6962,timed_out,
JSON,large,excalidraw-excalidraw.git,f12ae80ba1e1364952c6c6c440ac4212acd06eab,packages/excalidraw/locales/pt-BR.json,665,715,1380,29300,30310,6464,6897,timed_out,
JSON,large,excalidraw-excalidraw.git,f12ae80ba1e1364952c6c6c440ac4212acd06eab,packages/excalidraw/locales/sk-SK.json,665,715,1380,31450,32449,6516,6949,timed_out,
JSON,large,excalidraw-excalidraw.git,f12ae80ba1e1364952c6c6c440ac4212acd06eab,packages/excalidraw/locales/sv-SE.json,665,715,1380,28145,29169,6473,6906,timed_out,
JSON,large,excalidraw-excalidraw.git,f12ae80ba1e1364952c6c6c440ac4212acd06eab,packages/excalidraw/locales/tr-TR.json,665,715,1380,29804,30811,6484,6917,timed_out,
JSON,large,gorhill-uBlock.git,00b79d9023a4c77f446e22fa630aa8a30b6a3415,assets/assets.dev.json,973,979,1952,36505,36862,7779,7808,timed_out,
JSON,large,gorhill-uBlock.git,00b79d9023a4c77f446e22fa630aa8a30b6a3415,assets/assets.json,973,979,1952,36481,36838,7779,7808,timed_out,
JSON,large,gorhill-uBlock.git,08b7eafd261310cb120632c129f9703c14f96566,platform/mv3/extension/_locales/id/messages.json,422,422,844,16347,16375,3283,3283,timed_out,
JSON,large,gorhill-uBlock.git,08b7eafd261310cb120632c129f9703c14f96566,platform/mv3/extension/_locales/ja/messages.json,422,422,844,17728,17752,3283,3283,timed_out,
JSON,large,gorhill-uBlock.git,3c1c84df5070d5ea24278448495cb1f4ab6b3a7b,platform/mv3/extension/_locales/sq/messages.json,422,422,844,16588,16585,3283,3283,timed_out,
JSON,large,gorhill-uBlock.git,3c1c84df5070d5ea24278448495cb1f4ab6b3a7b,platform/mv3/extension/_locales/uk/messages.json,422,422,844,19894,19999,3283,3283,timed_out,
JSON,large,gorhill-uBlock.git,3c1c84df5070d5ea24278448495cb1f4ab6b3a7b,platform/mv3/extension/_locales/zh_CN/messages.json,422,422,844,15741,15741,3279,3279,timed_out,
JSON,large,gorhill-uBlock.git,719798329b4a592a8471f6d4760e7c14bcff34c6,src/_locales/cv/messages.json,1314,1314,2628,48324,48288,10195,10193,timed_out,
JSON,large,gorhill-uBlock.git,719798329b4a592a8471f6d4760e7c14bcff34c6,src/_locales/cy/messages.json,1314,1314,2628,47705,47669,10203,10201,timed_out,
JSON,large,gorhill-uBlock.git,719798329b4a592a8471f6d4760e7c14bcff34c6,src/_locales/gu/messages.json,1314,1314,2628,47560,47524,10198,10196,timed_out,
JSON,large,gorhill-uBlock.git,74b838cc0367fc3d5d2e538325f9d85eec71615c,platform/mv3/extension/_locales/fi/messages.json,422,422,844,16436,16429,3291,3291,timed_out,
JSON,large,gorhill-uBlock.git,74b838cc0367fc3d5d2e538325f9d85eec71615c,src/_locales/ta/messages.json,1314,1314,2628,65100,65879,10198,10198,timed_out,
JSON,large,gorhill-uBlock.git,7a69bf06d8b511b8b51364079b7273fbbff18b58,src/_locales/az/messages.json,1318,1314,2632,50547,50234,10228,10197,timed_out,
JSON,large,gorhill-uBlock.git,7a69bf06d8b511b8b51364079b7273fbbff18b58,src/_locales/bn/messages.json,1318,1314,2632,64966,64462,10227,10196,timed_out,
JSON,large,gorhill-uBlock.git,7a69bf06d8b511b8b51364079b7273fbbff18b58,src/_locales/cy/messages.json,1318,1314,2632,47997,47705,10234,10203,timed_out,
JSON,large,gorhill-uBlock.git,7a69bf06d8b511b8b51364079b7273fbbff18b58,src/_locales/en/messages.json,1319,1315,2634,47626,47334,10228,10197,timed_out,
JSON,large,gorhill-uBlock.git,7a69bf06d8b511b8b51364079b7273fbbff18b58,src/_locales/gu/messages.json,1318,1314,2632,47852,47560,10229,10198,timed_out,
JSON,large,gorhill-uBlock.git,7a69bf06d8b511b8b51364079b7273fbbff18b58,src/_locales/hr/messages.json,1318,1314,2632,49108,48812,10232,10201,timed_out,
JSON,large,gorhill-uBlock.git,7a69bf06d8b511b8b51364079b7273fbbff18b58,src/_locales/ja/messages.json,1318,1314,2632,52718,52382,10230,10199,timed_out,
JSON,large,gorhill-uBlock.git,7a69bf06d8b511b8b51364079b7273fbbff18b58,src/_locales/kk/messages.json,1318,1314,2632,51003,50711,10228,10197,timed_out,
JSON,large,gorhill-uBlock.git,7a69bf06d8b511b8b51364079b7273fbbff18b58,src/_locales/lt/messages.json,1318,1314,2632,49735,49443,10229,10198,timed_out,
JSON,large,gorhill-uBlock.git,7a69bf06d8b511b8b51364079b7273fbbff18b58,src/_locales/nb/messages.json,1318,1314,2632,48914,48619,10228,10197,timed_out,
JSON,large,gorhill-uBlock.git,7a69bf06d8b511b8b51364079b7273fbbff18b58,src/_locales/ro/messages.json,1318,1314,2632,49638,49354,10225,10194,timed_out,
JSON,large,gorhill-uBlock.git,7a69bf06d8b511b8b51364079b7273fbbff18b58,src/_locales/ru/messages.json,1318,1314,2632,57542,57120,10229,10198,timed_out,
JSON,large,gorhill-uBlock.git,81448c3ca7f745c44a5ab5d3fb739acc4dd08e03,platform/mv3/extension/_locales/mk/messages.json,414,414,828,18059,18431,3221,3221,timed_out,
JSON,large,gorhill-uBlock.git,9cf8a0fe7c0aa8abc4892004b8e9b0490c2d2069,platform/mv3/extension/_locales/ar/messages.json,414,422,836,17949,18328,3229,3291,timed_out,
JSON,large,gorhill-uBlock.git,9cf8a0fe7c0aa8abc4892004b8e9b0490c2d2069,platform/mv3/extension/_locales/az/messages.json,414,422,836,15929,16308,3221,3283,timed_out,
JSON,large,gorhill-uBlock.git,9cf8a0fe7c0aa8abc4892004b8e9b0490c2d2069,platform/mv3/extension/_locales/bg/messages.json,414,422,836,19694,20073,3229,3291,timed_out,
JSON,large,gorhill-uBlock.git,9cf8a0fe7c0aa8abc4892004b8e9b0490c2d2069,platform/mv3/extension/_locales/bn/messages.json,414,422,836,19983,20362,3221,3283,timed_out,
JSON,large,gorhill-uBlock.git,9cf8a0fe7c0aa8abc4892004b8e9b0490c2d2069,platform/mv3/extension/_locales/ca/messages.json,414,422,836,16528,16907,3221,3283,timed_out,
JSON,large,gorhill-uBlock.git,9cf8a0fe7c0aa8abc4892004b8e9b0490c2d2069,platform/mv3/extension/_locales/cy/messages.json,414,422,836,15881,16260,3221,3283,timed_out,
JSON,large,gorhill-uBlock.git,9cf8a0fe7c0aa8abc4892004b8e9b0490c2d2069,platform/mv3/extension/_locales/el/messages.json,414,422,836,20524,20903,3218,3280,timed_out,
JSON,large,gorhill-uBlock.git,9cf8a0fe7c0aa8abc4892004b8e9b0490c2d2069,platform/mv3/extension/_locales/et/messages.json,414,422,836,15843,16222,3221,3283,timed_out,
JSON,large,gorhill-uBlock.git,9cf8a0fe7c0aa8abc4892004b8e9b0490c2d2069,platform/mv3/extension/_locales/eu/messages.json,414,422,836,16095,16474,3226,3288,timed_out,
JSON,large,gorhill-uBlock.git,9cf8a0fe7c0aa8abc4892004b8e9b0490c2d2069,platform/mv3/extension/_locales/fa/messages.json,414,422,836,16263,16642,3221,3283,timed_out,
JSON,large,gorhill-uBlock.git,9cf8a0fe7c0aa8abc4892004b8e9b0490c2d2069,platform/mv3/extension/_locales/fy/messages.json,414,422,836,16085,16464,3221,3283,timed_out,
JSON,large,gorhill-uBlock.git,9cf8a0fe7c0aa8abc4892004b8e9b0490c2d2069,platform/mv3/extension/_locales/id/messages.json,414,422,836,15964,16343,3221,3283,timed_out,
JSON,large,gorhill-uBlock.git,9cf8a0fe7c0aa8abc4892004b8e9b0490c2d2069,platform/mv3/extension/_locales/ka/messages.json,414,422,836,22231,22610,3221,3283,timed_out,
JSON,large,gorhill-uBlock.git,9cf8a0fe7c0aa8abc4892004b8e9b0490c2d2069,platform/mv3/extension/_locales/kn/messages.json,414,422,836,16457,16836,3225,3287,timed_out,
JSON,large,gorhill-uBlock.git,9cf8a0fe7c0aa8abc4892004b8e9b0490c2d2069,platform/mv3/extension/_locales/lv/messages.json,414,422,836,16628,17007,3221,3283,timed_out,
JSON,large,gorhill-uBlock.git,9cf8a0fe7c0aa8abc4892004b8e9b0490c2d2069,platform/mv3/extension/_locales/ml/messages.json,414,422,836,18930,19309,3219,3281,timed_out,
JSON,large,gorhill-uBlock.git,9cf8a0fe7c0aa8abc4892004b8e9b0490c2d2069,platform/mv3/extension/_locales/mr/messages.json,414,422,836,15783,16162,3221,3283,timed_out,
JSON,large,gorhill-uBlock.git,9cf8a0fe7c0aa8abc4892004b8e9b0490c2d2069,platform/mv3/extension/_locales/pl/messages.json,414,422,836,16576,16955,3221,3283,timed_out,
JSON,large,gorhill-uBlock.git,9cf8a0fe7c0aa8abc4892004b8e9b0490c2d2069,platform/mv3/extension/_locales/so/messages.json,414,422,836,15783,16162,3221,3283,timed_out,
JSON,large,gorhill-uBlock.git,9cf8a0fe7c0aa8abc4892004b8e9b0490c2d2069,platform/mv3/extension/_locales/sq/messages.json,414,422,836,16190,16569,3221,3283,timed_out,
JSON,large,gorhill-uBlock.git,9cf8a0fe7c0aa8abc4892004b8e9b0490c2d2069,platform/mv3/extension/_locales/ta/messages.json,414,422,836,15783,16162,3221,3283,timed_out,
JSON,large,gorhill-uBlock.git,9cf8a0fe7c0aa8abc4892004b8e9b0490c2d2069,platform/mv3/extension/_locales/te/messages.json,414,422,836,17238,17617,3221,3283,timed_out,
JSON,large,gorhill-uBlock.git,a0a7a99675189569d8da4fc60682a5f14e98445e,assets/assets.dev.json,979,990,1969,36862,37426,7808,7910,timed_out,
JSON,large,gorhill-uBlock.git,a85fc33ce8ba8de5ae8f400cc6473243803deae6,src/_locales/ko/messages.json,1314,1314,2628,49344,49528,10208,10203,timed_out,
JSON,large,gorhill-uBlock.git,c8c29faab4245255df7d358c1b6762602ae47128,platform/mv3/extension/_locales/lv/messages.json,422,422,844,17011,17039,3283,3283,timed_out,
JSON,large,gorhill-uBlock.git,d136c0871097252f31d1cbf562b136a4ab2b2442,platform/mv3/extension/_locales/bs/messages.json,422,422,844,16732,16700,3295,3291,timed_out,
JSON,large,gorhill-uBlock.git,d136c0871097252f31d1cbf562b136a4ab2b2442,src/_locales/ro/messages.json,1314,1314,2628,49354,49366,10194,10194,timed_out,
JSON,large,gorhill-uBlock.git,e0fcb8485a2055899541b8ba0fb9aa2ad89466c3,platform/mv3/extension/_locales/sq/messages.json,422,422,844,16573,16588,3283,3283,timed_out,
JSON,large,gorhill-uBlock.git,e7f91cdd95077692edd3faa29bb50b75a0e9a1d6,platform/mv3/extension/_locales/fr/messages.json,422,422,844,17045,17075,3289,3289,timed_out,
JSON,large,gorhill-uBlock.git,e7f91cdd95077692edd3faa29bb50b75a0e9a1d6,platform/mv3/extension/_locales/ko/messages.json,422,422,844,17006,17040,3287,3287,timed_out,
JSON,large,gorhill-uBlock.git,e7f91cdd95077692edd3faa29bb50b75a0e9a1d6,platform/mv3/extension/_locales/ru/messages.json,422,422,844,20063,20203,3283,3283,timed_out,
JSON,large,gorhill-uBlock.git,ede231b9c233a11feca468623f4e66c47bdfbd43,platform/mv3/extension/_locales/bs/messages.json,422,422,844,16728,16732,3295,3295,timed_out,
JSON,large,gorhill-uBlock.git,ede231b9c233a11feca468623f4e66c47bdfbd43,platform/mv3/extension/_locales/da/messages.json,422,422,844,16472,16476,3283,3283,timed_out,
JSON,large,gorhill-uBlock.git,ede231b9c233a11feca468623f4e66c47bdfbd43,platform/mv3/extension/_locales/eo/messages.json,422,422,844,16167,16176,3283,3283,timed_out,
JSON,large,gorhill-uBlock.git,ede231b9c233a11feca468623f4e66c47bdfbd43,platform/mv3/extension/_locales/fr/messages.json,422,422,844,17075,17079,3289,3289,timed_out,
JSON,large,gorhill-uBlock.git,ede231b9c233a11feca468623f4e66c47bdfbd43,platform/mv3/extension/_locales/gl/messages.json,422,422,844,16634,16638,3283,3283,timed_out,
JSON,large,gorhill-uBlock.git,ede231b9c233a11feca468623f4e66c47bdfbd43,platform/mv3/extension/_locales/hi/messages.json,422,422,844,19950,19956,3283,3283,timed_out,
JSON,large,gorhill-uBlock.git,ede231b9c233a11feca468623f4e66c47bdfbd43,platform/mv3/extension/_locales/hu/messages.json,422,422,844,17195,17199,3283,3283,timed_out,
JSON,large,gorhill-uBlock.git,ede231b9c233a11feca468623f4e66c47bdfbd43,platform/mv3/extension/_locales/ml/messages.json,422,422,844,19309,19317,3281,3281,timed_out,
JSON,large,gorhill-uBlock.git,ede231b9c233a11feca468623f4e66c47bdfbd43,platform/mv3/extension/_locales/ms/messages.json,422,422,844,16328,16336,3283,3283,timed_out,
JSON,large,gorhill-uBlock.git,ede231b9c233a11feca468623f4e66c47bdfbd43,platform/mv3/extension/_locales/pa/messages.json,422,422,844,19597,19603,3283,3283,timed_out,
JSON,large,gorhill-uBlock.git,ede231b9c233a11feca468623f4e66c47bdfbd43,platform/mv3/extension/_locales/sw/messages.json,422,422,844,16162,16171,3283,3283,timed_out,
JSON,large,gorhill-uBlock.git,ede231b9c233a11feca468623f4e66c47bdfbd43,platform/mv3/extension/_locales/ta/messages.json,422,422,844,16162,16171,3283,3283,timed_out,
JSON,large,gorhill-uBlock.git,ede231b9c233a11feca468623f4e66c47bdfbd43,platform/mv3/extension/_locales/tr/messages.json,422,422,844,16691,16695,3283,3283,timed_out,
JSON,large,gorhill-uBlock.git,ede231b9c233a11feca468623f4e66c47bdfbd43,platform/mv3/extension/_locales/uk/messages.json,422,422,844,19890,19894,3283,3283,timed_out,
JSON,large,gorhill-uBlock.git,ede231b9c233a11feca468623f4e66c47bdfbd43,platform/mv3/extension/_locales/ur/messages.json,422,422,844,17236,17244,3283,3283,timed_out,
JSON,large,gorhill-uBlock.git,ede231b9c233a11feca468623f4e66c47bdfbd43,platform/mv3/extension/_locales/vi/messages.json,422,422,844,17420,17424,3282,3282,timed_out,
JSON,large,gorhill-uBlock.git,ede231b9c233a11feca468623f4e66c47bdfbd43,platform/mv3/extension/_locales/zh_CN/messages.json,422,422,844,15737,15741,3279,3279,timed_out,
JSON,large,gorhill-uBlock.git,ede231b9c233a11feca468623f4e66c47bdfbd43,src/_locales/az/messages.json,1330,1318,2648,50961,50547,10329,10228,timed_out,
JSON,large,gorhill-uBlock.git,ede231b9c233a11feca468623f4e66c47bdfbd43,src/_locales/de/messages.json,1330,1318,2648,50358,49964,10326,10228,timed_out,
JSON,large,gorhill-uBlock.git,ede231b9c233a11feca468623f4e66c47bdfbd43,src/_locales/es/messages.json,1330,1318,2648,50095,49693,10329,10228,timed_out,
JSON,large,gorhill-uBlock.git,ede231b9c233a11feca468623f4e66c47bdfbd43,src/_locales/et/messages.json,1330,1318,2648,48334,47941,10329,10228,timed_out,
JSON,large,gorhill-uBlock.git,ede231b9c233a11feca468623f4e66c47bdfbd43,src/_locales/fa/messages.json,1330,1318,2648,56889,56441,10340,10239,timed_out,
JSON,large,gorhill-uBlock.git,ede231b9c233a11feca468623f4e66c47bdfbd43,src/_locales/fil/messages.json,1330,1318,2648,50410,50007,10327,10226,timed_out,
JSON,large,gorhill-uBlock.git,ede231b9c233a11feca468623f4e66c47bdfbd43,src/_locales/fy/messages.json,1330,1318,2648,49208,48797,10326,10225,timed_out,
JSON,large,gorhill-uBlock.git,ede231b9c233a11feca468623f4e66c47bdfbd43,src/_locales/gu/messages.json,1330,1318,2648,48188,47852,10330,10229,timed_out,
JSON,large,gorhill-uBlock.git,ede231b9c233a11feca468623f4e66c47bdfbd43,src/_locales/hu/messages.json,1330,1318,2648,50902,50505,10319,10221,timed_out,
JSON,large,gorhill-uBlock.git,ede231b9c233a11feca468623f4e66c47bdfbd43,src/_locales/ko/messages.json,1330,1318,2648,50086,49666,10340,10239,timed_out,
JSON,large,gorhill-uBlock.git,ede231b9c233a11feca468623f4e66c47bdfbd43,src/_locales/lv/messages.json,1330,1318,2648,50427,50019,10337,10236,timed_out,
JSON,large,gorhill-uBlock.git,ede231b9c233a11feca468623f4e66c47bdfbd43,src/_locales/nb/messages.json,1330,1318,2648,49313,48914,10329,10228,timed_out,
JSON,large,gorhill-uBlock.git,ede231b9c233a11feca468623f4e66c47bdfbd43,src/_locales/pl/messages.json,1330,1318,2648,49928,49550,10337,10236,timed_out,
JSON,large,gorhill-uBlock.git,ede231b9c233a11feca468623f4e66c47bdfbd43,src/_locales/sk/messages.json,1330,1318,2648,49935,49541,10331,10230,timed_out,
JSON,large,gorhill-uBlock.git,ede231b9c233a11feca468623f4e66c47bdfbd43,src/_locales/sl/messages.json,1330,1318,2648,49612,49236,10334,10233,timed_out,
JSON,large,gorhill-uBlock.git,ede231b9c233a11feca468623f4e66c47bdfbd43,src/_locales/th/messages.json,1330,1318,2648,62286,61784,10326,10225,timed_out,
JSON,large,gorhill-uBlock.git,f4c3c823fba90ecbe4f326994e24d9024404c293,assets/assets.dev.json,996,996,1992,37586,37582,7939,7939,timed_out,
JSON,large,gorhill-uBlock.git,f4c3c823fba90ecbe4f326994e24d9024404c293,assets/assets.json,996,996,1992,37562,37558,7939,7939,timed_out,
JSON,large,jellyfin-jellyfin.git,56a469d8c3c0eed0d809d42a60d847e67ab61671,Emby.Server.Implementations/Localization/Core/ja.json,141,141,282,10379,10316,1532,1532,timed_out,
JSON,large,jellyfin-jellyfin.git,b9e5cce3838ec0cc89c67c48d8c2c40348bebc6f,Emby.Server.Implementations/Localization/Core/bg-BG.json,142,141,283,12044,11934,1543,1532,timed_out,
JSON,large,jellyfin-jellyfin.git,e8232d31ab5367de015a85e4c52f18e1b883297d,Emby.Server.Implementations/Localization/Core/be.json,141,141,282,11559,11550,1532,1532,timed_out,
JSON,large,jesseduffield-lazygit.git,463e81f19707c20c61c2d885d8f0df3b3c5bd846,pkg/i18n/translations/ja.json,974,972,1946,94032,93911,10823,10801,timed_out,
JSON,large,jesseduffield-lazygit.git,463e81f19707c20c61c2d885d8f0df3b3c5bd846,pkg/i18n/translations/ko.json,386,384,770,21856,21746,4210,4188,timed_out,
JSON,large,jesseduffield-lazygit.git,62913ee25d9c976ac8bc4fe408695f01ce0fbeeb,schema-master/config.json,2003,2007,4010,66365,66520,14911,14942,timed_out,
JSON,large,kovidgoyal-calibre.git,5be7a6658d3a3979be2856152fce081384de56e2,bypy/sources.json,655,655,1310,21680,21680,4270,4270,timed_out,
JSON,large,langflow-ai-langflow.git,0283f5d7e1c56c06e5786128f4b034a3ab3b15e6,src/backend/base/langflow/initial_setup/starter_projects/Knowledge Ingestion.json,1136,1137,2273,90461,90491,12774,12779,timed_out,
JSON,large,langflow-ai-langflow.git,0283f5d7e1c56c06e5786128f4b034a3ab3b15e6,src/lfx/tests/data/starter_projects_1_6_0/Basic Prompting.json,1051,1051,2102,54430,54421,9588,9588,timed_out,
JSON,large,langflow-ai-langflow.git,0283f5d7e1c56c06e5786128f4b034a3ab3b15e6,src/lfx/tests/data/starter_projects_1_6_0/Search agent.json,1455,1455,2910,91809,91800,14544,14544,timed_out,
JSON,large,langflow-ai-langflow.git,22607cc081976239ad6f3a708ec3e943458893c9,src/backend/base/langflow/initial_setup/starter_projects/Basic Prompting.json,1258,1256,2514,67659,67608,11546,11542,timed_out,
JSON,large,langflow-ai-langflow.git,2d67402b1dbaefcbce85a244d4a6cd5e4bda1cfe,src/lfx/src/lfx/_assets/stable_hash_history.json,1777,1777,3554,30186,30186,10298,10298,timed_out,
JSON,large,langflow-ai-langflow.git,2f4b7d6b2e8729e8c82b55c49c86426825deecd2,src/backend/base/langflow/initial_setup/starter_projects/Research Translation Loop.json,1783,1783,3566,99492,99871,16736,16772,timed_out,
JSON,large,langflow-ai-langflow.git,2f4b7d6b2e8729e8c82b55c49c86426825deecd2,src/backend/base/langflow/initial_setup/starter_projects/SaaS Pricing.json,1417,1443,2860,94218,95730,14398,14662,timed_out,
JSON,large,langflow-ai-langflow.git,4063abdc36529fd5efa8a4d7dbca3b40a97929ba,src/backend/base/langflow/initial_setup/starter_projects/SaaS Pricing.json,1443,1445,2888,95712,95763,14662,14666,timed_out,
JSON,large,langflow-ai-langflow.git,6f9de60dda0478048083b7603988a33ad54afd29,src/backend/base/langflow/initial_setup/starter_projects/Search agent.json,1416,1469,2885,85312,89381,13815,14410,timed_out,
JSON,large,langflow-ai-langflow.git,7c43e4c4e5959a5fbdde7423ca6054c70e6d385e,src/frontend/tests/assets/outdated_flow.json,1235,1235,2470,61429,61442,11982,11983,timed_out,
JSON,large,langflow-ai-langflow.git,86078b23aeed42fae92688d49c13568521eb319c,src/backend/base/langflow/initial_setup/starter_projects/Basic Prompting.json,1579,1579,3158,80593,80592,14094,14094,timed_out,
JSON,large,langflow-ai-langflow.git,86078b23aeed42fae92688d49c13568521eb319c,src/backend/base/langflow/initial_setup/starter_projects/Search agent.json,1496,1496,2992,90885,90882,14673,14673,timed_out,
JSON,large,langflow-ai-langflow.git,a691fdb22db7ce523a697298e031f02eb9a794c3,src/backend/base/langflow/initial_setup/starter_projects/Knowledge Ingestion.json,1116,1136,2252,89158,90461,12567,12774,timed_out,
JSON,large,langflow-ai-langflow.git,c20918fe32e3d3fa282dfcc393cba4ac4d80e368,src/lfx/src/lfx/_assets/stable_hash_history.json,1777,1777,3554,30186,30186,10298,10298,timed_out,
JSON,large,langflow-ai-langflow.git,cb225422f40e638d8e9cfb49ce8f911ebb129f66,src/lfx/src/lfx/_assets/stable_hash_history.json,1782,1782,3564,30271,30271,10327,10327,timed_out,
JSON,large,langflow-ai-langflow.git,cea60b84612bd8930cac3250052c96d9246a9b6a,src/lfx/src/lfx/_assets/stable_hash_history.json,1782,1782,3564,30271,30271,10327,10327,timed_out,
JSON,large,langflow-ai-langflow.git,e601eadf9b35e7f3f946bca8043939a0d5bcd4ff,src/backend/base/langflow/initial_setup/starter_projects/Knowledge Retrieval.json,764,764,1528,47825,47825,7506,7506,timed_out,
JSON,large,langflow-ai-langflow.git,e601eadf9b35e7f3f946bca8043939a0d5bcd4ff,src/backend/base/langflow/initial_setup/starter_projects/Search agent.json,1495,1495,2990,90875,90875,14674,14674,timed_out,
JSON,large,louislam-uptime-kuma.git,019b4b7503f40bf6be2a5624b4d72ba67547af8b,src/lang/en.json,1479,1481,2960,91175,91400,16320,16342,timed_out,
JSON,large,louislam-uptime-kuma.git,593037ac026a01d7f44a48792fc17dbf202d4446,src/lang/en.json,1477,1479,2956,90966,91175,16298,16320,timed_out,
JSON,large,louislam-uptime-kuma.git,593435c3cb0132c58d94118f5569824243c83ec9,src/lang/en.json,1461,1475,2936,89404,90818,16122,16276,timed_out,
JSON,large,louislam-uptime-kuma.git,aca6d02dc16dd2120118a11bf4483555f4ec71af,src/lang/en.json,1439,1446,2885,87675,88184,15880,15957,timed_out,
JSON,large,louislam-uptime-kuma.git,ba71a349b1acb9c25700efa99747ba356ab934e3,src/lang/cs-CZ.json,1444,1478,2922,94871,97114,15938,16312,timed_out,
JSON,large,louislam-uptime-kuma.git,f63047ef2a8ac37c1ddd3f62540ade3cb70fa318,src/lang/nb-NO.json,1499,1501,3000,92208,92345,16526,16548,timed_out,
JSON,large,microsoft-TypeScript.git,3fc1f264de2aacae0c008eb4295e66833ade36d9,"tests/baselines/reference/bundlerDirectoryModule(module=nodenext,moduleresolution=nodenext).trace.json",199,151,350,15656,11720,988,748,ok,276.340505
JSON,large,microsoft-TypeScript.git,3fc1f264de2aacae0c008eb4295e66833ade36d9,tests/baselines/reference/libTypeScriptOverrideSimple.trace.json,96,240,336,8343,21763,473,1193,ok,156.24245200000001
JSON,large,microsoft-TypeScript.git,3fc1f264de2aacae0c008eb4295e66833ade36d9,tests/baselines/reference/libTypeScriptOverrideSimpleConfig.trace.json,95,239,334,8520,22081,468,1188,ok,144.079374
JSON,large,microsoft-TypeScript.git,3fc1f264de2aacae0c008eb4295e66833ade36d9,tests/baselines/reference/nodeModulesPackagePatternExportsTrailers(module=nodenext).trace.json,333,285,618,28622,24686,1658,1418,ok,984.863976
JSON,large,microsoft-vscode.git,0005b2dcc9169487c0480f31aa2227487114e68d,extensions/json-language-features/package-lock.json,271,271,542,11240,11240,2234,2234,timed_out,
JSON,large,microsoft-vscode.git,d013e8cdaaa3816f69eb59fc81e967c421bd8d6c,extensions/npm/package.json,389,389,778,10215,10215,2675,2675,timed_out,
JSON,large,microsoft-vscode.git,ea2dc89c51d0d7c46841f39e945040cfe61be5bb,extensions/theme-2026/themes/2026-light.json,643,643,1286,18998,18998,4997,4997,timed_out,
JSON,large,microsoft-vscode.git,f8edf625b8b5b7fd9717c31ec834c8e8a062f885,package.json,253,253,506,11334,11334,2644,2644,timed_out,
JSON,large,nextcloud-server.git,343144118083cb909656fcd085550e5d94d85205,apps/files/l10n/tr.json,408,418,826,30879,31743,4735,4869,timed_out,
JSON,large,nextcloud-server.git,b4b328cf61c9970e0816f50d80ebb0b00fb133c8,apps/files_sharing/l10n/mk.json,410,410,820,45735,45730,4643,4643,timed_out,
JSON,large,nextcloud-server.git,be5dd03f9257e3d301f9d25e57b86e2ae92ee9d2,apps/files_external/l10n/da.json,173,173,346,14223,14224,1946,1946,timed_out,
JSON,large,nextcloud-server.git,be5dd03f9257e3d301f9d25e57b86e2ae92ee9d2,apps/files_sharing/l10n/el.json,408,410,818,49480,49796,4628,4650,timed_out,
JSON,large,nextcloud-server.git,be5dd03f9257e3d301f9d25e57b86e2ae92ee9d2,apps/files_sharing/l10n/mn.json,390,395,785,36643,37870,4417,4472,timed_out,
JSON,large,nextcloud-server.git,be5dd03f9257e3d301f9d25e57b86e2ae92ee9d2,apps/theming/l10n/mn.json,113,114,227,10576,10827,1240,1251,timed_out,
JSON,large,nextcloud-server.git,be5dd03f9257e3d301f9d25e57b86e2ae92ee9d2,core/l10n/mn.json,503,510,1013,37718,39531,5593,5678,timed_out,
JSON,large,nextcloud-server.git,c4eddb5947e757d7e8aadf80e5c431f654018cff,apps/settings/l10n/nl.json,687,687,1374,63836,63841,7831,7831,timed_out,
JSON,large,nextcloud-server.git,d758f64a18b14f20a1e5a4ff7dded92f579ddde0,apps/files_sharing/l10n/gl.json,410,410,820,35628,35641,4610,4610,timed_out,
JSON,large,nextcloud-server.git,e61f0074f02f67f6c5c25a6cbba06854a5111d24,apps/files/l10n/mn.json,402,418,820,34789,39859,4662,4876,timed_out,
JSON,large,nextcloud-server.git,e61f0074f02f67f6c5c25a6cbba06854a5111d24,apps/systemtags/l10n/mn.json,112,115,227,10951,12665,1269,1308,timed_out,
JSON,large,nextcloud-server.git,e61f0074f02f67f6c5c25a6cbba06854a5111d24,lib/l10n/mn.json,448,479,927,40501,49971,5160,5581,timed_out,
JSON,large,open-webui-open-webui.git,9044abf3bb78eb6ce139102191b79b98cee654f1,src/lib/i18n/locales/en-GB/translation.json,2027,2079,4106,74447,76120,20404,20923,timed_out,
JSON,large,open-webui-open-webui.git,9044abf3bb78eb6ce139102191b79b98cee654f1,src/lib/i18n/locales/lt-LT/translation.json,2029,2081,4110,86495,88181,20969,21488,timed_out,
JSON,large,open-webui-open-webui.git,9044abf3bb78eb6ce139102191b79b98cee654f1,src/lib/i18n/locales/ro-RO/translation.json,2028,2080,4108,97974,99627,21218,21735,timed_out,
JSON,large,open-webui-open-webui.git,9044abf3bb78eb6ce139102191b79b98cee654f1,src/lib/i18n/locales/sr-RS/translation.json,2028,2080,4108,98362,99764,21105,21619,timed_out,
JSON,large,puppeteer-puppeteer.git,0bb4703fed0e6fcd7b40899d1b81a54d4b5c48c7,test/TestExpectations.json,1951,1965,3916,86445,86955,22209,22363,timed_out,
JSON,large,puppeteer-puppeteer.git,603fc9eaf89027d91d6e39ecf26f3fc6a31374f1,test/TestExpectations.json,1965,1965,3930,87070,87058,22363,22363,timed_out,
JSON,large,puppeteer-puppeteer.git,6624d1dceae3c1ac0778b95e77810dd8c39df7a5,versions.json,1069,1076,2145,17222,17336,5039,5072,timed_out,
JSON,large,puppeteer-puppeteer.git,a51345c0aa6fadab942f8ee49cbf1ba9b8fec7c5,test/TestExpectations.json,1937,1951,3888,85943,86549,22060,22214,timed_out,
JSON,large,puppeteer-puppeteer.git,b0c66a0ae309ecf066bb58a2d07a3ce750eb9f16,test/TestExpectations.json,1965,1958,3923,87045,86751,22363,22286,timed_out,
JSON,large,puppeteer-puppeteer.git,c5fdc0c57ddc736439ed8f20a2ccc24647a896ff,versions.json,1048,1048,2096,16864,16868,4940,4940,timed_out,
JSON,large,puppeteer-puppeteer.git,f71d8cbc029e76ccaeaf7b427ac6e930bdd2ae85,test/TestExpectations.json,1951,1951,3902,86444,86445,22209,22209,timed_out,
JSON,large,shadcn-ui-ui.git,0008c487e920a2c4effc3d6c1941458ee152b730,apps/v4/public/r/styles/base-lyra/chart.json,18,18,36,10827,10854,1023,1029,timed_out,
JSON,large,shadcn-ui-ui.git,0008c487e920a2c4effc3d6c1941458ee152b730,apps/v4/public/r/styles/base-lyra/dropdown-menu.json,12,12,24,9949,10030,835,853,ok,924.573314
JSON,large,shadcn-ui-ui.git,0008c487e920a2c4effc3d6c1941458ee152b730,apps/v4/public/r/styles/base-lyra/field-example.json,27,27,54,39759,39751,3591,3585,timed_out,
JSON,large,shadcn-ui-ui.git,0008c487e920a2c4effc3d6c1941458ee152b730,apps/v4/public/r/styles/base-lyra/preview.json,41,41,82,65378,65370,5724,5718,timed_out,
JSON,large,shadcn-ui-ui.git,0008c487e920a2c4effc3d6c1941458ee152b730,apps/v4/public/r/styles/base-nova/chart.json,18,18,36,10825,10852,1023,1029,timed_out,
JSON,large,shadcn-ui-ui.git,0008c487e920a2c4effc3d6c1941458ee152b730,apps/v4/public/r/styles/base-nova/combobox.json,19,19,38,10628,10677,991,1001,timed_out,
JSON,large,shadcn-ui-ui.git,0008c487e920a2c4effc3d6c1941458ee152b730,apps/v4/public/r/styles/base-nova/preview.json,41,41,82,65378,65370,5724,5718,timed_out,
JSON,large,shadcn-ui-ui.git,0008c487e920a2c4effc3d6c1941458ee152b730,apps/v4/public/r/styles/base-nova/registry.json,3012,2637,5649,70257,67218,17958,17958,ok,7.691702
JSON,large,shadcn-ui-ui.git,0008c487e920a2c4effc3d6c1941458ee152b730,apps/v4/public/r/styles/base-vega/field-example.json,27,27,54,39759,39751,3591,3585,timed_out,
JSON,large,shadcn-ui-ui.git,0008c487e920a2c4effc3d6c1941458ee152b730,apps/v4/public/r/styles/base-vega/preview.json,41,41,82,65378,65370,5724,5718,timed_out,
JSON,large,shadcn-ui-ui.git,0008c487e920a2c4effc3d6c1941458ee152b730,apps/v4/public/r/styles/base-vega/sidebar.json,21,21,42,23465,23476,2277,2279,timed_out,
JSON,large,shadcn-ui-ui.git,0008c487e920a2c4effc3d6c1941458ee152b730,apps/v4/public/r/styles/radix-lyra/sidebar.json,21,21,42,23053,23064,2172,2174,timed_out,
JSON,large,shadcn-ui-ui.git,0008c487e920a2c4effc3d6c1941458ee152b730,apps/v4/public/r/styles/radix-maia/dropdown-menu.json,12,12,24,10087,10141,812,824,ok,869.802011
JSON,large,shadcn-ui-ui.git,0008c487e920a2c4effc3d6c1941458ee152b730,apps/v4/public/r/styles/radix-nova/combobox.json,19,19,38,10674,10723,995,1005,timed_out,
JSON,large,shadcn-ui-ui.git,01d5f034b9c1fb20d01f713bb04317811b22bcf7,apps/v4/public/r/registries.json,788,788,1576,35335,35380,6160,6160,timed_out,
JSON,large,shadcn-ui-ui.git,4069c3367122d25828c359d9532cc589a7104b3c,apps/v4/public/r/registries.json,752,758,1510,33943,34140,5878,5925,timed_out,
JSON,large,shadcn-ui-ui.git,46631fc4d4b8bc61507a052241b0d67df16a78c3,apps/v4/public/r/styles/base-nova/toggle-group-example.json,19,19,38,17990,18334,2191,2246,timed_out,
JSON,large,shadcn-ui-ui.git,46631fc4d4b8bc61507a052241b0d67df16a78c3,apps/v4/public/r/styles/radix-nova/toggle-group-example.json,19,19,38,18184,18539,2251,2307,timed_out,
JSON,large,shadcn-ui-ui.git,474d461b1c269c662d0a3c2a364c0f5b0d13db95,apps/v4/public/r/registries.json,788,794,1582,35335,35624,6160,6207,timed_out,
JSON,large,shadcn-ui-ui.git,6e2efb4b55549ce1f4193a44ad19c1f873e1f08a,apps/v4/public/r/registries.json,776,782,1558,34902,35119,6066,6113,timed_out,
JSON,large,shadcn-ui-ui.git,c759f460d5543f8209bb799e2e53ea13dad5143b,apps/v4/public/r/styles/radix-mira/registry.json,3003,3004,6007,69870,70320,17873,17921,timed_out,
JSON,large,shadcn-ui-ui.git,f076420e68f31407b8354c2028045dfcdff538ec,apps/v4/public/r/styles/radix-lyra/toggle-group-example.json,19,19,38,16079,18184,2067,2251,timed_out,
JSON,large,shadcn-ui-ui.git,f076420e68f31407b8354c2028045dfcdff538ec,apps/v4/public/r/styles/radix-nova/toggle-group-example.json,19,19,38,16079,18184,2067,2251,timed_out,
JSON,large,sherlock-project-sherlock.git,1898a0c4a964beb7d14e39496fc846b9506b6a52,sherlock_project/resources/data.json,3015,3015,6030,94724,94770,27949,27949,timed_out,
JSON,large,sherlock-project-sherlock.git,1be2abb056bb10f4d438823b42cd874c967ff953,sherlock_project/resources/data.json,3015,3015,6030,94714,94724,27949,27949,timed_out,
JSON,large,sherlock-project-sherlock.git,472c08680508fd978d661e1f17060723f606c0be,sherlock_project/resources/data.json,3148,3148,6296,98928,98927,29131,29129,timed_out,
JSON,large,sherlock-project-sherlock.git,828c47109d5ede852b9ff3c61700551eba8bd995,sherlock_project/resources/data.json,3174,3181,6355,99704,99891,29371,29435,timed_out,
JSON,large,sherlock-project-sherlock.git,8797fcd51754fc8ac4565e28772ed9f2a0c9a66c,sherlock_project/resources/data.json,3140,3146,6286,98664,98829,29054,29107,timed_out,
JSON,large,sherlock-project-sherlock.git,a4aab3890159818da8e4bfdb1c30bc9ac4b74bcd,sherlock_project/resources/data.json,3088,3088,6176,96800,96792,28557,28557,timed_out,
JSON,large,sherlock-project-sherlock.git,deebe7137c8dd0f0012597915533a9ac52f10958,sherlock_project/resources/data.json,3140,3147,6287,98664,98902,29054,29118,timed_out,
JSON,large,sherlock-project-sherlock.git,eff869906ac0117c613de63bbcffdb5824c1d22c,sherlock_project/resources/data.json,3155,3162,6317,99149,99358,29201,29265,timed_out,
JSON,large,twbs-bootstrap.git,07b3816da566b9ed03943b4081180fdd8623355e,package.json,210,210,420,10476,10476,2110,2110,timed_out,
JSON,large,twbs-bootstrap.git,0aa4f69a0766428827df81191fe8eb1b5ceb49ba,package.json,210,210,420,10476,10490,2110,2110,timed_out,
JSON,large,twbs-bootstrap.git,21d19a9a6af9c9fe0c89a285530cb6fcb614c880,package.json,210,210,420,10492,10492,2110,2110,timed_out,
JSON,large,twbs-bootstrap.git,35858ff363eb139e88a2c8bca6192c24a630f25a,package.json,213,213,426,10549,10549,2130,2130,timed_out,
JSON,large,twbs-bootstrap.git,68afc562952bb60dc6de9a1da1d379eee5c62c2f,package.json,210,210,420,10476,10476,2110,2110,timed_out,
JSON,large,twbs-bootstrap.git,6ad25a7102bbcea048f076dbb140a2ee667292d0,package.json,213,213,426,10549,10548,2130,2130,timed_out,
JSON,large,twbs-bootstrap.git,90baf94dac46b950ed67d848cfd7f3b9b68fd463,package.json,213,213,426,10548,10549,2130,2130,timed_out,
JSON,large,twbs-bootstrap.git,b4a1d28dc9add71066cfb735bfc2683b480dbec6,package.json,213,213,426,10549,10549,2130,2130,timed_out,
JSON,large,twbs-bootstrap.git,c38c6cb6c208c9d0ea26db9a558510a49322b312,package.json,213,213,426,10549,10549,2130,2130,timed_out,
JSON,large,twbs-bootstrap.git,c985f821a779abda2d4790320dcee9d298d120d4,package.json,210,210,420,10474,10474,2110,2110,timed_out,
JSON,large,twbs-bootstrap.git,c9e83a12b5e8c7438eb2d548c404f962602dde76,package.json,213,213,426,10549,10550,2130,2130,timed_out,
JSON,large,twbs-bootstrap.git,e52e3b1c95e82127391c76c7c3c846410aec51d3,package.json,210,210,420,10476,10476,2110,2110,timed_out,
JSON,large,twbs-bootstrap.git,ec7a45b8f3d3af80b891f8c385bb26f3afab4f8f,package.json,210,210,420,10476,10476,2110,2110,timed_out,
JSON,large,vercel-next.js.git,2071a816f4040f54c27dc4373671c799ab3fe8d7,packages/next/package.json,371,371,742,11014,11014,3374,3374,timed_out,
JSON,medium,OpenHands-OpenHands.git,d2fd54a0838636d3d642821eac117bdb789051c4,frontend/package.json,131,131,262,4463,4463,1246,1246,timed_out,
JSON,medium,Sonarr-Sonarr.git,0d521c078b516489c870fdd165bf5edc2051bad4,src/NzbDrone.Core/Localization/Core/hr.json,67,66,133,3925,3830,718,707,ok,283.311188
JSON,medium,Sonarr-Sonarr.git,5487aa74f5306bbec980432e9a5293d4bf19c903,src/NzbDrone.Core/Localization/Core/pl.json,82,99,181,5224,7041,883,1079,ok,676.407821
JSON,medium,WordPress-WordPress.git,ec445010208a60af54853c3bfba3675ca43f1c78,wp-includes/blocks/post-comments-form/block.json,66,66,132,1333,1340,453,450,ok,430.87439
JSON,medium,WordPress-WordPress.git,ec445010208a60af54853c3bfba3675ca43f1c78,wp-includes/blocks/post-excerpt/block.json,77,78,155,1563,1587,553,561,ok,614.15346
JSON,medium,WordPress-WordPress.git,ec445010208a60af54853c3bfba3675ca43f1c78,wp-includes/blocks/post-terms/block.json,81,79,160,1553,1533,583,571,ok,579.054248
JSON,medium,apache-superset.git,d039172013379fe9172b7a024d6991190fba8954,docs/package.json,127,127,254,5606,5606,1248,1248,timed_out,
JSON,medium,axios-axios.git,29f75425f0c9f73021f5eedc869c176e30e05fe7,package.json,220,220,440,7199,7199,1844,1844,timed_out,
JSON,medium,axios-axios.git,335b79ffb6d67336b2c6836893848eb247568b6a,package.json,220,222,442,7199,7313,1844,1866,timed_out,
JSON,medium,axios-axios.git,472c631e86e5ba056065e972932c6b85af05c796,package.json,262,220,482,8667,7199,2188,1844,timed_out,
JSON,medium,axios-axios.git,99d588dceaf20e8a2a2ab99c9188b4212f9f30b2,package.json,263,262,525,8717,8667,2199,2188,timed_out,
JSON,medium,d3-d3.git,c834894ee2052f9b1d476536901444e1022c7cdd,package.json,92,92,184,2231,2408,822,822,ok,720.307397
JSON,medium,electron-electron.git,3a5f9e0a337a5d7b7dcb9984dde9876be725ddf7,script/node-disabled-tests.json,106,107,213,4135,4182,523,528,ok,151.56512899999998
JSON,medium,electron-electron.git,469b2af0c05012f08a096a39e6531c8d0b90f0a8,package.json,163,163,326,6131,6149,1431,1431,timed_out,
JSON,medium,electron-electron.git,dec7f937ae20ac926e2c3ff51d5d01f99b5e3ea5,package.json,153,158,311,5708,5926,1365,1395,timed_out,
JSON,medium,electron-electron.git,e9faa14cc0c57aad3e446cf32a6ae3599f94b9df,package.json,158,159,317,5926,5965,1395,1406,timed_out,
JSON,medium,electron-electron.git,efb3fd98c665d4b45ab35963af1a8e7932a9d7c6,package.json,159,163,322,5966,6131,1406,1431,timed_out,
JSON,medium,eslint-eslint.git,0bd54976080936ce080ee2552d504180105593b4,docs/package.json,67,67,134,2581,2581,650,650,ok,628.126811
JSON,medium,eslint-eslint.git,0bd54976080936ce080ee2552d504180105593b4,package.json,220,220,440,7044,7044,1928,1928,timed_out,
JSON,medium,eslint-eslint.git,1d1ca45370c1ed3bab3d93e480fe9c22af0bb196,docs/package.json,67,67,134,2617,2617,650,650,ok,575.839372
JSON,medium,eslint-eslint.git,436b82f3c0a8cfa2fdc17d173e95ea11d5d3ee03,package.json,220,220,440,7077,7077,1928,1928,timed_out,
JSON,medium,eslint-eslint.git,4e6c4ac042e321da8fc29ce53ed03c86dcaa44a7,package.json,220,220,440,7049,7044,1928,1928,timed_out,
JSON,medium,eslint-eslint.git,55122d6f971119607c85b0df8e62942171c939f7,package.json,220,220,440,7044,7044,1928,1928,timed_out,
JSON,medium,eslint-eslint.git,6aa1afe6694f3fd7f82116109a5ef2ad18ece074,packages/eslint-config-eslint/package.json,94,94,188,2180,2180,668,668,ok,340.47374
JSON,medium,eslint-eslint.git,8f360ad6a7a743d33a83eed8973ee4a50731e55b,docs/package.json,67,67,134,2619,2617,650,650,ok,260.882359
JSON,medium,eslint-eslint.git,8f360ad6a7a743d33a83eed8973ee4a50731e55b,package.json,220,220,440,7079,7077,1928,1928,timed_out,
JSON,medium,eslint-eslint.git,afc06817bbd0625c7b0a46bdc81c38dab0c99441,docs/package.json,67,67,134,2617,2586,650,650,ok,258.46328
JSON,medium,eslint-eslint.git,ba71baa87265888b582f314163df1d727441e2f1,package.json,220,220,440,7079,7079,1928,1928,timed_out,
JSON,medium,eslint-eslint.git,f9c3e7adf7550441341e05dc60ab23bd5307d568,docs/package.json,67,67,134,2617,2617,650,650,ok,459.914339
JSON,medium,eslint-eslint.git,f9c3e7adf7550441341e05dc60ab23bd5307d568,package.json,220,220,440,7077,7077,1928,1928,timed_out,
JSON,medium,excalidraw-excalidraw.git,063533aede8365bf18b8f08ec949a1e93697c17d,packages/excalidraw/package.json,137,136,273,3808,3756,1140,1129,timed_out,
JSON,medium,excalidraw-excalidraw.git,8fd970320e1d754d1c76bc31abc440b9d88aafab,package.json,94,94,188,3862,3855,933,933,ok,867.86939
JSON,medium,excalidraw-excalidraw.git,b9a255407fc5e68893016de56057614da26df50c,packages/utils/package.json,75,74,149,1860,1833,554,543,ok,204.974445
JSON,medium,excalidraw-excalidraw.git,c141960ada4869ee6a3bb8a665e75c0c18ad7f19,packages/excalidraw/package.json,138,138,276,3830,3830,1151,1151,ok,982.6841440000001
JSON,medium,excalidraw-excalidraw.git,d080833f4d359e808cd12acdc7dd1c9187c956e5,package.json,94,94,188,3855,3855,933,933,ok,497.378154
JSON,medium,fatedier-frp.git,36718d88e4e832cd4b03deb03d7cc3e1538b6846,web/frps/package.json,38,40,78,1091,1142,357,379,ok,56.280914
JSON,medium,fatedier-frp.git,479e9f50c2f7c94d2a7c875c4bdf2cac4ba2cec0,web/frpc/package.json,35,40,75,997,1141,324,379,ok,95.93640500000001
JSON,medium,gohugoio-hugo.git,8f3c066d23f431fb2c53d97ea489e4c28b42bd82,.cspell.json,200,200,400,4259,4249,1040,1040,timed_out,
JSON,medium,jellyfin-jellyfin.git,32d80861211031e5ee66d5068679f43335e2bcbd,Emby.Server.Implementations/Localization/Core/pt.json,141,141,282,8872,8884,1532,1532,timed_out,
JSON,medium,jellyfin-jellyfin.git,411a6cced1f27c846009d5c00e313ddd12daf267,Emby.Server.Implementations/Localization/Core/zh-CN.json,142,142,284,7926,7915,1543,1543,timed_out,
JSON,medium,jellyfin-jellyfin.git,62474af0c0aece2bd33d7e43b010680d57c90c40,Emby.Server.Implementations/Localization/Core/tr.json,142,142,284,9076,9121,1543,1543,timed_out,
JSON,medium,jellyfin-jellyfin.git,6b8400cc3da0095fbce4f3f481464244b3ccf608,Emby.Server.Implementations/Localization/Core/it.json,141,141,282,8832,8831,1532,1532,timed_out,
JSON,medium,jellyfin-jellyfin.git,b9e5cce3838ec0cc89c67c48d8c2c40348bebc6f,Emby.Server.Implementations/Localization/Core/ca.json,142,141,283,9398,9320,1543,1532,timed_out,
JSON,medium,jellyfin-jellyfin.git,b9e5cce3838ec0cc89c67c48d8c2c40348bebc6f,Emby.Server.Implementations/Localization/Core/cs.json,142,141,283,8975,8897,1543,1532,timed_out,
JSON,medium,jellyfin-jellyfin.git,b9e5cce3838ec0cc89c67c48d8c2c40348bebc6f,Emby.Server.Implementations/Localization/Core/en-GB.json,142,141,283,8337,8259,1543,1532,timed_out,
JSON,medium,jellyfin-jellyfin.git,b9e5cce3838ec0cc89c67c48d8c2c40348bebc6f,Emby.Server.Implementations/Localization/Core/es-MX.json,142,141,283,9342,9258,1543,1532,timed_out,
JSON,medium,jellyfin-jellyfin.git,b9e5cce3838ec0cc89c67c48d8c2c40348bebc6f,Emby.Server.Implementations/Localization/Core/hr.json,142,141,283,8736,8656,1543,1532,timed_out,
JSON,medium,jellyfin-jellyfin.git,b9e5cce3838ec0cc89c67c48d8c2c40348bebc6f,Emby.Server.Implementations/Localization/Core/hu.json,142,141,283,9312,9234,1543,1532,timed_out,
JSON,medium,jellyfin-jellyfin.git,b9e5cce3838ec0cc89c67c48d8c2c40348bebc6f,Emby.Server.Implementations/Localization/Core/nb.json,142,141,283,8683,8584,1543,1532,timed_out,
JSON,medium,jellyfin-jellyfin.git,b9e5cce3838ec0cc89c67c48d8c2c40348bebc6f,Emby.Server.Implementations/Localization/Core/pl.json,142,141,283,8961,8865,1543,1532,timed_out,
JSON,medium,jellyfin-jellyfin.git,b9e5cce3838ec0cc89c67c48d8c2c40348bebc6f,Emby.Server.Implementations/Localization/Core/zh-HK.json,142,141,283,7834,7756,1543,1532,timed_out,
JSON,medium,jellyfin-jellyfin.git,ccd042750df8389c1622aaa049997c771f32f181,Emby.Server.Implementations/Localization/Core/hr.json,141,141,282,8656,8653,1532,1532,timed_out,
JSON,medium,jellyfin-jellyfin.git,fa4d51c5e67550a99bb67e915f676c2c2b8ab993,.devcontainer/devcontainer.json,32,46,78,1358,1798,224,285,ok,53.782836
JSON,medium,langflow-ai-langflow.git,7c43e4c4e5959a5fbdde7423ca6054c70e6d385e,src/frontend/package.json,178,178,356,5692,5692,1796,1796,timed_out,
JSON,medium,mermaid-js-mermaid.git,72433401a8c9d90d6753b7592d556122ecb953ca,packages/parser/package.json,47,47,94,1047,1047,332,332,ok,53.416481000000005
JSON,medium,microsoft-TypeScript.git,3fc1f264de2aacae0c008eb4295e66833ade36d9,tests/baselines/reference/typeReferenceDirectives11.trace.json,15,15,30,1077,1076,68,68,ok,1.564503
JSON,medium,microsoft-TypeScript.git,3fc1f264de2aacae0c008eb4295e66833ade36d9,tests/baselines/reference/typeReferenceDirectives12.trace.json,27,27,54,2109,2107,128,128,ok,6.795268999999999
JSON,medium,microsoft-TypeScript.git,5e4281fdf21da7c282ceaf016440992e1fad2565,src/lib/libs.json,124,126,250,3416,3468,643,653,timed_out,
JSON,medium,microsoft-TypeScript.git,e6fac66a7225a1c5976025e6377a2a4b06b3b85a,tests/baselines/reference/project/mapRootAbsolutePathModuleMultifolderSpecifyOutputDirectory/amd/mapRootAbsolutePathModuleMultifolderSpecifyOutputDirectory.json,32,33,65,1275,1296,186,194,ok,10.919765
JSON,medium,microsoft-TypeScript.git,e6fac66a7225a1c5976025e6377a2a4b06b3b85a,tests/baselines/reference/project/mapRootRelativePathModuleMultifolderSpecifyOutputDirectory/node/mapRootRelativePathModuleMultifolderSpecifyOutputDirectory.json,31,32,63,1200,1221,178,186,ok,10.648087
JSON,medium,microsoft-TypeScript.git,e6fac66a7225a1c5976025e6377a2a4b06b3b85a,tests/baselines/reference/project/maprootUrlModuleMultifolderSpecifyOutputDirectory/node/maprootUrlModuleMultifolderSpecifyOutputDirectory.json,31,32,63,1210,1231,178,186,ok,22.578063999999998
JSON,medium,microsoft-TypeScript.git,e6fac66a7225a1c5976025e6377a2a4b06b3b85a,tests/baselines/reference/project/sourceRootAbsolutePathModuleMultifolderSpecifyOutputDirectory/amd/sourceRootAbsolutePathModuleMultifolderSpecifyOutputDirectory.json,32,33,65,1279,1300,186,194,ok,32.253236
JSON,medium,microsoft-TypeScript.git,e6fac66a7225a1c5976025e6377a2a4b06b3b85a,tests/baselines/reference/project/sourceRootRelativePathModuleMultifolderSpecifyOutputDirectory/amd/sourceRootRelativePathModuleMultifolderSpecifyOutputDirectory.json,31,32,63,1201,1222,178,186,ok,20.203725
JSON,medium,microsoft-TypeScript.git,e6fac66a7225a1c5976025e6377a2a4b06b3b85a,tests/baselines/reference/project/sourceRootRelativePathModuleMultifolderSpecifyOutputDirectory/node/sourceRootRelativePathModuleMultifolderSpecifyOutputDirectory.json,31,32,63,1201,1222,178,186,ok,17.644285
JSON,medium,microsoft-TypeScript.git,e6fac66a7225a1c5976025e6377a2a4b06b3b85a,tests/baselines/reference/project/sourcemapModuleMultifolderSpecifyOutputDirectory/node/sourcemapModuleMultifolderSpecifyOutputDirectory.json,30,31,61,1147,1168,167,175,ok,34.058125000000004
JSON,medium,microsoft-TypeScript.git,f09a0e598a798102826d4a86a4d29446a5557d9b,tests/baselines/reference/library-reference-8.trace.json,36,30,66,3293,2593,173,143,ok,8.897228
JSON,medium,microsoft-TypeScript.git,f09a0e598a798102826d4a86a4d29446a5557d9b,tests/baselines/reference/reactJsxReactResolvedNodeNextEsm.trace.json,81,73,154,7435,6455,398,358,ok,69.619894
JSON,medium,microsoft-playwright.git,66137fd17d4453d199b086df26aece65f0169cf1,packages/playwright-core/browsers.json,81,81,162,1939,1939,613,613,ok,897.841561
JSON,medium,microsoft-terminal.git,c05cb107e5d792edde8f322525509f01975e53a7,vcpkg.json,48,48,96,1007,1007,268,268,ok,43.405480000000004
JSON,medium,mui-material-ui.git,11b3a3685b15a65dce2cf3e44b6659ce2c3b7f00,packages/mui-docs/package.json,74,74,148,2133,2133,621,621,ok,427.909236
JSON,medium,mui-material-ui.git,1682b6cfea85951e503c9c2a812b7bbad8055af1,packages-internal/scripts/package.json,57,57,114,1873,1873,510,510,ok,244.039534
JSON,medium,mui-material-ui.git,1ee94a27b931d20b23dab5dc55b35421ba4b8c55,packages/markdown/package.json,40,40,80,1014,1014,330,330,ok,119.252615
JSON,medium,mui-material-ui.git,1ee94a27b931d20b23dab5dc55b35421ba4b8c55,packages/mui-material-nextjs/package.json,76,76,152,1997,1997,582,582,ok,297.61301299999997
JSON,medium,mui-material-ui.git,1ee94a27b931d20b23dab5dc55b35421ba4b8c55,packages/mui-types/package.json,52,52,104,1269,1269,380,380,ok,157.203399
JSON,medium,mui-material-ui.git,28d01ffdc27fee9c95cf72199add253a1c7ace96,docs/pages/material-ui/api/dialog.json,207,206,413,7739,7659,1958,1918,timed_out,
JSON,medium,mui-material-ui.git,28d01ffdc27fee9c95cf72199add253a1c7ace96,docs/pages/material-ui/api/modal.json,102,101,203,4384,4304,1377,1337,timed_out,
JSON,medium,mui-material-ui.git,28d01ffdc27fee9c95cf72199add253a1c7ace96,docs/translations/api-docs/dialog/dialog.json,126,123,249,6817,6671,1189,1169,timed_out,
JSON,medium,mui-material-ui.git,600ea849c3a238c97ca0eb0c9e06da7f1cd2f366,docs/translations/api-docs-joy/avatar-group/avatar-group.json,27,25,52,1186,1122,216,216,ok,48.744635
JSON,medium,mui-material-ui.git,600ea849c3a238c97ca0eb0c9e06da7f1cd2f366,docs/translations/api-docs-joy/select/select.json,162,163,325,7031,7107,1401,1421,timed_out,
JSON,medium,mui-material-ui.git,64a8d53e09de6f0e8baa02749faec653ea6fe533,docs/package.json,135,135,270,4917,4917,1424,1424,timed_out,
JSON,medium,mui-material-ui.git,64a8d53e09de6f0e8baa02749faec653ea6fe533,packages/mui-codemod/package.json,55,55,110,1434,1434,452,452,ok,189.191741
JSON,medium,mui-material-ui.git,712bfa9c3d37f07da94b00953e5f677473eced4e,packages-internal/scripts/package.json,57,57,114,1872,1872,510,510,ok,354.708519
JSON,medium,mui-material-ui.git,712bfa9c3d37f07da94b00953e5f677473eced4e,packages/mui-material-nextjs/package.json,76,76,152,1997,2005,582,582,ok,275.598787
JSON,medium,mui-material-ui.git,712bfa9c3d37f07da94b00953e5f677473eced4e,packages/mui-material/package.json,111,111,222,3014,3022,877,877,timed_out,
JSON,medium,mui-material-ui.git,712bfa9c3d37f07da94b00953e5f677473eced4e,packages/mui-stylis-plugin-rtl/package.json,60,60,120,1500,1508,474,474,ok,250.99255799999997
JSON,medium,mui-material-ui.git,79d45bdec7f38fed95ecb276fcea63e5b122ff07,package.json,183,183,366,9357,9357,1978,1978,timed_out,
JSON,medium,mui-material-ui.git,89071b1d31e4a440579fb9299be9d43859ebb151,packages/mui-icons-material/package.json,106,87,193,3160,2673,855,724,ok,546.294536
JSON,medium,mui-material-ui.git,89071b1d31e4a440579fb9299be9d43859ebb151,packages/mui-stylis-plugin-rtl/package.json,60,60,120,1508,1482,474,474,ok,86.852584
JSON,medium,mui-material-ui.git,b6395bff46e3f3d01d49ede22370cbc155d133de,package.json,180,180,360,9223,9223,1945,1945,timed_out,
JSON,medium,mui-material-ui.git,c2f850655ee14d11f6ef35638bd3cd2332c683ec,package.json,183,183,366,9335,9357,1978,1978,timed_out,
JSON,medium,mui-material-ui.git,c2f850655ee14d11f6ef35638bd3cd2332c683ec,packages/mui-icons-material/package.json,106,106,212,3151,3151,855,855,ok,902.103676
JSON,medium,mui-material-ui.git,c8f05e11ce52f50e8b622312d439ea8337d84683,packages/mui-types/package.json,52,52,104,1251,1251,380,380,ok,76.62535500000001
JSON,medium,mui-material-ui.git,d8781247e4215bd73b00072c0b90827a99e9fd64,docs/package.json,136,136,272,4949,4949,1435,1435,timed_out,
JSON,medium,mui-material-ui.git,e22f0452dbc1c53184d9982c20255a865bcda198,packages/mui-joy/package.json,87,87,174,2342,2343,713,713,ok,387.030333
JSON,medium,mui-material-ui.git,e22f0452dbc1c53184d9982c20255a865bcda198,packages/mui-styled-engine-sc/package.json,61,61,122,1550,1551,485,485,ok,97.131919
JSON,medium,mui-material-ui.git,e22f0452dbc1c53184d9982c20255a865bcda198,packages/mui-system/package.json,88,88,176,2400,2401,721,721,ok,247.22601699999998
JSON,medium,mui-material-ui.git,e22f0452dbc1c53184d9982c20255a865bcda198,packages/mui-types/package.json,52,52,104,1276,1277,380,380,ok,56.978587999999995
JSON,medium,mui-material-ui.git,e22f0452dbc1c53184d9982c20255a865bcda198,test/package.json,45,45,90,1207,1208,434,434,ok,161.726529
JSON,medium,mui-material-ui.git,e73ad82a008c00308c45312d542ab448ada8ce03,docs/package.json,135,135,270,4918,4919,1424,1424,timed_out,
JSON,medium,nextcloud-server.git,be5dd03f9257e3d301f9d25e57b86e2ae92ee9d2,apps/theming/l10n/fi.json,87,97,184,6697,7463,947,1057,timed_out,
JSON,medium,nextcloud-server.git,c4eddb5947e757d7e8aadf80e5c431f654018cff,apps/updatenotification/l10n/de.json,62,62,124,8572,8573,688,688,ok,957.087242
JSON,medium,nextcloud-server.git,e61f0074f02f67f6c5c25a6cbba06854a5111d24,apps/dashboard/l10n/mn.json,22,24,46,1180,2425,232,260,ok,34.102759000000006
JSON,medium,nextcloud-server.git,e61f0074f02f67f6c5c25a6cbba06854a5111d24,apps/files_reminders/l10n/mn.json,32,33,65,2340,2752,367,385,ok,111.033571
JSON,medium,nextcloud-server.git,e61f0074f02f67f6c5c25a6cbba06854a5111d24,apps/files_versions/l10n/mn.json,24,27,51,1550,4379,254,295,ok,45.6897
JSON,medium,nextcloud-server.git,e61f0074f02f67f6c5c25a6cbba06854a5111d24,apps/profile/l10n/cs.json,14,21,35,1005,1400,144,221,ok,22.30032
JSON,medium,nextcloud-server.git,e61f0074f02f67f6c5c25a6cbba06854a5111d24,apps/profile/l10n/gl.json,14,21,35,950,1355,144,221,ok,34.191238999999996
JSON,medium,nextcloud-server.git,e61f0074f02f67f6c5c25a6cbba06854a5111d24,apps/profile/l10n/ko.json,14,17,31,1055,1160,144,177,ok,45.060204
JSON,medium,nextcloud-server.git,e61f0074f02f67f6c5c25a6cbba06854a5111d24,apps/profile/l10n/nl.json,14,21,35,912,1309,144,221,ok,27.452059000000002
JSON,medium,nextcloud-server.git,e61f0074f02f67f6c5c25a6cbba06854a5111d24,apps/profile/l10n/tr.json,14,17,31,955,1050,144,177,ok,35.736768000000005
JSON,medium,nextcloud-server.git,e61f0074f02f67f6c5c25a6cbba06854a5111d24,apps/profile/l10n/ug.json,14,17,31,1205,1330,144,177,ok,30.689386
JSON,medium,nvm-sh-nvm.git,5c12680a62cbe88b57cc243913373096b0f35647,package.json,53,53,106,2925,2925,507,507,ok,172.014265
JSON,medium,nvm-sh-nvm.git,deac4e0932eb3031656cdcbe12f0a7be2cacb69f,package.json,51,51,102,2372,2372,443,443,ok,164.481471
JSON,medium,nvm-sh-nvm.git,ff7634577bc6d3cc2c7fe059018aa18b7ed32686,package.json,51,53,104,2372,2925,443,507,ok,151.968486
JSON,medium,open-webui-open-webui.git,ffcf97e3e1908c5c0879f5663f670981828d471c,package.json,154,154,308,5088,5088,1629,1629,timed_out,
JSON,medium,prettier-prettier.git,0b0a147bfcd8e68c46c01ed5ddacb732554d2329,package.json,267,267,534,9204,9204,2588,2588,timed_out,
JSON,medium,prettier-prettier.git,2c623081f4ba417dc1e44a0a10758056c794a777,package.json,267,267,534,9204,9204,2588,2588,timed_out,
JSON,medium,prettier-prettier.git,88ee8a5b3e5db04f012c18be28aec11ed23ba849,package.json,270,267,537,9552,9204,2625,2588,timed_out,
JSON,medium,prettier-prettier.git,96596de06d9421e8cfffce21430b904ffbea73f1,package.json,267,267,534,9204,9204,2588,2588,timed_out,
JSON,medium,prometheus-prometheus.git,54e010926b0a270cadb22be1113ad45fe9bcb90a,web/ui/module/lezer-promql/package.json,43,43,86,1193,1188,351,351,ok,115.92599100000001
JSON,medium,prometheus-prometheus.git,5bd0d00f8ca1ec808015b30f30b3cf1dba656518,cmd/prometheus/testdata/features.json,255,256,511,5528,5562,1943,1951,timed_out,
JSON,medium,prometheus-prometheus.git,b494365aa7488fe46a5893689c20bdc3fcc2cdf2,web/ui/module/lezer-promql/package.json,43,43,86,1188,1193,351,351,ok,118.93025999999999
JSON,medium,prometheus-prometheus.git,ce30ae49f314cc5dce4b04678f5f0c9cf17eb688,cmd/prometheus/testdata/features.json,256,257,513,5562,5587,1951,1959,timed_out,
JSON,medium,prometheus-prometheus.git,d66944d856ca675d0eb826b058a93b1d7b07dc95,renovate.json,92,131,223,2526,2806,706,706,timed_out,
JSON,medium,prometheus-prometheus.git,decde0b3648ad9ececb868a8b7a3e298db0cbf4b,web/ui/module/lezer-promql/package.json,43,43,86,1193,1193,351,351,ok,78.961662
JSON,medium,puppeteer-puppeteer.git,451550ca7690b23443c2a37faadbdf32594b27a5,packages/puppeteer-core/package.json,169,169,338,4267,4267,1109,1109,timed_out,
JSON,medium,puppeteer-puppeteer.git,451550ca7690b23443c2a37faadbdf32594b27a5,packages/puppeteer/package.json,145,145,290,3656,3656,917,917,ok,967.39355
JSON,medium,puppeteer-puppeteer.git,5d820f2872cdec366fbf6069d03ebc094d8b97f2,packages/puppeteer/package.json,145,145,290,3656,3656,917,917,ok,937.16537
JSON,medium,puppeteer-puppeteer.git,5dc0f3c7e67da8d4f965795dd2bd64396e00d6fd,packages/puppeteer/package.json,145,145,290,3656,3656,917,917,timed_out,
JSON,medium,puppeteer-puppeteer.git,a04852664202ca7c6d9bf49079edad7b9f6a7cb1,package.json,221,221,442,6517,6517,1632,1632,timed_out,
JSON,medium,puppeteer-puppeteer.git,a63847d707db3b948267078bbaf44dbd87023d7e,test/CanaryTestExpectations.json,71,23,94,2677,806,747,224,ok,193.13033
JSON,medium,puppeteer-puppeteer.git,b0aa4dd35da756d9f706b5efb49b745d27553c42,packages/puppeteer-core/package.json,169,169,338,4267,4267,1109,1109,timed_out,
JSON,medium,puppeteer-puppeteer.git,b163ce4593a8f014b86d67d53825fbeb679045ca,packages/puppeteer-core/package.json,169,169,338,4267,4267,1109,1109,timed_out,
JSON,medium,puppeteer-puppeteer.git,eee111bedbbf719ce27f356f4f5307646b13b0eb,packages/browsers/package.json,125,125,250,3028,3028,820,820,ok,799.8252110000001
JSON,medium,puppeteer-puppeteer.git,eee111bedbbf719ce27f356f4f5307646b13b0eb,packages/puppeteer-core/package.json,169,169,338,4267,4267,1109,1109,timed_out,
JSON,medium,puppeteer-puppeteer.git,f0e14f0f5019fafb6cff80038bf10fb75a9de17e,packages/puppeteer-core/package.json,169,169,338,4267,4267,1109,1109,timed_out,
JSON,medium,puppeteer-puppeteer.git,fcb37e3b3a4f6b55b6f81a40811243260bcea16f,packages/puppeteer/package.json,145,145,290,3656,3656,917,917,timed_out,
JSON,medium,puppeteer-puppeteer.git,fcb37e3b3a4f6b55b6f81a40811243260bcea16f,website/versionsArchived.json,237,238,475,2896,2909,1178,1183,ok,875.846944
JSON,medium,redis-redis.git,b6ea0dd2a312dc7d2170324559df7d8ddeebcb81,src/commands/xcfgset.json,79,59,138,2146,1474,475,357,ok,660.0015970000001
JSON,medium,shadcn-ui-ui.git,0008c487e920a2c4effc3d6c1941458ee152b730,apps/v4/public/r/config.json,164,164,328,4112,4113,1552,1552,ok,6.819901
JSON,medium,shadcn-ui-ui.git,0008c487e920a2c4effc3d6c1941458ee152b730,apps/v4/public/r/styles/base-lyra/alert.json,12,12,24,2431,2498,285,299,ok,166.725754
JSON,medium,shadcn-ui-ui.git,0008c487e920a2c4effc3d6c1941458ee152b730,apps/v4/public/r/styles/base-lyra/dialog.json,15,15,30,4687,4741,511,523,ok,534.390811
JSON,medium,shadcn-ui-ui.git,0008c487e920a2c4effc3d6c1941458ee152b730,apps/v4/public/r/styles/base-lyra/input-otp.json,15,15,30,3191,3191,353,353,ok,166.869031
JSON,medium,shadcn-ui-ui.git,0008c487e920a2c4effc3d6c1941458ee152b730,apps/v4/public/r/styles/base-lyra/input.json,12,12,24,1329,1329,137,137,ok,13.191248
JSON,medium,shadcn-ui-ui.git,0008c487e920a2c4effc3d6c1941458ee152b730,apps/v4/public/r/styles/base-lyra/pagination.json,15,15,30,4091,4046,579,569,ok,906.533075
JSON,medium,shadcn-ui-ui.git,0008c487e920a2c4effc3d6c1941458ee152b730,apps/v4/public/r/styles/base-lyra/radio-group.json,12,12,24,1982,1982,186,186,ok,60.840198
JSON,medium,shadcn-ui-ui.git,0008c487e920a2c4effc3d6c1941458ee152b730,apps/v4/public/r/styles/base-lyra/resizable.json,15,15,30,2060,2060,218,218,ok,39.193372
JSON,medium,shadcn-ui-ui.git,0008c487e920a2c4effc3d6c1941458ee152b730,apps/v4/public/r/styles/base-lyra/switch.json,12,12,24,2018,2018,172,172,ok,55.740164
JSON,medium,shadcn-ui-ui.git,0008c487e920a2c4effc3d6c1941458ee152b730,apps/v4/public/r/styles/base-lyra/tabs.json,12,12,24,3751,3751,307,307,ok,177.805678
JSON,medium,shadcn-ui-ui.git,0008c487e920a2c4effc3d6c1941458ee152b730,apps/v4/public/r/styles/base-lyra/textarea.json,12,12,24,1133,1133,130,130,ok,38.302033
JSON,medium,shadcn-ui-ui.git,0008c487e920a2c4effc3d6c1941458ee152b730,apps/v4/public/r/styles/base-maia/badge.json,12,12,24,2236,2280,236,244,ok,89.82390799999999
JSON,medium,shadcn-ui-ui.git,0008c487e920a2c4effc3d6c1941458ee152b730,apps/v4/public/r/styles/base-maia/carousel.json,18,18,36,6824,6824,835,835,timed_out,
JSON,medium,shadcn-ui-ui.git,0008c487e920a2c4effc3d6c1941458ee152b730,apps/v4/public/r/styles/base-maia/dialog.json,15,15,30,4674,4728,511,523,ok,381.720039
JSON,medium,shadcn-ui-ui.git,0008c487e920a2c4effc3d6c1941458ee152b730,apps/v4/public/r/styles/base-maia/input-group.json,17,17,34,5711,5787,579,595,ok,678.598503
JSON,medium,shadcn-ui-ui.git,0008c487e920a2c4effc3d6c1941458ee152b730,apps/v4/public/r/styles/base-maia/radio-group-example.json,18,18,36,7900,7892,993,987,timed_out,
JSON,medium,shadcn-ui-ui.git,0008c487e920a2c4effc3d6c1941458ee152b730,apps/v4/public/r/styles/base-maia/radio-group.json,12,12,24,1982,1982,186,186,ok,47.683911
JSON,medium,shadcn-ui-ui.git,0008c487e920a2c4effc3d6c1941458ee152b730,apps/v4/public/r/styles/base-maia/table.json,12,12,24,2675,2803,375,403,ok,186.392605
JSON,medium,shadcn-ui-ui.git,0008c487e920a2c4effc3d6c1941458ee152b730,apps/v4/public/r/styles/base-maia/tabs.json,12,12,24,3785,3785,307,307,ok,102.485119
JSON,medium,shadcn-ui-ui.git,0008c487e920a2c4effc3d6c1941458ee152b730,apps/v4/public/r/styles/base-mira/accordion.json,12,12,24,3411,3438,341,347,ok,159.45076699999998
JSON,medium,shadcn-ui-ui.git,0008c487e920a2c4effc3d6c1941458ee152b730,apps/v4/public/r/styles/base-mira/alert-dialog.json,15,15,30,5663,5771,549,573,ok,412.448649
JSON,medium,shadcn-ui-ui.git,0008c487e920a2c4effc3d6c1941458ee152b730,apps/v4/public/r/styles/base-mira/navigation-menu.json,12,12,24,8121,8148,536,542,ok,498.234802
JSON,medium,shadcn-ui-ui.git,0008c487e920a2c4effc3d6c1941458ee152b730,apps/v4/public/r/styles/base-mira/popover.json,12,12,24,2973,2973,328,328,ok,214.864088
JSON,medium,shadcn-ui-ui.git,0008c487e920a2c4effc3d6c1941458ee152b730,apps/v4/public/r/styles/base-mira/scroll-area.json,12,12,24,1974,1974,226,226,ok,64.943435
JSON,medium,shadcn-ui-ui.git,0008c487e920a2c4effc3d6c1941458ee152b730,apps/v4/public/r/styles/base-mira/select.json,12,12,24,7911,8014,699,721,ok,750.800624
JSON,medium,shadcn-ui-ui.git,0008c487e920a2c4effc3d6c1941458ee152b730,apps/v4/public/r/styles/base-mira/switch.json,12,12,24,2020,2020,172,172,ok,47.36346
JSON,medium,shadcn-ui-ui.git,0008c487e920a2c4effc3d6c1941458ee152b730,apps/v4/public/r/styles/base-mira/tabs.json,12,12,24,3749,3749,307,307,ok,175.97120999999999
JSON,medium,shadcn-ui-ui.git,0008c487e920a2c4effc3d6c1941458ee152b730,apps/v4/public/r/styles/base-mira/toggle-group.json,15,15,30,3498,3498,341,341,ok,155.036764
JSON,medium,shadcn-ui-ui.git,0008c487e920a2c4effc3d6c1941458ee152b730,apps/v4/public/r/styles/base-mira/tooltip.json,13,13,26,3512,3512,309,309,ok,90.595543
JSON,medium,shadcn-ui-ui.git,0008c487e920a2c4effc3d6c1941458ee152b730,apps/v4/public/r/styles/base-nova/avatar.json,12,12,24,3431,3458,375,381,ok,205.25280600000002
JSON,medium,shadcn-ui-ui.git,0008c487e920a2c4effc3d6c1941458ee152b730,apps/v4/public/r/styles/base-nova/input-group.json,17,17,34,5805,5892,579,597,ok,468.664848
JSON,medium,shadcn-ui-ui.git,0008c487e920a2c4effc3d6c1941458ee152b730,apps/v4/public/r/styles/base-nova/input-otp.json,15,15,30,3189,3189,353,353,ok,105.961717
JSON,medium,shadcn-ui-ui.git,0008c487e920a2c4effc3d6c1941458ee152b730,apps/v4/public/r/styles/base-nova/item.json,15,15,30,5470,5481,679,681,ok,858.908757
JSON,medium,shadcn-ui-ui.git,0008c487e920a2c4effc3d6c1941458ee152b730,apps/v4/public/r/styles/base-nova/native-select.json,12,12,24,2564,2564,276,276,ok,113.69734700000001
JSON,medium,shadcn-ui-ui.git,0008c487e920a2c4effc3d6c1941458ee152b730,apps/v4/public/r/styles/base-nova/navigation-menu.json,12,12,24,8127,8154,536,542,ok,523.360564
JSON,medium,shadcn-ui-ui.git,0008c487e920a2c4effc3d6c1941458ee152b730,apps/v4/public/r/styles/base-nova/pagination.json,15,15,30,4091,4046,579,569,ok,631.934184
JSON,medium,shadcn-ui-ui.git,0008c487e920a2c4effc3d6c1941458ee152b730,apps/v4/public/r/styles/base-nova/radio-group-example.json,18,18,36,7900,7892,993,987,timed_out,
JSON,medium,shadcn-ui-ui.git,0008c487e920a2c4effc3d6c1941458ee152b730,apps/v4/public/r/styles/base-nova/table.json,12,12,24,2675,2803,375,403,ok,309.883509
JSON,medium,shadcn-ui-ui.git,0008c487e920a2c4effc3d6c1941458ee152b730,apps/v4/public/r/styles/base-nova/tabs.json,12,12,24,3808,3808,307,307,ok,134.794261
JSON,medium,shadcn-ui-ui.git,0008c487e920a2c4effc3d6c1941458ee152b730,apps/v4/public/r/styles/base-vega/accordion.json,12,12,24,3446,3446,341,341,ok,175.455372
JSON,medium,shadcn-ui-ui.git,0008c487e920a2c4effc3d6c1941458ee152b730,apps/v4/public/r/styles/base-vega/alert-dialog.json,15,15,30,5658,5766,549,573,ok,576.2699690000001
JSON,medium,shadcn-ui-ui.git,0008c487e920a2c4effc3d6c1941458ee152b730,apps/v4/public/r/styles/base-vega/alert.json,12,12,24,2381,2421,285,293,ok,174.22127400000002
JSON,medium,shadcn-ui-ui.git,0008c487e920a2c4effc3d6c1941458ee152b730,apps/v4/public/r/styles/base-vega/breadcrumb.json,12,12,24,3504,3504,503,503,ok,450.34207
JSON,medium,shadcn-ui-ui.git,0008c487e920a2c4effc3d6c1941458ee152b730,apps/v4/public/r/styles/base-vega/item.json,15,15,30,5470,5481,679,681,ok,542.1953619999999
JSON,medium,shadcn-ui-ui.git,0008c487e920a2c4effc3d6c1941458ee152b730,apps/v4/public/r/styles/base-vega/progress.json,12,12,24,2087,2114,275,281,ok,81.544968
JSON,medium,shadcn-ui-ui.git,0008c487e920a2c4effc3d6c1941458ee152b730,apps/v4/public/r/styles/radix-lyra/alert.json,12,12,24,2433,2500,285,299,ok,105.536509
JSON,medium,shadcn-ui-ui.git,0008c487e920a2c4effc3d6c1941458ee152b730,apps/v4/public/r/styles/radix-lyra/breadcrumb.json,12,12,24,3376,3376,487,487,ok,311.234883
JSON,medium,shadcn-ui-ui.git,0008c487e920a2c4effc3d6c1941458ee152b730,apps/v4/public/r/styles/radix-lyra/command.json,19,19,38,5940,5994,651,663,ok,765.494832
JSON,medium,shadcn-ui-ui.git,0008c487e920a2c4effc3d6c1941458ee152b730,apps/v4/public/r/styles/radix-lyra/hover-card.json,12,12,24,1863,1863,196,196,ok,32.530055000000004
JSON,medium,shadcn-ui-ui.git,0008c487e920a2c4effc3d6c1941458ee152b730,apps/v4/public/r/styles/radix-lyra/input-group.json,17,17,34,5681,5757,560,576,ok,295.570532
JSON,medium,shadcn-ui-ui.git,0008c487e920a2c4effc3d6c1941458ee152b730,apps/v4/public/r/styles/radix-lyra/input-otp.json,15,15,30,3193,3193,353,353,ok,116.11115099999999
JSON,medium,shadcn-ui-ui.git,0008c487e920a2c4effc3d6c1941458ee152b730,apps/v4/public/r/styles/radix-lyra/item.json,15,15,30,5376,5387,660,662,ok,782.404
JSON,medium,shadcn-ui-ui.git,0008c487e920a2c4effc3d6c1941458ee152b730,apps/v4/public/r/styles/radix-lyra/native-select.json,12,12,24,2544,2544,276,276,ok,69.978771
JSON,medium,shadcn-ui-ui.git,0008c487e920a2c4effc3d6c1941458ee152b730,apps/v4/public/r/styles/radix-maia/card.json,12,12,24,2873,2927,354,366,ok,112.511005
JSON,medium,shadcn-ui-ui.git,0008c487e920a2c4effc3d6c1941458ee152b730,apps/v4/public/r/styles/radix-maia/carousel.json,18,18,36,6827,6827,835,835,ok,724.5224860000001
JSON,medium,shadcn-ui-ui.git,0008c487e920a2c4effc3d6c1941458ee152b730,apps/v4/public/r/styles/radix-maia/item.json,15,15,30,5377,5388,660,662,ok,497.669456
JSON,medium,shadcn-ui-ui.git,0008c487e920a2c4effc3d6c1941458ee152b730,apps/v4/public/r/styles/radix-maia/menubar.json,12,12,24,9700,9781,835,853,timed_out,
JSON,medium,shadcn-ui-ui.git,0008c487e920a2c4effc3d6c1941458ee152b730,apps/v4/public/r/styles/radix-maia/sheet.json,15,15,30,5212,5331,496,513,ok,308.699245
JSON,medium,shadcn-ui-ui.git,0008c487e920a2c4effc3d6c1941458ee152b730,apps/v4/public/r/styles/radix-mira/alert-dialog.json,15,15,30,6025,6160,583,613,ok,689.5875139999999
JSON,medium,shadcn-ui-ui.git,0008c487e920a2c4effc3d6c1941458ee152b730,apps/v4/public/r/styles/radix-mira/badge.json,12,12,24,2201,2245,223,231,ok,56.452337
JSON,medium,shadcn-ui-ui.git,0008c487e920a2c4effc3d6c1941458ee152b730,apps/v4/public/r/styles/radix-mira/calendar.json,19,19,38,9844,9844,835,835,ok,984.920502
JSON,medium,shadcn-ui-ui.git,0008c487e920a2c4effc3d6c1941458ee152b730,apps/v4/public/r/styles/radix-mira/input-otp.json,15,15,30,3211,3211,353,353,ok,142.335262
JSON,medium,shadcn-ui-ui.git,0008c487e920a2c4effc3d6c1941458ee152b730,apps/v4/public/r/styles/radix-mira/native-select.json,12,12,24,2644,2644,276,276,ok,60.500879
JSON,medium,shadcn-ui-ui.git,0008c487e920a2c4effc3d6c1941458ee152b730,apps/v4/public/r/styles/radix-mira/popover.json,12,12,24,2769,2769,315,315,ok,94.670491
JSON,medium,shadcn-ui-ui.git,0008c487e920a2c4effc3d6c1941458ee152b730,apps/v4/public/r/styles/radix-mira/radio-group.json,12,12,24,2029,2029,198,198,ok,24.397308
JSON,medium,shadcn-ui-ui.git,0008c487e920a2c4effc3d6c1941458ee152b730,apps/v4/public/r/styles/radix-mira/textarea.json,12,12,24,1101,1101,130,130,ok,12.641995
JSON,medium,shadcn-ui-ui.git,0008c487e920a2c4effc3d6c1941458ee152b730,apps/v4/public/r/styles/radix-nova/alert.json,12,12,24,2381,2421,285,293,ok,62.283749
JSON,medium,shadcn-ui-ui.git,0008c487e920a2c4effc3d6c1941458ee152b730,apps/v4/public/r/styles/radix-nova/avatar.json,12,12,24,3496,3523,381,387,ok,184.102537
JSON,medium,shadcn-ui-ui.git,0008c487e920a2c4effc3d6c1941458ee152b730,apps/v4/public/r/styles/radix-nova/button-group.json,15,15,30,2788,2788,313,313,ok,158.771754
JSON,medium,shadcn-ui-ui.git,0008c487e920a2c4effc3d6c1941458ee152b730,apps/v4/public/r/styles/radix-nova/empty.json,12,12,24,2795,2768,367,361,ok,259.252444
JSON,medium,shadcn-ui-ui.git,0008c487e920a2c4effc3d6c1941458ee152b730,apps/v4/public/r/styles/radix-nova/field.json,16,16,32,6604,6711,720,742,ok,867.111081
JSON,medium,shadcn-ui-ui.git,0008c487e920a2c4effc3d6c1941458ee152b730,apps/v4/public/r/styles/radix-nova/hover-card.json,12,12,24,1853,1853,196,196,ok,25.273047
JSON,medium,shadcn-ui-ui.git,0008c487e920a2c4effc3d6c1941458ee152b730,apps/v4/public/r/styles/radix-nova/pagination.json,15,15,30,4058,4013,577,567,ok,391.381725
JSON,medium,shadcn-ui-ui.git,0008c487e920a2c4effc3d6c1941458ee152b730,apps/v4/public/r/styles/radix-nova/progress.json,12,12,24,1058,1058,162,162,ok,17.851872
JSON,medium,shadcn-ui-ui.git,0008c487e920a2c4effc3d6c1941458ee152b730,apps/v4/public/r/styles/radix-nova/table.json,12,12,24,2677,2805,375,403,ok,165.496639
JSON,medium,shadcn-ui-ui.git,0008c487e920a2c4effc3d6c1941458ee152b730,apps/v4/public/r/styles/radix-nova/toggle-group.json,15,15,30,3508,3508,338,338,ok,127.92163400000001
JSON,medium,shadcn-ui-ui.git,0008c487e920a2c4effc3d6c1941458ee152b730,apps/v4/public/r/styles/radix-vega/alert.json,12,12,24,2383,2423,285,293,ok,102.053043
JSON,medium,shadcn-ui-ui.git,0008c487e920a2c4effc3d6c1941458ee152b730,apps/v4/public/r/styles/radix-vega/badge.json,12,12,24,2161,2205,223,231,ok,37.862316
JSON,medium,shadcn-ui-ui.git,0008c487e920a2c4effc3d6c1941458ee152b730,apps/v4/public/r/styles/radix-vega/button.json,12,12,24,3601,3678,305,319,ok,74.10372699999999
JSON,medium,shadcn-ui-ui.git,0008c487e920a2c4effc3d6c1941458ee152b730,apps/v4/public/r/styles/radix-vega/calendar.json,19,19,38,9844,9844,835,835,ok,733.182799
JSON,medium,shadcn-ui-ui.git,0008c487e920a2c4effc3d6c1941458ee152b730,apps/v4/public/r/styles/radix-vega/drawer.json,15,15,30,4738,4792,416,428,ok,122.86376899999999
JSON,medium,shadcn-ui-ui.git,0008c487e920a2c4effc3d6c1941458ee152b730,apps/v4/public/r/styles/radix-vega/input-otp.json,15,15,30,3201,3201,353,353,ok,84.73130900000001
JSON,medium,shadcn-ui-ui.git,0008c487e920a2c4effc3d6c1941458ee152b730,apps/v4/public/r/styles/radix-vega/item.json,15,15,30,5384,5395,660,662,ok,422.130922
JSON,medium,shadcn-ui-ui.git,0008c487e920a2c4effc3d6c1941458ee152b730,apps/v4/public/r/styles/radix-vega/progress.json,12,12,24,1060,1060,162,162,ok,30.238576
JSON,medium,shadcn-ui-ui.git,0008c487e920a2c4effc3d6c1941458ee152b730,apps/v4/public/r/styles/radix-vega/resizable.json,15,15,30,2060,2060,218,218,ok,41.763237000000004
JSON,medium,shadcn-ui-ui.git,0008c487e920a2c4effc3d6c1941458ee152b730,apps/v4/public/r/styles/radix-vega/sheet.json,15,15,30,5208,5327,496,513,ok,335.144109
JSON,medium,shadcn-ui-ui.git,0008c487e920a2c4effc3d6c1941458ee152b730,apps/v4/public/r/styles/radix-vega/textarea.json,12,12,24,1110,1110,130,130,ok,15.809812999999998
JSON,medium,shadcn-ui-ui.git,0008c487e920a2c4effc3d6c1941458ee152b730,apps/v4/public/r/styles/radix-vega/toggle-group.json,15,15,30,3579,3579,338,338,ok,136.941248
JSON,medium,shadcn-ui-ui.git,6a75b60b4feb3dc03cfc86b335e3144b5a6fb7cb,apps/v4/public/r/styles/new-york-v4/form-tanstack-checkbox.json,22,22,44,7162,7610,664,683,ok,493.570178
JSON,medium,shadcn-ui-ui.git,9e6765f4e2300916027160bf020929bf68f8be34,apps/v4/public/r/styles/base-lyra/radio-group.json,12,12,24,2216,1930,219,186,ok,51.238094999999994
JSON,medium,shadcn-ui-ui.git,9e6765f4e2300916027160bf020929bf68f8be34,apps/v4/public/r/styles/base-maia/radio-group.json,12,12,24,2240,1982,219,186,ok,39.213258
JSON,medium,shadcn-ui-ui.git,9e6765f4e2300916027160bf020929bf68f8be34,apps/v4/public/r/styles/radix-lyra/radio-group.json,12,12,24,2263,1977,231,198,ok,38.297869999999996
JSON,medium,shadcn-ui-ui.git,9e6765f4e2300916027160bf020929bf68f8be34,apps/v4/public/r/styles/radix-maia/radio-group.json,12,12,24,2287,2029,231,198,ok,44.497690999999996
JSON,medium,shadcn-ui-ui.git,9e6765f4e2300916027160bf020929bf68f8be34,apps/v4/public/r/styles/radix-nova/radio-group.json,12,12,24,2213,2029,231,198,ok,47.461806
JSON,medium,shadcn-ui-ui.git,a22aec8694706300fa9f9cb49758f2488cf2d572,apps/v4/public/r/styles/new-york-v4/form-tanstack-checkbox.json,22,22,44,7162,7610,664,683,ok,612.480935
JSON,medium,shadcn-ui-ui.git,c759f460d5543f8209bb799e2e53ea13dad5143b,apps/v4/public/r/styles/base-lyra/tooltip.json,12,13,25,3037,3483,261,309,ok,135.152424
JSON,medium,shadcn-ui-ui.git,c759f460d5543f8209bb799e2e53ea13dad5143b,apps/v4/public/r/styles/base-maia/tooltip.json,12,13,25,3233,3679,261,309,ok,136.902093
JSON,medium,shadcn-ui-ui.git,c759f460d5543f8209bb799e2e53ea13dad5143b,apps/v4/public/r/styles/base-nova/tooltip.json,12,13,25,3036,3482,261,309,ok,219.220757
JSON,medium,shadcn-ui-ui.git,c759f460d5543f8209bb799e2e53ea13dad5143b,apps/v4/public/r/styles/new-york-v4/tooltip.json,15,16,31,2191,2637,234,282,ok,135.145091
JSON,medium,shadcn-ui-ui.git,c759f460d5543f8209bb799e2e53ea13dad5143b,apps/v4/public/r/styles/radix-nova/tooltip.json,12,13,25,2282,2728,220,268,ok,65.31161300000001
JSON,medium,tauri-apps-tauri.git,03514414d93c1f77409e4978a3e3cde7fc1c7498,packages/api/package.json,63,63,126,1784,1784,551,551,ok,323.042522
JSON,medium,tauri-apps-tauri.git,4408f72af66c4827799c7fad80e9d9a73a4973a6,packages/cli/package.json,67,67,134,1887,1887,503,503,ok,471.36448800000005
JSON,medium,tauri-apps-tauri.git,4794a6ba22ae8a587a7cb6c870a27fb6c9b1fcf8,packages/api/package.json,63,63,126,1783,1783,551,551,ok,385.718693
JSON,medium,tauri-apps-tauri.git,51a0d6d66d1a8c8366503dc2378aa8a28a8264e9,packages/api/package.json,63,63,126,1783,1783,551,551,ok,410.762274
JSON,medium,tauri-apps-tauri.git,8d67af37b6d3fc0aedaab58549b1bca5b34fda19,packages/cli/package.json,67,67,134,1887,1888,503,503,ok,244.004636
JSON,medium,tauri-apps-tauri.git,9a53c84ec0a41ea1d784e02e13aa90b94a4c8a8e,packages/api/package.json,63,63,126,1783,1783,551,551,ok,168.336471
JSON,medium,tauri-apps-tauri.git,aa0bf8bd190d6705c9d19e2010a62c847a0fded5,packages/api/package.json,63,63,126,1784,1784,551,551,ok,314.250602
JSON,medium,tauri-apps-tauri.git,afdd288eab7d8473fd6ad2796571a24c4873a8db,packages/cli/package.json,67,67,134,1887,1887,503,503,ok,247.928463
JSON,medium,vercel-next.js.git,2071a816f4040f54c27dc4373671c799ab3fe8d7,packages/create-next-app/package.json,53,53,106,1495,1495,449,449,ok,206.102138
JSON,medium,vercel-next.js.git,2071a816f4040f54c27dc4373671c799ab3fe8d7,packages/eslint-config-next/package.json,63,63,126,1746,1746,496,496,ok,141.431503
JSON,medium,vercel-next.js.git,2071a816f4040f54c27dc4373671c799ab3fe8d7,packages/next-swc/package.json,44,44,88,2469,2469,333,333,ok,85.120108
JSON,medium,vercel-next.js.git,39e8fb2a48d444105b9a8baa93a6e3112fe4fd22,packages/create-next-app/package.json,53,53,106,1495,1495,449,449,ok,124.769302
JSON,small,Homebrew-brew.git,c8e0f5250d7d37c58688d6d8518dfeb2e1a26605,.claude/settings.json,30,30,60,524,542,148,148,ok,31.120383
JSON,small,Homebrew-brew.git,c8e0f5250d7d37c58688d6d8518dfeb2e1a26605,.cursor/hooks.json,18,18,36,262,280,80,80,ok,5.83575
JSON,small,Lidarr-Lidarr.git,96328b8d957ed7816648e9d6358af06958c8507c,.devcontainer/devcontainer.json,19,19,38,532,532,118,118,ok,9.960032
JSON,small,Radarr-Radarr.git,2235823af313ea1f39fd1189b69a75fc5d380c41,.devcontainer/devcontainer.json,19,19,38,532,532,118,118,ok,10.763703
JSON,small,angular-angular.git,3bc095d508653982a48b337afd51bfedbbde1f87,packages/core/schematics/migrations.json,9,14,23,235,535,54,96,ok,3.946448
JSON,small,axios-axios.git,08b84b52d5835d0c7b81049c365c3d271ade8bff,bower.json,43,43,86,700,700,240,240,ok,23.194698
JSON,small,axios-axios.git,29f75425f0c9f73021f5eedc869c176e30e05fe7,bower.json,43,43,86,700,700,240,240,ok,24.267765999999998
JSON,small,axios-axios.git,7108c8877f9dc05f7aba8beb2b9e522537f9a9a7,bower.json,43,43,86,700,700,240,240,ok,43.032982
JSON,small,axios-axios.git,9ead04d8abbcd53718dbc31b1250ea74300921c8,bower.json,38,43,81,635,700,215,240,ok,35.777089999999994
JSON,small,axios-axios.git,ab06109b40e129e43096f9c75aaa21bc74ef9fc8,bower.json,43,43,86,700,700,240,240,ok,47.350436
JSON,small,axios-axios.git,ef3711d1b3a3c1eb4f11dc43e8db38e9c5342448,test/module/cjs/package.json,15,15,30,294,293,117,117,ok,0.065055
JSON,small,axios-axios.git,ef3711d1b3a3c1eb4f11dc43e8db38e9c5342448,test/module/ts-require/package.json,20,20,40,416,415,159,159,ok,0.08498199999999999
JSON,small,axios-axios.git,ef3711d1b3a3c1eb4f11dc43e8db38e9c5342448,test/module/typings/esm/package.json,21,21,42,449,448,170,170,ok,0.081232
JSON,small,cockroachdb-cockroach.git,9755e3cc63596e3570ab7cf3e6b3553d925080e9,build/packer/teamcity-agent-x86.json,36,36,72,970,976,295,295,ok,120.444743
JSON,small,electron-electron.git,19d0c072d5cbf1247efc5b838ead7f123d6a36a7,npm/package.json,18,16,34,311,292,127,118,ok,17.792447
JSON,small,eslint-eslint.git,0bd54976080936ce080ee2552d504180105593b4,docs/src/_data/versions.json,24,24,48,498,498,156,156,ok,20.13179
JSON,small,eslint-eslint.git,1d1ca45370c1ed3bab3d93e480fe9c22af0bb196,docs/src/_data/versions.json,24,24,48,503,503,156,156,ok,19.892291
JSON,small,eslint-eslint.git,55122d6f971119607c85b0df8e62942171c939f7,docs/src/_data/versions.json,24,24,48,498,498,156,156,ok,15.010335
JSON,small,eslint-eslint.git,84fb885d49ac810e79a9491276b4828b53d913e5,packages/js/package.json,44,44,88,911,911,303,303,ok,39.169874
JSON,small,eslint-eslint.git,85405a3aed9cd17f9de9d6c2c24d7729e3fd73c6,docs/src/_data/versions.json,24,24,48,506,505,156,156,ok,16.725122
JSON,small,eslint-eslint.git,8f360ad6a7a743d33a83eed8973ee4a50731e55b,docs/src/_data/versions.json,24,24,48,505,503,156,156,ok,40.451955999999996
JSON,small,eslint-eslint.git,b4b3127f8542c599ce2dea804b6582ebc40c993d,packages/js/package.json,36,36,72,788,785,257,257,ok,38.485656
JSON,small,eslint-eslint.git,e5c281ffd038a3a7a3e5364db0b9378e0ad83020,docs/src/_data/versions.json,24,24,48,498,498,156,156,ok,45.911618000000004
JSON,small,eslint-eslint.git,e80485fcd27196fa0b6f6b5c7ac8cf49ad4b079d,tools/typescript-eslint-parser/package.json,10,10,20,273,273,74,74,ok,5.371843
JSON,small,eslint-eslint.git,efc5aef2f9a05f01d5cad53dcb91e7f2c575e295,packages/eslint-config-eslint/tsconfig.json,20,20,40,529,520,166,168,ok,22.121218000000002
JSON,small,eslint-eslint.git,f3fbc2f60cbe2c718364feb8c3fc0452c0df3c56,packages/js/package.json,36,36,72,785,780,257,257,ok,34.587573000000006
JSON,small,excalidraw-excalidraw.git,b5fc873323e16f181860a4e731c731b4e40badd1,packages/excalidraw/locales/percentages.json,59,59,118,856,859,459,459,ok,121.062164
JSON,small,gorhill-uBlock.git,cd558406b3d42b675f42967180063320f5dbe292,dist/firefox/updates.json,17,17,34,399,399,84,84,ok,7.482530000000001
JSON,small,gorhill-uBlock.git,f1689a9ab30ae5aece3db6d7a67dbde90f6e69df,dist/firefox/updates.json,17,17,34,403,399,84,84,ok,7.686844
JSON,small,jellyfin-jellyfin.git,5aad260767161fc4a134df270fac04e146cc6142,.config/dotnet-tools.json,12,12,24,155,155,62,62,ok,2.521626
JSON,small,microsoft-TypeScript.git,01c23d68b1113a4b71acb8484f1bf78a98307933,tests/baselines/reference/config/showConfig/Show TSConfig with compileOnSave and more/tsconfig.json,30,21,51,706,370,189,117,ok,15.321588
JSON,small,microsoft-TypeScript.git,95e3aaa90341b516e868bf2300b1da5d07103f1e,tests/baselines/reference/config/showConfig/Show TSConfig with compileOnSave and more/tsconfig.json,29,30,59,664,706,181,189,ok,31.577336
JSON,small,microsoft-TypeScript.git,95e3aaa90341b516e868bf2300b1da5d07103f1e,tests/baselines/reference/config/showConfig/Show TSConfig with paths and more/tsconfig.json,38,39,77,924,966,229,237,ok,56.392694999999996
JSON,small,microsoft-TypeScript.git,95e3aaa90341b516e868bf2300b1da5d07103f1e,tests/baselines/reference/config/showConfig/Show TSConfig with transitively implied options/tsconfig.json,9,7,16,209,140,64,45,ok,1.6736389999999999
JSON,small,microsoft-TypeScript.git,e6fac66a7225a1c5976025e6377a2a4b06b3b85a,tests/baselines/reference/project/mapRootAbsolutePathModuleMultifolderNoOutdir/amd/mapRootAbsolutePathModuleMultifolderNoOutdir.json,31,32,63,939,960,175,183,ok,16.115573
JSON,small,microsoft-TypeScript.git,e6fac66a7225a1c5976025e6377a2a4b06b3b85a,tests/baselines/reference/project/mapRootAbsolutePathModuleMultifolderNoOutdir/node/mapRootAbsolutePathModuleMultifolderNoOutdir.json,31,32,63,939,960,175,183,ok,11.037352
JSON,small,microsoft-TypeScript.git,e6fac66a7225a1c5976025e6377a2a4b06b3b85a,tests/baselines/reference/project/mapRootAbsolutePathModuleMultifolderSpecifyOutputFile/node/mapRootAbsolutePathModuleMultifolderSpecifyOutputFile.json,22,23,45,668,689,142,150,ok,6.14539
JSON,small,microsoft-TypeScript.git,e6fac66a7225a1c5976025e6377a2a4b06b3b85a,tests/baselines/reference/project/mapRootAbsolutePathModuleSimpleNoOutdir/node/mapRootAbsolutePathModuleSimpleNoOutdir.json,27,28,55,690,711,155,163,ok,7.486924
JSON,small,microsoft-TypeScript.git,e6fac66a7225a1c5976025e6377a2a4b06b3b85a,tests/baselines/reference/project/mapRootAbsolutePathModuleSimpleSpecifyOutputDirectory/amd/mapRootAbsolutePathModuleSimpleSpecifyOutputDirectory.json,28,29,57,819,840,166,174,ok,11.274319
JSON,small,microsoft-TypeScript.git,e6fac66a7225a1c5976025e6377a2a4b06b3b85a,tests/baselines/reference/project/mapRootAbsolutePathModuleSubfolderNoOutdir/amd/mapRootAbsolutePathModuleSubfolderNoOutdir.json,27,28,55,715,736,155,163,ok,11.433131
JSON,small,microsoft-TypeScript.git,e6fac66a7225a1c5976025e6377a2a4b06b3b85a,tests/baselines/reference/project/mapRootAbsolutePathModuleSubfolderNoOutdir/node/mapRootAbsolutePathModuleSubfolderNoOutdir.json,27,28,55,715,736,155,163,ok,11.460502
JSON,small,microsoft-TypeScript.git,e6fac66a7225a1c5976025e6377a2a4b06b3b85a,tests/baselines/reference/project/mapRootAbsolutePathModuleSubfolderSpecifyOutputFile/node/mapRootAbsolutePathModuleSubfolderSpecifyOutputFile.json,21,22,43,609,630,137,145,ok,23.679859
JSON,small,microsoft-TypeScript.git,e6fac66a7225a1c5976025e6377a2a4b06b3b85a,tests/baselines/reference/project/mapRootRelativePathModuleMultifolderNoOutdir/amd/mapRootRelativePathModuleMultifolderNoOutdir.json,30,31,61,864,885,167,175,ok,34.906487
JSON,small,microsoft-TypeScript.git,e6fac66a7225a1c5976025e6377a2a4b06b3b85a,tests/baselines/reference/project/mapRootRelativePathModuleMultifolderNoOutdir/node/mapRootRelativePathModuleMultifolderNoOutdir.json,30,31,61,864,885,167,175,ok,17.629586
JSON,small,microsoft-TypeScript.git,e6fac66a7225a1c5976025e6377a2a4b06b3b85a,tests/baselines/reference/project/mapRootRelativePathModuleMultifolderSpecifyOutputFile/amd/mapRootRelativePathModuleMultifolderSpecifyOutputFile.json,25,26,51,672,693,148,156,ok,14.210825
JSON,small,microsoft-TypeScript.git,e6fac66a7225a1c5976025e6377a2a4b06b3b85a,tests/baselines/reference/project/mapRootRelativePathModuleMultifolderSpecifyOutputFile/node/mapRootRelativePathModuleMultifolderSpecifyOutputFile.json,21,22,43,593,614,134,142,ok,19.586433
JSON,small,microsoft-TypeScript.git,e6fac66a7225a1c5976025e6377a2a4b06b3b85a,tests/baselines/reference/project/mapRootRelativePathModuleSimpleNoOutdir/amd/mapRootRelativePathModuleSimpleNoOutdir.json,26,27,53,620,641,147,155,ok,18.531657
JSON,small,microsoft-TypeScript.git,e6fac66a7225a1c5976025e6377a2a4b06b3b85a,tests/baselines/reference/project/mapRootRelativePathModuleSimpleSpecifyOutputDirectory/amd/mapRootRelativePathModuleSimpleSpecifyOutputDirectory.json,27,28,55,749,770,158,166,ok,9.234862
JSON,small,microsoft-TypeScript.git,e6fac66a7225a1c5976025e6377a2a4b06b3b85a,tests/baselines/reference/project/mapRootRelativePathModuleSimpleSpecifyOutputFile/amd/mapRootRelativePathModuleSimpleSpecifyOutputFile.json,24,25,49,605,626,143,151,ok,16.582603000000002
JSON,small,microsoft-TypeScript.git,e6fac66a7225a1c5976025e6377a2a4b06b3b85a,tests/baselines/reference/project/mapRootRelativePathModuleSimpleSpecifyOutputFile/node/mapRootRelativePathModuleSimpleSpecifyOutputFile.json,20,21,41,526,547,129,137,ok,9.212708
JSON,small,microsoft-TypeScript.git,e6fac66a7225a1c5976025e6377a2a4b06b3b85a,tests/baselines/reference/project/mapRootRelativePathModuleSubfolderNoOutdir/amd/mapRootRelativePathModuleSubfolderNoOutdir.json,26,27,53,642,663,147,155,ok,12.394928
JSON,small,microsoft-TypeScript.git,e6fac66a7225a1c5976025e6377a2a4b06b3b85a,tests/baselines/reference/project/mapRootRelativePathModuleSubfolderNoOutdir/node/mapRootRelativePathModuleSubfolderNoOutdir.json,26,27,53,642,663,147,155,ok,19.486478
JSON,small,microsoft-TypeScript.git,e6fac66a7225a1c5976025e6377a2a4b06b3b85a,tests/baselines/reference/project/mapRootRelativePathModuleSubfolderSpecifyOutputDirectory/amd/mapRootRelativePathModuleSubfolderSpecifyOutputDirectory.json,27,28,55,771,792,158,166,ok,13.124621
JSON,small,microsoft-TypeScript.git,e6fac66a7225a1c5976025e6377a2a4b06b3b85a,tests/baselines/reference/project/mapRootRelativePathModuleSubfolderSpecifyOutputDirectory/node/mapRootRelativePathModuleSubfolderSpecifyOutputDirectory.json,27,28,55,771,792,158,166,ok,11.461482
JSON,small,microsoft-TypeScript.git,e6fac66a7225a1c5976025e6377a2a4b06b3b85a,tests/baselines/reference/project/mapRootRelativePathModuleSubfolderSpecifyOutputFile/amd/mapRootRelativePathModuleSubfolderSpecifyOutputFile.json,24,25,49,615,636,143,151,ok,18.074165
JSON,small,microsoft-TypeScript.git,e6fac66a7225a1c5976025e6377a2a4b06b3b85a,tests/baselines/reference/project/mapRootRelativePathModuleSubfolderSpecifyOutputFile/node/mapRootRelativePathModuleSubfolderSpecifyOutputFile.json,20,21,41,536,557,129,137,ok,8.294233
JSON,small,microsoft-TypeScript.git,e6fac66a7225a1c5976025e6377a2a4b06b3b85a,tests/baselines/reference/project/maprootUrlModuleMultifolderNoOutdir/amd/maprootUrlModuleMultifolderNoOutdir.json,30,31,61,874,895,167,175,ok,14.507577000000001
JSON,small,microsoft-TypeScript.git,e6fac66a7225a1c5976025e6377a2a4b06b3b85a,tests/baselines/reference/project/maprootUrlModuleMultifolderSpecifyOutputFile/node/maprootUrlModuleMultifolderSpecifyOutputFile.json,21,22,43,603,624,134,142,ok,8.882918
JSON,small,microsoft-TypeScript.git,e6fac66a7225a1c5976025e6377a2a4b06b3b85a,tests/baselines/reference/project/maprootUrlModuleSimpleNoOutdir/amd/maprootUrlModuleSimpleNoOutdir.json,26,27,53,630,651,147,155,ok,11.317043
JSON,small,microsoft-TypeScript.git,e6fac66a7225a1c5976025e6377a2a4b06b3b85a,tests/baselines/reference/project/maprootUrlModuleSimpleSpecifyOutputFile/amd/maprootUrlModuleSimpleSpecifyOutputFile.json,24,25,49,615,636,143,151,ok,10.251148
JSON,small,microsoft-TypeScript.git,e6fac66a7225a1c5976025e6377a2a4b06b3b85a,tests/baselines/reference/project/maprootUrlModuleSimpleSpecifyOutputFile/node/maprootUrlModuleSimpleSpecifyOutputFile.json,20,21,41,536,557,129,137,ok,8.070772999999999
JSON,small,microsoft-TypeScript.git,e6fac66a7225a1c5976025e6377a2a4b06b3b85a,tests/baselines/reference/project/maprootUrlModuleSubfolderNoOutdir/amd/maprootUrlModuleSubfolderNoOutdir.json,26,27,53,652,673,147,155,ok,23.751436
JSON,small,microsoft-TypeScript.git,e6fac66a7225a1c5976025e6377a2a4b06b3b85a,tests/baselines/reference/project/maprootUrlModuleSubfolderSpecifyOutputDirectory/amd/maprootUrlModuleSubfolderSpecifyOutputDirectory.json,27,28,55,781,802,158,166,ok,12.200851
JSON,small,microsoft-TypeScript.git,e6fac66a7225a1c5976025e6377a2a4b06b3b85a,tests/baselines/reference/project/maprootUrlModuleSubfolderSpecifyOutputDirectory/node/maprootUrlModuleSubfolderSpecifyOutputDirectory.json,27,28,55,781,802,158,166,ok,11.277980999999999
JSON,small,microsoft-TypeScript.git,e6fac66a7225a1c5976025e6377a2a4b06b3b85a,tests/baselines/reference/project/maprootUrlsourcerootUrlModuleMultifolderNoOutdir/amd/maprootUrlsourcerootUrlModuleMultifolderNoOutdir.json,31,32,63,944,965,178,186,ok,21.270972999999998
JSON,small,microsoft-TypeScript.git,e6fac66a7225a1c5976025e6377a2a4b06b3b85a,tests/baselines/reference/project/maprootUrlsourcerootUrlModuleMultifolderNoOutdir/node/maprootUrlsourcerootUrlModuleMultifolderNoOutdir.json,31,32,63,944,965,178,186,ok,19.016697999999998
JSON,small,microsoft-TypeScript.git,e6fac66a7225a1c5976025e6377a2a4b06b3b85a,tests/baselines/reference/project/maprootUrlsourcerootUrlModuleMultifolderSpecifyOutputFile/amd/maprootUrlsourcerootUrlModuleMultifolderSpecifyOutputFile.json,26,27,53,752,773,159,167,ok,11.964502999999999
JSON,small,microsoft-TypeScript.git,e6fac66a7225a1c5976025e6377a2a4b06b3b85a,tests/baselines/reference/project/maprootUrlsourcerootUrlModuleSimpleNoOutdir/node/maprootUrlsourcerootUrlModuleSimpleNoOutdir.json,27,28,55,700,721,158,166,ok,12.200087
JSON,small,microsoft-TypeScript.git,e6fac66a7225a1c5976025e6377a2a4b06b3b85a,tests/baselines/reference/project/maprootUrlsourcerootUrlModuleSimpleSpecifyOutputDirectory/amd/maprootUrlsourcerootUrlModuleSimpleSpecifyOutputDirectory.json,28,29,57,829,850,169,177,ok,13.644923
JSON,small,microsoft-TypeScript.git,e6fac66a7225a1c5976025e6377a2a4b06b3b85a,tests/baselines/reference/project/maprootUrlsourcerootUrlModuleSimpleSpecifyOutputDirectory/node/maprootUrlsourcerootUrlModuleSimpleSpecifyOutputDirectory.json,28,29,57,829,850,169,177,ok,13.73179
JSON,small,microsoft-TypeScript.git,e6fac66a7225a1c5976025e6377a2a4b06b3b85a,tests/baselines/reference/project/maprootUrlsourcerootUrlModuleSubfolderNoOutdir/amd/maprootUrlsourcerootUrlModuleSubfolderNoOutdir.json,27,28,55,722,743,158,166,ok,29.440655
JSON,small,microsoft-TypeScript.git,e6fac66a7225a1c5976025e6377a2a4b06b3b85a,tests/baselines/reference/project/maprootUrlsourcerootUrlModuleSubfolderNoOutdir/node/maprootUrlsourcerootUrlModuleSubfolderNoOutdir.json,27,28,55,722,743,158,166,ok,8.6227
JSON,small,microsoft-TypeScript.git,e6fac66a7225a1c5976025e6377a2a4b06b3b85a,tests/baselines/reference/project/maprootUrlsourcerootUrlModuleSubfolderSpecifyOutputDirectory/amd/maprootUrlsourcerootUrlModuleSubfolderSpecifyOutputDirectory.json,28,29,57,851,872,169,177,ok,11.576012
JSON,small,microsoft-TypeScript.git,e6fac66a7225a1c5976025e6377a2a4b06b3b85a,tests/baselines/reference/project/maprootUrlsourcerootUrlModuleSubfolderSpecifyOutputDirectory/node/maprootUrlsourcerootUrlModuleSubfolderSpecifyOutputDirectory.json,28,29,57,851,872,169,177,ok,14.782768
JSON,small,microsoft-TypeScript.git,e6fac66a7225a1c5976025e6377a2a4b06b3b85a,tests/baselines/reference/project/maprootUrlsourcerootUrlModuleSubfolderSpecifyOutputFile/amd/maprootUrlsourcerootUrlModuleSubfolderSpecifyOutputFile.json,25,26,51,695,716,154,162,ok,11.932884
JSON,small,microsoft-TypeScript.git,e6fac66a7225a1c5976025e6377a2a4b06b3b85a,tests/baselines/reference/project/outModuleMultifolderNoOutdir/amd/outModuleMultifolderNoOutdir.json,25,26,51,670,691,133,141,ok,9.241515
JSON,small,microsoft-TypeScript.git,e6fac66a7225a1c5976025e6377a2a4b06b3b85a,tests/baselines/reference/project/outModuleMultifolderNoOutdir/node/outModuleMultifolderNoOutdir.json,25,26,51,670,691,133,141,ok,9.258677
JSON,small,microsoft-TypeScript.git,e6fac66a7225a1c5976025e6377a2a4b06b3b85a,tests/baselines/reference/project/outModuleMultifolderSpecifyOutputDirectory/node/outModuleMultifolderSpecifyOutputDirectory.json,26,27,53,909,930,144,152,ok,10.756597999999999
JSON,small,microsoft-TypeScript.git,e6fac66a7225a1c5976025e6377a2a4b06b3b85a,tests/baselines/reference/project/outModuleSimpleNoOutdir/amd/outModuleSimpleNoOutdir.json,22,23,45,487,508,118,126,ok,15.782549999999999
JSON,small,microsoft-TypeScript.git,e6fac66a7225a1c5976025e6377a2a4b06b3b85a,tests/baselines/reference/project/outModuleSimpleSpecifyOutputFile/node/outModuleSimpleSpecifyOutputFile.json,18,19,37,446,467,110,118,ok,6.9046259999999995
JSON,small,microsoft-TypeScript.git,e6fac66a7225a1c5976025e6377a2a4b06b3b85a,tests/baselines/reference/project/outModuleSubfolderNoOutdir/amd/outModuleSubfolderNoOutdir.json,22,23,45,505,526,118,126,ok,4.459918999999999
JSON,small,microsoft-TypeScript.git,e6fac66a7225a1c5976025e6377a2a4b06b3b85a,tests/baselines/reference/project/outModuleSubfolderSpecifyOutputFile/node/outModuleSubfolderSpecifyOutputFile.json,18,19,37,456,477,110,118,ok,8.085043
JSON,small,microsoft-TypeScript.git,e6fac66a7225a1c5976025e6377a2a4b06b3b85a,tests/baselines/reference/project/relativeNested/amd/relativeNested.json,21,22,43,446,467,110,118,ok,5.909337
JSON,small,microsoft-TypeScript.git,e6fac66a7225a1c5976025e6377a2a4b06b3b85a,tests/baselines/reference/project/relativeNested/node/relativeNested.json,21,22,43,446,467,110,118,ok,5.845979000000001
JSON,small,microsoft-TypeScript.git,e6fac66a7225a1c5976025e6377a2a4b06b3b85a,tests/baselines/reference/project/sourceRootAbsolutePathModuleMultifolderSpecifyOutputFile/node/sourceRootAbsolutePathModuleMultifolderSpecifyOutputFile.json,22,23,45,672,693,142,150,ok,13.221222
JSON,small,microsoft-TypeScript.git,e6fac66a7225a1c5976025e6377a2a4b06b3b85a,tests/baselines/reference/project/sourceRootAbsolutePathModuleSimpleNoOutdir/node/sourceRootAbsolutePathModuleSimpleNoOutdir.json,27,28,55,694,715,155,163,ok,9.148314
JSON,small,microsoft-TypeScript.git,e6fac66a7225a1c5976025e6377a2a4b06b3b85a,tests/baselines/reference/project/sourceRootAbsolutePathModuleSimpleSpecifyOutputFile/amd/sourceRootAbsolutePathModuleSimpleSpecifyOutputFile.json,25,26,51,679,700,151,159,ok,15.914905
JSON,small,microsoft-TypeScript.git,e6fac66a7225a1c5976025e6377a2a4b06b3b85a,tests/baselines/reference/project/sourceRootAbsolutePathModuleSubfolderNoOutdir/node/sourceRootAbsolutePathModuleSubfolderNoOutdir.json,27,28,55,719,740,155,163,ok,11.70792
JSON,small,microsoft-TypeScript.git,e6fac66a7225a1c5976025e6377a2a4b06b3b85a,tests/baselines/reference/project/sourceRootRelativePathModuleMultifolderSpecifyOutputFile/node/sourceRootRelativePathModuleMultifolderSpecifyOutputFile.json,21,22,43,594,615,134,142,ok,8.714685999999999
JSON,small,microsoft-TypeScript.git,e6fac66a7225a1c5976025e6377a2a4b06b3b85a,tests/baselines/reference/project/sourceRootRelativePathModuleSimpleNoOutdir/amd/sourceRootRelativePathModuleSimpleNoOutdir.json,26,27,53,621,642,147,155,ok,10.132371
JSON,small,microsoft-TypeScript.git,e6fac66a7225a1c5976025e6377a2a4b06b3b85a,tests/baselines/reference/project/sourceRootRelativePathModuleSimpleNoOutdir/node/sourceRootRelativePathModuleSimpleNoOutdir.json,26,27,53,621,642,147,155,ok,6.955801
JSON,small,microsoft-TypeScript.git,e6fac66a7225a1c5976025e6377a2a4b06b3b85a,tests/baselines/reference/project/sourceRootRelativePathModuleSimpleSpecifyOutputFile/node/sourceRootRelativePathModuleSimpleSpecifyOutputFile.json,20,21,41,527,548,129,137,ok,7.359575
JSON,small,microsoft-TypeScript.git,e6fac66a7225a1c5976025e6377a2a4b06b3b85a,tests/baselines/reference/project/sourceRootRelativePathModuleSubfolderSpecifyOutputDirectory/amd/sourceRootRelativePathModuleSubfolderSpecifyOutputDirectory.json,27,28,55,772,793,158,166,ok,14.021133
JSON,small,microsoft-TypeScript.git,e6fac66a7225a1c5976025e6377a2a4b06b3b85a,tests/baselines/reference/project/sourceRootRelativePathModuleSubfolderSpecifyOutputDirectory/node/sourceRootRelativePathModuleSubfolderSpecifyOutputDirectory.json,27,28,55,772,793,158,166,ok,14.158989
JSON,small,microsoft-TypeScript.git,e6fac66a7225a1c5976025e6377a2a4b06b3b85a,tests/baselines/reference/project/sourceRootRelativePathModuleSubfolderSpecifyOutputFile/amd/sourceRootRelativePathModuleSubfolderSpecifyOutputFile.json,24,25,49,616,637,143,151,ok,9.062572
JSON,small,microsoft-TypeScript.git,e6fac66a7225a1c5976025e6377a2a4b06b3b85a,tests/baselines/reference/project/sourceRootRelativePathModuleSubfolderSpecifyOutputFile/node/sourceRootRelativePathModuleSubfolderSpecifyOutputFile.json,20,21,41,537,558,129,137,ok,5.295828
JSON,small,microsoft-TypeScript.git,e6fac66a7225a1c5976025e6377a2a4b06b3b85a,tests/baselines/reference/project/sourcemapModuleMultifolderNoOutdir/amd/sourcemapModuleMultifolderNoOutdir.json,29,30,59,811,832,156,164,ok,18.346881
JSON,small,microsoft-TypeScript.git,e6fac66a7225a1c5976025e6377a2a4b06b3b85a,tests/baselines/reference/project/sourcemapModuleMultifolderNoOutdir/node/sourcemapModuleMultifolderNoOutdir.json,29,30,59,811,832,156,164,ok,12.818755
JSON,small,microsoft-TypeScript.git,e6fac66a7225a1c5976025e6377a2a4b06b3b85a,tests/baselines/reference/project/sourcemapModuleMultifolderSpecifyOutputFile/node/sourcemapModuleMultifolderSpecifyOutputFile.json,20,21,41,540,561,123,131,ok,5.665342
JSON,small,microsoft-TypeScript.git,e6fac66a7225a1c5976025e6377a2a4b06b3b85a,tests/baselines/reference/project/sourcemapModuleSimpleNoOutdir/amd/sourcemapModuleSimpleNoOutdir.json,25,26,51,567,588,136,144,ok,6.052242000000001
JSON,small,microsoft-TypeScript.git,e6fac66a7225a1c5976025e6377a2a4b06b3b85a,tests/baselines/reference/project/sourcemapModuleSimpleSpecifyOutputFile/amd/sourcemapModuleSimpleSpecifyOutputFile.json,23,24,47,552,573,132,140,ok,8.876992
JSON,small,microsoft-TypeScript.git,e6fac66a7225a1c5976025e6377a2a4b06b3b85a,tests/baselines/reference/project/sourcemapModuleSimpleSpecifyOutputFile/node/sourcemapModuleSimpleSpecifyOutputFile.json,19,20,39,473,494,118,126,ok,6.783665
JSON,small,microsoft-TypeScript.git,e6fac66a7225a1c5976025e6377a2a4b06b3b85a,tests/baselines/reference/project/sourcemapModuleSubfolderNoOutdir/amd/sourcemapModuleSubfolderNoOutdir.json,25,26,51,589,610,136,144,ok,23.249096
JSON,small,microsoft-TypeScript.git,e6fac66a7225a1c5976025e6377a2a4b06b3b85a,tests/baselines/reference/project/sourcemapModuleSubfolderSpecifyOutputDirectory/amd/sourcemapModuleSubfolderSpecifyOutputDirectory.json,26,27,53,718,739,147,155,ok,12.631625
JSON,small,microsoft-TypeScript.git,e6fac66a7225a1c5976025e6377a2a4b06b3b85a,tests/baselines/reference/project/sourcemapModuleSubfolderSpecifyOutputFile/amd/sourcemapModuleSubfolderSpecifyOutputFile.json,23,24,47,562,583,132,140,ok,10.76966
JSON,small,microsoft-TypeScript.git,e6fac66a7225a1c5976025e6377a2a4b06b3b85a,tests/baselines/reference/project/sourcemapModuleSubfolderSpecifyOutputFile/node/sourcemapModuleSubfolderSpecifyOutputFile.json,19,20,39,483,504,118,126,ok,9.959285
JSON,small,microsoft-TypeScript.git,e6fac66a7225a1c5976025e6377a2a4b06b3b85a,tests/baselines/reference/project/sourcerootUrlModuleMultifolderNoOutdir/amd/sourcerootUrlModuleMultifolderNoOutdir.json,30,31,61,881,902,167,175,ok,18.055278
JSON,small,microsoft-TypeScript.git,e6fac66a7225a1c5976025e6377a2a4b06b3b85a,tests/baselines/reference/project/sourcerootUrlModuleMultifolderSpecifyOutputFile/amd/sourcerootUrlModuleMultifolderSpecifyOutputFile.json,25,26,51,689,710,148,156,ok,21.108836999999998
JSON,small,microsoft-TypeScript.git,e6fac66a7225a1c5976025e6377a2a4b06b3b85a,tests/baselines/reference/project/sourcerootUrlModuleMultifolderSpecifyOutputFile/node/sourcerootUrlModuleMultifolderSpecifyOutputFile.json,21,22,43,610,631,134,142,ok,11.958207
JSON,small,microsoft-TypeScript.git,e6fac66a7225a1c5976025e6377a2a4b06b3b85a,tests/baselines/reference/project/sourcerootUrlModuleSimpleNoOutdir/amd/sourcerootUrlModuleSimpleNoOutdir.json,26,27,53,637,658,147,155,ok,12.054976
JSON,small,microsoft-TypeScript.git,e6fac66a7225a1c5976025e6377a2a4b06b3b85a,tests/baselines/reference/project/sourcerootUrlModuleSimpleNoOutdir/node/sourcerootUrlModuleSimpleNoOutdir.json,26,27,53,637,658,147,155,ok,14.031626000000001
JSON,small,microsoft-TypeScript.git,e6fac66a7225a1c5976025e6377a2a4b06b3b85a,tests/baselines/reference/project/sourcerootUrlModuleSimpleSpecifyOutputDirectory/amd/sourcerootUrlModuleSimpleSpecifyOutputDirectory.json,27,28,55,766,787,158,166,ok,10.221463
JSON,small,microsoft-TypeScript.git,e6fac66a7225a1c5976025e6377a2a4b06b3b85a,tests/baselines/reference/project/sourcerootUrlModuleSimpleSpecifyOutputFile/node/sourcerootUrlModuleSimpleSpecifyOutputFile.json,20,21,41,543,564,129,137,ok,12.278143
JSON,small,microsoft-TypeScript.git,e6fac66a7225a1c5976025e6377a2a4b06b3b85a,tests/baselines/reference/project/sourcerootUrlModuleSubfolderNoOutdir/node/sourcerootUrlModuleSubfolderNoOutdir.json,26,27,53,659,680,147,155,ok,13.546305
JSON,small,microsoft-TypeScript.git,e6fac66a7225a1c5976025e6377a2a4b06b3b85a,tests/baselines/reference/project/sourcerootUrlModuleSubfolderSpecifyOutputDirectory/amd/sourcerootUrlModuleSubfolderSpecifyOutputDirectory.json,27,28,55,788,809,158,166,ok,14.843024999999999
JSON,small,microsoft-TypeScript.git,e6fac66a7225a1c5976025e6377a2a4b06b3b85a,tests/baselines/reference/project/sourcerootUrlModuleSubfolderSpecifyOutputDirectory/node/sourcerootUrlModuleSubfolderSpecifyOutputDirectory.json,27,28,55,788,809,158,166,ok,17.100322000000002
JSON,small,microsoft-TypeScript.git,e6fac66a7225a1c5976025e6377a2a4b06b3b85a,tests/baselines/reference/project/sourcerootUrlModuleSubfolderSpecifyOutputFile/amd/sourcerootUrlModuleSubfolderSpecifyOutputFile.json,24,25,49,632,653,143,151,ok,17.016387
JSON,small,microsoft-TypeScript.git,e6fac66a7225a1c5976025e6377a2a4b06b3b85a,tests/baselines/reference/project/sourcerootUrlModuleSubfolderSpecifyOutputFile/node/sourcerootUrlModuleSubfolderSpecifyOutputFile.json,20,21,41,553,574,129,137,ok,9.413773
JSON,small,microsoft-TypeScript.git,e6fac66a7225a1c5976025e6377a2a4b06b3b85a,tests/baselines/reference/project/visibilityOfTypeUsedAcrossModules/node/visibilityOfTypeUsedAcrossModules.json,21,22,43,490,511,110,118,ok,11.724035
JSON,small,microsoft-TypeScript.git,e6fac66a7225a1c5976025e6377a2a4b06b3b85a,tests/cases/project/mapRootAbsolutePathModuleSimpleNoOutdir.json,12,13,25,379,400,82,90,ok,4.361997000000001
JSON,small,microsoft-TypeScript.git,e6fac66a7225a1c5976025e6377a2a4b06b3b85a,tests/cases/project/mapRootAbsolutePathModuleSimpleSpecifyOutputDirectory.json,13,14,27,424,445,93,101,ok,6.580755
JSON,small,microsoft-TypeScript.git,e6fac66a7225a1c5976025e6377a2a4b06b3b85a,tests/cases/project/mapRootAbsolutePathModuleSubfolderNoOutdir.json,12,13,25,388,409,82,90,ok,5.908403
JSON,small,microsoft-TypeScript.git,e6fac66a7225a1c5976025e6377a2a4b06b3b85a,tests/cases/project/mapRootAbsolutePathModuleSubfolderSpecifyOutputDirectory.json,13,14,27,433,454,93,101,ok,3.417055
JSON,small,microsoft-TypeScript.git,e6fac66a7225a1c5976025e6377a2a4b06b3b85a,tests/cases/project/mapRootAbsolutePathModuleSubfolderSpecifyOutputFile.json,13,14,27,419,440,93,101,ok,3.750501
JSON,small,microsoft-TypeScript.git,e6fac66a7225a1c5976025e6377a2a4b06b3b85a,tests/cases/project/mapRootRelativePathModuleMultifolderNoOutdir.json,11,12,23,319,340,74,82,ok,2.4504129999999997
JSON,small,microsoft-TypeScript.git,e6fac66a7225a1c5976025e6377a2a4b06b3b85a,tests/cases/project/mapRootRelativePathModuleSimpleNoOutdir.json,11,12,23,309,330,74,82,ok,2.389586
JSON,small,microsoft-TypeScript.git,e6fac66a7225a1c5976025e6377a2a4b06b3b85a,tests/cases/project/mapRootRelativePathModuleSubfolderNoOutdir.json,11,12,23,315,336,74,82,ok,2.333844
JSON,small,microsoft-TypeScript.git,e6fac66a7225a1c5976025e6377a2a4b06b3b85a,tests/cases/project/mapRootRelativePathModuleSubfolderSpecifyOutputDirectory.json,12,13,25,360,381,85,93,ok,5.327704
JSON,small,microsoft-TypeScript.git,e6fac66a7225a1c5976025e6377a2a4b06b3b85a,tests/cases/project/mapRootRelativePathModuleSubfolderSpecifyOutputFile.json,12,13,25,346,367,85,93,ok,2.122288
JSON,small,microsoft-TypeScript.git,e6fac66a7225a1c5976025e6377a2a4b06b3b85a,tests/cases/project/maprootUrlModuleMultifolderSpecifyOutputDirectory.json,12,13,25,374,395,85,93,ok,4.3867009999999995
JSON,small,microsoft-TypeScript.git,e6fac66a7225a1c5976025e6377a2a4b06b3b85a,tests/cases/project/maprootUrlModuleSimpleNoOutdir.json,11,12,23,319,340,74,82,ok,1.676337
JSON,small,microsoft-TypeScript.git,e6fac66a7225a1c5976025e6377a2a4b06b3b85a,tests/cases/project/maprootUrlModuleSimpleSpecifyOutputFile.json,12,13,25,350,371,85,93,ok,2.168568
JSON,small,microsoft-TypeScript.git,e6fac66a7225a1c5976025e6377a2a4b06b3b85a,tests/cases/project/maprootUrlModuleSubfolderNoOutdir.json,11,12,23,325,346,74,82,ok,1.712128
JSON,small,microsoft-TypeScript.git,e6fac66a7225a1c5976025e6377a2a4b06b3b85a,tests/cases/project/maprootUrlModuleSubfolderSpecifyOutputDirectory.json,12,13,25,370,391,85,93,ok,3.64189
JSON,small,microsoft-TypeScript.git,e6fac66a7225a1c5976025e6377a2a4b06b3b85a,tests/cases/project/maprootUrlModuleSubfolderSpecifyOutputFile.json,12,13,25,356,377,85,93,ok,2.148686
JSON,small,microsoft-TypeScript.git,e6fac66a7225a1c5976025e6377a2a4b06b3b85a,tests/cases/project/maprootUrlsourcerootUrlModuleMultifolderSpecifyOutputDirectory.json,13,14,27,444,465,96,104,ok,2.810976
JSON,small,microsoft-TypeScript.git,e6fac66a7225a1c5976025e6377a2a4b06b3b85a,tests/cases/project/maprootUrlsourcerootUrlModuleSimpleNoOutdir.json,12,13,25,389,410,85,93,ok,2.260215
JSON,small,microsoft-TypeScript.git,e6fac66a7225a1c5976025e6377a2a4b06b3b85a,tests/cases/project/maprootUrlsourcerootUrlModuleSimpleSpecifyOutputDirectory.json,13,14,27,434,455,96,104,ok,2.743395
JSON,small,microsoft-TypeScript.git,e6fac66a7225a1c5976025e6377a2a4b06b3b85a,tests/cases/project/maprootUrlsourcerootUrlModuleSimpleSpecifyOutputFile.json,13,14,27,420,441,96,104,ok,2.764928
JSON,small,microsoft-TypeScript.git,e6fac66a7225a1c5976025e6377a2a4b06b3b85a,tests/cases/project/maprootUrlsourcerootUrlModuleSubfolderNoOutdir.json,12,13,25,395,416,85,93,ok,2.154536
JSON,small,microsoft-TypeScript.git,e6fac66a7225a1c5976025e6377a2a4b06b3b85a,tests/cases/project/maprootUrlsourcerootUrlModuleSubfolderSpecifyOutputDirectory.json,13,14,27,440,461,96,104,ok,2.75859
JSON,small,microsoft-TypeScript.git,e6fac66a7225a1c5976025e6377a2a4b06b3b85a,tests/cases/project/maprootUrlsourcerootUrlModuleSubfolderSpecifyOutputFile.json,13,14,27,426,447,96,104,ok,2.722179
JSON,small,microsoft-TypeScript.git,e6fac66a7225a1c5976025e6377a2a4b06b3b85a,tests/cases/project/outModuleMultifolderSpecifyOutputDirectory.json,10,11,21,275,296,66,74,ok,1.4043569999999999
JSON,small,microsoft-TypeScript.git,e6fac66a7225a1c5976025e6377a2a4b06b3b85a,tests/cases/project/outModuleMultifolderSpecifyOutputFile.json,10,11,21,270,291,66,74,ok,1.41194
JSON,small,microsoft-TypeScript.git,e6fac66a7225a1c5976025e6377a2a4b06b3b85a,tests/cases/project/outModuleSimpleSpecifyOutputDirectory.json,10,11,21,265,286,66,74,ok,1.435662
JSON,small,microsoft-TypeScript.git,e6fac66a7225a1c5976025e6377a2a4b06b3b85a,tests/cases/project/outModuleSimpleSpecifyOutputFile.json,10,11,21,260,281,66,74,ok,1.665799
JSON,small,microsoft-TypeScript.git,e6fac66a7225a1c5976025e6377a2a4b06b3b85a,tests/cases/project/outModuleSubfolderSpecifyOutputDirectory.json,10,11,21,271,292,66,74,ok,1.414823
JSON,small,microsoft-TypeScript.git,e6fac66a7225a1c5976025e6377a2a4b06b3b85a,tests/cases/project/outModuleSubfolderSpecifyOutputFile.json,10,11,21,266,287,66,74,ok,1.428551
JSON,small,microsoft-TypeScript.git,e6fac66a7225a1c5976025e6377a2a4b06b3b85a,tests/cases/project/sourceRootAbsolutePathModuleMultifolderNoOutdir.json,12,13,25,398,419,82,90,ok,1.9942179999999998
JSON,small,microsoft-TypeScript.git,e6fac66a7225a1c5976025e6377a2a4b06b3b85a,tests/cases/project/sourceRootAbsolutePathModuleSimpleNoOutdir.json,12,13,25,383,404,82,90,ok,1.9625469999999998
JSON,small,microsoft-TypeScript.git,e6fac66a7225a1c5976025e6377a2a4b06b3b85a,tests/cases/project/sourceRootAbsolutePathModuleSubfolderNoOutdir.json,12,13,25,392,413,82,90,ok,5.445198
JSON,small,microsoft-TypeScript.git,e6fac66a7225a1c5976025e6377a2a4b06b3b85a,tests/cases/project/sourceRootAbsolutePathModuleSubfolderSpecifyOutputDirectory.json,13,14,27,437,458,93,101,ok,6.162601
JSON,small,microsoft-TypeScript.git,e6fac66a7225a1c5976025e6377a2a4b06b3b85a,tests/cases/project/sourceRootAbsolutePathModuleSubfolderSpecifyOutputFile.json,13,14,27,423,444,93,101,ok,4.709911
JSON,small,microsoft-TypeScript.git,e6fac66a7225a1c5976025e6377a2a4b06b3b85a,tests/cases/project/sourceRootRelativePathModuleSimpleNoOutdir.json,11,12,23,310,331,74,82,ok,2.823594
JSON,small,microsoft-TypeScript.git,e6fac66a7225a1c5976025e6377a2a4b06b3b85a,tests/cases/project/sourceRootRelativePathModuleSimpleSpecifyOutputDirectory.json,12,13,25,355,376,85,93,ok,3.923205
JSON,small,microsoft-TypeScript.git,e6fac66a7225a1c5976025e6377a2a4b06b3b85a,tests/cases/project/sourceRootRelativePathModuleSubfolderSpecifyOutputDirectory.json,12,13,25,361,382,85,93,ok,3.847091
JSON,small,microsoft-TypeScript.git,e6fac66a7225a1c5976025e6377a2a4b06b3b85a,tests/cases/project/sourcemapModuleMultifolderNoOutdir.json,10,11,21,266,287,63,71,ok,2.171372
JSON,small,microsoft-TypeScript.git,e6fac66a7225a1c5976025e6377a2a4b06b3b85a,tests/cases/project/sourcemapModuleSimpleNoOutdir.json,10,11,21,256,277,63,71,ok,4.9434450000000005
JSON,small,microsoft-TypeScript.git,e6fac66a7225a1c5976025e6377a2a4b06b3b85a,tests/cases/project/sourcemapModuleSimpleSpecifyOutputDirectory.json,11,12,23,301,322,74,82,ok,4.955717
JSON,small,microsoft-TypeScript.git,e6fac66a7225a1c5976025e6377a2a4b06b3b85a,tests/cases/project/sourcemapModuleSimpleSpecifyOutputFile.json,11,12,23,287,308,74,82,ok,2.786679
JSON,small,microsoft-TypeScript.git,e6fac66a7225a1c5976025e6377a2a4b06b3b85a,tests/cases/project/sourcerootUrlModuleMultifolderNoOutdir.json,11,12,23,336,357,74,82,ok,6.252245
JSON,small,microsoft-TypeScript.git,e6fac66a7225a1c5976025e6377a2a4b06b3b85a,tests/cases/project/sourcerootUrlModuleSimpleSpecifyOutputDirectory.json,12,13,25,371,392,85,93,ok,3.9124600000000003
JSON,small,microsoft-TypeScript.git,e6fac66a7225a1c5976025e6377a2a4b06b3b85a,tests/cases/project/sourcerootUrlModuleSimpleSpecifyOutputFile.json,12,13,25,357,378,85,93,ok,4.452004
JSON,small,microsoft-TypeScript.git,f09a0e598a798102826d4a86a4d29446a5557d9b,tests/baselines/reference/typeReferenceDirectives1.trace.json,12,9,21,897,567,53,38,ok,0.84473
JSON,small,microsoft-playwright.git,d3575225e40cdc8341a1f7728f837f4ae62ba113,packages/playwright-core/bundles/utils/package.json,40,40,80,979,979,392,392,ok,146.886812
JSON,small,microsoft-terminal.git,c05cb107e5d792edde8f322525509f01975e53a7,dep/vcpkg-overlay-ports/fmt/vcpkg.json,17,17,34,394,394,111,111,ok,8.243167
JSON,small,microsoft-vscode.git,77044e33d814b919dd9d4439bfa161c30c2be540,extensions/github-authentication/tsconfig.json,19,20,39,384,454,102,107,ok,10.722014999999999
JSON,small,mui-material-ui.git,1682b6cfea85951e503c9c2a812b7bbad8055af1,packages/api-docs-builder-core/package.json,30,30,60,863,863,262,262,ok,52.902925
JSON,small,mui-material-ui.git,712bfa9c3d37f07da94b00953e5f677473eced4e,packages-internal/docs-utils/package.json,30,30,60,885,885,249,249,ok,40.211927
JSON,small,mui-material-ui.git,712bfa9c3d37f07da94b00953e5f677473eced4e,packages/mui-core-downloads-tracker/package.json,27,27,54,676,684,212,212,ok,32.75034
JSON,small,mui-material-ui.git,89071b1d31e4a440579fb9299be9d43859ebb151,packages/mui-envinfo/package.json,32,32,64,815,822,254,254,ok,39.244451
JSON,small,mui-material-ui.git,89071b1d31e4a440579fb9299be9d43859ebb151,packages/mui-joy/tsconfig.build.json,16,16,32,485,481,135,135,ok,18.709436999999998
JSON,small,mui-material-ui.git,89071b1d31e4a440579fb9299be9d43859ebb151,packages/mui-lab/tsconfig.build.json,18,18,36,534,530,146,146,ok,10.14353
JSON,small,mui-material-ui.git,89071b1d31e4a440579fb9299be9d43859ebb151,packages/mui-material-pigment-css/tsconfig.build.json,13,13,26,305,301,110,110,ok,9.761545
JSON,small,mui-material-ui.git,89071b1d31e4a440579fb9299be9d43859ebb151,packages/mui-material/tsconfig.build.json,16,16,32,485,481,135,135,ok,8.175497
JSON,small,mui-material-ui.git,89071b1d31e4a440579fb9299be9d43859ebb151,packages/mui-stylis-plugin-rtl/tsconfig.build.json,16,16,32,447,443,131,131,ok,7.435456
JSON,small,mui-material-ui.git,89071b1d31e4a440579fb9299be9d43859ebb151,packages/mui-types/tsconfig.build.json,15,15,30,418,414,112,112,ok,4.8858809999999995
JSON,small,mui-material-ui.git,c2f850655ee14d11f6ef35638bd3cd2332c683ec,examples/material-ui-nextjs/package.json,23,23,46,534,528,205,205,ok,19.462787
JSON,small,mui-material-ui.git,c2f850655ee14d11f6ef35638bd3cd2332c683ec,examples/material-ui-pigment-css-nextjs-ts/package.json,27,27,54,645,641,236,236,ok,31.063363
JSON,small,mui-material-ui.git,c2f850655ee14d11f6ef35638bd3cd2332c683ec,examples/material-ui-react-router-ts/package.json,33,33,66,878,876,302,302,ok,59.053281
JSON,small,mui-material-ui.git,c2f850655ee14d11f6ef35638bd3cd2332c683ec,examples/material-ui-vite-ts/package.json,26,26,52,589,585,225,225,ok,29.016704
JSON,small,mui-material-ui.git,c2f850655ee14d11f6ef35638bd3cd2332c683ec,packages-internal/docs-utils/package.json,30,30,60,885,885,249,249,ok,37.206942
JSON,small,mui-material-ui.git,c8f05e11ce52f50e8b622312d439ea8337d84683,packages-internal/docs-utils/package.json,30,30,60,885,885,249,249,ok,36.592333999999994
JSON,small,mui-material-ui.git,c8f05e11ce52f50e8b622312d439ea8337d84683,packages/mui-core-downloads-tracker/package.json,27,27,54,684,684,212,212,ok,28.092913
JSON,small,mui-material-ui.git,c8f05e11ce52f50e8b622312d439ea8337d84683,packages/mui-envinfo/package.json,32,32,64,822,822,254,254,ok,26.032251
JSON,small,mui-material-ui.git,e22f0452dbc1c53184d9982c20255a865bcda198,packages/mui-envinfo/test/package.json,16,16,32,356,357,128,128,ok,6.642149
JSON,small,nextcloud-server.git,be5dd03f9257e3d301f9d25e57b86e2ae92ee9d2,apps/user_picker/l10n/fr.json,10,10,20,538,541,100,100,ok,4.916022
JSON,small,nextcloud-server.git,e61f0074f02f67f6c5c25a6cbba06854a5111d24,apps/admin_audit/l10n/mn.json,4,5,9,117,404,34,45,ok,3.752958
JSON,small,nextcloud-server.git,e61f0074f02f67f6c5c25a6cbba06854a5111d24,apps/cloud_federation_api/l10n/mn.json,5,6,11,317,637,45,56,ok,1.052198
JSON,small,nextcloud-server.git,e61f0074f02f67f6c5c25a6cbba06854a5111d24,apps/profile/l10n/es_EC.json,12,14,26,766,828,122,144,ok,7.66321
JSON,small,nextcloud-server.git,e61f0074f02f67f6c5c25a6cbba06854a5111d24,apps/profile/l10n/eu.json,12,15,27,731,833,122,155,ok,8.501829
JSON,small,nextcloud-server.git,e61f0074f02f67f6c5c25a6cbba06854a5111d24,apps/profile/l10n/fa.json,12,15,27,721,832,122,155,ok,9.025818
JSON,small,nextcloud-server.git,e61f0074f02f67f6c5c25a6cbba06854a5111d24,apps/profile/l10n/ja.json,12,15,27,851,985,122,155,ok,8.307731
JSON,small,nextcloud-server.git,e61f0074f02f67f6c5c25a6cbba06854a5111d24,apps/profile/l10n/nb.json,12,14,26,726,786,122,144,ok,12.831764000000002
JSON,small,nextcloud-server.git,e61f0074f02f67f6c5c25a6cbba06854a5111d24,apps/profile/l10n/sw.json,14,16,30,901,975,144,166,ok,10.633298
JSON,small,nextcloud-server.git,e61f0074f02f67f6c5c25a6cbba06854a5111d24,apps/profile/l10n/th.json,9,10,19,577,614,89,100,ok,6.69483
JSON,small,nextcloud-server.git,e61f0074f02f67f6c5c25a6cbba06854a5111d24,apps/profile/l10n/uz.json,14,15,29,921,952,144,155,ok,20.705609
JSON,small,nextcloud-server.git,e61f0074f02f67f6c5c25a6cbba06854a5111d24,apps/profile/l10n/vi.json,12,13,25,774,814,122,133,ok,16.631397999999997
JSON,small,nextcloud-server.git,e61f0074f02f67f6c5c25a6cbba06854a5111d24,apps/profile/l10n/zh_CN.json,14,17,31,851,951,144,177,ok,28.181073
JSON,small,nextcloud-server.git,e61f0074f02f67f6c5c25a6cbba06854a5111d24,lib/l10n/kab.json,30,31,61,784,900,320,331,ok,70.502746
JSON,small,prettier-prettier.git,88ee8a5b3e5db04f012c18be28aec11ed23ba849,.vscode/settings.example.json,19,19,38,581,606,127,127,ok,6.778714
JSON,small,prometheus-prometheus.git,decde0b3648ad9ececb868a8b7a3e298db0cbf4b,web/ui/package.json,27,27,54,720,720,224,224,ok,21.740975
JSON,small,puppeteer-puppeteer.git,49e01f4a19c34fdfd59141d6402768048fbfbaa8,tools/docgen/package.json,32,32,64,697,697,234,234,ok,33.32346
JSON,small,puppeteer-puppeteer.git,49e01f4a19c34fdfd59141d6402768048fbfbaa8,tools/doctest/package.json,39,39,78,931,931,311,311,ok,43.4423
JSON,small,puppeteer-puppeteer.git,5d820f2872cdec366fbf6069d03ebc094d8b97f2,.release-please-manifest.json,6,6,12,148,148,47,47,ok,0.718477
JSON,small,puppeteer-puppeteer.git,5dc0f3c7e67da8d4f965795dd2bd64396e00d6fd,website/versions.json,1,1,2,12,12,8,8,ok,0.079163
JSON,small,puppeteer-puppeteer.git,733158b80c0a79bca4edd0c27c92eaca59c4db49,examples/puppeteer-in-browser/package.json,17,17,34,433,433,139,139,ok,21.380094999999997
JSON,small,puppeteer-puppeteer.git,a04852664202ca7c6d9bf49079edad7b9f6a7cb1,tools/docgen/package.json,32,32,64,697,697,234,234,ok,42.980957000000004
JSON,small,puppeteer-puppeteer.git,b163ce4593a8f014b86d67d53825fbeb679045ca,website/versions.json,1,1,2,12,12,8,8,ok,0.21135800000000002
JSON,small,puppeteer-puppeteer.git,c5fdc0c57ddc736439ed8f20a2ccc24647a896ff,.release-please-manifest.json,6,6,12,148,148,47,47,ok,1.011334
JSON,small,puppeteer-puppeteer.git,c5fdc0c57ddc736439ed8f20a2ccc24647a896ff,website/versions.json,1,1,2,12,12,8,8,ok,0.077705
JSON,small,puppeteer-puppeteer.git,eee111bedbbf719ce27f356f4f5307646b13b0eb,.release-please-manifest.json,6,6,12,148,148,47,47,ok,0.9163399999999999
JSON,small,puppeteer-puppeteer.git,eee111bedbbf719ce27f356f4f5307646b13b0eb,website/versions.json,1,1,2,12,12,8,8,ok,0.094876
JSON,small,puppeteer-puppeteer.git,f09b945e5f6259967a914e5ba4a25c95f4483fe7,tools/doctest/package.json,39,39,78,930,931,311,311,ok,91.066417
JSON,small,puppeteer-puppeteer.git,fcb37e3b3a4f6b55b6f81a40811243260bcea16f,website/versions.json,1,1,2,12,12,8,8,ok,0.103851
JSON,small,redis-redis.git,b5a37c0e4241b087e4dcefc6f951335257c90cbf,src/commands/hotkeys-stop.json,19,22,41,388,462,125,139,ok,28.977572
JSON,small,shadcn-ui-ui.git,0008c487e920a2c4effc3d6c1941458ee152b730,apps/v4/public/r/styles/base-lyra/label.json,12,12,24,795,795,135,135,ok,24.607688
JSON,small,shadcn-ui-ui.git,0008c487e920a2c4effc3d6c1941458ee152b730,apps/v4/public/r/styles/base-maia/label.json,12,12,24,807,807,135,135,ok,23.526807
JSON,small,shadcn-ui-ui.git,0008c487e920a2c4effc3d6c1941458ee152b730,apps/v4/public/r/styles/base-mira/label.json,12,12,24,815,815,135,135,ok,19.969022
JSON,small,shadcn-ui-ui.git,0008c487e920a2c4effc3d6c1941458ee152b730,apps/v4/public/r/styles/base-nova/label.json,12,12,24,807,807,135,135,ok,19.439879
JSON,small,shadcn-ui-ui.git,0008c487e920a2c4effc3d6c1941458ee152b730,apps/v4/public/r/styles/base-nova/skeleton.json,12,12,24,559,559,118,118,ok,28.791514
JSON,small,shadcn-ui-ui.git,0008c487e920a2c4effc3d6c1941458ee152b730,apps/v4/public/r/styles/base-vega/label.json,12,12,24,807,807,135,135,ok,53.00772
JSON,small,shadcn-ui-ui.git,0008c487e920a2c4effc3d6c1941458ee152b730,apps/v4/public/r/styles/radix-lyra/label.json,12,12,24,889,889,142,142,ok,22.495679000000003
JSON,small,shadcn-ui-ui.git,0008c487e920a2c4effc3d6c1941458ee152b730,apps/v4/public/r/styles/radix-maia/label.json,12,12,24,901,901,142,142,ok,22.539949
JSON,small,shadcn-ui-ui.git,0008c487e920a2c4effc3d6c1941458ee152b730,apps/v4/public/r/styles/radix-maia/skeleton.json,12,12,24,561,561,118,118,ok,10.768623999999999
JSON,small,shadcn-ui-ui.git,0008c487e920a2c4effc3d6c1941458ee152b730,apps/v4/public/r/styles/radix-mira/label.json,12,12,24,909,909,142,142,ok,22.270698
JSON,small,shadcn-ui-ui.git,0008c487e920a2c4effc3d6c1941458ee152b730,apps/v4/public/r/styles/radix-nova/label.json,12,12,24,901,901,142,142,ok,20.962337
JSON,small,shadcn-ui-ui.git,0008c487e920a2c4effc3d6c1941458ee152b730,apps/v4/public/r/styles/radix-vega/skeleton.json,12,12,24,561,561,118,118,ok,12.3549
JSON,small,shadcn-ui-ui.git,f235a5d951b631b4c2a202622482489b5c217ae2,apps/v4/public/r/styles/new-york-v4/index.json,22,31,53,403,617,135,195,ok,30.498158
JSON,small,shadcn-ui-ui.git,f235a5d951b631b4c2a202622482489b5c217ae2,apps/v4/public/r/styles/new-york-v4/style.json,22,31,53,403,617,135,195,ok,17.81127
JSON,small,tauri-apps-tauri.git,731dd5bfdc62505c904bf8e7262bb5c1428b5a5a,crates/tests/acl/fixtures/capabilities/scope-extended/cap.json,39,39,78,651,659,197,197,ok,75.756118
JSON,small,tauri-apps-tauri.git,7782c5525af206a49849764a0430254dc4e7b632,examples/api/package.json,24,24,48,563,563,203,203,ok,23.244518
JSON,small,tauri-apps-tauri.git,8d67af37b6d3fc0aedaab58549b1bca5b34fda19,crates/tauri-cli/metadata-v2.json,9,9,18,143,145,67,67,ok,2.2478160000000003
JSON,small,tauri-apps-tauri.git,c37368f339f04d6716888214d1ea3438651e5554,crates/tauri-cli/metadata-v2.json,9,9,18,145,145,67,67,ok,2.947847
JSON,small,vercel-next.js.git,2071a816f4040f54c27dc4373671c799ab3fe8d7,lerna.json,19,19,38,306,306,110,110,ok,19.760804999999998
JSON,small,vercel-next.js.git,2071a816f4040f54c27dc4373671c799ab3fe8d7,packages/eslint-plugin-internal/package.json,20,20,40,444,444,146,146,ok,25.645052
JSON,small,vercel-next.js.git,2071a816f4040f54c27dc4373671c799ab3fe8d7,packages/eslint-plugin-next/package.json,28,28,56,725,725,218,218,ok,44.984926
JSON,small,vercel-next.js.git,2071a816f4040f54c27dc4373671c799ab3fe8d7,packages/next-plugin-storybook/package.json,8,8,16,174,174,56,56,ok,9.386446
JSON,small,vercel-next.js.git,2071a816f4040f54c27dc4373671c799ab3fe8d7,packages/next-polyfill-nomodule/package.json,22,22,44,663,663,184,184,ok,34.936747
JSON,small,vercel-next.js.git,2071a816f4040f54c27dc4373671c799ab3fe8d7,packages/next-rspack/package.json,12,12,24,236,236,87,87,ok,5.3872420000000005
JSON,small,vercel-next.js.git,39e8fb2a48d444105b9a8baa93a6e3112fe4fd22,lerna.json,19,19,38,306,306,110,110,ok,13.285178
JSON,small,vercel-next.js.git,39e8fb2a48d444105b9a8baa93a6e3112fe4fd22,packages/eslint-plugin-internal/package.json,20,20,40,444,444,146,146,ok,15.978024
JSON,small,vercel-next.js.git,39e8fb2a48d444105b9a8baa93a6e3112fe4fd22,packages/eslint-plugin-next/package.json,28,28,56,725,725,218,218,ok,47.019588
JSON,small,vercel-next.js.git,39e8fb2a48d444105b9a8baa93a6e3112fe4fd22,packages/next-env/package.json,36,36,72,977,977,282,282,ok,88.010948
JSON,small,vercel-next.js.git,39e8fb2a48d444105b9a8baa93a6e3112fe4fd22,packages/next-mdx/package.json,25,25,50,476,476,172,172,ok,33.820997999999996
JSON,small,vercel-next.js.git,39e8fb2a48d444105b9a8baa93a6e3112fe4fd22,packages/next-playwright/package.json,24,24,48,581,581,184,184,ok,30.996208
JSON,small,vercel-next.js.git,39e8fb2a48d444105b9a8baa93a6e3112fe4fd22,packages/next-polyfill-module/package.json,19,19,38,640,640,151,151,ok,29.227787000000003
JSON,small,vercel-next.js.git,39e8fb2a48d444105b9a8baa93a6e3112fe4fd22,packages/next-polyfill-nomodule/package.json,22,22,44,663,663,184,184,ok,34.099185999999996
JSON,small,vercel-next.js.git,39e8fb2a48d444105b9a8baa93a6e3112fe4fd22,packages/next-rspack/package.json,12,12,24,236,236,87,87,ok,3.678531
JSON,small,vercel-next.js.git,39e8fb2a48d444105b9a8baa93a6e3112fe4fd22,packages/third-parties/package.json,38,38,76,953,953,283,283,ok,139.134374
JSON,xlarge,Homebrew-brew.git,5652b8b4b124e87da0ade65642951761c50b8b20,Library/Homebrew/data/spdx/spdx_licenses.json,8771,9119,17890,318777,332451,62163,64617,timed_out,
JSON,xlarge,Lidarr-Lidarr.git,3e2858439ff35b372d0af00bcea1b0a357572d26,src/Lidarr.Api.V1/openapi.json,13102,13102,26204,316102,316102,80700,80700,timed_out,
JSON,xlarge,Lidarr-Lidarr.git,bed907e720843a506f4cd0742962baf20096b2ea,src/Lidarr.Api.V1/openapi.json,13091,13097,26188,315829,315977,80627,80667,timed_out,
JSON,xlarge,OpenHands-OpenHands.git,402fa4742227180bd111cbdd4d70219c286ab443,frontend/package-lock.json,17267,17259,34526,636698,636506,141010,140922,timed_out,
JSON,xlarge,Radarr-Radarr.git,2dac2dd35bed9ae6ff56689fff64f5ff07a95dd5,src/NzbDrone.Core/Localization/Core/el.json,1255,1254,2509,125559,125485,13901,13890,timed_out,
JSON,xlarge,Radarr-Radarr.git,2dac2dd35bed9ae6ff56689fff64f5ff07a95dd5,src/NzbDrone.Core/Localization/Core/fr.json,1988,1986,3974,161497,161334,21878,21856,timed_out,
JSON,xlarge,Radarr-Radarr.git,2dac2dd35bed9ae6ff56689fff64f5ff07a95dd5,src/NzbDrone.Core/Localization/Core/hu.json,1509,1507,3016,108899,108764,16603,16581,timed_out,
JSON,xlarge,Radarr-Radarr.git,2dac2dd35bed9ae6ff56689fff64f5ff07a95dd5,src/NzbDrone.Core/Localization/Core/ru.json,2036,2035,4071,217655,217567,22402,22391,timed_out,
JSON,xlarge,Radarr-Radarr.git,2dac2dd35bed9ae6ff56689fff64f5ff07a95dd5,src/NzbDrone.Core/Localization/Core/tr.json,2037,2035,4072,157693,157545,22422,22400,timed_out,
JSON,xlarge,Radarr-Radarr.git,2dac2dd35bed9ae6ff56689fff64f5ff07a95dd5,src/NzbDrone.Core/Localization/Core/uk.json,2014,2012,4026,212292,212084,22196,22174,timed_out,
JSON,xlarge,Radarr-Radarr.git,308c58f7296f3f74670dd4b87745dbc3bdfe253e,src/NzbDrone.Core/Localization/Core/bg.json,1208,1222,2430,113614,114563,13269,13423,timed_out,
JSON,xlarge,Radarr-Radarr.git,4d22bf1cebb48521db4ea57cfa1b894d6371eab4,src/NzbDrone.Core/Localization/Core/ca.json,2036,2040,4076,161587,161966,22420,22464,timed_out,
JSON,xlarge,Radarr-Radarr.git,4d22bf1cebb48521db4ea57cfa1b894d6371eab4,src/NzbDrone.Core/Localization/Core/fr.json,1986,2040,4026,161322,166952,21856,22450,timed_out,
JSON,xlarge,Radarr-Radarr.git,4d22bf1cebb48521db4ea57cfa1b894d6371eab4,src/NzbDrone.Core/Localization/Core/it.json,1545,1549,3094,101563,102062,17007,17051,timed_out,
JSON,xlarge,Radarr-Radarr.git,4d22bf1cebb48521db4ea57cfa1b894d6371eab4,src/NzbDrone.Core/Localization/Core/ko.json,1935,1936,3871,151647,151781,21275,21286,timed_out,
JSON,xlarge,Radarr-Radarr.git,4d22bf1cebb48521db4ea57cfa1b894d6371eab4,src/NzbDrone.Core/Localization/Core/tr.json,2036,2040,4076,157755,158120,22411,22455,timed_out,
JSON,xlarge,Radarr-Radarr.git,81bbaf8946e7d540acd09856209928cd40f9dc93,src/NzbDrone.Core/Localization/Core/en.json,2041,2041,4082,138795,138794,22440,22440,ok,5.675333999999999
JSON,xlarge,Radarr-Radarr.git,8b4288fa1869500652583334f6929e31e4ca5be3,src/NzbDrone.Core/Localization/Core/en.json,2040,2041,4081,138607,138795,22429,22440,timed_out,
JSON,xlarge,Radarr-Radarr.git,8bef9b4da790da54b43708716de8f481bfb1b61a,src/NzbDrone.Core/Localization/Core/en.json,2036,2040,4076,138270,138607,22385,22429,timed_out,
JSON,xlarge,Radarr-Radarr.git,9aa3061e8eca2c247ecd720ea2ccedee99a46f3c,src/NzbDrone.Core/Localization/Core/ru.json,2040,2040,4080,218357,218352,22444,22444,timed_out,
JSON,xlarge,Radarr-Radarr.git,b6bad2398c8a1a0f7975f5d384d3dbafc971538b,src/NzbDrone.Core/Localization/Core/ca.json,2023,2036,4059,160401,161587,22277,22420,timed_out,
JSON,xlarge,Radarr-Radarr.git,b6bad2398c8a1a0f7975f5d384d3dbafc971538b,src/NzbDrone.Core/Localization/Core/th.json,1086,1087,2173,110692,110763,12030,12041,timed_out,
JSON,xlarge,Radarr-Radarr.git,b6bad2398c8a1a0f7975f5d384d3dbafc971538b,src/NzbDrone.Core/Localization/Core/zh_CN.json,1990,1990,3980,133530,133527,21883,21883,timed_out,
JSON,xlarge,Radarr-Radarr.git,c0d70485c3a9bfafc59c0bce1796f3fada7a97fc,src/NzbDrone.Core/Localization/Core/fr.json,1986,1986,3972,161334,161322,21856,21856,timed_out,
JSON,xlarge,Radarr-Radarr.git,d93c1d7808c0197328dbe801807be778693570ba,src/Radarr.Api.V3/openapi.json,12840,12843,25683,309316,309392,78797,78817,timed_out,
JSON,xlarge,Radarr-Radarr.git,e7bddaeeddb6b566c9911af98b60ee0ca2caa180,src/NzbDrone.Core/Localization/Core/ru.json,2040,2041,4081,218352,218626,22444,22455,timed_out,
JSON,xlarge,Radarr-Radarr.git,f99162b8ee24d72db7037a49f0a2873011c43cb0,src/NzbDrone.Core/Localization/Core/es.json,2040,2041,4081,161356,161557,22440,22451,timed_out,
JSON,xlarge,Radarr-Radarr.git,f99162b8ee24d72db7037a49f0a2873011c43cb0,src/NzbDrone.Core/Localization/Core/zh_CN.json,1991,2041,4032,133595,137823,21894,22440,timed_out,
JSON,xlarge,Sonarr-Sonarr.git,0d521c078b516489c870fdd165bf5edc2051bad4,src/NzbDrone.Core/Localization/Core/zh_CN.json,1973,1972,3945,132843,132769,21695,21684,timed_out,
JSON,xlarge,Sonarr-Sonarr.git,15fb99959781d7de17379593010da990f7366632,src/NzbDrone.Core/Localization/Core/pt_BR.json,2218,2230,4448,177253,177741,24668,24800,timed_out,
JSON,xlarge,Sonarr-Sonarr.git,1839aa7907448da005819b377c0bc13977fe3009,src/NzbDrone.Core/Localization/Core/en.json,2219,2220,4439,153931,153959,24409,24420,timed_out,
JSON,xlarge,Sonarr-Sonarr.git,3977d8766cfa322f1c9cdbe8aaa87d33bc90df50,src/Sonarr.Api.V5/openapi.json,7714,8101,15815,183197,192535,48428,50702,timed_out,
JSON,xlarge,Sonarr-Sonarr.git,3e22ad59c3ebdc710a08cff990c21de59b08aef8,src/NzbDrone.Core/Localization/Core/fr.json,2207,2222,4429,185796,186452,24299,24464,timed_out,
JSON,xlarge,Sonarr-Sonarr.git,3e8a85ad26ded2a65dd90a49dc2d20f331f06e79,src/NzbDrone.Core/Localization/Core/fi.json,2213,2220,4433,172184,172482,24979,25056,timed_out,
JSON,xlarge,Sonarr-Sonarr.git,3e8a85ad26ded2a65dd90a49dc2d20f331f06e79,src/NzbDrone.Core/Localization/Core/ru.json,2201,2201,4402,241409,241374,24204,24204,timed_out,
JSON,xlarge,Sonarr-Sonarr.git,3f098c601b041bb4abace03d9123334fc37a4b64,src/NzbDrone.Core/Localization/Core/ca.json,2190,2187,4377,175554,175442,24107,24074,timed_out,
JSON,xlarge,Sonarr-Sonarr.git,3f098c601b041bb4abace03d9123334fc37a4b64,src/NzbDrone.Core/Localization/Core/es.json,2219,2216,4435,177845,177728,24413,24380,timed_out,
JSON,xlarge,Sonarr-Sonarr.git,3f098c601b041bb4abace03d9123334fc37a4b64,src/NzbDrone.Core/Localization/Core/fr.json,2216,2213,4429,186478,186359,24398,24365,timed_out,
JSON,xlarge,Sonarr-Sonarr.git,3f098c601b041bb4abace03d9123334fc37a4b64,src/NzbDrone.Core/Localization/Core/ru.json,2205,2202,4407,241771,241639,24248,24215,timed_out,
JSON,xlarge,Sonarr-Sonarr.git,6a6639105ededc4d24ebc963bb8be4e677792a0d,src/NzbDrone.Core/Localization/Core/en.json,2220,2220,4440,153959,153949,24420,24420,timed_out,
JSON,xlarge,Sonarr-Sonarr.git,8b438c21975f58872c7a5044da4479b950e6c5f8,src/NzbDrone.Core/Localization/Core/ca.json,2187,2185,4372,175442,175176,24074,24052,timed_out,
JSON,xlarge,Sonarr-Sonarr.git,8b438c21975f58872c7a5044da4479b950e6c5f8,src/NzbDrone.Core/Localization/Core/fi.json,2216,2214,4430,172492,172220,25012,24990,timed_out,
JSON,xlarge,Sonarr-Sonarr.git,8b438c21975f58872c7a5044da4479b950e6c5f8,src/NzbDrone.Core/Localization/Core/fr.json,2213,2211,4424,186359,186075,24365,24343,timed_out,
JSON,xlarge,Sonarr-Sonarr.git,8b438c21975f58872c7a5044da4479b950e6c5f8,src/NzbDrone.Core/Localization/Core/hu.json,1402,1400,2802,101218,100950,15446,15424,timed_out,
JSON,xlarge,Sonarr-Sonarr.git,8fa16e35425eefe705af951d57c27e8db4d64803,src/NzbDrone.Core/Localization/Core/en.json,2243,2247,4490,154836,155200,24673,24717,timed_out,
JSON,xlarge,Sonarr-Sonarr.git,ac5b9b14eeb87b8c95db3ed1d43742fc1076c63d,src/NzbDrone.Core/Localization/Core/fr.json,2211,2210,4421,186075,186027,24343,24332,timed_out,
JSON,xlarge,Sonarr-Sonarr.git,ac5b9b14eeb87b8c95db3ed1d43742fc1076c63d,src/NzbDrone.Core/Localization/Core/hu.json,1400,1496,2896,100950,112837,15424,16488,timed_out,
JSON,xlarge,Sonarr-Sonarr.git,ac5b9b14eeb87b8c95db3ed1d43742fc1076c63d,src/NzbDrone.Core/Localization/Core/ru.json,2200,2201,4401,241273,241409,24193,24204,timed_out,
JSON,xlarge,Sonarr-Sonarr.git,ac5b9b14eeb87b8c95db3ed1d43742fc1076c63d,src/NzbDrone.Core/Localization/Core/uk.json,2211,2210,4421,238354,238298,24344,24333,timed_out,
JSON,xlarge,Sonarr-Sonarr.git,ac5b9b14eeb87b8c95db3ed1d43742fc1076c63d,src/NzbDrone.Core/Localization/Core/zh_CN.json,1975,1974,3949,132936,132901,21717,21706,timed_out,
JSON,xlarge,Sonarr-Sonarr.git,cf593b1f5d1441a31cb74e5d3ee43a2b4aae21b7,src/NzbDrone.Core/Localization/Core/en.json,2220,2219,4439,153964,153931,24420,24409,timed_out,
JSON,xlarge,Sonarr-Sonarr.git,e20b4c4f5da8597a4f3bc5cf198ab82a447f2d15,src/NzbDrone.Core/Localization/Core/de.json,2147,2146,4293,171678,171597,23614,23603,timed_out,
JSON,xlarge,Sonarr-Sonarr.git,e20b4c4f5da8597a4f3bc5cf198ab82a447f2d15,src/NzbDrone.Core/Localization/Core/en.json,2220,2220,4440,153949,153945,24420,24420,timed_out,
JSON,xlarge,Sonarr-Sonarr.git,e20b4c4f5da8597a4f3bc5cf198ab82a447f2d15,src/NzbDrone.Core/Localization/Core/ko.json,2147,2146,4293,174363,174299,23619,23608,timed_out,
JSON,xlarge,Sonarr-Sonarr.git,e20b4c4f5da8597a4f3bc5cf198ab82a447f2d15,src/NzbDrone.Core/Localization/Core/pt_BR.json,2220,2219,4439,177417,177338,24690,24679,timed_out,
JSON,xlarge,Sonarr-Sonarr.git,e20b4c4f5da8597a4f3bc5cf198ab82a447f2d15,src/NzbDrone.Core/Localization/Core/zh_CN.json,1974,1973,3947,132901,132843,21706,21695,timed_out,
JSON,xlarge,apache-echarts.git,0b99fb0799ec31d6668a59c7fb4a7bf12d450554,package-lock.json,20571,20571,41142,782442,782442,167512,167512,timed_out,
JSON,xlarge,apache-echarts.git,2e280ee8f551a6142b47d0ea3ca27a95c4a7d628,package-lock.json,20571,20571,41142,782442,782442,167512,167512,timed_out,
JSON,xlarge,apache-echarts.git,79f355a89bb3df132d1cb966030ccd17b9e6601b,package-lock.json,20571,20571,41142,782434,782442,167512,167512,timed_out,
JSON,xlarge,apache-echarts.git,c7cd5e4dd230d015a5de0cb889a9b36eec8b60fd,test/runTest/package-lock.json,6208,6207,12415,235038,235014,50464,50453,timed_out,
JSON,xlarge,apache-echarts.git,ef67cbcce072bd7bcce20996fbec03bbc7f5f7dd,package-lock.json,20580,20580,41160,783117,783117,167553,167553,timed_out,
JSON,xlarge,apache-superset.git,a849802a2b1898d90ea5e942d10ddb00acb1bbbe,superset-websocket/package-lock.json,11254,11255,22509,438756,438780,92425,92436,timed_out,
JSON,xlarge,axios-axios.git,f17a787026a2ab19bdf54feabb1252543aebc9ea,package-lock.json,23211,23211,46422,844769,844769,190328,190328,timed_out,
JSON,xlarge,fatedier-frp.git,266c492b5d2af900176ea57beff4f1f0c98bafbb,web/frps/package-lock.json,6687,6654,13341,233136,231855,53161,52911,timed_out,
JSON,xlarge,fatedier-frp.git,9634fd99d1be11b08fa5524bacf30a95d58058af,web/frpc/package-lock.json,5857,5889,11746,147605,150820,43958,44310,timed_out,
JSON,xlarge,grafana-grafana.git,f50804c3ab73ea83d505f3907fc090a131349c05,public/locales/de-DE/grafana.json,15783,15796,31579,692432,692541,132885,132989,timed_out,
JSON,xlarge,grafana-grafana.git,f50804c3ab73ea83d505f3907fc090a131349c05,public/locales/fr-FR/grafana.json,15783,15796,31579,721698,721791,132880,132984,timed_out,
JSON,xlarge,grafana-grafana.git,f50804c3ab73ea83d505f3907fc090a131349c05,public/locales/hu-HU/grafana.json,15783,15796,31579,716775,716858,132890,132994,timed_out,
JSON,xlarge,grafana-grafana.git,f50804c3ab73ea83d505f3907fc090a131349c05,public/locales/it-IT/grafana.json,15783,15796,31579,688863,688968,133299,133403,timed_out,
JSON,xlarge,grafana-grafana.git,f50804c3ab73ea83d505f3907fc090a131349c05,public/locales/ja-JP/grafana.json,15715,15732,31447,739786,740015,132156,132300,timed_out,
JSON,xlarge,grafana-grafana.git,f50804c3ab73ea83d505f3907fc090a131349c05,public/locales/pt-BR/grafana.json,15783,15796,31579,689848,689951,133336,133440,timed_out,
JSON,xlarge,grafana-grafana.git,f50804c3ab73ea83d505f3907fc090a131349c05,public/locales/sv-SE/grafana.json,15783,15796,31579,665036,665164,132891,132995,timed_out,
JSON,xlarge,grafana-grafana.git,f50804c3ab73ea83d505f3907fc090a131349c05,public/locales/zh-Hans/grafana.json,15715,15732,31447,610972,611252,132164,132308,timed_out,
JSON,xlarge,kubernetes-kubernetes.git,aa1e24659ee18378426fa3b83616c7d96e098bbe,api/openapi-spec/v3/apis__batch__v1_openapi.json,9907,9907,19814,534298,534264,68869,68869,timed_out,
JSON,xlarge,langflow-ai-langflow.git,0283f5d7e1c56c06e5786128f4b034a3ab3b15e6,src/backend/base/langflow/initial_setup/starter_projects/Basic Prompt Chaining.json,3323,3425,6748,161927,179180,29248,30847,timed_out,
JSON,xlarge,langflow-ai-langflow.git,0283f5d7e1c56c06e5786128f4b034a3ab3b15e6,src/backend/base/langflow/initial_setup/starter_projects/Hybrid Search RAG.json,2304,2301,4605,139857,139763,22575,22560,timed_out,
JSON,xlarge,langflow-ai-langflow.git,0283f5d7e1c56c06e5786128f4b034a3ab3b15e6,src/backend/base/langflow/initial_setup/starter_projects/Instagram Copywriter.json,3371,3385,6756,201932,202399,32669,32739,timed_out,
JSON,xlarge,langflow-ai-langflow.git,0283f5d7e1c56c06e5786128f4b034a3ab3b15e6,src/backend/base/langflow/initial_setup/starter_projects/Nvidia Remix.json,5091,5093,10184,353997,354098,48877,48887,timed_out,
JSON,xlarge,langflow-ai-langflow.git,0283f5d7e1c56c06e5786128f4b034a3ab3b15e6,src/backend/base/langflow/initial_setup/starter_projects/Pokédex Agent.json,1789,1789,3578,121794,121800,18908,18908,timed_out,
JSON,xlarge,langflow-ai-langflow.git,0283f5d7e1c56c06e5786128f4b034a3ab3b15e6,src/backend/base/langflow/initial_setup/starter_projects/Portfolio Website Code Generator.json,2379,3005,5384,177978,203513,26315,31281,timed_out,
JSON,xlarge,langflow-ai-langflow.git,0283f5d7e1c56c06e5786128f4b034a3ab3b15e6,src/backend/base/langflow/initial_setup/starter_projects/Research Agent.json,3352,3366,6718,205589,206062,32957,33027,timed_out,
JSON,xlarge,langflow-ai-langflow.git,0283f5d7e1c56c06e5786128f4b034a3ab3b15e6,src/backend/base/langflow/initial_setup/starter_projects/Social Media Agent.json,1845,1844,3689,128862,128829,19462,19457,timed_out,
JSON,xlarge,langflow-ai-langflow.git,0283f5d7e1c56c06e5786128f4b034a3ab3b15e6,src/lfx/tests/data/starter_projects_1_6_0/Invoice Summarizer.json,1666,1666,3332,104411,104402,16600,16600,timed_out,
JSON,xlarge,langflow-ai-langflow.git,0283f5d7e1c56c06e5786128f4b034a3ab3b15e6,src/lfx/tests/data/starter_projects_1_6_0/Vector Store RAG.json,4850,4850,9700,357950,357923,54478,54478,timed_out,
JSON,xlarge,langflow-ai-langflow.git,07fa033c9213ebf6869d764f23ca9ea2a878c9a0,src/backend/base/langflow/initial_setup/starter_projects/Social Media Agent.json,1843,1843,3686,128811,128811,19458,19458,timed_out,
JSON,xlarge,langflow-ai-langflow.git,07fa033c9213ebf6869d764f23ca9ea2a878c9a0,src/frontend/package-lock.json,19947,19964,39911,727395,727576,160678,160821,timed_out,
JSON,xlarge,langflow-ai-langflow.git,22607cc081976239ad6f3a708ec3e943458893c9,src/lfx/tests/data/starter_projects_1_6_0/Custom Component Generator.json,2671,2671,5342,159780,159812,26938,26938,timed_out,
JSON,xlarge,langflow-ai-langflow.git,2d67402b1dbaefcbce85a244d4a6cd5e4bda1cfe,src/backend/base/langflow/initial_setup/starter_projects/Document Q&A.json,1950,1950,3900,147549,147963,21614,21631,timed_out,
JSON,xlarge,langflow-ai-langflow.git,2d67402b1dbaefcbce85a244d4a6cd5e4bda1cfe,src/backend/base/langflow/initial_setup/starter_projects/Research Agent.json,3350,3350,6700,205682,205664,32957,32957,timed_out,
JSON,xlarge,langflow-ai-langflow.git,2d67402b1dbaefcbce85a244d4a6cd5e4bda1cfe,src/backend/base/langflow/initial_setup/starter_projects/Text Sentiment Analysis.json,3246,3246,6492,229689,230103,34173,34190,timed_out,
JSON,xlarge,langflow-ai-langflow.git,2d67402b1dbaefcbce85a244d4a6cd5e4bda1cfe,src/backend/base/langflow/initial_setup/starter_projects/Travel Planning Agents.json,3363,3363,6726,225979,225925,34990,34990,timed_out,
JSON,xlarge,langflow-ai-langflow.git,2f4b7d6b2e8729e8c82b55c49c86426825deecd2,src/backend/base/langflow/initial_setup/starter_projects/Document Q&A.json,1950,1950,3900,147171,147549,21578,21614,timed_out,
JSON,xlarge,langflow-ai-langflow.git,2f4b7d6b2e8729e8c82b55c49c86426825deecd2,src/backend/base/langflow/initial_setup/starter_projects/Image Sentiment Analysis.json,2073,2073,4146,116145,116523,19457,19493,timed_out,
JSON,xlarge,langflow-ai-langflow.git,2f4b7d6b2e8729e8c82b55c49c86426825deecd2,src/backend/base/langflow/initial_setup/starter_projects/Instagram Copywriter.json,3343,3369,6712,199755,202025,32333,32669,timed_out,
JSON,xlarge,langflow-ai-langflow.git,2f4b7d6b2e8729e8c82b55c49c86426825deecd2,src/backend/base/langflow/initial_setup/starter_projects/Market Research.json,2272,2298,4570,144076,145588,22906,23170,timed_out,
JSON,xlarge,langflow-ai-langflow.git,2f4b7d6b2e8729e8c82b55c49c86426825deecd2,src/backend/base/langflow/initial_setup/starter_projects/Nvidia Remix.json,5063,5089,10152,352452,353964,48609,48873,timed_out,
JSON,xlarge,langflow-ai-langflow.git,2f4b7d6b2e8729e8c82b55c49c86426825deecd2,src/backend/base/langflow/initial_setup/starter_projects/Portfolio Website Code Generator.json,2377,2377,4754,177099,177478,26240,26276,timed_out,
JSON,xlarge,langflow-ai-langflow.git,2f4b7d6b2e8729e8c82b55c49c86426825deecd2,src/backend/base/langflow/initial_setup/starter_projects/Price Deal Finder.json,2129,2155,4284,126295,127807,20935,21199,timed_out,
JSON,xlarge,langflow-ai-langflow.git,2f4b7d6b2e8729e8c82b55c49c86426825deecd2,src/backend/base/langflow/initial_setup/starter_projects/Simple Agent.json,1884,1910,3794,118957,120469,19067,19331,timed_out,
JSON,xlarge,langflow-ai-langflow.git,2f4b7d6b2e8729e8c82b55c49c86426825deecd2,src/backend/base/langflow/initial_setup/starter_projects/Text Sentiment Analysis.json,3246,3246,6492,228553,229689,34065,34173,timed_out,
JSON,xlarge,langflow-ai-langflow.git,2f4b7d6b2e8729e8c82b55c49c86426825deecd2,src/backend/base/langflow/initial_setup/starter_projects/Vector Store RAG.json,5360,5360,10720,335313,335691,54048,54084,timed_out,
JSON,xlarge,langflow-ai-langflow.git,2f4b7d6b2e8729e8c82b55c49c86426825deecd2,src/backend/base/langflow/initial_setup/starter_projects/Youtube Analysis.json,2853,2879,5732,181860,183372,28676,28940,timed_out,
JSON,xlarge,langflow-ai-langflow.git,4063abdc36529fd5efa8a4d7dbca3b40a97929ba,src/backend/base/langflow/initial_setup/starter_projects/Hybrid Search RAG.json,2302,2304,4606,139806,139857,22571,22575,timed_out,
JSON,xlarge,langflow-ai-langflow.git,4063abdc36529fd5efa8a4d7dbca3b40a97929ba,src/backend/base/langflow/initial_setup/starter_projects/Image Sentiment Analysis.json,2073,2075,4148,116523,116574,19493,19497,timed_out,
JSON,xlarge,langflow-ai-langflow.git,4063abdc36529fd5efa8a4d7dbca3b40a97929ba,src/backend/base/langflow/initial_setup/starter_projects/Instagram Copywriter.json,3369,3371,6740,202007,202058,32669,32673,timed_out,
JSON,xlarge,langflow-ai-langflow.git,4063abdc36529fd5efa8a4d7dbca3b40a97929ba,src/backend/base/langflow/initial_setup/starter_projects/Invoice Summarizer.json,1736,1738,3474,109020,109071,17237,17241,timed_out,
JSON,xlarge,langflow-ai-langflow.git,4063abdc36529fd5efa8a4d7dbca3b40a97929ba,src/backend/base/langflow/initial_setup/starter_projects/Market Research.json,2298,2302,4600,145570,145672,23170,23178,timed_out,
JSON,xlarge,langflow-ai-langflow.git,4063abdc36529fd5efa8a4d7dbca3b40a97929ba,src/backend/base/langflow/initial_setup/starter_projects/Nvidia Remix.json,5089,5091,10180,353946,353997,48873,48877,timed_out,
JSON,xlarge,langflow-ai-langflow.git,4063abdc36529fd5efa8a4d7dbca3b40a97929ba,src/backend/base/langflow/initial_setup/starter_projects/Social Media Agent.json,1843,1845,3688,128811,128862,19458,19462,timed_out,
JSON,xlarge,langflow-ai-langflow.git,4063abdc36529fd5efa8a4d7dbca3b40a97929ba,src/backend/base/langflow/initial_setup/starter_projects/Youtube Analysis.json,2879,2883,5762,183354,183456,28940,28948,timed_out,
JSON,xlarge,langflow-ai-langflow.git,47728f5816f77dba87f3c0490ea6fed0b35c0d45,src/backend/base/langflow/initial_setup/starter_projects/Basic Prompt Chaining.json,1182,3323,4505,75709,162116,11611,29254,timed_out,
JSON,xlarge,langflow-ai-langflow.git,52479fbe33728b05e5d2fe7b108673dd90ec0d7c,src/backend/base/langflow/initial_setup/starter_projects/Vector Store RAG.json,5360,5360,10720,336105,336203,54101,54121,timed_out,
JSON,xlarge,langflow-ai-langflow.git,655aee4c0c0a43f22f24cb371d1aea81a90455e4,src/backend/base/langflow/initial_setup/starter_projects/Portfolio Website Code Generator.json,3005,3005,6010,203512,204357,31281,31318,timed_out,
JSON,xlarge,langflow-ai-langflow.git,655aee4c0c0a43f22f24cb371d1aea81a90455e4,src/backend/base/langflow/initial_setup/starter_projects/Vector Store RAG.json,5568,5568,11136,374128,374973,57885,57922,timed_out,
JSON,xlarge,langflow-ai-langflow.git,6f9de60dda0478048083b7603988a33ad54afd29,src/backend/base/langflow/initial_setup/starter_projects/Instagram Copywriter.json,3290,3343,6633,195687,199755,31738,32333,timed_out,
JSON,xlarge,langflow-ai-langflow.git,6f9de60dda0478048083b7603988a33ad54afd29,src/backend/base/langflow/initial_setup/starter_projects/News Aggregator.json,2098,2151,4249,150165,154234,22746,23341,timed_out,
JSON,xlarge,langflow-ai-langflow.git,6f9de60dda0478048083b7603988a33ad54afd29,src/backend/base/langflow/initial_setup/starter_projects/Sequential Tasks Agents.json,3785,3944,7729,263166,275372,39309,41094,timed_out,
JSON,xlarge,langflow-ai-langflow.git,6f9de60dda0478048083b7603988a33ad54afd29,src/backend/base/langflow/initial_setup/starter_projects/Travel Planning Agents.json,3126,3285,6411,209236,221443,32413,34198,timed_out,
JSON,xlarge,langflow-ai-langflow.git,7be8a9ac47d406e0eadb724cd38dcebd4c01fe85,src/frontend/package-lock.json,19964,19943,39907,727576,727329,160821,160653,timed_out,
JSON,xlarge,langflow-ai-langflow.git,7e148bcf565189fa11ed842b1db5cae7e74708ba,src/backend/base/langflow/initial_setup/starter_projects/Document Q&A.json,1969,1969,3938,149459,148614,21757,21720,timed_out,
JSON,xlarge,langflow-ai-langflow.git,86078b23aeed42fae92688d49c13568521eb319c,src/backend/base/langflow/initial_setup/starter_projects/Basic Prompt Chaining.json,3425,3425,6850,179180,179179,30847,30847,timed_out,
JSON,xlarge,langflow-ai-langflow.git,86078b23aeed42fae92688d49c13568521eb319c,src/backend/base/langflow/initial_setup/starter_projects/Custom Component Generator.json,2909,2909,5818,174706,174705,29153,29153,timed_out,
JSON,xlarge,langflow-ai-langflow.git,86078b23aeed42fae92688d49c13568521eb319c,src/backend/base/langflow/initial_setup/starter_projects/Meeting Summary.json,3773,3773,7546,210645,210645,35748,35748,timed_out,
JSON,xlarge,langflow-ai-langflow.git,86078b23aeed42fae92688d49c13568521eb319c,src/backend/base/langflow/initial_setup/starter_projects/News Aggregator.json,2179,2179,4358,155830,155829,23627,23627,timed_out,
JSON,xlarge,langflow-ai-langflow.git,86078b23aeed42fae92688d49c13568521eb319c,src/backend/base/langflow/initial_setup/starter_projects/Research Agent.json,3366,3366,6732,206062,206061,33027,33027,timed_out,
JSON,xlarge,langflow-ai-langflow.git,86078b23aeed42fae92688d49c13568521eb319c,src/backend/base/langflow/initial_setup/starter_projects/Research Translation Loop.json,1780,1780,3560,100027,100026,16774,16774,timed_out,
JSON,xlarge,langflow-ai-langflow.git,86078b23aeed42fae92688d49c13568521eb319c,src/backend/base/langflow/initial_setup/starter_projects/Sequential Tasks Agents.json,4044,4044,8088,280541,280540,41978,41978,timed_out,
JSON,xlarge,langflow-ai-langflow.git,86078b23aeed42fae92688d49c13568521eb319c,src/backend/base/langflow/initial_setup/starter_projects/Simple Agent.json,2240,2240,4480,133688,133687,21975,21975,timed_out,
JSON,xlarge,langflow-ai-langflow.git,86078b23aeed42fae92688d49c13568521eb319c,src/backend/base/langflow/initial_setup/starter_projects/Travel Planning Agents.json,3378,3378,6756,226361,226360,35047,35047,timed_out,
JSON,xlarge,langflow-ai-langflow.git,86078b23aeed42fae92688d49c13568521eb319c,src/backend/base/langflow/initial_setup/starter_projects/Vector Store RAG.json,5568,5568,11136,374428,374128,57903,57885,timed_out,
JSON,xlarge,langflow-ai-langflow.git,86078b23aeed42fae92688d49c13568521eb319c,src/backend/base/langflow/initial_setup/starter_projects/Youtube Analysis.json,2913,2913,5826,184796,184835,29163,29165,timed_out,
JSON,xlarge,langflow-ai-langflow.git,a691fdb22db7ce523a697298e031f02eb9a794c3,src/backend/base/langflow/initial_setup/starter_projects/Vector Store RAG.json,5360,5380,10740,336140,337443,54119,54326,timed_out,
JSON,xlarge,langflow-ai-langflow.git,ae00c031542fa7a4183b3a82813ddecb7b15096e,src/backend/base/langflow/initial_setup/starter_projects/Basic Prompt Chaining.json,3425,3425,6850,179179,179275,30847,30775,timed_out,
JSON,xlarge,langflow-ai-langflow.git,ae00c031542fa7a4183b3a82813ddecb7b15096e,src/backend/base/langflow/initial_setup/starter_projects/Blog Writer.json,1783,1783,3566,103359,103391,17322,17298,timed_out,
JSON,xlarge,langflow-ai-langflow.git,ae00c031542fa7a4183b3a82813ddecb7b15096e,src/backend/base/langflow/initial_setup/starter_projects/Custom Component Generator.json,2909,2909,5818,174705,174737,29153,29129,timed_out,
JSON,xlarge,langflow-ai-langflow.git,ae00c031542fa7a4183b3a82813ddecb7b15096e,src/backend/base/langflow/initial_setup/starter_projects/Document Q&A.json,1969,1969,3938,149427,149459,21781,21757,timed_out,
JSON,xlarge,langflow-ai-langflow.git,ae00c031542fa7a4183b3a82813ddecb7b15096e,src/backend/base/langflow/initial_setup/starter_projects/Instagram Copywriter.json,3385,3385,6770,202398,202462,32739,32691,timed_out,
JSON,xlarge,langflow-ai-langflow.git,ae00c031542fa7a4183b3a82813ddecb7b15096e,src/backend/base/langflow/initial_setup/starter_projects/Meeting Summary.json,3773,3773,7546,210645,210709,35748,35700,timed_out,
JSON,xlarge,langflow-ai-langflow.git,ae00c031542fa7a4183b3a82813ddecb7b15096e,src/backend/base/langflow/initial_setup/starter_projects/Text Sentiment Analysis.json,4225,4225,8450,270028,270124,41992,41920,timed_out,
JSON,xlarge,langflow-ai-langflow.git,ae00c031542fa7a4183b3a82813ddecb7b15096e,src/backend/base/langflow/initial_setup/starter_projects/Twitter Thread Generator.json,2376,2376,4752,121771,121803,21408,21384,timed_out,
JSON,xlarge,langflow-ai-langflow.git,ae00c031542fa7a4183b3a82813ddecb7b15096e,src/backend/base/langflow/initial_setup/starter_projects/Vector Store RAG.json,5568,5568,11136,374973,375005,57922,57898,timed_out,
JSON,xlarge,langflow-ai-langflow.git,cfb2a8eb1f57160aca750358bd198ae3f056830a,src/backend/base/langflow/initial_setup/starter_projects/Image Sentiment Analysis.json,2075,2075,4150,116574,116511,19497,19495,timed_out,
JSON,xlarge,langflow-ai-langflow.git,cfb2a8eb1f57160aca750358bd198ae3f056830a,src/backend/base/langflow/initial_setup/starter_projects/Meeting Summary.json,3770,3770,7540,210716,210590,35737,35733,timed_out,
JSON,xlarge,langflow-ai-langflow.git,cfb2a8eb1f57160aca750358bd198ae3f056830a,src/backend/base/langflow/initial_setup/starter_projects/Portfolio Website Code Generator.json,2379,2379,4758,178041,177978,26317,26315,timed_out,
JSON,xlarge,langflow-ai-langflow.git,cfb2a8eb1f57160aca750358bd198ae3f056830a,src/backend/base/langflow/initial_setup/starter_projects/Research Agent.json,3352,3352,6704,205715,205589,32961,32957,timed_out,
JSON,xlarge,langflow-ai-langflow.git,cfb2a8eb1f57160aca750358bd198ae3f056830a,src/backend/base/langflow/initial_setup/starter_projects/Research Translation Loop.json,1783,1783,3566,100183,100120,16791,16789,timed_out,
JSON,xlarge,langflow-ai-langflow.git,e601eadf9b35e7f3f946bca8043939a0d5bcd4ff,src/backend/base/langflow/initial_setup/starter_projects/Basic Prompt Chaining.json,3323,3323,6646,162116,162116,29254,29254,timed_out,
JSON,xlarge,langflow-ai-langflow.git,e601eadf9b35e7f3f946bca8043939a0d5bcd4ff,src/backend/base/langflow/initial_setup/starter_projects/Blog Writer.json,1777,1777,3554,103223,103223,17294,17294,timed_out,
JSON,xlarge,langflow-ai-langflow.git,e601eadf9b35e7f3f946bca8043939a0d5bcd4ff,src/backend/base/langflow/initial_setup/starter_projects/Hybrid Search RAG.json,2302,2302,4604,139806,139806,22571,22571,timed_out,
JSON,xlarge,langflow-ai-langflow.git,e601eadf9b35e7f3f946bca8043939a0d5bcd4ff,src/backend/base/langflow/initial_setup/starter_projects/Image Sentiment Analysis.json,2073,2073,4146,116523,116523,19493,19493,timed_out,
JSON,xlarge,langflow-ai-langflow.git,e601eadf9b35e7f3f946bca8043939a0d5bcd4ff,src/backend/base/langflow/initial_setup/starter_projects/Instagram Copywriter.json,3369,3369,6738,202007,202007,32669,32669,timed_out,
JSON,xlarge,langflow-ai-langflow.git,e601eadf9b35e7f3f946bca8043939a0d5bcd4ff,src/backend/base/langflow/initial_setup/starter_projects/Invoice Summarizer.json,1736,1736,3472,109020,109020,17237,17237,timed_out,
JSON,xlarge,langflow-ai-langflow.git,e601eadf9b35e7f3f946bca8043939a0d5bcd4ff,src/backend/base/langflow/initial_setup/starter_projects/Meeting Summary.json,3770,3770,7540,210716,210716,35737,35737,timed_out,
JSON,xlarge,langflow-ai-langflow.git,e601eadf9b35e7f3f946bca8043939a0d5bcd4ff,src/backend/base/langflow/initial_setup/starter_projects/Nvidia Remix.json,5089,5089,10178,353946,353946,48873,48873,timed_out,
JSON,xlarge,langflow-ai-langflow.git,e601eadf9b35e7f3f946bca8043939a0d5bcd4ff,src/backend/base/langflow/initial_setup/starter_projects/Pokédex Agent.json,1787,1787,3574,121743,121743,18904,18904,timed_out,
JSON,xlarge,langflow-ai-langflow.git,e601eadf9b35e7f3f946bca8043939a0d5bcd4ff,src/backend/base/langflow/initial_setup/starter_projects/Research Agent.json,3350,3350,6700,205664,205664,32957,32957,timed_out,
JSON,xlarge,langflow-ai-langflow.git,e601eadf9b35e7f3f946bca8043939a0d5bcd4ff,src/backend/base/langflow/initial_setup/starter_projects/Simple Agent.json,1910,1910,3820,120451,120451,19331,19331,timed_out,
JSON,xlarge,langflow-ai-langflow.git,e601eadf9b35e7f3f946bca8043939a0d5bcd4ff,src/backend/base/langflow/initial_setup/starter_projects/Twitter Thread Generator.json,2372,2372,4744,121669,121669,21390,21390,timed_out,
JSON,xlarge,langflow-ai-langflow.git,e601eadf9b35e7f3f946bca8043939a0d5bcd4ff,src/backend/base/langflow/initial_setup/starter_projects/Youtube Analysis.json,2879,2879,5758,183354,183354,28940,28940,timed_out,
JSON,xlarge,langflow-ai-langflow.git,e87870735974e3b7bde18aee86c4d496c2ff558b,docs/openapi/openapi.json,13805,10256,24061,356633,267067,82119,61237,timed_out,
JSON,xlarge,louislam-uptime-kuma.git,1960aa67ed1b916cd1d7fea40463327bfaeb74be,src/lang/de-DE.json,1553,1553,3106,101436,101439,17194,17194,timed_out,
JSON,xlarge,louislam-uptime-kuma.git,315d2d1f33b4c39ce38e405878ddc02813861bda,src/lang/de-DE.json,1582,1585,3167,104405,104938,17515,17548,timed_out,
JSON,xlarge,louislam-uptime-kuma.git,49f2633c9babc70504435cb0a4b955c89be0bb09,package-lock.json,17281,15495,32776,736990,656536,141312,126007,timed_out,
JSON,xlarge,louislam-uptime-kuma.git,4a2fe1e7e8df7c0136801d0250cf7c1307b58abb,src/lang/bg-BG.json,1531,1556,3087,140986,143960,17015,17286,timed_out,
JSON,xlarge,louislam-uptime-kuma.git,7db3b587b88c3ca52b08136ffd41f999100968d7,package-lock.json,17260,17260,34520,736011,736011,141152,141152,timed_out,
JSON,xlarge,louislam-uptime-kuma.git,83703a0085b5cebf50f6827ab7c0a6ef2e12798b,src/lang/de-DE.json,1566,1568,3134,102684,102830,17339,17361,timed_out,
JSON,xlarge,louislam-uptime-kuma.git,85573832fb44a57eb0e0ca7b42d6bf3c485d7ed1,src/lang/sk.json,1528,1546,3074,104265,106463,16804,17002,timed_out,
JSON,xlarge,louislam-uptime-kuma.git,ab1dc957afc5c2cd6f88283ea548a209181d1274,src/lang/de-DE.json,1568,1582,3150,102830,104405,17361,17515,timed_out,
JSON,xlarge,louislam-uptime-kuma.git,b18a4bfc92cc18051663b401d30c70e61f8b7ace,src/lang/fr-FR.json,1556,1567,3123,109356,110453,17151,17272,timed_out,
JSON,xlarge,louislam-uptime-kuma.git,b4f72bf840db4d2cadab7c0503440ee75034d098,src/lang/fr-FR.json,1567,1590,3157,110453,113255,17272,17525,timed_out,
JSON,xlarge,louislam-uptime-kuma.git,cddfffa6095064ce6040c1286f339346bda6a69d,package-lock.json,17177,17105,34282,732438,729350,140496,139899,timed_out,
JSON,xlarge,louislam-uptime-kuma.git,e4cffb384b4cde82c6a235df7d62ea896f10b48e,package-lock.json,20144,20144,40288,865309,865295,164424,164424,timed_out,
JSON,xlarge,louislam-uptime-kuma.git,ea8805728b63c2b24c2217d1965813d5bba1dca4,src/lang/bg-BG.json,1569,1590,3159,145952,149572,17451,17682,timed_out,
JSON,xlarge,microsoft-TypeScript.git,0208948c95817bd7491111b40d6cf05013b21c4a,src/compiler/diagnosticMessages.json,8551,8555,17106,298699,298846,59869,59897,timed_out,
JSON,xlarge,microsoft-TypeScript.git,0c801e6efb80ee590785272ac0840bba1b485df5,package-lock.json,8807,8675,17482,392459,385935,70055,69019,timed_out,
JSON,xlarge,microsoft-TypeScript.git,16b933fb7bff04371fe9ec8525a8e90afa3174d4,src/compiler/diagnosticMessages.json,8548,8547,17095,298514,298473,59849,59841,timed_out,
JSON,xlarge,microsoft-TypeScript.git,60e99ecee46767e9f37e6f60dd48b71cd45c099a,src/compiler/diagnosticMessages.json,8532,8540,17072,297824,298172,59737,59793,timed_out,
JSON,xlarge,microsoft-TypeScript.git,669c25c091ad4d32298d0f33b0e4e681d46de3ea,src/compiler/diagnosticMessages.json,8540,8548,17088,298172,298514,59793,59849,timed_out,
JSON,xlarge,microsoft-TypeScript.git,e018d8ca9eb002e5737b8bb8d6b63b82a5b05c38,tests/baselines/reference/libReplacement(libreplacement=true).trace.json,1094,1107,2201,100466,101690,5463,5528,timed_out,
JSON,xlarge,microsoft-vscode.git,98ad6b67c2a79c2c1d75b99b89e48c7e2d57d6e0,package-lock.json,19153,19153,38306,717969,717969,153597,153597,timed_out,
JSON,xlarge,mozilla-pdf.js.git,81479fe9420052e049ec3912cc32caca14abb98d,package-lock.json,15215,15227,30442,544213,543851,122775,122837,timed_out,
JSON,xlarge,mozilla-pdf.js.git,8fa6ef36e4789d68df1b6f4b5183c1b9eeccaa3b,test/test_manifest.json,13968,13975,27943,321559,321712,102359,102414,timed_out,
JSON,xlarge,n8n-io-n8n.git,f7c36840fb112039ae54423c40f1976dc6cb1f19,packages/frontend/@n8n/i18n/src/locales/en.json,4795,4795,9590,379550,379548,53353,53353,timed_out,
JSON,xlarge,nextcloud-server.git,00125882522dcc8d12986709ce6bf5cdef60b297,package-lock.json,18344,18358,36702,656225,656715,147638,147750,timed_out,
JSON,xlarge,nextcloud-server.git,265ecc1c29aa0c17fc9f10a991fdd2f97270e559,build/frontend-legacy/package-lock.json,20083,20083,40166,731426,731426,162886,162886,timed_out,
JSON,xlarge,nextcloud-server.git,343144118083cb909656fcd085550e5d94d85205,apps/settings/l10n/pt_BR.json,1000,1003,2003,121801,122190,11747,11780,timed_out,
JSON,xlarge,nextcloud-server.git,343144118083cb909656fcd085550e5d94d85205,apps/settings/l10n/tr.json,976,1003,1979,118518,121033,11423,11720,timed_out,
JSON,xlarge,nextcloud-server.git,bff343be2f3c55dbcd6b27a367063728497657d1,package-lock.json,18332,18332,36664,655773,655773,147548,147548,timed_out,
JSON,xlarge,nextcloud-server.git,d758f64a18b14f20a1e5a4ff7dded92f579ddde0,apps/settings/l10n/gl.json,1003,1003,2006,122426,122437,11439,11439,timed_out,
JSON,xlarge,nextcloud-server.git,d758f64a18b14f20a1e5a4ff7dded92f579ddde0,apps/settings/l10n/tr.json,1003,1003,2006,121033,121031,11720,11720,timed_out,
JSON,xlarge,open-webui-open-webui.git,7043751ca48d1ec412e7608ebe7188fd981684cc,src/lib/i18n/locales/zh-TW/translation.json,2026,2042,4068,126073,127046,22465,22641,timed_out,
JSON,xlarge,open-webui-open-webui.git,9044abf3bb78eb6ce139102191b79b98cee654f1,src/lib/i18n/locales/ar/translation.json,2031,2083,4114,121269,122620,21560,22072,timed_out,
JSON,xlarge,open-webui-open-webui.git,9044abf3bb78eb6ce139102191b79b98cee654f1,src/lib/i18n/locales/bg-BG/translation.json,2027,2079,4106,128492,129691,21470,21982,timed_out,
JSON,xlarge,open-webui-open-webui.git,9044abf3bb78eb6ce139102191b79b98cee654f1,src/lib/i18n/locales/ca-ES/translation.json,2028,2080,4108,140914,142391,22534,23045,timed_out,
JSON,xlarge,open-webui-open-webui.git,9044abf3bb78eb6ce139102191b79b98cee654f1,src/lib/i18n/locales/de-DE/translation.json,2027,2079,4106,137333,138781,22535,23046,timed_out,
JSON,xlarge,open-webui-open-webui.git,9044abf3bb78eb6ce139102191b79b98cee654f1,src/lib/i18n/locales/fi-FI/translation.json,2027,2079,4106,132979,134464,22502,23013,timed_out,
JSON,xlarge,open-webui-open-webui.git,9044abf3bb78eb6ce139102191b79b98cee654f1,src/lib/i18n/locales/fr-CA/translation.json,2028,2080,4108,123402,124865,21792,22304,timed_out,
JSON,xlarge,open-webui-open-webui.git,9044abf3bb78eb6ce139102191b79b98cee654f1,src/lib/i18n/locales/ie-GA/translation.json,2027,2079,4106,139991,141395,22407,22918,timed_out,
JSON,xlarge,open-webui-open-webui.git,9044abf3bb78eb6ce139102191b79b98cee654f1,src/lib/i18n/locales/ka-GE/translation.json,2027,2079,4106,140058,141385,21647,22160,timed_out,
JSON,xlarge,open-webui-open-webui.git,9044abf3bb78eb6ce139102191b79b98cee654f1,src/lib/i18n/locales/kab-DZ/translation.json,2027,2079,4106,112381,113864,21919,22431,timed_out,
JSON,xlarge,open-webui-open-webui.git,9044abf3bb78eb6ce139102191b79b98cee654f1,src/lib/i18n/locales/lv-LV/translation.json,2028,2080,4108,134973,136409,22417,22928,timed_out,
JSON,xlarge,open-webui-open-webui.git,9044abf3bb78eb6ce139102191b79b98cee654f1,src/lib/i18n/locales/ru-RU/translation.json,2029,2081,4110,169361,170613,22166,22677,timed_out,
JSON,xlarge,open-webui-open-webui.git,9044abf3bb78eb6ce139102191b79b98cee654f1,src/lib/i18n/locales/tr-TR/translation.json,2027,2079,4106,102604,104079,21545,22057,timed_out,
JSON,xlarge,open-webui-open-webui.git,9044abf3bb78eb6ce139102191b79b98cee654f1,src/lib/i18n/locales/uk-UA/translation.json,2029,2081,4110,135572,136895,21577,22089,timed_out,
JSON,xlarge,open-webui-open-webui.git,9044abf3bb78eb6ce139102191b79b98cee654f1,src/lib/i18n/locales/ur-PK/translation.json,2027,2079,4106,105619,107303,21133,21652,timed_out,
JSON,xlarge,open-webui-open-webui.git,9044abf3bb78eb6ce139102191b79b98cee654f1,src/lib/i18n/locales/vi-VN/translation.json,2026,2078,4104,117059,118534,21571,22083,timed_out,
JSON,xlarge,open-webui-open-webui.git,9044abf3bb78eb6ce139102191b79b98cee654f1,src/lib/i18n/locales/zh-CN/translation.json,2042,2078,4120,127217,128281,22643,22998,timed_out,
JSON,xlarge,prometheus-prometheus.git,decde0b3648ad9ececb868a8b7a3e298db0cbf4b,web/ui/package-lock.json,9587,9587,19174,340949,340949,77107,77107,timed_out,
JSON,xlarge,puppeteer-puppeteer.git,5a327991885ec17b5c9fa95bd4a3b321c1fa4200,website/package-lock.json,18624,18624,37248,707764,707994,148424,148424,timed_out,
JSON,xlarge,puppeteer-puppeteer.git,905f1abbe3742e7610f48a8df3f8f2d61e2bdfd7,website/package-lock.json,18804,18819,37623,715091,715611,149869,149982,timed_out,
JSON,xlarge,shadcn-ui-ui.git,082af1f82c765c482ab7b8b275d42f2abf14ef52,apps/v4/registry/directory.json,870,877,1747,341574,342200,7567,7625,timed_out,
JSON,xlarge,shadcn-ui-ui.git,3aa0f138693afd5322ee8eda99c68c887e93b223,apps/v4/registry/directory.json,884,884,1768,342912,342937,7683,7683,timed_out,
JSON,xlarge,shadcn-ui-ui.git,4069c3367122d25828c359d9532cc589a7104b3c,apps/v4/registry/directory.json,877,884,1761,342163,344463,7625,7683,timed_out,
JSON,xlarge,shadcn-ui-ui.git,474d461b1c269c662d0a3c2a364c0f5b0d13db95,apps/v4/registry/directory.json,919,926,1845,351547,353125,7973,8031,timed_out,
JSON,xlarge,shadcn-ui-ui.git,9c39e1ddc979b32e983d2b7d17296a093519d48a,apps/v4/registry/directory.json,912,919,1831,348183,351547,7915,7973,timed_out,
JSON,xlarge,shadcn-ui-ui.git,f235a5d951b631b4c2a202622482489b5c217ae2,apps/v4/public/r/styles/new-york-v4/registry.json,6712,6730,13442,161299,161799,39482,39602,timed_out,
JSON,xlarge,shadcn-ui-ui.git,f6dc35c9a1c75271119807652e4cc96bba5f273b,apps/v4/registry/directory.json,933,940,1873,354655,355332,8089,8147,timed_out,
JSON,xlarge,sherlock-project-sherlock.git,0995d4d669616cdfe58dafcdf6ea96c2bfa4105f,sherlock_project/resources/data.json,3211,3202,6413,100802,100771,29691,29691,ok,30.502607
JSON,xlarge,sherlock-project-sherlock.git,331b68d909578653eaa8e0445e3794cf0547c268,sherlock_project/resources/data.json,3187,3195,6382,100080,100349,29488,29563,timed_out,
JSON,xlarge,sherlock-project-sherlock.git,8c3e093561084cd7f0dceba49b1d93230fb57eec,sherlock_project/resources/data.json,3187,3194,6381,100080,100274,29488,29552,timed_out,
JSON,xlarge,sherlock-project-sherlock.git,906287b30565b1699d5f4c451397afd7f0c5f380,sherlock_project/resources/data.json,3187,3196,6383,100080,100287,29488,29555,timed_out,
JSON,xlarge,sherlock-project-sherlock.git,91c1964918d398718a90161205446f8c470615e5,sherlock_project/resources/data.json,3181,3187,6368,99891,100080,29435,29488,timed_out,
JSON,xlarge,sherlock-project-sherlock.git,e0002779b442dd025d854908589a20311dd13f6b,sherlock_project/resources/data.json,3251,3271,6522,102224,102817,30126,30307,timed_out,
JSON,xlarge,tauri-apps-tauri.git,0650852d147ae4ac427411c9f4cd5d7f4596b010,crates/tauri-cli/config.schema.json,3846,3846,7692,150077,150126,25808,25808,timed_out,
JSON,xlarge,tauri-apps-tauri.git,0650852d147ae4ac427411c9f4cd5d7f4596b010,crates/tauri-schema-generator/schemas/config.schema.json,3846,3846,7692,150077,150126,25808,25808,timed_out,
JSON,xlarge,tauri-apps-tauri.git,19ded696de4cff0e8d2413772fe760a8efa1d3e3,crates/tauri-schema-generator/schemas/config.schema.json,3846,3846,7692,150276,150276,25808,25808,timed_out,
JSON,xlarge,tauri-apps-tauri.git,4408f72af66c4827799c7fad80e9d9a73a4973a6,crates/tauri-cli/config.schema.json,3846,3846,7692,150092,150092,25808,25808,timed_out,
JSON,xlarge,tauri-apps-tauri.git,51f0fcb69cf969cbb5d47b3d92a914d897919ca0,crates/tauri-schema-generator/schemas/config.schema.json,3846,3846,7692,150126,150274,25808,25808,timed_out,
JSON,xlarge,tauri-apps-tauri.git,8d67af37b6d3fc0aedaab58549b1bca5b34fda19,crates/tauri-cli/config.schema.json,3846,3846,7692,150275,150276,25808,25808,timed_out,
JSON,xlarge,tauri-apps-tauri.git,8d67af37b6d3fc0aedaab58549b1bca5b34fda19,crates/tauri-schema-generator/schemas/config.schema.json,3846,3846,7692,150275,150276,25808,25808,timed_out,
JSON,xlarge,tauri-apps-tauri.git,c37368f339f04d6716888214d1ea3438651e5554,crates/tauri-schema-generator/schemas/config.schema.json,3846,3846,7692,150276,150276,25808,25808,timed_out,
JSON,xlarge,tauri-apps-tauri.git,dcd1a6588948bf42d31ddab94109068605965337,crates/tauri-schema-generator/schemas/config.schema.json,3846,3846,7692,150274,150275,25808,25808,timed_out,
JSON,xlarge,tauri-apps-tauri.git,f2e0405dc2d8bae949de6bb5e479bbf3cde401b6,crates/tauri-schema-generator/schemas/config.schema.json,3846,3846,7692,150076,150076,25808,25808,timed_out,
JSON,xlarge,twbs-bootstrap.git,0458e76ec1e51c3b8edcecfeb43feea58143f36d,package-lock.json,19691,19691,39382,711742,711742,159388,159388,timed_out,
JSON,xlarge,twbs-bootstrap.git,14672e570c370240ff751acfddbaab12ece82d37,package-lock.json,19659,19659,39318,709976,709976,159094,159094,timed_out,
JSON,xlarge,twbs-bootstrap.git,21d19a9a6af9c9fe0c89a285530cb6fcb614c880,package-lock.json,19691,19691,39382,711742,711742,159388,159388,timed_out,
JSON,xlarge,twbs-bootstrap.git,2acf59d89b7cb22707b3ed85932b37528b573cf1,package-lock.json,19572,19572,39144,707459,707459,158494,158494,timed_out,
JSON,xlarge,twbs-bootstrap.git,380a1d738b221fecc964260add053997399be4d4,package-lock.json,19691,19691,39382,711742,711739,159388,159388,timed_out,
JSON,xlarge,twbs-bootstrap.git,3b9a4167acf2a5d4e4b95fcafe2dd0459ef637a8,package-lock.json,19572,19572,39144,707459,707459,158494,158494,timed_out,
JSON,xlarge,twbs-bootstrap.git,3ec3e20440295e71e472053fa0d7cb3810f4e001,package-lock.json,19594,19594,39188,707791,707812,158609,158609,timed_out,
JSON,xlarge,twbs-bootstrap.git,6f4d51f6eaf31adadd2b2e5745f153ce4bb75d0c,package-lock.json,19695,19695,39390,710858,710879,159382,159382,timed_out,
JSON,xlarge,twbs-bootstrap.git,8d9e3d122e07ae3d9e5c600dc638cf6de50090d1,package-lock.json,19667,19667,39334,710727,710711,159188,159188,timed_out,
JSON,xlarge,twbs-bootstrap.git,a484f5a56f805a1fdcf1db8ddd3e9be0ce0df49d,package-lock.json,19656,19667,39323,710250,710727,159096,159188,timed_out,
JSON,xlarge,twbs-bootstrap.git,c38c6cb6c208c9d0ea26db9a558510a49322b312,package-lock.json,19659,19681,39340,709976,710416,159094,159270,timed_out,
JSON,xlarge,twbs-bootstrap.git,c5776857089d117763dce31652ab4ce08e2fe300,package-lock.json,19686,19837,39523,710485,715747,159309,160544,timed_out,
JSON,xlarge,twbs-bootstrap.git,cb79d4726af6eb7e7b67894b61dd0fd676aee721,package-lock.json,19593,19656,39249,708218,710250,158652,159096,timed_out,
JSON,xlarge,twbs-bootstrap.git,cfe66330e85bc967914d9ee4bf2728aba38aaa18,package-lock.json,19655,19656,39311,710413,710485,159113,159124,timed_out,
JSON,xlarge,twbs-bootstrap.git,ddb974aa4a9786a9320e76561e8d1b569b450053,package-lock.json,19575,19595,39170,707514,708210,158514,158661,timed_out,
JSON,xlarge,twbs-bootstrap.git,ec7a45b8f3d3af80b891f8c385bb26f3afab4f8f,package-lock.json,19656,19656,39312,710250,710250,159096,159096,timed_out,
JSON,xlarge,twbs-bootstrap.git,f29a71b1cf0e222d0b712b02bc6aa9a3aa4dee5e,package-lock.json,19837,19837,39674,715747,715747,160544,160544,timed_out,
TSX,large,Lidarr-Lidarr.git,b8121759a76119b9c1d03c0fb94a7d3a51202477,frontend/src/Artist/Index/Table/ArtistIndexRow.tsx,422,421,843,12671,12633,2824,2817,timed_out,
TSX,large,OpenHands-OpenHands.git,5367bef43a9fbe756f79760592ace0e898523410,frontend/__tests__/conversation-websocket-handler.test.tsx,1063,1087,2150,36548,37352,7452,7652,timed_out,
TSX,large,OpenHands-OpenHands.git,5367bef43a9fbe756f79760592ace0e898523410,frontend/src/contexts/conversation-websocket-context.tsx,876,914,1790,30151,31568,5058,5284,timed_out,
TSX,large,OpenHands-OpenHands.git,dcc8217317bc31c530d6a1ff9f719200b630bab6,frontend/src/components/features/settings/api-keys-manager.tsx,358,351,709,10987,10880,2609,2582,timed_out,
TSX,large,OpenHands-OpenHands.git,f93e3254d34561f3ee7ae8db2e0c5b9da91b371e,frontend/__tests__/components/features/chat/plan-preview.test.tsx,430,425,855,13544,13372,3517,3472,timed_out,
TSX,large,OpenHands-OpenHands.git,f93e3254d34561f3ee7ae8db2e0c5b9da91b371e,frontend/src/components/features/chat/chat-interface.tsx,355,348,703,12827,12640,2644,2611,timed_out,
TSX,large,Radarr-Radarr.git,4c007291833246d3ed78e6f396fc7e60cc9ca70c,frontend/src/Settings/MediaManagement/Naming/NamingModal.tsx,487,492,979,15480,15591,3854,3882,timed_out,
TSX,large,Radarr-Radarr.git,576eff18903ca443122d9a0316380e34e6b011c3,frontend/src/Movie/Index/Posters/MovieIndexPoster.tsx,403,427,830,11761,12492,2765,2968,timed_out,
TSX,large,Radarr-Radarr.git,81bbaf8946e7d540acd09856209928cd40f9dc93,frontend/src/Activity/Queue/Queue.tsx,400,400,800,12258,12271,2793,2801,timed_out,
TSX,large,Radarr-Radarr.git,81bbaf8946e7d540acd09856209928cd40f9dc93,frontend/src/Movie/Index/MovieIndex.tsx,412,412,824,13158,13171,2806,2814,timed_out,
TSX,large,Radarr-Radarr.git,abf3fc45579f5635f82d05848ecc126e9596413b,frontend/src/Movie/Index/Posters/MovieIndexPoster.tsx,427,406,833,12492,11823,2968,2777,timed_out,
TSX,large,Radarr-Radarr.git,ef9836d71d79cdefe949c276af4a7604b7e69278,frontend/src/Wanted/CutoffUnmet/CutoffUnmet.tsx,358,389,747,10885,11865,2396,2657,timed_out,
TSX,large,Radarr-Radarr.git,ef9836d71d79cdefe949c276af4a7604b7e69278,frontend/src/Wanted/Missing/Missing.tsx,383,404,787,11512,12193,2543,2722,timed_out,
TSX,large,Radarr-Radarr.git,f28691e48d615eff74ca8411fe04b819de8c09d0,frontend/src/Settings/MediaManagement/Naming/NamingModal.tsx,482,487,969,15377,15480,3826,3854,timed_out,
TSX,large,Sonarr-Sonarr.git,21ca65a0151944a3a46303c7c4d3aa16220a57cd,frontend/src/Settings/Profiles/Quality/EditQualityProfileModalContent.tsx,763,719,1482,23245,21663,5274,4977,timed_out,
TSX,large,Sonarr-Sonarr.git,276e67b5fa5dba1ee55909da3f72335a3a484e49,frontend/src/Series/Details/SeriesDetails.tsx,862,863,1725,27744,27774,5976,5983,timed_out,
TSX,large,Sonarr-Sonarr.git,276e67b5fa5dba1ee55909da3f72335a3a484e49,frontend/src/Series/Index/Table/SeriesIndexRow.tsx,507,508,1015,15082,15116,3339,3346,timed_out,
TSX,large,Sonarr-Sonarr.git,2d071eca9bca1128620e0dfa89f7901285bcce5b,frontend/src/Activity/Queue/Queue.tsx,413,410,823,12350,12217,2872,2848,timed_out,
TSX,large,Sonarr-Sonarr.git,399ca1661fccfd38723caf4ec79f8775751426ac,frontend/src/InteractiveImport/Interactive/InteractiveImportModalContent.tsx,1067,1068,2135,28911,28937,6761,6769,timed_out,
TSX,large,Sonarr-Sonarr.git,52ce33a97a6d0aac243791f846d95f4ebf76d5a6,frontend/src/InteractiveImport/Interactive/InteractiveImportModalContent.tsx,1068,1076,2144,28937,29162,6769,6832,timed_out,
TSX,large,Sonarr-Sonarr.git,54dafdb8d34cc946c03b572cc253f1532e7eaa64,frontend/src/Series/Index/SeriesIndex.tsx,351,361,712,11746,12011,2481,2545,timed_out,
TSX,large,Sonarr-Sonarr.git,5d29c16bf38d2265a6378175f76ac72ce6cd2650,frontend/src/InteractiveSearch/InteractiveSearchRow.tsx,380,380,760,10810,10810,2445,2445,timed_out,
TSX,large,Sonarr-Sonarr.git,677c588a3b7235ce4cbc37c3015512c03b31a66f,frontend/src/Settings/MediaManagement/MediaManagement.tsx,675,690,1365,23323,23634,4444,4550,timed_out,
TSX,large,Sonarr-Sonarr.git,677c588a3b7235ce4cbc37c3015512c03b31a66f,frontend/src/Settings/MediaManagement/Naming/Naming.tsx,525,518,1043,17099,16739,3874,3749,timed_out,
TSX,large,Sonarr-Sonarr.git,677c588a3b7235ce4cbc37c3015512c03b31a66f,frontend/src/Settings/MediaManagement/Naming/NamingModal.tsx,677,677,1354,20823,20831,4982,4986,timed_out,
TSX,large,Sonarr-Sonarr.git,74e6ce4305a70dac5db30c2b778a101b9a3b8552,frontend/src/Activity/Queue/QueueRow.tsx,420,418,838,12784,12703,2844,2829,timed_out,
TSX,large,Sonarr-Sonarr.git,74e6ce4305a70dac5db30c2b778a101b9a3b8552,frontend/src/InteractiveSearch/InteractiveSearchRow.tsx,383,380,763,10895,10810,2460,2445,timed_out,
TSX,large,Sonarr-Sonarr.git,7e7023800556864806eec4c73ca71e1f8235723b,frontend/src/Settings/ImportLists/ImportLists/EditImportListModalContent.tsx,350,350,700,11021,11018,2253,2257,timed_out,
TSX,large,Sonarr-Sonarr.git,7e7023800556864806eec4c73ca71e1f8235723b,frontend/src/Settings/MediaManagement/MediaManagement.tsx,675,675,1350,23326,23323,4440,4444,timed_out,
TSX,large,Sonarr-Sonarr.git,7e7023800556864806eec4c73ca71e1f8235723b,frontend/src/Settings/MediaManagement/Naming/Naming.tsx,526,525,1051,17095,17099,3874,3874,timed_out,
TSX,large,Sonarr-Sonarr.git,ae13ce4ac6df6851db1740471761783adb35b182,frontend/src/Components/Page/Header/SeriesSearchInput.tsx,449,453,902,10652,10715,3025,3046,timed_out,
TSX,large,Sonarr-Sonarr.git,bbb4c6714c9ad7f51d738e3e1b839c31f559b778,frontend/src/Settings/MediaManagement/MediaManagement.tsx,690,678,1368,23634,23269,4550,4428,timed_out,
TSX,large,Sonarr-Sonarr.git,cf593b1f5d1441a31cb74e5d3ee43a2b4aae21b7,frontend/src/Components/SignalRListener.tsx,520,523,1043,12597,12606,3738,3750,timed_out,
TSX,large,Sonarr-Sonarr.git,e8020b7289ed567aaa327142ab0014697e069efc,frontend/src/Series/Index/SeriesIndex.tsx,361,358,719,12011,11967,2545,2542,timed_out,
TSX,large,apache-superset.git,7f280f5de901e58eaf800b456b96509c50fb7cbf,superset-frontend/src/components/Datasource/FoldersEditor/FoldersEditor.test.tsx,609,881,1490,17775,25217,4661,6598,timed_out,
TSX,large,apache-superset.git,7f280f5de901e58eaf800b456b96509c50fb7cbf,superset-frontend/src/components/Datasource/FoldersEditor/index.tsx,539,684,1223,16692,22046,4003,5113,timed_out,
TSX,large,excalidraw-excalidraw.git,019ce4c52cc82fe654d7e92c2672843c8ff57c96,packages/excalidraw/components/LayerUI.tsx,683,677,1360,22635,22595,4764,4762,ok,12.192998
TSX,large,excalidraw-excalidraw.git,063533aede8365bf18b8f08ec949a1e93697c17d,packages/excalidraw/components/Actions.tsx,1340,1340,2680,40932,40916,10161,10162,timed_out,
TSX,large,excalidraw-excalidraw.git,063533aede8365bf18b8f08ec949a1e93697c17d,packages/excalidraw/components/ColorPicker/ColorPicker.tsx,364,364,728,10407,10391,2436,2437,timed_out,
TSX,large,excalidraw-excalidraw.git,063533aede8365bf18b8f08ec949a1e93697c17d,packages/excalidraw/components/FontPicker/FontPickerList.tsx,368,403,771,10490,11554,2627,2879,timed_out,
TSX,large,excalidraw-excalidraw.git,063533aede8365bf18b8f08ec949a1e93697c17d,packages/excalidraw/components/MobileToolBar.tsx,484,485,969,14490,14498,3880,3880,timed_out,
TSX,large,excalidraw-excalidraw.git,063533aede8365bf18b8f08ec949a1e93697c17d,packages/excalidraw/components/icons.tsx,2398,2410,4808,84941,85297,19704,19810,ok,5.2422629999999995
TSX,large,excalidraw-excalidraw.git,063533aede8365bf18b8f08ec949a1e93697c17d,packages/excalidraw/components/main-menu/DefaultItems.tsx,395,399,794,10327,10393,2933,2942,timed_out,
TSX,large,excalidraw-excalidraw.git,063533aede8365bf18b8f08ec949a1e93697c17d,packages/excalidraw/wysiwyg/textWysiwyg.test.tsx,1725,1724,3449,52655,52654,17129,17129,ok,4.946669
TSX,large,excalidraw-excalidraw.git,24a69418615196827688d7c495450740ba5c7a40,packages/excalidraw/tests/library.test.tsx,379,380,759,10256,10288,3412,3386,timed_out,
TSX,large,excalidraw-excalidraw.git,28691e14b1199d9e2890fa6410f26c61e62c021e,packages/excalidraw/wysiwyg/textWysiwyg.tsx,762,765,1527,23976,24105,5465,5494,timed_out,
TSX,large,excalidraw-excalidraw.git,3a5ef4020d7515f34c96d179b631911bb8ef8a9f,packages/excalidraw/components/icons.tsx,2410,2427,4837,85297,85827,19810,19967,ok,5.9906559999999995
TSX,large,excalidraw-excalidraw.git,3a5ef4020d7515f34c96d179b631911bb8ef8a9f,packages/excalidraw/components/main-menu/DefaultItems.tsx,399,556,955,10393,15029,2942,4081,timed_out,
TSX,large,excalidraw-excalidraw.git,3b97f5a10cc576cbe7863a2e4772203ebb13b606,excalidraw-app/components/DebugCanvas.tsx,523,567,1090,12189,13171,3622,4009,timed_out,
TSX,large,excalidraw-excalidraw.git,47cbb5b6fbeba23fbdfb72729159d723f1176746,excalidraw-app/App.tsx,1167,1171,2338,36150,36271,8029,8050,timed_out,
TSX,large,excalidraw-excalidraw.git,47cbb5b6fbeba23fbdfb72729159d723f1176746,packages/excalidraw/actions/actionCanvas.tsx,605,604,1209,17173,17112,4615,4599,timed_out,
TSX,large,excalidraw-excalidraw.git,47cbb5b6fbeba23fbdfb72729159d723f1176746,packages/excalidraw/actions/actionDeleteSelected.tsx,341,346,687,9887,10004,2351,2381,timed_out,
TSX,large,excalidraw-excalidraw.git,47cbb5b6fbeba23fbdfb72729159d723f1176746,packages/excalidraw/actions/actionProperties.tsx,1886,1897,3783,56532,56635,12385,12400,ok,6.975758
TSX,large,excalidraw-excalidraw.git,47cbb5b6fbeba23fbdfb72729159d723f1176746,packages/excalidraw/components/Actions.tsx,1314,1323,2637,40348,40569,10051,10058,timed_out,
TSX,large,excalidraw-excalidraw.git,47cbb5b6fbeba23fbdfb72729159d723f1176746,packages/excalidraw/components/ColorPicker/ColorPicker.tsx,391,385,776,11101,10943,2624,2583,timed_out,
TSX,large,excalidraw-excalidraw.git,47cbb5b6fbeba23fbdfb72729159d723f1176746,packages/excalidraw/components/CommandPalette/CommandPalette.tsx,1049,1049,2098,30539,30578,7680,7683,timed_out,
TSX,large,excalidraw-excalidraw.git,47cbb5b6fbeba23fbdfb72729159d723f1176746,packages/excalidraw/components/FontPicker/FontPickerList.tsx,360,366,726,10387,10456,2615,2624,timed_out,
TSX,large,excalidraw-excalidraw.git,47cbb5b6fbeba23fbdfb72729159d723f1176746,packages/excalidraw/components/LayerUI.tsx,682,688,1370,22597,22804,4811,4805,timed_out,
TSX,large,excalidraw-excalidraw.git,47cbb5b6fbeba23fbdfb72729159d723f1176746,packages/excalidraw/components/LibraryMenuItems.tsx,445,445,890,13331,13373,3228,3229,timed_out,
TSX,large,excalidraw-excalidraw.git,47cbb5b6fbeba23fbdfb72729159d723f1176746,packages/excalidraw/components/hyperlink/Hyperlink.tsx,495,495,990,13853,13914,3621,3621,timed_out,
TSX,large,excalidraw-excalidraw.git,47cbb5b6fbeba23fbdfb72729159d723f1176746,packages/excalidraw/tests/regressionTests.test.tsx,1192,1198,2390,33076,33125,12353,12357,timed_out,
TSX,large,excalidraw-excalidraw.git,47cbb5b6fbeba23fbdfb72729159d723f1176746,packages/excalidraw/wysiwyg/textWysiwyg.test.tsx,1669,1665,3334,51157,51029,16673,16645,timed_out,
TSX,large,excalidraw-excalidraw.git,5bcd8280c97c97b95f4fd268dbd4ff3d7905f87b,excalidraw-app/App.tsx,1171,1183,2354,36282,36665,8050,8119,ok,6.010794
TSX,large,excalidraw-excalidraw.git,5bcd8280c97c97b95f4fd268dbd4ff3d7905f87b,packages/excalidraw/components/LayerUI.tsx,688,683,1371,22804,22636,4805,4764,timed_out,
TSX,large,excalidraw-excalidraw.git,5bcd8280c97c97b95f4fd268dbd4ff3d7905f87b,packages/excalidraw/components/icons.tsx,2337,2375,4712,83146,84332,19143,19481,ok,5.463306
TSX,large,excalidraw-excalidraw.git,5fffc4743fecb89eeb549c8cf4fb4b9ffd05c703,packages/excalidraw/components/Actions.tsx,1311,1314,2625,40259,40348,10027,10051,timed_out,
TSX,large,excalidraw-excalidraw.git,5fffc4743fecb89eeb549c8cf4fb4b9ffd05c703,packages/excalidraw/components/ColorPicker/ColorPicker.tsx,390,391,781,11062,11101,2612,2624,timed_out,
TSX,large,excalidraw-excalidraw.git,5fffc4743fecb89eeb549c8cf4fb4b9ffd05c703,packages/excalidraw/components/CommandPalette/CommandPalette.tsx,1045,1048,2093,30508,30490,7677,7669,timed_out,
TSX,large,excalidraw-excalidraw.git,5fffc4743fecb89eeb549c8cf4fb4b9ffd05c703,packages/excalidraw/components/MobileToolBar.tsx,471,474,945,14247,14336,3814,3838,timed_out,
TSX,large,excalidraw-excalidraw.git,60b275880da7d1eb7dff3782e8d491188790597a,packages/excalidraw/actions/actionCanvas.tsx,605,604,1209,17163,17120,4621,4613,timed_out,
TSX,large,excalidraw-excalidraw.git,60b275880da7d1eb7dff3782e8d491188790597a,packages/excalidraw/components/LayerUI.tsx,668,668,1336,22204,22215,4685,4693,timed_out,
TSX,large,excalidraw-excalidraw.git,63e1148280163a36326b7efb5fdfeefebabdb3e4,packages/excalidraw/components/ColorPicker/ColorPicker.tsx,385,363,748,10943,10405,2583,2436,timed_out,
TSX,large,excalidraw-excalidraw.git,63e1148280163a36326b7efb5fdfeefebabdb3e4,packages/excalidraw/components/ImageExportDialog.tsx,410,405,815,11849,11669,2626,2580,timed_out,
TSX,large,excalidraw-excalidraw.git,63e1148280163a36326b7efb5fdfeefebabdb3e4,packages/excalidraw/wysiwyg/textWysiwyg.tsx,746,750,1496,23551,23664,5360,5380,timed_out,
TSX,large,excalidraw-excalidraw.git,6a891365b968ffa2b54b1d03be06674cb2757ea1,packages/excalidraw/actions/actionFinalize.tsx,365,369,734,11224,11480,2448,2501,timed_out,
TSX,large,excalidraw-excalidraw.git,6c908553a9cbd2e50bfabc49bc6045c5ba97d702,excalidraw-app/App.tsx,1183,1215,2398,36638,37625,8100,8238,timed_out,
TSX,large,excalidraw-excalidraw.git,6c908553a9cbd2e50bfabc49bc6045c5ba97d702,excalidraw-app/collab/Collab.tsx,1032,1049,2081,30678,31221,7527,7587,timed_out,
TSX,large,excalidraw-excalidraw.git,6ebf52279dbf5173c3c4bca0af52c4e222acd6b4,packages/excalidraw/actions/actionFinalize.tsx,362,365,727,11136,11224,2437,2448,timed_out,
TSX,large,excalidraw-excalidraw.git,7da176ff7d13aa16b23195a343689df7cd3372be,packages/element/tests/binding.test.tsx,478,476,954,12923,12911,4325,4293,timed_out,
TSX,large,excalidraw-excalidraw.git,8013eb5e1628293ee671e431c52184dc576fe293,packages/excalidraw/actions/actionCanvas.tsx,605,605,1210,17145,17173,4604,4615,timed_out,
TSX,large,excalidraw-excalidraw.git,8013eb5e1628293ee671e431c52184dc576fe293,packages/excalidraw/actions/actionProperties.tsx,1885,1886,3771,56503,56532,12374,12385,ok,6.193657
TSX,large,excalidraw-excalidraw.git,8013eb5e1628293ee671e431c52184dc576fe293,packages/excalidraw/components/CommandPalette/CommandPalette.tsx,1048,1049,2097,30490,30539,7669,7680,timed_out,
TSX,large,excalidraw-excalidraw.git,8013eb5e1628293ee671e431c52184dc576fe293,packages/excalidraw/components/HelpDialog.tsx,513,514,1027,16494,16524,4580,4591,timed_out,
TSX,large,excalidraw-excalidraw.git,83d3943cd0973aa2fe6dc843a730bcb50e8a26ec,packages/element/tests/linearElementEditor.test.tsx,1539,1539,3078,47135,47135,13047,13047,timed_out,
TSX,large,excalidraw-excalidraw.git,83d3943cd0973aa2fe6dc843a730bcb50e8a26ec,packages/element/tests/resize.test.tsx,1365,1365,2730,42023,42022,15131,15131,timed_out,
TSX,large,excalidraw-excalidraw.git,859207b8bca11149047efdb8b5b5b3cb6cb87e99,excalidraw-app/collab/Collab.tsx,1029,1032,2061,30607,30678,7516,7527,timed_out,
TSX,large,excalidraw-excalidraw.git,89a9badc27d30947882be7f2d6230d95141dd18b,packages/excalidraw/actions/actionProperties.tsx,1972,1974,3946,59060,59172,12876,12900,timed_out,
TSX,large,excalidraw-excalidraw.git,8d18078f5c719166c30eb373312c130664a56ffe,packages/element/tests/binding.test.tsx,696,697,1393,20306,20332,6564,6577,timed_out,
TSX,large,excalidraw-excalidraw.git,8d18078f5c719166c30eb373312c130664a56ffe,packages/excalidraw/tests/regressionTests.test.tsx,1197,1200,2397,33092,33182,12343,12394,timed_out,
TSX,large,excalidraw-excalidraw.git,8d18078f5c719166c30eb373312c130664a56ffe,packages/excalidraw/tests/selection.test.tsx,544,558,1102,15556,16283,5243,5558,timed_out,
TSX,large,excalidraw-excalidraw.git,8d8f69662877a3b7a9d11869392efa778235b785,packages/excalidraw/actions/actionBoundText.tsx,336,339,675,10499,10597,2492,2516,timed_out,
TSX,large,excalidraw-excalidraw.git,8fb16669ab913b7618c6e55a4aba18275fabd1bb,excalidraw-app/App.tsx,1183,1183,2366,36665,36638,8119,8100,timed_out,
TSX,large,excalidraw-excalidraw.git,8fb16669ab913b7618c6e55a4aba18275fabd1bb,excalidraw-app/components/DebugCanvas.tsx,340,529,869,8018,12371,2486,3623,timed_out,
TSX,large,excalidraw-excalidraw.git,a0b98a944f1ddedba090b8a6908ff38b9132177e,packages/excalidraw/components/CommandPalette/CommandPalette.tsx,1049,1049,2098,30582,30600,7687,7687,timed_out,
TSX,large,excalidraw-excalidraw.git,a0b98a944f1ddedba090b8a6908ff38b9132177e,packages/excalidraw/components/TTDDialog/TTDDialog.tsx,401,121,522,13048,3589,2861,932,timed_out,
TSX,large,excalidraw-excalidraw.git,a0b98a944f1ddedba090b8a6908ff38b9132177e,packages/excalidraw/components/icons.tsx,2374,2398,4772,84301,84941,19471,19704,ok,219.196274
TSX,large,excalidraw-excalidraw.git,a70417f23f5985e3ed2a678c3cd25bffb23b1cff,packages/element/tests/resize.test.tsx,1365,1365,2730,42022,42043,15131,15131,timed_out,
TSX,large,excalidraw-excalidraw.git,a70417f23f5985e3ed2a678c3cd25bffb23b1cff,packages/excalidraw/actions/actionFinalize.tsx,369,368,737,11480,11479,2501,2501,ok,0.550887
TSX,large,excalidraw-excalidraw.git,a70417f23f5985e3ed2a678c3cd25bffb23b1cff,packages/excalidraw/components/Stats/stats.test.tsx,911,910,1821,25158,25157,8965,8965,ok,2.277248
TSX,large,excalidraw-excalidraw.git,acf54c6f3846bea889e9acc5b6144bec4ee3016c,packages/excalidraw/components/Actions.tsx,1340,1340,2680,40924,40932,10155,10161,timed_out,
TSX,large,excalidraw-excalidraw.git,acf54c6f3846bea889e9acc5b6144bec4ee3016c,packages/excalidraw/components/FontPicker/FontPickerList.tsx,366,368,734,10456,10490,2624,2627,timed_out,
TSX,large,excalidraw-excalidraw.git,b552c6071417d731874c43e38d41dc6f76409fc9,packages/element/tests/linearElementEditor.test.tsx,1539,1539,3078,47134,47135,13047,13047,timed_out,
TSX,large,excalidraw-excalidraw.git,b552c6071417d731874c43e38d41dc6f76409fc9,packages/excalidraw/components/Stats/stats.test.tsx,910,911,1821,25157,25158,8965,8965,timed_out,
TSX,large,excalidraw-excalidraw.git,b9a255407fc5e68893016de56057614da26df50c,packages/excalidraw/components/ColorPicker/ColorPicker.tsx,363,364,727,10405,10407,2436,2436,timed_out,
TSX,large,excalidraw-excalidraw.git,b9a255407fc5e68893016de56057614da26df50c,packages/excalidraw/components/PublishLibrary.tsx,542,541,1083,15938,15868,4258,4240,timed_out,
TSX,large,excalidraw-excalidraw.git,b9a255407fc5e68893016de56057614da26df50c,packages/excalidraw/components/icons.tsx,2375,2374,4749,84332,84301,19481,19471,ok,6.6293239999999996
TSX,large,excalidraw-excalidraw.git,b9a255407fc5e68893016de56057614da26df50c,packages/excalidraw/wysiwyg/textWysiwyg.test.tsx,1725,1725,3450,52668,52655,17143,17129,timed_out,
TSX,large,excalidraw-excalidraw.git,bf4c65f4835f5ce13d0c807797b849ad5d6b0121,packages/excalidraw/actions/actionFinalize.tsx,352,354,706,10923,11017,2413,2426,timed_out,
TSX,large,excalidraw-excalidraw.git,c141960ada4869ee6a3bb8a665e75c0c18ad7f19,excalidraw-app/components/DebugCanvas.tsx,529,523,1052,12371,12189,3623,3622,timed_out,
TSX,large,excalidraw-excalidraw.git,c141960ada4869ee6a3bb8a665e75c0c18ad7f19,packages/element/tests/binding.test.tsx,476,696,1172,12911,20306,4293,6564,timed_out,
TSX,large,excalidraw-excalidraw.git,c141960ada4869ee6a3bb8a665e75c0c18ad7f19,packages/element/tests/duplicate.test.tsx,849,842,1691,23276,23186,7808,7794,timed_out,
TSX,large,excalidraw-excalidraw.git,c141960ada4869ee6a3bb8a665e75c0c18ad7f19,packages/element/tests/linearElementEditor.test.tsx,1538,1539,3077,47050,47134,13019,13047,timed_out,
TSX,large,excalidraw-excalidraw.git,c141960ada4869ee6a3bb8a665e75c0c18ad7f19,packages/element/tests/resize.test.tsx,1353,1365,2718,41460,42053,16576,15142,timed_out,
TSX,large,excalidraw-excalidraw.git,c141960ada4869ee6a3bb8a665e75c0c18ad7f19,packages/excalidraw/actions/actionCanvas.tsx,604,605,1209,17112,17163,4599,4621,timed_out,
TSX,large,excalidraw-excalidraw.git,c141960ada4869ee6a3bb8a665e75c0c18ad7f19,packages/excalidraw/actions/actionDeleteSelected.tsx,346,329,675,10004,9475,2381,2318,timed_out,
TSX,large,excalidraw-excalidraw.git,c141960ada4869ee6a3bb8a665e75c0c18ad7f19,packages/excalidraw/actions/actionFinalize.tsx,329,352,681,10023,10923,2288,2413,timed_out,
TSX,large,excalidraw-excalidraw.git,c141960ada4869ee6a3bb8a665e75c0c18ad7f19,packages/excalidraw/actions/actionProperties.tsx,1897,1971,3868,56635,59002,12400,12861,timed_out,
TSX,large,excalidraw-excalidraw.git,c141960ada4869ee6a3bb8a665e75c0c18ad7f19,packages/excalidraw/components/CommandPalette/CommandPalette.tsx,1049,1049,2098,30578,30582,7683,7687,timed_out,
TSX,large,excalidraw-excalidraw.git,c141960ada4869ee6a3bb8a665e75c0c18ad7f19,packages/excalidraw/components/ConvertElementTypePopup.tsx,939,939,1878,25302,25313,6529,6534,timed_out,
TSX,large,excalidraw-excalidraw.git,c141960ada4869ee6a3bb8a665e75c0c18ad7f19,packages/excalidraw/components/LayerUI.tsx,683,683,1366,22636,22635,4764,4764,ok,8.214959
TSX,large,excalidraw-excalidraw.git,c141960ada4869ee6a3bb8a665e75c0c18ad7f19,packages/excalidraw/components/Stats/MultiDimension.tsx,484,482,966,13415,13341,3198,3172,timed_out,
TSX,large,excalidraw-excalidraw.git,c141960ada4869ee6a3bb8a665e75c0c18ad7f19,packages/excalidraw/components/Stats/index.tsx,445,443,888,14662,14550,3177,3158,timed_out,
TSX,large,excalidraw-excalidraw.git,c141960ada4869ee6a3bb8a665e75c0c18ad7f19,packages/excalidraw/components/Stats/stats.test.tsx,932,910,1842,25965,25157,9234,8965,timed_out,
TSX,large,excalidraw-excalidraw.git,c141960ada4869ee6a3bb8a665e75c0c18ad7f19,packages/excalidraw/tests/dragCreate.test.tsx,360,360,720,11562,11562,3812,3812,timed_out,
TSX,large,excalidraw-excalidraw.git,c141960ada4869ee6a3bb8a665e75c0c18ad7f19,packages/excalidraw/tests/lasso.test.tsx,1813,1804,3617,55129,54811,12852,12807,timed_out,
TSX,large,excalidraw-excalidraw.git,c141960ada4869ee6a3bb8a665e75c0c18ad7f19,packages/excalidraw/tests/library.test.tsx,380,379,759,10268,10256,3416,3412,timed_out,
TSX,large,excalidraw-excalidraw.git,c141960ada4869ee6a3bb8a665e75c0c18ad7f19,packages/excalidraw/tests/regressionTests.test.tsx,1198,1197,2395,33125,33092,12357,12343,timed_out,
TSX,large,excalidraw-excalidraw.git,c141960ada4869ee6a3bb8a665e75c0c18ad7f19,packages/excalidraw/tests/selection.test.tsx,539,544,1083,15495,15556,5234,5243,timed_out,
TSX,large,excalidraw-excalidraw.git,c1e00c44f57841b18ea14bde30b8d1f5aff95c7e,packages/excalidraw/actions/actionProperties.tsx,1974,1974,3948,59172,59188,12900,12910,timed_out,
TSX,large,excalidraw-excalidraw.git,c1e00c44f57841b18ea14bde30b8d1f5aff95c7e,packages/excalidraw/components/icons.tsx,2427,2435,4862,85827,86018,19967,20018,ok,35.59678
TSX,large,excalidraw-excalidraw.git,c99e81678bd13eb34c4f027472e8cd0b4121ba4d,excalidraw-app/App.tsx,1171,1171,2342,36271,36282,8050,8050,timed_out,
TSX,large,excalidraw-excalidraw.git,c99e81678bd13eb34c4f027472e8cd0b4121ba4d,packages/excalidraw/components/Actions.tsx,1323,1340,2663,40569,40924,10058,10155,timed_out,
TSX,large,excalidraw-excalidraw.git,c99e81678bd13eb34c4f027472e8cd0b4121ba4d,packages/excalidraw/components/MobileToolBar.tsx,474,484,958,14336,14490,3838,3880,timed_out,
TSX,large,excalidraw-excalidraw.git,c99e81678bd13eb34c4f027472e8cd0b4121ba4d,packages/excalidraw/components/icons.tsx,2328,2337,4665,82891,83146,19064,19143,ok,9.249818999999999
TSX,large,excalidraw-excalidraw.git,cc6c29c0b9298653301a0d18b9c6511730e0b480,packages/excalidraw/wysiwyg/textWysiwyg.test.tsx,1665,1725,3390,51029,52668,16645,17143,timed_out,
TSX,large,excalidraw-excalidraw.git,cc6c29c0b9298653301a0d18b9c6511730e0b480,packages/excalidraw/wysiwyg/textWysiwyg.tsx,750,762,1512,23664,23976,5380,5465,timed_out,
TSX,large,excalidraw-excalidraw.git,d080833f4d359e808cd12acdc7dd1c9187c956e5,excalidraw-app/collab/Collab.tsx,1029,1029,2058,30581,30607,7506,7516,timed_out,
TSX,large,excalidraw-excalidraw.git,d87620b23907cef9a119c758124569b5f44991a4,packages/element/tests/resize.test.tsx,1365,1365,2730,42053,42023,15142,15131,timed_out,
TSX,large,excalidraw-excalidraw.git,dfdd994dbbefc0562c0c5e42f267f23ae8d9d62d,packages/element/tests/linearElementEditor.test.tsx,1539,1539,3078,47134,47134,13047,13047,timed_out,
TSX,large,excalidraw-excalidraw.git,e95222ed323d45adf2183bae835c9fb6708e7029,packages/excalidraw/actions/actionProperties.tsx,1971,1972,3943,59002,59060,12861,12876,timed_out,
TSX,large,excalidraw-excalidraw.git,eb959128ac1543e7f6ea1c4f1935b9899a3e1b9b,packages/excalidraw/components/Actions.tsx,1340,1344,2684,40916,41046,10162,10185,timed_out,
TSX,large,excalidraw-excalidraw.git,eb959128ac1543e7f6ea1c4f1935b9899a3e1b9b,packages/excalidraw/components/LayerUI.tsx,677,668,1345,22595,22204,4762,4685,ok,5.443411
TSX,large,excalidraw-excalidraw.git,eb959128ac1543e7f6ea1c4f1935b9899a3e1b9b,packages/excalidraw/tests/selection.test.tsx,558,560,1118,16283,16340,5558,5576,timed_out,
TSX,large,excalidraw-excalidraw.git,f06484c6ab72ce7c399f0cf73cda46b3fc7b82ab,packages/excalidraw/actions/actionFinalize.tsx,354,362,716,11017,11136,2426,2437,timed_out,
TSX,large,excalidraw-excalidraw.git,f5cf81ce42276ef8148b7cd951274025648476b8,packages/excalidraw/wysiwyg/textWysiwyg.tsx,765,821,1586,24105,25967,5494,5793,timed_out,
TSX,large,grafana-grafana.git,02c930f44c06032e35b72fb7d9c151a2b3d93145,public/app/features/dashboard-scene/scene/DashboardDatasourceBehaviour.test.tsx,1323,1327,2650,40461,40772,10540,10544,timed_out,
TSX,large,grafana-grafana.git,08f6193097a2ba55eeeb4730fbe632341cce3907,public/app/features/dashboard/dashgrid/DashboardLibrary/TemplateDashboardModal.test.tsx,324,291,615,12232,11237,3364,3108,timed_out,
TSX,large,grafana-grafana.git,611e97fdf983ccad4c6648118ff8909a2d9cc94a,public/app/features/dashboard-scene/panel-edit/PanelEditNext/QueryEditor/Header/ContentHeader.tsx,311,325,636,10397,10829,2310,2402,timed_out,
TSX,large,langflow-ai-langflow.git,0283f5d7e1c56c06e5786128f4b034a3ab3b15e6,src/frontend/src/components/core/parameterRenderComponent/components/accordionPromptComponent/index.tsx,487,655,1142,15768,21175,3481,4551,timed_out,
TSX,large,langflow-ai-langflow.git,0283f5d7e1c56c06e5786128f4b034a3ab3b15e6,src/frontend/src/components/core/parameterRenderComponent/components/inputFileComponent/index.tsx,333,348,681,12039,12624,2743,2831,timed_out,
TSX,large,langflow-ai-langflow.git,0283f5d7e1c56c06e5786128f4b034a3ab3b15e6,src/frontend/src/components/core/parameterRenderComponent/index.tsx,338,346,684,11141,11440,2441,2508,timed_out,
TSX,large,langflow-ai-langflow.git,0283f5d7e1c56c06e5786128f4b034a3ab3b15e6,src/frontend/src/modals/userManagementModal/index.tsx,302,317,619,10856,11574,2407,2507,timed_out,
TSX,large,langflow-ai-langflow.git,0283f5d7e1c56c06e5786128f4b034a3ab3b15e6,src/frontend/src/pages/AdminPage/index.tsx,503,511,1014,17939,18465,3589,3658,timed_out,
TSX,large,langflow-ai-langflow.git,0283f5d7e1c56c06e5786128f4b034a3ab3b15e6,src/frontend/src/pages/FlowPage/components/InspectionPanel/__tests__/InspectionPanelEditField.test.tsx,329,334,663,10638,11192,3298,3355,timed_out,
TSX,large,langflow-ai-langflow.git,0283f5d7e1c56c06e5786128f4b034a3ab3b15e6,src/frontend/src/pages/MainPage/pages/homePage/index.tsx,377,361,738,13731,12970,3345,3280,timed_out,
TSX,large,langflow-ai-langflow.git,126c037aa01eab003d0a90f0e0b54ca1765baed0,src/frontend/src/pages/FlowPage/components/nodeToolbarComponent/index.tsx,803,810,1613,26444,26697,6146,6178,timed_out,
TSX,large,langflow-ai-langflow.git,126c037aa01eab003d0a90f0e0b54ca1765baed0,src/frontend/src/pages/FlowPage/index.tsx,217,306,523,6777,10003,1855,2364,timed_out,
TSX,large,langflow-ai-langflow.git,22607cc081976239ad6f3a708ec3e943458893c9,src/frontend/src/CustomNodes/GenericNode/components/NodeOutputfield/index.tsx,460,464,924,13662,13706,3532,3532,ok,0.669904
TSX,large,langflow-ai-langflow.git,22607cc081976239ad6f3a708ec3e943458893c9,src/frontend/src/CustomNodes/GenericNode/index.tsx,673,685,1358,22676,23074,5278,5340,timed_out,
TSX,large,langflow-ai-langflow.git,22607cc081976239ad6f3a708ec3e943458893c9,src/frontend/src/components/core/dropdownComponent/index.tsx,690,693,1383,23519,23588,4925,4933,timed_out,
TSX,large,langflow-ai-langflow.git,22607cc081976239ad6f3a708ec3e943458893c9,src/frontend/src/components/core/parameterRenderComponent/components/TableNodeComponent/index.tsx,312,317,629,9936,10013,2817,2841,timed_out,
TSX,large,langflow-ai-langflow.git,22607cc081976239ad6f3a708ec3e943458893c9,src/frontend/src/components/core/parameterRenderComponent/components/inputComponent/components/popover/index.tsx,379,380,759,10848,10936,2657,2672,timed_out,
TSX,large,langflow-ai-langflow.git,22607cc081976239ad6f3a708ec3e943458893c9,src/frontend/src/components/core/parameterRenderComponent/components/modelInputComponent/index.tsx,461,475,936,14911,15197,3046,3098,timed_out,
TSX,large,langflow-ai-langflow.git,22607cc081976239ad6f3a708ec3e943458893c9,src/frontend/src/components/core/parameterRenderComponent/components/sliderComponent/index.tsx,321,326,647,10483,10560,2616,2640,timed_out,
TSX,large,langflow-ai-langflow.git,22607cc081976239ad6f3a708ec3e943458893c9,src/frontend/src/components/core/parameterRenderComponent/index.tsx,323,338,661,10593,11141,2332,2441,timed_out,
TSX,large,langflow-ai-langflow.git,22607cc081976239ad6f3a708ec3e943458893c9,src/frontend/src/pages/FlowPage/components/PageComponent/index.tsx,843,881,1724,26871,28152,7124,7399,timed_out,
TSX,large,langflow-ai-langflow.git,22607cc081976239ad6f3a708ec3e943458893c9,src/frontend/src/pages/FlowPage/components/nodeToolbarComponent/__tests__/minimal-condition.test.tsx,364,364,728,10840,10868,3095,3095,timed_out,
TSX,large,langflow-ai-langflow.git,22607cc081976239ad6f3a708ec3e943458893c9,src/frontend/src/pages/FlowPage/components/nodeToolbarComponent/index.tsx,810,819,1629,26697,27127,6178,6287,timed_out,
TSX,large,langflow-ai-langflow.git,2a2ab0c1783985ef6d180d07e6a62a5d003717f7,src/frontend/src/controllers/API/api.tsx,352,368,720,10493,11036,2681,2794,timed_out,
TSX,large,langflow-ai-langflow.git,2f4b7d6b2e8729e8c82b55c49c86426825deecd2,src/frontend/src/components/core/parameterRenderComponent/index.tsx,322,323,645,10491,10593,2307,2332,timed_out,
TSX,large,langflow-ai-langflow.git,37a31a0bf99f379f24fb4ba0bbd4e58b449dabca,src/frontend/src/pages/FlowPage/components/flowSidebarComponent/index.tsx,785,782,1567,24718,24501,5850,5781,timed_out,
TSX,large,langflow-ai-langflow.git,39a276d96da51693c52b8de02abb42dce22f7c17,src/frontend/src/components/core/folderSidebarComponent/components/sideBarFolderButtons/index.tsx,507,506,1013,16934,17074,4166,4138,timed_out,
TSX,large,langflow-ai-langflow.git,3d11698e0f312fe5cf2594563bbda9b52f6c96d4,src/frontend/src/components/core/parameterRenderComponent/components/inputFileComponent/index.tsx,352,359,711,12823,12878,2863,2902,timed_out,
TSX,large,langflow-ai-langflow.git,3d11698e0f312fe5cf2594563bbda9b52f6c96d4,src/frontend/src/modals/fileManagerModal/components/dragFilesComponent/index.tsx,157,322,479,4847,10578,1305,2503,timed_out,
TSX,large,langflow-ai-langflow.git,3d11698e0f312fe5cf2594563bbda9b52f6c96d4,src/frontend/src/modals/fileManagerModal/components/recentFilesComponent/index.tsx,192,438,630,6031,15906,1467,3419,timed_out,
TSX,large,langflow-ai-langflow.git,4063abdc36529fd5efa8a4d7dbca3b40a97929ba,src/frontend/src/components/core/dropdownComponent/index.tsx,752,690,1442,25595,23519,5363,4925,timed_out,
TSX,large,langflow-ai-langflow.git,4063abdc36529fd5efa8a4d7dbca3b40a97929ba,src/frontend/src/components/core/parameterRenderComponent/components/modelInputComponent/index.tsx,530,461,991,17509,14911,3561,3046,timed_out,
TSX,large,langflow-ai-langflow.git,50cbcba47a100304107c619bc83fbd5305b2eb14,src/frontend/src/modals/userManagementModal/index.tsx,317,319,636,11574,11610,2507,2517,timed_out,
TSX,large,langflow-ai-langflow.git,50cbcba47a100304107c619bc83fbd5305b2eb14,src/frontend/src/pages/AdminPage/index.tsx,511,518,1029,18465,18887,3658,3775,timed_out,
TSX,large,langflow-ai-langflow.git,655aee4c0c0a43f22f24cb371d1aea81a90455e4,src/frontend/src/components/core/parameterRenderComponent/components/inputFileComponent/index.tsx,348,352,700,12624,12823,2831,2863,timed_out,
TSX,large,langflow-ai-langflow.git,732cf4597992e5a84de24d946182c738b79babe8,src/frontend/src/components/core/parameterRenderComponent/components/modelInputComponent/index.tsx,569,560,1129,18545,18212,3731,3640,timed_out,
TSX,large,langflow-ai-langflow.git,7c43e4c4e5959a5fbdde7423ca6054c70e6d385e,src/frontend/src/CustomNodes/GenericNode/index.tsx,685,676,1361,23074,22762,5340,5299,timed_out,
TSX,large,langflow-ai-langflow.git,7c43e4c4e5959a5fbdde7423ca6054c70e6d385e,src/frontend/src/components/core/playgroundComponent/chat-view/chat-messages/components/bot-message.tsx,290,255,545,11329,9802,2108,1882,timed_out,
TSX,large,langflow-ai-langflow.git,7c43e4c4e5959a5fbdde7423ca6054c70e6d385e,src/frontend/src/components/ui/simple-sidebar.tsx,506,502,1008,14312,14112,3821,3757,timed_out,
TSX,large,langflow-ai-langflow.git,7c43e4c4e5959a5fbdde7423ca6054c70e6d385e,src/frontend/src/pages/FlowPage/components/PageComponent/index.tsx,881,885,1766,28152,28273,7399,7411,timed_out,
TSX,large,langflow-ai-langflow.git,7c43e4c4e5959a5fbdde7423ca6054c70e6d385e,src/frontend/src/pages/FlowPage/index.tsx,306,310,616,10003,10134,2364,2393,timed_out,
TSX,large,langflow-ai-langflow.git,ae00c031542fa7a4183b3a82813ddecb7b15096e,src/frontend/src/components/core/parameterRenderComponent/components/modelInputComponent/index.tsx,475,284,759,15197,9241,3098,1980,timed_out,
TSX,large,langflow-ai-langflow.git,ae00c031542fa7a4183b3a82813ddecb7b15096e,src/frontend/src/modals/modelProviderModal/components/ModelProvidersContent.tsx,499,115,614,17062,3725,3547,643,timed_out,
TSX,large,langflow-ai-langflow.git,cf4813fe39990b5af315e21b9f7251e2fdab2c00,src/frontend/src/pages/FlowPage/components/flowSidebarComponent/index.tsx,785,785,1570,24699,24718,5841,5850,timed_out,
TSX,large,langflow-ai-langflow.git,d602738a6d204d11d8ea467a7ced8c2e06a0167f,src/frontend/src/components/core/dropdownComponent/index.tsx,693,725,1418,23588,24856,4933,5217,timed_out,
TSX,large,langflow-ai-langflow.git,d602738a6d204d11d8ea467a7ced8c2e06a0167f,src/frontend/src/components/core/parameterRenderComponent/components/tableComponent/index.tsx,494,494,988,17575,17635,3809,3821,timed_out,
TSX,large,langflow-ai-langflow.git,d602738a6d204d11d8ea467a7ced8c2e06a0167f,src/frontend/src/pages/MainPage/pages/filesPage/components/FilesTab.tsx,446,407,853,15052,13594,3316,3096,timed_out,
TSX,large,langflow-ai-langflow.git,d602738a6d204d11d8ea467a7ced8c2e06a0167f,src/frontend/src/pages/MainPage/pages/knowledgePage/components/KnowledgeBasesTab.tsx,244,317,561,7946,11149,1884,2489,timed_out,
TSX,large,langflow-ai-langflow.git,f849047695e24c4db35d02ca42014fd1ff84d4e1,src/frontend/src/components/core/parameterRenderComponent/components/modelInputComponent/index.tsx,560,530,1090,18212,17509,3640,3561,timed_out,
TSX,large,langflow-ai-langflow.git,f849047695e24c4db35d02ca42014fd1ff84d4e1,src/frontend/src/modals/modelProviderModal/components/ModelProvidersContent.tsx,356,499,855,11976,17062,2448,3547,timed_out,
TSX,large,mastodon-mastodon.git,1e5cad072e5a3785551d70d5af00282a51271c42,app/javascript/mastodon/features/account_timeline/components/fields.tsx,389,388,777,10828,10829,2878,2887,timed_out,
TSX,large,microsoft-TypeScript.git,3fc1f264de2aacae0c008eb4295e66833ade36d9,tests/cases/compiler/jsxComplexSignatureHasApplicabilityError.tsx,610,611,1221,19255,19275,2896,2897,ok,0.7148779999999999
TSX,large,mui-material-ui.git,042eb7c3b79cd1a506a42ba7a581ce62a194fd95,packages/mui-joy/src/Autocomplete/Autocomplete.test.tsx,2485,2485,4970,86236,86254,29633,29645,timed_out,
TSX,large,mui-material-ui.git,042eb7c3b79cd1a506a42ba7a581ce62a194fd95,packages/mui-material/src/Popper/BasePopper.tsx,536,536,1072,15853,15909,3205,3220,timed_out,
TSX,large,mui-material-ui.git,12ea064a61126bae0dc1c0e3bd7ffd7084b9834f,docs/src/components/about/Team.tsx,427,427,854,13135,13151,3344,3356,timed_out,
TSX,large,mui-material-ui.git,186c240068960d1d11fcd20ddb932976a44228c8,docs/pages/blog.tsx,477,472,949,16597,16339,4325,4267,timed_out,
TSX,large,mui-material-ui.git,335fe00346be141655b2ccb161e4b5d74dfaf00b,docs/src/components/pricing/PricingTable.tsx,1693,1693,3386,54327,54315,13971,13971,timed_out,
TSX,large,mui-material-ui.git,600ea849c3a238c97ca0eb0c9e06da7f1cd2f366,packages/mui-joy/src/Select/Select.tsx,805,807,1612,26910,26935,6159,6159,timed_out,
TSX,large,mui-material-ui.git,84f5a57a38eab4f956d64d14ed7f9c2e915af198,packages/mui-material/src/Popper/BasePopper.tsx,536,538,1074,15909,15985,3220,3220,timed_out,
TSX,large,mui-material-ui.git,a73691eaac8d194d667ce894e6a51c7a78dc3778,docs/src/components/pricing/PricingCards.tsx,659,583,1242,18981,17143,4921,4677,timed_out,
TSX,large,mui-material-ui.git,a73691eaac8d194d667ce894e6a51c7a78dc3778,docs/src/components/pricing/PricingTable.tsx,1693,1693,3386,54315,54271,13971,13961,timed_out,
TSX,large,mui-material-ui.git,d667c7ef3371241b30a6890a0e6f0b54216efe84,docs/src/components/header/HeaderNavBar.tsx,392,389,781,13110,13026,3455,3426,timed_out,
TSX,large,mui-material-ui.git,e22f0452dbc1c53184d9982c20255a865bcda198,docs/data/material/getting-started/templates/crud-dashboard/hooks/useDialogs/useDialogs.tsx,344,344,688,10293,10295,2186,2186,timed_out,
TSX,large,ollama-ollama.git,3323c1d31934158bd977961fb5fd7e4ca6989a8f,app/ui/app/src/components/Settings.tsx,611,635,1246,22682,23753,4346,4505,timed_out,
TSX,large,ollama-ollama.git,6c980579cdc62d67aee13511102437a6fe5aa13a,app/ui/app/src/components/ChatForm.tsx,998,996,1994,33817,33662,7282,7232,timed_out,
TSX,large,ollama-ollama.git,948de6bbd2d07e1050d91c2422c3ee7af2d591da,app/ui/app/src/components/ChatForm.tsx,984,998,1982,33415,33817,7171,7282,timed_out,
TSX,large,ollama-ollama.git,948de6bbd2d07e1050d91c2422c3ee7af2d591da,app/ui/app/src/components/ModelPicker.tsx,364,364,728,12378,12388,2918,2915,timed_out,
TSX,large,ollama-ollama.git,948de6bbd2d07e1050d91c2422c3ee7af2d591da,app/ui/app/src/components/Settings.tsx,546,605,1151,21599,22505,3828,4303,timed_out,
TSX,large,ollama-ollama.git,fa6c0127e695916c1bf8b58650c232ddaf5a5012,app/ui/app/src/components/Settings.tsx,605,611,1216,22505,22682,4303,4346,timed_out,
TSX,large,shadcn-ui-ui.git,14a6cc5999b7c7f11371b26cfa713186c7b8da0c,apps/v4/components/command-menu.tsx,604,604,1208,18896,18879,4676,4676,timed_out,
TSX,large,shadcn-ui-ui.git,46631fc4d4b8bc61507a052241b0d67df16a78c3,apps/v4/examples/base/ui-rtl/sidebar.tsx,722,722,1444,22013,22015,4359,4359,timed_out,
TSX,large,shadcn-ui-ui.git,46631fc4d4b8bc61507a052241b0d67df16a78c3,apps/v4/examples/radix/sidebar-rtl.tsx,518,521,1039,16287,16310,3570,3570,ok,0.7345360000000001
TSX,large,shadcn-ui-ui.git,46631fc4d4b8bc61507a052241b0d67df16a78c3,apps/v4/examples/radix/ui-rtl/sidebar.tsx,701,701,1402,21635,21637,4261,4261,timed_out,
TSX,large,shadcn-ui-ui.git,6d2c00376e936a04cadda7002f18f7e77a04497b,apps/v4/app/(app)/(root)/components/notion-prompt-form.tsx,444,448,892,14593,14643,2917,2910,timed_out,
TSX,large,shadcn-ui-ui.git,779453be262deafcc62fa726a521511928f2fda7,apps/v4/registry/bases/base/examples/button-example.tsx,1000,1002,2002,31957,31971,7021,7026,timed_out,
TSX,large,shadcn-ui-ui.git,867d341182ecb33c9e93b8d780d8fd456b7b2628,apps/v4/registry/bases/base/examples/button-example.tsx,1000,1000,2000,31958,31957,7024,7021,timed_out,
TSX,large,shadcn-ui-ui.git,f076420e68f31407b8354c2028045dfcdff538ec,apps/v4/components/block-viewer.tsx,513,513,1026,15880,15892,3694,3694,timed_out,
TSX,large,shadcn-ui-ui.git,f076420e68f31407b8354c2028045dfcdff538ec,apps/v4/examples/base/ui-rtl/sidebar.tsx,722,722,1444,22015,22013,4359,4359,timed_out,
TSX,large,shadcn-ui-ui.git,f076420e68f31407b8354c2028045dfcdff538ec,apps/v4/examples/radix/sidebar-rtl.tsx,517,518,1035,16239,16287,3546,3570,timed_out,
TSX,large,shadcn-ui-ui.git,f076420e68f31407b8354c2028045dfcdff538ec,apps/v4/examples/radix/ui-rtl/sidebar.tsx,701,701,1402,21637,21635,4261,4261,timed_out,
TSX,large,shadcn-ui-ui.git,f076420e68f31407b8354c2028045dfcdff538ec,apps/v4/registry/bases/base/examples/toggle-group-example.tsx,488,556,1044,14486,16796,3253,3730,timed_out,
TSX,large,shadcn-ui-ui.git,f076420e68f31407b8354c2028045dfcdff538ec,apps/v4/registry/bases/radix/examples/toggle-group-example.tsx,500,569,1069,14629,16959,3206,3683,timed_out,
TSX,medium,OpenHands-OpenHands.git,1f82ff04d9c897aeac7e9282191ce0cfb69066aa,frontend/src/routes/root-layout.tsx,265,265,530,8535,8698,2029,2029,timed_out,
TSX,medium,OpenHands-OpenHands.git,5367bef43a9fbe756f79760592ace0e898523410,frontend/__tests__/posthog-tracking.test.tsx,233,266,499,7260,8228,1636,1862,timed_out,
TSX,medium,OpenHands-OpenHands.git,a4cd21e155f9de2f572f201e64505c7db276be5c,frontend/src/components/features/sidebar/sidebar.tsx,126,122,248,4554,4336,941,909,timed_out,
TSX,medium,OpenHands-OpenHands.git,dcc8217317bc31c530d6a1ff9f719200b630bab6,frontend/src/components/features/settings/create-api-key-modal.tsx,101,100,201,2839,2875,756,775,timed_out,
TSX,medium,OpenHands-OpenHands.git,dcc8217317bc31c530d6a1ff9f719200b630bab6,frontend/src/components/features/settings/delete-api-key-modal.tsx,84,82,166,2201,2194,579,591,timed_out,
TSX,medium,OpenHands-OpenHands.git,f93e3254d34561f3ee7ae8db2e0c5b9da91b371e,frontend/__tests__/components/features/chat/change-agent-button.test.tsx,159,154,313,4693,4565,1147,1110,timed_out,
TSX,medium,OpenHands-OpenHands.git,f93e3254d34561f3ee7ae8db2e0c5b9da91b371e,frontend/__tests__/components/features/conversation/conversation-tabs.test.tsx,194,184,378,6782,6636,1681,1642,timed_out,
TSX,medium,OpenHands-OpenHands.git,f93e3254d34561f3ee7ae8db2e0c5b9da91b371e,frontend/__tests__/components/v1/chat/event-message-plan-preview.test.tsx,284,279,563,8926,8812,2346,2301,timed_out,
TSX,medium,OpenHands-OpenHands.git,f93e3254d34561f3ee7ae8db2e0c5b9da91b371e,frontend/src/components/features/chat/change-agent-button.tsx,189,179,368,6255,6045,1370,1325,timed_out,
TSX,medium,OpenHands-OpenHands.git,f93e3254d34561f3ee7ae8db2e0c5b9da91b371e,frontend/src/components/features/conversation/conversation-tabs/conversation-tabs.tsx,190,184,374,5838,5671,1396,1353,timed_out,
TSX,medium,Radarr-Radarr.git,c743383912b06446acd155c3fb7b5f830d1c0c8a,frontend/src/Settings/Tags/Tag.tsx,155,155,310,4380,4380,1165,1165,timed_out,
TSX,medium,Sonarr-Sonarr.git,21ca65a0151944a3a46303c7c4d3aa16220a57cd,frontend/src/AddSeries/ImportSeries/Import/ImportSeries.tsx,122,119,241,3699,3646,954,924,timed_out,
TSX,medium,Sonarr-Sonarr.git,21ca65a0151944a3a46303c7c4d3aa16220a57cd,frontend/src/Components/Filter/Builder/QualityProfileFilterBuilderRowValue.tsx,36,25,61,1038,774,277,196,ok,131.676628
TSX,medium,Sonarr-Sonarr.git,21ca65a0151944a3a46303c7c4d3aa16220a57cd,frontend/src/InteractiveImport/Quality/SelectQualityModalContent.tsx,178,150,328,5102,4435,1312,1158,timed_out,
TSX,medium,Sonarr-Sonarr.git,21ca65a0151944a3a46303c7c4d3aa16220a57cd,frontend/src/Series/Index/Posters/SeriesIndexPosterInfo.tsx,159,159,318,3661,3697,1029,1033,timed_out,
TSX,medium,Sonarr-Sonarr.git,21ca65a0151944a3a46303c7c4d3aa16220a57cd,frontend/src/Settings/ImportLists/ImportLists/Manage/ManageImportListsModalRow.tsx,88,85,173,2495,2395,587,568,timed_out,
TSX,medium,Sonarr-Sonarr.git,21ca65a0151944a3a46303c7c4d3aa16220a57cd,frontend/src/Settings/Profiles/Quality/EditQualityProfileModal.tsx,55,58,113,1558,1615,419,436,ok,613.173913
TSX,medium,Sonarr-Sonarr.git,21ca65a0151944a3a46303c7c4d3aa16220a57cd,frontend/src/Settings/Profiles/Quality/QualityProfile.tsx,165,165,330,4971,4907,1167,1136,timed_out,
TSX,medium,Sonarr-Sonarr.git,21ca65a0151944a3a46303c7c4d3aa16220a57cd,frontend/src/Settings/Profiles/Quality/QualityProfileItemGroup.tsx,194,194,388,5882,5880,1441,1441,timed_out,
TSX,medium,Sonarr-Sonarr.git,21ca65a0151944a3a46303c7c4d3aa16220a57cd,frontend/src/Settings/Profiles/Quality/QualityProfileItems.tsx,209,209,418,6405,6403,1582,1582,timed_out,
TSX,medium,Sonarr-Sonarr.git,21ca65a0151944a3a46303c7c4d3aa16220a57cd,frontend/src/Settings/Profiles/Quality/QualityProfiles.tsx,93,79,172,2930,2546,675,618,timed_out,
TSX,medium,Sonarr-Sonarr.git,276e67b5fa5dba1ee55909da3f72335a3a484e49,frontend/src/AddSeries/AddNewSeries/AddNewSeriesSearchResult.tsx,181,182,363,5363,5389,1408,1415,timed_out,
TSX,medium,Sonarr-Sonarr.git,276e67b5fa5dba1ee55909da3f72335a3a484e49,frontend/src/Components/Page/Header/SeriesSearchResult.tsx,85,86,171,2104,2126,649,656,timed_out,
TSX,medium,Sonarr-Sonarr.git,276e67b5fa5dba1ee55909da3f72335a3a484e49,frontend/src/Series/SeriesImage.tsx,128,159,287,3179,3731,968,1148,timed_out,
TSX,medium,Sonarr-Sonarr.git,28300ffb2b57936b554724d9b339b76dd837114b,frontend/src/System/Status/Health/HealthStatus.tsx,48,58,106,1115,1322,336,382,ok,678.089533
TSX,medium,Sonarr-Sonarr.git,4713615b171cb5d6a198e7e564393c7b82131f60,frontend/src/Settings/Profiles/Release/EditReleaseProfileModalContent.tsx,247,202,449,7452,6069,1757,1382,timed_out,
TSX,medium,Sonarr-Sonarr.git,4713615b171cb5d6a198e7e564393c7b82131f60,frontend/src/Settings/Profiles/Release/ReleaseProfileItem.tsx,134,135,269,3625,3558,939,912,timed_out,
TSX,medium,Sonarr-Sonarr.git,4713615b171cb5d6a198e7e564393c7b82131f60,frontend/src/Settings/Profiles/Release/ReleaseProfiles.tsx,81,70,151,2685,2168,616,502,timed_out,
TSX,medium,Sonarr-Sonarr.git,5bac016f0c8e7af3dd62a86f00ee1d7d3cc497e0,frontend/src/Components/Form/Select/LanguageSelectInput.tsx,103,100,203,2514,2454,693,686,timed_out,
TSX,medium,Sonarr-Sonarr.git,5bac016f0c8e7af3dd62a86f00ee1d7d3cc497e0,frontend/src/InteractiveImport/Language/SelectLanguageModalContent.tsx,109,111,220,3526,3491,901,898,timed_out,
TSX,medium,Sonarr-Sonarr.git,6cd1ab3764587f1a6784f0d46efc2fc749149056,frontend/src/Components/Page/Header/PageHeaderActionsMenu.tsx,84,82,166,2653,2600,698,691,timed_out,
TSX,medium,Sonarr-Sonarr.git,6cd1ab3764587f1a6784f0d46efc2fc749149056,frontend/src/System/Status/About/About.tsx,100,100,200,2628,2642,615,615,timed_out,
TSX,medium,Sonarr-Sonarr.git,6d49b41dd26ca9bc61bda119698debcb960612e1,frontend/src/Settings/Notifications/Notifications/AddNotificationItem.tsx,88,79,167,2736,2600,651,620,timed_out,
TSX,medium,Sonarr-Sonarr.git,6d49b41dd26ca9bc61bda119698debcb960612e1,frontend/src/Settings/Notifications/Notifications/AddNotificationModalContent.tsx,79,72,151,2727,2549,664,595,timed_out,
TSX,medium,Sonarr-Sonarr.git,6d49b41dd26ca9bc61bda119698debcb960612e1,frontend/src/Settings/Notifications/Notifications/EditNotificationModalContent.tsx,211,192,403,6322,5698,1411,1274,timed_out,
TSX,medium,Sonarr-Sonarr.git,6d49b41dd26ca9bc61bda119698debcb960612e1,frontend/src/Settings/Notifications/Notifications/NotificationEventItems.tsx,226,226,452,6890,6901,1360,1364,timed_out,
TSX,medium,Sonarr-Sonarr.git,6d49b41dd26ca9bc61bda119698debcb960612e1,frontend/src/Settings/Notifications/Notifications/Notifications.tsx,94,86,180,3046,2770,714,653,timed_out,
TSX,medium,Sonarr-Sonarr.git,74e6ce4305a70dac5db30c2b778a101b9a3b8552,frontend/src/Calendar/Events/CalendarEvent.tsx,244,242,486,7422,7341,1696,1681,timed_out,
TSX,medium,Sonarr-Sonarr.git,74e6ce4305a70dac5db30c2b778a101b9a3b8552,frontend/src/Calendar/Events/CalendarEventGroup.tsx,246,244,490,7175,7094,1674,1659,timed_out,
TSX,medium,Sonarr-Sonarr.git,74e6ce4305a70dac5db30c2b778a101b9a3b8552,frontend/src/Components/Table/Cells/RelativeDateCell.tsx,56,55,111,1444,1367,323,308,ok,652.702786
TSX,medium,Sonarr-Sonarr.git,74e6ce4305a70dac5db30c2b778a101b9a3b8552,frontend/src/Episode/Summary/EpisodeAiring.tsx,99,97,196,2339,2258,634,619,timed_out,
TSX,medium,Sonarr-Sonarr.git,74e6ce4305a70dac5db30c2b778a101b9a3b8552,frontend/src/Series/Index/Overview/SeriesIndexOverviewInfo.tsx,277,277,554,6600,6495,1766,1745,timed_out,
TSX,medium,Sonarr-Sonarr.git,74e6ce4305a70dac5db30c2b778a101b9a3b8552,frontend/src/System/Status/About/StartTime.tsx,44,41,85,1208,1123,344,329,ok,416.520044
TSX,medium,Sonarr-Sonarr.git,7e7023800556864806eec4c73ca71e1f8235723b,frontend/src/Settings/CustomFormats/CustomFormats/Specifications/EditSpecificationModalContent.tsx,188,188,376,6140,6137,1271,1275,timed_out,
TSX,medium,Sonarr-Sonarr.git,7e7023800556864806eec4c73ca71e1f8235723b,frontend/src/Settings/DownloadClients/Options/DownloadClientOptions.tsx,147,147,294,4780,4777,986,990,timed_out,
TSX,medium,Sonarr-Sonarr.git,7e7023800556864806eec4c73ca71e1f8235723b,frontend/src/Settings/General/BackupSettings.tsx,76,76,152,2359,2356,588,592,timed_out,
TSX,medium,Sonarr-Sonarr.git,7e7023800556864806eec4c73ca71e1f8235723b,frontend/src/Settings/General/LoggingSettings.tsx,85,85,170,2297,2294,603,607,timed_out,
TSX,medium,Sonarr-Sonarr.git,7e7023800556864806eec4c73ca71e1f8235723b,frontend/src/Settings/General/UpdateSettings.tsx,130,130,260,4318,4315,1012,1016,timed_out,
TSX,medium,Sonarr-Sonarr.git,7e7023800556864806eec4c73ca71e1f8235723b,frontend/src/Settings/ImportLists/Options/ImportListOptions.tsx,154,154,308,4563,4560,1174,1178,timed_out,
TSX,medium,Sonarr-Sonarr.git,7e7023800556864806eec4c73ca71e1f8235723b,frontend/src/Settings/Notifications/Notifications/EditNotificationModalContent.tsx,211,211,422,6325,6322,1407,1411,timed_out,
TSX,medium,Sonarr-Sonarr.git,7ea20335ed109ad35dec590e2b8a5495b2feec51,frontend/src/InteractiveImport/Episode/SelectEpisodeRow.tsx,65,105,170,1684,2719,424,677,timed_out,
TSX,medium,Sonarr-Sonarr.git,8fa16e35425eefe705af951d57c27e8db4d64803,frontend/src/Settings/Profiles/Release/EditReleaseProfileModalContent.tsx,201,237,438,6040,6990,1375,1559,timed_out,
TSX,medium,Sonarr-Sonarr.git,ad57cf4b5dbd2380cc610a4340852f09e9f53c28,frontend/src/AddSeries/ImportSeries/Import/ImportSeriesFooter.tsx,307,305,612,9279,9122,2269,2230,timed_out,
TSX,medium,Sonarr-Sonarr.git,c0a565861e944978dbc0dbcb0acc728bfbb56981,frontend/src/Settings/Metadata/Metadata/EditMetadataModalContent.tsx,137,129,266,4135,3680,1045,909,timed_out,
TSX,medium,Sonarr-Sonarr.git,c0a565861e944978dbc0dbcb0acc728bfbb56981,frontend/src/Settings/Metadata/Metadata/Metadatas.tsx,52,30,82,1597,890,420,250,ok,417.516952
TSX,medium,Sonarr-Sonarr.git,c60a978eb8bf95f47e6c8356948ecc8c2ca09a2b,frontend/src/Settings/Profiles/Release/ReleaseProfiles.tsx,70,76,146,2168,2363,502,568,timed_out,
TSX,medium,Sonarr-Sonarr.git,cf593b1f5d1441a31cb74e5d3ee43a2b4aae21b7,frontend/src/Settings/Quality/Definition/QualityDefinition.tsx,46,44,90,1112,1054,320,300,ok,283.944502
TSX,medium,Sonarr-Sonarr.git,cf593b1f5d1441a31cb74e5d3ee43a2b4aae21b7,frontend/src/Settings/Quality/Quality.tsx,94,109,203,2996,3571,610,745,timed_out,
TSX,medium,Sonarr-Sonarr.git,e20b4c4f5da8597a4f3bc5cf198ab82a447f2d15,frontend/src/Settings/Notifications/Notifications/Notifications.tsx,86,86,172,2770,2768,653,653,timed_out,
TSX,medium,Sonarr-Sonarr.git,f2fc1e933235e11ca8301fd7862c74bf9c067bf1,frontend/src/Series/Index/Posters/SeriesIndexPoster.tsx,292,294,586,8385,8424,1998,2007,timed_out,
TSX,medium,Sonarr-Sonarr.git,f3b39ba4f7abd8e454c16d0469086c09f66aff6f,frontend/src/Episode/Summary/MediaInfo.tsx,38,114,152,1112,3556,306,883,timed_out,
TSX,medium,cockroachdb-cockroach.git,2204662a3df95f50c66e8da08eb05dcd04fa357a,pkg/ui/workspaces/db-console/src/views/dashboard/emailSubscription.tsx,104,80,184,2912,2350,665,527,timed_out,
TSX,medium,cockroachdb-cockroach.git,7a233a5857d5ea7bc73ed5feffa9b1194eafa9a6,pkg/ui/workspaces/db-console/src/components/input/textInput.tsx,120,99,219,3064,2553,813,703,timed_out,
TSX,medium,excalidraw-excalidraw.git,019ce4c52cc82fe654d7e92c2672843c8ff57c96,packages/excalidraw/components/HintViewer.tsx,262,274,536,7265,7560,2094,2170,timed_out,
TSX,medium,excalidraw-excalidraw.git,063533aede8365bf18b8f08ec949a1e93697c17d,packages/excalidraw/components/FontPicker/FontPickerTrigger.tsx,58,58,116,1491,1475,388,389,ok,838.283963
TSX,medium,excalidraw-excalidraw.git,063533aede8365bf18b8f08ec949a1e93697c17d,packages/excalidraw/components/TTDDialog/Chat/ChatHistoryMenu.tsx,92,88,180,2759,2685,680,673,timed_out,
TSX,medium,excalidraw-excalidraw.git,063533aede8365bf18b8f08ec949a1e93697c17d,packages/excalidraw/components/TTDDialog/TTDDialogTabs.tsx,58,58,116,1560,1555,443,446,timed_out,
TSX,medium,excalidraw-excalidraw.git,063533aede8365bf18b8f08ec949a1e93697c17d,packages/excalidraw/components/ToolPopover.tsx,124,124,248,3398,3382,963,964,timed_out,
TSX,medium,excalidraw-excalidraw.git,063533aede8365bf18b8f08ec949a1e93697c17d,packages/excalidraw/components/dropdownMenu/DropdownMenuContent.tsx,100,111,211,2807,3122,741,835,timed_out,
TSX,medium,excalidraw-excalidraw.git,19b3dc658a56ad50d1e3e8a6ddce8bedc5147f84,packages/excalidraw/components/PropertiesPopover.tsx,106,101,207,3105,3069,693,693,timed_out,
TSX,medium,excalidraw-excalidraw.git,24a69418615196827688d7c495450740ba5c7a40,packages/excalidraw/components/TTDDialog/Chat/ChatInterface.tsx,178,182,360,5163,5424,1427,1463,timed_out,
TSX,medium,excalidraw-excalidraw.git,24a69418615196827688d7c495450740ba5c7a40,packages/excalidraw/components/TTDDialog/Chat/TTDChatPanel.tsx,163,163,326,4425,4385,1159,1142,timed_out,
TSX,medium,excalidraw-excalidraw.git,24a69418615196827688d7c495450740ba5c7a40,packages/excalidraw/components/TTDDialog/TextToDiagram.tsx,244,250,494,6966,7088,1705,1732,timed_out,
TSX,medium,excalidraw-excalidraw.git,28691e14b1199d9e2890fa6410f26c61e62c021e,packages/excalidraw/actions/actionDistribute.tsx,130,131,261,4001,4016,1102,1107,timed_out,
TSX,medium,excalidraw-excalidraw.git,2b4540225d66ec4f71d622f5405f2b7b0ef3735c,packages/excalidraw/components/canvases/InteractiveCanvas.tsx,249,289,538,8211,9367,1789,1988,timed_out,
TSX,medium,excalidraw-excalidraw.git,47cbb5b6fbeba23fbdfb72729159d723f1176746,excalidraw-app/tests/MobileMenu.test.tsx,51,36,87,1292,994,328,316,ok,515.2668620000001
TSX,medium,excalidraw-excalidraw.git,47cbb5b6fbeba23fbdfb72729159d723f1176746,packages/excalidraw/actions/actionExport.tsx,319,319,638,9417,9442,2627,2630,timed_out,
TSX,medium,excalidraw-excalidraw.git,47cbb5b6fbeba23fbdfb72729159d723f1176746,packages/excalidraw/actions/manager.tsx,199,201,400,5463,5507,1604,1607,timed_out,
TSX,medium,excalidraw-excalidraw.git,47cbb5b6fbeba23fbdfb72729159d723f1176746,packages/excalidraw/components/Dialog.tsx,137,137,274,3856,3879,1141,1144,timed_out,
TSX,medium,excalidraw-excalidraw.git,47cbb5b6fbeba23fbdfb72729159d723f1176746,packages/excalidraw/components/HintViewer.tsx,260,262,522,7166,7265,2085,2094,timed_out,
TSX,medium,excalidraw-excalidraw.git,47cbb5b6fbeba23fbdfb72729159d723f1176746,packages/excalidraw/components/IconPicker.tsx,243,243,486,6794,6837,2042,2045,timed_out,
TSX,medium,excalidraw-excalidraw.git,47cbb5b6fbeba23fbdfb72729159d723f1176746,packages/excalidraw/components/canvases/InteractiveCanvas.tsx,248,249,497,8159,8211,1788,1789,timed_out,
TSX,medium,excalidraw-excalidraw.git,47cbb5b6fbeba23fbdfb72729159d723f1176746,packages/excalidraw/components/main-menu/MainMenu.tsx,86,91,177,2801,2962,675,681,timed_out,
TSX,medium,excalidraw-excalidraw.git,47cbb5b6fbeba23fbdfb72729159d723f1176746,packages/excalidraw/components/welcome-screen/WelcomeScreen.Center.tsx,196,196,392,5177,5219,1481,1482,timed_out,
TSX,medium,excalidraw-excalidraw.git,5a73b9a3634da128ab69778c59af638d1e779fee,excalidraw-app/components/AI.tsx,122,125,247,3622,3730,652,673,timed_out,
TSX,medium,excalidraw-excalidraw.git,5bcd8280c97c97b95f4fd268dbd4ff3d7905f87b,packages/excalidraw/components/FilledButton.tsx,117,117,234,2879,2880,840,841,timed_out,
TSX,medium,excalidraw-excalidraw.git,5fffc4743fecb89eeb549c8cf4fb4b9ffd05c703,packages/excalidraw/actions/actionMenu.tsx,87,35,122,2397,937,703,265,ok,757.3097210000001
TSX,medium,excalidraw-excalidraw.git,5fffc4743fecb89eeb549c8cf4fb4b9ffd05c703,packages/excalidraw/components/IconPicker.tsx,241,241,482,6661,6671,2015,2015,timed_out,
TSX,medium,excalidraw-excalidraw.git,60b275880da7d1eb7dff3782e8d491188790597a,packages/excalidraw/components/PasteChartDialog.tsx,139,270,409,3352,6603,1007,1960,timed_out,
TSX,medium,excalidraw-excalidraw.git,60b275880da7d1eb7dff3782e8d491188790597a,packages/excalidraw/tests/charts.test.tsx,13,164,177,326,3958,118,1265,timed_out,
TSX,medium,excalidraw-excalidraw.git,63e1148280163a36326b7efb5fdfeefebabdb3e4,packages/excalidraw/components/ColorPicker/ColorInput.tsx,137,159,296,3743,4357,1065,1209,timed_out,
TSX,medium,excalidraw-excalidraw.git,725412ebd337c18179a52d968d3b0d29eb9c2fa4,packages/excalidraw/components/ContextMenu.tsx,133,134,267,4045,4086,954,961,timed_out,
TSX,medium,excalidraw-excalidraw.git,8013eb5e1628293ee671e431c52184dc576fe293,packages/excalidraw/actions/actionDistribute.tsx,128,130,258,3970,4001,1091,1102,timed_out,
TSX,medium,excalidraw-excalidraw.git,8013eb5e1628293ee671e431c52184dc576fe293,packages/excalidraw/actions/actionLink.tsx,59,59,118,1836,1865,532,543,timed_out,
TSX,medium,excalidraw-excalidraw.git,95ddc663392d94cd22a17a982dde5060849038de,packages/excalidraw/components/MobileMenu.tsx,166,180,346,4511,4904,1098,1182,timed_out,
TSX,medium,excalidraw-excalidraw.git,9ba0f5dbc9d551aad9277341a82449e04043c5ae,packages/excalidraw/tests/move.test.tsx,191,188,379,6841,6804,2528,2525,timed_out,
TSX,medium,excalidraw-excalidraw.git,a0b98a944f1ddedba090b8a6908ff38b9132177e,packages/excalidraw/components/FilledButton.tsx,117,119,236,2880,2930,841,854,timed_out,
TSX,medium,excalidraw-excalidraw.git,a0b98a944f1ddedba090b8a6908ff38b9132177e,packages/excalidraw/components/TTDDialog/TTDDialogOutput.tsx,39,59,98,835,1537,259,393,ok,448.50973
TSX,medium,excalidraw-excalidraw.git,a0b98a944f1ddedba090b8a6908ff38b9132177e,packages/excalidraw/components/TTDDialog/TTDDialogPanel.tsx,65,124,189,1707,3256,468,913,timed_out,
TSX,medium,excalidraw-excalidraw.git,a0b98a944f1ddedba090b8a6908ff38b9132177e,packages/excalidraw/index.tsx,310,311,621,8764,8842,1915,1928,ok,0.442096
TSX,medium,excalidraw-excalidraw.git,a70417f23f5985e3ed2a678c3cd25bffb23b1cff,packages/excalidraw/tests/rotate.test.tsx,85,85,170,2333,2355,996,996,timed_out,
TSX,medium,excalidraw-excalidraw.git,acf54c6f3846bea889e9acc5b6144bec4ee3016c,packages/excalidraw/components/TTDDialog/TTDDialogTrigger.tsx,36,36,72,1077,1085,345,351,ok,812.0918660000001
TSX,medium,excalidraw-excalidraw.git,acf54c6f3846bea889e9acc5b6144bec4ee3016c,packages/excalidraw/components/dropdownMenu/DropdownMenuItem.tsx,128,135,263,3157,3246,904,923,timed_out,
TSX,medium,excalidraw-excalidraw.git,b9a255407fc5e68893016de56057614da26df50c,packages/excalidraw/components/ColorPicker/ColorInput.tsx,159,134,293,4357,3690,1209,1050,timed_out,
TSX,medium,excalidraw-excalidraw.git,b9a255407fc5e68893016de56057614da26df50c,packages/excalidraw/components/ColorPicker/TopPicks.tsx,74,73,147,1744,1708,461,450,timed_out,
TSX,medium,excalidraw-excalidraw.git,c141960ada4869ee6a3bb8a665e75c0c18ad7f19,packages/element/tests/elbowArrow.test.tsx,415,415,830,9763,9910,3645,3691,timed_out,
TSX,medium,excalidraw-excalidraw.git,c141960ada4869ee6a3bb8a665e75c0c18ad7f19,packages/excalidraw/actions/actionClipboard.tsx,285,285,570,7974,7974,2008,2010,timed_out,
TSX,medium,excalidraw-excalidraw.git,c141960ada4869ee6a3bb8a665e75c0c18ad7f19,packages/excalidraw/actions/actionExport.tsx,319,327,646,9442,9632,2630,2705,timed_out,
TSX,medium,excalidraw-excalidraw.git,c141960ada4869ee6a3bb8a665e75c0c18ad7f19,packages/excalidraw/components/Stats/MultiPosition.tsx,261,269,530,6712,6856,1800,1833,timed_out,
TSX,medium,excalidraw-excalidraw.git,c141960ada4869ee6a3bb8a665e75c0c18ad7f19,packages/excalidraw/components/canvases/InteractiveCanvas.tsx,289,296,585,9367,9716,1988,2040,timed_out,
TSX,medium,excalidraw-excalidraw.git,c141960ada4869ee6a3bb8a665e75c0c18ad7f19,packages/excalidraw/tests/multiPointCreate.test.tsx,181,185,366,5709,5737,1979,1981,timed_out,
TSX,medium,excalidraw-excalidraw.git,c141960ada4869ee6a3bb8a665e75c0c18ad7f19,packages/excalidraw/tests/rotate.test.tsx,84,85,169,2309,2335,985,996,timed_out,
TSX,medium,excalidraw-excalidraw.git,c99e81678bd13eb34c4f027472e8cd0b4121ba4d,packages/excalidraw/components/MobileMenu.tsx,161,166,327,4253,4511,1053,1098,timed_out,
TSX,medium,excalidraw-excalidraw.git,c99e81678bd13eb34c4f027472e8cd0b4121ba4d,packages/excalidraw/components/footer/Footer.tsx,78,78,156,2327,2327,531,531,timed_out,
TSX,medium,excalidraw-excalidraw.git,e95222ed323d45adf2183bae835c9fb6708e7029,packages/excalidraw/index.tsx,309,312,621,8861,8833,1940,1931,ok,2.537916
TSX,medium,excalidraw-excalidraw.git,eb959128ac1543e7f6ea1c4f1935b9899a3e1b9b,packages/excalidraw/components/canvases/InteractiveCanvas.tsx,296,299,595,9716,9821,2040,2066,timed_out,
TSX,medium,excalidraw-excalidraw.git,eb959128ac1543e7f6ea1c4f1935b9899a3e1b9b,packages/excalidraw/components/shapes.tsx,117,146,263,2261,2780,781,922,timed_out,
TSX,medium,excalidraw-excalidraw.git,f2600fe3e835bad81b3c6eb9aeae58e7974ccea1,packages/excalidraw/components/dropdownMenu/DropdownMenuContent.tsx,93,100,193,2617,2807,700,741,timed_out,
TSX,medium,grafana-grafana.git,02c930f44c06032e35b72fb7d9c151a2b3d93145,public/app/features/dashboard-scene/scene/DashboardDatasourceBehaviour.tsx,203,214,417,7432,8098,1371,1451,timed_out,
TSX,medium,grafana-grafana.git,39797dc45033dbece2c538683c94d448eb62fb23,public/app/features/dashboard-scene/settings/variables/components/GroupByVariableForm.test.tsx,157,222,379,5489,7616,1495,2213,timed_out,
TSX,medium,grafana-grafana.git,39797dc45033dbece2c538683c94d448eb62fb23,public/app/features/dashboard-scene/settings/variables/components/GroupByVariableForm.tsx,139,150,289,4780,5287,1078,1208,timed_out,
TSX,medium,grafana-grafana.git,39797dc45033dbece2c538683c94d448eb62fb23,public/app/features/dashboard-scene/settings/variables/editors/GroupByVariableEditor.test.tsx,132,202,334,4696,6886,1327,2104,timed_out,
TSX,medium,grafana-grafana.git,611e97fdf983ccad4c6648118ff8909a2d9cc94a,public/app/features/dashboard-scene/panel-edit/PanelEditNext/Actions.tsx,157,189,346,4521,5420,1249,1591,timed_out,
TSX,medium,grafana-grafana.git,611e97fdf983ccad4c6648118ff8909a2d9cc94a,public/app/features/dashboard-scene/panel-edit/PanelEditNext/QueryEditor/Footer/QueryEditorFooter.tsx,204,205,409,6812,6952,1884,1821,timed_out,
TSX,medium,grafana-grafana.git,611e97fdf983ccad4c6648118ff8909a2d9cc94a,public/app/features/dashboard-scene/panel-edit/PanelEditNext/QueryEditor/Sidebar/CardTitle.test.tsx,45,36,81,1561,1211,541,425,timed_out,
TSX,medium,grafana-grafana.git,611e97fdf983ccad4c6648118ff8909a2d9cc94a,public/app/features/dashboard-scene/panel-edit/PanelEditNext/QueryEditor/Sidebar/QueryCard.tsx,52,55,107,1931,2003,566,570,timed_out,
TSX,medium,grafana-grafana.git,611e97fdf983ccad4c6648118ff8909a2d9cc94a,public/app/features/dashboard-scene/panel-edit/PanelEditNext/QueryEditor/Sidebar/QuerySidebarCollapsableHeader.tsx,63,62,125,1787,1672,501,487,timed_out,
TSX,medium,grafana-grafana.git,611e97fdf983ccad4c6648118ff8909a2d9cc94a,public/app/features/dashboard-scene/panel-edit/PanelEditNext/QueryEditor/Sidebar/SidebarCard.tsx,304,324,628,9099,9737,2512,2654,timed_out,
TSX,medium,grafana-grafana.git,611e97fdf983ccad4c6648118ff8909a2d9cc94a,public/app/features/dashboard-scene/panel-edit/PanelEditNext/QueryEditor/Sidebar/SidebarFooter.tsx,73,76,149,2422,2568,758,799,timed_out,
TSX,medium,langflow-ai-langflow.git,0283f5d7e1c56c06e5786128f4b034a3ab3b15e6,src/frontend/src/components/core/playgroundComponent/chat-view/chat-header/components/chat-sidebar.tsx,102,113,215,3319,3802,747,865,timed_out,
TSX,medium,langflow-ai-langflow.git,0283f5d7e1c56c06e5786128f4b034a3ab3b15e6,src/frontend/src/components/core/playgroundComponent/chat-view/chat-header/components/session-selector.tsx,147,161,308,4850,5258,1143,1236,timed_out,
TSX,medium,langflow-ai-langflow.git,0283f5d7e1c56c06e5786128f4b034a3ab3b15e6,src/frontend/src/components/core/playgroundComponent/chat-view/chat-input/components/no-input.tsx,57,57,114,1653,1661,313,313,ok,765.874355
TSX,medium,langflow-ai-langflow.git,0283f5d7e1c56c06e5786128f4b034a3ab3b15e6,src/frontend/src/components/core/playgroundComponent/chat-view/chat-messages/messages.tsx,106,107,213,3417,3468,836,847,timed_out,
TSX,medium,langflow-ai-langflow.git,0283f5d7e1c56c06e5786128f4b034a3ab3b15e6,src/frontend/src/components/core/playgroundComponent/sliding-container/components/flow-page-sliding-container.tsx,224,238,462,7935,8671,1817,1934,timed_out,
TSX,medium,langflow-ai-langflow.git,0283f5d7e1c56c06e5786128f4b034a3ab3b15e6,src/frontend/src/modals/IOModal/components/sidebar-open-view.tsx,97,104,201,3338,3625,655,734,timed_out,
TSX,medium,langflow-ai-langflow.git,0283f5d7e1c56c06e5786128f4b034a3ab3b15e6,src/frontend/src/modals/flowLogsModal/index.tsx,157,172,329,5053,5241,1424,1509,timed_out,
TSX,medium,langflow-ai-langflow.git,0283f5d7e1c56c06e5786128f4b034a3ab3b15e6,src/frontend/src/pages/FlowPage/components/InspectionPanel/components/InspectionPanelEditField.tsx,67,98,165,1911,2821,427,605,timed_out,
TSX,medium,langflow-ai-langflow.git,126c037aa01eab003d0a90f0e0b54ca1765baed0,src/frontend/src/components/core/chatComponents/ContentDisplay.tsx,279,253,532,8565,7846,1991,1842,timed_out,
TSX,medium,langflow-ai-langflow.git,126c037aa01eab003d0a90f0e0b54ca1765baed0,src/frontend/src/contexts/index.tsx,31,33,64,1115,1205,246,249,ok,128.68918100000002
TSX,medium,langflow-ai-langflow.git,126c037aa01eab003d0a90f0e0b54ca1765baed0,src/frontend/src/modals/IOModal/components/session-view.tsx,123,160,283,3973,5105,1078,1385,timed_out,
TSX,medium,langflow-ai-langflow.git,22607cc081976239ad6f3a708ec3e943458893c9,src/frontend/src/CustomNodes/GenericNode/components/NodeName/index.tsx,126,129,255,3597,3658,932,939,timed_out,
TSX,medium,langflow-ai-langflow.git,22607cc081976239ad6f3a708ec3e943458893c9,src/frontend/src/CustomNodes/GenericNode/components/nodeIcon/index.tsx,49,49,98,1367,1375,426,426,ok,783.475736
TSX,medium,langflow-ai-langflow.git,22607cc081976239ad6f3a708ec3e943458893c9,src/frontend/src/components/core/canvasControlsComponent/CanvasControls.tsx,44,51,95,1381,1511,325,360,ok,662.705606
TSX,medium,langflow-ai-langflow.git,22607cc081976239ad6f3a708ec3e943458893c9,src/frontend/src/components/core/canvasControlsComponent/CanvasControlsDropdown.tsx,144,160,304,4359,4772,1096,1211,timed_out,
TSX,medium,langflow-ai-langflow.git,22607cc081976239ad6f3a708ec3e943458893c9,src/frontend/src/components/core/canvasControlsComponent/__tests__/DropdownControlButton.test.tsx,181,181,362,5009,5033,1684,1684,timed_out,
TSX,medium,langflow-ai-langflow.git,22607cc081976239ad6f3a708ec3e943458893c9,src/frontend/src/components/core/parameterRenderComponent/components/dictComponent/index.tsx,62,70,132,1865,1948,508,532,timed_out,
TSX,medium,langflow-ai-langflow.git,22607cc081976239ad6f3a708ec3e943458893c9,src/frontend/src/components/core/parameterRenderComponent/components/dropdownComponent/index.tsx,85,90,175,2233,2323,531,561,timed_out,
TSX,medium,langflow-ai-langflow.git,22607cc081976239ad6f3a708ec3e943458893c9,src/frontend/src/components/core/parameterRenderComponent/components/keypairListComponent/index.tsx,163,168,331,4795,4865,1451,1471,timed_out,
TSX,medium,langflow-ai-langflow.git,22607cc081976239ad6f3a708ec3e943458893c9,src/frontend/src/components/core/parameterRenderComponent/components/mustachePromptComponent/index.tsx,99,104,203,3157,3234,723,747,timed_out,
TSX,medium,langflow-ai-langflow.git,22607cc081976239ad6f3a708ec3e943458893c9,src/frontend/src/components/core/parameterRenderComponent/components/promptComponent/index.tsx,124,129,253,3801,3878,891,915,timed_out,
TSX,medium,langflow-ai-langflow.git,22607cc081976239ad6f3a708ec3e943458893c9,src/frontend/src/components/core/parameterRenderComponent/components/sortableListComponent/index.tsx,210,229,439,5724,6212,1449,1598,timed_out,
TSX,medium,langflow-ai-langflow.git,22607cc081976239ad6f3a708ec3e943458893c9,src/frontend/src/components/core/parameterRenderComponent/components/textAreaComponent/index.tsx,242,247,489,7430,7507,1894,1918,timed_out,
TSX,medium,langflow-ai-langflow.git,22607cc081976239ad6f3a708ec3e943458893c9,src/frontend/src/components/core/parameterRenderComponent/components/toggleShadComponent/index.tsx,58,63,121,1220,1297,362,386,ok,685.4670309999999
TSX,medium,langflow-ai-langflow.git,22607cc081976239ad6f3a708ec3e943458893c9,src/frontend/src/components/core/parameterRenderComponent/components/webhookFieldComponent/index.tsx,85,90,175,2655,2732,641,665,timed_out,
TSX,medium,langflow-ai-langflow.git,22607cc081976239ad6f3a708ec3e943458893c9,src/frontend/src/pages/FlowPage/components/nodeToolbarComponent/components/toolbar-button.tsx,37,41,78,1032,1078,301,308,ok,419.45687399999997
TSX,medium,langflow-ai-langflow.git,2d99b13cd8a8a5bc7c04d999b9b090e96209b204,src/frontend/src/components/core/parameterRenderComponent/components/mustachePromptComponent/__tests__/mustachePromptComponent.test.tsx,286,286,572,8376,8385,2131,2131,timed_out,
TSX,medium,langflow-ai-langflow.git,312b88e71a45c77b858ee1a14f3fc68991471f6b,src/frontend/src/components/core/parameterRenderComponent/components/intComponent/index.tsx,205,205,410,6550,6615,1734,1755,timed_out,
TSX,medium,langflow-ai-langflow.git,312b88e71a45c77b858ee1a14f3fc68991471f6b,src/frontend/src/modals/deleteConfirmationModal/index.tsx,80,80,160,2154,2145,545,536,timed_out,
TSX,medium,langflow-ai-langflow.git,312b88e71a45c77b858ee1a14f3fc68991471f6b,src/frontend/src/modals/fileManagerModal/components/dragFilesComponent/index.tsx,157,157,314,4843,4847,1305,1305,timed_out,
TSX,medium,langflow-ai-langflow.git,7c43e4c4e5959a5fbdde7423ca6054c70e6d385e,src/frontend/src/components/core/canvasControlsComponent/HelpDropdownView.tsx,112,112,224,3474,3430,728,713,timed_out,
TSX,medium,langflow-ai-langflow.git,7c43e4c4e5959a5fbdde7423ca6054c70e6d385e,src/frontend/src/components/core/playgroundComponent/chat-view/chat-header/components/session-selector.tsx,161,162,323,5258,5314,1236,1251,timed_out,
TSX,medium,langflow-ai-langflow.git,7c43e4c4e5959a5fbdde7423ca6054c70e6d385e,src/frontend/src/components/core/playgroundComponent/chat-view/chat-input/components/upload-file-button.tsx,55,55,110,1532,1539,345,349,ok,884.131258
TSX,medium,langflow-ai-langflow.git,7c43e4c4e5959a5fbdde7423ca6054c70e6d385e,src/frontend/src/pages/FlowPage/components/InspectionPanel/components/InspectionPanelFields.tsx,148,173,321,4408,5078,1116,1299,timed_out,
TSX,medium,langflow-ai-langflow.git,7c43e4c4e5959a5fbdde7423ca6054c70e6d385e,src/frontend/src/pages/FlowPage/components/flowSidebarComponent/components/sidebarSegmentedNav.tsx,134,134,268,4015,4020,998,998,timed_out,
TSX,medium,langflow-ai-langflow.git,8300733a2b91f6634a51cf40c45d354c9ea79774,src/frontend/src/CustomNodes/GenericNode/components/outputModal/index.tsx,54,109,163,1635,3216,428,894,timed_out,
TSX,medium,langflow-ai-langflow.git,9d2a666d123acf34099be086758d751225a58497,src/frontend/src/components/core/playgroundComponent/sliding-container/components/flow-page-sliding-container.tsx,225,224,449,7975,7935,1824,1817,timed_out,
TSX,medium,langflow-ai-langflow.git,9d2a666d123acf34099be086758d751225a58497,src/frontend/src/modals/IOModal/components/chatView/chatInput/components/input-wrapper.tsx,141,142,283,4397,4473,1042,1046,timed_out,
TSX,medium,langflow-ai-langflow.git,9d2a666d123acf34099be086758d751225a58497,src/frontend/src/pages/Playground/index.tsx,107,107,214,3349,3351,964,967,timed_out,
TSX,medium,langflow-ai-langflow.git,ae00c031542fa7a4183b3a82813ddecb7b15096e,src/frontend/src/modals/modelProviderModal/__tests__/ModelSelection.test.tsx,176,195,371,5261,5857,1642,1784,timed_out,
TSX,medium,langflow-ai-langflow.git,ae00c031542fa7a4183b3a82813ddecb7b15096e,src/frontend/src/modals/modelProviderModal/__tests__/ProviderListItem.test.tsx,160,160,320,4488,4510,1399,1399,timed_out,
TSX,medium,langflow-ai-langflow.git,cbc612c93581c315ed141423332c2edc67c2d1e9,src/frontend/src/components/core/parameterRenderComponent/components/tableComponent/components/TableOptions/index.tsx,134,151,285,4009,4396,793,901,timed_out,
TSX,medium,langflow-ai-langflow.git,cd2bd4f127af74bd124139151d45106eac516a0a,src/frontend/src/modals/saveChangesModal/index.tsx,82,82,164,2463,2518,571,571,timed_out,
TSX,medium,langflow-ai-langflow.git,d602738a6d204d11d8ea467a7ced8c2e06a0167f,src/frontend/src/CustomNodes/GenericNode/components/NodeDialogComponent/index.tsx,289,296,585,8917,9083,2252,2310,timed_out,
TSX,medium,langflow-ai-langflow.git,d602738a6d204d11d8ea467a7ced8c2e06a0167f,src/frontend/src/components/core/parameterRenderComponent/components/modelInputComponent/index.tsx,284,285,569,9241,9267,1980,1985,timed_out,
TSX,medium,langflow-ai-langflow.git,d602738a6d204d11d8ea467a7ced8c2e06a0167f,src/frontend/src/pages/MainPage/pages/filesPage/index.tsx,79,79,158,2485,2485,552,552,timed_out,
TSX,medium,langflow-ai-langflow.git,d602738a6d204d11d8ea467a7ced8c2e06a0167f,src/frontend/src/pages/MainPage/pages/knowledgePage/components/KnowledgeBaseSelectionOverlay.tsx,97,99,196,2919,3114,668,710,timed_out,
TSX,medium,langflow-ai-langflow.git,d602738a6d204d11d8ea467a7ced8c2e06a0167f,src/frontend/src/pages/MainPage/pages/knowledgePage/components/__tests__/test-utils.tsx,126,126,252,3096,3120,782,790,timed_out,
TSX,medium,langflow-ai-langflow.git,d602738a6d204d11d8ea467a7ced8c2e06a0167f,src/frontend/src/pages/MainPage/pages/knowledgePage/index.tsx,143,140,283,4554,4595,1002,1014,timed_out,
TSX,medium,langflow-ai-langflow.git,d602738a6d204d11d8ea467a7ced8c2e06a0167f,src/frontend/src/routes.tsx,216,223,439,8074,8429,1726,1764,timed_out,
TSX,medium,langflow-ai-langflow.git,f849047695e24c4db35d02ca42014fd1ff84d4e1,src/frontend/src/components/ui/input.tsx,80,81,161,2087,2120,437,445,timed_out,
TSX,medium,microsoft-TypeScript.git,2fed59084b847e6c155382122859c8d638009676,tests/cases/conformance/jsx/checkJsxChildrenProperty14.tsx,48,47,95,1117,1091,447,446,ok,524.7150750000001
TSX,medium,microsoft-TypeScript.git,2fed59084b847e6c155382122859c8d638009676,tests/cases/conformance/jsx/tsxStatelessFunctionComponentOverload1.tsx,48,47,95,1866,1840,723,722,timed_out,
TSX,medium,microsoft-TypeScript.git,2fed59084b847e6c155382122859c8d638009676,tests/cases/conformance/jsx/tsxStatelessFunctionComponentsWithTypeArguments2.tsx,38,38,76,1019,1007,391,391,ok,319.294982
TSX,medium,microsoft-TypeScript.git,2fed59084b847e6c155382122859c8d638009676,tests/cases/conformance/jsx/tsxStatelessFunctionComponentsWithTypeArguments3.tsx,30,29,59,1229,1203,505,504,ok,774.77583
TSX,medium,microsoft-TypeScript.git,3fc1f264de2aacae0c008eb4295e66833ade36d9,tests/cases/compiler/callsOnComplexSignatures.tsx,106,107,213,2938,2958,1394,1395,timed_out,
TSX,medium,microsoft-TypeScript.git,3fc1f264de2aacae0c008eb4295e66833ade36d9,tests/cases/compiler/contextuallyTypedJsxChildren.tsx,47,48,95,1083,1102,301,302,ok,289.407263
TSX,medium,microsoft-TypeScript.git,3fc1f264de2aacae0c008eb4295e66833ade36d9,tests/cases/compiler/jsxElementType.tsx,113,114,227,3010,3029,865,866,ok,0.570974
TSX,medium,microsoft-TypeScript.git,3fc1f264de2aacae0c008eb4295e66833ade36d9,tests/cases/compiler/jsxNamespaceImplicitImportJSXNamespace.tsx,103,105,208,2850,2891,832,834,timed_out,
TSX,medium,microsoft-TypeScript.git,3fc1f264de2aacae0c008eb4295e66833ade36d9,tests/cases/compiler/jsxNamespacePrefixInName.tsx,30,31,61,1241,1261,605,606,timed_out,
TSX,medium,microsoft-TypeScript.git,3fc1f264de2aacae0c008eb4295e66833ade36d9,tests/cases/conformance/jsx/checkJsxChildrenProperty14.tsx,47,49,96,1108,1150,446,448,ok,725.69446
TSX,medium,microsoft-TypeScript.git,3fc1f264de2aacae0c008eb4295e66833ade36d9,tests/cases/conformance/jsx/inline/inlineJsxFactoryDeclarationsLocalTypes.tsx,86,88,174,2955,2996,1059,1061,timed_out,
TSX,medium,microsoft-TypeScript.git,3fc1f264de2aacae0c008eb4295e66833ade36d9,tests/cases/conformance/jsx/jsxReactTestSuite.tsx,117,118,235,1772,1791,730,731,timed_out,
TSX,medium,microsoft-TypeScript.git,3fc1f264de2aacae0c008eb4295e66833ade36d9,tests/cases/conformance/jsx/tsxReactEmit1.tsx,42,43,85,1089,1109,549,550,timed_out,
TSX,medium,microsoft-TypeScript.git,3fc1f264de2aacae0c008eb4295e66833ade36d9,tests/cases/conformance/jsx/tsxStatelessFunctionComponentOverload3.tsx,29,30,59,1202,1222,354,355,ok,310.886603
TSX,medium,microsoft-TypeScript.git,3fc1f264de2aacae0c008eb4295e66833ade36d9,tests/cases/conformance/jsx/tsxStatelessFunctionComponentOverload5.tsx,62,63,125,2121,2141,624,625,timed_out,
TSX,medium,microsoft-TypeScript.git,3fc1f264de2aacae0c008eb4295e66833ade36d9,tests/cases/conformance/jsx/tsxStatelessFunctionComponents1.tsx,59,60,119,1271,1291,470,471,ok,560.962469
TSX,medium,microsoft-TypeScript.git,3fc1f264de2aacae0c008eb4295e66833ade36d9,tests/cases/conformance/jsx/tsxStatelessFunctionComponents2.tsx,42,44,86,1147,1189,317,319,ok,252.01567699999998
TSX,medium,microsoft-TypeScript.git,3fc1f264de2aacae0c008eb4295e66833ade36d9,tests/cases/conformance/jsx/tsxStatelessFunctionComponentsWithTypeArguments1.tsx,37,38,75,1009,1029,382,383,ok,411.50691700000004
TSX,medium,microsoft-TypeScript.git,3fc1f264de2aacae0c008eb4295e66833ade36d9,tests/cases/conformance/types/contextualTypes/jsxAttributes/contextuallyTypedStringLiteralsInJsxAttributes02.tsx,45,46,91,1607,1627,489,490,ok,556.755426
TSX,medium,microsoft-TypeScript.git,3fc1f264de2aacae0c008eb4295e66833ade36d9,tests/cases/conformance/types/typeRelationships/typeInference/intraExpressionInferencesJsx.tsx,112,113,225,1625,1644,744,745,timed_out,
TSX,medium,microsoft-TypeScript.git,c1592ada0e9e05a0933326afb9055fa73f268fda,tests/cases/conformance/jsx/tsxStatelessFunctionComponentOverload1.tsx,47,47,94,1840,1857,722,722,timed_out,
TSX,medium,microsoft-TypeScript.git,c1592ada0e9e05a0933326afb9055fa73f268fda,tests/cases/conformance/jsx/tsxStatelessFunctionComponentOverload5.tsx,62,62,124,2104,2121,624,624,timed_out,
TSX,medium,microsoft-TypeScript.git,c1592ada0e9e05a0933326afb9055fa73f268fda,tests/cases/conformance/jsx/tsxStatelessFunctionComponentOverload6.tsx,65,65,130,2037,2054,651,651,timed_out,
TSX,medium,microsoft-TypeScript.git,c1592ada0e9e05a0933326afb9055fa73f268fda,tests/cases/conformance/jsx/tsxStatelessFunctionComponents1.tsx,59,59,118,1254,1271,470,470,ok,355.420638
TSX,medium,microsoft-TypeScript.git,c1592ada0e9e05a0933326afb9055fa73f268fda,tests/cases/conformance/jsx/tsxStatelessFunctionComponents2.tsx,42,42,84,1130,1147,317,317,ok,200.50815899999998
TSX,medium,microsoft-TypeScript.git,c1592ada0e9e05a0933326afb9055fa73f268fda,tests/cases/conformance/jsx/tsxStatelessFunctionComponentsWithTypeArguments1.tsx,37,37,74,992,1009,382,382,ok,315.185234
TSX,medium,microsoft-TypeScript.git,c1592ada0e9e05a0933326afb9055fa73f268fda,tests/cases/conformance/jsx/tsxStatelessFunctionComponentsWithTypeArguments2.tsx,38,38,76,1007,1024,391,391,ok,353.591786
TSX,medium,microsoft-TypeScript.git,c1592ada0e9e05a0933326afb9055fa73f268fda,tests/cases/conformance/jsx/tsxStatelessFunctionComponentsWithTypeArguments3.tsx,29,29,58,1203,1220,504,504,ok,648.387712
TSX,medium,mui-material-ui.git,09f45362c4bfc0c684f846ee9785cf6e8600d2d4,packages/mui-material-nextjs/src/v13-appRouter/appRouterV13.tsx,124,126,250,4143,4215,961,978,timed_out,
TSX,medium,mui-material-ui.git,09f45362c4bfc0c684f846ee9785cf6e8600d2d4,packages/mui-material/src/InitColorSchemeScript/InitColorSchemeScript.tsx,138,138,276,4560,4644,459,487,ok,718.001012
TSX,medium,mui-material-ui.git,09f45362c4bfc0c684f846ee9785cf6e8600d2d4,packages/mui-system/src/Container/createContainer.tsx,183,188,371,6280,6387,1569,1600,timed_out,
TSX,medium,mui-material-ui.git,09f45362c4bfc0c684f846ee9785cf6e8600d2d4,packages/mui-system/src/DefaultPropsProvider/DefaultPropsProvider.tsx,63,65,128,2268,2328,531,548,timed_out,
TSX,medium,mui-material-ui.git,09f45362c4bfc0c684f846ee9785cf6e8600d2d4,packages/mui-system/src/GlobalStyles/GlobalStyles.tsx,80,80,160,2630,2666,541,553,timed_out,
TSX,medium,mui-material-ui.git,09f45362c4bfc0c684f846ee9785cf6e8600d2d4,packages/mui-system/src/InitColorSchemeScript/InitColorSchemeScript.tsx,121,121,242,3909,3993,630,658,timed_out,
TSX,medium,mui-material-ui.git,09f45362c4bfc0c684f846ee9785cf6e8600d2d4,packages/mui-system/src/Stack/createStack.tsx,239,241,480,7184,7244,1916,1932,timed_out,
TSX,medium,mui-material-ui.git,12ea064a61126bae0dc1c0e3bd7ffd7084b9834f,docs/data/material/components/grid/HalfBorderedGrid.tsx,38,38,76,1157,1165,360,366,timed_out,
TSX,medium,mui-material-ui.git,12ea064a61126bae0dc1c0e3bd7ffd7084b9834f,docs/data/system/components/grid/NestedGrid.tsx,109,111,220,3249,3282,1044,1045,timed_out,
TSX,medium,mui-material-ui.git,12ea064a61126bae0dc1c0e3bd7ffd7084b9834f,docs/data/system/components/grid/SpacingGrid.tsx,72,72,144,2286,2296,629,638,timed_out,
TSX,medium,mui-material-ui.git,12ea064a61126bae0dc1c0e3bd7ffd7084b9834f,docs/src/components/productDesignKit/DesignKitDemo.tsx,264,264,528,9467,9477,2210,2219,timed_out,
TSX,medium,mui-material-ui.git,12ea064a61126bae0dc1c0e3bd7ffd7084b9834f,docs/src/components/productTemplate/TemplateDemo.tsx,222,222,444,8989,8999,2042,2051,timed_out,
TSX,medium,mui-material-ui.git,12ea064a61126bae0dc1c0e3bd7ffd7084b9834f,packages/mui-material/src/Grid/Grid.tsx,282,282,564,8932,8898,1448,1437,timed_out,
TSX,medium,mui-material-ui.git,48e7bd80d280088591576a12bf8f681aed25015e,docs/data/material/components/tooltips/PositionedTooltips.tsx,69,69,138,2184,2310,668,686,timed_out,
TSX,medium,mui-material-ui.git,48e7bd80d280088591576a12bf8f681aed25015e,docs/data/material/components/tooltips/VariableWidth.tsx,41,41,82,1267,1309,373,379,ok,740.079496
TSX,medium,mui-material-ui.git,6e9f2ab1004a1c3fc5f5760e132db9da67310af1,docs/data/material/components/menus/GroupedMenu.tsx,56,65,121,1629,2029,447,469,timed_out,
TSX,medium,mui-material-ui.git,a73691eaac8d194d667ce894e6a51c7a78dc3778,docs/pages/pricing.tsx,59,59,118,2425,2397,467,467,timed_out,
TSX,medium,mui-material-ui.git,a73691eaac8d194d667ce894e6a51c7a78dc3778,packages/mui-material/src/PigmentContainer/PigmentContainer.tsx,156,157,313,5078,5092,812,818,timed_out,
TSX,medium,mui-material-ui.git,a73691eaac8d194d667ce894e6a51c7a78dc3778,packages/mui-material/src/PigmentStack/PigmentStack.tsx,136,137,273,4874,4888,1120,1126,timed_out,
TSX,medium,mui-material-ui.git,ae29d0374130a852824d81a1efdfa1e0646701ee,docs/src/modules/components/AnalyticsProvider.tsx,200,199,399,6187,6164,1529,1524,timed_out,
TSX,medium,mui-material-ui.git,c2f850655ee14d11f6ef35638bd3cd2332c683ec,packages/mui-material/src/ClickAwayListener/ClickAwayListener.tsx,259,259,518,8598,8613,1489,1489,timed_out,
TSX,medium,mui-material-ui.git,c2f850655ee14d11f6ef35638bd3cd2332c683ec,packages/mui-material/src/PigmentContainer/PigmentContainer.tsx,156,156,312,4996,5006,788,788,timed_out,
TSX,medium,mui-material-ui.git,c2f850655ee14d11f6ef35638bd3cd2332c683ec,packages/mui-material/src/PigmentStack/PigmentStack.tsx,136,136,272,4816,4826,1104,1104,timed_out,
TSX,medium,mui-material-ui.git,c2f850655ee14d11f6ef35638bd3cd2332c683ec,packages/mui-material/src/Popper/Popper.tsx,305,305,610,9011,9031,1284,1284,timed_out,
TSX,medium,mui-material-ui.git,d667c7ef3371241b30a6890a0e6f0b54216efe84,docs/pages/customers.tsx,55,55,110,1809,1841,379,379,ok,390.806189
TSX,medium,mui-material-ui.git,d667c7ef3371241b30a6890a0e6f0b54216efe84,docs/src/components/customers/CustomerQuotes.tsx,231,231,462,7286,7248,1390,1373,timed_out,
TSX,medium,mui-material-ui.git,d667c7ef3371241b30a6890a0e6f0b54216efe84,docs/src/components/customers/CustomersSpotlight.tsx,184,181,365,6068,5920,1524,1498,timed_out,
TSX,medium,mui-material-ui.git,d667c7ef3371241b30a6890a0e6f0b54216efe84,docs/src/components/header/HeaderNavDropdown.tsx,292,287,579,9262,9098,2107,2069,timed_out,
TSX,medium,mui-material-ui.git,df76c5f559e95d70630c02132b6b279e2176091f,docs/src/modules/components/DemoContext.tsx,98,94,192,3057,2845,424,424,ok,715.907326
TSX,medium,mui-material-ui.git,e22f0452dbc1c53184d9982c20255a865bcda198,docs/data/joy/getting-started/templates/sign-in-side/App.tsx,231,231,462,7866,7868,1877,1877,timed_out,
TSX,medium,mui-material-ui.git,e22f0452dbc1c53184d9982c20255a865bcda198,packages/mui-material/src/Button/Button.spec.tsx,161,161,322,4541,4545,1395,1395,timed_out,
TSX,medium,mui-material-ui.git,e22f0452dbc1c53184d9982c20255a865bcda198,packages/mui-material/src/GridLegacy/GridLegacy.spec.tsx,63,63,126,1638,1644,517,517,ok,846.040915
TSX,medium,shadcn-ui-ui.git,8648ddb528565517345b873020b80dfdd856da91,apps/v4/registry/new-york-v4/examples/form-rhf-checkbox.tsx,187,187,374,6106,6116,1335,1335,timed_out,
TSX,medium,shadcn-ui-ui.git,8648ddb528565517345b873020b80dfdd856da91,apps/v4/registry/new-york-v4/examples/form-tanstack-checkbox.tsx,210,210,420,6841,6880,1385,1392,timed_out,
TSX,medium,shadcn-ui-ui.git,9e6765f4e2300916027160bf020929bf68f8be34,apps/v4/examples/base/ui-rtl/radio-group.tsx,38,37,75,1633,1687,252,239,ok,131.221608
TSX,medium,shadcn-ui-ui.git,9e6765f4e2300916027160bf020929bf68f8be34,apps/v4/examples/radix/ui/radio-group.tsx,44,43,87,1652,1706,269,256,ok,155.093068
TSX,medium,shadcn-ui-ui.git,9e6765f4e2300916027160bf020929bf68f8be34,apps/v4/registry/bases/base/ui/radio-group.tsx,46,38,84,1425,1159,287,239,ok,169.638721
TSX,medium,shadcn-ui-ui.git,9e6765f4e2300916027160bf020929bf68f8be34,apps/v4/registry/bases/radix/ui/radio-group.tsx,52,44,96,1465,1199,304,256,ok,198.74086899999998
TSX,medium,shadcn-ui-ui.git,ae895787c10bffd9f3c6bf97c7807d48d9aa6ace,apps/v4/examples/base/ui-rtl/accordion.tsx,79,79,158,2672,2682,444,444,ok,509.66763299999997
TSX,medium,shadcn-ui-ui.git,b86885512f8acf8e114712876c16d8e8f57fa343,apps/v4/registry/bases/base/ui/badge.tsx,48,48,96,1406,1406,294,294,ok,202.415406
TSX,medium,shadcn-ui-ui.git,e90efd4fa94da6027cfa05a02a58a1b752eb7a29,apps/v4/examples/radix/ui-rtl/dropdown-menu.tsx,272,272,544,8918,8918,1453,1453,timed_out,
TSX,medium,shadcn-ui-ui.git,feff5b6a573e11430071c1b72645505a23a5caef,apps/v4/registry/new-york-v4/examples/form-tanstack-checkbox.tsx,200,210,410,6442,6841,1367,1385,timed_out,
TSX,small,Sonarr-Sonarr.git,21ca65a0151944a3a46303c7c4d3aa16220a57cd,frontend/src/Settings/Profiles/Quality/QualityProfileName.tsx,18,15,33,577,453,132,113,ok,20.354339
TSX,small,Sonarr-Sonarr.git,28300ffb2b57936b554724d9b339b76dd837114b,frontend/src/Components/Page/Sidebar/PageSidebarStatus.tsx,35,36,71,570,664,191,227,ok,79.03320799999999
TSX,small,excalidraw-excalidraw.git,063533aede8365bf18b8f08ec949a1e93697c17d,packages/excalidraw/components/Sidebar/SidebarTab.tsx,19,19,38,430,425,144,147,ok,61.62687699999999
TSX,small,excalidraw-excalidraw.git,063533aede8365bf18b8f08ec949a1e93697c17d,packages/excalidraw/components/Sidebar/SidebarTabTrigger.tsx,27,27,54,695,690,207,210,ok,170.083052
TSX,small,excalidraw-excalidraw.git,063533aede8365bf18b8f08ec949a1e93697c17d,packages/excalidraw/components/Sidebar/SidebarTabTriggers.tsx,16,16,32,385,380,124,127,ok,45.894396
TSX,small,excalidraw-excalidraw.git,063533aede8365bf18b8f08ec949a1e93697c17d,packages/excalidraw/components/Sidebar/SidebarTabs.tsx,37,37,74,875,870,271,274,ok,271.772503
TSX,small,excalidraw-excalidraw.git,063533aede8365bf18b8f08ec949a1e93697c17d,packages/excalidraw/components/TTDDialog/TTDDialogTabTriggers.tsx,13,13,26,371,366,113,116,ok,48.825585
TSX,small,excalidraw-excalidraw.git,47cbb5b6fbeba23fbdfb72729159d723f1176746,examples/with-script-in-browser/components/MobileFooter.tsx,30,30,60,685,728,171,174,ok,66.282741
TSX,small,excalidraw-excalidraw.git,47cbb5b6fbeba23fbdfb72729159d723f1176746,packages/excalidraw/components/dropdownMenu/DropdownMenuTrigger.tsx,41,41,82,861,904,263,266,ok,266.255358
TSX,small,excalidraw-excalidraw.git,7f66e1fe897873713ba04410534be2d97b9139af,excalidraw-app/components/ExcalidrawPlusPromoBanner.tsx,22,22,44,501,476,125,109,ok,58.416896
TSX,small,excalidraw-excalidraw.git,8013eb5e1628293ee671e431c52184dc576fe293,packages/excalidraw/components/TTDDialog/TTDDialogSubmitShortcut.tsx,14,14,28,390,403,109,109,ok,38.092687
TSX,small,excalidraw-excalidraw.git,b9a255407fc5e68893016de56057614da26df50c,packages/excalidraw/components/Card.tsx,28,38,66,710,997,225,288,ok,275.017911
TSX,small,excalidraw-excalidraw.git,c99e81678bd13eb34c4f027472e8cd0b4121ba4d,packages/excalidraw/actions/actionToggleZenMode.tsx,33,36,69,902,973,279,300,ok,226.881623
TSX,small,langflow-ai-langflow.git,126c037aa01eab003d0a90f0e0b54ca1765baed0,src/frontend/src/components/ui/textarea.tsx,33,33,66,828,841,228,228,ok,183.16100699999998
TSX,small,microsoft-TypeScript.git,2fed59084b847e6c155382122859c8d638009676,tests/cases/compiler/jsxHasLiteralType.tsx,11,11,22,290,281,90,90,ok,7.909898999999999
TSX,small,microsoft-TypeScript.git,2fed59084b847e6c155382122859c8d638009676,tests/cases/compiler/jsxSpreadFirstUnionNoErrors.tsx,20,20,40,518,509,171,171,ok,42.061423
TSX,small,microsoft-TypeScript.git,2fed59084b847e6c155382122859c8d638009676,tests/cases/conformance/jsx/checkJsxChildrenProperty1.tsx,28,27,55,512,486,187,186,ok,51.005117000000006
TSX,small,microsoft-TypeScript.git,2fed59084b847e6c155382122859c8d638009676,tests/cases/conformance/jsx/checkJsxChildrenProperty12.tsx,37,36,73,704,678,203,202,ok,77.59045400000001
TSX,small,microsoft-TypeScript.git,2fed59084b847e6c155382122859c8d638009676,tests/cases/conformance/jsx/checkJsxChildrenProperty13.tsx,33,32,65,697,671,174,173,ok,58.976461
TSX,small,microsoft-TypeScript.git,2fed59084b847e6c155382122859c8d638009676,tests/cases/conformance/jsx/checkJsxChildrenProperty15.tsx,18,17,35,423,397,169,168,ok,49.09977
TSX,small,microsoft-TypeScript.git,2fed59084b847e6c155382122859c8d638009676,tests/cases/conformance/jsx/checkJsxChildrenProperty4.tsx,50,49,99,931,905,243,242,ok,148.640099
TSX,small,microsoft-TypeScript.git,2fed59084b847e6c155382122859c8d638009676,tests/cases/conformance/jsx/checkJsxChildrenProperty5.tsx,36,35,71,676,650,218,217,ok,64.943815
TSX,small,microsoft-TypeScript.git,2fed59084b847e6c155382122859c8d638009676,tests/cases/conformance/jsx/checkJsxChildrenProperty7.tsx,34,33,67,762,736,279,278,ok,126.779918
TSX,small,microsoft-TypeScript.git,2fed59084b847e6c155382122859c8d638009676,tests/cases/conformance/jsx/checkJsxGenericTagHasCorrectInferences.tsx,18,17,35,872,846,260,259,ok,108.595364
TSX,small,microsoft-TypeScript.git,2fed59084b847e6c155382122859c8d638009676,tests/cases/conformance/jsx/commentEmittingInPreserveJsx1.tsx,36,35,71,524,498,90,89,ok,7.266094
TSX,small,microsoft-TypeScript.git,2fed59084b847e6c155382122859c8d638009676,tests/cases/conformance/jsx/correctlyMarkAliasAsReferences1.tsx,18,18,36,452,443,99,99,ok,11.821881
TSX,small,microsoft-TypeScript.git,2fed59084b847e6c155382122859c8d638009676,tests/cases/conformance/jsx/correctlyMarkAliasAsReferences2.tsx,18,18,36,476,467,115,115,ok,15.272516999999999
TSX,small,microsoft-TypeScript.git,2fed59084b847e6c155382122859c8d638009676,tests/cases/conformance/jsx/correctlyMarkAliasAsReferences4.tsx,16,16,32,438,429,106,106,ok,11.700237000000001
TSX,small,microsoft-TypeScript.git,2fed59084b847e6c155382122859c8d638009676,tests/cases/conformance/jsx/tsxDefaultAttributesResolution1.tsx,19,18,37,320,295,87,86,ok,8.430181
TSX,small,microsoft-TypeScript.git,2fed59084b847e6c155382122859c8d638009676,tests/cases/conformance/jsx/tsxGenericAttributesType2.tsx,11,10,21,355,329,107,106,ok,18.977688
TSX,small,microsoft-TypeScript.git,2fed59084b847e6c155382122859c8d638009676,tests/cases/conformance/jsx/tsxGenericAttributesType6.tsx,19,18,37,430,404,151,150,ok,33.870468
TSX,small,microsoft-TypeScript.git,2fed59084b847e6c155382122859c8d638009676,tests/cases/conformance/jsx/tsxGenericAttributesType7.tsx,16,15,31,410,384,134,133,ok,19.798322
TSX,small,microsoft-TypeScript.git,2fed59084b847e6c155382122859c8d638009676,tests/cases/conformance/jsx/tsxGenericAttributesType8.tsx,16,15,31,404,378,127,126,ok,17.012249
TSX,small,microsoft-TypeScript.git,2fed59084b847e6c155382122859c8d638009676,tests/cases/conformance/jsx/tsxGenericAttributesType9.tsx,18,17,35,370,344,105,104,ok,17.222089999999998
TSX,small,microsoft-TypeScript.git,2fed59084b847e6c155382122859c8d638009676,tests/cases/conformance/jsx/tsxReactComponentWithDefaultTypeParameter1.tsx,18,17,35,335,309,98,97,ok,9.317037000000001
TSX,small,microsoft-TypeScript.git,2fed59084b847e6c155382122859c8d638009676,tests/cases/conformance/jsx/tsxReactComponentWithDefaultTypeParameter2.tsx,19,18,37,348,322,100,99,ok,12.635511000000001
TSX,small,microsoft-TypeScript.git,2fed59084b847e6c155382122859c8d638009676,tests/cases/conformance/jsx/tsxSfcReturnNullStrictNullChecks.tsx,18,17,35,339,313,86,85,ok,7.940950000000001
TSX,small,microsoft-TypeScript.git,2fed59084b847e6c155382122859c8d638009676,tests/cases/conformance/jsx/tsxSpreadAttributesResolution10.tsx,28,27,55,488,463,183,182,ok,40.023083
TSX,small,microsoft-TypeScript.git,2fed59084b847e6c155382122859c8d638009676,tests/cases/conformance/jsx/tsxSpreadAttributesResolution11.tsx,37,36,73,880,855,374,373,ok,184.52786600000002
TSX,small,microsoft-TypeScript.git,2fed59084b847e6c155382122859c8d638009676,tests/cases/conformance/jsx/tsxSpreadAttributesResolution12.tsx,37,36,73,734,709,292,291,ok,97.080692
TSX,small,microsoft-TypeScript.git,2fed59084b847e6c155382122859c8d638009676,tests/cases/conformance/jsx/tsxSpreadAttributesResolution13.tsx,34,33,67,679,654,167,166,ok,45.414944
TSX,small,microsoft-TypeScript.git,2fed59084b847e6c155382122859c8d638009676,tests/cases/conformance/jsx/tsxSpreadAttributesResolution15.tsx,30,29,59,612,587,144,143,ok,24.582227000000003
TSX,small,microsoft-TypeScript.git,2fed59084b847e6c155382122859c8d638009676,tests/cases/conformance/jsx/tsxSpreadAttributesResolution16.tsx,31,30,61,616,591,136,135,ok,19.852364
TSX,small,microsoft-TypeScript.git,2fed59084b847e6c155382122859c8d638009676,tests/cases/conformance/jsx/tsxSpreadAttributesResolution17.tsx,25,23,48,503,464,139,137,ok,24.925853
TSX,small,microsoft-TypeScript.git,2fed59084b847e6c155382122859c8d638009676,tests/cases/conformance/jsx/tsxSpreadAttributesResolution4.tsx,40,39,79,768,743,283,282,ok,114.739491
TSX,small,microsoft-TypeScript.git,2fed59084b847e6c155382122859c8d638009676,tests/cases/conformance/jsx/tsxSpreadAttributesResolution5.tsx,39,38,77,647,622,199,198,ok,55.718413
TSX,small,microsoft-TypeScript.git,2fed59084b847e6c155382122859c8d638009676,tests/cases/conformance/jsx/tsxSpreadAttributesResolution8.tsx,32,31,63,541,516,178,177,ok,42.754976
TSX,small,microsoft-TypeScript.git,2fed59084b847e6c155382122859c8d638009676,tests/cases/conformance/jsx/tsxSpreadAttributesResolution9.tsx,30,29,59,506,481,186,185,ok,40.00558
TSX,small,microsoft-TypeScript.git,2fed59084b847e6c155382122859c8d638009676,tests/cases/conformance/jsx/tsxStatelessFunctionComponents3.tsx,24,23,47,484,458,152,151,ok,43.544594
TSX,small,microsoft-TypeScript.git,2fed59084b847e6c155382122859c8d638009676,tests/cases/conformance/jsx/tsxStatelessFunctionComponentsWithTypeArguments4.tsx,18,17,35,633,607,224,223,ok,67.090311
TSX,small,microsoft-TypeScript.git,2fed59084b847e6c155382122859c8d638009676,tests/cases/conformance/jsx/tsxUnionElementType3.tsx,42,41,83,843,817,281,280,ok,91.799388
TSX,small,microsoft-TypeScript.git,2fed59084b847e6c155382122859c8d638009676,tests/cases/conformance/jsx/tsxUnionElementType4.tsx,40,39,79,766,740,252,251,ok,70.335537
TSX,small,microsoft-TypeScript.git,2fed59084b847e6c155382122859c8d638009676,tests/cases/conformance/jsx/tsxUnionElementType6.tsx,28,27,55,580,554,168,167,ok,30.859841999999997
TSX,small,microsoft-TypeScript.git,2fed59084b847e6c155382122859c8d638009676,tests/cases/conformance/jsx/tsxUnionTypeComponent1.tsx,28,27,55,650,625,167,166,ok,50.735741000000004
TSX,small,microsoft-TypeScript.git,2fed59084b847e6c155382122859c8d638009676,tests/cases/conformance/jsx/tsxUnionTypeComponent2.tsx,15,14,29,232,207,54,53,ok,5.825564
TSX,small,microsoft-TypeScript.git,3fc1f264de2aacae0c008eb4295e66833ade36d9,tests/cases/compiler/commentsOnJSXExpressionsArePreserved.tsx,23,24,47,630,650,71,72,ok,18.009951
TSX,small,microsoft-TypeScript.git,3fc1f264de2aacae0c008eb4295e66833ade36d9,tests/cases/compiler/contextuallyTypedJsxAttribute2.tsx,28,29,57,688,707,248,249,ok,167.21239500000001
TSX,small,microsoft-TypeScript.git,3fc1f264de2aacae0c008eb4295e66833ade36d9,tests/cases/compiler/discriminatedUnionJsxElement.tsx,25,26,51,691,711,154,155,ok,30.538508
TSX,small,microsoft-TypeScript.git,3fc1f264de2aacae0c008eb4295e66833ade36d9,tests/cases/compiler/errorSpanForUnclosedJsxTag.tsx,12,13,25,138,157,58,59,ok,2.7178649999999998
TSX,small,microsoft-TypeScript.git,3fc1f264de2aacae0c008eb4295e66833ade36d9,tests/cases/compiler/genericInferenceDefaultTypeParameterJsxReact.tsx,17,19,36,483,524,129,131,ok,22.531595000000003
TSX,small,microsoft-TypeScript.git,3fc1f264de2aacae0c008eb4295e66833ade36d9,tests/cases/compiler/ignoredJsxAttributes.tsx,22,23,45,450,470,140,141,ok,24.305994000000002
TSX,small,microsoft-TypeScript.git,3fc1f264de2aacae0c008eb4295e66833ade36d9,tests/cases/compiler/importHelpersInTsx.tsx,23,23,46,928,936,288,288,ok,96.51026999999999
TSX,small,microsoft-TypeScript.git,3fc1f264de2aacae0c008eb4295e66833ade36d9,tests/cases/compiler/jsxChildrenSingleChildConfusableWithMultipleChildrenNoError.tsx,26,28,54,520,561,138,140,ok,38.661334
TSX,small,microsoft-TypeScript.git,3fc1f264de2aacae0c008eb4295e66833ade36d9,tests/cases/compiler/jsxComponentTypeErrors.tsx,40,41,81,816,835,262,263,ok,99.81793
TSX,small,microsoft-TypeScript.git,3fc1f264de2aacae0c008eb4295e66833ade36d9,tests/cases/compiler/jsxDeclarationsWithEsModuleInteropNoCrash.tsx,29,30,59,605,625,115,116,ok,13.298259999999999
TSX,small,microsoft-TypeScript.git,3fc1f264de2aacae0c008eb4295e66833ade36d9,tests/cases/compiler/jsxElementTypeLiteralWithGeneric.tsx,23,25,48,543,583,123,125,ok,44.042746
TSX,small,microsoft-TypeScript.git,3fc1f264de2aacae0c008eb4295e66833ade36d9,tests/cases/compiler/jsxElementsAsIdentifierNames.tsx,18,19,37,279,299,77,78,ok,5.766294
TSX,small,microsoft-TypeScript.git,3fc1f264de2aacae0c008eb4295e66833ade36d9,tests/cases/compiler/jsxEmptyExpressionNotCountedAsChild.tsx,19,21,40,373,414,102,104,ok,11.217979
TSX,small,microsoft-TypeScript.git,3fc1f264de2aacae0c008eb4295e66833ade36d9,tests/cases/compiler/jsxExcessPropsAndAssignability.tsx,17,19,36,590,631,148,150,ok,49.691492
TSX,small,microsoft-TypeScript.git,3fc1f264de2aacae0c008eb4295e66833ade36d9,tests/cases/compiler/jsxFactoryAndJsxFragmentFactoryNull.tsx,8,9,17,152,172,70,71,ok,6.0614349999999995
TSX,small,microsoft-TypeScript.git,3fc1f264de2aacae0c008eb4295e66833ade36d9,tests/cases/compiler/jsxFactoryButNoJsxFragmentFactory.tsx,7,8,15,123,143,69,70,ok,5.930531
TSX,small,microsoft-TypeScript.git,3fc1f264de2aacae0c008eb4295e66833ade36d9,tests/cases/compiler/jsxFragmentAndFactoryUsedOnFragmentUse.tsx,13,15,28,292,333,61,63,ok,5.676202
TSX,small,microsoft-TypeScript.git,3fc1f264de2aacae0c008eb4295e66833ade36d9,tests/cases/compiler/jsxFragmentFactoryNoUnusedLocals.tsx,18,20,38,484,525,143,145,ok,42.778631
TSX,small,microsoft-TypeScript.git,3fc1f264de2aacae0c008eb4295e66833ade36d9,tests/cases/compiler/jsxGenericComponentWithSpreadingResultOfGenericFunction.tsx,18,19,37,468,487,179,180,ok,46.345735999999995
TSX,small,microsoft-TypeScript.git,3fc1f264de2aacae0c008eb4295e66833ade36d9,tests/cases/compiler/jsxHasLiteralType.tsx,11,12,23,298,318,90,91,ok,10.263827
TSX,small,microsoft-TypeScript.git,3fc1f264de2aacae0c008eb4295e66833ade36d9,tests/cases/compiler/jsxImportSourceNonPragmaComment.tsx,14,16,30,304,345,52,54,ok,4.310887999999999
TSX,small,microsoft-TypeScript.git,3fc1f264de2aacae0c008eb4295e66833ade36d9,tests/cases/compiler/jsxInExtendsClause.tsx,12,13,25,450,470,159,160,ok,46.080175000000004
TSX,small,microsoft-TypeScript.git,3fc1f264de2aacae0c008eb4295e66833ade36d9,tests/cases/compiler/jsxIntrinsicElementsCompatability.tsx,12,13,25,431,451,127,128,ok,22.212685999999998
TSX,small,microsoft-TypeScript.git,3fc1f264de2aacae0c008eb4295e66833ade36d9,tests/cases/compiler/jsxIntrinsicElementsTypeArgumentErrors.tsx,29,30,59,949,969,262,263,ok,81.280608
TSX,small,microsoft-TypeScript.git,3fc1f264de2aacae0c008eb4295e66833ade36d9,tests/cases/compiler/jsxLibraryManagedAttributesUnusedGeneric.tsx,30,31,61,932,952,205,206,ok,72.858577
TSX,small,microsoft-TypeScript.git,3fc1f264de2aacae0c008eb4295e66833ade36d9,tests/cases/compiler/jsxLocalNamespaceIndexSignatureNoCrash.tsx,21,23,44,358,399,99,101,ok,13.690431
TSX,small,microsoft-TypeScript.git,3fc1f264de2aacae0c008eb4295e66833ade36d9,tests/cases/compiler/jsxMultilineAttributeStringValues.tsx,7,8,15,117,137,46,47,ok,2.722094
TSX,small,microsoft-TypeScript.git,3fc1f264de2aacae0c008eb4295e66833ade36d9,tests/cases/compiler/jsxNamespaceElementChildrenAttributeIgnoredWhenReactJsx.tsx,28,30,58,590,630,169,171,ok,41.1452
TSX,small,microsoft-TypeScript.git,3fc1f264de2aacae0c008eb4295e66833ade36d9,tests/cases/compiler/jsxNestedWithinTernaryParsesCorrectly.tsx,14,15,29,276,296,68,69,ok,9.774181
TSX,small,microsoft-TypeScript.git,3fc1f264de2aacae0c008eb4295e66833ade36d9,tests/cases/compiler/jsxPartialSpread.tsx,12,13,25,369,389,124,125,ok,29.347674
TSX,small,microsoft-TypeScript.git,3fc1f264de2aacae0c008eb4295e66833ade36d9,tests/cases/compiler/jsxPropsAsIdentifierNames.tsx,12,13,25,241,261,54,55,ok,3.4959610000000003
TSX,small,microsoft-TypeScript.git,3fc1f264de2aacae0c008eb4295e66833ade36d9,tests/cases/compiler/jsxSpreadFirstUnionNoErrors.tsx,20,21,41,526,546,171,172,ok,49.609814
TSX,small,microsoft-TypeScript.git,3fc1f264de2aacae0c008eb4295e66833ade36d9,tests/cases/compiler/jsxViaImport.tsx,23,24,47,542,562,132,133,ok,23.926797999999998
TSX,small,microsoft-TypeScript.git,3fc1f264de2aacae0c008eb4295e66833ade36d9,tests/cases/compiler/privateNameJsx.tsx,9,10,19,114,133,40,41,ok,1.701456
TSX,small,microsoft-TypeScript.git,3fc1f264de2aacae0c008eb4295e66833ade36d9,tests/cases/compiler/reactJsxReactResolvedNodeNext.tsx,20,21,41,565,585,112,113,ok,19.401365000000002
TSX,small,microsoft-TypeScript.git,3fc1f264de2aacae0c008eb4295e66833ade36d9,tests/cases/compiler/reactJsxReactResolvedNodeNextEsm.tsx,28,29,57,701,721,158,159,ok,29.465158000000002
TSX,small,microsoft-TypeScript.git,3fc1f264de2aacae0c008eb4295e66833ade36d9,tests/cases/compiler/reactNamespaceInvalidInput.tsx,4,5,9,64,84,11,12,ok,0.130848
TSX,small,microsoft-TypeScript.git,3fc1f264de2aacae0c008eb4295e66833ade36d9,tests/cases/compiler/reactSFCAndFunctionResolvable.tsx,25,27,52,625,666,178,180,ok,39.481145000000005
TSX,small,microsoft-TypeScript.git,3fc1f264de2aacae0c008eb4295e66833ade36d9,tests/cases/compiler/reactTagNameComponentWithPropsNoOOM.tsx,13,15,28,286,327,100,102,ok,10.578051
TSX,small,microsoft-TypeScript.git,3fc1f264de2aacae0c008eb4295e66833ade36d9,tests/cases/compiler/spreadIntersectionJsx.tsx,6,7,13,136,155,58,59,ok,2.982325
TSX,small,microsoft-TypeScript.git,3fc1f264de2aacae0c008eb4295e66833ade36d9,tests/cases/compiler/tsxAttributeQuickinfoTypesSameAsObjectLiteral.tsx,19,20,39,295,315,127,128,ok,25.01444
TSX,small,microsoft-TypeScript.git,3fc1f264de2aacae0c008eb4295e66833ade36d9,tests/cases/compiler/tsxAttributesHasInferrableIndex.tsx,18,19,37,492,512,145,146,ok,29.193694
TSX,small,microsoft-TypeScript.git,3fc1f264de2aacae0c008eb4295e66833ade36d9,tests/cases/compiler/tsxNoTypeAnnotatedSFC.tsx,9,10,19,237,257,55,56,ok,6.953286
TSX,small,microsoft-TypeScript.git,3fc1f264de2aacae0c008eb4295e66833ade36d9,tests/cases/compiler/tsxNotUsingApparentTypeOfSFC.tsx,22,23,45,580,600,154,155,ok,71.66418900000001
TSX,small,microsoft-TypeScript.git,3fc1f264de2aacae0c008eb4295e66833ade36d9,tests/cases/compiler/tsxReactPropsInferenceSucceedsOnIntersections.tsx,18,19,37,508,528,137,138,ok,32.919187
TSX,small,microsoft-TypeScript.git,3fc1f264de2aacae0c008eb4295e66833ade36d9,tests/cases/compiler/tsxStatelessComponentDefaultProps.tsx,17,19,36,319,360,76,78,ok,5.285607000000001
TSX,small,microsoft-TypeScript.git,3fc1f264de2aacae0c008eb4295e66833ade36d9,tests/cases/compiler/tsxUnionMemberChecksFilterDataProps.tsx,10,12,22,456,497,157,159,ok,39.490826
TSX,small,microsoft-TypeScript.git,3fc1f264de2aacae0c008eb4295e66833ade36d9,tests/cases/compiler/typeInferenceWithExcessPropertiesJsx.tsx,26,28,54,620,660,219,221,ok,81.50883
TSX,small,microsoft-TypeScript.git,3fc1f264de2aacae0c008eb4295e66833ade36d9,tests/cases/conformance/controlFlow/controlFlowOptionalChain3.tsx,44,45,89,716,735,250,251,ok,132.305044
TSX,small,microsoft-TypeScript.git,3fc1f264de2aacae0c008eb4295e66833ade36d9,tests/cases/conformance/directives/multiline.tsx,53,55,108,876,917,247,249,ok,112.00175
TSX,small,microsoft-TypeScript.git,3fc1f264de2aacae0c008eb4295e66833ade36d9,tests/cases/conformance/jsx/checkJsxChildrenCanBeTupleType.tsx,24,25,49,462,482,111,112,ok,10.170141000000001
TSX,small,microsoft-TypeScript.git,3fc1f264de2aacae0c008eb4295e66833ade36d9,tests/cases/conformance/jsx/checkJsxChildrenProperty1.tsx,27,29,56,503,544,186,188,ok,52.531634000000004
TSX,small,microsoft-TypeScript.git,3fc1f264de2aacae0c008eb4295e66833ade36d9,tests/cases/conformance/jsx/checkJsxChildrenProperty10.tsx,24,25,49,552,572,244,245,ok,108.27501600000001
TSX,small,microsoft-TypeScript.git,3fc1f264de2aacae0c008eb4295e66833ade36d9,tests/cases/conformance/jsx/checkJsxChildrenProperty11.tsx,25,26,51,576,596,245,246,ok,97.40513100000001
TSX,small,microsoft-TypeScript.git,3fc1f264de2aacae0c008eb4295e66833ade36d9,tests/cases/conformance/jsx/checkJsxChildrenProperty12.tsx,36,38,74,695,737,202,204,ok,75.639105
TSX,small,microsoft-TypeScript.git,3fc1f264de2aacae0c008eb4295e66833ade36d9,tests/cases/conformance/jsx/checkJsxChildrenProperty13.tsx,32,34,66,688,730,173,175,ok,59.481289
TSX,small,microsoft-TypeScript.git,3fc1f264de2aacae0c008eb4295e66833ade36d9,tests/cases/conformance/jsx/checkJsxChildrenProperty15.tsx,17,19,36,414,456,168,170,ok,38.751968999999995
TSX,small,microsoft-TypeScript.git,3fc1f264de2aacae0c008eb4295e66833ade36d9,tests/cases/conformance/jsx/checkJsxChildrenProperty6.tsx,48,50,98,851,893,314,316,ok,165.711299
TSX,small,microsoft-TypeScript.git,3fc1f264de2aacae0c008eb4295e66833ade36d9,tests/cases/conformance/jsx/checkJsxChildrenProperty7.tsx,33,35,68,753,795,278,280,ok,125.52274799999999
TSX,small,microsoft-TypeScript.git,3fc1f264de2aacae0c008eb4295e66833ade36d9,tests/cases/conformance/jsx/checkJsxGenericTagHasCorrectInferences.tsx,17,18,35,863,883,259,260,ok,120.007051
TSX,small,microsoft-TypeScript.git,3fc1f264de2aacae0c008eb4295e66833ade36d9,tests/cases/conformance/jsx/checkJsxIntersectionElementPropsType.tsx,14,15,29,352,372,136,137,ok,22.21791
TSX,small,microsoft-TypeScript.git,3fc1f264de2aacae0c008eb4295e66833ade36d9,tests/cases/conformance/jsx/commentEmittingInPreserveJsx1.tsx,35,37,72,515,557,89,91,ok,7.556218
TSX,small,microsoft-TypeScript.git,3fc1f264de2aacae0c008eb4295e66833ade36d9,tests/cases/conformance/jsx/inline/inlineJsxAndJsxFragPragmaOverridesCompilerOptions.tsx,48,50,98,953,994,255,257,ok,77.596568
TSX,small,microsoft-TypeScript.git,3fc1f264de2aacae0c008eb4295e66833ade36d9,tests/cases/conformance/jsx/jsxCheckJsxNoTypeArgumentsAllowed.tsx,22,23,45,538,558,138,139,ok,20.635149
TSX,small,microsoft-TypeScript.git,3fc1f264de2aacae0c008eb4295e66833ade36d9,tests/cases/conformance/jsx/jsxEsprimaFbTestSuite.tsx,55,56,111,826,845,482,483,ok,337.927486
TSX,small,microsoft-TypeScript.git,3fc1f264de2aacae0c008eb4295e66833ade36d9,tests/cases/conformance/jsx/jsxs/jsxJsxsCjsTransformCustomImport.tsx,12,13,25,228,248,52,53,ok,4.061642
TSX,small,microsoft-TypeScript.git,3fc1f264de2aacae0c008eb4295e66833ade36d9,tests/cases/conformance/jsx/jsxs/jsxJsxsCjsTransformCustomImportPragma.tsx,24,25,49,459,479,109,110,ok,17.585078
TSX,small,microsoft-TypeScript.git,3fc1f264de2aacae0c008eb4295e66833ade36d9,tests/cases/conformance/jsx/jsxs/jsxJsxsCjsTransformKeyProp.tsx,9,10,19,251,270,81,82,ok,20.716153000000002
TSX,small,microsoft-TypeScript.git,3fc1f264de2aacae0c008eb4295e66833ade36d9,tests/cases/conformance/jsx/jsxs/jsxJsxsCjsTransformNestedSelfClosingChild.tsx,24,25,49,354,374,131,132,ok,35.618715
TSX,small,microsoft-TypeScript.git,3fc1f264de2aacae0c008eb4295e66833ade36d9,tests/cases/conformance/jsx/jsxs/jsxJsxsCjsTransformSubstitutesNamesFragment.tsx,11,12,23,183,203,44,45,ok,2.442057
TSX,small,microsoft-TypeScript.git,3fc1f264de2aacae0c008eb4295e66833ade36d9,tests/cases/conformance/jsx/tsxAttributeErrors.tsx,26,27,53,474,494,133,134,ok,29.37182
TSX,small,microsoft-TypeScript.git,3fc1f264de2aacae0c008eb4295e66833ade36d9,tests/cases/conformance/jsx/tsxAttributeResolution.tsx,9,10,19,121,141,38,39,ok,2.098455
TSX,small,microsoft-TypeScript.git,3fc1f264de2aacae0c008eb4295e66833ade36d9,tests/cases/conformance/jsx/tsxAttributeResolution1.tsx,35,36,71,777,797,255,256,ok,84.872073
TSX,small,microsoft-TypeScript.git,3fc1f264de2aacae0c008eb4295e66833ade36d9,tests/cases/conformance/jsx/tsxAttributeResolution10.tsx,31,32,63,487,507,111,112,ok,16.523007999999997
TSX,small,microsoft-TypeScript.git,3fc1f264de2aacae0c008eb4295e66833ade36d9,tests/cases/conformance/jsx/tsxAttributeResolution16.tsx,29,31,60,614,656,145,147,ok,25.700346999999997
TSX,small,microsoft-TypeScript.git,3fc1f264de2aacae0c008eb4295e66833ade36d9,tests/cases/conformance/jsx/tsxAttributeResolution2.tsx,19,20,39,368,388,128,129,ok,41.059057
TSX,small,microsoft-TypeScript.git,3fc1f264de2aacae0c008eb4295e66833ade36d9,tests/cases/conformance/jsx/tsxAttributeResolution3.tsx,41,42,83,706,726,283,284,ok,127.433974
TSX,small,microsoft-TypeScript.git,3fc1f264de2aacae0c008eb4295e66833ade36d9,tests/cases/conformance/jsx/tsxAttributeResolution5.tsx,32,33,65,660,680,226,227,ok,96.744575
TSX,small,microsoft-TypeScript.git,3fc1f264de2aacae0c008eb4295e66833ade36d9,tests/cases/conformance/jsx/tsxAttributeResolution6.tsx,19,20,39,312,332,119,120,ok,23.165560000000003
TSX,small,microsoft-TypeScript.git,3fc1f264de2aacae0c008eb4295e66833ade36d9,tests/cases/conformance/jsx/tsxAttributeResolution9.tsx,27,28,55,442,462,105,106,ok,14.782033
TSX,small,microsoft-TypeScript.git,3fc1f264de2aacae0c008eb4295e66833ade36d9,tests/cases/conformance/jsx/tsxDefaultAttributesResolution3.tsx,18,20,38,313,353,86,88,ok,11.363677000000001
TSX,small,microsoft-TypeScript.git,3fc1f264de2aacae0c008eb4295e66833ade36d9,tests/cases/conformance/jsx/tsxDynamicTagName1.tsx,4,5,9,93,113,24,25,ok,0.737098
TSX,small,microsoft-TypeScript.git,3fc1f264de2aacae0c008eb4295e66833ade36d9,tests/cases/conformance/jsx/tsxDynamicTagName3.tsx,11,12,23,282,302,57,58,ok,4.669016
TSX,small,microsoft-TypeScript.git,3fc1f264de2aacae0c008eb4295e66833ade36d9,tests/cases/conformance/jsx/tsxDynamicTagName4.tsx,12,13,25,199,219,62,63,ok,10.023921
TSX,small,microsoft-TypeScript.git,3fc1f264de2aacae0c008eb4295e66833ade36d9,tests/cases/conformance/jsx/tsxDynamicTagName6.tsx,11,12,23,178,198,56,57,ok,3.8885270000000003
TSX,small,microsoft-TypeScript.git,3fc1f264de2aacae0c008eb4295e66833ade36d9,tests/cases/conformance/jsx/tsxDynamicTagName8.tsx,19,20,39,340,360,109,110,ok,13.874233
TSX,small,microsoft-TypeScript.git,3fc1f264de2aacae0c008eb4295e66833ade36d9,tests/cases/conformance/jsx/tsxElementResolution.tsx,25,26,51,531,551,123,124,ok,15.682879999999999
TSX,small,microsoft-TypeScript.git,3fc1f264de2aacae0c008eb4295e66833ade36d9,tests/cases/conformance/jsx/tsxElementResolution13.tsx,12,13,25,245,265,81,82,ok,7.366087
TSX,small,microsoft-TypeScript.git,3fc1f264de2aacae0c008eb4295e66833ade36d9,tests/cases/conformance/jsx/tsxElementResolution14.tsx,11,12,23,179,199,62,63,ok,4.374802
TSX,small,microsoft-TypeScript.git,3fc1f264de2aacae0c008eb4295e66833ade36d9,tests/cases/conformance/jsx/tsxElementResolution16.tsx,11,12,23,212,232,57,58,ok,3.553547
TSX,small,microsoft-TypeScript.git,3fc1f264de2aacae0c008eb4295e66833ade36d9,tests/cases/conformance/jsx/tsxElementResolution18.tsx,9,10,19,165,185,32,33,ok,0.900308
TSX,small,microsoft-TypeScript.git,3fc1f264de2aacae0c008eb4295e66833ade36d9,tests/cases/conformance/jsx/tsxElementResolution4.tsx,18,19,37,264,284,94,95,ok,10.553439
TSX,small,microsoft-TypeScript.git,3fc1f264de2aacae0c008eb4295e66833ade36d9,tests/cases/conformance/jsx/tsxElementResolution5.tsx,8,9,17,137,157,31,32,ok,0.865659
TSX,small,microsoft-TypeScript.git,3fc1f264de2aacae0c008eb4295e66833ade36d9,tests/cases/conformance/jsx/tsxElementResolution8.tsx,36,37,73,553,573,181,182,ok,39.056531
TSX,small,microsoft-TypeScript.git,3fc1f264de2aacae0c008eb4295e66833ade36d9,tests/cases/conformance/jsx/tsxElementResolution9.tsx,27,28,55,613,633,243,244,ok,106.01917
TSX,small,microsoft-TypeScript.git,3fc1f264de2aacae0c008eb4295e66833ade36d9,tests/cases/conformance/jsx/tsxErrorRecovery3.tsx,10,11,21,176,196,57,58,ok,3.500305
TSX,small,microsoft-TypeScript.git,3fc1f264de2aacae0c008eb4295e66833ade36d9,tests/cases/conformance/jsx/tsxExternalModuleEmit2.tsx,17,18,35,347,367,87,88,ok,9.996021
TSX,small,microsoft-TypeScript.git,3fc1f264de2aacae0c008eb4295e66833ade36d9,tests/cases/conformance/jsx/tsxFragmentPreserveEmit.tsx,18,19,37,532,552,187,188,ok,52.228128
TSX,small,microsoft-TypeScript.git,3fc1f264de2aacae0c008eb4295e66833ade36d9,tests/cases/conformance/jsx/tsxGenericArrowFunctionParsing.tsx,31,32,63,575,595,235,236,ok,98.225353
TSX,small,microsoft-TypeScript.git,3fc1f264de2aacae0c008eb4295e66833ade36d9,tests/cases/conformance/jsx/tsxGenericAttributesType2.tsx,10,12,22,346,388,106,108,ok,23.94748
TSX,small,microsoft-TypeScript.git,3fc1f264de2aacae0c008eb4295e66833ade36d9,tests/cases/conformance/jsx/tsxGenericAttributesType3.tsx,17,19,36,406,448,144,146,ok,56.356829
TSX,small,microsoft-TypeScript.git,3fc1f264de2aacae0c008eb4295e66833ade36d9,tests/cases/conformance/jsx/tsxGenericAttributesType4.tsx,17,19,36,390,432,133,135,ok,31.518137000000003
TSX,small,microsoft-TypeScript.git,3fc1f264de2aacae0c008eb4295e66833ade36d9,tests/cases/conformance/jsx/tsxGenericAttributesType5.tsx,18,20,38,405,447,139,141,ok,35.283725000000004
TSX,small,microsoft-TypeScript.git,3fc1f264de2aacae0c008eb4295e66833ade36d9,tests/cases/conformance/jsx/tsxGenericAttributesType7.tsx,15,17,32,401,443,133,135,ok,22.211851000000003
TSX,small,microsoft-TypeScript.git,3fc1f264de2aacae0c008eb4295e66833ade36d9,tests/cases/conformance/jsx/tsxGenericAttributesType8.tsx,15,17,32,395,437,126,128,ok,21.218273
TSX,small,microsoft-TypeScript.git,3fc1f264de2aacae0c008eb4295e66833ade36d9,tests/cases/conformance/jsx/tsxGenericAttributesType9.tsx,17,19,36,361,403,104,106,ok,18.234206999999998
TSX,small,microsoft-TypeScript.git,3fc1f264de2aacae0c008eb4295e66833ade36d9,tests/cases/conformance/jsx/tsxIntrinsicAttributeErrors.tsx,31,32,63,520,539,156,157,ok,47.403495
TSX,small,microsoft-TypeScript.git,3fc1f264de2aacae0c008eb4295e66833ade36d9,tests/cases/conformance/jsx/tsxNamespacedAttributeName1.tsx,5,6,11,130,150,65,66,ok,13.112499
TSX,small,microsoft-TypeScript.git,3fc1f264de2aacae0c008eb4295e66833ade36d9,tests/cases/conformance/jsx/tsxNamespacedTagName1.tsx,7,8,15,170,190,87,88,ok,12.161766
TSX,small,microsoft-TypeScript.git,3fc1f264de2aacae0c008eb4295e66833ade36d9,tests/cases/conformance/jsx/tsxOpeningClosingNames.tsx,11,12,23,170,190,69,70,ok,5.481358
TSX,small,microsoft-TypeScript.git,3fc1f264de2aacae0c008eb4295e66833ade36d9,tests/cases/conformance/jsx/tsxParseTests1.tsx,8,9,17,197,217,71,72,ok,8.699747
TSX,small,microsoft-TypeScript.git,3fc1f264de2aacae0c008eb4295e66833ade36d9,tests/cases/conformance/jsx/tsxPreserveEmit2.tsx,8,8,16,120,128,24,24,ok,0.546073
TSX,small,microsoft-TypeScript.git,3fc1f264de2aacae0c008eb4295e66833ade36d9,tests/cases/conformance/jsx/tsxPreserveEmit3.tsx,17,18,35,312,332,60,61,ok,4.34563
TSX,small,microsoft-TypeScript.git,3fc1f264de2aacae0c008eb4295e66833ade36d9,tests/cases/conformance/jsx/tsxReactComponentWithDefaultTypeParameter3.tsx,24,26,50,411,453,125,127,ok,25.588875
TSX,small,microsoft-TypeScript.git,3fc1f264de2aacae0c008eb4295e66833ade36d9,tests/cases/conformance/jsx/tsxReactEmit4.tsx,19,20,39,319,339,100,101,ok,14.502256
TSX,small,microsoft-TypeScript.git,3fc1f264de2aacae0c008eb4295e66833ade36d9,tests/cases/conformance/jsx/tsxReactEmit7.tsx,22,23,45,484,504,235,236,ok,92.903051
TSX,small,microsoft-TypeScript.git,3fc1f264de2aacae0c008eb4295e66833ade36d9,tests/cases/conformance/jsx/tsxReactEmitEntities.tsx,24,25,49,753,773,198,199,ok,48.838455
TSX,small,microsoft-TypeScript.git,3fc1f264de2aacae0c008eb4295e66833ade36d9,tests/cases/conformance/jsx/tsxReactEmitWhitespace.tsx,65,66,131,828,848,213,214,ok,44.045918
TSX,small,microsoft-TypeScript.git,3fc1f264de2aacae0c008eb4295e66833ade36d9,tests/cases/conformance/jsx/tsxSfcReturnNull.tsx,16,17,33,302,322,84,85,ok,7.569598
TSX,small,microsoft-TypeScript.git,3fc1f264de2aacae0c008eb4295e66833ade36d9,tests/cases/conformance/jsx/tsxSpreadAttributesResolution1.tsx,18,20,38,323,363,98,100,ok,12.081073
TSX,small,microsoft-TypeScript.git,3fc1f264de2aacae0c008eb4295e66833ade36d9,tests/cases/conformance/jsx/tsxSpreadAttributesResolution10.tsx,27,29,56,480,520,182,184,ok,42.034506
TSX,small,microsoft-TypeScript.git,3fc1f264de2aacae0c008eb4295e66833ade36d9,tests/cases/conformance/jsx/tsxSpreadAttributesResolution12.tsx,36,38,74,726,766,291,293,ok,104.138358
TSX,small,microsoft-TypeScript.git,3fc1f264de2aacae0c008eb4295e66833ade36d9,tests/cases/conformance/jsx/tsxSpreadAttributesResolution13.tsx,33,35,68,671,711,166,168,ok,46.769258
TSX,small,microsoft-TypeScript.git,3fc1f264de2aacae0c008eb4295e66833ade36d9,tests/cases/conformance/jsx/tsxSpreadAttributesResolution2.tsx,29,31,60,550,590,230,232,ok,79.032271
TSX,small,microsoft-TypeScript.git,3fc1f264de2aacae0c008eb4295e66833ade36d9,tests/cases/conformance/jsx/tsxSpreadAttributesResolution3.tsx,26,28,54,435,475,142,144,ok,25.148112
TSX,small,microsoft-TypeScript.git,3fc1f264de2aacae0c008eb4295e66833ade36d9,tests/cases/conformance/jsx/tsxSpreadAttributesResolution5.tsx,38,40,78,639,679,198,200,ok,54.719443999999996
TSX,small,microsoft-TypeScript.git,3fc1f264de2aacae0c008eb4295e66833ade36d9,tests/cases/conformance/jsx/tsxSpreadAttributesResolution6.tsx,22,24,46,482,522,136,138,ok,25.176537999999997
TSX,small,microsoft-TypeScript.git,3fc1f264de2aacae0c008eb4295e66833ade36d9,tests/cases/conformance/jsx/tsxSpreadAttributesResolution7.tsx,29,31,60,616,656,178,180,ok,42.645419
TSX,small,microsoft-TypeScript.git,3fc1f264de2aacae0c008eb4295e66833ade36d9,tests/cases/conformance/jsx/tsxSpreadAttributesResolution9.tsx,29,31,60,498,538,185,187,ok,44.597308000000005
TSX,small,microsoft-TypeScript.git,3fc1f264de2aacae0c008eb4295e66833ade36d9,tests/cases/conformance/jsx/tsxSpreadInvalidType.tsx,14,15,29,278,297,102,103,ok,9.359432000000002
TSX,small,microsoft-TypeScript.git,3fc1f264de2aacae0c008eb4295e66833ade36d9,tests/cases/conformance/jsx/tsxStatelessFunctionComponentOverload2.tsx,37,38,75,950,970,356,357,ok,156.25540800000002
TSX,small,microsoft-TypeScript.git,3fc1f264de2aacae0c008eb4295e66833ade36d9,tests/cases/conformance/jsx/tsxStatelessFunctionComponentsWithTypeArguments4.tsx,17,18,35,624,644,223,224,ok,63.09980900000001
TSX,small,microsoft-TypeScript.git,3fc1f264de2aacae0c008eb4295e66833ade36d9,tests/cases/conformance/jsx/tsxStatelessFunctionComponentsWithTypeArguments5.tsx,23,24,47,902,922,307,308,ok,128.511396
TSX,small,microsoft-TypeScript.git,3fc1f264de2aacae0c008eb4295e66833ade36d9,tests/cases/conformance/jsx/tsxTypeErrors.tsx,34,35,69,882,902,190,191,ok,41.552303
TSX,small,microsoft-TypeScript.git,3fc1f264de2aacae0c008eb4295e66833ade36d9,tests/cases/conformance/jsx/tsxUnionElementType2.tsx,17,19,36,327,367,115,117,ok,17.188424
TSX,small,microsoft-TypeScript.git,3fc1f264de2aacae0c008eb4295e66833ade36d9,tests/cases/conformance/jsx/tsxUnionElementType4.tsx,39,41,80,757,799,251,253,ok,74.917159
TSX,small,microsoft-TypeScript.git,3fc1f264de2aacae0c008eb4295e66833ade36d9,tests/cases/conformance/jsx/tsxUnionElementType6.tsx,27,29,56,571,613,167,169,ok,32.080799999999996
TSX,small,microsoft-TypeScript.git,3fc1f264de2aacae0c008eb4295e66833ade36d9,tests/cases/conformance/jsx/tsxUnionTypeComponent1.tsx,27,29,56,642,682,166,168,ok,37.358592
TSX,small,microsoft-TypeScript.git,c1592ada0e9e05a0933326afb9055fa73f268fda,tests/cases/compiler/booleanLiteralsContextuallyTypedFromUnion.tsx,28,28,56,946,963,380,380,ok,219.50053
TSX,small,microsoft-TypeScript.git,c1592ada0e9e05a0933326afb9055fa73f268fda,tests/cases/compiler/tsxDeepAttributeAssignabilityError.tsx,28,28,56,520,537,136,136,ok,22.068465999999997
TSX,small,microsoft-TypeScript.git,c1592ada0e9e05a0933326afb9055fa73f268fda,tests/cases/conformance/jsx/checkJsxChildrenProperty1.tsx,27,27,54,486,503,186,186,ok,66.892587
TSX,small,microsoft-TypeScript.git,c1592ada0e9e05a0933326afb9055fa73f268fda,tests/cases/conformance/jsx/checkJsxChildrenProperty12.tsx,36,36,72,678,695,202,202,ok,92.618088
TSX,small,microsoft-TypeScript.git,c1592ada0e9e05a0933326afb9055fa73f268fda,tests/cases/conformance/jsx/checkJsxChildrenProperty13.tsx,32,32,64,671,688,173,173,ok,63.451764999999995
TSX,small,microsoft-TypeScript.git,c1592ada0e9e05a0933326afb9055fa73f268fda,tests/cases/conformance/jsx/checkJsxChildrenProperty4.tsx,49,49,98,905,922,242,242,ok,138.26592200000002
TSX,small,microsoft-TypeScript.git,c1592ada0e9e05a0933326afb9055fa73f268fda,tests/cases/conformance/jsx/checkJsxChildrenProperty5.tsx,35,35,70,650,667,217,217,ok,121.90376
TSX,small,microsoft-TypeScript.git,c1592ada0e9e05a0933326afb9055fa73f268fda,tests/cases/conformance/jsx/checkJsxChildrenProperty8.tsx,34,34,68,783,800,323,323,ok,172.757655
TSX,small,microsoft-TypeScript.git,c1592ada0e9e05a0933326afb9055fa73f268fda,tests/cases/conformance/jsx/checkJsxChildrenProperty9.tsx,11,11,22,320,337,142,142,ok,32.630654
TSX,small,microsoft-TypeScript.git,c1592ada0e9e05a0933326afb9055fa73f268fda,tests/cases/conformance/jsx/checkJsxGenericTagHasCorrectInferences.tsx,17,17,34,846,863,259,259,ok,107.48431699999999
TSX,small,microsoft-TypeScript.git,c1592ada0e9e05a0933326afb9055fa73f268fda,tests/cases/conformance/jsx/commentEmittingInPreserveJsx1.tsx,35,35,70,498,515,89,89,ok,8.786392000000001
TSX,small,microsoft-TypeScript.git,c1592ada0e9e05a0933326afb9055fa73f268fda,tests/cases/conformance/jsx/correctlyMarkAliasAsReferences1.tsx,18,18,36,443,460,99,99,ok,14.432381
TSX,small,microsoft-TypeScript.git,c1592ada0e9e05a0933326afb9055fa73f268fda,tests/cases/conformance/jsx/correctlyMarkAliasAsReferences2.tsx,18,18,36,467,484,115,115,ok,20.002354
TSX,small,microsoft-TypeScript.git,c1592ada0e9e05a0933326afb9055fa73f268fda,tests/cases/conformance/jsx/correctlyMarkAliasAsReferences4.tsx,16,16,32,429,446,106,106,ok,12.905362
TSX,small,microsoft-TypeScript.git,c1592ada0e9e05a0933326afb9055fa73f268fda,tests/cases/conformance/jsx/jsxCheckJsxNoTypeArgumentsAllowed.tsx,22,22,44,521,538,138,138,ok,25.236565
TSX,small,microsoft-TypeScript.git,c1592ada0e9e05a0933326afb9055fa73f268fda,tests/cases/conformance/jsx/jsxSpreadOverwritesAttributeStrict.tsx,29,29,58,638,655,322,322,ok,232.771852
TSX,small,microsoft-TypeScript.git,c1592ada0e9e05a0933326afb9055fa73f268fda,tests/cases/conformance/jsx/tsxAttributeResolution16.tsx,29,29,58,597,614,145,145,ok,23.280924000000002
TSX,small,microsoft-TypeScript.git,c1592ada0e9e05a0933326afb9055fa73f268fda,tests/cases/conformance/jsx/tsxDefaultAttributesResolution1.tsx,18,18,36,295,312,86,86,ok,8.352015000000002
TSX,small,microsoft-TypeScript.git,c1592ada0e9e05a0933326afb9055fa73f268fda,tests/cases/conformance/jsx/tsxDefaultAttributesResolution3.tsx,18,18,36,296,313,86,86,ok,8.154511999999999
TSX,small,microsoft-TypeScript.git,c1592ada0e9e05a0933326afb9055fa73f268fda,tests/cases/conformance/jsx/tsxGenericAttributesType3.tsx,17,17,34,389,406,144,144,ok,51.479579
TSX,small,microsoft-TypeScript.git,c1592ada0e9e05a0933326afb9055fa73f268fda,tests/cases/conformance/jsx/tsxGenericAttributesType6.tsx,18,18,36,404,421,150,150,ok,51.956921
TSX,small,microsoft-TypeScript.git,c1592ada0e9e05a0933326afb9055fa73f268fda,tests/cases/conformance/jsx/tsxGenericAttributesType9.tsx,17,17,34,344,361,104,104,ok,21.087924
TSX,small,microsoft-TypeScript.git,c1592ada0e9e05a0933326afb9055fa73f268fda,tests/cases/conformance/jsx/tsxReactComponentWithDefaultTypeParameter1.tsx,17,17,34,309,326,97,97,ok,10.10932
TSX,small,microsoft-TypeScript.git,c1592ada0e9e05a0933326afb9055fa73f268fda,tests/cases/conformance/jsx/tsxReactComponentWithDefaultTypeParameter2.tsx,18,18,36,322,339,99,99,ok,10.258954000000001
TSX,small,microsoft-TypeScript.git,c1592ada0e9e05a0933326afb9055fa73f268fda,tests/cases/conformance/jsx/tsxSfcReturnNullStrictNullChecks.tsx,17,17,34,313,330,85,85,ok,9.720056
TSX,small,microsoft-TypeScript.git,c1592ada0e9e05a0933326afb9055fa73f268fda,tests/cases/conformance/jsx/tsxSpreadAttributesResolution1.tsx,18,18,36,306,323,98,98,ok,12.259739
TSX,small,microsoft-TypeScript.git,c1592ada0e9e05a0933326afb9055fa73f268fda,tests/cases/conformance/jsx/tsxSpreadAttributesResolution12.tsx,36,36,72,709,726,291,291,ok,113.89771999999999
TSX,small,microsoft-TypeScript.git,c1592ada0e9e05a0933326afb9055fa73f268fda,tests/cases/conformance/jsx/tsxSpreadAttributesResolution14.tsx,28,28,56,543,560,123,123,ok,17.020754
TSX,small,microsoft-TypeScript.git,c1592ada0e9e05a0933326afb9055fa73f268fda,tests/cases/conformance/jsx/tsxSpreadAttributesResolution16.tsx,30,30,60,591,608,135,135,ok,20.570159
TSX,small,microsoft-TypeScript.git,c1592ada0e9e05a0933326afb9055fa73f268fda,tests/cases/conformance/jsx/tsxSpreadAttributesResolution2.tsx,29,29,58,533,550,230,230,ok,89.799566
TSX,small,microsoft-TypeScript.git,c1592ada0e9e05a0933326afb9055fa73f268fda,tests/cases/conformance/jsx/tsxSpreadAttributesResolution3.tsx,26,26,52,418,435,142,142,ok,31.658991999999998
TSX,small,microsoft-TypeScript.git,c1592ada0e9e05a0933326afb9055fa73f268fda,tests/cases/conformance/jsx/tsxSpreadAttributesResolution7.tsx,29,29,58,599,616,178,178,ok,59.668299
TSX,small,microsoft-TypeScript.git,c1592ada0e9e05a0933326afb9055fa73f268fda,tests/cases/conformance/jsx/tsxStatelessFunctionComponentOverload2.tsx,37,37,74,933,950,356,356,ok,185.21965300000002
TSX,small,microsoft-TypeScript.git,c1592ada0e9e05a0933326afb9055fa73f268fda,tests/cases/conformance/jsx/tsxStatelessFunctionComponentWithDefaultTypeParameter1.tsx,19,19,38,408,425,96,96,ok,8.109438
TSX,small,microsoft-TypeScript.git,c1592ada0e9e05a0933326afb9055fa73f268fda,tests/cases/conformance/jsx/tsxStatelessFunctionComponentWithDefaultTypeParameter2.tsx,19,19,38,351,368,83,83,ok,6.0312589999999995
TSX,small,microsoft-TypeScript.git,c1592ada0e9e05a0933326afb9055fa73f268fda,tests/cases/conformance/jsx/tsxStatelessFunctionComponents3.tsx,23,23,46,458,475,151,151,ok,31.175801
TSX,small,microsoft-TypeScript.git,c1592ada0e9e05a0933326afb9055fa73f268fda,tests/cases/conformance/jsx/tsxStatelessFunctionComponentsWithTypeArguments4.tsx,17,17,34,607,624,223,223,ok,73.02172499999999
TSX,small,microsoft-TypeScript.git,c1592ada0e9e05a0933326afb9055fa73f268fda,tests/cases/conformance/jsx/tsxStatelessFunctionComponentsWithTypeArguments5.tsx,23,23,46,885,902,307,307,ok,154.10948199999999
TSX,small,microsoft-TypeScript.git,c1592ada0e9e05a0933326afb9055fa73f268fda,tests/cases/conformance/jsx/tsxTypeArgumentsJsxPreserveOutput.tsx,39,39,78,816,833,331,331,ok,149.806772
TSX,small,microsoft-TypeScript.git,c1592ada0e9e05a0933326afb9055fa73f268fda,tests/cases/conformance/jsx/tsxUnionElementType1.tsx,17,17,34,304,321,107,107,ok,14.823694999999999
TSX,small,microsoft-TypeScript.git,c1592ada0e9e05a0933326afb9055fa73f268fda,tests/cases/conformance/jsx/tsxUnionElementType2.tsx,17,17,34,310,327,115,115,ok,15.692985
TSX,small,microsoft-TypeScript.git,c1592ada0e9e05a0933326afb9055fa73f268fda,tests/cases/conformance/jsx/tsxUnionElementType3.tsx,41,41,82,817,834,280,280,ok,89.2773
TSX,small,microsoft-TypeScript.git,c1592ada0e9e05a0933326afb9055fa73f268fda,tests/cases/conformance/jsx/tsxUnionElementType4.tsx,39,39,78,740,757,251,251,ok,81.556806
TSX,small,microsoft-TypeScript.git,c1592ada0e9e05a0933326afb9055fa73f268fda,tests/cases/conformance/jsx/tsxUnionElementType5.tsx,25,25,50,503,520,148,148,ok,27.97703
TSX,small,microsoft-TypeScript.git,c1592ada0e9e05a0933326afb9055fa73f268fda,tests/cases/conformance/jsx/tsxUnionTypeComponent1.tsx,27,27,54,625,642,166,166,ok,43.935105
TSX,small,microsoft-TypeScript.git,f5ccf4345d6ac01f47be84db99fde50b98accbb5,tests/cases/conformance/jsx/tsxElementResolution11.tsx,25,25,50,479,503,177,183,ok,45.956103999999996
TSX,small,microsoft-TypeScript.git,f5ccf4345d6ac01f47be84db99fde50b98accbb5,tests/cases/conformance/jsx/tsxElementResolution15.tsx,13,13,26,286,294,88,90,ok,10.078412
TSX,small,microsoft-TypeScript.git,f5ccf4345d6ac01f47be84db99fde50b98accbb5,tests/cases/conformance/jsx/tsxElementResolution8.tsx,36,36,72,529,553,175,181,ok,34.188929
TSX,small,microsoft-TypeScript.git,f5ccf4345d6ac01f47be84db99fde50b98accbb5,tests/cases/conformance/jsx/tsxElementResolution9.tsx,27,27,54,589,613,237,243,ok,105.678022
TSX,small,microsoft-TypeScript.git,f5ccf4345d6ac01f47be84db99fde50b98accbb5,tests/cases/conformance/jsx/tsxIntrinsicAttributeErrors.tsx,31,31,62,512,520,154,156,ok,37.043185
TSX,small,microsoft-TypeScript.git,f5ccf4345d6ac01f47be84db99fde50b98accbb5,tests/cases/conformance/jsx/tsxSpreadChildrenInvalidType.tsx,33,33,66,759,767,301,303,ok,220.84679300000002
TSX,small,mui-material-ui.git,48e7bd80d280088591576a12bf8f681aed25015e,docs/data/material/components/tooltips/ArrowTooltips.tsx,10,10,20,225,239,67,69,ok,6.9427270000000005
TSX,small,mui-material-ui.git,48e7bd80d280088591576a12bf8f681aed25015e,docs/data/material/components/tooltips/ControlledTooltips.tsx,21,27,48,475,524,163,165,ok,51.727653
TSX,small,mui-material-ui.git,48e7bd80d280088591576a12bf8f681aed25015e,docs/data/material/components/tooltips/DelayTooltips.tsx,10,10,20,262,276,79,81,ok,12.02841
TSX,small,mui-material-ui.git,48e7bd80d280088591576a12bf8f681aed25015e,docs/data/material/components/tooltips/FollowCursorTooltips.tsx,12,12,24,353,367,96,98,ok,26.675359999999998
TSX,small,mui-material-ui.git,d8d5c5e7ed97e56b5524db2eff1cd0c49ebc7ed0,docs/data/material/components/number-field/FieldDemo.tsx,19,20,39,449,521,148,166,ok,71.106034
TSX,small,ollama-ollama.git,948de6bbd2d07e1050d91c2422c3ee7af2d591da,app/ui/app/src/routes/__root.tsx,24,27,51,557,683,153,175,ok,42.854510999999995
TSX,xlarge,excalidraw-excalidraw.git,0988ecfef40db7c965fd79c43454d154cf83aced,packages/excalidraw/components/App.tsx,12175,12175,24350,387998,387990,83560,83558,timed_out,
TSX,xlarge,excalidraw-excalidraw.git,1c8e8bb0f3909a3d98d9e5cff0efe032ef1ccd67,packages/excalidraw/components/App.tsx,12315,12317,24632,392654,392724,84303,84312,timed_out,
TSX,xlarge,excalidraw-excalidraw.git,210dc85c8cd43da0f78b84b59b650de7db1a00a8,packages/excalidraw/components/App.tsx,12150,12155,24305,387140,387319,83470,83506,timed_out,
TSX,xlarge,excalidraw-excalidraw.git,2b4540225d66ec4f71d622f5405f2b7b0ef3735c,packages/excalidraw/components/App.tsx,11507,11508,23015,365256,365293,78963,78970,timed_out,
TSX,xlarge,excalidraw-excalidraw.git,37882c66cbe2b46a1acf8e990638a511c0fe757b,packages/excalidraw/components/App.tsx,11508,11510,23018,365293,365400,78970,79011,timed_out,
TSX,xlarge,excalidraw-excalidraw.git,451bcac0b7b99f4fafca82adaad37f0b4aeb310e,packages/excalidraw/components/App.tsx,12155,12164,24319,387319,387650,83506,83574,timed_out,
TSX,xlarge,excalidraw-excalidraw.git,47cbb5b6fbeba23fbdfb72729159d723f1176746,packages/excalidraw/components/App.tsx,11518,11498,23016,364959,364935,78904,78885,ok,94.445408
TSX,xlarge,excalidraw-excalidraw.git,4c3d037f9cddcec92472cb2f61c0840097649cc1,packages/excalidraw/components/App.tsx,12343,12383,24726,393595,394537,84434,84626,timed_out,
TSX,xlarge,excalidraw-excalidraw.git,5852d0d41005e67ca00124079b9eee91e4ab716d,packages/excalidraw/components/App.tsx,12345,12343,24688,393665,393595,84443,84434,timed_out,
TSX,xlarge,excalidraw-excalidraw.git,60b275880da7d1eb7dff3782e8d491188790597a,packages/excalidraw/components/App.tsx,12425,12432,24857,395456,395627,84820,84872,ok,87.01466099999999
TSX,xlarge,excalidraw-excalidraw.git,63e1148280163a36326b7efb5fdfeefebabdb3e4,packages/excalidraw/components/App.tsx,12172,12178,24350,387783,388028,83531,83564,timed_out,
TSX,xlarge,excalidraw-excalidraw.git,6c908553a9cbd2e50bfabc49bc6045c5ba97d702,packages/excalidraw/components/App.tsx,12169,12172,24341,387568,387783,83535,83531,timed_out,
TSX,xlarge,excalidraw-excalidraw.git,725412ebd337c18179a52d968d3b0d29eb9c2fa4,packages/excalidraw/components/App.tsx,11510,11517,23027,364749,364930,78858,78893,timed_out,
TSX,xlarge,excalidraw-excalidraw.git,7da176ff7d13aa16b23195a343689df7cd3372be,packages/excalidraw/components/App.tsx,11510,11510,23020,364651,364749,78834,78858,timed_out,
TSX,xlarge,excalidraw-excalidraw.git,8013eb5e1628293ee671e431c52184dc576fe293,packages/excalidraw/components/App.tsx,11517,11518,23035,364930,364959,78893,78904,ok,167.99777699999999
TSX,xlarge,excalidraw-excalidraw.git,83d3943cd0973aa2fe6dc843a730bcb50e8a26ec,packages/excalidraw/tests/history.test.tsx,5230,5230,10460,168700,168702,51780,51780,timed_out,
TSX,xlarge,excalidraw-excalidraw.git,8d18078f5c719166c30eb373312c130664a56ffe,packages/excalidraw/components/App.tsx,12164,12161,24325,387650,387473,83574,83531,timed_out,
TSX,xlarge,excalidraw-excalidraw.git,8d18078f5c719166c30eb373312c130664a56ffe,packages/excalidraw/tests/history.test.tsx,5241,5242,10483,168981,169009,51773,51786,timed_out,
TSX,xlarge,excalidraw-excalidraw.git,9ba0f5dbc9d551aad9277341a82449e04043c5ae,packages/excalidraw/tests/history.test.tsx,5242,5230,10472,169009,168705,51786,51780,timed_out,
TSX,xlarge,excalidraw-excalidraw.git,9d760336d195b13d4a237a1408743a38f7c0ca9a,packages/excalidraw/components/App.tsx,12178,12175,24353,388028,387998,83564,83560,timed_out,
TSX,xlarge,excalidraw-excalidraw.git,a70417f23f5985e3ed2a678c3cd25bffb23b1cff,packages/excalidraw/components/App.tsx,12317,12345,24662,392724,393665,84312,84443,timed_out,
TSX,xlarge,excalidraw-excalidraw.git,a70417f23f5985e3ed2a678c3cd25bffb23b1cff,packages/excalidraw/tests/history.test.tsx,5230,5231,10461,168702,168572,51780,51790,timed_out,
TSX,xlarge,excalidraw-excalidraw.git,b43260d97be0cd36faaa630595c299963de2cb6c,packages/excalidraw/components/App.tsx,12314,12315,24629,392604,392654,84295,84303,timed_out,
TSX,xlarge,excalidraw-excalidraw.git,b552c6071417d731874c43e38d41dc6f76409fc9,packages/excalidraw/components/App.tsx,12175,12303,24478,387990,391998,83558,84231,timed_out,
TSX,xlarge,excalidraw-excalidraw.git,b552c6071417d731874c43e38d41dc6f76409fc9,packages/excalidraw/tests/history.test.tsx,5230,5230,10460,168705,168700,51780,51780,timed_out,
TSX,xlarge,excalidraw-excalidraw.git,b57f3e009694acaa73e83ab9bab9a1470dd52ab3,packages/excalidraw/components/App.tsx,12303,12307,24610,391998,392196,84231,84269,timed_out,
TSX,xlarge,excalidraw-excalidraw.git,b660478164a9137f6c48893f38671eedab22b83e,packages/excalidraw/components/App.tsx,11510,11511,23021,365400,365435,79011,79018,timed_out,
TSX,xlarge,excalidraw-excalidraw.git,bf4c65f4835f5ce13d0c807797b849ad5d6b0121,packages/excalidraw/components/App.tsx,12161,12166,24327,387473,387595,83531,83545,timed_out,
TSX,xlarge,excalidraw-excalidraw.git,c141960ada4869ee6a3bb8a665e75c0c18ad7f19,packages/excalidraw/components/App.tsx,11511,12150,23661,365435,387140,79018,83470,timed_out,
TSX,xlarge,excalidraw-excalidraw.git,c141960ada4869ee6a3bb8a665e75c0c18ad7f19,packages/excalidraw/tests/history.test.tsx,5203,5241,10444,167755,168981,51978,51773,timed_out,
TSX,xlarge,excalidraw-excalidraw.git,cae9d2bcbd3e6c70c579a52574d91ea8898a80bb,packages/excalidraw/components/App.tsx,12425,12425,24850,395451,395456,84820,84820,timed_out,
TSX,xlarge,excalidraw-excalidraw.git,d29fd62e417b8cb73d1d5dc3e207735046401491,packages/excalidraw/components/App.tsx,12307,12314,24621,392196,392604,84269,84295,timed_out,
TSX,xlarge,excalidraw-excalidraw.git,dc2f25c14add5156a105ab3675c0b179586dc750,packages/excalidraw/components/App.tsx,11498,11507,23005,364935,365256,78885,78963,timed_out,
TSX,xlarge,excalidraw-excalidraw.git,e95222ed323d45adf2183bae835c9fb6708e7029,packages/excalidraw/components/App.tsx,12168,12169,24337,387635,387568,83557,83535,timed_out,
TSX,xlarge,excalidraw-excalidraw.git,eb959128ac1543e7f6ea1c4f1935b9899a3e1b9b,packages/excalidraw/components/App.tsx,12383,12425,24808,394537,395451,84626,84820,timed_out,
TSX,xlarge,excalidraw-excalidraw.git,f06484c6ab72ce7c399f0cf73cda46b3fc7b82ab,packages/excalidraw/components/App.tsx,12166,12168,24334,387595,387635,83545,83557,timed_out,
TSX,xlarge,prometheus-prometheus.git,5bd0d00f8ca1ec808015b30f30b3cf1dba656518,web/ui/mantine-ui/src/promql/functionDocs.tsx,4023,4050,8073,181567,182705,28314,28508,timed_out,
TSX,xlarge,shadcn-ui-ui.git,f076420e68f31407b8354c2028045dfcdff538ec,apps/v4/examples/__index__.tsx,11243,11269,22512,414916,416052,125340,125630,timed_out,
Ruby,large,Homebrew-brew.git,ac06ea7e41d5ed4bdd9f0db7e097bfd6030e7937,Library/Homebrew/test/bundle/brew_spec.rb,857,857,1714,36178,36180,8448,8449,timed_out,
Ruby,large,Homebrew-brew.git,fb16318b6bdf2463934e7c81ada70792c4300d20,Library/Homebrew/vendor/bundle/bundler/setup.rb,133,133,266,12086,12073,3511,3511,ok,7.823435
Ruby,large,jekyll-jekyll.git,3c45d9e377a351378b538af8e0ff4ca0c7ad96e2,lib/jekyll/configuration.rb,313,313,626,10105,10115,1943,1945,timed_out,
Ruby,large,jekyll-jekyll.git,3c45d9e377a351378b538af8e0ff4ca0c7ad96e2,test/test_configuration.rb,542,543,1085,18504,18547,4909,4918,timed_out,
Ruby,large,jekyll-jekyll.git,e91ed76d9757e09c26d3c50ff7ace431ef264787,features/step_definitions.rb,417,431,848,10058,10607,3122,3249,ok,8.566133
Ruby,large,junegunn-fzf.git,17f2aa1a1f2ea363f8b71285e2c3e9e92e8f3854,test/test_core.rb,2686,2686,5372,98719,98719,27150,27150,timed_out,
Ruby,large,junegunn-fzf.git,76efddd7182ee45e0c108e19665e8984b6a113b6,test/test_shell_integration.rb,1056,1100,2156,33340,34805,8905,9288,timed_out,
Ruby,large,junegunn-fzf.git,95f186f36451c3d5cebd30649df64c390c77b62d,test/test_preview.rb,626,642,1268,25114,25795,6925,7093,timed_out,
Ruby,large,junegunn-fzf.git,a00df93e13280784ba6ba53a61f80509d3d0845a,test/test_shell_integration.rb,1100,1105,2205,34805,34958,9288,9337,timed_out,
Ruby,large,junegunn-fzf.git,b5f72215803d5b3d03484ac95a7767d2c7c2ef8c,test/test_core.rb,2662,2686,5348,97611,98719,26929,27150,timed_out,
Ruby,large,mastodon-mastodon.git,15dbf8040e2c922eb61276367cf2080adab40cde,app/lib/signed_request.rb,271,271,542,11188,11206,2295,2295,timed_out,
Ruby,large,mastodon-mastodon.git,15dbf8040e2c922eb61276367cf2080adab40cde,app/services/activitypub/process_account_service.rb,400,427,827,13902,15127,3435,3711,timed_out,
Ruby,large,mastodon-mastodon.git,15dbf8040e2c922eb61276367cf2080adab40cde,db/schema.rb,1672,1687,3359,83804,84387,24067,24270,timed_out,
Ruby,large,mastodon-mastodon.git,15dbf8040e2c922eb61276367cf2080adab40cde,spec/services/activitypub/process_account_service_spec.rb,382,485,867,12014,15593,2965,3972,timed_out,
Ruby,large,mastodon-mastodon.git,664efcf4c3f9713894054fb642a252d8752a4123,spec/controllers/settings/imports_controller_spec.rb,291,295,586,9754,10030,2671,2719,timed_out,
Ruby,large,mastodon-mastodon.git,b399dc3191552d9bb50f5435b43cd7bc39332111,spec/models/account_spec.rb,841,826,1667,28283,27732,7573,7384,timed_out,
Ruby,medium,Homebrew-brew.git,0ca48d8cd0dc15e3af4a7f46f82bb8df6e6fd2ac,Library/Homebrew/services/commands/list.rb,90,91,181,3372,3402,943,953,timed_out,
Ruby,medium,Homebrew-brew.git,0ca48d8cd0dc15e3af4a7f46f82bb8df6e6fd2ac,Library/Homebrew/test/bundle/brew_services_spec.rb,134,139,273,5012,5200,1360,1419,timed_out,
Ruby,medium,Homebrew-brew.git,0ca48d8cd0dc15e3af4a7f46f82bb8df6e6fd2ac,Library/Homebrew/test/services/commands/list_spec.rb,141,148,289,4850,5102,1418,1494,timed_out,
Ruby,medium,Homebrew-brew.git,ac06ea7e41d5ed4bdd9f0db7e097bfd6030e7937,Library/Homebrew/bundle/brew_services.rb,133,132,265,3862,3875,867,880,timed_out,
Ruby,medium,Homebrew-brew.git,ac06ea7e41d5ed4bdd9f0db7e097bfd6030e7937,Library/Homebrew/test/bundle/brew_services_spec.rb,123,134,257,4885,5012,1360,1360,timed_out,
Ruby,medium,jekyll-jekyll.git,3934fc3184f29265fdefc8e8b4b12b91cf0ab65a,lib/jekyll/commands/serve/servlet.rb,206,204,410,6548,6525,1033,1031,timed_out,
Ruby,medium,jekyll-jekyll.git,76982c73c0df37ac79781ec1ef9518e08263a158,lib/jekyll/url.rb,167,173,340,5468,5694,769,783,timed_out,
Ruby,medium,jekyll-jekyll.git,76982c73c0df37ac79781ec1ef9518e08263a158,test/test_url.rb,84,95,179,2724,3114,615,706,timed_out,
Ruby,medium,jekyll-jekyll.git,e91ed76d9757e09c26d3c50ff7ace431ef264787,features/support/helpers.rb,176,157,333,3176,2791,1118,965,timed_out,
Ruby,medium,junegunn-fzf.git,b638ff46fb958c7a731cf8302d5fc72b5021bbe0,test/test_server.rb,62,87,149,2529,3616,740,1059,timed_out,
Ruby,medium,mastodon-mastodon.git,15dbf8040e2c922eb61276367cf2080adab40cde,app/controllers/concerns/signature_verification.rb,133,142,275,4908,5491,950,1063,timed_out,
Ruby,medium,mastodon-mastodon.git,15dbf8040e2c922eb61276367cf2080adab40cde,app/lib/activitypub/linked_data_signature.rb,64,63,127,2236,2234,616,621,timed_out,
Ruby,medium,mastodon-mastodon.git,15dbf8040e2c922eb61276367cf2080adab40cde,app/models/concerns/account/associations.rb,78,79,157,3126,3153,468,472,ok,867.663888
Ruby,medium,mastodon-mastodon.git,15dbf8040e2c922eb61276367cf2080adab40cde,app/services/activitypub/fetch_remote_key_service.rb,63,64,127,2207,2329,529,554,ok,884.489603
Ruby,medium,mastodon-mastodon.git,15dbf8040e2c922eb61276367cf2080adab40cde,spec/lib/activitypub/linked_data_signature_spec.rb,164,164,328,5235,5141,1410,1414,timed_out,
Ruby,medium,mastodon-mastodon.git,15dbf8040e2c922eb61276367cf2080adab40cde,spec/services/activitypub/fetch_remote_key_service_spec.rb,95,95,190,3269,3285,698,704,timed_out,
Ruby,medium,mastodon-mastodon.git,2a4b205c75fa697f436dfbe9f79192fb401485ff,spec/services/revoke_collection_item_service_spec.rb,25,27,52,808,1077,200,264,ok,107.426145
Ruby,medium,mastodon-mastodon.git,5d7682c7ddbf01dc0f6a4d244d215c2904b8e11b,app/controllers/auth/sessions_controller.rb,210,193,403,5517,5016,1132,1015,timed_out,
Ruby,medium,mastodon-mastodon.git,5d7682c7ddbf01dc0f6a4d244d215c2904b8e11b,config/routes.rb,242,244,486,8631,8647,2455,2457,timed_out,
Ruby,medium,mastodon-mastodon.git,5d7682c7ddbf01dc0f6a4d244d215c2904b8e11b,spec/requests/auth/sessions/security_key_options_spec.rb,50,74,124,1605,2379,396,598,timed_out,
Ruby,medium,mastodon-mastodon.git,664efcf4c3f9713894054fb642a252d8752a4123,spec/controllers/admin/export_domain_blocks_controller_spec.rb,75,77,152,2593,2665,705,724,timed_out,
Ruby,medium,mastodon-mastodon.git,664efcf4c3f9713894054fb642a252d8752a4123,spec/requests/admin/export_domain_allows_spec.rb,40,42,82,1048,1120,241,260,ok,162.99032
Ruby,medium,mastodon-mastodon.git,664efcf4c3f9713894054fb642a252d8752a4123,spec/requests/severed_relationships_spec.rb,66,62,128,1993,1817,473,447,ok,757.678136
Ruby,medium,mastodon-mastodon.git,7583d07d3a1e17808424b910e0dffe95a60bce87,app/models/concerns/account/avatar.rb,38,39,77,1513,1527,344,345,ok,386.74709
Ruby,medium,mastodon-mastodon.git,7583d07d3a1e17808424b910e0dffe95a60bce87,app/models/concerns/account/header.rb,39,40,79,1546,1560,338,339,ok,316.304019
Ruby,medium,mastodon-mastodon.git,7583d07d3a1e17808424b910e0dffe95a60bce87,app/serializers/rest/instance_serializer.rb,163,165,328,4884,5044,968,990,timed_out,
Ruby,medium,mastodon-mastodon.git,7583d07d3a1e17808424b910e0dffe95a60bce87,spec/requests/api/v2/instance_spec.rb,94,101,195,2374,2887,484,552,timed_out,
Ruby,medium,mastodon-mastodon.git,84ea8334feedffdc0067a21cb8cb605ff547d37b,app/services/add_account_to_collection_service.rb,42,40,82,1217,1240,203,214,ok,100.77397500000001
Ruby,medium,mastodon-mastodon.git,84ea8334feedffdc0067a21cb8cb605ff547d37b,app/services/create_collection_service.rb,46,47,93,1444,1493,287,298,ok,239.39584299999999
Ruby,medium,mastodon-mastodon.git,84ea8334feedffdc0067a21cb8cb605ff547d37b,spec/services/add_account_to_collection_service_spec.rb,53,56,109,1630,1758,382,403,ok,622.5807249999999
Ruby,medium,mastodon-mastodon.git,84ea8334feedffdc0067a21cb8cb605ff547d37b,spec/services/create_collection_service_spec.rb,111,115,226,3067,3294,772,821,timed_out,
Ruby,medium,mastodon-mastodon.git,a0f6b6d36521723078399953a5451cbbd24c99a1,app/services/activitypub/process_featured_collection_service.rb,59,59,118,1600,1604,412,415,ok,685.5475319999999
Ruby,medium,mastodon-mastodon.git,a0f6b6d36521723078399953a5451cbbd24c99a1,spec/services/activitypub/process_featured_collection_service_spec.rb,108,109,217,3993,4202,982,1026,timed_out,
Ruby,medium,mastodon-mastodon.git,bcead764109bff870cb24628e9bf4c9bbcd25bd9,app/controllers/activitypub/featured_collections_controller.rb,77,79,156,2332,2383,438,445,ok,666.413265
Ruby,medium,mastodon-mastodon.git,bcead764109bff870cb24628e9bf4c9bbcd25bd9,app/serializers/activitypub/featured_collection_serializer.rb,49,53,102,1053,1120,216,225,ok,89.131533
Ruby,medium,mastodon-mastodon.git,bcead764109bff870cb24628e9bf4c9bbcd25bd9,spec/serializers/activitypub/featured_collection_serializer_spec.rb,70,83,153,2436,2790,620,730,timed_out,
Ruby,medium,mastodon-mastodon.git,c9eefd0ae7a141feaac380b65a0031ccddcf1f8b,app/lib/activitypub/activity/feature_request.rb,46,48,94,1371,1474,289,318,ok,331.670001
Ruby,medium,mastodon-mastodon.git,c9eefd0ae7a141feaac380b65a0031ccddcf1f8b,spec/lib/activitypub/activity/feature_request_spec.rb,54,56,110,1724,1894,453,485,ok,876.783789
Ruby,medium,mastodon-mastodon.git,d9db4779cf2c0a4ad19f113c1bec25cab0fe68f7,spec/services/delete_collection_item_service_spec.rb,30,43,73,840,1440,206,342,ok,215.35247900000002
Ruby,small,jekyll-jekyll.git,f07d4f77bc61f2b024d101f84847f9cb050aea5f,lib/jekyll/publisher.rb,23,30,53,471,660,125,172,ok,53.585795
Ruby,small,mastodon-mastodon.git,2a4b205c75fa697f436dfbe9f79192fb401485ff,app/services/revoke_collection_item_service.rb,24,26,50,730,872,112,140,ok,35.418743
Ruby,small,mastodon-mastodon.git,664efcf4c3f9713894054fb642a252d8752a4123,spec/controllers/concerns/settings/export_controller_concern_spec.rb,35,36,71,923,884,218,210,ok,120.409562
Ruby,small,mastodon-mastodon.git,d9db4779cf2c0a4ad19f113c1bec25cab0fe68f7,app/services/delete_collection_item_service.rb,22,25,47,696,777,114,128,ok,28.473755
Swift,large,immich-app-immich.git,a9666d2cef1913ccd065b13b919b1cd4f48f55b1,mobile/ios/Runner/Core/URLSessionManager.swift,278,277,555,10346,10302,2924,2915,timed_out,
Swift,large,nextcloud-desktop.git,b279a24892a619fb26821beff10041c1e225ea24,admin/osx/mac-crafter/Sources/Commands/Build.swift,437,526,963,19231,22929,4414,5090,timed_out,
Swift,large,nextcloud-desktop.git,c447fdbcb49011680602fc9eb2e55006c4aa20e2,admin/osx/mac-crafter/Sources/Utils/Signer.swift,345,351,696,13313,13496,3066,3115,timed_out,
Swift,large,nextcloud-desktop.git,c447fdbcb49011680602fc9eb2e55006c4aa20e2,shell_integration/MacOSX/NextcloudIntegration/FileProviderExt/FileProviderExtension.swift,688,667,1355,27356,26482,5944,5710,timed_out,
Swift,large,nextcloud-ios.git,2182c197852415618729e5d3590ec5dd15b0a01a,iOSClient/AppDelegate.swift,542,539,1081,24011,23805,5653,5603,timed_out,
Swift,large,nextcloud-ios.git,306b400f2bc70cf398d2666f2770e3eee522b6d1,Tests/NextcloudUITests/DownloadLimitUITests.swift,484,484,968,15906,16874,3943,485,timed_out,
Swift,large,nextcloud-ios.git,306b400f2bc70cf398d2666f2770e3eee522b6d1,iOSClient/Data/NCManageDatabase+Metadata.swift,1326,1330,2656,52738,53210,14045,14047,timed_out,
Swift,large,nextcloud-ios.git,375944f6ebeaa22ea01139ed38fee80954c6e745,iOSClient/AppDelegate.swift,536,539,1075,23726,23805,5592,5603,timed_out,
Swift,large,nextcloud-ios.git,42675138b915c2aa65d21d52415776e8ca838607,iOSClient/Main/Collection Common/Cell/NCListCell.swift,539,538,1077,20256,20255,5429,5429,ok,1.562631
Swift,large,nextcloud-ios.git,42675138b915c2aa65d21d52415776e8ca838607,iOSClient/More/NCMore.swift,445,445,890,17826,17823,4355,4355,timed_out,
Swift,large,nextcloud-ios.git,8f924af42585045c6f3ea8b345f3b4d799b44b97,iOSClient/AppDelegate.swift,539,542,1081,23805,24011,5603,5653,timed_out,
Swift,large,nextcloud-ios.git,8f924af42585045c6f3ea8b345f3b4d799b44b97,iOSClient/Data/NCManageDatabase+Account.swift,602,611,1213,25329,25654,6524,6637,timed_out,
Swift,large,nextcloud-ios.git,95df919491606a2d15f0070b7dc31298d2742f04,iOSClient/Data/NCManageDatabase+Metadata.swift,1315,1326,2641,52409,52738,13943,14045,timed_out,
Swift,large,nextcloud-ios.git,95df919491606a2d15f0070b7dc31298d2742f04,iOSClient/Main/Collection Common/Cell/NCCellMain.swift,206,200,406,10725,10602,3463,3417,timed_out,
Swift,large,nextcloud-ios.git,95df919491606a2d15f0070b7dc31298d2742f04,iOSClient/Main/Collection Common/Cell/NCGridCell.swift,346,344,690,12266,12151,3096,3044,timed_out,
Swift,large,nextcloud-ios.git,95df919491606a2d15f0070b7dc31298d2742f04,iOSClient/Main/Collection Common/Cell/NCListCell.swift,538,532,1070,20255,19981,5429,5325,timed_out,
Swift,large,nextcloud-ios.git,95df919491606a2d15f0070b7dc31298d2742f04,iOSClient/Networking/NCNetworking+WebDAV.swift,822,822,1644,44610,44502,10085,10045,timed_out,
Swift,large,nextcloud-ios.git,95df919491606a2d15f0070b7dc31298d2742f04,iOSClient/Networking/NCNetworkingProcess.swift,620,638,1258,24460,25338,5540,5747,timed_out,
Swift,large,nextcloud-ios.git,95df919491606a2d15f0070b7dc31298d2742f04,iOSClient/Select/NCSelect.swift,726,709,1435,33567,33045,8941,8752,timed_out,
Swift,large,nextcloud-ios.git,9efbff8c1c13919a9c4c87bff62a4e817cc95e6d,iOSClient/Utility/NCUtility+Image.swift,393,398,791,20920,21086,6242,6250,timed_out,
Swift,large,nextcloud-ios.git,d894f20be6fd14190c13668e320f12b0607d638d,iOSClient/NCGlobal.swift,424,425,849,19572,19626,3086,3097,timed_out,
Swift,large,nextcloud-ios.git,e1e5e537dadb3817b837f82de3aeb3185a336a9b,iOSClient/Share/Advanced/NCShareCells.swift,281,286,567,11159,11384,3023,3093,timed_out,
Swift,large,nextcloud-ios.git,f52721a79402e2aa07a1e667fb17c1212ac7dc42,File Provider Extension/FileProviderEnumerator.swift,292,292,584,12548,12577,2893,2893,timed_out,
Swift,large,nextcloud-ios.git,f52721a79402e2aa07a1e667fb17c1212ac7dc42,iOSClient/Main/Collection Common/Cell/NCListCell.swift,532,532,1064,19981,19981,5325,5325,timed_out,
Swift,large,swiftlang-swift.git,4b9cb8a32ece8b18b4aad1ada0d6423de1a1046d,test/Concurrency/Runtime/async_stream.swift,1100,497,1597,43136,17927,12842,5571,timed_out,
Swift,large,swiftlang-swift.git,7eb94c9204c22ad4dcc2de6140c8d1ab3c007398,test/Interop/Cxx/class/invalid-members/stdlib-containers-of-incomplete.swift,225,228,453,10627,10737,1462,1464,ok,0.330249
Swift,large,swiftlang-swift.git,7eb94c9204c22ad4dcc2de6140c8d1ab3c007398,test/Reflection/typeref_lowering_packs.swift,309,312,621,22966,23058,318,320,ok,0.09232699999999999
Swift,medium,nextcloud-desktop.git,c447fdbcb49011680602fc9eb2e55006c4aa20e2,shell_integration/MacOSX/NextcloudIntegration/FileProviderExt/FileProviderExtension+NSFileProviderServicing.swift,30,29,59,1254,1222,245,241,ok,49.908603
Swift,medium,nextcloud-desktop.git,c447fdbcb49011680602fc9eb2e55006c4aa20e2,shell_integration/MacOSX/NextcloudIntegration/FileProviderExt/FileProviderExtension+NSXPCListenerDelegate.swift,39,42,81,1519,1661,349,372,ok,165.31896099999997
Swift,medium,nextcloud-ios.git,306b400f2bc70cf398d2666f2770e3eee522b6d1,Tests/NextcloudUITests/AssistantUITests.swift,153,153,306,4752,5058,1526,154,ok,55.563248
Swift,medium,nextcloud-ios.git,306b400f2bc70cf398d2666f2770e3eee522b6d1,Tests/NextcloudUITests/AutoUploadUITests.swift,127,127,254,5393,5647,1190,128,ok,39.436944000000004
Swift,medium,nextcloud-ios.git,95df919491606a2d15f0070b7dc31298d2742f04,Share/NCShareExtension+DataSource.swift,198,185,383,9372,8854,2660,2471,timed_out,
Swift,medium,nextcloud-ios.git,95df919491606a2d15f0070b7dc31298d2742f04,iOSClient/Main/Collection Common/Cell/NCRecommendationsCell.swift,117,117,234,4368,4367,939,939,timed_out,
Swift,medium,nextcloud-ios.git,95df919491606a2d15f0070b7dc31298d2742f04,iOSClient/Main/Collection Common/Section Header Footer/NCSectionFooter.swift,94,122,216,3034,4277,794,842,timed_out,
Swift,medium,nextcloud-ios.git,95df919491606a2d15f0070b7dc31298d2742f04,iOSClient/Trash/Cell/NCTrashCellProtocol.swift,73,54,127,2956,2213,675,656,timed_out,
Swift,medium,nextcloud-ios.git,95df919491606a2d15f0070b7dc31298d2742f04,iOSClient/Trash/Cell/NCTrashGridCell.swift,232,213,445,7637,6896,1524,1505,timed_out,
Swift,medium,nextcloud-ios.git,95df919491606a2d15f0070b7dc31298d2742f04,iOSClient/Trash/Cell/NCTrashListCell.swift,162,141,303,6227,5373,1238,1217,timed_out,
Swift,medium,nextcloud-ios.git,95df919491606a2d15f0070b7dc31298d2742f04,iOSClient/Trash/NCTrash+CollectionView.swift,184,165,349,8481,7743,2030,2011,timed_out,
Swift,medium,nextcloud-ios.git,95df919491606a2d15f0070b7dc31298d2742f04,iOSClient/Trash/NCTrash+Networking.swift,158,141,299,7715,7035,1858,1841,timed_out,
Swift,medium,nextcloud-ios.git,95df919491606a2d15f0070b7dc31298d2742f04,iOSClient/Trash/NCTrash+SelectTabBarDelegate.swift,94,77,171,3079,2389,703,686,timed_out,
Swift,medium,nextcloud-ios.git,95df919491606a2d15f0070b7dc31298d2742f04,iOSClient/Trash/NCTrash.swift,211,190,401,8230,7384,1994,1973,timed_out,
Swift,medium,nextcloud-ios.git,95df919491606a2d15f0070b7dc31298d2742f04,iOSClient/Trash/NCTrashSelectTabBar.swift,162,145,307,5519,4838,1416,1399,timed_out,
Swift,medium,nextcloud-ios.git,d894f20be6fd14190c13668e320f12b0607d638d,iOSClient/Assistant/Chat/NCAssistantChatModel.swift,189,190,379,7310,7457,1797,1819,timed_out,
Swift,medium,nextcloud-ios.git,ddf92256c03781d67a2b403222e9b0f56ba05e01,iOSClient/Main/Collection Common/Cell/UIView+BlurVibrancy.swift,86,59,145,4079,2530,733,390,ok,701.666577
Swift,medium,swiftlang-swift.git,7eb94c9204c22ad4dcc2de6140c8d1ab3c007398,test/Reflection/typeref_decoding_packs.swift,175,178,353,6136,6228,158,160,ok,0.08253300000000001
Swift,medium,swiftlang-swift.git,9a25399f81f455c6f15dbad4cb3b61b1b4e5a8db,test/Sema/strict_access_control.swift,31,31,62,1515,1519,152,152,ok,14.135334
Swift,medium,swiftlang-swift.git,9a25399f81f455c6f15dbad4cb3b61b1b4e5a8db,test/attr/attr_inlinable_strict.swift,40,40,80,1509,1513,335,335,ok,113.06724899999999
Swift,medium,swiftlang-swift.git,9a25399f81f455c6f15dbad4cb3b61b1b4e5a8db,test/decl/protocol/conforms/access_corner_case_strict.swift,114,114,228,2987,2991,515,515,ok,266.119998
Swift,small,swiftlang-swift.git,7eb94c9204c22ad4dcc2de6140c8d1ab3c007398,test/IRGen/availability_android.swift,16,16,32,719,665,46,46,ok,1.049877
TypeScript,large,OpenHands-OpenHands.git,abdc58cd281692751d45f1dcdc77f339055eeae3,frontend/src/i18n/declaration.ts,1217,1244,2461,74501,76586,9722,9938,timed_out,
TypeScript,large,angular-angular.git,eae8f7e30b9f8bebdcdb535bd86260199c34274b,packages/core/test/acceptance/hmr_spec.ts,2240,2475,4715,62130,68873,13945,14878,timed_out,
TypeScript,large,angular-angular.git,eae8f7e30b9f8bebdcdb535bd86260199c34274b,packages/core/test/render3/reactivity_spec.ts,1011,1013,2024,28323,28439,8294,8310,timed_out,
TypeScript,large,angular-angular.git,eae8f7e30b9f8bebdcdb535bd86260199c34274b,packages/platform-browser/animations/async/test/animation_renderer_spec.ts,542,545,1087,17986,18161,5150,5180,timed_out,
TypeScript,large,apache-superset.git,12aca720746d70a13e0f76c24380ef4bdb69118f,superset-frontend/plugins/plugin-chart-echarts/src/Graph/transformProps.ts,379,396,775,10274,10686,2378,2453,timed_out,
TypeScript,large,apache-superset.git,12aca720746d70a13e0f76c24380ef4bdb69118f,superset-frontend/plugins/plugin-chart-echarts/test/MixedTimeseries/transformProps.test.ts,435,498,933,13135,14743,3180,3539,timed_out,
TypeScript,large,excalidraw-excalidraw.git,987173b52f8a889984c3ff98450f24b9e65c70fa,packages/excalidraw/data/restore.ts,1020,1022,2042,31552,31626,6777,6796,timed_out,
TypeScript,large,microsoft-playwright.git,1f2d8798b13178dce3b1841c60fff8b60a77a3db,tests/mcp/http.spec.ts,382,382,764,13563,13611,4441,4453,timed_out,
TypeScript,large,microsoft-playwright.git,56c23302d2617d80cf60871f32cffe0187c4486d,utils/generate_types/overrides-test.d.ts,541,542,1083,23648,23679,7736,7744,ok,18.000344000000002
TypeScript,large,n8n-io-n8n.git,42843d6c72f9e4c0fc3a3f4ab9d91c0b7d761e29,packages/@n8n/backend-common/src/modules/__tests__/module-registry.test.ts,346,348,694,11095,11117,3816,3826,timed_out,
TypeScript,large,puppeteer-puppeteer.git,6f9d9752207d55be0e3b0d10ba9a416a81af4694,packages/puppeteer-core/src/bidi/Input.ts,742,741,1483,16638,16604,5104,5093,timed_out,
TypeScript,large,vercel-next.js.git,df88058f5eaee58771385534d10b5f75b8689f7d,test/e2e/app-dir-export/test/utils.ts,409,401,810,12774,12692,3512,3510,timed_out,
TypeScript,medium,angular-angular.git,eae8f7e30b9f8bebdcdb535bd86260199c34274b,integration/platform-server/projects/ngmodule/src/app/http-transferstate-lazy/http-transfer-state.component.ts,37,38,75,1086,1161,230,241,ok,129.680172
TypeScript,medium,angular-angular.git,eae8f7e30b9f8bebdcdb535bd86260199c34274b,modules/benchmarks/src/largetable/ng2/table.ts,45,46,91,1209,1284,231,242,ok,109.46557899999999
TypeScript,medium,angular-angular.git,eae8f7e30b9f8bebdcdb535bd86260199c34274b,packages/core/test/acceptance/destroy_ref_spec.ts,292,311,603,8364,8896,2263,2338,timed_out,
TypeScript,medium,excalidraw-excalidraw.git,1c292e4936795b8e2ac0b46bbccedf612e060a2b,packages/math/tests/segment.test.ts,21,45,66,685,1211,235,431,ok,607.356169
TypeScript,medium,fatedier-frp.git,38a71a6803eec7040891a006f3d7a01bbfda9856,web/frpc/components.d.ts,53,47,100,3645,3159,998,854,timed_out,
TypeScript,medium,microsoft-playwright.git,1f2d8798b13178dce3b1841c60fff8b60a77a3db,tests/config/remoteServer.ts,173,171,344,5377,5397,1526,1532,timed_out,
TypeScript,medium,microsoft-playwright.git,1f2d8798b13178dce3b1841c60fff8b60a77a3db,tests/library/browsercontext-locale.spec.ts,191,191,382,7522,7585,2633,2656,timed_out,
TypeScript,medium,microsoft-playwright.git,56c23302d2617d80cf60871f32cffe0187c4486d,packages/html-reporter/bundle.ts,54,31,85,1884,951,450,106,ok,154.64619900000002
TypeScript,medium,microsoft-playwright.git,91f8a679b817098853de1ba5b2f428692ac0a4a9,packages/playwright-core/src/client/screencast.ts,45,46,91,1560,1636,381,403,ok,366.41051899999997
TypeScript,medium,mui-material-ui.git,a884702385bc895453f9d8ffb9680a57cf4bf0ed,packages/mui-system/src/cssContainerQueries/cssContainerQueries.ts,118,135,253,3973,4267,1256,1335,timed_out,
TypeScript,medium,n8n-io-n8n.git,cfe1409ededd959be873eec48bcfb043d679f009,packages/testing/playwright/pages/components/CredentialModal.ts,252,252,504,7603,7603,2239,2239,timed_out,
TypeScript,medium,n8n-io-n8n.git,cfe1409ededd959be873eec48bcfb043d679f009,packages/testing/playwright/tests/e2e/nodes/community-nodes.spec.ts,107,105,212,4092,3912,1257,1183,timed_out,
TypeScript,small,Lidarr-Lidarr.git,fcfc60a2763bfb4609b04c2da561bc3b7077016a,frontend/src/Settings/Profiles/Delay/DelayProfiles.css.d.ts,13,14,27,345,370,94,104,ok,9.870197000000001
TypeScript,small,Sonarr-Sonarr.git,5bde9242393b988d8b5f154b0b935f6289af9f6d,frontend/src/Settings/Profiles/Quality/useQualityProfileInUse.ts,24,29,53,644,760,218,242,ok,141.668612
TypeScript,small,angular-angular.git,eae8f7e30b9f8bebdcdb535bd86260199c34274b,integration/platform-server/projects/ngmodule/src/app/app.component.ts,8,9,17,179,254,54,65,ok,3.7744419999999996
TypeScript,small,angular-angular.git,eae8f7e30b9f8bebdcdb535bd86260199c34274b,integration/platform-server/projects/ngmodule/src/app/http-transferstate-lazy-on-init/http-transferstate-lazy-on-init.component.ts,28,29,57,828,903,167,178,ok,45.494690999999996
TypeScript,small,angular-angular.git,eae8f7e30b9f8bebdcdb535bd86260199c34274b,integration/platform-server/projects/standalone/src/app/app.component.ts,11,12,23,292,367,87,98,ok,8.75847
TypeScript,small,angular-angular.git,eae8f7e30b9f8bebdcdb535bd86260199c34274b,modules/playground/src/http/app/http_comp.ts,29,30,59,715,790,159,170,ok,44.945563
TypeScript,small,grafana-grafana.git,429a50a76c3ba11bfb2260c4bd392215337faa46,packages/grafana-api-clients/src/clients/rtkq/folder/v1beta1/index.ts,26,29,55,845,885,224,228,ok,118.76404699999999
TypeScript,small,grafana-grafana.git,c24959fa64971ef341e35bfe1d23e3fa5671dbc8,public/app/features/alerting/unified/api/stateHistoryApi.ts,42,37,79,992,847,303,238,ok,461.190692
TypeScript,small,microsoft-TypeScript.git,206ed1a00ffde637d821bbb3172d1488e3d949e8,tests/cases/compiler/parseAssertEntriesError.ts,25,25,50,935,927,273,273,ok,163.561809
TypeScript,small,microsoft-TypeScript.git,206ed1a00ffde637d821bbb3172d1488e3d949e8,tests/cases/conformance/node/nodeModulesImportTypeModeDeclarationEmit1.ts,25,25,50,932,924,261,261,ok,165.492945
TypeScript,small,puppeteer-puppeteer.git,14685a0e090671eb1d1db2dc9e4ec60117b8cfc3,packages/puppeteer-core/src/revisions.ts,14,14,28,266,266,49,49,ok,4.336615999999999
TypeScript,small,python-cpython.git,2be147e1e75022d66eecb80b46904ed61a7a574f,Platforms/emscripten/browser_test/playwright.config.ts,22,26,48,541,715,152,231,ok,96.23962
TypeScript,xlarge,angular-angular.git,eae8f7e30b9f8bebdcdb535bd86260199c34274b,packages/common/test/directives/ng_optimized_image_spec.ts,2665,2668,5333,113657,113827,24656,24680,timed_out,
TypeScript,xlarge,angular-angular.git,eae8f7e30b9f8bebdcdb535bd86260199c34274b,packages/compiler-cli/test/ngtsc/ngtsc_spec.ts,11488,11508,22996,359344,359920,51294,51385,timed_out,
TypeScript,xlarge,angular-angular.git,eae8f7e30b9f8bebdcdb535bd86260199c34274b,packages/core/test/acceptance/di_spec.ts,6826,7196,14022,214821,228553,54734,56611,timed_out,
TypeScript,xlarge,angular-angular.git,eae8f7e30b9f8bebdcdb535bd86260199c34274b,packages/core/test/legacy_animation/legacy_animation_query_integration_spec.ts,3662,3734,7396,116554,120430,32476,33008,timed_out,
TypeScript,xlarge,nextcloud-desktop.git,7c4756ba374e591efdce554a2886db47e1325077,translations/client_bg.ts,7447,7441,14888,375926,375624,109957,109875,timed_out,
TypeScript,xlarge,nextcloud-desktop.git,7c4756ba374e591efdce554a2886db47e1325077,translations/client_da.ts,7463,7457,14920,348215,347935,110280,110206,timed_out,
TypeScript,xlarge,nextcloud-desktop.git,7c4756ba374e591efdce554a2886db47e1325077,translations/client_en.ts,7373,7367,14740,324997,324704,107996,107916,timed_out,
TypeScript,xlarge,nextcloud-desktop.git,7c4756ba374e591efdce554a2886db47e1325077,translations/client_fa.ts,7445,7439,14884,350897,350603,107076,106996,timed_out,
TypeScript,xlarge,nextcloud-desktop.git,7c4756ba374e591efdce554a2886db47e1325077,translations/client_gl.ts,7466,7460,14926,372145,371834,102613,102528,timed_out,
TypeScript,xlarge,nextcloud-desktop.git,7c4756ba374e591efdce554a2886db47e1325077,translations/client_id.ts,7467,7461,14928,361639,361341,113829,113745,timed_out,
TypeScript,xlarge,nextcloud-desktop.git,7c4756ba374e591efdce554a2886db47e1325077,translations/client_lo.ts,7466,7460,14926,353951,353649,107056,106971,timed_out,
TypeScript,xlarge,nextcloud-desktop.git,7c4756ba374e591efdce554a2886db47e1325077,translations/client_lt_LT.ts,7428,7422,14850,335124,334825,106093,106011,timed_out,
Java,large,Genymobile-scrcpy.git,9cfa5b197a1b94acc7cece4b91c4173c5fe1c181,server/src/main/java/com/genymobile/scrcpy/Workarounds.java,299,296,595,16253,16129,2744,2709,timed_out,
Java,large,protocolbuffers-protobuf.git,bf85e910654985b6538f89270b1a7083fb9cbe70,java/core/src/main/java/com/google/protobuf/SchemaUtil.java,1030,1030,2060,32844,32829,8881,8873,timed_out,
Java,medium,Genymobile-scrcpy.git,5b51396a8c60f2c0d198569b05d589bd34d9ce9c,server/src/main/java/com/genymobile/scrcpy/FakeContext.java,125,127,252,3830,3951,786,801,timed_out,
Java,medium,Genymobile-scrcpy.git,7e66062086aaf085f9315a89f60b170bb105dc72,server/src/main/java/com/genymobile/scrcpy/opengl/OpenGLRunner.java,258,246,504,8887,8568,1989,1926,timed_out,
Java,medium,opencv-opencv.git,1610602884f492b9d82fde3b258b0a4e28573753,modules/highgui/misc/java/src/java/highgui+HighGui.java,188,186,374,5771,5747,1546,1511,timed_out,
Java,medium,protocolbuffers-protobuf.git,06f6808811dc4d9074702eea389a579973354531,java/core/src/main/java/com/google/protobuf/AbstractProtobufList.java,173,178,351,4073,4189,987,1008,timed_out,
Java,medium,protocolbuffers-protobuf.git,f2de306d9527c6e6bd7f4af76e3f66fa6be3f21d,java/core/src/main/java/com/google/protobuf/AbstractProtobufList.java,173,173,346,4067,4073,986,987,timed_out,
